three,one,MW,lambdas,sigmas,q
ARG,R,156.19,0.7249915947715212,0.6559999999999999,1
ASP,D,115.09,0.029182123776349763,0.558,-1
ASN,N,114.1,0.43832729970272843,0.568,0
GLU,E,129.11,0.006100281608649786,0.592,-1
LYS,K,128.17,0.058617173158697924,0.636,1
HIS,H,137.14,0.46519480823469783,0.608,0
GLN,Q,128.13,0.3268188050525212,0.602,0
SER,S,87.08,0.46485701300656046,0.518,0
CYS,C,103.14,0.610362354303913,0.548,0
GLY,G,57.05,0.7012713677972457,0.45,0
THR,T,101.11,0.5379777613307019,0.562,0
ALA,A,71.07,0.0011162643859539204,0.504,0
MET,M,131.2,0.7458993420826714,0.618,0
TYR,Y,163.18,0.9950108229594323,0.646,0
VAL,V,99.13,0.41850068525598694,0.5860000000000001,0
TRP,W,186.22,0.9844235478393931,0.678,0
LEU,L,113.16,0.5563020305733198,0.618,0
ILE,I,113.16,0.6075268330845265,0.618,0
PRO,P,97.12,0.37296418535993475,0.5559999999999999,0
PHE,F,147.18,0.9216959832175945,0.636,0
