NM1,NM2,NM3,RMSD
-0.0213106973848729,-0.028198282798968462,0.12379621480830623,2.0119715979717703
-0.026741359505305082,-0.07183520088871928,0.14829537853626817,2.269037746824425
-0.08059226758882329,-0.028825292384827977,0.12342094441700983,2.0659241129720316
-0.0585992150320102,-0.02362311043352639,0.07617826604467781,1.8198989527359466
-0.050143067986178236,-0.021430794186090854,0.055797332255598686,1.7932799638153536
-0.08660946475037201,-0.016497596357583747,0.048544032255333915,1.8025789981390983
-0.07751864396582415,0.01963398007376495,0.021661392695470367,1.7333344354507627
-0.11153321383009644,0.016024942213985323,0.05826438501269456,1.8868293816162893
-0.11618015487277461,0.009467204493802147,0.032971619233038624,1.891795526279236
-0.13238874832239758,0.03128826037209914,0.026548916656016084,1.9218533006934435
-0.09165505245258501,0.019393509647669564,0.07873802466095887,1.8722174102864382
-0.09557345486201964,0.03106065710378351,-0.006464299181047692,1.7945798738038476
-0.08342437389609923,0.02675529432369311,0.022570868077012727,1.6707053679248096
-0.09213147022464195,0.04648377900185871,0.02467677221051573,1.8055159280785968
-0.11382886516428077,0.007411682314221268,0.08843525230132218,2.1995647482693435
-0.1182443644417911,0.01218196093651504,0.09360974868446442,2.2787779911384995
-0.04048647178166734,0.03633951350967666,0.10725031496349459,2.0693089087304952
-0.04364456789214799,0.060832186461417095,0.05380920201687133,1.8587748372525037
-0.029015961264728534,-0.021690645879632903,0.09372741969421132,1.9729271249420905
-0.009098179396875926,-0.014963286667117496,0.1250005504571513,2.144106367568308
-0.0853018741915996,-0.005385363003988844,0.11080682567591553,2.3512624739614605
-0.04695048179910605,-0.012531310952032368,0.09629315000121476,2.0722876004042723
-0.02149074724645147,0.006077009439132764,0.11682961096692664,2.0073545212150457
-0.033622618174968144,-0.026277443431463463,0.1402257097999922,2.2909292110048702
-0.01122189566335104,-0.016114747443334534,0.121657397438714,2.0048264695313733
-0.021525124260525743,-0.020165079581136273,0.09340260102926162,1.8801141151061074
-0.05233072321658671,-0.026948683418716268,0.12072338091506384,2.1176283528085342
-0.018306925968838223,-0.031074504678398018,0.09463598368366503,1.9881321251504533
-0.05460287509879372,-0.008024329047077536,0.07403235120259036,1.9195658815178522
-0.04890394343742417,-0.0076143464589740525,0.08470541072299329,1.8484690756741349
-0.05563171599355888,-0.006072918002440453,0.1250779185733627,2.118301414714751
-0.040426581875916856,-0.03659572705320604,0.10082018532024888,1.99695316154638
-0.029904590339372452,-0.033300943131855,0.14569629699254952,2.386575625192613
-0.06299133030318213,0.0019408442838075547,0.143899530778619,2.409057470663066
-0.08308392841529401,-0.020895156175595713,0.12966880255249771,2.306112760995909
-0.13469864154900918,-0.04284510278934104,0.13234232117477832,2.5090630004460537
-0.06672000226736925,-0.041303102159714986,0.11349173703357764,2.106248253428286
-0.06049107154180307,-0.03480337962796078,0.17874337898096862,2.453889708545036
-0.0435613055252761,-0.023932966651741865,0.13681865914681185,2.2277869705829945
-0.09202835700571019,0.0021579539094478766,0.12902087682096405,2.3107725611985424
-0.11126091424086526,-0.017346927286602098,0.09513044109818525,2.153873892007452
-0.058247589045749906,-0.01622927074047249,0.15821885602059327,2.2792493944299728
-0.023274459689624695,-0.017582279256381315,0.17618977490628454,2.411407278456206
0.025161806429118968,-0.013834465505906222,0.1830121065295638,2.5437887476270418
-0.050077545738326686,-0.03110380867761567,0.11307971692010402,2.0101992180375667
-0.025451877494726105,0.006905588380310038,0.11482031416842983,1.935496475579191
0.0032295251000808317,0.013131554045863822,0.15881756506689576,2.2926069964223896
0.01288055955850761,-0.002153903670161529,0.14246811680547425,2.2017452385206093
0.06242883780038915,-0.04212489151106873,0.1771770594209762,2.6639778262662515
-0.000392422192848924,-0.013177526371061623,0.1644920137450739,2.4341543201840694
-0.03059005501074462,-0.016908329260676997,0.1427749792053046,2.18818265047615
-0.014424482528649125,-0.014094062586811373,0.19875935523040897,2.7699468675475396
-0.06805853302936335,-0.0385907162063956,0.17501517232559888,2.538703608081605
-0.02957698270522524,-0.011168538879435067,0.19140584974223604,2.614909511786869
-0.054728824662583615,-0.006185761002954644,0.1417622204867266,2.2143305660103714
-0.04218953393292849,-0.049386840483220534,0.17005268021444955,2.486404227210605
-0.08163208171689502,-0.03283732049613473,0.1426794646836344,2.4180359577814072
-0.05508465194608926,-0.009811614160176606,0.11611300562581556,2.0925083374729687
-0.07357228452645655,0.016403473821445864,0.10491891430372112,2.0250046311932106
-0.06089238827221091,-0.024819761648926984,0.13680953718911676,2.26729607485528
-0.06918112522343332,-0.01668876705600513,0.13821241580853702,2.364158391611798
-0.1150273692131352,-0.0333301095680332,0.1512074480798296,2.633809486369406
-0.08264018294071132,-0.02469626506215227,0.16407796938996547,2.66155713030958
-0.07426622038654784,-0.03546644877819534,0.15378610106671936,2.5127453136113065
-0.10495845638114946,-0.03600830949600714,0.2059635558484882,3.053177077053534
-0.049670876782524034,-0.06728836035846483,0.18897896239011824,2.7770823433539418
-0.0729837024375582,-0.0028387348374002996,0.20135671362625324,3.009450505257267
-0.14695338968214708,-0.01770388283232952,0.16930219745540476,3.07614526298386
-0.11695016040775477,-0.02028535195000179,0.1412495772881731,2.6876273965788076
-0.06201511967264559,-0.014272109711717024,0.17717888256066613,2.8003435973292294
-0.06887613315389017,-0.004878468165532114,0.17952174659912587,2.5654224945061377
-0.029070933078281656,-0.026812271282884527,0.16271157446495618,2.3881505680370165
-0.07678705316620782,-0.021867529448982966,0.15778068599681855,2.5801535040416965
-0.08660595766004217,0.04742572734563452,0.1020882922731125,2.2464184750532468
-0.060619267530354466,0.05529160400610519,0.1308773611686603,2.3603477901200582
-0.05013289543002275,0.0011575520937023305,0.13034079815471455,2.2672485192483687
-0.10605244502008623,0.040270720121768494,0.12845574181495897,2.4714795148060356
-0.04845630375524431,0.025178474004614124,0.11759219805882888,2.176308487349953
-0.025308922619261178,0.029022879688792018,0.09260742102217613,1.9245777950899055
-0.0591163279583875,0.06291857267160407,0.08030736595251335,1.9792951225760718
-0.04388313125530286,0.05108395887868511,0.09327722865122552,1.9488236814595712
-0.0553559608047194,0.02466847984727145,0.1361097750950343,2.389486047558176
-0.08338479390402921,0.02936922005765042,0.07973754282157873,2.0698991264406907
-0.05380733423448037,0.055292152478868796,0.08501473505723643,1.9397654132593705
-0.0626457376279426,0.026923952598578417,0.08126607112582061,1.9686709488466168
-0.03193849881088804,0.03741265532053699,0.11879142252881154,1.959047833413858
-0.048247073057774495,0.05194680933963268,0.08601214015120086,2.1989657670731884
-0.017735532318436845,0.027230745962000764,0.10749833433904227,2.0445030766805234
-0.06787013881447276,0.06998010255396395,0.08034389518015733,2.098651247054367
-0.0689647843218899,0.04882122093154319,0.131060709404844,2.3500617566533957
-0.11592692090029252,0.06072485518107636,0.16328221045940422,2.8615757453445276
-0.07093620610341837,0.03000805585845319,0.1402083109663021,2.407123037950789
-0.09197873412590717,0.0376902531252904,0.1372156181748946,2.2901764986513156
-0.0878334633323988,0.05862638251307753,0.08101627156543992,2.0406846203907434
0.0016073441157466084,0.053670050137818566,0.1399238565899542,2.226404600503332
-0.06787646062933518,0.06592543673220375,0.10915047405130365,2.284594110482239
-0.051234629270129305,0.05531931003836407,0.09970533166921011,1.9797585849375943
-0.06230449107673478,0.04178520576947793,0.05178273029149441,1.732701995587692
-0.027916422791037794,0.06376320923439936,0.018468658668157525,1.6829097748215387
-0.06573217729452484,0.05083039400315939,0.04715377496203848,1.7211372390618247
-0.021528682537840915,0.035422303851816606,0.05380248681527516,1.6386587051720067
-0.010423583131757204,0.03177160974902263,0.013114554851060795,1.5097830766157656
-0.022152309563516888,0.045823120187024925,0.0672648938558332,1.7494154574300154
-0.012785717213489091,0.08213712501305433,0.04969445610899319,1.8430491522012808
-0.05656763145353454,0.03395082635216169,0.08967792756968951,1.956035217683189
-0.04732483668764503,0.03298389703131737,0.08171713244201531,1.9208761452651613
-0.0799643775275104,0.0700601141890163,0.054311815236034476,1.9492986295114425
-0.043232302248521585,0.07351816262801343,0.08504838976906763,1.851219034778768
0.008201827154040607,0.06313017701928102,0.06287040981582834,1.7281249567144201
-0.07283165705449204,0.08078437277050497,0.031807436202254895,1.8484993945122137
0.0020973929669682555,0.023109314871126076,0.06341003572967194,1.6133089405321939
-0.027225731884606894,0.019852100591320445,0.09018932875454487,1.9274062311319193
-0.09973292634548939,0.030994581907867517,0.0891554054602702,2.1637070044369606
-0.01874466828470517,0.05029865395142782,0.08594345724457246,1.8963886849776013
0.014872227147843276,0.045552022127924224,0.09440128509795466,2.0158060350382985
0.0032417765480672336,0.030456739703217772,0.03816840320915469,1.7562288278643126
0.018742108283059045,0.046620863325329255,0.05977829962147726,1.79280955799283
0.0038999508288920827,0.07392587442244644,0.08058170339835721,1.8781029456482305
0.016158391393981734,0.059275783658891544,0.07482179006416437,1.911458189025523
-0.02571525702441299,0.07921369570688593,0.07101738276044504,2.072836609296248
-0.05444484214054918,0.08380910157467385,0.06582491485681907,2.111005098976844
-0.027798053738751174,0.07926477134614437,0.0633119343384142,1.9245413758450989
-0.03843011865007164,0.07367273260617785,0.035961965513230325,1.8523921605276141
-0.03971858130307335,0.08317312618400852,-0.0013048312516981933,1.8136923865849908
-0.019465235022307906,0.07354074743211628,0.03548176825999261,1.8603019518833666
-0.04493814955528535,0.07148025249957383,0.043078172145881825,1.8668856836387953
-0.034318514445436335,0.08393617307615046,0.010456365813205734,1.8629251913385698
-0.024745156445458966,0.07257830465576653,0.031127859907624827,1.8521488178102834
0.008929609285187384,0.05352721885810952,0.049401145126104835,1.7420138018682412
-0.08594035805727064,0.03854411440797768,0.015151198151247795,1.8355704357984928
-0.048109112694596626,0.04087921287126906,0.010744529704596424,1.6054031360534515
0.007848290572975944,0.053764134055566855,0.019791922194645754,1.6342278091547466
0.016927584698510377,0.03415058000941762,0.01276075309466225,1.7363966823176273
-0.038098245350366725,0.048996400844604056,0.012195471229470949,1.7196907068931364
-0.004994101764796128,0.03954718941200725,0.016778190168222223,1.762941456615987
-0.03714606900092222,0.05916692277653531,0.024805075410438887,1.767997642798343
-0.02402909633543803,0.08369799174060316,0.031262632839619206,1.7789664103739173
-0.013693312644799619,0.0463260256663407,0.01798729888916175,1.685867009137357
-0.025425575116302626,0.06661846115641681,0.009324429938809468,1.7101883530948738
-0.011414592357781465,0.05159833561336917,0.08253373788973176,1.7991692252614069
-0.019897051290715388,0.07189470621686574,0.01824383474152948,1.6516449770636585
-0.017777049821715175,0.046559393415490674,0.06985455288194325,1.724608395912985
-0.005406097868671075,0.046279157140740865,0.07948135433877838,1.7413081581315222
-0.035789441521322025,0.05543079516033432,0.06289036989173624,1.6607863479860707
-0.03503711386920945,0.08095645333333704,0.03680908547074292,1.8326053686223325
-0.07318725997859318,0.07783143382567144,0.059320532980124734,1.8981694407178475
-0.0449243294089946,0.061558321565035524,0.02032538469508597,1.7533141121824778
-0.04363531770368348,0.043293147749478685,0.018936755225122028,1.7050702431268514
-0.03765902159027409,0.05490225263019165,0.08308011145080887,1.984201022875368
-0.02976314384406836,0.05216717906142517,0.12588007583691604,2.1947914993289115
-0.0017866945687507441,0.03321492999875819,0.0843983870123851,1.8040722506864957
-0.0475535942382749,0.06217858986214911,0.07534062393040539,2.023159844861898
-0.03482960174692237,0.08448876687100416,0.08063221592816663,2.0648409152961587
-0.01851376306109166,0.07497837876865088,0.07858924891667966,2.023687663468279
0.013510532079039954,0.0808895557753054,0.07751574253792404,2.015607644264972
0.010489356490292224,0.01255024774124876,0.06711660415721618,1.8328035430380871
-7.43988180960904e-05,0.05205098836829599,0.10188278577611828,2.009641010287901
-0.02571630751531533,0.051888543098047,0.07364294736353712,1.8246433655122862
0.004856920562091485,0.06605900948833807,0.10878238586164916,2.034287812373783
-0.027515064666180693,0.058531189103049545,0.040794691620221965,1.680087036716462
-0.04586249261727285,0.05810960538776746,0.001150034110572941,1.6782826852593378
-0.06770913362030782,0.07621248146482919,0.018848055050726373,1.8439621995131719
-0.05475715339200798,0.060448201697017236,-0.0064793081841914065,1.7259468637213122
-0.04881501721464711,0.047424326446301956,0.029259051749430193,1.712119546120359
-0.003530567216309879,0.05798340392363048,0.006212095302278785,1.5681759946220435
-0.04490119353370137,0.061724512035459415,0.014882901812683123,1.6867006506528868
-0.08629987775060131,0.05025719994622821,0.016448907565640214,1.7385683465529422
0.01080758037645571,0.06487327673655105,0.0006760011943571183,1.5951806809032754
-0.013855383479674514,0.048939073998311634,0.04608946088720957,1.7560783093120367
0.012010169021384553,0.005195184633494861,0.06183291803726683,1.6627652942037618
0.01494798490102732,0.018592414890495013,0.05400370967075488,1.6910993765228366
0.016621540031487938,0.02937095426049673,0.0609513851534803,1.836678455176405
-0.0657165008808342,0.07602788461620841,0.07948584147658538,2.0733798617065453
-0.009898292704314086,0.03108259616895981,0.07976468126190471,1.884820986650524
-0.011606803706746167,0.03395169860240508,0.08748006679811525,1.8529185627161808
-0.006485964546477024,0.027149753539074492,0.10026320915901288,1.8451218892294485
-0.008358188886721558,0.015281614572033754,0.11124421156132593,1.9410037966773557
-0.015947796254108,0.02037999060128599,0.08553537045189995,1.8196682784391136
-0.006223057596904978,0.038575609997371724,0.06693613386371836,1.7911817011779316
-0.018582623727418736,0.01408117219208945,0.10236839800663129,1.862017322669023
-0.024035054416002295,0.018738618431452327,0.08972267046677405,1.8811564386182287
-0.01859697985767529,0.0011132413462733553,0.08106812289894827,1.826779643165861
0.014787925598396635,0.028859409154270543,0.09200688859068448,1.8181690393024137
0.037482082755914796,0.028661553211683878,0.12489004354826723,2.075991883620014
0.0039001850251595576,0.03565575487754082,0.15152603310778642,2.3305124438620943
-0.014705067785647211,0.05399927516607599,0.10573087870905072,2.1508825347417115
-0.0075172847914370304,0.05353233476829717,0.10784341839339155,2.1521925553005947
-0.030318352861569902,0.07738636465742915,0.10791741221506745,2.055516983270187
-0.025272257037929943,0.01886726210468868,0.10843802814308014,2.1425910049927928
-0.03611489865415106,0.022111719370099318,0.13380596867687802,2.307806465488159
-0.0012710090069048736,0.05920129680502447,0.08118261376512288,2.1552547334154775
-0.007099011027383694,0.03767500602196824,0.0825838331973391,1.863507375386466
-0.02017986530509047,0.022737387932271348,0.058661552288773934,1.7917787007862502
-0.01220943162097309,0.006383087514073551,0.07426167510777903,1.8079800109629336
-0.025086789963216064,0.018015654025313233,0.11356833122314286,2.10153082952726
0.0058801721253854515,0.012864675001530672,0.13899511369135997,2.362038689088184
0.029645599805688757,0.014515355737975787,0.12212759044429519,2.225030021383468
0.00668693769747946,0.07388802332324158,0.15914414855072442,2.411133885168245
0.007893478976473514,0.019279020468140614,0.09626001839301791,2.03830898674933
-0.040179950732690935,0.07846365002717956,0.09438086613560637,2.123712958351929
0.008216762374734923,0.04237660932112056,0.11823256138928026,1.9796477183631715
-0.006041142640768633,0.06440313275688739,0.1452499670858294,2.3856914423442865
-0.028460066963472846,0.044966268266286226,0.14699537119166264,2.3652016141059784
-0.07323689142100555,0.007738679694304719,0.17163353417669913,2.629767352614187
-0.07499710554076595,0.049416577456655106,0.1554147555117695,2.570673861995123
-0.006296139449100371,0.05184319456646858,0.09024735115656617,1.9403606793501036
-0.0735277157591171,0.06117322597682949,0.13492695165463017,2.4250995361911403
-0.04646709624034614,0.01681154260701637,0.08702998334507178,2.0230926811996706
-0.00017538024337999483,0.02171865950782971,0.09347431803873621,1.8953977357605745
-0.007576744073164148,0.05115914456432969,0.10979188287861742,2.0342147273578512
0.013481867546582007,0.062442290508000056,0.10205564058367145,1.9653958195991208
0.029032695613596893,0.06734894799365942,0.08648577166685671,1.8474858463861876
-0.028225376951240572,0.04880561736477308,0.10836719515223507,2.0260139799126753
0.008840321263769576,0.052946941111289676,0.08307329145631377,1.9741250647421138
-0.021366499563867075,0.057026033582799895,0.0916360138362502,1.959466275570072
0.023076049675843393,0.0309774154699769,0.06262156338087228,1.797907198947139
-0.015611317225772884,0.04490253458536701,0.07406003064143708,1.7795162759921583
-0.0017581846047169678,0.05712612276587201,0.1259029983106481,2.185807393607931
-0.022187741359845733,0.0766696244115439,0.09993725788286345,2.066565719673587
-0.018250805356570463,0.04716908176828736,0.11095673689901549,2.123928093480035
-0.027803883353694558,0.04535844808284342,0.11163855665160417,2.0921745808966206
-0.0006016984418937228,0.05631472537421804,0.04106835688197568,1.6956872713930395
0.0036805133850090605,0.04327571141836527,0.018879906781697625,1.678018107314317
0.0025361507452547074,0.05408065957432583,0.023661142001888652,1.7203563291864559
-0.05931366775592628,0.06694838370584581,-0.012501555686059585,1.6595116775457215
-0.035052305590056065,0.06284231120403302,0.05279425092962549,1.6776072422609967
0.011979677540149046,0.05654510477506413,0.04985469670526237,1.6712757494538064
0.00980947391390241,0.050154913335402146,0.003250397058820648,1.6348585818528198
0.021213581623765385,0.034234120686603926,0.029335475915475095,1.6308685030311578
0.02316958988823209,0.04732364815767695,0.051233887727439184,1.6564744010416428
0.015007291025207472,0.05542156344487183,0.0035544285388725183,1.617833145386327
0.01064530628359068,0.05000020215415683,0.04286156198372913,1.7263012112187015
0.02234572816223564,0.03773568685461275,0.022065042718429878,1.711636189619868
0.009991022016722431,0.022821035089862943,0.0602276170302319,1.9159298807926153
-0.011581876512932484,0.04283839517858584,0.0013863805904090136,1.6931311597013023
0.021042267115293247,0.06626798401660793,-0.012004847822382862,1.6838615914137411
0.029664664745081826,0.06633461294613806,0.014296977406538658,1.7462442974522114
0.005586602356913884,0.056265598730928304,0.0073190052694501705,1.693475863835366
0.003999899313680495,0.06915427233872844,-0.05021885548799222,1.8001938640385289
-0.02845772154605324,0.07932826660665224,-0.04608565712621505,1.8470958528127763
-0.018064770974549227,0.06942209460000077,-0.03593355423167807,1.6583999915627388
-0.015636283521235875,0.05216145831809746,0.0050756975810029884,1.6845709004854703
0.0030421757428042736,0.07523413076310312,-0.03130469034797287,1.7458700040046298
-0.011054302424190502,0.04412492407055135,-0.007164868307179509,1.548277605533381
-0.0364958753746749,0.08453023195541823,-0.007353153717901509,1.809118585695046
-0.019590044981734812,0.06855201902105124,0.0029216026995999207,1.7244936897186105
0.01122646932717326,0.023747781247536643,-0.013970176308712797,1.6469187962234537
-0.03258359074560319,0.05703744800251944,0.06756261182821412,1.846287118033672
-0.032666828132215504,0.057215237609276805,0.0654669182737658,1.9792266595008885
0.03593382642517293,0.06672259866175458,0.03253579835182724,1.8183661807006983
-0.04760013228042359,0.07322580228549941,0.07275074628031879,1.9068474238172335
-0.02909748764247984,0.07298640877320584,0.05123060092092318,1.8595314833236047
-0.052129284330889356,0.0454547570814634,0.08079378545648175,1.9562975040635695
-0.08563029930568226,0.05239289634189204,0.05310452965071675,1.9322893885922692
-0.05486055603596777,0.08188556103942539,0.09787042598749783,2.193195976601039
-0.07373632750796291,0.05663094093772854,0.11824302895005258,2.4135850632268467
-0.019176430772919018,0.04260855387446789,0.06522963406666764,1.9162027536503732
0.01650543936181467,0.05444323198149724,0.03072414778018153,1.8881723731535776
0.009227184238050723,0.04985725232154144,0.09850577318590434,2.0052457445808
0.03376228699752318,0.06699229386707693,0.038171952214108094,1.9246444221550134
0.01671803959182872,0.0828012058397949,0.05128561834422786,1.9710634624163021
0.02381997589746246,0.0827298193532195,0.0991426093081434,2.108464622336078
0.038730821426534945,0.08893263069437617,0.09425688339205246,2.164861087116721
0.005019585938912334,0.0930994759229944,0.061463267781171664,2.029528345441242
0.04974583111935047,0.03541597043803266,0.06333824987237645,1.9528562202984352
0.07132905180014465,0.03580380609423197,0.08165394107671169,2.022287300550133
0.033471588702856624,0.06521493506811758,0.05369341956746009,1.8762238035443137
0.011633879273426422,0.03838134057120547,0.04411172341056297,1.8004840674196376
0.0031505730185299044,0.042658477344366175,0.05095866876345239,1.7664036045446192
0.07204339027680418,0.043424742842383256,0.04529232913284288,2.003004693628986
0.021736923174738423,0.04852425447781525,0.07629476660399757,1.9849039818846885
-0.009513713534193816,0.04376082968267733,0.08769858769482404,2.0423986570696426
-0.06232394767774685,0.06879030614481206,0.06866153882950309,2.1974340993424484
-0.07642702650283226,0.06826063574562427,0.09888734524519413,2.3382790404225235
-0.01981773908560562,0.028973489994345465,0.11937349659557722,2.218627112120087
0.027004794794459684,0.033602306750402294,0.1073934260357855,2.145284358153551
-0.006635513355728128,0.026117999145978597,0.15132592812312698,2.410792488271394
0.020252787876992643,-0.004284246918421904,0.13800921350773215,2.266869868086101
0.014809739215867881,0.0061575213306678525,0.15415224778808825,2.384076854128663
0.033110813038368804,0.018851524231193798,0.14427320697694201,2.3470740528119296
-0.005311824280544034,0.028517110676213302,0.12992838539448875,2.198334373570368
0.007340719420146998,0.0015629921092073745,0.16996952094605186,2.4352058360240223
0.0011513848747046508,-0.00482803701850688,0.15096327425618064,2.2858187761555406
0.00893304644757486,-0.03330483092180801,0.15079381176741535,2.4399830452639093
0.05147276660420183,0.02437026031720521,0.12933542055858996,2.2298767171656686
0.04251473366800186,0.023271696336341952,0.09792884162235636,2.2379339399532485
-0.03061319857250592,0.02168713962434816,0.08507018564123742,2.1444089885274176
0.02357156852936337,0.007388427117981074,0.09123806417855405,2.123531838969053
0.020785057218707475,0.019590898163266427,0.09535553306522893,2.090077071667042
0.057904456733830316,-0.0029392772691464956,0.0932553604936056,2.211212963172335
0.03574512846332021,0.02179152175988283,0.11001963053067536,2.3583597702028727
0.0495869130050791,-0.0044962098642360926,0.1567594019926875,2.631464413562954
0.06519874126872799,0.007927591841987314,0.14940769655756667,2.6296569392554923
0.061524849181280206,0.0014278504666057272,0.1993179068789173,2.8651254363330403
0.06771527869690709,-0.005090924174611162,0.18281618218315748,2.7290123969347286
0.035109304339104364,-0.00037833099378177304,0.15828753577964544,2.613538155045179
0.03277156204177258,-0.011245217522455095,0.1564709354677136,2.627092818649703
0.03614493677052738,-0.00015997723549635023,0.17079811191211533,2.4418003202711933
0.040000411852380985,0.00957152393390173,0.16073034721171017,2.5046011607815886
0.0691522905713106,0.006266345702050214,0.15566494306967094,2.5252506041799028
0.03527566500759412,-0.026767715401775548,0.15220328943170292,2.458497034614729
0.03430468230776584,-0.019357342688928837,0.19448241462331797,2.664282194486642
-0.006132222778413238,0.0003191123841016421,0.15390712841692325,2.402441850836331
0.025255439624417134,-0.01282239544629148,0.16049264267903843,2.3808528555921677
0.03772185916481366,0.00941531206937269,0.18827227834566554,2.7223520466525497
-0.007109856080753985,-0.033627411209518725,0.16728129358120106,2.554082179183078
0.036150385158852834,-0.01542539258283169,0.15541583741329754,2.4455411549917887
0.030835762983723924,-0.0093785121381326,0.15583040003161355,2.499057423849319
0.06323245795017303,-0.03441546826974844,0.18308714775388069,2.8273685368165924
0.060717465529635604,-0.04814973237360104,0.15900213622195752,2.4626545185638933
0.017744548486949164,0.00960129294432998,0.15946363305632627,2.470486944113025
0.03323462868232109,-0.026280747913098416,0.19174283597943356,2.8157197990546683
0.03886249721305641,-0.031642146085498694,0.22633480605807982,2.815334177548168
-0.003728571727139963,-0.008420217312001443,0.19205337068652442,2.6303646170354362
-0.048480784120045695,0.018885719859077055,0.1277748121832923,2.3242529821089106
-0.035005557461634876,0.015653116616838877,0.14556076607236149,2.360299980103332
-0.09014326794468021,0.006587042324118964,0.12948715734446586,2.438087657842301
-0.030006927016560075,0.03565743313019003,0.12627052441548564,2.502474475951661
-0.03876176509483876,0.03125661327439933,0.11875359160576357,2.265423702571284
-0.010921298986094967,0.04646903235655616,0.14228367633427308,2.4584433341162564
-0.03517001500794167,0.04901581059840797,0.12458330996393396,2.4310859417973054
-0.1009403370433916,0.04719814526795971,0.09580655046105752,2.564043541778567
-0.09125973138607717,0.054084606098434115,0.13242317611586893,2.6057872969673808
-0.08833613737629761,0.06962979900127055,0.10876668061760268,2.488166636539005
-0.049309400700920145,0.047298344671879024,0.11462875868356337,2.2991360760881454
-0.07047505601721551,0.02249641218747902,0.11719590924353865,2.531098862539191
-0.06803375282188712,0.03443977275097112,0.10259805088524576,2.335222794393312
-0.03144684371542667,-0.00021813228909680802,0.1469779638660363,2.603242322822041
-0.03813485345732225,0.021432002238259206,0.17546072277734637,2.8441813765156985
-0.05236692023338656,0.02873352886948182,0.12325622731750112,2.4420387408145525
-0.030107309733502587,0.006716192474961141,0.11398595775835688,2.3003993447420577
-0.011259163146696229,0.035894846931180634,0.1082915959717926,2.2479889025307456
-0.023499181404563828,0.056030904156447355,0.1016600076086213,2.2426864144317946
-0.03995235767301692,0.08472039167474278,0.12089456377726672,2.4913520044879847
-0.08192191719011398,0.05780983637572997,0.12432314543659655,2.418484669804533
-0.02830440510899883,0.07116493184861358,0.09449578918481351,2.2974207142443444
-0.02162359538083926,0.035420077104950216,0.15654679557136342,2.469546839493933
-0.0629257663767315,0.03178408542822905,0.1315364312581089,2.468907881084839
-0.03382477518858354,-0.010028621372105636,0.15175029856733452,2.4262332976458643
-0.033720454516744394,0.0259557387874045,0.11943860574107096,2.3976718089558164
0.013958529141560948,0.031372827837915444,0.13979864475682738,2.2949467366006133
-0.00816044428338889,0.011511027585069259,0.16042187150486314,2.4125284276529086
0.002402826452761022,-0.008591540007215005,0.14646734188200258,2.4938460924902337
-0.013482418805322801,0.017445623643158912,0.13162776947509924,2.4911449853844347
0.004988109562631785,-0.005908442505312469,0.16853856220531468,2.7103535064569124
-0.03992656518450125,-0.013723354643627663,0.1480500871134931,2.486197200255826
-0.016505659258171552,0.01044392339931145,0.09584672699583931,2.187789504055036
-0.05999307329434876,-0.008206926276039212,0.14390334967602106,2.551306513985686
-0.04253298769313125,0.020721188530510998,0.17901381817674994,2.7455574828143905
-0.05869360142861494,0.03428632937787384,0.15588691883721742,2.7354462889064513
-0.029021244040575284,-0.015049762018797068,0.1557120974464789,2.675486957528824
-0.0480308481171117,0.006855881055653306,0.17650434657178832,2.861474006956348
-0.05364089993714781,-0.026281932123343885,0.2367128369615122,3.0654063165553653
-0.05327086515908051,-0.0029618740918113937,0.20052893686693,2.9275000605021404
-0.031067660963715948,0.0024879039424259377,0.16365416517245196,2.7857881190673845
-0.032094411678788834,-0.024443248027956034,0.19428771973247994,3.0110299087393457
-0.036340158708961165,-0.030372940106653278,0.21849908429108839,3.0555817078654224
0.0003127997259665553,-0.05367145674221383,0.17319406698463619,2.5857711625644524
-0.034145941670326946,-0.021771839432208277,0.14795388110552163,2.415063683596715
0.0041335303030307705,-0.008396313517589998,0.13375066284899054,2.385208280208421
-0.026978363957328146,0.019685281181088157,0.1259387730270886,2.542782718882355
0.003185208235078562,0.032044003643017654,0.14724191902008352,2.5979811179426116
-0.011233440216822975,0.030671900048792573,0.13350446973549573,2.60491576845805
-0.05498486578887399,0.011436605255373891,0.09729832615251782,2.5570795118638707
-0.06042020312951011,0.03537707296390513,0.12480808830969693,2.5309365938654733
-0.04445049828722444,0.029758737026469743,0.1548621642876378,2.642032854391679
-0.050010596897968114,0.023619851445588983,0.16879111319510948,2.747547590844974
-0.0009869448106268014,-0.0025755234879923927,0.13651884020863042,2.4777226773525185
-0.031182827799314472,0.005622129149316435,0.14726358048922572,2.5951707964998936
-0.05204392744583902,0.03024916495168041,0.15009510983366653,2.7194146540594173
-0.05348202340806755,0.024004784220404397,0.12487860144050449,2.550368762594722
-0.033966463950945686,0.03206711740717057,0.1699770691742432,2.8489312353896548
-0.04365565167244289,0.008549899556694829,0.17060843147452626,2.8868898035897153
-0.05486520058292858,0.014601623275009324,0.12578257059935144,2.6798236397921875
-0.0014837566306558855,0.015460790785948494,0.1563437793760613,2.796837379045122
-0.031161119474106925,0.022774025578924474,0.09532025166961713,2.2963719781519667
-0.06928133615051968,0.007251389618524041,0.14906444340843986,2.790879155043916
-0.05136452551009915,0.03741746811519783,0.15024419895535132,2.7536769675797426
-0.018492575760221182,0.020145410146239214,0.11982567328893141,2.5779430129344854
-0.04497426432307985,0.02496752527640525,0.08202014956793076,2.287622005293909
-0.04589458590873477,0.03455083417229812,0.11829431251329287,2.681387428336391
-0.009622701449712766,0.057949259815250606,0.11994223744126722,2.581396563241986
0.010808882216185582,0.04050402306129288,0.0994925146530782,2.3832002430486745
0.0008550039430577727,0.028696404370680575,0.09857031813511964,2.377149173318653
-0.014099261837266517,0.06363570152227017,0.11214050232078185,2.4930196511327383
-0.030456780265326982,0.045371710724213234,0.13206366049682142,2.6325198150316633
-0.01997410515755239,0.04511822684523616,0.06999253430974585,2.152499181392743
-0.03739986446527077,0.02496857114983891,0.09404833440817875,2.3384916456618767
-0.024358975783012132,0.04986486332933859,0.16716353021849215,2.725709504354868
-0.053782279338031605,0.0345723188293997,0.14154762047782968,2.608431156562792
-0.06158898746260539,0.030252636121122597,0.15114030281098212,2.6968356046000888
-0.060653208664332346,0.009394590633867815,0.11689204221595234,2.6269403771573305
-0.055445036447058886,0.00436566395473234,0.11885139520322927,2.6611150908513825
-0.05725941033920625,0.040136536261304125,0.1062077047000614,2.545120990782281
-0.03762336562500786,0.020962139676764063,0.11621261061463642,2.4902834280498065
-0.052149621164110524,0.05671390784184022,0.12500641934042575,2.5799297562155186
-0.028510494347632406,0.05854907782766127,0.14364468664466296,2.5073338261829687
-0.014127728495582558,0.047948650772698075,0.1283611239298588,2.399175993608338
0.013821308016150386,0.05633732122760295,0.13612487451330987,2.500479265778587
0.017364655212858272,0.07428257329329793,0.10807253882161993,2.3206307669105053
-0.03435146413046573,0.07903072918188087,0.09721710273752746,2.248994294579163
-0.03555977619204039,0.061641399432725105,0.09439058047766914,2.1889006868505323
-0.019806593728869136,0.03578970406462008,0.10306295628904023,2.3051730537102495
-0.03883164420627194,0.05015123587107366,0.13187667006783152,2.542799421240974
-0.0031950090981273348,0.054854810087309996,0.09850744314248645,2.190769515190184
0.002041214560738912,0.05804695042224316,0.10590081286209575,2.339271056163725
-0.048738616179906755,0.0899965683643983,0.04459349257801333,2.094650739129305
-0.042082509864676994,0.06557676403771763,0.08640040083695821,2.1738190932004753
-0.021830034521737797,0.0472140366063774,0.10037211743904223,2.2967185522368587
-0.05136128812916193,0.04772237182431237,0.08824383824503723,2.3495671682810992
-0.0008288324388763997,0.04510636561477,0.07031317023055947,2.069482348490234
0.005345953549414339,0.05895299296032601,0.052933832437153105,2.242945723999584
-0.015327240171209783,0.07773927926655912,0.07008162488206551,2.257682791003661
-0.06058686811498036,0.05275136228228623,0.10059050870219563,2.4672152255216635
-0.06014593796580202,0.05678185122196984,0.06539098263739296,2.238654568931238
-0.07300189033811078,0.040136411115645206,0.08288162337131207,2.147202784623326
-0.046118547771110206,0.09414038859749993,0.080389172714947,2.3804497914691534
-0.07510053981143922,0.055077668260394876,0.07599240551508299,2.3345397451539114
-0.050123181904666754,0.06142363934760043,0.10479475106394116,2.391385800342469
-0.032969687764565624,0.0658660242711985,0.07520462050624985,2.177457929302855
-0.050158568391931925,0.05432094949945716,0.08801472650591337,2.2750637259981725
-0.03462434514635285,0.03308497741139365,0.11659339896187555,2.3500446573875386
0.02937109026596329,0.06760253018176252,0.11825766311181124,2.3977559327826734
0.021255599781379073,0.010047351742129298,0.14672672801963912,2.727011588646349
-0.008573364552551215,0.03523484604663389,0.16282731130748565,2.6574487804936577
-0.009943455400765494,-0.0029185543863713454,0.11765146550678802,2.442719830525975
0.0038691259978156077,0.019530115656944066,0.16659113001948828,2.639409412140273
-0.005824136775570077,0.022962198881659776,0.13120289445912603,2.5928475382165135
0.008770549160785615,-0.009244962755415568,0.19050323825773544,2.798791823796632
0.009770688752387144,0.012293365718904211,0.17971492469733966,2.7296506381229526
0.01261094961773617,0.027557929301699625,0.18433259577230937,2.7878346856672955
-0.0023479009492131616,0.009599409938216008,0.16841138790521623,2.6075071255304207
-0.024272018596439276,0.023275848561582844,0.14163011866232483,2.4567571449807057
0.018194291391272308,-0.0018218497645138478,0.19742170519584032,2.827852293697344
0.025177361707136473,0.030281433609746004,0.13777206881343448,2.4226027091591575
-0.06276514991455429,0.022475224507566966,0.12853197644477968,2.5569501593571524
-0.08050868115188844,0.016940208188041157,0.12153070162446591,2.439797676336823
-0.04952403265063437,0.002945566566413833,0.13431072990886442,2.375800993952588
-0.041307263469811485,0.05039283277342036,0.13441447900704728,2.4051430524239046
-0.048630805796357514,0.022372005650676464,0.14238526403958945,2.4487199673092093
-0.02492940527306873,0.046343405284093475,0.11217258483594689,2.3127897489282265
-0.07402292217745327,0.0362536129137671,0.16987876654165146,2.800880328991441
-0.05031740477416868,0.04763222314524721,0.1064393288984913,2.4372748602399783
-0.07290208248990523,0.06890574953789194,0.13990500135257614,2.645385153085518
-0.10601677105867953,0.07650053060469732,0.131146040081114,2.742871505657442
-0.04991517000828994,0.043846846296519755,0.11654947298966466,2.410724019143285
-0.06525618441864901,0.007264513495116292,0.09038885919033361,2.3010283990139273
-0.0562130311886383,0.0495394743084881,0.11162902655098508,2.3872261936743726
-0.049149489932772426,0.049238481295298724,0.10668922274178563,2.4522990676301606
-0.08939607174796385,0.044693943513630256,0.12248821901047649,2.650062115787424
-0.1079855342907492,0.03511684711403121,0.16236471177353703,2.8563389398824834
-0.05765335280681484,0.007308250510727557,0.14439775261756654,2.656191726047674
-0.054951143020052426,0.022203554181302154,0.15820679863860024,2.7208695113508616
-0.05019333965132183,0.04626802650911757,0.13418404788732982,2.5536717023088453
-0.01558836368841367,0.021639191259766676,0.15932607131369167,2.511023776194935
-0.022765509560623544,0.010580044240256688,0.1033881098629715,2.2365452365796736
-0.01331785433183857,0.010162836564921689,0.151231256987498,2.542405819750634
-0.014866671788771428,0.02092880638271831,0.1542108659991261,2.6198149392282684
-0.009797215465598917,0.006702053607678578,0.15041524599386358,2.6117235408301833
-0.02263264255232532,0.04836614990138295,0.14841368274480154,2.6093002422797738
0.007423510213503144,0.055626108036782515,0.113130931604614,2.4969985442796725
-0.06446818913052305,0.021278156442513466,0.1617693744261257,2.6867577776078235
0.017416513231309785,0.00786219312053551,0.1664529194996321,2.6307462473507894
-0.0019341308999798294,-0.013186827565769516,0.18073770826713753,2.8370331891459637
-0.01652308360532012,-0.0048766024496313225,0.15320753287589567,2.665467179109083
-0.015403320975832196,-0.01141814597370046,0.14308180682480076,2.46712678825947
0.02208741780411432,0.012428330017662068,0.13425310984530042,2.4901493396774566
0.02135162780928764,0.009903550006804625,0.1384665078128864,2.431937801869002
0.005683980737605106,-0.0019044121591770531,0.0658033496438393,2.0747977163115165
0.02690461809656952,0.01038732989179623,0.09931533693332524,2.24465246767382
0.03062195408299798,-0.009446222971323956,0.08207563622365419,2.1377811821993666
0.06108688793127926,-0.01338364878464927,0.15615458474590146,2.5838079455378486
0.01413910827914654,-0.05389282144230296,0.19712422064480542,2.872740901833636
-0.015802611154419496,-0.020345032760989482,0.19312279272389915,2.867393867262782
0.05397794543268334,-0.02913241154648522,0.20176495973811637,2.9024964314635295
-0.02352182918259838,0.023870420503695762,0.16367145163872157,2.570110286872532
-0.0064885963407829116,-0.003261655483180896,0.17102017713543835,2.693604462038826
-0.04191481884859227,-0.017519476112575247,0.22884362833125926,3.0326435849949127
0.015707707289261838,-0.012553704474990948,0.1698523224358878,2.518220298018292
-0.014562317183666578,-0.009240462868111315,0.16821207180143993,2.6741314837419203
-0.027891698642456456,-0.0154677163066516,0.1734548623023593,2.7643066013100968
-0.01595562788545459,-0.030569192958898487,0.22837166683935095,3.0060196181868672
-0.02806491353046781,-0.04030626173628185,0.2437148261605512,3.3321599012957948
-0.01804799309277398,-0.02161693147501736,0.23901933619625257,3.209864927949252
-0.013850329517537374,-0.052841058540788986,0.24085191355204466,3.2449173991422193
-0.05624028504298653,-0.05104438919746718,0.2608052133095664,3.5758173067017816
-0.04165120222852582,-0.03147042574829166,0.25296463872736386,3.48945494304925
-0.026084557332204765,-0.03590792343046246,0.25673506564791265,3.4108430716251403
0.01721792375730518,-0.07300354845356438,0.26141687733829705,3.516715077074453
-0.03839164042696252,-0.06121631358352227,0.24994099185917762,3.29572154195548
-0.06152209807903574,-0.008458884103803525,0.21246029144172512,2.977789799148889
-0.10183998582447135,-0.016514377904541157,0.19710901692040067,2.992146082692832
-0.0523270909551719,-0.05386357439576704,0.20645942913083523,3.0038002385155482
-0.0005989014781673542,-0.05698888319054011,0.1500564557713727,2.764560922683944
-0.007674438861949488,0.004167439031906347,0.22372446380948674,3.038829496007079
-0.02038613024491638,0.017025694512168173,0.20164243397861709,3.0572786859976238
0.001237022159100975,0.04812769586102178,0.22933063006261373,3.189039650411425
-0.007886574454645358,0.0628997920243815,0.259971351577816,3.4531776702009442
-0.024760946604610586,0.0529378389369263,0.1964779082932997,2.9252699039438794
0.044453500368403044,0.018115212975541604,0.2064933325577712,3.0422012877269773
-0.029317912544778717,-0.01037903290764943,0.19339828013996407,2.9025538496563943
-0.045911859120438096,-0.02528305508516878,0.17646402191033309,2.786886645572154
-0.04137132531083052,0.003625478302612089,0.15453985245351906,2.465742961432726
-0.030203035733058634,0.0298733307850217,0.17655604061354735,2.749517512369378
-0.025922795707984735,0.0033979199508394294,0.19686324197574984,2.840931008286267
-0.02796191708244021,-0.00990626744043852,0.19365225269568692,2.847340357097022
-0.03027055608585311,-0.035060798466291454,0.17288599059768125,2.761314252898083
-0.017631088308912538,0.030864833020845174,0.1773866148813236,2.8523887989368313
-0.08195240892207847,0.037132069001464804,0.14699072618424205,2.69240472219793
-0.08030174974301343,0.01449353290695774,0.13171073405467187,2.5355571355284234
-0.056639821351487124,0.027719622521861765,0.1573307525795362,2.660016363248373
-0.04400544002274327,0.03199894354750154,0.1532921475201992,2.6972766969911635
-0.03870708092703464,0.013868293511260961,0.18670092055124213,2.8877644724367553
-0.03033577221016072,0.03300222278411421,0.15393702989655497,2.7153763167179124
-0.024393978278523524,0.008623146710851747,0.16868623777358147,2.9288634002988947
0.0130476722685623,0.02766341882659863,0.16228413713793127,2.7154776438372896
-0.06573187573667331,0.06636530930126668,0.15293895346006203,2.694383793079482
-0.03036034539516054,0.006299769085256469,0.14027282446525294,2.5524369704864625
-0.02173843520063564,0.010369523515654544,0.20663007165017358,2.9686906304052942
0.04559487846921366,0.04880654842957662,0.14931714945024135,2.74962671716429
-0.01339582911200837,0.047504437469477405,0.17741796774908483,2.8111481446389393
0.05202729112977865,-0.012129983436274387,0.16489357717367514,2.7102523496416406
0.02477427018388401,-0.002967869020440114,0.1086231690567145,2.3574313301422145
0.02624180029771949,0.02956854198937407,0.15677930046868785,2.651928920670027
-0.0052812490168631454,-0.012516979620135475,0.14886222753652473,2.8712274919768213
-0.028255306918531644,-0.0001777051326637646,0.17046214768793008,2.811406946814101
0.003905826670601107,0.0008998896723989295,0.15804429347522517,2.7285825404182846
3.861721864448802e-05,0.00589733796992717,0.1451389149797364,2.638361130982921
0.01289852224750068,-0.007588058223933838,0.16675531320393286,2.8495234859485827
0.03371704087926022,0.02625130603082928,0.20458921912173472,3.0875299068881903
0.06830580708553194,0.03260915816034557,0.19625905711112032,3.096931441832075
0.13331641569498914,-8.918343314198752e-05,0.21349500849107972,3.422185154000291
0.12475693679573102,0.012057483743506547,0.17926488961392792,3.143452389409521
0.14592082369191817,-0.006305928809384089,0.2377115131460797,3.596452133935911
0.17163710543031596,-0.005544406954229762,0.24021669427083459,3.666222678187931
0.16070974924051096,0.016892744075862165,0.22185811198099775,3.4797589405736593
0.15722169088470564,0.06407236772120985,0.20263521234550425,3.53022380913621
0.1289928060775758,0.03808851940449266,0.20049525645761904,3.200245535742464
0.18003179206097475,0.0468594567249739,0.16469886204724252,3.129391562379176
0.1140560938209714,0.043132718560670365,0.14264981063277504,2.8958184186483393
0.1230998442151415,0.051187732436901875,0.2056169422997686,3.241939605904957
0.1089161030595889,0.06969544120568708,0.14993771754264443,3.072733464706912
0.0848385488335318,0.038903734098017555,0.1666057192883552,3.049365228869217
0.12628528337173112,0.035126139067035,0.21122654523751877,3.428714200195814
0.05946274521714827,0.0693087842080649,0.17680265140624493,2.9928870388066473
0.11751896524559544,0.04169130408167881,0.16433321367146572,3.191210140870364
0.09181998484705219,0.0769574769951933,0.15342094095250608,2.970802294302242
0.0755527005133512,0.08499748188775513,0.15479395643115737,2.9743548177900956
0.08827735938863288,0.06616511156102087,0.1840247301762058,3.189918919306275
0.11556995653501342,0.08785850155209464,0.14463534082118626,3.058606380491041
0.1288280191899365,0.08950275491969154,0.13185914597931175,2.857506709266738
0.08736954380583208,0.07711968646796256,0.0857308860323639,2.481786965551767
0.10275727718204461,0.09238751312817052,0.1116035588385143,2.696464357486544
0.1321151395250801,0.08228032372844547,0.1015701990378545,2.8549433065572325
0.0945577554066392,0.06690328497517026,0.08886455358624126,2.6146274343950746
0.11265885186679825,0.10542237215388033,0.09038218640847133,2.702109862928093
0.14091873660956045,0.06443632543676013,0.12132987087988181,2.884013729033917
0.14014393145577045,0.07962649231561213,0.0986444464674998,2.800759474703314
0.1018195028160335,0.0500815509558883,0.16400175608592382,2.989571921959484
0.16073632018780998,0.09427814029197859,0.09877256914854753,2.9662834189245277
0.09012829837442209,0.08287895374933427,0.08657974200039033,2.47397350015913
0.14707668350749734,0.1002625458857092,0.0869926731696822,2.8933512937424584
0.13410462351430413,0.07806222304612712,0.10761731826779751,2.7827455804905643
0.13292105731650614,0.06826255447325913,0.13611552557239084,2.9590413436285545
0.10314635717339787,0.038293404198112786,0.13244464075709286,2.7437026612464623
0.17701217973627761,0.06132536830484489,0.08745125751681948,2.8776335156167914
0.16846564420819418,0.05723552132038744,0.15464039019184433,3.063913706849195
0.17588673345289202,0.05151248996519654,0.12643906112360384,2.9997573299758695
0.16249760826272333,0.08454195942396123,0.12338820817625987,3.104197456677349
0.14604546405946212,0.07978149578145122,0.14292744935504514,2.989706971104381
0.15328131929024005,0.08875425752363283,0.17089055717325025,3.1875995497114635
0.1222138618080749,0.09010191145131126,0.15845306050357574,3.0865481564208803
0.13671294043535837,0.041555155015617934,0.13607684449660792,2.945815593975641
0.1359872532593663,0.08105366754954905,0.137297951479189,2.9778981412571564
0.15153706544965775,0.06925944441370196,0.1553906135370049,3.1801733563570527
0.13838366846669783,0.07613803939090759,0.12418290720412377,2.949010363895164
0.14901397523287063,0.07804355651843274,0.12645180168380746,3.047295556771964
0.18042715662585943,0.07680303819156299,0.13900136982704406,3.0750443355887476
0.20433319020663943,0.07749767764055378,0.13029118278892973,3.1980904781871944
0.19416530861982137,0.057798222504944326,0.1508408562172566,3.1678625487485306
0.14536224616858448,0.07469894908394487,0.1845228159658925,3.213661215406531
0.14319331413489614,0.05984500780083421,0.16609343677978394,3.1740612459763007
0.16416743100601372,0.04395543336434166,0.17280185997300193,3.1837760601718585
0.19144541060890788,0.056598471939834506,0.1048068164841325,3.0849009958797695
0.13649936239422147,0.08800643337454517,0.13084930824060298,2.960122990435945
0.14715885424388753,0.08717353125867298,0.13727564632916922,2.96050308704344
0.19275655379955967,0.055138449423533485,0.1224257709321052,3.101645258611956
0.1939773001183821,0.11288448069954328,0.13182231760436153,3.254677345933519
0.12820869128626447,0.11206904738504639,0.1450933505664976,3.0353951025051646
0.11226498307248572,0.1260063170491938,0.12873930131172853,2.983224206656739
0.07629486202015139,0.08961770445301873,0.13060047418853382,2.7994363900362034
0.06634972132173583,0.09102494039985243,0.0964452910463844,2.5554207322403695
-0.0027949268853858303,0.10914246914498102,0.08713361882992979,2.5673045530571628
-0.003238541250626384,0.07949890838176639,0.08792812052680468,2.346627895765577
0.06808658313930081,0.0750610577294009,0.07184502225213302,2.4032357931010604
0.03392148273868225,0.05137358335431072,0.05455493763302982,2.3756399111185575
0.006578835317432513,0.08957116080612884,0.08498360875313396,2.414853143281509
0.08915036709469976,0.08453642827857166,0.06780399923289751,2.3946160393033953
0.08457126714100775,0.11846277478342901,0.05081905213864463,2.447511437336071
0.028899888477129158,0.12139737807921104,0.06529240498847654,2.490882534600712
0.050925469446705465,0.10949550027813156,0.059770779017544004,2.4290978248067367
0.07265549542226701,0.11104054916443307,0.09218553485499073,2.50060076245562
0.07844303078912608,0.10080010605177678,0.0570225873484097,2.2925763720981687
0.02904744423065538,0.08940227265631814,0.047681952171075445,2.1536801143537576
0.05988763801589798,0.1080193339700756,0.026006375723984218,2.285450561888783
0.047890145647923946,0.09951165690949927,0.021929701490446644,2.2188637425870636
0.041773304409170355,0.07450125444499321,0.032927644687083965,2.092414265128377
0.014588864649824985,0.11802979072932408,0.024008896722423744,2.1699826316094666
0.055536630642150336,0.06870707799422646,0.051392312809419353,2.231756986959961
0.058531923477624315,0.07176216114003026,0.04774265700793048,2.269051824716864
0.0319602510551746,0.10632186600171409,0.036128084427023185,2.208911331712157
0.023467919379859148,0.08253225236244813,0.03507346906864592,2.144757769609706
0.04304820782680524,0.09622165227485893,0.03462339966292705,2.169843685324792
0.03968802621918716,0.09217886968091685,0.019792757861919762,2.147768445681532
0.03688863747502146,0.06989235972494169,0.02111660513828776,2.1225211659703125
0.05751383469833154,0.10333428121481246,0.03857091470599081,2.1929207736672907
0.07769270457703824,0.11605778376408,0.023323333431621972,2.3266662046257736
0.03913003039153024,0.10792984014484934,0.08278180884931834,2.2814347204013927
0.05415081334661638,0.12282632243931783,0.06009894809156115,2.3711328280421
0.018091007956268567,0.10333896352710106,0.0707432651314112,2.2858837549952518
0.03583144653481862,0.07492170672766435,0.03397821589647394,2.1332632694055818
0.04696024861054981,0.09070437994722542,0.038910910661326445,2.2760396698944168
0.07168076028131029,0.09659522941823824,0.02747260356495102,2.3365409124278136
0.04894552621354939,0.08836984775411001,0.03738723142555772,2.25889139272666
0.0432934881937171,0.08464285745337131,0.03944827306473326,2.280908060475842
0.020830892634642797,0.05024052876434058,0.03972243816647737,2.1116258284283655
0.03194707732968987,0.055316230336240904,0.054102908568465474,2.139842454105821
0.04032621391863885,0.09296029821051069,0.05715888236591645,2.270299265014135
0.047425807679249594,0.0944400927817921,0.02984837515875405,2.1491412195215958
0.022191786619936028,0.080503738071977,0.07691543548749494,2.1582504605288397
0.04505864096438063,0.08033339156169488,0.07437094504070323,2.2205960829242173
0.08740774642644236,0.06373013096696678,0.0436121282640167,2.2775390348516105
0.0643816096132386,0.048184819807628704,0.06493393104033987,2.2687959795109487
0.05345508929771474,0.0734379197461591,0.06027282616018166,2.1740402010256066
0.0755812556039879,0.06591778687440358,0.054604561116645994,2.2529317845151717
0.03782592456065239,0.07227816019167681,0.09517536830069483,2.4001364211823284
0.08393318144597858,0.060394435817375115,0.05289120069341162,2.2018921207513644
0.057338073072170335,0.070519482178667,0.061061931994014516,2.3496551553902068
0.08897467059003158,0.06828988631012438,0.07768123465147524,2.5139903925763445
0.032938568214476625,0.0742482580259147,0.11264770384377133,2.3993177990390433
0.041826504865352485,0.07574368685591064,0.052836193920680605,2.2684997001472413
0.04908711215737887,0.03986404100560805,0.039088470748630526,2.211006048366475
0.05380773506612772,0.0570555868147485,0.043726542515704174,2.253388188850746
0.01438742975251493,0.07538678330357329,0.031438310906226986,2.1582540563779062
0.036444501627651366,0.04417558094648424,0.0315188588156859,2.276723465400788
0.018548518571114694,0.06400803611118354,0.06417006900397634,2.2307603403641885
0.003416995482318407,0.04903287845554902,0.0542249287509292,2.1915968858447035
0.017318846878104047,0.07085673756305189,0.05174347303203084,2.3308706849574823
0.04356865699945758,0.04733990336918104,0.04275990401470248,2.2287970896215126
0.03540402330529534,0.0804319814522956,0.06312465260978671,2.2142605848699515
0.024774691722239908,0.04980998369356948,0.027239553061252628,2.0690151589651533
0.021295049440272117,0.06993841493168716,0.04995898810056905,2.1642663269037254
0.09205828532966198,0.11334758825403604,0.060692612407662196,2.435318260016476
-0.012570693522279889,0.09257034029338063,0.03966169156920114,2.313065951935639
0.038650197876929554,0.07309816091341989,0.04309366588570107,2.20654124628619
0.02423706929954137,0.10103643432133046,0.056062719626819246,2.3016470684318926
0.034059086502239364,0.061043529700731645,0.059154726074002184,2.12734249318923
0.016003455735595078,0.04774018941920935,0.04362124617706061,2.129027725055206
0.042692900662537704,0.07958382574035398,0.08501792746684517,2.2720706013259524
0.032788347204978606,0.07102131322547393,0.09227936086255667,2.231660151072119
0.056859566774666886,0.0864265970323496,0.0886598138833819,2.381778729533677
0.08662874117482174,0.07712135479619969,0.1126335190955509,2.5983909565959324
0.06283083737260481,0.029930539465285275,0.146241747534467,2.6143446177780643
0.021460295783458466,0.04629180177841992,0.09039329369885868,2.1753382371267564
0.06580093398952337,0.06607773503206295,0.049459562211631114,2.2695103907909586
0.014725868341582979,0.05909163216137819,0.05559398693741708,2.3207004407632907
0.014021800167668153,0.0765901695091423,0.05109840214647874,2.203169290198457
0.024140980292309745,0.10379609295213582,0.049339153596378575,2.253143545576069
0.02596201558229573,0.061927280878724573,0.0756245717630596,2.1576194819849923
0.0216093604099336,0.08301626566482799,0.04629887205735441,2.192160675716475
0.0597745508789039,0.09343379183373615,0.04842426779255964,2.205915373278694
0.029141758925531117,0.09643235836417784,0.06801834578268191,2.2957257790019523
0.017325294636096247,0.12428233153970444,0.05383635746766624,2.2851799319912045
0.01600709793865241,0.10160888210997379,0.09002915518825612,2.3589124733580826
0.06817218389422763,0.0880729246493039,0.03671833009150613,2.269095910925228
0.005439274432473783,0.1034394526865515,0.08673110035195938,2.461148922668207
0.03564367339096583,0.08484007047073933,0.0680006650576241,2.253851358692972
0.05285041210579029,0.10293564580445308,0.04839175964396107,2.1923158890356635
0.010825674079874389,0.07688914589017327,0.07084979259037223,2.2368657847357403
0.02070737251199579,0.08810919285932042,0.06367785251195494,2.2532835290211475
0.029717066291051752,0.07017277341610957,0.044216420630209315,2.1929742672673855
-0.0018444491248254184,0.07949192044140367,0.038506184953925236,2.215668494538144
0.024728837231425296,0.02840439101814567,0.01269016798618759,1.953817021896486
0.07550830779201687,0.07256213487771183,0.03879737246975529,2.297894344639158
0.03969420704976084,0.0733897907281204,0.04208910912422046,2.1279716448116153
0.004879381589089382,0.06282578212996623,0.05986313965099095,2.204966863162371
0.015060172741821958,0.06908407783558808,0.025261444896719665,2.2554033003317118
0.016667984584661254,0.07161386143818588,0.06270035985651815,2.3146015322547155
-0.0018295829258462607,0.10030046507071437,0.07642992151703212,2.4512318625847493
-0.03562559523555107,0.09187619649117797,0.08606193833260231,2.5151995444644037
-0.001803638849063498,0.07256655486863049,0.06250007324274906,2.332169038979276
0.008977654311413563,0.06942066155527174,0.05279734456952124,2.4236805670775095
0.030148089820329304,0.07307095677863108,0.06885426386525698,2.338755882088409
0.0031275725256559145,0.07815321518875785,0.07340447598243494,2.4007846431558053
0.033089572198584834,0.0673643369773253,0.08772525214987806,2.4179029451752445
0.08155304557034454,0.05520982572565103,0.08388437998596199,2.324090530535614
0.019598381801355244,0.072125285074366,0.06627216326458447,2.288040425607608
0.02434168843722987,0.07372128008703543,0.06993908396316473,2.2377795652275627
0.028278698130464883,0.05797081874149462,0.0678843939087788,2.216808064046469
0.04332429477941651,0.07981194067918823,0.08208874360238079,2.344427657197803
0.051436677561706154,0.06679577319893285,0.0786258223253949,2.3087950286633863
0.07718644310735503,0.07439325940752173,0.04846155668392376,2.3543954168596373
0.112634653539724,0.08777559105671738,0.08667776948991754,2.5380664492637455
0.06849703868860578,0.11332913610368474,0.08202601122480066,2.4866249850184556
-0.013242882982715462,0.07716397023686117,0.10767570750551894,2.509721966696181
-0.05796138785672449,0.08896299038651044,0.09141240625569287,2.5395702430093214
-0.014922541113145728,0.04364690045530753,0.07446493023198839,2.3397854070591486
0.002623632681718991,0.08039809506421344,0.05199615068586799,2.1641014513580665
0.024145675003981994,0.031096149850328488,0.074486070975694,2.212677675175809
0.09168686649163774,0.0564017913708369,0.09101143509453333,2.4117490166665156
0.043352184713090845,0.01772153094197584,0.08998489675373801,2.270621725380687
0.03986819476853268,0.054505825087850804,0.05588767298639114,2.254375817136333
0.05063036455302732,0.063777222999733,0.10147077033331979,2.291464800356156
0.05013163608580662,0.06979549631893095,0.12626816326687224,2.4527175673926256
0.06769527195989732,0.05063994003332598,0.10470854007272343,2.341113863782877
0.008642676892265522,0.05590045960150184,0.08540746488341364,2.313921190092318
0.015154249522669971,0.07059183692430464,0.07580823920302848,2.236462433589512
-0.0264794166170225,0.04565936725353553,0.06536422788807611,2.176847706320363
0.017094562520196668,0.058411267632255674,0.0529644461112424,2.2204181254821633
0.0034390599434431625,0.09271380768890482,0.07118470927834666,2.360399930802634
0.0020036111503740997,0.08478705718959041,0.04625134476376758,2.2877286437447486
0.0004913439979388338,0.11618131410054136,0.04267945455234816,2.463273888148261
-0.027129760797020286,0.09634589092096926,0.01821853258508894,2.2786874424544243
-0.0068311389126525235,0.07930442743542016,0.053905754997468046,2.2830868088658827
-0.0028542955035020297,0.05854065562387973,0.07873393447114098,2.3523493052299647
-0.02450676612230935,0.07785010883701335,0.09219443728321795,2.4701001906562454
0.02492019227686477,0.08905360740815788,0.08932055788518456,2.478387156735426
0.008335096710119345,0.06424063582699206,0.09400894258926483,2.4542491600260905
0.021265684806518522,0.06292395833628285,0.043058153870248285,2.2836217340900955
0.04666613362156301,0.06486461298532402,0.014118099557991133,2.144295147237894
0.014207694662638128,0.08303332231960854,0.06932295830196555,2.3804673502929674
0.02716878078523831,0.06097020805941683,0.041825869247556775,2.2585700585941098
0.0356704477107353,0.06365460234402137,0.03555486226803005,2.23099134410703
0.0019743336155695866,0.059700057335081054,0.06511326302227213,2.249422897129311
0.033688258882989035,0.07932348258195192,0.06524333608059033,2.3364395496303088
0.0008776004694860464,0.08027228341489238,0.02661624184692741,2.2992854514694936
0.007127410035145717,0.0901829052225373,0.011900193963410865,2.256257404539565
0.03398373530762397,0.07157608070739711,0.048352978190064476,2.2841279851714207
0.014612882953208093,0.11421971372904553,0.0029062702391905696,2.368395373953357
0.026077399295934087,0.05011513773660322,0.03513885669427963,2.1664568631265473
0.05749826531100296,0.039137467429191115,0.032279745942412445,2.299966458943152
0.042781450757475,0.06478894593510087,0.021978356147495954,2.205364322005544
0.030463467912840266,0.07794779936587701,0.09137846121680587,2.4555624129058353
-0.005805711446615716,0.04376812968596813,0.09014267927511405,2.3622336355493756
-0.006190191022415192,0.03550697763964674,0.0857492644338638,2.236763270693125
0.031470761458734786,0.052883311804508254,0.09775136509221341,2.3691253259207157
-0.0048669618624846605,0.05812535967415837,0.1080953858176345,2.4393240099912883
-0.05144725825405696,0.04786349381872613,0.09225545291968791,2.4999663089972755
-0.008378543810313251,0.04867775342845442,0.10503623262611445,2.4845589856112666
0.05108819516915665,0.0663819236942116,0.10713701931023291,2.5128503314767037
0.06387454197851282,0.05638030469868302,0.10386270103375066,2.5299460316341067
-0.003035192962840909,0.05032726350401361,0.08023588803279222,2.331422669305333
0.022176212101653783,0.07434544439045208,0.09240635011948614,2.479700556350158
0.03940705549737345,0.03979477165031027,0.10401778078395194,2.399129960401417
0.04180669206039969,0.0758409142709167,0.08143791397045753,2.31988417739406
0.015832205547520854,0.045327392639075245,0.08150109305475738,2.0962396116524777
0.024081653763670562,0.07342299669899162,0.08180538423091283,2.4652129847960937
0.02273638666001918,0.11696132666498602,0.09265450590331437,2.546124153165576
0.05140924968038526,0.1161937777116393,0.08629654226302193,2.618590304817198
0.052649325107379435,0.05915756379156262,0.09974235329795686,2.379117046954681
0.03182247046874922,0.10309582614095708,0.12682807982472966,2.67713459797239
-0.0422821293131554,0.08439191007624107,0.12825447559152744,2.647420218535181
0.03957564121719365,0.0666132176945726,0.10698037666448511,2.636229283926014
0.06756098402874512,0.07961216006513627,0.09265173259423817,2.5576927781634433
0.10504861079235532,0.04284227428573552,0.10817977267513754,2.6774457330329913
0.01776293547690579,0.05576546009502065,0.11838924735709491,2.5869106450948376
0.05687626787148527,0.059084043942487625,0.14025611312930653,2.669309676148787
0.08682916131215772,0.026955292596489672,0.1201265136079405,2.7015590145129096
0.03819390949374457,0.06614078158244419,0.0974645460013541,2.5471042086210893
0.04687990796328176,0.06401807442581477,0.14074295012067742,2.6826625444141783
-0.05406542451269456,0.07052819611125273,0.09051487566801834,2.4361891925106067
-0.005938146403106046,0.05610208895647399,0.07841317608452114,2.2401000501960655
-0.007685677611749451,0.049354809121152865,0.11194179473056282,2.518910222101344
-0.036567322751105406,0.05413378438217741,0.1108566191270828,2.462362196724321
-0.0092325627270522,0.03207012387858368,0.1159137009688232,2.385911750702576
0.0014226307923187649,0.06286362658123384,0.1079221406323242,2.3448896290728976
-0.005316703615737702,0.023518528468362207,0.08609920451760639,2.1626378517521303
0.009546014375491109,0.035299175502408985,0.07912246705934955,2.225600839917657
0.06354964015206216,0.06283558457108918,0.06060502045638317,2.3201708127734952
0.024847806636024043,0.09062600887087746,0.1174388827632446,2.5974458409363304
0.022466207721757607,0.07471128590854874,0.09945085281582453,2.4644160085155984
-0.009845440855824585,0.04771012205080831,0.12348227695591753,2.4217217913248894
0.017423049816553356,0.07594491527489693,0.09230201257283517,2.50562553488685
0.032400519277416114,0.06546634120673663,0.09793188052015217,2.584755461438307
-0.02230296165972757,0.03597139799614738,0.09934167217636915,2.4167383262706448
-0.008955493537330151,0.05467294384920989,0.10423858393981815,2.392513996829126
-0.04834685639290107,0.05864894265824743,0.09702366788951441,2.571706790052145
-0.011831966501715302,0.0853911850401111,0.10960428006457237,2.5778866015486783
0.010130211750708476,0.05923479595243495,0.12187122561091467,2.5470694001685907
-0.0418963919299919,0.06751197208591643,0.09963394591834991,2.5073839500866946
-0.002353018939464707,0.05995794167832457,0.05838208404095345,2.3421111751494004
0.03338964417082979,0.10846237446355038,0.06811023650730043,2.580076177518961
0.03725520164391865,0.0850829512831301,0.08057104860638334,2.497661707927816
0.04084663157198084,0.06907516012856577,0.056555372345131145,2.286222145080252
0.07187843480611798,0.05745848099130181,0.07342942202611354,2.562751139615071
0.0281485910234247,0.07306481046083867,0.07418717065953853,2.464830689169856
0.03515915124399761,0.06022083159763502,0.07723273734750068,2.461477151376157
0.08121269911768479,0.09193591605789316,0.09329506583632186,2.642177992108996
0.08307712245669717,0.1027957199749978,0.035787609141969975,2.512102748371083
0.021187539180601622,0.12045310385469864,0.05783266835032124,2.4215016883012814
-0.0007815354383288298,0.11647359096579316,0.05589755967092451,2.5099064695624707
0.024822952985858297,0.06558764040056192,0.05939753434067486,2.40237663571036
0.004485795268228704,0.07833963424098987,0.11324425177081018,2.5199628586448926
-0.04266300293907227,0.08037664132046092,0.10214078388985967,2.559537048963376
0.0034255285339336865,0.06237742075176894,0.0775827636315042,2.3785047121296476
-0.06061924817105124,0.09710187038909326,0.07548611282536186,2.567085927534851
-0.037806080711985005,0.07887520829918598,0.08496834166767053,2.5871199919355568
-0.041741075639695,0.08727753945175054,0.05986803814683993,2.3636458143391277
-0.003998789480289063,0.11070493742749435,0.02987328302301446,2.316259445698933
-0.050050056583258,0.13120504163116356,0.061222604792877444,2.5918856249437003
-0.04378557400312684,0.11761973694686341,0.05928581419116147,2.488585553689586
-0.026898742188651355,0.14549509428986612,0.06766131246309998,2.5704912733156187
-0.032279716248903884,0.1148621151167819,0.09417178381320633,2.7113087522205115
0.006923539457096489,0.12780558972255276,0.09325921401272505,2.691937388412906
-0.0199171194700681,0.07185238251494837,0.07045886909691595,2.4522221809577855
-0.00848884526070202,0.09949504904483683,0.0565306444458642,2.533851068080713
0.018579645019410212,0.15623951537030129,0.04824005777593219,2.679465294786737
-0.046403614241146064,0.15550704270584,-0.0038387714808825776,2.663848876453814
-0.07254504226266557,0.13479506109750725,0.050335722729956345,2.6521777694194086
-0.040571323743401624,0.1288493322462841,0.03251692404715979,2.472690472491482
-0.051788566434513135,0.16182498427697828,0.02318759207308599,2.644548702758614
-0.05166771689436262,0.11924595229825069,0.01099202293131617,2.424949860355135
-0.0536327987303232,0.1341872818336825,0.017238514678730905,2.437796195094878
-0.04051505898515893,0.12583871873454036,0.00942296153417425,2.3960931353725625
-0.020928865622406166,0.10009956976266263,0.04025199964208204,2.2775580353946454
-0.036952201192235426,0.11972757790056433,0.033303550185130995,2.3711070352207058
-0.016525165665486143,0.09506743729405882,0.03074796493768164,2.287797784749212
-0.0035066841238451138,0.10901172699720921,-0.01516270078808843,2.2663584067467877
0.004770874892101107,0.11490894567629581,0.02230417254222683,2.3641183467285036
0.029713378960792014,0.09112824250484737,0.0071470290336240645,2.3218114724806718
-0.010369530189015388,0.10181154277643856,0.016451954141148348,2.34462147370738
0.04824708608045924,0.1518587707086531,0.03276235703179461,2.620546680287735
0.02933986663197158,0.09791988207135544,0.005653615979916623,2.280711624096957
0.028134224783022063,0.1184807293151166,0.01963137604137797,2.341857544980694
0.03001217929929615,0.11737245667690563,0.019044152177902462,2.400817573301647
0.033921440376869845,0.1346707717678796,0.01814016707134973,2.546021732385739
0.007085559812153631,0.1363946294163836,0.03988999353527863,2.588236080666832
0.047769958432201866,0.09218992735480663,0.006099468336540862,2.4068657739476302
0.05348070936686774,0.11094176299929223,0.025187125250652972,2.538845424606344
0.044353724156343,0.1205557966678693,0.07479748870527679,2.531216217835459
0.02045754572929652,0.11559872195020482,0.08155840702795683,2.540637223063446
0.03450107339850057,0.10482291257972165,0.06356780035244287,2.456371552417999
0.06161091905620723,0.12444356969296563,0.057281021843214444,2.519384460989852
0.025947497703728284,0.13533208208968303,0.024650134059866186,2.5598997562855006
0.02334063932970049,0.13241943161948352,0.018363695429605444,2.4427133319127785
0.055256570318658466,0.1342993868454833,0.04004431387489948,2.5763997320887633
0.047454039364003484,0.12685799001091008,0.038859136056816845,2.5126252572137435
0.029207862968282237,0.12789182918468592,0.05124427546148417,2.4939072510892153
0.010656241881338735,0.10048609563652879,0.06973284354990729,2.411246757823519
0.06942327093094797,0.10223312758367438,0.06951906247584096,2.4583399434050155
0.05771904980724012,0.09520366152480113,0.056323210537904816,2.409771528333567
0.08631997051129356,0.09096232414142619,0.04108742485619106,2.4395925248457666
0.0887702693890029,0.10316161392019955,0.04495279624275855,2.411330477262822
0.03833422074409893,0.09115135938508247,0.08314974886962914,2.4525146307120087
0.002618313967358014,0.11628442000441089,0.04002045265810784,2.3863792810795847
0.059857803068564294,0.08684562146041024,0.0667454245390335,2.4348257100641035
0.07151602794428455,0.0966974900825772,0.07657537105820943,2.431119428386326
0.05566009858876344,0.1004321603641143,0.07149373262958383,2.516991535498388
0.09126406082074986,0.1282551523476798,0.06091153976259417,2.593909511561285
0.09066592807452939,0.10068461608619958,0.032726440737527764,2.4196683840357642
0.10390121070606095,0.11084907375435016,0.046459330212422115,2.5791360590883525
0.06617100327459732,0.09952271761128294,0.08130838320374122,2.4118484737412214
0.05325466750810314,0.07591126521507705,0.11314988490250194,2.484134873845207
0.012820462482567924,0.12545834780842666,0.10942846156953354,2.610220092343689
0.000551478804911406,0.06575870695816279,0.07070783004956821,2.2893541257541163
-0.02255177102277173,0.09478613362828807,0.0727199953123346,2.4419988981653673
0.02502483613452364,0.10288513379820584,0.05967152499458434,2.429437573125454
-0.030159978953497726,0.08080283519363907,0.04264626951153888,2.261112507676832
0.031744919823742494,0.09785191229874372,0.0354600644646865,2.250374621745456
-0.0007514987537812527,0.11134419453194365,0.006489974207293296,2.3962814310311003
0.012345763908425471,0.10712287586868348,0.02648182601237242,2.4282790706950435
-0.007832339099277174,0.11399621890207194,0.030829932260377002,2.508515950342794
-0.018313573386328594,0.08902665553240204,0.056597151868445925,2.424506062223265
0.022119344648817693,0.11421175181839872,0.07522238489353428,2.521389729119977
-0.03188598793711914,0.09339100944209064,0.07485377811419176,2.44644521727656
0.009078188141107451,0.08705451988740212,0.07644152299643181,2.3743757074612954
0.01768602575450333,0.0898237001816682,0.08665383789710777,2.546609076986315
0.036688064348566585,0.08971648409633654,0.06092931514905587,2.485325628197129
0.011437085155449186,0.10811680593995869,0.06301286891619627,2.4966831780133525
-0.0005639075794119909,0.07533234362726002,0.09402343114580212,2.4639014123032563
0.009532260160838048,0.08815928650898677,0.12069662497878511,2.6240517278357465
0.006985473361071431,0.08638895222274404,0.05046480076384617,2.287819060866365
0.020336140677236724,0.09650585070490092,0.09066946648394875,2.495348511556258
0.005162890722363123,0.08361398692340125,0.04920729461891062,2.345834544786076
-0.029663809290347003,0.09582931281343164,0.04328468025808621,2.356251245951156
0.005784491943500358,0.06500592014698381,0.10507058257224612,2.493570908757023
-0.042006636524248055,0.08091007915761386,0.10359450880480832,2.532154219305764
-0.009897998981772039,0.12048741943590076,0.08433218735710511,2.500508167559237
-0.008658509843466932,0.09668155082802117,0.04574236031903372,2.395333775819644
-0.03399919365385126,0.09615810475532406,0.055789822291518514,2.423355771042953
0.026313587025661486,0.10912814391101373,0.07627833725363214,2.525921867354143
-0.053120346133996674,0.11811422217744597,0.0448233762978477,2.4408759453828477
0.0025567740752324365,0.13596390804294972,0.022979235309346858,2.521433089475852
-0.01888865607708908,0.10477529478955382,0.02371122310890754,2.3913201403556146
-0.03381035201716969,0.12192928619803943,0.00752774658830354,2.4674122290857414
0.010742178405387829,0.0928471569309537,0.03247688431122328,2.3354720797655912
0.011541612403234668,0.1179585225523031,0.060195319060080715,2.357850341779466
-0.07606470888237712,0.11839350131819067,0.054731319320119064,2.4793651070695573
-0.05312355808677331,0.11229930320614506,0.0770885232904462,2.648286585127017
-0.056979545247572747,0.09270643843788082,0.061001002040036376,2.45930095505709
-0.0165964889524698,0.09202067264430185,0.09974208554840913,2.5941909535449224
0.014378262363060208,0.13258643583280608,0.05628924620020049,2.5344413641254806
-0.03366024300484317,0.11674974376091929,0.06643165993594051,2.529254239130862
-0.02224342801043544,0.11828271837664145,0.0665417552804373,2.54196555908264
-0.032464434598778534,0.1071092426492927,0.05847561126865356,2.4343973515007007
-0.048349451937330284,0.11201038660287015,0.05205010212132044,2.428244345693024
-0.024214689764341126,0.13651482813814814,0.046604553881417786,2.551186808118643
-0.028697221743060553,0.13730123044163173,0.049357846797055877,2.5184331457228613
0.04523937764195926,0.11515590572464757,0.07214681140168466,2.5029428899017057
0.0008168441718096724,0.08789284116485763,0.01516988343048896,2.241994940432109
-0.00025714089457991903,0.1148972501926401,0.039493823572851805,2.45336718339991
-0.008521143191362348,0.0954271429690779,0.026490661198508642,2.347218284758502
-0.007316672430615761,0.11167529325696979,0.009304895059029074,2.4013771382548925
-0.008150233289279841,0.12587967272935127,0.05638278385332701,2.5232704860510937
-0.01662283384099736,0.1142310606059176,0.050847415091903506,2.3768374808383426
-0.009926583535259674,0.09704817947342474,0.053625360478571166,2.3804100650444875
-0.04576078485583169,0.07984559300438927,0.04818514216091171,2.373428060690983
-0.009925539945094168,0.10172278169316412,0.07012422311977479,2.4452465796363057
-0.06923161399974982,0.07165772015120982,0.0799056987326147,2.5377075865801633
-0.05318878891847301,0.09066498675595881,0.053512356008333276,2.491697667054359
-0.0564332609793199,0.07284838444773323,0.06795847633225936,2.4398401248933053
-0.029474176917874424,0.07352433152180596,0.03321578386322527,2.3072790738797546
-0.038448847197335836,0.1275655163897548,0.0552011339109091,2.5331587672497915
-0.022395248114834686,0.0872393786924882,0.07857063112181836,2.507105244925306
-0.05720093854136442,0.11782000505543745,0.06147450667215031,2.534016238111642
-0.009881259498164855,0.09837886231710372,0.0577255833797935,2.3666869779266912
-0.03819406195690959,0.11660146155823574,0.10546012052383796,2.6891703126479105
-0.02671980722203692,0.09979643679034049,0.06802030226552927,2.448597443466842
-0.020157375596760983,0.10168564505193173,0.05744148411720766,2.476489179350804
-0.007524415969081435,0.1006953787386149,0.048769116052646874,2.3926151657828387
-0.023422827950047753,0.11130977150443147,0.06029435336527337,2.461136405554803
-0.04070212064084674,0.09916646611197975,0.045929428121133264,2.420848236926592
-0.032286332607324185,0.11289029352672955,0.0513675611614213,2.4180644202256554
-0.021178811700447837,0.1060641808103629,0.051413508658154396,2.2945284374798827
0.022753879537592815,0.08442849458604387,0.04301243405525842,2.3288235602601817
0.07064010465348144,0.08953115478975213,0.0703714463337098,2.517440936967727
0.051118225142636906,0.07195458210741504,0.07273043732676227,2.290450309627911
-0.007600595039259201,0.06793173855928496,0.07614307995427873,2.1722536221709112
0.005137480944631263,0.06940627836501523,0.07562211332602847,2.192881513835598
-0.02470927539396083,0.09226433258777779,0.09753453294074961,2.3048854431930588
0.012116982622823926,0.05129254416473221,0.06544939228874289,2.165165923215008
-0.009178731799178528,0.05949455133764112,0.028741277393543176,2.0784598781734984
-0.01186680014462968,0.050528122354050756,0.04890326349556307,2.0960509533185054
0.03139360162783125,0.06397324753154614,0.06764085214915135,2.1250663538212624
-0.01880161458804992,0.06322709532369779,0.09027345433959096,2.260389996866279
0.03988785726259016,0.05315275982828041,0.059175893083437306,2.0781013639190338
0.012926981052888085,0.05166210798348876,0.054319745488418766,2.132269856444475
0.029313190882856607,0.07237749635402951,0.047466737533764444,2.0726372832116184
0.07455098018035025,0.06654129484967673,0.035047832852824645,2.1612146017810994
0.06368172755180768,0.07623216896719409,0.0807085126356978,2.199539633634729
0.023291455806429672,0.08056091451645286,0.10256925459163312,2.2810418952510223
0.030510621470726577,0.08490135032684151,0.0949244326080119,2.232463608014748
0.009685904785608605,0.09460421379065062,0.049783491919294216,2.187348273646334
0.021699439043446345,0.10419124387064524,0.08294315481856514,2.271601528333629
0.04210854967428782,0.0738968527878512,0.07914497134307062,2.228729416900828
0.022806509145178358,0.07647506360300975,0.07006570231770785,2.1672533243764067
-0.035333850663945905,0.07819577312980355,0.09994237288210682,2.233059285229035
-0.06317074813527236,0.08889500535297125,0.12122389388257085,2.59889210732805
-0.035215840950017764,0.07847974107000182,0.08145611225625474,2.282080559677163
-0.027668607474297377,0.04600564936601523,0.17108733168983556,2.8297862218966623
-0.013038494850028523,0.024823690320436628,0.13241472653848016,2.501907116454626
0.012878468908307912,0.034351357282118404,0.172445401363354,2.769766762540726
-0.019797332054316042,0.04224730776254978,0.17717359657006734,2.6737482866006945
-0.0028493211085519965,0.04297719336432566,0.154451369309379,2.530901292721842
0.010460407234359436,0.01633499839889283,0.15651959475615412,2.4731584054290594
0.020147074745706227,0.03163502143887964,0.11116108512291308,2.3579238316735807
0.0216098835826896,0.04664385079694167,0.09977652724301553,2.2797044400921886
0.0027642666872583887,0.03469816773260115,0.12123396638619914,2.408695339986728
0.04502548044486841,0.02897688751689541,0.1644714181245314,2.599184405262798
0.043829068475196846,0.03888208840672851,0.12828710152808073,2.4904297783790845
-0.028412313242602898,0.03525676770615294,0.15219930439710844,2.5309403943477404
-0.019125444731749933,0.04173237445071854,0.1419143031008125,2.647089956364379
-0.006990504804776004,-0.007522225072774912,0.11275603415125926,2.4111190290141016
0.022709393231094763,0.04099468524128063,0.14278261961193375,2.5200701271446255
0.010413055897572479,0.014748354875224261,0.16793286839143579,2.762441609766856
0.008645540124588109,0.05635505504918608,0.15336770534527522,2.705764528899492
0.05810668495643061,0.019481211133955446,0.15252428772461896,2.678820375411587
0.047116193306582836,0.010383666131647696,0.1242763721531782,2.5632996793656426
-0.011111114460475772,0.02182464679184556,0.15425460415157285,2.836554557258666
0.003155536631113156,0.07464246445339669,0.07590088482586838,2.3809746331365744
0.016157417364216775,0.059157680869588954,0.0994814227294669,2.337104579268825
0.007404021703056746,0.055567333011418384,0.08440038909038516,2.3671714226080915
0.034601613902828475,0.03206991772632446,0.0936909435692657,2.378705519345382
0.01662496768568923,0.052005702553162905,0.045643755460554346,2.270378955345528
-0.05380854838485823,0.001217084576370618,0.09793409252052139,2.4463520415345843
-0.037475933414630326,0.03627176643036399,0.05715378962157955,2.2344837389040837
-0.0026785351314498706,0.04956770806819807,0.08485513621612342,2.340973844418949
-0.01823747943347729,0.050474713812168,0.0647002841631579,2.2322983335570727
0.01639946425052448,0.05509553103462964,0.04950029595243364,2.105578521635777
0.017878373321484002,0.05090108793857235,0.024955970639292367,1.9877239624692609
0.008563346940319983,0.07748189566051715,0.01465638711358769,2.1511402797486223
-0.00014870994278314437,0.08996139887468346,0.05763985131138243,2.3311798861427997
-0.0050256241176133126,0.07285334941787837,0.04582587017082311,2.2101841259774178
0.00286036707949068,0.06979714734594279,0.04753488231857935,2.1758806710495158
-0.02222789434465264,0.07861704204976865,0.09601471915432574,2.235058091100369
0.01102983060551151,0.03806330964279924,0.08788385824069507,2.305197477768027
-0.0008493434405122291,0.029724077541489233,0.14206047619846146,2.6739398195821997
-0.020961296590656542,0.01571250556399088,0.06827102619402008,2.2011843986373445
0.038431803848718554,0.02639913995774593,0.07612225606485575,2.214418515403757
0.03017013507876279,0.03562618331452326,0.12288521025958164,2.5139283220999187
-0.015405164746967006,0.042026140126068416,0.15454453779443472,2.7657551374997733
0.027813585766694033,0.03798982478423922,0.1309972792757193,2.521641192958998
-0.023623246110196238,0.06488338433831208,0.09903341643064487,2.5078136684067327
-0.02884447398057885,0.06145799974103739,0.0666788497115817,2.424709847073989
-0.009411456976738168,0.08900120775318954,0.1315584493624318,2.649637570276852
0.011694711834762643,0.07190319330424197,0.10544053703509203,2.5431527523619937
0.0035769415778446013,0.06505820937616007,0.12358264894705999,2.5018071057663778
-0.030409517469290267,0.08065516331549184,0.05273305710700795,2.3358846132535187
-0.01537049798590787,0.08796235074173013,0.026671393252627733,2.2471431706039997
-0.031716151728426414,0.06266970728189632,0.009146152381741192,2.2870212051229224
0.010014536162856155,0.08124706913241303,0.024524875323837576,2.2229861259338652
0.011919951445394601,0.10509024288723488,0.04997080273487392,2.3392584057596983
0.005963660576387358,0.090920510408815,0.04914462372639812,2.3734398631464497
-0.03260642642546797,0.05002495990106185,0.008100057324677631,2.021816491994101
-0.03636738527445211,0.056232209749055774,0.013575458921300595,2.1425524346647693
-0.022713600664284076,0.04694545352024246,0.02147468003272944,2.045409602235098
-0.012434612150692586,0.06369769587665049,0.02371257196865503,2.0126024857290967
-0.03490781787940167,0.06326428047742905,-0.03248921512552531,2.0387000834289726
-0.026538079864073423,0.0595727390435486,-0.008649798909736993,2.007021078870059
-0.006471814060317976,0.05211319783502485,0.0006108157937922731,2.0753440359271416
-0.017099093921715516,0.0782602692353706,0.01102377076247901,2.0447906436796397
-0.03115390193561724,0.01741000687964186,0.030517598014481825,2.006313333138027
0.027545039777318914,0.053376633059201636,0.021782789926913668,2.038748855184566
0.006501427576543506,0.06781021733265655,0.04447353936432747,2.0585774501086838
-0.027775974755463038,0.06986287289888196,0.07464011325987617,2.2678965050410165
-0.04747943412000434,0.024089907426898257,0.07144258043543775,2.2077834508590075
-0.005903931900042891,0.05135020665148353,0.05558153891176453,2.0906387905028674
0.0083466764814713,0.07943201740605621,0.0474953623735899,2.1714210694719687
0.002967043301564021,0.04796406547580398,0.07160622091066049,2.2418925410192134
-0.02118883557646723,0.046889854947723755,0.07388728535577876,2.397937384275694
-0.016685866170219513,0.03749817369195107,0.11079085888558358,2.532574975627658
-0.06599898080103404,0.07537367095609473,0.07517175566736434,2.373642685381273
-0.017365073177397966,0.06226086820725353,0.09309103425749765,2.3490613541689216
-0.039192299952413426,0.04094387139311649,0.05920140218492818,2.2262402755732134
-0.02199312377751999,0.08569467544402064,0.02712467843884308,2.232799904687137
0.02201834263064857,0.07012909556516388,0.08545798145739875,2.3431709915635124
0.037160792435852935,0.04647249923630126,0.0655131403831876,2.210371741736952
0.008123911571665912,0.043427081593145796,0.08116883814451631,2.113788708651131
-0.05233312983717436,0.024569721465598673,0.07391520970783097,2.427321617286175
0.004152836363393353,0.055934188979969865,0.0858374705003789,2.309338158133945
0.03689735485908495,0.047597801987105594,0.05362825860354017,2.2075224521795285
0.008555127260160502,0.07346148142950941,0.09575397507202073,2.2955828326897922
0.003405548141139043,0.046823902464280184,0.07464476394521034,2.3060002533410615
-0.0028266348556743055,0.07704576136366069,0.07410085645392214,2.3277188284452217
-0.01603285708785306,0.049076779222795075,0.07770105769864431,2.25638987240531
0.003718628658961615,0.06074864657462333,0.07362673834894307,2.294863613967751
-0.0029133881798495955,0.05254615046724832,0.08624044779005843,2.36985070081461
0.01322571254162811,0.05743070907502249,0.05748283070182473,2.3242258894381
0.0234981688702303,0.06622335809655906,0.07072432249706012,2.1653467679835368
0.01771969544158172,0.08980179006613391,0.04697660145125212,2.167145468009261
0.007217518944569899,0.05023641044308049,0.06873417883910281,2.197748252190776
0.0325240409109899,0.06627258706963263,0.06029006648413583,2.118070510543463
0.00872702441712757,0.014942625012780188,0.10519620932610155,2.2828047540635126
-0.00468759244651042,0.007053920395717778,0.11179495575071678,2.3325185718519594
-0.025787499594093474,0.04949274250834644,0.0781627698585328,2.2117107724862306
0.04754535168712737,0.03840712363545488,0.08966936957229364,2.2096149799715388
0.00703975734994531,0.045149786885777664,0.0797568438984854,2.308941653651513
-0.017092000666908445,0.06449771052699757,0.09025018850346973,2.3188826330405443
0.03473831976577571,0.05885683561832388,0.043667415429892865,2.083615540858534
0.07530990226953312,0.054738461064643855,0.04379226287480405,2.086771203606341
0.010136440364080705,0.05596870400682817,0.02703918470459372,1.9889727154824066
-0.012242583803898888,0.11366031452122435,0.03867175203959857,2.1528039162909005
-0.025036411600810576,0.07943385105039302,0.04744654301086564,2.190229547954599
0.06389448216434267,0.09096109986707167,0.051563683856012,2.2445122064453917
0.010766161465007385,0.09685910120885144,0.02764006273212845,2.252234242058897
0.03702462745446145,0.07486427217229027,0.043458315765129346,2.2009523721452453
0.028422750922972913,0.06274823559281188,0.02973106381551174,2.1798801455089265
0.04575136628029931,0.0694133379381558,-0.03863379917321213,2.21371297672222
0.08147968796320273,0.07106504259823676,-0.01815225971632011,2.075196063482945
0.021366108448574637,0.05919389515910838,0.06448300074868411,1.9822270401748445
0.012874525666455482,0.047523402447562264,0.07291874672283598,2.018351082018042
0.0387334519951728,0.08181459695385784,0.0827647061857846,2.311733573830515
0.019464274558444822,0.08215560802037893,0.08352773142484318,2.243701626960173
0.050464108437678505,0.05557720672920093,0.0711069473398533,2.229215016441258
0.03846330477522008,0.06225479106092192,0.05184889681865266,2.1805180651084832
0.05070309364602948,0.05181171483537475,0.0053032962473683705,2.1777309555837108
0.022835217144940752,0.06862919822266823,0.04098624616679779,2.166988835498125
0.017705222385172106,0.08523324537090278,0.018313718043684334,2.252084691594981
0.03853788545309924,0.09678137660332635,0.02241140277842045,2.2821871970900096
0.018363638312712538,0.08081569803578054,0.051742206355674634,2.2294461622628954
0.03496621868900157,0.12720827625088138,0.0035289498533057984,2.3632467159996042
0.018866296921610255,0.11276848647089498,0.013126514034029547,2.4102545342679003
0.028618698946565317,0.0867115580534568,-0.0038865256814667607,2.2478219897143776
0.09058869482686335,0.08997178160235668,0.02103366478659867,2.2181498221190705
0.06751381299880255,0.08948498528945865,0.023595952428536036,2.215876826989513
0.04596527564875514,0.07794941887469134,0.0067720502800245564,2.159935160223927
-0.006877155252666386,0.09429876108196926,0.049060140228572136,2.388811698019321
0.04461549893591959,0.10685131413774057,0.06017889771515576,2.4648823949361764
0.06173490701135214,0.09681705751731307,-0.006167685525621226,2.228948100841811
0.008536834370893148,0.09425479601211735,-0.005812755178324244,2.1891706120403653
0.03273772025397941,0.0993327030121257,0.05637747821114118,2.276793071814119
0.04656312137225811,0.07644508061060509,0.024611408270807322,2.0953494484105986
0.06827579434604233,0.0661587850236073,0.029476259860668007,2.1424224235398044
0.02674165733773801,0.0908279913045751,0.0344374621074393,2.2091612605907907
0.013184131111464065,0.03938052247246299,0.04031186744944441,1.9461467513395394
0.06236084608558884,0.04483929705898636,0.03833771083507788,2.084280981480688
0.012259704860641006,0.053680613899747216,0.04850053056829716,2.1129230648201927
-0.01504589697765962,0.05560284176432367,0.0600401923079475,2.132534583744301
0.026144089977183343,0.09972042476306672,0.02089060563484138,2.235253348385087
-0.014553681247938734,0.07592140870798074,0.08277234947631837,2.2617106594384815
-0.0010999723284000798,0.07084764484648727,0.029638573747126532,2.0929521976314343
0.009130051995936559,0.05682988871211383,0.0669630310041638,2.0704232917368195
0.02863468604642073,0.06459828699287982,0.054622184815476385,2.101890827619427
0.04617320771961076,0.055293496860807735,0.06995183758360621,2.199377648321194
0.067904022491298,0.040783019165115314,0.07014013589356789,2.3130754050713396
0.03476702369424975,0.024952486227238887,0.06913525406476287,2.1693332296384384
-0.024990055710470194,0.04278725775467181,0.07630271457916148,2.1981860752064972
-0.04418795016147372,0.052123425437529125,0.07115448477123204,2.253630854893803
-0.061036428650994165,0.05299414678916368,0.09516147701564381,2.4134188654699344
-0.07582355527196438,0.011701974905385437,0.09723993383519043,2.6025908244447096
-0.07452064488522074,0.03653109328661944,0.09719123801717405,2.480535734198173
-0.05067676396836749,0.044188537221033296,0.09551732371496777,2.543761539641504
0.03016363935453448,0.062030623050759376,0.08386802900691004,2.129426587003731
0.027449605687623318,0.09142730816993642,0.0633032303284207,2.038193123525424
0.020218859089392346,0.060605306690400845,0.04289908508385795,1.9768391489403632
0.06702058691775184,0.06504929290013224,0.019129714322090815,2.0376567219535318
0.043106139646718646,0.070620196898812,0.030670176983794168,2.10770590956423
-0.005232772166788369,0.0776787628404716,0.07998049455803743,2.313716948878467
-0.053152812784207255,0.06290332052288407,0.057876068516174564,2.3517993464546203
0.003020336711263355,0.020321732243412882,0.09947454511274237,2.2322852134729363
-0.009262382763929777,0.03429537317047081,0.10532306926789516,2.2616486836913694
0.054172691298375174,0.03595776668178567,0.051490897610903294,2.1624484527786776
0.08274645566352312,0.04259125415896905,0.09642814535222054,2.2821760569486678
0.09457086426112903,0.010879499393393563,0.0960577348486143,2.308737993717218
0.04020715328300638,0.05039250496367412,0.0968307309017473,2.2153839124988854
0.031366038148879324,0.028202208129280423,0.10617955253128201,2.205182522325891
-0.005130060141414907,0.02703105216598296,0.06301508638082169,2.0841591007841185
0.0012758661676971934,0.03570085061459453,0.07414771006490524,2.1208229314928473
-0.01784386327922758,0.03630320511797769,0.09180654401444537,2.123804182311239
0.010563977334841972,0.05275985156164081,0.04217437727621578,2.020656066482469
0.02643905929904324,0.03233026956780915,0.02788724352545271,1.9433537170500095
0.0214798201684437,0.049236034336991516,0.03134657348664583,2.004593408348008
0.01971060993171138,0.02438185257079089,0.08664932471692113,2.1563937517660214
-0.004875575936894823,0.07501645369794897,0.055943597487142414,2.1587401353536864
0.0007696936599529509,0.06740548438332351,0.04335458547830236,2.1778373473452763
-0.009176828904301599,0.074346914327672,0.052607827019729735,2.175866683848074
-0.030835465869972954,0.051969975838752125,0.03906626793820445,2.05919631429999
0.02354004384336106,0.06208481308184478,0.01391903920327074,2.086144652718898
0.022476369842961322,0.08569231293519004,0.024706560454640984,2.13318744490436
0.010716353105923586,0.0730734336937897,0.04737726075402418,2.2155537002216548
0.01619042165843766,0.07941063116642312,0.05812175308632458,2.2152896418900974
0.07068030995690286,0.0961332036407235,0.04204933851009924,2.2396461106869703
0.042238817794478085,0.09270721745608539,0.058792289514898795,2.2417891533481926
0.0508910667959955,0.05456864948069635,0.06148188678178135,2.0982569912559885
0.012380647090443089,0.057301765712361605,0.10008679084084805,2.3643750433063997
-0.0014223540763434084,0.05597118371027295,0.0399656669588591,2.0691800335366097
-6.36604252037546e-05,0.06065965394951065,0.01921755682076966,1.998906462150321
0.015079164760517952,0.05568374311011206,0.01669646757199087,2.078126308886789
0.01500824814085421,0.028980727817091215,0.05852802894371925,2.112971970328334
0.00814914580155989,0.04162098470550261,0.015569971142137918,1.9384543145359878
0.023246087808794082,0.04915877047599,-0.006256515416349201,2.021701249830894
0.0271635387168134,0.03565499669760581,0.016169006457616725,2.044060701046184
0.014631337577342335,0.06261804889895166,0.03547351231156061,2.0799281900523106
-0.016498472464240944,0.06558763488422696,0.04049530442181229,2.1591538428596677
0.006055386110449069,0.04548140806979746,0.046608864248984694,2.116477878065893
0.06175710496027241,0.058464481380359236,0.03338320510141228,2.1184362604715012
0.0018617770775958356,0.05376437414405934,0.03303615975946355,2.0254777931770285
-0.013725103044563957,0.034117571563018735,0.044857007461272205,2.0291634370670515
0.0037404094437916567,0.060640720620849506,0.03838466897813377,2.2355756287273287
0.03340160687594,0.029604534352307,0.03921744104114453,2.0774585318672067
0.06595685923364733,0.04228092498001063,0.0877733650181026,2.3503113044189328
0.028015601142198428,0.009057371160740875,0.04088784917306399,1.9894846089724116
0.030977946662957556,-0.006312244514127233,0.06663149781943685,2.147001142308672
0.06088424572193026,-0.00461594625999445,0.04070727584791623,2.076695755871549
0.05119500869020558,0.009953165015893864,0.05936342746286491,2.089700822668666
0.06010830402894229,0.04282174194291201,0.04038190000968594,2.204484958427379
0.06083928651745327,0.005937175382720487,0.039665059802710366,1.998131246128424
0.11815686401704946,0.05921559295506442,0.012774566752490732,2.1996485890748585
0.08044098667620081,0.04734881296201506,0.041787755855957544,2.2011363871564047
0.08397893300029852,0.028703372290962075,0.0472736400327507,2.3519763127011477
0.13130774420216682,0.061617108094993045,0.06755089879526818,2.4070750421575138
0.16149393806807835,0.09344924700803058,0.04726970526739359,2.6185293496611686
0.08206758137599483,0.06138864159565576,0.01831041424256584,2.299566183745322
0.03547167619483995,0.045953802540299876,0.0323914622519261,2.147396174979926
0.019343358699553094,0.060106006433447205,0.044390504005160744,2.3408967866142008
0.05229764890481986,0.06245240826303405,0.017452131967582024,2.1012983206484814
0.024993299076445392,0.008961941365594138,0.04096895197139953,2.166388944025326
0.050196542731460396,0.059349974344628326,0.040388951744474114,2.09211424295084
0.02089262562310323,0.013788537778786856,0.01682750956785862,1.9459746361065706
0.07103106761202557,0.023196242965572593,0.03788066131453688,1.9999027523567237
0.03604249183191569,0.040015905812652484,0.025684459062816464,2.116950319640473
0.00980437260969199,0.021992014174196505,0.0398202351984136,2.1705554059322774
0.026832820125991842,0.04584891346047964,0.05892352940488417,2.145542833832571
0.07443545475468645,0.0011173318812169313,0.0849831621361328,2.2899758826515426
0.06166296672336513,-0.04892931900651113,0.08994453008279121,2.520895430523645
0.04012081799353775,0.023815331142624758,0.07741635037588587,2.303804752818398
0.05360249725513119,0.026883034981969298,0.10245580298089806,2.7602735202284445
0.059130356195514884,-0.0032673022083199235,0.08077960671973712,2.5234958270340857
0.020566098911415417,-0.009423831667044295,0.07089991181080983,2.387926683607702
0.014947145827128106,0.007946738617598233,0.1078900976864677,2.5848033056300843
0.023205734361272504,0.03498875008692303,0.12322919752329743,2.64007456517012
-0.03182497945157609,0.02925683988672867,0.1367784310938062,2.6459910100837187
-0.019742849603477164,0.026470485345866514,0.1780380009011383,3.000545414408014
0.030768034551167257,0.004675908288379722,0.15434076146580028,2.8668143502888546
-0.003913161637435058,-0.0035024500310754185,0.12832042511856087,2.6526498556807723
-0.0030086309172717837,-0.003801797677377351,0.1709695216636517,2.8135345813536237
0.06844597066919605,-0.060511849856774054,0.19923164072262955,3.0517359664298214
0.0014487798558668035,-0.02974680983366782,0.17917277023758715,3.0264459635770993
-0.004943083563347988,-0.0416255577209812,0.18497936189884973,2.908586986358553
-0.053934437030020724,-0.06161700025545295,0.20395179894174614,3.3126249169084203
-0.06414714293409472,-0.03861321247731317,0.1828170767500754,2.9966177106593648
-0.004269690175845051,-0.024856054004570128,0.13268843540773403,2.548322902597295
-0.08019104261656028,-0.04724030891821789,0.1630426510350457,3.072473406776105
-0.037297693370432296,-0.048978525318906625,0.14749414387154697,2.806941078146739
-0.01960732378345283,-0.015203687881001548,0.17281930727647438,2.9494300740346393
-0.03316710212874497,0.0013572214894981025,0.13887792659116813,2.7065419446982752
-0.04040515984659826,-0.005845575606306611,0.17725369189527762,3.0692173630890993
-0.050335826293510806,-0.0021916092859360836,0.11111146936161517,2.6684554810274537
0.04537312121746454,0.0036396873231418106,0.1572460484207765,2.9597536892628735
0.01682536663503145,0.023060226367174867,0.11763736778026457,2.693501179093903
0.025094254742559042,-0.008347098943201963,0.1170794188029661,2.7586582777140003
-0.006192216577245518,0.0029926497081243834,0.1380564068721833,2.7592878855897216
-0.06941606710294036,-0.01116350434781914,0.08217562219177237,2.736807020943663
-0.057116255065683214,0.049208574459931466,0.09060001564609646,2.5750952258616846
-0.0389528080798347,0.03978938042907554,0.0675297663095353,2.356883425376223
-0.005918705537708631,0.012196285933044749,0.05045537295758972,2.368483833251582
0.02939463552286953,-0.0004507770388884209,0.09072918841262786,2.36672819773899
-0.02644418256761635,0.0044563070001801975,0.10331320345000698,2.325985022925349
-0.01308160213513676,0.015143052139887326,0.060796794462913244,2.311878928066124
-0.05072305389186912,0.027646414528492556,0.06999902267324977,2.550495747844011
-0.025223665091950478,0.0446016795496928,0.03719580064555789,2.4566094750686407
-0.05264121392413031,0.08298152680045871,0.019395985925163357,2.50300039733319
-0.02543832432248272,0.0758889782199343,0.013270912552148052,2.4071865435452886
0.029890680875676676,0.07449386850223359,0.05308477954056211,2.3512068753304947
0.043702100075646566,0.09708519550224183,0.08011338248548837,2.4771651688226317
0.05434238544428912,0.07667680705067395,0.06539623522777004,2.4084003743156432
-0.03530077826271682,0.03256555025708411,0.09218449605154048,2.4678185699858375
-0.021390900331788948,0.014547999165580939,0.1065918246921026,2.508725980497072
0.03850826046968742,0.03716841433071687,0.06186118521476808,2.380684272573674
0.02172405472000098,0.03903413307710725,0.11112803361502162,2.6039797175093593
0.018537210659890696,0.04167462380009618,0.10131822817376249,2.5876406266597964
0.018022679501748587,0.0066769057823973035,0.06685735054284071,2.3432746363734163
0.016372641914194266,0.03777751753825326,0.11913563908400797,2.6095598407862193
-0.006157719103196606,0.03572145561281326,0.10173240909168471,2.5043648188482046
-0.020825815305660182,0.032389538870101243,0.07070406851019573,2.4070931761787033
-0.08013266309774845,0.039411380230923554,0.07263844714407848,2.7634168202409417
-0.08709688359654946,0.058464172975396606,0.11300396779568461,2.9590052764543247
-0.12091820787774621,0.041452986917590716,0.1325870253557292,3.1447618692284887
-0.11783540124442696,0.015210745353581596,0.1379221551090369,3.1754957674997786
-0.08287911175063527,0.047996951768026125,0.08591064803063643,2.640468066049547
-0.06522667942788277,0.04635667816505258,0.047945841418427046,2.4872386276512937
-0.0844962378164317,0.07632652043867526,0.07224759434973055,2.4845096008361582
-0.045025630342940305,0.07507720439366244,0.1535702853212969,2.8991542296683592
-0.016471365971054888,0.08037582648007328,0.09905286597982678,2.641040415483434
0.0015205753692210974,0.06875612292210297,0.09379350077304158,2.6852888609085794
0.027822868949564983,0.06668549759437367,0.1068427646099091,2.5013538092856034
-0.02259838875734426,0.040982812179990676,0.02545327304365994,2.264551016968754
-0.00888633087289808,0.0677683475160385,0.08572040945392717,2.5865246035449747
-0.021348631390483642,0.06564651849806621,0.024305265838333884,2.2303417107453902
0.01685568339627998,0.08568735315338807,0.013663217980827922,2.2811417207901052
-0.029005022535676776,0.10733003775915628,0.04632490987367384,2.41835176213029
0.02228805512280429,0.11672569874501937,0.05942687776793533,2.491282185692944
0.024148183293080716,0.11301612785972344,0.055400652737716286,2.456167745581543
-0.016730737264408924,0.10294143868924954,0.04512285560862348,2.4854692825719003
0.006077904141138646,0.07849146878554299,0.042760976828213046,2.4489738540125723
-0.020074693786157574,0.1195849369446064,0.07703044641324161,2.647470511697123
-0.016645434650030627,0.12790338072688676,0.046436490655892206,2.428592535988718
-0.02800221704364381,0.09076801824807625,0.052207709517840324,2.409888460067309
-0.04788630990072876,0.07949842245313739,0.012002274153265092,2.1819641143578337
-0.057482708286532284,0.10764578855425617,0.04070575127533571,2.5202044159166905
-0.06406148984923954,0.09225888305312473,-0.00017852560400090486,2.2513564745089485
-0.02201575096964627,0.09518800839930895,0.01714085157399843,2.137867380531366
-0.051872107581894915,0.08727061282888221,-0.001250676433784866,2.1074292339028218
0.0025888876963658207,0.072344623777603,0.026128339230889495,2.0052940952997944
-0.005154240955465606,0.054771741482564015,0.024934924387936,2.027799952269576
-0.02296277155029243,0.06944934330800126,0.029280682669891072,2.1208585104173356
-0.02431632393797261,0.08820352371931889,0.018433914786986503,2.1151183779877236
0.004787679193155501,0.0900156354043874,0.0005190218489842164,2.18510389718126
-0.013754403585738978,0.08296376912523203,0.011015515881575401,2.3010341948432296
-0.012821793306667195,0.12319856089170804,0.01923608714763546,2.4285567085777005
-0.042682047429282166,0.09765774948870948,0.020128148851750204,2.4181215124012847
-0.006274298201571181,0.09176733750903833,0.05553840634560539,2.2574520396864632
-0.02436353142439119,0.07576184060234221,0.020617156452978683,2.160156504445037
0.000659336170280771,0.07754655167318199,0.03019472702621976,2.2340468424019617
-0.043083779867128115,0.0960956186661845,0.029034057483130142,2.4137160696393343
-0.05931420980487219,0.10771493238951405,0.024844572949416797,2.5399864775652143
-0.014007391997413533,0.09997782100770855,0.025683146336421103,2.3620466474722157
-0.008909140725917152,0.11244117440949593,0.012844258212204826,2.4034562332546012
-0.02170677590986013,0.11187672746608199,0.02293116226626411,2.4370683646521827
0.0037050503205414286,0.09063966998921344,0.004607727668577909,2.339730653335961
-0.03834867748032518,0.0778148257350053,0.02780994212051866,2.2318499089365873
-0.002174631864501526,0.06763877286138982,0.018439368509156423,2.1846955317885812
-0.03208893705225854,0.0896240152550035,-0.0009633164447289725,2.2877867964778384
-0.0040121289165381034,0.130189112043036,-0.0011098239396228795,2.409749135092862
0.03374696925365404,0.11568378925733827,-0.00690945258826423,2.401358456419987
0.0553206483096461,0.1229075756585597,0.018923839428677466,2.52301746691241
0.01357747753298643,0.08899342555744011,0.019065398255328526,2.228493024795589
0.015940687251262634,0.1114619486417073,0.011147091558999005,2.356896616864564
0.007047165552844651,0.08353574239091531,0.02635160105277979,2.1510118645551475
0.06233489955568996,0.07237061866297854,0.0422157411324165,2.314454771812643
-0.007660541390970663,0.0716446984716,-0.0037396482960514355,2.13459097952291
-0.03415011670568736,0.07263254579851128,0.011522614427026196,2.1724531085275354
-0.013891013863685254,0.07432804447014255,-0.008538184852155559,2.031682331936587
0.006766338088677379,0.05879929251802084,-0.004106380029164783,2.185107112150259
-0.005873723099888551,0.04969538201394441,0.012614000583567849,2.111613847539774
0.008584085121500717,0.0889497540530525,1.762964018884618e-05,2.204528910414404
-0.025983981931489063,0.06418465046186532,-0.01313781586709826,2.069784083836198
-0.003219273825295166,0.08580587315919325,-0.005076565234224346,2.1327633474752843
-0.001441122801380977,0.07231722217103331,-0.024730986506266865,2.124254280647682
0.014202734330293634,0.05763283788247935,0.022923793912111037,2.0403369151600046
-0.007469720476840818,0.09408060507602471,0.0013498624496429785,2.133877171067922
0.015324672461969063,0.08931781650791233,0.026618526546797174,2.142574116019629
0.0007501072772164033,0.06956401583837088,0.00861053619157445,2.122082855154783
0.05638150191178383,0.09464830980592218,0.009004722764274444,2.2078472457391305
0.02511302620589963,0.04597943837155214,-0.0028464330254407543,2.166080879670988
0.05183591524895858,0.04273399389534413,0.008591379700039793,2.0778539549600374
0.024659538612311266,0.06830339679123874,-0.0052427282610625755,2.061946843211783
0.0034776073843127754,0.06702252545807587,0.0023643354169079448,2.142511268804745
-0.010844331041431125,0.07346483610127656,0.015922568297040023,2.2560491899020856
-0.001857890177037501,0.08446493923305665,0.029653347679922056,2.1547248357131354
-0.03966133446866045,0.06124465113798078,0.030765096458565337,2.2443798744231906
0.00443360668602151,0.08939149578303698,0.00796805568576101,2.177801023438728
0.01893609087626691,0.08408200389514195,0.006277265872434074,2.0566504051938326
0.015287680267638938,0.09156584189155084,0.009645362161117874,2.004516723018304
-0.011784961738588756,0.07754680457383657,0.004448791558995015,2.056539671887199
-0.03251501380858357,0.08801607758693454,0.02408999050856646,2.130097528332702
-0.03373882182974128,0.10996993292048299,-0.014507113974354478,2.058989048282462
-0.00120086485046442,0.11455836026621544,0.032628107462381,2.303407182438599
-0.04878931776359012,0.09002363205684599,0.028017619730616863,2.242953809049227
-0.03476602013078759,0.11309117769763981,0.014942124008527256,2.3347218165477366
-0.05334026485038828,0.09040775186459148,0.004346257918255741,2.221137779807349
-0.018676423250792683,0.08421751453171146,-0.028847676971848733,2.136463477690035
-0.037685804325083394,0.08065526446674988,0.0028842180670145055,1.984566252327883
-0.05956161142313609,0.058347128824174324,0.008053489027939833,2.183785833396456
-0.05348013281996808,0.0838409330147766,0.02506865182143517,2.297429865054751
-0.06858436745843308,0.07478920778971743,0.01873797324841207,2.2457267084722696
-0.042639454119356136,0.06392587245444427,0.05017485675477058,2.0951474637951657
-0.010856868514448842,0.09076278266452822,0.021104754296745284,2.20754886277317
0.004089535720706817,0.11338872414938783,0.01614940274518774,2.3123880734668747
0.04398550373245298,0.09115457461247914,0.040769082320414096,2.1883998571068775
0.017459564603010663,0.07756038435803181,0.03796982164691524,2.100431642567404
0.03296436081000463,0.08023273838496887,0.016250803300195807,2.106693173916989
-0.011844356487609006,0.07114326190735346,0.01919818825869853,2.1293002409659687
0.022558066453929593,0.06322413110355633,0.055624203305529286,2.044362295701006
0.03106116746570853,0.07754460389760794,0.04013690060310233,1.9929214330014162
-0.007946207464300463,0.05860041874441677,0.06504855777345532,2.103966290914659
-0.013479841818041452,0.06704855534201141,0.042570221408895846,1.9912371739309893
0.007658938681463702,0.0684991694575317,0.023610517428692662,1.951579703055429
0.029780238149232093,0.04918839836678867,0.06207948113156992,2.0631771523240565
0.02244405620863727,0.053618852981389006,0.03932893937270995,2.0141233470587876
0.0233184743158269,0.08816647734182922,0.022371266984116133,2.06713597732885
-0.003100975508129164,0.06293234438938232,0.04569006334103986,2.0921946639060995
0.011000664180906693,0.09338608710577781,0.06073338248414403,2.2811057087417432
0.03127873122472091,0.03624513329673416,0.09163504334539889,2.247254625969106
0.011818989066423412,0.05006484125814693,0.043577521085768525,1.993193689540734
0.0338961354975286,0.08229137319102373,0.029940527441973508,2.0635278660340695
0.015615523572150364,0.06594662632701512,0.03513595940854692,1.9934244157682643
-0.047532368754884834,0.08480134588524313,0.03448688133443217,2.145085953514806
-0.008275945170577795,0.062212185343302404,0.06014440028091602,2.070019515533436
-0.04383326823516755,0.09123466989129173,0.04933842220007846,2.261490112092609
-0.037695995631546735,0.06875419367736976,0.07962985539493048,2.0594083561975167
-0.07217510039842498,0.07977393856982212,0.05037742911340541,2.0747793640228713
-0.020347919145088565,0.06092532282465154,0.06402371529648532,2.027453555877534
-0.014612950271647149,0.06770247795168838,0.04796228110951364,2.0542465184209235
-0.02244173065270997,0.07385348220333111,0.033318226878024305,1.9884832197123787
0.018683420365840135,0.05747398397972271,0.023594405840884212,1.9744142632100643
0.006869107339535976,0.07805362514563008,0.06111416748737342,2.1177545375834086
0.027616754021466308,0.07379366640948823,0.03889665400585374,2.040481646006664
0.058334929313113175,0.08705715388434697,0.10110212452195516,2.479030694772925
0.10562190850753898,0.09261284734190223,0.10424208135302221,2.4710137407471526
0.028033425791087665,0.0741574974349794,0.07092347054887965,2.2008903487282114
0.02428235933716692,0.05862921796521195,0.0916632548659925,2.2992760248478015
0.05535307461475996,0.08325564979940211,0.0719752453352263,2.2572814650008985
0.06348837423731923,0.08342760196392585,0.10687606841110232,2.5088791663692143
0.0827408309012753,0.0857494454865284,0.05814708726665734,2.2908267597499408
0.04893143491115341,0.08086016646290652,0.05415269188709479,2.2619089930524576
0.07359567712231319,0.08260746782262561,0.09082239836873064,2.5423632948356816
0.08727162491583831,0.11574587612487741,0.051186911824255256,2.356387154682069
0.07663673261064335,0.11343011246344778,0.0765177681862573,2.439489283171308
0.05995206315389226,0.10095964510422843,0.03747437485958506,2.1923540465324485
0.07088227409226414,0.11273946056638183,0.10533691006546946,2.668246147553898
0.05427351333641349,0.07020841982052556,0.09178559283680655,2.2898664558956345
0.10850712752295813,0.08447276981151777,0.06381494336891516,2.513900329822533
0.05617791672950587,0.08301140014310386,0.11131455986893739,2.550195247772411
0.07379709930589856,0.11377974389933886,0.12547039506530805,2.747028005966987
0.05253663551749018,0.09288312637071106,0.16628838953210343,2.939930641248276
0.06397020708659656,0.10539706369105456,0.08699411129163653,2.4998368309254517
0.03544108260653677,0.08915409075945069,0.09152310532459218,2.300250422058841
0.0569845515996018,0.08482318911163443,0.08382900630882507,2.3050506012477947
0.02189352272417598,0.0937156206285802,0.09257263986595306,2.360766947783775
0.01046548114867056,0.06378529329587783,0.10213760153928142,2.349128341798403
0.005273405293405329,0.07346022940549049,0.08546901157349926,2.3217894399246064
-0.022391552475224966,0.05620297653205782,0.07476489083831654,2.284712916658949
-0.03205873668698932,0.057024818181542716,0.11773783121389249,2.489620918588991
-0.019022283860570182,0.03508299437864528,0.10528142119190292,2.422588908273633
-0.052353540378693386,0.034928641311973777,0.09167554937014633,2.3859173894667585
-0.08141951546211919,0.01345120705568773,0.14190807272682923,2.703967182707305
-0.03160472014296419,0.02144506952990831,0.14575005710513453,2.784847237794315
-0.01628657404179956,0.04648704759319443,0.1461926845555019,2.6809129152080047
-0.03956145847306353,0.03461848231139197,0.1108518455466036,2.4624399744990932
0.013894110982869601,0.08331021284665664,0.14438435738268382,2.8013285715856853
0.028262223299721303,0.052387708251250366,0.12252053646567398,2.6409757042027735
-0.04172666259115705,0.040413985034081286,0.13055826979158577,2.696000069218107
-0.0008074065859495634,0.05117991087224902,0.09947873819324635,2.4225066732717044
-0.03889351641631813,0.04919212351264515,0.15364883330257234,2.7586576599175183
-0.007760094163618125,0.058513202622154016,0.154151751511788,2.6333959147716786
-0.05782018295875335,0.06842166558247315,0.16608125029535403,2.93093884952055
-0.028114461409573775,0.03925473179336524,0.148356790528594,2.5431964054678655
-0.009952076015144537,0.031204599056710875,0.09711976392081635,2.361207993994919
-0.020839689737070843,0.032926890992914536,0.07958257980988054,2.2537239180534763
0.00816326311597311,0.047306024506555445,0.11272369133012201,2.6276427368119433
0.03854219399099805,0.05581326018344382,0.09681602953917388,2.466727803830946
0.028136366327173114,0.030287756935349013,0.16173136916326536,2.639845173646207
-0.003620036748338452,0.03869543211289652,0.1061602354070826,2.341781972455792
-0.016767562950011364,0.06523709283036594,0.07455413412701184,2.1843650121670417
0.022305727214328008,0.032522181192417225,0.11337983238512489,2.352627982045889
-0.0003399995697115272,0.015068109177011046,0.08681191893141871,2.310508319750492
0.013312192706454035,0.0379469516591234,0.11015151005905743,2.472243736822352
0.0025405418190061757,0.032310381382502015,0.096089129901741,2.304689938490994
-0.033562856338309625,0.06403877100299919,0.11087413728482708,2.5097167684462005
0.012709087721470823,0.031042721656976465,0.13986599713699827,2.538950880530525
0.044875596366719714,0.054291688261592384,0.13154201822726727,2.559202690336387
0.038644304941415485,0.03982769554638221,0.11324451814626824,2.3941200616362948
0.0039043708584281323,0.028572481342162722,0.12377308217142552,2.4905403647445388
0.023549669234145705,-0.005509068854161453,0.1858103357028525,2.9891353373835248
-0.01009286105725141,0.031057946968781197,0.1700865633680283,2.867956538818641
-0.040754183519171296,0.02203108082464143,0.1361153810508637,2.6165331000556615
-0.020799681787873704,0.013918708358023838,0.14433091528615155,2.5431579636819177
-0.006964647762880883,0.020340388796726096,0.1990926773679506,2.904319234922742
-0.027763801885523316,0.019013162573529124,0.16221887357047224,2.5846088368777966
0.03815702688098958,0.018713224126741333,0.17044290580034366,2.7466220901508906
-0.0300769054352856,0.021634671981674534,0.1382374841224545,2.62180885409242
-0.06205025864762664,0.024572076026467455,0.1787057849006877,2.9746849500649444
-0.059605981820314013,0.02501332862514784,0.13773579523361015,2.845910835356616
-0.013879077281929445,-0.03703505454183044,0.19943606830184418,3.0822114641928677
-0.06923806562329632,-0.016415784514856972,0.1782952321718556,3.0046989104532624
-0.06070303481055103,-0.008740022324343778,0.17887448392393424,2.9262051503707127
-0.06998847519090323,-0.015231036753497715,0.18462330427177107,3.0210628618120814
-0.09012082773290217,-0.006966345179731577,0.13734397975228477,2.8654477587588265
-0.12436884746988226,-0.0022384931273772882,0.19088992715903785,3.358705278559762
-0.10084060317675532,0.04979386714538208,0.18117749665671484,3.1761846696991216
-0.10151408527295779,0.024315849316206475,0.21011777650470786,3.299242538551819
-0.12125794420618384,0.04701013386361923,0.13906972397510925,3.0514189840266512
-0.1259347745055209,0.010431696953612717,0.1039829081076768,2.903941812827432
-0.09494484313161418,0.022420941817631393,0.11693946920191221,2.743356714549778
-0.05741891414326613,0.055915728786704255,0.1370020133713535,2.783662321992984
-0.1176382817547444,0.03416677567805924,0.1371811910706632,2.883990764387045
-0.12659022529392724,0.01772889321063418,0.1316469679961338,3.045680157504582
-0.11446270767365295,0.04761395083468561,0.10791068433939921,2.7714760029209256
-0.037414532649591034,0.047074957048128446,0.1457871409886046,2.4678636456692864
-0.012857130069829173,0.024445737726278418,0.06586389477774124,2.0054453541156327
-0.00480879804639208,0.049619081021413464,0.11051206117375556,2.48786512748361
-0.0434708658601843,0.06895869230385161,0.12939144208144723,2.586805387874205
-0.051027622607116775,0.0571662915685815,0.12023362842766089,2.445245206628936
-0.0832764818981725,0.014100208909824595,0.12173283039762625,2.6671740976676426
-0.06123754945383396,0.06952745778719668,0.12603495978001655,2.6244947906395613
-0.03218657582174755,0.03699037331879558,0.14658463681252282,2.605041597248283
-0.05577770403470349,0.07123077319374019,0.10419073234560237,2.365102589273522
-0.10074595331150363,0.08823491935001977,0.06063202123094115,2.3530800371506406
-0.06274283684254008,0.09674012065744417,0.04087235249615014,2.3561251280824935
-0.0719758755823024,0.08448134318551026,0.09363541231950727,2.4360286929354555
-0.046667517192873056,0.08782233964883512,0.08323465705588651,2.279406108919221
-0.05688272279315657,0.10012071443113775,0.10649926606803335,2.48201828709075
-0.038178547702448634,0.1070296587143389,0.08984051997278661,2.4681285834924935
-0.10501749563442198,0.07619700903320471,0.11570592462528262,2.770557519760435
-0.055541338323522475,0.07165497943164006,0.12906001876084558,2.6345042303920705
-0.1149793302132024,0.03912419758276544,0.08962771388033317,2.5989431203344693
-0.1360004653482441,0.07106079106149739,0.12970703201684458,2.8523183399344534
-0.12855086169386273,0.04980415111172955,0.1053349975792987,2.7498390645787625
-0.09306819520784093,0.051002336046195716,0.10342717784357505,2.504721238986557
-0.0893864726073176,0.02716754811975103,0.09938427636675966,2.588758739933148
-0.09160731719370764,7.399844992437555e-05,0.16852177654517259,2.8063579782489674
-0.03618276861067297,0.009836968440847806,0.12595541740079658,2.4179388121072254
-0.10684084734627872,0.03620510045746373,0.1156684676427279,2.603389618915282
-0.11385434546004651,0.07244820828725874,0.04482487387351042,2.3836497552733658
-0.10694156759187447,0.04718800986968753,0.08276044225504012,2.308679084234564
-0.08026484656551273,0.07841839877715695,0.03565096033087665,2.309319980914477
-0.11736496056913193,0.08309262101778828,0.08854516248934823,2.6110345306132627
-0.11285137861640536,0.08609543945422421,0.0851525355039407,2.6604211936504427
-0.11141320505001405,0.10539778907463593,0.03736795456409595,2.5356621244051807
-0.17374903681667533,0.09772510159744395,0.0791339816548545,2.9678787291253896
-0.15133248018794662,0.09525585197879223,0.017008019026966376,2.6615381810477388
-0.13161695034466667,0.1077495397600413,0.06590735588620032,2.6279868630757828
-0.141205849315024,0.10895721813675498,0.027169565426048738,2.6231445013147496
-0.13507701303259692,0.09361462173695036,0.061027213916024094,2.6889753027201375
-0.13528163032346333,0.08560996578626977,0.053366706246706606,2.5608749904245953
-0.1294606991959084,0.05688079409329552,0.00417612435614303,2.316532387188857
-0.13179961423995215,0.07578676887119924,0.015760492813172444,2.48896333413338
-0.1846477731563394,0.10497607340485411,0.006845798242076731,2.7128365591302788
-0.09196615236775198,0.07635128502825764,-0.006074330795623015,2.3938495607679506
-0.1182635336424456,0.08014084841573316,-0.0319988544927074,2.496210527745496
-0.13875915511334821,0.06742283581932756,-0.013256469447378632,2.579524049329761
-0.07142239477922337,0.07392319722360345,-0.006899074097867503,2.251056916226537
-0.11984238618283052,0.0852702502261696,0.010347563699688733,2.3059705837275377
-0.11567053313104066,0.06515488846918531,0.0031773189974851346,2.357063396650065
-0.12276586272653044,0.07421740473066983,-0.05519304013228225,2.4228528478888416
-0.12371245369296949,0.10010499681415314,-0.02353309915879416,2.4925163712969276
-0.09952242755346724,0.07425699242249754,-0.03023986783570522,2.2812310936316713
-0.12894596269436187,0.0651145144406699,-0.02855629895679959,2.424004057020188
-0.1254929116202284,0.08138950503710728,0.007443985878754715,2.5251465713859544
-0.1058411568791148,0.06841715793405038,0.03049750023963452,2.283733770337615
-0.08897761651508433,0.09225207566019626,-0.006800708862194463,2.3719464774579904
-0.10338392882700538,0.10893076373120007,0.013909749299624893,2.595329067104272
-0.15182698038561218,0.09029290920990328,0.02189914845952546,2.715182780724694
-0.13065848271753153,0.07918523995779989,0.043083350320502534,2.604911109972865
-0.11680613805614132,0.09503582391415322,0.07800299160620444,2.7499272131554497
-0.1305845662810024,0.07123902753949395,0.08600065083906958,2.7809315397555596
-0.13896848492144287,0.08082405285890334,0.06964927014590991,2.766492289847482
-0.11023424588503362,0.06887620764945238,0.008978424322390058,2.530814867436626
-0.10370018600329069,0.06964629498727748,0.050428020574032895,2.416384529106687
-0.12062965049266558,0.06311167337166734,0.08397670737936304,2.6694694257927014
-0.120208499406075,0.07022941810960469,0.10435189152937242,2.793372619508846
-0.05289904210113585,0.07889151140219607,0.14214455519601743,2.6024144969156198
-0.06345078362694836,0.08882667786359451,0.10479344258034005,2.6329546998065774
-0.0678433071757147,0.07746236644739721,0.09203893115683343,2.3641535390073343
-0.08124129629644442,0.09059728849943012,0.06517659677235062,2.413066230342753
-0.07466364839936583,0.10736364491372564,0.12380347472609242,2.719037003746162
-0.09034582362657667,0.040343045776745814,0.11235153612352707,2.580669203392788
-0.06114907350274899,0.10693711908568711,0.12125163254998073,2.5876444908940455
-0.04204082303259371,0.053873616614568784,0.13832374594990274,2.513489849019183
-0.04114100211234963,0.03278850464424868,0.0932169516237285,2.4667654949015874
-0.08123603995321438,0.06807613294546487,0.13454756802655732,2.7629779326411357
-0.08755718252090645,0.09733192927769667,0.08295942205124858,2.5404110515607172
-0.06634230421547482,0.1151481203439427,0.1473623062840205,2.7899259265000675
-0.009451165316176324,0.09054943816369253,0.1411264808917566,2.634770107519627
-0.0484734788937348,0.07781233665370174,0.09497130193483691,2.4633373873095166
-0.04833712381652345,0.07049443923451423,0.09369615531413597,2.3162028573498024
-0.05477130375973455,0.07975188095839482,0.10991359693629199,2.559806137816729
-0.07414274007159778,0.10661048345438212,0.08573220409205468,2.4776718541346936
-0.06560620601819586,0.09404541577151013,0.06625085074192412,2.4411576452845427
-0.07199563401102627,0.07331326407373348,0.09549408203074462,2.447803999504187
-0.05593332477520203,0.06910533223492706,0.1051373790126075,2.55565250013369
-0.12112159811181411,0.0826670550136909,0.0933628419486825,2.879210214967715
-0.10392553536533854,0.09029830683374943,0.0921208843037925,2.6501089329330365
-0.04400309426556975,0.10570428042279024,0.0735675548337647,2.407927877650601
-0.0293185797648753,0.07452749046308377,0.08488315585287373,2.411750709467872
-0.09840855923756768,0.05884314231976351,0.1238372844581009,2.7477104861169526
-0.051174826411073716,0.08647305830437217,0.06149904309813912,2.35688600782148
-0.11058913818237256,0.09395038551716192,0.11453163639092245,2.7402367522276188
-0.10730313119086138,0.09364222584871308,0.10802310865248464,2.6844152231053897
-0.10981956117035295,0.0761714749183583,0.09213296696394069,2.7460117981430074
-0.10495493546441143,0.07198354823775406,0.10623609471006042,2.688615335204791
-0.1421247267808624,0.07481879141997272,0.09707119853153391,2.8405566110554923
-0.1957790450613351,0.08388074097410571,0.09817976159118744,3.232884818588171
-0.14468615301349816,0.03326178676902372,0.13720940002628804,3.0415402953646753
-0.13446558934117595,0.042266066998723296,0.1374893187608168,3.1580985010297513
-0.11699328854191286,0.03146577140457523,0.1063087505878422,2.741898486885372
-0.123265253407119,0.051263688881473334,0.11846186841675971,2.888068459831807
-0.13725255585773807,0.07274250474332258,0.11498670982869413,2.941468345331178
-0.11137609653204039,0.05741037345694369,0.0822495713238269,2.6259552909025414
-0.10488179582425215,0.056291533206846434,0.109759545806434,2.657532707043327
-0.10214656912245837,0.036502405739776034,0.11617808189482637,2.5605927105324544
-0.09769423194513499,0.02650411242485461,0.1024404550170458,2.527939383533372
-0.010993049068200932,0.02760686636254465,0.16447415404336113,2.7225326275729564
-0.11136453986528759,0.028544902893770277,0.1748259667552369,2.958909969433738
-0.11351145859968698,0.023268878700305473,0.1768709189617431,3.2467134220748037
-0.019870400196995847,0.047490607068720665,0.16741230552158057,2.8315573524755124
-0.045366167236874616,0.0308825526910678,0.14350468412847464,2.671358972902504
-0.1292215574707113,0.006854481489164868,0.13269720133505872,2.6312964555393066
-0.11443160340400346,0.03355105950245083,0.12303382773394995,2.7823161890768415
-0.14200204174236652,0.05541341717608604,0.07901724098657505,2.587553620182681
-0.17715863610534563,0.051484613446540685,0.11205373031308519,2.8921384917082436
-0.18118323135031858,0.08235978311831162,0.0724791135779568,2.829118449805821
-0.13791338696137087,0.08252729983146949,0.0264471185839155,2.5418980914421425
-0.07766420813550953,0.09857204489744867,0.03884254756883074,2.346983484693286
-0.12534888161509894,0.11311574118526001,0.046335253444930634,2.7011058885920667
-0.1342174047765266,0.10832983376563209,0.06840164451333891,2.8322534512591897
-0.09748517694353863,0.09021559077429772,0.03725787108271783,2.5333284956084037
-0.12051448290018005,0.07277378110667511,0.027804930445477764,2.484877592683082
-0.08477843111946681,0.072437173284668,0.06503607389384372,2.3877584248053707
-0.055404525177773264,0.03847046065156303,0.10534397035139174,2.4892351974950158
-0.11177112192469549,0.0319283690506354,0.08824775677642142,2.585970074376666
-0.06690561580905995,0.03399488482151699,0.09000788202836493,2.329943274405814
-0.07486671005755022,0.0464819171089135,0.07087781994611711,2.2885463638409957
-0.08287454416366252,0.015709962209879358,0.1017741524014575,2.4432404105856613
-0.0659464654287381,0.03278931544723351,0.10004599619728367,2.516201216197654
-0.07807097216665577,0.03944534570263728,0.11595387785633991,2.503265139357046
-0.0803538239390862,0.07641479792919442,0.08825083077182458,2.422088966559449
-0.08688104370174989,0.08184249144856631,0.08529350205529021,2.53891346401693
-0.10953974941266811,0.07722316619107182,0.04408509585472359,2.392920376283884
-0.11736445534913348,0.06308046237888956,0.07348620981210217,2.5733409452735376
-0.12931380248840177,0.08514941776022833,0.07187931102466794,2.604924053140927
-0.1334963349098168,0.07436348870671236,0.08957270493910151,2.843172855470687
-0.13246244905240956,0.06701773916230769,0.053721543827812364,2.5747505043236703
-0.11390820672004388,0.06301243477835183,0.08805093856491904,2.517096361213869
-0.11642199257157196,0.09329586736526321,0.1290627612617931,2.8525033595736353
-0.1317055933464327,0.08703572975998368,0.09095676863219122,2.6424877031140332
-0.10818964123376537,0.07757240163493058,0.1498050638293986,2.918878147026793
-0.1331333145650996,0.030259719038779092,0.20546668881538424,3.252928930685387
-0.13347691099525028,0.07419752131221212,0.15987205037413782,3.1949583702269932
-0.11743268804899977,0.08736863342323785,0.18694397962797243,3.208322107562874
-0.11702056359486794,0.07313378822517896,0.14026377567203047,2.9756455018787324
-0.10164036842516046,0.05860662556968152,0.14151151321383962,2.8599553095102244
-0.08120696673693056,0.014034067940200175,0.16697278015407874,2.8899361260525347
-0.04337912685562826,0.04290502909597952,0.2172216147361889,3.171760734857105
-0.06917313062320093,0.05471615920231853,0.18497975925813037,2.9171148897394175
-0.0946434284934589,0.04254596971979065,0.20024628702304761,2.9812768798990157
-0.03810492865514729,0.0511131787655929,0.19118087542535958,2.7966200498098925
-0.05631146264843293,0.0650462143187152,0.12190963541891663,2.5031788805434823
-0.14378379141331435,0.048878860550446664,0.09959638056381769,2.743765920191234
-0.10674097006231123,0.027506876774250188,0.13365136283622162,2.7678662394240248
-0.10953053836675143,0.07484980638287433,0.09636778952337698,2.8147628048939444
-0.11636035775972524,0.03481141000112405,0.12182467097406932,2.7527905957105836
-0.07115364822351611,0.042681014953180815,0.12189946324842693,2.5126428300820707
-0.011345921076634471,0.05850814953702615,0.1252779985536504,2.4739143966574733
-0.07538375577321069,0.07570314064516721,0.14222285352636893,2.798765060322686
-0.024230897897621863,0.017407099615867092,0.13164870111878654,2.5612105856013607
-0.025283137841395145,0.023239929114837285,0.12065918919758285,2.3756763530990126
-0.06814617017271113,0.03708627941386353,0.11390951256531527,2.4959829984148234
-0.02930801027699266,0.029713546720358565,0.11077130231644279,2.459123638019342
-0.04385103887347206,0.0490786008836002,0.1312972738415863,2.630889791637515
-0.0369745993950561,0.06169527125593238,0.12178991331437386,2.5717559703789448
-0.07761060334327324,0.03370639423500917,0.14632149979175968,2.7036787032399006
-0.07802733025693899,0.07829418642124232,0.14246993051062987,2.7382785768784625
-0.0774616277513402,0.06399789588817473,0.1357600975341926,2.7905361624457203
-0.11231729721953419,0.07983116996235913,0.11802035314539559,2.840737728341411
-0.13232646294814668,0.07371863958265475,0.1098912086993385,2.8082835084971562
-0.12038515687697746,0.07705167419451947,0.11592770971836922,2.585999422260475
-0.05232662799482305,0.06165956557018253,0.10698763089374462,2.3465536805840324
-0.07222072020724696,0.09659605513544392,0.04874527668162982,2.137952559132406
-0.12449037777957296,0.06508414357611875,0.10261741231888571,2.5937223133998217
-0.13698611086818707,0.09274992895222814,0.0768493544361758,2.556978247994627
-0.09410874863988833,0.04771268451245244,0.06430833916504979,2.25508405144699
-0.08947892331434411,0.0646052762582931,0.05001656184325272,2.046272212027948
-0.06408091197545913,0.06675961274595278,0.11915328205768069,2.2208070262978237
-0.1120356701391263,0.07050114576173024,0.11797653886482105,2.433899832452149
-0.06811972498760947,0.08485187338326393,0.07486463783168593,2.3419548092429574
-0.05343727740261942,0.1038967374588503,0.06851662495745024,2.2318792298634667
-0.059630032208828794,0.07718957670304608,0.097044477250289,2.369134058888599
-0.07508017263491625,0.11014654979334712,0.07149328455351397,2.358523243333426
-0.03736284105546131,0.09660988155532414,0.07887737048464816,2.227567245022949
-0.06087714645129354,0.11651373967523956,0.03893006514294849,2.2686123590185945
-0.10501364578913942,0.08958581952963865,0.044389421755500744,2.3940576934559585
-0.10557498185414674,0.07921755140276712,0.043173208320551645,2.302340496168501
-0.07515098669520338,0.11091900658195497,0.0722921036409065,2.3778248711139396
-0.06481655323629074,0.07891272957102334,0.10225735488929943,2.2891522681632406
-0.08023143022654132,0.06206054746605208,0.11789587910804261,2.347200503531275
-0.06841607253351019,0.08952497686901824,0.10179465086539352,2.2353255292610137
-0.08162181772087392,0.06953270231997202,0.10921177753383597,2.3951333713125766
-0.05998733287560001,0.05992055977429787,0.10589393110395788,2.1219348754260587
-0.03976485076570412,0.06856556983129236,0.12440032127904388,2.25213119066589
-0.07260318588414205,0.06591215482829234,0.11267050428924465,2.288249958629788
-0.023371632549053965,0.1021051551520615,0.11805077610243947,2.347989694672991
-0.015442265055137851,0.07983195565506494,0.11507039825989829,2.1156093142275405
-0.0623985833775254,0.0861965462300727,0.07132474767364412,1.9996854190544482
-0.04183297846885154,0.08028973406606303,0.09167386365919594,2.010518796587572
-0.05087568976418196,0.0806062794659682,0.09000067874047044,2.0238338082803504
-0.04764274862049114,0.09579298956608806,0.09890641352483041,2.109436300786414
-0.045396090596192255,0.08006320546681701,0.10456501027934013,2.209163431584485
-0.03918302377108369,0.07497183163540974,0.06849813737061083,2.0897391818017943
-0.03195693173730262,0.05630751122928214,0.1206672973940777,2.107122112477658
-0.048880008896786016,0.0660366788869471,0.12977149878513772,2.3874567565117855
-0.09217805936228944,0.07993004633254623,0.10491926598086772,2.407924545261495
-0.08950211603633668,0.06168744093661002,0.12229184157252405,2.452356669774197
-0.02254279961819613,0.07144120121627966,0.11562919409371902,2.2155066960840384
-0.01644305345593398,0.08160400693787632,0.13192395826649053,2.385171225212378
-0.040798990571094665,0.10140788439216658,0.09419496920904893,2.2319578340021367
-0.056733033193740456,0.0711680299486436,0.053051892901137876,1.9859840942006517
-0.08613402598956212,0.08314273799562454,0.04495496430469946,2.000310132755537
-0.0678526743054571,0.0564202889733815,0.03161639862908573,1.8246687275216469
-0.04546735585817919,0.045989568110294865,0.03997564284588087,1.6732937684260067
-0.052918586764443165,0.07994407945339653,0.03510509180449336,1.8694130617663185
-0.04665455849300061,0.07351288252657213,0.022938105170937202,1.8374756722797485
0.002618758473356522,0.06723082758766265,0.04442470740559725,1.7132683572799263
-0.014074032027860126,0.0640166709640252,0.04372275535384251,1.8302096048415832
-0.01106908569113701,0.04463395097581617,0.04296785184035355,1.7406256548743237
-0.04150220924485115,0.054155480962768995,0.08267321369758736,1.9827687715264328
-0.05196164373941411,0.05026202701913117,0.05216587584388214,1.8161266482287994
-0.049520292749742754,0.06036438245334865,0.05520865711277403,1.8393813527137923
-0.09830378194820649,0.07477745872221153,0.05547348058556459,2.1061116934848334
-0.02437388023225405,0.0453999824504132,0.11916883945891077,2.0663264530016985
-0.015537222651243219,0.04999966946721878,0.10728114756976576,1.9081338900772413
-0.014632479997592741,0.06106625007825653,0.11631447125711306,2.0647364102685173
-0.006993631469403483,0.0800136068889535,0.09756489400076734,1.9988218716538122
-0.06072316392376049,0.08241632216162277,0.06781985757960185,2.0836189561684058
-0.09826367537827137,0.06343851642406309,0.0604440249658591,2.2946633131903162
-0.07900548229297434,0.05865746520784078,0.08512868873287951,2.1076738766076795
-0.1114365082047853,0.05686967456711408,0.09073807778930074,2.3094319026039716
-0.13252522538272093,0.05973077416828019,0.0715331511899904,2.2989089627191084
-0.12710765430293436,0.10146832758924518,0.044362539446480956,2.2818369700079706
-0.08074090338053212,0.06902605942053035,0.09684404783220223,2.176648805793145
-0.0662666041471743,0.06398970808378367,0.08420935210306728,2.038451393654834
-0.08931416796245419,0.04349353587052837,0.0553487648525778,2.193564426068466
-0.0874674604981694,0.05949741540156066,0.06223757221225331,2.2614428132341478
-0.027990684032846724,0.06672175255004482,0.07009832243580308,2.047760485949464
-0.0702923412612414,0.05140047995024864,0.061939258295566166,2.1416658420114225
-0.07102513737536127,0.06797649951326333,0.06974345583671668,2.0308015393866157
-0.09156786101196449,0.07538752348826763,0.05203991388889337,2.1255657319148553
-0.07420877679006112,0.08712495087855085,0.06795475241229099,2.145816426201902
-0.07690897934336033,0.08036392426296576,0.07123163665059573,2.1269089783778172
-0.0920616774026973,0.057062220886162224,0.06552129131206552,2.16601770968673
-0.1228281203067929,0.05263544749440635,0.05328098190927665,2.2021195688673543
-0.04635993642037,0.07473271353189481,0.07763776252190281,1.9964758346359561
-0.0689881259976549,0.08231777805386094,0.10319458502117704,2.123537582495346
-0.04580305840019435,0.07359991976697108,0.07525383959914772,1.906197505545205
-0.058437141424084446,0.036805705740050335,0.11416515814851243,2.1919832073059524
-0.052715988362656334,0.07501725749466955,0.15640953281796513,2.443003299564076
-0.06104988610154299,0.07100709055472285,0.14711254757754388,2.3994849336547577
-0.049890116451036186,0.0440677402490017,0.07364157109771086,1.8978585897765912
-0.053324548327013895,0.04455913637427432,0.0479087852739181,1.8482762623915119
-0.056814136259625024,0.06988796061543762,0.041717670293552035,1.9983068869100193
-0.0678095367708713,0.02082932103035444,0.06378973981338618,2.0879784303971585
-0.0888991468595491,0.017122129563092912,0.03588172546465984,2.104639503699352
-0.08607933536513593,0.037237259872678806,0.07039332026734105,2.2801115198075936
-0.0744801614541885,0.02367276457209674,0.06154962007275067,2.091005795977518
-0.11044573402289411,0.02517750890948681,0.05640238006146127,2.2393293403890437
-0.08966490178461788,0.03782095068236636,0.02139835055902942,1.9792910703331452
-0.021174174588972777,0.020122887491760694,0.0895178190050558,2.162336160792407
-0.09585340889747104,0.02447654080004756,0.051720251983975965,1.9965000160449216
-0.03241988086706932,0.00746247776705904,0.08445933782968561,2.004988073381902
-0.044435424087912845,0.014453270240319359,0.049657683613252436,2.021554536621846
-0.06224732594346996,-0.009427254394319486,0.04070162657992295,1.9568665141949853
-0.03820603298057236,0.05612418905721457,0.06234335541406121,2.0931662293348188
-0.04404451777784682,0.005326044579331833,0.07024706674598052,1.9628140996067927
-0.013702898948431476,-0.021374933002222714,0.06991561301278917,1.947106041280912
-0.0184517828235401,-0.0006143832350166607,0.0589755256487339,1.9260089256505288
-0.025379542339866647,0.015282217843020213,0.13458549106113654,2.535529360531936
-0.04691052330021311,0.04107986108909324,0.07288149536588068,2.092402205392019
0.005995650945203044,0.09924071983976149,0.039120742498913015,1.921850060321488
-0.024070709967934444,0.05625626395389234,0.025340965890174268,1.9889845714921932
0.018922492088738068,0.08235881721565518,-0.01169636557121483,1.84535664655707
-0.006858133633320089,0.052362276439284074,0.05634661902331497,1.9161662170795646
-0.019778181379467314,0.04336456079015518,0.05139417950872292,1.9551515652377898
-0.02669451769875423,0.06540078891388078,0.010403682738406984,1.8309712760028762
-0.02275317741146526,0.05728520930484949,0.05282804901619952,1.8986383106222475
-0.011623268521246562,0.0671265604435734,0.017048415264216445,1.797266502323913
0.013106620073901575,0.05600333279661414,0.05171362553582594,1.931987572780484
-0.027528462033933027,0.05754974923826195,0.05464470576782784,2.030187502266702
-0.015076979126388626,0.06348959473073412,0.0368451173469798,1.816327770289586
0.0039653861220992955,0.07322276903818192,0.0593200780967295,1.888711899198936
-0.01195238470590369,0.04959374154334175,0.03537433486525997,1.8699047932455621
0.004874842094326178,0.08441393944144265,0.02282022472632673,1.9630655032944704
0.0423855548999194,0.048386896889496434,0.026674638163409092,1.8859094134327072
0.008031483866320938,0.08189006048441674,0.044071590391026115,1.9088563351389907
-0.023717058638878043,0.08860144639782795,-0.004946202109867705,1.8805358101354
-0.04799661662601979,0.09287283772770301,-0.010610680020438914,1.9414828442791188
0.00401112440981208,0.08541488318682428,0.02681896860731414,1.9272211511005313
-0.004390716644292617,0.0946321928044846,0.04452890713893087,1.97544943912181
0.0006712272396557989,0.09404292885785788,0.05659007438376471,2.1767869196909495
-0.014463179199619949,0.06770928709201413,0.009680612540964575,1.9540215610834821
-0.032575067451173986,0.09114685050872182,0.013173980474843725,1.9672765317739402
-0.007005653318842823,0.0724073776347585,0.04235779689851092,1.945876011649839
-0.005998487131509359,0.06421606976053672,0.053680505813750105,1.8947513432188958
-0.00015868813882302527,0.06258719979197888,0.034258974732051056,1.9256027374128486
-0.026523913796688097,0.08115441980748994,0.006851579846881095,1.9681018725582733
0.007576460149278385,0.06911333769288544,0.03026585715492814,1.9672628045606375
3.2271417220544846e-05,0.08134506674159905,0.05105021356457254,2.0626863944269
-0.022884776465265336,0.06720481881012504,0.0052024085525629446,1.9193827927002702
-0.004011249380168578,0.07651210229683449,0.03669004053531759,1.964442994042574
0.0016026700131757075,0.07726610858488843,0.021928072566722474,1.8555298579902404
-0.01893159738360181,0.10113490508273053,0.015851330035608773,2.068515689384307
-0.019438515905985405,0.07855499873756448,0.04589353719774357,2.1721623339403995
-0.07570618154988021,0.057151011748238556,0.039998754281365366,2.190113851785768
-0.007990352180898651,0.08075468173607277,0.013607592667822679,1.9725915214987246
-0.019226763302785728,0.13563268360122593,0.012758850447180527,2.3030743553704256
-0.04162204267239197,0.1038214778595129,0.0015811003381867952,2.0890961818547096
-0.023208428949145956,0.09528396081133238,0.0023619534543787932,1.9897792064657491
0.003341434871299944,0.07775681861228237,0.04034502747564968,2.11266182725534
-0.014014564628444068,0.10120557987837736,0.011741903258018252,2.1066195229982934
-0.05574873060701615,0.08667438232078623,0.004571512266997846,2.052829597817741
-0.04140288652010904,0.09396947233364325,0.044909078966368664,2.197811079942329
-0.045008310020798,0.07546899075967686,0.052491327432340626,2.1301401485565905
-0.008184253328484551,0.07676987874057878,0.040179615800929325,2.1348099761049304
-0.039637454816911145,0.08762465267803758,0.07073401218447083,2.2408278199203275
-0.030858534076495116,0.08258331339900452,0.02182284115517222,2.0422200391042864
0.01564937770933296,0.07371058820483685,0.025809338169892813,1.9338210477129634
-0.03826031312872949,0.0887413943781787,0.02709864846859921,2.009350922879055
-0.03855671822510617,0.06433310951964595,-0.03081250995870116,1.9204250768245916
-0.03291295448596626,0.0798788649302996,-0.007374247562615414,1.9695322272647753
-0.08422645225649915,0.08463907052335082,0.004375244897908066,2.1438926433723973
-0.025924196127727058,0.09617967074581539,0.030723666472449413,2.1218757224629323
-0.025910336478926016,0.047242104343305176,0.024244642545827817,2.090661019715306
0.03574165169191943,0.10360826833153415,0.03843258722274238,2.2328418594671535
0.03700224798184342,0.07607207528420516,0.06714207975358222,2.2991622160933174
-0.0350285422067165,0.0900337420392715,0.004389738806954597,2.010479892841398
-0.08144943168499785,0.0766499641463174,0.03075897222609257,2.130862008878299
-0.06936983696474106,0.01472604902156549,0.0926582177070016,2.334518899577574
-0.09039876489289073,0.03825777635536031,0.04482456194211135,2.2509002100095867
-0.08307177918885106,0.04258181808186908,0.0733714818316743,2.2395255449612756
-0.07979424777338956,0.015199018955986292,0.10934380753948189,2.5403709253210676
-0.04149334284232324,0.031792975669268364,0.06414041493474416,2.215557956953535
-0.0128584828357602,0.016427001982781415,0.06773442837195247,2.0774863360165665
-0.034195092000399385,0.01741636247212082,0.12554595628601242,2.4313618021434995
-0.04625565419674524,0.019961128495904267,0.10347905231012645,2.326649871669693
-0.08491647555431675,0.04291015275785864,0.0592476488128098,2.244845971436314
-0.03160784566003945,0.045499512917212916,0.11589423094798237,2.313252493149238
-0.01992106639379248,0.0010032183878440815,0.12327647644937624,2.3029686078038734
-0.043477106023802684,-0.0016197978121063913,0.10712166391062547,2.3697862954268776
-0.03815872971767319,0.005670538004866695,0.09435931901661117,2.2299823272295693
-0.033081720279443894,0.03849624691783735,0.0888364117968308,2.2216646315931508
-0.06647389429263852,0.054864939078758,0.09574964646644232,2.361569455547958
-0.06433930944513669,0.0794777764910189,0.07118598507602825,2.2821428470178953
-0.07125537546990464,0.044130220865855205,0.07372788422792842,2.401566186565142
-0.06865476807840178,0.06000414746984419,0.04847435195890793,2.077227172729258
-0.0802708481459087,0.055867474758863236,0.06323982508451763,2.19970013759928
-0.10203710877463307,0.06847619513196569,0.07724222445797752,2.492031196847796
-0.09166475969743192,0.06743568271871284,0.05796013363878672,2.257410190178308
-0.10016929464800901,0.10044805666111913,0.0946852123220196,2.5851341433685033
-0.09711541821156519,0.08499149247141086,0.07094646092929077,2.4336654770241997
-0.09527359591664858,0.051032943165071794,0.05857011914236197,2.3593167237750956
-0.05044396255535008,0.0810252415317759,0.06998748899218908,2.3120697821684533
-0.08724691510981544,0.04486732765586672,0.10152886141801122,2.6323662125930736
-0.039886745661151315,0.053285409205138745,0.06411880591312862,2.218100318576019
-0.01269425544709873,0.06639479098753426,0.051737538878159454,2.1965523914084253
-0.021374230970490255,0.027201805098674207,0.05471684497222514,2.1686591521101515
-0.04457727356272329,0.06639856513903072,0.0457736527510537,2.2965082350234947
0.015301184633791189,0.03345093747296082,0.05321335595574504,2.198553892294325
-0.038784313562436744,0.03543455313798715,0.0403936230952869,2.1650913614621623
-0.014966857019080688,0.02706836806223157,0.029382085518669002,2.095684232789561
-0.07147603894502438,0.022085689843301094,0.03037846643594253,2.1528424100518815
-0.024935309090907555,-0.005762940166670082,0.07090045741384314,2.1901605243836646
-0.009557116065137174,0.0009484447959204532,0.02901373292775455,2.0100567052854283
-0.07684903512414423,0.01230293067773382,0.044551233927110065,2.2821354268228697
-0.003330755725149639,0.038001083123489085,0.06055444198574721,2.2019481858489955
-0.07146287722380461,-0.006289407697197757,0.04457064878791121,2.3256142574560283
-0.0478777005010023,0.007404832903045913,0.06134734647749692,2.217139423009701
-0.00253510673871884,0.01523022287710313,0.09558626260975521,2.309184852800296
-0.025187168870025756,-0.014441583267867123,0.05928946656534189,2.3604227476318065
-0.017524010987829866,0.01718124033364531,0.07246598732869267,2.2303048481060124
0.018132495699535685,0.026847377145036468,0.04355990466892279,2.10650261475492
-0.001059251596637647,0.05549860215639996,0.0600514105355889,2.177657251486469
0.019765431354552637,0.04369207193511955,0.08045756562780179,2.17618590813323
-0.023104271458365435,0.008384726034723277,0.07274000892759097,2.178488685560387
-0.002992054768644784,0.06072112031327877,0.05747161458394994,2.218572809601718
-0.010001250314441514,0.0286661221134041,0.053508105213778676,2.1223889258967543
-0.022461659745587687,0.055782517327745286,0.06946463258680362,2.095071714805936
-0.03583220046761684,0.04870103291070925,0.07161079517853662,2.1110078252782936
-0.0052970408278000935,0.046367662922793776,0.04847906127564643,1.9008688612236793
-0.07212854954310523,0.05011356206021254,0.07513856006541945,2.391605593886638
-0.05609112131568924,0.030170813299991397,0.04822550190778398,2.149973912772897
-0.010542954658753441,0.05601146850855995,0.056652193614467106,2.2162211511687535
-0.05167158533594287,0.08351161506102786,0.0355689164002785,2.3765977633667332
-0.08478797987665548,0.0758753767381502,0.022883174537679515,2.336996162020971
-0.09019267192623899,0.06803849342293819,0.0272498654563785,2.3616734363747067
-0.049566692569471556,0.08555962554579807,0.03412449151050618,2.2321451397966485
-0.03391317115589559,0.06815668385962524,0.022732068702769913,2.057068748327932
-0.0475765422687231,0.07636089011594153,0.030751679854549047,2.3434245594173797
-0.05304743859853237,0.09416282890044837,0.0006611367818347976,2.246033211315356
-0.036462716987845534,0.07062538901956768,0.004546972209827227,1.9786342904988443
-0.057322019050053644,0.10833125167514288,-0.01922620385090202,2.1872276213884003
-0.019953454410305965,0.10625835192045979,-0.0053313188792326,2.1193096913268836
-0.051752701060186035,0.0711011509903895,0.0013400428743130979,2.013625897748374
-0.000317669245403776,0.05917185969211206,-0.015025159083708557,2.0291246228966076
-0.023467281397959873,0.06243274277118781,0.011526337246192087,1.913962023995757
-0.002699507038010051,0.0852593643220619,0.031952408622796254,2.028502970981074
-0.05853416232445361,0.07005557895579399,0.014132511903643213,2.101058939998351
-0.07427053310358309,0.0809916963391078,-0.015539692925891333,2.110315764147439
-0.019560362962090783,0.06420286399192703,-0.03127272263093145,2.08031741236548
-0.004573918963438527,0.0721801417332516,0.03472634798465656,2.1208575852158296
-0.00397552334469428,0.06490600265617665,0.017082830998387023,1.9592901308760928
-0.03038871317816434,0.09294279006333536,-0.0068138725369280935,1.9854938269796665
-0.011996408956184345,0.09778099560480398,0.021010668215059404,2.139094542268509
-0.005841284254059019,0.07929326836088353,0.02460732015609767,2.138346327001026
0.02141907068594122,0.07402007164438328,0.004727658283955258,2.058450310045825
-0.00476005337251139,0.04901421240862097,0.06723299378250194,2.257138564830729
0.04655744825134753,0.053322081016182465,0.05409827675602072,2.154241580323327
0.008306485269285046,0.044542257748832144,0.037923967510324924,1.875054450762552
0.03892640026826263,0.032796139478662126,0.04948536441646606,1.8643435121085816
0.02331842231971341,0.029918079914891847,0.024132085335439642,1.8567668151760515
0.002878322404591797,0.05774775696575305,0.03322232937913369,2.018665369381108
0.05099761674778992,0.06334014741793775,0.014368564842478856,2.0193890962077097
0.060382925136206134,0.04927872056604604,0.028451976131767785,2.0703421805426783
0.09013412507956185,0.050708859650975706,0.08349282848731508,2.3863526874566983
0.0763985007868843,-0.0032022567026667777,0.07027250750698315,2.363157751189815
0.01780058753116448,0.023753466642155004,0.07781377333993167,2.2737385930956884
0.03528719760872416,0.0452332190563387,0.057656994742900015,2.1689511316437122
-0.010423457177605825,0.050007594489225406,0.07319600167860543,2.28675098150941
-0.03870728866496251,0.041465572276665086,0.10846310800515378,2.351326206268546
-0.020782613622402024,0.09196191441323771,0.00956847453781253,2.0481925357983015
-0.07385214784882912,0.04951436512171116,0.05367537757745954,2.1055476979023373
-0.04941068101581663,0.030702695417797896,0.025622763172109653,1.9910991053833267
0.06232697777516546,0.05128087821325759,0.0920345480127555,2.31498563275572
-0.04036021918844119,0.018178247275234295,0.06379650759603529,2.2618116006099633
-0.031181744217027525,0.026292120991520472,0.09222241482868487,2.4792577608193254
-0.0311426179567173,0.038218042330680116,0.13064406577323545,2.617020621118275
-0.017586765178905932,-0.004413987492829865,0.13561403635590275,2.6802512081051653
-0.05322461364106176,-0.0004858124783738814,0.09578085056838138,2.3838734938471795
-0.14543464464384745,0.011907149368348077,0.10021719515458524,2.603159650127337
-0.06214659355051362,0.014740604905354605,0.08246185481602303,2.356356316087556
0.012789951326547271,0.012175275452988103,0.09285199663399238,2.278290990891235
-0.03661153349287852,0.02410380538351183,0.06355707892706855,2.0992468653060334
0.01996656820302602,-0.0036789414752411787,0.041445490420880374,1.9738761048693565
-0.012251817929402258,0.03259879898154516,0.0432423710310179,1.9500948979470358
0.03373302415820516,0.04439562901395055,0.04782697712927546,2.0918164845136618
-0.005361958809201165,0.05721669268500778,0.08156598639419271,2.1829304714528934
0.010887182825035865,0.07832900770130052,0.014214067550306348,2.0455214017578585
0.0034538245701201654,0.010936126532310804,0.04601355297335954,1.9357599328679056
-0.007364306888136071,0.044336188388117447,0.08666390778645289,2.1392040013958282
0.00915912673391624,0.05764336344422149,0.05938254631853274,1.9835250337395998
0.013701835128575113,0.05787289237754413,0.05175099874256489,2.103436575595776
0.016831296678969068,0.012875123008841383,0.06773642649425446,2.2099737293930772
0.08360383262753836,-0.014036325096157272,0.07392925767535126,2.497660037948293
0.021069606653930772,-0.02147493378664074,0.052384424927956266,2.0025708740503743
0.03100694782856076,-0.03797083658931692,0.06573170311832904,2.3312446762891015
0.036004241480351855,-0.004670452389442291,0.042960929269242415,2.0776601480953536
-0.0409999391124341,0.04954953081658817,0.07697833940159617,2.2643090304341786
-0.03592277008927492,0.08015023721564168,0.1247097286286674,2.5540542227012657
-0.04531452895467067,0.03363560390177684,0.08665477503014721,2.3796916520750178
0.00012521059419923997,0.010834712076885545,0.1359591557381478,2.523399429704063
-0.061839668249566306,-0.02461367744413572,0.1217660812756422,2.6151484682630426
-0.025096063840106174,0.00950600656694761,0.11531276089355283,2.3522677148387343
-0.10991940577866495,-0.005791048416613537,0.13049925768390114,2.7181992435137117
-0.05640535661039008,0.008519673375802093,0.13332974388839933,2.731094556988935
-0.08846121911016341,0.01575489665416208,0.10331210204563407,2.4948066503906285
-0.11505017809836941,0.02817778751418082,0.10511646356897063,2.6746411984269436
-0.10301641086675882,0.015808301522463993,0.10393472612589447,2.716654976164947
-0.04895168355976396,0.03683799191743443,0.13004758228526545,2.525445714822504
0.023192470332439572,0.042715272258397184,0.14658001910239865,2.644434946097274
-0.05230722132750449,0.026352377915561383,0.11988703510654761,2.4853444001727856
-0.06413528989968735,0.04953764710234648,0.1109265580276105,2.4777052148559733
-0.054131250812370614,0.0672126854001265,0.08977262961701434,2.353359962932308
-0.039125550482979395,0.05529367904150389,0.14486887717578092,2.5751451452209557
-0.004299212807696298,0.016054661845305258,0.15165192678913525,2.5632130301482476
-0.054876521726902175,0.02966458001918802,0.12748874998121687,2.529789563763392
-0.10523911147125696,0.0370609713697166,0.12488849976962352,2.7146793666172853
-0.08914761056187899,0.03811694312204695,0.10152647123275689,2.4571584836845815
-0.00931268309588385,0.01930916422599709,0.17378026315332482,2.827184946079706
-0.041783178605622,0.010694492050862772,0.1293996681414791,2.529785388220369
-0.08003499152196837,0.01860774008787263,0.1926698520416746,3.089186145550131
-0.012551822710500387,0.04127531421026039,0.1477565837553734,2.564264270186842
-0.0345078835329662,0.032293711588241354,0.13081030676196267,2.4554325794180154
-0.08360090337973601,0.05574484514794309,0.1029497171695123,2.534665821207628
-0.07946028921001487,-0.0004463024342457757,0.07489403197004725,2.346151449226249
-0.08245041224118416,0.018121253976931064,0.09011425235530626,2.452844780973203
-0.072064221733815,-0.027117815908609434,0.12522785253224827,2.726900285462802
-0.10148056249345397,0.0027373341671795056,0.1076367948649259,2.688076600924411
-0.06393500171738531,0.015708598265893745,0.13728223579500104,2.6275707275518756
-0.1287137727627199,0.0034008691957516175,0.13581196470072857,2.7925891441901696
-0.16484210688114923,0.013129501396474565,0.08400441422302422,2.774918134571275
-0.1485445658100432,-0.006315349418403745,0.07166018737202089,2.7195937788658937
-0.16724273888142205,0.012967156495553352,0.05720851074081647,2.757953387631597
-0.10117292043732898,0.022639805956159047,0.07625762288966331,2.5667192992269157
-0.09872771494077087,0.010511658129448351,0.08125490591634797,2.4846521388511214
-0.14917513610244335,0.02468380875491483,0.11825026318252127,3.0107551018610224
-0.061979459784912656,0.015518924679516348,0.10712407385595323,2.741986070168035
-0.11632157320879072,0.03778508169904858,0.03133504717861304,2.50263422150697
-0.10738346920972439,0.03522290521791569,0.11739749422544206,2.716504646772213
-0.096348789325314,-0.02267273282080982,0.12196915849929241,2.856394332886763
-0.05745181699114466,-0.01639623446659793,0.17448592425747028,3.056136387692146
-0.05596517659816604,-0.036589257974585565,0.1528603952769153,2.931543777687572
-0.06451804978272095,-0.006868041763981973,0.10103803217846327,2.487649645763902
-0.0205502133915933,-0.00012507357378345308,0.07675291445071508,2.2270215630831265
-0.023523365463302307,0.020123644089712307,0.10917445693802975,2.4009640918580315
-0.05460532356377898,0.007169994090462855,0.057319481818511764,2.2779230351083952
-0.08195523729231839,0.06583616610439637,0.03626151252397897,2.3169341812437
-0.116856456736521,0.026289072518561666,0.09415083146114794,2.6892212246307223
-0.1496103422966688,-0.0071144595943248515,0.09484021080441946,2.917838070167655
-0.17609886605991837,-0.019529905039866895,0.09334137130111714,3.172607057230206
-0.15683894606047394,0.013477371010010454,0.13093759525586515,3.160763079787763
-0.1288983223363269,0.032566591598928676,0.124478152775132,2.9944579817041683
-0.13992749988212863,0.01309271693029466,0.10408775006833257,2.9574010410635148
-0.11488445909726759,-0.03627917755405191,0.14995213074130823,3.0569074258128417
-0.026158600337525283,0.00266577325365064,0.13079644299015086,2.593463139087659
-0.03701679851254832,0.022940200680267087,0.07617442943957332,2.494046059082454
-0.08744243023482731,-0.0067095137447474845,0.11635333478939668,2.7502233396764315
-0.10006905258828185,0.030381373991018652,0.1277582221062619,3.058149356944631
-0.12550373481969107,0.0387360199807329,0.06343264118890606,2.6758749898246803
-0.08845155846082457,0.001226157787943475,0.07624338476747655,2.4767580485162135
-0.06093004414549385,0.045248639322705585,0.11796991630766324,2.597999977503869
-0.05558512091297603,0.05531890665315564,0.06483238052204592,2.3549585838780573
-0.04269706055744399,-0.010616261869657442,0.0700588799120145,2.221894688986504
-0.10377835948103782,0.015984161834149586,0.0724908095966322,2.5515798403941403
-0.03468523315910235,0.04498624239693558,0.07843982933701897,2.2915301017792147
-0.08731509427696024,0.019974151905361417,0.034055688765569095,2.110447622260555
-0.08634202106682791,0.05019112499276354,0.07309451954090196,2.2762871079700573
-0.06681740234053772,0.04444034220412973,0.07357520696195927,2.134315226820191
-0.11599920903041881,0.05425448324180679,0.06250166740017128,2.412482872835808
-0.059470792152980935,0.06445489293000742,0.07363933769962062,2.2844343172519865
-0.045297503876604715,0.031318920521193845,0.07573650634495646,2.0945467175250476
-0.06102640265457991,0.03673979989130309,0.09497090802920787,2.48145668789848
-0.12159459014451375,0.05015937807710442,0.066077534381505,2.6098406015836417
-0.09912073924968713,0.038811536526979946,0.081740188563972,2.6384858809615364
-0.0875634157768782,0.07717925649611153,0.04387993042817417,2.493641352361956
-0.1472514633656474,0.04892868481707914,0.07174652697629808,2.8937483075725825
-0.12712708296365116,0.03046862012970354,0.09435306346066429,2.788299400013033
-0.07016571100111221,0.05743317605929388,0.025387781670665705,2.4386020609966024
-0.08901004798311876,0.030566402276071193,0.059675614988436286,2.4363426355906137
-0.009405974541443613,0.030287819850240236,0.07422858709703523,2.4593334291406297
-0.033433448593427256,0.026077266934030004,0.09377338340022816,2.4465023258238943
-0.007688419348606566,0.02395768978244175,0.062070586666383445,2.1264041827786015
-0.04815454831676663,0.03690970668763192,0.04021409521870312,1.9916021627117384
-0.058956122735748615,0.038330792026190615,0.04730698683615495,2.17691007622672
-0.09022281678869509,0.05327419541980807,0.029146074378385834,2.246350608498621
-0.052469406576039296,0.0605900508558675,0.07431199995905963,2.5292611892969115
0.0009187549826931333,0.05428039000406372,0.09095365024520084,2.335484072085877
-0.06110313554062434,0.04903746190756921,0.054703396442668625,2.4325846198877255
-0.12024662247967251,0.08413151995851938,0.020231023138169983,2.5675878929764657
0.005269215693873045,0.06969706872639912,0.020258687580020283,2.3089504725017203
-0.005130013086604673,0.061059207680001455,0.037631923105265266,2.226274980015828
-0.031080419690307847,0.03128815933327323,0.06418133245582872,2.383514037675237
0.041237981358907265,0.08684961485528225,0.050734352700132365,2.4420727278657726
0.009089451791104923,0.08920127378720956,0.06464268519840567,2.4565534575909087
-0.08809892729139407,0.08138816789491875,0.07011305536499204,2.6352043029571215
-0.07034011167334489,0.04847430695636579,0.07698367566782185,2.474972131524425
-0.053412148624144916,0.06767520667037799,0.03529350949707285,2.328500891983763
-0.06144427323973904,0.06346598402957061,0.04697554269594503,2.3528294160825975
-0.010387727573108749,0.07336175767166132,0.06002360688058023,2.3119422499323328
-0.00445969663332727,0.05985271761522784,0.07977133381933131,2.2777677404091468
0.0009872547918839914,0.057224642216422594,0.05950345022972711,2.1693923308390186
-0.023407594171654084,0.08524998394740119,0.06383380676924788,2.432475712799384
-0.03016799622852672,0.08505426520494828,0.1068254365621842,2.4860574196349536
-0.018602350879484184,0.019534954995952248,0.08329925408032807,2.7530475091023496
-0.07635965183813942,0.008636565500718913,0.12223017058195094,2.9628550919935375
0.01551004167755493,0.06212457024242776,0.1078210552962678,2.7153187372408336
-0.025309163234750055,0.02464468130862679,0.14652174902679072,2.9638794077859116
-0.015391024639603922,0.04211240703816211,0.11827578030770378,2.682342027271888
-0.04482553297247394,0.027927625985869856,0.10634211578957734,2.862593144162641
0.02137590457097047,0.010191840554702299,0.15749484574240194,3.0026989495798753
0.032335331881255175,0.04231803569603781,0.12443906696881926,2.9111487995536445
-0.0011330889709295462,0.044064248494955605,0.0792660328907892,2.6555869544514317
0.007388189352555341,0.055957720435319706,0.04878151077681764,2.69388194546153
0.029018073260352464,0.0332038543731864,0.07420638294890711,2.471368826094102
0.049606072463153975,0.01848015894438941,0.021890557762088148,2.118593701365235
-0.030122961324642428,0.07121371696246774,0.02909418002622364,2.2902704680095463
-0.019096457208419165,0.03808931405078106,0.09507774145900007,2.595193865690084
0.02043590661059895,0.03312031675974087,0.11215637002796128,2.690434739743987
0.013881105616276,0.024272509316714576,0.07286871074354298,2.3339006462804046
0.04614341236022832,0.03912233606136019,0.06936468226464264,2.3412606102994538
0.040518222308647364,0.030546576512923036,0.07387516920104108,2.346384780917781
0.046482135888762766,0.030349969200224612,0.03376130089338008,2.0550550134147842
0.07158581199660036,0.07096133150110796,0.07237349121858741,2.3475322153454345
0.013043531766196359,0.029990277882401047,0.0256642653289065,2.061173172308374
0.043812904611972174,0.055008900688746004,0.05288978816312553,2.123459062654754
0.00010944629682410491,0.04678863747278602,0.10116243530830293,2.4153397611193914
-0.01702737325147201,0.06420487739281461,0.04145721493990977,2.2255129261331037
0.040029318843215984,0.0731352876457927,0.013075148402250247,2.2892690210146496
0.023960350909056214,0.034819460908581505,0.04577278886518679,2.2892873103283793
-0.01646900317184974,-0.0004333519117187869,0.06909481031644381,2.6032040805055954
-0.030486176066821292,0.0050491402072057835,0.07530144895870257,2.395311729106244
0.003308553599512236,-0.0011775975684021785,0.05713066254922339,2.1961256018857105
-0.055749116052398066,0.07185063095919621,0.07008985816491127,2.5710838646668637
-0.08324255296133228,0.04086783435269873,0.04017103270238622,2.6732779637907944
0.004759755794368989,0.04053965575197307,0.06904196671172945,2.452110734165044
-0.015250547250928701,0.07902013900990122,0.06412546213314704,2.3706964739185623
-0.005939178754852405,0.04591872560791635,0.06453585470380126,2.4141197542475683
0.04641920123401209,0.0787740885395778,0.05124825156473971,2.495249539747355
0.030348745916220676,0.08431009134835471,0.024165162561433026,2.3410506695210462
0.02748871675107569,0.04271875169414962,0.0716378399266276,2.367565595706251
0.06512302730467505,0.036610205062007364,0.059372099879154164,2.3244700678153114
0.04143734519815846,0.06096985657565602,0.05461685887834454,2.3121369402901752
0.03698193037836215,0.08079484825107074,0.04224604664412412,2.3539045998916976
-0.006374624930811483,0.05364193750312786,0.09178182607801519,2.5718075440454102
-0.036736801578416335,0.07821589767215857,0.06760836154968729,2.383206534203874
0.03782812393244783,0.02930149064795249,0.10918930884565745,2.577620022705813
-0.015453029188497362,0.01809423174220152,0.07296827260929671,2.429523925136769
-0.004390452147968297,0.04823582955318514,0.061644381396090665,2.4078713267779945
-0.06426106329177658,0.008104760328725598,0.1155815278041928,2.7389818662071153
-0.025128164466410387,-0.02334082440272433,0.14097817628867498,2.860195525444435
-0.05990463940834421,0.01186070188268601,0.11125502906507169,2.7207312202594567
-0.08208691880986875,-0.023650080179534162,0.17339412394822395,3.2727116051133214
-0.043330856304378815,-0.011462396284775737,0.14908440313823226,2.9961810716777446
-0.021751623798372838,0.046959417300627804,0.12613306493468646,2.7772343550332583
-0.01743244904259122,0.014079764922237357,0.12646355573884555,2.7302357028839803
-0.09177931615528655,-0.015227082702776017,0.12501339183853935,3.150098965551131
-0.07895398799895649,-0.009672068052187233,0.09070905902796748,2.975095012452088
-0.07508863888550611,-0.009635094529411034,0.11287290823120144,3.0366348623001853
-0.060044216954806426,0.013349413246744626,0.1585485525144456,3.2322752676223288
-0.07883273626208616,0.025424306793902982,0.09503494571651715,2.84694453297791
-0.011043326649188123,0.012547226110379742,0.06877340697223505,2.357753681768791
-0.04631163222097741,0.016358672534335508,0.08779329396645676,2.5860969773724323
-0.029881804429580286,0.028790955108049878,0.06251558982470484,2.463521302056806
-0.06673327863112748,0.06566654497988811,0.01815862756498487,2.4855823769397665
-0.017791093984560573,0.03983892902926211,0.041478508261516736,2.301805363236774
-0.06479069430639582,0.02903581434021082,0.08918195023623782,2.5501133527566817
-0.03985900894886118,0.0463995834056996,0.02764946796778433,2.357368480396163
0.011203767940429224,0.026295522305587522,0.07049413606547544,2.505178362873163
0.006049993955435575,0.020234195965731415,0.08873004847284323,2.5566607409691238
0.015322808942113738,0.04431956364063371,0.03215021778403647,2.2346760111994524
-0.08667948711803751,-0.01451214305978505,0.08854978860611684,2.7675091662096967
-0.042251652847688066,0.0205255965393387,0.06633077025593422,2.386380180709641
-0.020036295194122918,0.04212859416758598,0.059325671814601716,2.5385203553743847
-0.037586261946140634,0.011745121783265191,0.09316398524719564,2.5493001122378884
-6.94885084592681e-05,-0.016206693945480192,0.08051247550475636,2.67099917968341
-0.010774756001543666,0.013920765759415324,0.10456612484195084,2.62962270031078
-0.01789214493772308,0.011108878127031069,0.1486058517700627,3.130295737637835
-0.018913727292672333,0.0272941647932434,0.1598563929289168,3.0743213651467096
-0.09100748858757211,-0.02097320260917857,0.10249860276501616,2.995834690142821
-0.0680211793098943,0.01321782602143207,0.1021404531236852,2.7817084031243433
-0.0335911850509806,0.017743346396037897,0.05495911984859167,2.398671555236063
-0.021644394450276182,0.04634266161211265,0.07460836963658904,2.535326052765675
-0.02932243507578646,0.04253480350153598,0.08060991226469302,2.5752718945879742
-0.030193290080960895,0.04553534287114994,0.05755878677901676,2.467361878321854
0.015411313313924743,0.016051909863033387,0.07013120298241783,2.3918086027573935
-0.0023639012785862216,0.031124516243555812,-0.010860476482600943,2.2796387795457034
0.04254259003354606,0.03436152149450096,0.018707033875173043,2.315908844308939
-0.038755046913932396,0.029222651837118554,0.052010354084138254,2.290801175113082
-0.03095920112670514,0.0645548845901985,-0.01579587817487909,2.222209681112814
-0.041706164621349566,0.034314632949019916,-0.033487689189674645,2.0124579905047293
-0.07059966184830538,0.06519270956555784,-0.009010245569729423,2.2454523349499698
-0.061262348761270895,0.04849638947900739,0.003402849224712525,2.3722089660408496
-0.08208374878683586,0.03693026006484612,0.008079696540231225,2.338497836957568
-0.005209356664609504,0.05001219336662525,0.030775797204537925,2.2738071129437016
-0.003249627749071457,0.02011359259050873,0.03892301592181544,2.2869650011677614
-0.0680790783908498,0.03605078173796566,0.041725683806866955,2.326483140431266
-0.07722245261452688,0.05438870991141097,0.01577911118029309,2.363414508699737
-0.07478102051089912,0.08342461001058181,-0.004022108655502051,2.2954550905675406
-0.009378498887105296,0.058295338987649416,0.004345681072657272,2.100393662631321
-0.06202084784220338,0.038021456801760944,0.03695483673543022,2.307811693861505
-0.0945298074860001,0.022913593592612715,0.036656032052528834,2.411610498156437
-0.052494563145685076,0.04109954339486042,0.0309526911858048,2.376715729037339
-0.09229862117919684,0.0438280328374857,0.03892505327621148,2.504549660155462
-0.06551331016760002,0.044181557471713886,0.01987015175802311,2.3349651862552974
-0.06876570047156243,0.04361108152867772,0.037862078457181994,2.50217320849261
-0.04799565364482068,0.02512381723316057,0.042680859250928356,2.35603820144153
-0.059426818940386233,0.04875768864675533,0.05322986915932365,2.377852824339704
-0.04084929402458965,-0.012090536046666786,0.038202451734627565,2.2641445632265795
-0.13477116877606932,0.02530479053071736,0.014036394336775414,2.601534883217444
-0.09043577639759623,0.0011138009466753376,0.051877844958943764,2.525527198862937
-0.0690985686750777,0.03438355811283781,0.0761025080393229,2.5972669013650598
0.0013579359509779529,0.008733996798273816,0.06589482906008341,2.483781982664172
-0.06577052780604233,0.04687832077094808,0.04885736701755553,2.4263827191129073
-0.05225633132660231,0.06833720612865159,0.046503721774863574,2.422896262411223
-0.016988975701353628,0.048462523079808126,0.06682000447713066,2.316388728585472
-0.03968997772679083,0.05628343934267337,0.02500220689527289,2.368448031535696
-0.0338664010208951,0.06087111223727597,-0.011764209495450513,2.2596616960567175
-0.021151080523852027,0.044006048613361805,0.01874497013519839,2.1763267238906314
-0.07439340501473267,0.04783671129856893,0.01637967999097323,2.33500672533337
-0.08289978572214875,0.04439683601741932,-0.03854331678180896,2.3004426624264145
-0.01901016101693726,0.045886566151260126,-0.016314220269405807,2.0152052273054437
-0.06027999638031929,0.04665055155535619,-0.026772774348537233,2.2085111547837526
-0.006271418171791965,0.0610273946929528,-0.04423124266583982,2.0974123728013137
-0.05033388705600593,0.0447805052809954,0.009804367235151552,2.1944199463856284
0.010490460365563324,0.03309401641551299,0.035633201464530785,2.13204324982061
-0.06455477857867045,0.03431883902276576,0.04686186427936744,2.460323253870152
-0.010066579637727549,0.008947780379062058,0.014924148505896993,2.3489507729355465
-0.07833293321339546,0.019547106082656956,0.03370524847404654,2.5905248759257464
-0.020773544434317927,-0.0009397292343261369,0.009111049959666613,2.293918403660611
-0.029083518667647572,0.007315920075541513,0.033304867509999316,2.3987388856040766
-0.007108343620066048,0.010758675525559567,0.004902247579162493,2.317458409123948
-0.059020956080510195,-0.005483296058689748,0.01093857285049842,2.3604895497811027
-0.046688102074998114,-0.05078619013210564,0.049997601062058195,2.516198145936661
0.007499018572585948,-0.002706687341737155,0.03815714274645598,2.145693916368367
0.020991268527753806,-0.03383454152518608,0.07180415624484676,2.501903174817344
-0.003286614057135494,-0.01992385628917958,0.08125194489889373,2.6899325174142072
-0.006258301975719158,-0.015156199602623268,0.02728232935160028,2.50798574596094
-0.08031210885333838,-0.008529415950384117,0.06715113253370483,2.680198587672659
0.021489381279809885,-0.0285294288198253,-0.010528022177755952,2.3668137683386856
-0.02090370294977372,-0.05350349865206013,0.036401579133596096,2.427583311929725
-0.03948710946438199,-0.03922185258704453,0.03559469619774387,2.7570889865534993
0.01310403921008001,-0.025706623408156624,0.06644138327474629,2.705515553468142
0.0006344296884251201,-0.0006572402592933508,0.04593074798126211,2.4869567142008764
-0.011898330817762733,0.021715922450870836,-0.026419854396609065,2.2724331966113676
-0.01184229436501607,-0.039929177034895964,0.01432451250177329,2.2157211483490844
-0.02549711117229508,-0.006275946975367543,-0.007394991118180231,2.4009038188076652
0.009683906879901831,-0.014383041145243117,0.013400455487410054,2.2421746973826897
-0.047913806363704264,0.010992297574732322,0.0008356280546050048,2.455535043292426
-0.02347959746803187,0.015243064080726395,0.00415785228595985,2.500646976949347
-0.0606316424191652,-0.009540113369338141,0.01013078813492504,2.4985533150306005
-0.04715136252660547,0.015679731000318706,0.032489557337446774,2.575725402384469
-0.06927065128067508,0.019351256228164318,-0.03805040403562188,2.39481200489918
-0.07417724906837224,0.023403498780044378,-0.03743578742470516,2.443317169408756
-0.052283627979199956,0.03453577784939973,-0.03020023943308759,2.277515576271888
-0.05286834370232888,-0.01405787271276551,0.011316959261449055,2.5676078519008825
-0.05092656058167134,-0.021860515171094243,0.021806235296947397,2.5140897475719486
-0.06750392530262818,0.006606988397243511,0.03170273800935811,2.5805127770832583
-0.06235900214470819,0.01772873738746366,-0.0061033159692517325,2.5024451356340895
-0.02514524726005347,0.009961390747297127,0.023760760243130147,2.486409754400494
-0.056598038254998206,-0.013568349070930031,-0.010812363064729111,2.2440965682501797
-0.04034001044088027,0.03262007458415745,-0.05470000962620527,2.111047002903017
-0.07028251712425093,0.023730505326291066,-0.0971353971525421,2.254837734227745
-0.08575787874624213,0.012473081338907524,-0.041385749424486494,2.425717120498651
0.003926340082929167,0.03478150171993682,-0.02064583636996587,2.168850046937834
-0.05101814906646579,0.02143697762609532,0.0013810241113347721,2.3496677249819036
-0.02607453849460841,-0.0031273783360711094,0.022536106480253306,2.4347759014499033
-0.0738916769112302,0.03636967938496765,0.025494308365364267,2.613548574220462
-0.0602396045484196,-0.011131969887199483,0.013572018446678389,2.580218136702297
-0.04650410631295818,0.03722196915461639,0.05539989771087609,2.637269430855949
0.015403750245181596,0.027179778305915323,-0.023890544782861116,2.2820665222841177
0.02921997706651708,0.019082610403600115,0.004773189008565587,2.370260780971321
-0.012986616261015419,-0.007897078823327306,-0.025160527622548667,2.3007416100671696
0.05592979203924511,-0.04327430229503961,0.008899796323885713,2.396046861992872
0.051648434047673594,-0.01709478173316699,0.03873754806061508,2.4645143247182144
0.08787016612286593,-0.026406618084317292,0.020628562429191998,2.490338008912805
0.09586339981407702,-0.035902095792267864,0.05535695717135858,2.646734689307742
0.09186391793509543,-0.03313304327689958,0.024379088549979274,2.5361184863246637
0.10856073989006061,0.006744635497338446,-0.00957360072755839,2.398953178278402
0.06284765226909743,-0.0014031596352456076,-0.0016759398294221791,2.298434179758646
0.021324313079316842,-0.05081268947973311,0.013177384815898219,2.3628677295093965
0.06038758632884693,-0.014625994020541178,0.03638994272239554,2.5210079584928096
0.025892575783236765,0.0026143985744446754,0.05948113004556611,2.5128104249055982
0.06711017368081967,0.01660470146057183,0.04460666739464678,2.4832710451369704
0.009341173005455516,-0.0031639456725053106,0.058644147698926764,2.550982994761157
-0.0032881072205348137,0.021997640845112708,0.04240786237875307,2.525687955660748
0.06179081902613432,0.009643469374281873,0.05610972550768956,2.561910923210195
0.01785793456710368,-0.029392140509349258,0.09210496623157054,2.753607470609885
-0.0034773129373035644,-0.006912237455727477,0.030790475203900658,2.3582648423090773
0.019458534094041458,0.0060690165942433325,0.04927203180466927,2.34546716774238
0.002751586547797032,-0.010523209479249757,0.018211591750666573,2.4464728750477622
0.07324726854910539,0.03309683147308133,-0.009401842530777119,2.3379134750095565
0.022901746492728272,0.04165957855774988,-0.04672706141499554,2.205215226307804
0.060475044158614086,0.05578912256727993,-0.012895181224457685,2.3127261482152206
0.05734652663397325,-0.005115015352737663,0.03083615798427676,2.2971188025780425
0.08289806337248797,-0.01301337574164025,0.02778597918896783,2.5430251865222635
-0.03280806432776445,0.030032122332653136,0.058067354350914646,2.4507899776530326
-0.005164104730608119,0.019290308774049893,0.031694965948007824,2.4553246712202927
-0.007989383041790232,0.05257237379989598,0.020125662656931446,2.468439476903663
-0.015603206875995895,0.03498282627227596,0.04450275375178556,2.5918069970221755
-0.015193649044581455,0.02633625907592081,-0.032026881648282206,2.262634718152784
-0.005212598550702757,0.05473173665945863,-0.04497983974508654,2.251818397680241
0.01247310857017627,0.036283777245280764,-0.050266172386084766,2.252960645670931
0.018688816113026946,0.0115602184176484,0.019994874790983046,2.34872617364535
0.060029370560088675,-0.02360741661151019,0.057376423313649,2.647950217175088
0.08216958124342046,0.015925768881513883,0.050517633175488776,2.7131651826725025
0.011714817795317363,-0.008568803521677791,0.07017220139352347,2.4928026737940354
-0.03568327010418261,0.03940865551381592,-0.007047945362381993,2.363780540226501
0.037414652434293164,0.050796073685809635,-0.040910356014096226,2.3180464907806315
-0.026840414583809324,0.018274609694377466,-0.02239489262283901,2.1376875234082218
-0.023234799395061078,0.03772927588642695,-0.018150811706434598,2.190089816983748
-0.054495816752414994,0.013988300137963835,-0.01498321236205807,2.242736530867884
-0.03949969007432974,0.014541734023857876,0.03271072696356988,2.3321968350478133
0.003180670417267032,0.002034210120603555,0.038889290898983034,2.333501677980509
-0.013717732655437732,-0.02279118543762291,0.021650533297034303,2.4087419828360215
0.00970125469661173,0.002301860630793334,0.02024740802454885,2.3410448379688136
0.02247942092819235,0.04095474008129222,0.03616177269744231,2.4630407876892937
-0.0655126113623771,0.01574156096077879,0.025565848087100152,2.4716268784184785
-0.03310326336397192,0.03132380689783467,-0.021212865109562235,2.2393952039817444
-0.026448900082252782,0.040371862008053185,0.026645523660614807,2.2883316956102666
0.0024405526820782024,0.021760782977509833,0.038824084316465855,2.3469912503214765
-0.033663118541471124,0.000721687038864897,0.05818488998107562,2.4485683943642584
0.032210652899432125,0.01722798053126233,0.02096887554386646,2.3911613677021464
0.02384043379362202,0.030257001808938047,0.03919825468150462,2.260116022996622
-0.0009477753125074656,0.05917515409258067,0.048666240153876376,2.3058684534149743
0.0112395513355134,0.03463084384054298,0.02785510898704817,2.2577974104836884
0.04634982045509738,0.002450985152689269,-0.002906881667759534,2.2171473242983617
-0.009218441184971468,-0.01879407634196257,0.050561155004470885,2.5369511819433
0.00858274362111486,0.02732383044388917,0.020604075482499214,2.2919671305667007
0.03040453219560198,0.019164573517921127,-0.008636109098974012,2.1921428001893775
-0.050845979899240536,0.040000517170601324,-0.004805078404771461,2.390315989324785
-0.041228590859123636,0.016372260657761338,0.035984251752937055,2.4244734817894784
-0.0800642790690879,0.04183845305534356,0.006426693534618447,2.5361624128411613
-0.10182791649702698,0.026193209454155566,0.041632053020973656,2.8585513503248046
-0.021880844226936362,0.006515855257291201,0.04656130513304454,2.630176398012104
-0.06183275351202338,0.011808107833526071,0.05650122350362067,2.743487073942796
0.033064614512316626,0.005757236457483054,0.03896953987248301,2.5557838794291743
-0.006827626605549801,0.0383549931061756,0.01621688603122442,2.2890124704130512
-0.05339800820963616,0.031189346344610114,-0.0035646278549786047,2.505416836853464
-0.012647178960624273,-0.025192566427688662,0.05142583851935459,2.696388448456175
-0.03077029691086497,-0.00379295345281901,-0.002893799490163177,2.4014178257989833
-0.005275811152253474,0.01234012794653437,-0.01647201055196417,2.398165995997126
0.016724577479145304,0.041457825596419064,0.008944490606080973,2.515874839588503
-0.028006133749239104,0.03333785804001462,0.01275381376394924,2.326094381452831
-0.030720201697932333,-0.007527033530811464,0.05055149380816492,2.5196402742512363
-0.044320155966314605,-0.010149185465785542,0.06182686360352813,2.7746124768488967
-0.08208739986447772,0.014799091388013141,0.006040542067890025,2.711261497913369
-0.0661207991594534,0.003052282348918338,-0.01783164083620116,2.5235553286114354
-0.022679396298189818,0.013740949710943006,0.002560601478010868,2.1856424342346097
-0.04639536160733392,0.014205705348344363,0.034448536096303564,2.4591865817336793
-0.05492669876997657,0.0016986002067709994,-0.0014199212733133255,2.3935725574656708
-0.055945136136089715,-0.0045951444637957395,-0.0033588892048515965,2.4865360223228326
-0.018597151977319763,0.008219987435209701,-0.004128279278932498,2.374494147828295
-0.014253244689856597,-0.033002656458760694,0.08898045696994497,2.678857739827614
-0.04599418461655671,-0.024494230466195567,0.07244833696253448,2.810693464442485
-0.01869829574383395,-0.021733079328403647,0.08020815261783187,3.0078524013889885
-0.05371774661542587,-0.005797238319501778,0.0675780000737963,2.8597082839499453
-0.037602400370902046,-0.017062232274739447,0.07053318827245779,2.8396020303849174
-0.0032432580609663914,0.020634969853130448,0.0450174563160961,2.5833566535901036
0.0027151609085618506,-0.02701396421741513,0.06203411789207081,2.6074866062577655
0.07160228619144453,-0.007689862663141855,0.02162434285392232,2.4215099423013022
0.0049178158887160294,0.01767876241133014,0.08540202918875169,2.699078225235249
-0.06882013219721535,0.009429222594920936,0.08077251138493148,2.6846785535317275
-0.036610139657955634,0.011901901193535831,0.04136979453014559,2.492183600955844
-0.08362805438593063,0.011129761089437244,0.06792985854244002,2.794151471303377
-0.06046516709636517,-0.03222995399787943,0.06530687507406542,2.8494020532812794
-0.0505244884139804,-0.04059403751497954,0.09936041346443382,3.0774675913992993
-0.016918962648074985,0.009824464837346945,0.06837899701591434,2.769195320027155
-0.011959024339154597,0.019549881853392004,0.06783227194500827,2.541516266580949
0.002513438946146582,-0.04422788541550764,0.06541114431079913,2.692390448518832
0.030507598770940003,0.0010655056235298692,0.031101116899441714,2.4823845428582842
-0.020890722856577552,-0.0371917323703779,0.05948153843328231,2.591437581501622
-0.0013580724600264157,-0.02678098154134079,0.08430773248748115,2.626729876619334
-0.042168487362848256,-0.09737540943390195,0.1541171611332306,3.456434747827412
-0.05358931577008181,0.01035571974305776,0.12332723065772287,3.0634404888930207
-0.08420470954917086,0.024043955496824677,0.05928930486361019,2.9699648089204724
-0.04351136296749764,0.06474008223007034,0.03118687933662802,2.576719277586241
-0.09248156880709671,0.06319899617362573,0.07523258265410118,3.0146061795219117
-0.05033724634645614,-0.0101558500307053,0.044766066064922345,2.710878046963612
-0.039751081182120326,0.03162858672771944,0.029431744804841304,2.454510434077804
-0.04004194208747063,0.021501892453684786,-0.0017205387223339016,2.3981804165678415
-0.07187282236339781,0.002945416318096399,-0.02175533008105903,2.559945438123295
-0.09303104672881579,0.015216508833510873,-0.014511230126254524,2.616423328624487
-0.0556215585438391,0.033237232956699794,0.014447285280712655,2.7332063260964623
-0.09891615148554513,0.02945206587153685,-0.04031395336134298,2.7541983773000527
-0.08782307511637655,0.011777353311394512,0.0026512630947003618,2.608404630490051
-0.03875140160078844,0.028194554554614774,-0.026217792966829905,2.554127105063334
-0.014432239056351624,-0.0027188800179280053,0.0031612635421582767,2.3227835156375467
-0.001998239985324358,-0.005789831305601114,-0.010383534328070005,2.406667509963316
-0.022443398866304864,-0.009540770244753338,-0.02166762105806764,2.339246345004952
-0.03697775238579518,-0.0063655361274052745,-0.0037142995846129556,2.529138925274468
0.06510284086095171,0.0442401578258126,0.014025648044608763,2.538800086413897
-0.05803392987370191,0.00793151233735578,-0.006803344207252261,2.5851889032912303
-0.05588178134806983,-0.0009764888326360379,0.02658567482569594,2.5809076793026193
-0.02480761865894611,0.024237088873357196,0.04086972932249341,2.4906833412596607
-0.019901842040103236,-0.03227066606759958,0.052690726837271065,2.6970096714564944
-0.03165650385850416,-0.01767833015342643,0.024729428420992988,2.622899178975524
-0.022965064101074014,0.006287741563418753,0.01121319003236894,2.4952326500854993
-0.05204793733644874,-0.03599225813721436,0.08871093137909744,2.8828383881118183
0.015196484462593592,-0.03238155485231284,0.02826797915102267,2.4841853404627554
-0.012722762358376872,-0.05170116362680149,0.08940435462713095,2.907602621012043
0.0032795519164262555,-0.016765215385742285,0.07401364684304276,2.7952368237283296
-0.08195861892884682,-0.028739099802849128,0.060715407882797126,2.7661511102777587
-0.058569510707321255,0.0048079062688084345,-0.008617593606942406,2.492945023967184
-0.051756967970842414,0.006651781867268958,-0.0038386640569613873,2.2634103735142697
-0.018349359582821127,-0.01667958317088917,0.02697474414226334,2.5067360517311115
-0.02941780906543034,0.006500115686857772,0.03036826632217728,2.6261259564813018
-0.021730387897681194,-0.012866406458046415,0.04900549740513639,2.6394928951812155
-0.015234347347497837,-0.01056674923390265,0.035285914027740894,2.741402550345667
0.009900233140019957,0.027702768031527675,0.041676209995534355,2.5740898638438696
0.0056998784582065745,-0.004490670120760252,0.06567026552803215,2.513250733298847
-0.061244808714116174,0.011434210816098227,0.0389118692111266,2.5603391027458096
-0.011725699467179855,-0.004406309716437349,-0.02962940169559465,2.3633888322440653
0.051177724128430524,-0.011171874871956332,-0.038062910778119505,2.2362906839767214
-0.024113028109943327,-0.036536501126438366,-0.06612922178512166,2.380327601224613
0.058280381081954616,-0.002184748542076079,-0.08089589663377549,2.4263193998168044
0.05460440877478622,0.001780059774610982,-0.10875306682682602,2.4455578882524067
0.00718965443917964,0.031488848815599636,-0.044067229587116424,2.2169558603153345
0.02435981013293195,0.04100138582178878,-0.09017314722868476,2.370580300935399
0.018330643942562317,0.0375983815417837,-0.061348478251060795,2.2894939635442726
0.037928775974906424,0.036447331921899355,-0.045146946685306555,2.381620845329974
0.052025537266620854,0.04389846719110364,-0.030636156580163255,2.3773434549792354
0.08079837070309867,-0.016184776745849422,0.011506384246346346,2.451135882196708
0.05521342067667484,-0.00888585633799159,-0.004892374960027754,2.448531886538177
0.025183203279149087,-0.008632932774780652,-0.020856185729071292,2.3957321938314418
0.0427723159646856,0.03002928959512117,0.02759402638031933,2.4208725806721962
0.11779398525873723,0.011538494061396598,0.020907714883729545,2.570883865038423
0.09481503942118998,0.00035839922784610377,0.03755542836204839,2.6855822834340928
0.07695971543227394,-0.010039574954599232,0.005537423159080748,2.588643442998643
0.09475224635310917,0.0023972834048666598,0.06574459971513925,2.8072093213341973
0.049335466385401094,-0.03151364906220074,0.07104257163581122,2.8306543714529657
0.11898000742856668,-0.021127316976161832,-0.0017920717887738686,2.753455278210122
0.047006408724889495,0.02528248806610219,0.0010440612644333463,2.593363954454254
0.025275732882534842,0.046924617199535876,-0.0596328054863701,2.243604816810365
0.011599312045987834,0.046556194937811365,-0.05505140346871575,2.243422605492495
0.01850951808371519,0.05564899535445453,-0.09791569782234827,2.256063766331093
0.07032166803479595,0.05560671789237014,-0.1237602593290728,2.3490035900418054
0.05426125247759561,0.040873335520548275,-0.06066212217938055,2.1356512385893116
0.06601550127579282,0.045403526095900065,-0.09279670988793241,2.3199431105773702
-0.0085605043283364,0.05421642397274611,-0.08156374779033805,2.2285749063878053
0.026814093955841643,0.04405721521240038,-0.09194298140420046,2.1859381335129493
0.05142151770266771,0.02907252589680368,-0.045558616549063076,2.170822960157642
0.04143316984876463,0.03053883084350173,0.015713265125301648,2.2359549324194115
0.0590051944741516,0.01744480079415532,0.013026072368051455,2.30503134234104
0.08479240094731572,0.042841450562563194,-0.032298446792668245,2.347841706639634
0.02713535864056628,0.04013917108640793,-0.05519703082694067,2.2435816535904425
0.04038105680951806,0.07185418663509487,-0.0302846665179677,2.426677105059903
0.08461703714834541,-0.01869366441943206,0.03522479654072999,2.6373919237249597
0.0780000356936288,0.004519806805000835,0.023065236127458002,2.548760412675635
0.03404412093886068,0.02935351358046094,0.016728677196883,2.1401827810389613
0.04217182056549582,0.0365839284557049,-2.732334303260049e-05,2.198303495169209
0.04340702513333058,0.027603561028152764,0.002751837073948798,2.1677029990074015
0.010749153769486042,0.04414141282499711,-0.005839168711601914,2.116898029260002
0.009139523860790427,0.02359569412226745,0.0479979931085976,2.2636504893687412
0.04912435594493619,-0.010610731581611299,0.06158012268371843,2.4853226944407694
0.044481464656429645,0.002490673334518882,0.019850126043995654,2.504540927922996
-0.039795236328066065,-0.011671913932662377,0.07198062376465132,2.7748626383783486
-0.011717423695572184,-0.013497523480211163,0.0951861878769627,2.7276457080077905
-0.04851311863029823,0.025580531962824497,0.019366357289051603,2.364131291804173
-0.049035154883623394,-0.04078267922111957,0.037103985952171493,2.664394385862439
-0.044850265291053466,0.011913176936626808,-0.03984205774632271,2.4083357660091456
-0.0015353626187906966,0.028111465514704025,0.0659408205315809,2.5108910306448324
-0.007983375188308228,-0.007518267270540148,0.0993711474067605,2.656587257196801
-0.06044349832299383,0.014991632464185934,0.04165198477340655,2.47596629721465
-0.050675923482097804,0.0028473802038551112,0.05680227865077075,2.5533310645106355
-0.05115141174501353,-0.01912993470138106,0.04177974724368615,2.713660779427566
-0.00867583419539202,0.00233501622522804,-0.00047623849162695505,2.3912839666863417
0.0013762223422047614,-0.009696584684589839,0.019849358304502924,2.4337339599424497
-0.0636203119764893,0.010714241753426529,0.05868831634354771,2.715917498189751
-0.04766838058710283,-0.007665002184497531,0.07719326038498064,2.8160626191312983
-0.07851060892172121,-0.008663029618049566,0.09358918501888916,3.110123701879735
-0.061938148335472155,-0.02049614834809103,0.1158768149402596,3.0262095579179227
-0.048635652493208704,-0.04740574003439326,0.10042362146002662,3.0323376115629914
0.008897246788076804,-0.031073974441514645,0.06561182706875708,2.574758242550777
-0.05144775888898814,-0.018473553452197942,0.02875992723560633,2.542232390355191
0.04274252613284739,-0.02267533541329343,0.059452985513545296,2.6283355661926233
-0.07665058701471235,-0.027104507087700125,0.08658045602817849,3.0974122726083215
-0.0726915449203115,0.012166378642794472,0.03419260378640353,2.769657510429593
-0.10571411620337215,-0.0037006231060825955,0.10086560070476867,3.1231268847573275
-0.08703976605195425,0.013114414911797167,0.10516518055845853,3.057789019174633
-0.09850799950713308,0.003533990965613098,0.07882488872324066,3.0421210346739134
-0.08585007237066003,0.020013838852339715,0.057951898674848686,3.0830794805680917
-0.0696839756621821,0.022091844845123224,0.04036558591045179,2.79983677953905
-0.0595685122017577,-0.015588158921681765,0.016695527871508412,2.6779861161318377
-0.004628773587078445,-0.009091342192550209,-0.019452674552912424,2.38879542323396
-0.04533011240754351,0.030682937401273473,-0.029700993105191004,2.4616934583833343
0.004451065250159875,0.06114128040131177,-0.0209459452867839,2.336994606582692
-0.05818716548009216,0.03374529988145685,0.012527429775577876,2.494933567363996
-0.02057175432441544,0.06514354190943104,0.021867084727001836,2.3643436879569486
-0.02393921122030019,0.07364535018262948,0.0015048865394531427,2.331469611379605
-0.029601252601891857,0.03340017685529421,0.021732143034802982,2.45545251098899
0.0207062693974639,0.04804647861266512,-0.0197926256930479,2.3182094952821504
0.02572618229859182,0.014782514815763006,0.004653073782495635,2.36940125007411
-0.026044250292453344,0.020060976379952918,-0.004768636406810987,2.45701402058079
-0.08066006077208586,0.02832510600034122,-0.005111212504761342,2.572148888139086
-0.10492989126565386,0.01918714534791955,-0.00827457074977197,2.629206057271763
-0.06474800007239231,0.057375381221626665,-0.07797922681213924,2.6077375565221885
-0.05321843099044217,0.028884855614576703,-0.08163178660866875,2.3651950090471194
0.021530522377495007,0.06178223564699415,-0.04350043404616145,2.176459176724986
0.00497599662641085,0.03555467046125318,-0.02525166446967175,2.0280811544534343
-0.040819210802403465,0.04974369540608267,-0.03252952779894943,2.215846322461237
0.03809027522248791,0.027827221273396423,-0.009804006265251655,2.2325064271345956
0.06762055406158207,0.026978502553179195,0.005764928109671043,2.319761360530629
0.05592677655715458,-0.009504899092962472,0.02828120022058688,2.442179619933992
0.04095346750042038,0.024547672760175276,0.0043434949984678325,2.3970906662270077
-0.009525266852642317,0.024842502309725022,-0.016641907375357805,2.4506562132548013
0.023034616952147646,0.006673185192385524,-0.01647530688939615,2.4409053902867326
0.02692087284176284,0.022577206263499364,0.011853745666852312,2.2031436626109047
0.025281775559719263,0.04961395276291195,0.01022182920824114,2.1854671841367
-0.008569074812427316,0.029711499046275628,0.005254696057006445,2.333233134923324
-0.04462322433897841,0.019146982052148678,0.04991182936405627,2.5946375796139223
-0.013330431927489048,-0.016398498841223942,0.060413034765704234,2.6546917249184605
-0.06357015184386192,-0.008194148141986312,0.03515352341308822,2.573226607399825
-0.043969615745185285,-0.016724769456903692,0.04688217109381684,2.660769876274118
-0.07096866049279203,-0.020211128869224625,0.0071130306185311605,2.7334962124210667
-0.0314304287084652,-0.04502666420474735,0.014486299556187292,2.7326559420067302
-0.06983739119355416,0.011594909990930864,-0.0074872917490729765,2.5237452871781767
-0.0027839380183864865,0.039043687004858246,-0.013994532607779582,2.5097627524361097
-0.005073112854691168,0.08390931103766629,-0.061168154596869924,2.3811848297953766
-0.022302655410417472,0.11581757043885553,-0.059795015023514864,2.6142326229662194
-0.0005397618381370625,0.05556750684474147,-0.046302322393705936,2.4615837298718795
0.04825769509592481,-0.023071700205293092,-0.0013190122366902688,2.440928337214046
0.004406433106099025,-0.021955076915166214,0.032583456355575205,2.764237867840065
0.005977929600267962,-0.006935341182930727,0.027131195890619558,2.512927691815784
0.023010904723609334,-0.006918519441960749,-0.007886400075428889,2.5108893667623895
0.043689267486490616,-0.027958652932666916,0.06157895564291686,2.690910724615809
-0.06154176906065559,-0.0080507674313708,0.02401221522417322,2.697794934249143
8.936337117531138e-05,-0.024490269076921915,0.02969732564864928,2.7086092971869187
0.0543167018508443,-0.03479756819847235,0.12955948304737636,3.1140055649156464
0.05097742737077135,-0.07354089661326942,0.1411748816774875,3.311504296908988
0.0004563768272394858,-0.07347774556731254,0.07211508211693177,3.1514666568681533
-0.0034238075685770696,-0.04519096063821837,0.12081318730081587,3.2495361461354517
-0.010900153749366013,-0.060641821533612465,0.13036915760688686,3.325669576357359
0.047311521562060595,-0.04181045835185086,0.10115557083378157,2.7998278712616615
0.0132488028508277,-0.06041616920670186,0.11406687120056232,3.065892920325252
-0.015356998023767792,-0.012795884644620887,0.06251194462319455,2.714322353199681
-0.04376102627371485,-0.0014582817334936329,0.030493810016459615,2.692330490614246
0.0011139783709393386,-0.0394299962691365,0.004775200848561071,2.667281202616053
-0.0050684291182834604,-0.07051885355254975,0.06561131773181066,2.8752883755504994
0.014873147947149369,-0.004889308352858169,0.03153649522208947,2.595239127213909
-0.014792016751967507,-0.03278794614371105,0.058329388295884674,2.963578505046325
-0.05257833777057181,-2.7117838847749348e-05,0.030949099858426213,2.7972297812498756
-0.10851710059980012,0.025936141311233243,-0.004597362703315815,2.6699531576961384
-0.06510785147973938,0.006307791873780382,0.004526339541993597,2.575061665323494
-0.1230232750508354,-5.9674025866841545e-05,0.019741031276751524,2.849454048988888
-0.10456936778978229,0.017406313066981365,0.03426767249593307,3.013257419020981
-0.11641735713571746,0.02784245354874015,-0.030109535112934835,2.7132376873983373
-0.09214243165238002,0.01867714812375334,-0.054246443766768015,2.5968751428588512
-0.05875113179737623,0.04519875244390126,-0.036928328684090614,2.716262009295204
0.0018237598191230583,0.025012847310391443,0.01401250367260115,2.467803779325812
0.021786493784498064,0.02393875240025842,0.015770146482160154,2.6640772013722134
-0.03910720085808868,0.026761147411025917,0.012133060252143675,2.6247434123232023
-0.020738969020039206,0.0070912021463673865,-0.0006033028415369502,2.597011983396424
0.021682401962851563,0.004510423764582206,-0.0034163382276913637,2.527654956983522
0.04929155213675831,0.012198852248480933,-0.0034551846840095417,2.4867848317365935
-0.003992051242137439,-0.022055558277799002,0.04244993612875873,2.8348686870252426
0.012455028749837387,-0.01386392249996263,0.02638958667626575,2.6311513575581955
-0.04731065374869987,-0.042160130063770035,0.05282619282622823,2.912249683187543
-0.06870034864508358,-0.028258207183203075,0.04895403791352588,2.95887498224474
-0.04800552632612492,-0.021441264313746138,0.05061475981592494,2.7238416319591603
-0.03296371823159825,0.013012847388996024,0.018740186000358566,2.64577438585568
-0.0424043097452246,0.004807413332066996,-0.012875512455876164,2.5272067073990856
0.05637141795157368,0.02319693956311614,0.0138341554837567,2.361311452323916
-0.024263958642862387,0.02201326378580874,-0.0388795735430412,2.206127557493646
-0.010635773889960549,-0.013231919615837133,-0.010441060430760707,2.273989966458656
0.02021608421857431,0.019225200910897747,-0.05553448031151274,2.256092870053965
-0.013806802498923569,0.024360868716919292,-0.06924729792379014,2.2307671048912106
-0.04761462343143759,0.05492851455930337,-0.03834386995203724,2.3771259168554693
0.0076162065280901015,0.055996907385322266,-0.05470923565433145,2.347661461323917
0.04721313758536662,0.03032262379207688,-0.021214646572910063,2.4313193184172865
0.025314745447094673,-0.005884380376065429,0.02040795716957189,2.4523309480770816
-0.030510684702847932,0.008142556444812798,-0.023134942581708607,2.5976835982475928
0.03969426631738878,0.005142259416551057,-0.0246738333077595,2.440327799805226
0.05102149154300511,-0.007921858483479797,0.00957568258363434,2.516101125467543
0.1057752758264009,0.012623783558927884,-0.015910372348370474,2.62957163208617
0.09148286734352204,0.047111027385897945,-0.04411927514943033,2.4016177838202664
0.072051566290135,0.04109168556163261,-0.03920776725096374,2.280428438111983
0.01443101771656257,0.029131666776774635,-0.04683150628790015,2.2792309310407792
0.03121499131939628,0.061823432004795474,-0.05306638184855119,2.2290724286529464
0.034404947692692554,0.03357623252074539,-0.06719348094018945,2.1113661461972253
0.017596225628562844,0.013687136170007223,-0.07158138035989368,2.040836493821936
0.05206102677622067,0.047113252896428724,-0.03460877624072606,2.187724297928376
0.003281495516734949,0.03207128601782054,0.018346343556540693,2.3034619210528993
0.025771873268767394,0.054489089726293606,-0.039166335808498834,2.1455052991331143
-0.03733399357900908,-0.0008243618960992844,-0.028747792370543236,2.328174106687912
-0.03378799612470888,0.03270841217786519,-0.044599227764733074,2.3334759416481994
-0.024024195018176125,0.026256810177595777,-0.004356723031017099,2.316582564605831
-0.023998477780178405,0.02946527393124224,0.025289427534122628,2.434763798113162
0.023945493139588922,0.0367189800327633,-0.003725728116738063,2.418255566021837
0.044923787611569364,0.027257313898678213,-0.05640792464401195,2.2728953545801165
0.04199701156007018,-0.010312941141621259,0.023952041526612542,2.3093269192825825
0.04387454216495553,-0.04348087518051917,0.037097682581248716,2.6378143273731665
-0.006087801351155711,-0.02053972441914839,0.050595080370998934,2.5630457705735776
0.08277929485380078,-0.0012260564349029827,0.05674286577227676,2.609765671371229
0.08110491170042039,0.011111191235694654,0.05251134502000897,2.572134617148544
0.04365051830890006,0.06356553147805377,0.03713971186155002,2.503345233464293
0.08691524512184023,0.03850905596938457,0.02108560626312153,2.4116599601453412
0.0511527860905628,0.008276776397723258,-0.015908768293107486,2.3601445824190272
0.004605982487443447,0.07742526367888969,0.028977485602380944,2.449203250938249
0.02564678022765232,-0.005617101662838322,0.033231933822137516,2.497741026923134
0.02498097857427896,-0.02464848097818037,0.040998098253302646,2.600832926486714
-0.022279575144666393,-0.019380902776439547,0.004389540879599513,2.397130494988039
0.05564911068240769,-0.0025739753729878173,-0.0017435816222384104,2.3470989442635
0.01745117986092999,-0.043616410017186864,0.03180587372342498,2.5811054041953496
-0.056481378535767186,-0.031576109861300175,0.028346183526340118,2.5279010307910603
-0.024903592678595845,-0.051567731882549775,0.041760923644811494,2.6340709146177606
0.006071742700878488,-0.034422501019945206,0.01774848926731765,2.3768818154720264
-0.03421522963774349,-0.006999875022088653,-0.01239653956177923,2.5454428640386104
0.003034319880509809,-0.012946895772378095,-0.001284248924272152,2.4747991231871964
-0.014294404127236494,-0.025411775411408245,0.023449702582622557,2.6722526042740617
0.005152524993302624,-0.012174190968002591,0.04483484504437232,2.538922649633863
-0.023886709749084082,-0.033948310318544915,0.041087021816939545,2.913388233435989
-0.020345619919948755,-0.0353150300201426,0.037677114839590874,2.5636860722633723
-0.02947310050480749,-0.030404644975054303,0.0349434226862476,2.490362406491373
-0.05549399920051863,-0.04954742785863223,0.08215566678063647,2.9500312003127505
-0.008271132573390462,-0.04004983749861917,0.05827754863788138,2.789846115108043
-0.0007977198688623948,0.011545367397739738,0.05390521854937411,2.635348010931827
-0.00303020929190514,-0.015077046700313101,-0.0009423502808701185,2.3599010884941376
0.04198507498690967,0.0598410651203276,-0.04160590200978373,2.2158915680727307
-0.0011238598684510594,0.05491588155337677,-0.03872234744864429,2.144267995276953
0.05849904096047827,0.0629373673325032,-0.030676193177753105,2.22754902612403
0.015050966616569806,0.05550966108380771,-0.050551887886987425,2.1748422260197877
-0.01305242674625567,0.06365070410640752,-0.024129509798721298,2.2909171207906036
0.03394343456461848,0.055730553604593516,-0.05376610635805057,2.2822360861582314
0.044513478184699064,0.07123520111244155,-0.05789535153051446,2.034656206167164
0.01829424079242128,0.06848753193550865,-0.027353828026699327,2.1734505570157814
0.01849825611563222,0.052865702086398805,-0.03244521519550993,2.1123068028593552
0.06722115787695097,0.04346691680756255,-0.007504491427285747,2.2482289817899095
-0.006505982059870205,0.014897232450283952,-0.037006660020915474,2.160434133092856
-0.006058529435340343,0.05125075018783268,-0.029120453711321135,2.091231036699239
0.017165763460118028,0.04992976445539883,-0.03537968641565842,2.1321987361723758
0.018300703092830776,0.05123012431911247,-0.057347750248100585,2.071381498535494
-0.017180651800626546,0.03562511528868549,-0.08701475662962158,2.122908682596476
0.04164174351530308,0.031736444568616795,-0.04602492208579741,2.1944724169098753
-0.016815395798762862,0.039434493245961946,-0.022249534582381752,2.1273904207268837
0.024610369960435727,0.023319396764933244,-0.000325772434880606,2.3540105804634637
-0.013870012562269114,0.02494261488420443,-0.013150302115453379,2.205564206143217
0.017016050195347077,-0.060516051172099995,0.012920711022816986,2.418475009438388
0.09802869554629055,-0.05127745791886845,-0.019342456325945133,2.389447435521567
0.04976943474358697,-0.03650233482336021,-0.018641066372573685,2.2374309777576276
0.01112381220844769,0.009527376699987447,-0.0012513319758117245,2.086785568510981
0.039499151872896716,0.011425811918856776,-0.02282446345204912,2.1036342965900556
0.038630431537499156,-3.3283333812609105e-05,-0.03013892428606649,2.0884481603371685
0.05538179379808979,0.008402316377328592,-0.022765968370553648,2.120531581481027
0.028749411117623712,0.042038075697492544,-0.02271018333950871,2.0068200484517935
0.012855067868171763,0.054687641306902436,-0.02598305657884297,2.081247604939913
-0.03723917989271726,0.048310469353575525,0.01382263634772128,2.0006517008350624
0.06842677698917696,0.01797580104613057,-0.021929245246441808,2.0346908150634806
0.07229388144515725,-0.01692390676744364,-0.037462752632548744,2.0782889692048307
0.0891529745399571,-0.003809032283019368,-0.011988488285422764,2.184289990701479
0.1376566900599477,-0.012265701872813317,-0.029338236177331133,2.452544203195636
0.13378692575858991,-0.01993018924949774,-0.03005189804194548,2.4514358611425804
0.1259143173467238,-0.052244836573447376,-0.004247506081962903,2.5177000781188603
0.11632277069849122,-0.027748892560947584,-0.01447963762080648,2.448567392008974
0.13682646419873395,-0.04429108190297938,0.009625154102874267,2.7584390953376774
0.14238414934440613,-0.03149916731538844,-0.014501925005680462,2.599026652143212
0.19157815945615556,-0.021334933474700966,-0.022400380009887425,2.846217338449771
0.21745033293028795,-0.054951059537394965,-0.03270062936415383,3.1312229686144755
0.10963505122754788,-0.02543538299962919,0.004168086729948431,2.3787386802057737
0.13922180795828015,0.0029322339162468317,-0.05560140717433521,2.531408286042028
0.14902006098109674,-0.00010705646674255998,-0.02138632988196454,2.4725292788742967
0.09464058539040557,0.001075642580803711,-0.014664824080808535,2.2226841775097683
0.07424540711318282,-0.010344257608075964,-0.041666111367546055,2.2509597391859617
0.11052940732079464,-0.03199832459538236,-0.031878967582961035,2.251033132497301
0.15767085978266973,-0.029376742914965146,-0.02224003659216102,2.6911894767990967
0.15051880073990778,-0.0189650999470134,-0.08112141854478286,2.6175223802927
0.08539296071787139,-0.03814961933388654,-0.04304719411784936,2.301885315628682
0.12007446894972983,-0.009431607424357474,-0.039101959769064276,2.4060376428250505
0.15685483207853837,-0.003915452627482912,-0.0191991194306835,2.5779937935068036
0.08338865627732,0.020674018671064803,-0.028047232638309348,2.3251138985620834
0.03646744053491112,-0.01314406892521124,-0.06534799784994572,2.157870145337423
0.12196450840677821,-0.008633039809699913,-0.04958667136898597,2.4505632062772293
0.1734481015417789,-0.0011463774052367928,-0.04660618677271933,2.6180327471078098
0.17437590722362822,-0.02153664351350674,0.0002710247937514915,2.670564386751187
0.10484757043862665,0.013435515419687205,-0.06510155144793817,2.3311777575059587
0.10339064997867183,-0.034909670664625005,-0.05579080978454223,2.3520400195734577
0.10507042596861615,-0.04266343967525709,-0.026509539381976022,2.3793777735575663
0.11835158530946718,-0.04811391866812797,-0.048660590641147514,2.3929088486417167
0.19131508307277875,-0.030649711579568476,-0.05007165008304721,2.9172211063068385
0.16795739249066385,-0.012076176657812162,-0.07010066793713625,2.874549275911886
0.1476968104688519,0.012289095145070357,-0.08157735938537607,2.5687586143986776
0.1598689280490549,0.0087090035084722,-0.08812637504629146,2.5117586754578594
0.17386215263018015,-0.014470470058881576,-0.020643700076050736,2.6329980364726917
0.16029920236609643,-0.014315714997374445,-0.03490691146394656,2.585742815628774
0.17755020011081915,0.026920413170794147,-0.06351517276129508,2.6361619309209376
0.09921493102003065,0.05952991840968184,-0.10447508994759665,2.3760017556138058
0.14399613743778675,0.061969371875049695,-0.11127854296601597,2.5066909978844305
0.07734785718020916,0.04373564903240801,-0.07179784180961202,2.187211683442258
0.05358404719863552,0.045641153326501274,-0.082795605764516,2.1710456133930855
0.012265360487159989,0.01491713726178212,-0.060365821845979946,1.9213832259546457
0.047846016595094645,0.029960542634973046,-0.06041818354510058,2.1616017873951945
0.05088258183293027,0.038555930592622106,-0.0907916606984476,2.197117295553823
0.032831621129825364,0.01849915501903453,-0.0906826960451905,2.224878906402488
0.06727002679442587,0.04538007585693072,-0.05781054650656099,2.2270354148414353
0.05677807734276471,0.034506460194170724,-0.11091461540219082,2.3099512198710492
0.08961014446328189,-0.003680039453629025,-0.05908499275968672,2.280323393096092
0.06325343684843004,-0.0013375717551198105,-0.07743172014822886,2.234227940702402
0.06165194851046196,-0.034057972358283194,-0.03011094477023052,2.262793013015976
0.05575079896839848,0.04055206474909032,-0.061238439621086466,2.1795856808414387
0.053389676466710737,0.008900575743694645,-0.07102728976835052,2.062297343866986
0.0816596769715837,0.02086713662526289,-0.0044859284111364375,2.2792146733594474
0.06866859271661657,-0.0255330360399008,-0.0482467585128801,2.1876830091136754
0.1009427208084712,-0.014385075164228477,-0.07652848762236328,2.239449758847752
0.11112378896587838,-0.014881953023501027,-0.08287254989289121,2.341345203070896
0.11372434993854073,0.003352791308360195,-0.05997789797846616,2.2890780690151202
0.06854202168329869,0.002882894182554142,-0.09373212189461566,2.191235119591755
0.13368940429341258,0.003570247234628454,-0.06567629770715092,2.447649278396283
0.1303298101731164,0.016496456056033094,-0.08652356307963834,2.4892876581585934
0.100892494661381,0.017359279075573306,-0.0839660229995463,2.364363725472171
0.11230061726819679,-0.0037829987154204205,-0.07212876832131182,2.3354218643250806
0.0643070624048884,0.025984736635648844,-0.03660924711501224,2.090267659932985
0.03661201036961485,0.009954803039454204,-0.03024123709442442,2.1189213804760416
0.039451984866413825,0.0003275501894052283,-0.010913826985902774,2.1292331410379903
0.06388854846899951,0.02853300707966473,0.03669225438439719,2.2288543042396207
0.07778364798448145,0.0011990608766668585,0.0409950340128285,2.2495300652100694
0.020548662663722694,-0.023581750005503044,0.005480883492597403,2.31160550575841
0.07174492816153567,0.030793577172693865,-0.008775644224513709,2.181464765427054
0.04440449751365817,0.023660793905605337,0.003730903646871668,2.2010235377568423
0.01021818729167145,0.050825906864892516,-0.06703584586592146,2.1386698756792275
-0.012796586869211453,0.03931570787126263,-0.034191811313612104,2.135889259383778
-0.025749453516048328,-0.003525974454421321,-0.006134156929881889,2.1479862957614513
0.008812932975703416,0.046099132386983634,0.014983823969852721,2.259950434844186
0.03508967956819949,0.026917316868305324,-0.03293797169742362,2.1134415207513837
-0.012118955725783451,0.002400381545948178,-0.037430578431047586,2.1612705327235195
-0.047549924556082396,0.034045007387365496,-0.017786779859615142,2.2835742439309477
-0.035451496252606955,0.02596539517735665,-0.05215662255578584,2.092999748558783
-0.004885529504459393,0.0479016840552586,-0.10325096808674324,2.3474011885113306
0.027868904846121586,0.04757008211052714,-0.08774718891478932,2.1838173394743694
0.0352065235577714,0.07873467860123418,-0.08471714119732073,2.2339898841604002
-0.013333734278312236,0.05209378774515707,-0.0871965795450176,2.1794929910226224
-0.010850064583797829,0.09895851128962595,-0.07801963824220547,2.1128210309974356
0.01776764270333395,0.06941240211050848,-0.10575336165402614,2.172887000632784
0.07648265778180333,0.08526789977071796,-0.10090653023149065,2.322765526061333
0.07052163624446603,0.08941814315061389,-0.08845026884817747,2.233822268677795
-0.006296820674843898,0.06292657779676337,-0.10316745588859298,2.242560486907587
0.03218233065838883,0.06105379301882255,-0.04592870992606629,2.1528870986512922
-0.03165062211524854,0.038201231921770835,-0.08327527392460936,2.30378069214026
-0.004164367199270451,0.020800727220403374,-0.06531301546576895,2.2493083802981
-0.016111286842100756,0.05337736485073403,-0.09755487565164786,2.1333628736571026
-0.06813495732167392,0.03277840432826508,-0.09764585858735604,2.3590667611275893
0.0033034295609850467,0.08884746650090201,-0.05771107239824212,2.3219832604290036
-0.013668144455568788,0.034179083401067074,-0.06576604998431933,2.132294997698593
0.0013705846159918348,0.037280533121797466,-0.040786990655577705,2.0310780980315233
0.033995272000276,0.042751732790395014,-0.038480347785405246,2.2368059652134322
0.04999710118725263,0.058949710825393985,-0.06191363593889531,2.2633054975345925
-0.0011020418668226803,0.05861740239537367,-0.057700398837832755,2.2559591383867885
0.04354674391055247,0.053213096264814845,-0.05186630911183168,2.312470617393674
0.07093422310089587,0.03116644025757715,-0.03232805721035056,2.3426794687149264
0.08470100494056672,0.031755869960368104,-0.061619725140570826,2.4022111734429967
0.06810957527090687,-0.009291985120124888,-0.018974056863047685,2.2905616160817526
0.0670621197703344,0.02767500838377804,-0.004527549276923403,2.3948572060464297
0.0951835700579637,0.0028942564097327954,0.015335041911287496,2.4282772833895194
0.10272927476416671,-0.003193522454214152,0.049966578418527356,2.629233903023817
0.0875306157895581,0.02145004927151067,0.004433118587726746,2.4098131425161644
0.12750020518325308,-0.004537078720168676,0.05042581939316859,2.714114294376696
0.11979988753510223,0.0072659811551409725,0.0019316249470611277,2.529108573675807
0.17200612340003946,-0.00924683722267488,0.02268075928396683,2.993240833175955
0.15925892452437382,0.0023051804592927544,0.04049387185478621,2.9267762991444437
0.11180519499059581,-0.02518263967519349,-0.03401407604138667,2.7216288019539996
0.1468826714284245,0.002294737189656321,-0.012286372100600063,2.6053225132596074
0.13549902212601375,-0.007194678701606938,-0.016259717356001086,2.543927161053992
0.12795570381416005,-0.027909822829133478,0.03347610232377933,2.646855855679991
0.08788793594590945,0.02966680062055087,0.03361505553511502,2.5246405505637277
0.11440424536230381,0.020312264763285175,0.000709211967808109,2.5945121513753953
0.08098230418778614,-0.0018285874386834147,-0.00454563189306063,2.305465612004345
0.1782007566066309,0.013513386692927872,0.05951025557042012,2.8822677628556947
0.17813330544699343,-0.009390267505585009,0.05766189408892142,3.0137476474719747
0.18638078237835592,-0.0476578421178277,0.11324049252493185,3.3088752403380606
0.14489411170246425,-0.0695249412739439,0.03918149006838452,2.867827118548836
0.18350648498629635,-0.02979187892211453,0.08143701732973252,3.09094853430971
0.13043825830057784,-0.06549057264946592,0.06450669837711841,2.7999915795914343
0.128020228676992,-0.01684967113934553,0.02572160541879621,2.646987584684114
0.0566865838472473,0.006840016773576528,0.02517174396713683,2.3516269837950774
0.05022411570555891,-0.0025445310950399738,0.022739864501989688,2.387858537109701
0.07245967294881298,-0.013496372772485374,0.034224193403388774,2.4242839844657738
0.002175431720212701,-0.038626825569839485,0.03880596094992069,2.4633044423278916
0.05712616682809127,-0.0641648207822777,0.07446000321603297,2.9108443301389237
0.06393079065684174,-0.012835183137519484,0.008141443989456114,2.5725077465543307
0.11139879768367006,-0.042809953224845196,0.008050117056705382,2.70671458258495
0.061584758782973044,-0.032106612352076375,0.035428330169324736,2.6055596199421642
0.06711058170913596,-0.018693669575998027,0.05144559406755827,2.8252120562287297
0.11615456376275105,-0.004574541631838207,0.065227016570647,2.87657011439402
0.0827025931148476,-0.05106474144934946,0.04579140283070334,2.7591476946348
0.09432963070759387,-0.03262635510235034,0.03885109590795517,2.627827252303715
-0.00921491972969862,0.01905363748869578,-0.020009215493729932,2.336635705654436
0.06716427155439875,-0.02397320108251292,0.06057711310793192,2.706297469236638
0.049835217481905,-0.019599386347134068,0.002020998897361587,2.515440662598137
0.0404521762194816,0.0058830790728713975,-0.021099301116869223,2.4003947391200384
0.045044762816866174,-0.023266290438391565,-0.04992591194008623,2.291262034716344
0.05680278226013177,-0.016071077229426172,-0.03582059900248605,2.2631565461325223
0.01631996346305131,0.004608738691639791,-0.038292335185800046,2.217566405533885
0.06133368316904496,0.0487557628027134,-0.04984725515907645,2.3526605494441446
0.09063215655552834,0.0223774411962,-0.048067395834398986,2.374658340624982
0.08695041277185193,0.021246620571365903,-0.04656534023149543,2.299909338920438
0.08965476337684376,0.028122212548687752,-0.05347782251353305,2.20537637556051
0.08084499522776893,0.026926131666728904,-0.04215978882088856,2.2803313269119996
0.14864905642988613,0.017293360960438667,-0.032571002359897246,2.5852197923039686
0.13233593145267297,0.0160159346869882,-0.01851745975523687,2.5564978631899797
0.14515712292209587,0.03432519329666688,-0.08486183679087711,2.685103155028486
0.0899022062161042,0.03309859603745819,-0.01593930627795416,2.288101203240174
0.11182903220742114,-0.005148047489249409,0.012748217188237274,2.3425574287367836
0.12129995301312371,0.03496384203019782,-0.02753612118790024,2.3725099805377505
0.20159649625545523,-0.006593999219365739,-0.003479704017599355,2.8019451639361215
0.15096693704267866,-0.026305048362729896,0.018383861725617973,2.705529341305656
0.19923746039334506,-0.008742725586228163,-0.019077209065685885,2.936199960740783
0.15118133634131162,0.015121037188810289,-0.0022137055511800355,2.646193130820297
0.17321752033193163,-0.004761948525593874,0.011140618005991993,2.7447776797011287
0.22768760868216803,-0.023401829005597317,0.01444186825816336,3.2062202368766686
0.21427097669822218,-0.010333423326276844,-0.02534612848029716,3.063699047687572
0.24231855314346545,0.014142921856484874,-0.008884674561261284,3.200947656210368
0.22539914885995943,0.008851174594096392,0.034551568674704373,3.1826184421781414
0.24499148468473567,-0.03174119632428366,-0.0011892441241372314,3.2889788770962385
0.21770779595916548,-0.009492716992268129,0.04147272910974141,3.1382276740671404
0.23880109225933085,-0.029118168532114533,0.04711686133021459,3.315312692701405
0.18707905999920615,0.0013932181193362573,-0.010159334937273086,2.8768057691142697
0.1842913379613743,-0.0255588097780733,-0.02619940316255228,2.8424118608160405
0.1940997738041232,-0.02007884843218104,-0.0062285205845810055,2.9171618760418414
0.28811032118944835,-0.02211448953637212,0.03894254964466566,3.6535299287453977
0.2436583089439005,-0.032770186169784776,-0.00806109513963833,3.276429192501458
0.15839090310211412,-0.030005168982096094,-0.014044187111950579,2.737116162667462
0.182400382826202,-0.03687061320451527,0.056450184551223,3.063270692904288
0.18895723536697837,-0.013283506227429798,0.0330151875462088,2.8706992286690087
0.22494509696899948,-0.0007096229993179469,0.00011568066133162392,3.02409995403955
0.17935454748564855,0.029552369943935845,-0.0007864150857149631,2.6259462072315265
0.11587738421037803,-0.0027451048859915774,-0.04372308817119856,2.3009191966685147
0.1251591696343202,-0.015152665651823324,-0.024436120539211736,2.3385592995826334
0.08029469186928091,0.010038102911474125,-0.0521114845725212,2.217560007116482
0.10166851545917023,0.0007454279943544494,-0.0344278683493261,2.3662007560404126
0.1365998649832806,-0.021191091662688715,-0.014492684540874405,2.430772083310769
0.05233121166472653,-0.00760808147990674,-0.04331674010176891,2.038349346123229
0.15066283150664816,0.028142156279009033,-0.03419867785773262,2.4745578928774528
0.11947520241293531,0.016290987304274338,-0.08901465896752543,2.3584868275348976
0.14355326961936632,0.03128227199163639,-0.06407142242528226,2.491842540147253
0.09073234656671128,0.025403025196996012,-0.06909148370134165,2.3908092078248915
0.13539425396891103,0.04361100188417623,-0.06160212002068844,2.443289564642426
0.15342347610477514,0.002742063244623582,-0.03528371613481336,2.640848164319167
0.0972577876389761,0.028747317008698293,-0.09701374996941843,2.395081954965746
0.10041664806884551,0.03516296584781693,-0.09618608858096099,2.398485398180999
0.16557708653830186,0.009724153211922545,-0.0763012645696776,2.7120225579328276
0.1217568290716051,-0.0037031717234253525,-0.017557023466610554,2.4605328349404596
0.11436609759349838,0.02801451347384557,-0.008816783939171702,2.3592622782287926
0.0943965840814461,0.005102865473936305,-0.05338246201121792,2.2398253058612165
0.08208777237536517,0.01930423175095108,-0.06653852636880825,2.203623133371075
0.09892554677837703,0.0036093022810112594,-0.01577578417210643,2.2663740458590955
0.13157127091821322,0.059177352620958,-0.02877352983463956,2.415296916168627
0.05427778377363828,0.06903513172346105,-0.034281229151599535,2.1787177346659607
0.048573443481236746,0.004220368700916185,-0.03424394506348925,2.1771136680790257
0.05699215522630029,0.029954424452441505,-0.0023958752409796607,2.086515630804868
0.06457952049829342,-0.004305396481425956,0.003330208462780903,2.1958508233884233
0.06162462989535707,0.0105822612016729,0.015441212861210885,2.25502620302067
0.08225109822831214,0.03974491374635183,-0.032687865289186914,2.2176228324031007
0.027831739434573427,0.0792353262905715,-0.04817742315135993,2.1971837251478696
-0.0010253129790587015,0.07740617574995884,-0.021302981413328263,2.160771719892944
0.06280347252777747,-0.006532492361969316,0.01592812134378874,2.1701543320925025
0.08020353221655216,0.03439073756999864,-0.03020536466713869,2.1040199715183814
0.06655157898435397,0.04278356564634127,-0.021113147924253988,2.162341299375248
0.0955943708413239,0.039294598282704075,-0.02643810206101065,2.2410315065686386
0.044975388970526255,0.02626012448488823,0.013095223561638588,2.068603604030659
0.01538763945872021,0.06023052726716808,0.011614307691497617,2.090303579724298
0.11804312097782114,0.0644528653766569,0.025058198985960758,2.3505504083050863
0.12323334179342163,-0.006905569578924552,0.0042946134981167285,2.3283729403150444
0.09203821784252562,0.017860212977061654,0.04082567624102354,2.3046899911175216
0.09462038819956094,0.04057452848023757,-0.031055171950954585,2.2696973772809925
0.12255505650284187,0.07113156136706143,-0.04396750032932892,2.372446955079248
0.11214269299364055,0.06455275059928187,0.0008922502009948029,2.3107515087376456
0.11134764752178176,0.03972181118700266,-0.023361974297000692,2.152808039295078
0.14069717871268705,0.08980430106705058,-0.0646368224130217,2.3611668192481243
0.12380598874835205,0.11646014209774132,-0.07990320036975043,2.4875804845909673
0.1278517932448255,0.11767026136874859,-0.06928263981278067,2.5056864878084086
0.09426091007830954,0.10661233486686396,-0.07015689881765609,2.354664534832749
0.1405496976257147,0.07766198323395612,-0.08987620920383957,2.4623646424004444
0.09709577124921358,0.059654774404578045,-0.11725526047845548,2.380710324306203
0.09111920909193479,0.08852001778767515,-0.13029570787579697,2.4673475482273055
0.07926491312106229,0.09172347167841782,-0.11502479705600786,2.316155167596537
0.11965015473898603,0.04051275451802378,-0.08408822387789201,2.3312575828427176
0.20798469859717,0.054723076846569095,-0.08402038923333584,2.8680134759624547
0.18732780472843977,0.07656583123082703,-0.1275505931505117,2.9271231293346394
0.1492431092528908,0.03584996925790851,-0.08524303852466185,2.549964571944926
0.20675896958127268,0.036041293254561985,-0.09942972833438309,2.9281902693686575
0.18143390608930585,0.047005468748339115,-0.0918341744236804,2.760273512601983
0.1553430681572146,0.001765423728812641,-0.017796021309614267,2.552813727758651
0.10093737218769651,0.04493734904625285,-0.053967207370958205,2.4573703709381145
0.18564322374744047,-0.025745810415608084,-0.056833569154086834,2.8419283265047515
0.12743035920097356,0.017474396665428285,-0.004592322518841875,2.424628096571861
0.11240274999418381,0.008664420816382537,-0.009656352539768973,2.5058167053322555
0.14243421888341568,0.0018117615769076706,-0.037350372155613605,2.389403847479551
0.13884467829896574,0.025907694411785098,-0.03958648116858489,2.4607526382945726
0.13482520404667772,0.0223513778823146,-0.037643688580334206,2.418224367060592
0.15709428694676508,0.06324468306157846,-0.0426830586838671,2.4890974644962522
0.16568843895161195,0.027721866710085596,-0.030407137706051277,2.5590069366384727
0.20306975976465233,0.053795638863180575,-0.033738722901656686,2.8739837682797527
0.1747985269738494,0.07479530893317753,-0.03078242134169933,2.5491972687718767
0.17768791637726175,0.06318771233777554,-0.044881569957886454,2.6651288226378878
0.13547593393903548,0.05750357887292227,-0.015728119139695598,2.456317573287658
0.12085423398615047,0.06000684431602575,-0.03281511489016133,2.2786369217804956
0.10182058080191012,0.07090628767085058,-0.03581791117843147,2.2145735093411103
0.07873751378656213,0.06866647089078386,-0.05199313457139185,2.1354223331080653
0.08993311944898487,0.03199497410206241,-0.07214235027104053,2.1249308890622083
0.04611337460306091,0.05137385704643336,-0.10303695753476191,2.036822468255946
0.0933553591392253,0.05554126389325437,-0.07728461350923939,2.2270947988988
0.09495773473418047,0.025600047205185706,-0.12152590087328566,2.3196943206136
0.1505578508799539,0.04843179048827862,-0.09793621708014566,2.5701849595837856
0.12479011662276049,0.06334725776083909,-0.1376204778746417,2.458251891881766
0.09277835493853367,0.10080758815014751,-0.1548956445862065,2.5422290389615023
0.0709060834981751,0.093260713791906,-0.13951587928118936,2.3491724146681943
0.04024820756816797,0.08697156802880629,-0.16062400600759727,2.4422218461103844
0.0569611616359339,0.102079750136105,-0.1373860418452613,2.34935635643082
0.04905418674610724,0.11635420248332984,-0.1412016025746006,2.502626950275917
0.06851552351793735,0.09990844421417217,-0.09481869993674528,2.2164195022502
0.08351335922603137,0.08230258809869608,-0.09407009692113989,2.3071291486497567
0.053392039425639574,0.07059643920188176,-0.1024498641304399,2.2488374457412514
0.11482794659448495,0.05124744347106066,-0.10891537301710359,2.3207470917801705
0.05563557231292886,0.09690177750932089,-0.14052018906681174,2.444065086915968
0.08132254813378406,0.04629508241974567,-0.09593511237123337,2.1137796748532276
0.03623199350672141,0.0903692699095371,-0.15463235587996124,2.453055281273331
0.05156546110794519,0.09503296412734903,-0.11668356941739587,2.2748800322570175
0.032368621874210045,0.09727031061106997,-0.11696883598864327,2.286801373082431
0.06760138949272587,0.0644753049862613,-0.09064775621930336,2.1928402729187857
0.06892254385482688,0.06359000779152232,-0.08570203168109579,2.1505896980378183
0.03577280605533544,0.07932513720099583,-0.07034129838708096,2.0687195838123196
0.02473389202517712,0.09522244832252398,-0.07619136289201509,2.100943667359204
0.043246034735706,0.084374037440641,-0.10139186199771105,2.2342400111934206
0.055594695498676426,0.08496945628884364,-0.05056278196094282,2.098894185134148
0.06786227156633177,0.09995007234399024,-0.032002494754357846,2.1875066821364864
0.10660018358415191,0.07529768909837853,-0.05254150880415854,2.2640463393668715
0.09177581930283404,0.050452674978581254,-0.008028156966829838,2.250529320920186
0.079142669664535,0.032117748842642964,-0.01914097266438327,2.3402400874666793
0.09145854624537293,0.038252630025743056,0.0195538080969267,2.3597697403717546
0.06873245377506128,0.04926545122340599,0.028074499630202664,2.3187890607045762
0.057261642715856875,0.04226376863719831,0.03657153240742771,2.370466383486363
0.07957740949622613,0.028497111293571836,0.06639521441763867,2.5894560993744373
0.03936194743196249,0.03052873389524083,0.03333974819347549,2.266643365765194
0.03614771734014224,0.04868562345412732,0.012197281145342347,2.328093645827872
0.013367668111285381,0.049556482527222695,-0.019851029615139227,2.2304762643690186
0.012826506254877254,0.09370647957706905,-0.04745555244794978,2.219805914466141
0.013064355476640388,0.06460847244748862,-0.02537690426642078,2.2053974894178596
-0.0023999487132637786,0.022973612964808626,-0.03157372537595405,2.161499665102672
-0.008124337665672068,0.05957317604112029,-0.007402649255749006,2.0566768531301842
-0.03749334915986766,0.09013172790465017,-0.034633122315613114,2.2824812661566702
-0.037380378310545345,0.09594622820020322,-0.02263787389531164,2.370796703713853
-0.0018168094558553083,0.1129129666849038,-0.040756939503458184,2.310503405650708
-0.07977578819849394,0.11219895247464419,-0.006460687085679115,2.4194548234002404
-0.006775456292233583,0.1256075058706291,-0.04426575173599882,2.2212617435724726
-0.021407965672762562,0.09185314783321928,-0.022653951076262568,2.252550073361157
-0.03668857535437342,0.08989977306435938,-0.060886669509046636,2.242374710663696
-0.012371159572176075,0.09348849297434453,-0.036297825038928234,2.2081085289629097
-0.029305778901334137,0.08711698541618837,-0.06323974461633242,2.2969520890825694
0.022503833451163725,0.11250102647500122,-0.06443674588649244,2.3701556468227127
0.006134220687831782,0.09719675968139925,-0.046963755889445805,2.315521800537765
-0.02057929103657988,0.016583954115652614,0.02555036858816491,2.457284150016628
0.09744741124939205,0.04110574514577025,-0.03346712850637469,2.4279564360782255
0.06595306020446931,0.021478781340327838,-0.006437123025394357,2.396065272926552
0.04306828485561119,0.052629396039923934,-0.08037046453169351,2.2858736107443978
0.01466464803858583,0.045991717825853005,-0.02605590937111504,2.199504965330192
0.035981082399102506,0.06524821149376091,-0.08523735963151076,2.31854770786244
0.023266517705037317,0.10506433529295581,-0.06656198632590885,2.3083474127914987
0.08113352840630503,0.061070315562215635,-0.050696406602445364,2.24504292747886
0.07586493808554629,0.056302664959257974,-0.03886063431596482,2.0402104839665682
0.08813672187336463,0.02324853012867879,-0.021427879872330923,2.1499329021475715
0.03756552523793974,0.04071595919698198,0.0009074873261959204,2.0779754653122096
0.010008753622861211,0.014156280054691047,-0.005118376846016844,2.047081269104869
0.0898695719018594,0.017510375764088815,-0.02418523338375451,2.2793112275061302
0.07296647650732555,0.04440246416704374,0.022123597886993404,2.388524935986033
0.02250632169013771,0.013705985978376575,-0.01803812299509894,2.1871062678482036
0.08048943399185711,0.0017807822823913118,0.02348238603161485,2.4089649117192717
0.014799869304426986,0.0577568485236727,0.008676606673600394,2.2735141162629366
0.027167633502301558,0.027301570756922425,-0.016297542235222756,2.203420672831988
0.010748474871107585,0.029462765619225305,0.0007176029692418167,2.219843691701462
0.04252742378722384,0.0028547736117442734,0.004062518228541213,2.283981727791683
0.020405909555559838,0.00020323213284568955,0.03162859216042069,2.1104467773105693
-0.03980968879082951,0.045459533611954636,-0.0009104135557761817,2.1088614604405467
-0.02524691076664354,0.029470128355353824,-0.027101303712108924,2.272325678033813
-0.05852705459554434,0.012026867874268895,0.010607730209608989,2.186913499790941
-0.01891715050452096,0.019083849228021657,-0.0531647832897074,2.1796909548361048
-0.005714411282730315,0.03267673228154339,-0.044299133328533274,2.159720999336588
0.008055504627474463,0.03388320444043391,-0.04416179216285842,2.180031101522628
-0.04965773674351311,0.02488921068465944,-0.05401938592654735,2.16900436383528
-0.019492693839010852,0.050279961570519956,-0.038632578284316335,2.1931371421386303
-0.062011195198385854,0.03181950842725519,0.014412992426470839,2.446994308322917
-0.05734276651282555,-0.012625624282984233,-0.017967495474386568,2.4386936895935913
-0.07981764036715329,0.021146912270307926,0.010699858829786576,2.484336117909519
-0.0399219765871987,-0.01658322656069618,-0.010701783912170582,2.107661430684677
-0.05885643325857226,0.044313661124573696,-0.07048684203594706,2.2947167534024664
-0.07342882443204982,0.03541231693163437,-0.055653156623977657,2.2773290476340335
-0.061387569416321355,0.04395706195516467,-0.07326349946659425,2.2171175029331374
-0.08067692437768284,0.016064981504355074,-0.055243809145119865,2.1918155111226945
-0.09652903115870691,0.004870612454766894,-0.05726594089947678,2.301441571049327
-0.03307772638002487,0.045333952472962805,0.0026448849002876354,2.2742574805816886
0.03784289013268461,-0.024106713017611466,0.02416771256232081,2.3007159624336597
-0.006469718351058344,-0.039284050693379875,0.06419014869487266,2.4998353360368175
-0.014715543820448504,-0.03842455756280614,0.027977955897950824,2.567660762951749
-0.01278266639874863,-0.05112212103816916,0.06011375925138559,2.5877907350999916
0.02689246497010413,0.011325244562802109,0.0645658809137991,2.5180011173479167
0.01631285479079993,-0.022109029721859075,0.03680066741781025,2.3517920144383977
0.07504074405079676,-0.006364345205921316,0.015822849946152476,2.3490587623402486
-0.030846635137689805,0.021364387988431485,0.02850857059059224,2.2742289661563433
0.027680545543917304,-0.010432863716658433,0.06241450151697638,2.4754076486663696
-0.009858480190306114,-0.02612700320214536,0.01049295714636521,2.3043469038818167
-0.008154234876406093,-0.015972946192820324,0.031095966703588645,2.3292536816565166
-0.10461586378219029,0.00536141086537744,-0.01139695713311982,2.569655611338178
-0.047208837311511424,-0.0047238881747215635,-0.019296354004547885,2.09828318514335
-0.06513201946064813,-0.01896204220429651,0.005232234786771302,2.242951242425485
-0.04119534937365753,-0.005407575000677017,0.014792942934011337,2.259321223761169
0.01722422074101036,0.002896097030747672,0.011259359672049751,2.2017049492274223
-0.012002777064740348,0.015884690331986626,-0.002064826965637219,2.216653830698268
0.02635964373065029,0.004048532180463861,-0.00024082242992790664,2.247368061712465
-0.020320004470617114,0.016923920880996868,0.010916312570510074,2.3995818504082242
-0.040076253899883466,-0.007426039105274082,0.04180351681341867,2.4564856248458513
-0.032052269450807434,0.009067252538783276,0.007097408747683971,2.2754979392077748
-0.07420594511350896,0.010813717193821027,-0.016836624382569082,2.5728591620422594
-0.06676196429662275,-0.00970240883984185,-0.016569943633471654,2.4588375475231823
-0.04126638982599961,0.010495192339250716,-0.04685318216939626,2.1654450013363307
-0.09581076430269955,-0.022229935514780887,-0.05145481726088143,2.406921293374272
-0.06272197003345685,0.0033603254623523955,-0.03994353537426172,2.3262712204086617
-0.08596232995991307,0.040539468604090814,-0.04571237947698766,2.562558635259528
-0.06804215059389454,0.03386949697756987,-0.0626016304151133,2.3876077077795013
-0.06198630637560595,0.006179878892230876,-0.0013701497355906454,2.2722286530084768
-0.025832538885909504,0.02660478432861403,-0.01674984231657628,2.381619418045078
-0.061934453823516575,-0.0009619415376474105,0.049058552549176834,2.6084518374360224
-0.0925423194005582,-0.00945441425706782,0.017401578427828145,2.50289165510134
-0.08221352298901735,0.013223990376172846,0.0057180074543476955,2.3811906222479875
-0.04688559435767115,0.019103679184490192,-0.03341797354122292,2.2348382766413684
-0.041379042533840865,0.002604271044567269,-0.00942537203343259,2.1898659083274605
-0.04342215874432846,-0.02475105133017426,-0.0008688039633056851,2.1513599582541194
-0.05152120064503927,-0.0036152088140798165,0.0011717543306792933,2.2284040664447122
0.0015734454908659416,-0.02832405812491276,-0.035010941693826556,2.2185481829830356
-0.00787478535078335,0.0074782229092044935,-0.02586517030649582,2.2411928472358706
-0.02041395873223741,-0.04759837883357009,0.046223554323876426,2.5628466902948412
-0.061846587422063184,-0.02664031901162111,0.04442021712467186,2.6569730366483895
-0.0038984532647754434,0.008101931484138031,-0.005005001090845938,2.277640826322358
-0.014925052320569454,-0.044058653729701344,-0.0004529490969900869,2.3278661343045286
-0.03998072523476838,-0.012040108439783119,-0.00407258395900513,2.3852423994586442
-0.05811667650044209,0.016048564331796394,-0.007991889359448756,2.354181690083017
-0.03320709366517046,0.007793684928349753,-0.055094547247622014,2.3288043514008874
-0.09657987292267123,0.033678296531777216,-0.019609819935410264,2.3485890630746775
-0.10331972380265386,0.018281187667290588,-0.024277688318172452,2.402841454696002
-0.05445085486730245,0.016162454063932255,-0.003492930983051127,2.1917882871624688
-0.06654193380674386,0.009113290160748442,0.014130608492307795,2.296502309630349
-0.03294940336561622,-0.027201394164717112,-0.024550555195537647,2.133838988449074
-0.04710981118458366,0.015827380287276066,-0.0047128909680418845,2.3039261657003007
-0.007412427347718688,-0.02794546710894652,0.003452657369395724,2.1626439187535036
-0.057411323821669934,-0.03330467663072392,0.02878142242996909,2.3926727792689997
-0.053954617452741764,-0.010813277301254691,-0.0049876309727841074,2.339142996409401
-0.05367396096310892,0.0008008342819918591,-0.024927529004408002,2.298265591923788
-0.056150245477880584,0.001209604810719875,-0.012971902062237731,2.2477389115954485
-0.1123183800212944,0.0034277131794142684,-0.040117467764567004,2.4675698792796115
-0.056418272952591206,0.008950857756953326,-0.04077257845786222,2.227780338912898
-0.07113870760612476,0.01982720810894758,-0.04879531645209018,2.251752559730797
0.00016767483212004676,-0.0029343525233343705,-0.02263839540349886,2.108878029932928
-0.03472797672529465,0.0148860760644881,-0.010180228439604692,2.3281551953486703
-0.021966604867168036,0.002685485997675103,-0.012327281224342991,2.311382149584392
0.006224632601394342,0.0012627883219505358,0.05335964799089505,2.325628229756801
-0.04661059808956684,-0.02048518329525703,-0.011313624776827947,2.3486641818088674
-0.025578925282046666,-0.03357771978416391,0.023894943022214475,2.3900400431483293
0.0456127598909383,-0.013125561046485735,-0.02336458135866235,2.2460406203455663
-0.025886667814288954,0.006088602823899309,-0.02250072626988982,2.2297517290883215
-0.032647089281923045,0.012433568611174796,-0.044513559991524,2.078296755422166
0.0011376753933484592,0.029627881824461164,-0.0509604664311294,2.068251113117976
-0.052697106001864204,-0.0316641929941051,-0.08249609260172094,2.374227641122915
-0.08373589147163686,0.010835691856892787,-0.0688382669608936,2.332617648461347
-0.06963221909482123,0.0037943935398760055,-0.10752047140690489,2.4144374156323956
-0.04719169268535367,0.003545690394269655,-0.07948286821582923,2.371737085433917
-0.06932424724824471,0.012750684695140265,-0.06876840562460117,2.365341638998
-0.04536616763011422,0.0032948458918432744,-0.041385801685424904,2.1136530956639348
-0.0011188746722751459,0.01849696145501325,-0.06877017347609199,2.159428616415658
-0.019716038859694442,0.023514304676000856,-0.04515125006619785,2.1103298055474164
0.03544991258408091,0.010356543444815163,-0.0212967982484906,2.2382428816834783
-0.00935769866867851,-0.01367775578016714,-0.04829718586419438,2.1788428925421357
-0.0578298917795887,-0.007749485182946172,-0.00542169981326436,2.5225994945792114
-0.0221467119416934,-0.019147656127472188,-0.027130974028568358,2.187791264082644
-0.03245876861078627,0.006361880842450521,-0.01782810778070653,2.2448318307800874
-0.043981043357967056,0.026016422359631895,-0.04745706223877971,2.1820005825461974
-0.049931236177835694,0.0005099647359252288,0.001527453822619385,2.1894040625958175
-0.00773963516198038,0.03441463256816062,-0.019630301293973702,2.128363668543168
-0.025670939453852428,0.030765391559954905,-0.0770516633034143,2.1597770370522262
0.027724565529052753,0.03738092532015091,-0.021876390185463234,2.2131939325133905
0.05551066709365803,-0.017456534056897663,-0.00834564094324112,2.250445655061747
0.005790712639757186,0.007575107672349798,-0.021407807136888952,2.237488042197098
-0.033781956089673666,0.00454708711525554,-0.02540714821382867,2.182096062738894
-0.013356473310259572,-0.03895239645835847,0.02602025107688669,2.389519442766792
-0.019640123067435348,-0.0012854194127691647,-0.008942648399014787,2.276347899502822
-0.07437028023701846,0.0004580758621809701,0.026292440872962675,2.46442828381634
-0.0497513585002299,-0.037548790502821054,0.01937912788963092,2.653890407670283
-0.058087092875390385,0.04321901595020152,-0.027498940504637918,2.2029226114791074
-0.03689735104347191,0.04878988276685071,-0.024216969259955652,2.3452665220269204
-0.08001814439953048,0.050158897683892305,-0.03550096043956289,2.410010162267714
-0.025364393121046012,0.004609179782590843,-0.01404414793835177,2.1676403301310057
-0.033820066705098344,0.009723300370234396,-0.03493116511802352,2.1407641636173254
-0.04060782850557093,0.013548291985928163,-0.041001245668987586,2.2568041559692325
-0.003658315749143116,-0.011696391138998244,0.02155486584805508,2.2753913039703497
0.0679005073124501,0.012672394316565572,-0.0006695986933547991,2.273911820519097
0.08196979149929613,-0.005948584180770903,-0.03889501785076014,2.2496178949088015
0.05732843387498475,-0.022081636422939897,-0.01118066885910626,2.254481746429401
0.06754167698547153,-0.008104952788620279,-0.0490523965630523,2.2525632126887754
0.08942032542918756,0.015843462934538664,0.00331209973554866,2.3423252329825064
0.1171789275852216,-0.039482960117090946,0.025858369964258686,2.7888566765641767
0.14029789393973083,-0.0549351923016173,0.11073448622857304,3.299759644953249
0.15710371446532845,-0.03654655450856993,0.08370240519204461,3.0941990209690475
0.13167180184377972,-0.03180758762524666,0.05497135958274597,2.8550030850016865
0.16227891401519184,-0.07838828811676989,0.0669861129037701,3.2013604646947402
0.14859996388989394,-0.05766212627725893,0.050363374111725354,2.970312414535378
0.11413248150982873,-0.05806380787599236,0.08167871600783036,2.731752864727997
0.07082693502366166,-0.06948964781437418,0.06153065131830976,2.7554357980552044
0.01986561439817352,-0.015370129932630563,0.060190965622813744,2.5583818209248532
0.004238229160067991,-0.04443735361847387,0.07497024369373292,2.755543809171485
-0.03203402720775585,-0.03340764432931214,0.06686581691721065,2.592695098891705
-0.025417492743615523,-0.03881430228455283,0.07786126681225401,2.5953052866914246
0.0170640715883229,-0.03565103043997347,0.08764239763764499,2.613354655017481
0.020715320341638,-0.02832887349559618,0.055910523227075924,2.3766405946516524
0.005650057911109978,0.01371120052411734,0.07219837071632244,2.535167419090694
-0.012918311384833063,-0.023041071553995998,0.1050568775299528,2.7763846575859428
0.024935930147664834,-0.019427139137407196,0.05036224050260322,2.357329542357958
0.036623621952478286,-0.014205902180654852,0.08275598103358991,2.5014213424351897
-0.04696266192237273,-0.02411163490711605,0.07664442565990308,2.582822229503387
-0.05228750710226498,0.009907782237415026,0.08885329964908732,2.6510988363715917
-0.06553109946916894,0.05313816792994521,0.009278666793427232,2.3332187511596554
-0.027633093581024726,0.08093925275623454,0.070260317713871,2.4347922553965238
-0.06382601105152648,0.07679371873894601,0.0394571414930444,2.305368910218165
-0.05894862353164745,0.01745933245330706,0.028622718070514534,2.3740111860667046
-0.03270577504164317,0.04566998694441159,0.006776855077381433,2.0565692103317295
-0.03728661823951289,0.0772543883227052,-0.03190299580526094,2.0928493976482776
-0.07236957841786523,0.08049586386582891,-0.033330788394647246,2.1438351361291255
-0.06775848150284257,0.09769917961202267,-0.07703170702828316,2.282631156430668
-0.12122060495271217,0.11764361717469154,-0.06183982017363088,2.4942601819223427
-0.12325927048960963,0.12481759379226412,-0.08991041518341926,2.682204356833529
-0.18467461809109575,0.12536086100625796,-0.07983307406224073,2.889274128212473
-0.11195943197169189,0.13804401615699385,-0.06961582195500982,2.55118510645683
-0.12971186600845308,0.12684803857055077,-0.08060085455888408,2.6244732573588125
-0.14210451718335873,0.15373557679959682,-0.060090594129687314,2.7674793315335573
-0.07886670955578362,0.08513704831702439,-0.04097930023646229,2.2405704764400873
-0.0227689178142327,0.028313750723898603,-0.032662500188247574,2.0429050983164974
-0.07414281427388786,0.016050896691179324,-0.0766001063980754,2.286552229112643
-0.09684453836111061,0.017692855604207778,-0.0644328853737067,2.188298785611529
-0.09712596313601374,-0.00142297008482751,-0.033724647705937194,2.213843438902108
-0.009042138183773498,-0.015738216851437403,-0.03850765176420262,2.0878332360086485
-0.0027350059400237463,0.016265353242996588,-0.02225518365644871,2.184432406239428
0.026332534525768118,0.006913628149665376,-0.0335930163658541,2.110771042195204
0.018201778745368023,-0.03306001251982899,0.013419849400395069,2.1053212479986985
0.007687131061805593,-0.04959522697673683,-0.01100529788742107,2.3284982757343364
0.03968830492947767,-0.03526009931232028,0.07215657341882131,2.5588737106521537
0.041124816430375924,-0.030740806942777116,0.005159222293297877,2.302600352617848
-0.009667229689864278,-0.009488482526628922,-0.008687879586180438,2.312604573955718
-0.0424405921946279,-0.027835590222756428,0.046129242743631324,2.551224860987657
0.01924907158635829,-0.027941629405947098,0.04193793317792421,2.4192401373135195
-0.00368893626313754,-0.0075971493783221905,0.04233825922600846,2.1711534488723796
0.02316371701090459,0.008606327857444914,0.054583446306605055,2.2100247105800674
0.040037550512675456,-0.04093831617678701,-0.015254001515067762,2.2079797195268243
0.010998332925652884,0.001902530549813152,-0.013128093788499355,2.0127127443536303
-0.0009575080765486262,-0.0014068693742525843,-0.006928109717520829,2.0601131361582388
-0.02053717689152547,0.00750192863170908,0.03142587910576948,2.1801933747259317
0.024685760956515743,0.01768212304622536,-0.054221790907851966,2.0949972951757836
0.043860372914129725,-0.03251449330623253,0.04804959649295095,2.434353039449686
0.02322568293127393,-0.00499420092302423,0.028873867937545622,2.068243399463848
0.04920591806688161,-0.03975041064185228,0.058021590151818625,2.430257653902492
0.06300775933571061,-0.018042653253727007,0.07244312227196935,2.470244023262296
0.04735654996468696,-0.011773277723267882,0.11186172643436205,2.693661511627706
0.012627484116018169,7.924499031138322e-05,-5.3956013037218484e-05,2.149732183019355
0.000176631864151691,-0.010875750499135532,-0.01675723870027165,2.156279193035747
0.07111694802784291,-0.0379441338340175,0.009344289361143274,2.4451080759366204
0.1270833973101597,0.01587830217071255,-0.016584498703437617,2.496943468441363
0.04827657110856781,-0.009444980608953591,-0.012180881609951252,2.382271986998155
-0.015544944353237073,0.012233312454843383,-0.03259215217824733,2.1241206983044023
0.02185441869485366,0.006019864509719127,-0.021908589074197578,2.027584870480899
0.034309903144594936,0.018071306282353053,-0.011735774295675594,2.0597783008433233
-0.008815271915664391,0.016596330656495652,0.03660703762706508,2.1277389583906086
-0.027649210474666605,-0.0055541452510264305,0.03478814691911662,2.181700321514874
-0.02055493473114297,0.0026661315107885234,0.004015517464194978,2.1356703982949137
0.0021965490720409096,0.01579999184067346,-0.002790811703252227,2.176397980746065
0.015821057995484736,0.025282825338998616,-0.012149351496748775,2.0975009065886105
-0.025726650055939645,0.01888246060114088,0.014905887649052776,2.2041799681859437
-0.020751773458674017,0.006945729830497161,0.017602388436218797,2.0758225002188704
0.022378976711018395,0.04860369299653763,-0.012728215455900051,1.9618906888500893
-0.06116818326018222,0.11181355361876275,-0.028027770142755433,2.2339037778390685
-0.05449513355740332,0.0789995237154108,-0.013299195771977173,2.1787900059714125
-0.06098037297074437,0.05278668454661897,-0.000605502776978456,2.2861993791310806
-0.029646958753498133,0.029242023532387935,0.030970354456635325,2.2813292164464904
-0.019267152969992155,0.023520950701857852,0.014897226986382982,2.091839082633749
-0.05397654824659069,0.07661584677535939,0.0026324978204061893,2.1554954894169485
-0.04325721430710942,0.04897270875438828,-0.004000539078231025,2.098668309195856
-0.008388371730827711,0.07530550790758679,0.01832375618247393,2.2009493219821867
-0.058678579172861886,0.07025486722929751,-0.01832570650666741,2.1275362026749716
-0.05947847699153745,0.06000154023092184,0.036013570512310286,2.1417394988554754
-0.03860016327002736,0.02147502386157284,0.05180333227676423,2.265092315406348
-0.0708052548295606,0.024674429240661638,0.019368713214143976,2.183092244222657
-0.04264153065241588,0.02666299096509515,0.042874161718614225,2.3182792106793184
-0.0447867793443867,-0.010879248725647871,0.01870596541691069,2.1638584739837903
-0.018310141315630215,0.007401015422803602,0.06231649044435097,2.2869426104103203
-0.028608857529275705,0.020227386962878655,0.058969446457936954,2.2569998189258866
-0.017587982160822302,-0.0039992510126540095,0.06113218700850524,2.2154594167718438
-0.032545555596603055,0.01116568652412183,-0.014502339309456212,2.1301703843243907
-0.025365584440415576,0.048833505898184595,0.04284302154576694,2.4178366613080744
-0.03907148956932825,0.004529603722413825,0.06912891088552627,2.4573946637800823
-0.01876732910958757,-0.022379460612407302,0.04892975449818864,2.440210106167886
-0.04042605730372487,-0.022294645441118928,0.11124020279547922,2.626387790877383
0.0004873318412848617,-0.011780666425410515,0.09183755727053926,2.4739334527806727
-0.057212010232943415,-0.022820943581634483,0.045191357852091475,2.3048880950305572
-0.0501481228559718,-0.004503661288378554,0.059897701506352014,2.4482360081943675
0.058222310552452125,0.03008130038050895,-0.021638465541021463,2.294247493571663
0.012428081067743716,-0.024903703391508,0.03679826083909817,2.3020927527067867
0.03141868079469178,-0.031801026533215974,0.05859110705586213,2.4280705107040785
0.011285882716471123,-0.0005328080693164252,-0.006492403961605882,2.2508382176559363
0.049541752821735084,0.02570516337644277,0.011704164152919926,2.125054266637233
0.0337359407590034,-0.035560581294412114,0.02940211599457524,2.265535641378492
0.06977395560181936,-0.021282386457119638,0.05311604922514252,2.540642872073088
0.008740582575614199,-0.028693780721510975,-0.0009143984400948947,2.1265019263260836
-0.03249705561755306,-0.035027713842119855,0.00901467247977751,2.2776390066803276
-0.04201754211163764,-0.039492313121270536,0.02611146085445219,2.38513044549019
-0.045358759548146776,-0.01950575340967806,0.0736262396856493,2.7004896939757104
-0.054962800939425835,-0.07502417792753026,0.06293776315327217,2.7413998922824723
-0.08374188772608175,0.022147360189079483,0.03990925515938485,2.5695326926338713
-0.04583931466319576,0.02006895354772923,0.05392111055149466,2.5202851473085555
-0.06567906140583875,0.023361389151101114,0.07610381260480366,2.4992082095511456
-0.022317546630871727,-0.03093689963417954,0.1318685182634948,2.658698363320666
-0.03869736487434526,-0.029224067724674424,0.050877849779766116,2.498943737733407
-0.03549859926928517,-0.05267209652768455,0.049242697234186165,2.4826549370910143
-0.031966828483200815,-0.07123316561222837,0.11934005144029375,2.9099602472381942
-0.02381396302364942,-0.050049811526460736,0.1257535788816208,3.083283639733391
0.01240173362363684,-0.07281871784066983,0.0851097786012852,2.8849760337790915
-0.010395668814724946,-0.08796847103492082,0.07163372976145131,2.8358691187864173
-0.03242736221291016,-0.11608681310000606,0.13704638736203678,3.494147272510539
-0.04956115882293749,-0.0635130640847192,0.024748814432997666,2.640755123797366
-0.05743136498512027,-0.08091791791896157,0.05036443771915057,2.7618202495656003
-0.06844093841200478,-0.08292140505522258,0.08947831804211803,3.0416359410225167
-0.07482252708769048,-0.03401430156269031,0.07935587277941952,2.958374408946016
-0.07292056062008738,-0.02001782733472348,0.05865307534009935,2.7048440909650475
-0.058965997477928155,0.004739572170846616,0.03365832259766709,2.3689872707501136
-0.06548281849568849,-0.002999909524655843,0.08726264766319396,2.569013389352484
-0.06448448860103649,0.017124526472761643,0.06546920378796436,2.4338325433966235
-0.04946702830540524,0.01690582865691616,0.042742268288610726,2.3582463082821556
0.01095816654077752,0.025061714510895963,0.06855529688228292,2.247964958842676
-0.0167083485426106,0.009420517954581317,0.026341349914562738,2.239219755207557
-0.09182212712080222,0.013112348423187696,0.08997385029101868,2.6085081059396766
-0.026645792021426435,0.012888582975244143,0.06499726124518461,2.3838612434998936
-0.04871601652103595,-0.02834153148470038,0.08073641984362494,2.62921238988383
-0.10069667857821474,-0.034365764774303614,0.1458222212103888,3.1268386014005234
-0.01745539054833269,-0.0705783112267384,0.16176235067094702,3.1581013948077006
-0.023094777868859443,-0.04787582150552327,0.1042344560490765,2.761555320004523
-0.04812123478759431,-0.022991084295925206,0.07566099357784577,2.6476667764076383
-0.023084255947683898,-0.00802458746708962,0.08392265932878394,2.586300036443932
-0.030183440067269904,-0.036504247271438035,0.08561981519991199,2.574063370149135
-0.034627189516437,-0.05222351653278614,0.0682322495357467,2.6877477046801053
-0.036002683521924955,-0.06613631471429554,0.12101470107823731,3.0600432534226862
0.016758565131717983,-0.07758226439472683,0.13469994752160525,3.08089400675889
-0.0072027020795845135,-0.0628674684649134,0.17102562406118407,3.334163680864624
0.002479834303457835,-0.051890384028331515,0.11492696667679932,2.7920783687296566
0.0056544175477763635,-0.08937783592391077,0.0991131515792311,3.0648891377821013
0.0048456074972456345,-0.03955133860156725,0.07417401132243384,2.635087469060903
0.0013898332715877087,-0.03332886751287738,0.10331409087823717,2.642581755894495
0.024691712263590432,-0.10080553160894985,0.09249958123794555,2.6881935599964
0.016754093561140083,-0.03524586036972484,0.0622508555835104,2.437608834824062
-0.0068564437678089955,-0.03425042038945427,0.06505323927258347,2.4277280999266475
-0.02387645872897401,-0.02357788492813749,0.08854656950366338,2.499786407186266
0.0240873363558911,0.013866924013937462,0.07137730831898381,2.3066788746208826
-0.022533411911798473,-0.021988777785647663,0.12795077104040584,2.6391222387177056
-0.010591838821723166,-0.01802813029114422,0.0963868195639158,2.4450078825071393
0.013381561616841897,0.019901274878005717,0.11901646259854756,2.552392796795626
0.08963330675205114,-0.04178144725151022,0.15552021235104,2.882451382399838
-0.02111025476130456,0.02534413059620033,0.051027479402361915,2.1088941873436315
-0.017141951617040536,0.01738665796733863,0.07088670559982709,2.385854639995017
-0.013920657341800471,0.028322064516514953,0.08319249570092357,2.3593412467210593
0.05804256648070815,0.024333772121173745,0.034005503269443654,2.111224945907191
0.023199192477939987,0.053384222484984194,0.028042473398413086,2.108797052171335
-0.01165005212403209,0.023414637334385983,0.004985835667551476,1.9994223134476083
0.018857144176213536,0.013324652764563861,0.054082806745741153,2.194855843277862
0.030390031204640826,0.02192254811643147,0.06454689510895945,2.2005504574379073
0.09461263731781107,0.028632080230057297,0.06331868112798543,2.3450535841215476
0.0478340087285449,0.02317745020992132,0.032291597175857265,2.09081672455281
0.09464949337500178,0.024411594301571183,0.005556976438094646,2.122464767504535
0.008201639632935142,0.05200041881226792,0.04046534679284806,2.2139551132835122
0.04341703346584559,0.02995841258788727,0.09292866625733373,2.2985973817078658
0.06040071969245147,0.03816936288483615,0.05755507651022723,2.2310912183320672
0.04110054198864645,0.017568538403580754,0.06720971696646655,2.2249234253121237
-0.009879101241984191,0.05214902710846214,0.014659408488503948,2.027296363493359
-0.020985032175490227,0.04801923484164989,0.05284468964442039,2.1044102086485728
0.022192246811582616,0.08602723555305414,0.0055765588115075804,2.109674918033743
0.018851893769046384,0.06506833049464428,0.00313304659068003,2.065316102595822
-0.03723802136456685,0.06558587146055475,0.0004929254300205,2.1463926848451056
-0.006981488600854376,0.07213322874117965,0.02349508460924239,2.1597894124567065
0.0020041530081024894,0.04682515537264612,0.06366486221243652,2.277375487892427
-0.03522098937653629,0.037307660618688294,0.07989403713627723,2.2891799627354024
0.010878959052271563,0.01973964806808575,0.06832912654275995,2.1578052246960886
0.0165347158752969,0.02836042388605603,0.055385282358161404,2.09147765822238
0.03390055351394781,0.033305887742136824,0.09764120483339375,2.3655122720006148
-0.012075558110855898,0.019668991682067816,0.11220826122789204,2.3683537381496587
0.004800439033632693,0.05956245875860827,0.06395303196527351,2.1266977749951046
-0.0034087317274861207,0.07536009101678753,0.06300213995575014,2.3203032053867236
0.0034189949547838304,0.06696179797619835,0.057954847010934715,2.270191299015252
0.011070886614301447,0.044719317704324475,0.04044449186617409,2.0851783420531715
-0.002533483090989544,0.038546646630149284,0.07173448522214021,2.1389168556869893
-0.02724561826393457,0.042495734883064025,0.04259400047146903,2.019720022926008
0.042778232180597286,0.06986738112931427,0.01795953882746272,2.059100792372391
0.027471895597295917,0.02252378936337466,0.07068827768626132,2.1504290471363907
-0.013582293248055483,0.05371430547510532,0.06014474186599361,2.112524585100695
0.026384707933246057,0.024596363554580523,0.06694843060228722,2.1428562839293974
0.09290450180508632,0.026375637239806383,0.04791793598896279,2.1593688806129676
0.05993474521893841,0.016829120540343363,0.05990881121743455,2.242001078534096
0.06648363873959309,0.04052055419910451,0.035042456939998294,2.10123631446085
0.019523872300491428,0.02427646789070796,0.07049758450028056,2.1599031551535584
0.034783238616348,0.007995432589232868,0.05166649424762727,2.166117343940214
0.013101135277826465,0.01884298146989527,0.07748858436428212,2.382931796134456
0.08927369257507332,0.04997035490999142,0.01932367629420579,2.12665827476927
0.08060400106429362,0.05817077196805988,0.02214440527516804,2.0848218884470913
0.06531509474331607,0.03545045639101839,0.0523386289289394,2.068692276118576
0.035922132918350023,0.025559071967635957,0.053076722466646,2.073037250685324
0.06063596107569242,0.04929281965737622,0.03185014942910385,2.0896151084412278
0.0759970859325859,0.027236679596235172,0.0784659190375302,2.3726076354719594
0.06223786399904151,0.00912015236847877,0.08940143153609809,2.3848190070501407
0.031211478500750695,0.05083989244293318,0.035429404733088615,2.065859846528209
0.03990921535149724,0.01068712831097314,0.06518701541069548,2.1142863562631815
0.029751401609222974,0.02046973308126798,0.048523753512186775,2.0395170694309934
0.024980357189886965,0.053480415820878216,0.04169153450651307,2.0225337892026123
0.02778054979881394,0.0680786107962793,0.048173185216464166,2.061659864918893
0.005223943461829903,0.05597675007060114,0.06488926234905906,2.2268627980077444
0.0090442093951942,0.019629082867196206,0.07312448859417474,2.226019065751399
-0.0007081933215336587,0.04020096666826755,0.14399937260706838,2.60805660716018
0.017420776140857786,0.031288682631646754,0.11841203878467683,2.608064079569094
0.0343438279209854,-0.009880276130506219,0.14645966341533073,2.672588153428825
0.06150809270117578,0.03334568618602528,0.10139401925278758,2.4855776014267756
0.06426456009988311,-0.00020654191457773015,0.06980748095859662,2.3695291462678676
0.03644339036702386,0.021301020477999793,0.08680768133234769,2.3299191582565766
-0.025307554422693272,0.026928124467469127,0.05648726775795677,2.192961639690305
-0.003595645223186867,-0.018433033982955104,0.06479472601048264,2.2871045980159135
0.03001998793126896,-0.017488064282870787,0.06451702448225645,2.361479072285424
0.02612214761636521,0.020278643409128203,0.03389674807922297,2.095874221258236
0.062019120669445156,0.015981518243901552,0.019161894278963035,2.0993058177423047
0.06953071611143748,0.009232932094800281,0.03591538722607501,2.206994429779221
0.09135068125147056,0.00464116636910815,0.05417437996776289,2.2686809608306975
0.0777487563784142,0.011751874008362159,0.05542228239062322,2.3219427779393387
0.0757336501865856,0.00286122440189665,0.03766100057138759,2.2527524619501187
0.05965580347722693,0.02153744697573845,0.021585625207271777,2.302136447190576
0.08367631061387355,-0.002651002813189951,0.03512872500282261,2.2625973312203813
0.06519344063979278,-0.017685494095968382,0.05273041584625074,2.351321051799167
0.024374011553912223,0.017782618565832818,0.09692759109409486,2.3990845916179695
0.05111459999950086,0.027647146095102822,0.08366887074936674,2.4924128922878506
0.027669039240270865,0.024714029642282625,0.07416806193021121,2.3171969321501975
0.0308787317084785,-0.013994914824885681,0.13674548858799138,2.8065590083306726
0.05267868142200851,-0.009107843371781133,0.11180228361348177,2.5429562318328784
0.09722862229064527,-0.010826834955689065,0.11434930391706256,2.6407784705079758
0.022800892369418495,-0.01747917687286165,0.08303372553922458,2.387829875479412
0.03976962232590871,-0.021320973438127836,0.10487616014007053,2.575402852605204
0.06902733467137853,0.011367801026462029,0.0967380163554404,2.581939923093435
-0.0011389531163848653,0.023374134064347452,0.09383465832663059,2.3833553714963225
0.051095366744785806,-0.052413845882937175,0.0885502720587315,2.623012098422751
0.037208834792046674,-0.029155372870977934,0.0640428582908449,2.399406427218519
-0.0259950878931861,-0.007788975373114549,0.0499138891288854,2.148381864201367
0.027730187827326738,-0.05852108583285594,0.10927044544351816,2.614993395175778
0.06841495334565295,-0.03712919180723801,0.06674453040861572,2.4360634629146163
0.06388731581652703,-0.06312501151449705,0.13497776863106434,2.9198797182008676
0.07097630428984769,-0.007725680178716396,0.10669739359575003,2.6761953082932406
0.0341877721228144,-0.01383417457509517,0.04509435663972665,2.2206352623917707
-0.022735864433368093,-0.02580834330429083,0.08548638160638482,2.4613269791552073
-0.01802642650994696,-0.011320260740919007,0.07059495144427938,2.450329163428337
-0.04619555577206524,0.004029359440327596,0.0787440010140133,2.352800976065615
-0.07860594528869805,0.018672224155553273,0.06407642542135324,2.477302638976278
-0.0722278134319322,0.01492690987353634,0.09113191829129767,2.6739947081769126
0.042994146704758825,-0.04413878936633365,0.10888580808596625,2.6061021747094446
-0.008953910224806067,-0.01510247316929115,0.06728701860347064,2.3319203756434463
-0.028781081233274768,0.031963713075509055,0.08713366454333785,2.5589135548614097
-0.0627802266108643,0.0012961958675299634,0.11298603942360043,2.6731298612723284
-0.03508572637462693,0.006972403233178237,0.09191677664901812,2.6210617567745365
-0.11264139512408847,0.020970964436961916,0.07486504740539034,2.7608534585131355
-0.0561667074034786,0.004209823973933394,0.1431221194864461,3.0068108637371695
-0.10628823407831452,-0.0033790213075307325,0.13926881619873874,3.0609388752354723
-0.046810127144068875,0.03011791449528423,0.05333136864304438,2.5461038301800074
-0.029361138109576197,0.033372967696746386,0.08673102339887623,2.558180978001015
-0.059579012325880844,0.025773398553408225,0.07522247803514023,2.4415280435469784
-0.08830369829794625,0.02876926698687209,0.054712749070559626,2.4608848986442213
-0.08765300500410675,-0.00011758565513521385,0.0683152158309701,2.5126369931329537
-0.0594238626856405,0.030137750296634375,0.0937962141834222,2.6432797292551107
-0.08121295086930826,0.02338426811383065,0.10793221526475272,2.8408739552400286
-0.011152750123857587,0.0209051599105489,0.12124621967924488,2.677724135328989
-0.08408622303622783,0.05145558237134306,0.03177261728157146,2.4731294459486315
-0.08164353689272572,0.015751986992434165,0.05174070328001913,2.2945390934378596
-0.11151038468176916,0.04382479798280589,0.06819202464344573,2.7228171368730347
-0.1509241927394138,0.005853276410641416,0.10323843058918848,3.116687331968423
-0.08636533581682979,0.0056589334714095794,0.10000572917103412,3.0442922856207386
-0.08615641803692377,0.010000698287427742,0.060532508124491714,2.5502203127211738
-0.08953901572821997,0.04031277414968994,0.020673049713910017,2.3253955964282436
-0.12854332513281547,0.004731851995246417,0.08916469424736626,2.928232251743774
-0.06452299673637876,0.007797919848266933,0.10717358888612037,2.6889117304051893
-0.002895970783018548,0.059176159319929485,0.08595127396978378,2.761472363448734
0.007586344785982024,-0.01855686218928278,0.075330317125508,2.561057803344222
-0.006149822522038506,-0.007045544625497478,0.10583483949993662,2.6408096637708414
-0.017439807743130527,-0.024422096397633555,0.14314316882309708,3.01682219481029
-0.04352354935174065,-0.04056438900146514,0.169102361322244,3.2963388810942997
-0.05407402791126747,-0.026422106479200163,0.15596723705084045,3.1193535365632474
-0.02787267301569866,0.011321999549656491,0.1615145897423237,3.1994868939836314
-0.04062869929178272,0.021180391435324894,0.1876533526198066,3.460019635163916
-0.05218026067493145,0.014070387054897623,0.0946670932507981,2.7072420621650863
-0.05771840712658301,0.00921258533157778,0.08263605086528666,2.6681435930993884
-0.12580330209863033,-0.023465119202774172,0.10053779687852497,3.016356995464087
-0.127650279771526,-0.021427197858659437,0.15998183609372998,3.174196429551945
-0.14505718946762777,-0.052237752520792484,0.16039322440489484,3.490879871039585
-0.07537579566935922,-0.03252406857121229,0.17963249348813412,3.3033163362535145
-0.15988381869645663,-0.02477845717376173,0.11214652972650163,3.3301295657206986
-0.10011412960493163,-0.05622323308791303,0.17027574812058976,3.414573268728605
-0.06941872658893594,-0.08717788620418052,0.19220162432763807,3.6822450482780567
-0.0871858846788472,-0.08495046230430953,0.1850696562153369,3.8975847851307166
-0.13198282169778064,-0.03577932785116239,0.22976241083352786,4.0913701786969
-0.12530148652864623,0.017606435536224953,0.20927670437704077,3.8965539135534883
-0.047594660129409494,-0.007193047775862608,0.1782979564883534,3.312810780294741
-0.006716317015652074,-0.008176110551842895,0.18897847238281545,3.125661847644836
-0.10729635443852302,-0.0448205136013522,0.18206142222137844,3.5378119718298633
-0.07907555483166631,-0.028321402149579077,0.20371533297793096,3.52616242484957
-0.017960626351687253,-0.06019153444335632,0.16899047508800813,3.3932935037668277
0.0073257283059636755,0.018453451025599553,0.16033327382144077,3.0771351035729864
-0.018236815838820194,0.014342681032012408,0.18424745822103988,3.1986641647943417
-0.05696191808360041,0.019446730422102335,0.17272372704425457,3.058134909585401
-0.1038530287994815,0.0065732523419403475,0.15357608381678683,3.0729906118485055
-0.07890356381987719,-0.051259486902119046,0.20598234872221113,3.529980451205463
-0.13571045998052875,-0.049109082504294826,0.2355140629324306,3.843419899787422
-0.07113976326772149,-0.0006447001774049193,0.2212840740373494,3.6152245460804098
-0.04208497209694157,0.007391893290073688,0.19115151891227333,3.2634412058153672
-0.06612035045785504,-0.007730355990617391,0.22633183719495348,3.5110920572941606
-0.13672200735565815,-0.0018906086657597956,0.14048257883599358,3.2922817017994075
-0.08805085185755439,-0.006586779997715193,0.16976230733461062,3.179931999731257
-0.09989145160622381,0.0357935124148093,0.09764605624983896,2.8065503415287987
-0.09025106516636892,0.0023461960558990693,0.10057303630788582,3.1707952913015722
-0.06824163902899916,-0.03863149799890982,0.1601551204025902,3.255449887294176
-0.07523370007121233,-0.0699298195097365,0.18974008283331034,3.7013729343262076
-0.0844745048938235,-0.015626060214539484,0.15174094829807946,3.4064923994153524
-0.07756733554688755,-0.07500400825492409,0.20337827326500046,3.7463857001432506
-0.08975393699682237,-0.11608456503577932,0.30102267349873013,4.837766362438555
-0.1019734967520734,-0.10221149023010678,0.24215015275769647,4.041944433930116
-0.07739151900632031,-0.07043330187107412,0.24395030134565604,4.017337551622907
-0.10641247549658427,-0.035641804092794625,0.2143855012883864,3.805656562559348
-0.10398100765783466,-0.056772697236697076,0.2246220720745473,3.960050781006418
-0.0790385237242713,-0.0357132832942467,0.2297300642900369,3.9054144807675475
-0.025686916764814806,-0.05927428108464903,0.24574063599240625,4.020447946212562
-0.11828979778938672,-0.12904696929955306,0.25522469019457417,4.5228775915325885
-0.05335264730077342,-0.1033728648487724,0.2245684601336052,4.1215351953985495
0.04627681683152668,-0.17339410556835885,0.26648554267847974,4.5509365450855395
0.023165648772056593,-0.15343499119292986,0.24784552153811285,4.240392427630642
-0.03701302860930006,-0.11304581222356515,0.1837339436161019,3.6370226154743
0.026780423457561403,-0.054645009535670135,0.1861876330485509,3.632742945071318
-0.04647615787818722,-0.08617845371796125,0.2552507515269566,4.151089157816776
0.08642778163655047,-0.10538990769286398,0.22736728983683807,4.132155672194496
0.11139897590560957,-0.09478014475642081,0.237390223235996,4.20680427946553
0.04392821029450049,-0.0672245095945785,0.25546745607845217,4.166800648551752
-0.030483106935511723,-0.0878050660988096,0.23838943168861387,3.752495544236639
-0.08669091587297405,-0.10341329316800182,0.31414422471226183,4.643364662920938
-0.12196711169717397,-0.1482612595606045,0.24317830371517557,4.232764222777081
-0.06659757386231324,-0.13414076067613667,0.21836624115616152,3.727000316790227
-0.06363750494985146,-0.13187632410977798,0.29295207163906894,4.537269660202101
-0.07523355620017784,-0.19173243271714369,0.32050478942581934,5.082817215645305
-0.04100258393361978,-0.16034155523021695,0.330216079515435,4.79852358712062
0.021093675367666855,-0.14235780730380257,0.21753892738204217,3.9319179410110214
-0.12336059535466293,-0.08916672432863695,0.23205317526217065,4.025234587703369
-0.09330657671725999,-0.13082471482954092,0.2756420321860959,4.246607474406269
-0.08880840642594885,-0.09103561736097095,0.25781761224318994,4.0417721767287205
-0.09949068327140755,-0.0868401474076423,0.18430527364047142,3.6297533503775363
-0.11043142598430891,-0.022642090796038357,0.15803858981996688,3.1791027982325093
-0.1196136964906622,-0.04439820025729637,0.1611807933666678,3.297977561022406
-0.1365160774765493,-0.0200709950786507,0.1479783416225863,3.015830204035587
-0.12942450100910724,0.01797375931935285,0.145720480688507,3.1407408082236254
-0.047204377843552796,-0.03321142275326499,0.1612514352996245,3.0475248109688216
-0.06807223997263155,-0.022021179888689686,0.12909371577173745,2.8348525863636556
-0.07171765262439693,-0.01096258069916737,0.11986046076197612,2.6690912150050896
-0.06450402968256995,-0.010901987916928174,0.10869808546606093,2.631229511681064
-0.02864365165366532,-0.008801243531680441,0.13395556119148302,2.7147948509265065
-0.017214175588943816,-0.04870275745073448,0.11898895356508515,2.755091877148661
0.008869400470258379,-0.00113319925754446,0.13160424048792377,2.66368144217076
-0.043806726021370326,0.0018531727445432245,0.08023821583052596,2.4734423395227982
-0.03172774127415045,-0.012982475173571222,0.1425770165689296,2.901229695941725
-0.07325102760825163,-0.014012951744689178,0.186098899983744,3.0126457947005427
-0.07785107445866817,0.022955482138445997,0.1505873070251935,2.9396316516136025
-0.034231377385033755,-0.0005248853945625219,0.0733795834705507,2.3029665270010398
-0.08966129633865202,-0.02483618690899751,0.10154198219864394,2.9152947567738106
-0.02199900915319419,-0.07568774205543448,0.15812568279042358,2.995467946149486
-0.038678697654582796,-0.0602947174462617,0.11525501102654832,2.6291094749454262
-0.05118019304615543,-0.04551163641510976,0.18854707122057382,3.1274248204834736
0.015422113816664897,-0.016850578597239187,0.12646900440092015,2.819195476471344
-0.05940924176233891,-0.014403813952643785,0.11573090152361996,2.640720560288123
-0.1674322794869111,-0.010279337699116693,0.14102253261568054,3.2225074133115426
-0.10304403159646527,-0.027180895701996475,0.1113042647409376,3.0248705491854353
-0.0822583971501205,-0.018146960103079587,0.12818496952471034,2.989337231579621
-0.0408231949313478,0.009642447916975565,0.13294435850048408,2.740163802205346
-0.0012262663204780143,0.04376299938420502,0.11298978850725075,2.5291306444689803
-0.01236635063875287,-0.010313967812766674,0.13717584214124637,2.7280908513822766
-0.015749317087466654,-0.0043579992305460575,0.09081366183018426,2.374219734449434
-0.01345746715391243,-0.02068931360588492,0.127097316056638,2.6233816643523595
-0.08431175833383553,0.012635426324191868,0.10840659075425989,2.698721475034199
-0.03121898831026831,0.007371684543944506,0.13980740428884939,2.5961326747368703
0.010619231527603785,0.04461128371928986,0.10186743311804179,2.373670059214818
-0.03641421497949506,0.007861359535738643,0.1250994126591814,2.5421973203418884
-0.04244147786141423,0.058115546607638964,0.10378142807047287,2.4815974329476083
0.022755097041998004,0.06778361208247549,0.10623295973434278,2.5387260802923124
-0.0698303728993743,0.06720348980692668,0.10383614789602952,2.6844061950743385
-0.04074054254765107,0.08559130712678967,0.08800383263541707,2.488237769586364
-0.08122043713272029,0.03659250680684773,0.1153031438300482,2.747631238759648
0.011643230216473021,0.04590941161932985,0.10651810240898597,2.449697705130849
-0.044020183153325176,0.0680810103855017,0.05987363794516229,2.2369535663981166
-0.06015667524337844,0.051961354554588696,0.02309316557925764,2.279375858262644
0.016061711723080227,0.040754193772449994,0.08587192360174474,2.3409111349925014
-0.05565087696411751,0.02947036234564018,0.05589550036838386,2.2112433343463063
-0.04444914787595442,0.05096536333584131,0.05678769697547019,2.3502202240782495
-0.034506678041320696,0.08859388106705712,0.03892008104892284,2.3258937826323134
-0.00032809555574541,0.11528144743192982,0.014791926463767362,2.2375873855309343
0.010889478815375744,0.06172714270389116,0.030086283761076846,2.17129126636461
-0.01030150667313377,0.06526648027329011,0.04607225855782777,2.2540090009995977
-0.03148780200821123,0.05280397391843325,0.042352320685195455,2.247063829392037
0.019126495305679645,0.07917052850376882,0.04386683868973297,2.174323812738204
0.0018683617131387128,0.06679611000506129,-0.002317329652153633,2.152040943719825
0.015179613933651154,0.05726769428646237,0.03540478363486564,2.1513745247995897
-0.050210489802511436,0.048076382682708065,0.01114065448465374,2.1588886986365887
-0.02799065675864,0.03284406551107157,0.03528805260279478,2.250803655284132
-0.07567695044623761,0.024293380050959847,0.10487068835289529,2.598620332050204
-0.03917456269868454,0.00980591504351845,0.10926843307690405,2.4922408578076793
-0.05746079569829592,0.04153633144133317,0.0865977686580824,2.3279265426362623
-0.03765056537595478,0.0405926972731007,0.053269471649339845,2.1428453472656077
-0.05257126462944121,0.0334043846242822,0.07322168844629104,2.437938039662692
-0.06105539955637335,0.08087773295167774,0.06530904248617617,2.455173714244445
-0.06024688932943187,0.07949604554162147,0.022402039327139422,2.327458951142274
-0.03591270138525258,0.09128090146473854,0.033629883627636574,2.2893904354924275
-0.030084296513078403,0.08132075604209522,0.06225351943229509,2.4223290171183853
-0.05170733177908583,0.04567320923015246,0.09218172352730564,2.450855393827005
-0.06533442817677956,0.028032394623518735,0.0898461288105992,2.3903046980136105
-0.0027045663767804175,0.07795701387002417,0.08434492589514486,2.345484990839472
-0.0458598978536915,0.061183043211999626,0.0822333617385861,2.392177404610855
-0.029808701315187182,0.0692053359725048,0.09571095558669812,2.6769656451488806
-0.10559699557284877,0.07299463859374555,0.09091312804589814,2.704198194501966
-0.08811284808548839,0.08004651157961931,0.0784402939196244,2.5674617395297705
-0.11745383949506435,0.09823639977102668,0.07226022180951915,2.663002564039171
-0.043468649639855333,0.08320672593653183,0.0370571521089771,2.440669079929085
-0.052334865599140155,0.03319935557496824,0.044921932090353424,2.30998607905284
-0.06927968216271778,0.09542146789865084,-0.017921016772412274,2.363255230521193
-0.07999112503485771,0.062107831046575086,-0.03578289158963804,2.168850121914236
-0.035193038473478995,0.09482686860139125,-0.026749005786213118,2.2654792570896984
-0.04416994700964429,0.06740483917057126,0.003717000338085335,2.2554657001792218
-0.03900150277208129,0.05426001194035585,0.025052016197129226,2.061030271090637
-0.03439285190109249,0.04866670514973312,0.026643953270584383,2.060363083363245
-0.027193649043284324,0.06886704789159495,0.04089100203447598,2.323093661339679
-0.051883095360001484,0.06688983288825216,0.0426114095828738,2.4430411405072916
-0.035339603576030346,0.05939203695691047,0.0370060249502258,2.241247074879729
-0.03622027666206835,0.05387059962256749,0.06229442508388804,2.322052008508567
-0.04246032686706851,0.04234893419909092,0.009135718534858565,2.1095389267994613
-0.04873948441166741,0.050630450330889136,0.0734213661650832,2.7778230237121435
-0.06142845230261993,0.05123389899936395,0.02962084609986788,2.2387635451272607
-0.08746980878632522,0.05775440246685346,0.020332825054135258,2.314157371798456
-0.041639866781613806,0.09724448486582953,-0.02148253417397353,2.391740023659082
-0.06358764239689631,0.08286696699346477,-0.025804012882522553,2.3186558533449393
-0.01010922077992124,0.05940246888947383,0.028581250661474895,2.259509525882023
-0.03595901841426699,0.04104973460525099,0.02567422805745653,2.1852696440946557
-0.037045839412159616,0.05068576521380724,0.017138414735788608,2.196709345463061
-0.01370981668176603,0.07697670379941972,0.02928304923127139,2.1867829431114916
-0.008096897073399192,0.08641472266738266,0.03212424759922741,2.3897991945243815
-0.03810905912555667,0.036780444267672026,0.06630751214139696,2.2791855109412955
-0.023612308113041793,0.04987168668819079,0.009886538421562868,2.09530466383658
-0.013653357612416797,0.06638354485961726,0.0392416016632419,2.3068381628305445
-0.029338412466872243,0.08091029617621445,0.034669121334573526,2.3343222184360415
-0.021151142043675856,0.07132459655899294,-0.009107228877849156,2.3108963759185075
-0.02063721808159091,0.09312737049116791,0.03379839258514471,2.3078789102122284
-0.02682619558830647,0.03651253576017153,0.049947463288377514,2.162185851613431
-0.06264806389695003,0.07671665848098777,0.048570953828672915,2.2269158678681826
-0.09165733570558038,0.03722852704876887,0.06323465648875529,2.3163241633831535
-0.05897842868317912,0.05294804870931316,0.09582100555784479,2.4155440930973526
-0.0747397751737294,0.09530788946372246,0.07642616306922702,2.4131789707980684
-0.0746516836932446,0.06472712159523253,0.11010710134147296,2.6280468010323967
-0.11140242547399622,0.0957472773294927,0.03664504073461467,2.580272640396707
-0.05949228797468473,0.07459053011408623,0.048130996932697026,2.274404381402544
-0.045978996100981905,0.07907734941958705,0.018193767327353862,2.3774664073970837
-0.04066545553742823,0.08742148776648616,0.027270213198922342,2.4265671565700635
-0.04599861249668859,0.07812129560473298,0.09289465085060934,2.648019776272492
0.007187702728705966,0.08434058926150358,0.03780755437325969,2.3254560861910236
0.02713930427258649,0.07682792256303701,0.08254705029204978,2.494248354117921
-0.009675684984555868,0.0860893116809462,0.09191189644069879,2.495857245993444
0.011852679824979132,0.05805075158638715,0.08621845506783134,2.5678214427804646
0.012706754800171891,0.05285890384693261,0.07946735523971782,2.321163140694885
-0.056057031274590524,0.08200692195933271,0.04277261305691891,2.395214511441026
-0.049308061024309284,0.06333191144795473,0.07260207070152512,2.5410429603255866
-0.08069476408032726,0.09328350489564395,0.037135536916195595,2.367734657062216
-0.050613148430144576,0.11366991400902778,0.0706040893820884,2.5068927037606175
-0.026188466755721236,0.08355085317194935,0.04981380959698691,2.4024027327988544
-0.006871579155741472,0.0695227809508092,0.07255719719604828,2.422735872466445
-0.04153010356675651,0.04028531949382122,0.07966387693003102,2.505895392113637
-0.05143078165687614,0.05902381968358191,0.029907748367217053,2.3046913056098957
-0.03553304685882022,0.04504105219686938,0.04136013872964658,2.244243938687556
-0.023826736983346437,0.05135914590593902,0.06504319919539972,2.4201675114300927
-0.048490279440955145,0.06968597713514385,0.08907249935201103,2.776249378650509
0.01173075919572829,0.0427547095072094,0.08246849242661498,2.5624795229355866
-0.05475338318919868,0.04317248547675721,0.1291530644991058,2.702044848694029
-0.00014147356196408944,0.051507599828723265,0.14548382392129927,2.7776908218625698
-0.0651492089534999,0.03774705139017834,0.12516359785183095,2.7485380625397897
-0.03306133332864087,0.04876257022809366,0.09572994275965248,2.5824764261143236
-0.06488774149161944,0.09159295571644455,0.10986818474618786,2.708700601188848
-0.07157180711503766,0.029889914043857026,0.1159130658946191,2.6413399896660024
-0.037012282365711816,0.029270940729171357,0.15508249380011477,2.816390087703332
-0.02412842201162194,0.06232894861222206,0.06690731146988557,2.497832937870366
0.009748047575670512,0.03800802994724542,0.0571858246879137,2.282524348267431
0.009753927651722652,0.04827537399890968,0.04659996299392548,2.4308483770913787
0.006026404110710292,0.05935134634197288,0.053945151974991966,2.406265850753784
-0.03674378218694072,0.02592717289485645,0.030915325360497813,2.260318109120226
0.007416520672328219,0.03795749557335606,0.016835419003766637,2.1053952358849917
0.0007191851555590061,0.01976515462110125,0.0011150004954043969,2.160647897541192
0.031653039548992706,0.05095312761203248,0.06034212736118698,2.2670640373918203
-0.0004992032794248689,0.09247091110799165,0.06912474554955984,2.479319229632925
-0.004628814176454019,0.0955886608876192,0.021403764220839172,2.29845107798778
-0.004522156873908727,0.03701391084741912,0.04057804536882491,2.3092242909952705
0.029953027673318876,0.03711219412422599,0.045377322910645675,2.4735622003675655
-0.031632194173752674,0.02865781866334457,0.03522759537475763,2.3815555845488596
-0.027261197450663712,0.030312705631145836,0.008177736088333368,2.262966635642168
-0.03543568009480793,0.04489258893008437,0.021483973865457917,2.2724782584248446
-0.024943549175264902,-0.02411087657740287,0.020221743992270044,2.037086554965693
-0.019077315972740646,0.013942329480504391,-0.00013953892369012586,1.9591316593876573
0.023741573797129784,0.038079221171046805,0.011063635522705362,2.1901078962996188
0.0334048810044435,0.0332829366083475,0.05705579748821541,2.45917131127882
-0.03291093221121486,0.022949276336734777,0.06742949751381469,2.5617253829714475
0.008563046208315736,0.04387770546394816,0.06749721081466782,2.385132940414387
-0.06209536576766428,0.04155252879464619,0.009821194527768556,2.3036581362289144
-0.03065730771446592,0.042984299202125334,0.04553419810305593,2.2654376414334414
-0.024590853643647333,0.010074075358810317,0.0777541365811683,2.5225581970758024
-0.0410374558212898,0.035112492036323224,0.06564569274505189,2.447808674991737
-0.024227345359801908,0.06739535170357634,0.018690913709178886,2.188682870286647
0.0017803637734468904,0.04233870048805715,0.04532164764208847,2.4436106227376277
-0.06538749961116061,0.04888286237013593,0.051512099123249465,2.449794374778316
-0.03729257058037937,0.04296448043907528,0.049410141895018876,2.287353041204795
-0.03872763386750067,0.06670294197135254,0.04497786975047405,2.497966906935167
-0.060765285487688545,0.05108380936399334,0.047072067588941106,2.400926274092576
0.03895766473481832,0.05777582081245517,0.06834393245442982,2.5700990677543607
0.005039089384354271,0.019396944268743496,0.07899796773657133,2.544400741659741
0.009500275277862617,0.011049732298626772,0.08191154891992179,2.5450285806619153
-0.023656216495351226,0.021957142028546556,0.0703818045384558,2.438226085141422
0.029874599898288074,0.03178573024395247,0.08008267913555725,2.774616212212382
-0.003534442712400245,0.00997358705844213,0.08596627796895966,2.593253169360247
0.004353097174354185,0.0037225940751199876,0.05306868949476485,2.3693102907855743
-0.01688280024590894,0.054432981199299624,0.04650358887476272,2.4688180401294466
-0.0007761068145427419,0.024630978480987224,0.010355777569600827,2.1845274133092407
-0.027359830648884014,0.0419888507443564,0.017890919911644168,2.2069234443239663
0.013826181617613195,0.024185406234556676,-0.03480194226557714,2.0328807938273252
0.013371683192632378,0.0659702044553158,-0.026940373165422055,2.1283666170012845
-0.022603698135544196,0.0522411176901659,-0.004557219499181559,2.1970630986094695
0.059517013819752246,0.03986000873150141,0.004821539626127338,2.350213759250088
-0.03826874767131292,0.031195002626654738,-0.00999324823037778,2.22090543615291
-0.020007645099918033,0.039063404473440595,-0.010554058668072254,2.065136422653261
-0.06329321059424774,0.031084026738275768,-0.02912540578695146,2.1974102271523352
-0.035037131901076234,0.05752233109640252,-0.007669117677503968,2.2200102268857513
-0.027756783953740215,0.03656769376611476,-0.012950643077452395,2.0506112860578596
-0.03239856027092572,0.05231174611688257,0.016076848912163752,2.225248588401204
0.016292393317048806,-0.0036728667018458023,0.09233161539069012,2.413063770708094
-0.031877723339105886,0.03965950772872573,0.029945043202175642,2.210312831374056
0.0049340779386777165,0.04268013743901333,0.00929994403434325,2.2516046488618846
0.00975221889677091,0.027235161015034308,-0.005285020060426508,2.0954993021176866
-0.015255498053146521,0.007498387605744435,0.03885794821061236,2.202698101248153
-0.0014844936615376041,-0.0017277589665918858,0.041018419211458296,2.2302980705767728
0.02310172616740393,0.0023088197320005302,0.056627904896667414,2.3696369639158124
-0.015441082506001859,0.03177290032171267,0.03639725210427765,2.287299843239927
0.014324638036801226,0.04497698984357871,0.013398370653670985,2.073994898592434
0.03110572627948094,0.034023029872543936,-0.010711805473233393,2.1588069000381633
-0.011784130771735301,0.05807546270698601,-0.0037628469507473613,2.2353588219459777
-0.009595865304311526,0.04463107284238718,-0.011660670824013534,2.1200959129726846
-0.011817049250972197,0.03732708774565445,-0.003202763831853541,2.215726618053468
0.014042455538876428,0.00945571803305289,-0.00930585296589674,2.0588587117020083
0.010908515122253293,0.044985782623279555,-0.012949083920550854,2.2002185713483966
0.03728578635965084,0.01452293050637505,-0.013638141713645463,2.264778352476237
-0.04334764122423601,0.050677898912250725,-0.04397854928389457,2.1948984178409208
-0.03900635737728139,0.03790602213457041,-0.004922018743400634,2.3307818580870383
-0.018142788695578293,0.022340494667417745,0.01214521236992622,2.147289153778055
0.03042659419642267,0.028261832976251254,-0.04789945008883725,2.0677122677180306
0.038833362578038155,0.014694578398743982,-0.023604663221115672,2.158221870092598
-0.04038701972734475,0.04084374381096337,-0.029991780311829558,2.2433594081339274
0.0287082702668912,0.040289082603229935,-0.03728883965059783,2.2561044720564087
-0.02086215993344244,0.012564939152332888,0.007520221395231784,2.2263259756186864
-0.04142602642902859,0.027944128206938198,0.02723388389931869,2.4127300657966915
0.04126826419738016,0.022558088727423976,0.022545436713468238,2.245238511275853
-0.03746481868660134,0.020352405396432585,-0.0249127367897832,2.137169072234282
-0.004453889450063819,0.04245254483344317,0.01509270520783829,2.2192295075795494
-0.001724791797880991,0.03456877198719937,-0.02239164885802489,2.1685650031785078
-0.004255421902723394,0.06266233676367952,-0.025233586731652595,2.217253026944641
-0.006553204407597998,0.06382536847992962,-0.01559609952870283,2.147251571078431
0.0162387700751244,0.049619203574994455,-0.02642751884693385,2.151737801770039
0.044468213817646984,0.037829767208650424,-0.02593840964869557,2.1878427595459358
-0.05529947975006838,0.03703351450722048,-0.022589017786340666,2.1843743139691574
-0.04038761019798836,0.043835065987606975,0.01957275667683148,2.320266747588807
0.004795521844224409,0.05715743585648995,0.018173277755222924,2.263758164939463
0.0050484142702715284,0.03615058459480498,-0.020249246108972278,2.1341263792548157
0.028182598333412155,0.07201927794666717,0.006834638125517394,2.27502625963869
-0.020778921805365943,0.07573524036313363,-0.0054088660764413645,2.2293779751579996
-0.0022021618752425505,0.07162198933203047,0.008904128687780555,2.3885388935659027
0.018797563943915872,0.03232373899838267,-0.010566801550998536,2.2224184368512705
-0.02455668038562123,0.033485291220987055,0.004593233460781961,2.1730809935429467
-0.01533941999094332,0.044539150565615075,0.037278744190340794,2.2388935937529175
0.02226539515362508,0.028303626500657965,0.048666947683529124,2.3259617332311184
-0.017841856954152042,0.04714295318702539,0.03004512007396908,2.354899015863014
-0.014721853023047219,0.06154480948603238,0.03235686907830912,2.28791456311469
-0.02661468184111437,0.027605890625955025,0.039815263140364536,2.2248069218261115
0.009366420194619626,0.03216760177587996,-0.0010775111483975288,2.0644384116313006
0.015301608530033163,0.034237144706507065,-0.0024870698309819943,2.1258738403909705
-0.011707190979766083,0.03199315653366913,0.04613974191479952,2.1923906127104162
-0.035222043552370345,0.03573933645233748,0.018595893275378517,2.1283277459987135
-0.0021209295666446376,0.04097067614741716,-0.004103659479319327,2.1700828625365007
0.03331452413460943,0.010208244804937592,0.02359616214806343,2.3876761402541447
0.01058249511005054,0.020857129338762617,-0.049769225381906104,2.138888400162072
0.02796674133474644,0.06071069545797698,-0.04491012831991898,2.0353671825498783
-0.013314545091927804,0.046664022086292854,-0.02556723754181201,2.2128864412506433
-0.06703877944700264,0.03098778630541446,0.00882892798290333,2.3202017630910645
-0.017453020175263005,0.02116611623840311,-0.009009484866802782,2.082658047509406
-2.775803847860283e-05,0.03737195551201905,0.00944023453394886,2.0535002582635906
-0.009646097333888451,0.06023957777713045,-0.010043130860224576,1.9952123976620548
-0.0017655816803273893,0.04109642179376569,0.003824055472576938,2.1219136577618043
-0.041701496487232606,0.002139514057106239,-0.0017643903353738533,2.1201760409665327
-0.04891953305688667,0.03002713484046832,0.01872080239752377,2.269023937284212
0.025583698699054434,0.019375726325789565,0.018259968882011198,2.1294585436193785
-0.033775546724163795,0.005663468186360275,0.005723880972891054,2.121104280863688
-0.03357766621913529,0.03090313925975398,-0.011568878471326581,2.1861790795976312
0.03122523527602829,0.05139892649988304,-0.0202518574936437,2.154333929638638
-0.04529760545465018,0.05890950531261044,0.035353726758736076,2.205854960844535
0.04494942909926175,0.02408395172720324,0.0331013194272081,2.193403271898303
-0.013039080069126643,0.015328970521396128,0.05770233774151256,2.3610563775902076
-0.009489507465636192,0.045112803853671245,0.0092658447839721,2.12302450696004
0.0075674161709616055,0.06209948836169894,0.0011336415096847984,2.226068266116258
-0.007794946874117987,0.06032674950326715,-0.007888831162789857,2.1387874475149085
-0.00414638810299147,0.03974759513276646,0.005839766381640926,2.089068700168214
-0.044853582822836295,0.02368104902660107,0.02682063015060685,2.069565501744298
-0.05074407354676217,0.026806846896984166,0.011273970510450608,2.2010783957937026
-0.04370066014124883,0.07953665744255951,0.0440480019700525,2.405906682568718
-0.07179930448945383,0.07967604636691865,0.04716253995943436,2.3191037115238737
-0.06766323183512643,0.05556999163571879,0.0017686182065662596,2.153768320545233
-0.04827897734630692,0.07103829217041739,0.02657405512457258,2.32796105348594
-0.01361146706935691,0.03607132873631703,0.022010546424270035,2.101341037644042
-0.07075715015846971,0.07847640969855227,-0.004672348794656867,2.2861216980624515
-0.039988149112361454,0.06265394352127013,0.03254556655383406,2.198640249206965
-0.046577948618912506,0.0797654319755985,-0.006408967090826756,2.1680080268958726
-0.027026934267572203,0.07174934481508408,-0.04032682795650469,2.1076041124744904
-0.046853348023842195,0.040766086210995284,-0.014662239663255286,2.1726428622512475
-0.026981605000236455,0.026647788744134482,-0.018186998818984473,2.1534605375151945
0.016545521546468777,0.03387627068082527,-0.0606788197214965,2.0842490280737715
-0.01153369803636775,0.006599248073009471,0.04211369534367756,2.5148372432932073
0.05143958812920761,0.023445879368972855,-0.0029181627214500817,2.2711515971061447
0.026050264295553148,0.011450021614274119,-0.0033170906161181296,2.1712418493653876
0.02741283056929734,0.039809067431205145,0.00952489557819419,2.2972943454276282
0.01388464698993961,0.02810913132270252,0.01094754466413413,2.0245920796918884
0.020285641833904525,0.03501820739390248,0.002340003604281332,2.0786056417021634
-0.0043179610331827946,0.04865907787310329,0.008899282744050187,2.050941460177197
-0.014985341730788537,0.026904286601231894,0.00818104248024842,2.1562511056277582
-0.03356860930929311,0.02470856691620361,0.04319371271192716,2.278657880147619
0.0203686654531848,0.009704288030006216,0.09890483900982074,2.5818538757138447
-0.056161408883120156,0.040311190647301175,0.08994476534451169,2.376553669781104
0.009965853850677385,0.024146135020952596,0.05373284802396625,2.4407263088691327
-0.041016978272717775,0.02035583432063639,0.07499141445125797,2.2492509254044655
-0.02779948343628367,0.032669767823346796,0.07431740502300406,2.4074870124578465
-0.04676225417671116,0.0498716679008991,0.04224297935106376,2.316109258429495
0.0021426590990837324,0.024222189531218692,0.10538196314067444,2.393560622252932
-0.021861330340867097,0.03513188732216569,0.07345239445379347,2.27594080669586
-0.033752473139549447,0.007948361731130855,0.045433459901808464,2.2498880082402497
-0.03417446495989688,0.03254354234367373,0.05669669592143103,2.1459212144740483
-0.04799388043993474,-0.00622138707661429,0.051947793090208964,2.165506103164424
-0.06977688084945775,0.018351868615164746,0.07857655415424027,2.4407703487811947
-0.046311628695835855,0.012385864581855702,0.0881815949204063,2.34656567395718
-0.04877159336501079,0.023613912844080716,0.08259612588411445,2.4580856369444755
-0.05504378458120139,0.01368133832100934,0.046700765312600846,2.3615660137691807
-0.0713396732332773,0.02705046959050233,0.020916998955086617,2.381996010400027
-0.05969067267765878,0.06439314986324164,0.06089490322568342,2.493118512461991
-0.023951208820611174,0.06676026808789766,0.07245558753242154,2.4990210884670043
-0.03443419044769404,0.0605097413831857,0.04320977550242572,2.2948687265677363
-0.03470624008173606,0.025927339540959674,0.04832093439283056,2.3163617101623735
-0.026023431233659328,0.024953778951317344,0.05581545243993778,2.478566072421445
-0.028415950887249367,0.007636716723524563,0.10829331545511363,2.6724177044111865
-0.07767904230638448,0.02383524314592747,0.09644066685012974,2.784685570398567
-0.024566219948890782,0.03279993932648341,0.06401148193673346,2.608316476559381
-0.015571911025597544,0.0020500170543340133,0.12489618649527152,2.6738851425537904
-0.04336471792864535,0.038535243879931645,0.13073675594165954,2.745172698440429
-0.11447398122349475,0.014421604778732581,0.12339158867916794,2.8938832365571474
-0.02513610018855086,0.014523973448013771,0.2003230588788893,3.249747906697452
-0.11415028446619352,0.01333296354311859,0.14108008800365002,3.03322692399973
-0.11464650685304836,0.01818151667713739,0.03965759654323354,2.610679799445932
-0.01538631911026043,-0.004559175910807659,0.027786648837201895,2.2175034952332178
0.02488157453741259,0.0032264909247054266,-0.028476424589213224,2.1173789606344964
-0.0144325882154405,0.042131355370324065,-0.05544014158584985,1.9973746589962282
-0.003214814477196461,0.06750461002970654,-0.05156960276317201,2.0933977754874986
0.02665109632989741,0.058792931183468684,-0.033318387065837646,2.169652362615652
-0.01980391185232264,0.08716897347835809,-0.05148477293885485,2.198334408909539
-0.01191545617696126,0.023830099892533308,-0.013630102834437418,2.039119800295265
-0.022971267808014246,0.014844480524457212,-0.012367083403509248,2.155980331581696
0.03803449832901656,0.03595124294802593,-0.007000438204219891,2.1263895259047048
0.02190738528510778,-0.002720489963543251,0.026704070186869357,2.393191631300436
-0.01592923008884138,0.013938534692117142,-0.01147605948277393,2.1825015642600083
-0.002977411793484348,0.07655153581496435,-0.008467010276115955,2.145874923767004
-0.009323995129049528,0.08256683413823976,0.04190555468312249,2.2443383452864554
0.03429328197911601,0.05750711006052293,0.035819786309806416,2.140248563965418
0.032146300789623786,0.04510300253010697,0.07933398953039109,2.337227370921701
0.006070277019126674,0.019579726794478766,0.04553456571734922,2.2710644305511627
0.0008976281273284558,-0.050096074376616374,0.09772221142319926,2.819341851406995
-0.030468368440527107,-0.005177164289222093,0.03393861279737761,2.5895725776686738
0.05574368054963597,-0.019728221715292635,0.008628164363927713,2.4226545960421317
0.03247753326140151,0.001325665426548717,0.03788209097683485,2.3782772197391036
0.010310950251985121,0.01877614337240687,0.024190971878789994,2.3264842084323005
0.0055230563237745655,-0.01626930783231137,0.050218220996418095,2.5068027093981544
0.027435247924182466,-0.05569506816654945,0.0834988803687908,2.8329949433473884
0.05960775229115747,-0.03592600685821215,0.04505521175814293,2.555961434797592
0.12343500545502571,-0.020424616568978458,0.0704220590879746,2.840122244921529
0.07197003580227124,-0.06942550580576305,0.09371139035344132,2.789160288181222
0.11845243903971242,-0.04953773984671916,0.0178063921190162,2.606693548724779
0.08863347423760984,-0.04179906231264165,0.08896880766411408,2.858659762896821
0.1569193493581657,-0.060513578869701226,0.14097326583487574,3.249479411390192
0.1847241102221187,-0.08821140263721841,0.11349607743174459,3.2750233202115933
0.14983868371339856,-0.05837020229283496,0.06370918800564289,2.938930622246776
0.14984778936871126,-0.057837239448968236,0.04202956917732744,2.8470224540090485
0.15448122861057093,-0.0571625766327527,0.0387976625637362,2.8095758323405535
0.18078783488987402,-0.018832737476485267,0.023549800816591412,2.999330962174715
0.09828585325821593,-0.020523258794068362,0.09476985602451628,2.8559567504690615
0.14924473180988723,-0.014646402148953021,0.05598950348118835,2.8138470560939424
0.10165002298520123,0.013214110050154288,0.06054857932453556,2.4596740196869855
0.12484437968399736,-0.03973701958551399,0.06246202083550295,2.792546875388483
0.20921185963488587,-0.04704803745210433,0.012445876421546431,2.991571443703866
0.13550131440492866,0.0025694190888265523,0.0003125790618160359,2.4986354086359195
0.1517783667427927,-0.022420608422829086,0.005692997484335766,2.673947364307322
0.15842156560211404,-0.015036238427418969,0.013966650238015715,2.7532829962808005
0.16793429637972032,-0.017648150792533436,0.025881598866085494,2.7715519714948997
0.12655149341913619,0.0055312551351250445,-0.020246379540824293,2.368094580367482
0.1821602611177719,0.020730030630239933,0.01405226495548125,2.790023595798079
0.20303462899173552,-0.00538832584281988,0.03976488473119475,2.866176381952519
0.1414996397680348,-0.0017191802858250505,0.06896366548505012,2.7681881995133244
0.14316785876535587,-0.01583892303577122,0.021930421047046716,2.5952181453379173
0.1500552799984514,-0.017280190084538842,-0.0018995685319705543,2.575357443282174
0.15226120351205963,-0.04945665757687485,0.0358100958764258,2.818496570740795
0.173234694556791,-0.003058475625029778,-0.006572199073943264,2.7896532897129496
0.12309347303217603,-0.04889351488401671,0.06750867469798755,2.8704775020529674
0.13323932953033038,-0.027675174059764843,-0.007778884162841572,2.5360701091399043
0.1712403556301454,-0.04070039025396808,0.04163102290556018,2.894381016907205
0.14611042513600125,-0.04724692463075052,0.04024835320449903,2.783515781642454
0.24690154428564626,-0.011096240704333044,0.052478293530316175,3.320472667344435
0.1695547595523757,-0.04994742044145279,0.03974068666262637,2.884557365825565
0.16658649360213074,-0.041078478648785374,0.017343913115258652,2.741322325621086
0.16815221092674115,-0.0671836879716789,0.03620587378924933,2.8706879830438767
0.172227204141037,-0.06087127923569759,0.04246241868538218,2.8624813831194853
0.1403500179113637,-0.014516324882841,0.0003490638001011567,2.740964905717905
0.17203476889914157,-0.050231352334182675,0.06352726355677145,3.03633390306455
0.10540327687521142,-0.0805632686728389,0.06143006891772955,2.9313732301823596
0.10352092297357093,-0.04889360022621522,0.0380932416533113,2.5695696167399316
0.13463208131471457,-0.03881122563710658,0.06207572907680606,2.684073503705116
0.14425374242678132,-0.09444074304797175,0.10272020347482286,3.1673162856639605
0.2024322553421067,-0.06033128215365571,0.05607391721412513,3.1158251119701967
0.2092252203976746,-0.09340825030590337,0.11601072150967998,3.323916057156736
0.09871821505901852,-0.07634296795311749,0.10804495540898121,2.930778881050011
0.13602112962835597,-0.03448650581198079,0.05389687171674107,2.7564610807938603
0.1729495485865251,-0.06785507325117789,0.0660152323634721,2.991171789661527
0.14478900462694144,-0.05697076119587225,0.12059555305005087,3.0147404050433244
0.2093466475990046,-0.03979828582199506,0.09591885214618821,3.237760027139326
0.18655237294111285,-0.010937817189745168,0.05549215821593887,2.879617376011697
0.14203590191766274,-0.04528402711222389,0.053882179361451586,2.772871073131012
0.13746670658072083,-0.05130519612058443,0.03811416404208521,2.647583555824507
0.1444498090320504,-0.011154868106781774,0.03290913615784008,2.549414341796165
0.11998608159512807,-0.03442051249086058,0.042758140682828884,2.54918171711144
0.12418268900291592,-0.016592851111554376,0.04061576950465733,2.6581860697069715
0.1224504365003128,-0.05632396786160076,0.041510916739564335,2.608959704161402
0.1066320567193018,-0.008636442472001547,0.039429209342648944,2.554339893604061
0.13263080389965826,-0.05139242397901868,0.1794345607444033,3.510598557827803
0.10689048951127873,-0.09112849032734482,0.18212006440044018,3.5644949359016147
0.10821257981824249,-0.011171480103740515,0.1020029962229825,2.7514624925590416
0.05477923677704152,-0.05513542602853993,0.10890378435379348,2.7723399710396186
0.055978562795655946,0.0030126340865281698,0.10400213476118501,2.5010605031318263
0.006466396594040281,-0.034154751076554524,0.12427240280993397,2.8809356694628683
-0.021334530408443374,-0.008693014210448284,0.095951962347556,2.4531481749377413
0.031151857951452398,-0.03155619781135792,0.06362038817298707,2.4853646003028094
-0.016969261578084028,-0.027008798544610028,0.0830074023078914,2.5427282511429734
0.05514041909214529,-0.0014942291226939274,0.061115015742702984,2.4054776958598905
0.0307685820003319,-0.035606660892617326,0.09064674573253867,2.657792832593765
0.09512505403191894,-0.023782081932975662,0.051848407797124144,2.513174417293745
0.1086014395141545,-0.008482298091564418,0.062429201785785135,2.5454167266201906
0.08133424382056516,-0.028567600583813073,0.10645137928004456,2.8874080379647022
0.053212474347022316,-0.01926789136935727,0.09130977406934153,2.551767893448671
0.04161095134205301,-0.018317254006814332,0.10505835560462744,2.76441825245925
0.09254438550940039,-0.021306695538856498,0.05595333068628062,2.5301815082238064
0.09124006832453446,-0.015816571574641673,0.06094291184876739,2.53109003489805
0.017246273161677025,-0.01775179090713564,0.09198947905360513,2.509558909674141
0.042725262313626604,-0.0065514961637584005,0.10382787210547594,2.7090066704854183
0.026943731244853,-0.016108228849872105,0.10803273380757493,2.747566292340984
0.07859898915671348,-0.03525946451684573,0.13207558957781623,2.9448326317112405
0.04638918950756551,-0.04111475688273483,0.04705163095256176,2.4087399008883645
0.006120889013617758,0.004971041991970404,0.06986777626754036,2.292802219994855
-0.01603503697672633,0.03217512586102484,0.10412614623373732,2.7750183838543876
0.03626503151003347,0.033248273350430055,-0.0018118072168175933,2.33887563156047
-0.00028821042455406677,0.06837542968500611,0.03115563381432721,2.24680375857068
0.00394400921860512,-0.014799579300740912,0.008635761849542862,2.268826225344766
0.0399249338352063,0.031300112481671714,0.04249714645018315,2.2749163984112752
0.04108217205300457,0.03638504258761574,0.0689187530387075,2.362424837423127
0.06902755997664,0.004266764085831688,0.01758556162231365,2.214154559850989
0.06778257876077325,0.027297690929436277,0.059834119936028746,2.4436963973000485
0.08023436419689724,0.012089512320736621,0.03519555498633223,2.452501717277635
0.09679549438545595,0.014244273763291048,0.0700245456296955,2.6408091419642465
0.06889277888029653,-0.018973711074325706,0.03200364327728723,2.1617014612196606
0.05651688302786622,0.015378835730662127,0.0427825256325558,2.253715979658828
0.03921995788759646,0.028365532220595527,0.018331048062829036,2.402595152922899
0.07478511575745363,0.03392471103045111,-0.00891407417122165,2.3912874671101996
0.13230370797285385,0.0006781633649130803,0.019507142575416983,2.539654749904062
0.11184710897839487,-0.00589886626981065,0.0018891395245708646,2.2970163408613447
0.10603002847289511,0.017068024017411795,0.020906099448167452,2.3324820202220775
0.07961701470564934,-3.049502583443411e-05,0.03046423148935293,2.385667372780712
0.06408168233066885,0.01317435953052882,0.1040553963293224,2.4618459213431496
0.07076740364419287,-0.011856530503926868,0.013095993429888408,2.3287617009068415
0.08950263054625508,-0.006215948208286095,0.04590438011200006,2.2505756504760215
0.06498154370560161,0.0008214890501376701,0.047434332081708705,2.3386962483604607
0.08721693109565336,0.007103139522020953,0.04079032756563367,2.3992654730519924
0.08240484042128426,-0.015105541567836826,0.05780649231909349,2.61843720097734
0.03991783040121004,0.017369834083530253,0.0347755589948928,2.2170842593345306
0.0716723925926854,0.019970981611749327,0.038716770249656036,2.287535803704312
0.06070333408580941,-0.004501069815911389,0.07018376002362833,2.3461091015612983
0.06598078406359865,0.03679628251876865,0.013261777689464118,2.2178657466690943
0.045288515670541284,-0.012348921048846832,0.05104998616790291,2.214028641309384
0.0712251328262634,0.008036929469989507,0.016519938457391744,2.1527767729316762
0.02990267952032462,0.03086032126260038,0.0276302044741158,2.226911227322605
0.03086339046171367,0.005142744520720388,0.10606734576805997,2.4203728146558072
0.027460064075458455,-0.002863744070955931,0.11831347782494936,2.674116474481937
0.06626116352975402,-0.0063573403914062914,0.03390289960722245,2.234419592422956
0.045514173010493916,-0.00689841856579973,0.05895303309776374,2.4024559067180866
0.08324723679531634,-0.015430477344845452,0.06534700033206013,2.347245818005609
0.003388943427948275,0.026267095953103694,0.01581862475991685,2.0584882249654783
0.0492600926239429,0.05700244344775438,0.006301744396500733,2.205253639483807
0.04242394077207283,0.018775127947103128,0.01060945709286419,2.14679368729847
0.04442489535897975,-0.03920715706811494,0.05791386499855535,2.4324688115637416
0.04061900418145167,0.01486746659326436,0.05072300274807118,2.227661746181149
0.04512011782568504,0.02038095885146833,0.03911790182190097,2.2269134874819607
0.0017869257332056624,0.020341683672349502,0.0742232875185726,2.329977345124402
-0.05748711268417388,0.02669994856485158,0.05483922987019946,2.308390819805594
-0.004169011682322984,0.03166774074062814,0.08504911862564568,2.3548973459103655
-0.036861618278299105,0.0021095695981366543,0.11101445960607906,2.636878325059636
-0.016543886455023093,2.99843904141455e-05,0.0850547828921116,2.412442528845766
-0.0013034131043459889,-0.02858809741653715,0.06344983644447066,2.357508363635251
-0.04113885042675502,0.005743307813824992,0.06583077505549186,2.2650175503660632
0.0355798774221188,-0.013499746114107812,0.07844170053070214,2.311221806394613
-0.02979924059589169,-0.037833476572397856,0.13092009882995942,2.764519359733123
-0.03688669912024616,-0.026371965185026595,0.08023110932586872,2.415909882533353
-0.0192917760751719,-0.039549686739582604,0.07655844196243144,2.654629046766634
0.014269067457807613,-0.04135499779671442,0.11106228883597224,2.7791605131601576
0.05304855635898727,-0.057841012874986886,0.1784643563498039,3.1244133811288286
-0.006547620125114453,-0.030246516285717163,0.13609272440833947,2.7857491478833634
-0.009893135330388207,-0.005599771460735722,0.08710816344225676,2.4322132146749222
-0.04303595685663411,-0.0013203871689046476,0.0695071050774033,2.384161403441173
0.012448755883677085,-0.02024277482933875,0.09600796791050802,2.4644219263716365
0.00905057123134387,-0.024644185452573505,0.13214763271853655,2.810743476269813
0.020177946664360073,-0.01608010724046283,0.11987688644058327,2.672973111873317
-0.013397829843716017,-0.04636214985364933,0.13189909460214516,2.869318475325646
0.024383275413696417,0.018223900583126163,0.06799292079116903,2.3288946247069306
-0.020047915139584423,-0.010129659162067444,0.10926387892487678,2.6552236869477075
0.00889198108267643,-0.013053402922637914,0.11891710297155147,2.6066465774263916
0.0002749163656074903,0.004318931060220493,0.09632288894349111,2.518267541426227
-0.006992417695714822,-0.03211859674262809,0.16738733877958972,2.8519754082643884
0.014926590422929745,0.018642504639500457,0.1524316337186381,2.8032188892270624
-0.05295741901526913,-0.04028780685495919,0.10112115232691048,2.624721579202276
-0.05187034242210196,-0.03225054754523484,0.10746887376970103,2.5409308546009863
-0.015311284991327286,-0.0841127476933973,0.17120403342758414,3.138584949342595
-0.06328382005217688,0.02340749230372927,0.09392798371421818,2.5884630475666266
-0.041318769638609885,0.004548485158473728,0.14262692479434066,2.850827248001004
-0.07894979123607825,-0.0070023184880316225,0.0718749738404392,2.46943586986316
-0.07524927493742817,0.007898871977320447,0.0576690532777905,2.4225079817119135
-0.09817189259420735,-0.04109947485710297,0.13086666130813904,2.926228678517029
-0.038623976079699536,-0.01005525289518342,0.1128486449071363,2.6086783625878267
-0.08553943317519483,-0.06774472182034812,0.1364536771224596,3.1333881541030824
-0.00020537190353023529,-0.03452703656307073,0.12390605850256002,2.6226910944033928
-0.02125466401396083,-0.056812492393794906,0.1138400715903222,2.7296041780587803
-0.06506008133105427,-0.05920298579057721,0.1067626491069035,2.5847943914370024
-0.0372911079179139,-0.015803574387980565,0.07677824948202348,2.3298096407470172
-0.06271571217109394,-0.0009177512531864707,0.06575874947850381,2.382914543675215
-0.04338940282304818,-0.004760197644911936,0.07728687399280984,2.263888024112283
-0.10904560806793605,0.00787891591437789,0.09223768330031262,2.636580941968002
-0.015220053901467391,-0.02867506480826944,0.07287035582883081,2.232200138769775
-0.07881951302164106,-0.0330057129011627,0.0840338665653702,2.605476609316521
-0.04869033913071321,-0.026185347419509897,0.07243360796656527,2.3379914659670473
-0.03601293706149517,-0.0183375128237455,0.054299364913213084,2.142936828852125
-0.09347449540932755,0.01446263581865779,0.05599264317762026,2.1876320310929933
0.0006860103932547013,-0.0008060257999544164,0.04958274978345416,2.0896219530412474
0.05999669212639769,0.004972461849930858,0.05893863757825765,2.1918520010567146
0.07834878934936741,0.026940534367660078,0.045138134727490044,2.1563131153447403
0.07848811345268014,0.011754196621905634,0.06203881437085493,2.2901087278284997
0.03647504352363186,-0.047429664536162354,0.08216171087851208,2.3582826489032955
0.04826619999747712,0.0028223931837314557,0.004387793138303101,1.945373478679613
0.07082296983885897,-0.029731042907362355,0.04133473858885864,2.1605348960453092
-0.011710260614849172,-0.004775665311462671,0.07653421776785127,2.1303943516487722
0.010586984912912264,0.009487364300019051,0.0807458344740218,2.136924004850441
-0.027536027820150615,-0.003926649242706004,0.10239078018658906,2.4510097058170937
0.04777654391170262,-0.019286294441332535,0.0657645677984204,2.4667859506739243
0.05351599766309434,0.014904985131959399,0.10906959880384716,2.5850220556808257
0.0695455996211548,0.06325993622775254,0.027641489689097604,2.1897874352550315
0.03557182769255245,0.035807014534244556,0.06850279075600428,2.236761735631961
-0.002922132141735316,0.026377021838368063,0.04412015673381172,2.106277032333205
0.02156095893460555,0.02751180181017377,0.018749665971653805,2.173967939328971
0.0018548961801632124,0.02313096855050686,0.030656773587745746,2.193842794264793
0.01856325375630639,-0.0163970021373271,0.10022199952710885,2.5100947539655847
0.08467976152757252,-0.012484300141931212,0.1351945975566133,2.73128147576212
0.03300882497722823,-0.018110229328434153,0.10639512229740265,2.577465078255806
0.03922294997300112,0.010759120071178426,0.08994061062620594,2.442740126978591
-0.009559051810090952,-0.015899260189862183,0.0841089431808602,2.5335891845711007
-0.05027913505466656,-0.014588903041109526,0.10763671726841433,2.7058759637303984
-0.07356114804593993,0.013199689861862075,0.1084409922042037,2.7812173661368034
-0.0387686237436793,0.010786642707776883,0.09834611086421553,2.6488537063334
0.01718191659689611,0.04248451529904576,0.09197762988942318,2.3875650345334902
-0.03262710205361152,-0.002888411817902261,0.12800702886012486,2.650086654902672
-0.0015614927554405483,0.007306409642337845,0.08699653328483103,2.339332875577174
0.00158281686533038,0.0018860826630412776,0.07110638487046943,2.345947641188044
0.03607655759322278,-0.01890996279051798,0.09353816422915634,2.6729345916773686
0.07083306835387099,-0.02233123913019645,0.08650748716075797,2.4067261571034093
0.06878405053425385,-0.013478859577730658,0.09786516225725737,2.498016569887204
0.0367033132237972,0.01599245689266078,0.12210660721580768,2.760272922894299
0.021563699810637733,0.009919160070389954,0.10522158854177356,2.3854619524882605
-0.0367682836777209,-0.009334591185407644,0.09011895177140439,2.4198782072528617
-0.026695595701402945,0.04667218530991202,0.07619138841900795,2.43469364958752
-0.0576237160930398,0.03914629446732116,0.055195344779079794,2.4520795065264847
-0.07459041989602071,0.06024549658856263,0.010350518459347006,2.410381240831219
-0.08411415846191007,0.025708051364126166,0.04811462994265492,2.3639606885305056
-0.07379427018937963,-0.03814542716844953,0.13698525276556522,3.0769790875715075
-0.06852538851707655,-0.005855192652729951,0.07049564701941337,2.5292690656116195
-0.049268765051439595,0.01940923041248948,0.06785599472618548,2.4128284139832434
-0.03874633657674591,-0.0032256127833101373,0.08118278308065693,2.408425171460239
-0.045561328128916695,-0.010596040747394382,0.07801141670968223,2.4373724877680814
-0.0771584516220625,-0.011524226638611511,0.09037201506831889,2.580862020671138
-0.01313582713331956,0.01840660572693646,0.0657761607575052,2.411365669111925
-0.05554759767969965,-0.0014755474277054843,0.08805913278150133,2.498683713003804
-0.03681072330466845,-0.03744842832546256,0.13656783633328046,2.750564843103304
-0.09436043473582147,-0.028239891425099764,0.10758415229831614,2.883316653908786
-0.12144641707628887,-0.0395919325331055,0.12879184317467568,3.105855434797908
-0.11277489566643804,-0.023438478926165403,0.08195611053192778,2.7107771080914635
-0.03861701771208625,-0.026013465072843144,0.09476503855759232,2.5094081654989666
-0.09223637530535395,-0.013342548112834253,0.06824228262278544,2.5123863341695123
-0.04883726643597491,0.02043063689150748,0.10460428826528292,2.4128646216762344
-0.09180070345256743,0.019169188370689712,0.08727696140065258,2.496201527269815
-0.11628265717850626,-0.020921918835154558,0.08287765856544997,2.7586719990560975
-0.11624205145504328,-0.03408575079167225,0.09738543925709636,2.740115631265427
-0.12069788252110489,0.03158904790143519,0.1090170415194931,2.839986457078154
-0.14110107331901314,0.039533855906333314,0.06887311874882797,2.772106231785036
-0.13144897633525687,-0.0047375705481914375,0.09298423520223088,2.8347552009247954
-0.13284871313799443,-0.012940436974718878,0.10871423293785215,3.0231103104839083
-0.14302114969163965,0.025323644192934574,0.05792184523586069,2.697513483504397
-0.10465686453497124,0.04061071976146529,0.04938962419205807,2.5812164751586013
-0.14396609238397842,-0.008633174011246997,0.11002244673672835,2.8962646512332766
-0.1963730479355253,-0.01745451556001826,0.09314859331529167,3.151227589056202
-0.1341572516904327,0.027180669460631537,0.12997916471094545,2.92305686283652
-0.1074472018802646,-0.02330055076908564,0.16952571450978568,2.9642967420514927
-0.1146485365377368,-0.029928436090185133,0.12627220091147912,2.678284345898055
-0.10480000392907313,-0.04604293868637535,0.11088377410280416,2.8820528878989755
-0.14593781608772874,-0.0258977902997434,0.10368519474433091,3.0722605926149678
-0.08746080635522833,-0.05753271772273406,0.13627689653503086,2.8582721073133386
-0.1209871595839394,-0.031091918701990944,0.1432259835694798,3.2183092323796134
-0.19496251859076755,-0.02122765267253755,0.11950305087734837,3.296084345683285
-0.17252931387086143,-0.03527582925964187,0.11861813631019874,3.1355219582176965
-0.14585817727637373,0.012839185453651234,0.08451636638203947,2.915025228287771
-0.17062872641667418,0.042471361176954076,0.03335411654291116,2.807344095800955
-0.14074882621796997,-0.001448077396920185,0.07394877608591627,2.722806040830129
-0.1456384778484942,0.023014589607794938,0.05938646234202228,2.6720079144338387
-0.16169378723519667,0.021662147301514424,0.07163642428140095,2.9738725037668936
-0.1829217170450665,-0.0891905342584972,0.1976158735957094,3.79857751057483
-0.11262109000646357,-0.10593771416428419,0.1555053234986906,3.3510628704615466
-0.11779005448112843,-0.008398043805747267,0.117690094488755,3.0198383791635157
-0.12509600267345497,-0.045152333479930265,0.1391517480166834,3.159196912009981
-0.14866137225171402,-0.04034912046310531,0.09408168852523101,3.0406623009789686
-0.08892521618043997,-0.028519685949691335,0.06472407629345656,2.5932883111291805
-0.12022371928353043,-0.031226789874452158,0.12159067434344795,3.0900285862193346
-0.11144063017448727,0.033676666811228384,0.06569802953880968,2.6895978110759766
-0.12793141820136633,0.027129962535460073,0.10078744008717476,2.928446339328321
-0.11220369185735901,0.032047722754555794,0.04612953371441378,2.4857770635851213
-0.0677079168904474,0.007376576448776432,0.008807339340772465,2.1412461323049046
-0.11544826438242427,-0.012961312197092904,0.04513629498007309,2.446568296802729
-0.12615882282604085,0.0019558977457920282,0.07605378274609653,2.7923529082476035
-0.10253398442032391,-0.003996991961263627,0.09970441913210311,2.711856639267187
-0.1579722065664912,-0.013618981269346105,0.10544800186685907,3.1857902200056527
-0.08559821330840996,0.02879282833219987,0.04008168939054726,2.382309862694937
-0.13805049845553727,-0.0016162901481132118,0.08836391780593796,2.9037512706185824
-0.1365438202509111,-0.032443888121443304,0.08866087345697597,2.993034713579417
-0.17215382193284115,-0.02618672248530891,0.11000692491056906,3.3789607482513313
-0.1582703122828128,-0.047507202679506366,0.14139665366352086,3.23223359775914
-0.15984313914066317,-0.06567338415847886,0.13313171345423686,3.2299472234927684
-0.1110994767157564,-0.05110959179991305,0.09298585479291491,3.0557073418569547
-0.01856866189859303,0.016251558201091768,0.06293251098217786,2.3410677600075918
-0.07471481664413361,0.007597440844367942,0.07701272460757849,2.6142392846883875
-0.03135865600669298,0.028909817510999872,0.09655695740176146,2.733566675814261
-0.006280024412876659,0.05998968911714295,0.041759056119757575,2.372102727944778
-0.07910681858549656,0.0553500331254055,0.006458715791006888,2.438236602975843
-0.058513960446899806,0.026696763222729004,0.045207901516532784,2.4045191103552983
-0.032948559760042205,0.059153431815379943,0.04263403394252279,2.314980777717328
-0.015317389025320859,0.05803979989135799,0.002544811702709464,2.155247718236367
-0.027676535447371073,0.04062874516628572,0.002798974408148239,2.104692049147355
-0.004353198346766664,0.05957318180359743,-0.03560330124353018,2.118906627619769
-0.03535119083628361,0.007380945947460593,0.04392493717860115,2.1535513313765606
-0.0503987241250497,0.0769652360131667,-0.03227314507833076,2.156074438995266
-0.035680249632065404,0.010045458111638341,-0.0025294240201770954,1.929576759155885
-0.00272308085520746,0.010636559547531805,0.0046841894889386474,1.96907544133927
-0.013701916970853916,0.03300430521902707,0.05712305272542775,2.0580423149502907
-0.00971613785743175,0.02439554979784453,0.0471658924040349,2.1236179315294175
-0.004422792133011367,0.045763227028775645,0.017401320178065473,2.146754553314526
-0.005994582211453,0.02199814649167419,0.03134974281300584,2.025804398920847
0.01989477182470914,-0.0016641156463301015,0.036306189553256984,1.9977962608846858
0.006899006322380079,0.021821691542863536,0.029945623722936986,2.0487886775509554
0.0009987547887717963,-0.01831391915351986,0.07121893024227266,2.370284077540987
-0.015572017019488066,0.026896567978010082,0.011938140276804324,2.0026252540966794
0.0018266238814494495,0.014480813747299153,0.01848723532534276,2.008373660682987
0.054212932778434364,0.012709966362103302,0.047559467481062094,2.102823729627113
0.0234036290882405,0.06589212843732087,0.009551801429270765,2.0029476443176186
0.01314287914419916,0.023605628823508282,-0.013722227498495053,1.9390778943239295
0.040444058904862926,0.04958853190916247,0.010858105834589205,1.9346367952559596
-0.013356822778490589,0.05485512839137297,-0.010365431491657673,1.8511414122961134
-0.03665208700806614,0.03621758390835152,-0.032175378215392875,2.0448272136038987
-0.06842412046674141,0.08862068357657368,-0.0020875621480734236,2.2317418136030365
-0.13770642665065425,0.05814036393423737,0.033855972149571124,2.5474844121046614
-0.09720587966455975,0.07752223088839247,-0.011139492501560174,2.1409070653831725
-0.08683655782284885,0.043922484110515754,-0.04289101777254269,2.198315547272515
-0.0891004240937303,0.033529775257229735,-0.022840757350138238,1.9723406284334855
-0.05398835741825761,0.06384572132671187,-0.007752716390523393,1.862634269146582
-0.0691406035739297,0.04339525030513386,-0.010817166054274376,1.991818230362681
-0.1039974065869839,0.04056678763002552,-0.03728808746139287,2.1283030416329582
-0.11267298562002094,0.015836249316258467,-0.012471717826399347,2.149277839951321
-0.07333528230793657,0.021910516533400076,-0.02176836341852628,1.9577520531300887
-0.058765897075139496,0.033612423183154376,0.005001443166283201,1.8617672159979894
-0.0631950519582373,0.09955942699833402,-0.009743254518638982,2.0825846986161136
-0.08023970980334637,0.02240762740565312,-0.0030325852058341977,1.9564545940240792
-0.03352480236457177,0.028300946663056603,0.01345174327282747,1.8837837340660337
-0.05251977130542299,0.013212166910064072,-0.02776085744240651,1.7889938014255466
-0.050235626682229154,0.04499451258520022,-0.027451605388479842,1.9626085073674229
-0.055679042088575686,0.0432936106919018,-0.034817804147687335,1.8812081697660183
-0.07980656284432938,0.08436035949341449,-0.04567473122880069,2.0993544552177066
-0.04376461599559382,0.07903299949821918,-0.044305124781918885,1.9998817471346746
-0.029284675328608994,0.032725138841175776,-0.0013807251806649235,1.9390615258934427
-0.02395475073625957,0.029927335554366306,-0.008603353134364578,1.8538806941118402
-0.05749152621522425,0.02855366368510499,0.08755161689141086,2.2635922779626765
-0.03338440998674896,0.016684512837932427,0.02743478545792646,2.092916624205408
-0.08621182523450903,0.06856325997274897,-0.00877774045973942,2.0787524702528897
-0.047743819034605145,0.016924872272078784,0.019778058583149467,1.9714319595274112
-0.012818999048948688,0.03326209752349333,0.03001696176772238,2.05462958606173
-0.06907173850928999,0.04094390791498545,-0.0016523363142659853,1.9074155579575407
-0.019432359364945317,0.055986377124717414,-0.0031569485897309205,1.966802773555964
-0.017384730364021512,0.05788034974753291,-0.014231493453119984,1.9338318378644732
0.03760313162674863,0.027414260600251705,0.056272523773437784,1.9175437848738421
0.006968958303911821,0.05873248845972645,-0.017272703405734165,1.8984991613841953
-0.0030422191915360774,0.03139398510134588,0.042756181698939584,2.0752746189401092
-0.010814666164962735,0.03991664499464102,0.03086809366619691,1.750167163442164
-0.054181995283482394,0.024903801390555494,0.010567650318305982,1.8996384422072798
-0.030313253023943054,0.032095721722150056,0.021930005300388616,1.967249600818064
-0.03772695431452442,0.0474584683494241,-0.001690333695118974,1.7668130001541107
0.006516751842518921,-0.004845863103941414,0.04255385808176932,1.8734738797360861
0.07092434561054431,0.050036167714830396,0.04434451680309203,2.0301808001774444
0.040160966401029514,0.05413896943101237,0.04414855889281406,1.9674826319432621
0.06024860756081731,0.09271845755763758,0.02391860739298497,2.09859439044649
0.01891755009457369,0.07446048406094868,0.0005272467502980901,1.9030090018553942
-0.04830721558048069,0.04592040008509531,0.02085170634620855,1.837143906097607
0.004904550310406593,0.04777720207437998,0.02300763043431293,1.782354006837399
0.007842757245283397,0.010192406125371672,0.001089812899632049,1.731032344715676
0.02959488559546375,-0.012509320808509188,0.03390731565437139,1.8164034740860544
0.03832899556036836,0.038966549890383465,0.004058344874805458,1.7308197532936467
-0.012578798981121735,0.020295667421049147,0.008746751145514315,1.611331034596115
-0.04062842054455455,0.03886550597399537,0.010875720069038815,1.818490087555501
0.00011062503992472538,0.03440492816955947,0.04048571200100802,1.8656890674013975
-0.015333005863838026,0.05397050645143078,0.013683998896624201,1.8346615829726396
0.02840112889974424,0.02845362530927038,0.03148791640220404,1.913021973680238
0.006345042579022568,0.04814917391763802,-0.012669071580152683,1.7207939311479001
-0.01952382777606774,0.04192543754769846,-0.03774603363402991,1.7787070285406237
-0.018300924129588385,0.06950142428891794,-0.04250518281170226,1.965197043619566
0.034244181300074276,-0.01237562032142183,0.02178118669168543,1.9326749471599798
-0.04041899617687192,0.009031255855754648,0.01038223243980266,1.840583233019611
-0.012634960604245972,0.022763818497615718,0.043224574113337376,1.857424995305003
-0.022450821268605564,0.00417539695163209,0.009092776426207804,1.7536865012961216
-0.011120120219086418,0.047317452029214294,0.015732055567402436,1.9055913314592543
0.004654848163762653,0.045786499015166085,0.04351197184459829,1.9197633637008211
-0.0218130059831578,0.05755581657016934,0.012470916049985663,1.8344412173462221
-0.010397084153691154,-0.011516135124864626,0.05470871687701416,1.8946531665768742
-0.054912117589710395,0.005627707006123279,0.03577441941911651,1.9328399994285625
-0.05723223796370528,0.007513834665679524,0.0519946258915074,1.8041614675731368
-0.010184279608552086,0.037193401214238773,0.005813397513676606,1.7059719834991889
-0.0059416762766397405,0.029284303932671753,0.02485785733520309,1.6884308828376768
0.010245312922677316,-0.008969839013357121,0.03981017240573306,1.6990049038349888
0.021179049103370647,0.0375101273101071,0.045325160355464036,1.792757341216487
0.0062316579578103855,0.0715694506135804,0.016859337504383263,1.8709345116745648
-0.02859159232493277,0.04416872212691073,0.05279647491269189,1.8665831800416046
0.06939023509481317,0.03929890022692115,0.07293399061595912,2.089539936676323
0.05870456277692606,0.07767859021744612,-0.013289019309732569,1.9414262918077452
0.012626182073471576,0.025535482667812644,0.018959641338507034,1.794826014529246
0.02069144361018258,-0.0027052922789958618,0.01812195685550917,1.81916500770177
0.029326429505726368,0.03520712222131267,-0.027932051078424735,1.7588262236529106
0.025269190975941113,0.01043492779178954,0.012961732921042034,1.729503960618029
0.009932314249095249,0.0009545465682501284,0.024218311915413,1.7900531735912046
0.037041288320490175,-0.005278113378355776,0.06809193179237123,2.0652072876240326
-0.04443194734811173,0.04956677132012858,0.06048795143983753,2.0161641091382823
-0.0586809437210572,0.041049747537280426,0.05079793481719236,2.007950548868779
-0.03819675998281651,0.061778693414558945,0.03677568885576688,1.8382101239475817
-0.047429908974537645,0.05334170849204523,0.032722390680931794,2.0138174100599917
-0.013993414642937577,0.05744045720016488,0.025784668766275963,1.7594190168741057
-0.031543543780631136,0.06633484125702419,0.04975796071011836,1.9672203356002589
0.03311646409413528,0.043793973996103554,0.06730647658727892,1.9906665453936652
-0.007145609958546076,0.03488793035254491,0.12819964196351688,2.3548718704197316
0.05968214934403682,0.02161023193419383,0.10985082734756353,2.285161122992116
0.025370193955032636,0.006961724589886717,0.06179787669726638,2.0437245381205584
-0.028558067332008295,0.007053093825489865,0.05793386360395146,1.9918302501574499
-0.007415780965981474,0.020629802687843157,0.07514878489836158,1.963357874674351
0.011037287656593578,-0.0015059960019460459,0.048149071812795215,1.9439177785749902
0.040744685627672125,0.0014249839890246177,0.1030929449901729,2.311637620284724
0.02270035720509877,0.03196791741941488,0.05858469120438377,2.051570037170785
-0.06664019434913833,0.008970591176528474,0.06299951631258591,2.1452860091915333
-0.006616461120623526,0.004448963654594585,0.054914472573441314,1.8953399787472427
0.0006210141321192699,0.012289054286096274,0.07342949469890343,1.9761921476857862
-0.03740697977570178,-0.0063761733553830335,0.11508663284207266,2.461666846750274
-0.07800413521930448,-0.010646026191893665,0.06439785076556837,2.3791573820552623
-0.011634725810876392,-4.228320885166568e-05,0.04215448918940044,2.031059790892366
-0.011182054922097243,0.018728059803015083,0.004365467117760117,1.8319636639157215
0.02916465142423011,0.034291295847030785,0.02759377177933163,1.9059297867279135
-0.0049241645281400785,0.01910138965748775,0.02018624269806669,1.8575258527585066
-0.042005567583046424,-0.003937580474679269,0.0005857759782348754,1.9438737310140835
0.01015289852777335,0.010219773441623678,0.04797240512982087,2.0072721288785846
-0.004078436432071998,-0.025028563356119804,0.04696113583687047,1.9744341744514966
-0.04837860023297593,-0.003774115140724586,0.0447759422128875,2.1372276091226428
-0.05406292683599284,0.009489056982768113,0.03560458072268184,2.2092931448461117
-0.08830553125613254,0.0312790899217164,0.030447744850906476,2.2108271740835077
-0.08093646507182797,0.027535225918481277,0.007192848756574628,2.1273532444568413
-0.04032125948053421,0.04654376928378604,0.009144170363579018,2.0014629747049018
-0.05761564741341552,0.02267130398302233,0.012251864176985322,2.0517885358028685
-0.025099584273519614,0.042071114762744326,0.02506281582944039,2.0235460612671075
-0.02514241463478961,0.04826087401038546,0.0244333816893668,2.001646049349082
-0.04726703601913011,0.04373820081151914,0.04140806914548913,2.2257529543409853
-0.05133386339479548,0.029472073799018214,0.03627518527967921,2.151098476820703
-0.06687620825808695,-0.005168014077965143,0.0889337825749927,2.4409405218915414
-0.04270496651046315,0.036898499284584434,0.06488005724591865,2.1457873077123404
-0.04691700034983152,0.04717132814788898,0.049895056871929605,2.047214979756355
-0.03801784604038942,0.005435064246991979,0.07018444173159007,2.129382918913464
-0.11512932075233309,-0.009230150784652426,0.06590224482879117,2.350960690821783
-0.09960639078016505,0.0018193960534496972,0.06570693505761814,2.2162887002080076
-0.0985752736302354,0.02381190498382814,-0.005496177157688259,2.0672339404238236
-0.014346818469315578,0.006662691046793084,0.005294691021508336,1.9020272381814516
-0.0530742183494893,0.013579690328781164,0.010630211377106092,1.9814398712307622
-0.036257109067130054,0.0003777152545018969,0.025863569861517968,2.085570467275998
-0.08336202132271622,0.03541070842896383,0.03029541466091866,2.1514158796439236
-0.057832709365666896,0.018284967809587445,0.023511343138997144,2.04058531659005
-0.041029730280559853,0.011813401231253995,0.05756686898117776,2.009400736628622
-0.022400649367821466,0.003965668505079964,0.06302260539406085,2.0568675892783257
-0.0855274370288711,0.026625768604366717,0.0672843372801884,2.1037394597215977
-0.055570735520327465,0.01268470598662457,0.059465946000670636,2.1629712945044393
-0.0335474657396152,0.02436603583935669,0.07458042620893308,2.09771808659086
-0.02833778951184695,0.0014303220429594864,0.09182785164700993,2.3014991139753778
-0.06428901067021774,-0.007574523026054952,0.07663832263767768,2.1076255585534027
-0.04168633182909565,-0.013758389609378164,0.09707627942106865,2.216807904013117
-0.08233058725808909,0.0012131003818489116,0.06749888282816552,2.145113718453329
-0.05762278435811218,-0.03080107101040762,0.08398657815348712,2.238018658748898
-0.09559089311168989,-0.004244630731508053,0.04222562466267383,2.185331606835465
-0.03868737726424034,0.01926368489619156,0.06060630760776804,2.1110194566852494
-0.07844098487529358,0.06347432459981531,0.05052312074506058,2.14821025329483
-0.041548519731243454,0.03212751827550152,0.03202543713669358,2.059856984938327
-0.0974039541178794,-0.030117633586310276,0.05155705164310076,2.2771418352232717
-0.08677897161747916,-0.008990661580456964,0.06732789886559305,2.41904451712256
-0.045752892005586035,-0.005181512052863308,0.09405276647460567,2.420716278276628
-0.03744112366180568,-0.034073015329149386,0.09240186677200687,2.244262506734757
-0.045228649983975015,0.031693544073570855,0.11594666268473851,2.462660715568593
-0.0430498470461058,0.03490141680153586,0.031182029560468158,2.1318241738567942
-0.12083415486950698,0.031968888372375714,0.008931708053183215,2.22837328757028
-0.14149629420576443,-0.03263133042789745,0.06663702567665103,2.6385616756383863
-0.14991424768248773,-0.028988107953199796,0.05350827911107435,2.5620934641852724
-0.11611840933599282,0.026941919329279064,0.04118026904417959,2.136781556684351
-0.14223485051344859,-3.398701804979012e-05,-0.007049343270969362,2.36004109406566
-0.07657453280819132,0.017309934724681543,0.0054455415986021695,2.103968629374013
-0.07194610493016212,-0.05916037129145884,0.10654761367814722,2.4342744812135644
-0.0788232184429288,-0.023667022248510382,0.06447970685819941,2.2902073838789723
-0.05164922693567931,-0.05677595920081567,0.052880780904698284,2.109156382931489
-0.027607347728221442,-0.07124778570237221,0.0358802555235723,2.182468292922031
-0.023567876372196903,-0.08743745191709061,0.07985078021877279,2.554424387593784
-0.11452373523626705,-0.09133000183723183,0.11265231877028856,2.8241509230519455
-0.08047096839443282,-0.10645578122942986,0.14324744399175598,3.024903280682385
-0.00513925371703622,-0.028295659381988112,0.09650353911683417,2.3311672319577648
-0.009245456192783158,-0.020234904185942364,0.13372498286210194,2.607165085843357
-0.06183455694273528,-0.011842801785863008,0.07004621918836391,2.2683618437137656
-0.053329203517393904,-0.0032877848675170085,0.0873027944426842,2.172882639532359
-0.0440926966403833,0.002689061203549374,0.0356161736857904,1.9423049013460405
-0.0665777862607448,-0.03178841315025006,0.061239827912837906,2.1373769788230743
-0.050353647210581706,0.013550183325477068,0.040749264301630415,2.0189064119011766
-0.04400474726752717,-0.030191719773884733,0.0802452377889133,2.321566314768468
-0.06231125428299892,0.0252876532009218,0.053620010691513974,2.002001716637579
-0.10046451863277697,0.018612833250874268,0.06286804970119601,2.180164724470169
-0.021569277274711605,0.019907268557320237,0.06765966787489032,2.0603526936085323
-0.013250472805993854,0.013264073165168727,0.06712925910515534,1.9468676584288351
-0.04613071835138867,-0.03913559968539465,0.10831498812272917,2.461601537518329
0.008330437098947307,-0.035239856856524254,0.07087153656830639,2.104232750656099
-0.05142760048325828,0.014362498345522005,0.03539965659148586,1.8723538706914558
-0.06825545622624643,-0.021110467206171515,0.05898722515838341,2.0007760403308383
-0.04435263932784694,-0.00182049549727937,0.050623255870319614,1.9473394671197686
-0.09970203562373477,-0.021972204689416942,0.05034511217846666,2.079834575898472
-0.044216116958936465,-0.02112621566666074,0.09965705007234162,2.2542914536336913
-0.0802398666699218,-0.006285479409456252,0.0921916233061536,2.4853096136694126
-0.067221564893459,0.009937926249851695,0.02957623670130512,2.029141528269185
-0.07092804959565739,0.016087429857641704,0.06083764989066825,2.1015978273271747
-0.04864162834896105,0.03207876719065215,0.048418919956296796,2.114408208021138
-0.040766312977248524,0.04526104646332035,0.04597083483670968,2.027555983015317
-0.035179144123068024,-0.009946766302199055,0.0570365380122925,2.1343437835502868
-0.10260668105516298,0.01695660997184623,0.02997962298168121,2.1113139245709593
-0.071967237562538,0.0323853160111083,0.07224986663790077,2.171244102687961
-0.06193588820135324,-0.022040889166812867,0.06556611610064585,2.3128810413294363
-0.044261407529161634,0.016220862291604108,0.02777393958259461,1.9390645789761147
-0.00956845652350678,0.0019066789066989852,0.0654045103822192,2.081879722212669
-0.0244783847249011,0.02130096193177027,0.07037340333260594,2.2143816774182956
0.033850393353443406,-0.03439844118862622,0.0801177223089865,2.1698386554829554
-0.021106937565274778,-0.03655464753939155,0.06364424617888101,2.109931005791679
-0.010443683980341156,0.016234724986152294,0.06739811876848201,2.056129459270175
-0.07272873371761937,0.03142963850137246,0.06094054736627332,2.1354663096265543
-0.07354738578881403,0.01335117993943617,0.05310955348221195,2.05359194274386
-0.04605916698209886,-0.0038058631593026557,0.07680726691465307,2.067589216611674
-0.014990124470769793,0.02413421479006686,0.11515852669132497,2.3299805274095147
-0.0385914415793672,0.0003769402647415769,0.05983741248413194,2.1731439966585793
0.009962425125441269,-0.019759676871027056,0.08579359841071638,2.1377331489235223
-0.006866958968457777,-0.0015875937295996134,0.08470842578321384,2.0554299456816882
-0.0027588762560411943,-0.031316864153792465,0.07029991867358654,2.1025632948050577
0.02276893461596013,-0.004717133825444893,0.0820622475670945,2.150769192567589
-0.04348220350657062,0.003260723610753405,0.06874970005069417,2.152929228602894
0.001898919544327317,0.0032190490689540884,0.08454692603571286,2.2649991186904965
0.05224700523856839,-0.0336742034020396,0.08061129386871564,2.308469325699582
-0.009406635912129572,0.005595950281698266,0.05217191041139983,2.067694247781886
-0.06247202403186286,-0.002062124222816158,0.036466514321535935,2.1632109275670572
-0.013072789578809856,-0.04295531658270303,0.060623260803650686,2.1762541944411034
-0.018930687281402257,-0.002342244416098805,0.07385620942351975,2.0887978238787914
-0.04704704608893571,0.019360320055684898,0.04866825168450533,2.132982298428843
-0.03074119571479203,0.023285568140515973,0.0372972898212124,1.990064254731395
-0.04315671819721865,0.013075535277108153,0.046172416969297816,2.158109495148606
-0.03075784627764898,-0.0077433666965521,0.05694619150204856,2.1072090752086714
-0.09699798236399644,0.008552263565300458,0.05254461801161225,2.2207149425887183
-0.056090622842487635,0.01100853245934752,0.0059710833747884315,1.9774340715304461
-0.1180667321078878,-0.013842826273715568,0.03455816302484595,2.2294008137854036
-0.07656606205476618,0.014556200572548608,-0.008426297609874293,1.9950694330438101
-0.12462827852232311,0.0020659354112722373,-0.010462897032081928,2.175480926855424
-0.11310334688323338,0.042180408514050347,0.007171127937575814,2.1913218015805795
-0.14377044400196323,0.018533859116161105,0.06119162192641439,2.5320181802293047
-0.0982262080317912,0.008868777861914895,0.05271351541511509,2.6172413309172153
-0.11300762789239448,-0.006954650232288585,0.06323791020688019,2.7170698067229453
-0.10193183847319778,0.006131959789952907,0.036716567576853376,2.525522183594295
-0.13983670235932266,0.019066331596816238,0.01968232070245309,2.524423695316118
-0.11270106292890295,-0.010516462718529348,0.050628950000822126,2.53809486833728
-0.12467731473151057,0.011999569368937745,0.028708242365238862,2.4039022160616232
-0.10890516385996625,0.003569155084177832,0.07387335233238661,2.49234850216423
-0.13951647473428602,0.010608599985902705,0.042474909872515176,2.711045958282405
-0.16432202289829131,0.01915118292335084,0.04979353253344468,2.7979121376775886
-0.13540483613713805,-0.015223399525529488,0.028213075051785025,2.567836038943683
-0.1436933467382855,-0.04725987158036358,0.07377712782790104,2.8261353755834353
-0.1218213065652725,-0.09371521207245431,0.06439234676441441,2.8937508277289345
-0.12809850495104405,-0.08490718046490445,0.10563232759702676,2.9887107190990916
-0.12308228648756332,-0.04226658140709338,0.10723236829369562,2.887859055773944
-0.09989502953671581,-0.024197545445425895,0.08023336079873336,2.56885458391416
-0.1245850681616609,0.00269355742738219,0.04273967449021264,2.5922337507868205
-0.1057622979386296,-0.006129472316477878,0.04468180009030047,2.410745908987925
-0.1115699091422052,0.018398055094930112,0.08358347242733925,2.536912693480475
-0.10108801659245563,0.032398464357967026,0.048785296531149415,2.462044406061184
-0.13056236571065813,0.03262040014952177,0.04873603616711902,2.6695906139224297
-0.11970368447354991,0.026120457926788344,0.07796407170208691,2.5856857405713147
-0.11230563650818348,0.0033571952729977766,0.107719598369649,2.616241371244133
-0.11498454218035481,-0.010260082659762651,0.1060057215253292,2.6401176500989556
-0.17384329214540556,-0.007936604170699073,0.11187716626027025,2.9382475673391037
-0.12633389492356878,-0.006307380040464883,0.0677480553882957,2.655816889603056
-0.11438883386511595,-0.012975878257304157,0.10340529104504897,2.637686047306279
-0.12354233179979238,0.026944791380342812,0.06942951774261386,2.666741257703928
-0.10672678148385993,0.0005927505001827573,0.03148358333344122,2.4470397841845837
-0.05734628794678978,-0.032569349979285095,0.02231708822261699,2.020115898004161
-0.05464947983853555,-0.027829798669474246,0.03058756968815936,2.0767696352763707
-0.08966061882958717,-0.06028153712070978,0.039055557946700806,2.254497409951208
-0.10398701789637162,-0.08683150040153811,0.09621474640884273,2.7295869232757513
-0.11957159961372436,-0.02547396986637318,0.08515186770195349,2.608526612500132
-0.16805835891261234,-0.042922073444284115,0.09418345564048292,3.1310878367032178
-0.11191085781157394,-0.04137702559053955,0.10323144758911311,2.7764952751875946
-0.10219432350412638,-0.06404242972688019,0.11422092885148111,2.96388986982621
-0.14387539930748397,-0.03716910901541798,0.1007807223609033,2.932833354584037
-0.11509242234439625,-0.06554669308080219,0.1157551217920951,2.9548268738374395
-0.1299321226279301,-0.035433839568648914,0.09892764706636689,2.7474126814623503
-0.14669054380717547,-0.036818462808044836,0.0700622667857141,2.818599490677306
-0.13751721667257008,-0.04629392046236585,0.09757621155980362,2.812349980064485
-0.15696512637162535,-0.004567329693176506,0.08448427508419075,2.8597089438142533
-0.09145912678354329,-0.036395690505494606,0.09752290154357947,2.6244519437556533
-0.12396256263725738,0.01918404298830417,0.016925465138376904,2.344087902916217
-0.04373530701299966,0.018895779837029936,0.04104046084305162,2.2115581528685793
-0.08386260633145902,-0.002464966686247353,0.020044465662144958,2.1640315304213775
-0.09158417651423889,-0.015144727045540601,0.03909591956026342,2.2742960563319703
-0.11253530509423916,0.01122236092021238,0.04943992863304764,2.2902419212399012
-0.1277483398642088,0.001619916210122633,0.014859592185214812,2.392269631336181
-0.1072125681885956,0.00534428052184699,0.01428693309988014,2.3098494907142326
-0.15801895318261214,-0.006575487241428309,0.03728238422410052,2.6806709865673852
-0.10384700910823307,0.017734342332557027,0.0402381435189584,2.400528923983373
-0.1471811856749099,-0.010607604533744064,0.0690301725391099,2.788811212040768
-0.16040551584990154,-0.007731322585149682,0.10303618572174908,3.087060449244162
-0.13172441370571417,-0.03399688466539086,0.05326717480344778,2.727565398013835
-0.1420559221199064,-0.04636416626270636,0.06421410243813615,2.722554250669615
-0.11723836043303532,-0.03228773565533955,0.07028413553492811,2.65086488977446
-0.15259674212431712,0.01891970495979931,0.040214818932992835,2.7811827905472475
-0.13509314551426,-0.012737827997591615,0.042721243360608334,2.645599131927231
-0.1560865258699801,0.05559581722961737,-0.010045820007195557,2.6033972497330278
-0.15907180651814046,0.0074756820357033075,0.03054117940389622,2.7463521777368216
-0.1840075257728871,0.025074803967042383,0.04868616253208258,2.932532554090723
-0.13641005399819417,-0.003042036919090169,0.03237622118428926,2.501247443327849
-0.13158738856981206,-0.006266942800509248,0.05982067508310763,2.5508937158522054
-0.07930883342546521,-0.012826410829758956,0.0678846028070393,2.35048822260328
-0.11158984626033604,0.026370748910198468,0.030782023861857834,2.2959626319115585
-0.19129053449137182,-0.010310812862897924,0.03651550774131532,2.7481131319839114
-0.1562783425900364,0.0034679815459376824,0.06092062309068992,2.7752248047230212
-0.13983861250251986,-0.005417853396835913,0.02618702441873637,2.5278966681908095
-0.1246259084257385,0.03378869762868022,0.0026164453962865134,2.297518964984993
-0.13641483159010206,0.021259628062238838,0.03106662659977828,2.547143872599241
-0.1795211055870847,0.011666618932168875,0.03720499291110105,2.750995505172492
-0.1854259810960248,0.039869141175439014,0.05255320601459693,2.8751497347981756
-0.16814893652797613,0.024769459995766616,0.05894826903668039,2.746922531800602
-0.14902015020169143,0.0038465089597622907,0.021773922112397603,2.463915260683475
-0.2024548421244675,0.009676808541660375,0.0340303505227954,2.7889202214359776
-0.146730815482126,-0.02290272103604766,0.11456787437680083,2.9547793610108126
-0.14622880073458994,-0.002073815288831517,0.09858511966214782,2.9100983200823456
-0.15064753325184335,-0.018275856298219893,0.08844608592999069,2.822553279305402
-0.11638388156087401,-0.04898859070269854,0.11129118966151974,2.79234675422393
-0.12645013400354183,-0.0017032781086181185,0.06634085945726594,2.5646212243863804
-0.16022669659627706,-0.023829908085193335,0.12889588864099583,3.070375410557879
-0.19158533506930955,-0.05622828765255121,0.10870447938646495,3.1410180783153403
-0.18928347930825903,-0.06183457227590279,0.07523274399515784,3.212329641476998
-0.19748550956886604,-0.007634931434483584,0.06254384460651972,3.041832767001019
-0.19471231149958784,-0.07236019844962853,0.08882814222741589,3.3197439654767065
-0.1578104123243227,-0.06728249515823255,0.08586409953128582,2.9427072538323715
-0.1464899863612683,-0.0651152673527361,0.09160493014107786,3.0186248395525346
-0.18674553801154956,-0.05269219716827765,0.0949764608791151,3.2484124400078733
-0.14922228332334114,-0.05644670447397421,0.14211276771674075,3.1531089419388403
-0.17857875554798458,-0.03615974170930195,0.14680806707490643,3.38483332193672
-0.13788445723797307,-0.011048761194770164,0.13147745812819314,3.0414634673277074
-0.11383535658873233,-0.035413824220770045,0.1242503040541781,2.848188281704811
-0.11602216554133862,-0.07945312510352795,0.07992451596733574,2.869229824823141
-0.1433321103660177,-0.036118385865319694,0.1114019880366093,2.98669591603106
-0.10214758833740119,-0.020970221161082683,0.13508302100762112,2.9207568126895964
-0.12597930738205032,-0.04506621169315815,0.08591297761889341,2.846521099504224
-0.130594127443246,-0.009037438201213567,0.07014209901429373,2.7611086552228206
-0.12210076609453567,-0.03387437070441339,0.0966143625001596,2.772046887996658
-0.13313681874807518,-0.0723024261494882,0.11564996406338511,2.9636823630670457
-0.1611992404996408,-0.023180642406837135,0.12523577928842683,3.17543880226874
-0.14593492835020075,-0.02462676936137854,0.06558856141615592,2.6915774959313534
-0.18479643462577194,0.03172940312457957,0.02185690765332476,2.8336904284930386
-0.11842377484190067,0.009096851918820701,0.07552121560831151,2.7321056867807902
-0.21139896890063117,0.02747207633418311,0.046967838344583276,3.092100933556085
-0.20451325682508043,0.024927705106556612,0.10364030458781916,3.2916533069195006
-0.19626135380570608,0.006652677590854784,0.09923215286754167,3.232108559983847
-0.18174420696318902,0.0372319117885432,0.08795379668950155,3.251521879287463
-0.20482572062346793,0.058101579343849005,0.07071199134031138,3.256754051877793
-0.24089289298022026,0.05936485811896967,0.07680636123703825,3.434602589803479
-0.2521038524894638,0.04496770149722769,0.07608146474649022,3.5944993807567958
-0.1734043587788766,0.015031157658788284,0.09121234379970823,3.263639246206189
-0.1338148036498103,0.026447851981707897,0.06122645774810684,2.7821494563612235
-0.14870248621104198,0.025420668269301505,0.049432418828883794,2.8145937342023544
-0.15228776346270786,0.012124164438846825,0.08389996568157806,2.8092905591733053
-0.14987886022306132,0.051514002129628034,0.06103300308835157,2.7817752047032194
-0.13430531906994678,0.028301916071721816,0.05886958170641962,2.6063882343804967
-0.12492445593073608,0.04677592005766626,0.05670367666843217,2.5912937808460508
-0.13458046837966342,-0.02458109330527503,0.09364906493673289,2.7908357771698946
-0.1150217538924211,0.06745731330242091,0.06361095615550319,2.443421454250938
-0.10243810514179147,0.05544771516994363,0.0615084353319117,2.4474074385690945
-0.10151083540306408,0.05314118892794663,0.059909673791987715,2.6148410855533673
-0.1434886732524766,0.05285912674395377,0.08206046687443418,2.7624573780371766
-0.12389207874085519,0.03347119982286713,0.03714631140696034,2.3950269080878943
-0.16204219298939326,0.010323983411464949,0.0591646525060291,2.7789693201883208
-0.12659161616699416,0.012021374309787282,0.03585187182261797,2.4888910754745166
-0.1026433629318981,0.016957847739435237,0.08968337260722578,2.8127678491213355
-0.13629560535098795,0.02816275665134378,0.08258706410723697,2.7702947758952052
-0.2230049351140405,0.018034316719468466,0.10973152018043322,3.5031396174492064
-0.21458016007593245,0.04207399259562782,0.07555449203249082,3.2880315197965833
-0.17827421113475353,-0.04291319435279909,0.15620235868568516,3.458677466636731
-0.23167321541561878,0.007559589051005736,0.08811800721230083,3.4144632121874907
-0.19511880332973866,-0.04126472504408574,0.12980888723284603,3.4290361713218624
-0.20436885354744036,-0.016627319426456805,0.11689227852617326,3.46892699121879
-0.2295745155561605,0.027991519712725156,0.06319921451981249,3.2792129453951007
-0.174826186694276,0.04276887486608261,0.054273462546770145,2.977652260017737
-0.20256816232749134,0.0108641101290066,0.10214727357239124,3.306220964035557
-0.18033078476137274,0.018029560293149883,0.05978098909184951,2.9802641903118925
-0.1274903692502338,0.024008620907298,0.05067659964464055,2.7097695017436774
-0.1733099259136799,0.0008365966881908501,0.07727274108045415,2.987633577936633
-0.11151844149154715,-0.035155183424740215,0.09071286227342454,2.8070329169076627
-0.13683770286625074,-0.03403930385933948,0.08928289176818173,2.8873003516899503
-0.1891197491854285,0.029503697872411888,0.07738740380987057,3.1630639605776047
-0.1608358077545203,0.02118222155165855,0.10791777518908596,3.054508226203579
-0.21260245353216678,-0.00747318899019151,0.08617507580306534,3.280294931838061
-0.18841925055599348,-0.010819141232164656,0.0776115210415985,2.9893634980020316
-0.20892843946501422,-0.0521644948541014,0.09011481600507348,3.261844899678351
-0.14818981971854572,0.00364718201402499,0.07977989488913971,2.9382952869291152
-0.19736371470880723,-0.0017656534692099659,0.03809721381289632,3.0974451416144086
-0.2157747167582635,0.05302931975441361,0.04602284034224105,3.2069777890346716
-0.2465393713651558,0.05100609603087658,0.10979730262865488,3.528746428033342
-0.18908466871929297,-0.011998854383423128,0.08601690841178748,3.1889547026469347
-0.18971601434546342,-6.1328874692670555e-06,0.08489606978480635,3.045859605369579
-0.1371430107937094,0.03777450227863711,0.029428098731443256,2.5296101537566957
-0.14574108765575694,0.016464451778564544,0.020990331385270185,2.5144601854191473
-0.1562741226310916,-0.003091484598537297,0.012634225416584715,2.6096783556548284
-0.18609583747291858,0.044577753852873186,0.019346293079989772,2.8683600429506075
-0.17322837348677683,0.00786076983636457,0.07651407404597142,2.973855525273276
-0.23642385937626842,-0.0013785422837993384,0.0974500759758483,3.5767689426222375
-0.22697918581813664,0.01071342746711492,0.06384814192595877,3.3038705225743286
-0.1835574146861033,0.034314867228820475,0.08504628955585848,3.03873724666282
-0.2546571660311575,-0.01992988981772404,0.08411596567943566,3.631333652458426
-0.2543225716711416,-0.012932464851907752,0.0472689975338665,3.451164524977005
-0.1798074514727263,-0.019595302139423017,0.06499897802587454,3.0342164887265923
-0.18537751393777663,-0.020614178245996585,0.1260510950861306,3.227579787367194
-0.1835379746079796,0.013730720175513283,0.007437907491843244,2.759683553652201
-0.20578632443875414,-0.0024442112611352852,0.05362669322129282,3.0729811155888482
-0.22304687681374336,-0.011617471015686557,0.03623958703297377,3.334202409607042
-0.18848163046748762,0.008204258219454351,0.0499299855322886,2.9977234602705516
-0.20421048542692008,-0.0237725796020387,0.07777522236173984,3.314889939809751
-0.1876990147995611,0.0017612007033857122,0.044234906271432055,2.7749950006724156
-0.1946655515817082,0.019424381993599398,0.01344191508867706,2.857395325695206
-0.16564332243928745,0.004153416360230799,0.05348380859514293,2.698337790749438
-0.1783343141538236,0.042034127607072404,0.04215449655307374,2.9327661307121073
-0.21579868975545113,0.03173586583860699,0.04929858530554065,3.165813132913159
-0.12438115352375083,0.012129811150019496,0.07073680954985562,2.8121375251345206
-0.18675463334834266,0.021205658267343653,0.07873773155362615,2.956545025175043
-0.15876146510282374,0.017351099275364518,0.07311237935950121,2.901386743150993
-0.18076114558745626,0.03269108769245846,0.06756534811628297,3.0746700906606845
-0.20110774125454275,0.05861803876958997,0.05696629174502553,3.2773915649863974
-0.25528609296788074,0.008117977633328156,0.07897914321995997,3.684875154238645
-0.1610420169027949,0.008577085282263282,0.0846912974240441,2.9975388767632865
-0.199055488680836,0.0026232395328678456,0.10878910565503104,3.2155304236806654
-0.19566543674412962,0.016297271091488694,0.06060876487590001,3.0986002903634478
-0.15897683242355615,0.017127378234405667,0.05656784460195711,2.7025078961482314
-0.17187760311141023,0.03490935600138213,0.11707155965874695,2.932913001550307
-0.14318057296890244,-0.03035446231376818,0.06327130081119349,2.639467670784024
-0.15386568225937333,-0.017177425626332895,0.09239398661183976,2.8635282618214215
-0.13720842918689816,-0.047840901533319505,0.07829360356654008,2.8264728341775247
-0.15577617684560888,-0.010749737661030035,0.08823706535419455,2.956158753033914
-0.1261620271294845,-0.025975155999117334,0.10250426994647117,2.766194019503032
-0.15619204330372832,-0.003011410499541761,0.04747051599963843,2.805359785097891
-0.17645516358320537,0.053709935199995555,0.06550296239133856,2.88172015299446
-0.2108769780011159,0.005212899792863756,0.03076138626517348,3.010651265351689
-0.2242927882756312,-0.0014082892362225054,0.0544308262663308,3.2079490665695642
-0.2234370979776299,0.01990825279698217,-0.0225339059661709,2.963511531473463
-0.1992028369277114,0.03673438132312834,-0.026245097256754644,2.8474654538401625
-0.23869568480276965,-0.016158807079356838,0.01772888372409383,3.1544244878408993
-0.2069087895704347,0.02144984658836382,0.05506984333850592,3.1426830625548043
-0.1872108542409902,0.027835091911736557,0.06983713160664158,3.110925290894586
-0.1649068125509593,-0.03031393512079026,0.0600735362597058,2.813269322390994
-0.16455553327543854,0.025510952866488214,0.08097607965601815,2.897504770588121
-0.11321701210756607,-0.00038698854150727213,0.058633058124694645,2.5626422533028435
-0.175757159480344,0.013859998155980963,0.049965284814183074,2.7995854521238748
-0.1682231997775512,0.026036651019496825,0.07353156151634226,2.7961320399349305
-0.1547354959400706,0.01628069249338584,0.04211327419274597,2.719783169363327
-0.19482098405417383,-0.010347650708460148,0.04672810452962635,2.948643059989618
-0.21064058818661344,0.010222963067701778,0.0639158206217418,3.130608556021238
-0.23013217787355936,-0.005676875303565336,0.05191069264091677,3.2508452177126506
-0.17684641527115272,0.0058621403528203815,0.04776491229595653,2.9211195563152366
-0.1640720210305636,0.0013519897769936552,0.06628215831367228,2.8809612202229853
-0.16449670977685849,-0.02416054733071191,0.06578056579554456,3.0348917901831216
-0.1631576925535415,0.024100487095964712,0.039441394135102156,2.6995691297040345
-0.14063667109701636,0.024844489707502845,0.0004632705884869867,2.575480923927208
-0.17694988110333726,-0.019306095649651533,0.06332976668183916,2.874787273073488
-0.13717234306817733,-0.02103499336256619,0.057588436194214214,2.7133144473074116
-0.16892535125768418,0.017482319894058372,0.040275561840923985,2.7587818000148396
-0.17763805984321532,-0.0019153798930734171,0.05396748246917609,2.8794303495277567
-0.1858433825130961,-0.004516366332441432,0.045835308135345,2.8725383948004373
-0.18115482515376596,0.014095796541993767,0.024302386190703965,2.7848258140744053
-0.15855933351017204,0.04071384828824555,0.02849679262347175,2.726887749188037
-0.18858189025228117,-8.262542917073334e-05,0.011406005377851204,2.8986856189208243
-0.15552268299538763,-0.012573016221618893,0.050552410936067466,2.7647033757587827
-0.161978597764284,-0.0057288982908821826,0.01013493284510964,2.7210150769200894
-0.12807780141195194,0.014836111615745277,0.021179614772130623,2.433594099227818
-0.15170044400895485,-0.003468554001292675,0.04244273376458705,2.6601771506706906
-0.1867049175458798,-0.007600466487763854,0.038099785055751796,2.809182848946111
-0.16512411396090512,-0.03997265532535998,0.09847912326819243,2.9908066295992026
-0.2196123967040116,-0.04651876550203565,0.06745979507987417,3.24033390564066
-0.16947015730828016,-0.0380219679930649,0.07510201274102185,2.9044720406939106
-0.18546438513341226,-0.006411376060944055,0.08167351552167985,2.9693991165213824
-0.14651948502090767,-0.0031923558726310633,0.05405712900210742,2.6671110916221226
-0.14295322639573535,-0.03843319162521301,0.07260457189561538,2.706714345709103
-0.12739425863507997,-0.05867500032093989,0.05527111163554842,2.665176754813611
-0.1255551936711222,-0.034979441035480924,0.08622739478035617,2.7171848050880403
-0.20744588286335938,-0.05639695380257876,0.13262106989828007,3.4728014915506775
-0.12845559705171217,-0.03323222641576363,0.0998487760423933,2.722430800954138
-0.17387557267079795,-0.01904062591537555,0.08485532292599095,2.99802844077463
-0.1856497477360962,0.004101970021661024,0.0360625492250215,2.936910775687167
-0.1614725009552676,0.013084470569852041,0.03832863767676534,2.7525232404448876
-0.16588003037345855,0.022667891237288542,0.05358391346201619,2.7324432571772705
-0.16705693227094592,-0.009095893868113276,0.07473104959047666,2.9604812040547475
-0.1524168190572225,-0.03616069942637068,0.0755875395169811,2.7566276556380886
-0.11387779608056718,-0.011418537641057236,0.10279606283341802,2.7504166260966336
-0.11443388338075303,-0.04158194510186059,0.11691766555035148,2.746542718971665
-0.0811082741123272,-0.007393121386879626,0.08497664085563182,2.480110657748007
-0.11505257749168439,0.04176154581109064,0.06782084245748976,2.702580031439793
-0.16091985316478663,0.02924865913521624,0.0498860942185528,2.694176754941882
-0.17547508880367285,0.010690017286345499,0.05917474647181514,2.9045296582610356
-0.2053846204860774,0.04348001072932733,0.10907939052450176,3.160115131111156
-0.1342336940310688,-0.0064950238968950694,0.07863704969385092,2.867838489079171
-0.0844346584527412,0.030627073795137186,0.09132686507702077,2.3931994695923993
-0.14458317798207937,-0.00645872969861492,0.09130206486045518,2.881594133985119
-0.1187431745799922,0.02101214764872779,0.08923357260723752,2.790132057479519
-0.13672951210927073,0.012303849799147906,0.05152727911136592,2.564767748909965
-0.11602448419414875,0.02152809370064094,0.034606422942324896,2.3332737542508077
-0.19132131457811682,0.003824494061103894,0.06374876319538976,3.0640591607218037
-0.09012793619706139,0.023758684493464077,0.022248963527084328,2.3131141384121845
-0.09061897279729164,-0.0060584495965943265,-0.003478883524907602,2.1163036402750035
-0.14932425253742546,0.02952828424266224,0.051424435312734204,2.6733921170342816
-0.14739563209195003,-0.015508034695187904,0.05460892443859294,2.622569004823522
-0.08245718897729275,0.014742780767723581,0.005506694918844662,2.255447588598723
-0.11814166131604775,-0.0038144373929560244,0.0321154810963697,2.4011289620429577
-0.06854737566375671,0.013096127804090982,0.09594199940638035,2.4461867299926303
-0.1396859149821539,0.00376695493557837,0.09329382996962915,2.9346330312116407
-0.12883427469326084,-0.019583262296558195,0.08839833207616439,2.8644101422561565
-0.07855244013338969,0.01915202483347179,0.0645327814798943,2.3420954500540314
-0.11633571490672204,-0.011748141283719456,0.07263703123143604,2.8112790392163745
-0.12772037127381863,-0.014363432031477231,0.07085835343929547,2.6137031903279486
-0.08997411965029527,-0.03630307138693678,0.05708647305902584,2.574438220755503
-0.16885308139334274,-0.01251178543802757,0.06300950981731372,2.78316983668904
-0.10693591700163332,0.02279538944313809,0.08552371668325295,2.5284387467642975
-0.09120095161579396,-0.021075166202951995,0.08914670202361451,2.452388232615371
-0.03973090492767653,0.009172928797618054,0.058620319549302746,2.1527804789461675
-0.09800347055645155,-0.0031721486869411286,0.08516975021071366,2.5724247399425813
-0.12639518109603814,-0.006228404105553122,0.06619448074307831,2.623251678145093
-0.13449304977105556,-0.0037577699921462265,0.06060945948565256,2.561911753320132
-0.13734620579163087,0.029594632948231923,0.05999698838234558,2.581396075117297
-0.15000160172732943,-0.008772040422171888,0.050516362263077964,2.578419556284849
-0.06794592028542881,0.020853750637598496,0.07171609592092035,2.4605721284985465
-0.09468750812686233,-0.0006146314850785733,0.05980947277400713,2.318834825320709
-0.0885156539922739,-0.038254075093189656,0.05905931858048979,2.3720677676188577
-0.0938321471743977,0.01328089260735843,0.08705171641493013,2.4621971643128675
-0.09247059954791252,0.025582911545582586,0.04496823801709795,2.3204857640221146
-0.12631730640025085,0.01239486462689384,0.09246330784832604,2.835948072382209
-0.13901873379154345,0.0051283892048748,0.06347791910696039,2.7554212237297353
-0.05614351108034452,-0.03302859575409899,0.07195726518351087,2.4005318907941353
-0.06245960738832046,-0.016712242637687273,0.0519230905021406,2.280753648665611
-0.08046059423169513,-0.058480183803456605,0.05693658525917047,2.3335255221305933
-0.07759113316145735,0.01016635636961305,0.05460721128746705,2.216140124609174
-0.1355817948065233,0.009352114356988449,-0.0030543480023638514,2.3372566025106565
-0.06454114824407227,0.01789444005590206,-0.029208996758356524,1.9754261004370233
-0.1066540204505944,-0.01825729393621481,-0.02850155159953615,2.0572158853096782
-0.1087329080308169,0.018194667104262752,-0.052707194683345435,2.1182108501809966
-0.1163761540069985,0.03002642978627806,-0.02739894244284819,2.1383711760171287
-0.09329909071093405,0.03033720766551224,-0.04071526964303873,2.0401007956673896
-0.09090034287344492,0.026215563856804628,-0.0051635073233137615,2.0825897919846637
-0.0915151739823048,0.027677639844624617,0.022088288788811885,2.09105416357626
-0.12293035987337972,-0.011298137194781803,0.048062393495136434,2.273206274485318
-0.07572635346890519,-0.010156907398853719,0.040316781364492585,2.1695321523261786
-0.09077366867210716,0.011506835334496498,0.029314972885952615,2.173554172301738
-0.1370059294584718,-0.0025322571371233175,0.06563900707684005,2.528250837051048
-0.17678192969266115,-0.013898818714022857,0.04331824979148408,2.824805446168415
-0.09519118275929349,0.0020752081326241255,0.05073097162359437,2.4594827908242523
-0.1370872980412341,-0.030084035271079942,0.12250724580239104,2.9150242466256664
-0.07678551230894672,-0.06640953237353282,0.10828409281377856,2.5840780125369194
-0.1437409475521606,-0.03563729732817603,0.092840800626811,2.818699709704593
-0.1886464235500279,-0.04734736434230798,0.11659372112137069,3.3070287658718596
-0.17189462134864295,-0.03511100505760282,0.10683690952821681,3.1695614101057132
-0.20786304494955132,-0.03451714782531164,0.09720191480866648,3.2107409195809202
-0.1702490569541278,-0.003552589814347625,0.07899517008456887,2.9776886532647158
-0.18023985232436152,0.010828400349304396,0.10857331954760367,3.2035009628053994
-0.12300008090071318,-0.014102694600836928,0.09685831682851662,2.794220495239037
-0.1516232291536324,0.03887385376473857,0.0931604095764295,2.9135655636405344
-0.08556953628541748,-0.012102646105282609,0.12856905137423646,2.8696579869538286
-0.0915786163634112,0.02081754522852673,0.0843222264827928,2.5100530171739863
-0.07766600265937476,-0.006326978438022625,0.10285892304049891,2.53164198008017
-0.10255715007018186,-0.007161022863326898,0.0836215325225962,2.7429433993678383
-0.09065502155525325,-0.029530848408113927,0.10063227692002658,2.7131243148972715
-0.06832838255168633,-0.014812201103108233,0.07332738021138131,2.6546337697486106
-0.1266825718039826,-0.020802889721581234,0.07509868802024296,2.6770037843647905
-0.10550099239422635,-0.054296123424007955,0.0916270791205212,2.7500569948930225
-0.05164220951923075,-0.061627697358126426,0.09021755510322792,2.676462650663672
-0.03222545143301707,-0.05482125676332517,0.08533320072990908,2.6027941328972912
-0.09441429616238081,-0.02515611858805694,0.06955119828595392,2.5343738573529926
-0.13800850899552755,-0.041658687080187384,0.11979949217607325,3.0545023328356335
-0.19271724237304927,-0.05530438761420127,0.09439684232259576,3.4112179844508597
-0.12756856533930688,-0.012928211358170683,0.11303671842976891,2.827685691858716
-0.09844239752601398,-0.01872619781657411,0.120876116706486,2.935608229375647
-0.12723582003543968,-0.047701177504232174,0.10508058619193646,2.779102980437074
-0.12548587084971735,-0.01674214159047077,0.07856173825438094,2.7848711843158505
-0.1760073670823711,-0.01420896154488422,0.09046494384072572,3.187269879526998
-0.1283088277811808,-0.03201749384069253,0.11315028530846905,3.111442498489894
-0.13572889677612815,-0.019620053349252358,0.11353222623889825,2.9457367189643033
-0.1864932121933002,-0.03305939215092627,0.10390375111056267,3.1453085457067584
-0.1202083886337386,0.0010117692487995938,0.04323201385374684,2.4736085631196993
-0.12748114587757534,0.003949964656091611,0.0413784941450524,2.4582856644626423
-0.14722247150271028,0.03190386152820553,0.01745120067624352,2.5469002146398125
-0.11620465908876804,0.05626971665193652,0.022960393617471965,2.2950718729032107
-0.12278955541378955,0.06292218140373171,0.039372414355466324,2.411605926320389
-0.15894955638566965,0.07239828518249504,0.03632984630029608,2.681440068381087
-0.10816999957532578,-0.000744263719105383,0.05793751019577682,2.4503162136032794
-0.12587812940338935,0.0002239883369250051,0.057674883538005824,2.501778749637268
-0.14567052621593726,0.045925788108880795,0.024155579670381046,2.5261346620688068
-0.09570760284292214,0.0025398566922949944,0.03816449542528272,2.127991805086404
-0.09810141236379455,0.014800410829855594,0.021663017511472458,2.4375042245869465
-0.17015549939901742,0.03271354157447313,0.006636690787008606,2.710956439854932
-0.1141258557991818,0.052338061040981994,-0.028852285115118916,2.4151681835246737
-0.06231979683850463,0.0015153667094072202,0.024188851839338422,2.3616129195006073
-0.11672826167564485,0.010161084684573626,0.01202954257573463,2.314776857294921
-0.0706844786161998,-0.007048304472763971,0.019539561944425632,2.3224479559419784
-0.06108264498836216,-0.01691159092820564,0.05420212401222588,2.2650808692034574
-0.14736980191508836,-0.01822604811623516,0.027622032252262337,2.747531256396479
-0.11909129083821825,-0.02627674159568817,0.010715009461084644,2.405405254402363
-0.10643210512304171,0.0013507857622861118,0.0692594530387832,2.5502976419030325
-0.12444599447520771,-0.05513573977741993,0.06799807882027151,2.6916838585032297
-0.10171492963964969,0.017566768578911037,0.08392381681709633,2.471968390210119
-0.1371402038369968,-0.023044069918997954,0.11180102479243517,2.879059659767631
-0.09774708644769935,-0.042120412757332824,0.051753065000120314,2.4625286214185804
-0.08026686768599586,-0.00459450903756989,0.045546429781132595,2.256420548167201
-0.09530615131580111,-0.02977913759123253,0.019727795507921496,2.4424239518089172
-0.09193292917708965,0.0023598802664814337,0.04630166455779565,2.357296352877495
-0.06890286870234141,-0.020151711927627148,0.08104607046435931,2.4869754271130127
-0.047236655939708216,-0.012495382495605566,0.04924223942000172,2.2063567144305316
-0.05470192042946311,-0.030236854496982303,0.02644617873700335,2.2432019089818165
-0.14722459277103717,-0.060582201437386254,0.028293164557580037,2.810270534519004
-0.09972487214747539,-0.04845148261178162,0.09910717024805633,2.7898599941609117
-0.10881424584058319,-0.03414022543796002,0.08125047727456428,2.665759428752833
-0.14666823830933368,-0.040480184726613376,0.08900253376529797,2.9590398304969927
-0.1009505454659761,-0.043795530481701095,0.09095720537129151,2.8973652748278886
-0.09117657284883232,-0.017793460120912326,0.11201978682021922,2.8272386412873463
-0.07860829850412601,-0.07961175479608032,0.13034997939831042,3.1820120021571308
-0.13292793646230913,-0.06119658598652251,0.1601893002271614,3.411668699399544
-0.1386022534943262,-0.05596135089568253,0.15141803414957752,3.3231535628507864
-0.18245392981086375,-0.04573226647337704,0.10637545548675838,3.247730526129535
-0.13147606678980328,-0.06909173133469527,0.1406661404504616,3.3015270575570748
-0.17971350473484102,-0.06425798889733113,0.11123699021185628,3.3121152213616742
-0.16704384242320047,-0.06262037063999429,0.116412993702724,3.255808840703108
-0.09501574115270224,-0.025296999712819238,0.041893646829168255,2.335950985382314
-0.11306508489285179,-0.08689910773040084,0.07786432019697068,2.812210949427335
-0.16319775109424461,-0.0717467528879604,0.04278679257122908,2.90894556670452
-0.09816280023317409,-0.06558761220406736,0.10935485729569354,2.7199275186740595
-0.14567544817195296,-0.061143280091582736,0.08312473348227925,2.6881647165483327
-0.1330317506816864,-0.06532305138452475,0.12109172514447,3.203748934870722
-0.1579235342465929,-0.01744339023922897,0.10951536983372462,3.0496088238775636
-0.12376708373788213,-0.027300070378354857,0.09717628175748344,2.872378733971578
-0.1243171258685196,-0.0010165675588763058,0.06426540594757466,2.7233126136984827
-0.16533742288139305,-0.056423042982810624,0.11528880949733845,3.129226261586716
-0.11954700992872873,-0.029232484587327523,0.07131928505716213,2.8159810490752255
-0.13839229919061682,-0.04521228401679751,0.12447405583202345,3.2173106206388375
-0.1272118966410515,-0.05767186794937708,0.08274032553501286,2.946221734463159
-0.1150855676358075,-0.023987374054461868,0.05871950935313336,2.6476841790887384
-0.1030480082081013,-0.024622136963913903,0.06112962116066672,2.6465453211450574
-0.08981894465443442,-0.050368292692200174,0.06070903934890559,2.7445420731481933
-0.061118646082437667,-0.04804585932596483,0.09464884604319677,2.8438497949686368
-0.10223914549669498,-0.026390492651347807,0.09370991063854739,2.9037582211847512
-0.11498578602399737,-0.09251145221834317,0.1668020471606079,3.651419167829901
-0.11408694710422457,-0.08541342180533808,0.15053663731957895,3.424807919788874
-0.14775220404056322,-0.053094797827638054,0.13485468922494395,3.5434235457159073
-0.1805132340937732,0.017473623073039835,0.13117866217630347,3.527923021465541
-0.13899442578441465,-0.028449139117961975,0.1557618383086953,3.6823451808816925
-0.10267978608454044,-0.05383959937074114,0.1659292250442289,3.454842535572805
-0.15398078355345432,-0.027926511072602973,0.09614289409687125,3.060726839620957
-0.10231190791449696,-0.07844712485714816,0.11077657702343122,3.1924669680990503
-0.11015928992483787,-0.04830256292899564,0.11890026259693622,3.1747777407141844
-0.14084469588115922,-0.0728208985740071,0.11679457461791924,3.2532268120989714
-0.050511711597881225,-0.028533488038826056,0.10648305292437452,2.934788955588428
-0.11877976834847374,-0.059543499994444395,0.07552409736073376,3.084126474320599
-0.1045902758339915,-0.003037526076334848,0.08060561217267086,3.079245634223424
-0.14570311255548304,-0.04662646292275697,0.10867679556060865,3.1246799783315384
-0.08749344173366484,-0.1185575020653334,0.11770153151829033,3.341101263915542
-0.07066687722664873,-0.08660475000693467,0.12559470752607207,3.1830249451166153
-0.08186840389990248,-0.1023444053967483,0.14354082043849017,3.2918052281061354
-0.12233266659941182,-0.07894753045893423,0.07090020890711213,2.9847493945236265
-0.07676644106909153,-0.07614299688617815,0.10865229439536342,3.15121290578845
-0.011067659139324027,-0.08032743206394043,0.09603040119469221,2.7071258813246595
-0.10220920289306118,-0.061987185232070585,0.08095357418889186,2.9153356862061153
-0.07219969248023204,-0.05899687750145624,0.09376668923985691,2.9106797564868545
-0.12882773679684917,-0.04892357571981038,0.08992949756090246,2.9961654026770073
-0.0970308510447792,-0.041758247678872824,0.09490621500675278,2.841396928237339
-0.11238980146275337,-0.0219074307174126,0.06453641459422531,2.7847491301118334
-0.2041384794295718,-0.05553705371341517,0.08721524496899845,3.3323511504757093
-0.17310449750440196,-0.02997973487313756,0.04088772192682448,2.9195832578235352
-0.1517784438968069,-0.01591378834276451,0.1073412606669429,3.017756126386379
-0.11140651956070471,0.0356854158804851,0.09234391422761118,2.696521196815481
-0.086529467512141,-0.03258447381161622,0.06820294796244333,2.7534860010659328
-0.10655267522777967,-0.03828910069303948,0.04528201012539893,2.736747041342216
-0.07851024437497721,-0.005846773421082573,0.04348460653550931,2.4509207833196376
-0.09371720435441781,0.005950981047762941,0.006219960568681522,2.2790999592421604
-0.10118745012567511,-0.006342960401611077,-0.0001278800116710091,2.385373476042393
-0.09213982053546159,-0.062325133798642844,0.010742477192587523,2.380267126378021
-0.10359175657166418,-0.07302641904207759,0.030771787443542434,2.616124698491193
-0.10114424502541687,0.012322552981736975,0.024907992352981252,2.4661997660094177
-0.13616072730635598,-0.026674412780450758,0.02215144706352254,2.7523885483869783
-0.09649197542468613,-0.0270385284860667,0.05439474156405999,2.7666659179763955
-0.08671153189413255,-0.013401791060859699,0.047378614619794014,2.5176622571907843
-0.11863941820690667,-0.029134090134490403,0.05524310722697644,2.733335990246935
-0.11352238612745925,-0.009809487147416831,0.049709737287554956,2.587624256812852
-0.11471224186366868,0.029898947254785528,0.013236033146376598,2.4797460701726917
-0.16721957382827402,-0.0026459796381617627,0.038212188060374644,2.9355186233913115
-0.10784492258303542,0.031426446296696726,0.06744478037771734,2.5558745471047457
-0.07647822845819378,-0.013119260885821249,0.07569985041748052,2.6186633353569397
-0.06276179731226178,0.018410276158965688,0.0969674339196947,2.717296488432387
-0.07728566670336262,-0.030013417505287087,0.0766540843828295,2.5951139200533615
-0.09403008417791142,-0.008454294077737198,0.07041374600528286,2.563088871751842
-0.09877606515618947,-0.02395401195767086,0.08196403019606008,2.705510522946923
-0.16428969804835963,-0.055135616389689,0.09028734316346282,3.232104461132871
-0.09785066831920756,-0.028531810790327322,0.0733112588962202,2.746428093364871
-0.08748385377441473,-0.039868468379575285,0.037430363147416844,2.8138432011561827
-0.07031455960528675,-0.10187547659559816,0.08304114667962266,2.992169077727945
-0.1133946103360423,-0.07704572622242797,0.10654205741998421,3.070993461273386
-0.13379719144238886,-0.07801165510285468,0.0922214674439239,3.0048369629027794
-0.09647437655376442,-0.029907925694217758,0.08678167128745772,2.690124126494895
-0.13458196296546426,-0.039037325742429775,0.09542108899518009,3.013767271131907
-0.04016485879110956,-0.01643094996011817,0.13809003354651647,2.829281298689464
-0.11002683090911958,-0.004418373986938262,0.04619551167240109,2.4495072906213267
-0.11005606197521679,-0.011122087396010012,0.0776580818866528,2.6702427184541007
-0.15944490685543558,-0.0430409485012335,0.11963437541789536,3.279561677894945
-0.10435736908249893,-0.016496214657161872,0.07854487919731627,2.7236549521978426
-0.1280317801393704,-0.06261043908515905,0.11867345341661574,3.0650689335499606
-0.1485203095313167,0.004464597856740546,0.039414287340668396,2.7624954447727204
-0.12528122600872313,-0.015296405138152473,0.07636148072001432,2.6520532419515224
-0.14640595164509415,-0.009614329208212277,0.10357094521582481,3.184608797047239
-0.13286396452717167,-0.008058198195546457,0.12871225442250311,3.248312773926275
-0.11066734332358846,-0.012530031662583877,0.09925690855781286,2.7786384979477603
-0.11468804118445254,-0.04431544487992727,0.09332017367184181,2.971932591497747
-0.12248491403070204,0.0057187927445756,0.05028293365655341,2.6177851508816574
-0.10169494640250083,-0.07599142498582864,0.08266555463186315,2.780842699489333
-0.09297477643183118,-0.06301690682044847,0.06702559296709927,2.5929060171557223
-0.10480257248680115,-0.04391337365594695,0.09333687480293192,2.8580073177123575
-0.04838853018242387,-0.007098383547116982,0.11956084043399327,2.79845170282583
-0.09044380332690087,-0.0630274913247063,0.12727161565173692,2.8993214801915634
-0.06880756137935753,-0.06402877882320898,0.07051575218804937,2.639540181418184
-0.06863835605330437,-0.06384669163120225,0.09483513655418495,2.904813974658622
-0.09368859086165157,-0.045609968390685277,0.10746880734434502,2.8516803192212214
-0.07241868627956312,-0.008791400925050355,0.04425873273167001,2.5642517943289747
-0.13118275728119744,-0.02836471587483296,0.06757257476261906,2.82080688470307
-0.08074449391700925,0.03136451713676557,-0.018401114449290684,2.2458562881029875
-0.07467938386912165,-0.0005817296369634544,0.04330212176713871,2.392319286945606
-0.12319437862711313,-0.03763174653560668,0.0944265815481908,3.1183074252801917
-0.11725801047177821,0.030217613567867,0.017877058179990787,2.4552450447295295
-0.10951806705441754,0.03319150868675612,0.006464303428686468,2.43118935051872
-0.07290341965578478,-0.0007980529378077721,0.0284920785155759,2.4792309412991815
-0.09752721928961415,0.025703832032713703,0.02151715795486844,2.5213910980702163
-0.1224038317596922,0.025819618961596374,0.05236283364201189,2.707552519340603
-0.1351584696076978,0.006102999356924344,0.08966793646790852,3.0748732462202444
-0.11417084418276685,-0.00761776681851995,0.051489084585068796,2.710115996071982
-0.1525145259564393,-0.011262406691771445,0.0553401003825763,2.950593235898783
-0.15802772039360158,0.020243112196040768,0.02341248440096908,2.8724420195194154
-0.11196330074712826,-0.02218213536084983,0.0564420913857661,2.71044819174674
-0.1798291305818067,0.019456382778975562,0.03123914470245742,2.9681561907242124
-0.13809644899429196,0.025718511107725443,0.06458983989339738,2.808761562449764
-0.12950144983949996,0.01636243636467786,0.053240570045023194,2.6927636608391565
-0.16635006749889444,0.0018632633000130793,0.0469380317682615,2.840635659336435
-0.17484996097850053,-0.028270259002331873,0.033133149468122625,2.7832063524124733
-0.13547278267445667,0.0015895049505175276,0.01774735189175122,2.522201277035385
-0.10729308324887926,-0.016845064729493788,0.006289365004000714,2.628081825631796
-0.08013506474487088,-0.06650426113356943,0.018127868201521947,2.569037531983121
-0.08136823758868578,-0.09341552284632101,0.08646335246267971,3.0187061473178067
-0.12709781238254667,-0.0411325410461339,0.1183479228026414,3.154831198296516
-0.11056948667435407,-0.009658243877721899,0.10421439749343353,2.8279069105938053
-0.09159322164356952,-0.022690183232142842,0.1035620274940439,2.8272997985039408
-0.08018105565212265,-0.02532478817008108,0.08069601239459807,2.628787565599001
-0.15535219819492305,-0.006245712599712569,0.07212117008798585,3.116566141561153
-0.14044671894003452,-0.0006995951721957988,0.04395850122575898,2.8364271440745386
-0.10292581711418484,-0.03144394166679735,0.10592753230482521,2.9614091239403497
-0.10513476953217575,-0.024836977038515604,0.08758673116870444,2.9619812336149955
-0.15342323960822404,-0.043429979973844096,0.10562785054421003,3.2733993768482312
-0.1737026465558324,-0.05527785417384946,0.03463272663173051,3.1163251938896064
-0.1817157726231274,0.0016645223364390345,0.09938888275484589,3.265684907268481
-0.11212949963289848,-0.02049248601396549,0.07646157873809702,2.8218318850855315
-0.16611467374285552,-0.023887224863059484,0.03387505409447159,2.992594960098503
-0.10818128132498689,-0.0766743429135424,0.09833978805375929,2.9950938996912804
-0.1292865175433837,-0.07412970720222146,0.09218269755883642,3.2266809708759574
-0.11253138009737244,-0.03829671548737371,0.08105258639699621,3.153815927132501
-0.12944875435250902,0.012018154396993637,0.07921792141398563,2.9610098897259136
-0.13823941932194383,-0.026439148898367317,0.09325756667833099,3.1632787022480464
-0.1322181732679376,-0.03746855063528595,0.09363055396095256,3.148075029580035
-0.06743390005169624,-0.05605714401568391,0.08897359927298526,2.7563962586440813
-0.1642359427630849,-0.049784094318394964,0.05415040541415915,3.2076279774436807
-0.1300213789910505,-0.008321754456407694,0.1007935423904162,3.085496725062541
-0.10071609730550549,-0.013777534512386802,0.06678001847936683,2.7556435569695723
-0.13268188023031305,-0.007734199845672643,0.06194968762289071,2.7327598338483905
-0.1596921059739382,0.015385504333843837,0.06779367226572415,2.9586036248096845
-0.15466738998918791,-0.02479901625315873,0.09758168724699898,3.1716919043993346
-0.09346701641087928,-0.026090007279769095,0.05861019979119714,2.6117794170412205
-0.09297247473172249,0.017567720448896925,0.020755517355744848,2.3619707832973655
-0.10234310841808118,0.014316913103943398,-0.002463803115348035,2.455504478332686
-0.07919440906524511,-0.02658995596204264,-0.003349139713791519,2.2921661777376103
-0.05160043542918843,-0.03368276659422806,-0.006452731815576779,2.1750080304931108
-0.09156201222057103,-0.012382700414578406,0.08026181585033502,2.6188668171010074
-0.10275696914407698,-0.0349917359563401,0.03627256453440799,2.49984090575355
-0.1520629916978237,0.031185343363183283,0.04020037363208163,2.8097614652286635
-0.15902040544203616,-0.042491958838826116,0.10629556411614605,3.2558256477178564
-0.1688202002383996,0.008566028019181361,0.04959732743644501,2.8863699469220383
-0.10427877870332414,-0.022064163602872187,0.056962293613902204,2.466558545316728
-0.050471574903798166,0.002005421780359456,0.0577781016531722,2.232043560889788
-0.09028178489839649,0.011980306339605248,0.05861276507868411,2.590823345869857
-0.13050190821910423,-0.012209741752958535,0.1024503596453922,3.1070234698238335
-0.06386396834564147,-0.015133830310623693,0.10061658676556946,2.562314983857826
-0.07826376350017739,0.002627591279660411,0.05342014467070795,2.628162466162813
-0.1300305297112681,-0.031014296480885443,0.08248661314180927,2.909000217438245
-0.11724862021657725,-0.053156648419181225,0.13216361299247886,3.3260092159266734
-0.11594409637160664,-0.024076944896120445,0.11290018508190419,2.976994436486721
-0.17540525436960533,-0.07077794281973376,0.13003239299873023,3.5432953800090834
-0.1316353901522403,0.04217159232965708,0.08653837624015938,2.9370344733263964
-0.1522009232212389,-0.03225137115260996,0.11315608025061663,3.4796160246805146
-0.16010905621282415,-0.03585970763161812,0.08794686000642969,3.291661543418962
-0.10243707461180689,0.009732387100232557,0.12812008743926143,3.264839247765016
-0.15722696239332457,-0.005417993124882337,0.11436329249056656,3.555147636421821
-0.1387483713609253,-0.024830828089480648,0.1265739887785959,3.3974629961205483
-0.11862594494818691,-0.029788308679832034,0.08718383580307526,3.058302412044104
-0.1310773963961025,0.011310327832080566,0.07291077929373702,2.8391091995440796
-0.11283764977381837,-0.01716746004613853,0.1084528407861246,3.0017234360267273
-0.15162306105487466,-0.04086639524867017,0.10546685017953539,3.1499365794654066
-0.09107052744315935,0.005034347245917842,0.08201600716289127,2.7507055236148186
-0.06785483562510826,-0.03190630614191008,0.0878987422505542,2.7944281419663786
-0.07163130407401992,-0.06366662366924894,0.1478987222246271,3.284874513592691
-0.14235150645173492,-0.1043911036123805,0.16756781867577614,3.711974611088628
-0.057444438875856124,-0.05087907802462877,0.16637616314548348,3.280093404925285
-0.13465055997561598,-0.017238426561578545,0.11894295291433517,3.1257918895575854
-0.16494877304851802,-0.021677968385167976,0.15827593884613714,3.544421519060896
-0.07176385423718439,-0.00344641268571585,0.12933828831989,2.884806522977318
-0.09888118833404577,-0.016487237493083045,0.12189423763082635,2.8535061646485222
-0.15216730320295999,0.02102680171558055,0.09566469498282996,3.033008307597322
-0.20083380672645368,-0.023672326658619996,0.13188568544565885,3.4287031169585713
-0.17817043028520307,-0.026800461460881487,0.11889123417928134,3.3997477864624392
-0.14228081842912824,-0.02739036805657286,0.13566884513350155,3.3475848970719957
-0.10780825846917655,-0.02701937675188715,0.10392443721153934,2.940979786682014
-0.1541423135004536,-0.05517014628816027,0.09393184555220427,3.1908463986949283
-0.1329680927805366,-0.09570446668726566,0.1690745190934027,3.48469315971292
-0.1406989803782678,-0.03387422296552674,0.07765832809546341,2.9239903029970575
-0.11986532884117103,-0.05654122874336792,0.09700677920896206,2.830363261195886
-0.1544624374802225,-0.004606247045058853,0.07807875706228697,2.9867524696861847
-0.11718210682744118,-0.02303827064673544,0.04540109570193078,2.7901321051154033
-0.16314081691060303,-0.06704012383985385,0.10799485583492122,3.354647966708712
-0.14439459713634104,-0.021921349348531603,0.10258173070350068,2.996670040773492
-0.13426767573936427,-0.07666938762970688,0.14804338571701697,3.299912916822933
-0.10097270126426296,-0.044454895166728396,0.11374794206496286,2.951356421514792
-0.15039331741272918,-0.03090558827796557,0.08235745668849452,2.9470215066205308
-0.08018259073322341,-0.0014231071463013745,0.05173197223838067,2.4734096894320396
-0.10410071957655569,0.004737764274991106,0.08722560420746812,2.655142630579891
-0.059379580289340574,-0.0369121607360779,0.1679818963709066,3.2175633164023925
-0.0993673218471475,-0.0270714121482278,0.11570876136959157,2.930602984810635
-0.13203755429224684,-0.03584259417705656,0.11165058952473951,3.1942837542308284
-0.07978807448748206,-0.11879657810362215,0.1456647569288856,3.3347360565685795
-0.12309512344837362,-0.03595450558009882,0.16362233917080402,3.4396800928422935
-0.14825786086515322,-0.017939517449749923,0.11443134679079656,3.216938369782059
-0.09920504799234925,-0.07850551254977683,0.14678615875432893,3.265920138219893
-0.09024398181010017,-0.05227326908015374,0.15498681859772798,3.1778804872489568
-0.13504738495794646,-0.050038330753763856,0.13679495337147574,3.2690621013451793
-0.11738327012347803,-0.06329558464401276,0.13496157064617467,3.370534052273704
-0.0878924920880271,-0.08274333081143011,0.13615800327695826,3.136176831740993
-0.09482764701071572,-0.0255250974339589,0.12570631785879327,3.1730357166743604
-0.16340729537458354,-0.07509588040250527,0.1492978638393289,3.5752808954287363
-0.09195737759806738,-0.06263789310230158,0.09718153065666121,3.0077981772949918
-0.14464431968952585,-0.047645336358160754,0.10038959553427389,3.1464442110917314
-0.14832078211633115,-0.022056341327169642,0.1294494787654917,3.304321906282447
-0.10350067290997365,-0.05077634121992725,0.12628028382114273,3.155104750738282
-0.0986021528064919,-0.05157977413096605,0.10547827656932972,3.092029430307599
-0.09524873488963397,-0.05945419246254963,0.072888628190192,2.849213313029563
-0.07746694989981313,-0.008484709338994647,0.04311992557876946,2.5919081686211927
-0.12042642652591397,-0.024678162190128198,0.07780300290556481,2.871146133092056
-0.11451998643371887,0.0040605320682378775,0.09438293000752396,2.8069654602894656
-0.16024997228113835,-0.058676473935423905,0.11473235652034307,3.273409045513084
-0.12620118717038994,-0.04051997174042004,0.10080775576100494,2.855314517729165
-0.09118485490881487,0.01070497209848863,0.07039997327362205,2.5985521034026147
-0.1297180562019626,-0.05342199161466259,0.08467410951468286,2.849865574783548
-0.11070270743063533,-0.06678371620978674,0.11358927860368265,3.0970387356889524
-0.1399081108452541,-0.0648894595451567,0.1082795078478688,3.139939045710114
-0.13575504207245595,-0.07376503365019517,0.13419164962911667,3.2432290290978942
-0.12089977952036689,-0.02839286902260584,0.07872357045631602,2.952772645871166
-0.07727090037827197,-0.04250086109609616,0.07651941618050274,2.7383663699988037
-0.07015158528573497,-0.05673357767949039,0.08747880536689262,2.95544577268058
-0.14327408306637823,-0.0573146063720952,0.0750033677184754,3.0749503858474085
-0.1111531980308732,-0.05463310350625242,0.09542706044239012,2.936238567957259
-0.17961039368965234,-0.05971586722551184,0.10969137308443412,3.3094708054206756
-0.18457778639370806,0.018685308727202546,0.03811393245819113,3.033061142062796
-0.18825428232320257,-0.022335117487719967,0.07100582450185577,3.143817610313434
-0.1007162427903175,0.008870032668616985,0.07376164538946905,2.704080188506005
-0.18025414436173284,-0.038423272717557556,0.13482527726489313,3.480275391363002
-0.1841450290378982,0.006992966235649953,0.06730638111820962,3.078273230935978
-0.2104220250968375,-0.03280632522406159,0.05768282738724428,3.3864136385964003
-0.17635114758938653,-0.038322317185333916,0.07614167355248738,3.3606278934324116
-0.14658929357856434,-0.06299604301512576,0.06618525602935649,3.38821902324725
-0.22033522235096956,-0.007797106981657235,0.07402692406997974,3.6503661055123198
-0.2047338569393025,-0.07952875254395121,0.08561368683883457,3.6627619041783457
-0.1367529262508553,-0.021829171300564856,0.07336857142616879,3.196372994606028
-0.2034729825439155,-0.0452348528998477,0.07624208114546818,3.556056888787502
-0.19749757794037495,-0.02333721920581056,0.06255852792372917,3.465172970313858
-0.17288965239291984,-0.04752725109227756,0.056156744006157104,3.301768991327577
-0.21454739530051536,-0.03402000523160714,0.055041062573792876,3.5856892540511875
-0.1966517305356254,-0.032741216352327705,0.10162834351372503,3.575155943552906
-0.20435451625434592,0.002848923654118271,0.08498712601802942,3.5586897381832236
-0.19813463609644297,-0.03136141556141692,0.11234043867310571,3.741060200001519
-0.1924850379199642,-0.02904743326407317,0.06737061372598847,3.616454685582993
-0.2282291799912471,-0.042912307336693455,0.12507440841716827,3.895072815643976
-0.19136411104860235,-0.037159545029802114,0.09198651240346689,3.527885147946118
-0.21799280938131857,-0.04000307596913633,0.08664182722906467,3.704397436229435
-0.16763278827765699,-0.012951527828648002,0.04802360073266623,3.382924961907531
-0.22415386248890148,-0.04309105328324691,0.05822508475109055,3.6694350066180164
-0.20068946701626098,0.036552189650787395,0.07203188181253668,3.531802600402809
-0.19840299091646338,-0.007927495916665635,0.0811098395649613,3.624037022662201
-0.15855135180191793,-0.04568793023466444,0.0885433381421642,3.3427216964291735
-0.18504479409045552,0.017044951181462844,0.12142374474029707,3.553424358268022
-0.1813856638322145,0.03019121274576861,0.05641285645612054,3.1925009320513276
-0.22765592655541037,0.0034063113209724014,0.06494616028801416,3.5753077798516513
-0.2480351959876834,0.014810175927603522,0.04025329151341248,3.5458071394159987
-0.21062875271724668,0.005494375451544902,-0.013230687957389502,3.3511435406694225
-0.21600423189111656,0.01578278592364626,0.00862650254233175,3.2025128921595627
-0.16532108474346216,0.035086500557493065,0.05426573598857579,3.033923492806444
-0.18772139905941967,0.03555151008947561,0.08575377248946643,3.2968389473167763
-0.21699019484287724,0.02324211891660927,0.06028743452278355,3.259903774328258
-0.2140461675386107,0.04903153619822019,0.09182532410168766,3.464437494426861
-0.1975535842978805,0.05629740143073305,0.06502474614566182,3.267415980087529
-0.18237759798597836,0.07939905144682834,0.07076232859684371,3.128127149328142
-0.11409243987216452,0.07320617741646039,0.04255383059298706,2.6538382100279514
-0.13607921035851067,0.06832336460767163,0.05346794761595792,2.7385489469260276
-0.14173325148191665,0.03399703655610925,0.05765185133849141,2.763245246597375
-0.1590353195642109,0.024379950564343472,0.08237186142017158,2.9419112122083284
-0.09698420174126407,0.007320587748265526,0.11347719825356302,2.770808161045273
-0.1735634225686864,-0.031073711097626154,0.09801342718823776,3.1588457436984614
-0.12640777754444849,0.011441165379654051,0.06866767200092767,2.6683206791585827
-0.16773437286284554,0.01118259603548436,0.0694859390095926,2.8909337734573763
-0.2058473915228546,-0.03997931469078496,0.1275251050020073,3.5679710374094653
-0.23019889199366808,-0.05146655455895538,0.12305483289393289,3.69823968239706
-0.21665804447133435,-0.03865100636006704,0.10494503950017527,3.5304205046644466
-0.183083032415509,0.030396492260781997,0.09042102826084317,3.2082017535300973
-0.12165065806495333,0.019271319112363947,0.10746454822265325,2.89762107946227
-0.15113441361565505,0.0022462053674256965,0.14303613173904847,3.280425020494871
-0.08660379202694911,-0.044759897824952974,0.17168650017128018,3.245530533904616
-0.12976228082926167,-0.01387069464621142,0.17066201893781674,3.5030402617916594
-0.12116480717516565,-0.03890160462957241,0.1677406362428393,3.4957288596311904
-0.15029645139236794,-0.08795871022413496,0.14590545840546768,3.5267195259945754
-0.12557172367897268,-0.08407911182126601,0.1415702073340817,3.4013136911888178
-0.15480330606375317,-0.11501413959768063,0.16697894477182937,3.722946896121656
-0.2117797670431757,-0.10265300568020648,0.2022939326665435,4.250707674591469
-0.1632088580138322,-0.11328277777782414,0.1918648267669186,4.016123419516221
-0.12247866885932103,-0.10369082521457845,0.1298190737996637,3.1518004830777264
-0.09577964648731709,-0.06997762034081177,0.1544088262422377,3.390253095000844
-0.1364544807142732,-0.14063463646794352,0.22527159678035263,4.201796677149314
-0.1846063049666258,-0.07359271493216213,0.16702730747521322,3.6461263627160463
-0.14296072456547412,-0.04686437124725757,0.1638599109163909,3.419149117589795
-0.13690029770445208,-0.02058830430331254,0.18369861256223086,3.4889558316093576
-0.1612834946081262,-0.09117874833943547,0.18382401042579288,3.6371076769478425
-0.16013046245183288,-0.08222239618691406,0.23517245240357598,3.9148944976690614
-0.13369611104536747,-0.020818555294122368,0.1565425924061723,3.286408051310873
-0.15955770286621163,-0.00275092350448045,0.13472755908192816,3.1788768484601975
-0.17208081899374872,-0.03431085218010264,0.10916134363808323,3.2706760307501686
-0.18296354828647843,0.024460780940143277,0.09703857263824488,3.0114836529353566
-0.15940398370110243,0.019197474367138603,0.14096487892586756,3.2403841466703924
-0.13720514420712746,0.009267476033775465,0.107543501683848,2.997627161998178
-0.11099794673429961,0.010893432893355738,0.10851489271276765,2.897959718737588
-0.12291640427113515,0.006100418706481205,0.0859434646846427,2.755741731546202
-0.1125326128395064,0.0009924584257818357,0.10192675914099744,2.9450724472171332
-0.12088275795131387,-0.0214772611105303,0.1311989522681937,2.9939283448446217
-0.13456939282207542,-0.031152193652644614,0.15448705867183904,3.277818400001651
-0.1620313911832624,-0.002204772776499835,0.15827697762905893,3.443736793374605
-0.1820099482247228,-0.02482036025134774,0.12989568138127225,3.433182147729661
-0.1733420426271294,-0.058397655415980486,0.1359992398350668,3.352845236759446
-0.13430176040352018,0.003150833857308224,0.13832229244328767,3.0241987507756667
-0.12801715834040417,0.0038338596958492495,0.09599739198030592,2.7825179511986184
-0.1293341297505118,-0.012863546372695682,0.09580975549077361,2.869158565245689
-0.15810834129337492,-0.04185144247569193,0.1298881230014434,3.528142473047656
-0.14429603982618694,-0.045865993846126434,0.13649803744564648,3.3176658509917645
-0.10629112292836614,0.017917453089721074,0.10235965716646708,2.8356035593102327
-0.053888342209282535,0.004057623036487036,0.06636466583916936,2.6536088247606076
-0.04239133373928443,0.01534842252336449,0.06121485297697046,2.3819528235903875
-0.0334158683526668,-0.03060790085179402,0.0656725812197595,2.5721777462194915
-0.0772931855993219,-0.006831377464004767,0.03789892830773775,2.6247158849464975
-0.11307448552105707,-0.005464463225078216,0.06158781020715342,2.7755318056909193
-0.13293513451126182,-0.027101741809824467,0.08153268989727684,3.0224340946636716
-0.16890673235957845,-0.022950056980532808,0.1113962246069529,3.2142488594501604
-0.1581479293496483,-0.020591295764811033,0.14576944173992196,3.3391652289805585
-0.08569344348798481,-0.009687190976699553,0.09163209819366568,2.7410880011078214
-0.11332014794701017,0.001826347611765838,0.08153868384229472,2.796831897688006
-0.07908218698693413,0.026961466540047056,0.1407416742448872,2.900571918460268
-0.12793461583542884,-0.01852881789512788,0.1487778367169606,3.265389834249854
-0.13509482384421323,-0.046892921197267824,0.13574213231394114,3.283760121163162
-0.12137117050016118,-0.04649408552355052,0.1057367615249564,3.0319036771365466
-0.14990153299870196,-0.024099421250214755,0.13214428296087466,3.1767201881002602
-0.07380420481437065,-0.030319810312494963,0.0911154687266738,2.7449866851580085
-0.07602616541074703,-0.04656787297960362,0.12201013633064561,2.9702981139939477
-0.04715643588293919,-0.04794178053432946,0.12020863162121645,2.827110561884187
-0.06252164762835398,-0.08840174429422777,0.1187242890942004,3.041810223573141
-0.11178201520487882,-0.08753544475411422,0.13708711187951345,3.3327360193373456
-0.08403774048557705,-0.029917829518052958,0.14214440953407387,3.0398422258006934
-0.17313757445813,-0.048678861304058414,0.15043960805737377,3.5069108845833505
-0.13610768438344995,-0.07658893728173398,0.10134637999333358,3.2008414080078937
-0.13359449017679018,-0.0783431134249619,0.1331922533085658,3.33904315112285
-0.1542195380431277,-0.07829267480185009,0.1426779414729686,3.5225423789288923
-0.07310701045033376,-0.04510580273229951,0.12256937107794923,2.9405660134939233
-0.06191732846875561,-0.04474591527417759,0.11463152099006384,2.6692035629090767
-0.12580257583023877,-0.023214011882384627,0.07831717136865331,2.711543657564456
-0.08322991648366698,-0.03844962033859418,0.06071385738516732,2.6171393318438683
-0.0800384537176933,-0.02207903788532068,0.08929563162813571,2.6566641349859905
-0.05508397802612039,0.00625706866679482,0.12473732192577712,2.718781418519282
-0.08992712346131475,-0.026396759715452158,0.11217816345200742,2.823701683093497
-0.07522384668007435,-0.058989249921717224,0.10618560951785462,2.851938443630744
-0.04128624867931237,-0.02869898254730548,0.11172370703031317,2.774193147163331
-0.05121835727193934,-0.06251685046771477,0.1858968924212327,3.3641692919886967
-0.09723922777370783,-0.059788042968850215,0.1565719911424853,3.2306053101515317
-0.09064898481094992,-0.1155922563815577,0.17851249763448532,3.840192887832801
-0.09113260883657508,-0.13464222901570738,0.16785272309748875,3.9370468830979397
-0.07253110808191912,-0.11967906415866536,0.17413696606840112,3.509349010680801
-0.06411392991472187,-0.09221479418146449,0.1448254199863595,3.3558905653584112
-0.08834713472708083,-0.10761052298552262,0.13932618723065862,3.4480400475578996
-0.011193128972204976,-0.0708028771490149,0.1670274476284348,3.3113500157855174
-0.07196352194065399,-0.10826542129173833,0.16833746611335346,3.5127352671665326
-0.011287642533655877,-0.07663601772015168,0.14199889437837562,3.009230219136047
-2.4810584247839346e-05,-0.07713035639092566,0.1362675899875899,3.220412994460104
-0.048786677205188526,-0.07566272601615,0.14068417380006673,3.057120902249945
-0.10735834098770754,-0.05820155218756196,0.13807791292003438,3.3461509954638724
-0.056016913206543784,-0.0846626890577324,0.1299627013112119,3.1403998778459465
-0.11573137260804288,-0.09180010988589316,0.17902659016525033,3.6489727598590402
-0.16790563257031155,-0.06833077031944111,0.14990582566777003,3.530084223293922
-0.1603572244667957,-0.003198242641273792,0.09864435594445782,3.079498421908681
-0.08317241248768076,0.031523149203686686,0.08591997842368607,2.623046093306514
-0.1663332177155541,-0.012758989312843118,0.07865689809925616,3.2059234892363393
-0.14831458879060735,0.023832289486272164,0.0571668474747506,2.7522973460628424
-0.13259086647293428,-0.029418092017482588,0.11999300724570658,3.05894629651375
-0.11731094619772992,-0.060930917571747706,0.09304683748023934,2.976934077895893
-0.1135723740535311,-0.006084157384581266,0.045084519334518784,2.6338945605392388
-0.08539581904495087,-0.022462343101101494,0.04951350986902459,2.560300903861289
-0.1015674685425864,-0.046989987330009204,0.08089624060186439,2.900561514708567
-0.08120902404934813,-0.04854084923988498,0.13592789608491623,3.040948413848977
-0.06393806544839467,-0.03792392100371651,0.1172895055815772,2.705354871414588
-0.04570807853545664,-0.027381298394940586,0.10379933498649234,2.6190677793425885
-0.05897753454281524,-0.02355287833934432,0.1327193892196871,2.916580564423358
-0.017096845343198327,0.006458815453377126,0.1578447471029966,3.1109587157166247
-0.0928405593140563,-0.03759712640675392,0.1318049144266603,3.1260163174299227
-0.1043645115931088,-0.005745427833765024,0.17567124756463567,3.584465645496561
-0.06838442954786175,-0.0014226003905165195,0.12156370353873172,2.981039815582096
-0.09594225171487691,-0.03830468711221367,0.1472610366231897,3.3076898533105834
-0.12199128937790862,0.039801363770435104,0.11804612632367367,3.162322585959944
-0.11221029414712985,0.03693671508769359,0.1126922903380993,3.02154995553507
-0.0656516698955369,0.02292956484503271,0.12107581119530282,2.9186530164498152
-0.018594095994668578,0.028466439318513982,0.1050254569524501,2.6442142368143635
-0.03074780478384871,0.013390861314259693,0.11345595706953891,2.801977869103098
-0.06079841420374671,0.023719809129910407,0.12400725785147684,2.979806032840178
-0.1093237488681592,0.008571297064198458,0.1207212314426938,3.112825821843588
-0.019138270397158992,0.03471566358074495,0.08274497624362998,2.6204634017252317
-0.09086172638274093,0.020719112784835368,0.0683112689324815,2.849103465677063
-0.07849114299844298,0.012611080606457027,0.08883728565864477,2.5703393545519324
-0.11178986679458944,-0.005976835165884855,0.14058078262992818,3.0083807832466634
-0.0498501907882672,0.03238753266613685,0.10042609261715311,2.7420342223066116
-0.13045624869833697,-0.0035940945467387553,0.13939323980668805,3.1004455086004867
-0.08674906724451563,-0.023641050534985667,0.13239467474959007,3.0053154266806223
-0.05588312974330332,0.041321510972686694,0.08334174721870077,2.749909544873942
-0.05523553443320571,0.04292130218791922,0.03840921391126615,2.352895328230348
-0.021098524114279413,0.011444366462566042,0.0680083237883418,2.313530592662742
0.02191138313790705,0.00846326698453527,0.03583419516263764,2.2416880907119294
0.025679147298671885,0.015622537728877405,0.007545472575191235,2.1602608847245994
-0.05251651247793422,-0.032803064686922345,0.023238148619272328,2.440799486809919
-0.07372730531537822,-0.04399964865799331,0.08053347879991526,2.773437317585311
-0.08987405897898461,-0.040427358195858576,0.02609804429906474,2.584945201648338
-0.0528693610601404,-0.013140598580890058,0.033154999370768976,2.3088213040524335
-0.08149136833446939,-0.013869678113527571,0.022925521491390818,2.3895160684229126
-0.07484766872981982,0.018042724227237694,0.013792916928056039,2.327794692328739
-0.09630757752797346,0.012608636898242676,0.05991122752442862,2.5077845192812886
-0.013150652028243786,-0.028072248849828726,0.08873215952852205,2.6463771111916796
-0.08102882612611398,-0.004645103112322425,0.0895661272662189,2.7467214868814103
-0.0503372162800266,-0.011801672553108036,0.09879225800554023,2.7291312563374768
-0.05129969095703738,-0.0014571752860754877,0.11843790078244561,2.82346208165719
-0.06818920893171866,-0.030392907977450808,0.11495609591815714,2.802250331483928
-0.1076014063463717,0.03568527988598413,0.07903745457693347,2.818196619367465
-0.09857297028853569,-0.008647885891736744,0.11389923329490284,3.118282577495231
-0.11902927994465004,0.023568681728154437,0.09864791072293248,3.1855531103710977
-0.11959564943180027,0.023820419877005634,0.0836002237788095,2.8799442574472156
-0.1068759296956997,0.008190573822389188,0.07111868721881597,2.650559352499818
-0.12774740405946072,0.009461319955912524,0.036789474747172535,2.6556322787847133
-0.04302680155728529,-0.008604073331210736,0.03538165894035521,2.3791210811650947
-0.08206626202903915,-0.019056259655377796,0.0368894011522627,2.415953863871292
-0.032667633128499955,0.020659817049861855,-0.031318630898279534,2.213895002285243
-0.023583956048833257,0.03631155453346761,-0.06869841931365843,2.048936199901149
-0.02542793622240551,0.012533560381837318,0.028492756878909262,2.289086783639519
-0.017029404383620293,-0.012266512236490456,0.032120062181987055,2.2112469513050588
-0.015237090543171176,0.016198528942051156,-0.006578993448586018,2.1291281342077575
0.05946016197355787,-0.009864032592235592,-0.04411474475400514,2.1292067040321787
-0.006254833222301082,0.007928728454769883,-0.019601817238397524,2.121755311913979
-0.015208072255317891,-0.044276912618867036,0.021123668436812394,2.2171775988531652
-0.04561528502041397,-0.03516638506285195,0.03385690342842735,2.3018953487730833
0.009949280467902,0.00847823372336301,-0.013227867821678767,2.0779850620943314
-0.008643352768598518,0.02890306884838332,-0.046176388049381435,2.1341854341313837
-0.05791515527741685,0.012764666833425347,0.033996722623801684,2.457253690638806
-0.03388538787031917,0.013756253536508903,0.021901829299992164,2.225376272965709
-0.031046778328513585,0.013819830125239177,0.028675439540687953,2.2909841430139877
-0.001835703038099359,0.03888073815543778,0.017343302378802068,2.016352636813212
-0.031792081415569405,0.04902715241141857,0.014913078120187403,2.035248205221604
-0.008704149739390696,0.020740620931194664,0.03621694802753431,2.112858714500821
-0.012016373492421866,0.006934800727610716,0.03903628512873543,2.155250576879904
-0.012128326550142485,0.03863731696962896,0.0369832128012368,2.1275038947773264
-0.057861741289246746,0.009631771472407593,0.06809543962406023,2.4372658544394605
-0.014234327975760646,0.03602576942434788,0.08667778975722266,2.3775637459175805
-0.024986584568030247,0.026079008265879028,0.10600538371595145,2.547686835828347
-0.023168149492391973,0.025693521956362046,0.07018427002953875,2.3723411957322194
-0.053034584141819316,0.0007624217204261495,0.10741303009636856,2.5328896146382203
-0.09296242067008562,-0.002810513746668761,0.07944137862550278,2.6697386124028895
-0.09382131034077854,0.010032270511675292,0.09775969968160111,2.7495107188526293
-0.09216543869721035,0.01955215610439945,0.0744928453705365,2.692232804854487
-0.13419334209492992,0.025229423172970885,0.10085656375037483,2.9892357154624887
-0.09932918871391241,0.012931616274392495,0.10297412766933839,2.8930916911650515
-0.04273546846277701,-0.0032893002601093475,0.10529357349624198,2.772738938380842
-0.10711293179468843,0.0028780252414531784,0.12579492826131536,3.0648775212057364
-0.04707348692147435,-0.04453129745010445,0.10515168981679843,2.798203249738047
-0.06606346162915326,0.01424009306422178,0.07636274622149848,2.6129430508343985
-0.015286713797262794,0.02276645592276511,0.08326248818516072,2.515686444362679
0.016846538075758172,0.06523967229762508,0.06030935815016786,2.3806854938494415
0.07808819546944404,-0.009286894687319436,0.04658825943948932,2.305260880603375
-0.042715440536577,0.016957632906899712,0.03598393694023988,2.4504638813149113
-0.01572421012706781,-0.005251048352703593,0.08597696987833325,2.5229388445534155
-0.039526321625668985,-0.001214298927849151,0.07584112124751215,2.4323993371265082
-0.005742047996511396,-0.006899661283784661,0.06452698262740103,2.4119550361008004
-0.08696987119537533,-0.00856253525426607,0.10229681883903907,2.7210874766825586
-0.07646724311517027,0.0034450703379870634,0.07341085488367947,2.50216861207464
-0.10787208920009186,0.06231463335648915,0.05960785873256709,2.5706979751856784
-0.12849916680490728,0.03462005470554533,0.04079392903821021,2.514525685641912
-0.08144761413714259,0.004279607810455568,0.11466123000222113,2.736079993781587
-0.00995235305798975,0.012334395721806064,0.07189143762708909,2.3374457134794864
0.018601323982427934,-0.01562422689348161,0.04332011250976842,2.1702443647016145
0.03695133841091095,0.0047296690412048205,0.02822150182426217,2.222064525077823
-0.008111085709205835,-0.05102515096043903,0.10077343314052117,2.6726802543701234
0.05420978407900965,0.019374343105211966,0.04406847196411833,2.3876464394142674
0.02368996207042833,-0.008339331768182762,0.02580265279256115,2.1931463804194102
0.027539384642942248,-0.025294472125210018,0.0866348605888635,2.4561676931911953
0.0629022678756079,0.023309944689786723,0.05160235095142811,2.312873550917894
0.05140979560014778,0.0036857629109549885,0.00976169145871695,2.1272254718379537
0.03501994598571264,0.03274078841532116,0.04002686630048837,2.0944481359988174
-0.028898604082613213,0.036590542629244556,0.03616105538815211,2.275063581265064
-0.06536656882951282,0.056328285743799805,-0.025886671011323796,2.3167176985547333
-0.08714816154465568,0.04567758318396291,0.022692653083253796,2.3582559351230046
-0.04368458652450465,0.048519333054154304,0.013079050708102374,2.28113793771079
-0.022873874999150303,0.04628017894100183,0.03207117708448627,2.1236636118138383
-0.057544771217627674,0.007153704886359104,0.003222055039866769,2.029359819755234
-0.04226240900984019,-0.026060999275069396,0.028442509221310554,2.396784637771178
-0.0004938350124382843,-0.013371385340836917,0.03292419365413769,2.233612589663101
0.04716594222004607,0.032338516657329675,0.006943405126922643,2.218613980851279
-0.025405970389514324,-0.012654040989064249,0.060365639698816295,2.5337081909687433
0.0004211986268982115,-0.006166439524281095,0.036615562464926615,2.302549438436804
-0.017100095269185097,0.021902944670484703,0.03427174503414977,2.294575377185232
-0.0764595960413864,-0.001044540143622351,0.04401662426699164,2.592153343056461
-0.03888634322701584,0.04247211791219897,0.027037671576350106,2.440469171782214
-0.07828520662526647,0.043370173109591265,0.04979333529185164,2.57952501754697
-0.13335444080561654,0.06621711433153436,0.03391747853348026,2.826524818704879
-0.04733412565393561,0.03281599412343166,0.11752499607764016,3.0187528774651784
-0.02952340968478074,0.051491490660420254,0.060325048041192667,2.508980977347214
-0.007676559007459025,0.015320449393679235,0.09891627802963668,2.6387174296553377
-0.029413362964938537,0.009785108122956802,0.07763952067324846,2.551353981093467
-0.015059208107790198,-0.0020120536938828494,0.08204687308742112,2.480452089096168
-0.04355411634343553,0.0150805459050882,0.0727809890349437,2.533630260362156
-0.03516230421893515,-0.015809990994580872,0.10648853152432865,2.765664061889317
-0.04984229321336655,0.004168585383573424,0.07066338859013223,2.5018453499261697
-0.015203854800970057,-0.02957527351893116,0.06918310520126134,2.5213269189513206
-0.03905953400644783,0.01163442557911173,0.07172462090647241,2.515250783131907
-0.03802029209623508,-0.010488298078167336,0.11386233900026964,2.8367709584693577
-0.012383011518955399,0.010833408670578934,0.04997589901974211,2.2344107654078456
-0.04288800737118999,-0.003352299731658807,0.03468338343247222,2.29303401233699
0.036513262394300396,0.03038270031753918,0.06977713416507315,2.0859413704068785
-0.006064720480539733,0.024989971729822348,0.07436493364052874,2.5190379129113514
0.005669742163985492,-0.001513679380883465,0.08286917138925987,2.6605535066954267
-0.0156682108655027,-0.03513140497326291,0.0909461068875906,2.799562994343914
-0.007597967300742041,0.02796587672084008,0.06899828298487953,2.4565410655546227
-0.08519300396007608,0.016998258871384862,0.02280540500035865,2.422442804400828
-0.0781119379804673,0.0270358392714734,0.021819267457796634,2.395932196157831
-0.053689647333597115,-0.0005340228964918029,0.10107877830005627,2.7673435816881033
-0.030054366879419064,0.017904845625335623,0.08430756472931347,2.5263968775970103
-0.048380191683717884,0.03299329375797684,0.09709928920573574,2.878454898081161
-0.09055961213248827,-0.024950900630476367,0.09346341603107985,2.9693630131771487
-0.1044778712620441,-0.06840129157976692,0.10911326754216474,3.2365265039411426
-0.0883887937261831,-0.02946858114409031,0.15204643945483548,3.4461360001717747
-0.03091922655891918,-0.052703971883372586,0.18472707343367317,3.3423131152068923
-0.06872543623962173,-0.07256579065907497,0.1347243368466194,3.2611623315216973
-0.0763958634468711,-0.03166246607279539,0.1232869827541433,3.1876828791461618
-0.10470022672314602,-0.06812612702095307,0.13543400620187998,3.217417511113516
-0.059744811431182904,-0.008957679172324755,0.10288235604965133,2.7747266478596777
-0.06034887980332533,-0.03660168190444966,0.11235476128131333,2.8997444998284787
-0.03721119487660886,-0.01844577609297136,0.0956516648702214,2.6039768074563443
-0.0030831525007630005,-0.057019299781863785,0.16935933176213494,3.160767639891587
-0.03576878213560582,-0.02072565550133237,0.12718085055385667,2.807963779284109
-0.05009319717237855,-0.030242839095077315,0.15654477380985504,3.133657191365366
-0.03196244011349439,-0.03367483849065922,0.12228642735118611,2.8071072181205357
-0.021449039523427776,-0.03215011558918251,0.1450766423912257,2.928657220791208
-0.035151012744634606,-0.04917550780409574,0.15620140168782268,3.107940831282422
-0.06015224614755306,-0.028086651300330976,0.12975619876810182,2.820991995941503
-0.052803502003976974,-0.03600207436280799,0.12079273616242357,2.7953729863056878
-0.02995515587989543,-0.008842893571521274,0.08339294743985877,2.3402954509025204
-0.08376798323142243,-0.027087790397808724,0.0798736671466073,2.7104421359853874
-0.10583016051353646,-0.021563354456331032,0.15402957542840812,3.1459379392847926
-0.08192595032337573,0.010763533593427565,0.15278713234746305,3.1221452387351922
-0.12002131073192356,0.005547756177430603,0.12578288199035145,3.008202723170487
-0.10756458325974727,-0.027130333147846755,0.09567297710971495,2.85699940719788
-0.06336005039063677,-0.05259546749341695,0.12343099470282587,2.848487548373549
-0.03293726455841741,-0.048357068538755335,0.12492336711280419,2.9555478267133903
-0.01997066848429228,-0.07298663478427576,0.13647469576833723,3.0300194145353303
-0.03920720367683759,-0.0010566487348570134,0.12652678339922727,2.7801314770683763
-0.1292246948064151,-0.02136484425157696,0.07624358075249194,3.018700037322482
-0.16349244602434412,-0.004214997331243573,0.07964403369319907,3.074329588075088
-0.12985242914585463,-0.0024610409663544156,0.03212022880288647,2.746679110847715
-0.13061617167807582,0.020756697262824232,0.010809778889913326,2.736317797882664
-0.1212496798993984,-0.010859529688657422,0.03721864874585694,2.8164788736358575
-0.13540812093474716,0.02345700471351859,0.06237887011868923,2.880041175643213
-0.15237326976494664,0.01219068925162033,0.017737238307008223,2.7619782035064766
-0.10411280471463741,0.005356851199423844,0.03930350862546506,2.6506487496017637
-0.12593919104373374,0.01850586158938772,0.03802224826417478,2.8459811262486734
-0.08188276671380144,-0.03658449592760848,0.11360453615292185,3.114369278730683
-0.15889684611053742,-0.03358058690359024,0.0802078229015345,3.124912513698271
-0.1239511407425577,-0.024865694953107684,0.10337418272057942,3.057000188893885
-0.09894262061506953,-0.024844986167793754,0.14951467119553877,3.244795339922514
-0.15143692474081039,-0.015769557366402075,0.12103742189623767,3.28533878897281
-0.14299893407311076,-0.06667495828986797,0.13334781749201613,3.4232594961189213
-0.12462802097176498,-0.04898740255160275,0.14521305224316824,3.452880040745128
-0.1352593448015129,-0.021348960422107155,0.14451325486819191,3.508185058042362
-0.06210202192828832,0.02765690691948662,0.12242853789805508,2.7932443821418413
-0.09617156290984581,-0.019535211797764494,0.10703505299511774,2.727531674781421
-0.1312467811597231,-0.03968256996436546,0.1333087224838388,2.919551692572849
-0.08722020018677074,0.01822361866265636,0.0802571866660169,2.6493246063338387
-0.0652895909394601,0.0037630840936926997,0.08789902463302995,2.6245032626467975
-0.09451795563804094,-0.001342141921749463,0.055177360024241555,2.5151002527205475
-0.08435202703402005,-0.031868126890812594,0.08911614779967218,2.5718173873354773
-0.1481297217372903,-0.018709816085075617,0.09615513392960583,2.9786121413975972
-0.039852133006850116,-0.03563097943973032,0.12040380056675141,2.765693820379405
-0.11103776366436174,-0.01758025535056078,0.19309373431066515,3.31007991497223
-0.10611654789196631,0.01219785532426644,0.10072786512741894,2.731238319329677
-0.11644491379542239,0.006947211839051718,0.10851823549134029,2.9169573840112752
-0.16613182510456406,0.015553952943773434,0.04867049270028059,2.876079782485255
-0.1552511178992068,0.04990914419928222,3.9241786096046155e-07,2.672602622039633
-0.145233008363648,0.05782932407241707,-0.004144766952225236,2.52294791577493
-0.1444803846964849,0.05809660852439438,0.0016001515520241063,2.4677161657209585
-0.09595332017744457,0.06167223552615782,-0.0008488192083822147,2.4647576878065744
-0.10581955966784025,0.056114749152865136,-0.0024122685663292343,2.45466797039374
-0.11920209103434493,0.039024966239353545,0.0626400028196233,2.7759277608305664
-0.19620283844236763,0.018701729121508876,0.0513228839194662,3.0719002022136324
-0.12738239043901012,-0.01679942787910416,0.07251878907637291,2.7852801617085072
-0.10727637351190067,-0.02084163546790356,0.09718582669286613,2.9627808342997284
-0.20150642881718867,0.007941617800554574,0.0069083570961754335,3.0050258572188113
-0.213740022700975,0.0035782155331435315,0.04166996948516307,3.12080784561944
-0.18138017688280014,0.005540105515841102,0.04434729499094538,2.972587705560082
-0.18841535035967086,-0.01693616375594112,0.05287898418909463,3.392066417243416
-0.14841568324918897,0.016954341764622675,0.0646181034776636,3.047674562605904
-0.17224138265721708,0.022229811003198395,0.0985028051028132,3.1634131583378484
-0.19444178381002863,0.00045823204408159784,0.10271313809228322,3.3283993802291354
-0.16763676260605237,-0.02539202081239008,0.10525274287024225,3.3016274925523272
-0.1358380658218781,-0.02591363429860534,0.11140564785933763,3.091218902584346
-0.16016219321997435,-0.030065776701797386,0.11284652093971587,3.265724525031453
-0.12935575580761502,-0.028782303344416248,0.1327119717878476,3.235567086633227
-0.16146328934359852,0.012260974105685305,0.07717146536215039,2.8241018223408396
-0.1544186669801378,0.006745507295335825,0.08385447110795115,2.9658969857573876
-0.12442008820240429,-0.055887736202080686,0.09719344938584636,2.907277408172826
-0.15391766164972512,0.010143613663898121,0.023862308249781236,2.6918579397431133
-0.19170309461492874,-0.030372380604283645,0.04714114781314992,3.1882295009467936
-0.1703685623309342,-0.021601947185249104,0.07499728274229182,3.1560679541601635
-0.15821543326437626,-0.017856895140493906,0.04356282125063036,3.037831165792392
-0.18213490377755956,-0.01172641830874819,0.01605304416695156,3.0020220220989136
-0.10461167214778626,-0.006517277121520819,0.0008216962612098384,2.4659776198091485
-0.10131326135204569,-0.03760931844413572,0.0740789606468234,2.716141705679389
-0.09504800124447077,-0.009505161790600628,-0.026807158654457503,2.3363844034969357
-0.11442277900367955,-0.029771504568512967,0.02137654128513839,2.5577605686876286
-0.13278512706273546,0.02460425617840863,0.008221009469241316,2.547981118647801
-0.10583839795868413,0.03839654096675325,-0.05260020245594981,2.344570945823544
-0.1763417557116482,0.02622966123961493,-0.07518375972099331,2.8083976465877583
-0.2114674647709036,0.027933899350161658,-0.018746434856038434,3.072692796888787
-0.15927166269429982,-0.010149664493432686,-0.0010284995702263486,2.702352491668719
-0.1097309296774306,-0.030465732871487784,0.06581003687970884,2.656409134440645
-0.13462509844769194,-0.042495380332369354,0.04549596789658112,2.68761505693059
-0.16947229181112913,-0.0012589149108047058,0.030454812223254503,2.80754107689348
-0.1709321648201312,-0.013883717786170905,0.05129251368615284,2.938370269681062
-0.16154125928586888,-0.013546852371567476,0.05269155349340523,2.8327725195713795
-0.1500759390415026,0.010564246341282576,0.05092473928347811,2.848968106772044
-0.14876024149348047,-0.001530261196604593,0.0015115742462325312,2.709048272406163
-0.18940796928552686,0.01686105971864389,0.014534532612043993,2.9674177791359746
-0.1894682276201422,-0.02769757165074882,0.03964068808190805,3.0662203534256562
-0.17673487170115632,0.008087912417365287,-0.008184504405866384,2.6769043751786583
-0.12254871888104925,-0.02783456569173871,0.033979209910750194,2.6302509239501615
-0.15659140759037327,-0.04367794053873934,0.023284844744874845,2.6201525042696607
-0.158306643731284,-0.03191478955704772,0.03940856503143797,2.776048987735195
-0.13395314274920855,-0.013191616850395,0.005110199692252278,2.5105791997101554
-0.122447437769337,-0.014750705352067822,0.02184465587879603,2.5593969228748787
-0.13645882029696754,-0.012928846905110834,0.03027949816719612,2.650362989899608
-0.14848074516244175,-0.07919507877287496,0.053145849369487845,2.8894400070812036
-0.15118733762945194,-0.09240704652773038,0.06620823384334451,3.140910416053382
-0.17905387754201055,-0.028573439992608425,0.05671768352312051,3.0766241197423394
-0.14983758230927896,0.0032776700053312995,0.06549721180037496,3.0618884896533634
-0.15777184930561985,-0.01649753285747253,0.07178090623226872,2.9192108840445883
-0.15905059221687157,-0.010377257864367965,0.035679045888379064,2.794543951093996
-0.12785401481401895,-0.01641366764488747,0.03728070867593736,2.8126623958819907
-0.15034604060438822,-0.01362300202947008,0.06315410788339589,2.856516090687407
-0.1888564266285451,-0.004944717565372593,0.04974660573652917,3.221894009631798
-0.17099774880317564,-0.01174043725982997,0.0478492214330093,3.0307708959737067
-0.19469036699108244,-0.004557850862091334,0.0583842436511293,3.1219229512421265
-0.1571175931583357,-0.04354073404778082,0.12156521948139651,3.350258333388565
-0.0766317728384669,-0.03468015333991615,0.06188381721409117,2.770716198406284
-0.12232172432406765,-0.012370357845867186,0.07714459023259125,2.9022214936010626
-0.064107400376992,-0.04419996963463338,0.1190794957608812,3.0834357547172813
0.011620090594323144,-0.06711118520791491,0.10965242647135534,2.8261315652105967
-0.03437517179441099,-0.05866474927508596,0.06017055134488256,2.514215029830274
-0.09925846277700683,-0.06290156886454379,0.07196107141527493,2.974719792792413
-0.10688856557450346,-0.043453974238487035,0.07039546142139723,2.7917213957226577
-0.1611354476944694,-0.0022564907001690437,0.03038839234650462,2.880570760570344
-0.18615004180993422,-0.022577955525465487,0.0024714197596009705,2.9692147941277467
-0.1704930691438335,-0.006192150017622565,0.028101419401023814,3.062636093538312
-0.19195339299015585,0.039554754632922746,0.03769801912786786,2.976301291442264
-0.14082701986602927,0.041555070759363516,0.00045599644310052916,2.716208511923185
-0.18571069871912343,-0.023862118442592187,0.027562182432645053,3.1586691528007407
-0.17672191733301246,-0.019928389292672277,0.009802779766797559,3.004449569820828
-0.15588468098384461,-0.027238236165216093,0.06631393300647424,2.8082409953663507
-0.13993524526929507,-0.0781238269438205,0.07341232328143608,3.0209091957341
-0.13789151755545176,-0.05409281948579965,0.07608743315515741,2.769010369891465
-0.11250259546762541,-0.0363339440744635,0.056179841507882924,2.6047911761141984
-0.0905139129418673,-0.02342455385647359,0.03844140052280047,2.44106889682898
-0.09853533848182444,-0.07493694784078511,0.05542701616125926,2.785515535044242
-0.18716678078569338,-0.04757722846731065,0.034429370099962,3.02517203065015
-0.10492840248894333,-0.028256049273514453,0.06805256767796583,2.686555431801856
-0.20195580029921817,-0.024927518088645385,0.004901712729711231,3.1267995250104534
-0.15647972835157298,-0.04079558403098123,0.04602624231381323,2.7535522327989743
-0.17083268941654625,-0.052188581581742575,0.03087127337655215,2.946780227037643
-0.16384157369414476,-0.057829699107392434,0.03664686072782637,3.0008599603159922
-0.16702246392375023,-0.02768873003673488,0.017954200830790377,2.875489583522241
-0.20658888589423163,-0.03570306573249427,0.028006318526561748,3.2022818418444783
-0.18579489302515148,-0.010727734402367876,0.045312467414161096,2.968147405927267
-0.18212662661386134,-0.05563678701138777,0.10534345303280301,3.3128407166713645
-0.16470239020808758,0.008902227777288097,0.07540982722760058,3.1319359151561144
-0.21848982757007554,-0.05376286233333699,0.07349330312372543,3.3707481051129147
-0.12809793131042496,-0.06396107853848633,0.06854993618702673,3.024213213058899
-0.12648322365401726,-0.05176461576556795,0.03533385521056134,2.730811056461529
-0.1391815834838025,-0.05711426486158526,0.05958437306556459,2.963544373016565
-0.14047478173909606,-0.022056097542135313,0.06277866542810483,2.8974511985747147
-0.15881665192026925,0.0009580584462967769,0.08480764911831437,2.932970655563389
-0.0968655800893492,-0.03663666787945141,0.09974048540060472,2.8284599995258275
-0.12656240934237842,-0.05939185155173305,0.05404927430312106,2.8556665486332005
-0.13301943101800082,-0.02167442101508624,0.07088897512603402,2.6981747071812805
-0.16561868853556844,-0.01997246030788596,0.05492164712904422,2.9526647657087928
-0.185765965760544,-0.011190083007092544,0.037915874869429204,3.0616359091091336
-0.13365302906297558,-0.026170563299330086,0.06902683983750692,2.7911767074229
-0.15349328531291717,-0.03680182178295133,0.0501683404693203,2.839655560853681
-0.13616837153642875,0.0085541042910427,0.04521719562548395,2.7195981470182162
-0.1244294044114487,-0.04266506280054072,0.06704472735369509,2.638605641573585
-0.08394848295673588,-0.03543717347668946,0.10902240718163825,2.904402274430042
-0.21391109301579536,-0.02446635794715287,0.07092646866148826,3.4522850053884073
-0.19688151119442682,-0.038415053819911636,0.04316274164127178,3.1876573962982024
-0.10059521619096422,-0.03404965269078806,0.030449439996300367,2.492245136325579
-0.16950747651763334,-0.046083733522747056,0.028079103598481314,2.9034936467246006
-0.13686058508601973,-0.007005036971166421,0.045579190585947935,2.7776687442599486
-0.1332989504474986,-0.01368725435185486,0.05430715285642024,2.702697647246263
-0.14388781441555348,0.03215266384636056,0.02626940862003345,2.812601503423776
-0.14980330388394625,0.003763056678885806,0.05762092092949742,2.7576743222567957
-0.13825135471105632,-0.011638788052379489,0.03152629455693181,2.62063344283783
-0.17298128807376514,-0.048431659447858655,0.04198974652971984,2.916009099265481
-0.14166014955888612,-0.038820277556789934,0.02992082677913177,2.659505476099718
-0.1658437679047911,-0.008242782432045395,0.015472513505340181,2.7466424030158123
-0.09548071253919478,-0.005210052745019776,0.03926640376962027,2.47749722892908
-0.14755330280038145,-0.025865464545724345,0.03554539939900496,2.686395884115411
-0.151348831679925,-0.0053322139104950116,0.06747912201277141,2.898406431046548
-0.13613597505237518,0.022735892058356143,0.02115525615895954,2.672361871475972
-0.20055338025784403,0.023064993769899116,0.0003868574750246229,2.9926505019520815
-0.13898387131214585,0.020145575745032503,0.019108836723985414,2.5133622361120005
-0.14285281051297777,-0.03245881428624687,0.021256713329083368,2.7633356688538604
-0.15740782280401078,-0.03137110904462194,0.054495083996122226,2.793040176867311
-0.09033747333321998,-0.07213955079168882,0.0588984985383598,2.79909657363019
-0.11948944106352047,-0.05340042119301234,0.09413170004770484,2.8892011074666026
-0.19316394747162247,-0.04529883247047806,0.09003466937261469,3.2883033612266543
-0.14454638472550455,-0.047000341364395556,0.041730955257339206,2.7664763336170317
-0.138911251516929,-0.03904372908974392,-0.001759251755291533,2.6797108835993075
-0.1005271637318898,-0.06169068595990111,0.029233657814909365,2.6510978584415095
-0.14541361202703754,-0.0316403520444707,0.07958607410831696,2.960486237038445
-0.0939861161013781,-0.0021299217670468318,0.01892378060055947,2.435226314810614
-0.07986715539027674,-0.03127067747237893,0.008872700468522341,2.3232270189924518
-0.11477495517410942,-0.03331835549564245,0.05233114845658238,2.555375748485297
-0.11585626015653411,-0.0025932457718649627,0.038976938151440536,2.5215400749513406
-0.08679661480995829,-0.02965268916291331,0.019359883675184392,2.3871743934031735
-0.11336701931484328,0.02962142374753527,-0.004753130273365013,2.562839096629647
-0.11051111419373734,-0.04341684311150729,0.009690275645178508,2.5209422640124393
-0.1079280937365461,-0.05412224862995404,0.07714619651451979,2.6264787531815834
-0.07584611902017484,-0.03406907557156262,0.08854608789882436,2.568677250490758
-0.04951814661165157,-0.043684988023742134,0.05160256959170281,2.3724006696140787
-0.04602931306481984,-0.0397449739131336,0.0744851278960417,2.590188710537747
-0.04838720105316428,-0.030482032326586497,0.09066662845268537,2.4634581204038324
0.05731347692919113,-0.03232867960747261,0.07714055955921376,2.5080607649378366
0.003006362337299062,-0.02767958143968835,0.08224259159596423,2.326726209105964
-0.03005708402490617,-0.016777460608829516,0.10868304020678364,2.5792448527663567
-0.058838007176286906,-0.037405686808367256,0.08797672091833297,2.491892262382347
-0.08993813828201926,0.00763644179969532,0.04924653102300743,2.3995455418567873
-0.14371368910949142,-0.014179282787711375,0.08561007507191185,2.8810310733707536
-0.12010001262575397,-0.013716189246107154,0.05855796336539947,2.6780153820639816
-0.1787166955754759,-0.015979532269507622,0.08318943263315563,3.0759807641981762
-0.13246340282467348,-0.001835908676713578,0.0632324942351679,2.81327656795254
-0.13671566568799934,-0.04628955624428808,0.16042914704874767,3.3945653253150394
-0.14161227261604345,-0.06739198179554155,0.12655907519312698,3.181491070304018
-0.19362686265151413,-0.05549102375591402,0.11307035082956853,3.3165264081161236
-0.15635270658421618,0.04701277432197118,0.0863468867937201,2.9125220031052734
-0.15647330304940898,0.031965068248822545,0.03857984339846239,2.794459054665849
-0.16567913686277363,0.02655942733415719,0.06714704947925963,3.0048212803075134
-0.1921639731361106,-0.00455339522683647,0.045715888023231656,3.178109142325328
-0.14376346852731586,0.009522990336425046,0.07714107402288119,2.7897867139980375
-0.12090692598379284,-0.046521618273684465,0.1097316542635748,2.895881653237366
-0.09101576579718341,-0.019480858133071998,0.10174084137344928,2.7263282208519146
-0.06334224515447863,0.02610212435545553,0.03690931833911513,2.367552988936235
-0.016191632236421536,0.017422631354701793,0.06729319842937331,2.317627510848758
-0.022187487610764906,0.008870589105254071,0.06171809662288464,2.4602534455943426
0.009273631352350186,-0.01581487828380061,0.1146946007970759,2.563384527529783
-0.058954868221538684,0.017781598407921585,0.0958251069080287,2.3988626897641203
-0.07772488883371065,0.03301216388563917,0.09656287019692082,2.560764436346372
-0.10362693405236997,-0.007770103604654448,0.13718447346537632,3.022470328526757
-0.09484730032373727,-0.007646463895285787,0.12424751530404363,2.9720789761696134
-0.11918654376924945,0.00883839505494935,0.049186332239540546,2.609426994237841
-0.1401518987232713,0.020025569976758632,0.11145477887692223,2.94958639504184
-0.16997226918843059,0.003353565959848939,0.09568414022242978,2.9118856814638754
-0.1538978010738129,0.05038888323977121,0.057570304820829754,2.6337957726321384
-0.15413116140221997,0.07340635740497033,0.06409894759764814,2.8494404772980655
-0.18672239730677775,0.037725174723729854,0.06491784798383546,3.051829197183787
-0.15543142948812927,0.08773817470583513,0.003606524620998024,2.7650429739473754
-0.1796871421322651,0.069009740653323,0.024530770264823296,2.8326976619205926
-0.16236624548884374,0.037568059030034705,0.04533154445047019,2.7363566808161925
-0.17975433819575914,0.061396036548948214,0.04058997350316417,2.894427025332622
-0.1633041520321101,0.03488626332807852,0.054831131718319714,2.884429183475538
-0.17694734336515075,-0.0026142477200208044,0.057416050078680975,3.0153834705094567
-0.13681440014450896,0.022196567277507503,0.02670127816242833,2.54336910104938
-0.14899358412411015,0.007636532932429356,0.02594491833512515,2.6311618636758816
-0.09330173283428549,-0.013958253654031643,0.05449223258126966,2.355884366258886
-0.13790613975443639,0.006967538344381074,0.05612321213280699,2.664683923159667
-0.212045718239805,0.026653333834531077,0.03532546021530907,3.0874554370063696
-0.18232696352408687,0.005237341806221455,0.03593123339672073,2.957546885690665
-0.161522821010047,0.03193628529107639,0.05768673057510751,2.811175227987603
-0.14079861222131201,0.046928238278280805,0.026996778204173805,2.6344704536972783
-0.15254934037539952,0.037907855790308025,0.045699763154268366,2.7419819947979867
-0.17408287189433438,0.04823057051533148,0.04857934838087182,2.8822698844995984
-0.05435447632620904,0.021823406676008985,0.039202795933371115,2.33241115117445
-0.07321031347901852,0.02711263132959188,0.07994109484300332,2.453901873090609
-0.11667325560449869,-0.008110902827593212,0.13340771327311085,2.820316209978359
-0.15802765971547297,0.023071820290563583,0.04539855446915621,2.9126039360006533
-0.12646046921317522,0.05400437356998148,0.06818488529766255,2.7920134601702897
-0.1804549366134935,0.017859174509564767,0.09206042678893668,3.2278478333569742
-0.1105379442066232,0.03208900029880888,0.06293966854776778,2.704674137122398
-0.16845357206432127,0.03912816632742652,0.06225939393766393,3.0692823156781364
-0.18665551343004053,0.03557401588270665,0.04564589610106466,3.093314817601121
-0.1730637636876372,0.0291635788740004,0.03318388379430483,2.9533494066109327
-0.1890249150425886,0.0341265237532452,0.05925097820494045,3.1430304351897673
-0.18577116989405737,0.07725900749073154,0.043308216421752324,3.1556046995631277
-0.20781125207947593,0.07793403488422179,0.01018257023236411,3.2114599477814982
-0.1748385558972377,0.10932885661286719,0.0613088184022829,3.1404531042353927
-0.1818400568315686,0.04232382722201251,0.04511195078316981,2.945449103732409
-0.18434361146495978,0.07385896963909071,0.015505858925818239,2.9628271762816456
-0.1683562600142651,0.11435165214158458,0.03361552225265008,3.007984421004131
-0.23257287529292744,0.03747058364862001,0.08772101344298734,3.499362408910844
-0.2021648602220533,0.06870381648542744,0.06606559636527416,3.260540883059445
-0.20115260594554285,0.07096277162831342,0.03536660631661732,3.076822690002019
-0.23865795106972298,0.06870536392175229,0.005668879775004786,3.263173596143958
-0.23611733275063573,0.11505032447150701,0.019015180152907263,3.303475781080824
-0.15590168192578724,0.12259696111608713,0.03255043827039994,3.0727609169513537
-0.21954117366858122,0.11056633579904775,0.016278793681672746,3.322491305432984
-0.23178822354190945,0.06044647496851145,0.029471397459088385,3.1524121627046107
-0.22886629912614254,0.08251547790866474,0.06525556080591341,3.327591350717181
-0.25218796327456855,0.056054067728299135,0.05626931816209978,3.423248274890652
-0.17773593674880472,0.10875796444548555,0.02688242185231117,3.0522943930028434
-0.17302920291381257,0.09727487610493873,0.0013679509669213383,2.9495234540684976
-0.13650838666459705,0.05177641817318475,0.017868199160445228,2.7243184042973407
-0.23223575319907128,0.09908238822025155,0.013809200560196638,3.3706825126417743
-0.19285776334672922,0.08819383788192274,0.017663117121786573,3.0977139647632916
-0.17249122127269767,0.06460687041489274,0.019205324323866565,2.8499939912044328
-0.18687913200128406,0.03986820331539356,0.0030451288332655523,2.7850691644709036
-0.16861177875392347,0.02948970772675613,0.007144885262113454,2.7816581080407525
-0.10674416789511902,0.0023098823690635064,0.049352441710905415,2.5677374442669585
-0.11156582261619524,0.027329929928165277,0.06980883218494513,2.6247905105348934
-0.14184775282819298,0.013917200165206157,0.09676083191392028,2.90459724966606
-0.11678249174757341,0.0058394446955356725,0.09601914401954062,2.8085425230297596
-0.10055899902357023,0.017919428778376247,0.09609377798745575,2.763986201211417
-0.1486582957766245,0.055396477795987595,0.09129574648982974,2.8714558128893337
-0.16673787104776017,0.06890294657099769,0.024168694282992252,2.801831414035371
-0.19200506810456844,0.06150950360729017,0.07273735950735576,3.1089089234305884
-0.18858389940041392,-0.005760906687620438,0.1486865712982364,3.356156232535723
-0.16993169815723982,0.04269135770345956,0.09518400469700516,3.1150705536260745
-0.15155386358001413,0.011743921906997473,0.09281425727454436,2.926679902092269
-0.14430052088639075,0.03023651516457732,0.09153355752496889,2.85163273434437
-0.16188959027800437,0.022282551839529936,0.06782323591624283,2.8688231349018665
-0.20929832041616603,0.007451734628317911,0.0985958452619781,3.2168789780554725
-0.19744445350178297,0.0008100268308334336,0.07125808094662041,3.0522745425449163
-0.21593932116762984,-0.01594205129204836,0.10578326390166605,3.4158280128518523
-0.1698869382650044,-0.017291582027371813,0.1592791719348384,3.3323665623806016
-0.14630340528965602,-0.059591775888770564,0.14912401027002797,3.2866690206171065
-0.17659152105979747,-0.0203352725233355,0.14914296875264893,3.405793914163247
-0.20679416781643103,-0.0111210784040884,0.09548385921457225,3.346246479724137
-0.22070441635366295,0.0013973856216566197,0.1479653434273961,3.8290832851866137
-0.21067138004003316,0.014746880159520437,0.12002569321074098,3.4996523237015253
-0.22912359921676725,-0.0059925219123224075,0.18657888225736516,3.976993836191856
-0.18500105149548826,-0.057252083357065296,0.17335755254905263,3.546635076379886
-0.16873605975150063,-0.03324175720629519,0.1262847127963967,3.2215540780623244
-0.12698705003328759,-0.054831117181969986,0.15267746211229546,3.1212912901668983
-0.20261654830645037,-0.04269877810949406,0.16176910331406075,3.521380669100514
-0.13021782848541455,-0.028418091883323733,0.13037497980126814,3.0644144792999066
-0.1392100028501218,-0.03940412253395811,0.15805469060732275,3.2169357407207624
-0.2008161343103221,-0.053161104550954255,0.18997682532680887,3.749975834785577
-0.2564078310740845,-0.0158238433335708,0.16196502142881403,3.846568931409068
-0.23728587899054177,-0.034275359866947595,0.20253026757700296,3.970554688353294
-0.20611494452256385,-0.06833108262868799,0.22371837299751907,4.09751331322321
-0.17526787054904938,-0.05520210630967847,0.22007578130324446,3.8238942572030528
-0.18559895575686897,-0.0753670412327947,0.21932692947669075,3.9182021588790508
-0.22329525715443055,-0.027908724300905123,0.1801616882478767,3.850149270516118
-0.24634280453649698,-0.05318313257325216,0.15614314680259841,3.892680202559075
-0.3008388755229475,-0.053916527103293234,0.15676931292519494,4.144863409194305
-0.2774324777214052,-0.02395987500525045,0.11379271785427046,3.831793473193591
-0.29414905033543914,0.004911004225059339,0.13310126532752456,4.000376366284829
-0.21310093969664082,-0.05807293319434988,0.17161694457381585,3.699861832530124
-0.15450111747801523,-0.06159543378120778,0.18413182568183847,3.543194299146425
-0.1782885257239256,0.009383226344999591,0.14487154123417267,3.2748470023903034
-0.22913961879487654,-0.00030208798650727874,0.08995309327423229,3.407481257093263
-0.22642225738853192,-0.028784259693718915,0.09426509222097243,3.293165807281095
-0.13367866593929897,0.01783631116924099,0.07244902667349185,2.7792970868491795
-0.11766719996000312,0.034061754237135644,0.05240308220020147,2.8431777717817024
-0.13306258086149847,-0.014112340964300607,0.1520830385215156,3.34177375601085
-0.11560013800576315,-0.0018635863825079595,0.14106746542608695,3.1995600462273375
-0.11787561210805794,-0.019842491908214233,0.14356362974022674,3.2538039133455516
-0.1476054670785073,-0.04635729750150685,0.11372667524049414,3.1296685801909123
-0.06694825654928033,-0.002955237078220424,0.17782523191079108,3.1373807448614155
-0.07742928945291133,0.003216691565839604,0.144642283202742,2.9843923652858932
-0.08862674116641882,0.01599092120983976,0.06710022075173316,2.654458033064723
-0.09863818206874736,0.03532345555523364,0.11823449567277199,2.812846194371737
-0.10131342542135122,0.011030655646357915,0.11743779912088764,2.7089581492073767
-0.013450898374307945,0.005991397436940071,0.1465978507024207,2.5826110486751688
-0.07459879391987305,-0.0058196345093710945,0.13526379656575363,2.7053369542146064
-0.053875362608950844,-0.025946578967915072,0.17444423383509122,3.0519236426685077
-0.08321207071477672,0.009126153845977645,0.19084273566566148,3.352294189950417
-0.10654821687667931,0.01834264765152555,0.16853293527581065,3.3494522044676827
-0.07694598270784363,0.043179503175709996,0.0977227716729027,2.5310445107149326
-0.06025914186125105,0.028113152592008063,0.08944843265483196,2.5022226935356544
-0.062272431058161895,0.014017068392167589,0.07815900673803401,2.3490618361085778
-0.054291332149993404,0.007462296206374927,0.12880280132232028,2.6575186476323474
-0.10876157428863388,0.021457141557344402,0.14913990637130245,3.0352302768747785
-0.060110410849909715,0.014919034969794761,0.04549702867928476,2.471572749281327
-0.06391296835116068,0.0454628636025647,0.0591796472549981,2.4184416594467146
-0.016417651837681225,0.012098469520066624,0.07457136811651349,2.4160183475625527
-0.06250764371147195,0.018254354334742925,0.10156849182186073,2.6794773714563087
-0.11274833372461379,0.020716024920330745,0.08492471759154778,2.762879401964835
-0.16230037167835618,0.02354799676107474,0.10717137249451263,3.0872706591627757
-0.17359813127697493,-0.0156673716384479,0.08773528943559403,3.057132099364567
-0.11849435059025357,-0.0324151106015279,0.12655378095085415,3.073754249439329
-0.1397758426109003,-0.040698959193165456,0.08035326095361756,2.9909794991303773
-0.14219983171826595,-0.022493962130973728,0.13194929140709244,3.144609045433404
-0.19133352277642737,0.02010321944188946,0.08913964417208842,3.1170107461745022
-0.1779143871809081,-0.01400537328607483,0.12893408303132067,3.3494545095294175
-0.16332317321945714,-0.02539388722644756,0.12529269145366564,3.312667942023258
-0.12400699396564399,0.0011229708211022919,0.12767883265764024,3.026440190220459
-0.17140373271431428,0.010316683315824502,0.16107963754536198,3.35815229476304
-0.1692799925958918,-0.03335273585724687,0.12193341334198161,3.298828465413083
-0.10610762545797531,-0.012653038115406154,0.19759411235682842,3.292212496847942
-0.1753588153132731,0.047751161334998744,0.11846628085319977,3.267152553913637
-0.17582972778382394,0.057783889625349485,0.11934244703876186,3.2192931089850614
-0.12793796372718888,0.06416114789636564,0.0895688556278326,2.938175314736683
-0.1432423114392322,0.013108525632652124,0.05893978065968617,2.9160240100413106
-0.1182844528375861,0.050482343509374514,0.06215724478673993,2.642605760406251
-0.1626858236546929,0.07367242892033037,0.09377744496035585,3.070205356384777
-0.1995886077018092,0.05986036162834198,0.027423021561992268,3.0687128896921076
-0.20247149950933432,0.01132541062112066,0.06278282856615142,3.1376008176834373
-0.18832969645314546,-0.01778285895927561,0.07835650771120486,3.1100238431012603
-0.18928355460856536,-0.013630028384712604,0.09160668449757962,3.161168821391867
-0.12398924855666374,0.05105264861473316,0.04050200163000967,2.62500207588836
-0.13277015484161003,0.016017621381908008,0.07824615995037272,2.957973430929914
-0.12517943490016537,0.019743259890269014,0.027058246064271412,2.7017749497817287
-0.15369509780065904,0.0467037351779819,0.04178248690147861,2.8303662995468124
-0.17255803946141238,0.07444088838320069,0.02107662916987269,3.012875183531837
-0.2075921095502136,0.003645640512835253,0.04175790876219312,3.1582031018688452
-0.14390151614320473,0.05137979903816042,0.07040157966392634,2.7200201137805475
-0.16934537955187282,0.0358663909601723,0.05150458242445683,2.9954929927569007
-0.1242301961870854,0.015764678290337564,0.05879356512194202,2.741881422679264
-0.1711058180871881,0.017120132630376785,0.08272309909038197,3.0107677409013016
-0.17188704163902124,0.05290052673593676,0.08549068225425777,3.201340310720931
-0.16495971390292172,0.029479430609512493,0.12596199352938475,3.217604041190439
-0.15669086001564717,0.02801310746347909,0.08022108840297731,2.87482849677563
-0.18246294040594813,0.03045311540863368,0.06360537102927964,2.8811208401739905
-0.20089467829518498,0.048542425802673275,0.07437550503473613,3.108431704803718
-0.13496153513522913,0.05561057764156726,0.05174768766792284,2.8491180111576964
-0.13639871543627044,0.008311019789764236,0.04042522285346067,2.7731765837191173
-0.07703451372277569,0.03934301423176606,0.09394782977263387,2.694498147877697
-0.09640282547577825,-0.02052771168904089,0.06261439509360216,2.714345844629656
-0.1568570999199107,-0.04695747985838186,0.1411665105963037,3.3007142431057157
-0.1367574539471711,-0.004887197149689646,0.07202773235295117,2.7813641867402796
-0.1747356502854949,0.0363229127668929,0.10088097226259282,3.3026235109084503
-0.15404246793390125,0.053769918570606354,0.07467864871804357,2.9616642776854856
-0.16263493724669237,0.012156216383869465,0.10344543626788276,3.247725184619863
-0.22640260721537925,0.015429261005901668,0.07498697406790905,3.340430885163456
-0.14420498043924976,0.028131106114063265,0.056257491374699264,2.8168232352669986
-0.17648043041398598,0.003616870913376981,0.05907639752567033,2.9445832786461366
-0.21982471154751868,0.020487280658215902,0.09035676870949758,3.3697295879350952
-0.16427958511977883,0.03304290167445916,0.06419963489959131,2.9585133624703355
-0.1753118836357502,0.032778670466646675,0.0683879200951803,2.8665511076976617
-0.15894606269474154,0.036604308906464225,0.049272444823054054,2.80387695304706
-0.18260019929789797,0.00950711738439456,0.11032551340471285,3.2079622572726647
-0.17148623309946393,0.024302019452731003,0.07637040609340655,3.0641620016736244
-0.18506044763897553,0.0056732733787497975,0.08008614560195715,3.096401853135676
-0.16168796859006027,0.010891514748536205,0.047352353042597224,2.9435059723179755
-0.14642353605954572,0.03622495958562894,0.07739885217658735,2.981514126417654
-0.1829280297197035,-0.0028366399506896834,0.066684622619051,3.178243289117369
-0.17615308711593608,0.03498574862665587,0.060921546491287795,2.896928918213025
-0.1412039506416207,-0.014647897222867093,0.060763748842798365,2.835390212893064
-0.1600086090723021,-0.016400164185471154,0.0694128371310361,2.9826027476468613
-0.11767093467926457,-0.022043861410637862,0.05602275268574368,2.653550690377407
-0.14249622840107257,-0.05152162400580582,0.11485328862011919,3.1166671390915877
-0.16150621559346912,-0.05453254924980642,0.11167096626355434,3.194447564509901
-0.12150067920784409,-0.038093601717661615,0.06355215977382636,2.8330459649056747
-0.15713557499790018,-0.06671500402530238,0.04614179800200327,2.9704732901154567
-0.16363115959972002,0.01974244301121613,0.03923680463381707,2.856216619242849
-0.1311280818659846,0.0042934158236397745,0.08544342650810398,2.9819589682000895
-0.14363065183903254,0.034191139535701735,0.06087797011689394,2.762969959437357
-0.12270798589512998,-0.01032718125731456,0.10195450439893099,3.0348658293665247
-0.10850156111368378,0.02748594229252287,0.09661711845444425,2.7258642317287713
-0.14180547390671053,0.029145050942614725,0.08878236226224735,2.9660497895848064
-0.15702703129620676,0.013497959891837401,0.07307003081882152,2.771145370324009
-0.1574950766447715,0.017097583710817467,0.06756733648044001,2.8543088027009396
-0.13504397098235218,0.007029909477573597,0.10271024171418593,2.984819052929905
-0.16208044446862577,0.01974418358850841,0.10848428832428236,3.0257748772659996
-0.16087630829066124,-0.010656113880203443,0.1445088411964188,3.2633521434596164
-0.18110344558678518,-0.004383903928842111,0.1099006254402547,3.123345659856188
-0.13409994025108637,0.05193379026668394,0.10305328963336426,2.874808730322029
-0.10197176043429784,0.038509343929377694,0.041158161185710494,2.4904632692001987
-0.12004900932303382,-0.03199251545166434,0.12316528382930667,2.934040016510672
-0.13330794092969164,0.0018080830094765203,0.09666883663928114,2.952415467345371
-0.17613109049290557,0.031095007655435724,0.09485331003745635,3.0102672574049802
-0.14319557038986716,0.005581327059206823,0.12436119496644842,2.9809407719914436
-0.09827283361658878,0.011708050302440626,0.09569651876202943,2.689862173102583
-0.13541069477426182,0.014534834402323274,0.12208630952504035,3.048850439890505
-0.08686243446500111,0.048495706139665674,0.1029287320691174,2.555043177856433
-0.1635269644766692,0.02388037456481235,0.047906471300637826,2.7987951992700584
-0.11096182559531924,0.025736681870947617,0.135923930621196,2.799062963370081
-0.15813341894716135,0.0018417648352122807,0.05545818405862576,2.6361099637084022
-0.13874665197836586,0.03036397573732935,0.06067914185579827,2.5814426765486416
-0.13103010606014087,0.024206279627178348,0.06782383677405014,2.706837633901249
-0.15605303375339516,0.023660649354503443,0.06486607714028321,2.808263909350446
-0.17455051164989724,0.02158275753064901,0.09006572317586707,3.02241111607372
-0.17857452648359928,0.0434989703661323,0.12506708767927857,3.2113753772948788
-0.1304761565623965,0.026397542443654203,0.09349646949726183,2.77917782332573
-0.13051626265189076,-0.0040143959567481005,0.11079711948671728,2.78714253857003
-0.09699529362182874,0.02180445733497504,0.09653174620826394,2.5069736998881123
-0.08129569363607782,0.059136390802967786,0.06448052272395799,2.601313175675772
-0.1265396347234898,0.037624042346113336,0.060996508050234446,2.665239024483405
-0.1588144224458012,0.04767940360514144,0.050951138922327596,2.81463345553434
-0.1424478868204154,0.03940326613754828,0.07225690002766515,2.6984072624442215
-0.15420992387441965,0.07730061982871875,0.05117814621826938,2.7663280881419525
-0.1337644242297643,0.05181504249400494,0.057759151986678504,2.684806823357707
-0.15247433526539675,0.008676137391461107,0.1164122075608477,2.952439137103254
-0.11535756954597139,0.034647395243122776,0.08382212483372448,2.7707060396553143
-0.1564146441506225,-0.0039528619112025355,0.13926923752425824,3.17012933565004
-0.1441631623435728,0.000731108774471592,0.11321441210053766,2.987130423350698
-0.18876032464197365,0.009224564201120873,0.07745696793255318,2.9589645063301835
-0.15015276870590802,-0.005125865070101746,0.0992969219845749,2.84710853074351
-0.12174135729955557,0.012769603792644905,0.056916958874256574,2.462527589074763
-0.11193666942498656,0.015997234426710607,0.07491547564454143,2.61765638849059
-0.09959209105063124,0.03595397876554249,0.04910893065791757,2.345314667194963
-0.16558262995746434,0.011963079623637985,0.09415674828863146,2.935813481707223
-0.11704197871651197,-0.017557437306540975,0.09824042587792314,2.79744077513346
-0.11561586274480416,-0.03790506403510516,0.14997812407073718,3.2417933337018203
-0.06097922838668526,-0.025506274516763065,0.12249474598226767,2.723431284107197
-0.14857444840839476,-0.01805476840310059,0.14838112324626007,3.186331811894143
-0.18560456143435797,-0.015250681849697238,0.11750868481539006,3.17774197722478
-0.134040580095803,-0.009163881752148526,0.05862641526461624,2.5768964278221183
-0.17652594924534817,0.07072351187591126,0.06975551163314213,2.927419593207016
-0.17131826824416396,0.04309501845179745,0.06761103447586005,2.9076070819316913
-0.15078698912313507,0.06977983687652378,0.07141896464692143,2.9158907082908554
-0.195005227668396,0.04730540238014534,0.11237624449577181,3.2559909939547045
-0.1518706892492429,0.050844463868142224,0.11090774268818425,3.0786170404623063
-0.17282407246393486,-0.012418612096447021,0.12346287247958125,3.1715067897572715
-0.18590468104601965,0.026836649402093606,0.10623806638497539,3.2930084420492802
-0.17093118791347023,0.023968582375759016,0.12435741006991531,3.2570954492565405
-0.17837265352272316,0.06266641660516818,0.1187081085706765,3.2459295004639577
-0.15824869037425698,-0.0006294880593823067,0.14800490557048196,3.1364254985469415
-0.19610490879481693,0.048891002902365394,0.12848949846502067,3.214277443953421
-0.15791505986035667,0.0621024560067186,0.08987614543592827,2.9901648283007813
-0.18844316470018735,0.04293914921331158,0.08584037409539072,3.0141000206126973
-0.15251538948490168,0.017765856324419675,0.09613566895524278,2.995709137246365
-0.1674759263841744,-0.007458246767899037,0.08700798071728581,2.925561928656063
-0.12855148903393152,0.004316949155107913,0.07413376467699137,2.719221593017868
-0.0916110838976781,0.014358734937290061,0.10675496511509278,2.6684615614741527
-0.19127916504455383,0.010908245341194103,0.10010213208318604,3.0609166679628093
-0.11365825241708465,-0.032572144361646425,0.03743245975063515,2.4854263752916115
-0.11178387856357044,-0.02828799296919453,0.08763702544457258,2.912308615707776
-0.05310084631612562,-0.0038799514979364616,0.07588128403209736,2.626957355042445
-0.08051820945782126,-0.005255120647284735,0.09314367842065824,2.613105646401459
-0.05792587582925535,-0.006704288161027153,0.07041824860960737,2.614539929928383
-0.041364937979280335,0.0021652401328664138,0.025345269821443413,2.1741824650281107
-0.07709829840463191,0.04902985157962355,-0.02182537047084637,2.2164392604828866
-0.045284047709709466,0.08819997566293578,-0.009164048035669876,2.193942501660764
-0.0754033443842933,0.08578383818399465,0.030152826895193018,2.405046086396664
-0.09703155805459374,0.03208183745331861,0.06637537639859403,2.4438044874237788
-0.05135053595848376,0.030684503149962974,0.049660002830935544,2.3356543290988623
-0.0924195161167903,0.04743031683365549,0.06141319760493334,2.599761393833794
-0.04515843033228275,0.08356651898911482,0.024846501062053918,2.37727340295872
-0.06428483764882857,0.03676832656335086,0.0772499433157525,2.4586985796404663
-0.028468636410122223,0.004387915386277498,0.07466931113548464,2.4158281779706465
-0.03328883989178414,-0.008562030247668388,0.07488984233803411,2.3490934086364454
-0.05448697474290939,-0.023237826129760004,0.09863222892702966,2.818271560183979
-0.11405674371879063,0.008781511698200468,0.12379511288414173,2.9265467283320383
-0.1427577560059719,0.013583199401596788,0.0787508568539458,2.923927790918959
-0.12504240958695698,0.014177851544015796,0.07900636310930748,2.666371408795992
-0.06013358426255286,-0.014947382842101942,0.07701790475409971,2.386664219831325
-0.07093857022491425,0.05662160041361948,0.04821879187517419,2.4038995536798766
-0.06733532278027883,0.06694978207179085,0.04920835485154401,2.398089008014389
-0.06323495320959255,0.0410569408294851,0.07486521421930911,2.507844579134784
-0.06697621585833334,0.04056268671582852,0.0771574444096104,2.3240925543366124
-0.05847373985276749,0.08229370962919208,0.033383854478790366,2.2469143712037964
-0.07830866950278723,0.03823608198966502,0.04789616281233599,2.266850748729763
-0.01591447716312777,0.020367956855576755,0.07345255331479712,2.1826874383848027
-0.07480981895845851,0.044708752767755475,0.09098431492615246,2.518566800262747
-0.06521451653864688,-0.010564374130791336,0.09571658731264336,2.411393485062663
-0.12178283672582263,-0.0008570320540166638,0.10320814916785777,2.826229972022111
-0.14995432605116188,0.003329455329684056,0.13349164492469515,2.997153279838951
-0.12004616714623775,-0.03570487577929855,0.13132175909453295,2.9016077755686633
-0.06917266974552672,0.005827127447835838,0.10863218123414926,2.689800971712297
-0.10990021074188316,0.009765877654451008,0.09301031055749528,2.755970225358272
-0.13790150619672484,-0.010186322369468008,0.08104721839111197,2.6420060717126286
-0.10354240685994162,-0.011699100868030055,0.11431394324928988,2.7086520807175787
-0.08874115572068453,-0.0493079522552204,0.14485850779637918,3.1289571242058605
-0.05681692889053349,-0.03467966631398945,0.10147457722722265,2.722060448921493
0.029329320256580294,-0.036593141317924224,0.09670024452732338,2.665498683774138
0.0013713971082417549,0.004030946456921275,0.046514114189348525,2.2643207664340435
0.007363033041536012,-0.025135190604069966,0.04103574099920642,2.1962897105672283
-0.01086005897197535,-0.009550277253908748,0.03338587735060486,2.091729325265264
-0.04548412193226148,0.012755748555242093,0.07676935162450431,2.4339295616413845
-0.04247881516594164,-0.027381387398995333,0.0956127845474386,2.618906656604297
-0.08381700685104318,-0.027299368992205017,0.08328824674991626,2.6156653653270054
-0.01618783176924458,0.005310183316535707,0.055632591355820916,2.193498550852146
-0.04795164778580407,-0.032578494125822664,0.09600134155772262,2.691799250110896
-0.00018009399293188261,0.00020407122203919953,0.09882200534071553,2.4334449631095647
0.003817574084635939,0.04508906622581392,0.059003853628031795,2.157372512569999
0.02535636285116992,0.045249194644624915,0.06359370773391851,2.149170419048823
-0.04596878922032307,0.001112356450840779,0.057402651771196425,2.5548062919065933
-0.08909325737242944,-0.017834847748204728,0.08017900114145485,2.609581358434793
-0.07163854568817843,-0.003022336550615873,0.02256922835496028,2.5817981692785024
-0.05935962798275942,0.01352133680931315,0.008602566123257292,2.494443687586612
-0.0933602772365919,0.03473286886115364,-0.012851654777809753,2.5186550093343922
-0.11764471392389723,0.041304024098167004,0.019854632433411797,2.3417416246890133
-0.09413925619496155,0.03552002041770457,-0.018418131840372814,2.3380703535529355
-0.12476060482166124,0.06197389034645557,0.02998972696123865,2.516474707798409
-0.09250740021765463,0.0574289647586845,0.025716666561675906,2.304830496477827
-0.06665072927460511,0.042251669708056834,0.05844366697118506,2.5488699319353736
-0.05668359870277743,0.026866943710482753,-0.001707383807294428,2.208878047603889
-0.08064762557170148,0.058853031111362156,0.05228196519067966,2.420605214287631
-0.07386998682349627,0.059046197059231274,0.007052579582343737,2.4106472282315456
-0.0845365179236225,0.028674721835510435,0.044256489392517744,2.352086386748964
-0.1085840713902728,0.03306879913638453,0.05808819847099917,2.416745051666102
-0.08632572100611716,0.03230952689547371,0.031106391809025784,2.2208690612962707
-0.07927113117032082,0.043148838784381256,0.03372677539919745,2.406880631925696
-0.10315105045326055,0.012358092499962992,0.042727145945465984,2.3527229287010236
-0.07544807402933343,-0.0028180761514121585,0.03798723498327133,2.247734883147619
-0.05301506828236081,0.022844247233028702,0.037977629731400696,2.275968287453104
-0.06792497892152484,0.03126270564445099,0.10366244070024733,2.540627592294003
-0.09147696081053275,-0.05547717432181811,0.07665563223559299,2.788260041319722
-0.10185453188875049,0.003237591034701973,0.08878029738534668,2.7156799088087413
-0.11320413518521802,-0.002204166923616449,0.08773935382365763,2.682211754920189
-0.08146378540366853,0.027476800722224356,0.06956812401046496,2.543002769865001
-0.0477532822668705,0.042424954470711124,0.07080749004441686,2.218072176157217
-0.0322606354815571,0.04552031989649484,0.07902219268385739,2.426818355117273
-0.035979253351036675,0.03662273391143851,0.0560814396053344,2.356247234023577
-0.06871055082239699,-0.001639529578170679,0.0548192710397838,2.3963241395415444
-0.1204471344498452,0.03575600607520261,0.05630343265286943,2.6365049330204635
-0.12375437313687891,0.050339201288752806,0.021510117616299028,2.581556949349786
-0.05472249688270752,0.045182205648953644,0.029783584179431336,2.377367263078515
-0.07975572754505994,0.014323870892605244,0.03031720054250165,2.445083212464018
-0.03636279612496213,0.02822918249377343,-0.00801107459800499,2.2444684610620627
-0.07722933977136365,0.07256908927193863,0.043454681952453666,2.499746758776183
-0.06086647171999145,0.061394676154652765,-0.018169570517011405,2.3122595945053432
-0.12624669493086485,0.043072685193553305,0.0038007644285569624,2.6766536579083007
-0.04011349800773893,-0.006599901625286129,0.050905161393437676,2.3735138160545857
-0.055762364412909826,-0.01753656156926915,0.03996576947302089,2.4145780794591762
-0.016336857679440965,0.005337674454002245,0.015261757048530373,2.108256772334896
-0.020372050945742046,-0.017680717239470987,0.06722699264522704,2.4139931170447357
-0.008113129075070393,-0.05640730073486137,0.07888285187609181,2.6896275003389207
-0.05141857400419406,-0.05014113292390907,0.04340644111709423,2.6898729800040693
-0.057106809630365823,-0.040406089789519616,0.06223025017649845,2.6094865837324863
-0.044930600158541986,0.012626958090955582,0.02495290900802059,2.1237001485017553
-0.07037058610230805,-0.006684241574769309,0.04063312078103396,2.3539928683738705
-0.02297240755756744,0.02313850976564923,0.02926453116538753,2.2098451112882596
-0.06740878063862592,-0.001383767048394547,0.047888505491557196,2.472142098697051
-0.0447860772504396,-0.0211339293266546,0.03331744725916055,2.3177615217609655
-0.014802298450729943,-0.028205033149406703,0.07903303709264496,2.493944072729526
-0.054084635841740294,-0.045854218103465155,0.07917607691217325,2.5772877985594613
-0.04723357931572639,-0.020847160918416794,0.09031001891363995,2.5857630737432182
-0.041948597023471125,-0.024547854672688444,0.09438790979022493,2.591756084573028
-0.03860112294694216,-0.00907040947119464,0.0512138481296986,2.3019824525575636
-0.041042490014528206,-0.0038286756630138453,0.0777043237942248,2.4377527542458277
-0.07555235237624049,-0.012607521404484755,0.020719418114289217,2.371141687076518
-0.0748726521744144,0.009664531168313228,0.07177731712406801,2.5007231116987594
-0.10099913151082197,-0.005176809604429913,0.05734446890817202,2.6050701661681357
-0.08899798607813737,-0.02234867527349024,0.10700990489148139,2.694311247608974
-0.04407079723111456,-0.01397030186991323,0.062411996625123416,2.587555181088384
-0.10167802470666268,-0.0007207904780631622,0.12871372579948834,2.950812041243175
-0.09385700014132461,0.02655760608429631,0.054245130859769806,2.47738563244707
-0.1026996847335629,0.004659429608994502,0.11193444191682461,2.6925746570197093
-0.15999547147587043,0.04428259353491674,0.07314665851962003,2.798019185808856
-0.14015002375359079,0.04408332178001686,0.06348594787488589,2.8250766903140687
-0.07925088504944525,0.02200182792074992,0.09916081265695745,2.700424395520149
-0.1129519539290265,0.02605911190537659,0.0791741219431701,2.7417685748361533
-0.12033365792909807,0.03559258341265221,0.08443474849734015,2.669136432853876
-0.09646682350893346,0.030377571385343416,0.023877860383080866,2.4456380535290285
-0.14686186212954447,-0.006979234246666604,0.0985702618772047,2.835454540600474
-0.11167891294843213,-0.01625634207508329,0.06767409318832428,2.5823438573486226
-0.1004078686221081,0.018151954186614343,0.03495626572820471,2.5351574446046774
-0.1256282722145438,0.0566899341767639,0.03974222602183374,2.6831494680052086
-0.09451854439290186,0.055982621046696567,0.013141392397581794,2.424848544915987
-0.04792738500315652,0.012766884254306145,0.03047838877884352,2.3334218712800485
-0.022802340626502854,0.0403477535614072,0.031188416337188888,2.1897114208866206
-0.06204720916228049,0.04532604811359255,0.005423060161964232,2.3465005960470116
-0.018771741725829336,0.0675333661392926,0.005798039857485405,2.16330978930899
-0.045432498694283015,0.03277357663125274,0.04062434738099641,2.350584437413408
-0.04891093457731351,-0.005621462534746811,0.06785590635944004,2.470275093612411
-0.07268934275547986,-0.02932457619854268,0.046506154201081534,2.610045568416358
-0.08205471819150824,0.016769116378666307,0.03347398359380347,2.472881360279947
-0.06665391412484284,-0.026856477546076972,0.05029254049000733,2.4915328311427083
-0.040837871400103185,-0.021236687084187245,0.05400237002732533,2.434898808743081
-0.0847592700685366,-0.05102594208344581,0.04849991487673929,2.492681488579417
-0.0818170738904355,-0.041200371497725506,0.07370988077285928,2.751907193352561
-0.03069910719823516,-0.00041482923003215974,0.051887258523007754,2.410780517312658
-0.028292278942801848,0.003932247336207983,0.06922747979279142,2.442652597677573
-0.05628833380413193,-0.012000168178482045,0.06315649031195565,2.5741016629812457
-0.04513786856086501,0.010690528583930733,0.03406650363884799,2.232279071958715
-0.05352824860915082,0.004258492616770879,0.048738713873631226,2.2338361064670664
-0.06600625760616412,0.005920605370971691,0.05730970292504442,2.374190792552853
-0.05244164630253586,-0.016434700730625484,0.026153762809117458,2.264910412759205
-0.0538378577920429,-0.033351787292996066,0.0732750297816627,2.3732391916130164
0.019938822840773744,-0.015274913422070437,0.07251433728197615,2.305375155437276
-0.012332916476414631,-0.0012652283071102482,0.08404660565876937,2.349252568551006
0.049970791990605334,-0.02143283469524982,0.08635470121959896,2.4076518214397504
0.05181435439507585,-0.02503483473639013,0.11896257629425226,2.565631231885543
0.014144870454214024,-0.05272601643896348,0.07072182808351986,2.510091541502638
-0.016334703442029804,-0.08741982859400245,0.12429005541693088,2.9614201612066475
-0.05033194926342021,-0.0797263247473613,0.14284081757135633,3.0010747365330572
-0.08273997934415828,-0.01660768838461455,0.09437096996636607,2.861228186488957
-0.04214508258395215,-0.0033518907583192014,0.05918464834696246,2.4566172627156027
-0.023660115573216303,-0.014627815054804677,0.06230362131601785,2.22960984185137
-0.03583923466810574,-0.020934004136496383,0.1060807074170584,2.557652260959783
-0.0672011797925267,-0.019801377947436742,0.09509050349186603,2.6095133582096883
-0.03125851637040097,-0.05095721085739465,0.08717542623823767,2.417982362106322
-0.06878018615649924,-0.06325545567360004,0.12819657438665802,2.948086473125405
-0.06827467403838465,-0.03105948529706633,0.07074720144836241,2.5143306838326804
-0.05180975492992433,-0.018291712677623473,0.08269071370883517,2.57572767655964
-0.05583669447759091,-0.01277336886047211,0.11838537974286789,2.6983772255748577
-0.03633730618043422,-0.05007053263066276,0.12368773526522493,2.7260573751665036
-0.06616746529101297,-0.020377974751595113,0.07089127318053182,2.498872739441208
-0.06434519741035845,-0.047529360942461865,0.06035804046349056,2.469733042082534
-0.06490420854507735,-0.012029048209121884,0.0808133492089536,2.5460850437489633
-0.05078547092176767,-0.020754085955640933,0.10565090194348968,2.5459071495366588
-0.09626400939781148,-0.05618299677229826,0.08857132732431942,2.666263398216209
-0.07264706837119066,0.008605837115725021,0.058068659149930014,2.366578673527641
-0.07697753608277767,0.008051990568491976,0.057611209731631856,2.3439575633424026
-0.07686538014982303,-0.023050752893080326,0.08733843648719694,2.590603205528454
-0.11023426201782534,-0.004460690544640778,0.09894807638270751,2.662219890890706
-0.09829190177836607,-0.011064717780608286,0.07506248131381552,2.5389041807940598
-0.052492481628718224,0.028164769236052236,0.03181096741704152,2.2764805605001817
-0.018960597588999806,0.044386336470843606,0.021534158247118157,2.101985139629657
-0.08597905037063541,0.04516052979727516,0.01514484465180413,2.279034097670007
-0.035244276699270084,0.056094649489103164,-0.007080059923543451,2.10151719431345
-0.02478070605855387,0.017353017130459492,-0.0074884083183179165,2.087216620236917
-0.058819568000950256,0.029653924706837892,0.027594242068091652,2.2997831033978344
-0.022185760480335586,0.006839166309447206,0.054292267460449725,2.1345707056228616
-0.0028526732882618016,0.010460666747659095,-0.0016828030497551953,2.2401209865071188
-0.008880560566076732,0.027813301701404378,-0.02361427572949096,2.1552046161346623
-0.0894603319025715,-0.018061258188956195,0.07044934346355292,2.495172567911033
-0.11286155828253619,0.01832379645039559,0.05251276827872875,2.5449813049132706
-0.13077222910795033,-0.029135989829582973,0.0845092705457707,2.9350694452879487
-0.09378611498882057,0.012507661886575023,0.08712363960371808,2.5464031794192428
-0.06421563040045233,-0.0557520513373039,0.12163783830920125,2.786555677654648
-0.08131308513359493,-0.04357640572167645,0.11016697119723026,2.784831150280123
-0.041130888435493174,-0.05326043985534982,0.07006236759151874,2.5404188198254842
-0.07422104712176918,-0.018117588016494598,0.04146828642875847,2.3764897628111035
0.005865043812390917,-0.06803868859678408,0.13044497794148815,2.834881369136462
-0.053596850276569324,-0.030506787591420205,0.06350105726850237,2.4915236764032818
-0.10010366320844295,-0.03734939565546861,0.07681973779660306,2.624247945966714
-0.09989207493876534,-0.013699199075251524,0.04978271634390137,2.482322651448705
-0.06597974776861126,-0.03720270867304949,0.09354222795719182,2.5504503086020316
-0.07983043061609307,0.021339246329089942,0.050277893910360354,2.30990505147926
-0.06429193278270919,0.014506192686364758,0.044662666324925916,2.5511672184901113
-0.06440409283393823,-0.021840174363012818,0.12388945651924273,2.9841665736986127
-0.031246299363943596,-0.07573702004169157,0.08972977894643146,2.7342951786138068
-0.1180938510402907,-0.05345451800058,0.07963252176143439,2.761564800694858
-0.06760118841680236,0.019860788395470584,0.029157210301631598,2.452266023098656
-0.12603176656944634,-0.0015345219588399146,0.08307468291326366,2.7858008136435295
-0.10287364385329302,-0.004599887702782028,0.07317842551767872,2.759401135984652
-0.15586085460808558,-0.02519806981850998,0.10544344663369618,3.2431743007631164
-0.09514655206586925,-0.017336022417495815,0.08960614493696033,2.6640612761409623
-0.09461473062363243,-0.011040081968233398,0.08938186321052136,2.6784291865062526
-0.005861398294866815,-0.021107689963654,0.07185270263651301,2.3496207286659136
-0.0511314310226156,0.02826774700216073,0.09292031336986414,2.332056570479505
-0.08194862420145006,0.08513264422208709,0.08034715005594457,2.622341082131753
-0.11816619993373043,0.04434862297666938,0.0858669120669122,2.7531194364212337
-0.12806669688368352,0.01925574904170746,0.10028791768051297,2.7595501334718895
-0.07873252575056841,0.04798774372790904,0.06997521871168656,2.497705218548469
-0.10161815664076451,0.020893741713541122,0.0595222298345451,2.520247524948551
-0.0884161053827918,-0.05500218659854972,0.08631522659241578,2.616417347901547
-0.0657124837993313,0.018248024124956734,0.09701532554311584,2.5213914432264275
-0.06629898428537394,-0.009321649358453282,0.053830358052865415,2.584088878160172
-0.09433533703843021,0.01113797475123876,0.08618676980256827,2.7490449264395216
-0.11945518053195657,0.023569427530589333,0.04480990328272993,2.5239692113857832
-0.09351527413622879,0.05173560551911519,0.04991974992399138,2.47421367724675
-0.04576008109140828,0.032064386285099035,0.06164932754661315,2.260591892068229
-0.057019584763276156,0.042921138562465766,0.09763048624376532,2.4684930484991963
-0.07157925101229869,0.028552752131080886,0.03730344976490308,2.280780731873249
-0.07778456019493254,0.017081072389135192,0.04615724492159037,2.268896444702371
-0.033070667667565376,-0.006954478796299992,0.09258623930183614,2.4286928975676285
-0.09559442098402263,0.028904520323200858,0.07616464805877982,2.459401877991411
-0.06626095246962029,0.03885118145814073,0.17475493275122922,2.9633422542941026
-0.08748666599421105,0.04272732877537611,0.0882125749098464,2.6674475051284836
-0.1535430604495631,0.012390551050516906,0.09804572321155139,2.944809324348365
-0.1349954126106368,0.0363320142528256,0.13350436321071954,2.9728272611715596
-0.1252699912468554,0.008989223779075706,0.09554645701248923,2.7661182096424413
-0.0809366714358059,0.01336687374078096,0.10675360212087225,2.608792115377336
-0.07746855642306182,-0.0018845661792052497,0.06246147258001709,2.3401069836484885
-0.09013525326451136,0.05218163931801061,0.04867853725362885,2.551207482327406
-0.09183085852991223,0.037670559822308256,0.035050279057716224,2.3124402621547837
-0.10102993213624742,0.05417278757836058,0.03882195371666412,2.476863974166169
-0.07418385503274863,0.03566897340378568,0.002238549584254153,2.167290683202618
-0.06994001533059767,0.05517030956217107,0.016068116957534413,2.2083995695422045
-0.07769553318142079,0.06772327195756156,0.0461455022598325,2.337263147354419
-0.07476942407207182,0.07962667088671997,0.0693118535720753,2.434136630898172
-0.057035471770957726,0.025242906094344868,0.03324878447625502,2.260143520356196
-0.058048586799436454,-0.030331682195716827,0.08056192800398497,2.4259436228814466
-0.07745609134660048,0.03696976390322899,0.05412543610930304,2.2875014684878283
-0.04986403065651862,0.008625915783254933,0.10077567976682117,2.40783022547983
0.009999151583538094,0.025606329692640147,0.09201121619452884,2.3310207118167727
-0.032923580414117005,0.012023890267069508,0.05928971919136535,2.196517075645406
-0.045462433210294445,0.0277423559796359,0.10616089254097215,2.6240644048099555
-0.037874421281711146,0.008340825131583584,0.10904855061632487,2.386194933443604
-0.028134949699898396,0.015082779307935742,0.11827634982886526,2.53621594318823
-0.07345265253477855,0.034718380732052946,0.11436471371908231,2.5048866709536326
-0.053692671278484205,-0.008329405295206654,0.10015861898979432,2.3459519246889955
-0.0998186074664799,0.0358437415213524,0.09783516020548813,2.6816644982252216
-0.11108050755536657,-0.005360264382846575,0.11356835412957374,2.7200538921942803
-0.09051631203800801,0.08407612020673666,0.0807592224430686,2.494596248666255
-0.061556872572720196,0.05434766712664528,0.09100793432154046,2.4655881534656476
-0.04813339554900749,-0.00029542497604539904,0.03092683362412065,2.1787634262846813
-0.06336063739472927,0.04434926537993433,0.06209817275990792,2.2354940417900138
0.005122797568240131,0.014357324106985203,0.05849075268231541,2.1798957766195937
-0.09315860532531103,0.026024916850675952,0.07567835013474807,2.450346668608699
-0.08585789706940235,0.06365633534989477,0.017947352900854946,2.3023776852523605
-0.12341826251935735,0.011816258764332973,0.11378935195512077,2.7249645667090867
-0.04016718712833889,0.07353277273795347,0.05068141545889082,2.1943112265763745
-0.05411545297992253,0.008354238000094372,0.0936878608058839,2.398669088346422
-0.08879427009420457,0.03028394545069864,0.08780828749053878,2.6054152195551428
-0.11470963314750131,-0.02833936860653032,0.10304379281357984,2.8153297063771103
-0.1398869628089744,0.020061539862052485,0.04950616360087661,2.68968507031844
-0.18666768506515774,-0.01698244629323717,0.14629259238970724,3.488979391783319
-0.1721203114968595,-0.036271029182934046,0.08112945496970816,3.0155652976739
-0.15128232291665542,0.005959145792376688,0.07395784599805709,2.6994540614576175
-0.1247078344170614,-0.0035028919654601504,0.05760486406805896,2.5725987866507736
-0.14191068282044414,-0.027020658887566905,0.059600122672257505,2.6775271867977906
-0.1353935884360537,-0.05410880198273634,0.08063455033904506,2.8065389613798137
-0.12593943738166927,-0.04740076104325915,0.10187138722481258,2.9535945199696627
-0.10366281700796943,-0.046628039908546796,0.0649891279908005,2.5782907939205244
-0.08440779356088655,-0.058771292463429346,0.047284049665064845,2.6832391598511665
-0.10948737343188414,-0.041823957153329275,0.11544916076172476,2.9570871728917054
-0.08940117724853164,-0.03945935636668703,0.07700668716659136,2.6534430800656015
-0.13953268531965934,-0.043170018931045495,0.1209258868737903,3.2110419766549554
-0.13982917085477534,-0.029204337192121434,0.11342661308251434,3.0234642639340548
-0.10168538030458815,0.013864348421488206,0.12006895571309618,2.7682906905821465
-0.12078703492564198,-0.04172719544704083,0.09259359806426858,2.9115167515438554
-0.10445292163797226,-0.009180169237330175,0.05653800127698229,2.5686846132711594
-0.11427719514454085,-0.02191349075309102,0.06069714684150372,2.7831264960729594
-0.09740890776488571,-0.03707812365152707,0.07005181090183964,2.6358539435083985
-0.06682589274780569,-0.04620696445277208,0.10752497698249082,2.5937751742422543
-0.06127599001939262,-0.05741564610259564,0.07623111812457355,2.6495738638467716
-0.12006673371391156,0.009360483966209662,0.07522766574610767,2.6142744000652427
-0.11087851623120633,-0.018015921485514952,0.08006084455745038,2.7134280887233606
-0.09594172949257043,-0.01142971241052902,0.07162337293723603,2.7155415164765806
-0.12328195400932616,0.017929001841298725,0.0005875286989175374,2.4573356534915836
-0.11215651639792822,-0.04236326618276356,0.030698697496343352,2.6867732816092995
-0.11622776771510127,-0.01739025418567637,0.038053149196722945,2.5908750383374026
-0.0971631976335602,-0.012392367761182198,0.02049796935764594,2.41421077730684
-0.04113103141324443,-0.019993580733367784,0.06256415057382932,2.3515954180905307
0.015845745988670633,-0.011879846944088742,0.04049910162078715,2.2830763266838505
-0.03420396717783776,-0.02492782614643699,0.07968021263173435,2.4429777394032195
-0.09021953320939519,-0.027265773692476392,0.06199278446826545,2.5893914322733536
-0.05077899840397307,-0.0415335803094138,0.11887385268637107,2.792840162725324
-0.05784920338702778,-0.03461713948578309,0.13234104082636033,2.9105937651695064
-0.05047116520793189,0.005705416688106175,0.11539668730689392,2.598480493516237
-0.0888151779539099,-0.027277681996075283,0.11452820364279842,2.8502006458599825
-0.1414706514834592,-0.02425499369551911,0.1014716755693615,2.9273734743806745
-0.11664410666020328,-0.03152140195482142,0.11323753792239574,2.9180330659135483
-0.09795721267833754,-0.03091503581230471,0.06766782156767952,2.6774211737358673
-0.10975131605960696,-0.08315426169515826,0.10941375234814152,3.0693519543912493
-0.10405988726352097,-0.049378127314639045,0.09727187365229263,2.986439265235631
-0.17114219617141394,-0.039872502511906036,0.08709727917567203,3.21995832314599
-0.13400738896710004,0.012258788345622234,0.059869127104554304,2.8366971462804442
-0.11682506389192442,-0.044643641873854334,0.10927894937713822,3.10721166848992
-0.14601319586531925,-0.04226538104056038,0.10491860927318544,3.128260638247413
-0.07548097624827144,-0.03594070920852886,0.03247748815380821,2.4897528151751764
-0.039512925217641034,-0.020572406389736266,0.06087454922668602,2.3479534935824735
-0.07486084472113815,-0.05724742492773023,0.0569174729569343,2.508009447456412
-0.07573496584752683,-0.05467313406540008,0.04797439868319662,2.4983727466892205
-0.04234692108309574,-0.07192865465013618,0.06899396504962682,2.5406207377827763
-0.06237426404400921,-0.10038193958533818,0.1419659454222596,3.2100392193343037
-0.08486071495260629,-0.1168909513769284,0.14694951872664325,3.1604488657788
-0.06965417648812083,-0.0838647208154954,0.08764801961383425,2.695569314957517
-0.07337208484232456,-0.04217684130761448,0.11139806298987424,2.8223963207343767
-0.11070839277946277,-0.03782655056036729,0.09399316726815515,2.970003727239306
-0.17909821560785782,-0.03482919205306189,0.07451177004457801,3.248288314638712
-0.12288654478899307,-0.02845970836192865,0.07939545256194733,2.705054216072101
-0.16947940156988156,-0.05478461386701493,0.05444366368312386,3.1146282486285792
-0.13732046445360352,-0.042047758652459556,0.06278064595648529,2.7716495397729393
-0.11516115626447612,-0.05046426343022128,0.03698926488915232,2.5904211220817417
-0.08890624580054704,-0.04226505460431354,0.08218295907741463,2.7056029329378197
-0.10611302438000712,-0.024803667692935894,0.06613516520131678,2.7243984924788207
-0.09784773131633379,-0.0675998869389211,0.07685961247056855,2.81080614705391
-0.022436432032846846,-0.03230165147333247,0.1215440723076351,2.7812872866208234
0.02441525129796885,-0.03539133648582785,0.07018284704488588,2.5553672375383902
-0.04813884830106685,-0.05615687520139366,0.09735726695236106,2.849636113493516
0.05852467153222474,-0.0013848931558617461,0.09332627974175613,2.5411464681290274
0.04629805015851277,-0.04379620136123488,0.09762207703855999,2.6129551755250575
0.043618097823650046,-0.017693037751017528,0.08707598576672983,2.416090647702547
0.006591247548646079,-0.04135212896218603,0.08411075755137724,2.6408870856750295
-0.0480485895681597,-0.01628441042051574,0.061672484588363906,2.483631616882569
-0.03479470632655209,0.02231694136211455,-0.022989460058258727,2.4282462009201486
-0.00597093487503037,0.009360314884916626,0.011236212449967564,2.2528492230106236
-0.06591522397757373,0.01746387270731236,0.015232571139058803,2.602220686980066
-0.0573637992570535,-0.024135882403220787,0.10257815035394782,2.927802308385589
-0.004249506235745708,-0.03388242600689275,0.10082897801566437,2.6516474582988625
-0.025728074358391743,-0.08654066952883431,0.13463287943619429,2.9703447339354074
-0.03179557744952923,-0.05528259302960663,0.06057998077575605,2.679183358902538
0.011473579624727956,0.0042791419972251785,0.04816888057162516,2.368912427811364
-0.025250525815135857,0.04751771838907448,0.04567937232033071,2.428551948702827
-0.038596822748789346,-0.0047709931908481605,0.10494458798764013,2.756635009527302
-0.06711986928979875,-0.016273572088921943,0.06353354800413116,2.6464214989654944
-0.10410089899118821,-0.0005098593174871614,0.07331586358742163,2.7773686357573313
-0.14242156746615597,0.005064572786461427,0.07565352338032962,3.1069731358576753
-0.09390838228783215,-0.0008717844035152584,0.03329213487103684,2.6267738447391795
-0.09519731777311245,-0.012644928665660075,0.047857356487879206,2.691919584454675
-0.07968670876785483,-0.02535108587871823,0.04228741582053149,2.568550322850035
-0.1045302844960354,-0.045501985572858734,0.045104112682167075,2.7816728084549567
-0.12015749666569515,-0.025420926478609895,0.06842027686991224,2.6730030981797532
-0.12294281531476717,-0.0859732021900202,0.05505977211007503,2.888391490553913
-0.14077064072905485,-0.06706340179676842,0.03527199504222168,2.975740162227259
-0.15529716514239122,-0.03531562493710174,0.06235804780531825,3.0761946100991335
-0.22254421921713946,-0.021482543948527652,0.03251742303790911,3.4590437655910113
-0.1213318899686262,0.015406004962399985,0.043038431143601834,2.6309785123776384
-0.10232624340282256,0.01646073801427279,0.03250539308876388,2.4672999843283607
-0.09109711126251557,0.02079178533764996,0.028387066421200414,2.5568538813611945
-0.11615040217568401,-0.01006197734506142,0.03409166206254702,2.5948881720218098
-0.07255966569321856,0.0060404508160079575,-0.0011836639066501397,2.3407284845591096
-0.054944939451438385,-0.02908165000850793,0.04518835282440667,2.3833214089652484
-0.11098221048271097,-0.0736092956246077,0.10045534587538776,3.181383485477756
-0.0205708032319892,-0.07685154932631381,0.13667463318352985,3.037393767129337
-0.024973303626692804,-0.07659955175396213,0.09516347385716718,2.7211581414700605
-0.0806739399395812,-0.03398217709168007,0.028170903075987463,2.4911564868193605
-0.09258866166587999,-0.0512046291725226,0.06859263281591349,2.6723800307576004
-0.08060384863078529,-0.031121581439158774,0.05667111968822351,2.5629231694551384
-0.08246381692212747,-0.035223936060057234,0.06406929011297594,2.6589772078626184
-0.04734985296946184,-0.03696677268979819,0.08188390671764453,2.6495797289135474
-0.08048745038404227,-0.03453771878573692,0.08566222605058176,2.7247286680593112
-0.06922282572730755,-0.041638766852222286,0.07401733216328567,2.6496550293048893
-0.018498963052928096,-0.0688544545222343,0.10930086350686365,2.728362024000392
-0.03861842976063616,-0.018877446476452737,0.05491430169783074,2.302717984787352
-0.09904112027803626,-0.035454391873402887,0.045221167076368085,2.5180960446517657
-0.11492476481118735,-0.01860097311816261,0.027478435994374276,2.598865353300736
-0.09035847801843253,0.013552774982166945,0.05228918003655359,2.3354837136241335
-0.13712773938525666,0.01378971257813381,0.0686151145255217,2.6502912581777673
-0.10586362154013584,0.013548526155815928,0.07084139906572652,2.595061576262222
-0.12037521973854158,0.016797528221099478,0.054190333955239665,2.7326089964490796
-0.11092957762719247,-0.007949072104688266,0.05426652200466502,2.5754907716433157
-0.14812233855074344,0.014288883125303258,0.053609418011518216,2.7586234132444276
-0.1550289014894509,0.04247801043793819,0.00029600975754586866,2.714137295255687
-0.08618086913601267,0.010304715732757928,-0.0175980935241796,2.230022179285198
-0.1221917765182767,0.009284037471639209,-0.025520799041062463,2.47440479353035
-0.09019368080059298,0.01708553855651551,0.013195173501300905,2.34444336293564
-0.19047674393583267,0.00739905635247235,0.0004914889608369074,2.965946684317077
-0.07706014752197204,-0.004104862250181998,-0.02656051685217776,2.306450350545367
-0.11097335156755975,0.038093838227776615,0.024396989637644906,2.579826491837655
-0.11428106747337263,-0.004063461590581074,0.06002350143462866,2.6422540824398166
-0.12817480101614478,-0.021392923259227828,0.08883441556797285,3.0928211610167744
-0.13806021373053456,-0.03231059206799052,0.06853588651649825,2.7491813352385277
-0.09414343307470016,-0.055226738088890184,0.06542513129868668,2.6041082896653447
-0.08611497486001213,-0.022891196718815024,0.08426768521959137,2.7199896767698792
-0.12947956029251234,-0.04259493176776101,0.09060967975709687,2.7558236529453723
-0.0901507340464277,-0.020504573562281286,0.048060080609294814,2.518002749500893
-0.13447836864392687,-0.045403091457063505,0.14494980701867236,3.231354234639153
-0.08277703934943693,-0.05830252423161201,0.10947671767661153,2.75214159649888
-0.09156334713415129,-0.007267771376011229,0.028306419783913687,2.506304810411497
-0.07878844819156819,0.032430355972615225,0.030122732244531828,2.2776467710187456
-0.07708937778442174,-0.0021155464703800416,0.04345484799774201,2.2698459819355374
-0.11347012707724727,-0.01876134592441493,0.0453023163372303,2.4579944408134797
-0.11919900354630053,0.005377266251136362,0.06465006684375826,2.647253848459921
-0.1485329386532746,-0.0002245769603043302,0.07840438912955507,2.8057418981638063
-0.131563510969066,0.010213697292408671,0.033834388913964966,2.4970452694555454
-0.046117196567015566,0.021882775065552126,0.0676057373726326,2.318785288534911
-0.07668227662763148,0.057994222978487775,0.03784570348609125,2.354877020235178
-0.050433700269228846,-0.019242922894014153,0.031529642706918194,2.1834244813346215
-0.09266122660238864,-0.017655045775692938,0.015688978351795727,2.3031401515340995
-0.0983385976087899,-0.03702180405982446,0.05166281878728106,2.4935192706228637
-0.08112137609777988,-0.06343996225292108,0.04973876120670881,2.3446995743550367
-0.06773832040607312,-0.0831563021198851,0.10369943000238399,2.6500647218122766
-0.08915485542267043,-0.026438697776051054,0.019830525916803923,2.3880437279477853
-0.06791553831437723,-0.07072139188411844,0.07873244279590444,2.5943445465460724
-0.07881699093376762,-0.02803397459626686,0.08358368834915292,2.536309309137733
0.01869602248195648,-0.015644763359803637,0.04766428005082879,2.2187031273333915
-0.016563697286648228,-0.05905984268396005,0.04698517556020427,2.326558398440445
-0.02238150851901159,-0.03765972921546441,0.07478043696290901,2.454880605371077
-0.01635823030484421,-0.04752957072158917,0.08762536446564043,2.54610092520795
-0.04608655530216011,-0.04788880576832669,0.11350644292078568,2.832874050331485
-0.004390673171909641,-0.058366348643216714,0.1167658168816603,2.8487786508822186
-0.07126281292300662,-0.10161981097212784,0.14565581644126815,3.1779859621023396
-0.021277072608863898,-0.07483303478334505,0.11328894043629736,2.689136523053947
-0.016256278293111024,-0.0808861530344538,0.12033899034843912,2.7844694032574524
0.0044473459772882825,-0.09415488236780976,0.07141032761080979,2.6489803827112595
-0.07229719625963864,-0.01923329719677496,0.021955017286550357,2.3736580017407483
-0.08780329586401905,-0.04204357310885621,0.021836371700594884,2.308641616284485
-0.02759735667633726,-0.045935363210825336,0.03074103003042476,2.4645939216099397
-0.12705487722446016,-0.05907300365293781,0.037055273501675985,2.667833517210726
-0.11045069155263398,-0.048126301525695366,0.031637104625558354,2.710238651215245
-0.1649229440477879,-0.025496728505076675,0.04379386149445125,3.1234535279595717
-0.06314622522559533,0.024347652345475354,0.06788705336204777,2.629600408670744
-0.08776157989804158,0.010440471439992592,0.050710256597295,2.415608376110289
-0.09472755293601763,0.04209575736827401,0.06612701295477534,2.534107884417551
-0.0862376531168121,0.013200445945457146,0.03420888035092405,2.4539775123955
-0.12037491904557542,0.005732748030854736,0.02862368694950102,2.4952348861315143
-0.07373881442645948,0.05015299423756844,0.05312840196513891,2.471121770064635
-0.10325214689154819,0.026071777236732367,0.07951122924915263,2.658106732987955
-0.04435141004447614,-0.02158092286437632,0.051534189884784275,2.587566510180302
-0.07730964484388665,-0.006351838363441754,0.014372127680978012,2.249185698368145
-0.0664787476819319,-0.06119953928773388,0.03555985886395961,2.43045947237006
-0.056450095419706,-0.02080054653653631,0.035297574202856195,2.228035179185384
-0.12342349435183773,-0.046196849025773715,0.03937673023962645,2.6305582886066663
-0.1579383736107705,-0.04911457615746504,0.07081991078100033,2.939581810312941
-0.1505788990992794,-0.03116386520101237,0.10066954666179836,3.000297481602613
-0.08422283514950665,-0.07495416613812292,0.06010129144905341,2.6680033558451224
-0.09736696723859543,-0.04992050103394752,0.09805662551556228,2.6280069418992236
-0.0690348130407016,-0.03786350462878333,0.08704781394340158,2.6284917276524657
-0.16038113203922746,-0.035662283908234185,0.054579704703530026,2.8184781410316333
-0.07349701464271048,-0.060429819988021494,0.07576119809304589,2.68699895950019
-0.03352454747209546,-0.008823546593993615,0.03901717848154564,2.2432819128208616
-0.08686554108382616,-0.0692169474767563,0.07134263537509901,2.7360458964649057
-0.08572534134149881,-0.0371270120619638,0.033730448015883846,2.442007202039865
-0.07105362512332616,-0.025557571746923524,0.040890585480912546,2.412762995226454
-0.10542586955098947,0.0015558322926002579,0.03188286573123425,2.572570811164578
-0.08123221675973648,-0.008236853479137416,0.041801668443673334,2.4659455033111275
-0.1460511288318985,0.008599373723860071,-0.021785205664121857,2.4406556215108326
-0.10001672238928708,-0.013640013485391657,-0.009126683586329216,2.456660646338348
-0.1637023913151434,0.01282062837936909,0.024919221477866474,2.826555872652906
-0.12536745393772558,0.004946277897397936,-0.019350080604322462,2.4825899723939733
-0.16466463157328887,-0.006583645730813037,0.018337951172337812,2.750143616312898
-0.08004864055577904,-0.010742121706230425,0.056978554282934635,2.420314963440432
-0.08635952695013457,-0.009881181438940699,0.05010237223611618,2.4641783739061864
-0.06726067058704112,0.043844247983074236,0.05154045654857823,2.30045941962451
-0.09385508908429821,-0.022573963218460013,0.07179384542554626,2.4497309905579594
-0.06005892731088991,-0.002814043691159625,0.03748820478290569,2.389638359414714
-0.03718834970391065,-0.01837025382885415,0.030025913968498893,2.133809917915616
-0.06472879111938157,-0.011765008496273287,0.015454227442746923,2.091777750705225
-0.04092326679604594,0.025293320355828035,0.04971225542457769,2.281732375778735
-0.073757994082021,0.06856347046685318,0.04203423517311657,2.3640193985191416
-0.04300127037792081,0.04133625209536351,0.05262803757335287,2.335249233256999
-0.05056300960402507,-0.030919070824305527,0.08504823804223946,2.368897010267809
-0.052397216990475864,-0.03317164603971256,0.08070888722430732,2.307131947323027
-0.07700112376370782,0.0035927971541047667,0.04799287831696948,2.299339176965226
-0.01819345215797674,0.024099182424600366,0.0052334190518917535,1.9312525957594278
-0.047387658856166415,0.06638968711031819,0.006375249905523918,2.0912864355809164
-0.036116305901120464,0.02999177179256127,-0.0242252147990566,2.0459391181169853
-0.067998110771649,0.027470880196951368,-0.025623067056382606,2.1561579405474256
-0.0806752085793743,0.03957024115472461,-0.005551492779976611,1.974020727157792
-0.09198444440515517,0.08070943570946483,-0.021220366324730934,2.2221004340790835
-0.06656703533851799,0.06759661134795598,-0.008152609865178517,2.115043631149806
-0.029178163007367742,0.026343811799373163,0.07035592333103763,2.093303036918434
-0.09935282146064406,0.05239310495624058,0.020453617768278642,2.3152799772103894
-0.04499591926346529,0.028341007292969015,0.019150831983616775,2.137832401412547
-0.03732864898586223,0.030956260481338833,0.018447663504593592,1.9554607722526478
-0.01415193456185162,0.059099808738371895,0.012755899836632967,1.9522479292813644
0.0066624452159589585,0.07873258598072527,0.05786740715613617,2.2080534172663193
-0.018838344105634976,0.032397107489183216,0.02099392933026072,1.9450948800468124
0.04313131808852367,0.07523888364649424,0.021353359772693033,2.1096000065135097
-0.003146951560957304,0.06336201986417242,-0.014712767081080035,2.168057689127709
-0.05055511685205117,0.040994448597016724,-0.008031030423376087,1.9834987839170515
-0.05556548245238012,0.04337634358218914,0.023900471604148103,2.187840790071114
-0.1006931674122772,0.015857215860330114,0.03437588624208481,2.2436105217206066
-0.07072712628685689,0.0004771833756164957,0.05855341628083369,2.148071774174056
-0.14170114023491748,0.02918251015092792,0.069619134967016,2.5504603538932344
-0.0900193460711758,0.02004611161059383,0.015326939479981995,2.2253697396347207
-0.05858234738664981,0.006659928296511317,0.021963257263600742,1.9182724746237751
-0.13967360413504157,-0.01848119264570943,-0.008817942053903967,2.3981822458272473
-0.07218313821241251,0.009226706863198285,0.0064223633691291165,2.066546996205515
-0.07340610029159865,-0.005386533451826612,-0.002286503320066224,1.9609790269615146
-0.1077125964052525,0.008605526730819947,-0.014850059711791886,2.3194131910588087
-0.15246194347568295,0.0031096256668913915,0.04140315362691604,2.474860200539902
-0.1678880246956734,0.01341275200352066,0.09264118498873777,2.7958008043468303
-0.17017845936173714,-0.049391137319257115,0.05029488732604117,2.707861687044894
-0.13063804045667365,-0.04299080238966695,0.0028237168065280193,2.422868692923432
-0.17768808258950602,-0.0573690324620242,0.043341912646043375,2.882512810714598
-0.08071405781921763,-0.004552134486355291,-0.003275560713255311,2.04826860963304
-0.12951321573976773,0.008398313823110789,0.03488373717330416,2.5640892869355802
-0.14672543785667935,0.0387152504803997,0.013274811025531772,2.4922681881959163
-0.13843249153566128,0.02041869600850162,0.013366761191023462,2.387054924106779
-0.1114539372724753,0.03151737338717758,0.046426695358699345,2.3249170104684245
-0.12925952468180776,0.025236375668061417,0.06557703029176164,2.5552511694932774
-0.1467023468494717,0.03352955871925418,0.05348992182556623,2.768832839008089
-0.16068451630933847,-0.0034778062298286747,0.10263585274695694,2.885171286956635
-0.05988661855404415,-0.01144709346023417,0.10542971541655873,2.5238395123148636
-0.10676714887006514,0.012592144376478532,0.0888359623813678,2.530570608832135
-0.10840468053671698,0.025867960300183353,0.07325313275952597,2.362317843392108
-0.12932571301174015,-0.036576073575412475,0.011963863521248936,2.504168835988598
-0.06270540109200363,-0.04055139398448088,0.0419396778922391,2.3493921450878257
-0.06329386372388994,-0.009496566994184134,0.09999977533189784,2.4106544669380767
-0.027095917122598092,-0.011708795831257453,0.13430863747630317,2.578976648629565
-0.0781870415274627,-0.022423270289361967,0.05950002713986838,2.3323763971906812
-0.09046489607151346,0.007582343564795204,0.05538471603442055,2.2219192581645197
-0.10957294705096021,0.008828124769626666,0.0608145959257285,2.4429394624777796
-0.16709412465117066,0.04137033745873471,0.06403657479412604,2.837364285323032
-0.20915355362892218,0.04496498640948609,0.09370833842540219,3.227334062250808
-0.18401120538019938,0.04238955148653612,0.08192566072186405,2.9485616667216
-0.18514577004596378,0.03230004714245202,0.08174011620647653,3.0019139265252197
-0.12236091793337413,0.039831345035593616,0.07059350836630206,2.4491806316016556
-0.0980214106357047,0.03557392481011049,0.0661261012249267,2.3996575696395928
-0.13258914676742561,0.027062323803073843,0.05063818788434827,2.4748698769504913
-0.18539634195021995,-0.013501503756037325,0.049908426019242315,2.901347967598927
-0.11240955585133697,0.047115993084828126,0.05069693918433265,2.3749320460290764
-0.09837702056370698,0.028912310889111156,0.06834721458388171,2.3055281118893816
-0.06784308359934153,0.04544201141842506,0.08604925878370588,2.3420441631319977
-0.09049853306155425,0.017598789394796623,0.0335739909982343,2.19162500735691
-0.05799728673522472,0.02378709385698767,0.05819491884986154,2.133761524848929
-0.10665485751216709,0.021423650121651792,0.04380909486901468,2.2863993646879535
-0.05733669311396278,-0.001745721588856259,0.0792283103813266,2.2443220163533675
-0.07235004479079488,0.021186399025697657,0.07030599833489658,2.2053834650806556
-0.051954875809328324,0.003474331164802381,0.08099759643867663,2.1412714375934
-0.13137018291785293,0.04294651773846582,0.0563376727972641,2.463807516092398
-0.14115265801847976,0.06283994335081057,0.041428382402389996,2.489618964123328
-0.07902100438700874,0.045620792529353596,0.05395983295741146,2.247294787002713
-0.13276491736517237,0.026669160470905888,0.05136852111995179,2.463722532169218
-0.1717169380604142,0.02365537414056957,0.048972296837123536,2.648981080926273
-0.14836581102541746,-0.009704284778826509,0.07660724813060713,2.8030015067527954
-0.12878986765584918,0.0029061573534284006,0.031226891177463516,2.4015099026218394
-0.07170740177751389,0.03267647663500177,0.05557188113311229,2.267386769367538
-0.1289813233046697,0.0281149895911975,0.01908910289612662,2.540806193483548
-0.048120666694894676,-0.009966924100032122,0.03677040110661175,2.25556819652656
-0.08044856381176647,0.034685857837216345,0.014371095510998234,2.122881417803158
-0.04756418758665413,0.006126882562172623,0.054139421878509404,2.2916270007551263
-0.08995236550425058,-0.022332112788773673,0.05822781409109862,2.3455015022497565
0.0163405109714849,-0.04853112235926818,0.03318339547272597,2.515588813531182
-0.05409073705384349,-0.06440281063275438,0.09512004316243469,2.8068237123567834
-0.016890429208526625,-0.06808837769986878,0.14279944288962607,3.001983117147849
-0.05523836004926691,-0.00862928254326755,0.03202571310886199,2.2386904384040043
-0.10127076012650098,-0.06758717914193177,0.08154289786341894,2.722915299409044
-0.11089470449419467,-0.003209990615140787,0.061176269926965475,2.5158449200375514
-0.11515024509971565,-0.05190202197702024,0.1002901039068561,2.9790811708283713
-0.10849117535675183,-0.0843685718983746,0.14123822336475317,3.3196598775736628
-0.06190896565797279,-0.05296138285316344,0.10029894451243185,2.9351054312926133
-0.06708077692468632,-0.05149937776428043,0.08323401854748463,2.831376247985492
-0.07892186330006529,-0.059615380414818134,0.0816096183161592,2.8056357319125786
-0.12870971116961122,-0.0487338556581234,0.09559358582575757,3.1622563270831328
-0.10961288385871845,-0.02111361030156476,0.10111201325659123,3.0060528090019543
-0.09182457326997097,-0.014710419918765335,0.05887884813098021,2.7211651827415873
-0.09419994334595083,-0.043422938044771514,0.08822505310106188,2.796107905099603
-0.09317938907051194,-0.08713663996426362,0.11295600031503589,3.0521286734781583
-0.07436351954929571,-0.04193510684706488,0.06416762946091571,2.610418974617198
-0.10446239826585679,-0.02466101852597358,0.07709045254760377,2.6794723173395405
-0.08235062967856228,-0.03093984256985904,0.064891931608356,2.57589846282934
-0.11422439334330517,-0.026443435481173314,0.08828539299093678,2.891478393153561
-0.08491411579272617,0.00963959865213978,0.05466382228545089,2.645852391234908
-0.11044415897435592,-0.02112658031093433,0.05841212192112198,2.6353317976748833
-0.08142570127351763,-0.006382389476023191,0.11592931742871564,2.891582214993917
-0.1011849644164675,-0.017802933478980106,0.0674417799709346,2.687660129318363
-0.05136033937702816,-0.08110382892822679,0.09732887992786991,2.8446002602072564
-0.0859315626937082,-0.08916970506541552,0.09493397497646067,2.9346837556486003
-0.05534999730280399,-0.09650351374672392,0.13237381846410476,3.2511043257601098
-0.08498571270615501,-0.09976409156213419,0.1534216860313173,3.366894285005808
-0.1033180772676543,-0.09077414413951151,0.10424161987425024,3.1417259273923506
-0.08757498947233383,-0.08855781450585397,0.170427839866978,3.532540607569935
-0.04339275338790523,-0.09132778496326935,0.161944883960513,3.3359637780777445
-0.0697988607172692,-0.08886432412834196,0.1319999455389932,3.1692209083847143
-0.04552198842834365,-0.10579676277121283,0.17910892383451896,3.418730790046214
-0.043835817147410215,-0.08685977028205173,0.17122685225182607,3.259822374170181
-0.03927607211637984,-0.04433976929035772,0.08487257754956427,2.698221481976597
-0.0581274107777576,-0.07605733589960174,0.1707335466453181,3.2704690891028556
-0.11025379591890988,-0.09235508989084595,0.08529116977311227,3.0042180898890956
-0.06708287009794252,-0.03841821964758758,0.06942963081864469,2.5089923244145336
-0.08871560383788142,-0.02996592046998236,0.12589190979566503,2.95991133302403
-0.055997910266173956,-0.08203036233458785,0.15031162896094294,3.1828894737948925
-0.08697417404129497,-0.0683534162756847,0.14528403964105296,3.094236156292186
-0.04064294337827695,-0.13675223907302694,0.15006606722823504,3.320386667352132
-0.09076852525229787,-0.10477762713669518,0.1701048526104575,3.2621136707823335
-0.056788154606759594,-0.0987968325229812,0.13516305941677,3.057936547500336
-0.061728188110497066,-0.14280806284962844,0.16698785378862405,3.5604880334287548
-0.05050887518086217,-0.08804386378420684,0.19182994076298723,3.4005014511451983
-0.06914249325180355,-0.08546250666694824,0.1499825662905004,3.2362666028854514
-0.04803383225386134,-0.08454715470273226,0.07268265570636219,2.75845972366057
-0.1307410637695858,-0.034238388900923254,0.1276927786189983,3.104578896888522
-0.08278364578696824,-0.08060911035735717,0.11739549743129278,2.9703370818225383
-0.07254337873840823,-0.03914202672204572,0.081174980564115,2.554090638289212
-0.05046291672536732,-0.0321639379842924,0.07842488744725573,2.7498660000145154
-0.047996394694709864,-0.05606024176475467,0.1126757390431582,2.8874883008065955
-0.08330860117306345,-0.04157164291473269,0.09096571449586957,2.8491794161215513
-0.12022500932299894,-0.05766396387605244,0.12111755469085927,3.1235745611201917
-0.13662058517136633,-0.05702004828278035,0.1441332240986193,3.3169283311656996
-0.0846110991051822,-0.07591105495567338,0.13988175115854606,3.2029658320337284
-0.12240378040185837,-0.037414043219999214,0.13100313748574283,3.144362212881848
-0.1284886538493805,-0.01655274051156964,0.07170376766785037,2.778193977970505
-0.023291849361884612,-0.04449826322312039,0.13019092055998485,2.7927472127920927
-0.006857594870207732,-0.03679129443738715,0.11849322073088989,2.6408815010432924
-0.024811711765317303,-0.06323529521572858,0.11900638432813902,2.829574230044628
-0.03577379470096094,-0.08322117073999463,0.10974627299930917,3.067360663187355
-0.021221452197603068,-0.0789796498920703,0.11081787363016536,2.931482907549355
-0.05031115842281605,-0.0738001195340264,0.13296442411015735,3.240042677052364
-0.09055995970609006,-0.09679830403465678,0.14903205993569454,3.4317955490049754
-0.10525861579903419,-0.045870277280489244,0.11290493917983452,3.1211167766412546
-0.1168976445990497,-0.03785569774369026,0.1428065778906499,3.286110612970711
-0.1283041953479627,-0.04479355751461136,0.18259353592133434,3.552628895816216
-0.10919568887030097,-0.04971000418237,0.1598199626015735,3.3461746400902217
-0.1074964256871963,-0.029090260573975256,0.15722523850927952,3.1067313453142913
-0.07424561387405441,-0.08820213652253617,0.1306107308132283,3.178405709417282
-0.110552417966565,-0.03034929525585307,0.10999585214504497,2.989987674475706
-0.14685550555892365,-0.08229334835274688,0.13058836761255244,3.4243874998889794
-0.11494307284188492,-0.005747430012404951,0.08865489023079856,2.827903503392211
-0.0839929014295577,-0.05441214499050386,0.1439369590178127,3.201631911809986
-0.048207391018800574,-0.06690335025534686,0.09761867943882867,2.9539159671650257
-0.018586591685265053,-0.02794769077927569,0.0803223244654322,2.769460726442685
-0.039460337499834734,0.01771127937124043,0.10399336535007424,2.6585551670589145
-0.10611044868439554,0.04711350059246051,0.0876746082164049,2.9240272398707603
-0.1052449808382881,0.020213940921415485,0.10876940323986171,2.885685713218565
-0.09257884711899574,0.018394925059654493,0.08945797014773019,2.8565518167914625
-0.07327100616836374,0.02577202487702831,0.11785079473375373,2.7802023775296627
-0.14069251971142419,-0.017181556679992355,0.0870681003964088,3.0452920141064457
-0.058764092210682954,-0.024029760396700756,0.04816566093380624,2.4178018342170975
-0.12221463462150825,-0.06959517297999591,0.11132380292761967,3.309361774753802
-0.09080176857589882,-0.063526054882769,0.14737362474595633,3.3427101818143345
-0.0641739214101126,-0.03977885703029189,0.10475131923901908,2.9846207609775406
-0.06885964508287737,-0.029476137786286116,0.09824012135180156,2.9185587756412
-0.11498936970486129,-0.09801958715574133,0.11742292192124401,3.1669197735335524
-0.06863858722793179,-0.0677974670933057,0.05850103889393655,2.6239157226098953
-0.08251097105659193,-0.058560792034163034,0.055700319062725746,2.655108064536116
-0.06610618255442298,-0.01987438501167143,0.0628714068468269,2.642270496739857
-0.10074539755874261,-0.027169348254027822,0.06444616608775658,2.9060908020520246
-0.09836231307299009,-0.05006070474007161,0.08839444299317949,2.8743534185408706
-0.1309487576399782,-0.07050044731103408,0.10356271905833338,3.0428385758476897
-0.14491627784930602,-0.0476939910952884,0.03558824144615056,2.999921174530289
-0.06412073939953722,0.010269165929723847,0.048913259256374166,2.454181375010141
-0.10524894835301853,-0.013890796961547372,0.006977640260716861,2.5877299399380123
-0.03604254449041433,-0.04265151649755038,0.04203342423099205,2.467657550411586
-0.06114234944422492,-0.022035454618659012,0.03235495364025894,2.3841430217545216
-0.07440785450827606,-0.04149096960773379,0.0435763830210493,2.5330662794113032
-0.05640379724005919,-0.024312544781475195,0.05544348279225427,2.307132421927156
-0.07190851907671225,-0.07193650270484754,0.06439580793795294,2.6682457163552105
-0.05568911266196017,-0.10547712152590867,0.06548121412679073,2.72470422107637
-0.06667001664604576,-0.04436189865289753,0.06197659814832859,2.681292777060644
-0.0716229084317278,-0.016301754281542787,0.01991820964364609,2.518418489567324
-0.11767807873356027,-0.06131353222883204,0.04739608608347292,2.8712023545134557
-0.040695427417468406,-0.07415317433797504,0.03520483888039295,2.475765330338289
-0.03694925924076842,-0.050087923575912886,0.055081677650062846,2.494112364159889
-0.011238459913844803,-0.007802656431455512,0.07781398197100334,2.576398946478834
-0.07412205094742098,-0.02359530387467142,0.04476450370381649,2.4892308663136515
-0.08853185952199069,-0.022545598597523066,0.07073053537886581,2.7474256354012696
-0.07414062891389023,-0.06711632908251106,0.1521460963208025,3.280604389847611
-0.08961713197778318,-0.057983219978295086,0.07622824345282267,2.8272786667965772
-0.06753704420590799,-0.056417852819348066,0.06578917731922947,2.5660510688157827
-0.09870859091051522,-0.023222751365559895,0.0710970721007282,2.8725045043743687
-0.09717075970169803,-0.014171059267063286,0.03245942221233723,2.5738481307781385
-0.13983512734139175,-0.0017804166511112937,0.04636045695704967,2.827280038914202
-0.11119324704263882,-0.026991875994644064,0.04300750739375981,2.691110951570698
-0.08751669753020519,-0.03399990507158966,0.09342230407906786,2.8905357478038707
-0.04445046793259239,-0.0032117225201743612,0.0752217418345322,2.4852486655708566
-0.06956844427525095,-0.009457688087101223,0.09104437851528091,2.6639561465729966
-0.12731733116338328,-0.02571739103327309,0.0997675438529673,3.0718762417448615
-0.09378871578257536,-0.015171881328125785,0.09847336499520128,2.841423405797896
-0.10333099505378335,0.03517590392556628,0.11063043097034976,2.9207072139135137
-0.09585513197784144,0.050105079281018795,0.09981639056719928,2.776308888014718
-0.11926458415190029,0.002411610365180018,0.09135936206554346,2.8612229248105994
-0.09133212720636927,-0.0016601608453908872,0.09804620073826671,2.7614153765382303
-0.14568788216200768,0.01765306822581361,0.09410531185394919,3.002171227754246
-0.10206795298044301,-0.001648709091585924,0.07372017715162806,2.6185406167451175
-0.11835369298956999,-0.03601674427475057,0.1108473237352052,2.9632856667993557
-0.12569480889017662,-0.012788650861972534,0.09590824167441367,2.9289605310319193
-0.11415778801317093,-0.020433139238795296,0.05393171176580227,2.8117380924709146
-0.0967459105933588,-0.027491162649566112,0.08128584655257885,2.6664317605424386
-0.08930535733964201,-0.058736156433523826,0.05923949049686277,2.768172509463618
-0.10942412201699293,-0.030612890183912143,0.11939554067027336,3.1260438077061026
-0.12085233793508163,-0.035344896028848834,0.0874928412378531,2.815568491743106
-0.08902568642523133,-0.05732426178750379,0.10702271001502023,2.7847087439606555
-0.14471947307864363,-0.010043143332837944,0.10746650516766522,3.0006369033691356
-0.1444714094430951,-0.03725350081148691,0.09881542929876286,2.890941627038699
-0.13036994534716587,-0.07280803460210677,0.12727508112797783,3.289439098011239
-0.11672597507567982,-0.05495535849661005,0.16878400003353447,3.339572251845615
-0.108729543659279,-0.042515628262661365,0.10310746979210048,2.842668074979023
-0.1538218161661162,-0.019312318443893865,0.0915847965447636,3.0419283827312187
-0.1449347834342608,-0.060900592216104776,0.05623053048879641,3.0818713028560336
-0.11790801909570633,-0.027268482902442423,0.06424571964096662,2.7760921564956047
-0.07755647828403331,0.025193388590640485,0.0261791326456117,2.567353727654444
-0.0860254946403178,0.0012115286694142353,0.05529430354689801,2.547300753764982
-0.09038113928415682,-0.018239153903903713,0.03195523072976307,2.527036832278841
-0.10173229888653074,-0.05693352766833363,0.08375320792090205,2.73129849570395
-0.13474472728433512,-0.07584782105296853,0.08439619662874427,3.093465139084887
-0.11359671110657826,-0.08793047192478479,0.08253000254222193,2.807293668358914
-0.08464704050589135,-0.04483226357416919,0.1107585585368982,2.7888445877067096
-0.09868467275572732,-0.0730969224692561,0.10082816751849095,3.2065026056465857
-0.1181683528469725,-0.04639110525050777,0.11385790746204962,3.126649877846278
-0.0899768327505146,-0.048003406870346106,0.06098060303519844,2.594589999390813
-0.12073898173332726,-0.11800847775798426,0.13601463020984808,3.4065637611931057
-0.16181169167383858,-0.06223238118858523,0.06508103793877144,3.1526154697413395
-0.15902352839028447,-0.042370419362642235,0.13029899299923678,3.3300946061751207
-0.09971259500489202,-0.06070706254022924,0.13357327321969004,2.9957790504551474
-0.14871423807017944,-0.04150614467175997,0.12603727490265224,3.256479279828535
-0.10699175279653443,-0.05192648926228698,0.1275897557237206,3.1485597942128845
-0.07314687003193827,-0.09522353897575808,0.19227449373773037,3.716856068653252
-0.11622470482382251,-0.12776122198474119,0.14606382607148885,3.6405638226774175
-0.09021784545171915,-0.06879954217062878,0.14867825052231767,3.2133195278052815
-0.17385822823656838,-0.06350593678540914,0.2124559390337136,3.8992788670325558
-0.09864850647512323,-0.08404021722745525,0.18525848968279907,3.635950867306165
-0.04861592958850683,-0.015353453150535051,0.13914864370763658,2.863828970766666
-0.07970173891768931,-0.04293271791025315,0.14889810319442154,3.0313505328870827
-0.019529740069235295,-0.05827530208074849,0.16241599803200707,3.07482329160984
-0.04023922999195133,-0.06636723367309491,0.19397640363258242,3.3216026286914513
-0.07312974103119932,-0.045942219440248136,0.11778388272742926,2.9782679835410635
-0.04099698687799216,-0.06773586406972071,0.1334306519652701,3.107570002624586
-0.11574042724303843,-0.03669775566261581,0.0869323674876828,2.8642110958840696
-0.08858422668140063,-0.02307205255150407,0.10773649504366957,2.852716568160016
-0.07261706951034856,-0.015482151888582393,0.07820932248376089,2.5811606185424467
-0.11996304889467166,-0.04541337734892898,0.0860560938996775,2.8770208814829648
-0.08870372233660005,-0.003030719757988771,0.0940831313885098,2.746859673549693
-0.05041026969777089,-0.00864260253967464,0.08666020185319306,2.5493700915265265
-0.06919538492797103,-0.02085202065812708,0.11137302437671294,2.710109735960666
-0.07475586678721016,-0.049118382191204894,0.09291103866140304,2.62858927733938
-0.11266490702952857,-0.056879353154934226,0.07131926348426344,2.872160163957536
-0.10774881035755769,-0.06162658701050998,0.07880116763221881,2.8625548331186783
-0.11274256081453081,-0.0078106682336163595,0.04955373183149983,2.746483364368969
-0.13565086230854942,0.013046163389131418,0.03564589378685043,2.787758393606223
-0.09744298072717107,-0.04588195777860007,0.077392646479146,2.9818194558498323
-0.09902305100446114,-0.04691407391389624,0.10128617342043746,2.860459939737223
-0.08568355951502836,-0.03807187993103139,0.06774693129395284,2.62702088516519
-0.09495957158542956,-0.05307431371867905,0.06209460460024981,2.8511534111774046
-0.1398505499639031,-0.060997944558717876,0.07861397791051102,2.9887739589368465
-0.12418718060367119,-0.06780272640734201,0.05582629629673024,2.863243625282564
-0.0997982297856448,-0.1405700798320939,0.12823621092811133,3.4809487466030045
-0.10500778448206312,-0.0891918209239662,0.16224241520324137,3.2374110403198224
-0.09639800214184813,-0.06437345096547019,0.09164801907166635,2.9778455738817864
-0.12646895470133612,-0.06881946286546729,0.12296036073240046,3.3817162004242847
-0.1551558592313383,-0.12624315447913947,0.18010052856148154,4.079559635981704
-0.15251011219736754,-0.08388826863901264,0.20159462952217685,3.8174279283564436
-0.0891788859629833,-0.10618137022417319,0.17577205539119978,3.6306463684302863
-0.09107024509728485,-0.15623618542824086,0.1599875439898353,3.574657732432897
-0.1283072356186845,-0.09089068104218019,0.12511638947033318,3.1867562764506676
-0.1544764219758243,-0.019193783305914418,0.07682957958969058,3.0315213695784906
-0.1403325530697934,-0.06145723868970544,0.0964512589943778,3.015513825136222
-0.16698017214271182,-0.09691414822835392,0.13289238403512607,3.6776313093481026
-0.09050483278708903,-0.10795491068448304,0.1025227041942475,3.0968048618416466
-0.11327997177568479,-0.04421343227918581,0.07059307666298169,2.843418304695863
-0.1049440794054216,-0.0309216085137296,0.08162853076629895,2.675991721919892
-0.08152422971444402,-0.036159040864383686,0.10109156211572468,2.6477195202612873
-0.11789015022371742,-0.03514709849437133,0.11996658295426475,2.9658841769095607
-0.07530616343736761,-0.06275727666437182,0.11206779465759036,2.8559422509358208
-0.02151340457303959,-0.009822554650540547,0.10525698447837964,2.6620371478152944
-0.020819158345160065,-0.008086184559158088,0.04947662567867246,2.352020295810731
-0.030241589759948184,-0.04459822047846814,0.11652888173367074,2.771043370068344
-0.06380938027537929,-0.10940682575609031,0.208178897570389,3.750917438350883
0.009955387292773855,-0.027117915402970344,0.18292802624920038,3.4116895166638446
-0.018451373513857696,-0.09163697141872965,0.11819149251361588,3.1079141088291866
0.033590917036306865,-0.019743393949339504,0.11083267049471796,2.6962377997962585
-0.026214232636611816,0.01036555991753382,0.07948775792160158,2.6017743098681603
-0.04653202707382197,-0.002663109850768671,0.09440689423259344,2.6218792177571983
-0.016654248687623028,-0.025659459729986,0.09383478634051037,2.669986300288988
0.019294346168574,-0.01038749450090326,0.11865391521373087,2.6019499415682046
0.039932025392284985,0.02638312957619391,0.062211997923702175,2.3613386564672267
0.004438097502110508,0.04380095616774008,0.078444420535288,2.3555109324695604
0.02060919617806314,-0.021695752705200196,0.12632553728714807,2.7105881194509815
0.027509231488776296,-0.04975888226060291,0.1094123271953004,2.7307700417053122
-0.007970992139092314,-0.054283527472741656,0.1545256292390139,3.1049576650210655
0.032131158751052824,-0.054089625270527915,0.10709984475241473,2.650168998895856
-0.044733126079590686,-0.008789413167092794,0.12080672334802432,2.6604997924548255
-0.022647295208575578,-0.026909805564623503,0.06466215084474455,2.464906007844683
-0.024957020453853094,0.002794279127659846,0.07411776033214022,2.4214281392725634
0.013234029920907636,-0.05241715663834843,0.0724470734009656,2.5814141744394465
-0.03372961855231859,-0.046404011127393105,0.08317319656389524,2.6388453590607717
-0.009955033291006414,-0.036567028613524524,0.08926193134286346,2.616875598581096
-0.03059107308051577,-0.053614671799485536,0.11362110718853015,2.6528702352076694
-0.03537267860094702,-0.04716691457181291,0.08771439195997106,2.466536976903071
-0.0314228646053506,-0.08911208041325085,0.11451420380586015,2.7680609293686205
0.03384817805248614,-0.025794419255998454,0.07666887221222445,2.3988081702709025
0.07323086599289878,-0.03817329907928181,0.05165947827597472,2.3339851822389943
-0.03564346113166846,-0.019252489216043656,0.06622812855990033,2.21285003316501
0.04777881544286758,-0.005313458886625,0.07194569789344352,2.3091239451991603
0.03862065505584559,-0.027265207125030666,0.053508973393120836,2.362036992804592
0.07608948503027314,-0.022023230127429985,0.07267929015827453,2.244071412847498
0.05438088623666151,-0.09564036926975177,0.12664499660424636,2.854242771632017
0.0006548702354010221,-0.017054335300146533,0.053795233386006995,2.350137732221445
0.03679365191112292,-0.03227631419908015,0.0643255086636336,2.2704017771881033
0.028553878435197636,-0.02744779976697492,0.040681874473864184,2.20004883087985
0.018740100705812612,0.006561460080704021,0.04955730056529636,2.2642272619336663
-0.006489401481862718,2.5304936747113347e-05,0.04681404312246814,2.2707823181286533
-0.018562504241331896,0.028160800611376078,0.13095462623003712,2.781046076450252
0.024442298791735546,-0.020540244142268616,0.15176231810574864,2.9121424805842056
0.035166511954757555,0.00760352898090218,0.10762972076665199,2.456432184032044
0.0012052709189201468,-0.009650074459168042,0.11630952229499275,2.4082086109144676
0.09551150884806697,-0.01810358901521402,0.0806282192424044,2.3832697641245244
0.07774527910108954,-0.019754715390493092,0.05563132815620902,2.2962990801070777
0.06451635903500161,-0.05273630677865683,0.11461954014380925,2.581165483295284
0.022459580129104054,0.012558842641163326,0.038425977155722796,2.1000912282200974
-0.038676737359485645,0.0127975859979923,0.05121089058581455,2.436757499911377
-0.032466170730881455,0.03093019068258972,0.07203454122557527,2.435458281469205
-0.028670089613489578,-0.026340428574003236,0.012032071482133536,2.4113085749202647
-0.04119148374040184,-0.04942363244590287,0.09080237257107084,2.613916355812879
-0.061533001277799454,-0.019771495785887237,0.04499172249725041,2.554056711416583
-0.08136504656312309,0.023333235451946377,0.0033219459155523997,2.349121988415979
-0.07486609479585031,0.017106469133789656,0.07040335108679027,2.561563840813776
-0.07945486619418088,-0.00856089407447204,0.07315786555288123,2.498495386793307
-0.002240052620564702,-0.003815821338825875,0.04662588192522873,2.1585841614954013
0.014023478512060714,-0.007751673904217055,0.033067590676263005,2.180873597739879
0.008773492732949258,-0.02270046021581365,0.059413768161154845,2.426998054534118
-0.0121700107955417,-0.01751064561279574,0.043436186268661435,2.205527380424259
0.04443990007380831,-0.07278629834627622,0.02403421812223933,2.3213661937540166
-0.05694444739061553,-0.07861928453330609,0.09455070982472562,2.7443332524680177
-0.04409006123316923,-0.013933110484103622,0.08313372762412746,2.65713490513897
-0.030595781919868715,-0.009827028636832543,0.0698611702866937,2.7515149920026256
-0.016266736701919127,0.013688497404740305,0.0514396783342532,2.231105190425847
-0.04053188198755702,0.020949213580730243,0.032781598546863085,2.1657016040092127
-0.08935984469324046,-0.020773208558384354,0.10488133194177354,2.825446879904507
-0.0860146365135531,-0.035388127138649014,0.08621853102944964,2.780014380664968
-0.057156443364751765,-0.03823953158419532,0.12407497677319995,2.8893483956156363
-0.11490503845798437,-0.061152214760209773,0.13523261097981676,3.043397332534872
-0.04207117561034779,-0.024278798439297297,0.09387642442062037,2.751502733402428
-0.08872217441783928,0.0031372720536290573,0.06872020142244814,2.68124889438593
-0.08032200305864304,0.0023777686193783374,0.008922009600473966,2.4084906873806755
-0.07543951505596981,-0.03882960531972469,0.055264152545033716,2.6623262974194697
-0.09542297309963926,0.022353885056897536,0.06812334600885711,2.7113883675999224
-0.08742654146961491,0.032914860266549543,0.03629015269006169,2.3877034421391734
-0.06834747983328833,0.003942153193106616,0.024847483244023857,2.3699997549194944
-0.0440847666151958,0.02263283206562184,0.003867984387940743,2.2185764399742762
-0.05717490817106561,-0.0149901174157991,0.04512951416208434,2.3973790422991414
-0.023369295772996054,0.014319197780736889,0.06762980215535104,2.5297370339101906
-0.048801772953962444,-0.006935661955935373,0.05419650399342535,2.383156216046531
-0.06089896584984045,0.021826592767697862,0.08868690767186076,2.6207514456513636
-0.1117549694502196,-0.009600619926587655,0.06446968331393675,2.699659132079456
-0.049063538262642155,0.0040706249266941556,0.037200493859441304,2.49036371958575
-0.048606415859659496,0.005564726812447459,0.04654630065892078,2.4036291287846026
-0.07287914462823786,-0.014062533959710013,0.07846210473573469,2.6745602780362754
-0.04938385648690234,-0.020821680605509155,0.060739192552060235,2.52191175595317
-0.06289856865966963,-0.07622781824194862,0.0890138111737426,2.7679292776555258
-0.10380891254127625,0.006530072755825686,0.06802610102084775,2.5663948771349663
-0.04327298268040832,0.01842049076582962,0.06479499687411043,2.4586326912814243
-0.02521830064864882,-0.005110494514454223,0.058920559613574376,2.3395926196273753
-0.022056298762501418,-0.009133680116315268,0.08586960598256789,2.5447262213189425
0.016260882012175057,0.0034735453846487774,0.07851312577504257,2.422173587656341
0.0015572812919967013,0.03784006654172757,0.02936394674752813,2.0842861742344265
-0.04027405063932292,-0.002797793759656978,0.04651303206466491,2.288845983212478
0.0006254675878502734,0.004794165395019941,0.09553325843239684,2.389585839210763
0.004556623682453214,-0.0368756287142539,0.10293421568689197,2.7020248491710013
-0.01998884315466594,0.005718720175102129,0.08049241474964822,2.547484754252317
0.01951614015467737,0.0053192132188373134,0.09027384941926259,2.650247493515266
0.014890916666143924,0.027815245470130107,0.09847841005309624,2.4652801583303057
-0.033394468257776005,0.020092080075395452,0.08175883955757206,2.5069592596086694
-0.0004906137478431849,-0.01914057283802964,0.08601054759819485,2.3919768098685115
-0.021456981280798787,0.026358930727322667,0.05300432474188553,2.378762876684569
0.019007883477008516,0.030624476982471373,0.06284872902966594,2.322737154145128
-0.002383482242060152,0.01893520305408068,0.07000143690056666,2.512766543233042
0.014569781041461964,0.05352447211560833,0.03811170623048515,2.147920281392708
-0.020613416383121662,0.07301398676984641,-0.02525842831478804,2.006044513527612
-0.0468969972575797,0.07995386564693299,0.0005014970943745735,2.1330458116970035
-0.04150596696243568,0.10517221370059446,0.008982929994368548,2.231447503174073
-0.058783651440049614,0.032440927824243675,-0.008138026900611444,2.2330374174468317
-0.03985403449922281,0.05116015208250408,0.03926522717315089,2.1761733308385987
-0.05409170870026864,0.04960436692882273,-0.012491010546820558,2.1623836831716208
0.029334899772218332,0.027259546359284386,0.04581971189403254,2.085211337640715
0.003586173972890226,0.036814208283405,0.04158879479090121,2.0994350489210185
0.01807271230115723,0.054445760354277284,0.015631001326628362,2.0478194531211718
0.048406914495237034,0.08080924528603847,0.0034378105993007908,2.0889798306295626
-0.019156105308148968,0.04833748365339636,-0.0028980440337868867,2.0521385982920206
-0.03353328180537243,0.028324696985115173,0.03166444500444726,2.0222237268058008
-0.045580289642280655,0.045598847078590306,0.025430528081297584,2.2718787549402744
0.02810975056463907,0.08128370805560774,-0.013450111165182905,2.066861214924799
0.023123053663193935,0.020573763857370028,-0.013130633170885933,2.109355479730028
0.002233566664471667,0.03519521633738004,-0.03094655010950478,2.0252217573752316
0.018044551887631016,0.06683887205652725,0.02022331656137176,2.1266623918035887
-0.04688675391470343,0.04647172054034682,0.0010055974842649656,2.184888599495351
-0.04269908770824108,0.059018751922895595,0.045288239055951,2.4586255732608997
-0.06123113668452416,0.048745845837126524,0.05611269297741365,2.5497567466987467
-0.006963821669376714,0.06966799783522452,-0.016684969743620295,2.201242158725245
-0.009821923267897029,0.005245286828657649,0.020546865152628806,2.3707410825331703
-0.08046727032568088,-0.038508859803871934,0.04778236935111827,2.7591461472272143
-0.10882963849766782,-0.04930907030161067,0.05615812235445784,2.999606623297201
-0.11638585861188293,-0.03724212036237008,0.13960788226873772,3.2410904382341252
-0.0812259461553057,-0.007695725010485986,0.08294048585475049,2.9571976395067443
-0.03619474853855845,-0.009695566742827226,0.0392011209058467,2.647530831180884
-0.06260887035360317,-0.023809989104890694,0.05887196635644686,2.8032315686237186
-0.09062610599420613,0.021778607605198376,0.03811836521550479,2.7498953361481706
-0.126031277460249,0.031445720746228485,0.05198000271424673,2.79573802788799
-0.09795787460424596,0.00018312375120806048,0.0230236761178158,2.6708691505786843
-0.05180342076483733,0.023667215016683923,0.0003818696526679064,2.301176737536118
-0.10671742473171175,-0.017707059401524578,0.016797668515634454,2.7695574718456792
-0.08950719119238904,0.024382661418004856,-0.013318324514408852,2.4284755229872808
-0.11015891401088114,-0.0090781360592543,0.025158757788166244,2.697811668580832
-0.07638431622394966,0.014341196523956842,0.026649373466070776,2.576669607914553
-0.06944470646526286,0.022239206793689403,0.04045269826277045,2.760287102117103
-0.15812799296974037,0.038770077256999595,-0.027452705586444623,2.8819843949787467
-0.1650258964960629,0.037659653532574625,-0.0007207099888429098,2.8164433332614736
-0.1452398830597764,0.01643845329211886,0.024752312709393286,2.8627238758844906
-0.11386476762797536,0.00936419994202548,0.01905476297928478,2.541059517078058
-0.0832751717953461,0.016295391554223337,0.0062338750896138925,2.4072548012052293
-0.12061514715330592,0.024933247173932412,0.02150179929139109,2.5811938119272355
-0.13047935561465082,0.03312465306681707,-0.015867707056413077,2.4788371038397665
-0.08130029113023504,0.04578856970957984,-0.005066655761255723,2.2458441324936533
-0.07386602077628845,0.028973246653842023,-0.047316815219976514,2.28643622462651
-0.07099188491092946,0.04502158543050532,-0.005985607730520148,2.292457974419269
-0.03492321511055255,0.00028220792364561266,0.02661881127220035,2.348896929280245
-0.08348716987410315,-0.02915729311768357,0.010026783244136183,2.399021863571026
-0.05609633368515693,0.015456325602524234,0.00010651173942240377,2.231923050711475
-0.07253597584289558,-0.00660589831464304,0.007503651802769501,2.4649956932764563
-0.09028869704629892,0.026021245284442825,-0.018634323841246782,2.4727621254772583
-0.06050958764836591,0.008378372634167092,-0.009718556694990416,2.517454304042192
-0.0106643058830084,0.017184128571935523,0.012064474212848049,2.2775181972661436
-0.06063758221943679,0.013293202613674594,0.05334009976937804,2.5673191559202606
-0.12346146684240239,-0.025249646831997555,0.07234082142732728,2.933759997563316
-0.12248465628548313,-0.02750312622374472,0.051713273424499176,3.100748495483445
-0.06026949864577114,0.01404619514117055,0.05360994155001017,2.4478672600412916
-0.0534104610988124,-0.0343821322622936,0.09825115722462852,2.9081295377746677
0.0005407380158268749,-0.03761473808539078,0.07692007845085021,2.721439779673513
-0.03684505013615869,-0.04265979444524685,0.03554523464580706,2.451341257773886
-0.03298189214312088,0.021817815253680824,0.04557684310753327,2.519120666005307
-0.059249334051049166,-0.004237092276233781,0.06030138706358219,2.532673750861757
-0.08767028783385905,0.00016557749076271278,0.05328438303153388,2.5345832499466554
-0.07946744772840972,-0.026777182073955595,0.07700436415979663,2.8819924154217866
-0.06579405745784563,-0.04809199044706574,0.1202272933036154,2.981616226631742
-0.08863080615999812,-0.005538590441443865,0.09770476764106442,2.758973473660989
-0.13297691509450313,0.0033347050784780416,0.07030848165582623,2.935746231768844
-0.07430129003456835,-0.004406651870230025,0.08297234656757775,2.847870165846209
-0.09653084585514864,-0.009243646676423222,0.06014543036893121,2.749448555353641
-0.06050568617131135,-0.029024064600785195,0.0663566418708734,2.7689395158696364
-0.06834941824115616,-0.06596556241641803,0.08684154559164502,2.7891274976645657
-0.06208675813197579,-0.05135840325066289,0.10945834345659788,2.8728417895589695
-0.04067003553879454,-0.0031635406647091153,0.0665646574134188,2.450879625326484
-0.05968831274746496,0.0005414201863296063,-0.0031823041415699332,2.262683492388549
-0.021369195065845427,-0.04656729658522745,0.07175457612779594,2.5092228732099606
-0.06097057812352281,-0.02830525075400446,0.030935643615556098,2.489994578006275
-0.031637749243183466,-0.061464406110688534,0.06988425204401479,2.6116599102203284
0.04505005007456402,-0.026508965312095477,0.04777425919883886,2.578435639519934
-0.030676945069517726,-0.028057292824494307,0.01642108363285807,2.398799103758257
-0.033517082577807555,-0.035632049878110354,0.08097748682430883,2.70666390300481
-0.01125055566824363,-0.02530486360773136,0.06068145874563423,2.5627165356687773
-0.03343995484582069,-0.009669308440557958,0.0004089524887752152,2.3792407374081925
-0.021119006683316885,-0.022974909872496802,0.07136128507416994,2.6036574405933406
-0.04886975055081234,0.016357668808592973,0.011932228438270147,2.49904645115228
-0.030528597045872876,0.00707578187673245,0.04620197863914448,2.634080315263689
-0.08025119469955658,-0.06708997710219976,0.0942025513049094,3.111685985842881
-0.037557188193227314,-0.006653618130812522,0.08274887207612516,2.700563941120695
-0.030645680485683502,-0.00465819266442252,0.0828661334001364,2.6629487331487223
-0.016286730262380318,-0.03335605918048571,0.04496773074542773,2.475007933090254
-0.043556893510512965,-0.029817956724769296,0.0636014768672918,2.4840509753086923
-0.14356025491116303,-0.009385118930589714,0.055429763837407366,2.8908665176292447
-0.1067576208132481,-0.016622872521657926,0.0866240443325168,2.986987972189086
-0.07941591289897341,0.003466663441639541,0.11301883365774927,3.096264311944042
-0.09985837419816003,-0.015034773357084434,0.07709575832282835,2.6281209866220863
-0.09804569121907868,-0.03199409402649682,0.035919435205037556,2.5685502403283884
-0.063286169929751,-0.038922457930782396,0.003918512341190521,2.2940710191822
-0.0629816935844654,-0.036261437605710344,0.03539023696438518,2.4564611017407803
-0.036297724604714705,-0.07180119439362036,0.017759691727790603,2.420601556331002
-0.1050438902829737,-0.05618691369326731,0.09207375438005758,2.949626061500822
-0.06903698168461803,-0.04155665824276404,0.04943387037456816,2.6048958746740714
-0.10227511037267115,-0.02980977712544714,0.05384424543287014,2.92153760298209
-0.03657572494630387,-0.02830903711269355,-0.004225421751756306,2.325488993654478
-0.02209259749975727,-0.038998179696305174,0.011890235026944891,2.287357007068517
-0.025119183165149255,-0.0017562712640802165,0.023254753481037515,2.3265198574107977
-0.025813730509370695,-0.030882460761263154,0.004976233015870838,2.2562199430239156
-0.07013645692800045,-0.02453513958051759,-0.003993878814033883,2.2702682722646603
-0.09090437237345893,-0.03101064488388747,0.03715611386439041,2.6485684338894018
-0.07144723097783356,-0.028917977370559688,0.07260699614861468,2.768290220080643
-0.03486688803419716,-0.052296008599960773,0.0960537898114329,2.9458002775847385
-0.04090961550480203,-0.03011150108679761,0.07564352300945999,2.6123786646564735
-0.100944491058954,-0.01589515291511054,0.04012844580010429,2.6845026766563773
-0.10864509486453712,-0.0019762144437369374,0.06369013216700828,2.8570493452882784
-0.12257737010097138,-0.038642610162909784,0.05997348137798933,2.668636889281665
-0.043181065097220146,0.017970327867305638,0.0552881600386077,2.632622322566017
-0.09875788002217252,-2.84769164286773e-06,0.08559771988276237,2.8687669314713826
-0.04850769013417203,-0.007678774571141297,0.08286926887735022,2.581892167478484
-0.1020063914760827,-0.005149315805911157,0.05850367850510378,2.7021848262658708
-0.1475771488209914,-0.02326234331978608,0.09273999620303693,3.0780636318231416
-0.09842717721607822,0.02152926150088211,0.0812781975578617,2.7264914871047012
-0.09090997518099952,0.03824151990363189,0.015076562804302085,2.6968654115161543
-0.1199500359881665,-0.029973273355927966,0.048503638913059935,2.9145862352497054
-0.1463529680213655,-0.012093660963420043,0.03750331889063703,2.938834798430184
-0.12376243725949301,-0.04100323250603925,0.08508752688398419,2.9548853224662497
-0.13031743751121558,-0.011015585535868707,0.09799109749577216,3.1026748239187447
-0.1538624760232033,-0.02270363022801998,0.09094151629564529,3.0656515910860263
-0.08829415959110246,-0.016486044498154828,0.027645704554445528,2.400642552132287
-0.10818543335367016,-0.0567522244720337,0.058070648247209034,2.739299550219495
-0.10119596575479907,-0.028274150884816815,0.09711673353574725,2.7168385059350624
-0.11695723586211652,-0.019159317307911518,0.04645363063382267,2.704261900844619
-0.1506322015362405,-0.09235374344612336,0.05801126778729616,3.1341444957547244
-0.172857527081019,-0.030068665389775973,0.07888506687482552,3.041231846741359
-0.16636166578028164,-0.02456707554672655,0.11306470527803938,3.263618754930727
-0.1664095394123546,-0.00022506594896953011,0.05211002939391003,3.1199518196133464
-0.20464520489404533,-0.02180998470372701,0.02849016752253892,3.264431493328508
-0.1792791862157749,-0.07166029376180172,0.05554726783558623,3.2257150699799695
-0.19090765621071695,-0.043789449435127165,0.07470139165337067,3.344129482477949
-0.10445425056301628,-0.03204805249318525,0.07094153139071609,2.8360747838558447
-0.10727716229160428,-0.070742214198355,0.14133379211979263,3.2353911006944704
-0.0720972090317338,-0.05265614172963414,0.06910850950994803,2.7640378661299154
-0.05927638069817777,-0.02617105638481468,0.06732222252323121,2.5295995438603915
-0.06828038874883664,-0.037744795868665616,0.0802620808163323,2.6746220253057835
-0.11340644703833583,-0.01876696447486678,0.10401045813955292,2.9890459477480165
-0.048343162906238954,-0.0118166545141562,0.07034489417977963,2.4337016501746813
-0.09617745579047766,-0.011378753438261878,0.05831252497077915,2.5433598344275277
-0.06582133526396457,-0.006235768062655671,0.01390756006890643,2.343473831207709
-0.10500652318229699,-0.019358089624794576,0.050174069940796207,2.5342342536502116
-0.09087005432541888,-0.04754049405242927,0.032015902694041226,2.5635124060919305
-0.11547508035829059,-0.05263560341101557,0.012460836150330173,2.621116990430554
-0.19485486112032602,-0.049401232257334504,0.06788924338485333,3.170160704064914
-0.14525473430525437,-0.04985257532100348,0.09192718644651234,2.951505759903771
-0.15044145215289678,-0.0804546231311997,0.07531201100477049,3.0395834565393933
-0.0815871497245621,-0.09044598007288404,0.06552824896629285,2.815193435551884
-0.128044411597055,-0.07984202345773397,0.0790803299309535,2.85779334026822
-0.12450385901691062,-0.03531495456106335,0.07307549504516513,2.7550763698542986
-0.1348321410340819,-0.05157553349896131,0.06549774877124238,2.686881259201924
-0.1305783898367825,-0.05804699310357671,0.027793458291276347,2.7336609819805826
-0.1154746294779863,-0.029151345658706293,0.009732240295005641,2.521855442649214
-0.11190499860363545,-0.020233177198967014,0.004046267393560697,2.4624857719058273
-0.08207413813835143,-0.05536869283128024,0.04619491825547783,2.499222705391085
-0.12413024856446878,-0.07350273212587366,0.05032428640444322,2.802210143321506
-0.13676042833703095,-0.045742370808431125,-0.003948447642775136,2.5383367760995608
-0.144864689754383,-0.04982462396166344,-0.019967641323874984,2.6168764718263846
-0.11483337107558078,-0.009754252422623576,-0.04731250260838689,2.421480904814449
-0.14033371246050225,0.028741039254450165,-0.024679544822192832,2.454891696451646
-0.1370863662331465,0.031446786751465984,-0.0312600930521884,2.4774659982121348
-0.07778163622519854,-0.001790799678985537,-0.054961412200025726,2.175056993832507
-0.07037968479631969,-0.0007476104946283465,-0.06816823154202016,2.1236937785487995
-0.06395010632699298,-0.02380184328756694,-0.056534521661776034,2.105370182350299
-0.05178480434534083,-0.0240646747873798,-0.002741745505964458,2.034674171906715
-0.11676139515345856,-0.06661398190328352,0.03859626252173854,2.6492514796065345
-0.10238701750742463,-0.03231081979505706,0.018255743828964766,2.3971738335930453
-0.06854541524946509,-0.028622935878173023,0.02345734687070518,2.3175684839166224
-0.12300879904029283,-0.04570613389335916,-0.02432800890482358,2.527389083995105
-0.04827365232281452,-0.02569625683864684,0.06574615244675726,2.51030548171865
-0.05474059516002139,-0.03633841597731999,0.03997368768879218,2.4776138662681473
-0.15575341871273932,-0.02863903335343789,-0.02035868143128242,2.721771144330576
-0.09753399056646016,-0.027910449137632104,-0.01197719991202096,2.2799879539185195
-0.14589590235113437,-0.04706426238418319,0.01908801568226154,2.7351083578643087
-0.08422109506562471,-0.022144808965081735,0.011037651475546062,2.314249448073038
-0.08449102719756062,-0.0357965157687199,0.03458284337240263,2.286232966422542
-0.0983019996595236,-0.08375005872614495,0.06714850913313271,2.7043388114096776
-0.05063978928798512,-0.04062067477921068,0.023503210697639595,2.3629897505962045
-0.05640722222114729,-0.03300964761979068,0.03688151854564286,2.4391360342547657
-0.09392311039337621,-0.03186618570315558,0.05877848685840435,2.578689646088187
-0.09958773378108669,-0.08527797309527618,0.05851368816953575,2.641449372966051
-0.12168548175699749,-0.05037769654633628,0.0242984769638976,2.462702550439179
-0.05605196534256581,-0.015881843764554544,0.02830390174013367,2.2290742335952474
-0.17302679572978893,0.016681157148173288,0.009198110631684664,2.8601054974128655
-0.15351924130817676,-0.017970525440168448,0.033314051517812644,2.6440950348800243
-0.12606298146342573,-0.019953494725082913,0.011009355377330868,2.504518187780721
-0.12867522709417403,-0.04940349040505109,0.03928871656300319,2.66477425441884
-0.1274166561131348,-0.041894574490047576,0.0351445167355543,2.6939652382320878
-0.15481179002515333,-0.016057635896775432,0.00665985730364478,2.5580378121434313
-0.18159539161133353,-0.08762384970977483,0.03703597561616662,2.991051028872907
-0.07326178063961936,-0.06132434265602129,0.02068866163258971,2.3531389808299257
-0.006242704249312867,-0.016663301690373777,-0.017100741393462907,2.0511406064650224
-0.052142184634832875,-0.04244745045572189,0.016509514031748492,2.3516028811325613
-0.05836017990566811,-0.043761349833388356,0.07083089271369303,2.653536521441099
-0.06797092796149849,-0.024458444493953523,0.01435786030484243,2.368178639547155
-0.09874753195130971,0.009961090188227195,0.01104967526015638,2.3408781915419388
-0.13386368515682354,-0.05546987916634911,0.004192666508494965,2.703080213687688
-0.12738529377012092,-0.05166860895721222,-0.001137962538891835,2.8338212582448756
-0.10775878213403216,-0.028590538318580983,0.008642263431811001,2.7658124529135697
-0.08838231370917,-0.07775719919357811,0.0034049201801259928,2.4694916801478386
-0.13958031498756635,-0.08285978314398344,0.018806700161853134,2.8391181408768755
-0.06351431379699679,-0.07947116515498667,0.03531692294088365,2.457468722864374
-0.08197539373685298,-0.026103513136635875,0.022869310195094177,2.4315692320608
-0.0707966395099311,-0.010769881800084334,-0.05490922977385491,2.163368704114603
-0.12374754050746331,0.001494345621802642,0.028436497021951557,2.452925411130358
-0.17505763132167257,-0.03707716417897251,0.00924465763993922,3.0630808310625977
-0.13162665977425478,-0.027946003701059523,0.011927522744839868,2.533808842561278
-0.1940590664469423,-0.026994069223126575,0.01010790750605402,3.02500866280974
-0.12225344641130126,0.019760326825904416,-0.053999449862575204,2.392535351943884
-0.1317461970354078,-0.03259103046470669,-0.004691642769858508,2.6225161122274296
-0.07520245132385092,-0.007006202338765568,-0.0006122790626720289,2.1650552912166074
-0.08550856045570002,-0.03072725876485914,0.04091536449788837,2.6289381267428866
-0.09063936840834691,-0.05821657804982024,0.07698869198384582,2.8700563306479014
-0.15735322630416035,-0.08207928308210502,0.09623003399079988,3.33135255435942
-0.1471749510234213,-0.06892048626274103,0.058254924752134674,2.8826684424735305
-0.11038554524787214,-0.022208514553393083,0.06479895503369862,2.6142483063364916
-0.1062460374037411,-0.03975027892021466,0.05704703986506399,2.6570378387942117
-0.076067056433472,-0.040225116877154375,0.04749150865920054,2.6236086243359393
-0.05927311725270966,-0.09207276460698781,0.036761621134267425,2.774014147396931
-0.17156794139157283,-0.0964507974474199,0.04188543575528881,3.2229156398928263
-0.11083976773175931,-0.07850939830190462,0.05853086123842717,2.9624781264766096
-0.09683330520545516,-0.03974819897479422,0.017965637234060024,2.8152322992576315
-0.11165163845674782,-0.04530134466782538,0.009502603984746916,2.724272164943916
-0.16586960462799458,-0.03277555041902308,0.015596368131297177,2.9507553930496924
-0.17085295715377888,-0.042637710468276954,0.012568910246599261,2.9939944869034245
-0.1599019326629284,-0.04556422048470171,0.0681776739922221,3.1268202661850633
-0.0983442384145918,-0.021069133529195375,0.03523751301179364,2.5855297660346963
-0.18247523704631896,-0.006334971622602746,-0.029459779719228828,2.93627898303244
-0.17956896613203935,-0.05103326792686486,0.04583300556347793,3.195804405135087
-0.253548388867916,-0.03744744870728518,0.0025233300197023234,3.3201623337711483
-0.2577281208418375,-0.06266732260035347,0.011507745216306925,3.502770956762829
-0.1618435753257094,-0.011640197926122135,-0.0027813676581146434,2.815873234094931
-0.17527909148481974,-0.03825381530871278,0.0017028020006918017,2.9235378253253153
-0.12709627387984973,-0.04985150941058928,0.06024904609538571,2.818798605558784
-0.11211933565389742,-0.03413780004516825,-0.02061660370775488,2.3596552777975877
-0.18055011649684413,-0.0033585655002507492,-0.010691535131367082,2.761283055816913
-0.0899777925735431,-0.04160851375227834,-0.04302697648349554,2.2700705137052775
-0.0777532181888938,-0.03386522988192927,-0.06012975226728145,2.233943308105786
-0.15893552178170242,-0.07721745277204632,-0.038899722082325304,2.839268340832955
-0.14649085141671805,0.007481144483396974,-0.027796227837381282,2.7777084529379223
-0.1309075905267592,-0.03896469472612321,0.002952400597421717,2.6092262786707003
-0.12421954813428335,-0.049651718027789046,0.004761637174380869,2.5785874862785327
-0.09535115454163831,-0.03919528956936134,-0.022200590230901606,2.4252241433599853
-0.0804850291486247,-0.03648085045852952,-0.026284084307831992,2.3480910814049882
-0.12019458610145897,-0.039384245534832364,-0.0211005534319791,2.6543963646912965
-0.11933568208039587,0.02331398905515064,-0.021349007365748053,2.436993010137051
-0.12848094312847835,0.00025154528886284905,-0.05065177258702642,2.4940262253058143
-0.09498241837723874,-0.027785047417117743,-0.029520292915338666,2.439157813701461
-0.09806207696603597,-0.015217442530548263,-0.01430218872936272,2.47504460218571
-0.1399200650229968,0.021167527250401406,0.012904317795573687,2.6790737126917796
-0.06124440228335406,-3.4907680964309975e-05,0.02985846456653391,2.384167660971387
-0.11364301690145318,0.0184713265964665,0.013885377837987458,2.42724504723138
-0.09381271399328765,-0.035943539877991794,0.04023178889359545,2.6214047422923876
-0.11912563833344054,0.02050958595889766,0.014107246362715493,2.5537363391178918
-0.12771008771506162,0.04146302037560884,0.015883844764064493,2.5314091454393104
-0.043273073241718196,0.029834906576006282,0.01563583323983372,2.028138667053499
-0.09835305028989028,-0.022297897896317143,0.05825117695978379,2.6863620458756317
-0.12019654150546104,-0.02464943441170581,0.023566746701020012,2.4726959987054453
-0.08296851570007745,-0.017069886310207765,-0.022835448040787524,2.23287754828817
-0.081995285781194,0.007313034452546186,-0.048022039232499994,2.1776188243882184
-0.08569727881119399,-0.005809395039739183,0.038393983825293555,2.2122456409422644
-0.12487432832228448,0.004774854589184033,0.029359918720797663,2.4435928282417283
-0.10128995772423031,0.017177105197863314,-0.03104037694077491,2.1776263394507045
-0.10873793025314474,-0.0032559582190148833,0.05772418239553634,2.433143241109014
-0.11008637916981884,-0.021096957627991433,0.016821817796712296,2.3562000433637724
-0.13064913761555697,0.015422570217518878,0.027044098925853157,2.5510428341361266
-0.10874151093622245,0.03501277017031603,0.01734508738497289,2.3129181263175793
-0.06607423032046747,-0.004749760733874135,0.001873388010048309,2.088181565195693
-0.0984878638030192,-0.010762593008034107,0.003236319789154662,2.151855109998758
-0.10305104102555085,-0.03717999068434243,0.014263125919688393,2.413395092729979
-0.11952478466346075,-0.020476970742890864,0.005751382769619056,2.4472335154132017
-0.03092943006980696,0.0034545840971811235,0.007890731867518827,2.0872275891048546
-0.06365349492752768,-0.036484340241427375,0.047169334386707326,2.31176121585932
-0.1080225382889775,-0.06278304841230413,0.013716255410746309,2.415522264673551
-0.09655902614877222,-0.03472064001993881,-0.003153963081887434,2.304379419013005
-0.08613273731348844,-0.0014301227133039268,0.027916634899803616,2.137566694764432
-0.07089140653063876,-0.03688033371472637,0.04962122941241613,2.2463752593360105
-0.11204399398059729,-0.03064956565663867,-0.004866316807627004,2.3962905820413143
-0.10892624565190186,-0.008163348371628694,0.0037189803220392405,2.2272015766088966
-0.12862510723256163,-0.03732767114061354,0.018616423544872675,2.43089408148751
-0.1533359134640449,-0.0210840920846462,0.03817976825425113,2.6999118306792877
-0.1454708002912992,-0.0013769449260991554,0.02041377169243444,2.5263250263576196
-0.14518902911355092,-0.06661012875173858,0.05188777212681579,2.7557620759290957
-0.08360291624893633,-0.04437601322538023,0.06573394719875027,2.466798593985012
-0.05892589414296013,-0.09599117814999968,0.07062182952463715,2.672127242048053
-0.05525184869091688,-0.07174515122348224,0.08220860819383911,2.628178638453509
-0.04274300680362451,-0.09272445598507909,0.0958590250137529,2.705833626035124
-0.08943823086042668,-0.035406907911360155,0.03221947975049226,2.264010150490292
-0.03691281196742018,-0.09769208871777409,0.061136155190101266,2.546039224263338
-0.05287233947548766,-0.09315737055212193,0.04100355901863327,2.523798540000327
-0.05845224352455529,-0.05736104228951547,0.05960035773360011,2.5842159119400754
-0.09582753333037054,-0.03392257911286798,0.08419548818665887,2.7771794215859935
-0.10611320258755348,-0.05961845641939567,0.027379829129036568,2.7240349194619493
-0.08773370449208337,-0.06390473291037062,0.08879878086712174,2.731222380225151
-0.10151086322850902,-0.04748158222705417,0.0113970861499763,2.524674902777373
-0.058265438846620596,-0.05548332900352984,0.07019861740245714,2.6125471726746277
-0.0548163104660129,-0.07711800601098115,0.006745436858375804,2.3662734156569663
-0.017037397861186673,-0.06482632326373212,0.05096095470428944,2.404929263260423
-0.053251991971110954,-0.029563687548728023,0.054345771058322674,2.3810064345121082
-0.05269363844535953,-0.03071905346148586,0.029251201661254837,2.3768403838627385
-0.024756776046755826,-0.04256459014882175,0.0900524779297603,2.4893632303973
-0.06521462610522315,-0.07515987981467591,0.03847095457654778,2.6190768795789716
-0.08401287785146747,-0.07088921043938765,0.05250712980089652,2.67904963323686
-0.05117369257342974,-0.03461929402539911,0.027820529218505887,2.5004044328611985
-0.054724115095507016,-0.05759849568654037,0.048814781514995874,2.344844262142539
-0.07564191458813074,-0.04546847380088549,0.03304161205540097,2.324931435777264
-0.10285412393489804,-0.07031556454055593,0.11169396466037017,2.9584116576075172
-0.13958602204905202,-0.06284034606688484,0.09212141552090422,2.9386459152081037
-0.09428495249656088,-0.029133641979817028,0.07162746153071281,2.629101283668131
-0.06818540867147074,0.005659737864006118,0.10471430226638968,2.5736868983179866
-0.09912212305832255,0.022548410227253422,0.07514407368012155,2.7580565323524793
-0.06963229213755989,-0.01752341632810766,0.08162721819234714,2.586258098377583
-0.04234154892326459,-0.0075301082161345016,0.05219310239432313,2.2837302156193093
-0.012085282113893604,0.028417124156630308,0.017673338123235214,1.9202544296906994
-0.008310809861538457,0.0046688968672323914,0.014180316551266553,2.036887408303788
-0.0606789304868594,-0.00023641136943928863,0.09418125152089793,2.4475150579115312
-0.08065551924101441,-0.01111804868004271,0.07268452044790054,2.451046035574771
-0.07899469255102057,0.01260663147771125,0.06879620769515314,2.536759173638502
-0.015447736240942663,-0.0344435140808376,0.06090502360719583,2.3734494607324774
-0.01610245981096868,-0.025759854099388323,0.052351129345798025,2.3359601493561186
-0.008097054607982341,0.0035139130862663855,0.061582317451309085,2.2499514546072814
-0.09485685531502386,-0.0056583893860395335,0.09185827944312441,2.627202283281493
-0.0434904649616812,0.0002494601760073709,0.11255646647461569,2.6235978348480296
-0.04245932599823307,0.02918205287856887,0.04355556494123949,2.271204412751383
-0.097152871119324,0.005720121857508956,0.01843916513709215,2.4034348743129113
-0.11899275187486612,0.01624602319911993,0.042192202960945495,2.5669618139682653
-0.08793413230713927,-0.008647861451824307,0.03590423421409028,2.4225591996636915
-0.12161974264049748,-0.023871028205944358,0.02650336703634393,2.644506721383407
-0.07245144704623693,-0.030915914456107342,0.07752166507062261,2.823675644535139
-0.10202348411394509,-0.08955227769486741,0.06298959934958999,3.0126384895788143
-0.1029478930980562,-0.037595395582748256,0.09432839403651606,2.900367619916647
-0.05265180104650431,-0.03261620363203381,0.06880268427163944,2.520213977287073
-0.10940586563266078,-0.06802536265858952,0.025674962985352625,2.6013460423839727
-0.05736205509599017,-0.04653316632986105,0.06928390232539446,2.5571656630520097
-0.13671756668324733,-0.045289769294854294,0.07087578984172171,2.890548394869875
-0.14540555087762203,-0.03570116533986509,0.0740970206856458,3.006518439927361
-0.1469996780213148,-0.027472197236062874,0.04185604413280077,2.7645306655466144
-0.13620104629281077,-0.04721572436258917,0.07483494870202677,2.998097909824094
-0.16692211360361395,-0.029293792804629827,0.06006982747564281,3.0129324347119004
-0.05898056925445883,-0.05226611680366574,0.12093264344221202,2.8836239250199385
-0.13160886227721197,-0.03126782505147429,0.10455931957727321,2.936933387916667
-0.1298238707587557,-0.018716147143883193,0.019597861893363332,2.5623423750291514
-0.11160009144121064,-0.0016873343458011008,0.08232253546730087,2.766888614923348
-0.14924619158657437,-0.031522253638463636,0.0037189951752256835,2.74122563709813
-0.13521882011136316,-0.046995390931340725,0.005098409774623994,2.7188027841221043
-0.07044625239912267,-0.023323883712572966,0.01768048712316884,2.347723277037465
-0.0026983546974444403,-0.014999007040644172,0.03951956162842324,2.355672425044484
-0.06533610293946636,-0.030358262761905987,0.052668876499940495,2.546641006907663
-0.1300400295972182,-0.04115288433617614,0.030462145000680025,2.6425948124575322
-0.11088101391025323,0.007395417921785895,0.007533441020099443,2.461286696879242
-0.08721109103097766,-0.028810311203257607,0.04500238521017634,2.5641083933247772
-0.06950930949251391,-0.013892390831388494,0.019198085996491115,2.474159094724363
-0.08494479696293537,-0.03238520383623462,-0.019397438319343818,2.411446215078365
-0.07348896328727639,-0.0474612911220055,0.0017474593445331488,2.419260451176041
-0.1052967840234061,-0.0005036842604886733,0.024802302136303887,2.601912645962033
-0.0973193905735687,-0.056094375448819594,0.04533458887191423,2.596220816351809
-0.12268939360860655,-0.06002178356850693,0.0861316586056985,2.957670774305428
-0.06506869246271522,-0.05662954513471317,0.10305794933029917,2.711735219728751
-0.03940138646091678,-0.03515990053849404,0.11215399027081688,2.6342138571731706
-0.07098630331345913,-0.036600121786535406,0.08207311328795718,2.754713435819936
-0.05213603335958651,-0.04516451056005864,0.056376466322848776,2.703682881660275
-0.08913163648880074,-0.042360973236390834,0.07149843850327049,2.6294708623842147
-0.08262321216387696,-0.04700367479758367,0.07577177171713544,2.777568914164473
-0.10296545778109277,-0.0673447621281417,0.07163878818041207,2.8486204503620884
-0.063499926133917,-0.03746723566879422,0.027328908176710125,2.416915542491367
-0.10633379859538276,-0.03374149490003179,0.013778850498872645,2.6400376088533593
-0.02667292075597509,-0.06461703383434489,0.04738748551813017,2.4098252022437365
-0.10391272610445013,-0.0851215516493794,0.08187917883578236,2.8332043954397177
-0.12481959620672894,-0.08931991649766245,0.09444021083775157,3.1135146149468604
-0.16675029397694557,-0.02266392368312425,0.07126294072618196,3.037690939994427
-0.09843293128632535,-0.047284453834042166,0.0807014114674316,2.6738781225030817
-0.07981308296316625,-0.032207987905319285,0.0484396405397662,2.4006011712263264
-0.13432051598109268,-0.010421491162514972,0.005831737869126219,2.5030086963475915
-0.062158169054106704,0.003802355512796537,0.0066840063067378315,2.149197176481866
-0.061175861958478135,-0.0077720687561532225,0.022464683233550237,2.2212840190626895
-0.06542238938034756,-0.039895474972096806,0.07125912032121169,2.578926559827798
-0.0837432660374487,-0.09205171152693659,0.06319189403604614,2.6568842872672622
0.0030021973068294853,-0.07164300842902852,0.0894260835569422,2.508201613995131
-0.04858051418300767,-0.04766837057177257,0.09582914823241132,2.691971414007836
0.021788763046978032,-0.09689204316312973,0.09733975282247305,2.7432656689930353
-0.04578748840155538,-0.13892596586945385,0.14225127536035845,3.3405195546674347
-0.05972167545542468,-0.10760637219146069,0.15664543587837637,3.441992552623845
-0.08638585780309115,-0.044364027145458194,0.09772157812466918,2.6649804514043214
-0.096214290961119,-0.021301011499147517,0.06996553135480348,2.610239127284259
-0.09336366820850207,-0.012022464835489298,0.05190853075328151,2.4568918994664686
-0.08709235052910637,-0.024181135523452402,0.08544066675965917,2.549716682824191
-0.07237284562264426,-0.04430389664990774,0.05731629729090976,2.4948344831039098
-0.009462318639680061,-0.025653345091084644,0.03263341946752928,2.1944695854094736
-0.018876912170218717,-0.018490504050543144,0.029255039380939422,2.1626607622007747
-0.022297467207523874,-0.025177375104114514,0.0511504397344546,2.1645696773990206
-0.017136055519290986,-0.0033010096780567307,-0.0032432963120707318,2.0660996797949913
-0.10011634372791606,-0.003465959990312591,0.05459930653412314,2.6307139697731623
-0.09966516162046897,-0.023931252303296895,0.026740650233933714,2.600839362908199
-0.09023470004669734,-0.08634071332257934,0.0584505757283487,2.7399187755423355
-0.001767011304330876,-0.0008814482408512392,-0.010962281145041518,2.0945895779825077
-0.05985005218705077,0.009543158665523084,-0.0288228506407185,2.1837228127572432
-0.055432860129226234,0.04035676672009026,-0.014236529712516223,2.245377999647887
-0.06582744699954644,-0.08025252229466003,0.052257249529722945,2.6299647420667496
-0.03364847105250124,-0.07925318274822424,0.053515905295798014,2.6866807099490404
-0.06751459268513682,-0.0048829294996043625,-0.008684337477370862,2.2960373747556724
-0.138493606380044,-0.04348415059826697,0.02023206515664687,2.8149208470157316
-0.06553139380544291,-0.012122164695266424,0.02742626509160753,2.3792442885188754
-0.11592195517069566,-0.00506601931484849,0.055667383691852285,2.4920971434400205
-0.10948159861191431,-0.007146624808908453,0.04952315569147599,2.512006130455229
-0.07567728475954344,0.008015686757376307,-0.006745447822609032,2.1594089949730355
-0.09139371913503949,-0.009867144431306757,0.032536644865429815,2.224504859852961
-0.06855295908508217,-0.009965103345818814,0.02465818347356815,2.1745103773581507
-0.12514621357629457,-0.0217202232045543,0.07045019000803907,2.5417223277574945
-0.1269870978642412,-0.016450014299489526,0.06720040921732429,2.637417663265369
-0.14621206853058624,0.005252016740636614,0.04711628763685371,2.842687672939281
-0.11329484348040048,-0.012782960676757294,-0.01207116648388909,2.4668607143720394
-0.0764654029459936,-0.027619526823172716,0.009240686190497525,2.347963150316682
-0.06996651742525652,-0.04717395269375629,0.0418715630379729,2.4728544220667628
-0.1018280464586649,-0.031228280232728417,0.03936170976230224,2.5320829231931183
-0.12873515486924567,-0.030103631282213564,0.1030084467752585,2.907349806892018
-0.11985841634319434,-0.008582155398495479,0.11018718541387222,2.9677750013178694
-0.12629616558860143,0.005484567276756989,0.04072636127644384,2.744522236822022
-0.13850179713123378,0.011361164427533647,0.04077289498884655,2.736835635582335
-0.1147134616185178,-0.031370621033331464,0.10831256549112285,3.029461205858515
-0.11332056109538431,-0.04729582106219939,0.07317898820736407,2.8700260233187587
-0.10258936025873346,-0.07223818570500369,0.0627598333652781,2.84370692364071
-0.17333380511982727,-0.05796442975960403,0.08931914523053737,3.1982228733753644
-0.11154498290955375,-0.028319769015778394,0.10401934299727542,2.833975523965614
-0.07148130337884918,0.023403976144082492,0.06977664661012463,2.4938621091146773
-0.14510422753103758,-0.04350289401677362,0.08324056429816322,2.9901331861806186
-0.11433310088460494,-0.03565153265530343,0.04263235631141542,2.6496180319088967
-0.08182117505513864,-0.03101201817431921,0.06432945351261943,2.4822503822439677
-0.06610772337330799,-0.019878644344818723,0.07358049092228282,2.500254777651844
-0.09410316340546156,-0.0740300794610022,0.06833874684750584,2.810407075476662
-0.10915348085299136,-0.03888201934384566,0.10593177417635356,2.80029948608424
-0.09158816823381662,-0.009311046475821788,0.03695065145538926,2.4597750403979544
-0.07298681159832683,-0.020388214354080787,0.05977512687317762,2.4353478765838137
-0.09314727152807592,-0.07758480350721604,0.07575934147046887,2.875954738174429
-0.09919752910992613,-0.025310576001632723,0.0826714094878885,2.74437501133271
-0.06347126347160595,-0.030751792466178856,0.09861179294300174,2.5884411964804714
-0.057126442283502755,-0.0396965024302102,0.11285392255391725,2.59567370839648
-0.09591629473168035,0.009222724564602004,0.09703454712622395,2.6436632745314146
-0.17141847427690338,-0.052153991164663176,0.06972204330829747,3.0617821219281955
-0.15547333384785614,-0.016443890195927346,0.07314686510389773,2.9343095286794827
-0.14812329495210408,-0.02268526169913857,0.0747000222113815,2.962486438108249
-0.16625467324788007,-0.0782462031363734,0.10639548370019453,3.347099669145819
-0.12979432315919584,-0.04134728738445754,0.07664473998388585,3.0248037956089187
-0.1345311070062305,-0.013178869250534917,0.09930780734368427,3.0844515284004705
-0.09660010343469495,-0.024367891968669658,0.09848534104481253,2.8694744866038766
-0.14913563062800148,-0.0381672325053186,0.08336110715468857,3.088784479503389
-0.06629572715477466,-0.05965979391260678,0.10677693313701292,3.05628037152649
-0.09606010953458362,-0.018685210741950065,0.07634520793914397,2.6308392993191645
-0.11642278206061432,-0.014834830751055503,0.07869883902225801,2.8688736851141514
-0.146037304102572,-0.03108516300161069,0.04118745777607968,2.8281040896042144
-0.13498839102881963,0.020567167845077845,0.029216633232055488,2.764804541352453
-0.14677469993509926,-0.027523671990078723,0.08214084666871777,3.204875869231756
-0.12117414358785693,-0.02090835324195098,0.047775936913689976,2.6554682999067696
-0.13423767630813105,-0.022026312313582763,0.0827126806840572,2.9112626295799195
-0.08919568095494616,-0.04590876573563847,0.10234922344234451,2.77256629203841
-0.10757876029396625,-0.045730197713867604,0.12345217730089075,3.0730516631392533
-0.11670724631433198,-0.015102386100607573,0.09148491693569981,2.9204345137730647
-0.09420722315111789,-0.025712120782694966,0.10999286364111886,2.8062075893294303
-0.08826596085350988,-0.049839566639605766,0.11192772960577342,2.942651182603188
-0.08977141337073807,-0.03466865269542413,0.06576740094454542,2.695567937997639
-0.17051500403480757,-0.052960975216776854,0.15483664318389506,3.5295755768152905
-0.1463515580773643,-0.038478997962634535,0.0973852855056074,3.0353086372844826
-0.14057240842521637,-0.04058614955249368,0.13131782227306413,3.1616392464983556
-0.1163872916751621,-0.06902749194745675,0.11634237181572507,3.1478880053849365
-0.11349587666584239,-0.04132053017248676,0.11308871829176712,2.761487458714945
-0.0704640251314962,-0.0823958484132849,0.07300874772090958,2.7657867042685824
-0.11983214732625289,-0.04477734025646191,0.08212770323457332,2.8174433715417253
-0.10246204399017125,-0.025460265839405808,0.07137566977566984,2.666457917408298
-0.10390905875939788,0.004194182177259694,0.03779151754397308,2.5539051720217634
-0.09630826849789956,-0.03172828654420026,0.019792821132179766,2.4687841310279808
-0.12254315929756858,-0.025702713287931514,0.1069455293642181,2.9862202280597048
-0.11429651221666073,-0.005318516847795112,0.1108260940744953,2.7764844345255186
-0.11945643380337223,-0.029790372172262266,0.07365403541242024,2.813716211552572
-0.07825341769230496,0.022668163884003386,0.026429046545598276,2.5172307628312343
-0.05378237957175257,-0.013571847314885666,0.04816875970826296,2.2575887621334263
-0.04762476413313782,-0.006837905712054388,0.03196273557913376,2.3291425935431946
-0.12657546569475023,-0.07236049125363032,0.06833079640195096,2.9510481517326617
-0.11611720776499196,-0.049228924986167225,0.06109507567042973,2.6853498125108253
-0.09982886811799303,-0.00021625212453048993,0.040013508112659184,2.5786423248521144
-0.10587206676905495,-0.0502147085653859,0.05594587633554093,2.7844508954691363
-0.11930571694427498,-0.04695242752870345,0.07233372110092826,2.670448958135136
-0.12240224761941053,-0.03767427609413191,0.07148374065825636,2.7721900051672392
-0.11254059324354064,-0.06216960968961651,0.043218699512387056,2.728184267332166
-0.13093064875593552,0.004596133763848743,0.06943180294923826,2.747252396808342
-0.176156790914859,-0.001001761176074036,0.09239049430367435,3.0487140237469426
-0.14892225366389175,-0.02353065328715468,0.023132091514061367,2.682565983265889
-0.14195462626365105,-0.04688277112542834,0.06007543357117315,2.9305678225152914
-0.1333091545496455,-0.023247612927990755,0.1085304312059416,2.992732834806806
-0.11793751483228326,-0.08904795580323419,0.13116612849556938,3.252268084229371
-0.0594893646265944,-0.10870070873181745,0.13717549798754508,3.2796861483029343
-0.06973718825124028,-0.10861150423609385,0.1375787473127996,3.1428090588295707
-0.09433614652756418,-0.11046216044257613,0.14392182227202086,3.2000749287835197
-0.08475412733688517,-0.11713923130020015,0.11163924671604858,3.095312612581051
-0.07634369768093546,-0.11389837843497395,0.0890194536821454,2.9193395972123826
-0.0917495981272352,-0.1065776787672121,0.11635888311429168,3.0843751937351165
-0.041993563588790396,-0.12814735583848466,0.14142481586190706,3.1947919085486802
-0.09342078884950776,-0.1069687735777641,0.07489860556801653,2.9029069851685865
-0.09832721708742198,-0.03169412403505975,0.02903342993149499,2.548477953875838
-0.1333081517146579,-0.022134231574727097,-0.013113191961781333,2.5763855693689486
-0.05779620912153749,-0.030593135357152447,0.02420706936925728,2.292837567404921
-0.048614947372412086,0.012244483896047254,0.08717505362164943,2.5117605432006918
-0.04974643996280087,0.009319390476679915,0.06456319170073338,2.491020310452894
-0.051225190221861866,-0.05960923615720649,0.09919588534914675,2.6797915654972697
-0.09762988693137556,-0.0009687620342787857,0.08208644246046184,2.7202630873048497
-0.10995368344511583,-0.036302838104754674,0.06295316786509887,2.6578036213875604
-0.10595903288350282,-0.05152829810207381,0.08274638479285144,2.8834039073844555
-0.05969802896612296,-0.011301620625358505,0.04779614410389755,2.531173864784313
-0.0022994013872562713,-0.026224979181148984,0.043989844396956544,2.3678701407863065
0.007016968447634154,0.02579242047430811,0.025097214520054586,2.148691166494102
0.038375738084259835,0.021893092511209702,0.0037141202025692674,2.1617199013997968
0.030656575985909693,-0.024981161837554288,0.0030891465415461773,2.1230676407174234
-0.03202440554099372,-0.0037366479850757914,0.043009393325883064,2.1961508891409407
0.0028500933868711082,-0.039823921164427935,0.045725271244948656,2.405597979503252
-0.059851530109669954,-0.040337966116619474,0.07870208898257043,2.45297310875561
-0.10174280161292407,-0.049143929962751055,0.12811760784018972,2.9390374664274295
-0.09318898873202495,-0.04671761219112902,0.09262784340872826,2.817633444196262
-0.05048388508662191,-0.022295208089044546,0.07868888654656675,2.4135565439461346
-0.05767283761822339,-0.02835721484391158,0.04287255998372092,2.4010518307684756
-0.03741711412281593,-0.040871394926348247,0.049051414835246554,2.5021198400400073
-0.014792572817114436,-0.021245361252810444,0.028508772857547687,2.2707557481297758
-0.04261480315471084,-0.005995975396545154,0.03894264198924015,2.219304577458451
-0.050617688216634524,0.029298222889515804,0.008178924591081722,2.184993426916564
-0.05886548253140257,0.0015329010408300465,0.037070662015830334,2.4975489738006362
-0.03278477954141969,-0.005043670952239303,0.025565009054311496,2.263816172956058
-0.026207185676834527,-0.0069740482041444575,0.032196339160978235,2.3359440036201193
-0.06209339661984466,-0.041013430483781595,0.02762483237350764,2.437097150487691
-0.034704723748212755,0.014240452277446402,0.007740407470254507,2.163964116430212
-0.03950388572979022,-0.005003038578558503,0.05053546484655372,2.3730080726208245
-0.07627841912323217,-0.04946956518648404,0.08156822987635912,2.805745053887227
-0.02344960092408141,-0.05905015102784239,0.12860963243687584,2.8884430928938585
-0.02571981639162928,-0.05981800019176215,0.08263396008930149,2.78287843137227
-0.04595458102973536,-0.055972244383183344,0.1014068173726177,2.7093545504624936
-0.031140998662229406,-0.051636643494409544,0.10881555581804661,2.659201934196465
0.016035508694835714,-0.07551964731190859,0.08161299895520911,2.5311426910299915
0.04683388636667841,-0.06956261855700045,0.11941567507908889,2.7510990436039626
-0.010468389257827485,-0.06730582729768687,0.0995495402733177,2.6955570645996727
-0.039344349525332216,-0.06959319075094297,0.07991401549639579,2.539300073817547
0.03688111165589542,-0.026402879823068267,0.06279584317780557,2.342304894705113
0.023792168657391435,-0.046183026791407684,0.08804107062597055,2.5472224026836514
0.056757334951484766,-0.03986652897383382,0.180266093391285,2.9974702454528024
0.0035425953171963342,-0.07937837156096919,0.1285384457125562,2.9516945791738283
-0.07501192264669401,-0.08217590177053362,0.1458573624694579,3.1471900327013183
-0.04974976236731893,-0.07529173244642445,0.16564260117408894,3.3033034939610064
-0.04765046290965654,-0.07518284111265212,0.08668996973462867,2.781075198627843
-0.001194296589409589,-0.09676783610489079,0.125761644063041,3.0271264138662057
-0.01718156485185884,-0.054429729622577014,0.09623960220313398,2.7853626281750716
0.002667786225023594,-0.05128739052255325,0.11114704037093723,2.5724601131950355
0.01606965126733569,-0.043703271135666334,0.0729958498014721,2.4935139503039636
0.016619891480350785,-0.03543048142285541,0.0779748649338318,2.4800850457780257
-0.002977163947825444,-0.07222424932114044,0.09377681621052036,2.7213009895213096
-0.009542368746030984,-0.015994612703115616,0.1187716566535825,2.6939313171175856
-0.05195503809148674,-0.06301456034999227,0.12711148880969605,3.1250212460317695
-0.06218003390677285,-0.06715766924218701,0.13708763630286247,3.281135749271039
0.025626232657789197,-0.05585794095282379,0.09618241891680329,2.882480559310813
0.04294430832387362,-0.0834329369922214,0.10376132221444231,2.9110166552719994
0.05181862140322981,-0.04534186931386957,0.11004676182521954,2.7096880211377408
0.11777585884581801,-0.09372315122798051,0.11458208485523728,3.1099810704484963
0.10381479614624696,-0.09262220851981189,0.16766199615293095,3.397996456158555
0.11040066888540484,-0.056726598496303016,0.17652081747358553,3.3964366831907493
0.13027962153526512,-0.1370588283909031,0.20649644325005478,3.7685184957078683
0.09129666612907542,-0.05482890877633774,0.16581348610389401,3.1152819480820497
0.04930986045268596,-0.03377472782036853,0.13616123543726222,2.8286422524944648
0.1464678839180429,-0.02134882428288546,0.15830820297747142,3.1268075191494873
0.10029710584438463,-0.05230625878053776,0.1352356499264276,2.9772490620401206
0.03797269018541526,-0.03945329320668607,0.09832740287726943,2.5953512261258536
0.020899612504179425,-0.013866151305448457,0.1632714135935491,2.9758543081800184
0.05620584791842404,-0.029963471726584746,0.1301613059058883,2.829166454497898
0.0019504032367352682,-0.05564680904702346,0.17005482285200127,3.037023114205296
0.05862789174692054,-0.07272707829367764,0.1886853810339692,3.248468616734356
-0.030815547684065164,-0.07709407286540594,0.16199152138738995,3.1482638780636916
0.013584904884627902,-0.07514404849708771,0.14515713857907162,2.8359441994610766
0.032900698474261234,-0.055820696941012035,0.17776071732625223,3.0964753646446903
-0.017169936267394784,-0.06378011673081978,0.21513784666023408,3.406229583470152
-0.037824187228332806,-0.0801799359395456,0.1345552042213007,2.9739806803924695
0.03154136126867942,-0.08083322931636339,0.18785639993333186,3.3279922785106977
-0.004492619190759495,-0.044566926747795395,0.12989340853669976,2.844341243509054
-0.025972810214080454,-0.07141259859974691,0.17865385060498032,3.120993387007318
0.03378679101507719,-0.03830851995440907,0.08073237557832451,2.663361505032465
-0.001535464647462945,-0.02914493137716293,0.09734082086154505,2.7870209784566504
0.016244538689944764,-0.06538049094029623,0.15145790891414437,3.0620894577082485
0.04591105375353921,-0.032715604662965594,0.13454021462961643,2.9022029981571915
-0.05811818643958852,-0.09234572072364505,0.14724715229437577,3.219723879653694
-0.07248317928383192,-0.0483848822446454,0.14102491278757337,3.082264375440049
-0.09521998531470756,-0.03520613686960477,0.19833743210595947,3.4361870366705562
-0.06734858293544886,-0.058345561523345496,0.13494415898829035,2.981815593587468
-0.04770243411651269,-0.03874239765830762,0.12912034710443668,2.893907105541601
-0.05059121121209746,-0.030893954033307656,0.08328730523149785,2.640045006640811
-0.06822522505520415,-0.008131480458502862,0.13427698988767706,2.871825189339293
-0.0921868547204515,-0.018232423903665276,0.07421792049045442,2.8106190138639495
-0.061618091524752706,-0.03543908760290021,0.12173490843768947,2.923542682259453
-0.04960365562436149,-0.09308819383289425,0.16570627446978853,3.399073556927121
-0.09531113338528656,-0.10790452574065254,0.14674339480212692,3.374548242104924
-0.0909807556049229,-0.02350358905844509,0.04241971429582214,2.5711616299687488
-0.08469966720737145,-0.06339026982263431,0.09652293325745889,3.0057204185524955
-0.08106417977690658,-0.04895279453056074,0.15479739662555617,3.1820495989944675
-0.04781888900246353,-0.09581298185726292,0.14336192534213896,3.1379525691203183
-0.02776258203309632,-0.09779170061713498,0.1472300706741232,3.259076470295737
-0.025634541349726935,-0.06810714637974488,0.13248948952801423,2.8866495168097086
-0.10415741869491599,-0.0803721269873453,0.12645733202437184,3.046718672281315
-0.0782145651379143,-0.07763423123192041,0.13411770066663925,3.1238509796313374
-0.06721483488109506,-0.1291350220015513,0.14283991042805155,3.2954099042912173
-0.08077736304357935,-0.12880589177998197,0.16427112303597208,3.488345118762039
-0.0462018800276407,-0.09896924049801895,0.16489398563104965,3.1115106619918134
-0.0056698450109385476,-0.10348439218490518,0.18076448246073287,3.321248998800724
-0.006256415053287982,-0.0692615239859293,0.11886153774093541,2.804300718037273
-0.006245454358334909,-0.07519012301347813,0.10149277086767593,2.6549882033032515
-0.0025758138086894957,-0.039650240856973835,0.06415503219647585,2.3407018272759688
0.03166039518709928,-0.04679345435252089,0.0721269931282055,2.3151368915687622
0.003638465152811509,-0.09129392811915907,0.06735232942603689,2.5974235042138067
0.03196550904593064,-0.0655810793862928,0.14891401322578907,2.7911024270749887
-0.0003577037318486609,-0.07082047259975477,0.10137148178660409,2.561947426603479
0.01167850729641925,-0.06304782552504516,0.09326198240802976,2.4834424245211038
0.003957004704633291,-0.11141191132563526,0.19566530865442522,3.4053362916568357
0.06131876873263051,-0.02958343201469334,0.10111657104236832,2.6784269158490135
0.05727046718441999,-0.03194350662965971,0.08057247541571455,2.5008800813361534
0.08238222015223601,-0.04151255085537746,0.07777627828282359,2.4840310630501357
0.07200462005028124,-0.03525291078197742,0.045249559470205765,2.386906960064705
0.12389204199220083,-0.01942698038822136,0.03359839184427669,2.4582767915593537
0.07222090934869231,-0.026678635772586834,0.04126224924271498,2.476139761170764
0.07053306073536045,-0.020954627752556017,0.07541100581043123,2.581624351361623
0.053811058565124734,-0.03489683310629274,0.07016047095352579,2.46886130718398
0.06970955370544743,-0.06442249583594661,0.12258197854696315,3.047381344925777
0.11704645510346526,-0.08808743060341065,0.14251457143257124,3.211638048253264
0.18006540173239607,-0.07498928042765617,0.16295594570728847,3.620071247864071
0.0760046014880734,-0.08536322194526562,0.11696179603774723,2.9132594592951455
0.04606250629742954,-0.09808826083116673,0.1692345088388784,3.134099030716264
0.07218766613032845,-0.13512113904839587,0.14630470040433738,3.4326422728708885
0.042445945052017715,-0.12480689530243734,0.19339746682031597,3.4900092451183835
0.023031093571830138,-0.048100429632112925,0.14896669754706404,2.8333582801442634
0.020684503720002297,-0.06889416327036928,0.16774758880870594,3.0497057724164236
0.008883719162457924,-0.08836426067414735,0.19935276755318684,3.4498284311197835
-0.03219097565494977,-0.02323515224638606,0.08851566420054698,2.495158850463635
0.030172464554609486,-0.012624557099410584,0.14001573063877984,2.853550266037296
-0.025943414229589342,0.04044606469969914,0.13789842242890185,2.7985738749829476
0.004922135852088048,0.0274882147249412,0.16002614730630832,2.969028164528804
-0.013880778825547876,-0.005075117432633176,0.160658956938003,2.987630286286283
-0.019731629363344542,0.014143853188869127,0.11138354162526987,2.632595719266102
0.020242433462835767,-0.02176954762288251,0.10772253175639235,2.6250949950012994
-0.003609265151545613,0.006001094632511583,0.15072355357466796,2.8823699632442517
-0.00021707136459692632,-0.08848559044246045,0.1886994169558902,3.3509675163918202
-0.009115724557540108,-0.057335153762832186,0.18106180120656254,3.2106545652351084
0.011107810682205338,0.009203046871211864,0.13537764863529886,2.5705158796695864
-0.024888093539607845,-0.0024308397632293393,0.12419717829285819,2.5916945796282467
-0.0468754243997885,-0.001995025452896156,0.16153800794926046,2.904965628190133
-0.04382299063316779,-0.02943920244781057,0.19565403867784759,3.265970007400291
0.03152809654529945,0.0022992319253248013,0.17521527121994301,2.863617365881899
0.05648373441503763,0.011701968499461035,0.1156713546803048,2.648446217764968
0.002941494448889221,-0.03176098386068478,0.1233004324531166,2.6194804342485503
0.01264257459295447,-0.016846670309622336,0.17993230897894547,2.9553935262342295
-0.0019795432682068537,-0.05363383614242718,0.12158117704270148,2.9021868405212117
0.03237912573246784,-0.10380181654239846,0.15576982390712507,3.225571867832175
0.0655212688693898,-0.06340413272840185,0.11767938692203178,2.8343783870607684
0.02306759454227967,-0.02996979712679037,0.07805754112362122,2.3989169548417975
0.026349625291226562,-0.030530318091300402,0.06498101413736031,2.4850848648287784
-0.006100775855712598,-0.09866071785392395,0.10738742422280811,2.840348161629792
0.02495772541279065,-0.08657618055266306,0.09579629785893178,2.651786290229436
0.057266095047619425,-0.11396723000641451,0.12578437011982221,3.056791222020415
0.09125939226819231,-0.10655275508942438,0.1553436713899386,3.24019205460699
0.048475478025200636,-0.11345773697747767,0.11974873822039842,3.0428078428114333
0.0929208369403411,-0.07435622337986789,0.09358733662730659,2.8526387830691937
0.0868523911382231,-0.032729814158060984,0.07617954194707802,2.5427587637727704
0.09389218196864618,-0.026385705913612466,0.06178038016456815,2.46416700193296
0.01980372434882854,-0.05523366136552523,0.08936950842936779,2.4276311652508773
-0.017317337496246643,-0.06844393942555119,0.13218128567072834,2.798058743166965
0.0014046277304192722,-0.037486089488699095,0.07756612774689603,2.6099705258953603
-0.029376778123221377,-0.029540018164710708,0.05788929345095121,2.4011079542812905
0.009634820335763137,-0.05255226762812791,0.09705263551731962,2.5077144567244933
-0.010593374330742056,-0.015602311696489107,0.08813425591761463,2.561671974648146
-0.08414575957799858,-0.018589851637956633,0.09780006499866326,2.900362376237138
-0.03831210755278815,0.004480988339114589,0.10161956077502247,2.7476078358222864
-0.06634162614300038,-0.03099516728306036,0.12814833217969732,3.0404209735943355
0.009001357822817016,0.022560179340060323,0.04594649502894119,2.319673592770643
-0.06714594646196645,0.011729881616461268,0.04756071357334236,2.4409305590634265
-0.0741739603946074,0.012660450943078239,0.023536195679899632,2.4836650436301957
-0.07102139855308015,-0.020846020510769475,0.08867773193931898,2.5328139948722845
0.05146870627578471,0.012343048350823798,0.01529374297990223,2.0859656560500386
0.010497135124926915,-0.01810416093608522,0.05879099596563027,2.3112929844936265
0.04183354854394069,-0.084399546855999,0.15314769841510983,3.182028059307028
0.06323260705120713,-0.11529311185807262,0.1613067731170833,3.321026528503978
0.0421564478781657,-0.11966578172496689,0.19413465489283768,3.5651757902379133
0.06054434572407018,-0.1043872574630752,0.19212990669218716,3.518109719202553
0.01433021905665194,-0.0873613387499484,0.13621766361451126,3.001557827242689
-0.03611545000460949,-0.05368664575545524,0.15241013781511545,3.1308731798285594
0.032423413687580886,-0.02800469859892468,0.11033324544822437,2.7375595668776906
0.04497670307738873,-0.09083560294916193,0.1658329982687922,3.25052004123867
0.016612121619846907,-0.08129971549056991,0.1794490616796204,3.2464012159016074
0.0314370856008721,-0.06455160279288523,0.1433614333635025,2.868764777193821
0.014805756570721959,-0.09478791586992878,0.12324090091343645,2.8888914113603383
0.012015617379870546,-0.03420414046239639,0.08172150194546261,2.4518732453729757
0.016691166927776318,-0.038388820165262606,0.06534637098114704,2.4243447452806115
0.04613530497122132,-0.019414140987708047,0.07948743257957042,2.3443645006280702
0.03136349245244076,-0.028966838338356043,0.10500522296354942,2.596848801152394
0.042973123425246784,-0.024604825849825176,0.06676020386385446,2.1916118643778955
-0.005603275600035943,-0.006523185899194407,0.08851788263044233,2.416789614464357
-0.012645000614906822,-0.046153207526195894,0.18038232390363784,3.141101804975219
0.026964949304181966,-0.05870569081100014,0.16886069580763313,3.0570952318353255
-0.007993256773418006,-0.050350976552865044,0.13334324933272262,2.872181495443267
-0.007655462141216439,-0.07877799210826848,0.16064129226186058,3.14312407515054
0.028057031905585804,-0.034731783988735616,0.10067580173232288,2.5038962225024686
0.10232836204994776,-0.002348859845405698,0.10512759882536397,2.747748384114426
-0.02239977685933893,-0.06147565586438902,0.12208029267954108,2.91376472426293
0.062047109372956585,0.008750464325252337,0.08824005958754336,2.556831446927635
0.06208188334206318,0.034466623709459354,0.1217840103770993,2.759798844344327
0.07140982728827017,-0.041052705733299215,0.18206927133618803,3.274462079309996
0.03178645816719639,-0.0012370162325331048,0.18217616801803388,3.094393232857565
0.027843384695045513,-0.010597899151409596,0.12247107112610965,2.815098519648299
-0.031621090027683374,0.005217330359548598,0.0935496162105288,2.671641985810219
0.03460189636007584,0.024091974606541753,0.0805594564337514,2.649535361677382
0.06198023336382759,0.01707098222631324,0.12235633961954372,2.766736970527629
0.04652817377237392,0.004350262545405786,0.1484132303398219,2.8424085060362936
0.052078308823555575,-0.030857192545123074,0.12209052673477018,2.8224184946345288
0.05606302640238806,-0.034548819815291315,0.1372918799683889,3.0251338423093035
0.03719031337341819,-0.018434557049809754,0.03539624054349005,2.35932593996894
0.048750289336840384,0.04419149448099799,0.07732951664531526,2.3421912334442663
0.014312712258607096,0.07156419818716407,-0.0018517561051657238,1.9494113145498064
0.05080338521857697,0.02000318374996117,0.0674459126156318,2.3850041864124045
0.03542642138775304,0.01194026566317311,0.039236127849556435,2.1696563819049697
0.03343565031480069,0.05166941084989224,0.03632629038997751,2.270248563830578
0.03868328167375656,0.015067349576951113,0.05240835323972262,2.2735597863881964
0.011548639675789278,0.05209820781806534,0.10671330225296866,2.513203059691436
0.0044998179213929295,0.06831875284666546,0.017522327072344843,2.2101866922533797
-0.05496280128395261,0.020243538812585265,0.05263872632012647,2.262825833605477
-0.05120718359266607,0.017847583291847022,0.02346501857416243,2.0803901329661536
-0.01543820635945646,0.05159684766025414,0.03310410453415917,2.27411045163986
-0.07148800623943033,0.022829783646192328,0.07796661725315357,2.4932231190944547
-0.033577088682265326,-0.05742622136776122,0.11334197714584879,2.7232091097257562
-0.023843145695379438,-0.036316292379717785,0.07794803415100122,2.4291204859076347
-0.043442038061772346,-0.03509358299056056,0.05941935493757622,2.433487664574988
-0.05633781219680953,0.022904302486034415,0.061349620562569575,2.3677947743224794
-0.0473266010338991,-0.008491443902636918,0.05273213433783224,2.1642776963147417
-0.015735664418867045,-0.006821384425273517,0.10327696292049413,2.5115897943671874
-0.015689928901491082,-0.007320088656623934,0.13321688353843297,2.5740070897797738
-0.055631168688560495,-0.026676830606274807,0.13963980586961738,2.7090752827141484
-0.018119038064738968,-0.006830141599901892,0.12255660213521956,2.4736086292400286
-0.04373826579075194,-0.01828599878524555,0.06582722614975786,2.3381594300604918
0.015605524216238557,-0.04749423062612469,0.09180487960196212,2.476641669425597
0.018789862728477175,-0.041823732628185645,0.08364944761443092,2.393905534568503
-0.0292531400701783,-0.038270577889384025,0.0694815786793739,2.44745610290795
0.00700515369731878,-0.027956660490184925,0.10475674504590943,2.6190799445319595
-0.06154756233432965,-0.05036923825281569,0.10944273969677032,2.991053820607801
-0.02331386424128211,0.01388810507011511,0.10260314490197608,2.607769365852451
-0.014547494876025671,-0.030422896470611797,0.11238007804540152,2.544304168269144
-0.04903293058680873,-0.007257536023701178,0.12235256959984776,2.6394672042455025
-0.04032608134149608,0.033358589660098664,0.07000312111006016,2.350497661226011
-0.053585546703677864,-0.0005608892645943422,0.060650691250698247,2.382539876008509
-0.04812690014569811,0.0201017248930424,0.08536676797403034,2.3000010904541393
-0.044613420978476134,0.04127351840536316,0.05000626866337082,2.1479595935835785
0.0400567522500973,0.006190729705500321,0.05497094732034677,2.2685367568623205
0.00027835461829988853,0.004239444341396023,0.08474972653622441,2.3809235543250624
-0.01250533745269468,0.011312848587661514,0.03690860263836781,2.080634785395171
-0.04974691831371899,-0.00011837630090385356,0.08405220234477358,2.5319895294768986
-0.06321150460594713,0.028354329038639756,0.08342965205332215,2.4152340355866286
-0.10173886144331099,0.010096918890665054,0.1066415887409424,2.7129225382493614
-0.08551819128138542,0.004661206423989633,0.09869482357333194,2.569097403287521
-0.07388768646784011,-0.03137248390712905,0.07834624263607139,2.4762410770878276
-0.048551747233386594,-0.008567316501937396,0.05185082951690732,2.238063053280865
-0.05558080257459999,0.029928655134321264,0.06068001672500847,2.4686977747316323
-0.024353972796081307,0.010963821889576297,0.07255037284452674,2.4576767495760894
-0.04678511452052383,-0.003267020601812816,0.08910356570138717,2.311975734591508
-0.036732429859021504,-0.01290051360473093,0.05231969668476821,2.2587406119163322
-0.03230672470775674,-0.025008042244804175,0.10873994807873005,2.614400974691941
-0.03984078551143873,-0.024300470522059702,0.08848285269792583,2.6008686768744336
-0.07097397165037714,-0.00449751167515539,0.10449279857952903,2.7646861155431046
-0.07663318477245748,-0.05425619576749202,0.10842469971711986,2.8765005469691647
-0.05568449098840849,-0.03699618216290607,0.09985035134691814,2.648445884929579
0.012018920076184865,-0.049673462002463746,0.10405822961298083,2.677340641887977
-0.006036852421102598,-0.06765995467775734,0.0765128189532547,2.7041380679296725
-0.025547993860596134,-0.08101414525666321,0.1340336321816054,2.793628687341227
-0.08121560695664345,-0.05915787011169747,0.09436811562085759,2.602985295776145
-0.03793116107301508,-0.06761643952878726,0.1051479339144493,2.7104010528065627
-0.0038348765731218426,-0.035831758985596124,0.06546527433590697,2.572808606731704
-0.06495340045948282,-0.018973279840377,0.09587289928495553,2.7429622842520307
-0.07715168268451746,-0.03060499524264661,0.11983222576329373,2.8003339782215835
-0.05330332256464589,-4.384708644681145e-05,0.09762134227625895,2.7500009717408993
-0.062194273815672635,-0.0022872257844434502,0.07615569228969744,2.5613994775781843
-0.018058361309427503,0.03259301301991752,0.07609382349087354,2.32142227150642
-0.013434210038251727,-0.03346500358424948,0.06833138188698244,2.6325073465201716
0.018624882264214028,-0.039294244007945116,0.07493571108458187,2.4238693779276255
-0.073357327160516,0.00021426885107805744,0.12327917540179574,2.7279632312517275
-0.06803836986232781,-0.008470800851221988,0.11843520178393206,2.6206215742682355
-0.05807437107166264,0.005411619068656231,0.11867328822785272,2.599973238807088
-0.0043802430723572225,0.02961053156756683,0.11773390690976088,2.5366564137554843
-0.05156629949905806,-0.024312675837640123,0.20177095945305892,3.2942431855164176
-0.05831821339496587,0.004076821703906344,0.13668522381941914,2.874442651557056
-0.07516472598056484,-0.002800143191569166,0.07416656052142391,2.535891000728692
-0.07313346803968168,0.013519250304218626,0.13579684837961042,2.852208108498277
0.03941944324656586,-0.027130425771262793,0.13638906601526044,2.8747056350245646
-0.056704899839712795,-0.017849967929856783,0.06648194815644365,2.5697094387288164
-0.042980055610418094,-0.020962563307814566,0.11537246022062231,2.779659214283954
-0.07128669787167702,-0.0005662130425921382,0.09881616387727078,2.7625190638932704
-0.01616779026950963,-0.0019878605263634005,0.11072781429114766,2.71564868203281
-0.060293345220468544,0.006743650730597027,0.11945332711831885,2.7788095185162343
-0.06114931175822227,0.00115976359365103,0.13140038347256364,2.8511463744220515
0.008709233757571388,0.0033451876669981086,0.16337354441192667,2.8136182974033033
0.07502120008477545,-0.018905066867986407,0.11186866071019781,2.6971524303093033
0.019954136210678708,-0.018890684270405817,0.10759912925715398,2.5650201200519316
0.03037373270376528,-0.03025246239659526,0.139641843875835,2.6573309997063452
-0.05020853485814319,-0.05010469296925943,0.15255090655792572,2.8784528322432945
-0.045691683135825216,-0.027751714450172937,0.09547871454005395,2.462094221186096
0.061139073259472446,-0.029773770162236975,0.07510148436123736,2.3953464605718593
0.036181582659124786,-0.026391757332532764,0.07369532834103995,2.3279679563579507
-0.0014889338352217691,-0.035867189014972954,0.08393265794306205,2.4100335728979707
-0.02850543857970607,-0.10424694753234774,0.1130171277921487,3.079048105971821
-0.04989289320225767,-0.1130671897897766,0.1552725046921611,3.2379892187575647
-0.07183271015549988,-0.04582957549177122,0.11575215833032636,2.86906474470435
-0.0450763431746156,-0.07492888139052835,0.15093336552931627,3.063491594083761
-0.033168305730539645,-0.012550735033475943,0.16272672971915844,2.9426901792727427
0.02583593379740813,-0.03636389701124274,0.1184250919966115,2.66747060917931
-0.0353187972306385,-0.013448555374901233,0.1573632119121333,2.911769333294857
-0.0871128315244895,-0.003450715928719297,0.16809327826976106,2.8463144753983336
-0.051577487625393825,0.0594370498452969,0.1383790217890243,2.740242976804281
-0.07074158396723232,0.07129854691937809,0.09517619999635832,2.639685488774428
-0.07656518861639959,0.030229183920221288,0.07007041782268886,2.40323552506594
-0.12154948880568169,0.028986362575476602,0.09549562026180419,2.725084668273853
-0.09656920980267392,0.01604687660687083,0.0468236149492198,2.457980209120517
-0.1448109018503853,0.010392891989366687,0.06352373060071272,2.7131240177940077
-0.12537368172359312,0.01935609347821665,0.05512377723624641,2.6354949934362004
-0.09019079071409104,-0.014534564255495033,0.04208945568453235,2.360159418492514
-0.06184363012021852,-0.014168755512844767,0.059639099239755126,2.569662220805561
-0.12263440533613523,0.0025002555406395273,0.04682511004561422,2.5590291972822587
-0.11276998861882133,0.022711950682038982,0.1007435698101437,2.702161351010192
-0.07031271208598422,0.015022864928881087,0.07860673669441462,2.430876153843919
-0.03277065749660894,-0.011730791224099821,0.11471970100452049,2.728194868329474
-0.07658430535486026,-0.006699219101938627,0.12710462297295103,2.8439367399896227
-0.09603798941837977,0.02077527014329205,0.10747717968356883,2.716305372816755
-0.0679505367997696,0.014762440596364272,0.07260021168151862,2.492001154075385
-0.1027892684841392,0.0066896129516017325,0.12899010258054375,2.970521358075053
-0.06175556683866521,-0.02490309954868554,0.15678459813125994,3.0439379465556646
-0.07964894304373739,-0.02159925351587868,0.14043015083717605,2.931839830603662
-0.06649598878259608,0.008760831772640231,0.12264598931661903,2.6148777101960388
-0.038177382101500845,-0.0003245329818469988,0.12383760903753113,2.6610962885795084
-0.07927650742392638,-0.03246327067144899,0.10656566005923117,2.712938447936425
-0.10537161669605956,-0.025167584218541084,0.13664624548407506,3.031352576351574
-0.09334330663833183,-0.009392088226720649,0.08967041802414052,2.712244311130816
-0.08625505781468243,0.015383431836637719,0.12352889602876421,2.9070872323487476
-0.12731128540910697,-0.04133415844351127,0.1159913977027523,2.9779099779142126
-0.11001592820475528,0.005283502879417769,0.11588266655900041,2.793429347539538
-0.09518714436440345,0.0006886301260899581,0.12692916606345592,2.827592902631061
-0.17073831146122873,0.03789541412588395,0.1573263435307975,3.33065232311358
-0.09277069581440192,0.03684865280995672,0.16109708020305072,3.116993242432302
-0.12008615139060731,-0.02517902194750939,0.1399540160368927,3.3295774841308527
-0.11477490836967456,-0.05235125912549017,0.21604483568615804,3.72700858435265
-0.06769804400010196,-0.01760183575457795,0.19732220705350562,3.271885229568522
-0.1312571894144191,0.0016391381905678216,0.15227817222834744,3.216683709554713
-0.12939024710016658,0.025588829084597413,0.14448246562169562,3.0409272275460917
-0.1280212388617804,-0.03690351236921353,0.13623285854738773,3.159277620415071
-0.0850875782628483,0.02502866478292466,0.0651494782496026,2.6234949129822023
-0.06498129027167285,-0.011605568751918871,0.13816120545877303,2.854705795570511
-0.09909464911178043,-0.05780724862480581,0.15482321495226117,3.2262845275128966
-0.10629371219116922,-0.05287275117447576,0.11076845948341772,2.9032757040391957
-0.12232662294054292,-0.04790334121600596,0.1303092381249856,3.1224464850755154
-0.09074449901223283,-0.06996575850953424,0.12526013339146205,3.0568546109520396
-0.09881702415048485,-0.02336783277354446,0.13628082111867407,3.1286982156192513
-0.10156621938219806,-0.050547848795201175,0.1089027082755122,2.9941637120259563
-0.08027528900600946,-0.030312197868958484,0.17107194198941775,3.1348088673734287
-0.0477355693066163,-0.024386411754330886,0.09689382325408799,2.618776694994288
-0.04096340970508863,-0.053093028075569385,0.11847791780362713,2.8406732342387557
-0.06189893117735451,-0.04950991595458776,0.06373808844842357,2.517013581052349
-0.025822553105753078,-0.036658997461801325,0.09959202680247896,2.3916331848758277
-0.062455278383856644,0.011802725964256525,0.04000272477917373,2.148606984461214
-0.04765812904049308,-0.04865741988312337,0.1030473101311576,2.5252626512185286
-0.04935188074540912,-0.09661960569447835,0.159398704259339,3.2020827283437927
-0.03523417182668485,-0.044414022204150146,0.1322154029286634,2.872121608840475
-0.0395375492604033,-0.060485336184262765,0.10789312858882645,2.667360107086596
-0.0035083388468195803,-0.038562067895804755,0.06877509828802122,2.2470784052351886
0.004623969739309042,-0.010745030766259989,0.09334822764686447,2.348798871961995
-0.034079330053184,-0.0027165038830704365,0.0854200007815526,2.3902934696069935
-0.01646630909312702,-0.0010737691245452014,0.08907621326120096,2.3254076419219025
-0.07699490143935496,-0.05985877036362942,0.10490287871972209,2.823969550265209
-0.09460710979405211,0.020279556316482896,0.0647588607249293,2.6106292203454955
-0.1327323962050595,-0.04301536354169146,0.09211616345031075,2.9603501892215265
-0.07952545521338837,-0.04362269690456552,0.14364574628737423,2.9520718630693934
-0.09608385756450555,-0.00017385015607200604,0.12518914286669713,3.018375148011262
-0.06830267442583375,0.0035344691665068536,0.1221268440458036,2.7128107780696875
-0.07047425665732038,-0.023210764986649954,0.14464297009775617,2.9347110093817355
-0.0892933245653802,-0.03807968360072236,0.11030647687841197,2.870070014267249
-0.07656762313417247,0.006415160794377927,0.09818422215077148,2.69276190364324
-0.07004669010170232,0.004726438079331505,0.11307557897639481,2.602774027518263
-0.05554042103348447,0.03375561980402835,0.12114772351791048,2.608717256712082
0.014640605530821953,0.06611675094394334,0.06741917778169791,2.3216563994978485
0.01828868370766933,-0.0015888199953328962,0.09653239014714696,2.6027705653227686
0.020447633526839173,0.02396499765762317,0.12504125419273146,2.7365280536751637
0.05315529130897049,-0.029119070163464395,0.10001374603942918,2.761440720800693
0.05537391924043025,-0.007082500182867863,0.13935528765030655,2.7872221745559775
0.039530629861022126,-0.028893986803230194,0.11024045540630693,2.7439852349405967
0.02464893039506809,-0.04545857119019003,0.14320373559069427,2.8337473992156283
-0.01840794466049503,-0.026545538857341042,0.08793035195538265,2.596107113336768
0.019341955705355292,0.015445679079326986,0.05835873994216848,2.396341981015794
0.031914821354546256,-0.008338574603308587,0.09114220315066866,2.464597677720067
0.030477671367801492,-0.009502828512709227,0.05122167937643128,2.3904305407835005
-0.015091139359633587,0.049036123622415384,0.02879310379930873,2.3395568620909466
-0.023011552341034306,0.004124280624503201,0.09229622296564155,2.608270618931927
0.03088201698212478,0.016923709783258543,0.05481311766116111,2.2053154566426434
0.026422983712124565,0.04029441428650153,0.06071434499439163,2.2976800787118448
-0.013941157157396564,0.05118198912782938,0.06101537174386565,2.379634233520468
-0.043712067354682,0.02982978505043453,0.09716034179780877,2.4483887963008693
-0.10068629412324127,-0.002288803541730049,0.06189320540626954,2.4873965887527136
-0.08754606370700967,-0.00982547701617949,0.1151120705611059,2.71959523595977
-0.03584489445942968,0.028086729365786444,0.12291189582159064,2.688788218263535
-0.07800959647235135,-0.006611255887876644,0.11241323598502793,2.7454013625635847
-0.06196350353689219,-0.010393340073113252,0.08019134622074822,2.3801837195595343
0.009361659057691766,0.0044116537182523835,0.10902606711863749,2.5222927421381547
-0.02436758786163929,-0.04594620104794928,0.12358842896030807,2.7092466598681657
-0.04273327180769985,0.010725701832832417,0.09536362111747791,2.6359421868660724
-0.06280728710403707,-0.02033945141698223,0.10863580543868484,2.8180223066750854
-0.07259492059498919,-0.03307361671982512,0.12920297473674455,2.787786437899642
-0.03599814662907017,-0.025881088600884443,0.11230193018826085,2.6932322582072104
-0.055447542665373696,-0.03511682444112011,0.08254792010262758,2.6707479950056694
0.014509144111719604,-0.036263908781404106,0.09720074503418603,2.543708924066131
-0.018348746055204035,-0.031461314432251315,0.026563124844576857,2.28348076267166
-0.012730828997728105,-0.03381637339120727,0.06709035447702742,2.413593753373891
0.030598296307915888,-0.08587782964051638,0.11961890659770823,2.9583936587781237
-0.013984742242858858,-0.09749836629538974,0.10764059471398583,2.952256481360842
-0.05030389676597132,-0.07235021106470352,0.1367377093175772,2.9612047433572446
0.017918656843292264,-0.031823853084626534,0.049772096002339554,2.3701782961926123
-0.008362817180893569,-0.03887973401240435,0.08729711583993008,2.6261167919605883
-0.04436174093146729,-0.03392719721201172,0.12928893570972635,2.9510271039631375
-0.11457308125772929,-0.04193266147015429,0.1199209698119399,3.054306946249049
-0.00938460230280185,-0.04534604180243201,0.10186831568146586,2.796688614385495
0.01785925287278134,-0.015764012029756014,0.0840566265355666,2.727109661018737
-0.04883735559486233,0.0074259821181969984,0.12581942789811854,2.994232387134463
-0.06968548801988789,0.000764284255273182,0.11723885017080019,2.7200041192859463
-0.06330536324206348,0.05480017999509219,0.0781106478434729,2.603272266798809
-0.038051921322828856,0.00718472956188998,0.053353136446365926,2.4156821137086246
0.005547861571821361,0.013666318495304575,0.10919837570887402,2.6774821699472797
0.03186331707284135,0.017253285770574396,0.03655825865348029,2.1106527130224397
-0.0022081487671001443,0.026481109266628555,0.09176037641512397,2.329603695644761
0.008864472523880318,-0.05235852232523101,0.115982163815815,2.638587022983764
0.01782236513043341,-0.021737238493821292,0.14158479332177729,2.8064265478392265
-0.022189341616500814,-0.004245402393024053,0.07639299760366766,2.5010181608334356
-0.0331284125188689,-0.04826218497550617,0.14272191430327238,3.0230709558227966
-0.010589046044625638,-0.0573968853425058,0.16269344955961737,3.208423373821783
-0.07460148409484241,-0.06596037941318067,0.2258344423259232,3.776598970200082
-0.003360647607815437,-0.046001928692439874,0.13691051007574875,3.0674191636486436
-0.04034162374347932,-0.07492832159992609,0.1712122493450544,3.1690027798104143
-0.02112852130470142,-0.07129886127336744,0.2083819326374581,3.555325002991895
-0.04606724631361555,-0.03388923070734442,0.10334920040361155,2.745233530666164
-0.04733708281451424,-0.05671823865991665,0.13301677984606397,2.9064212764419852
-0.04864554774079393,-0.0714062199337823,0.11452655608103782,2.875719089362625
0.00806188977637171,-0.04532344874821518,0.1250325286495733,2.7684567454952416
0.027595827510293627,0.004646730549702654,0.10548453877052053,2.5574366939638984
-0.05507908321243399,-0.013827670929245302,0.12380662918975624,2.8489448257696983
-0.029170060698207934,0.041689499570079426,0.09118098374360861,2.4983141910689874
-0.05901665640230579,0.00987164893859393,0.08971026846309349,2.618989785754564
-0.05353531426635745,-0.016081643498167656,0.11050847961453161,2.685902921397443
-0.07237628927648534,-0.08378389218034796,0.17506001809104543,3.394200603438661
-0.05018913667830113,-0.04389956439930797,0.13563254882718978,3.032021099368184
-0.05323026881401323,-0.048994135701024455,0.17897336382591164,3.206888687625138
-0.047836162437642556,-0.04495667393260832,0.13600942796063303,2.8634830682106145
-0.03314574593467436,-0.05026592379462391,0.11231937991536517,3.033117719136397
-0.07251626016950054,-0.048651604913342854,0.15916016263451868,3.1615981153246993
-0.0478215269859881,0.00031406252913783374,0.13193488583644045,2.843021882027847
-0.04704246515533245,-0.049005780596858214,0.13014464728394418,3.1051879086756893
-0.05659491106427591,-0.03212390954172343,0.09751336915838245,2.7866582814247387
-0.014750083441046734,-0.015613750594113778,0.11242472190529226,2.681281752387511
-0.03247181578776632,-0.022877950726788273,0.10368379660602318,2.645983851433701
-0.03163172902449646,-0.06450714132899035,0.16383669773563775,3.2890016486798483
-0.0278244323850191,-0.0701809187391735,0.13653545163107053,3.0652927322024413
-0.05323065181845958,-0.03162504333781501,0.13239759539629226,2.925911777683982
0.0049744658034944515,-0.07087406126803483,0.12680156436677226,3.0592946330472777
-0.07293487677906417,-0.10150405985764108,0.17453920500799466,3.4578743322771053
-0.020726784460156675,-0.03258150963546031,0.12570546805922636,2.922587814068697
0.032514227956245444,-0.05689442308097435,0.16054266907206208,3.2308168519773433
-0.009065168840599786,-0.056717925581972736,0.14246027389262367,2.894455225549393
-0.012976680641303626,-0.013547897857865776,0.12929007773855844,2.9171473714332654
-0.016559359704075342,0.01823822838139066,0.13113023537934365,2.6843329681509447
0.010994229452064581,-0.0276360027778013,0.08143863995984782,2.598242018538247
-0.038575732650580535,-0.021524261611583554,0.12483739425696641,2.876081543725648
-0.03280287809330086,-0.037781537661694176,0.15457404179705633,2.963368479487268
-0.03140988226053178,-0.0786465985921141,0.1830532165468225,3.3355592356591783
0.0015038770886390814,-0.01451489596288134,0.14200485239992183,2.862600022503194
0.0035574624531449187,-0.058053057046575825,0.11683431244955886,2.890899148700745
0.0197223957088957,-0.0783661549437198,0.14235311938053435,3.23074864076314
0.0468915012935068,-0.04920767161046214,0.10374679408413896,2.8935534393075026
0.04968827516878818,-0.0651118238036288,0.17731795037447537,3.1683540946843545
0.028128826557468924,-0.0386806159274154,0.1241864497290413,2.7464121992326445
0.06531646121216834,-0.04405437942154587,0.09889022861849585,2.7081060409857454
-0.019879778183238505,-0.046799826167196856,0.09767382614555538,2.7998741211215874
-0.004352406376791669,-0.04568012545619419,0.0948074664933758,2.6318425526341565
-0.04148348292293086,-0.06361925394999644,0.06971503600755777,2.5388818064525296
0.007652791243807583,-0.06890316179146258,0.10707115040505864,2.6126773467512945
-0.002955708711074952,-0.08497604120281613,0.12416697289566118,3.0167472604590375
-0.030009820536047265,-0.05076966854647843,0.13198089804862934,2.748107361966921
0.008472418865051862,-0.0737034439286752,0.13409665460911413,2.8398197370954805
0.014774424067235057,-0.04259814073624058,0.12393752825352819,2.8156659728374933
-0.012850856794575408,-0.042248991268343764,0.0934436923952741,2.5449565235547618
-0.0054004360073184095,-0.05905176338724768,0.16122638009127363,2.9662684541513893
-0.04562139035240408,-0.08917226135216261,0.16985328859855162,3.32443436434877
0.005724151171190045,-0.10294159146024834,0.17733060705398904,3.2330010932208233
-0.0062940011374498705,-0.07077843990607384,0.16904419928453,3.0909658042906316
0.007259031739661456,-0.10256045727078768,0.1747482673984525,3.3020016728488315
-0.01067114168296656,-0.06451787176112955,0.1529080147395993,3.050173329131484
-0.06658591871180464,0.01261537523413423,0.1363255486721046,2.91127265529724
-0.07731634477484509,0.05131573077628583,0.07880179312230726,2.575839598213724
-0.014816362243920432,0.07392119692098471,0.03870390066595293,2.299534781538659
-0.08400129102226803,0.039305036651440035,0.0718932154570193,2.6639205445175915
-0.12185529739217747,-0.02187065165000395,0.07700447462097296,2.8285119261740803
-0.13772100892885586,0.005811122833531332,0.018815469053424235,2.549337684289318
-0.12554739418773214,-0.015866438457869086,0.09749031011237874,2.746383159509472
-0.1098710582550783,-0.03391941045947038,0.03169434942397761,2.6805249818978143
-0.04956011788726612,0.009681827829201784,0.048728514621370594,2.3943207678356417
-0.010896644033613474,0.016675674998693,0.1093991556809288,2.534271147515999
-0.10523862651078235,-0.008384146351884449,0.08978337073776858,2.7246123960951847
-0.17419767893066382,0.06508273549229988,0.0373435044020232,2.9396483810614877
-0.16450160874450537,0.04058917114015241,0.07487572059551854,2.857733860300037
-0.1580698790220449,-0.02725274065865995,0.11164609567043074,3.0304536802412403
-0.12193623732114055,0.009741678746801478,0.09685680307282042,2.816850237526553
-0.1097187932378195,-0.016940278058827765,0.07927080540594922,2.59504031296922
-0.11226771837266299,-0.002406082761945312,0.09115879023701029,2.730444165739606
-0.11356590931171587,0.007038172739702142,0.06670153979472547,2.609379238916004
-0.16794651479052836,0.005462307680215296,0.06788600812689916,2.9270885632519006
-0.11489128976540573,-0.0020252803188065905,0.10410859286668953,2.685228720734273
-0.11890334545076645,0.013857950878577796,0.03907012032984059,2.600735170954132
-0.12581169887474647,0.02974948081659783,0.06217750131910055,2.689989740093535
-0.1463566206701411,0.019320421470567836,0.03362434950467109,2.615422033835582
-0.11521671659078828,0.03804776839353458,0.016627955714418368,2.3824084155547522
-0.13270485397414208,0.04413130968579137,0.005956449646205344,2.451545235471254
-0.14362291466612645,0.05537856443656715,-0.004230150663722735,2.5515155468270403
-0.12403145603627856,0.0015739823082907734,0.03255317437131941,2.7095550202895233
-0.15452984587416457,0.0024608525646766864,0.07118892004288697,2.798252343851215
-0.13286442877942806,0.024804759919753783,0.0763325673934558,2.656192959853217
-0.19903634687159233,0.041821510875460356,0.04211987819400349,3.0280918110673265
-0.16422290569904185,0.05323961734505874,0.08414227469210103,2.7755984230688435
-0.13081215954515216,0.009626127297172805,0.06963048965694658,2.692502125064365
-0.11132221614762872,0.013122373625035034,0.07773720126704217,2.502549633279373
-0.10694641235934953,0.007343518002379638,0.1263396765930923,2.774736215130847
-0.18381454141999543,-0.03949257050297192,0.11134820175039514,3.2216771397004056
-0.10242411165352555,-0.04930281591136737,0.06919213084078263,2.46686879935476
-0.019630962680666882,-0.002893227597121647,0.10280481693729208,2.5947342807863265
-0.02083194147595735,-0.014398348911588525,0.09380648452075054,2.442136303818738
-0.010473804856020159,0.03501054059359092,0.07297088565037421,2.168671483500319
-0.11634759441018878,0.04130335012361477,0.08531653557780669,2.558997986018297
-0.055533567316238874,-0.001475203046370207,0.09752471811371605,2.5821425122081716
-0.1342529116300825,-0.037777427747951405,0.11907232473418522,2.979327367116854
-0.1592773865410849,0.004508244407011946,0.1281435328726813,3.0430234725144243
-0.11955474346648584,0.03263560283200825,0.07159555333432664,2.496977874491821
-0.13220668226184437,-0.03906050546313169,0.06038039007782886,2.603440187816222
-0.12506053359260969,-0.01704245012148662,0.06957433961739981,2.69403852929568
-0.050372336023311995,0.015356770939842243,0.06360638807733449,2.3107436229266645
-0.08505623583142882,-0.035135681120164415,0.0873466341387567,2.5284222622115897
-0.051034242017412516,-0.023893577364608946,0.022021977416180876,2.129990766655486
-0.06357207682618746,-0.05981011364908683,0.0548751063837265,2.382237627393377
-0.06972367898107928,0.02545922060290584,0.06355103932580623,2.344586653325713
-0.15586066624955938,0.05265440142515775,0.009347431181427989,2.6025632627180735
-0.05718949500219618,0.0509824468780721,0.04385589688854588,2.2404009420048356
-0.05162376336239323,-0.01751113340281435,0.0737992737875921,2.337963486747673
-0.036337757298586425,-0.014472863814933965,0.07779011225483977,2.3728823834333754
0.0011377215905155017,-0.04097246123367952,0.09355727832528062,2.4692563716342395
0.011631739475012007,-0.04081600284170929,0.08728745140272284,2.5210194720144767
-0.04221672310935455,-0.059261085318306636,0.14993518257855035,2.9390218186942008
-0.0651996201225642,0.008284428438875384,0.09910397342120787,2.5685557998967905
-0.0787592279894671,-0.001291457192572963,0.1139542542232716,2.7717685011960898
-0.055414203749666456,0.006710163564413972,0.10842614633056068,2.5502639113195773
-0.029443702907903505,0.002352283477820587,0.11387821497692406,2.6358840313326435
-0.0105399535405199,-0.009094411080799487,0.16019641627851605,2.808019056559734
-0.07977175348453329,0.01946234578306572,0.06558898860455976,2.558679693706468
-0.023155704942300962,-0.007665979799053076,0.0819289812791097,2.4914499628463402
-0.05789404332650534,-0.0499003648310526,0.09575066760098881,2.5953436306152553
0.03132432792562079,-0.06115558584046041,0.1660464586757833,2.855289130238223
0.037694734508427245,-0.08353770705151566,0.14496379750387023,2.8784552123123204
-0.01862459196226074,-0.07010104344517926,0.14625874345129244,2.8504029129501567
-0.018838248257134864,-0.043925093748214836,0.1127730433575176,2.645729276006977
-0.02284048610149738,-0.05549290786880493,0.12730808255489998,2.8099326862897636
-0.01490440786696256,-0.07222102296136236,0.10703546300460776,2.7468222394575315
-0.05646929159004692,-0.010731432623270176,0.08175357327338394,2.735461780936192
-0.07706907629947068,-0.0495887421720218,0.10192024914372347,2.7374932748815786
-0.10771074636318659,-0.035126767450267334,0.1341072384840317,3.0709088879924145
-0.02235054347491102,0.0007086712545854993,0.13560345379760474,2.7419520324817888
-0.050687630044962025,0.028232547002111766,0.11932736342268777,2.5717841565389388
0.016234387215987866,-0.032049283247653146,0.16050526304957108,2.739815932969887
-0.04343259109579509,-0.016171516235580104,0.08304204777611117,2.4827763567951306
-0.006578820772439665,-0.0001827205268443299,0.10729272654883532,2.5883806504457065
-0.03832687788037843,-0.02308129642759949,0.12245321926327972,2.991159009963661
-0.07003550250860953,0.01046666842338017,0.12089886062779197,2.942531132104283
-0.08419389695873147,-0.00113336472791163,0.17194273786095468,3.116196217324941
0.01065136583507131,-0.01275914968950281,0.1727270348089734,2.9858216945356464
-0.02513996805054319,-0.012069247066663454,0.14485719124882362,2.7726418803284347
-0.0015050939219240663,0.022292183379368516,0.12884159421035496,2.5011934532772373
-0.037599898092293485,0.03902551992676319,0.10169150270011847,2.341940022994831
-0.022955388450151614,0.00041977846933076587,0.10701864582633194,2.484415992099732
0.001187122599969656,-0.017205929961271443,0.10407316263969978,2.564145866150705
0.002727425082316469,-0.009353297060469718,0.10049358523592057,2.4762762609004936
-0.028816189843083855,-0.022008854702006544,0.09251030468676959,2.4717234480707826
0.0006189330403711342,-0.062447955047662505,0.16405649510445633,3.042858179663246
-0.0027235121898105414,-0.06439172579656788,0.16854697784369313,3.050132560748994
-0.004067929182896962,-0.05403690989792816,0.14791661916410898,2.884879136563764
0.005438369596424144,-0.09333878723846598,0.13333483944292288,2.866396097130441
0.07280029661866566,-0.06602555150429035,0.17570127133177202,3.188775370128268
0.03866269761344273,-0.0404203997670182,0.14172296947260926,2.993153395494991
0.10958957797090162,-0.062183373481870835,0.1498068854603765,3.195994145925188
0.032874393446432476,-0.02332721848189138,0.09807725571060717,2.6317279232233743
-0.05371156547533096,-0.054870182960148735,0.15146471187849941,3.0184788187659586
-0.02790367408420657,-0.05018399891267633,0.09461636586015293,2.6553766620345782
-0.07403264347695286,-0.05617521998703583,0.10536813970609935,2.7342473725709553
-0.07400987616648955,0.01200995766349047,0.14771420522368678,3.0046706673094077
-0.054474969362875617,-0.05962407957457153,0.18973457290104054,3.2359850094978073
-0.03853381835422031,-0.0687258625862331,0.19679259835164534,3.531653970071629
-0.0537264272874819,-0.07683280649469808,0.23061363041950772,3.721972738298546
-0.0922579518809781,-0.06282099325139602,0.24975735007640898,4.0757011807080525
-0.0778717490224984,-0.07448799694857329,0.24200632850127496,4.10531925134732
-0.03944322836117281,-0.07530466433920321,0.22671878594614167,3.734502556093271
-0.03513617777931034,-0.06310976659935638,0.1582686370701601,3.098778129342253
-0.02229017730213916,-0.07332740754124883,0.18743117847436674,3.2651676831143686
0.004703529998098229,-0.06954891274320583,0.18286246637838988,3.0888788000035143
-0.001644029249522468,-0.04042934564701438,0.1558510368847339,2.9505958716692717
-0.04872844032965181,-0.031622723761664986,0.10228491337501631,2.71556432159431
-0.030314289507339224,-0.04381204007982564,0.1353099431127215,2.8598405786817236
-0.048065163146864626,-0.0544885433249165,0.1152410703063482,3.116389764587629
-0.020650960673003475,-0.07155589428248466,0.09965177443333484,2.7291021401668085
-0.05167740221363366,-0.05422478625579402,0.11290926692755227,2.8380209796086033
-0.06556023197846776,-0.056593678900726356,0.101477584105045,2.707356428517502
-0.035787866946572836,-0.08126890541365477,0.09829523553043991,2.765654914314798
0.026040664198226454,-0.06172299919201446,0.12756347649971272,2.8221171955177433
0.03731713024636182,-0.047463295523151705,0.14545371834340265,2.909999284539951
0.08174851283265014,-0.05015885360759457,0.10705514426915821,2.7782490907914
-0.00870858253579251,-0.0022286126890569548,0.0863688463540425,2.3739043900144683
-0.04500426977370516,0.03996710460929599,0.080272020137155,2.472545375584925
0.013418753451346315,-0.0004121470262796378,0.11756864035218574,2.714266652417181
0.0017082434047414623,-0.0157686802883258,0.1435038248047504,2.8256197019491176
-0.004376779950660907,0.009484222403532907,0.0813867500005998,2.558224295689835
-0.04644654373096346,-0.008649027134468315,0.09909166816668562,2.6156094892479222
-0.08660985949226879,-0.004742670031213039,0.05122504867242907,2.4353826967636465
-0.03579688801204776,0.02793371035446082,0.06796169674523601,2.197463504627856
-0.08098682384943497,0.001543127399924632,0.0709496706351466,2.4285890354927835
-0.06535174178035669,0.03970998063183675,0.09122958206353617,2.464970007612443
-0.09066560956025584,0.028453382604989284,0.064845134463269,2.3702651972071638
-0.013751659085143935,-0.000666724084893358,0.11551983730424285,2.5257837829791603
-0.03274738635570601,-0.04712946163694373,0.15557632136787114,2.8688724365198333
-0.017041622240997374,-0.02874036345103161,0.11560372759401294,2.6236709335188357
0.02228443628882384,-0.04995510125652916,0.08696357476404926,2.5353413918766683
-0.00946590601120064,-0.07128045874024853,0.13643479465220887,2.8719594644554527
0.030563456965352617,-0.07218952271904848,0.17296021297016625,3.3503880015992533
0.06036276227383664,-0.07219761864216738,0.17773141304567755,3.1863422465831484
0.04046900557065432,-0.08151632407911387,0.1550569342411922,3.1179858962856093
0.016215435971419973,-0.07056759490962496,0.10666149425361456,2.781208322345723
0.037990186974499705,-0.06093754108139987,0.11621527906276993,2.762191587957021
0.003916906143052725,-0.08198013898056847,0.1528823539226358,3.0805763162111264
0.0013878499133449088,-0.01622329302956919,0.16922566962266494,3.077171441647153
0.02230657771735744,-0.05963692979187489,0.15948848066862242,2.9809843442398867
-0.010507948194698996,-0.04531494517186135,0.1263319840773823,2.702714029570745
-0.015575805545255866,-0.08230101346816125,0.170653292035585,3.1140532676661423
-0.027250513383288766,-0.06951804977466386,0.1747222030996502,3.1001345872039154
-0.02141869059229607,-0.07044422318221641,0.14699782425032523,2.832614496690621
-0.034177590140461386,-0.030289376203011652,0.11829432198050684,2.6071067278133535
0.02486031329143559,-0.049031346367186444,0.11356825004191339,2.709714576873549
-0.014640299587673003,-0.02610546594132991,0.11554944649137464,2.88709876718047
0.04919200474140757,-0.07182193120511728,0.21435755280391078,3.5086102997507087
0.06301737478049012,-0.04086116185596984,0.1427309172836752,2.9319225750096574
0.05708757684199689,-0.0808456678630409,0.15464582667251656,3.083077058946119
-0.040066122383481256,-0.06803108895718236,0.1576978353260574,3.1853570891509153
0.006137140875629633,-0.05762478574848807,0.0923097669050939,2.7030158320617823
-0.07733709702833486,-0.06246813912477276,0.15902103117580663,3.2435203387140845
0.026609524466236135,-0.09526847131950947,0.1479735075198407,3.157106128727499
-0.015706953734413845,-0.06576680432569618,0.12495706334627041,2.662447992116704
0.007307903258161675,-0.056026680153063696,0.09845764136687059,2.559445606016688
-0.0015612788178532054,-0.11250965711956036,0.16709874140891756,3.2747881944872708
-0.0020376198550028403,-0.11423951254281862,0.23106530133159958,3.756777253404472
-0.045765451245481995,-0.1453146542047178,0.19747494818720426,3.632216871950281
-0.05354090794945045,-0.07415653044181614,0.17834106657317092,3.4917415549323563
0.0002213241834890889,-0.08985712263791171,0.22672276684105344,3.614185910314178
0.016262905251555763,-0.12037538318788947,0.2529820098185085,3.9205274971878157
0.03257737871492422,-0.13112931085073398,0.27518180481487714,4.253856470596811
-0.02916974260472271,-0.11796695940822127,0.33598846669654986,4.7111906400749
-0.026890975921448818,-0.13425200122168549,0.32575617751897723,4.655883873703628
-0.011885275487806863,-0.13391891560054764,0.26544978610081915,4.235950844529886
-0.030961535324484313,-0.15612669571437507,0.2784001721006127,4.478744930956276
-0.022499281774906003,-0.18216426818166048,0.32733877065944395,4.801297199219165
-0.014116360716619269,-0.19132072197351138,0.36929020096171794,5.2093782745777855
0.007557900463236488,-0.1650535572424505,0.2992102538088327,4.642074670512461
0.010869984565844718,-0.15913411644734918,0.33610129192720906,4.9661520977551685
0.017314483776632323,-0.2148688226152245,0.35127083570185974,5.097119117515575
0.07060843157462661,-0.1540813155535352,0.30949395950935665,4.679628615487833
0.017096603463546335,-0.07609830665679271,0.3164584601725315,4.367761862090376
-0.03734942998653258,-0.111207301712208,0.3131439078455145,4.5602337324784274
-0.0769062413411302,-0.06852460205216387,0.2836541353075257,4.231534442610336
0.008416770537548832,-0.050678167236277626,0.24715923395455833,3.730935352386211
0.02246220231660479,-0.09758458993831762,0.2659868825110185,4.031823044190148
0.056170718416367234,-0.09405387448145837,0.2967307087270253,4.300249036276352
0.032677849175326644,-0.10851097570620596,0.33262176481389444,4.636446379680779
0.06124119751760061,-0.06304187891456364,0.2956592213942168,4.265545849469597
0.08674960817601113,-0.03266110449259033,0.2667558817190804,4.022528594824133
0.007164457986860179,-0.10330388885547157,0.3113707625917147,4.362489979072914
0.0073464648153249955,-0.1154081978423788,0.28721595109012493,4.1884898918416615
0.061994193298920676,-0.09037541026475976,0.2658522877146628,3.9219781082167415
0.08717733308090705,-0.10335829201372425,0.34969566091653526,4.87320147487133
0.06771480913876901,-0.1413748270041858,0.3573023271646466,4.963414968008364
0.08089052603168922,-0.14259449866428972,0.39318326296136386,5.36750290945351
0.10884977849208767,-0.11876123185105444,0.43338930948563303,5.666825648687925
0.09132625154176688,-0.09759301372091395,0.35517830558017016,4.923620888365701
0.1418090287056737,-0.1248748257546915,0.35148904576241063,4.927128166224145
0.1619661363272964,-0.1676593395423617,0.3316833003673244,5.068301273449628
0.13894620752948722,-0.19750620466662935,0.35771616289875124,5.256483588681648
0.1103815760321321,-0.16717339363726913,0.3454546919879318,5.105617723712385
0.15030177558534802,-0.15377790433597296,0.2947975186550355,4.511586074400673
0.13500679508446228,-0.08775848376502796,0.23087086501720067,4.037142614581259
0.09316077736444685,-0.14637789620626263,0.29353995924091214,4.4123651940605955
0.06658187576974073,-0.19337354905907658,0.3372106223054661,4.9913967696630195
0.13547982969196254,-0.1492588181922356,0.33189268066935645,4.870722992369614
0.06813908365456706,-0.054362085725330515,0.20995175638149444,3.3722830110263287
0.1015576938110417,-0.12051328678063462,0.2087751209520822,4.000836323427046
0.10937302176957345,-0.12114821308837442,0.22640213589034935,3.9122847369741662
0.03408471435478791,-0.08802259139833869,0.22658738698172337,3.628938045178321
0.06577992786166516,-0.0722709308625694,0.18675854458501795,3.0457208357852092
0.057442330063687014,-0.09321680274237447,0.1624128989573214,3.184453407165818
0.08763624696288569,-0.05090813776905706,0.10342545417530043,2.764934100303892
0.015428425775237307,-0.03659885156011255,0.12383022460550709,2.710739445813208
-0.004832860071885917,-0.052244036875501686,0.14599197593061863,3.0263435888366077
0.012703698670660261,-0.056646775084949176,0.14325483200787817,2.9735274115409935
0.04869025738698573,-0.03204306813078753,0.0967697315128869,2.7250879857262027
0.050088901589261,-0.06507361454473787,0.12536710330072978,2.979174286552699
-0.006241337583930953,-0.02069465422365644,0.16911085200572762,3.2894340913920073
0.06640114276028107,-0.08617388808885536,0.18717436238312904,3.249890590204121
0.05895426071956253,-0.05797521213120177,0.18840768544757636,3.3957622914040835
0.03843245591140536,-0.048449030140505986,0.19247131240437146,3.2910611692890193
0.06853241850726509,-0.06784435684673762,0.21836630922935119,3.563349315046288
0.08565822516085138,-0.0981583871489654,0.18267815650101604,3.4395629461598327
0.10596794109136137,-0.07309959484175053,0.21103799066496404,3.3940964496420816
0.06484662336387197,-0.07160634504903338,0.15608449843986838,3.1085612034509422
0.04835714772386236,-0.007402813298094839,0.2680372696568984,3.856920721110565
0.04010056858187002,-0.04716207710086903,0.23678393742074175,3.5436496343393613
0.04383292099655469,-0.09955913562436744,0.29472446235553046,4.180572362249916
-0.027296780675766134,-0.08226220489187798,0.2999272830376414,4.187142307585779
0.0600160927446224,-0.07289637188907455,0.278314797696874,4.106301228528448
0.02753753785567454,-0.07440666301551503,0.2763686190000546,3.9863533839499254
0.07321128429796601,-0.04706428703661619,0.25184592397642613,3.7875052407617433
0.021512852064942554,-0.08674924842087643,0.25992262583885595,3.9170734156076983
-0.004581231016082011,-0.037707156096475146,0.2628386390868102,3.8624801617126625
0.06133544806373231,-0.09958022711211915,0.2623697226174126,4.2101927753199
-0.048026543000344035,-0.09610384336678209,0.22044537357223226,3.713984241662244
-0.022702489907734387,-0.08299201978681477,0.2010986949401459,3.432930791950769
-0.016671720916570973,-0.13418533725950393,0.2181526294427228,3.9683481117173587
-0.020219237890654728,-0.15171865970490583,0.24298004161971987,4.176467419332045
-0.05354410321310492,-0.10339263461899297,0.23318522627502258,4.052617940471207
-0.031172072442429706,-0.07667733255011198,0.22552625399963597,3.8162875408481605
-0.01246780828181319,-0.08571807619662414,0.23172053752646637,3.705500523016762
-0.029223410393689996,-0.11898413734032628,0.23491333654966515,3.88280456294548
-0.027117974182018643,-0.07531201626529273,0.20045013112537086,3.7795194997625905
-0.13906651564702777,-0.06302919691728083,0.17508236496565222,3.7869519442447284
-0.05201332943581813,-0.03895614423914316,0.18420865818023827,3.4660341391101004
-0.075529289133264,-0.05588410700741244,0.20526898499902432,3.730550415761506
-0.013443310895278004,-0.07715971230538438,0.2268717563101654,3.644680618619489
-0.037160458132552115,-0.039358435240652544,0.2151011541620202,3.524989089695093
-0.023601146386456273,-0.055872582660844015,0.13215769971818714,3.149081578954207
-0.03888397009207701,-0.13053377677917144,0.1276393602467228,3.113431894350323
-0.09147201319006784,-0.10007499611615196,0.16889396096169595,3.606973064054715
-0.04464722382097492,-0.04871339112718384,0.110307108908228,2.849358016825226
-0.05056379945178028,-0.0739195328992286,0.12692024032272153,3.1045670168532835
-0.1379965829207948,-0.09539220195457986,0.18291469137372451,3.7433082066044863
-0.0969169286914733,-0.09248416164137427,0.1784103793677563,3.439766373555244
-0.07018385048000006,-0.113939150685635,0.19096941326010694,3.58074845879436
-0.18060773191111099,-0.08787561372865572,0.23201524819410327,4.182987862121897
-0.15492708591921664,-0.04615773575777692,0.1707159325217384,3.608453891769527
-0.21863404377119686,0.004091397538358319,0.19130714243143063,4.108064651867799
-0.16585878362012227,-0.06995904151480904,0.23564538579240787,4.440990416481753
-0.1577297832904732,-0.04083254666072592,0.2359805388768491,4.028290392725124
-0.17748684544306984,0.00031851615837952875,0.2696737379961405,4.367369843750649
-0.11914510439285106,-0.05617790892445661,0.20773016603954972,3.7438333427231636
-0.15411035638794174,-0.06392542449993667,0.1541828534116889,3.5946450827180114
-0.11244312096689882,-0.008379132601894155,0.18750750858873727,3.5714964196175543
-0.11421718283797636,-0.02361976872795092,0.19823114180791923,3.695690038442562
-0.15387845787437462,-0.05419947564755403,0.16547696219218838,3.513081136185094
-0.12097243622892477,-0.1030269421139724,0.1566231688797345,3.3197061799067686
-0.10852677101818566,-0.10494345966895532,0.17665655203778766,3.6726956939562077
-0.14173813110239653,-0.0030642363640311127,0.19640816823337948,3.430924518550781
-0.09918887866150376,-0.010210702969848526,0.162288273415458,3.1691733390676173
-0.1060261721307572,-0.039671474271051714,0.21695895865606232,3.4731740660333963
-0.10133725943333355,-0.08717259688356546,0.23462958471331224,3.8041773449710976
-0.03617131614241823,-0.03532669077035747,0.16452758977728543,3.2097639726903644
-0.13746085274784725,-0.015601304214273186,0.078466890332663,2.9203026244821655
-0.07834939839799908,-0.05653692780386688,0.14306219520871552,3.096415394797678
-0.10002521634110408,-0.08662811710748282,0.18416701565454724,3.5646104541864254
-0.11120050654138182,-0.06373657458857736,0.18084538300867367,3.3234284498079645
-0.05967680973337777,-0.029551876868190923,0.11499005786527405,2.660833431036244
-0.10859495684393751,-0.026347928683938378,0.09909524022987119,2.6819036516760053
-0.102625723759048,-0.05575000076414116,0.13364005477239807,2.9275006566628616
-0.08636598930186594,-0.048320811624198615,0.18859249599179767,3.3007886099363026
-0.12947724465556906,-0.0897516470988358,0.24623643325896039,4.001128162992296
-0.18417705292006756,-0.03793710108141228,0.17824581967632927,3.7162859748376493
-0.16826875209848177,-0.014539550874264649,0.1650399561750352,3.4100768068732963
-0.10643311617468242,-0.020524738792700132,0.1875605737862382,3.2651572579482155
-0.08548045489450111,-0.07101031721295883,0.17619528954541192,3.2942162375095156
-0.1665523336530102,-0.08036110335181142,0.2133266613861838,3.798107168201493
-0.1899967276695019,-0.06039010760406444,0.21189252941107492,3.6804559775139
-0.15165671857310445,-0.044701025832830185,0.18105947095657698,3.404336893815305
-0.18357135761875862,-0.055846121146807585,0.1860183729084729,3.829417736859542
-0.108586824394672,-0.026482422459654917,0.12732185547726127,3.058842262700215
-0.11925004049569023,-0.022183252712058756,0.15892635218615622,3.214157602168213
-0.15341372191505662,-0.021195944047190707,0.20705130660267113,3.6384949590860507
-0.1629459068998565,-0.006177996405739317,0.17318472381016492,3.4923651471639614
-0.10698238540819241,-0.06915838114717829,0.16248221138750626,3.195923499731515
-0.08331566892219754,-0.0761344005255151,0.25561602270027844,3.756749791676944
-0.09628543475065138,-0.03486401991926294,0.18846922920570125,3.3543927506450686
-0.11382066979581211,0.014555884820532477,0.13609917087841167,2.9507178991948857
-0.0742243944561959,-0.006745583612019427,0.12174278652616494,2.94376273751559
-0.059438266516800856,-0.023225593217921985,0.1343035441036804,2.820873461446517
-0.07924354002208077,-0.0392841473459133,0.17220791864766652,3.2332956039714422
-0.0902781276289414,-0.042617085780087625,0.14774799217009404,3.075679464079628
-0.07669651781608663,-0.0820884218825921,0.1195716549163403,2.9038807523759216
-0.04371894189337234,-0.05667905915970369,0.15889488447514324,2.98699990161113
-0.0907301171566577,-0.04409359765331585,0.15597085382324244,3.198546727812786
-0.10645431350856323,-0.06288122561664744,0.2134034196587036,3.6342428859224927
-0.0941770973715885,-0.08123377524841728,0.1544215538425412,3.220533865759819
-0.1553874518291243,-0.03759213897666784,0.14591741765610877,3.3472305311225248
-0.0980371218027182,-0.036150074688494266,0.18264459672732036,3.3013529569658417
-0.10719442925506167,-0.11179871355496698,0.17786080083201003,3.528574952817712
-0.14517685892160317,-0.11358273456063497,0.2353855381608619,3.931186073479336
-0.1178248478398892,-0.0676019099543057,0.20190973580703672,3.705331396610262
-0.057839808787742884,-0.0932907887495984,0.16491162126395859,3.384816710895315
-0.09365354117249106,-0.1116435140683871,0.22128080618910562,3.8208736052092895
-0.08654817037991935,-0.12409507134859288,0.16392108028484265,3.483587705195236
-0.11647595335129161,-0.09075880026732301,0.16409450718397836,3.4007545257608944
-0.10222080277763007,-0.028057787394545605,0.08535075427381501,2.57321088309844
-0.0798228226848456,-0.04107852217171424,0.06607728103346672,2.7281534491367414
-0.08352795825013783,-0.054982474585435634,0.08341491447906035,2.810335266914125
-0.02533531513631749,-0.040918365504400665,0.03339233997187613,2.3840415715626793
-0.03042479897311342,-0.042523579749171585,0.028335866953958518,2.3605440185563458
-0.06568727630291438,0.022849290262258307,0.05993423373579013,2.4270994190519586
-0.034354768160733795,-0.015179877171306436,0.09896780394351302,2.4414935935971873
-0.05767891129639529,-0.10106615467666226,0.06410148665946737,2.672544079080233
-0.08143755912812249,-0.07840396476897793,0.09414782601906645,2.8874903740743694
-0.08401874399789228,-0.08228863082859954,0.06803649562274444,2.721654897957083
-0.09844651058213436,-0.07341702183546689,0.07587715885615724,2.7789030427910175
-0.0820667073894557,-0.08880052594003768,0.10804949519396947,3.019793323916633
-0.0585434369624703,-0.039235676808263245,0.1302970775909342,2.704355847349661
-0.057574496243798644,-0.024198592100266224,0.09041450141231187,2.4982854286660565
-0.0495918023765859,-0.06900251282108688,0.1372623580645606,2.994061005325298
-0.06105568053573859,-0.11591169270549731,0.15856436126882256,3.345158940423527
-0.050238219564695076,-0.08050489104781351,0.1761436346416757,3.421761194831104
0.037908643082895044,-0.04183309896405419,0.19347799091301104,3.2174174717634023
-0.0498489561863404,0.024542218061919606,0.11062546407227876,2.7468907313329436
-0.10892679867383154,-0.0003919350172902847,0.1254368426454367,2.892467536818381
-0.08325209289929948,-0.01942770471970631,0.13615628757563383,2.979969957594827
-0.04595146785063026,0.012014880912956733,0.054576320119134845,2.2807017468593886
-0.032795674741748465,-0.03809478719970834,0.1241503995150675,2.5727094273508904
-0.07908424150772779,-0.031686590673835155,0.12548765712678053,2.668894196197481
-0.06907598441687747,-0.017682612920248152,0.13291550073092784,2.793821080692814
-0.07904721983069272,-0.007449277733977727,0.12378334199137843,2.7361474413029327
-0.061518364441518245,0.002273693322681767,0.07181175522705986,2.508543808494129
-0.025757191047532567,0.04101837529313676,0.05000681069930523,2.251852839354406
-0.06404867649918408,0.0037809144778157217,0.09177577303536641,2.498998237020219
-0.0463448275975724,-0.007363164491958994,0.08280190543416321,2.4869160817893317
-0.09906916677551734,-0.042570098107998014,0.07905155294809332,2.692584751904303
-0.1176638041464937,-0.024747980435265573,0.0605885798433699,2.5902044664920636
-0.1188917295104312,-0.004162105090901059,0.05925562997140932,2.587642291704905
-0.07281000555406901,0.032655709664963894,0.0604863638830413,2.3591637024855703
-0.0870311443815157,0.0786841649013493,0.04168392784130535,2.5600450497981773
-0.039059577407217744,0.05559226197518025,0.0646181729475449,2.569575156516685
-0.04037247101078453,0.06832757141820126,0.032859879873765575,2.208978943443514
-0.01616945242315386,0.06927148512670353,0.04966937897656362,2.27273572504095
-0.05738227613378448,-0.006389096710741072,0.07509298470291977,2.4047931172243264
-0.09443508931247659,0.002003723894641044,0.05123079967653494,2.562859478571915
-0.014468687856561075,-0.03986907708920434,0.09291007530203792,2.472463539943333
-0.05153227637158433,0.01618210064564827,0.07312034080371194,2.424247655493184
-0.07748552384880597,-0.0226693315899916,0.06736662011925794,2.637644008533538
-0.10071989978732503,-0.007261297974842213,0.07433665315685134,2.5091674059907594
-0.0899500434751989,0.031141910850049928,0.04019511805073095,2.2941503422652993
-0.07754175790423634,0.03297939003951417,0.0732429749116273,2.5551366968634146
-0.1123586591983729,0.02907521156872884,0.035634353401341294,2.4529314913186955
-0.09245095763114607,-0.00447946104685144,0.03237050603228157,2.3536273004818886
-0.12054699250594726,-0.006827663265075593,0.07696748347950788,2.5112703751489756
-0.10381406094721377,-0.024861896673609486,0.06808961448659588,2.6119936544853934
-0.0723475112462213,0.01904516745996787,0.04249978595066341,2.3382833240673784
-0.04622285131932967,0.05568920332815633,0.05806483512395056,2.1352089208126936
-0.10538108428469445,0.06690371454148582,0.030114706254865627,2.326721226653563
-0.11829730703759074,0.03845987380539852,0.02871589655306343,2.37648380125508
-0.12536864370982082,0.01890043331296765,-0.006777355010691478,2.4813499625471187
-0.06735913742728245,0.01910671622138377,0.01302279991579434,2.410381695000541
-0.07428550739961622,0.00758584147657315,0.04227365195038489,2.368299017271901
-0.058301402680717,0.021109674515436074,0.049895812637769356,2.29070146115776
-0.027066706347364543,0.0072778286049264085,0.028214254880936356,2.174764043992595
-0.06696732106189579,-0.012157843526764392,0.03912457336675191,2.3977695304710926
-0.1224818240857252,-0.013761314545369226,0.07611591743279099,2.6726679347213387
-0.03264872614003797,-0.04459410536488091,0.09247529563830144,2.56882125651072
-0.08721018903554324,0.0008975678256584829,0.02126868540044252,2.492759131005902
-0.026184584426412343,-0.02976548249322287,0.07786837842598836,2.3093609189392725
-0.017836964703973716,-0.00018108794091450085,0.07774128710147081,2.398163829936012
-0.07023037671665422,-0.03271131478790287,0.07206239416319382,2.371035104419072
-0.09249329486529391,-0.042272101500732386,0.0605379843652301,2.5631686723577634
-0.11353828074542145,-0.03320393331248088,0.06179764273345541,2.6805529524666385
-0.04260347186647498,-0.02472569903278889,0.08631499793913028,2.575013808226539
-0.01750358458988846,-0.018376838996827176,0.11158540536568279,2.5726104796643603
-0.0643131103773204,0.03018543096366735,0.08921341359983724,2.4985747333045234
-0.1041375005713601,0.030173991295865912,0.09342056001592453,2.6977933856502636
0.00970631420442843,-0.016835283894634952,0.08023058294926014,2.5008862684242765
-0.030186148805447694,-0.005690542488623592,0.07954794128147742,2.3676211514474397
-0.059279969250573994,0.02553538412806117,0.0855317393321637,2.4652013825413457
-0.06931068017574632,0.04346012563659591,0.0814981332502924,2.566158918095125
-0.08483164786123269,-0.012392984534380638,0.08101757781516238,2.5199215448502654
-0.03235568157168906,-0.051976110609775195,0.09173184177986508,2.519440603789965
-0.07551880076407211,-0.023941527738195807,0.10371250237561647,2.6628792440675633
-0.03196625912798983,-0.05344902213660938,0.07973578533911455,2.5287950568297233
-0.059128136059687426,0.006062519077800908,0.10730654137335695,2.5417630182600446
-0.08272268624903541,0.027849113557706313,0.06748832979330649,2.467322398855149
-0.11009729974137009,0.015588245651830063,0.07423248371598819,2.5532858728023444
-0.042157040418617085,0.04122811219414869,0.0422318203820005,2.190650680353798
-0.04493202223535825,0.0564101842115418,0.03203229928887628,2.2996554121983164
-0.0611642029220012,0.021036703593086088,0.08565733946004037,2.2776971082997135
-0.11350876673371474,0.06564638221256906,0.0639177437685906,2.572095354536982
-0.08186641738414972,0.03037018889342079,0.044926736467958375,2.4761014771848484
-0.04767776868311832,-0.010927729208047228,0.0865067587093589,2.379900439698192
-0.06459837202717618,0.0516482584725933,0.05713468788362489,2.2885386812833617
-0.08666516923991653,0.06122595120300532,0.04970321461408909,2.3034970306452323
-0.11947276515155508,0.04646306492276556,0.0342387850444203,2.553414415466716
-0.07073585078822878,0.04987190170473276,0.06420264375512795,2.2872509639020193
-0.08516439911217848,0.08255249636477567,0.05994453168504975,2.5291539584886853
-0.012052834441859426,0.07782845611467443,0.029770878359553058,2.2169793676669816
-0.09586247958642648,0.03591169633532672,0.04716447458159148,2.616397294762946
-0.07032243574592024,0.03296314975811548,0.08281954739514606,2.415758781347426
-0.0649915735675622,0.04865756505871559,0.09488721266624851,2.573883034955452
-0.046662260132109924,0.06971705238390564,0.07811887741121636,2.469339791434764
-0.007254778224432803,0.08531572569834435,0.09251335150993961,2.4055186306702825
-0.0005122372490305565,0.0358151216510595,0.10765249643577482,2.5364718789129443
-0.022493134466566853,-0.014079645699470749,0.06952472403969785,2.2681296615701125
-0.019493764443374913,-0.024107087868156376,0.14011519835251,2.6264152440876884
-0.07729291159602149,0.003209948471713663,0.13415079124120152,2.6075640219194884
-0.04267806764641184,0.009777595621171952,0.09999852248850294,2.3552757746348787
-0.05254883724611825,-0.007974979217250336,0.0983881520781085,2.317948301224557
-0.049131849984805756,-0.01972952302722408,0.09964820482140928,2.358527970229579
-0.03019445606337797,0.0029599208205981172,0.09808866450207762,2.325011865498907
-0.03505057134186805,0.017301861209127162,0.1487539970699513,2.6843096020567137
-0.055517170119357376,0.040755040329551774,0.14098774016037485,2.5625370969882373
-0.06956969771633639,-0.002639454327648009,0.12870378326252652,2.61934536315715
-0.09874893249497209,-0.018187411006602424,0.13558474185169622,2.836357863287295
-0.060675377294164376,-0.052816896370741356,0.1473393219553017,2.6157874340433906
-0.07417085466718576,-0.033389350380468585,0.126613905323477,2.5440940628423947
-0.05727951996676939,-0.04057528002249317,0.11751344836627099,2.5383536595267544
-0.029002619067578242,-0.013770100515847443,0.10823871085399882,2.3954784593096816
-0.025095601338876863,-0.030238916934653044,0.13706928649478944,2.5742062129155476
-0.0715853652323812,-0.013223990732703092,0.1059645814441607,2.4893982860232358
-0.05921525380692135,-0.0012261677196120117,0.0743404712118165,2.2247555872023677
-0.01547108591628944,-0.013170884649947987,0.0869412894204422,2.359669732628831
-0.08045379732809603,0.005250189008720968,0.10051498115747809,2.568110794464211
-0.0651431884054943,0.019948145202981396,0.10024188751382782,2.4188333296445936
-0.027093010457211998,0.013091543503143566,0.07968185535274008,2.435152735622685
-0.030932111331404805,0.028376606727508247,0.092549562186734,2.4613244796900164
-0.0001128211377838052,0.04450129704735462,0.1200741484422333,2.576244466460453
-0.02147477802893013,0.05853645384996682,0.10195901435634584,2.520824131520524
-0.04362098401224727,0.0411947830961761,0.057222198933181596,2.399672519578451
-0.0741986447570806,0.060379115938125574,0.11129613806355976,2.719811343214099
-0.02770657347620577,0.005920008057679746,0.09428226644208423,2.419435504038525
-0.05123435478660553,0.045946273254823373,0.11483762336489528,2.4727817518029873
0.01914921066582035,0.019370289301897256,0.12106889612931734,2.490497655878689
-0.055428108006768805,-0.017492883043468698,0.08189376244545034,2.595224361943556
-0.07848438295772248,0.01413843126524645,0.1190434345801618,2.6019051321791644
-0.029464357276777868,0.021579027982892046,0.13050444663930139,2.5083339555334194
-0.03162761480426205,-0.02477377942058073,0.1401472720329424,2.5442262721355062
-0.08082854911624744,-0.02405064424916395,0.15379500582893213,2.852812301001681
-0.04230384737625379,-0.004368955955589242,0.06969778148464603,2.2959346059404724
-0.02831335669011798,0.02396075665699389,0.08681210465982582,2.2884904267252937
-0.05962604921534087,0.020915108976167177,0.12295227246986251,2.4952383868869745
-0.026247149140168503,0.0588184443277556,0.07923055412483,2.320269444427834
-0.05833693675044186,0.04604450719321155,0.07928588817131325,2.4129165019586987
-0.055626686632783355,0.057503032261494,0.059617558599463515,2.1465316628836026
-0.07404296373233765,0.03771926048346294,0.1066954385070045,2.4385590011401144
-0.08133264282244759,0.015594907224520024,0.11003704791820046,2.434652663537068
-0.11084938733268343,0.07853642816779004,0.11470462184268083,2.601231928397053
-0.04794286373150129,0.01878914130981046,0.15680087702589,2.5515674104759376
-0.038213833273105825,0.03574879232965022,0.12684328493682775,2.525898338871496
-0.020461734550892296,-0.0003855488468485648,0.14288962152751622,2.5385526594020513
-0.037405755726757584,-0.004111759341254008,0.13705023800285307,2.5013775328594896
-0.00726970865747892,0.01963074654177026,0.13556458168671265,2.501270846634119
-0.015619919614005474,0.013451473623404911,0.11465341884768646,2.4726801450185416
-0.0005643031157179852,0.05106902926439314,0.09943320818649483,2.4711194644269137
0.018050583191676996,0.054477654162362874,0.11742527105380778,2.488251188294555
0.02547260529903076,0.019432623127406314,0.06174579742034215,2.2864568850819724
-0.019939020676985428,0.02137479209638867,0.12554934861428912,2.4758927116477873
-0.04690257502845078,0.01843946798671018,0.0980388368208571,2.448720833301815
-0.018835101934214307,0.011157903423451687,0.08072192021804396,2.343173408559825
-0.0720078743765248,-0.005228378955753295,0.05959278772708532,2.2978179479077343
-0.05630523544490968,-0.02328088188814521,0.09910801645827681,2.5262722020729846
-0.0780862932880747,0.03249813686154634,0.06529841591101147,2.2836560771377474
-0.05060073724657344,0.025454398987916512,0.08060408179544121,2.363128415749095
-0.013647799427835339,0.043942958210167964,0.05475412441747571,2.2236393831106036
0.0019211669128877751,0.002698528040452825,0.07437345687949397,2.1982882710494436
-0.03928468053530908,0.011543141968676902,0.08075523469121104,2.2501569404511765
0.018703946449864492,0.017693073778666798,0.08229780452702858,2.1936599453036334
0.007686554452984258,0.017483759092638104,0.07874985331343712,2.214559170965352
0.00925179059912681,0.005671201951983109,0.06776228064533232,2.136425270374894
-0.03271232921844113,0.012634722479728458,0.08637358121796355,2.3873502076655213
-0.06482443912061582,-0.028641226368392562,0.10201131266998917,2.6051737598549827
0.01672943585501311,0.01213086610531979,0.05996626106451458,2.1582751514180187
0.00857965354337818,-0.002224815147110593,0.08473338358514217,2.237592108821632
-0.0388264350041284,-0.0014709426362008932,0.10528289764334954,2.4800864574294703
-0.026398250959584216,0.008657112386996376,0.1107628357393107,2.3629247001119538
0.005878554360691709,0.013802707463875354,0.13887795720488297,2.5933243542877222
-0.016185547091348243,-0.020753388075644592,0.1514749807592482,2.538185529033417
0.02828825811954192,0.012487072890948322,0.09383057402130432,2.267903830546598
-0.002058909627649297,0.029083712661200134,0.11360466601510702,2.4687250810161867
-0.037806796845677844,0.004200186986482512,0.08207800269903438,2.340102614762161
-0.09432732364135844,0.00955590605418837,0.0785728076642905,2.5380622436896845
-0.06928531021575278,0.03709510931171948,0.13347394427481707,2.6550927509931928
-0.09985200060964206,0.004431008770494255,0.0746309869852536,2.5130445292590675
-0.08718333855600836,-0.0071629896529681126,0.11563537633851464,2.5903740493350864
-0.046724921095471376,0.04378833194802199,0.07789612533653291,2.2455414561978184
-0.048884148123212436,0.020760472800373454,0.11075190071329354,2.4883575057326137
-0.11021629221038669,0.01225000093344772,0.10136005493599623,2.6321622025523985
-0.11652466858137625,0.027976462222094586,0.10116091586000911,2.5442950383461396
-0.12125374232366062,0.025189750422512137,0.10915223740261956,2.7200973063340497
-0.10968335871356036,0.017801303419292418,0.07612877885331003,2.3984745342120966
-0.12242900527546988,0.07233838994308356,0.07709193594269753,2.598722225858844
-0.10592357825864732,0.047694670439796825,0.09141447048132902,2.4748233665303916
-0.0833694088784149,0.013912664852241678,0.10026438311669472,2.4516622904846583
-0.022088168639333636,0.006420966277930027,0.06167777055179882,2.2341106883785615
-0.08196289080772239,0.026398446646174106,0.039181670671867154,2.297451592034438
-0.07921174430234641,0.04077554589021547,0.06950782527840112,2.2460245335446145
-0.07813716867560296,0.02281655489460156,0.045447065863705984,2.315819445288689
-0.06763684475433474,0.008539953302092802,0.10273388603411494,2.512672066338779
-0.032727915682783826,0.01056951351147144,0.05954379642090228,2.2859076134211067
-0.046394320916931076,0.012148415780793557,0.10264731035631858,2.6466266547277018
-0.06379674135420711,-0.0037924706095211463,0.1263315867758829,2.838103873392977
-0.07427569285580646,-5.1833457310046924e-05,0.11893166148621687,2.695938619265724
-0.09837303524966183,0.012038569714105062,0.08681776718714798,2.5878980793983737
-0.09358104982886575,0.00647525217527678,0.10291223208834033,2.615514346908524
-0.08746499322748126,0.01151995438850473,0.07538810989429977,2.374291656965559
-0.11724053783730555,0.008636596945569912,0.06338502503907747,2.3900863901888854
-0.10838703005562265,0.012605461426989947,0.06785147274032872,2.364955545184026
-0.06982298711762454,-0.0029481761463078906,0.08970916967846981,2.375748067870924
-0.07745925381047213,-0.0016287571643199786,0.09582368433957247,2.5212855115025676
-0.027837904303431256,0.015506939472716039,0.053529890301900154,2.1345500282391336
-0.024385401862108486,0.01759346128233592,0.041017544122592474,2.103343871840515
-0.016810220678961877,0.028648948301359462,0.11321082219167791,2.3645494620707033
-0.03122319054251286,-0.023900893914603823,0.036880825045187304,2.175855526161608
-0.03501017991592997,-0.030166245705537553,0.1121764173990664,2.6635559796233053
-0.06963896670164624,-0.01741698075358934,0.12825140538710061,2.4934350362539
-0.07386270148893276,0.03658910553022204,0.10672125883750105,2.5052273257622115
-0.06149665471427686,-0.016247222567178032,0.12530018670532003,2.613972789453532
-0.06122994657107983,-0.011557009163540412,0.12655516034271128,2.4709635095607214
-0.053471751318867125,-0.024995815988888843,0.1091587859770802,2.489909673206335
-0.028064145167119418,0.02049647813889872,0.13669571046334497,2.555329173395347
-0.06657488189263774,0.0058697910577198515,0.10301164634224036,2.4782218389011725
-0.08718396804657959,0.011304601779303982,0.07088508251150238,2.3693455389435303
-0.08605033783858468,0.03891007699130857,0.0742452305580991,2.2801351335644866
-0.05885604415681356,0.01600142233798231,0.06426476570325222,2.263331086218765
-0.04348448860608029,-0.013070662665816381,0.07823309269190218,2.281231137636732
-0.024821054536981423,-0.06167349831270879,0.10781548711675647,2.4902239706758564
-0.10335625732179109,-0.01445013889086394,0.05049336042756317,2.2972348786971244
-0.08423305546338794,0.012188060684784997,0.057205735519989497,2.2702006311777367
-0.07533399919613307,0.017123980037558367,0.07544576845419351,2.40415268754491
-0.033860425124075624,0.03538090142765494,0.042350807588737105,2.0408931877951946
-0.04764342039163336,0.023198102406136983,0.05529095249882237,2.3148198675701543
-0.09790236561839961,0.018252313250405616,0.02979604827799056,2.3210522821352733
-0.08754258996840343,-0.014748692610520121,0.04670599788612493,2.243822115441819
-0.03940829679673187,-0.045383458581234805,0.07303394356742418,2.250723130104564
-0.021729061393283778,-0.048134859119183,0.1046998286732587,2.4644264398760862
-0.04402748673343575,0.013901016089581155,0.05636155226607985,2.282668759481887
-0.0833198266748758,-0.01989884186914477,0.08913997339279484,2.391505650964554
-0.06982031924819446,0.0032773799206426628,0.11588535116807834,2.4715632259361797
-0.03490061234534523,-0.04859486944405221,0.1034685858038655,2.505449127502343
-0.05819789741109634,0.0031684026944914685,0.08641881420305018,2.349073376501445
-0.00985925136759627,-0.03710136716900898,0.10786556653833713,2.344975395697204
-0.04673766249016328,-0.0048203836316088045,0.09520359607345538,2.4403553710397623
-0.08180042382476001,-0.013256569307556743,0.08188187384767381,2.4732716147258134
-0.065554994557248,0.004464870315341697,0.07676849130131702,2.4697617851063285
-0.10454882136767019,-0.02505234149307313,0.11605494455914066,2.6392797382918336
-0.10875830644959367,0.02959798476704219,0.10032215519142192,2.652018321290636
-0.10662181440456289,0.0012406375326842942,0.06468276978447392,2.6425264742887062
-0.047339591359428,-0.015393465520435676,0.08693325223367061,2.414262727030631
-0.06346410382841863,-0.031927809179204736,0.09912108935178994,2.674838360245983
-0.03927526630811436,-0.05349141279693902,0.11583706377492213,2.6864692734147453
-0.03082171385902366,-0.01944336732047126,0.09465710157486934,2.3231051075429106
-0.11630861618312556,-0.025716891892457596,0.09306329879965712,2.569540696993009
-0.142364791130169,0.023890826760277435,0.045370799527572274,2.4831723859888712
-0.10536614399275425,-0.01280070783674449,0.04415470438658266,2.255279459113977
-0.05787704962500762,-0.04472081284091467,0.051484390906337545,2.3447164915293977
-0.08950174181382001,-0.07904106181178433,0.10591899730195925,2.7662660573804034
-0.06633619111201015,-0.014793732579131278,0.10270953798585196,2.424241986464788
-0.0862399909092258,-0.0470764262779231,0.09474804524791076,2.546734710911043
-0.1231394525170246,-0.014173278816118389,0.07469177315858425,2.4861647393576547
-0.15067581693550694,0.020904786404484753,0.10564017743019682,2.708068591939457
-0.10043651621366652,0.0010993893621073563,0.0658658565888697,2.435006320078741
-0.16916428922572177,0.032169613738559914,0.08446136930236785,2.8672939876913976
-0.09125617210584246,-0.000183134718647881,0.09137607404325376,2.55100011652229
-0.1298921454045327,0.025066919692467132,0.0767716135229553,2.6017734280282934
-0.09333587036533152,0.05111066077852833,0.07632898441011413,2.474835162110759
-0.1164693430610405,0.031541190836804116,0.051220325788670175,2.492629274462084
-0.06994188609275596,-0.002642718378727377,0.04272737858856419,2.2942986841318396
-0.05854980948194701,0.001830418248499821,0.10434976044051367,2.446092373117107
-0.10429774386697675,-0.04241765703781311,0.10379428766601977,2.8820489518692636
-0.13643765437739655,-0.0095061294191942,0.06556017576234482,2.6123415768455507
-0.0997351359689503,-0.023864600625857366,0.13171573850096305,2.9326079460426513
-0.10216607972296392,-0.03083199164207116,0.051019514026243,2.617956015017923
-0.09941230723361165,0.03275870819016959,0.009658579937601046,2.397727080813641
-0.09883105170146071,0.006317378739630302,0.027094375270100245,2.343650044667472
-0.10671158591234144,0.05254684363609573,0.02361145991587154,2.507772412858278
-0.08635128033715475,0.025107722070895813,0.039713132624557536,2.4155298924051545
-0.08957632837740022,0.002841383227084431,0.09038034697991441,2.6848863215180954
-0.0898343082636471,0.014577744398085516,0.07524713164201516,2.3797448586328565
-0.05373543699700767,0.005363780309858083,0.09859170874766164,2.492914670975556
-0.04660147116548837,-0.014391213739235064,0.0252150862195388,2.1723875619175677
-0.0736431542303507,-0.013628136484694272,0.06883430754313664,2.4240869136501786
-0.06642164961559924,-0.006130020481908827,0.06597509223305513,2.4130632997097363
-0.10973378750291837,0.00810825506366138,0.07785370510756015,2.5582876062296784
-0.09686540267002647,-0.028428286352001092,0.04521725649671923,2.295737450974865
-0.06531409593860694,-0.026649445623270675,0.09028362045356347,2.5378462704893763
-0.0760383391036369,-0.003116924273277917,0.10021764974628024,2.575166310405991
-0.07991054874944258,-0.010118357947592093,0.07885842851518744,2.326700336876691
-0.09490831031679074,-0.008626066019832982,0.09468774471027326,2.5316034461605152
-0.09044185696266537,0.008227065388988146,0.10054644981803201,2.574570283602049
-0.10138605629975929,0.033788313971827695,0.09333793330237224,2.576606182347851
-0.12042832215213667,0.011740421420365205,0.06219059910931613,2.451677682380385
-0.07689287769526937,-0.0018287380323979373,0.04348006624516175,2.2726717663739016
-0.04573262677082455,-0.01650864022654581,0.07393546929346236,2.4797270068617614
-0.0865942660229398,-0.0016541074359438302,0.039854808854110364,2.418455738679806
-0.07526074264887209,-0.01756481215354535,0.05223561659132968,2.3439605989329992
-0.07442938697067061,-0.043948686643882975,0.0705320962474593,2.4361276828926024
-0.09461613005624475,-0.014673917047745755,0.07048305426068159,2.3824714909718714
-0.10072449124056933,-0.04071969723392209,0.03347704650993643,2.338488801296537
-0.11391166588384849,-0.0038146688436801954,0.05025634193645049,2.4896834078550008
-0.07878469895046583,0.005831796124205543,0.01777993218914222,2.281465635471274
-0.09097660523052448,-0.0319847951894005,0.06519585752474566,2.474101659984342
-0.046661821142389655,-0.028443745735742983,0.10090786664546737,2.495102831159951
-0.055419500194554626,-0.027264197095651675,0.1044172935130362,2.5334178259724105
-0.0708013533504249,-0.019688987814923283,0.056918946750358836,2.2224836766701452
-0.08668066535962653,-0.008365757116166161,0.09249830392538098,2.515455131669361
-0.13110633506443636,0.010847886316290809,0.07093447862189314,2.5823070196044844
-0.1034716799602787,0.007296164604532545,0.10928081438334632,2.6961364460975097
-0.08439823321786367,-0.020117889273431916,0.08987365026280793,2.5918283606412658
-0.08334354967755628,-0.05213245916861179,0.09772266017913372,2.6310848574095487
-0.09617970652727144,-0.013153950275135877,0.11097960608065337,2.623147042275797
-0.12929074719194805,0.0038208907005700984,0.07910546624319317,2.5976976197826835
-0.08583398239437899,-0.026143325298648885,0.10932921964339488,2.6200685855661536
-0.06875133403866518,-0.02975077104598245,0.08863350692628413,2.475059348227083
-0.09006719777541124,-0.030509995352637733,0.06848530449895682,2.509110088296093
-0.09235776688871132,-0.02307492685488754,0.07888343297187277,2.606389345992693
-0.10260979559078919,-0.02741987234688165,0.07972068829827136,2.688425894496547
-0.09399947843809178,0.015956279025990464,0.09357485542109406,2.7337544200688026
-0.08394765618090529,-0.016164553223932877,0.0798681482695336,2.651902193160392
-0.06443220173705207,-0.02810810674204043,0.09503324745390314,2.6510701040061915
-0.0844118473146335,-0.01899358665662502,0.12148457392242536,2.6735750116711134
-0.09243153374969483,-0.033956733306696,0.08622583784358473,2.5252990713083467
-0.08379138733388472,-0.03555257949689262,0.12339434016859485,2.6839328613171975
-0.05371521634013897,-0.028270021041421553,0.06888135829673636,2.1704141635359986
-0.031362891289577394,0.009331960469143755,0.05992683739124545,2.274481446005165
-0.07934757619081143,-0.015670718762234637,0.10314302685391001,2.622408430747786
-0.10523176038880254,-0.004307304083812994,0.0932915139116412,2.601785860950941
-0.07449506672651761,-0.010955589776800504,0.09090961195326867,2.4168956418570486
-0.06632731174646754,0.004112383140221125,0.08904771820642372,2.443276578694038
-0.08402084242443028,-0.02717363228678735,0.08596476075057052,2.4510505859551226
-0.07295364125558583,0.022223687038201198,0.07803778568454078,2.301701765938314
-0.12674849561848894,0.027030642400144467,0.08982592695673898,2.6826405448848964
-0.11909478933941206,-0.026608111174194572,0.13135346906198322,2.7370129830261782
-0.0958022065217329,0.004157271801453011,0.09435124457635942,2.6538456642327244
-0.07321147088174022,0.03920195126207607,0.08753407859482526,2.5398336212108776
-0.09163667425661584,-0.0069304186136750585,0.10762917255273684,2.582186543481892
-0.07252744896311314,-0.024228997995845745,0.11316376620766255,2.602315982285609
-0.09229855583448979,-0.014991636358962637,0.12643401453179504,2.701594221938779
-0.054524706480434636,-0.04116065210324505,0.14961487516523925,2.7313043427513604
-0.03877961978330075,-0.049433839383639155,0.13726481403663132,2.776173234625872
-0.04874529464874406,-0.06404727897888977,0.17479208128603563,2.969185722653201
-0.08231638390467755,-0.04488265668917124,0.13482831390689823,2.7459345962694846
-0.11167574337728127,-0.06356021177219047,0.14455950593001396,2.939217696595305
-0.14689437670139457,0.011695144038335839,0.10748512451529801,2.948168452894275
-0.12012164431884545,-0.02419366053062544,0.11720808220736102,2.7391174037932555
-0.0685183650732907,-0.00734776916401457,0.1513988721273981,2.627822792687917
-0.08270157752881419,0.020014346430039704,0.10016827845024402,2.4174911745662
-0.08217700399403859,-0.0036905883677382676,0.10078940872007461,2.5136826492277224
-0.14102538470370185,0.004881597130577697,0.08844144525882879,2.7142990525276662
-0.10981424056953855,-0.004366709733692223,0.10515850191372422,2.5664232348903977
-0.031200197422592897,0.003361458310150117,0.12292055137879312,2.523787426411415
-0.047652950752005006,-0.006192851500594013,0.0905460974596728,2.4059023045324284
-0.05621773173609118,0.015667066908476635,0.11547218942676556,2.491208264258879
-0.04575421256789419,0.01427706068192797,0.06680545372322592,2.1713995932494177
-0.051246729633323745,0.05164314393703656,0.0545214784197717,2.159096907543146
-0.09443803681194061,0.008991202009334434,0.08044430205089574,2.3909757318836897
-0.06775234949021008,-0.011401398321319532,0.11265720072290965,2.4234052641562718
-0.05352111907410686,0.015017206452825534,0.09274722668069496,2.321604398909134
-0.07268833763916717,0.027210454385663822,0.07786678192769962,2.2840637440486264
-0.14199408862009777,-0.0048076171042728535,0.10523945272411632,2.7837390123227617
-0.07248585286549054,-0.0056877194599510034,0.08412504926011917,2.402600621464321
-0.07103865951243421,0.008477964913484692,0.09997675355334668,2.2984788032928116
-0.09324048058086082,-0.002035563175896427,0.13852886509702006,2.759841678445908
-0.09239767690637586,-0.008287282000249151,0.1310077391644566,2.7494289816004676
-0.0745145469112298,0.019900001357180043,0.10078760227087132,2.3847701379470965
-0.04360034761718997,0.019041065694588535,0.07839645717715484,2.3558647371628805
-0.08286585009761867,0.034269485826343454,0.07939311745108638,2.4172786278668017
-0.10528486375701447,0.01893984904120042,0.08018898920038854,2.3801542677248895
-0.08890771105894246,0.014419623919636752,0.08968877562233522,2.2830773943861584
-0.07648517596910795,0.014403393457888158,0.07839675365484954,2.3407188728067916
-0.1137379215909063,0.02767794284499993,0.08629381414811407,2.5097397969336446
-0.09851312710150328,-0.010772496738131168,0.06873040640106903,2.358984595773594
-0.016306151027424113,-0.012041683474928509,0.06952363900845297,2.161723956979412
-0.0449271902260688,0.01716874478335844,0.09434173025951577,2.2033340636856362
-0.06234512505913414,0.034895777212351986,0.073758100290098,2.3198559656181605
-0.0831829757846714,-0.0012074262205892907,0.08322798260352467,2.281287683405791
-0.10490491175397715,0.062195932619090274,0.07641664220633707,2.4706004718584498
-0.14055488772547098,0.014264499900137307,0.07248524296632776,2.430612849848793
-0.09469764076677044,-0.006598304195457052,0.10764629524496162,2.5723807409347565
-0.10889589084669161,-0.02019822447599101,0.11740902856852259,2.639818886797425
-0.1423734736053463,0.06585457665937003,0.06658326043461985,2.534009579427424
-0.12600391689141419,0.012151079659256965,0.0732570035932575,2.457447060758673
-0.11585831630874668,-0.004386208107927136,0.11639767967919326,2.6942144958818233
-0.07870391825130724,0.023683069366986435,0.06632798394038635,2.3912639880969757
-0.09792564819494377,0.01399977952039689,0.0888100733958492,2.5278101090885734
-0.04486513160910358,0.03011187428579558,0.07932461807459756,2.3153645678007364
-0.11917922330772616,0.01833398183958419,0.10912431111426284,2.6464291898152483
-0.07650088634215141,0.021296283249545644,0.0769749800642344,2.212809313992639
-0.1002005560337898,0.028900050462038668,0.058937164316961686,2.329868535772629
-0.08674675851714925,0.03195079743957376,0.07481101623259294,2.317345130377939
-0.12485365687316047,0.038196644473275,0.09817996796836644,2.5698146687020684
-0.06442268933794867,0.02731499691484552,0.06594391336188428,2.2726835028443295
-0.11294979497990965,0.019730548530174617,0.03320020508904015,2.315576561735024
-0.08581823411893524,0.014040317658891478,0.07076110052020593,2.3524994753369444
-0.08483240427291072,-0.026630348554603535,0.09092772529068849,2.529499429867083
-0.08669296395037945,-0.04280567498766851,0.12849216278495298,2.719947978315628
-0.0934998295479926,-0.01675073346506109,0.1402375118659126,2.805929415159644
-0.09888008576134015,0.00835038687068654,0.09002898323917093,2.59122827265357
-0.09875743648959003,-0.005544468845417691,0.1346522883802115,2.825647144194191
0.02609802415386459,-0.025945742177766892,0.11637952787536686,2.5631737892383653
-0.044575984846060894,0.012671083592093579,0.08500232277889384,2.478874009014601
-0.0654357000013912,-0.06726106201969341,0.13630722339955026,2.8307185892564655
-0.0640910980599357,-0.03493325560031962,0.12217031447687084,2.727968309989992
-0.06226421552656003,0.032008332718639204,0.06879076505601409,2.42513264435992
-0.0659143918957459,0.036046197064802166,0.11514694355452858,2.4856567344474385
-0.031228647046652108,-0.005220711380964677,0.11748764682418485,2.575068887311596
-0.12811019864338727,-0.035335200235666664,0.11934986728528857,3.0073724933910646
-0.09547297020537053,0.0100056036143702,0.16212504637177375,2.993641006117404
-0.09785362826928903,0.02591778394829759,0.17394635876170103,2.9957978327089227
-0.057062776581250446,0.027023342616347572,0.14477226892743647,2.8170220361675673
-0.05489719113104456,-0.013609290229915371,0.1259702621722199,2.5467747916240686
-0.09894515449906371,-0.04417748512701551,0.16570026287763143,2.906447032948956
-0.11850329654920946,-0.000606787723972555,0.10250273126592353,2.757753447361368
-0.11043396828322863,0.033816383642362606,0.10706091765390609,2.801342879957314
-0.1107187472506476,0.04129082480236251,0.07355949382471734,2.549383862431821
-0.06607191564682156,0.02412845207073727,0.06186170723405966,2.2549091161128305
-0.07571644019479484,0.00571087836466796,0.10159811639890874,2.478461622863892
-0.08639705321015666,0.06335077014509176,0.09279076272538145,2.4530995070764217
-0.04683070780018626,0.03399426313774098,0.11880569246978026,2.558901963329692
-0.07285499582371661,0.02906756115552455,0.1538990366615015,2.7814054491199185
-0.09812682586255655,0.022522366315444433,0.1243183853794261,2.6507041472888884
-0.05313953797150921,0.04704764661219794,0.10702590580968356,2.5806519349938615
-0.02320966935621949,0.0762799296633685,0.1439328085319088,2.7679676537776134
-0.05341359539583768,0.04424377537635743,0.12920418881515433,2.591892828985087
-0.0310038237973505,0.06983312941381342,0.15700667345708685,2.860700116478356
-0.07686107158199683,0.11490351977276511,0.10538137446532078,2.776652548292408
-0.02949482297007638,0.04640416013542827,0.1302938301611015,2.5926911484189628
-0.048240894112553355,0.0916521219275725,0.09398676993637058,2.710659902595057
-0.043211169312201515,0.08197561420308054,0.07361123124301851,2.486632356832542
-0.015586118614339667,0.09889673501932586,0.0875610342377985,2.592528764230209
-0.04257400933591252,0.055294058341474196,0.14945515614773597,2.987542069017654
-0.05346200111298692,0.057924321779763165,0.14968701609644178,2.8963449851774263
-0.10083866122421793,0.03731457789324736,0.16418824494628814,3.2072096802321597
-0.0931865396883303,0.09332372820626708,0.12605061141347115,2.93325826622197
-0.10406290866104673,0.04324521404734676,0.09320012620624428,2.5997865321914957
-0.09132132683083777,0.06637584918774896,0.15313329068658507,2.903301273126559
-0.06013797049469233,0.025608710917776827,0.15541430787784427,2.81336553030425
-0.043055619774291176,0.04867797690182448,0.14705978235562145,2.8234079185259993
-0.030353919945151374,0.009734694293524943,0.15827847183972588,2.8457209346633103
-0.057943980345371765,0.05914875255466457,0.1150058026235737,2.77930608890376
-0.03042313597912456,0.05073685556461569,0.1288284642156909,2.5969071327535302
-0.028283374521429563,0.04019147207630965,0.09968795411841366,2.4894369710895
-0.05227219409946254,0.04848619506103559,0.07089435629661514,2.6294828047631897
0.009255728855699951,-0.009467350269448243,0.11326696417595504,2.7724698923108626
0.005336969314667979,0.022348475970262273,0.11876138078358761,2.8164900131864994
-0.017167913418742315,0.048466973529530374,0.14163014319325673,2.9037272748991145
-0.001259612011461444,0.044923396976248246,0.06469872833739362,2.4044122800674677
-0.02250311304409691,0.012964216425633137,0.10779886959955058,2.560422035381535
-0.04798539057437852,-0.009579795103915992,0.11499704073679763,2.513927746580924
0.05742907187195166,-0.009002121143929922,0.14540714122351425,2.7096570215935407
-0.05780362785244243,0.03207579315149861,0.08684278400752726,2.4714617173344418
-0.04199802207582147,0.01029065347956315,0.05538858459842327,2.249078104502322
-0.04076816726685273,-0.022943004608146793,0.12075114575046632,2.430187548975778
-0.0781613295434693,-0.01959704546551919,0.12902895712569398,2.74630031297149
-0.03231817346832775,0.0268116687971937,0.1322112126296752,2.660138762269587
-0.09497939940036383,0.02523765039484877,0.12792445860056706,2.7677896139605327
-0.060193985144578584,0.007453283616185815,0.10911646676653229,2.5981282453993715
-0.0358957678357501,-0.005687004745240901,0.1274810126306999,2.712443618511307
-0.11215875529912277,0.003817560746936678,0.12514108238188404,2.873265519370752
-0.02678860977128291,0.018267575171839513,0.12305301422049894,2.6226837967223537
-0.08140845352692427,0.021097213235709053,0.14993384190246076,2.8349932732354897
-0.055114906599323624,-0.008351572069936225,0.14353388766495392,2.7521548738202335
-0.07172432984997663,0.009287747069893743,0.13144511079424825,2.7468108720320923
-0.10755346175542327,0.035573244164110465,0.11875993370872126,2.725015172307993
-0.07616963911265619,-0.009637933321750428,0.15183347408665418,2.8983565917437377
-0.07047627307695951,0.04026172741241619,0.1528552969495974,2.760694941469031
-0.06604244091157262,0.04720563729647912,0.10176716459296978,2.5500148623368926
-0.06823469803050461,0.017866287965074883,0.14436364456255657,2.8260202279056488
-0.10058165982517386,0.02968202658691306,0.14384828291138654,2.913236959605669
-0.03136829685642857,0.04335098822317532,0.17000537990547557,2.9569337041204085
-0.021712164984435383,0.03933986282858295,0.1804772752950338,3.0400884059203754
0.008975306421712535,0.016950770799025735,0.15655014558040498,2.78141315587185
-0.00021463534077916264,0.03805183398196958,0.14943414991044754,2.797284189244284
-0.00547139180126753,0.015339660874704003,0.14451037001840952,2.83778795116561
0.00996410595985638,0.0003928580951606038,0.18956490431964432,2.984215839018006
-0.00038639395647656317,0.06483854944818275,0.11494306813818583,2.729835507804053
-0.0030681972398361266,0.026781013662544748,0.15813951066600276,2.7762508613979073
-0.00965544641982911,0.004734326037173804,0.14384628298360674,2.777185849611404
0.0061032597273433945,0.008070576978471295,0.18416090439946073,3.0694113933413054
0.009474990647861064,0.048058721224721955,0.12874851649142874,2.7610299577223922
0.02156409001791536,0.008999820973047854,0.11020906811370397,2.6212458150063536
0.020140748311964347,0.046682340901474946,0.14269907788034839,2.8098830223142914
0.007184210108847722,0.06667648059091094,0.10189321377754856,2.5779518322863524
0.028516055496767875,0.03145216255186819,0.08025919576188244,2.5101714575983882
0.0005012812424180995,-0.0028966126321604687,0.13993222124033738,2.872402622781201
0.03229342436432815,0.0016567342942185605,0.1471529706603816,2.7883561565495034
-0.014547013654360853,-0.014917576743732069,0.07922184364452073,2.484118655185855
-0.05988239546954581,0.05196497919273882,0.12565056993307597,2.8593186023632455
-0.027899318002133296,0.043874048593327115,0.20632389828242328,3.254253691458633
0.005964767463235786,0.03398554199526175,0.17382407334855116,2.799000554294556
0.0585726327552245,0.0023421967399317235,0.16662485889349238,2.8536693520839718
0.014384317071875681,-0.031330608293235765,0.1947470477436297,3.1371959760010473
0.018697788908309233,0.0149900368827226,0.19482297289295394,3.2018338954978987
0.0279416823523738,0.046003385479919896,0.18787689207019842,3.187554028364714
-0.04776718320118034,0.025955601574671413,0.24755078267932468,3.5568803791006007
-0.12702811665069644,-0.02633182101697994,0.2674541080805487,3.929266190869514
-0.09049201708986944,0.07392577751449299,0.1537907271557075,3.2247279585691566
-0.05909272148949735,0.06462054595564941,0.18683072659041802,3.1538347846799617
-0.05309299482023391,0.05433231817352112,0.1826298791019491,3.0587393220951355
-0.0031493709407574627,0.08001588610790344,0.18578493405620336,3.079426567592183
-0.0477526953709662,0.1299092795952714,0.14663188829206272,2.9857361487290928
-0.04529627586421027,0.07401410070297228,0.21222259415557054,3.3034731613718633
0.03779970227555752,0.09552619318595558,0.08703251153781665,2.5203213091989354
0.06426255180074068,0.15851091171465945,0.14512097856369632,3.228362398859451
0.09572321700820133,0.14878073448487858,0.14423309451344288,3.3038151846219654
0.1340609939179195,0.11613250920049761,0.14433240915965373,3.316296600772816
0.17492539425848835,0.08830058914577749,0.20913772992009855,3.904075517315653
0.15538581678506302,0.12202869850221973,0.20558228521589972,3.9411155783891383
0.2129487223464051,0.12754223786233534,0.25681987511978455,4.601339604368702
0.2707786662820342,0.11708078111246897,0.22248173063270535,4.470504974313679
0.253716375089587,0.09241850800721356,0.21434050786055492,4.615558779765549
0.24393510551442002,0.15378199291064945,0.1690324432776119,4.260681080246117
0.16104827260344087,0.0726974784543665,0.14296698232199892,3.443134821715249
0.18216780571042895,0.10849383509298122,0.13373926770125968,3.6748966967128576
0.1618866380609261,0.0909731946720272,0.19273803592849556,3.7113843205845143
0.14142943519842777,0.0420935328495686,0.22693966327596402,3.9097769333250727
0.14505742103154617,0.08420018536989776,0.2107839528483279,3.8895711348645405
0.08552431903300378,0.09390993549108195,0.16962423116513095,3.3273793785148174
0.05165993323823464,0.07007310235577766,0.16292929168809486,3.1931225609829936
0.007275803920327059,0.08577650345273924,0.16679462403881506,3.19364217170647
-0.0014204507654257406,0.09552787550406125,0.1785418433975845,3.2841113845323724
0.08605826546662085,0.10634465247762839,0.10542703394877584,2.9683875561452657
0.03971521109852505,0.057278001165633356,0.14257250646781744,3.0043452298391626
0.061944728732599465,0.03219334991529924,0.0916149635844724,2.6995376692692648
0.07879068691330138,0.004078932240266283,0.10122314335640424,2.7380523467942055
0.044732799771708784,0.013721706802114014,0.06789172181782506,2.574168236809681
0.10225269978170597,-0.01922724408324916,0.1146729635975158,2.7986256694699767
0.046600025806227775,0.044053658117055444,0.10848238224700116,2.7142542934297853
0.07567159490751109,0.023181915028127723,0.06602708859750522,2.431981630233861
0.03589686155896001,0.08942936090179197,0.021556953106997987,2.221097813195748
0.08644408464804226,0.04827179759661788,0.08643239033827532,2.3752729746128423
0.038840067972959615,0.0481434739692806,0.10366949132063424,2.316328169118178
-0.007324347081999191,0.09016480939210238,0.08243003469553266,2.473209118199232
0.035338371370955364,0.09409087740539826,0.08028308900008503,2.630569706378416
0.07074756878671808,0.019932802491825642,0.09069020559857349,2.536632351768044
0.055952714678701554,0.04163284997225174,0.055558096482618294,2.4055095179113177
0.08850822205492623,0.02396034147250296,0.06707709718795085,2.540379159284772
0.04279487543249585,0.046282644454234904,0.12017979154969967,2.7607312551561196
0.052983565143068116,0.05736953609131192,0.07999013717547697,2.475843768282322
0.035981242305876016,0.09552618059152054,0.05952520912496047,2.370686937617449
0.05994163396813545,0.06553904526355031,0.037275045718085605,2.382938441203118
0.08083496325328803,0.10804821111286764,0.03088410040338402,2.6403258380119574
0.11355343211523967,0.08516395366036414,0.03846117687855802,2.456485062791462
0.11578516130659502,0.09275135751044625,0.014642310400807813,2.4422186130736683
0.13701734077839342,0.06643913136858452,0.029154829595406304,2.618643456570947
0.08565962485325983,0.058613813316199435,0.043134507688016695,2.4449843318694415
0.06482622834209144,0.059481693396572534,0.11538960464817487,2.7011351332551152
0.028144819280469264,-0.004281305595312378,0.17089905312193,2.83755686197599
-0.00749366066211772,0.024215743382799783,0.15087619913079597,2.816929175319324
0.030770926501172014,0.07804223516651612,0.10848204887808618,2.565123054342473
-0.005628829831060968,0.050897533325874315,0.07106251092959052,2.236538956958294
-0.05964320273151044,0.03401857246835027,0.16053613846582396,2.7457334941449223
-0.04707640192775245,0.02850193005470571,0.17912643808419942,2.9361813038108804
-0.060974445722534736,0.036699497613092394,0.16751612673157734,2.9559391072907606
-0.02594348434080056,0.026920977667286555,0.22116352528948902,3.395062651994278
0.014547763967003243,0.0014509104299550379,0.1931871337208357,3.103981842041541
-0.024663194175328168,0.01739722527544338,0.2551628638980012,3.5959730038708226
0.07875036414025563,0.07861176656144958,0.17918891195407421,3.1794589991869713
0.06421274896201074,0.04065582236777968,0.16351844298641846,3.0179366288258755
0.01126874519989787,0.09401202465547222,0.12670538406225934,2.8569261316440464
0.09578774697510038,0.10520903869829941,0.08850539151331686,2.912166485486445
0.040541934062993286,0.11295211278946778,0.1188271913558734,2.7745284935542274
0.027648634965327948,0.11854217088693186,0.10859060010694091,2.7590214088391014
0.07112085315209449,0.07558325723759675,0.1570983779990849,2.983041263204805
0.07855560381121549,0.07506597949567063,0.18256036988437807,3.360130017649246
0.08130546877930489,0.13834552701501923,0.17112494123781874,3.2170534543610465
0.05977788200881058,0.12120596273369817,0.2002990344570921,3.332691638271246
0.10014542692752008,0.07705982806650541,0.23195244358000253,3.735840181989948
0.02366031529665045,0.03870111458969931,0.2215991632639749,3.42703531484888
-0.0026584606427812467,-0.014144447149841264,0.17994684427127794,2.9826806482229005
0.03441478324551928,0.01732576216807639,0.15509570714083812,2.7427161688549315
0.06901848480617051,0.027442747329736526,0.1088725554339004,2.5801671886551603
0.03784717843751066,0.05034469987056928,0.10887787844106184,2.370241891357753
-0.022494212754945557,0.008862484161826972,0.118216900133516,2.5009982233836805
0.032699349050519466,0.051944762351364936,0.13266706323409003,2.7604834258615094
0.08922808111169882,0.08347308082456462,0.0865503173646017,2.4842080308754384
0.06002560916227089,0.06677262000852896,0.05497742834863267,2.365068731848444
0.07014231567873248,0.053172745181361725,0.0736647413640103,2.55123418919245
0.11454990830627884,0.060916214435852316,0.026731373983637136,2.3742789348925846
0.107145748023629,0.09675684504982723,0.006723921271905875,2.3834719114806995
0.0617979439532601,0.09651926259464673,0.06560953769472493,2.478106735136869
0.07456708530157656,0.044446243093380924,0.13516874578374388,2.602719656229408
0.034760023925243605,0.13313717000506323,0.08194866887014648,2.621761680949672
0.003590258707849772,0.1318259117174596,0.1026004446761187,2.7764066647960526
0.02164439922681935,0.09666071620977225,0.09796238315940677,2.5067886021171026
0.049112959293807504,0.1091022669021063,0.08484100487050329,2.623169969153689
0.012377953268033993,0.07286257226625323,0.1049632803711422,2.6756463087341458
0.06201512932630043,0.056041056736602576,0.14968711372372298,2.7589080013261875
0.016714184284436433,-0.02062234913994596,0.1367614171132195,2.692737237270852
-0.011102145056648055,-0.014237456358143327,0.14459512968364624,2.742951847930204
0.034172827233554734,-0.0018133172515371356,0.14965651881054004,2.8578185486185994
0.06539930470598898,0.006809944438874559,0.1768534024780099,3.1337130955768187
0.02201224968659463,-0.07030318607051877,0.17639021770924151,3.142705006525837
0.10053175886648058,-0.02286076673714488,0.14671280983028714,2.9102188045117687
0.06554200146771127,-0.03505190610403503,0.11627371410785728,2.7737279450208323
0.05230707477417908,-0.01874718918552686,0.13465422000901422,2.7060706116057203
-0.042603639496297266,-0.03410679098373525,0.11402748009881922,2.7197096023726255
0.012664821566250813,-0.0012677158879326675,0.1510760314183562,2.7580386444425673
0.017789760423738893,0.026601495394178342,0.15891506859975058,2.6414086864764514
-0.01673800379191872,-0.014481937060286866,0.1405167892743622,2.6492132392718446
-0.038581292626462496,0.014252991419029207,0.14083079773297885,2.6579502709074583
-0.04940330854908771,0.02297760913129672,0.1650195164395692,2.89410593138579
-0.031072269861736904,0.04858862449241523,0.14398572604033796,2.754300289276809
-0.010572350383971944,0.026564346925036335,0.15486883815038333,2.79180914445673
-0.06599393426173418,-0.004061435652018212,0.14711236604667846,2.798952510080868
-0.008666456936646921,-0.03025907128295807,0.190531453398649,2.9364845949021707
-0.055480331046149634,0.0030044510656826425,0.13788093545426314,2.6964441400461148
-0.023834291130269424,-0.018374080923522076,0.1467337236639419,2.5976818440222287
-0.03165119185976269,0.046233048832837804,0.11358173839488896,2.410121002934591
-0.006040437480247831,0.02482262335918933,0.098259998163168,2.4215781813887696
-0.0007805708684627609,0.05681946100706805,0.1443640775827317,2.6788839070116874
-0.0005882643130465217,0.029937479231286528,0.11855365626902806,2.4505767668104723
0.0216561810866328,0.04629938510572773,0.11995415436691727,2.4894989603002156
-0.014246772501559425,0.05587219917348308,0.13447923739726467,2.773592931165359
0.005707513479760445,-0.012944253662833222,0.17097795116363926,2.8116990715936656
-0.02756549168863826,-0.01120419191421566,0.18122923301604277,3.0446768100586605
-0.013057931030475308,-0.016733906240741628,0.231416480902168,3.4300522833202383
-0.015590366583485192,0.02756832811322114,0.13860162405248252,2.758165188976206
-0.02451162389862395,0.051250233183035225,0.16270963682900505,3.043678220279344
0.014514697498302934,0.07810768926274705,0.1668103109038138,2.996314493317752
0.04415725331675013,0.061155318776542344,0.20634736395732156,3.3228257637843392
-0.01578880360515162,0.06576701222198766,0.18298135017360917,3.305344347031681
-0.008092597300776284,0.05482790399085559,0.22279668311516854,3.4853706510906046
-0.00788725157220299,0.09303882873507474,0.1537369519163689,3.146733895419879
-0.02501843488342013,0.07384028626128428,0.21474790584642947,3.5601643722173715
-0.07089538122763175,0.07805546798417039,0.17419030190007256,3.2950323435226827
-0.0011397873306974431,-0.014817969591636697,0.2280926342320946,3.2328044087815995
0.016035412565473958,0.028851517788852032,0.19758091402786343,3.0796428717296105
0.049883021040085,0.032174145230911395,0.15259369141471676,2.6978945920369903
0.008858591186363942,0.02791774412838679,0.17463763455392342,2.8167133728427505
-0.014911727185318021,0.042339638687030896,0.15842243008467194,2.8120282276323523
-0.015899978704028126,0.05265140330024187,0.12296448712299063,2.5142080850981987
0.061952711448869366,0.0788212761697513,0.12184497755881656,2.734092013362269
0.06746173520910703,0.03871911463014859,0.13924323925590404,2.8166715820397306
0.05842838124776076,0.037761252571878644,0.185425391129543,3.253892011064578
0.01953357536224377,0.0489492885042992,0.12618751785905938,2.833539189781579
0.014715808273009294,0.029026787740611078,0.12646990921061016,2.687576394047369
0.017058444800551954,0.017471368676208764,0.1588964695233524,2.8410674988628464
0.07937235914214706,0.024971763098117595,0.15884608816853363,2.9568028098445125
0.1253899335191908,0.08074426188953128,0.1627462106069749,3.1474553731702164
0.049538931050357594,0.02741460779094012,0.20644841180222595,3.363940737771959
0.038996020305118506,0.07375945241797902,0.26648991081218826,3.733797426033158
0.018795894258224238,0.06452466338563098,0.20249658963480963,3.176542482605399
-0.06631602554512024,0.08926614807071007,0.12363095683149403,2.7776931152765654
0.023778069155295734,0.059570268048832135,0.1338890723596913,2.7566750470296726
-0.019110404350411742,0.10632087183382546,0.12261657294254827,2.6596143729173307
0.0028512159809739573,0.09281168250595247,0.18577370261679346,3.100070538817455
-0.002050218955470829,0.1279040700467292,0.11844854120896216,2.988106954782022
0.0288091706732891,0.12331106542428875,0.16421645967614662,3.107501082952207
0.027248184675500303,0.047649823959892146,0.16485031530705035,2.800828458225545
0.03668370439740181,0.0625495187647006,0.2116609153372004,3.3365380421259223
-0.024438470641517836,0.06288138989458353,0.15103863782170243,2.9703259378440228
0.07255612913426962,0.1177550579397423,0.10034751985156438,2.921379862499985
0.0514230546821258,0.10260259038409339,0.1263326909990345,2.930091188614856
0.12993596575791608,0.13770054489689107,0.14814036535316114,3.4013544249675767
0.0996932485765076,0.06501625516622946,0.2155255576658154,3.4891379405036655
-0.01642416593524384,0.05413665200909953,0.16564038522665372,2.9701462337135993
-0.06803499824883147,0.11069637949174882,0.12259242516804814,2.816372366023015
-0.02170004275448001,0.10008839935897912,0.14339344284319705,2.817034627811583
0.04642081932981512,0.06321215920421827,0.17241375519275928,3.0117401998032687
0.02430099874339856,0.07159997116590922,0.1834795288367001,2.961426281731316
-0.04369069064038464,0.05273575701919879,0.23097816486079306,3.669462335983465
-0.046799659545690084,0.053169693232876986,0.2611402656880625,3.6788789868428804
-0.03316940302230764,0.15576536736257718,0.17731191965278725,3.3136640374274746
-0.13275438533013337,0.10258637948145524,0.20637283946859442,3.69136568000275
-0.08432367146550496,0.04592809342223962,0.18584116950913226,2.911761928663929
-0.00834825641622953,0.10936995948204199,0.1693443523358934,3.1053410081258925
0.0256532860476548,0.13494155287128543,0.08222831380959009,2.725367222396909
0.004786636950725962,0.13585122861941507,0.15825376787434534,3.084600122520458
0.027690109641159272,0.1392217758804385,0.15495396510668452,3.2559801976984626
-0.02936512919507097,0.0882108062042792,0.1627879348521462,3.078240106754197
0.013301809411099274,0.11604933372591632,0.12644758752546673,2.745305252862782
0.008890985748822643,0.15024041748430608,0.10614544747336585,2.8048321923349695
0.039688099818666125,0.11090355543964622,0.14413677738543582,2.8750146059849135
0.041956767338880714,0.05028396147107176,0.15550790509803059,2.8625214824080896
0.07507988947180726,0.05929695950777769,0.1978850864114864,3.3094230721897335
0.10539953878797018,0.06874506136150012,0.17905047514163436,3.203983553178399
0.07391631436756504,0.06188573388046267,0.16541315895357625,3.0309488806073865
0.04467603054202449,0.017767362897437855,0.1951305592037316,3.0734630297635057
0.001376399128883029,0.03748716273931838,0.1846131960328843,2.919269357180803
0.040021506144739684,0.022366362109935874,0.18561779446968377,2.9461364817564
0.0109185798506885,0.05173663961500598,0.16207049068615823,2.6316296754558954
-0.01563825516064062,0.002683859371291314,0.1897090262311352,3.001835263958893
-0.049115286968160095,0.014522400280901382,0.17407679167366413,2.987184286240593
-0.046613808760640474,0.041593555234696995,0.10259129462473131,2.467947162286067
0.02456773232708623,0.0527228851477863,0.11165851615434177,2.499242682367072
0.0319272754719449,0.06739748076193537,0.06963120899549281,2.2612513562880654
0.039479820299506245,0.06480854259516834,0.10290851004200441,2.480220810441456
-0.023354841644529587,0.04690389753651672,0.12049672585494321,2.4262689339913535
-0.03569744794004336,0.013602107215962111,0.1265355718416734,2.521045049980381
-0.07214060705247613,0.002995913484865573,0.105249515609265,2.5806750790384747
0.010902474033833353,0.042778172370013134,0.09060896096893614,2.29208545694661
-0.06500170154601848,0.03423797535385414,0.11902988932737969,2.4815856561058864
-0.03781706359564321,0.005337086057676452,0.13963886344737114,2.6537890939877644
-0.07296024743823303,0.0001932652595840402,0.10544622794717126,2.5083874618821995
-0.07232066403931303,0.001029690094808565,0.13411590469700743,2.651947640382391
-0.07572499407699816,0.01489763366354128,0.1994630813347199,3.2073479058580996
-0.06863980773561305,0.04553294316442312,0.1364289387459517,2.6504197508573535
-0.1028058673098591,0.06480848548641212,0.10475824594546834,2.86509769602881
-0.14650861945276092,0.03945483600875554,0.13456624020448874,3.0326057618138593
-0.08246529694567252,0.012420274343594946,0.13603381858837224,2.9019628328952707
-0.1335258462279772,0.038276577649186384,0.1037261296795528,2.8762835452215305
-0.1406330468588812,0.02287661504430481,0.08559101744195349,2.849976405409152
-0.1348832989588298,0.0704148232139954,0.1011420410162863,2.904771929196582
-0.04236700531524899,0.023142209665947124,0.12751173002531074,2.5879107267884214
-0.04492949771866679,0.03595120362699281,0.12370508640042481,2.5506141742797275
-0.06875846387992014,0.03645396135951785,0.16336423182937657,3.0452837407373026
-0.10372776433031138,0.04640483949858138,0.16055934418072845,3.0496939003996344
-0.06874300042730153,0.09579099969127511,0.10979975029418386,2.8110859500279823
-0.012204585212636229,0.04686974244488058,0.15807304827159174,2.8514091942914317
-0.022126741218329662,-0.010079861767934661,0.17516982701966305,2.872017047464692
-0.04632489127828127,0.029821388065233333,0.134881723676288,2.517396084641002
0.013336219243381272,0.05057296504424663,0.07525466061070074,2.2526788111809783
-0.01877136445665608,0.055640532630946385,0.07199365616354557,2.338525641228468
-0.04200809302871356,-0.00014295825468562954,0.12149870038653275,2.664732213616933
-0.05892885373069226,0.009845087872484008,0.196507329047218,3.1411182076494417
0.0007911256186358073,0.016932908714748503,0.12607210638738917,2.423490371480442
0.0290370561098147,0.01910521748694104,0.1041366213181488,2.305225115106076
-0.028401028213789235,0.01671143592828317,0.12405190105164152,2.6980934326237165
-0.010937956745167933,0.02240544815691155,0.1022839533876901,2.411389756310781
-0.06662473536110891,0.034520301072053124,0.09062632108143165,2.521322054206745
-0.043111457119410584,0.05297552109632061,0.11538757358479486,2.71827198955537
-0.04502379431555588,0.03326734372548067,0.14648839132763236,2.864803874602767
-0.12099878254214098,0.04143420827240177,0.15083911885011878,3.162876229645537
-0.09881937756355783,0.050059801667673945,0.1255536263495519,2.9955740829437136
-0.1084962242974611,0.028456821120547385,0.1321167696532591,2.8872099815594803
-0.1001379431182846,0.0044573759545765415,0.16286738718232802,3.0349365741724195
-0.0733069089482287,0.05594988474462479,0.12445619014655679,2.729956496577302
-0.07060062634852109,0.02937251409249527,0.09373027115942667,2.5236875733220008
-0.08102718312580687,0.01363063755595627,0.12236763563848721,2.6195998687456257
-0.008390305037265611,-0.003161552138749646,0.11605008673919116,2.4741483429927036
-0.10406182693779518,0.030240769908276007,0.09757828214094474,2.695873926430436
-0.10873850609339906,0.038992152028537064,0.0836942351456127,2.5666344664028884
-0.014706440433738959,0.08586093795720066,0.08751518551543876,2.5699324769151572
-0.09160720855083962,0.020283840753071592,0.12197174390775024,2.6641925437195435
-0.045027288222185824,0.05567084641966149,0.05312938835696533,2.2870040276999832
-0.06854377936474858,0.0670390594932093,0.07177546679809121,2.427449234020797
-0.06832567667223832,0.016879302189877144,0.1034803823363973,2.4485023555214647
-0.07398005988570801,0.025181035972094742,0.07854497746141927,2.5629894095690413
0.008780635785577213,0.03244650184633862,0.11371506928975486,2.454242386545094
-0.05661721104472376,0.005066596431657277,0.14429665857339824,2.947597135161406
-0.06905378254994562,0.050075416090497336,0.1372627455359229,2.837627651789528
-0.06838088219138674,0.04964741072840742,0.10334312766991219,2.576181863061556
-0.11410171644037764,0.03563715568935354,0.059960757959650834,2.551129390597539
-0.03433458395533452,0.05476382443488392,0.09046636899947665,2.4469986379660718
-0.057644352485320606,0.026894038915309837,0.11634083820669863,2.551121651251801
-0.038162229965341556,0.037308402479435725,0.16853950114341257,2.713308969582355
-0.04701405652751547,0.0579808090018618,0.11247868378073095,2.529019881737787
-0.09905809128391732,0.06473675652855548,0.11253954278688962,2.663122128644227
-0.08941514598741324,0.022389451703444523,0.1190660199875724,2.674424798247678
-0.10333326482092449,0.05771089986142322,0.1543787336770612,3.0116059638378827
-0.08949333044759138,0.07631649817048823,0.14048196625676282,3.0066823836632297
-0.10612792345819422,0.0322409542042755,0.18237995543076532,3.1682632748400024
-0.11249577939263784,-0.007279500730423384,0.18400866735615073,3.2976326166092336
-6.848459510898557e-05,0.0333051508796993,0.13722207097170835,2.6674485254232954
-0.04917942286469058,0.006989687616436336,0.15279188101306573,2.701091462925058
-0.11005852724212338,0.008821120338882882,0.1587915137838013,3.028841777090977
-0.0578218423438801,0.025090005080748354,0.08967071183860383,2.2511086456866845
-0.11357855613286903,0.015616517996533729,0.13199006303208585,2.7474664026730147
-0.08833740112600892,0.03474078736124929,0.07863777097421823,2.4775721979624974
-0.1331751503465035,0.03138690914830501,0.12349836857718308,2.708289705707577
-0.13688281762991766,0.05947404676470772,0.10999366588921466,2.826206468742745
-0.1206418066159723,0.03351204200225239,0.12519117134745436,2.8446579574253614
-0.1219022040129336,0.012627281818000224,0.14015344350299755,2.8910522809698667
-0.143254374595299,0.023734273974376628,0.12060883084420929,2.8524774079339745
-0.10653100427562746,0.023840532565405775,0.08715478261205703,2.3300859444739355
-0.08330727225481734,0.03491138899448035,0.13742091784711485,2.7821551621860734
-0.08148800121105512,0.06194108811000462,0.11186604042079755,2.579965978027362
-0.035688423300686944,0.0692177416363575,0.1758039462345684,2.9712302285591705
-0.09411294663092015,0.09108878314700881,0.14597936492000932,2.999245432667439
-0.06566314094402796,0.08438917146930525,0.1703557225991397,3.044560312313165
-0.027305207721662155,0.06840438249559969,0.15651969000370666,2.9665398523485633
-0.049622314895688434,0.045560805312590776,0.08048250767084884,2.33242628262473
-0.1200482182363906,0.010305877469165002,0.13527561362452412,3.109191055086358
-0.08818986405614403,0.05835109034773482,0.1565226214971216,2.997160800265021
-0.06418044540255685,-0.0038377961849794476,0.1611407348804113,2.9585312252323757
-0.10961306879206592,0.03564459345850084,0.14532375075026005,2.923563405007024
-0.07412956146497165,0.05322898152309335,0.09711577265378944,2.3906637396228545
-0.03819312424660477,0.04675053744244412,0.09487797554019471,2.457481170511991
-0.07785957744768086,0.05222962190213648,0.10915902588978656,2.659921049413522
-0.143449141006764,0.0557968031431714,0.14849610408722969,3.2571357522475832
-0.11587949093832513,0.07233753438028413,0.12113465523326791,2.907574046514833
-0.11247097419159431,0.02110463764095704,0.13226964386840973,2.7146238244940317
-0.08649608862019599,0.034474427507185705,0.15993859324929183,2.8358811253269653
-0.08028305092816165,0.026160636757731177,0.12282202139963441,2.730608403315348
-0.09985220790005725,0.029551906931672856,0.15561951168137372,2.983121717318722
-0.04030569910122561,0.025851832393112235,0.08516916996832906,2.425787019103629
-0.038590477883945956,0.03548277691244574,0.10933273488658672,2.651801242287555
-0.1003920711595371,0.04449348482819618,0.11026150294471801,2.63925026832878
-0.12887046133339405,0.0626309707980176,0.08972439437236002,2.547933085620705
-0.1687630962549366,0.05969975299891662,0.10574312408810882,3.009637485601408
-0.08993241885830729,0.06908987659849773,0.11317470980473175,2.674665486452702
-0.1304250315814857,0.04298680822483895,0.13288894013509708,3.0820340112234326
-0.1436667588235331,0.02846611331358698,0.15328398413719352,3.0396043104496946
-0.1629782839805326,0.021106350217444544,0.14843978723058637,3.122897301940486
-0.14743479997073253,0.03710449302073466,0.15944299606353463,3.151176114889905
-0.13201735777808601,0.07199369145272073,0.10424542771774706,2.883470928016355
-0.07708663248635486,0.05493155771807416,0.11197212459806148,2.539326133310514
-0.08677577201095579,0.022469147420030387,0.14945778977528848,2.9816032431458934
-0.1247945265393017,0.059440320641291074,0.09155697567219707,2.72926842589447
-0.06512204450836652,0.0304532135811091,0.08915868187218429,2.434939973521739
-0.07638356024639235,0.05561003832420358,0.09173954485886959,2.5866002482313872
-0.1166352032744597,0.03576315071868934,0.07190941995730668,2.6986507639835073
-0.1147449996683489,0.01569663915652495,0.11487535758039366,2.8203332365113805
-0.03567691111257006,0.033702740659010647,0.09113443255501262,2.4743834387124517
-0.0642105781199507,0.024234784552868666,0.1354367704377517,2.924301568156212
-0.07836360609630678,0.020306191793098376,0.11035823807277323,2.7308380103134087
-0.059130520958084715,0.021450720494287857,0.174951458047627,2.994594872860576
-0.04830171027012173,0.02596569062618451,0.08630262424461185,2.305774861775211
-0.15462624222211674,0.018273526869593184,0.12839036745570376,3.031489672483731
-0.12636397802491459,0.025766845313949984,0.13500821368450897,2.8523090802574003
-0.1042799504887658,0.02888969783870902,0.10859378586036157,2.6566153085525555
-0.026715126000109186,0.028438183610619554,0.11855199404855199,2.5492522490281213
-0.048351040595184996,0.022973996095669504,0.16970797644954094,2.988359886806012
-0.07998831724121946,0.05232978482065789,0.09599049927617892,2.705159922848789
-0.07171037555980676,0.01957110193639992,0.1231603030982592,2.6791206815801485
-0.07410836734223952,0.019682298864157635,0.12028274067607175,2.614979454093216
-0.04238074519432914,0.008199012533018465,0.10594315095308407,2.6221538102063766
-0.04333311231098648,-0.03656910708013759,0.18797649674619188,3.2416053339869264
-0.053038538349999394,-0.024684666954058496,0.1760280770593792,3.1676791671951556
-0.04018795525864022,0.02174444036217572,0.14509400018102128,2.91976249192367
-0.021254958383302176,0.01875555274117408,0.15730246872867892,2.9475125923905883
-0.008156953027611397,-0.021094477508494615,0.16149148284818265,2.921349579951441
-0.011304812718107928,0.001462847909990244,0.12964562416604392,2.5933456687834
-0.03619538330635384,-0.02061931324299884,0.1025207855970797,2.4060812585189946
-0.08890757651714735,0.013643160574722348,0.11436297207532074,2.6999008865173555
-0.08139423097662613,0.022538303053099392,0.056093409309154185,2.3086892494730624
-0.07242031535807425,0.03917043868510917,0.07498404803708243,2.43401857106245
-0.0013457456041716177,0.05820252576083125,0.06648915628401983,2.3302889812321337
-0.12785574526421886,0.07676288418790425,0.05281769855574212,2.7984333479585644
-0.11102002363072909,0.12083537807783742,0.06835330487779996,2.813923421720926
-0.1302676979687019,0.11028175717998484,0.06471342619841333,2.8471376899483634
-0.08367642339277545,0.09113023443989314,0.04843938088530647,2.553090008981585
-0.023475148134044437,0.0718045318334618,0.03803350514880212,2.175714824989156
-0.035363282635438205,0.05726139350365036,0.040508506087107474,2.4897533933170326
-0.07270695860137491,0.10558585319175338,0.06840435093117547,2.7472396215761696
-0.08239201482239206,0.060772549657783934,0.04223961705538422,2.397078195447558
-0.12196180770056983,0.06959159548118392,0.028570888404493545,2.614214267370026
-0.11840752487549032,0.10422344142176761,0.05074162462255993,2.904790429128717
-0.12770325304121072,0.01924698707901222,0.0869151469103619,2.8342669235637366
-0.13570439132531076,0.02501646344373045,0.09150939390728419,2.7791571486758295
-0.10020647194340516,0.06271112281616936,0.12336460675847732,2.909048799616006
-0.09320232813823066,0.043306999462294896,0.07711771492849721,2.6627126009272795
-0.10660666078644226,0.03205904909822517,0.11282745367202886,2.976933395765174
-0.03460827890679216,0.053986149061934885,0.12683955683272866,2.6342610092490655
-0.05854354484059765,0.027119982162537994,0.1476309528687958,3.0221308918111633
-0.0977075411562094,0.013155500647315108,0.17085559964425526,3.0930731899720594
-0.03754851501511117,0.01902159212603099,0.17241787848645038,3.121274894781402
-0.08714078147346695,0.009587939735365314,0.16650809508995726,3.1004327596100296
-0.1113462513406728,0.02084194658360271,0.17676121404542694,3.1609593777572504
-0.08692592174415402,0.012933335016666204,0.14906331215236035,2.9092725427335413
-0.08705419769032224,0.006050905255008547,0.14777177311470138,2.9179318398033582
-0.06505151568997522,0.006441187714461155,0.14430432725413772,2.8405178740882655
-0.07063027926348078,-0.01416818400228046,0.17075152548973366,3.0286025860361483
-0.047344235319217304,-0.014126792741871456,0.1297245263516376,2.816243876714261
-0.051828347329332995,0.03808635631646771,0.15503117317009735,3.074140599822167
-0.07203853285890151,0.018755608661681612,0.1745725374391744,3.2090432705075913
-0.06998681488665605,-0.03630939137248084,0.1614845564594055,3.0640614702156315
-0.0651482840849087,0.02831598006910915,0.08804260036888796,2.59596624517006
-0.034555527387609815,-0.0265739535521482,0.14784197198614468,2.8501151367757678
-0.06419843938103309,-0.03537297237815247,0.1465639981532736,2.921022306450517
-0.04724211392625954,-0.024969736636964477,0.15585715583735613,2.8673530602827046
-0.08177607099055999,-0.024934138152749027,0.11109898440937904,2.642918505463344
-0.07343931220891799,-0.019952216195570218,0.12305847072033477,2.738969719461786
-0.026873426640084387,0.05974232479534553,0.07598945690418338,2.448427168291103
-0.07235961291690113,-0.018020911077071655,0.09217737112399803,2.5667919821444514
-0.06657485743357248,0.029438058253362483,0.04624088320733133,2.2031296870435297
-0.12334723652659238,0.011242513896656151,0.0770078298578623,2.5782844542016363
-0.18220716956931682,0.0596996305988633,0.1276424844760496,3.2912071694459772
-0.16084701056396514,0.0482699431764642,0.11168798315268244,3.0538039797622014
-0.13852402554416024,0.023943261369481165,0.16378902771050322,3.3004898083895133
-0.09521578593440241,0.020431048267491612,0.07985083488760145,2.8951307253731406
-0.040960447590197666,0.010921282678703013,0.09871812020645085,2.563134220324009
-0.061429185816143185,0.013805435768458222,0.06463018633877765,2.4841716678046044
-0.08079449458527396,0.0063267485512005705,0.0744772293401638,2.583864048182979
-0.03756886919043838,0.031406246646399016,0.09049565804194394,2.5002350120328756
-0.017724566426222093,0.035151511646172445,0.1005192895284237,2.5944960914375734
-0.04866955849219416,-0.02328841084070452,0.07908285734294901,2.4524359151935653
-0.05439714659990774,0.0341738797589504,0.07332018810807771,2.350916446111006
-0.018145535332039196,-0.0017709715517643465,0.08883288779623184,2.314047397881075
-0.027137718450107543,0.011001657611434233,0.07176316058100228,2.4379779766176632
-0.08251450871597173,0.00647306218218484,0.09521760472392747,2.561292550279317
-0.0969824940735228,-0.009382991359218724,0.04855705342703294,2.3899513331915534
-0.12485208505266979,0.012449510579196563,0.06331064533122606,2.564973713353188
-0.14211395905584173,-0.01575722729906003,0.0992028849186054,2.850453922611235
-0.08745110391114627,0.037697084083949395,0.12080285849875841,2.5907110477424817
-0.0916149018220828,0.06570587742281411,0.06016265493100142,2.4874433460346697
-0.10987865946306571,0.07120128538638576,0.08716462106327569,2.9582061959917114
-0.10032362922232707,0.02556265780355609,0.1462378235344134,2.9829874259564653
-0.10236959346619724,0.01481724296688816,0.11719730519939763,2.748027464323558
-0.09487053207251896,0.01550188339879179,0.12519898469403773,2.7302707292222506
-0.10038852671912596,0.03552317019342747,0.11010646380718732,2.7517093777903074
-0.09829401899837725,0.0023584785837804942,0.16885754839750206,3.0690469148205475
-0.13595369656243908,0.01888919829981739,0.11533581071292102,2.8594758098314896
-0.05179148973071176,0.015102737553167241,0.07385296167418218,2.2350079882793317
-0.0705370078640115,-0.004008902916285098,0.0645126987126362,2.508779433683702
-0.11201539998322554,-0.004859280595845636,0.11050837562748089,2.638640110247443
-0.06536030587700786,-0.0032297897192934697,0.029449581075565324,2.1746004160568453
-0.10858430347932206,-0.0351394827644227,0.08539753657705344,2.4742384701176436
-0.14485993232840894,0.03359742778917056,0.0575258821818269,2.5858022300868333
-0.10783153941080816,0.012684126141109538,0.06177488483946255,2.4978827791685596
-0.09534472368183936,0.033184742530995924,0.08070619931518508,2.4765656555892486
-0.09966518968286177,0.017236150954881627,0.05507544471249606,2.3121344103453683
-0.10511411622950269,0.0009843536509098378,0.04020207642085969,2.2501190855318938
-0.1615991702978886,0.01269421358394487,0.05250041438101467,2.723538591893083
-0.08850322694566116,-0.020222841734359606,0.07970734289736578,2.359506554498085
-0.042996360490846305,0.0053950525494211796,0.04041821542089133,2.0871039435344017
-0.04947392946113994,-0.0024680103366388614,0.04793297317056242,2.065193551337626
-0.10058571565824159,-0.03268776117351048,0.039289304092262424,2.164290194727533
-0.08567678724701194,-0.02450091736712845,0.034330626554057615,2.153599423476584
-0.107391647664979,-0.007860353354203724,0.02918641378057186,2.2241218899390995
-0.061036106420537604,0.009155662950274708,0.03447963809173019,2.0742147712253343
-0.1053132308581852,0.04824146623606009,0.03712817140219953,2.2851614834187455
-0.10963918759376824,0.05689681127224439,-0.02215811687932686,2.2579628569249777
-0.13539295175533655,0.03081389474133573,0.0008655785891730038,2.3257460943827932
-0.11665854937888091,0.05213298666719259,0.002992268659150823,2.288057424607131
-0.10013603991329123,0.010065213398401539,-0.0007752409910441384,2.312299530789988
-0.05874146091220159,0.00875741468858417,0.01718932326745485,2.1547290948570734
-0.06844070824161765,0.03315001175161206,0.00505979489208327,2.2648542979237907
-0.13238139992937775,0.05533009943601145,-0.015350611450416536,2.425672560822287
-0.07661759934306045,0.04854458979687947,0.022337126613725937,2.3139175258803033
-0.025308498520102987,0.09050430468231935,-0.018569284644614128,2.339517718061361
-0.07489988482507806,0.09025899438747045,-0.019120927519719697,2.282602393534703
-0.08644782843763334,0.0758619400071785,-0.001831955860939416,2.3142518553806237
-0.12119032166800296,0.06008043313151415,0.058032431289785406,2.632646403719908
-0.13050524807785538,0.05127637516939751,0.017206244740347914,2.622106397256885
-0.0865050182001022,0.052337100102803374,0.009434920020546533,2.3704904380016
-0.08967255740947008,0.053905054878511195,0.013283087220567435,2.3631603064049305
-0.05229777360441121,0.05314398123730776,0.020864323181865194,2.278365565740273
-0.07094838998981223,0.008992827445228517,0.025006433551183288,2.307831327274476
-0.05684642624573146,0.02701060443774063,0.034796883776618645,2.106695890495472
-0.07809615990570166,0.0279423763138949,0.07201012569593361,2.2976424179281407
-0.03410244554112331,0.04951241098281652,0.09194652118494637,2.209130460889102
-0.045533533431390515,-0.014169385757253473,0.09654585667364206,2.410849036116622
0.0005456177229267866,-0.009928735756659908,0.0979988304785038,2.2710245546969885
0.02053193372228394,0.009639504771232205,0.10229671350610776,2.2707105042285263
-0.03987973478615771,0.05419729133396705,0.05524164104794029,2.151444835093971
-0.011258046494910174,-0.002379735701191835,0.10580204698728343,2.305853940183353
-0.02933528448258188,-0.011557131805810968,0.09831997018823414,2.248186420595757
-0.0704189068358332,0.048899743658446564,0.05683634879370141,2.252755914301788
-0.05664937680535888,0.03834548259182695,0.1060299612557538,2.4051902680300907
-0.056358823723188754,0.027222874714817245,0.08233639773878204,2.3356873318107194
-0.11506046166208217,0.06374158225768799,0.06996759897506903,2.4346269802625273
-0.09220849047282073,0.029960274574069322,0.06552589949661274,2.356032409567799
-0.10420990935243772,0.019445486800408213,0.08967606491967783,2.3645336588650387
-0.07775233842108518,0.009996217374218108,0.04894000177298331,2.1378999363224276
-0.07920072932914778,0.001049355687188407,0.049786101831141565,2.2484191649657355
-0.09398598259601888,-0.005759865853822465,0.054526589729416854,2.328220387408452
-0.0627999888819852,0.012623032185230714,0.054882584301254804,2.1693616715709028
-0.07519816342313004,0.0067468029727357735,0.06883890926569668,2.2321572689833813
-0.01756598469358573,-0.01435391997536076,0.051358826474457435,2.2484622720331924
-0.0940884517643575,0.03044809782104665,0.08088794160187292,2.591139533140927
-0.10097163215832816,0.038020727942409314,0.10425901436227744,2.771932134317212
-0.09797767637136202,0.0003541606512542485,0.1003958628709294,2.776615592761818
-0.06501745177607716,0.02137853335642789,0.11451426820364935,2.7000818628921768
-0.019695192067185164,0.05021726871169413,0.0471825432913843,2.1628051875456973
-0.049231151799181735,0.03595001108957055,0.07624400673425208,2.392954505255003
-0.10548372908375316,0.036401753680376916,0.06311855532782763,2.5211722260735914
-0.10429078110478424,0.011729892277352053,0.14033697223945596,2.9178191915569296
-0.05723454197482835,-0.028446293036724465,0.09572542169470323,2.46779842912906
-0.006538450242390283,-0.001812593314263609,0.0703387484262755,2.2637877270535816
-0.08819874985130857,0.041215960336784534,0.025678927522514113,2.307248735684709
-0.12534797600339853,0.07655049984049202,0.01743938994943737,2.571067924536239
-0.10646143220469557,0.026853856640623328,0.045953610012088204,2.3970204592648954
-0.0796455179656246,-0.017383625943418034,0.07570480306729976,2.398421501235975
-0.03765376033707361,0.03179868276249351,0.019720456479427988,2.144016930192054
-0.04255937519905543,0.06509993384126003,0.0066039339108643616,2.079086042597181
-0.0724096745318622,0.030110863711392752,0.051849294640597524,2.236826535259253
-0.014126829085031435,0.027689994369832122,0.06140835914113457,2.115496006260566
0.0121649757061938,0.030156282051072375,0.044980628972405595,1.989037755477138
-0.05540593508803323,0.010593162293516471,0.016060053682319934,1.9933579257266558
-0.08393462783968252,0.056193826858582444,0.040773310526048774,2.193253390262623
-0.05751479113723887,0.06776938816649686,0.03023281311861206,2.043759517923606
-0.049178101957781745,0.03631032540945467,0.04597796620657744,2.1292461339538873
-0.060050186091753,0.036787362571680554,0.07788629794298674,2.272410181466151
-0.06449428393001325,0.0613684442084391,0.05717656505728296,2.20924640645578
-0.04846336260509529,0.025512285451459123,0.04670746355242694,2.0879799664742755
-0.03416849067041008,0.07678873626614713,0.013384986504616014,2.0589466871298807
-0.0593554433797877,0.04639843324996178,0.07238540843126207,2.248489872819777
-0.033843644917737725,0.050510542648230246,0.07749649870742364,2.1373701190327443
-0.022301683477483333,0.08886734086462718,0.03490698182427985,2.1691937915980786
-0.06715976550819831,0.043016249031286806,0.04600170795792152,2.1580211785306584
-0.10785006303449529,0.06034055675536277,0.10872704618137731,2.5990784471943966
-0.16108921902594603,0.019757066440410285,0.12347480338427086,3.0110085471468735
-0.12278228988681583,-0.014602104909777541,0.14532267665560708,3.035308213252978
-0.08834631719663912,0.015299292866063435,0.08658890948234009,2.4829175396476004
-0.09661156432420259,0.05343585757614999,0.06220119312969668,2.544302874103256
-0.059650594640288476,0.023656956010931443,0.13969048996533803,2.786186948244583
-0.06531947635669214,0.04392202712366413,0.0644629105247211,2.3277591402403885
-0.028092076362185237,0.0335951910732419,0.10322586342196215,2.489381936555695
-0.11890717248500696,-0.001282125466641652,0.13038656940232313,2.894910828452777
-0.10171737032417554,-0.017510344140938428,0.12608300270515901,2.8197420506088027
-0.09278889849411912,-0.007419138064426368,0.11249831090808791,2.6027877680968645
-0.06719542014934432,0.016835696977849538,0.08690480268801343,2.3850573852228316
-0.05444335069933918,0.02444190421305006,0.10145279432826533,2.399055805242204
-0.0856885893852643,0.02268935571902981,0.09612317996347097,2.5318689333299282
-0.04008635081938024,-0.02776105103963451,0.11099139068107705,2.5435697675942643
-0.05494867835079237,0.0014465539055392718,0.08986838221367406,2.449438660870105
-0.08243491926316632,0.030991476019799916,0.11490560347609467,2.7401425320112844
-0.05450752013662491,0.05252372968191785,0.09386707321463073,2.4923253967244356
-0.10629972285393773,0.04866518686748346,0.09832105172425276,2.656485050069006
-0.060398010770724146,0.03836048455179561,0.1109569661607692,2.569059542443503
-0.09486275613204456,0.02790274078267094,0.1179408183838625,2.558996742571681
-0.09636504525849199,0.022634094725558083,0.08762656841657127,2.424921045520423
-0.06637561013357819,0.020306007254389028,0.11370987817319161,2.3818844976792652
-0.046485883616801754,0.01182620594893073,0.07522361970312574,2.3040449992895438
-0.0383043313350433,0.05265880275316764,0.044769207546191736,2.276101994947203
-0.030890252270595595,0.0013839374805311947,0.07687954256032226,2.187053671533657
-0.048778101051875744,0.01856775314040667,0.07495787268738638,2.2062252801360622
-0.06064473912445079,0.027831059411295274,0.056792488006790216,2.1891116658401164
-0.05692437695201288,0.07446850465747264,0.08507520324790066,2.361263714055952
-0.05786292310551246,0.015491100717833802,0.0760521879159094,2.300778665547608
-0.019249026933607877,-0.00812882979553942,0.12408455629723046,2.460404440596452
-0.04817014092808464,-0.006522307293293551,0.082663553800511,2.269724091556233
-0.010604680784019757,0.008851464690715814,0.09649961770582519,2.172663303971841
-0.03883354463257947,0.030716438726666198,0.07663580127248854,2.1625131404524893
-0.035314496292742796,-0.0008646476605135824,0.032088929939154014,2.0563047775772056
-0.02267064900918397,0.02150076119665202,0.09764192143062565,2.311675633832313
0.022776675083572895,0.005136865450409821,0.0779470030981792,2.128139103698287
-0.030674011042453823,0.004862838663662777,0.0726620754068796,2.1777195449477986
-0.07074302665687639,0.04191335363599062,0.11904467190074347,2.611116119399353
-0.10602741554064758,0.02428803981100479,0.07347920373516423,2.4386218973938423
-0.12618043956443276,0.012396749802314219,0.08587135463249966,2.6504331461300654
-0.05827117980318362,0.0362709976792784,0.032392422828811024,2.2385876227913357
-0.07463555180421566,0.004013685294562609,0.07774410098866884,2.3675657217447816
-0.06055378188218229,0.03414547271006216,0.07436795647063642,2.376333081070929
-0.09232345572411005,0.04940316129891979,0.02670594051066406,2.1402977607141445
-0.08180895682545826,0.04488282072210556,0.058112718920920695,2.2935514775513175
-0.11389503542033487,0.023799647219784822,0.09839049407090716,2.5916778998852474
-0.12005252169539413,0.03135766042460151,0.07125450601558711,2.5494060318023384
-0.10278380804781147,0.015323865709510585,0.055824360870240855,2.299763680162352
-0.1050994111808642,0.01427229356816995,0.043770976568231534,2.451653292185233
-0.04704746774523518,0.06095648662546242,0.04295122016706376,2.298781500180998
-0.06692322334992674,0.07390066337619641,0.06492410304009323,2.429784663491818
-0.07587270831195686,0.04168381417441217,0.005678179130627237,2.094395364534906
-0.04839503237998158,0.06386099299365429,-0.005052508178099698,2.0320027878968876
-0.07919084511222055,0.020499642468639605,0.03067419529397791,2.050403744187595
-0.06996804627611074,-0.0003591160368598062,0.07218605746938893,2.165368628065097
-0.19237572759551302,0.0342872743391725,0.05726600187687122,2.9547524063084367
-0.17926494190184644,0.03288053162130768,0.060346058713693626,2.880774746624145
-0.1342493069156975,-0.018906304011137083,0.09571846810130816,2.7459446971377863
-0.07879928541227094,0.019130656930837302,0.05199256097850168,2.4592127479224204
-0.04541155530733375,0.024064983436965854,0.09695319428564773,2.4609792096273604
-0.10299653471557674,0.007287475026553584,0.10347068509196296,2.670696585372565
-0.07020497968075508,0.038250548264374275,0.16635202087039266,2.823333506180983
-0.0635248401839062,0.0014073414336455599,0.1500100271321536,2.8932539251885734
-0.07898223479391542,0.051815414966286236,0.12272381571163274,2.7149057960038845
-0.09313221666150517,0.028910396373723505,0.15372726949108695,2.8262172648426254
-0.05344478336656674,0.03344230816466097,0.13437886174837135,2.7413459075640527
-0.07895476030896799,0.010747926746569556,0.13986357310639497,2.805981585045466
-0.11637457192178971,0.04001155287839797,0.11685779008721256,2.8328064368051393
-0.11305029196854696,0.07590131320931601,0.09282408924631368,2.672432883566475
-0.14401405730689806,0.04050525128051163,0.07666066588878075,2.6256644975878287
-0.08366479839686537,0.04529092148391617,0.06547219127756632,2.4481557668540854
-0.1139271595398774,0.026200268574808994,0.06882323639860552,2.513805530352151
-0.0916757768266008,0.06086963490565902,0.09212561387109236,2.4822832034158404
-0.04786778752328526,0.05263526231573075,0.07018507089518648,2.2167670434236566
-0.07020534814037123,0.06158875756554543,0.08976335799762906,2.461559463694463
-0.06947727556294313,0.05250404941614115,0.08263874814369367,2.3835342030600524
-0.0735520904872539,0.10546153432900851,0.033159212010925886,2.3023109501938928
-0.05041830674236447,0.088274268473297,-0.011736284694767314,2.065705276714073
-0.05485370903368255,0.05499828595731427,0.02005042593366359,2.0752407247682867
-0.1363114240513224,0.048715540602119176,0.11947085317969433,2.824189769221424
-0.11542815134293771,0.0705007252548371,0.060547648658412404,2.4487503110170965
-0.06766535146648517,0.06057665985769356,0.05769896708849517,2.3304922038024007
-0.06218925728024469,0.06727511668027747,0.054426256496989185,2.2887255672267672
-0.07250591733685649,0.07189734074529461,0.04231439859115894,2.393442581528336
-0.06615030522349011,0.07849866466713738,0.07173953615703557,2.48616679114454
-0.1406765308395877,0.06523645368741726,0.10403661634310503,2.8236239996535977
-0.09838240500209426,0.0582253974632454,0.09698857077475978,2.7021459481758896
-0.03544649051317116,0.06081614848328202,0.1211170565809919,2.69333726729734
-0.07798004301514883,0.014286946043350578,0.06416494630533737,2.415416337915217
-0.1372474268053743,0.014761651016785875,0.12969718696599827,2.8632399908132933
-0.0638324883915864,0.08097871219239648,0.11202914836669034,2.765010958272359
-0.09887975310515765,0.0442516019509941,0.11998665144869572,2.686196769371585
-0.07990208410376223,0.017023522483950726,0.09701488188854068,2.725310396530352
-0.0778941150614597,0.013226236615605546,0.14996095484888722,2.9147022603355524
-0.08987984471405153,0.015270809647048508,0.13170163954345623,2.9199460777334725
-0.07471303498787776,0.03089261272469594,0.11019181583376228,2.723445567235677
-0.10979515107689354,0.0009589817893051226,0.1732008999450746,3.15521091033592
-0.08532372214761097,0.013818223262653846,0.14428079246077938,2.8556458648074345
-0.06829792964917544,0.029909326334874673,0.142937123663386,2.7959560370841543
-0.030462266204110112,0.004197275762130034,0.13924894466466423,2.5894556802101345
-0.07630872318606416,-0.014893706073777383,0.2079503598162072,3.265715757003948
-0.04777367984267209,-0.04537607058566177,0.1732220517288229,3.127587127963857
-0.030061372745644008,-0.04888475069528992,0.14595592468731397,2.9103036897615167
-0.06608170504361244,0.04004427264617459,0.05889646880268425,2.2323953932934937
-0.08691310656138865,0.060151908783587595,0.07024425266573818,2.4794614003521733
-0.10329462263155896,-0.0027376218482442903,0.1316772862839709,2.711549200800494
-0.0853022342652825,0.023541215275413405,0.10897788704206508,2.5550440809321486
-0.08970991604329553,0.026467151436010874,0.06731404005740027,2.417888966087001
-0.06988817406777216,0.007787954313588667,0.11993927399056532,2.6789163077181333
-0.06251279474443729,0.07473358407278091,0.08135729800288476,2.4521767978782596
-0.06304465113572823,0.03249603915366294,0.09994805809244273,2.573894200341863
-0.029772491462350698,-0.007385839804831236,0.12749523037632682,2.684103661103187
-0.07706307146208166,0.0022089164385388706,0.09970612822594373,2.568508244235555
-0.08841172440313615,-0.024906818949562332,0.13292868640883845,2.8414979704642462
-0.08969306726868659,0.02384519602133608,0.11949319341682214,2.779895356337187
-0.04037092306934095,-0.004236029033062527,0.10732240210657379,2.615202176167467
-0.07973463509050814,0.04680266030221664,0.1026910495719388,2.7527422904500396
-0.10086876760386866,0.060682886091476144,0.10971971734946623,2.9311079255585413
-0.0464292513076431,0.0003505088148995755,0.08134089536332399,2.209558043747388
-0.03139499249203289,0.02631706478780541,0.06937790559489687,2.2571681305960354
-0.037534783269779215,0.0460382729841419,0.10333310547723193,2.5058368580486405
-0.0738091081718842,0.056752135819060745,0.10869020093728841,2.6262982233149645
-0.09253301242507504,0.05068458732734704,0.09320333959637754,2.5799982468049003
-0.06896650361069671,0.032940646856948315,0.14127649793998506,2.7245049475397893
-0.07842519318794945,0.003750844896256847,0.11679259112327714,2.465714212279746
-0.023600484110662106,0.009067172508988555,0.06988856568353301,2.1689792381066093
0.00460231027321431,0.02519091885208265,0.14400125928211946,2.5830749430345197
-0.07947526883891821,0.024980279336063112,0.0832854639010714,2.5461825492649046
-0.021888117185256007,0.07132910539182764,0.09363529308466503,2.51973786800312
-0.055744129873227494,0.0649788409721367,0.08345665676101795,2.488546003979815
-0.012317521526908263,0.039294648823265096,0.0799570341515757,2.3395527670912175
-0.08381869471022269,0.048390595840563065,0.07812912373806752,2.4943716918007848
-0.135996224099175,0.03938043391407387,0.11610449534589472,3.027146184123003
-0.10383531693676146,0.04687068003338215,0.08345576329446261,2.7121260986255824
-0.05255037974378532,0.02773989657727941,0.0896886781580033,2.55412274612918
-0.07853272896838659,0.043010358465572,0.1109773847380422,2.6145732000638517
-0.11153546273297534,0.0014715219596349075,0.1076616828932885,2.6933101915174875
-0.09970844619508934,0.01175132692135286,0.12871520685808485,2.7495977968519925
-0.09892550342923946,0.018822493848591724,0.12133088985776423,2.883290265191941
-0.10162214742374759,0.03141942726935495,0.10664897340621064,2.652526500171112
-0.14236280326414114,0.00045113670917211826,0.1604244758617816,3.0656380415448967
-0.09899637621957275,0.01820332917704637,0.1315878220644686,2.8646809325051805
-0.07827182770407974,0.07656376459826342,0.08560917711043246,2.5619509536788043
-0.05422944903775218,0.008606065169870171,0.0916729051987693,2.4198561248558974
-0.02736613640049732,0.02492079036093332,0.035617828853586705,2.074084335897394
-0.04733129681167705,0.030761844020238207,0.10734936943255186,2.5176515449904993
-0.10034996192998044,-0.009462385752493037,0.09054554729288566,2.5499627101281246
-0.11036812981234048,0.01881923466868388,0.11888234923174099,2.8704484812773794
-0.10061360077672483,-0.007736248879756932,0.13228055249778353,2.789552249407762
-0.1074205570446052,0.0536554891675638,0.12099203867522595,2.9209807691495437
-0.029312965199959476,0.04575578812582438,0.12599041957918306,2.6692847784549802
-0.06973223642801485,0.04943788153174703,0.10536761818783685,2.7413128902897017
-0.11811361515897437,0.06446449843711037,0.07315847631744532,2.810289926309799
-0.04453610369567527,0.03549792789229771,0.09776730278767054,2.5961604538369834
-0.06258490234593743,0.025901617146556522,0.1320477278528852,2.7599793549769904
-0.07964730615011087,0.015417805288437315,0.11585321906391617,2.801705105764968
-0.08440751944546278,0.023976162205444955,0.134097629020446,2.7717246656850607
-0.07629776156071404,0.05970620483097193,0.11717573342270486,2.6508282946055153
-0.05259352257062747,0.0063770920225549406,0.1187834777623378,2.63193391534969
-0.03681942430426899,0.016144800090697152,0.09950055263942792,2.4717408837199084
-0.03710744744250949,0.02976582417859358,0.13413298116328995,2.868934411223499
-0.06710412502210601,0.0020862043480446672,0.14380590467709342,2.8703103625150965
-0.030736298941297847,0.004301549877305901,0.09603966103353909,2.3275973919939794
-0.09259659165406647,-0.04475458959326987,0.1034619687175753,2.7451404192405513
-0.1432552913019694,0.021761235407937035,0.1156535842542476,2.9464076838900115
-0.10432974589692177,0.08759062960887865,0.11650881756367455,2.8675906315816753
-0.06437254930769937,0.017268604124014,0.1082193645476502,2.550703158706415
-0.0954230934703049,0.03390591941877556,0.07800223584589737,2.5528323800635606
-0.0784775151031387,-0.0010435576709896816,0.08260559239170606,2.4901396293270817
-0.08135242034419782,0.004141182894053013,0.08021127317300282,2.25592125451923
-0.03444382659264988,-0.04261615144369711,0.12686102901693241,2.5082936681256083
-0.04882073372064955,0.002589369654663513,0.13206647214540693,2.4491844124037296
0.010995223149169446,0.003326310689389436,0.1157817776797433,2.44184942300328
0.021761612456475943,0.010746603430849381,0.10135638565098179,2.4255180314560834
-0.06243070218283752,0.03163829172678425,0.0742203415428807,2.370288068496224
-0.04741577779235017,0.03462313876612128,0.07510364932802695,2.2857866668348756
-0.051012548661561075,0.047288069167212,0.1029128247736928,2.496470464320735
-0.033146752198591874,0.019551514646703076,0.1064837855551751,2.4014379640170964
-0.06791718058829306,0.00863247207393815,0.10100964720901795,2.4136178748332036
-0.056754774767712686,0.027044254509138575,0.09161997639855216,2.4926064280511753
-0.09208539493715226,0.03241379394893154,0.09322100020650685,2.7342298829086094
-0.012807741440166668,0.00585431536754537,0.14776603790641107,2.7031501652562606
-0.031503573979268035,-0.020223835693956874,0.11776597979270893,2.648469408298945
-0.05459894069319857,0.005190677405053287,0.06440077814924969,2.293410515290332
-0.033144759699920034,0.03697811088412148,0.0787597427520302,2.3388098363221013
-0.05925277466105632,0.01361881194360817,0.10176282960839021,2.5018219194194544
-0.09343188968145602,0.023534276100956774,0.10839820580542704,2.729340207897202
-0.1266155006804156,0.03753304983649086,0.09959271229196691,2.8131539459299795
-0.08055220080677798,0.04742699636486985,0.071164987110013,2.431563698945756
-0.03819426696621403,0.02657312572359327,0.09251439027086018,2.682847846890364
-0.06044464715341235,0.0012193628522888644,0.13002892788172707,2.8142123844414457
-0.07170938675319344,0.01259709865025918,0.13289760437201364,2.9722653992670605
-0.04908160227101308,-0.030613782463494898,0.09185818883299773,2.5574110073346907
-0.06909660880689551,-0.01380722225413458,0.1239911356568407,2.888005688855583
-0.11206541937346755,-0.013045330243203977,0.14103571627929753,2.9797411253893813
-0.03382541983552307,-0.0013898600057841274,0.08880497480229076,2.503206203912984
-0.05282577227632889,-0.03355896816711833,0.09179731005212986,2.6936261983083525
-0.04185721410473479,0.03608291233578478,0.06025832817951602,2.4317529527319532
-0.0010686130146918076,0.00018343093788692708,0.08092157783900754,2.2523290126154127
-0.028394657099000704,0.022333032340507635,0.1480710605686668,2.705750552248905
-0.0780155335323708,0.06279771024553443,0.13605044215170842,3.0533320221813374
-0.0818026929406692,0.048220247767583914,0.10716953469465247,2.5456910389464267
-0.07349683605635562,0.0028618631878169947,0.10339659267671229,2.520947965995943
-0.041204300221749084,0.031828141336146254,0.0972895216315768,2.48250037320506
-0.01986530614110789,0.05745481255859941,0.06838474865437177,2.255008671026474
-0.08575514267264135,0.10368418388696275,0.03593389638848005,2.4315131580041838
0.0005150396445341284,0.04077195268015674,0.06919951397691004,2.21939060171034
-0.024288053221079593,0.04519385447066246,0.10132611043607251,2.6194972382931887
-0.031695607506399257,0.03897907901830281,0.12117936774012433,2.5099577606901304
-0.008794169669763654,0.06906284734311871,0.07229170340363375,2.553210477527703
-0.031511667067381434,0.04324183529528701,0.1291726309541602,2.701690574403008
-0.04672756148359703,0.03897551348129376,0.10832561824928541,2.5543366211440217
-0.026656665876625515,0.06384186778168167,0.04953265491102197,2.2237031933921396
-0.04212375271251866,0.06343811081356023,0.06695718906574902,2.276556630480472
-0.012115680432400643,0.022106996033096925,0.06800979314832419,2.1546258062144283
-0.04517658422056059,0.018786767628365987,0.08574205181473141,2.4176618544510085
-0.07188257976448746,-0.005973824561160868,0.12441183578728952,2.737402902207453
-0.07804339246036159,0.019023296138538953,0.14038700561969272,2.876014441064991
-0.0897751379091218,-0.004570054003883126,0.153731777958502,2.9546851448348264
-0.07836369978680494,0.04816387228130507,0.1344530325566602,2.8601621126763326
-0.058382162267587974,0.05342567231706141,0.10819216773215087,2.628231309613307
-0.08282721074417593,0.016475642894016304,0.1068526734149442,2.4296017935705487
-0.021403265922840052,0.054093857295487525,0.10511843298354175,2.5310932929118914
-0.052664588792361564,0.05825740364617463,0.07399736157958156,2.5846206600350308
-0.050824081791960476,0.05472791885075093,0.06037254346222199,2.3469415243263545
-0.010619450609274743,0.0702533248112905,0.023748792973987423,2.167024410865027
-0.04260042877180519,0.06719268508813235,0.056281145490355976,2.2520350120701926
-0.012819387375264018,0.047140717732515484,0.09218618347373611,2.4166812621439258
-0.05909468595543037,0.05042268568087613,0.046759959936781455,2.424063494946923
-0.056744693938195735,0.041046734503186126,0.036367479533569336,2.3214560058413003
-0.06508828623815154,0.06000874562124884,0.05777706781466957,2.6341831994414786
-0.05209951185575295,0.035271899372946953,0.0784722524334251,2.280521315280842
-0.04981665750272355,0.019317465934542075,0.08309117987200727,2.3396953603189883
-0.02926748794817111,0.03213726830388871,0.0805065048280758,2.3743960784547844
-0.0666733600648717,0.009310775869716648,0.1327537643486776,2.755153999948553
0.0010314834486778027,0.0013817836086086812,0.10542674525390554,2.4872040260109625
-0.019960573299595046,0.030512300534696467,0.057233120223160995,2.3075852384883384
-0.052440178835948745,0.007524065051351489,0.1212900509460084,2.6712424268005495
-0.10396402863569014,0.028955562601951337,0.13707405610759077,2.7995250343900957
-0.04664901760391824,0.01741766442617247,0.09987996145441826,2.430268416042392
0.007817445677352486,0.023763645771884064,0.09259899588623922,2.519170332552526
-0.05588432156957029,0.021849751491597114,0.11730165637406606,2.5873297395580814
-0.03923238735706946,0.036674495548834764,0.08727016854908828,2.618279701057821
-0.02703323392224253,0.011798356860175994,0.11126273528414324,2.547533616674132
-0.020838779237311065,0.047447934181706834,0.1271986295263419,2.768178900847255
-0.041228419283793734,0.06666706280111487,0.11013727639015024,2.6653015110811062
-0.056834131404920815,0.03556270373737759,0.18463693737313835,3.1066912644507507
-0.048141596489111406,0.005455790433229488,0.1563913296997726,2.9546396549394798
-0.020118880710183074,0.03930004715545854,0.17547646785511728,2.8700906726053597
-0.03662995397030052,0.02591046293563592,0.132263630363478,2.7613968355157383
-0.051280112151894666,-0.0075820319166905355,0.11628106873032674,2.785811216222578
-0.061957948055463355,0.04073971861587813,0.09532331523805336,2.5282621862777197
-0.05003015125373732,-0.030723763011816275,0.09390010804456642,2.4822704660029222
-0.11173388716119032,0.019167950286604146,0.0773387440356413,2.469824457052162
-0.10444141156505496,0.04021195074713818,0.06424005191428277,2.4828454187666003
-0.07929100606550527,0.03666981787305436,0.08017337446595228,2.4568743360579153
-0.06143894623013591,0.014680584771585537,0.08716904023240754,2.4783356928608473
-0.026514772244488612,0.03875179081284357,0.06337774001036982,2.3294163911692203
-0.029163766808400667,0.02064284112038506,0.11601394143867955,2.705765217001824
-0.031501199439072425,0.017859429431358154,0.12296112372607709,2.815255084269588
-0.06812514281710151,0.045239311222142115,0.06240401913123663,2.502445272705434
-0.06491596377155127,0.057975830445858564,0.10543209263306802,2.6332457118157535
-0.08997691441202332,0.010206243408466582,0.08983054086629717,2.4835767584266697
-0.1132345882180971,0.06260212501109767,0.05176267325511388,2.7251975350380344
-0.0582413791117954,0.006406395383424939,0.10151985572015271,2.753651567565328
-0.09043200385067167,0.037549881073348314,0.08763069127999047,2.562911924486547
-0.05213310565473581,0.012049909768241366,0.088939418053456,2.4798869656049174
-0.06439670981294125,0.0404674601934199,0.16093261786786686,2.9519052437507427
-0.07668559732441989,0.020564660922216406,0.15962868140693415,2.915202583947243
-0.06877511892868096,0.042385391867067884,0.08566988479840368,2.721085880845833
-0.057690791814526805,0.02981121980126236,0.13254419797209896,2.8467329223605895
-0.054265341709775455,0.02037414198884842,0.10629218683496817,2.6341718369845744
-0.026873374713103932,0.01214556309977098,0.0872773595957906,2.5127871247538613
-0.04638843288984494,0.005963465796663593,0.10629430327693609,2.572175403276888
-0.023000349957966862,0.0003437230684422644,0.12220853130562719,2.7372077073324435
-0.04799827522215672,0.03617887187494291,0.12330175453455328,2.7031999939741276
-0.0635860916021257,0.003202415393297245,0.15049669201294458,2.9310314177725183
-0.027111705447926886,0.034094127160703126,0.11591986834607813,2.6150065716471023
-0.07914435890350142,0.02625602123148571,0.11357248149340764,2.8085246090249525
-0.07684372726825645,-0.02757459072410849,0.13610046304423096,2.997494248599207
-0.05508827664510069,0.012443639598277996,0.11371234099791992,2.6252376186914517
-0.039528554883764416,0.01046027576505589,0.1277280318944978,2.7702740211653505
-0.009741591743689059,-0.008982853074817613,0.10562306000175135,2.6043556156328727
-0.0461317598705184,0.012665368843623128,0.1184402304810847,2.574395116056708
-0.07096867529746159,0.00437474885590919,0.14637829822462908,3.008869059033614
-0.06962557076658374,0.032644298036798934,0.1027957434814915,2.677439091374935
-0.0063798776392794895,0.0115120739470925,0.13399567041048283,2.661552221481537
-0.09897873237231312,-0.013620630619754015,0.11701051469810407,2.757040392683157
-0.10320826985692712,0.03147345431595122,0.08846938640749781,2.558899258479368
-0.09688668425652301,0.019051422426478937,0.08760799695015792,2.586712396079721
-0.07751420789048376,-0.00712368757602845,0.08371809245260244,2.475982561020931
-0.13480008525026743,0.009352101359960858,0.1193511637483354,2.9751050739429177
-0.114745466530775,0.00868437692392423,0.15382790405181804,3.0711529779070945
-0.11422115627454499,0.0008223834522544389,0.12077951795294878,2.762159104757896
-0.09689184379812521,0.010880567571220526,0.08956565886830813,2.5379064954859936
-0.07796683081902903,-0.00612352740444556,0.1026453144357025,2.6640555785367614
0.007785214325153673,-0.05996463948769146,0.09743773461600674,2.762751772440264
-0.053597521652809496,-0.00658818037950046,0.10488888648380232,2.566971681611563
-0.045012697429358886,0.023204294844174893,0.10244876009823217,2.4645258226140605
-0.09450118492058296,0.03240507239585974,0.11541993908970415,2.85644908327236
-0.08252011635999157,-0.031677779510420674,0.12994534377315506,2.8656929635341886
-0.029416060641130636,0.01823432863361676,0.11682618549062941,2.637115880204876
-0.02696679055126786,-0.024310765577697922,0.14332002863075902,3.0149677394645824
-0.011903716792523774,-0.014860026737376669,0.14570152654719729,2.829078526580701
-0.06954179538738935,0.03250638561820998,0.12700855625845617,2.708696361748374
-0.0515385936591189,0.018599314686682668,0.11623837318263758,2.7350073700331734
-0.14149012263141067,0.039859047863854705,0.12402747507267514,3.154020334162118
-0.14967276460135878,0.049816894162847285,0.09847656748939407,3.0968327030013967
-0.12520559143241614,0.06440866154311305,0.1037243046164823,2.927828072363366
-0.05797082513780495,0.03503642326334258,0.12592755770697645,2.808026560748638
-0.11780344598181568,-0.008706236231311646,0.12332578263854915,2.9798507439017206
-0.13395947383932919,-0.022836868387715797,0.13345845963515338,3.1356259428107838
-0.1240120247247412,0.008278537420337692,0.08331391697332415,2.8660415338421883
-0.14710534288081606,-0.010849998495668556,0.05756666093809945,2.59139226522924
-0.11013702111675719,-0.01446750135243345,0.1013057203980653,2.7082964718581155
-0.1031460306471507,-0.0010811167313340363,0.07811807671075296,2.635698419072122
-0.11813853617003245,-0.022240059081151876,0.13063791505348474,2.825889751518034
-0.11510209759615192,-0.0010007687123002335,0.11339943119665555,2.739360392023038
-0.12241808771257083,0.011773588587122276,0.09482298587514068,2.6513509678870526
-0.08637810908692836,0.002269342415190931,0.10863322706377035,2.532712154090344
-0.08048996132086068,0.004552499506234626,0.12344290630904314,2.6366239261514206
-0.10527999981490525,0.013519179019039415,0.08299573150145845,2.4849913779762947
-0.09376555977764744,0.00903190278732048,0.10557967025683482,2.4751536919356374
-0.16571813614192632,-0.004398551426252389,0.1272519480771634,3.018535566732818
-0.15016994992351373,0.0025100139814349465,0.0952780112500235,2.9433239873743813
-0.09128026664680826,0.000642061039153449,0.12150009593510498,2.7954012022171253
-0.17203104977494127,-0.013038742137183383,0.07776503049827042,3.106370086262001
-0.1879817697101123,-0.020076651095302062,0.0809219785767903,3.2553972937516136
-0.1174165934747864,-0.006200551467994383,0.05843209210460668,2.740537160460997
-0.15279182960351084,0.013428573066506811,0.11794654258808393,3.183206579177782
-0.11153060588597583,-0.033818624438400786,0.12487866255617283,3.218361404795886
-0.08839128992506093,-0.03248194597292862,0.11453652916135662,2.791002224946993
-0.12682948875895345,-0.00828555872418108,0.07735542569511529,2.796313658777426
-0.04832171770227916,-0.016244614826158337,0.08571416990611086,2.5938763095224178
-0.07965954113825797,0.011825321045370443,0.08366558014089547,2.6358350219558555
-0.07415143483093967,0.013521767168779827,0.08624102248465329,2.7714130224271263
-0.04312044802343845,-0.046394682602477776,0.06331940995133704,2.5557133902522415
-0.03189309036561826,-0.048310750350364376,0.09259045359755706,2.7662570663019355
-0.005472057920590919,-0.0020588997854394993,0.06161523687850197,2.403220122145483
0.02397825030114025,-0.0541930954409021,0.0930254366971875,2.681076720425188
0.020577722495881374,-0.06084358875597466,0.11640344820166763,2.844532294662677
-0.04786451162762482,-0.08870659675984323,0.0876381526840238,2.9255591368809295
-0.03990778222581332,-0.03121235566457458,0.0599167299155693,2.524609685380392
-0.02923067352187596,-0.018516915120664376,0.07283558815848333,2.6240930632650743
-0.04967548489496241,-0.04296939590890075,0.03804420933122712,2.562329707296384
-0.02710957884945971,-0.0013960313013356832,0.04797544249241876,2.3571536130231876
-0.08497956205670762,-0.009081123060960018,0.02890829797760849,2.558472046900491
-0.12249725175444612,0.008203452379397784,0.03150199786170581,2.608214184727373
-0.06482323748023977,0.004944201004429341,0.020442698976208554,2.291156326118892
-0.09625444680305745,0.0038853153082557966,0.04413212276454736,2.5222298426288714
-0.1051609903652185,-0.04513320377530168,0.005875335965077199,2.743892119412075
-0.10159553457961236,-0.043385629152438966,0.027986866092967903,2.6574667403411767
-0.11315957887981047,-0.035334562184361304,-0.012887063585400179,2.5589861572710184
-0.10659685951624512,0.00969400658951287,-0.015569239116135315,2.3986441653949218
-0.0623734558256613,-0.008735060377685842,-0.03936495260468552,2.1470558032505487
-0.05141263956274627,-0.011486211317877016,-0.01806756437184483,2.17996213940996
-0.07028359011021278,0.00902417040879531,-0.042117449559619546,2.230946325505515
-0.13347409412784655,-0.0026312618285002365,0.013488676725512906,2.426051739828649
-0.09791153869313893,-0.006267651007822261,0.005776831815993568,2.2160926053972996
-0.12657553783369982,0.01662875998417524,0.0005919696873881404,2.5057512966749496
-0.11272656842853446,-0.014056102327497856,-0.012312164503115333,2.446180221988173
-0.14554011958952873,0.013310686443717107,-0.015813726431559354,2.520136415880877
-0.19265378994520058,0.0342015618708463,0.02129248778283575,2.9041623200755007
-0.17871887279234855,0.037758937317544296,0.03483405196808406,2.8881751606255697
-0.11391833114162164,0.023734711982423426,0.0042064687544485,2.318124477240939
-0.1056343085481746,-0.00767182849775923,0.04671113935467452,2.52200917055948
-0.15289580504486236,0.024647551423586087,0.01252713781287528,2.669963143294745
-0.12464461471622273,0.03777826713567469,0.019910157829883923,2.475916610947314
-0.2038246287831569,0.038989266614764456,0.0722461727492307,3.1330173395808654
-0.13550939708260065,-0.019153775899035986,0.06245230543938882,2.7111377909399246
-0.09111855997342116,-0.03301644637506536,0.063762737138798,2.550030071218167
-0.07816383440583002,-0.020664666062531888,0.046310831341985784,2.4963214376050193
-0.07582945868933678,0.0018114701068581726,0.034331369291809966,2.367427762943399
-0.05663389749856709,-0.004420743267862651,0.03218118825123559,2.1757292254995875
-0.06917429182311804,-0.0017890212814262996,0.05734846455626777,2.389117181000303
-0.08567404108051976,-0.0020699764801852976,0.0805153912765456,2.5349165040379837
-0.12423909453914846,0.056280188672611184,0.062172190231816256,2.5002574701321056
-0.08610857108476742,-0.02288415891280294,0.09939486263084092,2.5674737486807238
-0.09617083843348248,-0.003558081561585749,0.09772826035746546,2.680123451848733
-0.03140810458165253,-0.029799998836180994,0.05696569537498535,2.3912883957117805
-0.1146161242576879,-0.069751749646435,0.08338727758420211,2.849326761703839
-0.10642618818765083,-0.07932792372003641,0.13576229916862792,3.4241334156552674
-0.05380191386873996,-0.00707585435043046,0.08259523454212461,2.536407154265874
-0.041415261285294,0.03203938611063519,0.06052038159497163,2.396418726259195
-0.013690386929830219,-0.07286112570888958,0.11773317173138066,2.8360859425270832
-0.043574958382384135,-0.05493181259109746,0.15720739343519427,2.9955720371919727
-0.04074688580775906,-0.05907836848619256,0.18344290113376654,3.060127563668165
-0.031483032496633194,-0.051329484041574065,0.15896731865389138,2.9787963448216837
0.01045288130869591,-0.02641350188234119,0.1336889751599501,2.627560372467718
-0.00469124237130652,-0.026664808830057105,0.14740259338883602,2.9706354230685585
-0.08888728164721035,-0.03557064845173624,0.13613011923531698,2.7349924802374685
-0.060280650781841465,-0.013005416021239552,0.13224363521358498,2.7834651986108168
-0.06869606773748191,0.017194530306128247,0.09030870654638049,2.4041078769805617
-0.0408863639006282,-0.017512712488692267,0.08312521257436274,2.4421698813651744
-0.03448773201581826,-0.0163838468240294,0.12831479708087212,2.7257521448957798
-0.08347246351722985,0.004580156462455723,0.055004440342508586,2.5779327706748867
-0.12184861432750276,-0.0020484594178797845,0.14495545244284552,2.970076881261092
-0.04925894114143142,-0.006600314042398598,0.0727683452173768,2.3024808140654778
-0.04735042155654394,0.02412415342303494,0.07319793607002731,2.2934522288164056
-0.037727891839985477,-0.0030719043993873343,0.04743759383832734,2.3522719282883147
-0.030340553797794323,0.038464444224070596,0.08711293499635003,2.3827614869602143
-0.05409365457345899,0.019831466236749577,0.039278052939365204,2.2465796022331146
-0.046680767768043405,0.004213366093599844,0.036568155070912885,2.2013617347912957
-0.025590890911111795,0.05555318946910383,0.016171247920542125,2.0777558447494195
-0.07656032007417124,0.041635846684299954,0.024471731735129995,2.285279529082837
-0.05249052599210578,-0.007613016614296242,0.035610907716127856,2.299054127930121
-0.08454306363488127,-0.03153301463876216,0.0673072165511809,2.5831152271155404
-0.11936424873050085,-0.01234920854591369,0.054089342127728306,2.565432172677125
-0.07725583143817923,0.015131289278818405,0.05535020228275157,2.4835596196807725
-0.060501158772194696,-0.013855555124189364,0.0679110949076998,2.513549231716067
-0.025293090627456483,-0.03806172865368613,0.0450872387513452,2.490593151068293
-0.045262804040611344,-0.040389865506173094,0.04883823937492302,2.4542024235650444
-0.03330631254180951,-0.007181141085780206,0.024635146202858213,2.2435706717093473
-0.042986445914031085,-0.013315259637484764,0.02862813926393851,2.2580004848090387
-0.02921291507475092,0.005134723735531486,0.01194160339384152,2.077315027094669
-0.0076502695416521965,-0.027245693258049587,0.08299265170464613,2.622431288335623
-0.032496695445944496,-0.04552170552555291,0.06516986942260847,2.476395874007886
-0.015556344234715951,-0.06470429484124891,0.10823335948027381,2.5881666414577373
0.03839182496536119,-0.0068239901215684335,0.07680737245854315,2.3893658432247102
0.0650901909785439,-0.03897927779590146,0.05877907946941573,2.4343377920368363
0.018483783225786556,-0.07801173933493902,0.11217498105507027,2.9657573588095376
0.04660551153840199,-0.03490376510221018,0.1238369517054959,2.833246395955088
0.008926525708526924,-0.029392618887141887,0.08957709292834551,2.4180314787130257
-0.00837888404091744,-0.0021957690928757164,0.05770864992101236,2.2566228036829385
-0.039571718264881706,-0.003980138639217045,0.13001727185070946,2.62060477341077
0.022221175296292653,-0.006237167891041049,0.16889986143589414,2.9116859665126005
-0.0346346589263462,0.0006741582169796881,0.09597933446383208,2.5763934467872724
-0.01395722360521798,-0.021948350506522697,0.1272034003746733,2.791434278060109
-0.0075847915427405994,-0.005925765824330333,0.12811580573798775,2.611078403344172
0.01663073169803593,-0.008737397960162202,0.13185285165463087,2.748754522342007
-0.0033050178305794966,-0.0434171670603843,0.16994267485455297,3.073459644200713
-0.016648684147576094,-0.04754482460911855,0.15776442058906073,2.9710559236716194
-0.003377224995004695,0.007916755459464313,0.09228103493657665,2.508884955418869
0.00817782421213714,0.00425410588785352,0.11031096578873341,2.506585508722269
-0.022043574152095197,-0.011713972241096863,0.11996146666884087,2.589768108225728
-0.0551298217802658,-0.015203420310261322,0.04842174698565775,2.459619004018629
-0.03346810561114644,-0.016541746896402733,0.08063930285457084,2.320687893238089
-0.020325782489977202,-0.03900796053816955,0.07959504475401,2.4656420796623544
-0.04890700690968069,-0.019838603654324605,0.07235329949438538,2.548725413848247
-0.013131708825820347,-0.015027121571541903,0.14233272780406525,2.852762687678398
-0.006867515939942577,-0.025847229717961617,0.11613739614235559,2.7165682244165543
-0.010060488673060454,-0.03639644498794673,0.10845778785879985,2.713588422464983
-0.020250540278469578,-0.06710220130820166,0.11302115390656166,3.0093348676238088
0.004279894765489619,-0.07880755662240446,0.12629330702373948,2.9360074843333144
0.030287671521159534,-0.05705678395197643,0.1855925327942174,3.208870522623437
-0.013304436235940555,-0.04838504403663466,0.14793115815351343,3.2071453273219417
0.03469667314163798,-0.04974085955788678,0.1250435841757065,2.8039836477981144
0.02391408189610251,-0.03696712184627985,0.09924273079265837,2.779715776064645
-0.012996933267556628,-0.056844312301757655,0.09365428347127762,2.6868219974676264
-0.023413691699376443,-0.024128842973653856,0.08301398989534993,2.6491594925843174
-0.013462894226890496,-0.04481204620454731,0.08870149286093947,2.7437494334584653
0.0519145868867807,-0.05893054601855065,0.10709810418497363,2.9074435255172335
0.0030300432798855284,-0.05314268111584452,0.10234274700492148,2.86453218659999
-0.070791434028873,-0.013471779583461652,0.06477528297149755,2.7859230359108382
-0.08336820722071606,0.02302884739855131,0.07131164768862007,2.7724651229921076
-0.05774795782948754,-0.044638234058249016,0.08567786118029617,2.7593504433381106
0.04847848975446326,-0.03654655432613115,0.11258358949799556,2.713098367291025
-0.013363763935853649,-0.053099154459946264,0.07279339304846974,2.6177209133215773
-0.0006509966314787276,-0.05036215173946915,0.07320438906331035,2.602106762068734
-0.029974695215456388,-0.0560871151038037,0.06725221402343938,2.5742953995718842
-0.0430083364326923,-0.06900814583126223,0.07209263700856064,2.658600413693177
-0.03544954728555131,-0.05811381343535463,0.0672990459912625,2.6247547550429866
0.008222721985677235,-0.03193991754674334,0.06456980540440017,2.42161749126731
-0.011099421519254572,-0.025622809789875925,0.07405798078941156,2.5887389037789243
0.017286999957459387,-0.0044490103605000575,0.035127603561563206,2.4027988506879403
-0.06551704442777873,-0.01557939697341513,-0.002272903726753837,2.1993490814741916
-0.06045406564423458,-0.010978111450060486,0.02559200918840519,2.2433194052954533
-0.039713589315587446,-0.0018439680280312887,0.01383014877659271,2.175709138479172
-0.0904589240173332,-0.0017292172941361505,0.03537964363834338,2.4431711551015174
-0.05538324207181217,0.002901023369320562,0.03642418179761548,2.328735831623517
-0.07202475743636207,-0.004825605860217919,0.03941850642552102,2.4379772485472126
-0.07373183364456155,-0.048554953030431745,0.07107261467744476,2.6677419847545982
-0.10336620898925734,-0.033761636307918744,0.07952696795180772,2.7607389631450383
-0.040404775496368325,-0.0018323542992647176,0.09952884366355483,2.5466598191596277
-0.06777865450502374,-0.010845245519628234,0.11018765873474401,2.6956932355739496
-0.07534008117685591,-0.023206999551843067,0.09665536667895433,2.6657250558750736
-0.07988247811389335,-0.06220389750611107,0.06719469241074726,2.6507572740052265
-0.083740816655308,0.005806054317793586,0.12652533096749052,2.695489349393134
-0.0725784819614781,0.010797056973158628,0.06426787347043968,2.3457201675954065
-0.08545907914713483,0.016368407690349862,0.07999963291780836,2.425939488651324
-0.105850512664835,-0.03448680770763704,0.09537063863781625,2.696445192155069
-0.06540574738055277,-0.03424531878688718,0.11119130145723907,2.6770959156273455
-0.09960990386937671,-0.03522676749062932,0.0887600623481442,2.5900379333815695
-0.05468880942747926,0.00035319312424327194,0.04867559820317421,2.1507255226730195
-0.10076168558274065,-0.03446192769160145,0.05526057315550627,2.638730367152811
-0.09281041418877777,-0.006015773927582559,0.11162469113758186,2.8341953512601537
-0.05833095293077855,0.010724351044384864,0.07487921664280396,2.6315616764014567
-0.04756933912759172,0.002676497829662902,0.07968928033610263,2.4371629031514512
-0.015469096872089205,-0.0339422041327563,0.10690706246485954,2.6545918786606526
-0.055572754535721074,-0.009977503910610834,0.12364342142250628,2.7085512192490087
-0.15595355779871004,-0.034475653686577123,0.155035277955498,3.1885775651734316
-0.13317526680745376,0.021971573902978034,0.09879194444225362,2.665976193790318
-0.09701322871244221,-0.022050526979272962,0.14790876749249116,2.835825712269204
-0.053758708861797885,0.02486078744467033,0.07774765444976707,2.5390441700469646
-0.03176129747935701,-0.029735169602817562,0.08876277082688312,2.3751296503188684
-0.0693906759129207,-0.03924528589100373,0.1111141036938122,2.562871960457134
-0.05300200245349321,-0.024411129913204644,0.12450082336092683,2.6788829461744044
-0.08607107968187645,-0.04527784426827303,0.06280576445885797,2.622987710664699
-0.06991042089728162,0.009461518729792227,0.05822687382637561,2.3827183202545203
-0.11463511803409338,0.036208149433845975,0.07319952469763884,2.6248371469839338
-0.07935870697990505,0.021807365967605644,0.05805190707724194,2.4868567536175124
-0.1360470376124564,0.00509383842855809,0.049616813474214545,2.7159864369752436
-0.11767786208944683,-0.014592840128761778,0.04495635582538382,2.6680388215069955
-0.05765980897155071,-0.03248723879495946,0.07231610676818713,2.4856428742806824
-0.08966603490469104,-0.038788247944163794,0.0785554005797849,2.690081613130321
-0.12671002612280852,-0.030208907053793223,0.07942577453615705,2.856099330750449
-0.0971433009543196,0.008544658016000527,0.07396116952922589,2.5577764895777726
-0.10106485933315,-0.010146002256537655,0.04411947155801138,2.4538026113772755
-0.09872641603537821,-0.0023924133861943663,0.051660361646487005,2.563233309664404
-0.07072889228770937,-0.05269994835082948,0.08102434222457872,2.549031640643739
-0.09136691709364154,0.01045972307716766,0.056934095462328846,2.5941672176002335
-0.07516801672891044,-0.025441988285203238,0.09560935302449343,2.4765165069074073
-0.004927253790486733,-0.04773628018918253,0.16596468037435516,2.993074430034248
-0.08091809802311017,-0.047152046862008495,0.11789669488791724,2.8568571180769045
-0.07589690499658819,-0.02474772421872257,0.12876886543071772,2.803207793188312
-0.01633673661095728,-0.015542372886514817,0.16426185848721284,2.9113074269927663
-0.07330892901280597,-0.010648135109465367,0.08020738969874126,2.514738373061875
-0.03995564764123081,-0.053534033758073404,0.07772828626086682,2.366174906335164
-0.0532462914523749,-0.009332941331479244,0.08059426496770965,2.394570080876326
-0.07354223082956612,-0.03813853876836339,0.06865308642020951,2.3717563487370366
-0.11308496310866675,0.035071219717307436,0.031885284963113644,2.4019766771087503
-0.17351718066209643,0.002844034429393753,0.0791741251865146,2.8291421749325805
-0.08648505500936454,-0.01619591499056606,0.08558841919504143,2.5473696400053942
-0.062363733237234424,-0.018925813146043895,0.11424684733028932,2.7337917583076488
-0.06656277812015851,0.009657788735343257,0.08281466917660615,2.5680968961423845
-0.007171450396707447,-0.02121577477157417,0.08261216754522892,2.347777345420546
-0.019767678415424362,-0.04661196468594544,0.10433201667595333,2.5091131582788417
-0.005534308688345145,-0.059501210802226416,0.1674125041146636,2.8331117934580066
-0.054034974302218965,-0.05494590289976406,0.09124395292538708,2.539596738758201
-0.08988183157820057,-0.036590520010156884,0.11323356164579236,2.6408930117906895
-0.11748437518905533,-0.058746615538140104,0.07260354483514378,2.66213261616588
-0.08559502535072297,-0.09098848144073043,0.12894403451400804,2.9878914443909252
-0.019840915140617567,-0.08389017719860913,0.175252634005414,3.164313303462213
-0.05779133199726735,-0.07296129284455714,0.1844627304588289,3.2455112964884454
-8.492389896535975e-05,-0.06430748012371941,0.15430406572486366,3.07136268090056
-0.005359089884016987,-0.058234871338667754,0.14982397928805954,3.0263929538298218
-0.04336733221947588,-0.08124294251421196,0.1661247612004324,3.204152149126928
0.010865948920666575,-0.05351805514888237,0.114027372906542,2.9186654469293822
0.015096991058769878,-0.04224227583242656,0.17348028113759492,3.1320804237458795
-0.05420196303240021,-0.049618988513954215,0.1360625553579886,3.0290119963781215
0.003963084336687118,0.007529063549225546,0.1586148752526002,2.801259772903031
-0.009277845248343138,-0.04417905786398616,0.13422562137281493,2.993414045774483
0.003943170355442562,-0.05601486977452978,0.13227410009526996,2.868923655280584
-0.04679559738965973,-0.033130652319057076,0.0825923921135841,2.5632103293980144
-0.05687698483421578,-0.006608378208021234,0.12073669441803458,2.7756523364367265
-0.07243431274848695,-0.02376422566343009,0.08207963979142704,2.77420887208857
-0.04613147979644997,0.012697020285210317,0.08859640430500425,2.490895062715442
-0.08604057683114683,-0.008431967063527984,0.1441371767285305,3.067706678723562
-0.11280789229066979,0.0031264720071807733,0.14743315267060958,3.130922243923393
-0.08507944299950546,-0.010977857690381928,0.11826974316970466,2.9049864217154058
-0.06198762723531214,-0.002628824496302907,0.1217749994186928,2.7968178736171034
-0.1290480937376612,-0.02709223974614991,0.14667264721662107,3.286412698946409
-0.03290860643192642,-0.0037081459701189174,0.11411170702489742,2.611084799013884
-0.025705983687648228,-0.0019773163736122677,0.07786489692509027,2.441886748068475
-0.013071631559086678,-0.0067561504023799,0.0959282915164142,2.692750728950388
-0.0411628304926172,-0.04184766774660035,0.105241696013266,2.714505306602065
0.006070303839087419,-0.0643443653123049,0.12137569872818096,2.8715375471898117
-0.0046279288073336295,-0.06870968064457102,0.15552608631581805,2.9206560290274197
0.008296815488693878,0.004574687299038111,0.11383654210567684,2.8243989499647135
-0.003287757567576525,-0.020711872217971796,0.08257080648943253,2.56045692756793
-0.02639202753723446,-0.004348015128106835,0.12318020994397712,2.7308735712823733
-0.030902727330940283,-0.05488077787449215,0.15976671280193935,3.092999530882009
-0.05350426159887188,-0.018452991454532573,0.16243222154269354,2.975077953708868
-0.018912685068194577,-0.034947745307296406,0.16001419459205324,2.888611378886677
-0.050062145606426446,-0.008705387306159896,0.09575021484556717,2.430101478093807
-0.11808563845905923,0.011875770385266674,0.07846515632768851,2.6666306618741618
-0.11567548330297078,0.030232168441876962,0.07146618331427006,2.5730897569790394
-0.1261204569341516,0.0041862331844724834,0.12396413149055074,2.8368892360259346
-0.08542964405083762,-0.015448268089329184,0.08936313000879069,2.4865440512938313
-0.06460475415667981,0.017730447925911844,0.08535786298461519,2.6389649323773816
-0.011622671117217471,0.06352973783926395,0.10793306412820698,2.6455687420414544
0.00826868288205399,0.05663944737891724,0.03881304302160534,2.2194439036175564
-0.0006207675112261966,0.020972165024398966,0.08345725877817128,2.2875275119532743
0.040994712975029136,0.008027861106104917,0.08454696191766702,2.267663652906141
-0.04118621240017634,0.026103450906713007,0.04717284566119334,2.373209059615806
-0.041425405271233603,0.03036150108196015,0.061442099374900645,2.423972777302413
-0.03967163885116036,0.010562232872280303,0.07523496772151993,2.624351985756031
-0.07609090401705934,-0.01074919589440103,0.1520605877685505,3.051225235250185
-0.04011315119893002,-0.016989149086724456,0.14221576628950988,3.0034465464627105
-0.02667026229844681,-0.01175451103775932,0.12188029497357866,2.732851435648135
0.013309648839870368,-0.01779153396911339,0.10330335959150518,2.6582856908125456
-0.033288308317250215,-0.067044299246627,0.08322941970132372,2.6846506009859135
-0.08261353491700134,-0.051335565526442174,0.08503321968332556,2.6602492084799043
-0.031432353571852666,-0.0017087839320224993,0.07762666908531406,2.3154264480530555
0.015455745175700284,-0.03442277158556293,0.0778758722387858,2.2590881077319587
-0.0290084460021136,0.06436392166735559,0.05078160819376596,2.3185152118698116
-0.07631929106921445,0.07081739567649598,0.03256061794482214,2.2547672333908877
-0.061254906787190415,0.048110571216256344,-0.016426221559025775,2.0911174482178847
-0.05898409933071728,0.02936926238728113,0.029526202525360815,2.0827381837397008
-0.06764885054108725,0.020560494092626024,0.05801410181072607,2.231320917333947
-0.08989242997431873,0.04615285118170463,0.032187617588124356,2.3220737690359123
-0.07237808703774923,0.05718963971441127,0.03049305793630592,2.2140863321287854
-0.13754948108104734,0.01953175760006624,0.04569216972105912,2.6967553174093886
-0.14236238813831187,0.06649698131012079,0.03668818784223789,2.713595109456534
-0.13241023603430033,0.019053500166996893,0.04149460951072429,2.4573332686466878
-0.07673198304523249,0.040737896151899614,0.026011232916997955,2.252236538629216
-0.08238123153945716,0.06543758224252738,0.04030682699541436,2.3098488617684914
-0.0964708893007306,0.02058723736988732,0.06969741810915125,2.3908673354684487
-0.0691122252337704,0.039920947924511015,0.03722884282188922,2.362766762432331
-0.0896690690379038,0.028644772938411146,0.07653595347326914,2.5674559296101545
0.010550557123502259,0.019215181798395067,-0.00030560306498664773,2.223852775628864
-0.03462002879067399,0.031044232927063375,0.057171024158067574,2.397224675629252
-0.053287502893501495,0.03572296198021504,0.08517409429571235,2.642698537588101
-0.048184897943511926,0.04758973441112715,0.03570976947666805,2.372530142743071
-0.09541223242594095,0.021714510608354838,0.058090561558000214,2.5480578259470934
-0.09505500704957281,0.04901605485176308,0.07232390540808212,2.483207225971418
-0.04712434620608,0.06925716659685263,0.07168958997315161,2.499479740450075
-0.040489560442120584,-0.011752265716218424,0.07507850145954496,2.4340830817219903
-0.04106356925112252,-0.001567563559309017,0.07217382000770421,2.5992517299611744
-0.0102435754654767,0.017973115697407265,0.09372174585344219,2.642914327113796
0.023981217607866548,-0.021737664776044743,0.12207158280598437,2.732043011674354
0.0019322671696792354,-0.05565471134519915,0.14354311153664026,2.912884127942471
-0.01766985581709573,-0.04981501989117847,0.1203279566582267,2.8580161586940966
0.036897568101155506,-0.07454333927125226,0.07487769063611972,2.6608800980769893
-0.03397253772484554,-0.03646935094926875,0.09209633349414367,2.6438146004033958
0.00011556993537845082,-0.06539420852959564,0.12643249172489943,3.085692731284337
-0.043055114955682476,-0.007100454362624719,0.08598064828450733,2.5875711533828123
0.005513233300138763,-0.03144974749944804,0.08173628844982087,2.497686505042161
-0.014296356808605205,0.001951044683382518,0.11649662234015527,2.7464591458677723
-0.040810496282585026,-0.019654490388579752,0.15157371392602614,2.8962969121828914
-0.02992526572184836,-0.03810772398603889,0.17230801065095544,2.995787239547568
-0.03425503088771377,-0.05658937639330887,0.20001619624824224,3.3893644817176285
-0.0587587944575255,-0.010752593347247173,0.12874542186170407,2.9800459144019333
-0.1362340174086558,-0.029410626643458785,0.06461240382070126,2.787094385910555
-0.08328682330284759,-0.06213002675688904,0.08249782391438634,2.850814627005531
-0.08975368862209347,-0.05974630551445241,0.1072227926165208,3.0750199429428977
-0.11706368285603891,-0.05107173738515648,0.06979566579203357,2.8482606304717955
-0.10258263024576093,-0.04408705543404664,0.0756696918942544,2.702998943316028
-0.12132769927561024,-0.07043897965557844,0.03327348452752618,2.729292984594419
-0.08215919555158371,-0.04702145034205054,0.0996203392723941,2.628962371336083
-0.048589315189209066,-0.08335104197145325,0.10456479768177984,2.7082547891792945
-0.05786456378160546,-0.09207513384758695,0.06278540220271493,2.586985481966909
-0.0852393976577114,-0.062316779302898584,0.07000454349331565,2.631930715465546
-0.12780259377245956,-0.03601866580378619,0.04273918938870482,2.693814710926034
-0.048148715032374736,0.009621988614724937,0.044446160707804376,2.186480934457019
-0.03628280554947401,-0.020461426426353395,0.05387356336443104,2.3291599243229757
-0.004908012345534503,0.011996461027039758,0.0639468757719596,2.353619827687278
-0.03538325746287648,0.018353257538968867,0.0959260916667354,2.5251068621012043
-0.022013452750042874,0.013763178924795881,0.09685941970410601,2.4164992543230377
-0.03265154861216171,-0.0071433139976934575,0.1072474764704118,2.5357317702059925
-0.09829839923433456,-0.011518734256617915,0.09069826581595318,2.536864905279266
-0.0830611454225016,-0.0221828149355994,0.14153261480926294,2.9937883614776655
-0.10615479518014628,-0.05128639573677804,0.12617756416584727,2.9903616939985738
-0.1346936765806606,-0.04460848736162088,0.1779872198334809,3.404542541935057
-0.14083124899266208,0.00431419407443342,0.14890277852155967,3.156827291502964
-0.11846866260565851,0.019865733765967484,0.11929721568284173,2.88395697622539
-0.10536322431069312,0.015804322129092496,0.10633036904832133,2.7160685621662712
-0.08078712167794885,0.007561496329344373,0.09541968504852101,2.552120863737524
-0.10384205587429808,0.012810877260954171,0.12609004865026763,2.92530340797811
-0.06622232141929656,0.020432743874933344,0.08272545624747413,2.5214508968064457
-0.1163130533703163,0.024226251576541995,0.1183632004313517,2.7482571864872596
-0.0797533593056993,0.02453314544580679,0.06429534706147612,2.3863567759896047
-0.08012335234767079,0.031073849145127907,0.00037286460028664156,2.1361123168094207
-0.07468260960897175,0.029793573976410838,0.051587538273951225,2.2136315174817462
-0.07710568435961998,0.02800633466169031,0.03351986049961681,2.2049013527460826
-0.14110588603459592,0.05300220175281713,-0.0022163019388335087,2.4237601890453284
-0.09573958648803461,0.03104402477708052,0.024711491412120645,2.32708805323641
-0.0700312145594934,0.03863755910167277,0.025115600859497184,2.1390435751728507
-0.042893564040971735,0.027119992453604073,0.035092117320464244,2.39639094918955
-0.03467460627126295,-0.001417451038351897,0.04209672763082505,2.229798669890276
-0.05018539740070064,-0.006360509639866036,0.0598118499849862,2.355231966035781
-0.006834451255523308,0.00740895297073586,0.06670785907416847,2.39682919410714
-0.04477469029970852,-0.022692660617941448,0.04630156701832379,2.2843525619488307
-0.04167492219844687,0.007951388176663934,0.07122489509840357,2.3261185809349745
-0.0057619689631761145,0.04143379517074731,0.0536754206227186,2.106572610379166
-0.006762045354654313,0.0007210403013803746,0.0919661178725643,2.338674265557405
-0.05624339631716858,-0.005375426039554285,0.06470446357321971,2.351721325752202
-0.12489147574272542,-0.04557049903020446,0.16045178991894704,3.145777696057697
-0.011964501404729945,0.03667752658307636,0.0967389820854664,2.266696676935193
-0.049803769045444896,0.024341294156320647,0.06790057936544937,2.1230235030043416
-0.05697344430437087,0.01592621651858107,0.06739021991984899,2.212966468280463
-0.042376002148781046,0.011486212249410684,0.05180414288245907,2.160461171384872
-0.09280157680543405,0.01164919257490524,0.08646143259888352,2.5886491839975765
-0.06121549105493745,0.020373130833828634,0.05099317736721451,2.212690108187676
-0.06918934762846718,0.016556117888551408,0.07801607507845605,2.386808550718643
-0.0750272364036725,0.01494490080471338,0.04744916522902483,2.311836730396716
-0.0662439235770827,0.008939449882885616,0.13995123952837926,2.708302740405083
-0.05118897750530072,0.021105296108598657,0.13611301152836033,2.7266910111626266
-0.10375701987570488,0.05374373729263996,0.11422522114086076,2.850943028565829
-0.07809281617446849,0.04996770584608527,0.07163429738595728,2.432271842497347
-0.047320245726750004,0.03411276827318891,0.04978609532000076,2.2272403412331867
-0.06062572111709018,0.012553244577907694,0.0684964822679354,2.4080107167430502
-0.07436036277388507,0.03333163920987887,0.10818508027951612,2.578616104920269
-0.09670368089336526,0.027187156617997425,0.0515771906351247,2.303887661833904
-0.08383976978425088,0.023518844559817717,0.006817468791635427,2.268609631757287
-0.1276411902027103,0.03562966284302558,0.035885091903540334,2.5014079539895047
-0.15116819026195624,0.016852978769002866,0.05625911399391133,2.594523204014491
-0.08419607696357784,-0.005592904232377706,0.10234726843771282,2.4522711893616074
-0.14315911397033457,0.002437989314546729,0.10090390806094751,2.759381951026834
-0.07098347279171775,-0.022178201915049194,0.08141384906003139,2.3064054811920167
-0.06814229872208431,-0.013270229812318297,0.10262174873744258,2.4033723531964384
-0.09205035047550299,0.027697199711399063,0.07388477412117767,2.4152815303007835
-0.09617287667466828,0.02763095698206687,0.05551178690545014,2.4001288019739
-0.06711560712077345,0.03379168046172476,0.05438849096125559,2.4230628625879493
-0.0469595281989701,0.043960454955030044,0.04704165305581365,2.5001985438663255
-0.02806218525208253,0.020493008418273215,0.08204155047100561,2.4111582568294803
-0.022867397980561577,0.038077834373793445,0.03700565026581175,2.1849833548744813
-0.024539553375276385,-0.006084388515554359,0.09670865676406827,2.3987469500368124
-0.12109692118433736,0.016763231366120256,0.08039107247685291,2.5177010447006043
-0.08982389171948578,-0.0018156501632804007,0.09513126228700466,2.414987501844129
-0.06844483938807605,0.009383026667104452,0.08816375699159623,2.2973568666650155
-0.059512073636768664,0.020689161455492103,0.12277831602497767,2.6691077005194392
-0.13438012185939746,0.018184341362650444,0.12872123985811176,2.925718525350194
-0.14112572002650042,0.0012694519438000672,0.09255841404044826,2.7524211302128205
-0.08438633285022652,-0.0011767574876802927,0.13688344554237677,2.7296774522819294
-0.13252754888058652,0.004136872595629085,0.07398697271598084,2.675776801604173
-0.1285900396333512,0.036971832817827836,0.09112070127610163,2.6664959751391546
-0.1705885946761521,0.03853726225634921,0.09590152968873479,2.8985330005491208
-0.08755574208562163,0.016290153487447466,0.08106537029310251,2.319627844988544
-0.09752670109191207,0.021923830871558594,0.1135531024576183,2.577125050721009
-0.11467191547185922,-0.0017746749890950328,0.12384721675437961,2.6727715074977123
-0.06893697346194341,0.05785577863840799,0.15630849659173998,2.8401483198118904
-0.03503051828939705,0.01197302293413403,0.11640316760663631,2.649827013087226
-0.1049476878493815,0.04321873772835727,0.12022579129592471,2.7657872163966917
-0.15027758383169615,0.027678184405869548,0.09864800068034707,2.8120915022117043
-0.11802511660270755,-0.012939468890615133,0.12166367745438965,2.7658486749304494
-0.07488308741990816,0.03159541765683959,0.10728701852325784,2.459064754426085
-0.0709424442234834,0.019527104232802402,0.07585371748358419,2.2912288343722365
-0.10839085050829736,0.0288428885155595,0.08368543571959258,2.510773973893929
-0.09133242250546747,0.02509467684880855,0.12606907532782521,2.5833117814927293
-0.10095064166817536,0.00620238113829309,0.1268930609368697,2.9485280605964808
-0.08280173517541564,0.013985097347242325,0.05623408220979967,2.322011875874948
-0.14598827291986619,0.013651823760734316,0.08253904004567042,2.6689574306555386
-0.0952314722454679,-0.006852682973791545,0.09589404082548104,2.5502259875854887
-0.1039472062680771,-0.03837239168109386,0.07091706365283691,2.4365438048190478
-0.10648791170005131,0.0022680072906537253,0.071797762885734,2.4625252650357474
-0.07943986477196877,0.013778850849062845,0.0985260665873847,2.3455615782490122
-0.10306599547980351,0.01850219202115104,0.11332608975242381,2.5618995227259562
-0.11866607329156634,0.03512440781707232,0.04175564101212547,2.304105856187059
-0.1202717988648735,0.0005638733705004767,0.07232917300128767,2.4243008521719234
-0.08889501937413503,-0.00013486115625646782,0.09505185959913419,2.5189469108293854
-0.11544631828955745,0.03768737089718141,0.05702114669164821,2.35926002258043
-0.08440129305713713,0.042986219599481464,0.051817997091315904,2.305554456144893
-0.06531970031844021,-0.0008322817359917516,0.11709818197662512,2.5272661632232944
-0.05624486258047883,0.021483110699897535,0.06618027708408052,2.248956268361754
-0.12508833310057155,0.014017466582186925,0.06142193779626765,2.449964551126628
-0.08592558494173162,0.05202077797053526,0.06556658717089282,2.309924288940278
-0.0703579562985526,0.03768185340744231,0.04137646287327237,2.131857072452129
-0.13858066308011172,0.021248121147588544,0.0831723519891305,2.5454040706549907
-0.11596470305938907,0.0077036970404360154,0.1023890912288624,2.5753502839749562
-0.12204477550684774,0.053028922101767066,0.020639384751069013,2.3621913605654665
-0.12580957973440784,0.03169714483288107,0.04479435815368072,2.4212375294403587
-0.055626642259106976,0.03662255161762061,0.10280519674550753,2.440563054845391
-0.07553478990500188,0.006586497897557557,0.03112501882163142,2.2264063194282615
-0.07601948722921435,0.028725807830810315,-0.016707571073973006,2.1728593720546763
-0.06827434998469313,0.04221451162545934,0.010466260438825604,2.1438295313869675
-0.052554364937650616,0.04469997106130954,0.010426068576431172,2.058936642091258
-0.10592307152842367,-0.03048845602182515,0.04459140968794457,2.375792596260782
-0.07781535880584267,-0.01759202312827676,0.03292552682935374,2.2798427962694836
-0.12694544908609615,0.026558497765867835,0.030349445266190978,2.3897977335993423
-0.09434940150185911,-0.014276472409723864,0.04955489149486915,2.2432753778720413
-0.11034272580366905,0.04339648832219705,0.032022442885600966,2.329043123296828
-0.07024229226788085,0.04504006013849053,0.07825320312848234,2.357925396125711
-0.0945354791053163,0.04166885753497105,0.05359949958685741,2.3602434266308805
-0.05205914126942242,0.0256744710796472,0.054541594522056515,2.229648278221334
-0.02535000499581263,0.01761745177029096,0.04225481297200225,1.9655858249796963
-0.041465851381792644,0.016823794096545993,0.06518059799784406,2.113755767611338
-0.04757090183032947,0.03385906948821195,0.04697150713767529,2.1823868913368534
-0.05524059733972143,0.013988460007942956,0.04177310892531194,2.1629817403926332
-0.14768899703196162,0.027009527869775812,0.04889947313405929,2.6691328039135356
-0.13723052668499858,0.02465286541335516,0.025410966098418673,2.5576425336882695
-0.09074855348833015,-0.026498989473079958,0.019746708770592727,2.249160806203167
-0.08875890451595478,0.014735468415114266,-0.0028569518435221297,2.24726257884696
-0.06645154627276312,-0.014437004228416277,0.06016222143187342,2.4997243062255756
-0.0360010297675087,-0.03250371555776625,0.06672241596799099,2.358533060439432
-0.07677389646617523,-0.03648000920196594,0.023725009468089482,2.2243608745652503
-0.0801635826841917,0.03806014870194363,-0.005382698463842067,2.207528939279169
-0.0526383689246039,0.036503624048291376,0.01158298928035075,2.200755449632316
-0.08147295570887272,0.05346867042692394,-0.02899653634010111,2.1182480451247314
-0.15912651150538604,0.01806035689238482,0.022357149562615055,2.537834035849121
-0.04783410278899539,0.02799716211071045,0.0845418125704574,2.3528457206749627
-0.11106452298706582,0.01854539804245032,0.042779396351630236,2.295255970812958
-0.09934904477381831,0.050961620142711876,0.014692845646516295,2.3666201958561754
-0.05722017999239938,0.04713817909998878,0.0016205918482496725,2.0829640136719374
-0.06754004433469481,-0.007694177778077676,0.0015307565340508741,2.142715914657603
-0.08518888712368657,0.009746707700052338,0.012484404112293904,2.085843318768164
-0.11615148004997768,0.018334396300800988,0.013759128758251164,2.275964662908207
-0.12070420669531112,0.0697932633121196,0.020412909283921057,2.558253910718235
-0.10974205916699184,0.0593314710248427,0.029465379854815718,2.4458171498294456
-0.11985018587301599,0.022684906399151515,0.062128965074120156,2.5622150567437036
-0.13290257585724566,-0.01245860526380131,0.06947138118908745,2.719318797940087
-0.1192686181526015,0.015273258674406452,0.07724900999768619,2.714865486272514
-0.11054932531039718,0.030175849956053536,0.1042488382033805,2.7407556907385504
-0.1184263607234161,-0.004679808543998712,0.10819119985436187,2.778284203668884
-0.08854950597992423,0.01673783833467704,0.08230396245405468,2.4263717424074036
-0.13026451282626267,0.0015791714764777426,0.10327940549773638,2.7634102169827246
-0.10501169002079094,-0.029504783794175274,0.13657378744623244,2.860918193063442
-0.10870872793785485,-0.03951698575811799,0.13397620821860137,3.026682485533032
-0.08698182303295594,-0.03429562930692418,0.05312239076771325,2.4934448920759356
-0.10166984959447113,-0.040645430766143686,0.10360961225363,2.770688162842415
-0.014579416182999348,-0.032854299682004595,0.08868215351118323,2.6037457887683972
-0.09385090581325119,-0.026508252848167654,0.052691799326633273,2.5846831799409555
-0.03344282950089115,-0.011587421751955488,0.135468992238283,2.7125985837602693
-0.05875675905153038,-0.012790697069675679,0.15168902305911575,2.8275632147721548
-0.010554234474161941,-0.026969072134948462,0.1417496471501284,2.8086266245100764
-0.04523651489714637,-0.013822793765014456,0.13379803741421833,2.6694118591269627
-0.021264917977775338,-0.01388675315635198,0.1428790234493097,2.59954165469994
-0.015920736826075126,-0.01722418929881268,0.10260026447153389,2.5812401289410762
-0.06754548600126901,-0.0006393980551932583,0.11907759363116423,2.738392853714644
-0.01349352674814011,-0.028727429310961446,0.12828242079077995,2.709744068354367
-0.08621756663417479,-0.008688708144826978,0.13279006174074476,2.9827596717719604
-0.0647963122551665,-0.00760046479194826,0.08656358953597675,2.415279107839806
-0.028005381985560508,-0.03241263920482007,0.11217073147808776,2.6274215520182174
-0.07933014552177774,-0.01740606904014666,0.07199973815818342,2.514811917243765
0.015148666475762594,-0.023204346216519754,0.11630692715094465,2.5556218007499356
-0.05724623976197357,-0.032225056078289835,0.10566764591650016,2.6031268826339984
-0.03584040243090727,-0.045809741275006546,0.11226748601673434,2.531984582319694
-0.039914816521230745,-0.04658937517343821,0.10197239575946511,2.6870244691188367
-0.10456810349080789,-0.01194963292784916,0.10365488465924783,2.748125700550139
-0.07708670814762254,-0.035053320633776,0.11283418262394193,2.7731980859283802
-0.04699266963245628,0.0011319505150881243,0.0757311312867136,2.5009474663801567
-0.03156668913898562,-2.5402444618697984e-05,0.030114169121875974,2.360868511114984
-0.05015103441877007,-0.045958538125538746,0.07543411120883593,2.2755338566028516
-0.04932350221930743,-0.045266404346719746,0.10787140989106841,2.562253083264594
-0.06704770569671209,-0.034914889047643935,0.10394814018931728,2.626698643605979
-0.06268829356587598,0.029238710773750495,0.06598127902056324,2.385122515305141
0.0065966178619787305,-0.01797061539675338,0.08882532763718605,2.562309039633546
-0.03624957546499043,-0.041959794732370145,0.08524746491896218,2.378707420195922
-0.10933063421152552,-0.012304092146881593,0.13349640956101227,2.9917479644343397
-0.06686932210891557,-0.0277717402078127,0.09311577920212714,2.57656776905593
-0.07005654658966645,-0.0047704957556964555,0.07976355796531967,2.404714270215665
-0.061983347171192124,-0.002895294599941432,0.11458801516355281,2.742736892816559
-0.0248454473733017,-0.01748483250162235,0.07710741209802514,2.3452360678555384
-0.028720707477067644,-0.032863938942870555,0.09982213323348978,2.386407685469234
-0.028462367772186043,-0.04531406141809352,0.11836834694306843,2.7256071257718966
-0.04056470388872586,-0.03340602249848356,0.06427974153924526,2.4115494689248376
-0.06440499642790276,-0.04076838405348102,0.1076527095528007,2.5298354916407897
-0.09828722866007453,-0.0391358976745363,0.108672600367533,2.7278583460651773
-0.052762210850044046,-0.022058414096303533,0.13591790324195333,2.7798880876917638
-0.01626644318776617,-0.054020394766206195,0.11575100380302167,2.652115109959933
-0.01751543800609542,-0.05480048753684983,0.1287571424522449,2.7363804355217076
-0.11875939358544976,-0.004429434997100978,0.10332792108113789,2.752756179252111
-0.09717203162909822,0.009351267097198135,0.095280523733131,2.6648934615088313
-0.05907854944402386,0.04009650386291331,0.12475086640638788,2.5741003465608903
-0.060136630147708266,0.020941727322980098,0.12502716454914994,2.816160146257285
-0.08204557359885316,0.009053697518825841,0.05538027457085783,2.3158356893525807
-0.04902780717215377,-0.018795541346628038,0.13424729587700562,2.7285059998609187
-0.18434827491006808,-0.024345772041786836,0.14666944929610193,3.425965207342707
-0.18796241764785487,0.0129259092455533,0.09645583134810667,3.241097579381272
-0.16963379276277182,0.0213273299115546,0.08464443653629183,3.039842977921132
-0.20709660232202368,0.025215297808738074,0.05563762266382459,3.054875452960363
-0.12162112664322598,0.035101876613650614,0.06735365109187752,2.6795657568241396
-0.13416010183894225,0.028647687229207786,0.05973528378582401,2.6586831387737417
-0.09954553763732543,-0.0007940537240433715,0.0392647198543874,2.3508571874878306
-0.10872031410764627,-0.01136437613697361,0.0602995087711836,2.5167032961390756
-0.07293819556254014,0.009339121078779244,0.03848581866533303,2.2693303912986047
-0.06401805717875113,0.0034567617451516145,0.07061415044141406,2.4817746281924733
-0.11765184709742588,-0.044622554211106655,0.09442331363733325,2.9098823795543463
-0.11396727333441042,-0.05417540487778554,0.14841734877546262,3.285517845712627
-0.1537388806278207,-0.03878640908001314,0.1545810286839567,3.442414118071136
-0.10069617042685844,-0.03602149077100409,0.11254216586748646,2.8621531082154843
-0.10758740631706117,-0.027220680654059436,0.09272312970043993,2.85929408843879
-0.11031384161259572,-0.0057355308658708975,0.10282072581960837,2.6947376251898287
-0.10279856576105703,-0.012518113303533153,0.09273370889803255,2.6764077715862347
-0.11270807951983425,-0.0359418007240411,0.08805062988141457,2.564692598013502
-0.05335970208672956,-0.009032050855894968,0.13626597716742717,2.760680083817489
-0.07622713994337096,-0.0023647020632251415,0.11714845455849933,2.6154256775643736
-0.03436062918480944,-0.01049193818690162,0.09160935530430302,2.50484841102383
-0.06326468191121513,-0.004344182282964561,0.13264656650899065,2.672763498118997
-0.08791762155412079,0.003539766557032678,0.12783364635289612,2.587407566174064
-0.054150992868521146,-0.005593575969163963,0.12667635046007344,2.563866902591748
-0.05150372511507777,0.007094731828939725,0.16087490046079414,2.813715288187547
-0.11243615657456496,-0.014197521040983922,0.12819195137728506,2.782301848996539
-0.10683160708548965,-0.008983972990049412,0.0805521336727869,2.623152202402067
-0.06303521472135172,0.010276826527430474,0.10749472674468746,2.7396393304416233
-0.09729319836396454,0.054537647602863844,0.09453750910316872,2.7201295360200572
-0.11745583888945378,-0.0012972908565921574,0.09906871138454469,2.74824300109346
-0.06551384444752868,0.019529038926184808,0.1281560197933541,2.8075214851586647
-0.09918167879860361,0.051222447286330214,0.09676310787313275,2.6819958261869052
-0.06889835315454104,0.02843768729590763,0.09394504140602039,2.4169037686338486
-0.09365282691327487,0.03405484174955179,0.06110163292895457,2.4268562386101893
-0.07619955376925966,0.011092521648563938,0.06974583723262312,2.3522210928947267
-0.049094778653220886,0.03363940117617188,0.04318384658373602,2.2061740294780807
-0.034450079411055684,0.032258420299390404,0.030010099567981768,2.1359138858265476
-0.0653726378878805,0.047456955653113295,0.06293738660095335,2.3504011992479925
-0.09468414415887995,0.04621843503278284,0.020850860902015194,2.3534956720790183
-0.05988513127904244,0.062216069879278565,0.02521247934099479,2.3246285165366065
-0.09579458981629406,0.01252398740771486,0.089850638513373,2.725126863692597
-0.11337580633132865,0.014876079595105953,0.14721903218580595,3.0896693833663655
-0.07516011954413142,0.050629559021068964,0.07511701973827052,2.567952017861425
-0.11908445889773063,0.003932513256141325,0.1108152346804132,2.901712597365589
-0.11488676920071457,-0.01592275117255229,0.08827869802012643,2.6084508077280706
-0.11193853190331329,0.02193853492971619,0.051391130064107754,2.5147957409006443
-0.10275650880772048,0.021927511110414116,0.09235027160045911,2.7385396481097497
-0.09674825755134098,0.02416345980310203,0.056380338008969896,2.600789370504366
-0.12227306374048125,0.04524048443058619,0.0967534810469113,2.8475280935398968
-0.12609383233392119,0.004715969768604196,0.08963907145492417,2.6806753627130884
-0.07865429335436204,-0.034511814749113405,0.15660966284270889,2.9809029757912415
-0.10645250980819923,0.008016947689087808,0.15735751195831582,2.9782622830882985
-0.12965358829402293,-0.002009735121290887,0.0924917166475122,2.90520477888462
-0.09889240041862693,-0.012174224019341538,0.09511501457659571,2.808511269262157
-0.08435554181916867,-0.010262249266639805,0.10512546675028518,2.6696624736685415
-0.09591720525676824,0.024295541288576788,0.14047454150816455,3.220111588014007
-0.08893713747395837,0.012980636110422938,0.11872160213823264,2.7929050049368067
-0.1645262566131904,0.035496177861967466,0.1216873428957504,3.1364502005313395
-0.11008509522758413,0.007753498976147149,0.10739650163336843,2.688327768574349
-0.13212082231567784,0.040033417626037106,0.10690374552728801,2.7849316294425526
-0.13396096372887653,0.004461460369853834,0.06458359871266264,2.486386042117769
-0.1324278389613911,0.04026630320990694,0.07037114193115654,2.5886482961911566
-0.1367973014239938,0.058973755623805794,0.08184145635840528,2.613873734225921
-0.05340633936180638,0.05960672915410525,0.031613651184001085,2.2310203050602273
-0.06647340463249675,0.08092100052627438,0.04661955818805936,2.4112574656027204
-0.05069521560385351,0.0623964520839538,0.10951951882885025,2.7400644761330373
-0.07983319081930967,0.042096422885258375,0.06967008965518637,2.4178356698688397
-0.10506841528046168,0.061279486993448484,0.056020427458381955,2.4473344813071987
-0.10883649627553056,0.0598394063137478,0.11794072629113185,2.815035888834988
-0.14206665514788056,0.0434193883811319,0.13428626243910866,2.940364442582779
-0.08621929335138084,0.051164311328039155,0.08423978130488338,2.6452719581673447
-0.07574125174739721,0.05013319545523718,0.05644911681804313,2.1849669600575505
-0.05886368443846701,0.028763799587080585,0.07005044827050043,2.287316895805398
-0.006331778734862818,0.0673049474879917,0.12685337260351096,2.4771099545452278
-0.04364914087752968,-0.013227113720690053,0.15102095088802628,2.6664593498653373
-0.039021102195216255,-0.023115933917906,0.1556701031671846,2.7432573694176634
-0.0905874210995047,0.013245304457110038,0.11434307588356105,2.658523401463598
-0.061517477310705046,0.006287913136414745,0.11436127080358575,2.576152072579417
-0.04271705296930072,-0.0013171221162347293,0.11078204327208754,2.418171430500345
-0.0820069753803652,0.0009005188646568444,0.12036338427204411,2.378986632599485
-0.08543950640966905,-0.025783681479868426,0.10990873281265924,2.6467007443521786
-0.14540847742922897,-0.05031830534990523,0.16522502425695978,3.278969591175709
-0.1728522603519765,-0.04168205258841073,0.16742028904916284,3.363882300318836
-0.06333439703899423,-0.006264972603356843,0.13162123798397515,2.7225101475679323
-0.06289464844047209,0.005890711492867817,0.06325517884815787,2.557036249946092
-0.08547667299337941,0.012657622232590347,0.0745196843328124,2.509173185087016
-0.0947273367407885,-0.032617913816715874,0.09345038917574203,2.674718254222909
-0.07598504244438306,0.015654780116255727,0.10072666384481438,2.5598906207524172
-0.0831240522945837,-0.011502086382513632,0.13980705769725674,2.7597300389990074
-0.10269927923861184,-0.009211772843896718,0.1747522541016601,3.096081232061787
-0.049596234048795186,-0.018409997542052508,0.1517591818866929,2.857981594833727
-0.0739804836118106,-0.018762508757148775,0.15155105844231534,2.8613099927813797
-0.09890685259983764,0.02433008955257838,0.1381446987908372,2.906730633759288
-0.07196636600501806,0.015658912287536002,0.08093315945062622,2.4410393923850258
-0.12303367551362757,0.024217247045262607,0.10988583704068809,2.8917559151086687
-0.08634144294273446,0.06626111834847842,0.16431932925169387,3.1173091464099554
-0.11541201577088155,0.0440110942310949,0.11873001721738087,2.8645361660932283
-0.11225979712733453,0.005880686044668509,0.0914777017250944,2.6068314020961405
-0.12110229248520712,0.020853813392269497,0.10969901709620064,2.743964453829671
-0.1233442721515478,0.038841290601301336,0.10814047028378541,2.825355128312911
-0.10883020986553274,0.038380954691544886,0.0828153770060768,2.681169232139464
-0.1446793217737863,0.009848900928940646,0.12977267380898513,2.972621282765949
-0.04923874297969667,0.02308875544564607,0.1361215855341071,2.7191731038442684
-0.12524870209213396,0.013857172834787535,0.1527265256645591,2.9829641759239798
-0.12028945294265991,0.026192815638690765,0.0910299631612976,2.772697519012109
-0.1364020644838094,-0.006182807444600028,0.12492369099667217,3.0081619881397037
-0.08782835689705934,-0.00825130131753409,0.10917562075601894,2.7195911645743736
-0.09607982979904572,-0.03217556807912791,0.06610166034032927,2.502006900255968
-0.07858492564283465,-0.039267144581760845,0.05399655307134036,2.343821086926922
-0.05515719660040783,4.5325854144746736e-05,0.05313804694980026,2.230109476210194
-0.09135799380713161,0.008798436494396608,0.09304479144757757,2.6486842838898736
-0.11926051259959519,0.015089967794452876,0.086961921588424,2.6187907360981857
-0.10817038881710171,0.03730596039859163,0.11960640184939694,2.7525297130156905
-0.10845667583875003,-0.002718287475621062,0.1242563426312037,2.943586510099047
-0.08374706056246778,0.01145099450664865,0.1157304558711932,2.7927636107424494
-0.05799147034576108,-0.032205772766293835,0.13104058138315244,2.771081549749681
-0.019353247565547415,-0.020394026872320694,0.12965696411139502,2.683584521050891
-0.03002162231356916,-0.09681204645323185,0.14907119489648943,3.0721846819299876
-0.041083400866171786,-0.03566156037137081,0.16044914939723262,3.041552785868624
-0.1050343378275797,-0.004951091242253397,0.11264999565688905,2.7330474691456415
-0.11700957452798079,0.023202134921081703,0.11193453250551613,2.7608514049064135
-0.07704892549307418,0.04116838361970223,0.04640071633873153,2.5172442799306505
-0.09021994570168489,-0.00889773053790878,0.05122390862812678,2.63050423275653
-0.1273907861970372,0.007440317497336177,0.08645119569423529,2.8696467650575492
-0.12025824030765546,-0.002489107244415901,0.11739964435168337,2.8456879753381585
-0.1198868736821526,-0.016229923145314566,0.10907413493056585,2.8686379723635693
-0.0810504375216033,0.007973057279629879,0.1008005859727225,2.5741815960372594
-0.059998854093081935,0.012876789604932552,0.0838701078631423,2.578642629439694
-0.02672547668371139,0.009007429566308236,0.07584058181626697,2.3203288888438243
-0.030919455410670618,0.020828283957117322,0.05811542026192413,2.371523330395501
-0.11889029147032272,0.027676012368611818,0.06823913438726366,2.65173348898268
-0.11037343311399424,0.03356324557920277,0.07499442391582074,2.4947277206204292
-0.13573261758151667,-0.009497900195765659,0.11132668004914135,2.773316825093831
-0.05536780574844876,0.04856129295926544,0.09482027562436975,2.497731285800911
-0.0868455901432562,0.021491404182358696,0.07279525720174561,2.426750128431219
-0.10901635812040657,0.041331817726737025,0.08064041677798794,2.624847386304527
-0.07951619012970716,0.01968654515644747,0.04366075721777939,2.1909481879910113
-0.0679920008822081,0.048602319774472755,0.10390821527623031,2.5341178617788755
-0.0780226332371941,0.0244110358996435,0.11443105146520782,2.594036121614856
-0.10459544457709662,0.020604737023786766,0.1767829343479711,2.982004450696827
-0.11655577470386283,0.03664932177663347,0.08504280866114748,2.656168346358029
-0.079639788224141,0.05380972761210417,0.05053648349765868,2.2009539607941266
-0.12294467953146321,0.01838371284846482,0.07171844932481951,2.6810979870521976
-0.11917571170582453,0.04113351533945276,0.0933545861058683,2.608781728355145
-0.07550108705164738,0.03128946359486308,0.037859600912892116,2.3830417343044337
-0.09489350219811549,0.016937933681261792,0.09075102425806342,2.5017662063511787
-0.12484678806798861,0.049951384730645386,0.11154272816091365,2.787189325805774
-0.09040113245836333,0.03304945421795339,0.0907208078885726,2.704845633123244
-0.07256559973762879,0.04550258739039897,0.053490917450445305,2.3207446433635543
-0.07160614508040343,0.01048066682512613,0.07985303442007173,2.458692679890184
-0.08561238841779847,0.019991520113530076,0.11884616939740307,2.592139686604028
-0.09263539339487589,0.012974942041133473,0.09064008459252329,2.669714712386579
-0.10038992763907213,-0.005076748730600549,0.15382765130613207,2.920949372676148
-0.10261252931528989,0.011039218985616649,0.15202555598324155,2.9475638489148253
-0.06292795105901929,0.02608208292708997,0.11606725336899285,2.6272643836304344
-0.1026110499850726,0.01564930456881671,0.09118980848306196,2.572515674284639
-0.102767775665282,0.01634903100794552,0.0735974457534323,2.376438312782698
-0.11325060747377559,0.025668690564792353,0.07516419915729575,2.575437383051285
-0.048160722179758926,0.03943356506645707,0.08334928185991848,2.3375522622147065
-0.05086792451203781,0.047687313783258065,0.014943347171895017,2.014235495890006
-0.05168013646092771,0.03661463684340214,0.03743466674071488,2.192641332464752
-0.00634360840898849,0.026769148898256722,0.07218213891205594,2.248259470748034
-0.10286019336858084,0.012139763799352169,0.050540847713807256,2.552886947781211
-0.09560781593251812,0.01266662886982003,0.09778286222863397,2.7420251218337843
-0.071191302711991,0.009968967290527011,0.07171973919097147,2.4059361702003974
-0.08442538723609684,0.018620264810535463,0.043971383843800706,2.361262477853349
-0.04363741545870228,0.028203035753698282,0.0537704242212648,2.262142410152699
-0.036955136861386004,0.015302117727391911,0.05242738567199032,2.378032231790352
-0.04496423471839386,0.0422029853555837,0.11115062728564316,2.4672605393751263
-0.060460431138003506,0.0006019044197444046,0.14177674134892213,2.798554673242329
-0.07721803455314968,0.04440479333325557,0.1084983878931129,2.6425323330598487
-0.057364661849321597,0.05608172398291297,0.09902431813313135,2.4754352443738274
-0.050976796472221336,0.0761269227983547,0.09116405588539406,2.4570315016509428
-0.08605236234211788,0.05242143090826389,0.1297262040241267,2.755213216567349
-0.10744380752775957,0.04159004590251162,0.10123080497927545,2.735847324716502
-0.09268961528372956,0.04867602279379796,0.0040082356512849875,2.1882280174883872
-0.04236858206220571,0.0811897245012458,0.09013356785896252,2.5112261121536448
-0.023058313233334078,0.039507082152344684,0.09416181175836062,2.5035861945651665
-0.08498427479338608,0.08152136719835397,0.0712849313987676,2.5074735090366924
-0.0910105698238435,0.03385476200532346,0.07723888007447141,2.529873018763356
-0.04384834868523004,0.07061101216463282,0.06494136768950429,2.3974331617924136
-0.06436545181058559,0.07251450252891674,0.09877976614841093,2.586720641122847
-0.054319845028078795,0.07578414126688031,0.09550364295932247,2.6138187623740774
-0.10009568177891548,0.04588253500240672,0.03838449736087943,2.523484533286942
-0.04288329520313951,0.08351270509572693,0.08819185481792305,2.6336664356687054
-0.0724452242266934,0.056369359549329194,0.06714125753280772,2.5567958492753045
-0.042638403924896505,0.04732598004512335,0.044215201737950814,2.268597116241271
-0.03825684293742067,0.04264366130132083,0.0371094534197204,2.0780041399911355
-0.1381099595694131,0.03883059892800279,0.05274322752043323,2.6342175911971664
-0.07744936414978315,0.025960961275969904,0.02203362284895971,2.126555902796273
-0.06888078807325669,0.03932442094608553,0.05106592860314645,2.0745685630339246
-0.09448784458625159,0.04373297302305219,0.02173408853914068,2.2124794214055425
-0.01729676515865577,0.05146385843667345,0.0017036103145633803,2.0382909191229635
-0.04795141758426699,0.046663805448195324,0.05707467269285015,2.1731536233107653
-0.005624014511015313,0.026734770834671295,0.09914284241369747,2.488979858964913
0.004127003227198523,0.028118431573838035,0.03128308421827319,2.0273723061874938
-0.018930007858867243,0.024479227026553627,0.04101309083909237,2.1649266234441935
-0.009362330970011955,0.022792601063808916,0.0037267220773711633,1.916449209095361
-0.01965702055206989,0.013534639415845604,0.025340701286794325,1.9545755901272395
-0.048852839398654105,0.026807413890235325,0.014990504453903849,1.9868231720294074
-0.1072653944777604,0.005138968382108306,0.02528913100804461,2.291666822295874
-0.07923278715403986,0.016520687581776793,0.047488444282158426,2.290121152979578
-0.07830037511768648,0.010750037215636261,0.03354920936317506,2.163229076583174
-0.09772204906029769,0.06233017906086402,0.025425581715426457,2.2971512023837075
-0.0729757947103954,0.088282396121378,0.02546787761736487,2.4692145778082635
-0.043252936355202797,0.04950046096752266,0.031133569310068717,2.2523926526536164
-0.015516578840045236,0.08012779015694871,-0.01714348748728806,2.1396371270044194
-0.030118715140308564,0.09330611789075532,-0.02760235049761348,2.109960763699257
-0.07598783397736414,0.07178413122861765,0.030619928578073836,2.3401897815025183
-0.07284015271472971,0.06828008502310307,0.034114892274926,2.3504921021178387
-0.11151780320172607,0.07516109322334703,0.030174152276379408,2.3966448284029744
-0.13582043564334886,0.08275852210696931,0.02737598233177329,2.5019948246454575
-0.09784891661130377,0.07540796912496768,0.023761333450577807,2.511201900194791
-0.12176316912189793,0.06901025276903477,0.03688970838179935,2.462131734213497
-0.12240999222936898,0.048963995416576145,0.05563091323747382,2.393093834318392
-0.11105027640899463,0.08280150734803765,0.062537947567219,2.5694991620251795
-0.14013708435048522,0.06024445734956777,0.10215396694210094,2.808495325629589
-0.08992576020363509,0.07417186219047296,0.08818166106247821,2.5755064615029895
-0.06422401642161904,0.03735924752509819,0.07418005049133414,2.298753951482984
-0.09521988926195381,0.024245332120281193,0.0705288882895931,2.3339633650586595
-0.09835301901143018,-0.004418975487466206,0.07759118089099995,2.3384849134165204
-0.08736210736213024,0.010830635106428088,0.059862626872657934,2.3264622284184107
-0.04430068372023273,0.01518293302968653,0.080720838171436,2.253490056015396
-0.02904348106184364,0.037807538135262456,0.12434156480883567,2.6047815870383553
-0.06966839854873513,0.04816414241955342,0.039168057263594576,2.2590743945305727
-0.030721745576646902,0.06109366202917998,0.04037218325071506,2.0740002552633516
-0.06280866262740356,0.035809532660119055,0.045700167331098676,2.133836118817217
-0.09709264859084775,0.026912254588916,0.04647587151604234,2.2881244310094675
-0.0636373986360943,0.09737283822393045,0.06889456686813654,2.4152579844555007
-0.0618940740712671,0.024192890507634984,0.10687615183632689,2.4299497596507913
-0.06815904914355221,0.006041932044012474,0.08925865536298405,2.3422718561962093
-0.09023484245946596,0.037837982875766334,0.09358821818554344,2.476261927137348
-0.1070745023900938,0.05202361906467921,0.048387600112768325,2.2786836422473686
-0.06792074800810449,0.010185663564445113,0.09882659217176637,2.354521258599896
-0.05490299689776042,0.061790534312488495,0.061337769558381564,2.2738537114665913
-0.08083396127236633,0.06298322830671155,0.06150983174688905,2.433811398557073
-0.12516898879619232,0.03922959826544785,0.10644376460903636,2.7621730810706313
-0.08828224524594307,0.04835813953323541,0.09442402178334047,2.5427301327310636
-0.030109001331837887,0.05933148375525798,0.11491945709699805,2.539183424504262
-0.035768847867002414,0.03732109697200975,0.10022314604057732,2.3634538342575273
-0.027745784944900233,0.06641477131116251,0.06174875303854706,2.2535065214480405
-0.09803863664596188,0.054840266923616744,0.07782257790632248,2.4213999560370385
-0.04911101459556308,0.054584919723426294,0.09926605950162573,2.449017936921151
-0.048589231843966255,0.06279700246315396,0.1021575389687462,2.482742554443238
-0.05872151173438981,0.03345380606750125,0.08045715035779388,2.476843215840403
-0.08190357920179803,-0.012758424796305871,0.13966465332885453,2.8292388675667266
-0.009380794703802922,0.00807240243480535,0.08067735717000268,2.2243196281989968
-0.025556702010209563,0.048852627430562845,0.05489715168977988,2.3654200733217605
-0.0955089896381299,-0.014158137106683821,0.0991239765413721,2.8423235702164424
-0.06620597894163048,0.008716051345892047,0.09499260411457033,2.5647564906666727
-0.08256436571946936,0.006419277284997358,0.0854527833403382,2.725095939747831
-0.059922449625596175,0.0017356916735269947,0.11733945756267426,2.684828364556144
-0.028444367940454438,0.07595164917484015,0.026718759403820083,2.2062406054477655
-0.040879179960957225,0.05434569750793936,0.07397187269201363,2.4423159756147683
-0.030913453083885396,0.04542638898070973,0.023731394323097402,2.274726614521527
-0.06616662982584572,0.05638276695025616,0.08486505803784394,2.526973688114756
-0.07733687254722967,0.021516457996234365,0.113583738795781,2.7181960255294024
-0.09361210180058364,0.009547433912237696,0.10099918349263234,2.8228733517032043
-0.08152599178929103,0.024157163814964324,0.10208896785892499,2.5675168958195327
-0.07567518589581877,0.025661158575177208,0.12109604215990533,2.6714907931023646
-0.1364849157132814,0.05665147058003274,0.08826534633367505,2.915168619626328
-0.10828653496865434,0.04641697124865285,0.06007502837240699,2.5524635921787433
-0.08126657592127312,0.023211277423659797,0.02324400161292638,2.252862534098138
-0.09084505425173413,0.009438948569398892,0.06571361820965144,2.5643846006925104
-0.05680464743296267,0.01643974491252402,0.07415196365281473,2.338911080903693
-0.058658847179373357,0.013924855145143104,0.0540159798015075,2.248469844884286
-0.05179815679908912,-0.005440157451896011,0.0581919439846218,2.319904399810981
-0.0981716580922854,0.011414573842796677,0.09966863165399087,2.3994474682842677
-0.0732589828494107,0.03450863997897747,0.07260751666353538,2.347832749517167
-0.040679798933858334,0.04151786802975426,0.06248082549157783,2.1791591244838227
-0.04399081229991732,0.026999569198094407,0.08723582094132597,2.3311144375729356
-0.07641321281545913,0.021439317452974744,0.05749527472291579,2.149751897300163
-0.12267301374975688,0.025939244992550122,0.04785786159369088,2.459555547355321
-0.08515440726071842,0.02316239595501576,0.01119997611016244,2.0775544024773964
-0.08643135457903169,0.019289717583605707,0.007371014067038754,2.1311760298742595
-0.0995993296342869,0.03927308677935164,0.022989259631546997,2.3688102727999256
-0.06391999766338412,0.02049317758218559,0.07857085697365522,2.244760927658183
-0.08689702064256591,0.06705662792362292,0.04184263947044005,2.2859149460158514
-0.10606646853911512,0.04413875412819191,0.0812408940819149,2.4479972893553663
-0.10628519226716028,0.04942015735499593,0.0655509751576976,2.4718877093612486
-0.10157307273130478,0.023709852052793457,0.11388009480847243,2.668844162968127
-0.11026487942436075,0.07825043020478982,0.09499216980302068,2.8684614982218717
-0.09627072768662756,0.0344372328276933,0.08090424514225462,2.4638794348168624
-0.08543170056718223,0.03299493392232738,0.10329681960991176,2.546297287342506
-0.10088869205278213,0.01565989362687661,0.11045858325507574,2.5139389090900535
-0.15092284445119297,0.006789626501733495,0.1351333683763509,2.991636027920965
-0.11255562685873563,-0.02358112584370755,0.11308719551088833,2.758361308259536
-0.11859599310130581,0.007141122858616289,0.10826553953254339,2.6431826002362606
-0.08099641710739282,-0.0011822528898562357,0.1311973376418055,2.862989150148352
-0.08358459749740801,0.0370798245065014,0.14851291316548468,2.944039331079985
-0.028483375868648613,0.038956568076132445,0.16012908899703268,2.8103310395242347
-0.13001734848388477,0.035989803282378066,0.1429939461128753,2.956301469482317
-0.12299950534829149,0.02406683724444069,0.126788131818252,2.8730980125786187
-0.08477328684813487,0.06172906954956434,0.08761846517068529,2.6116762417935933
-0.05908079054789145,0.03238550866553895,0.12056091161334372,2.5611302169123005
-0.09908435886431026,0.0319937591531376,0.11119620230986711,2.6461068513132013
-0.06264602586429444,0.0030861576359063583,0.08572365670349878,2.270328505041886
-0.07806495831894554,0.018922381404010057,0.07585458600413736,2.2687591945166075
-0.073850481451133,0.0010095355120160238,0.09275653038153199,2.4862363412693744
-0.10182414006957617,0.013493452019059623,0.12244027445268457,2.782728764760259
-0.10195575531606772,0.0029867052503935454,0.11296038302905063,2.7243491940707028
-0.08413206087478227,0.031891975561720215,0.10011516884174636,2.5424339931666182
-0.13623237671798588,0.01930517412385396,0.08717802202167182,2.582070105890751
-0.14088760176823165,0.00494707868260107,0.13457500068624734,2.943782428547392
-0.11254597615242141,0.012503980561853088,0.06875035717780204,2.5087891749448104
-0.11833398156168919,0.017054585630479558,0.0967431657041192,2.727711085054896
-0.1027416462771411,0.0175574018281507,0.09787552155776903,2.799135434864354
-0.10065625675943239,0.010333976560485502,0.1234817548056505,2.88829242335529
-0.08494001917764603,-0.015512370014592342,0.11148984955390497,2.833965802176388
-0.15090369010601792,0.007283539763099573,0.08944574035108938,2.921671939130599
-0.16344482005261976,-0.03877133845970342,0.108225425628455,3.1427910969456683
-0.16134004850087064,-0.02699214912416568,0.06935180690554285,3.0628295588883563
-0.15655049200100626,-0.0019822276513175524,0.05237032344451658,2.837735508736246
-0.18462982450887577,0.0030643324919362573,0.0516303384076825,2.9945251531163435
-0.09079419978824671,0.014353625662381676,0.03911599107176881,2.733817106015277
-0.1501667366879964,0.0035933492963810603,0.05871313783270573,2.6300281540719492
-0.13172805589552153,-0.05081928039530083,0.0668155858721223,2.927897716215847
-0.1483445134148569,-0.0013634256345865694,0.0006583690439479778,2.719851707178826
-0.09259545628775358,0.0040561289296813735,-0.02202195770209965,2.345879913456735
-0.09926045238704788,0.016470688353643254,0.007923285404939043,2.377807447596294
-0.14442964855952772,-0.011304936212324633,0.07608642631270701,2.8910003533810475
-0.1492988612658437,0.0016865454294777073,0.062197207728181436,2.7425099964746398
-0.09245375582726532,0.022721258079720464,0.06456648920133763,2.5896183868233176
-0.11352309123565464,0.03727547869255237,0.07701678752343548,2.7995693463858626
-0.14325211716676575,0.009685369054152133,0.05088849895673789,2.963476555066541
-0.13437007148971725,-0.005091086845002539,0.06350630684728002,2.788482570249738
-0.15829700631316887,-0.015541950204988352,0.044756794021168785,2.9359824269445665
-0.13994581703266185,0.0026164195306989635,0.07111076684132638,2.7834814326512314
-0.12945807537121568,-0.022875126716537627,0.060041338232576985,2.804233003847029
-0.1921014686772778,-0.037056540283376675,0.06909390448179596,3.038565500078546
-0.13354841879945387,-0.055344912269783414,0.09965236263422966,3.1725457730732907
-0.12842621010378402,-0.037605378871602924,0.0725758559993406,3.010459419653429
-0.11093179058615257,-0.03438980068638356,0.06445101407035646,2.6813637248604363
-0.08938788067580346,-0.030412463478048067,0.061390720845901796,2.634893145196797
-0.03149982826131848,-0.01994522832772155,0.07313960375400178,2.5727707762534666
-0.11222600195228426,-0.06417437520017039,0.08754225229367515,2.9815110989835594
-0.13661686058837608,-0.03189097633536178,0.09830027557791834,2.9617948575211037
-0.12673837700020865,0.008688598335708897,0.09390647852256517,2.8361490113890593
-0.17517714709701815,0.0011931736495182374,0.06062583362253592,3.0278015707980286
-0.21360256532828883,-0.001198235072841502,0.044472844606692374,3.1989116599222096
-0.1370385742780664,0.0038680807416091425,0.05155330228456629,2.703087042745178
-0.17907411573196275,-0.005164640575443206,0.05963638189795546,3.0695823491633747
-0.12169322044115717,-0.01872791192023687,0.07701240947189385,2.8434668138816246
-0.12418121918713657,-0.015494612310695313,0.08193881062187229,2.7477440205358863
-0.14129952228653495,-0.02033772648904302,0.10225208067594746,2.938168224970653
-0.13639861637996462,-0.000158166988481584,0.06381059708180184,2.671018086130449
-0.18084632671383538,0.010860951276637663,0.05082170386721636,2.9717306272548365
-0.1478439212105616,0.010242276367097755,0.072240375683596,2.848067912125418
-0.16531755720948552,0.0018455537625748986,0.06434664138368923,2.915544796279898
-0.19972643110456378,-0.019544716948254,0.10517659608087712,3.2234282271291663
-0.13016470945377898,0.004281054548995725,0.10348634359480165,2.8311790597476802
-0.1461717824390635,0.005559800047711305,0.07915180075791821,2.825322994423472
-0.14565157114344082,-0.0007233954292307714,0.11408145233315535,3.0151329568028173
-0.11308090598576089,0.003186649779464897,0.0768282114913222,2.700035250054908
-0.07467296974541383,0.006351611806464084,0.059937829951125315,2.337128141228169
-0.1221812481369871,0.0011721465808916414,0.03754619403124349,2.4423783857365913
-0.09268729477652098,0.0020984040539460944,0.06783771157329288,2.4044190024154077
-0.13377113874172306,-0.007717710916577333,0.0449094890421654,2.653383216237188
-0.1443610912513541,-0.028638282952030296,0.041180780234633396,2.6852411861843524
-0.1397923780357047,0.02856413641431217,0.03836421645746697,2.565411597459116
-0.10551647615743445,-0.0333466827038032,0.08281086718095151,2.563803058236381
-0.10413832142808666,-0.026484835973278293,0.09353189809581487,2.7810274917723725
-0.13151109778549347,-0.029002594435341204,0.0620724772238094,2.5357392303751882
-0.13947971837201573,0.019673166920202496,0.059645628407176035,2.602678909167275
-0.13139340397594232,-0.006926622395194723,0.06275614430174864,2.603521190016171
-0.12332365041043679,0.0006775077761547012,0.07438596020766523,2.5754948217427023
-0.15180224478946946,-0.0340005151815418,0.08335113560345227,2.81675405672954
-0.135921648587789,0.019317601175053208,0.08621084595349746,2.655100479300471
-0.12146375380895313,0.004539682442617361,0.13845713471193247,2.899786364334787
-0.11710866527275547,-0.03567860068999951,0.07214498409076446,2.7081306543470562
-0.14402400950019983,-0.013596413092020374,0.06347002319364486,2.8703385683881915
-0.1661307753431066,-0.013407971182372153,0.1185087372484511,3.3315960354057226
-0.16834513559534994,-0.001549560751819703,0.09888962222320324,3.098237788911571
-0.1640816126193971,-0.005639703989222021,0.11928409978944293,3.0854732656259913
-0.18419283984715568,-0.021118533741456346,0.0824217197894103,3.0371222372910904
-0.15347482191959896,0.009382877566727732,0.10877496061243311,2.923792256547388
-0.2302094391325834,-0.004669362170262854,0.10148421610365378,3.408491812428562
-0.19104148148715355,-0.017156959177851344,0.1275385960593335,3.3043321427082106
-0.1611478769929631,-0.02247920621276824,0.09550344027940832,2.953946717125505
-0.1417881357301296,-0.04202212724896038,0.06939047553400991,2.9268840308720727
-0.08630187386509905,0.011503231465243268,0.06282539501027533,2.7163717029184653
-0.12677630349256155,0.015935664179026164,0.05772750083541718,2.559760453282555
-0.12552824842812346,0.03934515268783044,0.01771967518661795,2.5577394757995005
-0.06361141744327654,0.01346711732830736,0.01765104668376631,2.1807774282208543
-0.05885902611903261,0.04916668389047912,0.025319639274757895,2.345078791935822
-0.12106843860907641,0.017204833913980998,0.0924773472176366,2.7512217416984424
-0.09440302355564063,-0.024608876638002687,0.06425156104092215,2.5598378313627808
-0.07289800566045092,-0.013236174620481387,0.006256987604158427,2.4427154427010724
-0.08751939040418098,0.005731345203779029,0.0413180342057551,2.4929488072640824
-0.14612261538812454,-0.017605200837272676,0.06834213811171758,2.835370257790926
-0.09951206533560662,0.012703241727816846,0.08059718019017081,2.7085679878227897
-0.13895883708189832,-0.03376994728134811,0.10128824021185673,3.1068901023636477
