NM1,NM2,NM3,RMSD
0.037682094952044436,-0.0302402869733694,0.05590187444567452,2.0720309390457876
0.043965881726988724,-0.014250545086292088,0.05819208137095564,2.0645946563730515
0.030262028993436108,-0.005554024775657608,0.08218054271626446,2.2972508217959082
0.031362508547817296,0.033063152230797185,0.031115525374748543,2.038225430510485
0.012144426064288923,-0.024981570094252958,0.09195200224870174,2.4079344590271456
0.056435231307897946,0.017046083147461113,0.08448160546062689,2.4765875954629886
0.07918500719027763,-0.05120292513450108,0.07967008951226973,2.52065938587931
0.08406150392967027,-0.023554670538468794,0.1303751397904244,2.617719918579267
0.060732301259409364,0.01654968545996568,0.06989606881187632,2.2086174989597493
0.04997230224731664,-0.0043299318491478115,0.11717162320134926,2.348915659489834
0.11569329055969778,0.029836588622130983,0.06986565555130252,2.470738096194479
0.11044411778352879,-0.013792640837256136,0.11561015584480788,2.6270413242557447
0.06346646947204623,-0.05138596477166791,0.13153008392610518,2.7387626260418316
0.09757516447612541,-0.030864566885316455,0.10996085810143154,2.4193457639836624
0.12226486685274647,-0.014374243638253915,0.08858444316588225,2.3952360494992755
0.13128317817802979,-0.02234644643196828,0.12869053773609987,2.7057817194919735
0.07085442739635177,-0.025858790462887783,0.1107962674729056,2.3228493398946997
0.0988103761546514,-0.058320592693643335,0.10366145175986045,2.637032645133861
0.18017049288443981,-0.05282764812520932,0.11429917243426967,2.857094236656767
0.05196691228523704,-0.028039595984541237,0.10831629245700751,2.3556198489851403
0.049778260131851285,-0.010518279683978123,0.08689693765183402,2.4016391176593004
0.02646137914821241,-0.024171360395023846,0.12099950396961641,2.5629941562498324
0.05244364686122418,-0.03651643928188447,0.08645355164690055,2.2590667723613382
0.03538855026013746,0.00825487245984364,0.08373744129626282,2.115551664588142
0.014431523273878208,-0.02641267880399146,0.08527089622148913,2.2003361719536074
0.0387717702774315,-0.026838570824530686,0.09009003644860598,2.079853054487473
0.018796659638231333,-0.0599474306622217,0.10026329505323299,2.2821521825515556
0.016838126183252044,-0.06452033421228495,0.08180152706558234,2.3576155352978776
0.018097748010244864,-0.03187894173066352,0.10866663160507964,2.245990512130358
0.04399222966200351,-0.044796414715789955,0.09340854226013305,2.2371542882156734
0.03766241145057299,-0.06510125979184314,0.11742503402520447,2.5952782036971396
0.048008097400324454,-0.05802647824806049,0.0862055836412892,2.3861902412094436
0.029071376000197893,-0.050144561785913366,0.08729512064205226,2.268107630011871
0.04296192093434612,-0.055328160780486996,0.08173060782789589,2.2793254398119935
0.02953038177146351,-0.04494298671262121,0.10510165510788143,2.421499509165065
0.03784478387952631,-0.0339885041160884,0.08709298623865169,2.453321515044955
0.048107603874830485,-0.02815749033498716,0.08216871371013496,2.3087352451591157
0.09824348473697318,-0.030216795110601446,0.08417114512672898,2.422975166354489
0.06894767046838916,-0.05296508816952144,0.08386834490677907,2.3842117092624173
0.09760490268127382,-0.054083794457784204,0.069314732692556,2.5102508897973204
0.1170715905836021,-0.07846591694300566,0.11619214691104908,2.6432219205970164
0.09999169912319296,-0.058835174561089824,0.09756367316711907,2.511369138581178
0.08028878695695227,-0.06195934226418059,0.09166413398583703,2.4754039466311233
0.011437713844739954,-0.048897518549924024,0.05623447064261239,2.249293650707675
0.050689588852706115,-0.044078057187831365,0.09933310174100388,2.359137330103994
0.10111591022025239,-0.05958989647701324,0.08376255041834192,2.408706223521242
0.07679182994814011,-0.08687709570692237,0.09573325094896191,2.524229102589437
0.09206715773742709,-0.0882226938644023,0.09248426004143294,2.58777543915557
0.0644887211147146,-0.03703203279250946,0.08948821126692089,2.3542941476851333
0.003281858514615638,-0.018307698606769986,0.11076105194780653,2.2800090393023877
0.055364004468640544,0.0010641003011463439,0.05856931492706519,2.1682796021077038
0.0031934107838655005,-0.0052384065642825505,0.039436018871314725,2.1150142828361504
0.011859794891068769,-0.01752475721669202,0.03122136677244757,1.884544215482031
0.10209523812440982,-0.026626925473584015,0.09532497840293686,2.550130219017778
0.04332129296388883,-0.017229737232758873,0.1126013186863758,2.412420051298637
0.04812710381708884,-0.02756615504754815,0.10472723056870298,2.4661188538568677
0.056641004632837284,-0.046171398263696206,0.10251497396784509,2.355553195918933
-0.0004745309608162733,-0.05374648146224838,0.047231709601130656,2.188940160175717
0.0526292826450715,-0.01358675459070027,0.019941722874434888,2.0646784343498332
0.0782840108406679,0.004772195548353282,0.014414608431086733,1.9075358875958368
0.09366527786792193,-0.0005906142794076002,0.003633482047965522,1.9792716454813422
0.10575823798543492,-0.02717240363010005,0.034315449013371066,2.193661672218961
0.10704507870037705,-0.035249781098603196,0.004877735324811272,2.260496158489196
0.07267903638255208,0.012421620676353662,0.03190062183044104,2.0937398203572153
0.0952931183702533,-0.05106827386830412,0.0928584162922336,2.5001368272274203
0.06612145936035731,-0.03228690425317447,0.10462778066763372,2.396282194502342
0.012156436709181132,-0.024355730516538644,0.09685945018643877,2.2334713185845727
-0.019633250094162176,-0.04849000317780951,0.11646326534729629,2.402222626495193
0.030972093399421953,-0.056486916890436174,0.08881891447049933,2.4080529285129724
0.024805638784987007,0.003343578489333988,0.09980169336329153,2.266887961857234
-0.007116602265545012,0.031808890498471055,0.05450775334765741,2.190168041521405
0.05340262800776404,-0.0013226426302108663,0.06623101448899667,2.2902561770623477
0.015100461179400584,-0.0022264396495899953,0.06309558977533188,2.142822145084069
0.04932391973202774,0.027453916269539077,0.0220401458404826,2.072001973253785
0.039996584689445724,0.030976142880832076,0.046061087634852144,2.095048851240291
0.05181246781465658,0.007988074775956514,0.04485266819013092,2.056046756808782
0.06538176147609483,0.023545146203328864,0.04080791741072109,1.9950080954156866
0.053174474763557945,0.00845987436139695,0.012301349650457946,1.968166670649724
0.021100590463726494,0.00056111034656195,0.029592975269917297,2.0917388474229646
0.022671126423482797,0.010776318280206585,-0.028516767903133896,2.1179703227306907
0.1344740730676059,-0.055086202694371464,0.03387530366786146,2.395089043690658
0.0909436560223435,-0.0022475958973499845,0.02207953908734476,2.1423551645837207
0.023053297203327935,-0.01523391118983575,0.023606268089138672,2.0552006920557293
-0.036063027772174815,0.0055701213293260785,0.06092880937303586,2.1684236815517095
-0.016743743752519035,0.015425144557676896,0.0021268425005185384,1.9976912870642518
0.010235689542726405,-0.0018086474996066649,0.022506254038383966,1.9806160269418414
0.0658298748941176,-0.044532285498571945,0.10498087412374539,2.3214932802584074
0.0029064116060641743,-0.02811386953142495,0.04660639133047913,1.998834945333857
0.01212107867490773,-0.0325105756331974,0.044727507077134576,2.1296035401949833
-0.012683759729069943,-0.05721865759326913,0.1047614918150104,2.431130761112941
0.025185865723878303,-0.036952744465712166,0.06694564848975999,2.274223519464899
0.029247273878002116,-0.0003726698662914313,0.05521283463300757,2.0991570165129603
0.02199790837601979,0.0025903562633507768,-0.012410821365400877,1.8904362063774904
-0.0021709647570053864,0.0017302640105167594,0.08606117594787605,2.228537282347893
-0.004695235316665851,0.009045719500750473,0.07707116011723668,2.24613455324214
-0.0055005726744438614,-0.022415533534389284,0.07154875601962295,2.356691910512603
0.00391196424221544,-0.031543638870006635,0.06421618502173677,2.142771178287579
-0.045981352136627934,-0.009919280431404165,0.05077143667066917,2.074067682217567
0.02749098891452523,-0.028524969570130645,0.023905765088771052,1.8851296182722843
0.027644686255489808,-0.03258547451047525,0.08742014551798724,2.1316830461378666
0.017178571615690266,-0.07041566231116163,0.11916970253150455,2.4387938950911554
-0.03082335080913986,-0.035400965190454145,0.09538060417933343,2.250551456603123
0.06680901229678884,-0.06644398898077708,0.1233091553152928,2.483406868759102
0.12786163007458842,-0.03868835816382381,0.10496481600840393,2.457459372321707
0.08020287796740422,-0.02344710545222866,0.09910261204794622,2.210282942619341
0.05056633254483331,-0.00355838656313095,0.055793846010039685,1.953077057963543
-0.007830469070456708,-0.02748620761472501,0.0824716022461843,2.085593640532457
0.020549991603159835,-0.011669612475466051,0.09919379112772783,2.1089409152298293
0.020164176007937486,-0.021678876936826928,0.1212637537412845,2.265727713996612
0.029210633364184207,-0.01720642404171643,0.10655733347066669,2.146826136595461
0.036909122980400846,-0.020118903068345847,0.09795049101336835,2.364320020730197
0.01336440843807905,-0.04360608543850623,0.08476001554435127,2.09146433382752
0.041450666712665875,-0.06015539023683459,0.0926070816873688,2.2873774663076474
0.034755631410513695,-0.04901569925431165,0.12308045562236422,2.360077484368401
0.06668944780150368,0.0080596943050719,-0.007132375380447865,1.8884243882703702
0.05430631278125477,-0.05057513351287377,0.050072482275962116,2.1408446515417623
0.07094292084770046,-0.03399040557730696,0.0816737099149127,2.173537224015537
0.04501803379283424,0.0240819604664901,0.04697464064971298,2.0552582053701074
0.06763369947611657,-0.01966489780627224,0.08902070602771618,2.2502013241085685
0.013471683514416978,0.01171210382531046,0.06956774124653417,2.148697226229709
0.06483509429647441,-0.05978224975246254,0.0552008163606916,1.9997280989551613
0.04717524073669618,-0.04772620718534881,0.08483834137234665,2.1538136177028515
0.025860603265795267,-0.046821793587389485,0.07860382850490777,2.0771263948590573
0.007712275436723381,-0.05796276596107477,0.07421950406380699,2.105917407825772
0.04297603298211082,-0.06010536659591252,0.06309217901215744,2.1891241506925563
0.0991642133242799,-0.04111764615199598,0.02953085882617528,2.021579836904108
0.06710185907592818,-0.012035569511218378,0.02108220988041991,1.9688762094208188
0.07010845298020367,0.013747480832693488,0.004076328580461485,1.990004278881919
0.0895258665747294,-0.025934100563563888,0.06741935272805138,2.1894358847674944
0.09644066310733689,-0.04305111241801669,0.04729502492490329,2.129876117714049
0.11041036544197307,-0.07388163443566463,0.07322299631692902,2.6425679981107453
0.02340252595465554,-0.059939543400854556,0.0731464670893962,2.1315006584968232
0.1039997904952736,-0.042282762050050535,0.05234008620475938,2.064425590364805
0.08583691634475323,-0.0389538608683377,0.019020713829990397,1.9585156535034252
0.08269787735907173,-0.04976199532967138,0.007430857801973086,1.9799855587928956
0.09962673170891094,-0.05918120492623669,0.04248923720278859,2.2653667743733124
0.08509100041067019,-0.06243531309085165,0.0325383611401108,2.143907877989837
0.04340528665704924,-0.004431659095703145,0.010522717715353435,2.004050312400875
0.022604597333768094,-0.04901466755446857,0.045476460146556215,2.045824183234871
0.0443481849219372,-0.06642710265730056,0.06757892473410743,2.010491555473704
0.06068880115902629,-0.11482935002218383,0.10497028644118668,2.4812927437426753
0.08022638389028286,-0.03539506447268504,0.024220965164243782,2.007303128903928
0.06203812875078144,-0.0321368501151196,0.043221376828712396,1.8927601682569895
0.047609457846320084,-0.07334330416258195,0.088379136338155,2.145167339754193
0.06013010265466038,-0.01384658880626346,0.023078595633836702,2.0374425653756347
0.08415068616733402,-0.033530959051130925,0.04481357111359124,2.037976677103879
0.07017687825556967,-0.02195414999509499,0.06191359115391559,1.9893219270152376
0.04667338544292744,-0.016466030073530903,0.05544528749362153,1.9703264056682033
0.09351440230042332,-0.004863537255684878,0.029930525604115257,2.0924327444918465
0.09582957482169632,-0.0022646705451870985,0.018256136636278793,1.9309230675631883
0.07695787784185293,-0.014175267719981606,0.037175581475866595,2.0560322320089615
0.09696306057457237,-0.03200850045447034,0.03847676565746472,2.0510518618809233
0.07484715548757895,-0.048642637466927804,0.06864250069482994,2.1460117195040995
0.03974306224882306,-0.062373160261110325,0.05719816267486392,2.131212831576808
0.03984832733358969,-0.029002855518153407,0.0710840776612456,2.0807356099989516
0.008187024025527075,-0.038718739392576924,0.06371893691656556,1.9719271616261111
0.029770817482151476,-0.027205955271670083,0.06127953995291529,1.9339263130173607
0.038190037990621976,-0.05421893525600108,0.05443909307461605,1.9282051782980671
0.027658502531085326,-0.04393644573741106,0.0641022083819179,1.93530039685099
0.07640543846535366,-0.042160445799931764,0.04398262872764663,1.957424975548036
0.029657949200776735,-0.004825538288220328,-0.0026305715485821337,1.910025987517595
0.07114910310039065,0.010107341242566766,0.009575815462048437,1.8815528904751597
0.0825532528408898,-0.018200872763659143,0.03054838046270436,2.1644028830536164
0.06700009162395584,0.004571553285645025,0.03704962704272028,2.063041162470109
0.02660246876739804,-0.04014102717027656,0.0764263166967842,2.228302272949011
0.024185227760589238,-0.03326580402952017,0.08982810284156734,2.013693286578254
0.08031471431683601,-0.026092156787637655,0.0701321582901101,2.01659314990689
0.07357538888732085,-0.027900332747438188,0.08448789373979547,2.219722231014423
0.10683034639936746,-0.003624676962080915,0.03068215082751947,2.1120405612494486
0.10613066455477606,-0.06732083580973615,0.07697883271660162,2.4772175450806557
0.08224415567750985,-0.051568071420950025,0.06768988101268582,2.2688911757263077
0.0783711534033407,-0.045108214887011694,0.07604703444787966,2.1608928972165065
0.07403590652991193,-0.020428673035953786,0.07492874716884348,2.144362965395035
0.0989599690729694,-0.05827067044815652,0.09813065346724636,2.474528622100978
0.08711415045570374,-0.07622304663640725,0.14917943720401558,2.652340280035904
0.06938258223874327,-0.04253191680977771,0.09880295422719453,2.354667622054427
0.0865879059410669,-0.0700842441523753,0.1451458789090224,2.8205441831133404
0.10938218277363848,-0.09429950357903984,0.1730970935695884,2.98887433353732
0.13326825818510626,-0.06471446157938704,0.18154076169806466,3.1848236219185604
0.05496927032920277,-0.0746700760082577,0.10657481106472139,2.5165072989328805
0.040190805575131563,-0.03397492739749891,0.07527254576983135,2.1690586688180735
0.08542389316061383,-0.05394362793394552,0.07370191152112054,2.370197970919512
0.0836231726406202,-0.07842068080448349,0.09327283503669888,2.3327156747112685
0.09983769331299606,-0.04753858392201013,0.04724246138578262,2.1705425415274266
0.029498074094349985,-0.0510241735928049,0.07962858073620617,2.1877107112001997
0.09238036064967904,-0.09294600282062056,0.08114151091289679,2.388382000745311
0.08805701857269695,-0.05189594457406839,0.1442981474870776,2.5503387020218224
0.12075041258698799,-0.041493276499355795,0.14409612549791762,2.709728641528742
0.08224952371446938,-0.04779272234379574,0.0881701111858331,2.267743616041464
0.13454436060845185,-0.07876058129932798,0.16375485190279945,2.927902791545505
0.1278730487490631,-0.05219966084251714,0.10491674804050918,2.5249188125574746
0.14467024798786937,-0.054652121503571495,0.17811627052341952,2.908661453335708
0.05918628431367705,-0.03978056075687472,0.14167522422811943,2.6298828187129915
0.06605072809601222,-0.05563853434779803,0.17944799234694778,2.8495471542068436
0.060394412593366524,-0.05029442130184613,0.22351872134428147,3.086687949662076
0.06061318838768822,-0.07201932965521188,0.1378458673157406,2.760770615421955
0.14832161201970534,-0.04712994295030516,0.1395167667601529,2.8080003409648384
0.16743977673875624,-0.05200262690583301,0.17088869199077342,3.124306884374674
0.15429176365003472,-0.11310512003291044,0.2166772175631621,3.6230743561847505
0.13836735661955057,-0.06960204118128482,0.20865898951955303,3.2573874125326006
0.13586778801782023,-0.05586586770468471,0.21879541575461442,3.358743869891175
0.10096074966496675,-0.05174044222356022,0.1659809292876459,2.815508001139849
0.12887312571441858,-0.05763557726553305,0.14048228469452687,2.8082806651190433
0.1490259605304918,-0.019024374641867122,0.12522063843522002,2.5438402456637155
0.15941036951749488,-0.06997184803664809,0.12051710895880148,2.6455102568777016
0.15274388337766356,-0.029839505030409753,0.14604510284336142,2.9234879962571156
0.2229311073358603,-0.057355797663592334,0.174591811011887,3.4129696544911665
0.2259308120778754,-0.025607774433194435,0.12730832000524825,3.0773454966976606
0.20358960062931128,-0.02961309873174972,0.16515064424416792,3.3274376123561273
0.20893390419635666,-0.07145132743445272,0.22202895046535193,3.667362736889505
0.1955822316812431,-0.053080311083065795,0.2479453488640087,3.9081337471582924
0.19394440427074505,-0.01614299013647168,0.22595261047206316,3.7263191501458524
0.15795416197658577,-0.008537118685599527,0.22927914075248979,3.5236441251087722
0.15412352316733244,-0.05719933023282389,0.2546254489423822,3.7651642295897583
0.10480527344186195,-0.08366482821756487,0.2855677360936298,3.893978671332148
0.24312421561694944,-0.07636289050262872,0.22323286326776595,4.1901859682673575
0.2207442986864333,-0.08750860431075523,0.2776623633257354,4.331887824138828
0.22707450006165483,-0.07092901034722791,0.3371657054477851,4.868100557739528
0.21340321278015306,-0.08200406213261922,0.3128825117910256,4.690891319216876
0.2294604393350317,-0.1332119793688537,0.3303994949399793,4.933451644699194
0.23272050290911178,-0.11226475808470837,0.35619043457569893,5.192476735148248
0.24972523507775263,-0.14117680298910742,0.30911297441757923,5.0318145328228185
0.2333869190992863,-0.11811483569227121,0.31193477642031137,4.802669886367736
0.15755852533803402,-0.09931242221315312,0.2837172809090409,4.119283364695308
0.17443200178232357,-0.11334883328287572,0.2978807629504444,4.535554374366177
0.109829432025151,-0.08708705998974814,0.31010379398300547,4.056975017264197
0.11373813771447773,-0.08261025670720847,0.2706155995132371,3.901450664800271
0.1316538606006091,-0.031137284720914198,0.25410767308908355,3.700905435253187
0.08245397911001476,-0.013051985828883552,0.2704060760309929,3.5597828160862997
0.10913091561311272,-0.03960420739060096,0.3459315417802518,4.175262820496352
0.14519919404152143,-0.10149774408749361,0.33704885134136675,4.2217448998088845
0.15116208219990765,-0.06763035145524576,0.3064547477073984,3.910765647786466
0.12973122699631376,-0.0732495872566094,0.2739484400457938,3.83695255836165
0.09304903292798868,-0.07163764457268854,0.21202940487323452,3.1513456878738095
0.14978329215683328,-0.07635256230235171,0.20197874715880673,3.294520640425451
0.1595686360214093,-0.02982515558488831,0.1766828758430933,3.0002902572422125
0.1433391710637628,-0.08115647965887102,0.2292201511412694,3.486016845264481
0.21520493302688132,-0.08909843264898169,0.2187389108577261,3.637273222909504
0.1590338046203131,-0.08897815916247993,0.2135758468102342,3.4403814956699543
0.12118714587867367,-0.0596745254712737,0.2083519532166304,3.2574595849168393
0.14439152610349332,-0.015444515837790473,0.20134788567466597,3.1161422691177276
0.13701353015723153,-0.06587843552286216,0.22513862218259525,3.5673255404087674
0.09040448546379153,-0.030031611878728055,0.18226545409476752,3.0095731797751
0.0937583065850314,-0.05589074944743291,0.21127575477084612,3.3838632280482592
0.09547077903973733,-0.04307480827850326,0.25891013931673684,3.6627970001031143
0.09852770047863192,-0.09672373015866856,0.2865100599388593,3.8698963511577102
0.12777700821456153,-0.10781325525634143,0.27636475590380993,3.834965120587128
0.1659078023353066,-0.08971807666447837,0.27509957872430685,4.009942164699296
0.1794219714862729,-0.10581078830803892,0.29304532366826364,4.318452063894088
0.21191802082446923,-0.09959349532781904,0.2683362457455284,4.157869837849433
0.20809770481918138,-0.08836842918318019,0.2304676566219002,3.672043648533966
0.20200738557460182,-0.05657749348223746,0.1872622850181671,3.36026255292792
0.16557565445756026,-0.023751968846551022,0.16654744319376968,3.1712843800328465
0.13982503279550512,-0.04494261719704871,0.22290684184887186,3.302878524973805
0.15014203854344507,-0.025058803250045208,0.17630165284979468,2.940410517597588
0.1390952486996009,-0.03495221382587728,0.23026180200177002,3.3201123254974987
0.11376887309502567,-0.027091279325713875,0.23842787879231073,3.2222865294846077
0.023942086464011605,-0.0051090247185916985,0.18668059791457758,2.9288461246244557
0.07983336180209614,-0.022457845545078715,0.24214924783103306,3.3493220584225947
0.09035874645193283,-0.02224360150345249,0.2519530888480542,3.464397689175721
0.05808121648568169,-0.013715613927026261,0.24653405074430684,3.4363310005375265
0.08371652194480328,-0.06444101775299847,0.270638989554637,3.7319663573718755
0.15364672087270992,-0.04583349608375419,0.23226619851371205,3.516020931713805
0.12038545363901185,-0.06369241613768385,0.23598465589732578,3.3457282478634314
0.12093196188602053,-0.09927248044650451,0.3107353002406555,3.994948476967453
0.11165701125762473,-0.05185532387291501,0.24684239937459232,3.441346387260821
0.13949149309547665,-0.053190276851841065,0.3044169337027867,3.9412755760457148
0.16986204809024993,-0.07888328395067597,0.2625045924430031,3.7878671756475337
0.13710176651713782,-0.05704054642827756,0.21683490544738274,3.2998564777477473
0.10279633911679262,-0.06467370976819913,0.2382958041959702,3.3554010207163487
0.18954027148484845,-0.02910400244579391,0.2380996162308192,3.758415913178388
0.16735233222385001,-0.05796128352647299,0.2982544248686667,4.055997324425504
0.15309740511599165,-0.01375360769532527,0.25743834744634897,3.6332283129167164
0.11895067684543673,-0.06097067817790299,0.2929367699887309,3.722382162732045
0.16524236492573632,-0.057134420589634714,0.2754587881110887,3.9747698369329085
0.1676602343317202,-0.06865062116536708,0.2912021623194413,4.025083382182443
0.19935688669610382,-0.058274704636937506,0.24693517895071185,3.9270132208348536
0.13905254345005807,-0.03259145310901045,0.27984172207194835,3.9308457091172504
0.2248569087913193,-0.07323876437620815,0.3589490094930333,5.004028233795701
0.21285043182164531,-0.061808117293711634,0.31726681803608414,4.657027391709736
0.20714435082639493,-0.06936122761391303,0.2838789423126803,4.29622921004712
0.2125836838487646,-0.06887972458621953,0.24785418183588734,3.8048458436738923
0.19922488208098624,-0.059077112143045646,0.21744361576823484,3.6478717831389735
0.1808915723068617,-0.05760001254117383,0.23834263255729932,3.7212410817776926
0.2101698186963451,-0.10173238222580624,0.2802690634085921,4.238834092559512
0.23773091818048545,-0.09226484701213575,0.2160126270277561,4.002518260101438
0.20537288967288556,-0.06767519049807255,0.26683366548903387,4.043665927007891
0.14957984328580468,-0.08022087392264113,0.26104116459790416,3.894031686685261
0.14627743354231312,-0.09499076912868595,0.2337723285716758,3.8108897375475483
0.22846814269819551,-0.06576569727873774,0.350639199496389,4.856675319669032
0.21234430686564792,-0.08349595281706074,0.26519295885491156,4.282435021097506
0.23446706118558946,-0.06282520263714987,0.34500209547258787,4.945216847069521
0.25129749312343796,-0.05547387816721635,0.3478856980501851,5.070607558719859
0.3210910753082611,-0.018894577946730298,0.303475419081908,5.087938264037851
0.30993072208562317,-0.06383047266105354,0.2846206422223689,4.957298200707564
0.2710219246868695,-0.037067490290299904,0.2809981893118317,4.7188852191414155
0.2280434025941125,-0.018000542617774402,0.29678682288204683,4.6374103679211665
0.2030725455329367,-0.04455297495354206,0.3032485096594633,4.709804627448982
0.2663332886662486,-0.07615386092884875,0.36653816376940773,5.3380875507496945
0.23637032043931117,-0.08992635788244299,0.2986235462883406,4.739676985648518
0.23749743773392779,-0.07071875275335572,0.31090114353856163,4.667308156291209
0.2732416119867309,-0.08170115787489103,0.313317129283408,4.882948969375004
0.24046389089312617,-0.059371930609120355,0.33962640845728104,4.938055909940655
0.22992358410036312,-0.08478336563937804,0.34754857757731533,4.99128567392107
0.25254733885778746,-0.09105431259347005,0.3483019862899454,4.993946876374092
0.2056527850171602,-0.08172407914293046,0.30436225797821936,4.481934813310698
0.18715586456801667,-0.062253374519497355,0.2942913813251288,4.186333329903746
0.12189497459519978,-0.059545593969251714,0.29053047596123865,4.0888413973680855
0.11276205159165327,-0.013193347208284826,0.22843774547289566,3.6180721153861177
0.16697573291104192,-0.06384363848300792,0.29668001503091695,4.365715236329217
0.21592404665301845,-0.07486036228520372,0.3258351418229092,4.735218412300043
0.24617329115960246,-0.0604476350213366,0.2947662138697916,4.512739887886766
0.20485444943862482,-0.06917478926664572,0.23492438169447571,4.1029675914668635
0.23043037870878674,-0.1103471864908673,0.3027649820895731,4.672547967386732
0.2298898694653481,-0.07296275946392451,0.35769521838033314,4.997173957317023
0.1789044965784736,-0.058683256468827605,0.2808722444739687,4.00189697986109
0.30035819495170074,-0.014068204849049418,0.27072235956197727,4.648761721465727
0.18607311616177663,-0.0533378655240952,0.23410156329034013,3.849975286294271
0.14893339436167982,-0.04150832558651524,0.29285177185394146,4.202766048678588
0.16074102661900944,-0.01636291657643233,0.29150999308749237,4.233714138893665
0.14242116738617175,-0.042766267069417566,0.27361569721873097,4.2062941961570495
0.18205557115499735,-0.024361404637454936,0.2458986364698484,3.9524301623414244
0.17854695939214044,-0.04737051922204376,0.26558952510469386,4.135940097766978
0.17355057914483593,-0.05771450941363795,0.28830917662044975,4.300363710706376
0.12429081929936865,-0.07751245682422316,0.24222638711911046,3.7463665621981668
0.11565018356433523,-0.040863244568067135,0.26096259419800444,3.677477039318711
0.1673034316363734,-0.03372433367369087,0.24759372993655385,3.5997938890762224
0.18963004341502743,-0.040342448157719084,0.2906072474815423,4.174809735564283
0.12676305094380375,-0.02083984789813242,0.27711916937342174,3.847136732589892
0.17610545431777813,-0.03190280723984226,0.26934787455529735,4.076757785734887
0.16704842828688368,-0.015633812082519957,0.23620051923232094,3.587957967740413
0.133803789336665,-0.06456206050219018,0.2075352235180149,3.4363122634635537
0.12747019248548208,-0.023816300859861993,0.19897765244367024,3.275647384931371
0.14731756023191295,-0.03562418209282723,0.2236190914220067,3.376804014054218
0.2086784589521051,-0.015505220776520846,0.24960194029663363,4.073979563008927
0.2330881738835115,-0.062030773877731045,0.26124247987118837,4.015387493964768
0.1887132316468339,-0.06669044001662408,0.2588851334941536,4.012764659442482
0.21014190318210146,-0.08861122417129952,0.25319667430455906,4.063413981515667
0.2228429215433811,-0.12733428234508784,0.2937358401374367,4.651658396217573
0.1885719949801158,-0.1043134408719318,0.2765041303977002,4.31738723309885
0.1746161560996395,-0.09067858827000207,0.31484883209336545,4.398707029478568
0.18450320681973034,-0.10230063572446935,0.31979495935714525,4.565805346075627
0.2260488342979146,-0.07732941452964964,0.30189192084849154,4.505206488931347
0.1914723550070345,-0.06159742417376449,0.2830304860845333,4.2817494101806295
0.2151099647980553,-0.062209020325418946,0.21897929039051411,3.941380240584469
0.1361742033585218,-0.03520948395234424,0.2503169558487125,3.619678810177553
0.21894910232631382,-0.07097737225149184,0.30329871223688787,4.397327781550433
0.24246533616876914,-0.050576538980624225,0.27278521157158875,4.450539857899594
0.2065498563596177,-0.06590324997991409,0.3057210894160602,4.606770130955725
0.23662580056535662,-0.03698589271845483,0.2854552452879921,4.501377784181976
0.1812325002195893,-0.03262532849454955,0.2491575668773465,3.9597731894256665
0.21850168555042973,0.00509331051529739,0.3374224267789643,4.663357149978969
0.17703899107623483,-0.06367382594548103,0.29439563761358556,4.3028710878788425
0.1664501034582041,-0.0687838130224304,0.35434654167593665,4.834012296841943
0.17341060424970134,-0.018067313004166523,0.3461925208959801,4.838392540644064
0.1553544128035898,-0.04495451251528915,0.32258490051758965,4.405524455954032
0.12432214125089107,-0.03864121014986627,0.3173123229181372,4.236429806991371
0.13819140894382687,-0.02722624031950392,0.30329660902584793,4.3989400078995775
0.07590492562129403,-0.0546372011868289,0.32742843329431237,4.251081483763434
0.17502912319027164,0.001346768273541595,0.28763427047018864,4.037638075385582
0.18506457031907128,0.005682183143433152,0.26202855444502676,4.058737811266356
0.11126516788309364,0.022616160997639974,0.19685735141998575,3.4761600906201
0.11036147317892046,-0.03116557227776693,0.19360159233784224,3.2865377516148566
0.06711187246825025,-0.054710094810380264,0.2861607309442116,4.086822680094022
0.12127621881566618,-0.047996288241671584,0.27353632898046715,3.8651463927732697
0.09298005435891811,-0.03344904210228301,0.23576980919166565,3.749154911815242
0.11755339705098221,-0.028015234382897682,0.12943688896196717,2.9354274270950995
0.13604586431009305,-0.07186436674288327,0.17364010971794722,3.365903104857142
0.061459268416222915,-0.03553914075212446,0.0953498482356707,2.632605724640841
0.1642496358280674,-0.0037673924583215214,0.08742212833810092,2.929785403772568
0.19054985311329317,-0.040829172785053235,0.10291441009302758,3.12290149401737
0.16856341100844177,-0.0032916680957692985,0.06502342230868388,2.761299935368287
0.09764912998091273,-0.03516938100584131,0.14000598826756272,2.856192750656462
0.182936131413251,-0.027510149812604016,0.21973087291945476,3.6844959982625443
0.15336652143175056,-0.0641498209302715,0.21291073505189234,3.544659235510406
0.10209639094870011,-0.05659959539321881,0.21099362015911602,3.388233521649081
0.08984899022729773,-0.05862238929781501,0.21670496344903328,3.2734748139577112
0.12035196151414562,-0.060203233360000816,0.25388221872337857,3.6023832950457897
0.1996212450350854,-0.07030296393782443,0.24073623728593851,3.92511755541632
0.2148506796870651,-0.07736548621309623,0.2339544542539232,3.8472345873178737
0.1718846696906527,-0.07137974952601729,0.252330949293397,3.8311911106014445
0.15882053164677495,-0.08817676664209621,0.20709851636868956,3.664835039927422
0.17188774457710512,-0.11212796120741608,0.2661089149177716,4.237373173876361
0.19020390791801792,-0.07892839864333075,0.2375838935832904,4.037880116514399
0.1526114385317878,-0.043839177017138825,0.24950661209403455,3.8698599730487286
0.1499898643667771,-0.0762657130497166,0.2640848005516758,3.9133852493219026
0.11714169258665437,-0.06507272461243462,0.20396367786208414,3.525573377462322
0.1122842385551361,-0.08787167850021332,0.20317785569358715,3.371478556123814
0.14483889840905026,-0.07165919749733876,0.2937813866755472,4.082208191303753
0.18498068795134343,-0.050114324997113595,0.283088236850055,4.023478428390194
0.15635019757938218,-0.08686919556777134,0.2877509250241837,4.2804622163101875
0.21990130236091862,-0.0636929861711149,0.21939838955431346,3.986905309319463
0.19604690725461316,-0.07354522713404278,0.2720221355478572,4.437116428145053
0.26583954244651414,-0.04507304828912697,0.2987544282057843,4.91879988635703
0.2709812138358998,-0.043910423400040456,0.3329773949592627,5.01931024648709
0.263219206278773,-0.06760003645734033,0.34747449929798857,5.045527407062076
0.1613787558720743,-0.0466835391443653,0.23334990875937525,4.038048443647119
0.1616771013087799,-0.08876963264908419,0.34403617616171783,4.698744984933465
0.15242422931133479,-0.08475687166806994,0.3823065143202574,4.93288788281053
0.1288794971029678,-0.06827685692424179,0.3169596634304583,4.532913209598117
0.12403169965779112,-0.06884450581581172,0.32074115371128775,4.400815669359306
0.18701162636057422,-0.08681738034444127,0.3066995842438884,4.681629162574683
0.15201607005289644,-0.07093746207252265,0.31313490331936666,4.624940360988521
0.11581371397313484,-0.03308210384659333,0.2641196550124473,3.9583075396189913
0.17411851269774556,-0.1147242369226552,0.3237035589250259,4.717450752423575
0.18560071756997298,-0.10067128205705313,0.3065227580737213,4.7511883913327075
0.16793192818092098,-0.09784584080565238,0.3667942234797797,5.143216407478259
0.14370965710569478,-0.1553856519955586,0.42352016171621143,5.502702796022724
0.15167739442954295,-0.11774331312364855,0.3863581637801757,5.12009039893014
0.195678642135072,-0.13861358407422372,0.40040874592635833,5.497772793939217
0.18257603087322005,-0.10139065382098221,0.34431458435906703,5.054150571703286
0.20818976323376148,-0.12762312754646943,0.4040414785133056,5.507601567650362
0.19336132718349558,-0.10701661405735663,0.39052793901421584,5.2701834735077835
0.16375658222021813,-0.14048459802675978,0.40624850267630436,5.564968648330594
0.1829963061924221,-0.10850037839006518,0.4041567784383447,5.316199230507283
0.18948537906219487,-0.13935338669780659,0.4158666237706942,5.762020906172945
0.2057547659326376,-0.14013676432096053,0.35731040457842894,5.258563588872258
0.2223890748686154,-0.12659342432017115,0.31551585813687105,4.9190193260479615
0.21475398604436371,-0.1377947809851899,0.33581056874985554,4.986980959205082
0.22419338551681936,-0.17050517477732155,0.36141911580129427,5.374509913646791
0.2244094993947936,-0.16491286867994476,0.31345740843836545,5.171162502051039
0.20986010492884238,-0.17855169313557784,0.37133329920292235,5.5120491362496296
0.21605841732577583,-0.11470736666253929,0.31648458938178886,4.757216287296923
0.2789921509255596,-0.032278090344556774,0.27420511379642565,4.627924085213033
0.2981358092485531,-0.07867987840396155,0.2832449962632696,5.271828187652208
0.2987330950729463,-0.10104577857264284,0.4033884231827829,5.907383871447909
0.2329353338263547,-0.1385910392169284,0.4038953945837597,6.042004637235842
0.31867912200747056,-0.09607198322334651,0.4224619988509969,6.382783820017244
0.2662240045260494,-0.0917105980661931,0.35509140404978434,5.635528039249345
0.2459933328347359,-0.08889377646104554,0.365402591753931,5.519608819020659
0.2438195241354801,-0.08217557491122121,0.4041659640890392,5.880484074622916
0.19220531891938405,-0.11970743487258774,0.47075547613247876,6.162709241336605
0.2022468097370485,-0.14983109883750612,0.5135085762933346,6.6828135874962316
0.24807211677739024,-0.11435168199148261,0.4515876177158179,6.2666211278659025
0.22146152289610488,-0.17212252945200787,0.5061710804093494,6.705249797411329
0.19267426282059855,-0.17769135712852524,0.471913893880366,6.297215201081976
0.23431710162906141,-0.21778224329345147,0.4928851860401172,6.738011190659058
0.25618308086674013,-0.15817833840027437,0.5404604757288216,7.200662359969961
0.2209250495467833,-0.1537799268545487,0.44546499075903867,6.094829883484503
0.17015431885642762,-0.17157618694754856,0.5108024464795807,6.584611048139616
0.28196771779551105,-0.14897521133699465,0.48323283887212004,6.748058122205237
0.1856496903350647,-0.15038604163948657,0.4873182095712246,6.425516354749032
0.167713865877772,-0.045513101112435055,0.43356046645898216,5.815158149898458
0.1746209704725196,-0.0877187030342128,0.4362782662900919,5.760677358575221
0.2246827479145911,-0.0759560830320092,0.42441479806898097,5.903073466510632
0.2178448954923523,-0.10341385214933264,0.4914369345156286,6.353064488638937
0.21287422501452832,-0.12818085168105858,0.43219710715922877,5.905487897497793
0.2831733864352338,-0.06587601118443814,0.4470835555309029,6.236947538122797
0.21272308066750764,-0.11827598986101848,0.4369430483502813,5.849492172484002
0.2287432632201135,-0.0360446073934619,0.3767356234745965,5.371312268260985
0.3248573983091299,-0.037104392175083996,0.4246601234897877,6.317827103677131
0.3270758552298905,-0.049455460355364626,0.45032705966502123,6.431341731074109
0.26848230055344113,-0.09091341106175675,0.4517219614194895,5.977935845297302
0.1913054057624689,-0.06048345850910371,0.46955561498147763,6.0038180018066685
0.17578312826792325,-0.14427299098651203,0.459340501923273,6.0599360895331635
0.21427439340458476,-0.20058858875402394,0.4554972930714898,6.28755251112431
0.2635655677182832,-0.15917956491848748,0.42222077073211106,5.9123419453512245
0.26244289523226805,-0.11698430514477222,0.47248546286097737,6.252375124200316
0.21972323241991898,-0.09480947303940834,0.45392135017429547,6.058675019615722
0.21867095852776544,-0.13093414144711102,0.4324412926041318,5.844104142017316
0.14066910855012907,-0.12638219993686536,0.41044850606213484,5.455894079494234
0.18549567177772172,-0.11116649523494357,0.44427739228779417,5.723043473933652
0.12177608248857325,-0.12012361223822289,0.44140856265517675,5.62013296961401
0.10359141925273307,-0.09179555597753358,0.3755916331534283,4.832960456982388
0.0976101096027559,-0.09033269082382508,0.38647916413105454,4.903129343166109
0.19688272968165088,-0.05784756481885445,0.3946877786485456,5.312521027887297
0.10437983568074576,-0.09722984111557065,0.4783904252749579,5.858150297173265
0.18800609213418598,-0.10218862549187328,0.535574908481043,6.545298615756262
0.13458062698567227,-0.1481486999162236,0.4699628412230702,6.1803667190232225
0.1624919000120018,-0.14813047536829077,0.5894681314016076,7.303328543056115
0.17524240467524121,-0.147698441917401,0.5251932808726042,6.878082131260171
0.12497550479876092,-0.08181623479989056,0.5268494817876095,6.554217775962589
0.16922069666156395,-0.10052256066818775,0.4916468930526962,6.125774556540979
0.13841283336786045,-0.10529944712830536,0.39485225139414887,5.486281142264487
0.21373283389162956,-0.07672965774366566,0.4298036716020001,5.757283425186094
0.2082143876326161,-0.07907786639370504,0.45971029025468707,5.892403351081012
0.1922356515949118,-0.12807600066485805,0.44826551949856186,5.870465378973966
0.2299642944850245,-0.0996106692637421,0.4496655932423646,5.997854470732986
0.23575959743441435,-0.12907738926807855,0.4950611912512875,6.266245981108544
0.18599373446120368,-0.05397919242034737,0.43169026248452547,5.4017193495193485
0.20998938310575055,-0.013645396901259408,0.4071719526013767,5.188748161286484
0.22961815319724876,-0.02592014054551082,0.3125347302228349,4.629198204265466
0.21055776203207832,-0.02230282752740113,0.3364540283711259,4.699190608809677
0.29183441736367033,-0.03890173795691508,0.3505614607433973,5.227551489451547
0.24386057343513137,-0.08267073262264087,0.36584313806990726,5.339213960221433
0.310104406812442,-0.04402441313660599,0.3819528266654216,5.746972158324663
0.23641652275071037,-0.03750508850987386,0.39840568728378273,5.522622954922756
0.19076487547703064,-0.07857026493619648,0.4389394071665867,5.770593089065323
0.19358118890849302,-0.09273846480331042,0.45034616312928394,5.8325032813123086
0.22929824495066056,-0.1037117416658258,0.4375263445379588,5.818672442931561
0.23401966909250763,-0.05989372446491124,0.3605443186148459,5.040703252075969
0.25371720779411155,-0.09927659402456863,0.3693274169087616,5.371913680651315
0.2234753390100577,-0.08085985046779838,0.3395184513754094,5.120066014504349
0.20909919767323615,-0.10068058472964342,0.4141978565345462,5.7014741644720255
0.22196556496892367,-0.0886413176905682,0.36867392544951777,5.320894963058447
0.18193812474131235,-0.09161126736805549,0.37882708040022367,5.142487501998656
0.23884486657224585,-0.027950923457685375,0.3752021998288348,5.414989462591979
0.15003390421438798,-0.06539984294957384,0.3337506830390617,4.665589931209418
0.1835477964569983,-0.09569162648195942,0.3049850353133583,4.575071836377461
0.27921121374690955,-0.034530364846698,0.31464373316082206,5.126506155286151
0.35753576492808387,-0.04101597360177915,0.3377338120672616,5.665597123348085
0.28727832306347234,-0.07523195687766873,0.3757860066592401,5.5707832311088055
0.29884722977108935,-0.06649533967004678,0.37469567980151003,5.593137781529989
0.2617832507335203,-0.01581746850490094,0.3377710862250564,5.161346291851616
0.33461320785149823,-0.05918239546322523,0.42613483977490596,6.169323377574652
0.24923549181748875,-0.06707777276032278,0.44081020258872505,5.756686062506246
0.24949861850589689,-0.1337467465628089,0.42052716848355315,5.749057613296342
0.24173342791071625,-0.10576172627655056,0.3827336125349687,5.334017724769431
0.247533086445861,-0.05236894153301562,0.3270635974601512,4.918774765256343
0.1919681033480453,-0.038415981970868485,0.32488888474169136,4.80846009611906
0.215988481968264,-0.08199112012417507,0.3431512561309641,5.208647347493715
0.27666586452438485,-0.053911906430245154,0.3481585719395921,5.2349883300415625
0.21990950151567232,-0.05311742937125192,0.3096950108367052,4.843514808346865
0.2485255244967837,-0.062167519447952305,0.36141915558116744,5.316072912569796
0.27578124869925286,-0.04198680655873285,0.31761332818247695,5.034466908073648
0.27932148615331065,-0.10891870837257503,0.32680943454644407,5.422917785013839
0.32604021798892724,-0.11414480017013737,0.3249119353124531,5.611166131538489
0.2850949096052214,-0.07224173623291033,0.3644075870031455,5.4849440484336975
0.2906951348514721,-0.07662047659797075,0.3949557536778058,5.8992668313881405
0.3176938740886245,-0.04474061548146154,0.34505273642579665,5.552611245040567
0.29171158828280375,-0.07518987450606435,0.3898692088345457,5.874533730255446
0.23777484062930163,-0.10877915187296444,0.4849806565298216,6.234276023197314
0.23708607685866323,-0.12020395875853075,0.4688358051603503,6.315209127796724
0.25876167143624124,-0.09869123051407488,0.40573470318128624,5.830048015614351
0.2612690406692054,-0.0680706394873473,0.40425082776815613,5.810837138444301
0.2381085198925345,-0.08287806804335544,0.3603139646267516,5.328052307397923
0.2822484443358459,-0.12071175677699668,0.3966184013373496,5.86322375836378
0.24273781222394528,-0.10141374337633902,0.420345647754297,5.895174193200208
0.13553867139340192,-0.05211991296603067,0.3678153281405475,5.164587626710171
0.11936614092049425,-0.057117990958045074,0.4060837021771948,5.58902206000382
0.1347409704770682,-0.041549493538994994,0.3915689945711825,5.089300587891297
0.1890996217910001,-0.05441391860854304,0.35914541489881385,5.094816307252784
0.16553445256140412,-0.032388484355819376,0.338033837510126,4.764808203662149
0.1533004099024776,-0.03228566881757418,0.3804241315083226,5.240133821084207
0.21072862677531126,-0.04142246527912158,0.30939870438534645,4.663742466441361
0.1151818759147281,-0.04334731433682286,0.3207977254405787,4.440273390951264
0.17478675075855124,-0.036885131682955104,0.32925624270612935,4.554469797432633
0.18978136665321196,-0.02609074355007983,0.35737933154617385,4.872912709344076
0.18202659411418484,0.0006574976682860061,0.360588616219766,4.962739714241891
0.11968570759920087,-0.02891859138912348,0.32099112921119405,4.349594409617899
0.0994536922138165,-0.05170933629898941,0.32278400958883136,4.253109758884437
0.030435777400380625,-0.09424937112862225,0.36691036907392893,4.6486877233631
0.05982095433222728,-0.0910021306942933,0.36078356435422326,4.599200419580764
0.016317734411015937,-0.1054373767944854,0.3173079905039589,4.300817753441339
0.07158288315780849,-0.09886920563087041,0.34315175699073147,4.849873374400733
0.12217359157724372,-0.10834185677083319,0.3669171159166228,4.824100172937597
0.07811507254185011,-0.07307096211527268,0.31843735813414575,4.500308612735286
0.1149971285279242,-0.12704014638305386,0.35560871754892887,4.784632938568011
0.12147725915582969,-0.12748133581313098,0.3772279238454503,4.969549843442325
0.08129779373642596,-0.1254371877448338,0.3941654452776604,5.02115060873117
0.013906686160951474,-0.13506890435477367,0.38084131699926077,4.890641736327886
0.025270582114558352,-0.1327884440217915,0.33749206469462256,4.579835714788951
0.011993747833115583,-0.10324903860999853,0.32623328382258326,4.515497448047126
0.09138547538851642,-0.09271116363542584,0.36455248278038443,4.787138935400266
0.031333328013374864,-0.09709174549455905,0.38783009922096373,4.90743414258725
0.06513568487006603,-0.048230651919468064,0.3563297756026819,4.678987931184838
0.06500303105741287,-0.10072921441293659,0.41597122959066773,5.271394740405685
0.10639771109814589,-0.10473579499408218,0.40065669606676396,5.327338378008152
0.0034243303576588064,-0.1277670232599987,0.4042965766559714,5.557881350631176
0.04266311559760813,-0.09965696115300628,0.41650261089585494,5.465169799161763
0.035117724202388144,-0.12056067235100666,0.3595644086943619,5.304366483074682
0.04424176400411971,-0.07922607182599191,0.3468550172281483,4.796711602410656
0.019080777213230534,-0.1207151732943164,0.33803455656466247,4.878028465341704
0.06382479708899651,-0.1416633289656155,0.34508457726096675,4.970325384433272
0.08269387245937417,-0.14541425671772837,0.35803521219146395,5.0258703900536155
0.016617854851691698,-0.15586199066884712,0.37054228130023104,5.062562236787103
0.06165644219185366,-0.15493912328072088,0.3418605824960938,4.756129707430103
0.15316547778998854,-0.1683485051427932,0.40953942634921764,5.49087912169716
0.13753324371919667,-0.1646846994648862,0.42031444747223895,5.599281831246498
0.11070066802646812,-0.18371743449494796,0.4047959897151246,5.363081353834876
0.14770952307146157,-0.1605589842262231,0.36544760800986625,5.155301876977424
0.16693304602769735,-0.1662422358976777,0.37272528687840134,5.266120646129325
0.1703702359512786,-0.11348181209072714,0.34334212705332773,4.7700423148902305
0.14562778671459478,-0.08580066247772021,0.3046034643137989,4.376583622274097
0.12261239514742842,-0.08252707694712134,0.30571464422902694,4.2993565048117715
0.15692214994217,-0.08852143458837268,0.33173000740689546,4.640912143229634
0.19656559228387638,-0.09266477753625255,0.3308073520838923,4.683880645547563
0.2511737825459996,-0.058618345186172933,0.3120615092672652,4.724074441280841
0.19488456743180596,-0.09755203929686401,0.41631818895774075,5.280521728668233
0.27126849031558387,-0.07851220462921596,0.3952331427718256,5.379759574534096
0.2454620976816051,-0.08849207757894641,0.37309956084614415,5.108229071044785
0.21552221444818226,-0.050484831983854936,0.33600324650529123,4.67355440955062
0.20059810229758396,-0.06746772944022836,0.3778414619410233,5.050170973181542
0.20481928128608848,-0.06793699802316983,0.33223033115714884,4.715814767074194
0.17514983347233906,-0.07944123036108053,0.34232165077343885,4.531586859510331
0.20435593211638056,-0.04659564280618597,0.2654830391062957,4.203856939061142
0.23104541954686475,-0.07182106733926374,0.3334352564355514,4.810359442108667
0.1932749149907311,-0.04248346013535204,0.37185597589584357,5.040466835442899
0.20647768150627865,-0.05846712601257829,0.3271450742052373,4.8797228461700595
0.24295377092582024,-0.04421909827011997,0.2840205299040747,4.434019329866613
0.24755879967563882,-0.06901198160941215,0.3278979011523027,4.8976105731106845
0.2516511493163546,-0.04512089581011744,0.34902490841440725,4.90429547135466
0.2607346824399426,-0.03726055612594217,0.33184118010560626,5.08633369775428
0.2999803626404578,-0.06771870572085532,0.3234806247808703,5.064997449665595
0.2653093596271561,-0.08669430135275083,0.34079187325815474,5.055489807425338
0.19433812049593474,-0.038930544348428,0.3236854741640632,4.343503386050268
0.13183451020116366,-0.058446575511194865,0.27560288592839677,3.98843218894831
0.09893858266892848,-0.04743075684735439,0.33306129065286527,4.136660018181478
0.14683419864072808,-0.030715543021610208,0.309901451912724,4.3201135132521165
0.1946276920523717,-0.005634471526804276,0.3040837071176554,4.482929810789326
0.21249326681840053,-0.0017952237255307835,0.3091227460781069,4.510741324468939
0.19705336700121365,-0.043459537028176475,0.34325218887592257,4.749066456001499
0.15337856530230898,-0.06018288258940333,0.34596125286326135,4.571883042433037
0.16500296069060374,-0.029306762792932487,0.3413716208954363,4.644888125867574
0.20648060113824754,0.0029859292995107005,0.34875948915297716,4.767012446527683
0.1783459260593212,-0.002834358985291214,0.28608678332085585,4.228132106229739
0.2015454232969209,-0.026384975153424334,0.3309960808370203,4.58920949813287
0.1669210687305162,-0.02531686325543793,0.3538182836266049,4.648039048404775
0.11084871335834323,-0.06155431292172388,0.3138606128700796,4.172151940654099
0.14743244687632923,3.989491060171802e-05,0.30848691739128864,4.147200116025259
0.15164059725937085,-0.10563290007323205,0.40211004016701923,5.193738131331171
0.21162475522921542,-0.08718002065807504,0.3923486811534496,5.50674030858447
0.17627051413489858,-0.14032880396647834,0.42072502601654205,5.562728411105133
0.26935437225701603,-0.15866889957827746,0.4550698457743252,6.241451818407461
0.22676861787956573,-0.15134410063420484,0.4428369479555041,5.8458367989476905
0.17606393922088098,-0.17612094865025327,0.39323308115023553,5.56390296592121
0.27638006578983726,-0.1727296426173017,0.40405384510123543,5.989804046508053
0.2610482178080357,-0.1798023690818024,0.34703306932585154,5.402095028730019
0.303039671751286,-0.1864070685699235,0.4235022188179175,6.185146255079
0.22424541616351662,-0.1593535467978651,0.42073055728000514,5.795561977547689
0.19562155083840735,-0.1393805948321828,0.48722693316207183,6.332708870786358
0.171457728007921,-0.153381332571506,0.4897042298087046,6.3464718198083245
0.13098627978114258,-0.15733849328075225,0.44002590674049086,5.740903374510092
0.18732350529955955,-0.22149151219169738,0.5044631950911752,6.51966945741086
0.15074654812582125,-0.18180330211002418,0.4810721824105146,6.352578019279358
0.13208794048259542,-0.17154915242627986,0.4926303570390007,6.281249881759388
0.09003905658483403,-0.18120813717611017,0.4238101486186549,5.588733634432762
0.11603413328452017,-0.2126508506810053,0.4864689166755591,6.167852394552381
0.12488743041544025,-0.1350314347087718,0.46249418611318427,5.808284563561228
0.17083322493158223,-0.10177643967860958,0.41842575312098435,5.524454048591848
0.21185972903922903,-0.11225527451263773,0.42559178214223037,5.733657571333171
0.18876493327596675,-0.1050326961107061,0.4591888094410819,5.907009089440224
0.10164477454806654,-0.1287010328780656,0.4565827920900795,5.8910715604391415
0.1433090660611915,-0.0776012173141859,0.3873440545123997,5.243352399348456
0.1865337374777385,-0.05228234760399008,0.36983003419044835,5.014739376278285
0.21093864073783863,-0.03319722538136209,0.3050421189518253,4.560473181607478
0.15011834557457482,-0.023568417518946925,0.3262838867453216,4.322709825406938
0.17574882002967507,-0.052563709805879315,0.3652155905552171,4.76719245806904
0.16319900697747336,-0.08085197499998127,0.37878004302042667,4.774591629742329
0.15053658201275513,-0.06429334586943089,0.33244306740422963,4.441817755186442
0.09032447853275136,-0.08587226320088713,0.29465264363948707,3.911262163357919
0.10749780768474579,-0.059290216520413594,0.28185707543969046,3.8082393005589315
0.14203637292380727,-0.11276195370269318,0.371587216478863,4.778551375916716
0.20837662440131619,-0.03866934813001225,0.39603332103272726,5.178095734744669
0.22298016755844074,-0.05462072630883045,0.4253953898059438,5.418325332818321
0.27570960673345546,-0.07850632795613015,0.454249137906372,6.222092519224093
0.29160259104122926,-0.11148145791737782,0.47493240827772015,6.561427319607782
0.3024329047320809,-0.1131337904123429,0.4578717346370646,6.402791440903746
0.2982512860250251,-0.10289441788417276,0.45263865305005857,6.493819926810586
0.3006148784025014,-0.10711206737380902,0.4996154468650038,6.881729908373746
0.3244589006566735,-0.018647126495213412,0.37257695856247564,5.810971014711578
0.275002819381375,-0.057648017571660035,0.3504874954917353,5.058863952236264
0.22693216475386258,-0.06277421417753068,0.42338157553866024,5.484457930234548
0.2191154485879523,-0.047211773904888225,0.43133036844321426,5.488717474807188
0.20547721648798806,-0.04227057695761505,0.3804311195796622,4.986740964883289
0.1949271506102973,-0.046520360729367015,0.35205751026118864,4.599987385406706
0.18780542158624505,-0.04020251241678041,0.3056494885503175,4.29328937961469
0.2011571426093203,-0.020154779994352938,0.35961767552713664,4.755559168003495
0.1321121074647845,-0.019807870408903187,0.37435186727881486,4.859673669255621
0.12454136300617857,-0.052082192889971714,0.35110514003834037,4.507973303732493
0.12632879854372112,-0.04070902283450665,0.323924910565165,4.313882994794699
0.09125982710498272,-0.053636150271787475,0.31674969742625286,4.131858844775948
0.12918478545152287,-0.04899470383055743,0.3409335896712204,4.384434031559513
0.08334209069149687,-0.05409477291007888,0.3488545220172085,4.269770743755399
0.17013397316135884,-0.06493891394880963,0.324814920633095,4.312022906397191
0.15441426333086677,-0.02512904079614013,0.3378696219689371,4.501592911354777
0.1571674657708442,-0.028457002785593877,0.3182234093771124,4.425852428288255
0.11402219795459731,-0.03768006571730505,0.34656097163574734,4.45988090481269
0.23573651725962608,0.0021952328186986593,0.2694760506832208,4.324030134175532
0.19082118338134052,-0.05581209695312835,0.30848849556412183,4.479445247059999
0.20810157900946766,-0.02989016344959686,0.3423637731421842,4.755537171927134
0.20565712919000637,-0.04495183735735232,0.3514708909596979,4.760765462167313
0.23507624773779082,-0.07917940770326548,0.4349400822924396,5.542540069332566
0.1554824154015125,-0.07421793690199584,0.3507003308311455,4.636242054960503
0.1412570459193104,-0.04960824306922887,0.3492954950609968,4.417453791647523
0.140575892770254,-0.049264293341037324,0.3255103685756017,4.22121653765834
0.09347213774507922,-0.07039361891886461,0.3123671560381796,3.980750031059366
0.1527873546238202,-0.0648714017146962,0.35478917902518137,4.364090614262596
0.12242084442708263,-0.04032937612777108,0.36193386730311705,4.333688815215626
0.12835752580583748,-0.022304126205719022,0.40774299065078456,4.920787600775308
0.1630464493158498,-0.05890997836744143,0.4743586234978203,5.578931542054582
0.16801577520157504,-0.10097312170517615,0.4876631036228195,5.8658849182231085
0.1726387409447313,-0.1225844710214849,0.4427822718950746,5.668117252653389
0.2454191238776735,-0.06478339713655319,0.47052249192875156,6.069447071714449
0.24002740683821755,-0.04143336065433275,0.38798272510801385,5.479085186217862
0.25309913383641147,-0.10382549555852576,0.3521482670369652,5.4473871436203725
0.2792152807971296,-0.08147214043632577,0.4097740765944779,5.714182550913925
0.2138257410004835,-0.07583169637227238,0.38690090199590826,5.207892477409092
0.1969041385201423,-0.09676465945164713,0.43661996458693686,5.522428707626597
0.1961890476792897,-0.09246283195785766,0.4168940366617922,5.405249768840059
0.14024830732172766,-0.1078357608815718,0.4389736606870142,5.4884620848408785
0.22880379056369013,-0.12509683479602496,0.5013473197959029,6.451042180034841
0.32125968795178983,-0.08296325956243814,0.49459711113743954,6.826921299247346
0.2885714229059904,-0.090354809759975,0.4071502591745402,5.861052143914879
0.20387949562733523,-0.11384763850280127,0.37478853852866856,5.30368118601686
0.24746582940918757,-0.09756751947381076,0.3558032427328915,5.0691249586771425
0.17348975485069737,-0.10194398528598807,0.3320411435542139,4.488397872161983
0.19748246124896376,-0.08479818894341334,0.3298214674901916,4.57358401001332
0.11748648701515395,-0.06781160162393114,0.2667227704544328,3.943199287395851
0.1464234309366152,-0.011622415378052331,0.296439609261614,4.078130204456345
0.14111520998385116,-0.07345737344070019,0.3412370046639631,4.565728197327306
0.1511917569602175,-0.020063044996006293,0.29431732380341635,4.285099763923305
0.10405738336953012,-0.04694038716899705,0.2881267925639003,3.9212011279310266
0.19299507690986684,-0.06895825710853697,0.3499275572472754,4.857556834238716
0.1288626510161046,-0.026966214828153402,0.30880407328626536,4.306311946942029
0.10855895792199523,-0.08925255406621316,0.3180796104642906,4.337687388321135
0.1774835085865084,-0.05283512596710189,0.31699765705354926,4.482300110963262
0.2097448848509933,-0.07387130674017087,0.3333722394911696,4.749895072304417
0.16775057779489944,-0.05846299205163142,0.2880342629310994,4.230940227994343
0.1866728437866483,-0.07262977124441175,0.3177783364045329,4.607979236378203
0.1610440191896324,-0.08311819338664818,0.31648896296427736,4.596497426935959
0.20068991326612018,-0.07556075234659985,0.32192301583141575,4.687744222510984
0.16536510367508866,-0.053966979303947345,0.3050899048450192,4.421689828944109
0.16856425964272237,-0.047457593066711275,0.29609272914955925,4.326727702961642
0.15924299607205417,-0.07247265217021515,0.27402836824001797,4.182831504084623
0.10305284274322582,-0.1050420867051242,0.33964752637554696,4.56111382959178
0.16924488014819833,-0.13062429464526976,0.44338317551724926,5.599181991960683
0.08252958054654834,-0.12829716466435453,0.361117885909348,4.698786175811111
0.10971511228120269,-0.08482922332914823,0.3303256804528261,4.201646887241391
0.12628646886049658,-0.09162897287802986,0.2444604900681731,3.6102291970995672
0.10089190550185724,-0.05767377308864009,0.2809302274562196,3.8017946486131087
0.08507021260597393,-0.053408524678991084,0.25887376244552124,3.452038277903832
0.12387898402291485,-0.04789724177095559,0.2665762355250584,3.8166405392887057
0.1567690833867698,-0.04081331462775628,0.3109676692268191,4.155473393130926
0.12038269220963362,-0.06543341238889773,0.2807118036833557,3.9341877403546723
0.12776225548393882,-0.03407108336654174,0.27965988119205815,3.7507743046982474
0.1266570003672035,-0.07571717661746039,0.2794828893981876,3.7681605751695053
0.1627792402976464,-0.054939050398051026,0.2892428516101822,4.2025585732252715
0.12033213808358842,-0.08470350397098235,0.2558954840963623,3.918089716954726
0.13198030402574473,-0.08944911068450645,0.2372311889837748,3.7539390026494073
0.12619846188663714,-0.03166415493190486,0.2659432610162329,3.7342978910825666
0.1262215350285894,-0.01835696235457611,0.24891174283126932,3.6811233134484835
0.13106257431730486,-0.019249450220345497,0.2740692276331384,3.874520806026251
0.14864701487870197,-0.07547464170171908,0.2525088427928503,3.7945113080263355
0.1402535202913419,-0.05924380471823786,0.3027261459161185,4.284481827285327
0.09876686987352527,-0.09853998397723952,0.37142988459577103,4.838525877048364
0.1671328498869749,-0.07808559017774448,0.3572224053763905,4.807877219715441
0.19661595671078383,-0.05038677439267541,0.31443412998068415,4.580018772351491
0.1901828252413253,-0.08024150146014243,0.2938786679214787,4.427154068347589
0.22748150354057942,-0.08283661421076975,0.28469125353251046,4.506642553264346
0.20972455700468873,-0.06055350586663049,0.26601267712615473,4.240548461174091
0.2229908132126449,-0.09518612379949097,0.28524856402131715,4.519964237940191
0.1843797281859158,-0.07742528924511544,0.30582482980944803,4.500929960726832
0.22568873936742187,-0.07447815746708492,0.35028312569903663,5.0240059960784835
0.23399150744560532,-0.08616730188774412,0.3602708930825618,5.159191368999212
0.2104815176837043,-0.06545977180459013,0.32258861371162617,4.672798412394522
0.2581670662330182,-0.09228261806130839,0.30734693295953075,4.963973282984626
0.22401802298958984,-0.06401053199544156,0.2589415462107197,4.504766583562211
0.2517982388800721,-0.09949464838945128,0.2977399776392016,4.750949826310319
0.21232348361859166,-0.05366419542973005,0.29297558591176837,4.511277777628049
0.21785469012290937,-0.06308311759287713,0.29342684927505375,4.551291012588586
0.19885296937445904,-0.10147032956998239,0.3354267956593519,4.748130405752382
0.14582340132072397,-0.1567454933223092,0.3593853709970576,5.080313542264681
0.1785336696051273,-0.10480446337374504,0.4025986107226284,5.382317439447553
0.20562056437655185,-0.10378490875948085,0.3255059447890953,4.866528185491648
0.2224097657149438,-0.11783112931027945,0.34633941432696536,5.138949389241318
0.15233104619205926,-0.09465591442928943,0.40127679632952146,5.291775442582749
0.13383627651048624,-0.10013836526700905,0.39215849296265576,5.103352928643277
0.12172373199607488,-0.14484398873106455,0.397812899532518,5.308102402257383
0.1705076746530952,-0.15772796331402783,0.40754969032941596,5.346155658598518
0.2080830866983768,-0.14789310297761832,0.39128633049809725,5.553102826311538
0.18643663405591576,-0.10145494070235399,0.366463451593223,5.146375672500639
0.2551864589576058,-0.08684666854930295,0.3396449817980941,5.0384474447062875
0.2328960958987183,-0.0561730036118107,0.32690647609723483,4.839462168157358
0.21683989863648484,-0.10720726401805993,0.3612786692045622,5.1674367178740965
0.20347035859647725,-0.1283807970801824,0.35639261478810685,5.038265840400529
0.24152993362465014,-0.05965737225078977,0.337347791660759,5.0771864560040045
0.2091265136622811,-0.08059292098851378,0.3196453474119471,4.758004034897265
0.2500769937904555,-0.08571602743694823,0.3579736340663247,5.3872010436629
0.24097301271168395,-0.0742221428424608,0.38580392137743963,5.4928608640266745
0.229655582845582,-0.06542129390195735,0.37800494339567103,5.412503683580391
0.29796975567864853,-0.11767154584724336,0.39108143058757106,5.7602812020341005
0.2466435528245701,-0.11953520303909705,0.4216740839118316,5.747421388883263
0.17394159308083124,-0.14332111203350775,0.39702573086575593,5.142231599468226
0.12910207987217945,-0.15465963727892926,0.43458251949816856,5.385463592189804
0.11236188671119712,-0.10033851951032743,0.3955567323220927,4.777185347788733
0.11830560633521237,-0.09684901834219568,0.33730005552724635,4.257475499867604
0.10914435681353957,-0.13657486074548994,0.37296231492224075,4.747024744171177
0.17385061847019082,-0.1912895239238044,0.4046555210252746,5.4188914654998666
0.15857138254624323,-0.19817343742037577,0.48559571279170005,6.170066999089371
0.20616080462568556,-0.16968279372064363,0.43503152933833034,5.637390123729276
0.18458357174149104,-0.18528460089268908,0.41428765351689045,5.614853643715613
0.1823543453480603,-0.16500729043619983,0.4489044436774837,5.746108061581069
0.2025456310617425,-0.08370011161176219,0.44336502386496673,5.624255758267158
0.24945617093919484,-0.14589199767122024,0.43159106269370495,5.844158108047267
0.26026917007096345,-0.13199592263828464,0.4220429926396348,5.700656120587868
0.26355305919878674,-0.056813119290556935,0.3623525053540922,5.103337273542211
0.2272593317655749,-0.09437311415835607,0.37976548548992967,5.154300320457064
0.19577562183590375,-0.09273346322102925,0.330894018896914,4.55988419241066
0.2604940805357836,-0.05651201184010665,0.3329596272342287,4.764700479477014
0.21147346890543708,-0.11818990806585708,0.396354174313543,5.0983994008600195
0.23439452725721574,-0.10200153765896457,0.3527213913116767,4.806763328945694
0.18226807887118335,-0.07296231072176697,0.3145462948194467,4.4272353886797475
0.1649525849538866,-0.11055822471144426,0.3554523531534991,4.782978954484176
0.1553416350732946,-0.06890982784874897,0.3301677402954342,4.281935430348765
0.20792431262941524,-0.08590746698947835,0.31732056046876755,4.4624046496107574
0.24949925331352024,-0.10098591542463468,0.30802215535494654,4.747547351400912
0.21631346869516124,-0.11897924540772901,0.33281372166403983,4.613978011276602
0.2625780445463356,-0.13078761916003845,0.3256167104929004,4.782660060385564
0.20379471582268682,-0.07340962890697672,0.31483155291221765,4.383754843209886
0.17907365944193201,-0.10044534591212641,0.3432987914552436,4.596566130153257
0.1623554253442664,-0.06297288318945661,0.31227311568647,4.345111298412104
0.20932408353526283,-0.07487137116963984,0.37839149827552615,4.88351102140147
0.21134503234232546,-0.07619252666760373,0.3485530024689484,4.808167020138876
0.16990526108839663,-0.16817960182240466,0.3878386799156253,5.129640927435229
0.18507421812240318,-0.17728785742286318,0.48051127635747337,6.032580160819522
0.2157914638675788,-0.19626029254122535,0.45519031692987877,6.008362918086706
0.1712018706359021,-0.19955376097700178,0.4543564382661694,5.876213952426287
0.17901911745077964,-0.20154053762895743,0.47314018696992793,6.071664064743762
0.19296505853410195,-0.17883009236607275,0.4634442919322769,6.105230819205247
0.18311057190965552,-0.16063172160757339,0.4085952423296657,5.558531946208364
0.17289946001241746,-0.15978057080059974,0.4560342701793311,5.791935018114616
0.2107776899654409,-0.18699738077448586,0.4531075544076218,6.065130240798484
0.1912793015082408,-0.18922348658952495,0.43582994254039986,5.881643487289045
0.1937755389071543,-0.14068337043797027,0.39945117232159955,5.361606682406311
0.1965963520897557,-0.15294679422221907,0.46243778484948095,5.992252105248075
0.19083362296306136,-0.15540346225605436,0.44089761038384195,5.836588088253615
0.25987044724092023,-0.12371637478558793,0.4373989255992253,5.839825611870107
0.2780772220762476,-0.14391026093106538,0.4730609728016661,6.4298650250048945
0.21576934644001833,-0.09550959544255047,0.3669444636315569,5.107916414712732
0.23414941484779858,-0.1021209594683333,0.3517644123852669,5.072069340128607
0.23866363507892555,-0.04008732914859476,0.2958647355879165,4.570020877101899
0.27515284183940714,-0.07207719366904049,0.36146805141653504,5.301759673315542
0.21093894573321592,-0.08841481207575846,0.3474763465460474,4.831465950907147
0.24163863387079484,-0.07618450884646046,0.3253213104389958,4.832389868845135
0.21206257695556646,-0.07476024725528266,0.34428967307886743,4.847997239307646
0.2291055222520281,-0.03991041949001442,0.3450567861779894,4.843498169018835
0.1919445924243336,-0.029390295436001364,0.331230782958511,4.538765720559463
0.1983352936194185,-0.056559396956854635,0.395741512908018,5.141367257098595
0.21673598073727146,-0.04737952423860696,0.4361635344924235,5.430854950872571
0.15763621209205914,-0.1382144872873414,0.38473421512915457,5.259040350726603
0.2753603589512497,-0.14500193084485602,0.4179150207803904,6.079013272088371
0.22406642129494775,-0.15784771437603354,0.4834832801282204,6.423612681294332
0.23699662741175545,-0.18656051721990277,0.4872656184924065,6.543492455101619
0.20593019882166466,-0.1344269748122597,0.4222703152760284,5.693431547261251
0.15413396866358187,-0.17014835608017767,0.39895498551413744,5.321958974022408
0.15825191654668702,-0.14287091528456436,0.4286882182602947,5.501002276839206
0.11453907201405865,-0.13078775638657256,0.4019597725190955,5.149922714926367
0.1775780096758705,-0.1303954014792903,0.4561482571986316,5.708907438403544
0.18827380062898347,-0.12561853169039083,0.32691934932607597,4.799136213893086
0.22754733041692551,-0.04618067363903392,0.3157514439011534,4.7033561791377005
0.20813677026292346,-0.06163650456662904,0.3551146470191098,4.893033863165799
0.171494426091752,-0.02628285457020645,0.35701137936527005,4.595352954536565
0.07338540461253068,-0.023152110290921197,0.3484127925432176,4.292393482735182
0.13268902117727052,-0.03145560261048137,0.3290230303504747,4.196509386037876
0.10307527993263839,-0.042842106466958074,0.31752577967395545,4.271398339480608
0.15129305065999496,-0.05364774959973509,0.32238420853664845,4.20304303405943
0.09503893221554448,-0.028841925375774156,0.2814617498585058,3.7766153659744934
0.19397850020459032,-0.08199562342285367,0.328086898049063,4.794987191186989
0.158793378941461,-0.02974789313875941,0.2521125746461538,3.8528714777165267
0.17376551808374963,-0.04225505499506354,0.28610879955245455,3.9858334428830693
0.21204033411309153,-0.05356430127865457,0.3055044309769551,4.436489579549681
0.2056298347688927,-0.07253409546359295,0.28462793005953946,4.41307541169177
0.19358496580606574,-0.05806880502686293,0.3148338297122267,4.524380506637975
0.14095192537566875,-0.07038691595934501,0.37372935310360106,4.782605248614365
0.13572094035829782,-0.05899198264431382,0.3139754178499755,4.327512369310876
0.1951466790348062,-0.07185944896004802,0.34571418514170066,4.682556313679298
0.21233546122614785,-0.039818904340913404,0.3065745627522197,4.451901350702533
0.08816668471199028,-0.05134553880913851,0.3279101186923229,4.2463791804027675
0.09770097288333487,-0.07950229567560463,0.3591556984349586,4.599264145462758
0.0738300744732203,-0.022962411152567058,0.3257989684004912,4.037742668018274
0.13346970124550042,0.04068277607840558,0.2616986803746589,3.7931684768470353
0.11043542411407407,-0.006766270443755212,0.28577002201315227,3.927818470206473
0.1319514409127444,0.014777213656594826,0.31357805171797726,4.167271149484169
0.1454821161496955,-0.01943281196885658,0.3132701840739348,4.1997918630785795
0.1472109199845509,0.005070226313095189,0.3471151298390207,4.562949750315828
0.12979941443036166,-0.028882188019669956,0.30631514177976404,4.115650581110054
0.1399367148562329,-0.016770834256849033,0.2879253700674234,3.887317282252502
0.17138768434558324,-0.035186630431065694,0.3202161637498386,4.301201421783115
0.17446615917302605,-0.033626964277024676,0.2932606980855429,4.109115459605204
0.16617085873879175,-0.05003929406937472,0.31507997152676787,4.246436577202724
0.1910699709271435,-0.05146411419433967,0.33722838620971735,4.719308104962197
0.21976646251958315,-0.09561460782552116,0.4087935735611011,5.389403042712966
0.21551085594990774,-0.06509392976162749,0.34528419073684447,4.871189939277658
0.21130680197415694,-0.06980336543441275,0.30481229546308075,4.480683333324619
0.21888597406456495,-0.08937256274421082,0.351007312989458,4.8585118700320145
0.141941593378045,-0.07423271380055319,0.36840284723862643,4.775406259970117
0.1806593353507732,-0.05506575617999166,0.3513126762932651,4.730854178875045
0.1622715436621556,-0.07683863911043096,0.3341058486222368,4.696989843131098
0.16020664163013199,-0.08117322189934699,0.3699739609209724,4.741267180984485
0.1143694708632214,-0.04547567166172729,0.3525057968229248,4.559375049165425
0.14005055430748503,-0.06598245244108004,0.3501358387106511,4.562103988030753
0.2148401757472763,-0.06338111688802071,0.28642705749742997,4.344595748513064
0.1445241939892067,-0.07260009468963158,0.29366287127253093,4.113589855734081
0.18068882158163138,-0.09027690926748304,0.3215637208465475,4.580052282644873
0.19274154450819356,-0.12989181989610785,0.36232771282092596,5.054436087122132
0.2054120702900951,-0.1593814108372318,0.35754499602635553,5.172768065960022
0.2382359871546687,-0.12190510247467146,0.31737169024352524,4.8973035050169
0.27467950485247805,-0.08601050458661529,0.30604896278926513,4.886108936821923
0.21831778132229077,-0.1273477832524802,0.3466774469821037,4.898808567320574
0.24668159926995137,-0.07943762667480356,0.35784999184967453,5.079400258354374
0.25504106461698045,-0.12098238869639302,0.39737323919454737,5.566771326995879
0.22268692898697973,-0.0943514796921845,0.3520718417500924,5.004103739501523
0.27921795355865914,-0.09596276324888903,0.3324772967983882,5.1829633352444
0.2341640842899328,-0.11909253173574319,0.34965430541018955,5.014396654029501
0.287346832290485,-0.12264866505349294,0.3099041817739485,4.944569671650975
0.28634918167415646,-0.08737206681209021,0.31311790938614675,4.960393284188196
0.2610806732946312,-0.08907298171238962,0.3198516853715584,4.740385421577039
0.24773260182800433,-0.03962149140580271,0.37076903101918923,5.125738772587788
0.27580193437789163,-0.08228174617796774,0.3638963084092715,5.280519875897279
0.2715163698872518,-0.06829770441942533,0.3532007064529694,5.041200086708074
0.2543774255638023,-0.04960618524730188,0.3032825312324454,4.585562493195148
0.24958099163838715,-0.017690808093194083,0.28484379059726195,4.516438275167459
0.3224587418021711,-0.05483151602849274,0.3502240676509104,5.382637941066568
0.24849253342936314,-0.03413139756546262,0.3318732679116171,4.680204575787462
0.2900109092896112,-0.05033588336755449,0.36585242382865674,5.303884354615864
0.21253140612449795,-0.10814653015024323,0.3761786499710841,5.250052635027949
0.24161163837867236,-0.08395100883334618,0.40520807580802215,5.3819016929758945
0.17052383080847852,-0.03670727464878168,0.3361010253532406,4.5245137892161305
0.12732773187993757,-0.0804019365716767,0.35013202980639885,4.512126406659932
0.13901596481765874,-0.08806340004947642,0.35016723624839985,4.4957507840886315
0.22764626969973614,-0.05888812639595101,0.3444001967931706,4.661599796167527
0.20039009061053853,-0.07031852203620018,0.3274144262170961,4.56776812494377
0.1629696622839875,-0.09283173897720101,0.33005160437346187,4.481695301857292
0.17133949615028168,-0.10776135961834128,0.3752527864629339,4.989614160674475
0.13587711373016775,-0.09048721909940777,0.3509364207889285,4.737662620690618
0.17947667847899873,-0.08789553723904418,0.3510628960711808,4.7015429768071195
0.19823161577750056,-0.13489998930184124,0.3743672796322647,5.0328501846834675
0.23443286748795844,-0.1169873680526328,0.32379246586598326,4.807506845219791
0.27426390318335814,-0.0892710180203239,0.3948295239249393,5.436825093754471
0.29792992122702605,-0.08132396156813289,0.3656008728889703,5.309643101176329
0.1839995293297281,-0.09556975587564417,0.3654223871425678,4.777083504967609
0.15779377830966948,-0.10309916300443557,0.3856002955694813,4.877078149711176
0.14307268307740986,-0.12013894150863368,0.46135979457859744,5.694971885117867
0.13330868074719626,-0.06644438212598208,0.42440346617723906,5.296017774393925
0.161150515520595,-0.05645847475414587,0.46705727173395417,5.569663006857855
0.19318106444547203,-0.08824924635942165,0.4152788224312162,5.4125885174375625
0.2086677312285302,-0.09551492548720944,0.36488582186496415,5.050198931465608
0.2435716293191453,-0.05933292640042011,0.34232546761211535,4.830679287801648
0.2860670757913966,-0.08365724102676013,0.36531787031859425,5.370068355127892
0.23848376735713225,-0.11900013383531217,0.37587977590373023,5.2114874070646735
0.2318615213390957,-0.11804393340887913,0.39781291382838296,5.466276970240328
0.29564970823254266,-0.12443690803433384,0.377886514377406,5.714272183436481
0.3123301492419486,-0.09741514075151715,0.370000450826726,5.693187035974483
0.3159955707888989,-0.07996706643507942,0.3828161270410787,5.840408586652965
0.23662049245686112,-0.09568313094741937,0.35520812445364996,5.158378130111037
0.24320542302338133,-0.07734046657225789,0.3505661735019935,4.895721461849588
0.2430416363065518,-0.054348426623018795,0.3858402232437804,5.350422224407064
0.23508497640444034,-0.048446777943039324,0.3085617205048521,4.602647447421986
0.24922749440457295,-0.08811283365123292,0.310588530793292,4.6877357523218715
0.17663510930024076,-0.09115531976407282,0.2925014700186629,4.48940245822498
0.23546938254653796,-0.10924603323686115,0.3558870666349147,5.034078023148239
0.2789765203795388,-0.11161078747617924,0.25126348740974586,4.4516305727637935
0.24959288130674878,-0.058008061475151224,0.22595746062854435,3.913286918938181
0.2197301798757404,-0.056447226886244886,0.22120182044447942,3.994115520823114
0.2704553749396999,-0.14117988085713098,0.3066107585897066,4.92615784703847
0.273330353815247,-0.13119305454368163,0.30667149948920436,4.865526416290156
0.2801554336019684,-0.09713340488659686,0.36400123353459,5.26158643914724
0.2771043956934993,-0.1072436834452487,0.33859959620611196,5.117735680885826
0.3917092430622569,-0.1253014392948916,0.3063329820990649,5.5109734641869865
0.33532800420794145,-0.08144535629647186,0.2947664224024728,5.019107096233818
0.2976603561918295,-0.11554236697058844,0.25691119991171896,4.7785897456907245
0.30182358103493556,-0.09216050496420528,0.3333403242516937,5.195977193758518
0.2571773663220152,-0.07489671881642025,0.34682456457143634,5.044129471585701
0.2151750601754401,-0.04934716705948057,0.30104254939301567,4.252553049410006
0.22614006769451972,-0.08551290719151358,0.27617956515519454,4.291282143946657
0.2065366930098794,-0.06064328243599789,0.30102784599098575,4.234975527124543
0.21241565909381824,-0.07584132390679077,0.38879721246319576,4.968849055480937
0.14347757591520657,-0.14154126884202214,0.3520184544470394,4.61371317503007
0.1633027124323616,-0.13304115307709138,0.31798381759288363,4.503653742668163
0.13969996986817462,-0.131846166152536,0.3278377241777783,4.416635971159429
0.18537114419968084,-0.18915195856463335,0.39837844921791415,5.146570238922502
0.16504888739371637,-0.18843944281234226,0.4092534037106845,5.333941711772163
0.16996836118908376,-0.13315591779947483,0.4031846340240638,5.035648846366172
0.24958086927625947,-0.13775109631156005,0.37426608483219626,5.367137710662968
0.19915761637579563,-0.09341444019367708,0.3853389927742815,5.028067709344417
0.1851351391112711,-0.1342141800355095,0.3959978527993529,5.317071539283534
0.2263612905209594,-0.1021043106205932,0.37481127099098627,5.195116374413029
0.22491641590387482,-0.07754404597235677,0.3908656697522624,5.295004887074586
0.256063953384387,-0.10008703748047611,0.3539150603503933,5.132947444181303
0.28313104270088735,-0.07264557474866692,0.3051609182405965,4.902073298508115
0.2628183670845042,-0.05930378087347674,0.3249882438854859,5.023613233198657
0.21480605157435098,-0.10859105794082573,0.3124692386730196,4.940522558647757
0.24750717466868824,-0.14678050664534206,0.37199866919088237,5.425232125890993
0.22055998171279653,-0.1322677303787354,0.3789515512790307,5.405800044371418
0.259393837214275,-0.1250878593262811,0.4164394323610295,5.769129535597813
0.268522066633584,-0.05439415851792096,0.29786642372466343,4.598476576962967
0.2629425814807276,-0.04173581709071083,0.29092764884505107,4.44572396417284
0.23585690361347095,-0.11245392211366129,0.31643620350938034,4.546691794574013
0.2245122959482443,-0.05568563854184192,0.29863976468495557,4.264270021212087
0.17278691560704565,-0.100918894120042,0.28934032992366426,4.308903121385619
0.2310600781069758,-0.11893101531302358,0.34895714813194606,4.75624071386367
0.29880273064163415,-0.1335197885903251,0.3867723078632764,5.455391385652805
0.24267282902169732,-0.17064738025201862,0.41498321465699245,5.552412792610028
0.16841385823255528,-0.14210406785459123,0.3523316431432226,4.835826547843159
0.22656591537507073,-0.08353136399387584,0.34817750734796515,4.684765414595556
0.18273745611951875,-0.10808401523227061,0.37562968625067333,4.759166816524609
0.18986204067845003,-0.14884301519255796,0.4339816828645944,5.5178698351584226
0.20036971228174782,-0.10740683467005757,0.3749309621726131,4.829625132406364
0.1725648853493891,-0.06892486502646462,0.36048145926560643,4.77196902662135
0.19119969977612125,-0.07905899363709501,0.33433856666745876,4.601564293170268
0.15632411298177698,-0.03889873006063706,0.3550920282307843,4.6564952225139065
0.19056775736572168,-0.07176922269711296,0.3565877600282778,4.735753645939389
0.169293581777802,-0.07125390723348701,0.3689893518023718,5.009612701223725
0.22455314829917675,-0.043629700435395866,0.38883215944365795,5.053779239275314
0.18895202162278485,-0.03111672697489921,0.3475324877933354,4.729400376326567
0.24185268977298707,-0.05068822297324495,0.3399844648385444,4.700359060857011
0.23452440776580885,0.03169244653231099,0.3146203615169271,4.406775654780095
0.18983741283390496,-0.008702691478767642,0.263583058131854,3.8863947085666712
0.2577815572469227,-0.05532856141537129,0.3325097755877373,4.730216056476686
0.19467252771325275,-0.05626191986471607,0.32038213248391634,4.291862531661479
0.1649998031666239,-0.08249532014956434,0.2879049005807733,3.970767813851985
0.19831129145659146,-0.0984384758074786,0.3257188339387759,4.328404799306763
0.2479653813163312,-0.07039291082750306,0.2984585120364914,4.413469043705162
0.22271071927205585,-0.028974265946085518,0.24295083303612733,3.830529949892545
0.23223052899011085,-0.055181713119112664,0.23584470928607226,3.8032286369751063
0.18847184865337288,-0.01918433225711006,0.21479634637981757,3.4471633655432536
0.18008553535800154,-0.014204578229843608,0.2524634530362483,3.542528119791638
0.16352589057478156,-0.07495874111335772,0.2479921548791143,3.640370517721416
0.1746261395845842,-0.02000211174586326,0.2543124680646166,3.6825966878784664
0.17331936725272473,-0.08028298561578287,0.3384020110321432,4.523208843444519
0.19727384849308252,-0.11450611910358906,0.3223245388991226,4.419183896608914
0.22313981650430945,-0.06028213907572307,0.23907434614595816,3.8992380728445672
0.2461191690608449,-0.05172077776918872,0.3353424693148208,4.719306000186372
0.24546033252900865,-0.07780206376703556,0.3287909942015144,4.659322503229082
0.2429552630734649,-0.04446364721099565,0.3029173236132872,4.446459815532291
0.22516863552130673,-0.07403544656596679,0.36407539378660464,5.075489618462122
0.17635583472789054,-0.08872714183615361,0.353448610359251,4.579900626043209
0.1452887932262849,-0.03586817059041742,0.3173537001274803,4.25918769132893
0.25748116735592824,-0.013366398952300445,0.2572293529868941,4.225852591148961
0.23606954612348538,-0.033599987686311485,0.30070734593014636,4.634810803536284
0.20722896975517877,-0.027776968098275203,0.30130050397602404,4.285443686193885
0.147366156102615,0.015074168105327993,0.25807563931606115,3.7131839454997015
0.12413245670448693,-0.030131491484547045,0.28550600785463026,3.7853551252102577
0.15975098872133875,-0.04095135095086672,0.3437884862719119,4.454183091117655
0.19646831087358937,-0.0568756021191107,0.3655932611769941,4.855147334917685
0.1758305895672627,-0.01887487147242248,0.32821558788337557,4.478096036325227
0.15928679587033712,-0.0673314381761542,0.3654229223499309,4.725557108666786
0.20856364773894423,-0.11073483679756593,0.3198988526924703,4.7165554279465685
0.2180983542874391,-0.1142800154724539,0.37578895920081773,5.087782053214173
0.25845990335713653,-0.057252263219834836,0.37307651683212756,5.212949035868978
0.25183326204610884,-0.04287546451601408,0.30043660589535504,4.656290263704892
0.23767555213139893,-0.09394550478722051,0.4074445075005612,5.481747904974375
0.20390223978083027,-0.12482966503572115,0.36185625631495283,5.004997507151419
0.15533774118718788,-0.14449817151793223,0.39973395640075066,5.3329206498703146
0.17027793376387482,-0.16273252827330173,0.4188241412289473,5.4415682485929215
0.21597580061795357,-0.19048126995104106,0.4462707888882891,5.979894407762072
0.1975674743866276,-0.1961032444170152,0.4695063053099248,6.174300981511862
0.23528160086745,-0.1385718283396595,0.37458929357104365,5.495050430286341
0.21067255633179366,-0.2275444058878108,0.49419992549294234,6.578076938420142
0.18501845139572407,-0.22170906977790336,0.4274691233887982,5.925954730836828
0.09863242320359353,-0.2193840793988996,0.4674933605904146,6.013393896388824
0.12938936793401662,-0.2112732498430932,0.48796290738775266,6.165018246897757
0.08579931449327687,-0.2625816258374713,0.5319602318637102,6.791315918756337
0.1293770452044633,-0.2626573468269823,0.5156041873110304,6.704370988685079
0.16911180873246068,-0.221879040581224,0.5149542585717523,6.509169990126399
0.19534644319320407,-0.2352166318415811,0.5086956087334104,6.833640161904835
0.1745730738611092,-0.3009624793267832,0.5332413511544591,7.319091855860888
0.2177440500347132,-0.20196838018380317,0.6122088129669366,7.7033736857953565
0.29033418101239267,-0.2712789938923837,0.6262048396944637,8.22995409017724
0.18511701620589932,-0.2881286970467953,0.5733541363447094,7.601115906463426
0.24425933716039777,-0.20177168264267428,0.4653184432995902,6.253188298111008
0.2243779483997222,-0.1866519434573672,0.4957217318175332,6.502152120629151
0.3024178691234162,-0.11519091436004979,0.45095531501414543,6.364828952150199
0.23203277355026747,-0.13833287889401458,0.4637652204446686,6.03779180574246
0.22754893835717255,-0.13915153331756025,0.46671285764649284,6.024781771668806
0.18851503994497526,-0.17325659093621498,0.4966857049943853,6.286681935665212
0.30709777341396566,-0.09793161233151483,0.5172708739810759,6.5689743242281295
0.31593262386998655,-0.09652983341143419,0.5450485091992552,7.016510354481217
0.228163681294368,-0.15549392063692805,0.4714296995910158,6.063348006194996
0.22583040006930463,-0.1458296879568618,0.46149053852127575,5.704479719063671
0.2295839166018739,-0.1153538822926857,0.41604054966019566,5.3476378641716416
0.21432241123644277,-0.11839576488115137,0.38375857555512555,5.100693117385647
0.18438268508645814,-0.10707502372498745,0.33731660000232344,4.447785958302235
0.2051379677833223,-0.11533251014784819,0.28559210825601167,4.22355563574463
0.19150698244353012,-0.09627044604775593,0.34100188947062693,4.5218339033804495
0.17981881941942338,-0.11387353542278841,0.3613673110604357,4.649859021058484
0.2596349639267311,-0.1294175813562452,0.3746590861149314,5.191906883774464
0.19893507855598608,-0.12736736866088372,0.37910646201600784,4.984596350319532
0.1888018741712789,-0.0963765772034427,0.3165074711073436,4.3792379100929395
0.1960424526617837,-0.0866158267672627,0.35764303664248775,4.759163239832098
0.2221884891023153,-0.0828520296651627,0.3467137916622224,4.661828189040093
0.1241813910500393,-0.10261670625744744,0.3621676952926777,4.402540582196223
0.08616274300628271,-0.08748183458311237,0.3801748474535355,4.467103246214481
0.18035190899322082,-0.1121705803652486,0.35145608808646633,4.612283537087994
0.19136975177557,-0.10650257956639651,0.3340111792443014,4.421218123582643
0.18129384706979482,-0.1381190149507391,0.361111300721034,4.597242458700141
0.15790755895157627,-0.14902338724221498,0.32592694654470916,4.480504017420679
0.13635220489963853,-0.1381075251968502,0.32096764646929604,4.217445159038988
0.19742084861334064,-0.11419600453177944,0.3521174999620217,4.727812305971232
0.11632569753765089,-0.14021624108457553,0.3695966852187424,4.652501785896791
0.2564991534437055,-0.132634119080667,0.42199079090876107,5.672358924115289
0.25394277795364684,-0.1225466491792862,0.3521592360242439,5.049376384563469
0.16804899776500176,-0.13969087936457478,0.34879973857476904,4.661366968520581
0.1969719036791902,-0.13856082284099183,0.38705791449907895,5.175166961206152
0.2000731767591608,-0.15917996302499232,0.3797857253024125,5.248789949673612
0.24401724684802156,-0.178158261461284,0.4619141910557505,6.137258063582114
0.2250497344559121,-0.11066665766945938,0.37123426228065665,5.095347495187726
0.19955539019838664,-0.15627821442246853,0.38810619983649364,5.2715501035239996
0.21292712926929466,-0.16063065342362948,0.4194763361792149,5.583372401359997
0.18862662399389724,-0.1762193706528734,0.41961013834950345,5.437102568743008
0.18594837297297742,-0.12165530528767447,0.3893546726093091,5.080414560748146
0.1587762080538228,-0.18297447172186335,0.41648188501343186,5.369265387443324
0.23791215661606482,-0.17582455510198763,0.373704133036694,5.362697536391094
0.2756819283984369,-0.1345391188566669,0.4014121085046961,5.649118989579762
0.27641644684894046,-0.11852737644335791,0.3636872964187499,5.32926139722088
0.2344793032510625,-0.17650303182944493,0.3723441467887678,5.295485925824341
0.2733230074912923,-0.14158072445470657,0.42138383405759,5.695256861632888
0.2290313799743963,-0.21511280789321616,0.47314102899031923,6.167035741656541
0.2214151955159316,-0.1529274328734251,0.4565245115354025,5.749277275589465
0.2263363179287627,-0.14125354451761216,0.4535826739221454,5.930873341674056
0.22251435701119454,-0.1208912174158822,0.4273886348183798,5.5536251702956365
0.1853929101803004,-0.15170936382908282,0.42484722001676,5.428038122207388
0.1516178416168465,-0.15682119057440877,0.41546806334183256,5.279453935798655
0.14150528830099396,-0.11262729624589603,0.40753140672765265,5.001794875090899
0.15351942033157034,-0.07592333289745593,0.3668935568273702,4.842853968029089
0.17885082843646505,-0.09184048332851548,0.3531110015387506,4.568816782060197
0.16896519007073366,-0.12932257112828918,0.35744451832290935,4.651577717094526
0.18665699444098469,-0.1132621143860337,0.38017726232093174,4.889731469330086
0.20472789101939337,-0.10804043942381102,0.3543132692778739,4.632815173531235
0.1258169466908896,-0.11740398991010696,0.3500314780490654,4.380306942795074
0.201794225595269,-0.1549188241361784,0.36776192795332946,4.8152442538966795
0.14472810557183977,-0.10057691283776683,0.2845785307017592,3.8263082946732165
0.14459563688114743,-0.07653982184754003,0.2738385878108507,3.6196808169335943
0.17129360836841698,-0.08422160244326084,0.31696702959317635,4.314761023329961
0.18513279883078704,-0.11119149691616759,0.36107294529265216,4.833401946137117
0.2089492068847401,-0.15476811975518712,0.3029219825198386,4.65714743958235
0.2449919798980566,-0.14908172615573698,0.3375259792774775,5.067231068614287
0.1830706285280534,-0.10572430174447668,0.34967050942688743,4.673290288802509
0.17353425164776592,-0.11775167204689044,0.313675608966768,4.433476635640502
0.2414943440810452,-0.15943055555260985,0.36740464430778247,5.247432122027255
0.17565590993632066,-0.18646583053640334,0.3554427647839196,5.070170126095497
0.1771969694863041,-0.16540268520804846,0.3813211610722077,5.021443714042781
0.19224786825159634,-0.1498784955073932,0.411504906496366,5.275149117831963
0.14189681230179568,-0.15698513561236233,0.381308303541669,5.053076555392376
0.17264921533236322,-0.14219483843395786,0.3834141381846427,5.146704243979236
0.19176022603253193,-0.15765083239317393,0.35404679331382405,5.030847458347451
0.2876124107848254,-0.1463017374080046,0.39167327599791024,5.807313498735467
0.20844471604609455,-0.15754498296620137,0.4472949794221635,5.877361101982728
0.2270945096861696,-0.11276299440086901,0.4230862421546959,5.562886275817941
0.26076251159777714,-0.09011121943226395,0.4128430183059767,5.4693082489858105
0.2750715655402961,-0.1298215459180392,0.42680107360402736,5.834712178968728
0.275580265131645,-0.13612386134763868,0.4051972568300671,5.756931532614739
0.29607997690951315,-0.1160145863809568,0.3681124901163028,5.3161612603106505
0.2928697399416417,-0.09656657450100976,0.38238188766048475,5.298303944805105
0.3044639819924121,-0.1399098650600573,0.3663005516839822,5.3135435720364566
0.27731949957478896,-0.12679694168229197,0.35401716532473143,5.025251824870275
0.2153507378716177,-0.0824643118533076,0.296873393940136,4.4261279116795045
0.25165666625368954,-0.06647585546214192,0.3551937436280865,4.901574176632318
0.26251052020954757,-0.06940554485924988,0.37726011922222535,5.079062460848627
0.24447809529622205,-0.07606351961555853,0.2758669619486484,4.2464211484006364
0.22747275636937284,-0.1154176294711231,0.3405231708812948,4.764936736969981
0.2501672608943142,-0.1288271783034256,0.3668365347532069,5.130655591261729
0.22431387042660175,-0.09372750974110723,0.37349652285958895,4.925794939097473
0.20064642982149017,-0.14153803361298734,0.39905767809078535,5.180042869813246
0.19403199005409702,-0.1141048727517989,0.3364195557235826,4.485173927752158
0.20567227284353676,-0.06273044590630487,0.3310205362545398,4.44684673809565
0.2201739269768332,-0.08727777398515171,0.37222433325948157,4.808607603390514
0.2696488859391231,-0.07238567655253028,0.35715897623590653,5.121877216155839
0.1897309392651327,-0.08581768545574069,0.3647693282871691,4.600821597649285
0.212247705553138,-0.11532411482328572,0.2959335263047429,4.293885875978117
0.15119509512712126,-0.11049382450211118,0.3361644725607011,4.274695316596235
0.17009098319674354,-0.071309014501736,0.3342429116540059,4.384064976917255
0.2486954613117621,-0.08101995898448447,0.32244236842612395,4.546993788516111
0.2522849244461658,-0.048698941279095374,0.3315996392641953,4.6221544436158695
0.2331711573895486,-0.10713330266216917,0.35908381748860807,4.778211225509224
0.184181852441088,-0.07115877297262267,0.31318688075278367,4.402985885181626
0.2716755905101326,-0.09177149592286778,0.3536246569835106,4.8581542736758205
0.23790107975598404,-0.07981714386311838,0.38084846506952524,4.958245094361494
0.24861846878506913,-0.04162173877954075,0.3875310075363352,5.212850410010032
0.254325316169228,-0.10636586448247824,0.40047890777878054,5.5161448187715365
0.3058474497421782,-0.060497879502705645,0.3421552767759107,5.4524759464676755
0.2893085204709307,-0.09361238878422502,0.35918900338971727,5.493184181943777
0.25003831818946265,-0.12004615653535257,0.33996164028144027,5.232650493422102
0.25940667826424635,-0.0878028913391095,0.3051526656464658,4.967740922619424
0.30374972352901675,-0.08529384897276644,0.3563447253564413,5.388066468603131
0.26685762718159256,-0.0909849045118166,0.34200035680546126,5.099728051656898
0.292851316229225,-0.11298909397559158,0.2993462532074158,5.033668853707864
0.2964595363074923,-0.1288130539352253,0.27762239195226995,5.143583868110516
0.33342622731550475,-0.1421161442832035,0.3154474873275132,5.6550516563406585
0.3490687648608429,-0.1447505440641067,0.35558871863361785,5.8873692598645215
0.30977940915535035,-0.13265397307064483,0.34507004990685824,5.687003656042708
0.3004877543905091,-0.12379139979812356,0.3346538626433201,5.816026952999844
0.30653331092093755,-0.16804601233574573,0.3562669852562243,5.658623874891336
0.2873798685792124,-0.15608067547474203,0.3750470246892406,5.855107411447435
0.26022664048480737,-0.17413161024009904,0.3942546808073776,5.988462660682578
0.19883366078703774,-0.18979391303419893,0.4512942602394925,6.370074293572209
0.22306560910276552,-0.19371032605717878,0.40303565664048646,6.001392880309113
0.25511211525906224,-0.20689210749337356,0.41524521391954705,6.421873530556771
0.26818792847260225,-0.25730770437274936,0.41902319546319844,6.628041501749865
0.24806907651227528,-0.1666898653415146,0.39866118066705397,6.017638889994884
0.31159752368406424,-0.13782143120252044,0.34021724150413013,5.921417760846691
0.3042149852738653,-0.1601910630992331,0.3791957323240847,6.230308889053161
0.23814002818807392,-0.17603489696279548,0.4401712731186804,6.253928664481453
0.2986248949043993,-0.17483462588731435,0.4333101218592612,6.475616387724101
0.1971207105197852,-0.21761328617713618,0.3958800627587453,6.110188163541021
0.26570011520671144,-0.20149570335700934,0.36011918821953587,5.900313269791918
0.2836438293298207,-0.23290116589334187,0.36643085923028806,6.143432704241702
0.312352049080908,-0.25945508876475665,0.3687181837880119,6.434153600689864
0.31088243100392365,-0.26934953790360106,0.3885060607002004,6.651795323268222
0.2973132009789097,-0.1989197047907825,0.39165154897048743,6.26313867892574
0.2592343609417524,-0.25868872881287625,0.4146741529849726,6.48423999828668
0.27214752192248526,-0.2726653486423938,0.3719327070814587,6.522601427945743
0.23164892878208013,-0.2596126240002549,0.4130602337983441,6.535018132911071
0.2355301218533238,-0.2349203364313939,0.44007045151154855,6.367859140931073
0.1922726575112992,-0.1827686546277048,0.3913042700736047,5.855218842088316
0.1194324306651482,-0.19235788376125726,0.462714996404323,6.087797034911759
0.18552302875276633,-0.1686074086562825,0.4444470673224476,6.110014285661121
0.2498981910606866,-0.15713149988338634,0.4553939375336823,6.530470665906243
0.19440551661362976,-0.13839334525885194,0.42015947368810375,5.69982796937366
0.23644864422844686,-0.22765726979355996,0.5581207778362357,7.3321715516356525
0.3312200373269853,-0.23626060992238404,0.4346164294000803,6.747054798101705
0.33377988852113144,-0.2336977834017297,0.48418283901034836,7.105490304883452
0.215289641448678,-0.22695355031560974,0.45885877771199296,6.5048819008329914
0.1937077025797407,-0.13732682097971607,0.3881786837900217,5.365667658893086
0.23980875143286146,-0.12810744571745736,0.42224501598174285,5.822796524980613
0.26848165860954365,-0.1425269836796563,0.421773016462441,5.992682195958238
0.28688257006827883,-0.1199525749435592,0.43559240924704756,6.069426864087835
0.2872203235158574,-0.11909648525423389,0.5204466511657315,6.6435154682937325
0.2744905276734932,-0.12784147466707377,0.44688832776943893,6.191406193996909
0.22969925413517234,-0.18605601898069332,0.47100662761491285,6.369153153021874
0.22012963131964258,-0.19554878408512388,0.4779441659783278,6.477473856667811
0.22484185302519596,-0.20895828484632634,0.46890296234233364,6.413025522711846
0.23156689776719544,-0.19132855600955462,0.4948330902836158,6.580880819196703
0.24988072733066596,-0.23975571402889934,0.46331345085423187,6.647382731910034
0.3205744929801955,-0.21109020047767005,0.45729064769462274,6.725126789166675
0.3253034274036055,-0.16041000047079257,0.39459048117739376,6.143708823884382
0.2351227122271129,-0.1187677019683017,0.39269105194731246,5.589545807430071
0.26958931084680066,-0.13381949178544544,0.3890431673488731,5.795448463637525
0.34942912286056615,-0.13371245442631274,0.39167153524041926,6.149862518512329
0.3054809635300745,-0.14051694325039923,0.31903518377241835,5.623226096135038
0.3276816186946004,-0.14148688695445524,0.3638105214463823,5.703535261317049
0.302999173532266,-0.16547634377511916,0.36642026496207025,5.882601006183251
0.28721203770011666,-0.14902632157017395,0.31996201143616065,5.544176517535584
0.3124047368926091,-0.1457498155405375,0.3582309699956036,5.769217844509672
0.3188561101760958,-0.12493946295711582,0.34984138547901283,5.717965096920494
0.3557154280821008,-0.1672847368185591,0.3567571029424175,6.434731224259423
0.2986844323596861,-0.14725940968476597,0.3613624632388969,6.016200052272682
0.3041305909248336,-0.19916324255823972,0.38982846892871464,6.272800989143119
0.3240222589887376,-0.24750990904837783,0.4108002218841567,6.534536789406726
0.3444391192659694,-0.25429680514377445,0.41292084596730316,6.907844987354703
0.3139060247548474,-0.25045650793157836,0.39100339405567713,6.602464845599453
0.2985444759442228,-0.21800143132015032,0.45276857425272743,6.804720616202278
0.37814279987502825,-0.19650904984852832,0.39413127170816603,6.8377952480843245
0.31954523835177395,-0.1827202179514549,0.3772582866896348,6.365329869614821
0.25908572554287307,-0.12164669082070054,0.32414861668269507,5.30324458761386
0.21785244350755173,-0.15915619614127227,0.3787028950631062,5.572525937772159
0.25547832041838997,-0.15208339843106888,0.362967391182821,5.794759272708476
0.28800817949732066,-0.20106604222016933,0.4521037913117286,6.716338669284613
0.3718452789025654,-0.15408108849873767,0.38640713276057254,6.489860320019795
0.3669289117660023,-0.13411087132492283,0.407250139773836,6.603677042210236
0.2602648977827467,-0.12931532319890407,0.36953428758313767,5.775101181006246
0.32861086689945274,-0.12129870439692204,0.43715393533744606,6.321134635403734
0.2800950528948764,-0.17089488609004302,0.4402760217316537,6.483569786284541
0.2383401886985966,-0.21483138250695102,0.46873739200490006,6.556528830027816
0.2842641631547448,-0.2291075469607298,0.4400446572282391,6.648432801865013
0.24669133309221683,-0.21943572787438018,0.4684455169852209,6.54385320859155
0.2700187967381619,-0.25106177200894814,0.4426803035339552,6.66962079396313
0.2587523317383089,-0.2807297087975863,0.47995824480020366,6.928336775429645
0.31913263370823525,-0.22825558130847035,0.47930120882004645,6.994546648305202
0.2244162247424908,-0.27645730925830536,0.4617810148505053,6.840326037276235
0.25181951602570507,-0.28039166952663386,0.5210508293762879,7.476912511846511
0.21411742274024073,-0.29003209520358164,0.5266219820357961,7.269651518135678
0.1809971501424231,-0.24209358638972886,0.4771512421961788,6.439753389947686
0.24189616565305433,-0.19835993950911926,0.4770503670185045,6.346248346245969
0.20783916130003685,-0.25333144568861393,0.43887921279372305,6.242192828419579
0.163377438916931,-0.24590560223434432,0.45719647061246355,6.325505431297002
0.19655429104793434,-0.21229145552304127,0.4878522371934966,6.587144294404987
0.10431276703071107,-0.17126365444752473,0.4863267226263619,5.989795230391532
0.1123569459408277,-0.22436608918253795,0.47812843636934094,6.137095256748731
0.07611965950443676,-0.1912810811853836,0.40757901745013086,5.379579288120823
0.08824104005115922,-0.19866878238673152,0.4477163199549008,5.686625171969751
0.05132427864145432,-0.20779266556509762,0.4478960399012359,5.797521016194325
0.0812871582875015,-0.17163574748290958,0.4179968395483087,5.311818787130598
0.11490096124622648,-0.17093166601611115,0.43806812254201355,5.481930774974102
0.11656803730583871,-0.08356873610268434,0.44292816613843855,5.379634300384931
0.10628769597354931,-0.10286869949937552,0.46547351612794624,5.64558057780739
0.0793872702946821,-0.11726344344307844,0.47092152993739106,5.753685550184715
0.1568568139819751,-0.14234016926128965,0.5322604623286078,6.42831093863828
0.06415504180533121,-0.11549819291647982,0.5193044662834878,6.166424285657662
0.1928468257468512,-0.1136750979563444,0.4808328255017957,5.886517489788513
0.12075865431287554,-0.12791496466618535,0.46170004203189724,5.603958653085493
0.1552965292608895,-0.09736980763768904,0.42718598660836804,5.561017030024463
0.16748358838135247,-0.10013756784047441,0.43759936579315906,5.46767800817385
0.1711545097881243,-0.14537218137101943,0.4143913301148397,5.432939451882085
0.1494498528581208,-0.1253734616170537,0.4093295488401234,5.307164183287357
0.1701022452559101,-0.10492503449861891,0.3872958655708065,5.158193089484745
0.20640907475803943,-0.06085006319583073,0.38599339367107904,5.009540739716224
0.13253737664393164,-0.15028637813261764,0.40888507410714536,5.2584401649538295
0.06277966687075937,-0.18549953396075541,0.4646584315121134,5.743885508630282
0.08141628851468892,-0.1758967063416314,0.3993633386634117,5.273217127377649
0.12365922438371389,-0.11495494081177628,0.3704768347985797,4.8941994770743475
0.0865762029683468,-0.17053270974533433,0.35178013973934036,4.712758320754775
0.0764430798086131,-0.1439722895166232,0.3757934686776129,4.75220782985161
0.08638710513133789,-0.14820362520174324,0.34476209983084705,4.641598851665071
0.16599231150891477,-0.11906141689269892,0.4408434891935918,5.503275032700936
0.1178163797619849,-0.13199429851763606,0.4224330501413139,5.230314040482383
0.10585323947066423,-0.1575208342354226,0.4107386594278914,5.250565141653948
0.08165247784324461,-0.14390749621505294,0.4257790255250422,5.2713925474357515
0.10041066172334707,-0.1213107476974378,0.38086397482664225,4.863030672136943
0.15331504391299425,-0.15592066975608848,0.45558810743048206,5.671008735518876
0.14740445149341194,-0.12527893461582948,0.39180503476871353,5.1456940468959225
0.21862199971019255,-0.11502979566606042,0.41166294905793255,5.4755354635922
0.16463907175167958,-0.1117376421097859,0.42100277435668876,5.312099372871361
0.19312803078625335,-0.12008568971150797,0.44437727244006575,5.647300789131858
0.18221472893131532,-0.10904248295301704,0.42948619053811166,5.5296750632450475
0.1790084218367064,-0.07321380024363884,0.3798256676664704,5.082302043803765
0.2211655805999281,-0.10705553370234719,0.4510122202399974,5.856604281469316
0.23922091774093188,-0.09618810662075604,0.4808405979379804,6.203890972611814
0.24468919297824532,-0.16846878185685607,0.48463748104533905,6.5072686223680485
0.22367719291429833,-0.11856870548417724,0.492852322687562,6.29358441496705
0.2685775378844106,-0.11373482907573787,0.5112815097400176,6.654532958638295
0.193875505752049,-0.11509271864808418,0.4862136656858635,6.153650411146902
0.20995025525940944,-0.11035625992297789,0.4845726962107579,6.119265855742654
0.26168984257840283,-0.17122120622287465,0.49271257725587975,6.470887724491512
0.22607300916841644,-0.1151321782785942,0.5002351756983836,6.423634131184239
0.23270166080258528,-0.1270230422956214,0.44545759419553643,5.852460276567667
0.16573928981047326,-0.12435122303613699,0.4633923077154941,5.874597089628954
0.14586724972418177,-0.1770214676860434,0.4856816619287566,6.1472884788499425
0.14293108014912598,-0.17070583698627292,0.49624945975505147,6.1958891236259
0.21016760505573132,-0.15218138165470915,0.43304180617044163,5.680889655536457
0.19636418552304863,-0.12874830355424127,0.41022258426103264,5.411169492724073
0.1806086753474682,-0.12346200086547125,0.41972330382408235,5.414249226012242
0.218496117898207,-0.11173197162723561,0.3897059228861052,5.435290091727755
0.2007111051500534,-0.16395627129513812,0.4824116120622364,6.145149217662606
0.1726872901236337,-0.15118836657559542,0.4479118251531692,5.665439980214807
0.1781600781483215,-0.1602042790624026,0.46335820443504605,5.97934254376675
0.1908315885315351,-0.16683778685108494,0.4753410124326553,6.073521429489423
0.2520033939645408,-0.11831338287938362,0.4290362814545879,5.737251136383334
0.2221131670537587,-0.13907079471025605,0.448137609892886,5.930375532340358
0.20694333495075534,-0.14098712079235567,0.426796893343919,5.622842563179
0.1390002781635155,-0.10122229943958304,0.41501948025496405,5.206387991820273
0.16302686740892414,-0.10571345493375779,0.38361252958274156,4.777470843947685
0.12052970643377478,-0.11919278227434309,0.3176841255186945,4.13152237437764
0.13689396874627058,-0.10149778767976457,0.35764278314552594,4.520739725796741
0.12983728540322637,-0.08647033562128827,0.2873818975276446,4.145717517355459
0.04123742101334291,-0.06302176829683957,0.2848962922126794,3.649272515240441
0.041890463947727996,-0.06487584632767564,0.33967808118656984,4.214961948327053
0.11130633790853453,-0.07685344075403468,0.3403115636175099,4.320049996186644
0.10434025870673953,-0.05316382260001588,0.33151541710474486,4.1398507579869985
0.11258710649500986,-0.07332646559497667,0.3112020777137932,4.0572315957387115
0.06803286837629001,-0.08062915094060795,0.2961165290581489,3.84017166850322
0.05051762403640844,-0.037218829877685225,0.3321129073305488,4.166988334106089
0.022408283774362294,0.006116090737692026,0.2887231082944732,3.7142666739428045
0.07018585283439915,-0.040211815995370444,0.31115826569564037,3.9592227848306503
0.009802134723600748,-0.06509885059884099,0.283820984398639,3.7133552774059457
0.020630955931482446,-0.025261301836549607,0.27135092541471684,3.4875962908617555
0.05800238094861503,-0.05431676064325503,0.25111046728171993,3.362328439505615
0.0016265841001879954,-0.09191213981825763,0.2615198002704247,3.602616419037731
-0.00035333719838624613,-0.03375913491776218,0.21007877598869712,3.082259227540893
0.017285832376580483,-0.04575603987623281,0.19447574345131372,2.7680550751509445
-0.020359253685780582,-0.04858370619959916,0.21005348136523855,2.909055873014629
0.003142736918856664,-0.05492329376207202,0.1665592555142603,2.6176342456994663
-0.015786643580522838,-0.02021159603479679,0.16055435203596138,2.5240353291480058
0.004575969776644256,-0.03830269027160648,0.1545686752435673,2.5734253492342347
-0.0648475832626239,-0.015783120806417687,0.15836686625769467,2.4890654679593593
-0.11340673780579855,-0.026134025843425134,0.13825572754992105,2.4458079467950467
-0.06774689437456949,-0.034660613963826255,0.09521135640916582,2.087777526505112
-0.08156855617292097,-0.08841291546880865,0.15258902605417005,2.6547502291591107
-0.007020763415565778,-0.09985250547829473,0.1734879931870962,2.620048618840165
-0.014305257820063047,-0.12364426754458524,0.2107437836450778,3.0907197390705243
0.027809517609564228,-0.11659921894464996,0.23669872750044674,3.2657210671246752
0.0036696459425588504,-0.09493142777765017,0.20578194186511842,2.9019987497878645
0.011486773733712248,-0.06977124492638492,0.14412502332171373,2.7063555086032003
0.09941562908530795,-0.06673150174000336,0.1673301623176391,2.9955737301323455
0.059019941449846694,-0.06357639089614647,0.12839702046674745,2.813628733572254
0.06618213768331478,-0.024196866493467986,0.14327249494570268,2.72147772557836
0.05269570482525338,-0.028164287601589,0.2513235945388505,3.3668952528625913
0.04810310115782989,-0.05317819922662101,0.21914370764706526,3.169253947581389
0.04358193608465535,-0.041789939787999754,0.19365870582378678,2.9613293814796267
0.11302661655263586,-0.08900010175154528,0.19740780151274728,3.245074060691396
0.11505139149037158,-0.10842739871091145,0.2079307316091152,3.2908757603033036
0.08368211619613869,-0.10652132364480561,0.2467239193534235,3.487757008480678
0.08501625436014897,-0.05518214296322494,0.21614742658065497,3.0928825246750846
0.058127171413681726,-0.0816637902835019,0.23940057226626266,3.4471946331948136
-0.017155762567549512,-0.08300805154705475,0.1947302016215262,2.9995492314352856
0.003440455864925476,-0.08233418963762419,0.2377449503567799,3.257459942088342
0.01730205101908632,-0.07152169006955635,0.2611495964938989,3.4395455975095093
-0.0049768295607139695,-0.06157717801177798,0.252107533419685,3.3818610303719745
-0.027157191004495124,-0.06797673549258304,0.23745212828297985,3.310524508440226
0.03547584530003288,-0.036401644302531164,0.21512677099289843,2.9843864557753013
0.08887926014042256,-0.04719778964997169,0.2507463588219818,3.18596571439937
0.07769562145687847,-0.043326430834611684,0.2244672723986279,3.03955371093768
0.10946681999171237,-0.07060739427387863,0.21336340406451038,3.1736980919030735
0.05483174233591464,-0.03476054404146375,0.1926529818889648,2.7268247463602884
0.0014978105469201483,-0.04192827784901129,0.19941088795013498,2.8345452547799193
0.03371805497084886,-0.020788290461761404,0.20143137644097417,2.7806315441342817
0.03513954228042893,-0.014605811644833993,0.20439077848286516,2.8480698618909552
0.005244651248949255,-0.009684650580600262,0.23431730904564085,3.140426770987029
0.0157178290715542,0.008044451676629767,0.18869655962063353,2.655685174893284
0.029883888125139153,-0.04478102874255834,0.2212501031623039,3.063191426473875
0.040352207753732175,-0.08435540312999946,0.25630673677982296,3.3486754372537124
0.05949443368123854,-0.11138045998381,0.28290324315848364,3.7893852560513137
0.06367180369722386,-0.06938619350123955,0.23681307542094743,3.3738820003183267
0.009856154776925748,-0.07415428076334173,0.2551217624636546,3.5027811762248957
0.08317825363729062,-0.08754316908489249,0.27310768582780687,3.7918840447942483
0.06633276575279978,-0.09806638252593242,0.31228530791531983,3.9634621418710334
0.12522225662911002,-0.07838874501834305,0.3085505724227167,4.185677107564658
0.14158891713154953,-0.07269867105543337,0.28225537101581577,3.989635919949897
0.08364479441269501,-0.06275238037938766,0.2631682210834231,3.5331003790651296
0.06285747919098461,-0.02441080805462756,0.2114204885559861,3.039040302187289
0.026592860257605898,-0.04926921098348963,0.23493094801674777,3.244057812362612
0.07570897059705489,-0.07181764628991041,0.22679614234291162,3.1880238505715726
0.0202388086043644,-0.06606105750217868,0.26926410573290066,3.43748200855624
0.0447254938896169,-0.08317320946341589,0.2763118726582811,3.6861705181781224
0.05530187143971758,-0.07052095238492638,0.2988748908867633,3.963134499695606
0.12964475482468218,-0.07395815458958735,0.2574046363722307,3.9356027352756677
0.027921792905610456,-0.034764350417979296,0.2229210814054725,3.119650082507328
0.09084230644210439,-0.039297878670853846,0.25277670473294345,3.6345242012656316
0.1248393787805805,-0.07944976480425935,0.33376179854217464,4.350527776593677
0.09791757133569157,-0.07927125676412021,0.3344425526449078,4.288765471487906
0.0740904505706519,-0.07400574599593676,0.2818704440217446,3.7467886702168496
0.03014680079826685,-0.037715846873690596,0.2330960765773402,3.320553113722738
0.0695673298140105,-0.06346081131923952,0.2902996073901233,3.811408664829774
0.11970719962572186,-0.11971684012581109,0.3094115489138426,4.28732805197417
0.15546158073358757,-0.10710102547100779,0.2671142042390388,3.8474110079580193
0.1671742575486746,-0.09227323358512811,0.2585526076842206,3.8850275833339287
0.10064604186499204,-0.06196858663571935,0.30326783914650046,3.992275234768022
0.13125811101782378,-0.04468442715817726,0.33276212157419055,4.26793262979686
0.06878393311504712,-0.06177403321790339,0.25542327217109106,3.4099746799118273
-0.015450267720968443,-0.08504760302601554,0.17632231751793892,2.882922516557485
0.038452600290472976,-0.10018585784473381,0.17632664275596094,2.8902700041805636
0.04722945961527658,-0.08504706348313056,0.1868614983734171,2.84020913386321
-0.016487475248415127,-0.09732699559853654,0.1830211015712468,2.848699144645955
0.015620748969954086,-0.07709453978375452,0.20005699508446795,2.91677352058846
0.013655931956791934,-0.053498559035413944,0.16205207056063894,2.617542959091282
0.020267484766618177,-0.06754918958709248,0.1596273624815623,2.6650680736897776
0.030934782706611708,-0.08346683245565784,0.18108961165385884,2.684580933599468
-0.05455197246732316,-0.045357795586336784,0.15181338319343762,2.46074724233219
-0.0033819948970464048,-0.06840319481254811,0.14959812835836636,2.4401144969734534
0.01850404976208551,-0.0676200800784134,0.1318435077627145,2.3731054265379603
-0.04511013199248024,-0.07098978889139197,0.15583694974712262,2.6530409054916984
-0.09290703986531444,-0.05556609225392462,0.16696172759445485,2.7905964505284686
0.0663302358978318,-0.07914870394787127,0.1728496875252059,2.6989253735317664
0.04350418543886004,-0.0739166351293558,0.14647702768552748,2.735906418103494
-0.009188551254326984,-0.04573029799293539,0.21095387033435886,3.009246525704231
0.017233892325602688,-0.056519112952962365,0.1891177971686117,2.8609032727901433
0.02216449701716029,-0.10907874945032539,0.20006444234506005,3.1234023331684857
0.03856610939229898,-0.10669233515919323,0.2211727195613356,3.243283717888581
0.03854417561515375,-0.08072869218408306,0.19543103770844691,2.9153399607655848
0.09031974439952928,-0.11844616395386573,0.26088681728014446,3.8096223173237536
0.03226451980265443,-0.09790896138900962,0.22887234130073786,3.401820198829081
0.046089114914367825,-0.08877216332083815,0.2694449792076592,3.7856860725721315
0.11951396109859994,-0.1317057971249353,0.36656481330161494,4.895894635950053
0.21002873322681806,-0.11128779817999014,0.4059335464548334,5.369532756043685
0.1698935053656139,-0.09057597533924747,0.3439289893070731,4.693451827479273
0.16080082725836925,-0.10719574182454754,0.3397963877453883,4.807452229763794
0.14116332119769442,-0.12647523948678752,0.3151423091780963,4.685145196197566
0.16743184342530248,-0.0839220782569711,0.2904767249932235,4.293136993804351
0.1358967816495567,-0.07991490838569636,0.2727231925356458,3.9925102012445213
0.11101225529076097,-0.06631836311430374,0.2673370922018077,3.959018758609748
0.08257421248280392,-0.10724276356356742,0.2241089936370732,3.6669120894750966
0.11199393204563898,-0.0611022583343115,0.2889921733370632,3.9491038927545152
0.13563200937306982,-0.1041454572428202,0.3248857684371739,4.464400061621806
0.13134611488576683,-0.13903058157171316,0.41564300427532885,5.284721216078381
0.16931652024882604,-0.10896106827410225,0.4134751131889823,5.428527824238352
0.12926025773007732,-0.09564285713711469,0.3789615175135964,4.870497863159735
0.13503324651704424,-0.021465170551912115,0.39476869286412586,4.994131577103806
0.10614746211993766,-0.03513825060804524,0.2966594086882121,4.177546027600861
0.12134613532019793,-0.08375278343949379,0.39482567168115096,5.050201049418047
0.16017277339254232,-0.08870626461062087,0.42718133014942977,5.635979642094671
0.12925938569759493,-0.05627939121739642,0.32882230306086047,4.6758868976575885
0.1656817550958935,-0.10818631420994308,0.3368157509460409,4.776614031149151
0.14561947169542133,-0.08589891447487945,0.34994114628577816,4.607544461762969
0.21353576218411793,-0.08976953985939001,0.3293991389786746,4.845363766840686
0.2384280977462548,-0.14286840395121012,0.3686782464300074,5.444382398607583
0.2819578324548892,-0.14277397803677752,0.408953525579419,5.808260322909901
0.28565964215842626,-0.13252924150398257,0.3863367254919706,5.8895615912654975
0.22315222559144135,-0.14957271499112162,0.3403155097121094,5.172963156737019
0.16421955076166045,-0.14323224859417427,0.376292572864837,5.150600082677408
0.12610035666778874,-0.20100893371806286,0.40612339209240605,5.458454496068107
0.05259793093748838,-0.15361737634815142,0.36889321072993014,4.8345041980198555
0.03774607338121945,-0.11080108520334876,0.39977284871062235,5.135499980649494
0.08133943318266432,-0.11473341208585786,0.3924521102816631,5.00664479605103
0.039309349229668056,-0.07248074655014115,0.3129638918016643,4.161089135421574
0.08181520017911273,-0.05309144238924368,0.346927608539936,4.568698168823585
0.15657987506789117,-0.05149021318700071,0.32698633261597837,4.414105621019049
0.1046138737083238,-0.01495111779794871,0.3251808475254783,4.271621154059398
0.12968430278561088,-0.07062886892143425,0.36829543482982957,4.909228414223867
0.12074339671226421,-0.09260690278851814,0.2679418877219286,3.8816331315587456
0.10532937492589746,-0.05122113635612477,0.2316128905818623,3.368462697662061
0.12351139983933788,-0.0479736284467439,0.23533803000380718,3.6736961309868126
0.1046803067238523,-0.04679316994034446,0.2412443141025213,3.4746061761986202
-0.01280482873235048,-0.04209560302527109,0.24814684895714798,3.5137269894913437
0.045026199134765355,-0.08146885771535599,0.26636297766843814,3.7815039618154604
0.0288181684895071,-0.04568938463813666,0.24514959402044245,3.374594113403591
0.005684673973654872,-0.07578545571132717,0.2724467989885536,3.8952317745401905
0.029015014933193112,-0.048516771222844514,0.31855250727942963,3.962713088278052
0.04491181654930896,-0.07245443247094319,0.23578194826955873,3.31148264020802
0.056824072807046766,-0.04848126334570738,0.20568924964217097,3.1147062238896535
0.11966849743231411,-0.040601374139623704,0.26591777297728875,3.8302483828904976
0.14097734121562913,-0.07245219354338303,0.30683320291232224,4.38859939851343
0.12905284685673485,-0.07351863579655699,0.31292925525781523,4.247150934169686
0.08398132869002296,-0.0878850099403472,0.29702500618590033,4.019261830046082
0.06453027097999976,-0.06904076769018108,0.26533002721885546,3.639830982233081
0.034297302614703574,-0.11987950430902572,0.25629612142426444,3.690615514621425
0.09815983647508301,-0.08871154855749523,0.2724505254656555,3.897148927583779
0.13471888664478382,-0.06320904394826489,0.2941897032170339,4.118201887445584
0.08874281889729825,-0.04922669721345711,0.2776332944253445,3.877314001162314
0.11698359758116458,-0.08086500923366649,0.2801736633539032,3.841616076611685
0.11400801949155494,-0.11949860571446205,0.3202306870164505,4.37882170805202
0.11404169777648758,-0.10938492471942057,0.258046277823142,3.898166528004483
0.04890088471242088,-0.08330704067029426,0.23748753464001474,3.4699468867583474
0.018312924296675526,-0.07897652165183588,0.2527392355515023,3.3836393099485393
0.024394260023977377,-0.05848473940114798,0.22954038244081817,3.190295036209808
0.010437888518426865,-0.04312118000774316,0.23098369144538008,3.2908104974503596
-0.0059119516940850415,-0.03283079452845283,0.25941649813677387,3.337850916162123
0.05365769638674631,-0.07746814065177088,0.2889347295362835,3.7189747183115123
0.05038467825022434,-0.12517010398478026,0.2928089092445251,3.9614134535474848
0.08341936737743366,-0.12130379682948131,0.26289330863593624,3.7427587266745803
0.05609685608741972,-0.08035570560850326,0.28015001730795136,3.7144860470952823
0.07611377837050928,-0.12978194549221378,0.30928897210668205,4.114677790509133
0.07635104187734344,-0.07695569263382047,0.2541442923572629,3.471458270377212
0.010571042832260714,-0.08592505194842597,0.1831168425373325,2.8799286047669383
0.018445637374378314,-0.07362024430255056,0.23460298175993818,3.207208546675846
-0.05151685084733744,-0.0591515131101428,0.18917175372582393,2.88408423490627
-0.011356620696890012,-0.062404906983357135,0.21030955710671756,3.0371936549230836
-0.018141751010740528,-0.0610782548584346,0.17306196088665263,2.7764705501103832
-0.013600685735028243,-0.09260485913068874,0.22163155035113408,3.224364958451073
-0.011430093415496832,-0.06239312753839495,0.22113856178198987,3.1073309761260317
0.0695483851037335,-0.08506243858082228,0.23701185633276944,3.4250148347353413
0.07711352266835349,-0.05964744740897547,0.1871095640916442,3.1019856408358604
0.05212887675355124,-0.0790475154510273,0.23534018240561225,3.4414813791476475
0.013818078371165207,-0.08147965995862301,0.24151218247828715,3.5363418456812665
0.0718293891802124,-0.09770281156464138,0.2693020250555268,3.839122778382868
0.08217593252249257,-0.1561491368538279,0.3530409437992951,4.510907916388444
-0.013008836993344765,-0.13052172755818747,0.29946709282206335,4.004484883656825
0.02832191603876928,-0.13392141778336603,0.2516937716091005,3.6599438830349076
0.01945520869335625,-0.08718651096351503,0.23726089990138868,3.215693784167405
-0.04706723468643908,-0.04982036249341982,0.23067667359004032,3.326021881048426
0.03713108642789713,-0.061793896739545655,0.25902750709440897,3.474326583563816
0.025327782429293767,-0.06913879354965248,0.22204376266769826,3.207486294882472
-0.013531907780178534,-0.003077769228424062,0.13855647254131256,2.558374117520733
0.031995844235129155,-0.002729802851695941,0.19103291413854995,2.961530843970857
-0.002181850286131362,-0.0497903724256548,0.20935878281246767,3.0137576953150167
0.050749189752082965,-0.044698165531274,0.20411303149743815,3.014890632571023
0.027370009602285805,-0.04393887579517675,0.18571490312572583,2.838003500239644
-0.005173885380921687,-0.061479449813864134,0.2079040897258638,3.0502147132090514
0.06789270154776768,-0.04550172250444114,0.22618442017433116,3.028290841453433
0.06534549191366278,-0.0711812147599135,0.2595900740779871,3.540046501417371
0.0628383475067365,-0.07235826455379331,0.2552219661774287,3.556836961302513
0.1187964224353711,-0.1068779783138644,0.2844604565805956,4.057228304150117
0.0686389242493742,-0.11214646585465271,0.2199740918885281,3.353281209439316
0.08877063867041987,-0.09695290931210286,0.20483037374365592,3.1809805518384637
0.06428653414508576,-0.05428502059878342,0.20918739918331444,3.1944880522561663
0.06563741112295633,-0.08180350799584064,0.2379845583527613,3.6957541449040576
0.13677026588758665,-0.06443116162194018,0.26343167864905204,3.828994699361897
0.12618602344054025,-0.03498108279490593,0.25553187771489055,3.7163984365924505
0.09285658225545158,-0.0891272306683076,0.3333899718662626,4.461999056841997
0.06833887771189391,-0.04983952830597555,0.31811623051732607,4.2639991401846755
0.070557805468919,-0.05693358304823284,0.29452586137054315,4.117946093838269
0.11509449800129438,-0.05140970492444848,0.2526421188760068,3.7394005332756133
0.06222167626194185,-0.05144257711337968,0.2589839366051649,3.7175101125616683
0.049894757706165305,-0.03323568707300552,0.23408273815099365,3.383045749510532
0.10710388281399907,-0.003798609322733787,0.20480111066329104,3.409690898407585
0.04314025600076786,-0.020677701802439323,0.19034742438771915,3.1306844566702474
0.04455285148905845,-0.024565490743137047,0.22177423689112447,3.4616463178531034
0.06294144199494736,-0.031883493075324995,0.2872504655060394,3.99819037378238
0.10778168590651023,-0.03838143274507586,0.23632248196021144,3.6659883394705215
0.06928718507271002,-0.039564504492185015,0.23241560081862153,3.677521681847073
0.009689542000358545,-0.08288915506283281,0.23499410311227414,3.6101344860719693
0.02775583433317877,-0.07210512062659824,0.21692493036813712,3.2358906003193297
0.02127576775037379,-0.07200615792505326,0.2328951984759613,3.582601652037917
-0.01270969919310476,-0.09220741907511328,0.26004250191402456,3.7075583232174134
-0.0864337883712378,-0.06874305404425952,0.28504284521824685,3.9259604363552305
-0.03839310590203344,-0.03200515790557385,0.2412529927652755,3.530546406922126
-0.08223269213704566,-0.021012254329123622,0.27465980446495414,3.662421037472158
0.007184347382187048,0.013436646919333677,0.21326151902710666,2.9999157959214293
-0.023070893586997123,-0.034331229066800584,0.30596067163380275,3.6961443287431583
0.028325861656630372,-0.04541319264640534,0.21654446904047614,3.102939938014289
0.014133469470548126,-0.08857277063388946,0.23613322970925454,3.2513690726604767
0.00014197690506365272,-0.041599662944662316,0.2642211721116102,3.292485372401369
-0.031978625152321964,-0.07228434738631698,0.2821904601266711,3.7795979986946926
-0.03915322489572079,-0.08765075435779439,0.2694001805269534,3.684695463221039
-0.03464595285603624,-0.07126015350509195,0.2405802150631967,3.31796438383289
-0.07819175361691175,-0.09336158348691699,0.2750302299743619,3.6871360816678487
-0.08095498947055826,-0.049838221024180965,0.2913404482707539,3.9037552982566197
-0.08193496847171024,-0.07442972023566415,0.2799470556762769,3.8938335754004165
-0.02048448317984125,-0.016545997520371922,0.26148786917035893,3.2697171420730013
-0.05703899657977036,-0.04027286285269911,0.297863445009714,3.7667189550896003
-0.039968393339569655,-0.09192713646139972,0.2941004808413014,3.8891405193449544
3.424278953096855e-05,-0.06068375908107973,0.2936212437470166,3.6767635252048425
-0.011998551495279121,-0.09216242568212352,0.2942340175068584,3.6065005912246284
-0.053394384791671023,-0.12653683364772875,0.2938395232524508,3.8675276478377683
-0.03335297520371118,-0.07271683536888154,0.35578627474295516,4.371906897027746
-0.016689745984632874,-0.11185791725740334,0.3150842250527905,4.05705711163767
0.00014207465951688667,-0.08898749834788709,0.27578145399428283,3.745132543244283
0.021360314750704344,-0.08199905996781265,0.30196609437946553,3.968204188656259
0.09180166541664482,-0.07970295800393366,0.3268549681876733,4.325649985281473
0.09282226623758619,-0.09914125534078297,0.3462807534729681,4.448362807190338
0.06743517315063864,-0.10276432735974014,0.29716047069518814,4.016416590568245
0.15267923912417747,-0.12045199236988532,0.2971108815325743,4.288991527401555
0.12285650038773867,-0.10509085801315025,0.3443713315614699,4.535924547954689
0.1528319020523451,-0.06595171763813457,0.23853797666676432,3.6941386923280417
0.08213509280275717,-0.0746579596030854,0.3086422320517692,4.129081045348048
0.05672771191984201,-0.12133007426932496,0.3792492862389966,4.912712736093902
0.054038265554518364,-0.09291341095790812,0.26546133762320184,3.943872450398582
0.08522979636456232,-0.09071957247308353,0.274614991451569,3.786717243680366
0.05138139850809296,-0.11864355493962155,0.2728340015673797,3.808057483245596
0.045959124538348745,-0.07879884992317139,0.2610045667028915,3.523926163978901
0.06628348514660933,-0.11221172830633241,0.25174414815152835,3.5859455906780013
0.06836927440807225,-0.11449354293827795,0.20764611784271345,3.440771584514713
0.09572332101183963,-0.07758426311136521,0.16353486867736267,3.0229969829389227
0.0875393213063113,-0.10280804513070435,0.19822278168246713,3.2170147825072317
0.0794883940486826,-0.1149495058558975,0.20531088345551013,3.4448685850288165
0.0033441626661526573,-0.12858951291066367,0.22412531946804864,3.561906786987926
0.044675588554530944,-0.10910907918938532,0.177039051326108,3.09044448446084
-0.0683087763259621,-0.10255394460874179,0.18311525692200833,3.024630047087582
-0.057733915735268364,-0.08751709459719446,0.2389796310581657,3.3017729555991333
-0.04993022147834829,-0.1163087264246611,0.2650811984125438,3.6629962518944077
-0.02800590140290305,-0.1307636943441381,0.2343094543799462,3.3069085493011734
-0.10225823721518104,-0.08011325008214987,0.2442807685325587,3.3914558625568514
-0.07595789855624563,-0.07494212334537888,0.22819521143742683,3.2529160544307154
-0.07644811320053042,-0.1310534351315779,0.23908857765966945,3.525823311405858
-0.009244230067241519,-0.10980190569569376,0.23822160288150693,3.32999806033944
-0.09780201049069183,-0.06575025987248316,0.21061851114404856,3.133154919276074
-0.09662684156834488,-0.08068068484275703,0.2710594971411852,3.557788679524535
-0.11198756887848359,-0.10363977456593611,0.2723015378592541,3.6808360197346284
-0.106768955267174,-0.09466198119438056,0.26667959510403405,3.7893625023885957
-0.10651966738001792,-0.09964855575391993,0.24686889512772967,3.5959952716780688
-0.09661306513277534,-0.09628156075794542,0.24698964007047267,3.537044355978473
-0.09552848761236875,-0.1048060625694415,0.30880205130611477,3.9841378560316985
-0.08384338419122404,-0.09690236652429812,0.27565272972493654,3.6284764471642146
-0.10797252208483392,-0.0944566702612249,0.30947402805257807,3.952040272621999
-0.12549163601889274,-0.10711928914375914,0.23548889203126333,3.4574959773338576
-0.0955065629458952,-0.09941315064959921,0.2661474211799806,3.5584811881981873
-0.1049118630703294,-0.1158144013517235,0.29290413223102435,3.8948139832771047
-0.08740838587443941,-0.1219690653475533,0.2992646785328391,3.9792294622402586
-0.0781731806908272,-0.0982857032820018,0.26022188111062367,3.5268196749790532
-0.11517013775002152,-0.0736840974641684,0.2519002282074689,3.5788176300955183
-0.05228939617208681,-0.062421175579306515,0.28619122443499984,3.669386839738035
-0.09597823338294875,-0.01954182052730051,0.25234989370202965,3.441516285744939
-0.10317636120563488,-0.05304273685905821,0.25460005279783593,3.4448609581140843
-0.12145152877181159,-0.07478154031533346,0.2551645397813313,3.811891073047928
-0.13026777890522281,-0.08901418821068491,0.21817869371574627,3.6350935633416674
-0.17629072807491142,-0.14602363228770313,0.33375947363862246,4.738374250180304
-0.15821557293495755,-0.12176830183644441,0.3433575981271823,4.678276454836523
-0.13242093130429577,-0.1378872605833223,0.2965353345516668,4.310307511026665
-0.11253340396902378,-0.1068153643914543,0.30536915341689774,4.174620789948568
-0.0856513355246543,-0.1044058595025249,0.2865965747219782,3.8943971255119836
-0.1200924467090457,-0.10097559105051095,0.23465697056568924,3.621867333753745
-0.09883177442071633,-0.15064320267072212,0.28655853457133446,4.152910989127352
-0.04826664707634497,-0.11771740620712935,0.3030007384896438,4.0101046337731034
-0.09412286177988574,-0.1195645253709173,0.27634242858645397,3.8768977827207456
-0.08633726707475482,-0.1274795480106761,0.300802341901676,4.005996617367156
-0.012884825683666971,-0.13565034624977532,0.29823916773061815,3.9514997871399085
-0.0017196140139642381,-0.12438294682265817,0.2622530581726351,3.5691765083527276
-0.07429066165149865,-0.07153908093375358,0.23998173666316033,3.4784326912054744
-0.10246303088378318,-0.09679005672303799,0.20690573209224275,3.3882921644381576
-0.08983527843839516,-0.02634006149190784,0.1537553763035866,2.858774152870485
-0.1282473875744313,-0.051313711066447894,0.24581930470335642,3.5666093327228334
-0.006280079453140849,-0.04981797038190307,0.2477005628133027,3.358503643247782
-0.03575270227132012,-0.02247114677344096,0.2580404968526407,3.513778063554477
-0.0051119348899424134,-0.06646138976352345,0.22801068159424082,3.2832615965553495
0.02262545693331165,-0.02578081077744054,0.24277207944317616,3.2312252285004965
0.03955084580099003,-0.09579379472206183,0.26888620244581246,3.655980584977497
0.06033488548492735,-0.07183952026795934,0.2595874691499349,3.4994155642126894
-0.01592782395562215,-0.04127769522460792,0.2336224367407949,3.2430008919306634
0.02917544308476765,-0.06040726117379919,0.23022672375561365,3.194153334128459
0.07312949434611836,-0.044466471763327395,0.20133490570103768,3.256299124111855
0.06823444255818492,-0.06694551672526552,0.27225137222423795,3.56290082333334
0.07075400226296653,-0.0766547439387588,0.2781316926198699,3.707184772382343
0.12853175098395206,-0.05989126976094605,0.3023146685865796,4.057091746464121
0.07749940634396982,-0.07063924047035833,0.26496647973249726,3.767837752932839
0.03413611866929674,-0.07284122652711436,0.30301277703624996,3.9755797224020237
0.05541730606065918,-0.06467537649121594,0.22734127153455722,3.410717387898362
-0.0017007404458213335,-0.06359660864184652,0.24211428638262555,3.526764759911303
-0.014441781670241289,-0.03517590578416325,0.2250562016502292,3.254108145812515
0.00019646609694487402,-0.04318141523787378,0.2502338623718049,3.670085098678443
-0.007990999127125148,-0.040841105782304286,0.19779117725334275,2.9713477962028594
0.03741333121119212,-0.0453797061116239,0.22710940488560324,3.4502464082792805
0.04735906078017675,-0.06733689636362991,0.26533144245021734,3.778099903485427
0.023673707152699522,-0.062270745727192114,0.27817658728788724,3.762908964864851
-0.030472908335443815,-0.0196557153171502,0.2232360970817419,3.271485062628313
-0.027658990021507956,-0.08011875627866322,0.25514167671741605,3.3714122756877765
-0.03490424222103157,-0.10332428314101086,0.23832814937604635,3.318729840804085
-0.007675266655029327,-0.08445262932196025,0.2556592526233382,3.4963870516273152
0.04534039712772823,-0.04502720894375413,0.190834492202845,2.925446207763343
0.013760159694303598,-0.08522669738286948,0.2505173428084212,3.461626435349907
-0.02071927991712811,-0.06529737775366341,0.23326230284258562,3.255942051524382
-0.015436356229976748,-0.08596713006917052,0.22700362943152186,3.297031071226183
-0.0254770223012701,-0.0743130388292402,0.2066466604126227,3.0666953573421036
0.014873123890828201,-0.05849026248015668,0.18045307628182822,2.902527892191474
-0.012143342472517242,-0.06672228286354545,0.25342476272908476,3.351997873937143
-0.010433385816125644,-0.08078871797169966,0.28608262822555114,3.622594961589239
-0.011133751354137805,-0.09198965939632227,0.22668159985879113,3.200570343032684
-0.019517665202373552,-0.09558128796178166,0.22942445256471872,3.2581595717534535
-0.03091758407831333,-0.10490399183110062,0.1973626142433514,3.082305748543687
-0.03589646088475077,-0.04263016606017822,0.19841716295689726,2.9983545785572145
0.045188561275504795,-0.07544056506251033,0.21079593410333441,3.2078173725806
-0.02909461567191158,-0.05570336109996718,0.20016122695841024,3.071243293189876
0.0731955643802253,-0.07976093907383541,0.1654792238355041,2.8760873315329856
0.03896724514860119,-0.06784004016819145,0.22873099360155832,3.11274742134419
-0.016059188768325072,-0.08501734895519858,0.2473263887014576,3.4949056733608397
-0.05265154149602991,-0.08686270984764277,0.2096681381043527,3.2320155635713403
-0.02426439559301996,-0.09199820784098789,0.24534606714685303,3.4161658126311183
-0.08191563698266535,-0.08307962130810159,0.2136590615293177,3.263217678329506
-0.022065470518895954,-0.10345935283022793,0.22346171629654357,3.201975478515311
-0.06876299317480311,-0.1143831912269001,0.18795959757632397,3.1002170237857793
-0.02888020931721487,-0.08284629571882311,0.16034602577571144,2.6709336019700585
-0.056383907184294715,-0.10745156729388301,0.1903457890179908,3.0515520185269707
-0.07259355915354763,-0.07648391400487213,0.17642353532441052,2.9998272558245596
-0.07502118973463698,-0.10433437856745371,0.1868084342120663,2.9746354324814464
-0.09302868234152663,-0.09269586687966608,0.220025986023793,3.4002848408911204
-0.03854138939074676,-0.11313236384123121,0.23058624392928923,3.3608324733646193
0.04228589100556883,-0.08453895912954448,0.22018374554581305,3.355979220709023
0.049919881201091136,-0.03925871631254948,0.20705842941784783,2.999994404602746
-0.02778251974922295,-0.07931472516042544,0.1931087405845532,3.1691115577389652
0.03513533320084299,-0.10391011979386948,0.18930279167154707,3.231166094064904
-0.0018587415879159548,-0.08049737496437694,0.23114753141058872,3.44383520272385
0.018018625765031392,-0.09832758762470994,0.22284577535122285,3.4882877900325786
0.06651472872761578,-0.05474428324226674,0.25578254638614323,3.5868663323852084
0.1608569363213983,-0.026888752762790815,0.2571360038853087,3.9840128643162362
0.14449518241343967,-0.07570175897812381,0.2642770839752327,3.8702288975550028
0.15222588672328796,-0.04428683370429364,0.2464098567942965,4.042106570853826
0.12863389667332098,-0.05500495215201338,0.2745855382337629,3.763364125019672
0.07933467600648544,-0.046175309855428955,0.24676778304971497,3.600968003764945
0.11462561211002664,-0.04186581916552192,0.2474294663915355,3.592963440621349
0.0553496759384462,-0.03888160808931509,0.2224634922145983,3.2566100709539194
0.06814856409489685,-0.07340727915781088,0.3102285845892336,3.9820618982472222
0.032716210388597566,-0.04006529301231237,0.3050741866083724,4.10651936660931
0.07009879396442403,-0.09068073117507497,0.27751512071827605,3.9640403591713285
0.08752420338198996,-0.09539829358645163,0.30292025564126307,4.118628956588922
0.0264874278768185,-0.09241690838304366,0.2783693544731912,3.8555256387966597
0.039355351371824304,-0.17470704801079476,0.2789036001858412,4.218793926118722
0.06240854347113249,-0.08727343296535295,0.3098543578881686,4.105030595430943
0.05270021060225166,-0.12338157467235608,0.3671451153380518,4.729889306872631
0.06890311693135247,-0.12224764898832298,0.3475604398091655,4.729613061195636
0.04410673914891809,-0.1786330264434042,0.3807050566381044,4.993205598440386
0.07093798502784937,-0.20271918780123485,0.3608157126815317,4.97892044949321
-0.01309399428387547,-0.10972017292077317,0.28132484682486486,3.962577348194864
0.049372337190907375,-0.15281892401791855,0.3231048460852904,4.387593583001972
0.034643091433575135,-0.19104978392311306,0.34928388200271987,4.785456046160825
0.015176696766275782,-0.1456531122530006,0.30711168601341926,4.252860147208005
0.054124834679609136,-0.1769303009624963,0.3345075820782381,4.630976444831434
-0.005418698388970215,-0.1529815681331806,0.2754086365841024,3.9927295843441506
0.06578632747750653,-0.11396655024220305,0.2833133797978015,3.9477708313837563
0.09293033402273969,-0.17002430965530177,0.287018730204365,4.38384913658318
0.10240645152909829,-0.1477284101998617,0.28641653593961774,4.251922820075576
0.11019235228842351,-0.12455874198111586,0.2680652424494676,4.047720495967261
0.029135551975147105,-0.16376872488040678,0.30620332781877835,4.479523520472094
0.06630089443137917,-0.1441999429262333,0.36215269966534536,4.731268908173044
0.01874868874667451,-0.1433079507691645,0.34071768279479375,4.655873657377638
0.04591960923835518,-0.16953876728393838,0.4120841518985369,5.390525558300956
0.05635212194839651,-0.1375448408290304,0.31053378005625487,4.3499479435216575
0.04123324937767648,-0.16289725643945835,0.32711552636327107,4.423723245790153
0.08166808098703697,-0.11087532237742331,0.31734969770849525,4.175473061085749
0.06756858093452868,-0.10600316702038579,0.28492073762916764,4.009592599661343
0.01162000323796877,-0.09272958620358471,0.31671808261564993,4.216689206684957
0.08439873060137267,-0.08530492737568592,0.32069068640242165,4.371492011315023
0.011656076506430703,-0.07488967215898398,0.3354053607612376,4.2401863229979835
0.04690221184630883,-0.10906821668055793,0.3736258665359596,4.664521813641973
0.0655318759331551,-0.13450637880256766,0.3720027473630958,4.951581632618908
0.1389872680643268,-0.09872896812929294,0.353135226697509,4.830314244091125
0.18021160209737086,-0.1367256784060734,0.40163788418278634,5.46911619116175
0.15911281948315267,-0.13921000343674317,0.4794578845605406,6.20880947392278
0.16382300301823574,-0.1433681151020446,0.41684722086635745,5.55830161164598
0.10027268389413968,-0.08695195905247607,0.2890682652857999,4.334063274909544
0.11370920189018469,-0.1497270328346315,0.315395206773405,4.549805769437073
0.1638403177092428,-0.1519342995894506,0.41434463186787046,5.32311813437175
0.19003999792732937,-0.16858658362086978,0.3591451066418799,5.349665904918147
0.17229360282725004,-0.14168567661610118,0.36928734675659025,5.1681508161299154
0.14741280266168558,-0.1628884937171322,0.34383207498424495,5.049274572446057
0.109427086645438,-0.1221198511206495,0.3748500389694221,4.824672239170635
0.09303243544489476,-0.12949532651060172,0.31896614497316933,4.3660479711820965
0.05377569983785417,-0.10604982170196002,0.27698274593104566,3.78515891250686
0.08361995755424097,-0.11848858935448789,0.28887025487368434,3.8707982626279
0.09414377964445375,-0.14428549174988559,0.23420706336896352,3.791811231567956
0.013471877063038233,-0.08584753393677984,0.24153229956652614,3.403800671976816
0.03130361446389066,-0.09679267493057922,0.2578991556656991,3.6900939651587037
0.008337451652098276,-0.10806126811613992,0.25200053083812335,3.6390392854579043
0.006714024764561207,-0.10254718190189913,0.2515824468297134,3.554158952415949
0.03464593373301231,-0.09524080416364127,0.3083744069943818,4.043721746066774
0.06101419239285766,-0.08249399118315959,0.20963510424029239,3.3130248023957694
-0.012794083470801014,-0.07405267426800892,0.25382331417656095,3.6167860856925507
-0.005980359415678074,-0.11666143113823027,0.30718646153041157,4.054644262653149
0.011573276936814989,-0.09716019068465451,0.2505323087360452,3.5857559576538085
-0.038551244529910524,-0.09891647165157959,0.27620213628565965,3.8453419480558835
-0.0865602788800405,-0.10210822506718543,0.21655109178638413,3.3429627785485847
-0.10749334949690859,-0.0810202678771367,0.23079324654355515,3.3667020983646485
-0.019157163385552123,-0.08721395552476309,0.22154479903608107,3.1319811449828494
0.019736444622606004,-0.08585552677164315,0.2058447162072431,3.2147053465344073
0.04781338096321841,-0.10456734044914272,0.21276897459464644,3.4623863539994097
-0.00645289761468269,-0.12979722500388058,0.18942179724557728,3.3452580769312044
-0.05987014205207913,-0.11991281811823702,0.23102905832925424,3.6760204309670486
0.006981396317877661,-0.14193546811446467,0.21730011008339956,3.6092563507754347
0.008105590393270906,-0.1301310674553551,0.25309855000258746,3.6997570345521673
-0.012680083696305099,-0.09575873271144479,0.19267544810483575,3.1743765465970935
0.05509854496510457,-0.07379870210611601,0.19164315621246295,3.112270666121679
0.03193243478219227,-0.09366973536907874,0.2357288530631279,3.4198101723775873
-0.008581223542782013,-0.08391667192615682,0.23641514702583652,3.4022321714170483
0.026291092623590133,-0.04670497899083385,0.200709154643914,3.0453430678321523
0.015893849541030996,-0.08851180339321378,0.2268738137921697,3.4599578265497746
0.014431550216694853,-0.06178325809439622,0.1984808319513118,2.8583115309912865
-0.007630872452903365,-0.12322569074195991,0.3026125002096437,4.007939035150117
-0.027162984162840367,-0.10280465919941584,0.23212632137277445,3.4523267545954655
0.024595968947487917,-0.058885785008838974,0.18064904604727078,2.968126979755044
-0.021413903760895196,-0.07773090390062447,0.22691930957320866,3.4270031476944935
-0.06897163346928542,-0.11147580023308593,0.22570841574039147,3.559545368210856
-0.030199265971159305,-0.07895970592838833,0.25390770152754216,3.5409031811018883
-0.0355649741186782,-0.08992762751002893,0.1738793854606677,2.99736059472203
0.012192694429063573,-0.05214381068349395,0.14403462236541922,2.673855847594678
0.018469426544192407,-0.060169527695257484,0.16598739897038067,2.755588415552916
-0.05860769582924748,-0.09626818398025104,0.15425133730922974,2.86349090098943
-0.015621140120525623,-0.10579559600305019,0.1932924605267989,3.092811275889141
0.03889566090682761,-0.11575640524226553,0.2105571918035138,3.27042132640624
-0.0020389521804448796,-0.08268813259560252,0.19393555636740378,3.140924499081295
0.008660575592353491,-0.07537414504082558,0.20896773714989847,3.1129709459198076
0.04703104071575478,-0.09059162586060662,0.21593911938918114,3.3235406916618686
0.007876118847710278,-0.08753302432549921,0.19639359011581628,3.0480683832713265
0.03579712603746776,-0.07817860831539565,0.16900966664087128,2.9081988010508573
0.021895946368090224,-0.04168210102684835,0.1295120010500694,2.497308101204715
-0.015751184731222355,-0.0821268592993969,0.13985270922686638,2.5510523389409383
0.013801645470965216,-0.0784664278457473,0.1722198496256455,2.8115391255072337
0.012296568884788531,-0.08537825361212387,0.17651558837781423,2.9407814207323018
0.0028121951680865754,-0.044730875615626664,0.15611497950749126,2.662611285144033
-0.016310761249058385,-0.04918044984286726,0.13914683729943628,2.4652137512456873
-0.041675598683750904,-0.09795639122753733,0.2246330343644916,3.2419514987464604
-0.09374905246507059,-0.08419760620990412,0.2197234901127956,3.318494245934125
-0.05336722541116164,-0.054921999273875234,0.17209037888857406,2.820401783835606
-0.03249233755934256,-0.10379733645638684,0.1744544187618661,3.0156481253999083
-0.012048442944183974,-0.04759284225955926,0.15795270242506657,2.622371007063911
-0.06516138110143942,-0.08035400388614845,0.23195563483990794,3.316034844044421
-0.048584985305217314,-0.0616830708551228,0.15430688134280443,2.6304624002983252
-0.053554003039924955,-0.058357703581178276,0.13644547223811243,2.502218249577345
-0.02086048443759042,-0.058900718874168485,0.13845355729689215,2.4852669708822757
-0.01712064519605893,-0.06211194362385773,0.16938359323381658,2.6787852186452104
-0.018336180905227623,-0.06903346549218266,0.16486748930220754,2.794970315894885
-0.03477994733559305,-0.04679290767856685,0.12629937404885697,2.4598754230015962
-0.05138426400346285,-0.030647919502362318,0.12102941960101034,2.3586189357580736
-0.03835216937380749,-0.06255308212785612,0.09091471909382196,2.257962043758596
-0.06064114604885713,-0.07650847435150288,0.18065844584356966,2.963341012882702
-0.058249453484674606,-0.06035644256160716,0.16568270508513447,2.6930332746269867
-0.09088338239372971,-0.11185568688107027,0.19271869722178986,3.203251432873753
-0.1009769347380917,-0.10271367333391941,0.20991305738800048,3.2627620260724517
-0.05681430497917351,-0.11103449869133865,0.22335864355331406,3.284174183209252
-0.08758479490298618,-0.10500407241723693,0.20655164050697772,3.148665170155969
-0.053437146392437886,-0.08869052862653512,0.21433656323837594,3.1236699847248204
-0.0902800503823282,-0.09287954526935469,0.17116167964237625,2.8389881106108232
-0.031726559725090635,-0.08825998466693935,0.20029404615115637,3.0742798532960305
-0.03627186992381215,-0.07192860611927804,0.14336874053737514,2.6881033475328935
-0.012939542709936535,-0.036604673639010696,0.11752035136258357,2.3614907106235634
0.01444840325835261,-0.06955969970239599,0.1717309025910892,2.6894944299656234
-0.028467409170075383,-0.040738138263408115,0.15435261320457133,2.5563505634964776
0.017497028471758446,-0.05811616941011108,0.1784394991790366,2.5429548644672204
0.006417567285859722,-0.05088893872227973,0.16163615672731502,2.642149235398364
0.07628369950568431,-0.05574171571266502,0.1300603006493814,2.55672949044336
-0.0052504609064950155,-0.05366405141289836,0.12194308939834246,2.4185389462333897
0.03366488433829548,-0.03933031988049967,0.13854006475981714,2.4214207198989595
0.0030899156276868174,-0.06273387215913986,0.13668034497777098,2.5261423190649954
0.023854687974426872,-0.055674613824108925,0.202732406168235,3.0081903304007986
0.00590390900872758,-0.06918495989664289,0.19317822642962482,2.9713701027596033
0.005164078754631491,-0.0802001168227179,0.1729914801034686,2.8507198991446647
-0.009322222927298519,-0.04657213650966197,0.19122533153802926,2.8593091888072326
-0.01871664329899786,-0.09360126337093778,0.21279578691374537,3.201240401123178
0.055075136101148225,-0.09143740753612103,0.19148544604039833,2.95915381808617
0.022488222908924892,-0.05325661755185218,0.1275140633350639,2.557429700699068
0.06717215600708622,-0.0662723451982261,0.16135798511719548,2.7639410307498258
0.08544767895462911,-0.08632810929887834,0.17349633347248025,2.858735058157573
0.04898323132407444,-0.0945581040897665,0.1602492963755969,2.802860999386376
0.011255725420571018,-0.038529753686678034,0.15118986635606207,2.5331360705037422
0.001055942761324512,-0.09418202079008074,0.17901051677703558,2.9824048452817427
0.09872614900385501,-0.09506278340826538,0.1980909496850751,3.174241595515371
0.02441647187369402,-0.09908770685448964,0.2506904571770357,3.421794685984668
-0.0024054020325736222,-0.08697595053231097,0.263264168311005,3.414214535308624
0.003070554075492427,-0.07136626670774181,0.21205294873340055,2.9222376868055444
0.009624014562971161,-0.06349718503409363,0.24758049698716506,3.293385863413777
-0.024098092493646285,-0.09994825672834784,0.2171418616447435,3.254421034771187
-0.04100897891275018,-0.09441856088900702,0.24240795164632237,3.3278814736757267
-0.013181129822499296,-0.08702779465347424,0.23902454978615073,3.267774479347179
-0.04495688046470219,-0.06048411215469799,0.2265297885542239,3.175979231734123
-0.04844440364959039,-0.07628762721016778,0.21753386057015692,3.1874085638889693
-0.01893640890405697,-0.10380807683603767,0.249719746570929,3.524932597916084
-0.018747782267717197,-0.05850687598283756,0.24898832324606665,3.403202164335906
-0.04097584887093632,-0.05418120659846303,0.2354090569586664,3.1952138640896015
-0.039684919589688075,-0.11684256500265616,0.259766472991663,3.530835211749356
0.020747978127965007,-0.09084792756268278,0.28064939806418415,3.593911702786842
-0.020666251729837812,-0.07737719030859141,0.2667917082519348,3.559970232416123
0.05674987859734189,-0.08156021362794497,0.2804203010317262,3.683438589059213
-0.044276045356812926,-0.049257574525823036,0.22953552582523423,3.3131167177794283
0.029399421181757243,-0.02141727684751115,0.25935857904041976,3.550746865879649
-0.054453575082260286,-0.06484923356493445,0.27018087873841024,3.593319707696475
-0.032593868190578294,-0.05120388682382708,0.29650545711845505,3.801672268511331
-0.023795500062989,-0.06230335636221113,0.22190713395741435,3.2842790197008265
-0.04269577878960618,-0.06502840048218281,0.29196488143550847,3.6819179575625998
-0.014851890647911375,-0.09585277594417446,0.29049887954524556,3.927470387238478
0.02329602963798931,-0.0768838274674214,0.2840875954218867,3.725824881918755
0.018937087821039367,-0.0847687218773204,0.27012021519599244,3.7042466026562795
0.008521758188920387,-0.07273063440105033,0.2807125946173024,3.6216552625434484
0.043174929546696855,-0.012496597339123599,0.2726165889380553,3.5927753827519004
-0.012682454328960672,-0.0705369455596095,0.2899989024355027,3.7912466589509326
0.018979837517312262,-0.0558901845642098,0.28227784467560446,3.7343322648354147
0.0373322957654948,-0.07881770127318877,0.31596253696666016,4.138560492805549
0.10430424047207397,-0.056747120539018016,0.29172191217041626,3.8417368809032912
0.07854995351839732,-0.10857703710014809,0.2983232056460999,4.0231828574811
0.0516331801461911,-0.09918990815082958,0.32286957280734874,4.255801377256573
0.02496301599058575,-0.09582212900749498,0.3120323923705598,4.038674283808506
-0.007050938550069026,-0.15002352547256131,0.3409445150755369,4.391779257564095
0.03742895297468879,-0.08100931192232476,0.3473962219094616,4.2601186177208055
0.0664727513320546,-0.06627869096116695,0.3320084070836474,4.216244036746728
0.0686367438404284,-0.09044872368123728,0.30091878319675525,4.09650750435035
-0.04232781766566611,-0.09999197022509118,0.3325283087606559,4.145885810550717
-0.07334832602866094,-0.09181471560047234,0.3157202549812305,4.118599242047046
-0.020407344191457937,-0.08851863060953925,0.3260123328023388,4.108168162073358
-0.030026391708740444,-0.05173208088911969,0.3216709084108634,4.082015949276027
-0.014394291976161674,-0.08589816078930626,0.28547412864656213,3.91930927712247
0.06532698623559284,-0.08498302230596247,0.2375735010408812,3.4723094998563218
0.047569884188559314,-0.07317342276733955,0.24603188045259783,3.3737916505619436
0.010595168023336625,-0.11602001066277122,0.23355431983815836,3.533972811804261
0.0047916325581306325,-0.055458635491193384,0.2654301719052986,3.4454323147415753
0.04109678204352376,-0.06731545294370013,0.2106052771370046,3.0452992214470482
0.05562035445757003,-0.06527387715069984,0.15058495348402123,2.699316094281243
0.02070114171876038,-0.03316217933998134,0.13518953618025412,2.39230035083525
0.027843481307803782,-0.06739592452750885,0.17330234149145954,2.7733296804325307
0.04981997304304355,-0.05528367537155712,0.16950583651151246,2.8855134799843767
0.11055181312516839,-0.014759491883006076,0.11631967244073059,2.7014982492754585
0.06622302866894211,-0.06232190049833363,0.21528419072813731,3.333398830137453
0.05841962743261906,-0.0654712681614024,0.19523416777232588,2.9973889992273635
0.028024035822206896,-0.014700129943136448,0.1417159220143226,2.4859823001702055
0.0044200375046838415,-0.03331019407749768,0.15306058862966077,2.545423944236544
-0.008760797586032702,-0.018852524045527987,0.13739688413298992,2.507126129252575
-0.039876853980832884,-0.03142932398540157,0.20674678592096762,3.094132712055696
0.0022452758879112945,-0.034241754074931956,0.19639746514537937,2.986501228212524
-0.005960145448671678,-0.03196531649663111,0.24311477881517177,3.406700584435014
-0.00536965572298209,-0.0177480469225354,0.20147900639443012,3.0443551719527724
0.012985412861741407,-0.07023475175081743,0.25146574110426806,3.600835204690335
0.020526641741875497,-0.044247348308840646,0.23855163337804589,3.4485484683930774
0.01440765947895664,-0.05315603569995913,0.18933572124266668,3.1466844653676316
-0.005538953767192722,-0.04511067847184384,0.203960229864674,3.1929765256803284
-0.022521068828255896,-0.06002804088547983,0.26695097152010394,3.728374301540803
-0.04336000564597272,-0.07177985738120901,0.21846657895611785,3.4648460017853875
-0.01399631563925234,-0.038683845557062106,0.1779779089595779,2.8475930418062747
-5.621079541682118e-05,-0.09140576617620547,0.23982438540826936,3.2934229241254394
0.00983968823398552,-0.04789883233324587,0.1838170159454789,3.0007475418856875
0.07183106294306056,-0.05806452588631189,0.24437108868730245,3.420508749544885
0.05508174386141746,-0.0950891277398801,0.19002027122231477,3.0612705138143164
0.028244360354918997,-0.04791883902950531,0.20006371180480687,2.809503631868348
-0.04226255407369902,-0.049634732145141636,0.12910005295164262,2.450590290040623
-0.0630527150890713,-0.03607083933971148,0.21317757970736034,2.9083979799240476
-0.019777043148993624,-0.0362212282073761,0.163678049366692,2.558055203580723
0.03563015509131369,-0.05525796695915381,0.17907447366256127,2.787507583066549
-0.0044466606828807076,-0.0747254235381867,0.16761300860799724,2.629276251383954
0.014239263025189113,-0.08173211601297545,0.22881841486839666,3.271322056359794
-0.04073331064154521,-0.08579394486238963,0.24698101768815994,3.400268923359505
-0.042461745855741355,-0.09143835788317285,0.2235426573872606,3.2275737248415974
-0.0644114944195163,-0.0631133635600001,0.22891810679533292,3.323528323996696
-0.030466212624849522,-0.11549686633711843,0.187360307956504,3.3483596028291696
-0.032355478924028534,-0.08806442563337964,0.19093022016319586,3.1455303734825946
-0.08402002005839888,-0.020311938820068275,0.18094696661152562,3.150191230097224
0.019541532916793745,-0.06739179101769908,0.23022011304425938,3.2675180397533743
-0.00906666735275908,-0.05827429840909992,0.22817328906931014,3.3355009131471105
-0.00821384045564488,-0.0890819902369655,0.2766017350302443,3.7814460395484537
-0.005547585781832364,-0.043276040620695504,0.17882591996790412,2.944628039213295
-0.001753024987199925,-0.07375897175659858,0.18629374579939298,3.101110270956138
0.015161943863239722,-0.08424479003198967,0.16442494310174596,2.835893823133927
-0.026062457481289755,-0.047575339820434034,0.19156640460744415,2.903624471753043
-0.01967844078915542,-0.06470490277035357,0.16287448197854862,2.6716520737035983
0.01680310904597371,-0.07262304263365606,0.1868410083952792,2.8477950931384513
0.03388598840988633,-0.0395984757366217,0.11508346877630034,2.3013746116534954
-0.021198026062739673,-0.07907858257630983,0.16254653928109636,2.6705554264452465
0.017442641352243524,-0.08524551890910421,0.17882079630358244,2.8883596523543082
-0.0087934525463767,-0.07116206718287586,0.2060585019757108,3.014277249341186
-0.024564234334148626,-0.11359817583876672,0.2103551764349232,3.2228165555837096
0.01169725666924142,-0.10601936757114441,0.2442162530812027,3.4029474465754954
0.010538734666834209,-0.1181138133470785,0.22918268899772617,3.296266133324041
0.014200308123537585,-0.06306065358995311,0.23948265037840322,3.255896852289832
0.056442214443155586,-0.11126732489723368,0.1812567403044971,2.851866212188631
-0.04790927245699416,-0.08607540012316735,0.24292872616714367,3.32900087744234
-0.02719757454625354,-0.0765219137456428,0.24571925600501404,3.2431823302341605
-0.024239468487144946,-0.09524229465456424,0.22682887888844688,3.175738024462826
0.017071841301878797,-0.06917053762590156,0.14524340519148368,2.6537404792667028
-0.008712562805731273,-0.08765781414516377,0.22587030000919,3.222817639571952
-0.005897103435095416,-0.09723205696344879,0.21334381419966264,3.092050619879211
-0.05699345718962838,-0.07187564978403421,0.23030085755043206,3.38014546108221
-0.05295688958872079,-0.15486184068065473,0.2548441178939889,3.67856171282337
-0.01899796426865343,-0.07841742112004327,0.21823259239513818,3.0444285188059914
-0.025923495376016226,-0.07658067747472462,0.1895448664934217,2.9006576766288905
-0.030447283357675107,-0.0809122811676643,0.19742369306213825,3.003555379852416
-0.06268268136282348,-0.08037379054819041,0.20557714002617858,3.052548283986738
-0.036560717049497864,-0.09424424697232031,0.2020458173085204,3.087346220389397
-0.007293072756765418,-0.11097775958254112,0.2579635031551595,3.6520655361732635
-0.06432854123795767,-0.061979714629966355,0.19272104778590185,2.9574907740146217
-0.04400695717908337,-0.06685110293800176,0.20323367990023625,2.9665986263782647
-0.08513962383902647,-0.10981700781307696,0.2109940112995547,3.325263651139775
-0.06309397457051821,-0.08243990919011887,0.23721635992534712,3.3506971698057506
-0.05602421562086275,-0.11634203432031846,0.2227549750459104,3.277190005273359
-0.052440136424062284,-0.08734647601428674,0.2084496760161705,3.1865392134497794
-0.04849403452233825,-0.14838858246326403,0.25761751509079456,3.533741403627501
-0.059110707085552126,-0.11698233556585005,0.24225836230627912,3.4196331120569794
-0.11018753320674193,-0.10397566544144933,0.22197081011113232,3.417011348961909
-0.0833999360354327,-0.08673673363451562,0.18046185067141662,2.9754704192997954
-0.09556492077009374,-0.045189848490891395,0.16332471838947538,2.740108907519994
-0.07007760238165137,-0.06930578471068469,0.152076207891961,2.7447390142730637
-0.03607491359945124,-0.05997266945743289,0.1356117150164579,2.410931795529514
-0.05051261804556207,-0.040346146936080476,0.11472922363304974,2.263521759619076
-0.12349886911167925,-0.051938054722398354,0.10318391911563622,2.385230424474854
-0.11333438889640628,-0.044016261447148354,0.13491830523928783,2.5719569422365383
-0.07452019721900564,-0.08069408693405385,0.1880212476610976,2.9297000805968856
-0.11872571723998128,-0.07282737861657226,0.14987251415066813,2.8030193238698438
-0.12840542690794393,-0.07217113809119996,0.18578279212131765,3.195136709687633
-0.03740228615768813,-0.0813092356323487,0.19100523438068107,2.867756880187236
0.013937879688736806,-0.04217340865365219,0.18471069107659352,2.6976737860243722
-0.04363284267595967,-0.05299002996697364,0.15915931739344097,2.5809410022882195
-0.05517281563432263,-0.05762677111264982,0.19524799597965944,3.040323676077905
-0.112070000318144,-0.08361771494532125,0.2026027309932931,3.2322855353965108
-0.08437653678999196,-0.11260174383669282,0.22272866812743009,3.422521369370103
-0.05770820565653324,-0.07435403613595448,0.1714825099667294,2.8502355417467378
-0.0428844191317284,-0.09318312560170458,0.18060957075097364,2.932565701101566
-0.03915810151773026,-0.11145041119079219,0.19542713463303737,3.150116205920267
-0.06353070581144837,-0.08124545626911787,0.16439992967215292,2.9052033726044013
-0.0423564668691469,-0.059960439989140725,0.17648635408072902,2.846444209623743
-0.05136226935941288,-0.0544160448788288,0.16889241557234824,2.7487873474740394
-0.022192484883624387,-0.08822321385097608,0.18843892493045805,3.0959551565468937
0.030623716125737433,-0.05742992256277144,0.17380804428506239,2.735517246780955
0.00015238789687936437,-0.07809622908369328,0.1318156855078795,2.4822362036731653
-0.04059140244103591,-0.11469499791699973,0.16485073847660472,2.8654650008582436
-0.0020049665943706408,-0.03737206072239095,0.16854641856040234,2.6345166503811623
-0.09682661023057998,-0.06792622528258521,0.20370005373808442,3.264571274067825
-0.008313486364925186,-0.08198730243880784,0.20856587611066837,3.1883761666495505
-0.048622088970249194,-0.06759127259414341,0.191069416478681,3.0616300188395087
-0.06670831358629734,-0.0723300719752655,0.18317047267073097,3.002076142479729
-0.05558218083616633,-0.10554710197656147,0.2614323783980189,3.65034124939412
-0.026327802890957604,-0.11795153132729079,0.31396241149544724,4.0296235815770265
-0.003347529679470311,-0.08069027590152272,0.2116232549627273,3.2560135998578468
-0.09334207087054172,-0.1089997904063343,0.1688190388918528,3.0994817240541823
-0.13211939282920487,-0.09347852256214526,0.22509735598126435,3.4773609389659765
-0.0765827340418167,-0.052236858630569726,0.17925595804088326,2.8227085062832495
-0.03401486260947456,-0.09673888190837843,0.20845431263852346,3.1498207285619158
-0.05992124497700206,-0.03819994737140286,0.1923356048244104,3.034751726169355
-0.0200602122621974,-0.09377564637855273,0.19850496731618564,3.2080627945477995
-0.004635736021985775,-0.08116395510988197,0.18848144013187879,2.9071409173926597
-0.031378001961076034,-0.07320101101414664,0.26031064178692487,3.3925936299184163
-0.023954040263469943,-0.081112893041168,0.21058178146474138,3.0242861295331487
0.014607109974627512,-0.07631342186125063,0.24107271393458074,3.2652738850500738
-0.030252053563690276,-0.07320239337627948,0.24427430851225979,3.422642470842362
-0.04240734541507651,-0.06065847646656269,0.221920078298033,3.3305532987092534
-0.07569511944134265,-0.10111727567941596,0.22732239605475638,3.4130641044217254
-0.06408269984810103,-0.11782644575590782,0.26439636406135986,3.8218415757001156
-0.05223259793784073,-0.10472181860145484,0.23244412681200047,3.366506307879959
-0.026707631170517554,-0.0877854085834338,0.23984342970515768,3.4151880919858955
-0.029543141494344508,-0.09651372833879365,0.24297344582413305,3.465327771716001
0.022778770829544884,-0.11430740169993574,0.21219730497263084,3.3438804264021385
0.004752774996220534,-0.0806669317229814,0.2121981417183506,3.1406322101071087
-0.03745308644337518,-0.09805333470767334,0.20677987585660837,3.1294926270182417
0.0223972276141698,-0.062163995436129986,0.24684386111370554,3.2974460890683104
0.021329856390194687,-0.05449968568637577,0.22612983097466727,3.1125070762580966
-0.011484663465705128,-0.04122005056179229,0.22002481051091047,3.021742647345239
-0.024884488514693433,-0.04182258357500745,0.18393549955321226,2.799183575121985
-0.005668121414599539,-0.039891374572248325,0.17655734472118254,2.7140719195828864
0.02642104314593207,-0.0922027485010451,0.19102263389698532,2.9634509741304287
0.019374301347493756,-0.10148965209335732,0.25767717120899974,3.5274095540152275
0.056156414198040586,-0.1034177929538401,0.2782251532889682,3.716180055581151
0.015026545792152186,-0.11387688722837493,0.30518001634075315,4.102208507004856
0.018595507681531752,-0.05557611734194068,0.2858200844501575,3.6696722482576623
0.10088171544235443,-0.1050153013823408,0.35680583927187587,4.518367508131521
0.04511414506986909,-0.10151896255189592,0.32954274183068677,4.194682375302332
0.044097095111733174,-0.09692655266479071,0.336208457638981,4.380096786450475
0.03156820703324721,-0.092429229644915,0.3433068783905577,4.277497598060614
0.08632906106183832,-0.09238461028464792,0.31639781655376,4.1922655837681475
0.015279079230413405,-0.10024681889394378,0.27657418491954044,3.8468655688061246
0.0382844847757816,-0.10144523016555446,0.28854209946036924,3.886039088030525
0.007133665571401865,-0.10831662201043442,0.23861075955054836,3.568431676603784
0.0025522334323119958,-0.1264886066871002,0.22317617038992094,3.4386922753144016
0.060505068101635306,-0.08981390050237656,0.23008075986685847,3.37294293673184
0.04995139538803664,-0.05008124635243567,0.21959035475677782,3.140933227117544
-0.047598666573668694,-0.10022151246206615,0.23019352566473247,3.5239389944506065
-0.020945882983163865,-0.08294623399120671,0.18500998780662054,2.9387781358954745
-0.05169441258706411,-0.10476192279322276,0.22786518001638179,3.438066882556006
0.0028130983706823876,-0.10112215053701817,0.23710720929030138,3.4513344779418005
-0.000215017532690187,-0.15356513952555734,0.3031727624475644,4.318858983255896
0.008931311520422144,-0.1340742115605979,0.31621289129865776,4.2236304193656276
-0.06973629044849496,-0.13034224664279537,0.30006936741849494,4.154744539656672
-0.01608320990447384,-0.08706039371198777,0.25733892701201766,3.685004812581334
-0.054652354602373776,-0.08306433616156092,0.2684957851027831,3.6511485733854863
-0.013288260282951854,-0.10066959527874214,0.2607013149366212,3.6717257950498694
0.019905746449194284,-0.10675230263479395,0.2553765716479562,3.6650697438660975
0.03636986156658118,-0.09182874125616777,0.3147822231579397,3.9394042299921037
-0.007776679370155999,-0.07262456873265054,0.3380875594480321,4.105275218703264
-0.02002380733983475,-0.12152736148276284,0.3451436438195856,4.533535071433625
-0.046570874517313066,-0.14416217911795814,0.3054266375908633,4.232702465786477
0.06889901362587825,-0.08553673976279479,0.3526985117260592,4.439185292322321
0.025540525507034874,-0.07210338883292314,0.27289808851131186,3.646411950350334
0.0757815335813826,-0.07569452903171016,0.32327279418091825,4.010174504205726
-0.004641682979803611,-0.05605789662306797,0.29670060137895965,3.9136380253685243
0.07898211275792351,-0.0874979193645548,0.34656201650971064,4.486290586878975
0.05764200160642236,-0.10000245152537332,0.3343641569269387,4.391374536964194
0.05822677270315162,-0.12218587459148178,0.3428574012597178,4.695407206475764
0.09235829997440065,-0.12438278766118642,0.4031150850822104,5.230805632742117
0.06130435846506054,-0.1687448733740681,0.40459919277273754,5.175508655939074
0.1188511445019156,-0.1899327713695944,0.3699983363554684,5.184028502948001
0.07412626881235014,-0.18816223306508603,0.4146512682717017,5.433177344982853
0.11684491653364565,-0.16961639719144347,0.3699499172037692,5.033729565092439
0.14387935488064021,-0.15713673269577824,0.4656435550370953,5.934513606984698
0.15960838468096958,-0.16277788550164438,0.4233726117755143,5.781418775553449
0.12640345044450235,-0.22245735822285398,0.4209053687141534,5.700778566105736
0.1495461815448126,-0.17362261243427915,0.3938941537129218,5.255310817689648
0.13083733132714365,-0.15406658647344992,0.4016452822416495,5.252797419083816
0.08141714817840832,-0.1519764208098605,0.3436969540876341,4.78202061068137
0.08322257061868196,-0.1683893554282065,0.395700103200446,5.345175011023822
0.028934420492640934,-0.18541839726317552,0.39137565645717026,5.387144280481457
0.10040467672711027,-0.17348743513513143,0.41317167818998113,5.437977930483499
0.10646263732002595,-0.1983007896717935,0.40593445973221415,5.37343619415377
0.1063235221703178,-0.15197578177171747,0.34824216833198884,4.632120822210793
0.11676891858825131,-0.17051616766487426,0.3334416034266964,4.815650525461149
0.06811651210805494,-0.15024916303189978,0.2587898091272063,3.8299810707138158
0.06677668241964416,-0.15616296242897995,0.2651398161161296,3.9264105625705934
0.03361513077053474,-0.17357712434207612,0.32932917980612186,4.516609599439926
0.009462377059125556,-0.14430173385999367,0.303726521870614,4.192668846512667
0.0028694470891687494,-0.13196411780923414,0.2795118882556419,3.89576898085896
0.07835715118429067,-0.13721864261760378,0.37389601830406594,4.682701770094201
0.03006748874556858,-0.14828015858285667,0.34139107926671053,4.637685025923486
0.061609401591386274,-0.11159113864055983,0.35490736265684586,4.549126684624665
0.016421009417351393,-0.13102494269805168,0.34321087253426563,4.452751820507283
0.026931786772327118,-0.10917188277527465,0.3270756663915665,4.241176513987666
0.04444421792946366,-0.10212498234757725,0.3534092555207476,4.555260474848251
0.01948891439438362,-0.057706213165878206,0.28815368668176605,3.806352948927354
0.016453588755149563,-0.07109683878163116,0.3053882831214574,3.7680715261224447
-0.027061520129984678,-0.0465347949125054,0.21165230248493377,3.0736105820835733
-0.003418326138611821,-0.08047038310966441,0.2691072533290941,3.6060575596383986
0.036522295653647716,-0.09781808371727849,0.29848209532302533,3.834231398933771
0.0006050862893301142,-0.07293157546017717,0.28495494848680103,3.7402835603812497
0.029229484810980637,-0.06814150005443613,0.28619187304026245,3.8416521897428884
-0.029482987880530803,-0.11089672047602464,0.3167574379589802,4.187964282484262
0.0065771534317038355,-0.10211380585944207,0.3395076200485016,4.38317505638279
0.03860896225444932,-0.08637284893966891,0.2558856110642944,3.554351951601185
0.040324725012399885,-0.12231306339419461,0.3033676292374254,4.085426728738729
0.0807831246571578,-0.1518405787135228,0.31271382469034276,4.295140295455617
0.04273766639788417,-0.15775215221465147,0.3525834079714921,4.669073805156119
0.11366757138808972,-0.13843061573223914,0.28335622381420295,4.025154639733296
0.10095279022821459,-0.18843600174441194,0.3581994287172536,4.752994220562002
0.11443664399817292,-0.17666695910957653,0.376745930309787,4.933711036753571
0.14494230848781117,-0.1448099118100832,0.37256080044749784,4.910834397713353
0.13746704491477096,-0.11801550247777132,0.30754871978941206,4.354944850550839
0.18586640729490458,-0.10176301219743042,0.2810707030233456,4.342403255540121
0.21250695047405582,-0.1311136725603748,0.315255180201705,4.755931151541604
0.15156170779594322,-0.12781332404846385,0.2843713020391811,4.250876014829987
0.11016496483118597,-0.09630803843678888,0.22421376519129463,3.7838706644328397
0.0822469114511379,-0.059136170984276225,0.23216608983124823,3.5515043046094
0.15268034986552423,-0.08732777079980056,0.31679173935168004,4.603487944667961
0.08930211899412425,-0.10860729429321399,0.27749106353972575,4.153585585354329
0.11840842938179945,-0.08054088105292308,0.3243441427169149,4.486787503323947
0.10241681658771024,-0.10843976361175556,0.3404768308212245,4.57712820125878
0.1463940455762269,-0.12339670955715415,0.3313001863774416,4.850611355206144
0.05632391436431794,-0.13906770596064982,0.4090143547802647,5.340493783748628
0.05133876261311317,-0.13220349430191003,0.3554791322897188,4.735478598014495
0.041159509334993315,-0.1804239141995675,0.40722302508720704,5.289747420501805
0.02749794516874238,-0.17043826252361657,0.41719080741695624,5.342465005915063
0.07914844575222144,-0.1823446003586711,0.4363096424761344,5.602917663252243
0.07073468081416491,-0.15165026764425285,0.39222778286043347,5.106454462887631
0.044500645604648004,-0.10969233244221027,0.38349443570881586,4.8182413235212636
0.024027928605160086,-0.18725906473210097,0.43714698973621086,5.555980853241668
0.07853430025488815,-0.17357054512837788,0.44102557994488645,5.6612623590242865
0.1207933035346135,-0.1526602850990184,0.4496949244185823,5.771009213710569
0.0865465111400898,-0.1446858944722938,0.3804977242082238,4.974387900491469
0.11309289644684362,-0.1393685715758938,0.35859785686863177,5.015337441782819
0.0655331750646459,-0.12986834696255117,0.35563193095092327,4.626336718487045
0.092225277958569,-0.16723526280016832,0.3953526413925006,5.076851792560972
0.11733423262481532,-0.1440795777902873,0.33915496199166784,4.5403674126989975
0.08130996519144498,-0.16646387355677417,0.3391344483437675,4.50517072757146
0.029887888557185695,-0.1461986773479965,0.302812709169812,4.287165518078676
0.09369559729003107,-0.14574377882122277,0.32527460504079353,4.411410777365543
0.10497487559308866,-0.1490239002230964,0.3585331691501602,4.765147742798857
0.04001745711045616,-0.1742031627069903,0.3617302012967204,4.7430184338447265
0.10593912259673026,-0.13569912603946627,0.3250732768538034,4.373815447637049
0.12110852261415275,-0.15557180149700234,0.3425847402240749,4.539352515474933
0.11603169272747749,-0.1590398752689116,0.3313543078928533,4.5505532869813505
0.15516305998031368,-0.17402159259872657,0.3740185611263897,5.179291280752697
0.08999344027538513,-0.18681389782221894,0.34706065234114736,4.73264503168122
0.1125543768899431,-0.12775673700292473,0.3609059980880392,4.728913298107316
0.06205967764388471,-0.1196018382757156,0.3521615517756197,4.4699856066532355
0.09235733059640085,-0.14385692998522845,0.3302309368839588,4.480468427789545
0.13279701877264227,-0.13236903273764472,0.32755123613027576,4.486300972804744
0.12204349001067026,-0.13299897190310786,0.29462328591314835,4.115987292880956
0.07160915690855801,-0.12469729988929208,0.2244585875721894,3.4996844040717745
0.08560701905050773,-0.124491423159217,0.23380963609622263,3.617624437031239
0.08696907365195729,-0.14189425121453675,0.2969453251289505,4.2321210959019355
0.0962395926903135,-0.13530834661960844,0.3222621505790635,4.42733823594048
0.09170181272946602,-0.11693324363895367,0.2859581509101984,4.171737263281143
0.08022325798235697,-0.14385264511707394,0.37138369191072046,4.84180432197822
0.047491413607633114,-0.14361577347065632,0.3380683618158432,4.5738652703065865
0.05359981010903267,-0.13273080551426605,0.38666878275841166,4.903382676422523
0.044590852236824206,-0.12423882188401011,0.3601132349269188,4.80514486593336
0.07718218644687999,-0.12179868520418523,0.3184086431177834,4.426270687404737
0.06388237366462117,-0.12869391673132985,0.3603689683428712,4.5985496274499065
0.04701528243794598,-0.11954170447082613,0.28485122454992035,4.0153637022928415
0.029949068951236724,-0.1301605325365609,0.2507777375878562,3.734285536777343
0.04916963623220349,-0.1274114428110636,0.305013275129379,4.176369529634194
0.04890462685046124,-0.15229928351067376,0.33943930271203837,4.608012010941578
0.032956574927486916,-0.13914255381790042,0.2821831044056329,3.972140950999181
0.1266158578454395,-0.15958054115897236,0.30900888263048665,4.513026451013321
0.11840078628226348,-0.17212340580365215,0.38369285084541427,5.080253748520428
0.10779260442144684,-0.17241323740610426,0.3716852923736778,4.8848181375244355
0.06530669193631347,-0.15386408787483521,0.32630673794945214,4.606588011632233
0.09632881731900475,-0.12656434653668758,0.35264459422336636,4.581263773119918
0.03569991501011944,-0.11542479721751221,0.30354952372502614,4.091419606256349
0.0448806054236401,-0.08062682039726161,0.2807066492189644,3.8914272824081486
0.047785207965607805,-0.12918444000264775,0.26706978468059844,3.9323662798174714
0.05567216356296359,-0.16510562694206674,0.2904992429177199,4.187100472951243
0.0314098634075453,-0.1254023730519194,0.30172946159094205,4.1501756200713436
0.11570053763860777,-0.12954984751733978,0.3205281211757462,4.617875180491559
0.12791121845177075,-0.12517245204026795,0.29342216118455705,4.419291485536595
0.05730876147208113,-0.12560043517269767,0.3150768479414017,4.328586534018035
0.030576414290946537,-0.07980074606184784,0.31298770234349166,4.032090897160207
0.05170919218167415,-0.13123205374430397,0.34375648628501926,4.616901897946492
0.04621216322320452,-0.07728133753327913,0.2814847646184463,3.7438553478324526
0.04319632697452837,-0.10893145414025018,0.289435024532127,4.009276260749344
0.07476147134376855,-0.07528886810821689,0.2512078619721169,3.6767882662652998
0.07241965997089034,-0.11766705191973828,0.2648519018955442,3.94680499536103
0.11544796765704263,-0.12503008572317398,0.26270866806327703,4.005095179782345
0.06477848960584269,-0.15375674056189184,0.30080974528011056,4.239634339213023
0.059567842776340384,-0.10317169080169426,0.2678878400387804,3.878037162148939
0.0670599162068852,-0.11391699551991467,0.3138246945493133,4.193053500503475
0.06984729519734702,-0.14055282150736842,0.27005425320998305,3.8889820410183495
0.031028907890719378,-0.09305821598742652,0.28773409872392325,3.812849102671311
0.044133825465970326,-0.10829054918914323,0.23990383943895785,3.6023126496029754
0.018473157128137616,-0.1032946697257932,0.25833742210011185,3.524973028463188
0.032466791304355355,-0.13783570280754723,0.23918027939025807,3.588273245496126
0.13600002200929592,-0.19632492616604186,0.3857229426292792,5.22432340813463
0.03195048984242178,-0.14413116965340336,0.3125849281392195,4.258837683645158
0.055430334126390916,-0.14232849537920703,0.32270707882423144,4.207966366691743
0.018907390545309793,-0.11848996500054389,0.3384597736216193,4.3319074801414645
0.02963376175332171,-0.15160276476764517,0.2921828782720548,4.057372129451033
0.046894833176752006,-0.16257116073159883,0.360340053174643,4.593606273870612
0.046097012698050444,-0.14896814229021607,0.29524070432015354,4.000682568384006
0.027953656540680844,-0.13085141893820854,0.28726624669691125,4.0145864131767
0.024774955534990123,-0.11628732410663101,0.3366433294035354,4.396914103737585
0.046852355993817506,-0.14962034226796314,0.36855921027247207,4.915650778148854
0.010076016808309014,-0.1704081171574643,0.3678586777308677,4.940489185046019
0.056690430947506906,-0.17991812208008254,0.3890280766736212,5.181652178365217
0.037239936953776004,-0.18450636471001483,0.391528169787716,5.033887134742671
0.06008211455761819,-0.18851872831714275,0.36369425113239845,4.865497905546286
0.07903744311435797,-0.17886624645987773,0.3454155286599816,4.7112817647696446
0.09175682419327033,-0.17679140027727283,0.3536842781820707,4.947719335212438
0.14755987688605363,-0.1316341460588501,0.3489086044976819,4.812200736696533
0.15860652497299235,-0.17506128487505498,0.305256468907637,4.58651396889769
0.12743159417704192,-0.17272287416871193,0.32292554775955257,4.549707497171632
0.10523529428269913,-0.1862451861703363,0.35141183655516844,4.780747871024797
0.12577927069804634,-0.19874256326806022,0.3927317013092743,5.203201514166994
0.04645438404399497,-0.1381961848697545,0.36498726114644636,4.7855762785528295
0.09592781988329613,-0.15088536362460192,0.35854322438528974,4.716701401998775
0.10413896862048917,-0.19100444627526522,0.4029694320997958,5.223055427233945
0.10500206286760298,-0.1804689166634732,0.3449589845538963,4.893828408115754
0.09173380525912582,-0.1344003336780369,0.3198162997621421,4.4716802753891205
0.12553524131782867,-0.10655918412295626,0.33174625938376257,4.436639897784032
0.07291733457843445,-0.14311090316728384,0.3467532827528374,4.680988393671394
0.13488036158473027,-0.13091027748426978,0.3782017533277388,4.981324518580459
0.11646213724155421,-0.1566413217774933,0.36439210143325346,4.845236721513413
0.12420583433840575,-0.12573162517570702,0.3478389205005688,4.706284732468874
0.10193217439208922,-0.1506393219194775,0.31058178164431166,4.3388114891133345
0.12351544436189754,-0.1643181326228158,0.3481301852256842,4.8113031195073575
0.10604038603204971,-0.1443861564987066,0.35702843644077414,4.718210371584024
0.0646220557941861,-0.16787036725950327,0.36981868195182244,4.93700633244264
0.15334060772945532,-0.1850958729184963,0.41578488315196954,5.560388871558281
0.14793983147691928,-0.18715652476650296,0.3392867363711028,4.983283285203265
0.15353356385289266,-0.22456325576386696,0.4217571353645664,5.831844725955019
0.17363491276323603,-0.20302939269517933,0.3764022420261792,5.368933673029205
0.21024156785425224,-0.1502356716729971,0.30955989366747244,4.809497762639036
0.2064319672350299,-0.11631642878142369,0.32796452568593687,4.790971481614272
0.10448838731958494,-0.13067809872144762,0.33523999344298044,4.634106300877833
0.11531127768348635,-0.1323299347441763,0.35324190627309854,4.697867609586073
0.10712507042137033,-0.15953238940659825,0.3453481920722459,4.9064715568560695
0.20482596302371556,-0.21418612608663629,0.33298645171445096,5.254643671145035
0.15331796575201045,-0.17781552041517057,0.34512517945287935,4.944422373279783
0.2233837888603379,-0.20508934032895415,0.38105264117414916,5.513524680023571
0.20587306438343714,-0.23476738821515353,0.44391504431073114,6.1285105997602685
0.19871193148691255,-0.21317381667327967,0.36584891871511316,5.231235115407878
0.23020641606903933,-0.20997091866153897,0.3457117925752937,5.257203231134203
0.186749016566833,-0.212905934871081,0.351707470003471,5.332702046520753
0.1841407781609438,-0.2054054381531218,0.3708364475462408,5.258166701689149
0.186531572632608,-0.2484944672858304,0.3504193201572513,5.417544317019423
0.11838396630088785,-0.24856958231656945,0.38188720147032384,5.5771386761913755
0.20044131373337398,-0.24790859565203105,0.4556939736455179,6.384457830939162
0.13486793406661393,-0.22758731769272447,0.43344042051784726,5.780052721956774
0.13024331742845155,-0.19761511415416474,0.3944123037505218,5.365805361715067
0.118765998941793,-0.1683810046760016,0.3450725515435146,4.773646722278953
0.12457935192108197,-0.14097440373203515,0.36525955631618395,4.852518857955643
0.15494281934592916,-0.15182355407758324,0.35148861881502885,4.8702833098606835
0.1951875907276504,-0.16453477591548532,0.3533973840676997,5.088617671206285
0.19639851875206885,-0.11881138828214269,0.3780780376204543,5.155433501169076
0.20244603850389611,-0.18058347077501405,0.371534238598389,5.215732941411455
0.1492794980586322,-0.18628470935826072,0.4064115509195863,5.334837560701525
0.11211581685053504,-0.20823746870658408,0.4140584000159065,5.386910680320573
0.14000081150890062,-0.18831766142064865,0.35619982478740336,5.036574248480402
0.1296642977321093,-0.16922955812435592,0.359768366566032,4.903717994943225
0.13367187801614827,-0.1684164329899747,0.3919225986776994,5.092936816091005
0.08062249764355822,-0.19326513555352515,0.38903220119328324,5.102590423503622
0.03838989356237627,-0.21178429554574205,0.39172348792749395,5.247696713857334
0.07980473147464437,-0.24640268487453526,0.41201928979761343,5.585273915871167
0.06452857250203814,-0.2043631904529746,0.3785035466550899,5.025488899611627
0.07462335840114383,-0.19695911669244384,0.33591230985317905,4.805197956002503
0.07617527940445226,-0.1271612857240816,0.29814374550083655,3.99554085462959
0.027759907371206073,-0.1272761741141875,0.35814158427636017,4.799211409251618
0.06604587186360135,-0.17979275087333615,0.42400612835391965,5.554224037748106
0.13384551804977765,-0.2076547326833759,0.36582049058556704,5.126058422445271
0.12363414268980664,-0.17354436248606211,0.3772502336877666,5.1420316000269395
0.08658494257605556,-0.15007421108331426,0.2820120394074599,4.201484107123744
0.05402596569150054,-0.15222725359971676,0.2925524720878279,4.25140327081303
0.12134371342281504,-0.159300174561276,0.3082916385717882,4.60647361860264
0.11536692643468464,-0.13962588658616715,0.3182929416224261,4.511026527952231
0.16824325251354413,-0.10445533786888735,0.30720344967716956,4.361070150300768
0.14071887475485376,-0.07033520705331607,0.2778262178407501,3.898855855204075
0.0766685603803209,-0.10473395484942243,0.28189111198464156,3.7991797672941807
0.03420472632706879,-0.08623087965530118,0.33436243278641675,4.326623621265049
-0.009655923795460744,-0.09798714852452098,0.3304005568748674,4.3811934589623736
0.06704105114902024,-0.07812521303999945,0.3548581142674008,4.438605326968684
0.051242878574654045,-0.12436755466510556,0.3542805446936354,4.582537039854851
0.011929409999251689,-0.11736477902980065,0.35547668826747264,4.439702363248648
0.015131720219729635,-0.11264075202884392,0.28937459679470107,3.8546182930360215
0.030159791978943813,-0.09675848352463313,0.3341275432968389,4.138426508882714
0.0485081416717201,-0.09709307962670109,0.31227985881001774,4.0656257485385865
0.07061193952365596,-0.1230228515906515,0.3374879122670399,4.3658534787787735
0.08286008858576506,-0.13814975638512786,0.34598581805944706,4.523107941906247
0.05904269473542761,-0.16425000850849905,0.3764492032888532,4.941751762423906
0.03483139611156165,-0.14805330185137525,0.3441570606883535,4.468842246509023
0.08459008954363549,-0.1602357210576465,0.3461384868636824,4.637178128150697
0.08784096631383814,-0.1400594553924625,0.2861013429308713,4.090080508835562
0.08702381151933089,-0.12234133468811087,0.33348471943048213,4.300328482716027
0.13555637041153618,-0.14503727368285646,0.3231974224519065,4.550589325575901
0.14522305964669216,-0.1198492216984664,0.311250119512031,4.283502254659904
0.12757492214042732,-0.11244064982913002,0.32470485107070546,4.3913405765060896
0.041209970755770396,-0.13641125142299318,0.30237466704165855,4.03302262016138
0.1286800099685102,-0.13166770865377003,0.28901207599761597,4.234089149928542
0.15047209962547847,-0.13791342369762583,0.3495277273842091,4.83841140410515
0.1677059893812299,-0.12323932040704319,0.35632010321008045,4.723157831669646
0.16526086332475154,-0.12109582985234373,0.35141183156974876,4.790994549157982
0.09024341745471423,-0.09105143130752576,0.298573664925374,4.194191375210087
0.09598559301609472,-0.10308312633836507,0.33161392444163423,4.35375003316701
0.13687862586260097,-0.10413567266539281,0.31313055538659745,4.411959386642896
0.14417965919252718,-0.16090471579129817,0.34065845562154,4.70160553961241
0.12069844707715524,-0.12573685073638718,0.35822314484496465,4.683881652352651
0.0976747948888448,-0.058678548093603455,0.34717616231876797,4.3800819491950085
0.09506752506109549,-0.046892330841135324,0.28561387481708195,3.921426706295282
0.08533843919814964,-0.12433720939412578,0.3849471969039082,4.735639637512416
0.1490972211508224,-0.08905566197232573,0.3352951164013814,4.5199098045551525
0.15226880775801918,-0.10888020459712876,0.3245258474549374,4.363859024280093
0.17135039681102646,-0.09057348482467632,0.33038729053626864,4.513988902499534
0.08485172287181526,-0.12204662404851017,0.3227599834923768,4.232181929095226
0.08656050401411301,-0.0963510767804981,0.3401884937657961,4.261950440428161
0.0533104489106484,-0.08856348237448952,0.3331042195256604,4.307388213323939
0.04352630899331303,-0.15232475531020967,0.3341297279829487,4.403879140358946
0.07839264026365221,-0.13149508641995428,0.3134593015852963,4.278312849306215
0.10508438158951267,-0.11466710499510159,0.3402705737669628,4.469553985523227
0.15727407595039763,-0.1328354898877081,0.3429500444568185,4.659199768945741
0.0887178119536371,-0.1335900931921275,0.37769091623737877,4.937841951608669
0.1627430181096222,-0.14680007410100188,0.3410730740571327,4.723812135838385
0.15100531646107787,-0.1311954879625063,0.34152127092463047,4.700922042638953
0.1686682464309982,-0.1491858709957714,0.39411460663215303,5.2768609412808285
0.14111192203198156,-0.16773854556702394,0.4553094437051885,5.9734881688273145
0.1555896303439586,-0.08101591246825816,0.45367343075455796,5.654517109135771
0.2105520834946411,-0.10126898352932166,0.4891934039184579,6.193108920245298
0.22571969254958954,-0.08260327580910429,0.4684471426976683,6.16811650480836
0.29107383275697096,-0.11084095985386153,0.41368687509692353,6.07912759182985
0.2655308710029012,-0.16757270675919644,0.4664945464738119,6.583024937822986
0.26324692157993596,-0.140098816108806,0.50140903676765,6.6878973381066125
0.22105898998187334,-0.16858129706062072,0.47413852452507177,6.266152495782671
0.2125445332054864,-0.16332178026216435,0.46359615668793774,6.176868789520916
0.21939262828507633,-0.16702890655909913,0.460953465459035,6.195208952073391
0.24586613705452653,-0.14431899859267408,0.43869146632138695,6.0315003946449215
0.21423603636462416,-0.10879091452108215,0.4070352550019362,5.5148086039016855
0.2885759896868862,-0.08780426918411287,0.36198545933684023,5.399317580332086
0.28702615325059583,-0.12288526493292748,0.3759333275775529,5.561074493747239
0.2728869541721319,-0.11069858086516811,0.43349472537927053,5.841526842510271
0.20823487613975544,-0.06478661756148273,0.35633758007321276,5.020695453548645
0.22337819846968476,-0.046696838838731554,0.38648168689834406,5.230062511243618
0.2246019390789515,-0.07911005186098104,0.36517373962735356,5.192678642222883
0.23816877962780267,-0.12076892051237989,0.42356679344062276,5.760488596801309
0.25244935297490784,-0.1322275664737407,0.4166831703733069,5.928203056715786
0.17370113755098568,-0.11145193681063524,0.4396930076812995,5.525312825720106
0.1986972990984351,-0.16262154130241083,0.5061756379918133,6.433207639637588
0.2133856215047376,-0.17794941239180712,0.4484175339257754,5.893410922289377
0.24623033593778657,-0.14365569971813277,0.39020490333009045,5.611895734362212
0.2110457554377031,-0.2001358670695867,0.47663551006991645,6.167102859752811
0.18050538967993535,-0.1750935573456543,0.4628162780699092,6.060804846002935
0.1957590982799741,-0.18077355746638912,0.4958026301675267,6.4556579054976
0.1752113550379074,-0.16728651947917997,0.4415204705607093,5.858354090090037
0.18763903415297123,-0.15567349487108723,0.40727874726159957,5.656057047794117
0.1693524798762071,-0.14928630002565182,0.406040931923962,5.61394876429759
0.1876431836416772,-0.16836220520703624,0.44730385368042186,5.931129607983205
0.18873006785407892,-0.14400785233671679,0.4121028076816027,5.796039051615615
0.1513145632981309,-0.13402836359114895,0.45457592680531245,5.959433693393113
0.18694111926942777,-0.14033112979483411,0.4638853943423837,6.030819672830563
0.20858937468373845,-0.15120157847038493,0.4228167030158929,5.728904220900695
0.1671915405455389,-0.16634587749309462,0.4107894789119402,5.534072466895457
0.1978453869171924,-0.19102812408143036,0.4453928123377128,5.977340535562377
0.19524853052520547,-0.2068595854450375,0.4168915751499764,5.885627383690228
0.1696867725919494,-0.2122567542898634,0.43959659083741837,5.957224307049685
0.1733607584912501,-0.19872011191581224,0.4461399760054356,5.896221015818468
0.22509555613742505,-0.25435641075917204,0.46525828106866374,6.473832152394292
0.13981278956326454,-0.2793434316301743,0.4715821975952933,6.51153197602372
0.1688627561318168,-0.22399169881763573,0.4618792262815965,6.091301782875497
0.23194787937924277,-0.19212294259726798,0.43331058403860706,5.949673456057522
0.236746078416164,-0.20047417918025273,0.4729596993787101,6.4238279803454965
0.2587505631233146,-0.14834240673925245,0.4664580229077718,6.28591926443855
0.22004739259744427,-0.15878050239627467,0.4887072574074602,6.39709122363229
0.17656123878683236,-0.15253636858336794,0.4909197996083458,6.183834064294135
0.15225858614754995,-0.16048929582162422,0.4654152739377051,5.983550041060902
0.15093041682863634,-0.13146265474867383,0.4189616608557545,5.66191663516553
0.14431587800188256,-0.15882764066067942,0.41790206291791265,5.516469511346511
0.12473615574237816,-0.1848212665648927,0.4658182013010475,5.824436709665668
0.06805780238949609,-0.21499956748872628,0.44386352825812875,5.716698433307616
0.1113044776919736,-0.1945682072643447,0.4315179045592622,5.668485066529155
0.16826361724505426,-0.13919996029261272,0.4151116103222701,5.232913624816465
0.18745275577488918,-0.11065505551229722,0.476517175817005,5.891294328471373
0.16980003614794298,-0.1255253466396185,0.35304122037086766,4.76369661160531
0.10981818216813707,-0.11560443503596737,0.3444600044646003,4.4875786158822075
0.13844295238508075,-0.11266638874185046,0.33479316834544864,4.372761216607381
0.22164399060743592,-0.1127206647853474,0.38167880108769964,5.263967751353717
0.1805210476644264,-0.06923937187742356,0.3403694924372988,4.588568407048802
0.2285132362113694,-0.1299270210402272,0.36806311230407124,5.26576060444535
0.2027338157478424,-0.1391088044859757,0.39395717456635143,5.346503213771818
0.23874223613897938,-0.1226487582504017,0.3852409331489033,5.436616650810276
0.2356197949955977,-0.11265697135424005,0.36431472282401667,5.2008413997471585
0.18717094909299312,-0.09580704253069271,0.35915004837925685,4.898636779476907
0.23757401269447426,-0.08103916232909845,0.35868259725425866,5.129381955328502
0.1569049370385742,-0.0718112917659413,0.3755472121046892,4.989248522563771
0.16730188737978938,-0.10871440606309188,0.33393781716585635,4.646058526377225
0.21516293082215643,-0.09210325470016786,0.31334692942532866,4.694416743195636
0.21378748786888066,-0.10233725626865442,0.2942554392135255,4.6556046282034735
0.30139393739968245,-0.11328169423209626,0.41592573804704835,5.945045263817787
0.23937406264781483,-0.13094418839188526,0.3951000083057436,5.597055628483751
0.26388052548679275,-0.09598648697398826,0.37159658184956723,5.345261698048453
0.23905441534630537,-0.15008813905297486,0.40963719621217926,5.606328694381662
0.17086923270280702,-0.1569258803213064,0.3799111454629771,5.1722449756549835
0.18302534530108733,-0.13328808064546424,0.39333475461950296,5.254921834717446
0.26254484186373916,-0.12422763142879567,0.36250293425509617,5.312905845658109
0.27011501160216805,-0.1304340291529715,0.428137598667065,5.853768858146982
0.20215081483172415,-0.1103894631863393,0.3962768470685481,5.265353473296827
0.1864215423438867,-0.10983590378829569,0.42078904516808857,5.5337433118664485
0.2184366513660691,-0.10302772196903427,0.405180060202384,5.32473385337371
0.19620445527433247,-0.13316376547760528,0.438751266057732,5.609847606514729
0.2669439387114499,-0.12307556390302218,0.4070371617306214,5.859902092811627
0.21467353459681152,-0.1762705276532542,0.43457290020476974,5.9020211276307455
0.21948990284232012,-0.1545889854045938,0.423197949462905,5.7209878306427475
0.19058759532107078,-0.1452222898283646,0.4228429206849835,5.569782286814037
0.23167521229102975,-0.1650732374677502,0.46532572645046905,6.178917960573991
0.24472948691449678,-0.14229727599176484,0.4399891227877813,5.861848323331431
0.16361797337522646,-0.19063759990720178,0.47175175121525104,5.86169700935236
0.17312549118513157,-0.1885903431287021,0.4516557239083636,5.7373853892904245
0.17247295920379718,-0.15690169176723495,0.40774574366844574,5.334587489781317
0.19151103216325918,-0.12608184021430238,0.3630207483555899,4.92267217714737
0.2610688127003054,-0.15563620927556365,0.38476329225428474,5.595918632481694
0.21452892005369154,-0.11932178029528907,0.3729017338639975,5.165194389704919
0.21295472963569376,-0.12050355143771839,0.3998440233927782,5.421450869443839
0.18176409301682175,-0.11406353942897854,0.38526240917873933,5.192528085017147
0.2286686441969572,-0.1530373272998585,0.41759852109482715,5.653277714817842
0.22288235505338705,-0.15219167459970429,0.4143508434196039,5.649187484924278
0.18364230869655992,-0.1429899679276139,0.41448309605606243,5.395802843829058
0.17999872521489385,-0.14392434372587823,0.4499881650927454,5.849378712255961
0.19036991963873112,-0.09907877033493755,0.4110113117180667,5.472345445221258
0.2388510162209372,-0.13118155834295384,0.4517110199181805,6.067882301492879
0.13102329507657667,-0.15789469290188543,0.45316887085546503,5.9227070694150585
0.1627972378538866,-0.17466759027981088,0.48838489308054234,6.15339298904553
0.23054634152947848,-0.17170858325251648,0.48242244752146196,6.398726565455382
0.2734339133314255,-0.14945769853146532,0.540591948618757,7.013111726974594
0.23263353218360855,-0.20006757627278934,0.5425912632856409,7.070192261580484
0.24096901119657438,-0.1595793326314065,0.5494508124845097,6.95795888781714
0.21650778004104881,-0.20419957506000633,0.5529276582383862,7.087479241095078
0.19904003601526263,-0.19399790446607143,0.6108903124642251,7.712102781395835
0.21797817937168026,-0.18564375876278677,0.5583039835316483,7.075702056069007
0.21061188259223781,-0.18808529051769907,0.4989421660419133,6.668117186275031
0.23978581755726733,-0.23965557484370179,0.5630201705395936,7.191375685777673
0.18681085680689238,-0.1805372130054111,0.49970621272842264,6.357469522606023
0.20974652820825407,-0.17330212626532554,0.43013139807019274,5.9867272277829455
0.1772084863642631,-0.12151451569915223,0.4696428505774334,5.871934362027262
0.18927629959027065,-0.08467895229775035,0.4429640913719917,5.80944956863465
0.1308456608004205,-0.16952495140552418,0.4946453985801915,6.169223805020458
0.17135859530948397,-0.17510133379175466,0.4288417184282218,5.825330604279826
0.2416316753126613,-0.1566597583106907,0.37443722958014614,5.553932269364502
0.22844940238463163,-0.19503046590418277,0.4236338184258967,5.937638107036974
0.23915465602203057,-0.19618330143503165,0.46172704236812634,6.272819174942251
0.1976123653668949,-0.18683635177942118,0.4940891458572219,6.41329948554774
0.13511905903118615,-0.18966471101019827,0.4884139323320924,6.296415454765008
0.2343193145209215,-0.1789077681072957,0.5059674089184114,6.6648349999014505
0.2510958663729771,-0.22087989335524932,0.548201402536166,7.236222377632525
0.25525829129592675,-0.17902811322489065,0.45790711829093284,6.381059296449097
0.23694835471301098,-0.17593806751965418,0.4703855845590958,6.430062807419404
0.22792057298419965,-0.14313934599452685,0.4516289430082667,6.229670839012742
0.23806385394848767,-0.0894748818170845,0.38391704337475996,5.454132439694872
0.2406151848918795,-0.14346807787962068,0.4767931440912897,6.204335347795072
0.21841957611280707,-0.14580826932640703,0.5167033887646096,6.545985804576158
0.19282974218541746,-0.15826103671802091,0.4575086746391618,6.287692812438485
0.2703098221953451,-0.16816485084558988,0.5094169642511975,6.754579221736477
0.2847232967464179,-0.17018841639916119,0.5077055546496373,6.77931719627869
0.2501662227841549,-0.20156672827321273,0.5268531993706423,6.913774418469736
0.23584607101889943,-0.18317672075497585,0.4687287344454015,6.453402936491607
0.1811263711757756,-0.1278826963216803,0.4386585771491797,5.846431974274102
0.20280091910255288,-0.15746137711827513,0.4847604626835225,6.3176341516219106
0.1913263602977675,-0.11429724060155715,0.4477599209629108,5.953728606050601
0.1344334197444303,-0.14476957238331437,0.43398307011484927,5.574295733095518
0.16588608158653065,-0.19325174535794917,0.47356986957098207,6.209098069803165
0.12855231261152833,-0.18604238851726915,0.49012904850948413,6.245796795937949
0.07927198177892239,-0.1686632741929426,0.4987137389816222,6.097756478326396
0.08143402570361467,-0.18904168234040034,0.4819006372049738,5.952411789693644
0.09791924435758241,-0.22426383876978923,0.5217673660638532,6.473244949528667
0.11646352109821029,-0.19723927402214514,0.4769634924383804,6.02564251613859
0.15272171066745743,-0.19878171605520586,0.48452000028136916,6.183920928013638
0.20978096118745265,-0.25151892518527574,0.4945653347291467,6.821384868309871
0.21939371744316427,-0.20183926248074244,0.5371510543103825,6.846113956611034
0.25434490849134583,-0.20779761381862955,0.49187154979987774,6.930970846807463
0.20671468896867495,-0.20055130666015075,0.5413886798199516,6.97010115647164
0.17613305914085053,-0.15845786291104672,0.5172777061937589,6.584078019107594
0.22101816028480492,-0.16081361180538953,0.5167861123510894,6.652968642259344
0.24919756312368918,-0.1332411712685813,0.542991819566902,6.8628368593727895
0.18276306336508436,-0.1221325822342076,0.4560365731065268,5.919952085702496
0.1702409723667244,-0.06121100094261125,0.38999239698852955,5.254352177114147
0.2177669635829773,-0.07702469030132741,0.44264478835363325,5.729272656507402
0.2438654609478184,-0.09050837939495829,0.37172552489532373,5.336230499909371
0.25989460694809385,-0.02925977666392916,0.3364277244221211,4.964242387207791
0.2531308084123839,-0.0718538606601623,0.4095796366669332,5.608566107674782
0.23248503063000406,-0.1521336286277794,0.3817094050504093,5.550389779791567
0.2530741759119212,-0.16928727420071962,0.43197175996617315,6.038444432646354
0.2525048087288547,-0.15974633391273715,0.4188222263520777,5.874750695626226
0.2582792597128003,-0.11664015535361794,0.4357007474230711,5.882124461198973
0.31138714195339307,-0.13070170599183387,0.434904144576207,6.162220712526943
0.2752750690938749,-0.11480834461636528,0.4045432317072328,5.818960787554964
0.274342405341836,-0.08209860969582396,0.39734547039076584,5.60522781911603
0.24207359039229462,-0.13319018341984587,0.383468880992419,5.604941078246209
0.18436024029735312,-0.12140959830812204,0.4031007222700473,5.653841643475064
0.20673924753636155,-0.18068598564899108,0.4661697425573239,6.32077857558889
0.25305996173935347,-0.14709443564179023,0.5197691972588772,6.806381726876041
0.2723489029127902,-0.2087074055199807,0.5618559664288761,7.6744059052007945
0.2705700338497192,-0.13443869316625492,0.6181785633946855,7.730801122346559
0.1998563028083293,-0.15784988364477773,0.6643393066374799,7.968269236812053
0.22309345293288044,-0.09142053468032914,0.6404868971433912,7.737069034637689
0.21215023165779853,-0.14365080443412115,0.5792902575339192,7.392858675286299
0.2554047130341475,-0.20335840906613115,0.522548671281988,7.218057422839986
0.25343859938729846,-0.15361212222745305,0.48260044511933015,6.718376691867768
0.2327993257716283,-0.2045858126858315,0.5126993400914519,7.018364505258192
0.25712606283309597,-0.24239137730136076,0.5471688407279011,7.561924049890038
0.21880022491849876,-0.2361372765981243,0.5441423340458174,7.191903665017048
0.2302774208952954,-0.23597458943049304,0.5399088712091824,7.2337021768822165
0.2560265274166104,-0.19525615413889924,0.521774526407303,7.137853099550322
0.21552672256600444,-0.2112359849540306,0.49355629112011734,6.8719354715176015
0.2184451255867402,-0.1502520000969742,0.526043080392043,6.821712594493871
0.23712927181348314,-0.1444029115309038,0.5108125415948312,6.919335581871626
0.22453564972538656,-0.15424652997802163,0.4937292005578663,6.556683081646139
0.21464204395124528,-0.16229205970888452,0.48732268804993734,6.68023905386936
0.22433277044832267,-0.1378122299594051,0.5221897700250965,6.93372680379586
0.25080344543740296,-0.12194197408144117,0.45668094874373405,6.460853548081493
0.23279899492696518,-0.19367874660216783,0.5295766932421537,6.985351380798266
0.2224907446209186,-0.18283298662680755,0.5404628507735821,7.102976349677166
0.2299616596181822,-0.1313075583811524,0.4688348487315147,6.246984864982853
0.2153174401186818,-0.19454807486443115,0.4547561727031892,6.233836327230062
0.2053438523942333,-0.16637774296977192,0.5070786603520621,6.471503214829752
0.21146000667125056,-0.13399319289239,0.4496542730988069,5.974676904112991
0.2109023443534261,-0.13739704717052006,0.4424099632235261,5.9466423142955485
0.2879922501469543,-0.1577612774644457,0.4626908543376238,6.517098119476222
0.22147837485833963,-0.1166138250766987,0.43843142806779656,5.895166249076833
0.14943709155945453,-0.11189879386221054,0.47340450783693505,6.138898163289515
0.21893647699821636,-0.12538451793270455,0.46462791473567816,6.2065647540771485
0.24848470447933807,-0.08606327548823224,0.469330362043653,6.352560621644864
0.16948647560129124,-0.07007935762711542,0.450440497662348,5.8163756979846255
0.279501738234574,-0.10543072713598611,0.4940644942462054,6.662562241391573
0.1959593823541332,-0.11484702806003155,0.43787926784741177,6.172485993903629
0.2491545475979936,-0.061388490296693805,0.4017974454950048,5.863448341800205
0.21456327604311562,-0.11604817741970196,0.4047016434142594,5.712074707891538
0.22763302069569583,-0.11837228241443797,0.43007574683232647,6.084162506302539
0.24488086024791547,-0.06489000957221101,0.38432310135122805,5.771549454086065
0.23513002050552453,-0.10719133003879187,0.36958036536507166,5.568468620964968
0.23425077390290788,-0.15729273259708756,0.43995163546693555,6.296956407531436
0.23484028567804688,-0.14210616680475027,0.455420138179457,6.267732973113106
0.23242058556087616,-0.10338596656573784,0.3942810604175191,5.760481598579132
0.2747129736756352,-0.08973611178544535,0.44351207052023167,6.423577851342561
0.2043442774136562,-0.03793981464737993,0.41954516017028454,5.8120345632811095
0.24672984110685284,-0.06559320614623947,0.41774815245888075,5.969523968839026
0.18659434604905165,-0.06784557168900644,0.42121224913245187,5.877284025289545
0.1946894409870364,-0.10985523763872523,0.43007990228584786,6.011968260984181
0.23907472783796538,-0.09793841497925124,0.44447132524423955,6.137034879161608
0.2347490473678847,-0.14017688362429195,0.4440403438941012,6.367362430012042
0.23063539606131622,-0.10221354014898618,0.4106168346832765,5.977654799223697
0.2270958741710311,-0.08838523364125195,0.4077154651614172,6.078598143787002
0.16286825567572003,-0.0540018007803531,0.3958663086562004,5.402843074793808
0.1718952773758166,-0.10590118111756616,0.45499770911571014,6.103091902278912
0.16514821568639976,-0.07398494058750499,0.47430957437842675,6.016265360823407
0.14377076744703493,-0.11100686098358346,0.46111538042116224,6.102030168839094
0.09814970199120782,-0.1176979852019386,0.4350768698672519,5.676584052505646
0.08882064685695229,-0.14839368502993983,0.435442226011208,5.798898902423696
0.22588768459801495,-0.12791598546023447,0.4349661873759429,6.019558468682646
0.20159494287296503,-0.11334560524813363,0.45582306203967043,6.234847310259831
0.15379182263006308,-0.11526383947882876,0.4462314449219909,6.057744115198225
0.15413171771214393,-0.12905322737482286,0.49519308898765796,6.383064189549198
0.11888238490085884,-0.18151855369980233,0.4916166568356709,6.53341268433524
0.15719656966030643,-0.136831281420426,0.4992253750553975,6.560198717435695
0.23744370900123407,-0.12400822168816643,0.48801132186084384,6.55916291619447
0.1977722471889589,-0.10868570220777778,0.505862763575183,6.531606545693954
0.1721397853225894,-0.17735954357905304,0.5028946920423666,6.52297632021284
0.12512300074633784,-0.14664090448466133,0.4528619423772903,5.981162834429043
0.07061033611780337,-0.16310985334871372,0.42719600968032917,5.781572558247246
0.10650158544083145,-0.11119402102471031,0.4133826797060418,5.371141515120793
0.05756545737964485,-0.10790734121659744,0.395473022620715,5.287746145034155
0.04638252426296621,-0.14089368320752596,0.4508901588802258,5.71071191367328
0.12704196587404631,-0.09175261536100553,0.42200332682176306,5.65492936405442
0.1278416093856579,-0.108788790711948,0.42361527098188406,5.568971162144737
0.15562092853856754,-0.13415082287295255,0.45442794314480917,5.843631040810453
0.18234071087141737,-0.16290043347284533,0.41979394767000877,5.691874353446793
0.245591098247575,-0.1754119184932138,0.48610671014319873,6.714742820519239
0.2028179966153504,-0.18318162431373636,0.4991038448910098,6.546017021840865
0.19303989745668673,-0.19558150761976173,0.4639210279745969,6.397765773934482
0.20234281175462798,-0.18883251442434792,0.4884295497012874,6.6210094547147325
0.24351556457771076,-0.14638203885515455,0.46524622031514523,6.438999657577114
0.25179749970435666,-0.14635985022077394,0.4954987575247479,6.942113903221975
0.28314016862397157,-0.13145275380392907,0.5019830981661907,7.048849187565315
0.26574118892495135,-0.1579623320410754,0.5055496406344883,7.10701341588484
0.2818077716165149,-0.12287980281523499,0.486426103867733,6.516827470131611
0.3015688561848745,-0.09306184879005168,0.4592161093028474,6.572655603120979
0.2575575375702965,-0.10513286906712092,0.40018740857761803,6.169004832000985
0.3251127523143166,-0.11378382102075771,0.3965642619123698,6.472819352260485
0.24984572127243104,-0.09952029907686755,0.40742118490881146,6.101020278855466
0.29059286123939587,-0.11908548722272311,0.48967310344132026,7.038359643860463
0.2851852042176294,-0.10878545293955949,0.5601606633086283,7.702836852051109
0.26359483080252577,-0.130045107364984,0.5968204767005212,7.902469321111976
0.25048817349615676,-0.08514490260810584,0.6269311672587604,7.946631806545247
0.19695094317002357,-0.12800527862869154,0.6407289871982311,7.883332824460952
0.27691152075244563,-0.12969797554240092,0.6193974745805696,7.97143164704119
0.22979677357774259,-0.14558372330758748,0.5041433020047338,6.87672529872399
0.249667714593777,-0.15876287326792715,0.5771764379836666,7.610656385169994
0.21140056145425037,-0.1635963694008114,0.4812389172654092,6.740468378199483
0.23968835057179125,-0.10387785702024299,0.5071890142163533,6.825450201031727
0.2538053076062252,-0.14878373851158655,0.6155609670065658,7.757923127579952
0.26594048231774675,-0.22882511763426044,0.6001987299278736,7.816581431760786
0.176907672197464,-0.18906957863463938,0.5685809319383436,7.192243341365842
0.207952063317342,-0.14344623091712044,0.4724327757228167,6.371327912109212
0.15019680959390422,-0.18503129995304737,0.5490454695103006,6.822009844987982
0.18288716386190826,-0.10428953257735407,0.49967328544445366,6.344071097054288
0.1780245233520847,-0.14525118711374502,0.5155293180249033,6.565249513080565
0.2018190567252082,-0.11128069985889716,0.463863835258556,6.0709172018239475
0.22486552087868833,-0.16984548593694365,0.518125939541784,6.8056262748401455
0.2178572052517371,-0.16488008058926362,0.5413418953648971,6.898821937970346
0.2684715696024536,-0.1901304033413025,0.5201907144495321,7.1102070737453635
0.2363272959710227,-0.17176598251082761,0.5486127834439479,7.126357267488991
0.2076866350330203,-0.12921123773951704,0.5090609755174104,6.645714556951005
0.2668759869840267,-0.09600404046888561,0.5121818663165635,6.883808397608985
0.27333540703591597,-0.12403675559042697,0.5284315491447069,7.035538466337592
0.2320754987108597,-0.12123807360438119,0.5362422683196529,6.873483905009117
0.15038797550713376,-0.110610757177715,0.5896567077263177,7.18861031203365
0.21512479383526972,-0.12053254888959261,0.5458541238505737,6.944653600943481
0.20225236946873515,-0.13162389750730003,0.5078288127476938,6.674961596056697
0.14953863841418102,-0.16346171396797443,0.4740148004575189,6.357380960556651
0.1756011239299777,-0.1912561832100161,0.5035033867763076,6.677343615704835
0.16437456568118516,-0.12195831583060816,0.49714210271121095,6.451309740073856
0.23306661101301865,-0.11408490454280636,0.5800046513451266,7.261008557187652
0.2402066440937669,-0.13651141136091177,0.5744160600401459,7.226942422708353
0.17971573195279605,-0.1542072366886748,0.5228677859636527,6.779443747494491
0.12130158241730155,-0.15561410714227333,0.5687231613011919,6.867189617621718
0.06814907417295968,-0.12891309050547914,0.5103026290730595,6.312495427071875
0.09497003023421484,-0.13340207747096697,0.47646524878373353,6.030758014967151
0.07330617604031411,-0.12059820360355203,0.4756245486192959,5.904424393050389
0.013928014809168901,-0.14973904287687517,0.46158532265124375,5.685313331923277
0.08308366952569457,-0.1838994570544856,0.4946336251240756,6.142845038826355
0.10753513709693459,-0.13923637021889534,0.3995831300197673,5.2917935989393685
0.08171738909213744,-0.1529999092071313,0.45432639193663477,5.797064833111445
0.11387479825582873,-0.13925627950033134,0.44301541324246424,5.790777242119549
0.06536342760604369,-0.14800573296941855,0.41289129741153346,5.414525279545773
0.09617914392585203,-0.1793769210937843,0.43989058922331736,5.651306957872856
0.09304399809299439,-0.1700929578415866,0.42429208321579187,5.419807845431781
0.13185100425488697,-0.16841235931318602,0.40523014630061227,5.310197750460854
0.18494646526847563,-0.19609559706313534,0.42782460402991856,5.747740819843241
0.1381578428680635,-0.1427073363610874,0.369763076516783,4.96271106956936
0.15481500389523928,-0.1840962099546014,0.41769118954009427,5.647295760998859
0.1656949767548413,-0.16015801392649884,0.42134726431785396,5.610799506795698
0.07149854585720222,-0.1770629559580152,0.45361579732729695,5.676486582652085
0.08571373238252289,-0.17355057755605274,0.44611710257167553,5.691424761235312
0.13479304981269705,-0.15074534941392081,0.45236474069335353,5.9022687218879355
0.03161937275215894,-0.1813285799105364,0.4290843122932246,5.627534436396781
0.16751196579610675,-0.19187379379625463,0.4655970555945453,6.13354985263646
0.08970277293092695,-0.15091943942170444,0.46010500089314166,5.855178514181585
0.06369463653112457,-0.1869927748095081,0.38485641832360395,5.21576458242672
0.10383225371423399,-0.1583003730754479,0.37162496416219293,5.109517941974055
0.11704595645225899,-0.1790289324519383,0.4246283372599268,5.537006350916432
0.16713146689808225,-0.15345303523800743,0.378668730723959,5.227767612681915
0.09360431983028197,-0.11814798097535512,0.347786370754948,4.646407807781886
0.06237370638717997,-0.14913677602783354,0.3110665379612832,4.551123196295053
-0.012676314340265098,-0.1327435068203188,0.33068078591171013,4.570328162646778
-0.000417846676638249,-0.15878096707409045,0.3511327308071016,4.9301305632859
0.04364092464011991,-0.13737028280970243,0.27304298704436464,4.149783135010584
-0.010499461270312907,-0.13679953393743793,0.30731489066174333,4.601149828639855
0.012202597761779286,-0.11677239028151341,0.3442012586801174,4.72953000065845
0.02793314858544657,-0.11508510360976892,0.30323907225427454,4.588838332266387
0.011200241846526052,-0.1771191373887244,0.32211900655730114,4.81715607845858
-0.023195440204747172,-0.1353663775792553,0.30322653860458665,4.661745386604801
-0.06147154034895849,-0.18109217114418766,0.34186054942369176,5.130915842410399
-0.029072213978232547,-0.13901994795298883,0.2569800073784851,4.1761961724298375
-0.01990458470363376,-0.18406984269837684,0.31994419553234116,4.779708038162595
0.014140325666229463,-0.08053020934337603,0.2612744329375143,3.9492573628670358
0.04675107846356516,-0.1301689888462477,0.30857504506383615,4.345124307600179
0.03759066346603111,-0.1452010189308728,0.3292130927072903,4.571511664895467
0.039228048823055854,-0.11996835454514092,0.3162008496933266,4.512344028925424
0.012947772895068665,-0.10776684347450957,0.3297252223090368,4.325640719219147
0.08245071438915579,-0.12182363297571644,0.3378827676658352,4.517081030864235
0.07817258504010001,-0.07510105358682516,0.3295564051643673,4.346684388850766
0.048108135562512644,-0.07620954722617998,0.2939028718502515,4.101869081246334
0.06147581589177705,-0.12683617253326424,0.34563199203887446,4.416010337617084
0.11132037440454144,-0.10634394491662494,0.3699375007214317,4.799525914122749
0.11606769886467516,-0.09630910457574444,0.3728407732261069,4.898582950144366
0.12657235780103945,-0.07269464805947098,0.3377664764877828,4.558190444659102
0.10652931824367229,-0.08014439701114495,0.3790503747389112,4.821289793202309
0.13437936108700688,-0.07535608830409221,0.3580179645324479,4.719724886430907
0.11562797224352728,-0.10366177994327962,0.37302785940516886,4.892845417677829
0.12244028513746652,-0.09006841420543996,0.3437019938067555,4.67022876838967
0.06662003032561166,-0.1267184325338556,0.3083975996029698,4.345937713694718
0.07754926303201035,-0.10529311603941915,0.3816626036239396,4.849739570382768
0.0306718714194388,-0.0641386020220859,0.3345045830231625,4.32127908183619
-0.017182800355033997,-0.1021819135681099,0.4047739922243265,4.986019122223512
-0.014423577014909315,-0.08954023504734236,0.3002448116395628,4.106957211736459
-0.01730086381823334,-0.10260142996344261,0.3002385702833449,4.196481234719877
-0.015802301616457487,-0.0862525893370848,0.33939376467292814,4.481535379165397
-0.031045682279057435,-0.11185644775581383,0.2716522142048683,3.9498328131871663
-0.046655896302820216,-0.10250873477158996,0.29771249181376463,4.223496781147728
-0.017355611911941446,-0.1162126490042407,0.3139270151892437,4.408538625091377
0.021987926210461847,-0.09671166079460979,0.28894304176560986,4.228404048832382
0.17430493857913568,-0.11573256830527295,0.29779795752675764,4.611477967667795
0.15784925470874311,-0.11449548386646621,0.28365422138751195,4.462828474293495
0.06613656816025291,-0.13444708478791295,0.2555657640279723,4.06656723254763
0.044043542775162925,-0.08845171499836034,0.24316960048102806,3.91514598997788
0.04056057464230741,-0.0994064960655222,0.2896801703174791,4.101525367889917
-0.008157977882543879,-0.0832549751116479,0.2719861616011336,4.016478258048586
0.14419140474399184,-0.08617535081252164,0.25681147504614793,3.9829194253325393
0.08812277381244595,-0.11698582603086718,0.2944411808193912,4.164994844976265
0.1341214536381741,-0.0798874987015378,0.25478425783047476,3.8416336311022867
0.1507216751319082,-0.12055325379159922,0.25918915387021235,4.1376655397615
0.11678672240167616,-0.12158418949482788,0.21723388507855323,3.891491403089781
0.16625145614187162,-0.10263378564142622,0.22584144727437874,3.9265805322976504
0.18367862128895984,-0.07822349992937641,0.26153195280956093,4.152852098944106
0.1416680164378393,-0.11595048251121863,0.2857233125428185,4.168616219970274
0.11271582749669966,-0.1135746875011716,0.28661055947449326,4.132432139389181
0.09524252467520182,-0.11061018845750119,0.2617870622998519,3.8186582876735415
0.04777639009847716,-0.08087509950185036,0.26917141728142796,3.8086158422748073
0.15845064190563327,-0.11355834395425693,0.288189693672156,4.1496973729936215
0.19045690972997223,-0.08964081684091842,0.29500646247028056,4.334707951953239
0.1414377909153286,-0.0902580358729074,0.2495067543809715,3.9011797989120427
0.18391166660084643,-0.07821785840366152,0.2523691327842262,4.046063943425636
0.1150619938658924,-0.09706820925132208,0.32895192536220885,4.492769050109307
0.1468757346875248,-0.1197485789460188,0.32390888822085206,4.409355597684044
0.11672316168561789,-0.1106312261663477,0.2928466311535795,4.2236118891650785
0.19382543304642677,-0.15109139875286948,0.30126770598522135,4.75632482025346
0.2196490848051205,-0.131999751280615,0.3013199151820728,4.9004853881272705
0.20520928004572703,-0.11871445976404946,0.33997273027395003,4.963140353597589
0.18283306286848944,-0.11201089758639904,0.3488615131108134,5.032296119788133
0.2727073660894223,-0.1428932113248592,0.2713265750302003,4.88677326904726
0.2340751909211988,-0.1532902112142354,0.28819149927976584,4.923277193262453
0.32551093210149384,-0.12184029686363988,0.2879347725400262,5.326636381070937
0.2500146539074769,-0.09173401132405296,0.32193831120234,5.074517756815122
0.26187367911288945,-0.07369970268001466,0.3293922145466832,5.059635636111422
0.29475206526389347,-0.08493784884481406,0.45515602119207416,6.196672584143585
0.21659598095095955,-0.1373949096782237,0.42164411532259405,5.809873531821698
0.18320385725837884,-0.11375783048359688,0.37374288471688977,5.06575564853894
0.20228151392724875,-0.08939426868074218,0.3700399125271548,5.023613775589059
0.18333865637299063,-0.09393694841637965,0.3316748093831223,4.814923090398671
0.2062007757010883,-0.11263089127140812,0.36615404169819943,5.232466644762041
0.2507311134090379,-0.08299361510912201,0.39488409412419573,5.411211175572823
0.23353559247224492,-0.08859629101541344,0.37653361424033843,5.181672096775041
0.2355513584841688,-0.11597485128325094,0.3694602869098162,5.223809423158552
0.23581788603762951,-0.10688802616614541,0.37651163952754685,5.299521991948063
0.20224666323105478,-0.10077952721413724,0.38290884087118493,5.143258927324387
0.28619630565135007,-0.10798019101368946,0.409025554467146,5.671992091018908
0.3035303181106948,-0.09318521770277058,0.42195740921717545,5.965768092779493
0.2977873506317573,-0.10070068962529391,0.3930083833670371,5.683338945434905
0.15981529966683936,-0.029355077449805058,0.33922733276987027,4.58932155331943
0.22563658047038934,-0.014658313878758602,0.31988877750677425,4.622945708026893
0.25842610078225337,-0.04964620101084274,0.341787889412735,4.972392150071468
0.2560411659657526,-0.05073367239896466,0.3413719379422319,4.97996137243162
0.27837294194549556,-0.0656251418904084,0.2889051922456101,4.90890699003348
0.20357177522676798,-0.06992134758880146,0.30779781375908605,4.551084457195671
0.1988908117102285,-0.08012312057354296,0.275233452197564,4.483420703415572
0.1301550727097212,-0.0884962059361284,0.2778509852584825,4.210543484814281
0.15748879921320497,-0.11056542885143113,0.31603468162432213,4.520948138191348
0.12908834723353835,-0.13710720558858228,0.3057569293809524,4.5194927700938745
0.1477826018641713,-0.11332044625146218,0.3353491934042978,4.757454403989428
0.1231630332014569,-0.1019275402146053,0.29233604874999897,4.272655462993231
0.25094783963165107,-0.1011710451840367,0.3476375165386352,5.237052057964177
0.19759859016119935,-0.1212036980829923,0.3889530883402157,5.356936414388831
0.2192919433128167,-0.11315372734462498,0.3417328208177581,5.170794500266519
0.2512753826666554,-0.07154178157584183,0.34522214084240255,5.231698768610578
0.2614166145796797,-0.041314193799062184,0.33488129850830967,5.281309498684034
0.3521217288038027,-0.15354267152057882,0.35480268737525167,6.177104928378958
0.4206158628412116,-0.1208904763227216,0.3371253790370588,6.3469987708410365
0.40641844844598374,-0.1253483005922791,0.36268463536075163,6.357651359192541
0.39212941098831516,-0.1259155119790878,0.37480435930816125,6.574857888752891
0.3704810611526087,-0.08885049654160515,0.3427277906089081,6.176854931784307
0.38228237516947355,-0.10977840754135434,0.3912892817499894,6.481655050918479
0.35582459659909205,-0.10180084376584485,0.35523460759552666,6.159372833247365
0.36570437993558824,-0.12056917852385728,0.339613896421609,6.324334695153495
0.3160140450857517,-0.17290271364019721,0.3122979724516553,5.932434325327971
0.3329953554429516,-0.19870548448471584,0.3531436244280258,6.139816542146753
0.2738185296231869,-0.15704684503417718,0.3452645310433686,5.704271811991186
0.34301606627663417,-0.1914117627045503,0.3462563955301865,6.362927283316922
0.26086252151374084,-0.18625470675818323,0.34733594291390346,5.749617314737726
0.2581038889548034,-0.13411708712229722,0.3328761144603877,5.578698053008888
0.27912608365820724,-0.1715447435237844,0.32933714266062863,5.665158650037533
0.3052936217718638,-0.1534229475846498,0.2833435829272318,5.513185588854803
0.3095381915866793,-0.14460196185804391,0.2706304092614801,5.413780774774202
0.28857225904377454,-0.10551178102556304,0.24339583154182212,5.002827504760972
0.2965241156109343,-0.10366867209477709,0.2630745783986627,5.17017254231591
0.28309293736969504,-0.08751823760982615,0.25166077327960934,4.997451888901449
0.33376237245524065,-0.10267416278392799,0.2645629406378878,5.489676309770927
0.3153084444659654,-0.11369065488122737,0.2808745039719012,5.380487711334313
0.348464135510284,-0.11107401196959098,0.28315083113757267,5.840087886319401
0.32218395867565014,-0.1407811317358933,0.2496711287781759,5.3407940937870775
0.3515271064618348,-0.11424814023321438,0.22237305487518727,5.465469016662735
0.3829963593835695,-0.09067669334032759,0.252013736953911,5.888455938911925
0.3678725590073384,-0.10520937086416295,0.32462052406266734,6.070866644644765
0.41171191595636986,-0.08872032411057564,0.3435515689654951,6.380349106572617
0.3467102036260561,-0.09843485741228292,0.28648745217283034,5.719942856195496
0.4032496157943208,-0.09660977045983807,0.2958391101324448,6.112625969089374
0.34875767380636896,-0.09446418988353418,0.3187045771896073,5.819946609443473
0.39438134245933154,-0.13027361348323335,0.40007390760383077,6.720618256348833
0.3994939079067989,-0.1922661611554429,0.34719208831696186,6.425567334696092
0.35579300157654004,-0.16210129846681812,0.340909264103148,6.025449301290578
0.32568561192241535,-0.1166157548111874,0.2766941002401929,5.291952663095906
0.30508975931452986,-0.13681386297518758,0.3689137736184191,5.7287592166878305
0.2636705047896141,-0.11421418167005087,0.34785350483605526,5.608699508051844
0.3099125385924908,-0.1208103217185348,0.3979133991727936,6.1637813306143805
0.3553175402291283,-0.09271725417702034,0.3265351099991234,5.928363882120696
0.29184437020435244,-0.08932995510646109,0.3645602067796471,5.823920228944708
0.36042519727288636,-0.09947556886365083,0.29521486852560774,5.685163998424575
0.4208497791802276,-0.09787213056672048,0.32939414628079355,6.447407160764756
0.3232523716789506,-0.10840457774408084,0.2972789348269045,5.650874323843587
0.34327264417798864,-0.12127152850552356,0.31796327113410316,5.95840332451117
0.31935110562035496,-0.116770935604311,0.29549589267880305,5.472426632600497
0.33033946063173525,-0.11902818772999565,0.2933235926317615,5.438548575067246
0.23517319291422703,-0.10894909963962791,0.28101193169349065,4.88778616929366
0.28701007579498955,-0.07869881680843725,0.29605646080356063,5.090717786796724
0.30248337004186454,-0.07394295072284017,0.3325430139870581,5.509163154249807
0.36946296272879503,-0.05523893376181098,0.32631636889503635,5.835350675687947
0.3191670845928209,-0.0650394067321918,0.28795310285960396,5.510329115718692
0.32364819703525116,-0.028859248082185884,0.25504135136783485,5.188921995617848
0.3198981205784606,0.004267014798910929,0.2797352726830853,5.273133395731785
0.37206116432035274,-0.06029522775317947,0.387157404420088,6.435834463506824
0.38042817254530736,-0.05657274180268044,0.37665374335232116,6.341847604310443
0.44755917092693126,-0.0635367743770136,0.35724199537325213,6.672613145799759
0.36314187229339506,-0.08453168655820358,0.3451515277233779,6.221634392867961
0.3848179553151244,-0.06910788677279958,0.3599574911038718,6.177492443557547
0.33656387942379823,-0.032661356140212795,0.35455750420737536,5.774888116528488
0.3118453678373473,0.0052907594585823925,0.29582634324856477,5.156649239499937
0.3267644493908115,-0.017067374123566362,0.3243621693408836,5.482869580935887
0.23277587970993227,-0.10683696000667448,0.3281183136067633,5.084169333011566
0.29224735434808796,-0.10454938479042546,0.26146064544609054,5.091104283482631
0.32352252066893866,-0.07094719957669764,0.32837247260321745,5.596205001218889
0.4053930135676286,-0.051879166962461545,0.3712400494804617,6.420864143994515
0.38936943511594097,-0.056247409494055454,0.42062805302073486,6.811305541928727
0.40202993711814705,0.018973485718158583,0.4117826715130926,6.829770265950249
0.3782564800092255,-0.01302898306071544,0.3640717720855302,6.170192899059946
0.3678194591101874,-0.025434095016075475,0.3375770724656593,5.870892404200962
0.3662439968491431,-0.04755719846674979,0.3044801082880647,5.735092247627313
0.4060130633495727,-0.02233181413974816,0.3549429924879708,6.253261327613168
0.42888951081794363,-0.05014463630071409,0.2784002880567116,6.180082883187982
0.47115955637478607,-0.05144867897938714,0.3166790078094672,6.791826642739068
0.5020354255464592,-0.02080825160462949,0.3842805030819085,7.46963508998995
0.47522339664313296,-0.009208877168798124,0.38639145521112406,7.150689538432393
0.3822864255690183,-0.04671546850838957,0.37388517720330744,6.452720092434178
0.39497330938418423,-0.055828902410734516,0.3311892774457151,6.217430942268105
0.46406565337086014,-0.013736355679790532,0.28047702607163255,6.511539411260676
0.4090361639192177,0.009846425110282388,0.37029355922627344,6.693115212547376
0.4106185167271386,0.007584946045059188,0.3551048302797817,6.375826160436792
0.4826786764608642,-0.0022411221977901917,0.3458828808452321,7.117019107551719
0.4757158741991593,-0.03510862504161065,0.3480051530640801,6.9757714497441725
0.44553639418533897,-0.0903456453621811,0.3674802570673768,6.875956952082227
0.4635349658184128,-0.08403031609050826,0.39787891625818744,7.278779054327378
0.47169932083733906,-0.08421014847606184,0.3468092924771638,7.029259450936842
0.44106265732478384,-0.05389255643058257,0.3656914679206116,7.052234788423049
0.41348326205926433,0.004848616142926535,0.38012340062430805,6.587878396090158
0.42210180153360594,-0.03560238168252607,0.3866657375398469,6.771970368163712
0.3872884646250943,-0.03468197032322365,0.40220387499566207,6.634138298186396
0.32661768011691283,0.004764151192941621,0.3308556663153789,5.9157635777067314
0.3818043426467289,0.0060049980882445975,0.29813357370698795,5.933243176466711
0.36463402789034083,-0.05666492451713705,0.30129699750372424,6.0196085061580344
0.3516113758724851,-0.04788262799503666,0.3440914550552024,6.028966703183419
0.31235847561736796,-0.042977603634974236,0.3143439959800859,5.551688095009622
0.38995846227330944,0.004417491264011194,0.3085933396199918,5.9580336109289895
0.3838193563709452,-0.007826227299399193,0.2912327301575898,5.84544910209798
0.3564804287378405,-0.01945546289747428,0.3118181426894382,5.776732671115389
0.32698913311254035,0.005228593377076403,0.3245677659537805,5.6928509131931495
0.36391884336071273,-0.06473510875012527,0.34983868445179034,6.228368765965953
0.4101127236674525,0.003312334924180412,0.28630444763923907,6.038030332196164
0.46566230278655196,0.014409773977390678,0.3224948169790285,6.591736926489245
0.38821716970845815,-0.06546027673125414,0.344949604614049,6.455721617481874
0.43803690282719476,-0.0801986274510099,0.3337563420290476,6.6233012903356405
0.4070660692198833,-0.08837145392549829,0.3434800255704292,6.402786764066712
0.4369603365752287,-0.1345586242375315,0.34994360653316753,6.78905611180394
0.46154739598008837,-0.042794862371750245,0.4419314058188648,7.536101805392036
0.42688398428975755,-0.05866911316199032,0.3963537507672313,7.043659474392604
0.3931581224485323,-0.10848096409925762,0.4176685311807051,6.836164367191588
0.30352607634722906,-0.06905577044391721,0.4637231314215685,6.700009372470988
0.3823170539639225,-0.05316936010847832,0.4188671938976435,6.716657276977822
0.4844831749235247,-0.0618461826446092,0.3607223773715057,6.944213129455573
0.43203406642155895,-0.020283214450096447,0.30179082668208335,6.038162050901461
0.41378506621991523,-0.029589823394277483,0.3217975873425256,6.112852015560392
0.3991048624536076,0.03383500125983671,0.28491222699721425,5.797031044958919
0.42176605098166964,-0.008812924530002422,0.27194058303843477,5.818175722447986
0.4314395040921117,0.029320669324352653,0.2156769562281562,5.844286021933234
0.40968754002887703,0.02506848078172093,0.23024767067746565,5.545015607982941
0.4735280321902244,-0.008176255421276526,0.25939062949381114,6.358241725499073
0.47510323088942047,-0.009517340123802401,0.2932153714599685,6.46754668209398
0.45163189897427963,7.932519066097855e-05,0.3042786910777952,6.373748353297244
0.3917342703370715,-0.02149444253483319,0.3193219413139826,5.981526523216637
0.4061249141338351,-0.029072016777022876,0.3072457245457937,6.073904321555513
0.47130096358035195,-0.019580575163000453,0.36007286559908014,6.793857633812083
0.5679933251951966,-0.013809943294587205,0.29878322198141,7.410183958138766
0.5419535406265231,-0.05650572685438678,0.2660636556672001,7.209297464806114
0.4812488584574189,-0.0984564932944226,0.3012167780418662,6.700205576900943
0.41469562378688657,-0.07654104556785823,0.2701921447061221,6.053759729894823
0.4041131507822448,-0.06506913381124659,0.29052003423327816,5.9773151093082015
0.3794325395326231,-0.07498827017676143,0.27234693016731687,5.716640420134578
0.4082046644090369,-0.04651611149192775,0.2846715878907374,5.9868881328892165
0.38060286371063157,-0.04415587626902312,0.30795594170157603,6.074341508983959
0.3251570874286555,-0.08015885505934774,0.36008648975166957,6.008796601306892
0.36766683639342385,-0.09642703533251411,0.37001186733874614,6.404010648317775
0.34337121652236874,-0.05605928395722439,0.37222058325388707,6.128623741663259
0.4329000733488985,-0.09324007914822789,0.3252178113064326,6.377947456048425
0.4849313641074864,-0.033541456252939784,0.3223522567793822,6.712203647818247
0.45851152742251605,-0.04985156457986845,0.3876600163676041,7.197208187454271
0.43052640660323477,-0.030013741736762186,0.3290045107784718,6.481799502637145
0.37606061617111547,-0.04218117871504092,0.3679835112477064,6.258535138742921
0.4237428390340982,-0.044321203668392414,0.41185696271762356,6.977044695549979
0.4477260150139937,-0.024531230949384825,0.4406144943436241,7.436610095741348
0.4093087564330985,-0.014641851380528485,0.4139579609118148,6.97667288663142
0.38434236103782166,-0.00334284733509756,0.43985143176125535,6.879615357065874
0.47951139783193275,-0.03287310131863006,0.4057463853504295,7.319963500467875
0.5008547438046391,-0.03587277721722668,0.41021349540631535,7.419204288933131
0.40622223697420234,-0.05616592551245361,0.44767874897521565,7.163798181179107
0.4804708992500194,0.012559693751116409,0.3726319954382892,6.868372478009815
0.40058832964772445,-0.02607066279488755,0.3804286779869218,6.518288576614991
0.42500139430943074,-0.004419974475734344,0.3828672849885186,6.846673094416778
0.44596665249516154,-0.050884661731411894,0.34332664180355055,6.658627819123907
0.4601129695602737,-0.0282148767728638,0.24430722500408308,6.229469817385802
0.4593245412030142,-0.012009213360820897,0.3065189121696807,6.211447773549955
0.5140019429295657,-0.026993991035344278,0.3478693105935499,7.05691972904363
0.48243710257311007,-0.0338268777278601,0.34684575130803147,6.849468625871544
0.4520482078091738,-0.050713811938439705,0.33832455674352285,6.51550952792918
0.4385642168805472,-0.039931300497060174,0.33261647087589136,6.240208244708337
0.4449163246881929,-0.08026259300734798,0.3823993862971488,6.708551733017775
0.48168625980377544,-0.047160668090160784,0.3806557332823336,7.010144845199251
0.48626858668166345,-0.024948203037939827,0.37248651178756814,7.000561709916685
0.4635726218872608,-0.05454148704666091,0.3852716096810318,6.864112102790307
0.5471287295487254,-0.03275493091901687,0.312742827297815,7.16682120963469
0.5101643557389572,-0.07095538599979236,0.32322506697715553,6.90485491969861
0.5358123552782209,-0.03387724818101453,0.2957956827851161,7.011305758985578
0.5673044808973492,-0.047204241901020454,0.3138145946017594,7.269478643061277
0.5893427150076518,-0.07126522306758354,0.3628457464015948,7.798718545984962
0.5114906616784951,-0.07178924205503359,0.4236818151239003,7.360205701077689
0.5297788241286495,-0.061576462148518654,0.3689268720268313,7.322163724751969
0.4501648495917431,-0.06476075566346412,0.4151690631238248,7.028313410221249
0.5083120474136327,-0.08415961276013699,0.3771415716802493,7.371837471205445
0.45611341323339516,-0.11410993593060681,0.4250321212766735,7.410881696026305
0.39787854389363064,-0.07579444136727827,0.3387092672273671,6.262861390391932
0.47011620444997676,-0.09752444843978447,0.3744194898804008,6.9542163208052505
0.4796906774543919,-0.05680309485781072,0.3873411047187929,7.106720022411161
0.44748552497274535,-0.05594492774673351,0.3760171318411621,6.8319069569974245
0.48779126113655163,-0.10890372305794059,0.38651740110550936,7.406631532788864
0.518570882426136,-0.06267682754034422,0.3742143545981165,7.487987290280241
0.5319234101728012,-0.0366676781847899,0.36953195083845236,7.560705057731144
0.4422449912861353,-0.033250006347403174,0.3577235980843451,6.557120307866331
0.41358937722028927,-0.08197459158042227,0.4892345037594207,7.514565734523474
0.4545801893609639,-0.015642413215668987,0.4229264782180119,7.253624115768065
0.5263265865770087,-0.06173409099266825,0.4362201565636323,7.868029760444864
0.5712538140905263,-0.0745936064422984,0.49696922276723604,8.572495070147795
0.5443470648845243,-0.11074012316197389,0.43704183682954584,8.097687769737393
0.5345138217693471,-0.09618459192203781,0.4122905781184617,7.916281168916352
0.568206740301044,-0.1188023492290847,0.480495389975527,8.518119343558768
0.5103961176048664,-0.13115385427967324,0.4701377201769275,8.081600137671463
0.49373902312521467,-0.1447622380531143,0.4136227494302125,7.654137401957458
0.466511074835832,-0.0587091221679643,0.4245119632761135,7.292890926613632
0.4579719181599358,-0.061533831604545765,0.4264555460710253,7.263974241351057
0.42358286453027477,-0.10264329078989413,0.38984564439874025,6.8940744341314915
0.398706866774748,-0.0442265467129944,0.37058350796773526,6.443282119929481
0.4320495897920795,-0.05464869965092733,0.4093359853348947,6.963928008980604
0.38111709303684155,-0.0979787233268478,0.35494233139453546,6.4502990911892475
0.40104360110134396,-0.04787032898274196,0.31087994278221004,6.154111017227941
0.39278434421791336,-0.07515223231508111,0.386839696651436,6.516708743097389
0.3985059666409777,-0.07479707366454302,0.4232280645805654,6.734575383829602
0.4361681431244475,-0.07092991504989753,0.4655015378861552,7.154605293976881
0.43278362465958603,-0.03185666411675477,0.34710605628364155,6.55243221732615
0.48720031729831165,0.006001518977719241,0.3103939787785278,6.9324246273103185
0.48059940692005976,-0.028835280073189844,0.3657644451282498,7.019975424491926
0.4715789464651173,-0.02837036992556881,0.3935184575653299,7.137204105922535
0.49351059602241354,-0.0065896980322830145,0.32998646755768546,7.03870615070435
0.4712685232904329,-0.04469190072483727,0.28490996350722864,6.618522742731514
0.5678576549199309,-0.0318306249437522,0.3424671826820958,7.797169933210522
0.5501347769296091,-0.1156236666903571,0.31680396132437993,7.478963671100937
0.45188438354081295,-0.10853447745836789,0.3725212774436169,7.120995066372099
0.4549651112164331,-0.06996243750907814,0.3353941602507083,6.747602727286248
0.4347875930220242,-0.07712898070863378,0.36149219378185016,6.623416228529632
0.47772368098835716,-0.09459158590476766,0.35196598388725,6.876220644889479
0.4455894958213206,-0.09436869720369014,0.3877678019180409,6.94389734172762
0.4707052055752844,-0.07665733262944835,0.3366841732050274,6.888711764908876
0.4523260980975774,-0.05628667712814091,0.30442716017760113,6.3961239613624175
0.38901114801345316,-0.061048273868530616,0.28864708423697655,5.93408485201273
0.4049033119308326,-0.018090886071770857,0.2736788552280561,5.856932905399626
0.3762774442888827,-0.05366020858402107,0.24393703650195536,5.475240274552931
0.32622061352061477,-0.058294179053471416,0.2740290453070934,5.268324768471681
0.3712635780393066,-0.10411173857492496,0.2860805544540666,5.807580042354897
0.4359524455228896,-0.0820365556362799,0.28259163129251375,6.161142231083371
0.4063309114112023,-0.06050189430998316,0.2707581719357955,5.769119946040692
0.4632451328442527,-0.07901803189662335,0.23409517806141117,6.277284238420347
0.45790500351518554,-0.0668737753690643,0.3162064827228766,6.59641744005059
0.4120599737127596,-0.11384583855656384,0.3354437810764577,6.372509602643186
0.4194826414049212,-0.05089269636711342,0.3365801483125395,6.411000294772759
0.41482700989366245,-0.07243541666263215,0.25895471216647903,5.986823541150325
0.45896164121336913,-0.03301769890225328,0.26501010576824363,6.047295375592097
0.44300925517727613,-0.0037621245291736168,0.3164619323209177,6.191150141298906
0.3856259966928686,-0.031735432719532254,0.30347983698388104,5.810999729973721
0.37511786003585457,-0.035326785785332764,0.3511118849568755,6.013200896939411
0.3883568856846246,0.00558447404231095,0.26029563534238936,5.500652288072444
0.4670251563403355,-0.0159793282184124,0.20059445517356345,5.924558365168324
0.4348173230657997,-0.033027852567137056,0.214134500931521,5.749669658380987
0.4606972771183562,-0.09597139478936835,0.3151962096871191,6.515052779911824
0.5020382998321025,-0.04853962738877415,0.2669162515353016,6.681206822576782
0.4377775693308183,-0.023340250133984226,0.23212205226282803,5.951742753250367
0.4883241178676336,-0.06650774991695828,0.2318805094995905,6.237825403540654
0.42487654549456205,-0.09231552686046447,0.25562253139441043,6.140325009402222
0.4552793265669293,-0.10953633629683576,0.258281272605495,6.387689340211612
0.37665262184569676,-0.05632834723926987,0.26933410887661685,5.490021188579301
0.4251052535898584,-0.04276271291999305,0.2520847265667201,5.987042840034654
0.39767502338983496,-0.03746180598446103,0.30045395416024534,5.917355758563533
0.3933544184557531,-0.016727608042394974,0.27289242224704063,5.632832573325005
0.4470349338487886,-0.021317842868511266,0.32074479545520646,6.442023475296953
0.4040165138903042,-0.018432229790432478,0.26091918103898987,5.782240378061444
0.4092440724776166,0.01829543529634175,0.2750353549595855,5.742125802093063
0.3984516079261835,0.001659974258728957,0.3075375457719343,5.818369492387591
0.3862101581214582,-0.022955357252723643,0.2833201789165693,5.812953376657295
0.3538806769647395,0.004467743447214747,0.3077261753208654,5.597316312672483
0.3774581383642673,0.00775535633642786,0.2803833110797684,5.589628561485242
0.3404831756754755,-0.004317656712019291,0.2698000412277108,5.319506407211098
0.3580415451040705,-0.0333056466184981,0.27909815850501074,5.551423111492759
0.3319443101378514,0.0006594540024260247,0.2705272400925229,5.35572387169736
0.35261516315906516,0.03473216517557011,0.27252421354551115,5.282111684711591
0.32126075495579537,-0.036736845863551124,0.32464483900753816,5.611322828653538
0.3322549431418037,-0.006118007003075967,0.3399030097665153,5.736797604916443
0.37836616744084556,0.0005032491367011509,0.259923077141753,5.6150737030360665
0.3745444802794763,-0.02793885435293384,0.3195198080357253,5.6726710488296135
0.35884429728769923,4.759707434699157e-05,0.2746095627879224,5.446131223092977
0.40559312053374214,-0.04118740305195617,0.26709630020632064,5.619643573233365
0.37759290609261387,-0.06630358081118314,0.3381824473397324,6.080784319820366
0.37562629659821645,-0.03665895876374893,0.36422309153970905,6.107539466873452
0.3816709544100288,0.0013366630523916649,0.3173729574310594,5.7046719376100326
0.3910128333264464,-0.009054938460200047,0.2783624301120762,5.464152259204551
0.4091376883096111,0.0008747852867378398,0.33333867662630207,6.016327409282967
0.40057198475607997,-0.010998130599268097,0.3378984385096346,5.995184496750362
0.40513153105911714,-0.053582933425405634,0.3234736606990129,5.969171191539866
0.452642277396306,-0.008575926647848259,0.3154079002560905,6.203085900603912
0.4314787178691563,0.02824200021182027,0.24352747731336977,5.770119838942801
0.43553326689815697,0.0016272782418317378,0.21063423083074947,5.689688384621373
0.38297871645856446,0.004533113152769154,0.20830542411555353,5.138793999671354
0.3748174036747233,-0.004668756135633197,0.21986633876500167,5.174274130884599
0.4509679503472348,0.014796052040172043,0.22019355754416547,5.665293581800802
0.37209457937525875,-0.040588023977656325,0.25545469182890823,5.310454732738795
0.4414566034779877,-0.07441330188344883,0.25113896508014016,5.824054456432129
0.4263781107054955,-0.10672518669760223,0.3239092005588511,6.233737297782895
0.4085662650255564,-0.08207915719995844,0.30861849345054204,6.11267703630885
0.48741896208427893,-0.07248985043410014,0.27078326361536714,6.507930004323322
0.47814336052678597,0.01947075282543805,0.24895598191303284,6.110621815965972
0.39834579758497335,-0.033818309395831095,0.23213110724957384,5.374460450091526
0.4023922680095301,-0.04043374298705453,0.26483861817274457,5.732952259957259
0.4298126155342869,-0.04978069448622861,0.22806500451400744,5.740504641941749
0.42151974753486027,-0.014119614676269569,0.2696111822179583,5.781401554989725
0.47297060502665794,-0.03810578245080232,0.24076933082490848,6.020136121147704
0.4935049163753989,-0.03569128617700646,0.2681042914870583,6.354274492875322
0.40139644807465313,0.004980849702747618,0.26012233413632724,5.653070221986297
0.4102589439071045,-0.011295476660973533,0.2871250178276273,5.915552403660175
0.43429001329223027,0.01192520388803026,0.26172774337780513,6.058932978583216
0.4665198082582823,-0.03844376540616709,0.29330304313924693,6.322264404028273
0.4484127974545087,-0.002295377523027121,0.2675393523665474,6.011264790341927
0.3827691690791901,0.01674654305671134,0.21129783436401586,5.208015410952192
0.3580680648482527,0.0015472783899509854,0.18585546269266265,4.90908408175065
0.3908995499526412,0.009345047738403436,0.21255731592138205,5.258436371320644
0.4268030619191665,0.005033793407022023,0.2502682600539972,5.830346021451223
0.4940770473447732,0.002368601951370011,0.2354764874201532,6.2259126338557795
0.4822689054622384,-0.03392376532003818,0.21007670693035443,6.058821723359691
0.4704492887019131,0.029704644558229153,0.24897671797175108,6.171728624978126
0.4292246652891636,-0.016040768945990987,0.2533137468557618,5.699164556592178
0.4080913663728957,0.005303141545365319,0.21771256012877055,5.441018344151645
0.4784192479580932,0.04676427196670284,0.2588645362435556,6.110560488615156
0.42264315075321046,-0.03143676389728991,0.3027263198040277,6.0545503599632555
0.5106405121189543,-0.015971316850509697,0.27291186302722,6.759016732516117
0.4635542323971886,-0.0741012379701576,0.36897755897685,6.841989116377303
0.4532663401300311,-0.024557761431300312,0.35443656516055794,6.525480426212068
0.42025462640991845,-0.0549829922797579,0.35001285585094355,6.334704954198556
0.429344366551092,-0.053694490943892864,0.31191636279903306,6.184213727307902
0.428678191492362,-0.048527796301766,0.24620030504136042,5.993922609551773
0.47089180547229004,-0.04539975867078271,0.26407871098978003,6.328203347685415
0.46767654959957383,-0.05639158591342766,0.2754733924543456,6.331298861726633
0.46744516581725104,-0.07410633499868717,0.27159243238450853,6.334559521866417
0.44001911690697143,-0.05851812246966773,0.24926859310259517,5.944280380362468
0.45352094120736297,-0.06530516432665164,0.2746890044192464,6.197249422875837
0.4589944503469012,-0.08603798559518987,0.2897645003521116,6.354976235192618
0.49497230522231195,-0.057251467794782865,0.3340232782469585,6.836878632839353
0.4619799170359027,-0.07433008051517087,0.3303180277558818,6.472178965591735
0.46340918600815917,-0.060028357700221496,0.2937524125979355,6.311054167333951
0.4602285678328079,-0.052983376635594145,0.29526521478424744,6.249044955358961
0.48556103349043883,-0.049208306014479,0.26956032613018466,6.321819712101664
0.4394425188739882,-0.10291627542423254,0.31776305235445607,6.462128679207401
0.42953981788845763,-0.04360020190618138,0.2637372739524433,6.1388385391499405
0.4549361062326211,-0.039351048437499134,0.27147944838198557,6.259924082281573
0.47497235061334503,-0.018379170612365315,0.28470197038472667,6.3437055802476765
0.4559063558143644,-0.033649624524393594,0.25921631139420687,6.275132397959202
0.4868997928672698,-0.006382726799804793,0.3019180140887975,6.534414942607442
0.4205321067941347,-0.04715649245272092,0.255246692632013,5.712074162243265
0.3494644898878923,-0.03736200201248052,0.2598231020440401,5.3525807167688
0.34558645121080894,-0.017821756892147305,0.27286565909592325,5.599680307597743
0.4151877614100759,0.010369062719453677,0.30520027130152816,5.986036848223554
0.38714668916359934,-0.053148357161172076,0.2605048138167629,5.615270410217875
0.3991709701549964,-0.10343794115300305,0.2620271517853996,5.744075810597886
0.455007879877639,-0.042610486248464384,0.2651076212768567,6.1668705110392015
0.42216338176868395,0.0013178387842923648,0.24469694113815937,5.788370614719868
0.3948584007194424,0.02905557593228433,0.28249661922263647,5.705895823768239
0.37832086708683665,0.011518066003981716,0.3349726679944497,5.889718672973254
0.39415857539876487,0.007503848725419635,0.2822768760798625,5.593054478191407
0.43702628807414556,0.0006088952847423246,0.3417601554857749,6.213979429140305
0.4159370614027391,0.024518426501371027,0.3354214228352469,6.12492273787002
0.41986663098719923,0.01217041397736163,0.3682122586066165,6.229732681605016
0.36134390642568254,-0.02920508020525063,0.40194581512816663,6.083920170700963
0.4054117995735464,0.02390589801663212,0.3354838931622997,5.937099007928618
0.4016965701963738,0.0035992942852179238,0.29164520164384894,5.793067444379825
0.4091537207899391,-0.01595619745755556,0.24379631195035176,5.598782402199342
0.3624184326057122,-0.01137236865082625,0.2650741800483085,5.318336461239861
0.49029491858883784,0.0010039699156584904,0.18892142063144052,5.940163530235012
0.39565915758108117,0.008872966085617247,0.18873471524478436,5.250790558805376
0.4655840187080706,-0.00030472105202093583,0.23922248748334848,5.966850142991692
0.429776860308358,-0.015797386752953047,0.2085568400752969,5.490513964746405
0.39391044781620554,0.008552748515890928,0.2772924703678753,5.601943632844612
0.4381539175046062,0.011316752408315423,0.2769790882177356,5.862433942625705
0.40742097762241714,-0.05880133647076164,0.24420663069297693,5.5915260625518615
0.5175481695331008,-0.05714934201440478,0.28372191613703723,6.708578708290561
0.4016742001208398,-0.039682025336723416,0.36974105398958435,6.347483678545726
0.3813018502737495,-0.08710611028412389,0.261748607948486,5.534063117331377
0.3792329320286946,-0.11563136261736263,0.3556833195437627,6.360414021862819
0.44741704209441874,-0.07168901133026612,0.35338501169492464,6.61969127805704
0.4625807906000546,-0.04098027248547955,0.3074170135103826,6.353735359145576
0.5100013477474121,-0.03560579225479005,0.21849129666125489,6.4178046133879425
0.48243505712994145,-0.02278591507835032,0.2953466417214772,6.438778996129698
0.4719197771547794,-0.047929591423595944,0.24870013213124648,6.161146158054655
0.4833193133706345,-0.01492667514762864,0.3062002953360115,6.470138624784223
0.41876903975514074,-0.0450713235873607,0.33598417224216887,6.143903376999293
0.45286438074387037,-0.026392203854964467,0.30101126978018744,6.2556067429237
0.4346688760642825,-0.025719960136082274,0.22134078051644973,5.617047728669745
0.500088838357557,-0.04975070349658693,0.20939123805656246,6.1795289445868
0.4654385743151765,-0.022342273827288477,0.24582955441472365,6.046677448505626
0.42293026789201926,-0.04424893842847554,0.22724850341362648,5.759886290638127
0.5114517957990967,-0.007155878460192073,0.21571414975251937,6.304310265595586
0.49263066072864803,-0.008786136546615026,0.19328140895265217,5.999892979167016
0.5525436448813615,0.04954754342323008,0.3058685644305616,7.108488786102354
0.5462575035971179,0.013234662326994618,0.2969092174202449,6.9886942496455475
0.4410351540306682,-0.05319930505715083,0.30996161903024955,6.331462507666653
0.40703335395678036,-0.11283519614514143,0.32044219701795984,6.064409328281589
0.38141871100089775,-0.06831336259078773,0.278927562176712,5.850418411027145
0.4175272834316206,-0.06373406913291026,0.21495749281474552,5.608283439624456
0.38967012754061,-0.08912914942841338,0.24214436543518725,5.706103672818667
0.425640624467271,-0.02384767956635128,0.2635576527302598,6.014610374382036
0.42743373879466834,0.008491272466173877,0.21789979596329154,5.808431785847319
0.4440226994278343,-0.038790850696723146,0.2866182677988863,6.159328185349185
0.4066629249748078,0.013332343921766873,0.2286687238922856,5.615849990103255
0.4159544699021848,0.03453593755602327,0.2131979530700317,5.537953515117616
0.4335511500661937,0.01765562377644071,0.14348668783499463,5.444329483602254
0.4739984992761399,0.047605354030375926,0.1915496613355744,6.0491457857898885
0.4786192921994096,-0.01600987576557718,0.22872278597295004,6.218244964067658
0.4130617902742391,-0.008998667291304337,0.20650590881004316,5.580440958760572
0.29084489169569944,-0.008868764318639637,0.19314289661520131,4.6921825836406015
0.398799505655568,0.0273986287051261,0.20669941359796237,5.500130100951017
0.4026711285239187,0.007611050476560345,0.1843662065474599,5.287388927880014
0.3964385242589421,0.019726640523966252,0.24187487446001582,5.381439719027239
0.3850116036408054,0.03525138957072963,0.21584087372354863,5.309801754160212
0.3918313270465348,0.06295498402706588,0.17056455648601335,5.140444514553731
0.36359285688882864,0.04125350148897723,0.2391547298543285,5.249830263303091
0.3723211018400383,0.07151297900035201,0.21943101220813102,5.211475226788759
0.3299824806709128,0.03400097372077673,0.2576821253118402,5.04775781142864
0.2789164415204788,0.01667533616062244,0.27959691847431684,4.912307819294387
0.35855738191294784,0.005425446265626515,0.22287949585511924,5.134503173362672
0.3400247567359324,-0.016048268496254903,0.225581544065148,4.856440161733276
0.3846058257464816,-0.007241216303381563,0.25525321454398886,5.380600540279176
0.3887786853679293,-0.020685703310395168,0.21953474101292889,5.300635461077744
0.39329542948800544,-0.0012320126979039065,0.2060147249496635,5.348984801933716
0.39077501174060014,-0.012184633362565445,0.22536501750451468,5.387101214451894
0.42106903877614904,-0.00961123556632914,0.2303090663732327,5.5595553560074
0.38789788263167907,-0.0272593652466761,0.2185554250700462,5.204180721396589
0.3580311256097263,0.03505991156936391,0.18664902930488608,4.8963006515602405
0.43009076574706245,0.0798813018200112,0.14131691527153917,5.285192881992523
0.4127527081840588,0.02432394368430738,0.18494694432591294,5.3533836376477035
0.41438812146443993,-0.016774361681165452,0.24847479192732166,5.75172366233794
0.4049875967103823,-0.0331470653814887,0.27767085568557925,5.909072081566474
0.4368245500998043,-0.05561034723485867,0.3305656766776304,6.493015502897759
0.4669705281794444,-0.04531977813069406,0.3449826511316265,6.744725311261438
0.4874051470247491,-0.04376975842249453,0.30464954940477296,6.486641558834493
0.48028359564330086,-0.011156510760177358,0.2828313956554222,6.385670016490649
0.47697341582214325,-0.02243227536905368,0.3253161920861596,6.623081318287056
0.39124239442231906,0.009501806273420083,0.2399462971253902,5.556074671933531
0.42361999200726724,0.011850151658492033,0.27299083726847145,5.960134683132644
0.46925440932186024,0.011507389875458698,0.31040234586744525,6.420675950894132
0.3773427036482614,-0.02242607544082757,0.26857061346759736,5.537306339028471
0.40041745923215555,-0.03073534852309496,0.26564780128593246,5.680743344958302
0.4330185157549681,-0.008103142887101575,0.20764301945451233,5.5397197531886775
0.4587534812638555,-0.03437230667389268,0.2576526757306664,6.067448565731208
0.45569547177655734,-0.021845130557477093,0.2790671793145447,6.219984429350836
0.496194085233558,-0.05191649598312694,0.2985432542448089,6.664470605230746
0.564317246188049,0.05103017343249183,0.2178300855510578,6.887901970538866
0.49859305084600997,0.0059141809023830205,0.21828693882710634,6.080633390232564
0.48045978867642136,-0.027026732351018146,0.33404855479447015,6.635964544130371
0.4656390620829512,-0.08304675712759309,0.3052432863175067,6.574415535663607
0.43681133875846356,-0.045216136814034615,0.3299073496308397,6.352047370379056
0.47459659090138284,-0.025759090334385826,0.3458439019374875,6.764340061035716
0.4484435613937738,-0.043536327975439465,0.3628812117720702,6.728615426670064
0.4833233624486644,-0.05220951369970819,0.3480158898912459,6.945591398876921
0.42486041406240727,-0.04137685535051386,0.2902536464445716,6.116874319220289
0.5288508366294205,-0.03724123666376319,0.28668250167386483,6.820126038418992
0.49639336747419505,-0.0814122177076098,0.3206120718719794,6.795091913949502
0.49035213828483576,-0.02572938989244256,0.3469528929038537,6.731825613084498
0.49101556850054323,-0.04830730629546138,0.31035438544742966,6.608345042949858
0.490436495996373,-0.0405242531519867,0.26701983102121674,6.337722913529355
0.4666734997957316,-0.04761399672815713,0.21169964451948942,5.758611287959483
0.42812443110316123,-0.014511211934715058,0.22553937845811065,5.595351154706899
0.44337262567024693,-0.0339401603046481,0.2847712027945741,5.972438666058627
0.4807256085489532,-0.05964853862834853,0.2296920373725743,6.026980663299168
0.47338463343901105,-0.04362966925404017,0.22530547968183917,5.9319990408373116
0.465276189430299,-0.04612668495183145,0.2693193920251351,6.220856135746978
0.4558230861943769,-0.05153156106114603,0.2649131172734235,6.106009506233187
0.46134228345145323,-0.026205981620727178,0.20039856269047313,5.817202927561492
0.4260060465866379,-0.058553537999106245,0.20823141879768467,5.497825887754547
0.4428146575651674,-0.03946333093518611,0.21855651043539323,5.824826371678286
0.4190782861108061,-0.009982498350963855,0.2229179826431538,5.535690169112288
0.4354047256968557,0.025263668448660306,0.18964705248510189,5.466354977791561
0.4268276840032253,-0.03577703142556461,0.24305646659849098,5.7691494683618565
0.4773521092009996,-0.0321804281896603,0.2541198876755195,6.1774284203216405
0.47964452939603686,-0.06855444792870108,0.21966618295641366,6.127754867778479
0.42123031524150484,-0.023560579659222158,0.25134889970675905,5.721897550009355
0.424863066383989,0.023380740975883038,0.25804541970426575,5.711409894581034
0.41643801024646915,-0.024554030124675417,0.25046699599925626,5.8067679838410005
0.4218219637244188,-0.01849594129403712,0.2419010554526617,5.663813620980585
0.43877165551537056,-0.06359280966713468,0.29771983485503445,6.225125825226307
0.516410523815002,-0.004819216583907428,0.28925089753255284,6.65628201632599
0.49259789858516856,-0.05444576246951451,0.31685485476794323,6.725177276596152
0.5292823257708889,-0.013117256849248343,0.24051153479325918,6.572334929150105
0.49635444466762246,-0.04014917021069645,0.22513968522044386,6.259743657621162
0.47686195933374553,-0.046907927073773795,0.24921680567822488,6.108547208354624
0.44622764299657913,-0.060686645075503066,0.30961845352784223,6.1715938073868974
0.4872369454476362,-0.048816279373206886,0.21999961176781038,6.177993795406815
0.4911468232584859,-0.07720800160718927,0.25358563603178047,6.492776396181335
0.515096618703157,-0.05663205521536322,0.29604281830295576,6.737301234660615
0.5113846611946695,-0.005050934037755427,0.23604248387552007,6.2891797821883815
0.5342522376496086,-0.019725251242644317,0.27376050341506963,6.693861163502979
0.5197990362272659,-0.039889615930614235,0.25673967153189786,6.424771751287261
0.4712516954466012,-0.02360732693153646,0.2237071045029448,5.940733684916019
0.44626248163781596,-0.07132151977576803,0.27725586897475135,6.1070478497538625
0.3869503110267672,-0.03925488097744375,0.24507384741006777,5.585633593573622
0.42445607396703533,-0.004586408057524942,0.34407977868506184,6.172151586132855
0.45369055160893224,-0.060325257578746294,0.297550415299483,6.400423182131497
0.40151304719818887,-0.06880862933260545,0.278978649946836,5.691174570599002
0.5298289191003083,-0.08189909190142755,0.32520809794626104,7.0143438986253175
0.5585736510440151,-0.0804177813714974,0.3212566191320505,7.442132347446133
0.49017867443149454,-0.09460252855714497,0.2722374862278446,6.572651123338026
0.4831286048259435,-0.09438123485625177,0.26862864096923167,6.5173832305609505
0.47041889565866746,-0.05584898491610177,0.2606666728599944,6.213928620911271
0.4597232438532537,-0.09770784964083139,0.28044798913159585,6.333937830411989
0.4351873171669164,-0.08045665989034423,0.25468212569185666,5.882463667127818
0.48959470859627274,-0.052954822904827906,0.2310147604773088,6.329918124714303
0.4844657317312621,-0.07613939289718308,0.2712301725007839,6.44202472172945
0.4107840857635203,-0.10915592653991496,0.3387008362629491,6.404977244077502
0.44169348605731634,-0.10960774228183869,0.25891831312934266,6.101106747983245
0.44243245845738494,-0.07194125173985653,0.25395420494368504,5.92398036597279
0.47696407398840207,-0.03940348720668463,0.2526987628621378,6.303943301576207
0.4061670530180255,-0.06432659477014518,0.2909566511044469,5.832910584614849
0.4246802819721003,-0.06332540815400542,0.27221932012656413,5.856031400289478
0.46422983183312955,-0.05283117111188208,0.24712786186171978,6.188966770019144
0.44823362597657296,-0.03927757998961643,0.29524961715841846,6.191999258696154
0.4511183661733427,-0.014304201214758255,0.2315369482004037,5.87088851874631
0.44912666392753636,-0.04697209717504477,0.3125065235798519,6.374889389645817
0.5162470250089247,-0.05647197275968613,0.2903988523037675,6.758596580669075
0.4997649011851772,-0.018928185101321417,0.2708545887597704,6.418657466514447
0.486723774008217,-0.03459667160241467,0.2308005183245393,6.080057994450193
0.42947940630231807,-0.035717530795435944,0.3268539275425939,6.113567795629649
0.4700914257308295,-0.030508133715442837,0.2699329793151667,6.25213441323645
0.46841919759490647,-0.0508304732267148,0.2669646154752133,6.149582383137658
0.5001562926673914,-0.07287785293165605,0.3392132845157517,6.847272780984334
0.472826288793885,-0.08105830101766066,0.3103795634894328,6.521511488963257
0.49561367912644144,-0.04697383693971047,0.22541005575262282,6.204788405497046
0.4248411477965179,-0.05537730664343967,0.25774560007800484,5.720817102990338
0.47243937090520227,-0.0747180621331705,0.33501336688547717,6.592985388455905
0.45144480015724836,-0.05894991859597623,0.27305559255118345,6.105833985909683
0.46457595028612036,-0.017087964313040313,0.22843303238204646,5.976152972968783
0.4264520874685312,0.04846039036998296,0.12065522692981556,5.22279547737545
0.43828729218204765,-0.014891457187146755,0.20012175327792378,5.908197247714906
0.46065784225613304,0.007498370526610945,0.18667092724238812,5.784249930887027
0.43190944860103003,-0.0023288282538343084,0.22037366019500543,5.679818658366725
0.41845258568304167,0.005345742957132383,0.3077365730472253,5.93865577302708
0.43932152827463455,-0.046775928528684084,0.30926708558991206,6.088719004166594
0.47545329609401393,-4.678058909196934e-05,0.25661391259449523,6.11431200368595
0.4099951407332651,-0.0775061843078356,0.26169395124055783,5.698861186077678
0.43480229441828866,-0.07472308803520736,0.26723799739607135,5.95051303102107
0.4310959322445943,-0.09073641019489703,0.30983394924228835,6.232758139553605
0.47032383443325537,-0.059096991104535354,0.33214164658985046,6.4949131192753775
0.4340240796465258,-0.06181751697853651,0.35785211683920687,6.412045046328689
0.4524510472845747,-0.034539053197754827,0.3207750892745952,6.312839234354744
0.5524001991070296,-0.029959890205693937,0.23152754349337995,6.733164170058239
0.5162515363322739,-0.03246376436917919,0.23176790865798824,6.395078005484609
0.4955125320604822,-0.024847471218230548,0.20929512712118736,5.969472204621046
0.5243353377077337,-0.032154211496883564,0.16927471836037292,6.230242417733535
0.5432430354335197,0.012356163021700364,0.15784762956777731,6.239218021640051
0.5033089456860017,0.022474568957972337,0.18909307731090264,6.046717986719863
0.5851005451820066,-0.021860365634776474,0.22779505057652646,6.955226594453549
0.5716467386183917,-0.04227384372759644,0.28115406545828936,7.018504234255157
0.49244128212883653,-0.03069787732188326,0.2166332445308005,6.080790331197493
0.4455085095556721,-0.02618896047399326,0.2146586698900922,5.572013908485677
0.5364856252993352,-0.028351672189276235,0.28564225528283066,6.726477879361097
0.5185592135458061,0.017080616822346368,0.22238555201571567,6.270493252792607
0.5441797898284256,-0.005368132899910482,0.23668865462379599,6.515560211563098
0.5120743520897365,0.0069188059845186525,0.24087401906204314,6.242394602583743
0.5108996159824144,-0.0049838930564465225,0.1717527545630115,6.045288817406939
0.5131483094849447,0.029148640954407872,0.12625367568940768,6.124087578264195
0.5053289865348375,0.0668677159652591,0.12991370335942204,5.980143531048057
0.4603293488878913,0.05176956344051876,0.16739483840736938,5.724115688542088
0.4419922509118245,-0.017358084310039643,0.16190927972541058,5.324061003483589
0.4695509852875928,-0.015828735922612514,0.16759702629292647,5.825349542346485
0.45142635786290425,0.045252113862610834,0.17638148658863764,5.644606631883371
0.45987465741983785,0.015599202719319624,0.15855263965537103,5.594901670502304
0.40163324504886333,0.01271244541564255,0.20313281842598443,5.193815713453089
0.5120431098638903,-0.00935929145786816,0.23791558559237544,6.325460173312083
0.4802691978316,0.0316655325993959,0.24628769814448936,6.081387621709581
0.5210902908413774,0.020281360256124818,0.21464962474855678,6.394467819341526
0.6021909919770259,-0.013355656458253795,0.18098096681495135,6.878907486203004
0.5562937961206801,0.05801769818872938,0.19751184942524636,6.482379772002363
0.5714247612942602,0.028665037265687743,0.19624581222002108,6.44800551703997
0.5885097289423493,-0.004599221239430052,0.25604540738218073,7.082698478673584
0.5335433052584284,0.041180219166246486,0.2560506879685542,6.521759008306607
0.4992996879277683,0.031303696549920504,0.2019920727809635,5.994800918707388
0.511357163396146,0.020856925820532224,0.18750594588301667,6.020605878596526
0.5847196219172953,0.03559616056778825,0.18647521705483386,6.714770964783331
0.5413459922615049,-0.019814098969648895,0.21037885787120075,6.401702198958727
0.5160750808462009,-0.005700704686667027,0.20406160293606818,6.166517014296641
0.483898785876513,-0.03661503594184888,0.23341060986762355,6.078354293733385
0.500753441122133,-0.036986031588202045,0.30965931687751413,6.57226229926699
0.5264887859638819,-0.040016872364181076,0.2502548261095006,6.44872346588628
0.4565953323425713,-0.011089017312388993,0.22451656885563565,5.796747900936108
0.4740246698392347,-0.001986152433130913,0.2194553659433059,5.879681125517349
0.47471603021443715,0.0025135067145661567,0.21402938746878922,5.815017216995079
0.5058984065009541,0.004647308581055516,0.2288472872379269,6.201211978347754
0.4812585147176988,-0.00663474819286997,0.31106273878229146,6.268201507053835
0.4305022663890333,-0.0002362748526607232,0.29363342140300946,5.825367436051266
0.46241637032518457,-0.020581950929382573,0.37517320742411064,6.6047172383895765
0.4924793329094676,-0.07435958345777074,0.34766826186962946,6.7834559006273745
0.5079977454271338,-0.08160540580897235,0.3264176262451941,6.980539656069036
0.5059012168294285,-0.06842502612773915,0.35257896571700875,6.806740445895015
0.5553809542056065,-0.07499698474680021,0.3352020347230322,7.3615866640193675
0.5638152209916135,-0.07657671464975942,0.3279161825432613,7.316804644505636
0.604560903886881,-0.07808431835586906,0.3643750631588289,7.857749839243333
0.6208895244505855,-0.052544038202770066,0.34205646734183315,7.958897013451728
0.5674985851427901,-0.05969372286562058,0.3028752868764215,7.464223453563786
0.5741563354707693,-0.06111385190035332,0.2556548309218661,7.015263145187224
0.6358942307717814,-0.0803338586994347,0.24566336946513978,7.496044174653852
0.6204196995207649,-0.100692482799366,0.27274796060698664,7.619358731186891
0.6160626146343782,-0.05703617469441431,0.23645842184959243,7.403510718109409
0.5827335521486945,-0.06104176011113849,0.26055625930055,7.144815254582665
0.5022471210960833,-0.12058151306703865,0.2721952178246923,6.555370030088399
0.5356529655734072,-0.12094787656059605,0.22960529546593605,6.673871553179324
0.5791575347713299,-0.04494789105197905,0.16991118027250302,6.711872344514133
0.5742365741034632,-0.06547303067826671,0.26450545147684706,7.043146171755821
0.4576346971988638,-0.04155654034728705,0.2692758845132762,6.084006642489831
0.5027810567928528,-0.03774675823241144,0.24064746775575535,6.298958272281464
0.5409060628545238,-0.059256838519677016,0.21810282012727994,6.67741696409519
0.5385662551654176,-0.08973870187084304,0.25281614861291113,6.974219619161771
0.5045209537687755,-0.06648861062095603,0.28233198165247814,7.119778259637555
0.461154456584972,-0.14464788607766116,0.25297916510806695,6.511280833693107
0.48172765294848774,-0.11545754453461608,0.26656313035142964,6.597803371161718
0.5137537200555395,-0.11380235909979679,0.3100701973703057,7.136918865996262
0.5411230352632933,-0.1398809621715434,0.35447679773228413,7.586658804824306
0.521855314630253,-0.07123206854787237,0.3212693380963877,7.090421760654808
0.4546997224429017,-0.12493555097807536,0.3369218878965873,6.781998653497916
0.4240130073499713,-0.10174874537828507,0.3902698515294124,6.784560592374278
0.4136704403367502,-0.10417832857178574,0.35447321467735227,6.521012983436522
0.46689486949547265,-0.09860702031256328,0.39082877915783687,6.921705269135656
0.42013333432961475,-0.09354841032627585,0.3107031341868502,6.113483566181482
0.435290303575302,-0.08813664362505395,0.32836948567845303,6.444378251640396
0.4842383887299671,-0.07769557618853255,0.3032411051366998,6.588771535749151
0.4301785454675729,-0.11070285561583197,0.29533582399673747,6.293320850705054
0.46104669797972936,-0.0641492425315528,0.31165447721828765,6.424064759738687
0.547848888919324,-0.0695694239655258,0.3296116455657109,7.455031824721649
0.4856490284360932,-0.10806141976489422,0.2977363423108607,6.724546352421826
0.4638931048608546,-0.06517314564302114,0.33078824752791625,6.737454600909679
0.4926441704940853,-0.08164863630865069,0.27833623249876954,6.893385930949399
0.470534715655314,-0.027253702988945566,0.2248293919554401,6.058171899385443
0.46514084151884266,-0.03563009788317705,0.23661697291186354,6.093447381965265
0.5056016166479781,-0.06870192299909282,0.22646238980822858,6.649152236675458
0.4485959062756737,-0.09386863817896704,0.27518699605365327,6.325456006549829
0.5098977657854721,-0.061609820087399236,0.2882314753460334,6.8627647497723405
0.4911803697767805,-0.064350946340913,0.2299523785304132,6.3049391597592
0.41946584130673437,-0.031034266071234832,0.22795274720550987,5.9056127138701395
0.40906259416988466,-0.025352442931576985,0.20828802089318968,5.773422299640521
0.3506080473202108,-0.03688797579289051,0.224629451135011,5.4019194781423305
0.39467556369829165,-0.06229192149588858,0.26406403584150717,5.780364281150443
0.40444170757140485,-0.07884963418275846,0.29372715391999626,5.904618481158202
0.3744891229601762,-0.07361213499444215,0.3262542287047009,5.9852428566999345
0.3829598734676591,-0.04684056184478565,0.3226930110052239,5.836072956071543
0.40058753657494817,-0.012918212939963895,0.3062497550299413,6.077007481965554
0.4485103887115753,-1.614823800464184e-05,0.32513124982938896,6.436755179731179
0.5029213638631952,-0.07991914951336623,0.3539357147522941,7.090039902018403
0.4984002180870536,-0.0777001335567634,0.3065816779371534,6.809337691946671
0.5485659065763335,-0.010761852968883885,0.32694864974048315,7.3013425027243075
0.459787267932359,-0.04570176183816591,0.31070756905905755,6.422403727995616
0.49394497786191366,-0.05913611110289071,0.23570845713746008,6.297145458865714
0.5041252859554962,-0.053715881017548935,0.20766153054605413,6.356704607767487
0.5560164902885631,-0.037454301816813015,0.19379761867720988,6.6520113182127565
0.4412708008974571,-0.06321883029342851,0.22011425058307718,5.851618404155258
0.4756009154709581,-0.044410953700443276,0.24559263757927297,6.192936225835856
0.42401905769437465,-0.007751715317829666,0.20521698846869602,5.6225303548662104
0.491824766092541,-0.03202967489608357,0.2486701373217616,6.3915659061231
0.45656122434827695,-0.04363532717292884,0.2699495749855787,6.1340489088912475
0.4304536452453293,-0.09392275711606174,0.27354877547107836,6.151879414262545
0.4419201358515439,-0.07996115538945654,0.3181893954558627,6.514236979011596
0.43665972857490354,-0.06689213129389891,0.3018211707181419,6.448553349091245
0.40821147464272584,-0.04411580556308183,0.3099925761900298,6.352153173145979
0.3970462381933113,-0.03675407238369391,0.2817184488433088,6.285624058731894
0.38485305216523086,-0.10357224227737247,0.29378754259721224,6.0766451911405115
0.44622840977277634,-0.11029102987265844,0.31808682229843804,6.748296751275256
0.45536288257405155,-0.11648182638875233,0.3019638137889012,6.732507383264896
0.45454404368894913,-0.08002223098024551,0.3358466738873627,6.767548113323216
0.4365634913163228,-0.0942652563954398,0.37385043349843994,6.720456148263768
0.4301846319227117,-0.05710656168401413,0.2236899901183341,5.973496154480862
0.40118998209641404,-0.04869727195103353,0.25142266430247223,5.824595533200379
0.43514599520313224,-0.01723380119924673,0.20569810268617555,5.762932678237814
0.40124953582294065,-0.015782479540008495,0.18419222037012026,5.254125072781361
0.3516700963014537,-0.05689560112515036,0.23198756822839656,5.2090958571137564
0.4377076409590554,-0.039815503356404686,0.21990633440285126,5.872420069594002
0.30956996777566015,-0.04307073375784628,0.1928615102235449,4.687541418868397
0.31373820475335834,-0.02302184615476458,0.16302623040144013,4.537218908637338
0.2843964048926795,-0.015420439559237921,0.1439003517938572,4.198274487719756
0.3126384552079494,-0.004665512461179038,0.18715500974257054,4.826128044919569
0.2879696313838434,-0.025279527580651728,0.1878933418261917,4.751304856245922
0.25503337852478125,-0.04074803240559219,0.1950999254147904,4.457710449983947
0.2881902484541854,-0.013348506684059416,0.16201173230787674,4.44728510188487
0.2700376758270573,0.010590828103798165,0.19415096345519114,4.406644341444501
0.3203191076537307,-0.0033692104585843013,0.16661645292651064,4.839041536592831
0.3648653126831237,-0.009770149801193142,0.13902764419989846,4.88680426155906
0.31774331052967103,0.004234558930026516,0.18187312699758892,4.543540045487238
0.3572834752284118,0.0030017978409628775,0.14644627678247837,4.678049431825098
0.3671830903422065,-0.011218344585131062,0.18364300501441552,5.058047283534395
0.33390975697089875,-0.00684041445201044,0.257678910005863,5.199225166834141
0.3858094058102896,0.03312350871337903,0.22853912476465715,5.345779591702038
0.31473449960792615,0.0019915940025994716,0.25510331676852,5.08618343309327
0.31040152356611295,0.005880391391596598,0.19287143504938895,4.969509046623591
0.26026155491248326,0.008311125641639387,0.20661821604998334,4.527492980671462
0.25057139479097135,-0.004514555900022354,0.22842688768913338,4.529259364031828
0.3542704114503567,0.031203072142889466,0.23423131148828744,5.433455513009719
0.26277041815424584,0.007508191032517266,0.19714806419719247,4.613575166251381
0.3453503706593921,0.01014864264480007,0.1901488648506658,4.937325025361624
0.32597145023928487,0.004393851593828388,0.20448158808192532,4.840470489160199
0.3950582592656972,0.016323973945797137,0.18140529047757115,5.115232413985614
0.4019322958920144,0.037478953327235734,0.1846963158686112,5.349502733207038
0.4663247262901914,0.012565466433237442,0.17107491154328097,5.731333420366165
0.4857685886414537,0.013107505385654267,0.20688807081627617,6.010195580420632
0.4571506114058827,0.03373725893108054,0.17141224416023096,5.596650432717053
0.4152445146376894,-0.00889392951019746,0.18581027319528795,5.346280065024336
0.3918669030063128,0.005840723862508602,0.20089427578187538,5.402246555128308
0.3240100266713152,0.010696261653311449,0.1868310512674856,4.668235594186083
0.3389307246747673,-0.004282040844034817,0.21437515246140632,4.921925828410875
0.3205496552274435,-0.027495441061667143,0.25684414643215625,5.001392454676668
0.31329674156007775,0.01490146354896206,0.1766194262006862,4.586346267166909
0.32328639981140006,0.009376343872903585,0.22364721734112092,4.910853618262779
0.3535266451833071,-0.0070466140730679125,0.21578051564826317,4.9789835434801955
0.4237890134358746,0.000746026548949361,0.1765327788940171,5.45062875772706
0.46862631315825265,-0.020254462980679473,0.14822050185606025,5.657680270510322
0.4185447947276884,0.02893297863842593,0.16430744044849702,5.3442843353061535
0.4186709930782453,0.023205573884275493,0.2138072212241756,5.473984593708735
0.40835030314253773,0.05327337640957194,0.04637583214556699,4.978347810185938
0.36457889121176773,0.014742029957062048,0.14440896173349746,4.82020215004408
0.402119172858187,-0.022845686452849148,0.14817454380760076,5.063389752539132
0.36663281913034207,-0.03212838250768758,0.16902430571181631,4.8016331218021016
0.4247076996278878,-0.02322321454594879,0.18087919142564207,5.464964695903986
0.4571865320657158,-0.018399568405944484,0.22764976342219137,5.96560880251673
0.44669636716319905,-0.07885552638378399,0.25369016527076416,5.894286126307192
0.4104727721277769,-0.02590483984603403,0.24565322306119455,5.457065445934141
0.4619291958355883,-0.05040644376848779,0.2540380555938081,5.98863490570639
0.4645656074293617,-0.07109328739826777,0.2517495017295488,6.028807825143198
0.44397402917359496,-0.03881023112529252,0.2245309986518586,5.814231474398406
0.45270249311546934,0.009886642357774065,0.15154049399974867,5.628127610229192
0.40546796938995033,0.019467983019899254,0.1369656551658833,5.216804863750223
0.4024877573390391,0.007027036663074523,0.14797924879648036,5.0672251672783295
0.4083109020938512,-0.01285009569433784,0.15686821388407762,5.21580861980776
0.45304259238280226,-0.005101633795136974,0.09890301605457513,5.306875080474826
0.4626767804747847,-0.03543983919081134,0.1439916657413835,5.528634691735489
0.5236360017856634,0.001605197506327536,0.17994363862531093,6.191183696056455
0.522051884296783,0.012899788623814289,0.17478857420003494,6.156293058078276
0.501794242309515,0.0054902821702982494,0.2422956677087374,6.3457224952672195
0.47853449285494376,0.0036519324744084805,0.20920195788564414,5.904524296758785
0.5002590194301489,0.024032232132176732,0.21312057751506894,6.332386449327073
0.5324444756335742,-0.020591607796491235,0.25356020274842406,6.6348945570823155
0.48008316152931213,-0.033932039062621135,0.25309270115594756,6.165504267714049
0.5038343603241748,-0.030913746096126016,0.27116905793042145,6.4077412974108485
0.439355812403554,-0.0008141610915491693,0.23263840052659968,5.602273082058414
0.43421987941497525,-0.057901793918652675,0.25770716408168404,5.9153609783766
0.45744004114281284,-0.06669667223042171,0.26335005243285875,6.145881683929764
0.4954531136492057,-0.061240827427808814,0.24567879199082912,6.470776855450565
0.4639829157059897,-0.08140740388250463,0.27087728283811685,6.268283516286742
0.5027028064290909,-0.1037943989435239,0.27624533406387797,6.67407579465449
0.4818618090567024,-0.04829906685481923,0.2788202899819477,6.301974645767911
0.5009069773396362,-0.017541663652589773,0.2527130825442641,6.405589642279427
0.5278778949577232,-0.044795015873726335,0.26973904881525296,6.641121290454882
0.47901304060159977,-0.021195440792285407,0.23911771850530877,6.092375470569751
0.5153637934822977,-0.04706292314991644,0.20407526001698031,6.283798604080722
0.5128080187187976,-0.006062304338037866,0.2531262548685614,6.313220980457891
0.46884859187163375,-0.052808112847876,0.2747927568803772,6.137138877689802
0.4485097735411598,-0.017757045613509978,0.2199970139294502,5.734323354523447
0.480080709111348,0.0010979268895347702,0.1430116617052102,5.639931834689057
0.47022608344491273,-0.03040273758935621,0.20516626455844109,5.846948039775278
0.443980457794748,0.009336164257669559,0.22800915222009466,5.785711168908868
0.486219387509939,-0.0006688736497401983,0.20443416219807253,6.035001980214814
0.4313961829317001,-0.013464980840719336,0.20476429980480004,5.462140874827547
0.3940100016148544,-0.028635590017822652,0.22552446211096974,5.276581308120183
0.4496055763796074,0.0043569364441951195,0.16644970347808738,5.53125434573563
0.47453769382557126,0.0004296444522216359,0.22799436391689637,5.816094476755927
0.45501908337009084,-0.007002146879622973,0.20135743842177706,5.592293741591419
0.47424807139544456,-0.02687249476742653,0.20554129304286042,6.016148201763085
0.45477867774000874,-0.022972505503375908,0.257560109157188,5.92727760008026
0.4257383306767443,-0.031668009895444216,0.1846978658083671,5.441400964950889
0.4595488305522867,-0.04771648544026729,0.22153364680152823,5.88754903332163
0.3984237131918775,0.0035477194402684592,0.23993420931338458,5.4198088178321
0.37482522090863085,-0.018381524610509195,0.2856542498060324,5.493372481831398
0.41940887053893783,-0.009247178809826168,0.2726188790746517,5.726682174831286
0.33279031973349865,-0.011649831418446058,0.2796583392253444,5.294306442410924
0.2711187420127928,-0.009871411282146858,0.23172108606235348,4.500395175736191
0.2606021330180467,-0.08974613992213672,0.2271359593181997,4.47061923308086
0.29299433921935114,-0.06901311400554133,0.24901971548702595,4.820052398521688
0.28743478886691465,-0.051517643654033836,0.2070531019613298,4.50585842440707
0.31950338396550065,-0.035665211581739464,0.21812550715702628,4.774674708490921
0.3543985447808781,-0.01142784932780603,0.22519592433842678,4.966520825018679
0.36046899471549243,-0.026740326233793025,0.17702008332688665,4.8751934503616186
0.33628402166273735,-0.043732342353703456,0.23253858345835932,4.909223761476008
0.3035912446868821,-0.05070715225365916,0.24445149228241156,4.935966224369364
0.33068968169936097,-0.029772183601296794,0.17596881307209364,4.4135492771587685
0.36153368203649255,-0.03165381429651379,0.1820363217435423,4.918379291878301
0.34390756241245396,-0.021474432481592698,0.25794497585339043,5.0864936691690605
0.36656321034499956,-0.009106472083629672,0.2672033697626561,5.334498924254644
0.34495985424090647,0.00510387327050184,0.23827008202450448,5.194079182854583
0.3640451947677066,-0.015668833509013366,0.23864292565512724,5.365631734100987
0.4147415213612946,-0.06889348013789336,0.3531248436179325,6.526121929130116
0.43135838418272077,-0.0498995822323083,0.4057848609432153,6.749529807820855
0.41542453166731497,-0.01297095284366078,0.31915976776997657,6.078365452979986
0.42926392394252844,-0.004022506858895653,0.3069190323575197,6.1987707299894135
0.39332397855255063,-0.04941412341670801,0.34192814172220715,5.909737540819616
0.37435042078663433,0.005093668410213091,0.27189238844913555,5.523313730925828
0.3844389545528724,0.00938495457439515,0.2864821706068646,5.577528584657209
0.39662316247109225,0.0029308870938073114,0.36062204392425035,6.111936858403069
0.3896389156235256,0.05070018155810726,0.3273072613905199,5.7298409425565815
0.41034224547786213,0.04701177824077281,0.3018821170556455,5.760944428886814
0.3680659320926419,0.017193950501398887,0.2951883672235868,5.470772530766728
0.35849583584945777,0.049375685235803615,0.2333863832738146,5.094247077516294
0.32730704344248357,-0.0044099403517492254,0.2986412145247894,5.207295669636986
0.36050483163719454,0.01762466821746211,0.2938888452983966,5.4754894481810785
0.3463453284526319,0.03985798753696235,0.2727339802874209,5.329860161024176
0.3533055797362262,0.015300724930189786,0.33770640059656387,5.811698940475692
0.39101821688393107,0.023130857129713515,0.3529365110672959,5.9840399312927985
0.4048380515751539,0.025839129444362997,0.3354411072520557,5.90982432431569
0.4083208753621039,0.04025230499709836,0.29988799384502157,5.7425394194931085
0.4301408955456947,0.01140242310910746,0.32077707347197854,6.083164942438886
0.40510929997392714,0.05513318795698498,0.2911988826286404,5.9432349726939195
0.41918906879612067,0.04385628755439986,0.2941498933508909,5.912084536070184
0.3081797874404247,0.04803862003400607,0.2698767089952617,5.009093754834168
0.4277157981334825,-0.014732585361151292,0.351874020939598,6.418525484760866
0.4374221109251038,0.004725266057774656,0.31660575255409806,6.264433820428059
0.43794882831802984,0.0007805916577383197,0.3926674178676595,6.753195746526689
0.4138372984747404,-0.01851525861424552,0.3390246678470569,6.282606531542845
0.4935515831917758,-0.009735222328494057,0.25628346522431966,6.48479416144962
0.4541110480152665,0.014069263959229517,0.32177846689462297,6.280581652951635
0.3728884019817571,-0.02595130881855302,0.36259602843430744,5.942133725860067
0.40879098740898145,0.022414195807661966,0.3155065289782286,5.911375413847409
0.44513166045492436,0.0059830335709021515,0.2781094546533687,5.924464331740883
0.4083185152842144,-0.031658712100598535,0.32961174478220706,6.019436795769267
0.388578874223867,-0.025926507861745277,0.2872760111788997,5.648202853783385
0.4072848257796097,-0.0063430974413826455,0.30258596000681265,5.982679055952308
0.38209362965056254,-0.026707331097184723,0.3060014550542515,5.734246235869125
0.38712173932122557,-0.029136385874728304,0.36759670069622735,6.0951320285239525
0.3568385261302422,-0.006910866338354086,0.26780519374336526,5.29693336356557
0.2819522136139427,0.010866093518086605,0.24674280236103432,4.408527714461126
0.4180821575246725,0.02000541411421373,0.2543103529041293,5.578347679169276
0.3910150433754563,-0.004668478025007113,0.19219172145183588,5.183583149364219
0.3806133437237419,-0.026630326323006707,0.24950294788588198,5.2463343174348935
0.40624553678484326,-0.021093341723262823,0.2787649008249426,5.716869150207526
0.4107913985984151,0.02004009398671644,0.23310500835491715,5.525925871382807
0.39722442852485723,-0.02845491528913877,0.3061965918861029,5.805683107155184
0.4059846878976152,0.01080709262802574,0.2411877840453271,5.517059530315519
0.44559933818072694,-0.021673231397937438,0.291843868082799,6.015239028186299
0.4080095837383503,-0.04983084306892173,0.2938365985723933,5.873666725861493
0.44340841339133785,-0.027442054488377964,0.29294614901995725,6.263509759084822
0.4146328402394446,-0.01070653831155108,0.2744925598247125,5.779996444803884
0.398117569873489,-0.020651421963400366,0.252660502302398,5.637189208350616
0.4154656452488696,-0.03003341322011143,0.2638887351324462,5.825714877879479
0.43915115756783346,-0.029308117028116944,0.2734752157309736,5.931331674855346
0.37660840664316003,-0.02787009177871985,0.23293407907734948,5.340498359283215
0.4216848189402637,-0.0068810638456395816,0.28341626384470114,5.8219419359794875
0.4186589492027672,-0.01695906883826833,0.281893384299784,5.858801696236837
0.4985605681755994,-0.05114105510715306,0.25393673624869273,6.506041649401667
0.4472286982172254,-0.04878388426582681,0.30213113745661396,6.082151821651737
0.4407493507213271,-0.0757460103722579,0.30618867477467876,6.235635415011895
0.40895080381604626,-0.07029745594240092,0.2541637763665599,5.80165275361845
0.42363769938747625,-0.0365164230967347,0.216067414806517,5.688787279560639
0.4118135913777576,-0.04095362310263111,0.2629681113074311,5.630395183299175
0.3985929521260875,-0.028936019932809278,0.22203575713941823,5.3649313316655025
0.39763735408968,-0.04327519174624526,0.19239608289566526,5.357324896498738
0.4315839309497921,-0.027529217777142772,0.19927611639408316,5.6191949688442016
0.38289242974953613,-0.05313453659755796,0.24883629159028614,5.509893233831034
0.36321093038683516,-0.026299251126061407,0.25097570749970416,5.3245032539846395
0.3129091833196185,-0.08062357692153434,0.29322642077198036,5.151347140460874
0.27173198851676306,0.007446385277614219,0.15907637287681403,4.282260650863701
0.3038487337324609,-0.016754387207099066,0.1926680077497519,4.658930147198191
0.30301957069870866,0.013509543809905164,0.21545187850505262,4.68255711039398
0.3720719998173965,-0.008616762584746428,0.22780939413364729,5.237223722813321
0.3931905514397054,-0.004526110750368349,0.23822486011089358,5.520059062089587
0.4197563805680982,0.023286256621631616,0.1463849571598243,5.371144690325136
0.4590234489863574,-0.029299966079761753,0.17903039274120874,5.672169684322778
0.3622717250570495,-0.011657050108757594,0.2142637787044958,5.170438841071042
0.34720746289824317,-0.038219424377508526,0.25875697885271665,5.266176011867342
0.3232265999683491,-0.053652183222231704,0.220986912968583,5.017576972229759
0.3071790307332739,-0.012641496765266453,0.2875052512562207,5.113146573354754
0.3464220253155228,-0.036996774693906824,0.2886365070815895,5.639444722431944
0.3292798141494716,-0.049741225469154215,0.2894404924833098,5.552888943671354
0.34751928144495825,-0.05925054663705655,0.3315953428952575,5.928916353685139
0.4028731016241724,-0.03426525440246202,0.2410519623164853,5.798274270751833
0.3786294410429335,-0.04378855360862674,0.286973284150889,5.6976906115304775
0.3367315893131382,-0.05974440656255148,0.31462768123729684,5.7232147576695525
0.4113976418801693,-0.06821665288859662,0.3385114109288757,6.244670977499183
0.4593490252455598,-0.10029390295617165,0.28428325097666496,6.355238124799647
0.42808220634897487,-0.0885426853377255,0.22709969232460647,6.061376653342658
0.3847694092335848,-0.049590453222360546,0.29796150637868873,5.992857507273165
0.3564988691126007,-0.0695409217732922,0.2946276817758163,5.7484499381871235
0.43956936315478784,-0.0829959724474017,0.29607616851387053,6.342263983640829
0.47052792759381484,-0.06658682680468794,0.24486819252935443,6.343919109053009
0.4750610528396025,-0.051004981316858565,0.271119861794029,6.399789593873236
0.5186538302378033,-0.06087186705852153,0.2766380331985498,6.758671809150906
0.5042343855580002,-0.06362384571032409,0.29756770129070736,6.7325025864948
0.4619160549797929,-0.049682519622507686,0.3090031676518785,6.459478819273667
0.47303160844339703,-0.09621751197825337,0.27346791096242384,6.503645163438033
0.5250497842101918,-0.08323172168526378,0.29284255630686135,7.003374710117461
0.508091696200059,-0.09037702830807635,0.2713396341304339,6.755699687568891
0.5047787999865411,-0.10323781885563423,0.24359742149048286,6.558307649727101
0.4279044628672277,-0.07283877577342299,0.2700641484689452,6.0015540918963275
0.352134030889935,-0.0737595619443703,0.24660061890335513,5.270349828271082
0.2296954516034939,-0.04810484842786825,0.23568020661075717,4.544276931649983
0.2779669126421202,-0.021990606302000226,0.17487340974479473,4.456986616378327
0.3280094128175167,-0.013033392614859389,0.20901432905278952,4.914044713114365
0.3328964688069237,-0.032175114176936026,0.20893858387530245,5.030374461741144
0.3516191443694319,-0.007618798420777143,0.2566423184692908,5.196766942705256
0.410905458123653,-0.013502363768032618,0.29414810112314244,6.042929426486045
0.3811716983081981,-0.0404173946468501,0.23209861665175352,5.58032623946207
0.3461426180575414,-0.019032597687066968,0.2693524934643913,5.485098325390022
0.33757575307561416,-0.0428346003005251,0.2450372291912809,5.3258382958646
0.31418991369452354,-0.0444209557545522,0.25447498326614326,5.274446414793046
0.30444268713368994,-0.022624385029804954,0.2589274739747428,5.145966067658255
0.36849104136826855,-0.03241536900621878,0.29750945883799307,5.937714084959545
0.34770155722418783,-0.020348800449116276,0.30644267445007817,5.730855035749921
0.3362349389192213,-0.03239635858432203,0.2644731960785125,5.285597658383182
0.35943183998968564,0.009921643507488124,0.26857504538382126,5.466776936980081
0.4187218254855186,-0.051796035747508434,0.28482463401793573,5.975525575244448
0.36556459626329063,0.002358284348735334,0.3101369115400539,5.739598187282986
0.37055743470176733,-0.03675966745311924,0.3081802612629556,5.854384660594534
0.36011785640390503,0.026017533273397248,0.23966121598443887,5.318527430110139
0.402824052831907,-0.02605922506805216,0.24557670574944845,5.616671236823858
0.36058577471837006,-0.03058269585865199,0.2980977893493558,5.6036801642047065
0.3850856553311728,-0.08822714640940398,0.32366752028232154,6.116016044732045
0.3805614538401796,-0.05800428562319249,0.34389994232793963,6.208169177973903
0.3522890763176701,-0.09833112623394044,0.2823183295144444,5.781933141800813
0.37758342622662266,-0.06965566884290339,0.26194261232305033,5.802375137799548
0.35209389569015703,-0.0610403504248848,0.304094828769628,5.694036499231141
0.3265721576021782,-0.059608951056589664,0.33713263773538854,5.641157506037455
0.3171524894156265,-0.03783967206195039,0.3350107769228965,5.444580080251393
0.3084689505471283,-0.07797802682232008,0.32262432187145146,5.649711345684966
0.362730367967713,-0.06423019105508215,0.3204230255934851,5.78131499672264
0.2932065248657368,-0.07375928546075755,0.32868956295348,5.608087897304199
0.3072893112655406,-0.08286490207654768,0.3304680016466088,5.659151023032619
0.369606707720504,-0.0936248959839898,0.317127295694028,5.903447518362695
0.3419174858845892,-0.04368689361432549,0.2983362323112755,5.4412584589596245
0.33660448073688654,-0.0656505238166343,0.2883568862320336,5.394957070966332
0.3616995678221832,-0.04448849025246023,0.2977394770105731,5.6001781723110895
0.34760452771766553,-0.011627989575952262,0.2364815017113914,5.110348338466606
0.3675044280532379,0.020365188001627465,0.18427944711843647,5.049051717765123
0.3714961480635801,-0.020125428260524627,0.2388879670322221,5.249487980790856
0.3940751360524479,-0.03161834112527799,0.2970039155877798,5.758555628839324
0.4217108479289105,0.03759475285557215,0.27426564661777164,5.915445426954697
0.4267970103786448,-0.00031483359361264665,0.29755619774025627,6.087222746685878
0.39619259220026964,-0.03737393678401857,0.28866190083543697,5.844339835596873
0.3858853517872749,-0.041345899532721574,0.29057348048038006,5.829818782826986
0.41313355908181126,-0.019408495502991983,0.2460606723912426,5.530597060644672
0.3928978969215268,-0.02914014390481153,0.24242390604209663,5.544525509902716
0.399023884827377,-0.05317081231697032,0.2647878246080887,5.73775704983821
0.3937771071829797,-0.07176230785677906,0.2327394571405389,5.552201042480105
0.34810991056819635,-0.036916649181023664,0.2207655420587334,4.9105809460748855
0.40906895475012744,-0.048942702918944515,0.27437175030888616,5.802871403112182
0.4405278272887511,-0.046824195704186965,0.24125616417352622,5.926030094403922
0.37308393016858216,-0.06476347596590824,0.28134709183209367,5.6348352997844975
0.39800033472808716,-0.01833929175307293,0.2917240444131586,5.903339341772119
0.46552816428174515,-0.07983359161764571,0.3100821623963792,6.313942868041865
0.39504371081864165,0.00663238439050646,0.26599379993470335,5.57913303511808
0.35944080553213975,-0.04360721786054099,0.3011708012339159,5.591553975137609
0.40757271922976007,-0.05095105944224574,0.284111104756644,5.845549859770273
0.4252924905043463,-0.05288465387310405,0.3139350187219193,6.102901735583889
0.43797229973774005,-0.052536688337697535,0.3140867167853816,6.427495950663982
0.41667851998975763,-0.05209966476196563,0.3318557872069777,6.195649656241078
0.3185381998469591,-0.04077392641975274,0.28791172728609465,5.1753238193020215
0.3499968825547801,-0.06659937151780883,0.33786037013780906,5.739175064458104
0.3695994328311984,-0.05103213172767467,0.3648485084326762,5.965373431058742
0.3415261886094474,-0.06671109994461878,0.2909916217952981,5.376148207637134
0.4315533456030432,-0.08152739007993158,0.3010139642332994,6.152778125090177
0.3861866316187614,-0.044841480130477694,0.2949309944814835,5.628117707470383
0.3460224212369322,-0.030955946841179638,0.27850668870913065,5.381358118982793
0.3826013116434881,-0.03199416024450096,0.29823039998773837,5.613548700699316
0.3501335968434697,-0.05325768586060336,0.2687282757861079,5.3297521732038895
0.3862523782308336,-0.006870759354981715,0.30472957802945255,5.751228276399977
0.33801786085046126,0.01628026153345469,0.26212546180461,5.203896858826106
0.35582341872827494,-0.0016027443767304762,0.22833576876224165,5.1557618794751585
0.3427949658949762,0.027029034973744294,0.24199048104855095,5.006887601209316
0.2675399997264744,0.05779842893808263,0.2231552246446305,4.3965807843755655
0.30639498428787515,0.00864088685250702,0.23784887012583594,4.757815417629264
0.32107696978116784,0.011708285281387624,0.2309605827155606,4.764243346479512
0.34253240085331715,0.0011926379364200948,0.19756533582981267,4.7571208894378305
0.4024018475581126,0.013548184852216918,0.3148178779958281,5.970749853897775
0.3606253152968085,-0.03998471729234951,0.3212256727509837,5.776230984472438
0.41529729671412563,0.0318277156631075,0.2931051740878126,5.8803954511029
0.42257248664378605,-0.0403630777669971,0.30738511509050614,6.029387506906576
0.3511995569415279,-0.06166603881427857,0.31641792944314107,5.612027034119745
0.28385201085005357,-0.06533365113283575,0.2903851190628741,5.2798527810864835
0.36713727224344284,-0.031134434178954694,0.26891595698081855,5.522387720515938
0.2397334037212734,-0.02548108683871629,0.21693023137359776,4.224077610127456
0.25288019827185904,-0.08460209453643736,0.26501466358751913,4.852722039044264
0.28000459935695166,-0.06294250907604927,0.32565446494936295,5.334094699506336
0.27103508582549046,-0.09334803412684455,0.3403908203174846,5.245554460769258
0.2510058499332219,-0.08364243960668663,0.37923256631264646,5.497220600048293
0.23342743021835033,-0.05501107459651199,0.3267424036989226,5.161093245772401
0.29295477155940625,-0.031516066138774966,0.3287685273613704,5.472722726313974
0.3271652371586261,-0.059113427969617945,0.2788714638384078,5.2937644567652224
0.34317389114778013,-0.06429819270786422,0.2439195932337176,5.000761323635248
0.36818747537905266,-0.04732144516187705,0.2530855294542906,5.325511981891743
0.34163916377468406,-0.010099651906152573,0.1948580024312323,4.863387960308138
0.3623851574051025,-0.020472063362135848,0.20180165146871054,5.082849951198897
0.33767488655563954,0.025691489595385662,0.24088364057134207,5.068285064764386
0.33923147054803593,0.04967540876218304,0.24888466982937474,5.174392671544149
0.4139857343365803,0.03927996837515985,0.2605720924366834,5.865705069130118
0.3767984432657202,0.005748977797052224,0.21055606903462962,5.1058939080798424
0.3909370971235871,0.06232131439648139,0.22122241044349827,5.363678534954875
0.34315051259989515,0.07313916826225582,0.1963433680474394,4.934344477430235
0.367133269419846,0.05703205988458097,0.18141893892538913,4.89183070383763
0.3355558391515776,0.021438477175252737,0.2053851793387211,5.026704006198263
0.3277726339572203,0.015744928377732406,0.2552906615493232,5.09166139530091
0.29365110859859594,0.07386438955321895,0.2037260468551901,4.615198985935862
0.28432087473296125,0.056772323426826844,0.21358478595302308,4.534823680410428
0.37481591394934693,0.007396727409434795,0.2692444766893224,5.299732531570678
0.40729679870995067,-0.017618860013652312,0.2655554194175738,5.656928751074287
0.32669946647232284,-0.005698336233081574,0.2630369453733522,5.105980543429786
0.38045678848519454,0.05659720190316867,0.2080506829480841,5.235396640633382
0.3943842514709104,-0.042699999359923614,0.2279943834083338,5.382603638174431
0.39086012737715964,0.004634639790965158,0.23924241248378855,5.412327563002806
0.39571979532075036,-0.02015525555433824,0.2855453793532165,5.906941117194412
0.37847100052456417,-0.024672345373735548,0.27203187822172653,5.51750963775845
0.3578938506315623,-0.03989424366692564,0.26676022761806933,5.387949274204746
0.3406866537318426,-0.024679535683385368,0.30453914763457596,5.387651184350755
0.38493460575245486,-0.06355735837269273,0.2803168918472378,5.724924968638732
0.3961643058541968,-0.026466112205907357,0.25718004951506424,5.665134164822628
0.4110639826550168,-0.0582528341331068,0.2472526731080958,5.749172184147872
0.39667373057905647,-0.055081520140298615,0.26566677528863675,5.768025950445629
0.45272460741914494,-0.08117489394294818,0.2905307055920862,6.3212981978291
0.4169027645768884,-0.09231196180408635,0.27607530103861005,5.970835718056962
0.3759124627290745,-0.06260915855107892,0.2897202245026507,5.6962050158781805
0.3309588264628686,-0.05479266704582447,0.22047021602379496,4.974431529143357
0.2751707161205394,-0.10845579356563503,0.24666361352003427,4.8351054514856795
0.3152675229326233,-0.07423364810167217,0.2297963632699928,4.948899387614609
0.3115722919251812,-0.03706454000117467,0.21026663065320433,4.773667456438657
0.31612596983395735,-0.0009331210563232359,0.2265076236801984,4.8536234698075145
0.3158420451662334,-0.012289167738565731,0.1795438308265118,4.667661201968428
0.3385529428874145,0.0024063291692556646,0.18403473855536023,4.968658849462409
0.3252218339279265,0.0624429798940279,0.14324455711574166,4.435903722899597
0.342625211915428,0.07434862407896076,0.16714903968966743,4.878637183186629
0.33943751340074657,0.10126861323589671,0.18714359850734533,5.156318547723444
0.31683900501179285,0.0672181423011392,0.19825734210130752,4.697079472495511
0.28851361063995196,0.018989383135568645,0.24361308734425446,4.836125612772788
0.29358432667543183,-0.021347193753214283,0.21552165665282363,4.762486741069381
0.2528405022722882,0.01239053374686939,0.1933937005872764,4.323881080300568
0.2568468617303647,-0.01627061888631162,0.19247951770406235,4.389190419321371
0.3650595208657728,-0.03531283229368187,0.15211311537898728,4.835664573920426
0.30607679333408405,0.024783549476618205,0.16784173106672953,4.532781681943431
0.2948712079637323,-0.009394836084544347,0.18559726036516008,4.645305562205714
0.2878757280568011,-0.04040948429337244,0.28863898239893576,5.040269897934655
0.3339634707679843,-0.027532237232698768,0.242755332476176,5.160476729505289
0.296937983303602,-0.027166400295700704,0.2630464182555452,4.9316092780634735
0.32600875551447134,-0.0548895835608066,0.30261702992354017,5.601652206452879
0.32594402577496207,-0.06735008998432687,0.3075751557431742,5.49118660133777
0.3151202765899801,-0.04319441444048386,0.2604740565756044,5.0687957287301435
0.3219818035221393,-0.06670216338408964,0.301663113773818,5.299051491095627
0.3074486741373684,0.005481136682884241,0.26823199026221256,4.953911003791739
0.38518390986619105,-0.031245194529732276,0.2651262689894027,5.635941999541
0.3673388957032288,-0.05502741848391324,0.2715214158527235,5.644118835123081
0.42372098785572127,-0.01535266185369172,0.27143586031860256,6.100899672213589
0.445034146603636,-0.0575175445438134,0.3229669028642573,6.386790407827054
0.4196408025176438,-0.08720188102335814,0.3120062321569618,6.324456060371966
0.43235881093780126,-0.0907334347336156,0.36229918834570346,6.615547116903248
0.42886280953675404,-0.08397822199402369,0.31269117149197545,6.367835959473633
0.4207083449941321,-0.06565172225926355,0.27698922965274164,6.052602342849913
0.37388910556182453,-0.07019928873265084,0.292842793455584,5.818786531646865
0.3449370305532552,0.0035340194312971475,0.2606571083374545,5.222904567878575
0.3314411445101663,-0.038587710394322385,0.2717678936388437,5.310330005123633
0.3478128108144167,-0.022483759273823654,0.2738020159124338,5.466493687201315
0.40962628279963803,-0.07043562497899257,0.28746493756671615,5.939987201771281
0.4000698090522663,-0.03016763869246524,0.3219314139655559,5.939882198668975
0.3638914066196431,0.01793800851191746,0.2707929438810473,5.365938944501859
0.35022642440753143,-0.0092364424611876,0.3006689177590238,5.397256615710429
0.34462028829078895,-0.020829862003025324,0.30211053942126187,5.419463275331251
0.3314449571753808,-0.038501080802474705,0.2401680120630694,5.075027857584421
0.3715169264134984,0.001648308265360221,0.23423155095694995,5.289946253482912
0.29021948445278967,-0.010131377027900087,0.27348126102459147,4.815552715245625
0.25848728345448246,-0.025327876567130158,0.23334000374788053,4.558689535513332
0.27024569033084966,-0.02858604866027181,0.24445973371274418,4.669111820562655
0.32554991710299336,0.05025732058303652,0.2356824381422203,4.957394617107884
0.30761428444794875,-0.00014100472383714468,0.21057372928231435,4.756623890441701
0.21696507267554294,0.042369808144861576,0.1885037778856851,4.1269915847772065
0.27235866092042804,0.04016829120385012,0.18897998541105474,4.430121720062578
0.2579950456804876,0.03948876849661185,0.24097505406237976,4.566853607125176
0.3660460842982248,0.0472520879545128,0.2202104727974182,5.152805301476264
0.36512941023430845,0.005543065701553159,0.2532888358648317,5.24365150112344
0.312500388428095,-0.0075703089585912675,0.26608352975684546,5.029989511922333
0.26056045080875107,0.012689495842250967,0.2467618902472084,4.667357449509915
0.3002722305068012,0.014872739094285001,0.23885051653873263,4.854283709460108
0.3370762992269157,0.012292612085404147,0.22696386918196337,4.929688577523552
0.2942187702090545,0.057623752944456645,0.2039680295649619,4.636511105437105
0.3440918819469583,0.067014831176603,0.21448108593021772,4.965216711863239
0.3009149764714786,0.01668045650472352,0.2392710543420143,4.849505406394896
0.34778560325099556,0.0389276847562487,0.23078968045828827,5.288602179147
0.41701713446306055,0.016851769757313596,0.23686015482287426,5.8325012966476635
0.37808270890475437,0.00522504528873738,0.22606388318632625,5.389185623960029
0.38347857229766075,0.03295317631911161,0.253701125099611,5.466441551588705
0.3770256361475957,-0.002368890592393061,0.18936036823543215,5.160387962169955
0.3574108763109878,0.042470060463975806,0.1985738553060532,4.944258607459292
0.3619681140232827,0.047545122647933244,0.23063118545577935,5.0629626984589216
0.32269252304243334,-0.010561612655302258,0.24149251344112035,4.870239156660094
0.3652309846969866,0.032068564188087546,0.19073548951698918,4.858928290039516
0.39719867537888304,0.00435460301139511,0.19086859895866748,5.161249055968062
0.3819917395140794,0.022417972084969793,0.20067361631675898,5.083545273086317
0.34652837591533275,0.02726007770131411,0.17044405122989822,4.710525889034065
0.32905733423565364,0.04116240811616147,0.1307906098997435,4.5389353272842445
0.35342144585071844,0.04007290252980549,0.15362166881189535,4.538893955577567
0.3821395653145782,0.04327595602505525,0.17600106380722155,4.937904850705226
0.34426918490236075,0.07727083083281353,0.13427773368941065,4.536737543505708
0.35385629957466075,0.012827255583660876,0.19554347758272456,4.892712270203616
0.4509902431706742,-0.01837616879471117,0.21364976958214316,5.872370715180395
0.3767560963798931,0.015733920737149073,0.2442078928586821,5.272282463095043
0.35811471567737113,0.002376305453335897,0.2874676216900025,5.491325643122124
0.4071778904276444,0.010144233225041334,0.26995942369799353,5.7008518288500465
0.32946903452583587,0.006166373969592816,0.23516015191360293,5.162830224450954
0.3979294697438058,0.0001010667126697971,0.2446592172610148,5.780659074802696
0.36468521234423756,-0.038393658927130925,0.3326620162901643,5.906350536016718
0.39989195398506666,-0.004508833768779818,0.23649601613617505,5.69252541757142
0.3932918471155771,-0.00816261800580725,0.22649793530842677,5.552976303038215
0.3309973657266655,-0.01963383434364191,0.3238084604890242,5.648282767505184
0.36291976545725385,0.02011824396477841,0.2332981792351935,5.2671766883496165
0.43185113457786783,-0.01001385481945384,0.2655606967047376,6.0508378703603585
0.39047189118650494,0.03579227835017549,0.2102030408443119,5.380496141829009
0.3731841448977903,0.03094990515830761,0.21836211022565039,5.206229188233051
0.37822287245502045,0.026867384692723418,0.19091234183980163,5.161935791011245
0.40326149280332674,0.03397647546996743,0.21952706209735545,5.337093360833404
0.376224103662197,0.08699309364451903,0.15690147329049933,4.928532810411271
0.3717056074378006,0.10143288933460294,0.17693409387448936,5.07039756763349
0.3885163584231113,0.08528362647829918,0.19093566689196068,5.324272976180084
0.40329345289468654,0.08557023750999049,0.22739017531535277,5.532216673852579
0.35715007633803847,0.08047471066875644,0.20982812655857733,5.15507915973473
0.3039112502215611,0.0815126516566597,0.20950227255136572,4.689691457413553
0.30048898965618626,0.12644530194958467,0.17670156597516448,4.727110996353527
0.3258525011075286,0.07429521676024235,0.1154933540748296,4.509490977882009
0.33011500915078135,0.06325484741655985,0.25516375543346126,5.133587635104961
0.30550775595618374,0.07574200042502992,0.21073200804446252,4.868260548906137
0.2943351402771565,0.0273733090383504,0.23634284895420302,4.763704317065541
0.2720502981928509,0.06700763773400413,0.21770744633633315,4.5363895586961
0.2841273870833576,0.00423919915245427,0.26417611465954016,4.87372288471681
0.31240142870418425,-0.01845490632966163,0.3474711954341214,5.722837431448116
0.3192127683209221,-0.020448935182543246,0.31834317298890447,5.604336226668198
0.37998852397770144,-0.014449559064446347,0.23901778718348218,5.459277064783623
0.3199015501273435,0.018917313889178007,0.22806202639074105,5.036337089955426
0.292349511927102,-0.019808356590003847,0.24953074704061842,4.935135873179799
0.368133117592491,-0.034852517706841314,0.25425469437064274,5.619775890767905
0.34018641520130444,-0.02192251447135894,0.26842363515770823,5.422439265795545
0.28292848540116616,-0.03117233559339274,0.22673818669096713,4.839240768785615
0.31827534110110234,-0.010880216074328819,0.2325358477075094,5.209765170534139
0.21246452970415708,0.009804612706325988,0.21103542453840649,4.270477966765849
0.2605832455135664,-0.014863597296822892,0.24462647057790957,4.833751592738262
0.23687431192438105,-0.018077014981389448,0.24098702812806697,4.506715291051872
0.2726544960113925,0.020890836809566587,0.24668663265492063,4.655283337641447
0.25534965338899146,-0.018435021925565547,0.24500438216776488,4.665649805828072
0.3126743780215837,-0.01098260166764892,0.222363091733791,5.020888743289531
0.34425101367142064,-0.034503146686791844,0.23178884196465882,5.140499053907403
0.2951752868362201,0.008341229384420484,0.23190085300663285,4.795993133522035
0.314213947210792,0.0028881313510846387,0.23044249063929978,4.931187740119693
0.2731476717317195,-0.047536321691872774,0.24508847069177025,4.812141302275608
0.27392917412108425,-0.04162223073384919,0.26964933485881987,4.975505995066195
0.25466685353320223,0.0028646607063155427,0.2648308665333935,4.953767577405737
0.24949532531116225,-0.033684303896747904,0.23261196569032944,4.552563423248373
0.2889142475661672,-0.036629618569627334,0.3029195544891356,5.323980538162983
0.33638227993380315,-0.02006812699232987,0.29550653496644946,5.67217665114069
0.2652731145481491,-0.018060702715523257,0.30237035199246814,5.365828884567299
0.29482026981157944,-0.03643924207264247,0.29454043325260504,5.398562448441395
0.2915103126085174,-0.04271739369408538,0.2468281841122542,5.04210891684148
0.2599503254009023,0.004222377878924395,0.22702266869441837,4.8435304622320645
0.3108053456678445,-0.01407322637275564,0.2317330977654616,5.267338116966064
0.3311510263274021,-0.023670238037899177,0.2236625305675527,5.130834651857107
0.3068254374873955,-0.05935753732698843,0.26306604817977514,5.400725714459555
0.29067192465899067,-0.01653383175489647,0.2875875010155346,5.332525295404873
0.2758000504653444,-0.027683733285073214,0.2552468829564472,4.765580158934551
0.34315240246775963,-0.0016265448352564868,0.211028413119065,5.235767594097258
0.2976044249802325,0.010245127434695137,0.22158342161129954,4.918627019884571
0.31515694324450433,-0.016360421809758857,0.24158875227447532,5.168034933900102
0.3299108035863376,0.04476378280638952,0.09039424153838495,4.648815876705353
0.3277321016858156,0.005474519145732724,0.16869698360811095,4.819520100150997
0.35210568621650645,-0.033220623613226336,0.16558997855708638,5.21765986985805
0.3576596755182688,-0.05771736338945451,0.1671749612052957,5.1371265738755545
0.37836257660747824,-0.05817486538754062,0.24442378756347727,5.663874166412652
0.36858324687864785,-0.06654957852541607,0.2491448002634806,5.55779693371699
0.3799180071580556,-0.031036613956168097,0.24871973674788433,5.779547516374991
0.3356498973407657,-0.0018374454918951711,0.2997490321858534,5.667844584074327
0.3369413335393783,0.012535230132028273,0.25382160422077965,5.298011998115235
0.34991156585540667,-0.05895403108939142,0.242880131058688,5.382449718855825
0.30742375592934507,0.022920676673901588,0.21798765191048772,5.040465629568316
0.25453366949634343,0.011662147866831096,0.2266011180707537,4.7570279364947945
0.2547612373653997,-0.03635619182370553,0.2708316241019973,5.018780593538131
0.24208730740909898,0.00669674824750412,0.30911219654319416,5.0098246400121225
0.27796114075378353,-0.011027141856608053,0.24736316464457708,4.948602005511156
0.30525871027752566,-0.0008361824768577215,0.3025647836009604,5.194099205205422
0.2588572569665447,-0.04432914994933496,0.3262080850171505,5.2393617859073505
0.2895433006925737,0.021509105143568755,0.21914655558101753,4.583019457151455
0.3036326348194453,-0.022966529476239214,0.22789306529348202,4.911670715954078
0.2696374254268312,-0.0018169169109658791,0.2335535464269473,4.808904357793128
0.2212364219391568,0.03986067067412456,0.18093154482117832,4.00641428167536
0.2896439553791283,0.05121728614482104,0.2033849014882616,4.708769473892201
0.22391050015046635,-0.010774609594439832,0.25846676886673353,4.786834278756494
0.3082082207240509,-0.03625139086450114,0.27277548003852503,5.369128319563845
0.2926884949440654,-0.06086775562110514,0.26305133714138473,5.224811739795837
0.28142669576533474,-0.040930912614246,0.25895379912947736,4.9946717339057285
0.29732687915367706,0.008780069363598373,0.2805380185734159,5.247827041752213
0.32780162799332696,-0.0218710293309233,0.23558371033288303,5.098470538653705
0.37569777487684336,-0.005695785579380474,0.3045525214986189,5.848445040146404
0.4434320286887496,-0.03064525420590846,0.30196777667276015,6.227192851992982
0.4539618384933937,0.0032215185197274955,0.23878703571898763,6.031920565954849
0.39715675805001427,-0.03813151877110818,0.26808112757617686,5.812904386267433
0.3530239033073291,-0.0457013856361795,0.3185711923831919,5.813955177512989
0.24211972381630717,0.011710308793201766,0.2749485556149597,4.8255750499923655
0.257569631095688,-0.013066195507242206,0.3132193086711417,5.21094390321137
0.29180732552723715,-0.04117199249184232,0.2946633884625448,5.388936424599142
0.28975149070815265,-0.0077315751953316286,0.30691738316373685,5.395713589406003
0.311615190478403,-0.05451002594012857,0.339094458979257,5.74341494591797
0.3279544704277396,-0.021693670919793247,0.28250574403169265,5.39230998216685
0.3521642889174455,-0.03600465366136836,0.35578464228037515,6.119905174526688
0.2724797324839557,-0.024330843955667064,0.29398409402025777,5.304875894111787
0.32024186246906555,-0.058771220943119123,0.28801228522010514,5.593681911747511
0.3178861187007398,-0.03097838452459234,0.2957634174232865,5.551590763488002
0.30070641159176287,-0.06373317533900107,0.3329919259142098,5.633632053964552
0.35109699862446125,-0.04068287507105865,0.3063310005724776,5.809825711452545
0.28804917754074466,-0.03335890061708191,0.27925390693517527,5.2056020066873545
0.30894209641212644,-0.06494401972348433,0.31186181429288584,5.571020666280608
0.30541778220366034,-0.044890844040464575,0.24004503116012418,5.199920767677428
0.2579653595886446,-0.06121723555487847,0.26143861518793887,5.007874381735109
0.2680385852936768,-0.03322960631493113,0.3063081622942842,5.234841087379508
0.2928577582647728,-0.03345074217852143,0.32095965745952815,5.375112948775906
0.3009544970112871,-0.05138669670970176,0.29877715984868114,5.487261752193845
0.3037232043157407,-0.056370314298695975,0.3261527661592303,5.508231561137869
0.349921330254175,-0.035866248228991114,0.2779729335110035,5.475870186929439
0.3462449334664003,-0.037130479930932304,0.3289797468972452,5.865249257636803
0.34148947591599504,-0.04281631317984609,0.2922508702533531,5.621805621457922
0.2935556364442973,-0.004496433504402998,0.33593352905352264,5.662228723202798
0.3281204873578049,-0.01260594575647629,0.3296317412393338,5.7759627351800695
0.3312310263649068,0.004837288373151305,0.3302561140225053,5.731830055540474
0.33139923738359517,-0.04037523217079809,0.34142126527434347,5.866040729972156
0.3228069017516994,0.0099656198594329,0.28496812545735845,5.298123872522099
0.28113135336634404,0.010338370764621612,0.29148209438836487,5.267321256417585
0.31719813053266005,0.02762780531113255,0.2837241990970031,5.458988618396634
0.24696203603216205,0.006817039331620181,0.2868663353892247,5.031434188162492
0.3331516211201328,-0.027884745464677722,0.3330556413631458,5.561119202296425
0.340465328061985,0.028733182067341084,0.25640368387684276,5.352741248752888
0.3662461963046257,0.015465692122322936,0.22614003587321807,5.356170153843727
0.35048036736691723,-0.014527585711988674,0.27285558020344025,5.386850106477117
0.30292800773028167,-0.04797037439100576,0.27302847326492335,5.437971054299209
0.33593411324491884,-0.04771902670894757,0.30301443054724825,5.763712642199722
0.3160004902093416,-0.04564820979831254,0.286688898241191,5.376029810476112
0.27265542394824094,-0.04028154261360231,0.2696024382595924,5.0861929990817005
0.32689568910306677,-0.07467601498261221,0.30795921107095775,5.540629421063471
0.3212939884230905,-0.05537692889025949,0.2599117816796607,5.137814581872242
0.3104182233203449,-0.043490124460099866,0.1812837689425231,4.8052582823429475
0.36125209664982444,-0.06382255152466867,0.2556921106989965,5.344949593329967
0.28890817539726904,-0.05707845529256799,0.3114873518237614,5.360150230404726
0.31584420533631585,-0.046780769180254894,0.30899089914866934,5.4954753636256
0.32866480006722487,-0.0343640080419315,0.22140189554563594,5.09464994274216
0.31379206611688093,-0.012113939996124992,0.21409602514784165,4.992567616821266
0.31615039028705655,-0.041432367929893084,0.2769669421869134,5.393472019231014
0.30976255330061314,-0.06252353464276118,0.26203069584289335,5.134379415324481
0.2903997476444711,-0.047073102393089795,0.2660659951376418,4.966522215179594
0.31950845297159713,-0.05648305221704874,0.28844554284943774,5.31732930903493
0.3000250012094168,-0.07688557048493809,0.2883770059824063,5.37634837745618
0.2668956770207751,0.022145638078598276,0.25024612100305726,4.885086368959226
0.282584333444361,-0.032093850016524775,0.2531660936268968,4.91005977079783
0.2920385203321897,-0.06099062616145793,0.299971328727016,5.536334703515686
0.3437662095778649,-0.04304537549728947,0.26931985535748804,5.672725441625882
0.34934791258173603,-0.027218034838101753,0.2298628460243743,5.269353886961654
0.38947028560462366,-0.023907152771844867,0.2653325889446382,5.63473877451513
0.39689057796030464,-0.046520749382040656,0.2549839689571174,5.7149912547787824
0.39508912673428376,-0.06700816257197864,0.304737310265321,5.880967865369148
0.42324208040495803,-0.07250731471180777,0.2803408305755886,6.13867710838352
0.3786220821620199,-0.09480817889080048,0.34394464744656233,6.194291107657995
0.3885116676782568,-0.08199185857718196,0.28315477437380066,5.676730340233709
0.4215237785927077,-0.05542328541869067,0.29494247040807087,6.048279058505163
0.3738846400737049,-0.03648356549258203,0.23838377796176857,5.476924643006661
0.3189023296954459,-0.023203548999800958,0.2255626911195733,4.9998523102826455
0.32687025998756697,-0.041338390990675176,0.2821936049068035,5.5585371014132265
0.35614786916373886,-0.050946814247810855,0.28076180752312796,5.758845445007851
0.37743295063315413,-0.07508452617845639,0.3164975048839007,6.058381056282885
0.3799003846320441,-0.05336635564617762,0.30842414325993384,5.9536703939415805
0.37352583181318494,-0.11661194549788373,0.3176134000058532,6.2115418408300975
0.30844508120936553,-0.08157640593615201,0.2882933491443095,5.404796535267642
0.3161402841099599,-0.05370080517529326,0.3726834448568732,6.092156518398891
0.4064622196343106,-0.05875530286367577,0.3746888369507629,6.664494117868778
0.34312339139197984,-0.09561998146626506,0.388799614397505,6.454828759147869
0.3737318585824022,-0.12445520597548465,0.3767765386368835,6.499367757056099
0.33952241830282776,-0.0561149688661081,0.27731609114424,5.665081621646011
0.3523104695539956,-0.08441447701945243,0.2707169254904472,5.665944649907979
0.37987223543881693,-0.05767471288340023,0.25859158071148525,5.93831794348512
0.3321757272440778,-0.04811160604580463,0.21898032153910038,5.19478197821347
0.27312817100407794,-0.08842660311654531,0.29668067430464096,5.40307949705325
0.30280017892138034,-0.033741619910587516,0.2803740910624744,5.24540180455902
0.2691611841498293,-0.05248164272987516,0.292409543431124,5.060329994157044
0.36521747265055693,-0.04180208063179822,0.2641978542453579,5.697899576501619
0.33646349185637453,-0.008912494012727097,0.22849207750504152,5.148711972606588
0.35505705869135873,-0.01607231156616364,0.24259692192293428,5.29592120289422
0.31265124236743674,-0.03271407962951231,0.2950246806850965,5.3869069364893365
0.397878572441986,0.030605283632148515,0.20473111080060888,5.608114570704151
0.43422472070211776,-0.022082759495679727,0.2537545417140258,5.961291753955227
0.39296124850220354,0.013099363330103342,0.25940813330234314,5.704744340772046
0.363598086565359,-0.0363267113121432,0.287767126039878,5.680216262259299
0.3957450405038466,-0.01348044724123352,0.30401583430619655,5.96333290468803
0.35859970942635766,-0.02133438824797144,0.2733929201133725,5.464836951848541
0.34939684724116454,-0.029052499642932057,0.3031915460687952,5.480738884318249
0.3622540678625531,-0.015435969791802286,0.20171536265989418,5.000248777208569
0.409682021010255,-0.011066420444404607,0.2431039896422281,5.552210066733604
0.3666917429438459,-0.061710731315335415,0.25646378847060136,5.440522973768475
0.3570708056987089,-0.038375608747831,0.2516169887770753,5.193940598762858
0.3405949807143596,-0.03413421233451399,0.25036806015437,5.210861712735257
0.2938286178979477,-0.01050428848288137,0.23784821811218335,4.753487716408061
0.28475348481339124,-0.0449713218124048,0.2790639855445488,4.9661719520421155
0.3101295230023287,0.02586606201685544,0.20016956492558982,4.829914858639416
0.34096716997351373,-0.030394710001439687,0.2657203873374314,5.301215674466493
0.331182541477671,-0.016135124980311697,0.2362464112327002,5.153007968338259
0.3460502045447311,0.020556256032881907,0.266499092978989,5.377651611558758
0.36131315091504723,0.048491703086413686,0.21873426259854792,5.2086022325143295
0.3753578586331265,0.009252993668134918,0.20852127248620414,5.234890878823098
0.3345261936072052,0.016713518744867897,0.24618759798417028,4.998458037722176
0.2779806896648533,-0.001404570959599023,0.2354207521709242,4.738686872829644
0.3057475854803128,-0.016621985040908,0.24716528548740516,4.813418242686786
0.2486600672606282,-0.004679572523378411,0.21665676447408191,4.428988989522499
0.2871032288747358,0.007110984325627688,0.2019949360957945,4.494340663685522
0.33242370064295096,0.006800593902278551,0.178260093982108,4.800018588576318
0.3189882929489845,0.0541029759990512,0.18980921854866584,4.6326111075650145
0.32473070429553796,0.06361585736635438,0.1916928169150934,4.890637545058233
0.287134505953743,0.04209574326857232,0.17069307108418585,4.458356534852561
0.3052360122034435,0.01113385317789473,0.24188442906180943,4.794527780882061
0.3359000415926528,0.045201871502397364,0.1763224749962599,4.713145906423032
0.3464149154654191,0.03183799770856559,0.19396782126489168,4.91020645812784
0.31181351238095917,0.03333959084164762,0.22903442957588646,4.8167237012304875
0.3454730331794758,0.04707833493699203,0.22216564175759063,5.035699489863884
0.318583885493672,0.08262523937211065,0.20462471758868261,4.688398231447649
0.319435967737267,0.01740042416547489,0.2379732764446328,4.8244037169636655
0.31478106499806513,0.010039261454959215,0.32874306264435627,5.321535397910785
0.36360529581594203,-0.034697458384717016,0.3059251103100224,5.58995164724362
0.38883458853078445,-0.045912634623003136,0.30588262601437155,5.876901997984081
0.3815512510611961,-0.026603705454838672,0.2810838215195924,5.699311041444485
0.3672051791613452,-0.02518557428615183,0.3222777614107412,5.8047033824722405
0.2822160220442956,-0.001562412625633305,0.3287579680336378,5.288007460765895
0.32391643275730686,-0.00651925286539341,0.2885819897663372,5.302097856306254
0.3692990276298697,-0.0481100677799817,0.2945663005834566,5.564476803827229
0.374228584414112,-0.024852329887183947,0.25542224895617793,5.482197477563986
0.38084481760428407,-0.04612830908295387,0.29126771838336774,5.846710871656174
0.3360497648682994,0.009676295413707294,0.2739163726640009,5.533424775697024
0.3614650256782803,-0.004206207721812555,0.26806666436815096,5.556426359211206
0.3496956676147826,-0.02733769673318057,0.29947291243029495,5.839198190773164
0.3688054670494331,-0.026543446995792495,0.2752141403539766,5.7117457703485
0.35021926255999886,-0.05566987641195637,0.3337368850159594,5.900851771527989
0.3434781745650888,-0.01584407312173215,0.2543949970223481,5.431064308705803
0.3470602781053711,-0.03708798262254864,0.2724475137195361,5.554095924339527
0.38367293212502585,-0.03290565540569054,0.27444164875065125,5.88201038982213
0.3505928312593214,-0.08451572579514999,0.316691789513001,5.987205831848742
0.3670530170945971,-0.04442965757426728,0.35005255840026,6.201607132371238
0.3405428316194097,0.08339233365786214,0.333121431131136,5.732864293332265
0.33493198072940755,0.013447496269283675,0.29787254470443214,5.71302461968496
0.33104379381653487,-0.006162168566201171,0.31354372861054886,5.663147309266379
0.34011651614637606,-0.019789918748015084,0.29218787284375536,5.713391831633381
0.3472939637528528,-0.06654062669234846,0.3335698487459237,5.977177256936801
0.3099313385304631,0.0023369521073117188,0.29398698578111626,5.48461903411595
0.3223685052382039,-0.00567989173348308,0.27162791624407323,5.297869976000538
0.2690344490586708,-0.052189308229089966,0.3015611070394965,5.201240480061876
0.26472921608581274,-0.06444469074099941,0.2887079604064785,5.149068313461727
0.2993265922082693,-0.02829939044647861,0.2574445261599694,5.179644361735524
0.317417627732357,-0.06623473566169231,0.27126180335759625,5.478016863753672
0.3167221377069884,-0.019948486814263894,0.21232432875020424,4.918390934560389
0.28783617301564535,0.026979579068131768,0.16781540277758455,4.315536538063879
0.30421491957223684,0.017263965307776442,0.1931667547072966,4.496058937014684
0.35931465811713303,0.033634252308413055,0.16965744570189256,4.842401586529336
0.3426054766540187,0.01867304201445264,0.23368403177448602,5.000043139145223
0.33531887710727465,0.008589494045383438,0.2336334498764294,5.077297123209688
0.3250102978462665,-0.004951469328920799,0.2025377897791889,5.025521668546157
0.34738611753381976,-0.06272111947528074,0.2278897872024036,5.231511928419724
0.35991803509312115,-0.1010855059704467,0.29168734110210637,5.686829423705129
0.3475808304598181,-0.09525405621315972,0.2700811170054886,5.530213522893831
0.30546649247265945,-0.11436161624271664,0.287109530013063,5.45800987154607
0.3479597877252487,-0.08864620279203811,0.2993223162688296,5.7361054384532135
0.32145724720358926,-0.09013380108464464,0.25126962660484303,5.275787447567789
0.2957654158433116,-0.0626452028623011,0.22074007660434553,4.83340897890549
0.3310663180209897,-0.06652600377727211,0.2682775196899446,5.203115981358101
0.2862586606923899,-0.0477003962195032,0.22083658590115265,4.856173590329853
0.3139485504782735,-0.046740722074942787,0.23046292390834106,5.140197235157497
0.3054753890799435,-0.025430780319683016,0.2075532648110156,4.807456733219808
0.30382441508463603,-0.0275981873566683,0.2486078991104937,4.895698065628983
0.3343193847076102,-0.004213275601552543,0.28188578934208625,5.33030625642896
0.3547580044691107,0.004073678046679022,0.27738021010613934,5.447200066383602
0.3165557680730906,-0.013710347174821336,0.22745919180443525,4.992350515181076
0.3295253405769431,-0.037751338205806076,0.25769250476776134,5.336030650351259
0.3468086286922749,-0.020586473280919663,0.2894814722434457,5.791470903958997
0.3047113588313529,-0.05445000886596477,0.3193414285594646,5.647165803044254
0.3449297324808377,-0.11976399507030583,0.35118416281855835,6.454331009103336
0.3518765843164746,-0.10908925888966346,0.3715480083055117,6.554574054157022
0.2797672498705008,-0.1911232727147624,0.4311323630975425,6.7402087032033
0.3242162540045217,-0.15573100388361233,0.37540426877769206,6.38568881544336
0.3030809128482801,-0.14375193848335613,0.3658504606921963,6.23851618180699
0.3152987450332775,-0.16834772797659456,0.3902245013388874,6.305710205570284
0.28446228158830733,-0.1123080110408291,0.2968024958945483,5.635910767291798
0.2835286176197152,-0.12242174377470359,0.34272096809447955,5.945201642543384
0.2600880920845504,-0.027620516526992,0.36499845992815266,5.622462433244035
0.2735825733676953,-0.031924417009675535,0.3473597425862498,5.543718653584186
0.3165782165250536,-0.06342807326065909,0.29580260158545835,5.551354670972484
0.3706898829674844,-0.059189205963790764,0.30100371559566563,5.946463765434419
0.38384905524039103,-0.027134555947986198,0.2993301428981413,6.221565344917342
0.3697772306594915,-0.05132958608029511,0.30336590901823146,5.939366795518528
0.42258399392635215,0.001799336416745245,0.34534450434410274,6.316149437077413
0.36142233020218917,-0.0061553450483005446,0.3159870050260922,5.807280685657704
0.37212803467782635,-0.01587979689766329,0.2870482447185633,5.735778938249922
0.4105829047289526,0.014390083303619496,0.20994187953954754,5.559365726116015
0.3904033921444957,-0.030424318631914242,0.2282534615287794,5.437913893415023
0.3657131940286553,-0.009821827538447082,0.29322200781462315,5.487302019820141
0.32127552145203964,-0.034629700287926175,0.27143891187498526,5.088457436332652
0.27135055595059754,0.04375284367611012,0.22680795372941118,4.423258201841396
0.3299736251945985,0.019060397368291106,0.2112020760566443,4.79316811747219
0.3515628071537638,0.031654864313159815,0.2087291706100826,5.0024872183913
0.3893205262220973,0.031741101993844556,0.19293498052520172,5.2963067925173215
0.35160324355094624,-0.0014649851849461361,0.22477391408543787,5.1002520419774635
0.33741812308739866,0.03197004707553217,0.15696221326128287,4.442947224708968
0.3090609473634842,0.029090435087727802,0.2019735325467173,4.5109647300890305
0.3201021569295608,-0.019512058130762452,0.22763240988061387,4.729332100330709
0.2907752163178642,0.0031406397705216406,0.19252321489486027,4.373414097318315
0.35264259605948156,0.04756983012673983,0.1723551891122628,4.698720124365616
0.3636721534954236,0.025736771069283213,0.20268461203495855,5.0231750270542115
0.2856539274652022,-0.013269663777758536,0.17881365656750328,4.205510382279336
0.2927557664297558,0.04056636000148088,0.18872839241650388,4.413278728218949
0.25812796612365163,0.028940041023738285,0.24291896006012428,4.554232688464902
0.3470669035406472,0.038896180304900864,0.1715353337584445,4.724101574749873
0.3328018267692045,0.01982977772252403,0.2366991413900867,4.77545066370044
0.25712271832327915,0.052981299659126437,0.1930643515839216,4.208354368589391
0.3215499536120289,0.0842253603954429,0.18683712740749325,4.593433781383214
0.27597358403459704,0.07528619142169536,0.12533019767159814,4.028342687691727
0.31609801992267905,0.03546054869365799,0.16042638716040128,4.350889285802533
0.33319764745861097,0.01854920106917209,0.1790818657747799,4.800939520207217
0.3188036127031284,-0.027829619275546703,0.23035455983406036,4.951443580459235
0.4183971542838086,0.011578378097547904,0.19812399218410223,5.591337475346796
0.3747711436438018,0.02825527089683995,0.15346334993303204,5.0645245629078515
0.4003254730548924,0.0007893428010202475,0.18860348855783465,5.373716024292711
0.40474285389335957,-0.059391774822723065,0.21656180064690422,5.634622395860588
0.4128096178093324,-0.06131613652119052,0.23255558382858066,5.868133768253221
0.4352090270311403,-0.04246328779224658,0.20208210412802702,5.729259862387787
0.39037395400180613,-0.04900944863934263,0.23926600798063694,5.69801013085603
0.34191297549723876,-0.03961640911705912,0.24238806810680683,5.513300197255104
0.4039122072090684,-0.010153605867686148,0.24123573244027655,5.690060748096176
0.4368452760003837,-0.020025931834487025,0.2248105659666944,5.804224538163706
0.4565536700217792,-0.05613558778213684,0.23940809466527835,6.087544041078905
0.3931925142627549,0.01096442043244016,0.2198684769856826,5.656559165568541
0.3984207597303487,-0.018899791791218513,0.2055618556781251,5.675700057793539
0.43923563904131935,0.0083499607006592,0.20036655191412028,5.965192958696627
0.3896781180298842,-0.010025004991926326,0.20076866231772866,5.537258273324212
0.36326560746699244,-0.025673510888179284,0.24702982636486961,5.271610180624258
0.4005209941812373,-0.025227079539774745,0.20476677893696404,5.411957522937363
0.3802441892576173,-0.0220888533770511,0.19693179404066624,5.176388721752872
0.3330863161400103,0.009382517146778575,0.16178822719216304,4.709206249832032
0.35495506937657956,0.01545639452681048,0.21137449268754385,4.943460325008391
0.3956910795438471,0.02508750338513627,0.20598950453297554,5.270744646094235
0.32995153545878214,-0.026256051249682593,0.2285778145512182,5.011235779045302
0.33761585048919396,-0.02588961147899797,0.2451927751884556,4.9637443357613575
0.28887434385300215,-0.005245374831537302,0.21553058264596878,4.550365858029048
0.3024771860734176,0.04231895531048417,0.2050309419679712,4.534645405697149
0.30864870187346266,-0.0036996568790475656,0.1912917164734768,4.568361904439261
0.39451662791235326,0.005182531491486688,0.11345575476114222,5.108854877197496
0.3489140521626018,-0.0272493681766788,0.21024503268828193,5.1336399393892425
0.286144179658659,0.004232861307343863,0.23907638280433643,4.7991572262641515
0.2968341448468057,-0.0029706099604418527,0.20955885025871587,4.667448348880217
0.3402445308164336,-0.05266654859600347,0.2863001877762486,5.409658454582596
0.3576606346539301,-0.027625692145209144,0.2464980477596396,5.395546946437105
0.3396612930957397,-0.008986757717407798,0.19770544720351554,4.853550452574597
0.37043474442885643,-0.015880960976357262,0.22569141432937415,5.244364172537908
0.354458555471251,0.016988652227464564,0.1720156234196219,4.885992790609087
0.3173369295119154,-0.016671685919103986,0.23353283997949914,5.015386292233157
0.34654910001428335,-0.02436920916508056,0.25226453447706026,5.33723695803441
0.34209072197053825,-0.024940478354545187,0.24384032469673145,5.159060549919996
0.37037532689723895,-0.05847018492209769,0.3002418605605697,5.922080144753182
0.3768223130123302,-0.024184725675862103,0.3194555693828889,5.752103003883878
0.4035029655417462,0.0007723207562748416,0.28775663934400103,5.985136102562148
0.4360457801127981,-0.025517298980817428,0.2658124349433029,6.110767878641587
0.4156278493877194,-0.0444264088060013,0.3132211054000127,6.187805309607854
0.41818679557404415,-0.04340007535577313,0.3072135367837458,6.173398331046764
0.39515697688421375,0.027151110515119,0.2823981289762637,5.823531586577356
0.32380054696940286,-0.005817745680389194,0.3269266472564626,5.554055926677858
0.32565591979940994,-0.0026443542199686685,0.25199757142741136,5.094105751930607
0.29065796835031577,-0.0009775101764973087,0.2732340130848395,5.071235074204176
0.3224375792766774,-0.0232470032021313,0.2929505000952452,5.23837086689273
0.31528915462418544,-0.004659030643985685,0.24384041867783418,4.883319494514139
0.3038052004493962,-0.032640164858118624,0.2563076171090656,4.871108638775868
0.30207070354343635,-0.004596382451511555,0.2672222444522409,4.955229378467858
0.32391033453439155,-0.012103796292097976,0.26683639030252887,4.970304205531023
0.3408230198523907,-0.011754464088500267,0.24120709290840933,5.070100891158182
0.3260313596892552,0.019704114850312697,0.25452728685268433,4.9663244344029795
0.35640243662226645,-0.016632376894478718,0.24449558145668124,5.340557508220619
0.3067360669240537,0.0023569510102556535,0.2451621545743168,4.922650784722451
0.32220042347195543,-0.030894660291820877,0.2471683138268552,4.993360361847759
0.3895641707435475,-0.019783933552930337,0.23059071112452026,5.378036744313066
0.3764154333242273,-0.010176184043548281,0.23536066912442252,5.226351720611439
0.35466357433808543,-0.015136691305353915,0.2480946832072913,5.185789639656208
0.34298195659963776,-0.023601967400842146,0.2782130528755041,5.26188953553173
0.39656701079608325,0.00883497028570483,0.28059800535353113,5.684165751904401
0.3664852139356689,-0.025565496013179118,0.2773549961444702,5.532387876677085
0.36486464679861264,-0.030192134897867512,0.28776326850064765,5.58273762767957
0.44002634075429575,-0.04166269177946753,0.30539397163152165,6.321926953675859
0.36232861086343837,-0.03638984656065182,0.30952979631291344,5.584679480403443
0.3735267454205466,0.026246257650370416,0.3053074736415869,5.744509395902799
0.3741824001394694,-0.03964781234800981,0.38550685376821053,6.274481773439303
0.3826425770141518,-0.041034081655130374,0.3047381922298684,5.819605275513793
0.3609098697272498,-0.03850985877743725,0.33014424240907253,5.783600140201237
0.3271987728638438,-0.04881691973329075,0.36556215214564586,5.747633051759741
0.31944861697955373,-0.02699586628175116,0.3153990858063214,5.445900345865472
0.3246339911037691,-0.050405639095481285,0.31069992501308163,5.479481662701714
0.34443810430732785,-0.05067755933111131,0.3260627444552273,5.762218652430629
0.4186436043989713,-0.0011038956316483236,0.27085899799935975,5.945122672338971
0.414752879461348,-0.053293721197107034,0.2968421180169072,6.07350690570263
0.4083377782657616,-0.05882364227542009,0.34240706720753356,6.128293952852728
0.42162915268905393,0.01934378031570965,0.2709856954998424,5.8933845281815085
0.42528734692598774,-0.0770216158152173,0.31739481547830956,6.13887392701076
0.3887655264614755,-0.04672677389733722,0.29680419308548045,5.90568038126948
0.3807397099095266,-0.0017720987994170152,0.2824247785820407,5.593591518298717
0.4404691381677933,-0.010975219556139396,0.2847755034316617,6.2016034382789345
0.3758765099094305,-0.046501359453859525,0.31852914370419183,5.903231539983547
0.3942021400834838,-0.07300429670808302,0.3474977041419758,6.2776924652374575
0.4245119725002231,-0.10330666351098405,0.33433550821560415,6.604199509863768
0.3991745871255079,-0.08596678224486937,0.3519577264200228,6.423987423275825
0.34182011818409025,-0.12612627334287924,0.36549153545764657,6.42820915027411
0.3893298905127075,-0.1376526114361202,0.4589378455688456,7.479031252681866
0.40450057264500483,-0.08092037085152726,0.39635314815286254,6.662807207499043
0.4786578881900923,-0.07931906715301118,0.31253718724139085,6.931350769369421
0.4776644132013089,-0.05122475646317899,0.27506021624835686,6.352773738384188
0.4327574306014644,0.02218045549587162,0.24973719021011542,5.941111030042475
0.4171684204656959,-0.003035879336529424,0.25315120572848615,5.832482485532114
0.398728390739256,-0.02137565493863672,0.2584072492119129,5.668287352748561
0.38619681941143347,0.015111290412824063,0.18263906176256117,5.276050582050515
0.25670362178567524,-0.0006065258829827347,0.2300560107738179,4.459754261132045
0.2828263903118386,0.009924364359608424,0.20316970635751339,4.442563072381651
0.3441798983390316,-0.0036449791866124044,0.27163973927772356,5.303815512627766
0.3111960770927433,0.013469196292147233,0.2114415301862734,4.7522371422518574
0.3384577867845014,-0.02176629936842402,0.19878431941008246,4.729260101384664
0.3301364328524741,0.010273354786920798,0.2161112102622515,4.873802976310335
0.3763910803527146,0.010064165416446893,0.2298219012631715,5.233351881125339
0.36015862419789757,0.025007160533251728,0.23173601941130847,5.22033456546255
0.39172627277054667,0.007280247326201274,0.30049068109324156,5.795746499078429
0.32790173459368954,0.0119249245468285,0.26558959785947117,5.203444970355737
0.33723250194203286,-0.0007260173063890149,0.26116726457827266,5.155317087742606
0.31452101383586206,0.006753782484894898,0.24661359680003336,5.275953704405174
0.29287522648717673,0.017671013753255575,0.2558007192635033,4.940211176264835
0.3143100776637695,-0.0027751064757566305,0.2170040802813708,4.623518424273969
0.35983697598152037,-0.01313241212081176,0.2205911182233899,5.115938598078679
0.3420654719371381,0.042071530263819754,0.20574065934923003,5.064905859693741
0.3563042909841072,-0.010918698966269364,0.2775868273040964,5.405736619234739
0.3769222656177172,0.0018474577659382588,0.2632512894785377,5.40178921276807
0.41284453107897706,0.020394951732139052,0.17441572180192844,5.400503218360515
0.3470429707975322,-0.020696501796043064,0.18777178471870354,4.829280860199824
0.3614786685259575,-0.01563970948569652,0.19251119718542112,5.0480976655729695
0.37914029673769006,0.03109175390206727,0.19909518135194632,5.342174346727361
0.37918127761042253,0.013405491556607573,0.29585022450179305,5.836748420687242
0.36889944650848316,0.006777545648508933,0.24163583773856212,5.465171837271944
0.4226761683002037,-0.023389916914764077,0.28761101936108874,6.084692767600649
0.36877566318184973,-0.023043811762888847,0.2743740881024034,5.517192183707284
0.42049899922081874,0.01902177566918808,0.2675814634312535,5.824778363344231
0.39268983607579483,-0.009951463687249813,0.2634789022956903,5.628365489487711
0.38438368977801274,0.004650194328457431,0.24093253132701803,5.411933689962498
0.44482587673936114,0.022355628912248175,0.19523538797186968,5.825391517056458
0.3826628707997584,0.007972198974249221,0.23985786998784428,5.554579154828892
0.38207402211573027,0.021281350475835136,0.24648488231740626,5.497749804074263
0.3396500773058826,0.012219105457831834,0.19461676831309066,4.898079538403413
0.33291074480155836,0.021101136739272563,0.19963350327788884,4.846914119573459
0.35739455897607303,0.014198740205422205,0.16022081603597774,4.862993802694097
0.39466581631522313,0.0017559955864198103,0.23438005338990597,5.417083133999788
0.4030114241622795,0.04798343728906735,0.1642297181868589,5.374192584040314
0.4282794159837076,0.0692666617110088,0.1745450162456632,5.763838392836469
0.3410401640715632,0.03617986653378549,0.1965240630641245,4.902472378567074
0.36610002053087803,0.04297221175461738,0.164486595052946,4.969784506097415
0.42451187027155646,0.0649936234701613,0.17173274084815895,5.449372195182671
0.36928430320769423,0.02257838639577112,0.22888461367813617,5.096157749355737
0.37060784719711065,-0.009738677188277357,0.23473259548689165,5.241277037868091
0.3913265315689822,-0.07252403778749007,0.3120454872374059,6.0179457056526955
0.34791139927243764,-0.028588635173240545,0.343845265041985,5.767941406727248
0.3754181668347762,-0.012970068742015652,0.24925777079633585,5.442194124082985
0.4056722903830741,-0.04750802033484731,0.24799141879510972,5.624713359287159
0.3919124302860728,-0.03263653800206504,0.20757069961845417,5.399133567947661
0.38894206308368995,-0.02129716028823543,0.19138099525272428,5.2800754927226405
0.3545772100309448,0.001348004869750535,0.254701285793275,5.365269414325927
0.41639236865543394,0.004875428193085256,0.229060374005613,5.612796226405625
0.393422356885456,-0.06496873514734622,0.2749165786675766,5.814500269702751
0.31522240086597525,0.009891647980729881,0.21727349616705555,4.666785966966729
0.32381429732609396,0.058810032114392195,0.16975107685991628,4.602139263220332
0.322109127953985,0.0023756848316295745,0.2226554357320743,4.635401893531809
0.3188007714786711,0.012840046099115415,0.18620036306659984,4.356598631824985
0.35107774809577136,0.060312234739687234,0.11528847128710745,4.541828965448788
0.37649420162234815,0.05020714656572115,0.10793026394011077,4.764655280068037
0.37073101841044714,0.017620018702198523,0.16724726286990374,4.727707765424089
0.3056933943052131,0.0306883641127457,0.09535459160857324,3.948967542958062
0.3464586204724234,0.03075684272547181,0.1165378298016975,4.31191107972184
0.32920933373221156,0.04727488426233366,0.18605538607449665,4.549359297079922
0.30396250998051355,0.058032228135762934,0.16582932538296016,4.203336162727933
0.3266193462395802,0.07590203395242906,0.1603845591589464,4.423031295060485
0.3163271441710345,0.04468158513685417,0.2028446899286027,4.5992196733479584
0.31647689519365735,0.06442661257602948,0.13625043614898097,4.396924936278259
0.3825498862275482,0.07963233283540176,0.137957398961594,4.831295914904498
0.4008066471172412,0.041900678962304226,0.19175515290168216,5.233824925182125
0.3918751693165738,0.03993257031984384,0.18666385427922602,5.3300522994479245
0.4062887936536165,0.014103355495591892,0.1939909986184016,5.165500706663576
0.40612733098309983,0.012602848574569135,0.20272390290251063,5.387912363899853
0.3836098094369453,-0.049235733529083295,0.2201927396033617,5.134443840756072
0.3946085019419212,0.00970054236163309,0.16656422095508555,5.021623128800855
0.3685480366848822,-0.011687639504129372,0.22429461959679042,5.172961119608331
0.37824994049258603,-0.04075645494335464,0.27576891168944623,5.596845668479615
0.36526041606133974,-0.03849102031303165,0.26209336479014744,5.372822904286943
0.3029068168480025,-0.02428434190633257,0.2793233830109195,5.138026556448115
0.25910653296533254,-0.008275055693079358,0.23671013779919317,4.44414299562495
0.27718251770551905,0.00417899128866204,0.24208351209663895,4.654894129271134
0.36763443071815954,-0.03653017260605672,0.24391387366393738,5.300229177654412
0.34458910880590476,-0.02944958235732462,0.2239330965178691,5.01483371093567
0.33472019325058544,-0.0709117683585312,0.26161708379824095,5.184325613945538
0.40378094927433766,-0.04904103693580021,0.25621594912239054,5.74743897803469
0.37669818334836086,-0.0248913011994821,0.3171321812611043,5.755396068037482
0.38294805064297904,-0.06240210156970732,0.3004568102864813,5.757571254333586
0.3240901749752877,-0.06076538418959159,0.2942334854230447,5.230771124077521
0.2817814447461089,-0.07042467056436583,0.31991908829702437,5.300700662647564
0.2636261898713477,-0.07368238546045183,0.33129160720434203,5.327879061589818
0.31821198611177814,-0.08054390972215465,0.3265697152531544,5.6218769443292285
0.37167825150927297,-0.03339450374989986,0.3614651378963078,6.29613117800661
0.38995642354798765,-0.054514762520149,0.3151996218611474,6.132115651237307
0.3881813356751461,-0.0126947246808026,0.324077304724268,6.089281269249583
0.37637323891367686,0.005300090759411119,0.311768636471052,5.777600937797285
0.37509921855483813,0.0010813893528942217,0.3306972907643377,6.017954824971819
0.33685485261495357,-0.010108936437800973,0.2747788780641148,5.491886808639875
0.36666370115690067,-0.00933505806907457,0.3343646319550547,5.785988666979635
0.36013720994612625,-0.01720719299587103,0.3380755747282413,5.7904610719144785
0.3825544642198654,0.001617556934477407,0.34947130751532224,6.083751904994879
0.4218360381690829,-0.0370637327248231,0.3366764664980258,6.3322164448376395
0.423230293073947,-0.017239764083750723,0.30314334310789043,6.145864004190165
0.40722862606211596,-0.02052664410404342,0.27515202125493243,5.804078629500721
0.4097638550582252,-0.06520028918203256,0.284058004881883,5.996965006979408
0.3900202417102577,-0.04079660044206469,0.33138370414582036,6.028185123262688
0.3420978899910105,-0.10133524625675021,0.32480222643624707,5.9320295027621555
0.31972933557495237,-0.04029855812635871,0.3285269241759444,5.581990094952576
0.34422602762229815,-0.01011039049033614,0.2706145126310941,5.412959591384595
0.34040196146024826,-0.05468059351208726,0.2273542118654891,5.254760099817715
0.33813785745104374,-0.04520518440005233,0.26236762083720766,5.391691489815301
0.39779366747548195,-0.057665230560504085,0.33411671515578695,6.342896742159576
0.40625187504715504,-0.11859521082352927,0.3758248694115315,6.754433645383275
0.41576548539844527,-0.08214212824701964,0.31569069854290066,6.378782142361374
0.3895965533815989,-0.08097111005111306,0.3328759276215186,6.219030503738385
0.3966980900488122,-0.0730164127837166,0.37538401265055144,6.487746543894437
0.3976969331590235,-0.09862120093233098,0.3482420346087207,6.429938596037326
0.45909187803582513,-0.11172985379189461,0.39290689225048536,7.112901044976649
0.41382723037001895,-0.07222090251824255,0.4098214525855552,6.916605487667266
0.41279314077264523,-0.0809033536372856,0.36530105814825287,6.584638875878566
0.40829908326458053,-0.09243207101741405,0.386028950722872,6.7633886604385935
0.4080081816754349,-0.1000387524105744,0.33128980969298055,6.3037026107548675
0.4032099796360144,-0.07363678111375621,0.32253350648560186,6.099807223337769
0.48910934402244893,-0.026125415782592556,0.33432435605671373,6.708586516433313
0.3984214394698299,-0.024063672958963615,0.23943896634740328,5.489775285642438
0.4129710294071162,-0.030272858506505896,0.25462634673512347,5.656613405259354
0.44574514630583156,-0.022445129394522572,0.2794339813555307,6.01437844391411
0.3837125109755689,-0.046569698844523444,0.24879195557907763,5.568113424152498
0.33079601949642,-0.04673629494401433,0.2348204419269955,5.117232809556625
0.31476438561697906,-0.018510479512557246,0.19257971546477978,4.652204806418957
0.3375266038531174,-0.08343670131117635,0.2579354072417236,5.309208861590119
0.36238930330329694,-0.006321675234515628,0.22581616121115844,5.226774887622892
0.3854381479840235,-0.03679993251766484,0.1949700084413541,5.330758032243526
0.30017256237331624,-0.02014582822402863,0.17527703129395458,4.561593205620512
0.37047770783528544,-0.014505850117573722,0.16784565055945067,5.040619428781924
0.3837418868881102,0.035981189587309295,0.12762888320318744,4.892146666907613
0.3168018526406219,0.06260324944836021,0.0993960585057492,4.213584767951316
0.26059730415906657,0.06029629838098742,0.11533021694639585,3.6960230646521444
0.36395922105686757,0.07219334741808951,0.09797778478756508,4.436201478297061
0.328738998724466,0.05431502387986218,0.08146510709642228,4.343167614293585
0.33693351606882493,0.09173691115349003,0.04405156546215003,4.279790870230846
0.3121011587099195,0.13056819311436638,0.05085041922411454,4.150031637610059
0.3135104319492257,0.14035165146399256,0.05879912311776301,4.306180850731215
0.2888153221594755,0.0984444556457229,0.1003970460453303,4.212650426139831
0.329773372123218,0.10197527585860422,0.1503658812466828,4.651270428222959
0.3364900816247774,0.10563417395474903,0.11843849147941928,4.531396766801054
0.3029592837961323,0.0779023844356312,0.06454000708643398,3.9369835889663443
0.33507681504037024,0.12181498191270121,-0.014595062877410565,4.258117712974928
0.32025685685349076,0.091642485533516,0.09617779274460458,4.27474198032087
0.3315497472117201,0.0908608958398942,0.05512182069936275,4.163707896324189
0.3367827966725345,0.0794266974812001,0.15164351572444182,4.584340840864154
0.3654510660109769,0.027423099472593842,0.14360721607651505,4.960555622431488
0.381925269465265,0.03186113113151178,0.17263707160375386,5.057637075957455
0.352975000080692,0.04100529661166559,0.16047194953213753,4.788769894336901
0.34872486116457996,0.047518997483252653,0.1562831848645783,4.583119913783665
0.3145156367203027,-0.007339370594763201,0.20558875531183382,4.590784157829222
0.3020997222807801,0.05945702623435132,0.1832616725395954,4.329844415011497
0.3568479143662505,0.04029780435972516,0.19065106739130958,4.883278859284801
0.3347665511244134,0.058374949123837123,0.15396938407448973,4.531708160429854
0.32846282027512175,0.09552543813165833,0.16987927156763616,4.481777127989821
0.3251888670763598,0.10173963026171168,0.2039950904636435,4.668306410079815
0.30468414150312995,0.06471712070578486,0.19285255236825366,4.643488699342847
0.30779405639773255,0.026690758859988423,0.26617163952523415,4.957409284631068
0.2970185445328558,-0.023519216037545903,0.25164974044326344,4.900070820187205
0.2717460214975331,-0.06109569579392099,0.36051379041242376,5.403071041599648
0.27010034617255996,-0.02281533753395554,0.2919750091300355,4.969117687854359
0.272659508231129,-0.06681982443049714,0.2629631052383773,4.879539932930693
0.3303560022621967,-0.0044181228217269365,0.25684054796221606,4.97862955787262
0.28709761879239254,-0.027872259372533466,0.1469653050802184,4.571340453055196
0.34384821957137035,-0.023062488415221225,0.21448747636063575,4.9278656848592375
0.35479284758998964,-0.03922491237227966,0.19588323655719353,4.892717874828901
0.33966951934314576,0.01203662766328404,0.22766482586736791,4.960111874999732
0.37859909314595874,0.00496213590230856,0.16228898188939256,4.868012963031172
0.32667241493383475,-0.030060910298261596,0.23146933120668714,4.82033635640631
0.32002148616036746,-0.034511685818451744,0.26816937881305897,5.234959734809072
0.2570591337853982,-0.0395748805264506,0.3417708958911414,5.184650467750013
0.3057639620633337,-0.06018008462541476,0.27904131993981135,5.0685698448307495
0.2882385111420532,-0.09237096043387391,0.3396472379251137,5.530861718362725
0.34913455102301166,-0.11076130736449437,0.29484137900687973,5.542290369045267
0.4001609826493764,-0.0018208226258350103,0.18258453835071675,5.228270027660592
0.37227295923478587,-0.020006677487705557,0.29324960264795963,5.618369067852434
0.34922264586020907,0.02190005395568421,0.23950732374714112,4.913079728335203
0.32608318257594515,-0.03801904811560942,0.30681706228875366,5.137826181726752
0.348495572374271,0.021023063513160082,0.2557634664340505,5.125136707170847
0.3485325620807425,-0.012800768212981808,0.26889868421134977,5.060667323930902
0.4196546146092535,0.02694474549838116,0.27225573051212715,5.684646976638533
0.39267319474434736,0.018357447151383773,0.23252321823333955,5.331574999761528
0.32131134223563357,-0.01937173160397738,0.3503936010149252,5.534231815682948
0.28350958160174317,-0.039924785001599905,0.343319441822148,5.571094838487275
0.2707078008309753,-0.06783940885195397,0.3832479892039561,5.843617326395377
0.31771967155729064,-0.0379624561050259,0.3698349474365595,5.983220299593083
0.3285243526202558,-0.05980234125926176,0.40490684727713155,6.197608899096552
0.33354613592172294,-0.04061468279727379,0.3534232076713181,5.891315080425238
0.37908334150223494,-0.07550161803560497,0.42808879586078175,6.652643531549514
0.37997470898501223,-0.05876302656425846,0.42684845579212316,6.573404713078383
0.4112733619647471,-0.008247716119877627,0.350505642192136,6.397068184759855
0.3895569685697813,-0.04696009657943512,0.39011070929825115,6.370600797363959
0.3764873408265784,-0.05141648930792936,0.37818846791960964,6.33994200695388
0.4098417941429846,-0.07162216201513712,0.4173622406566109,6.741258168960959
0.38016245288493133,-0.08852651954912849,0.35273502931943396,6.253353108848841
0.3204621003921065,-0.07104146203555156,0.35313814136879057,5.862947660698366
0.3587778410551764,-0.06427346688008663,0.36394251130926286,5.95382416706518
0.2711779835775814,-0.06481370331832934,0.38224861091427026,5.766665643184928
0.2625942950861484,-0.07591003818021186,0.36491959127304235,5.603155510655332
0.2729565086725679,-0.07606386903174261,0.3245818849124032,5.328400100502073
0.39190073354271304,-0.09692830166470713,0.3954455002914539,6.74888297581243
0.4451057226252307,-0.08537891062171132,0.3329915511607129,6.584888381488617
0.46786884506855797,-0.059501219874220156,0.3090454628667307,6.603617634039078
0.41063357768652803,-0.050967956090466005,0.3509287938089308,6.3626598392250315
0.39169752729663515,-0.006089933700541401,0.25994484663525086,5.663386842492221
0.3677446197661653,-0.03539411876168314,0.31323850181320334,5.6597044844344
0.3612052703490977,-0.032841633482595854,0.26896857068709484,5.354552460538129
0.3186273522534337,-0.030474061212239206,0.2910517285378771,5.0612933852460955
0.31239762193021936,0.004333368481169574,0.2890513021391718,5.135586324201752
0.33523122297684954,0.04059950378136714,0.28869811151172975,5.165337788859652
0.3191235118691249,0.030551123033602082,0.31473434171627734,5.289742581538651
0.3358514058348934,-0.0073573500010938415,0.2761473541919657,5.38027617008711
0.35507283268470047,-0.009614503581866917,0.31828051920878697,5.509883112309894
0.3992568613864133,0.05140211264709738,0.2501286958938801,5.5590914997369065
0.39832260959648236,-0.024816610454144055,0.3270688716054975,5.975418624870768
0.3776837277198464,-0.017016765742663108,0.33343315552432884,5.907459934085678
0.3744658574618834,-0.026831169008595928,0.37643908235964413,6.288378945504703
0.38262516193752133,-0.05531061900465489,0.3376911004697192,6.069165536353433
0.42473189127719296,-0.025067917613243073,0.30191062350936204,6.145406562727072
0.40475311984568124,-0.03691656129373428,0.32348319148877047,6.183135671738514
0.42749444862013475,-0.04523666885031873,0.355651385082651,6.288351186384226
0.41720483622739457,-0.0550548800546828,0.33787624958346874,6.279736291725311
0.3655938362683272,-0.03755494494647517,0.3766488038830197,6.136099946742388
0.38114919887034526,-0.018784041271388458,0.38511588433271804,6.367384867362067
0.39053412707738244,-0.07796955271818903,0.4408674688042688,7.045879762086371
0.4353592868336366,-0.02149439573218896,0.4481418727076374,7.362141491928282
0.3640166883703157,-0.06668706908666423,0.47688263514729473,7.176525809368943
0.4609042819470836,-0.07787260872745189,0.40809335080321063,7.20921757977094
0.31177651678342577,-0.08726728415253951,0.33224259571048037,5.745639396470766
0.32647715347770634,-0.06262032503801508,0.390489080339467,6.194363710857736
0.35444945866580874,-0.06720426445819448,0.442085033325197,6.48426381864815
0.281413953257082,-0.09257528314877382,0.3848156820816891,6.066399860721474
0.3132661474004153,-0.07370617433946722,0.361212666701498,5.919588841634457
0.3134292045497105,-0.07232798013960791,0.34861343428806557,5.586181579023533
0.3205208313319811,-0.08794866440987666,0.3443195896505345,5.907057105762839
0.3827254193089273,-0.04631367772236443,0.36433665179424485,6.272035125561284
0.4025681798407096,-0.04372761494534849,0.31891580470703523,6.055409108151356
0.2844063470152199,0.004757916891684099,0.2187414928636971,4.795409460544157
0.31421144937372764,-0.02595743899435562,0.340642531752112,5.337718726060548
0.37007061296493854,-0.032049413166756927,0.32910881356323485,5.8569056346883315
0.3732098368554667,-0.00044682228057713047,0.2777431910217308,5.515922139801436
0.4098539448832555,0.03351125329883891,0.2405905479347632,5.679053125677972
0.44697976771887205,0.06007967533577516,0.25232797151332986,5.885510174526438
0.4359336840177899,0.010760927583667156,0.27948083338681,6.022939739208852
0.4564813541656202,0.016756270198152852,0.29393224442713567,6.135198129634093
0.43031119442960164,0.048679148218452734,0.20345385413133066,5.600807869743971
0.46448788677085645,0.05885723088337185,0.3001210462860026,6.26400085791084
0.40037792328329547,0.03390746111159519,0.26351831474292,5.445515131303712
0.4125941911867824,-0.004724744907178201,0.35642117008528723,6.137530348266769
0.48242332577873,0.06082346074027731,0.21006057988399937,6.1221219141609575
0.4534021367837998,0.022664637890652147,0.23555013438592137,5.813784804211216
0.39192500195802943,0.04830574069898318,0.22876873791670244,5.3537102053684915
0.3685890052743236,0.08076253372630265,0.19944345924794787,5.022363032898708
0.3746876714460638,0.042166991111882955,0.2594643721669662,5.302599345558171
0.3615034210623062,0.06731393791077213,0.15149130556705473,4.755488194431345
0.37965215806918995,0.05474503792158517,0.17450720390769245,4.895562651891544
0.39826555018008497,0.04845144540568226,0.1869000075921761,5.194657758470356
0.4689250618979389,0.06064853638878923,0.19546643137886618,6.012640373265988
0.39691586687369285,0.07398379541311512,0.1359376789540388,5.058845369335073
0.40271421400795987,0.10449613518844134,0.12684734476477802,5.051300135513776
0.38831911852753626,0.08560090124031958,0.15111220003431686,4.940071788530797
0.33640696263745773,0.07724958451388608,0.11695675320896881,4.42006037958106
0.2804121162451075,0.08869537114224049,0.17549978418630155,4.351160606185115
0.27854643797998446,0.05239621077685865,0.18723096420572177,4.133060248746726
0.30862803470762934,0.040505648639692526,0.1690437457432655,4.552400493767582
0.2873260674401662,-0.0006618328615908933,0.20758584350035547,4.808246110049514
0.3122308880668599,-0.0307638618814387,0.2287427913772975,5.134559562853043
0.3144831584256544,-0.060814339684286234,0.21096431731089488,4.985586293756715
0.3405045133942209,0.013681461738624827,0.23853375017607978,5.35314331824809
0.30603942168897025,-0.030910562754100458,0.3029104786530333,5.333783219554394
0.3354239729251362,-0.031578541044001526,0.28863980466544936,5.462089823630472
0.35940922809326575,-0.020667340966636045,0.3361674688179203,6.128426479127059
0.3490804254732343,0.008667844899409444,0.28394600248831137,5.618602326609397
0.39952885931954607,0.02577060676431395,0.25475067180724853,5.867501707087971
0.37031728263554736,0.009078387115674259,0.3053424639016073,5.7430805049040305
0.38633831693958764,-0.010429628272540847,0.335965557330652,6.086660966706795
0.3824224679864063,-0.0016759271696188747,0.27331295118608756,5.70693040243512
0.37854101204886204,-0.005759605223901926,0.2875662889453763,5.873110361298733
0.36332957199182847,-0.0038052347653987485,0.3004513596997783,5.990040937083592
0.3616353730345314,-0.0322385052110731,0.3444832963831576,6.045440430947388
0.31936661659475435,-0.042625810691880484,0.31845466131693717,5.6110300645262985
0.3628533216624895,-0.036290102330805034,0.27629844438966056,5.659244433134481
0.3957288817096779,-0.008322741956752195,0.277631436195868,6.078031969083829
0.39860484444116295,-0.06372646836561482,0.3566385311435576,6.52792939263995
0.36496516049342714,-0.05842348717246072,0.3884946073181283,6.605378041938542
0.3316615696462222,-0.051890924007914466,0.34343433109126764,6.085520921329923
0.3401152717073948,-0.050521915664993464,0.3397331083011099,6.046297283878524
0.35297440082047965,-0.06867617823927,0.3467205900406591,6.120673631393275
0.35349946632673024,-0.11199155720029223,0.3525669098414639,6.145202743201505
0.3436056152642643,-0.12050557663953426,0.3775912132729262,6.235236933016415
0.3121908564698512,-0.08351762223372748,0.3175221804085167,5.465645819714949
0.3558729323366374,-0.07996146081902139,0.29870953943274303,5.67339871395809
0.31336943282169005,-0.06763269068346534,0.29797034910954573,5.448632235444916
0.30300492055709805,-0.029441924993310564,0.2509510969513648,5.045649392247664
0.2666951708785043,-0.05403872637357426,0.3364761035634862,5.352326339859802
0.3331602661370082,-0.04620285709176156,0.2786957705984226,5.244251782729356
0.301555107679244,-0.059577765293133314,0.2774809473741082,5.069349198331485
0.2744586167889601,-0.02735395011380873,0.32536997115505123,5.210568260077783
0.24798594744322774,0.0002750499696646097,0.29204101107384167,4.7933770980744
0.264890675887682,0.024067217350931536,0.24145134448716732,4.753066178089187
0.3612778388591121,-0.02980003990016731,0.2526724290383196,5.363729542712418
0.3441217732110908,-0.041820057748049325,0.20175460120764066,5.258057473225844
0.353612919565689,-0.02828396394547019,0.2439823710420992,5.2821509760829715
0.32486182000736424,-0.027340985138243522,0.23300998679293433,5.110605063038272
0.2757227346335958,-0.016183138545040873,0.2733584626797921,4.864817810040807
0.2750221214215365,-0.037672747426586294,0.27028783712101545,5.146056592622216
0.36920330301264837,-0.047715328108507385,0.28281895410639596,5.612196124335659
0.37926893408966567,-0.037814316118798166,0.2761909071704931,5.7410502208235314
0.33757028216483537,-0.011469363693389484,0.3093838440671529,5.6383074608198545
0.35785008552058317,0.026329109178958397,0.23604208559804132,5.2397687147430245
0.31616165769899696,0.01565279054168396,0.2617405071876455,5.049356093199987
0.29000607942732226,-0.04723487475291705,0.26419945021773655,5.157160624399842
0.3546723120263504,-0.027953297361381944,0.27065529214603024,5.523774068088065
0.2718540740154127,-0.043615250235456836,0.25402899420164526,4.6920831641704215
0.2436677917792252,0.03757998896913982,0.20154314274158217,4.2294964717475425
0.22957729283322137,-0.0034370543010065497,0.22640893920406838,4.235248451695957
0.29777579574793206,-0.008929205000774156,0.21261670654286444,4.555986276415911
0.2821330377866378,-0.003071670117167977,0.18988944659553694,4.33489106583197
0.3011680121682276,0.016274282806473646,0.17579289544047297,4.369589756221252
0.2723335268229656,0.03427941413263506,0.1990994087499975,4.372390318661204
0.30553251508664564,0.026751325929976984,0.18603109734567416,4.380247963554309
0.3324563133096487,0.03201927687896151,0.2273002874735429,4.886743664594459
0.33626478422677913,0.032034582225998684,0.22809761991456753,4.85476138004077
0.3666350243509963,0.004152221123500623,0.2256460364165592,5.114917193951502
0.3417760687431946,-0.02394096674812486,0.24320888854914113,5.095288940109825
0.29001068579973016,0.01456398984024945,0.19154015149218412,4.497292269990995
0.3216670847083801,0.004657834435038217,0.17751406704596895,4.509751337711606
0.3460310813759303,0.01992048015797413,0.19245415182551504,4.744665504796413
0.30011490696472665,-0.05515306640816887,0.2390123478257321,4.84544296214531
0.33663069978480464,-0.033768513721005027,0.24610313309568993,5.252975884232715
0.3097387937310436,-0.03091461366980434,0.24183242542461,5.047033544744075
0.3352924729871734,-0.011474369934504815,0.2289974629222341,4.879312949488262
0.2902227216471415,-0.0044177411428669025,0.233070388718251,4.695745244436227
0.3295035730168115,-0.035345940138050716,0.2213600915207628,4.962625370668773
0.338920557069789,-0.02192537111632484,0.26001788352019084,5.295134659077078
0.36704715251211856,-0.026312321802650158,0.2409753817959168,5.306873029191013
0.3768178002161006,-0.018445583565414654,0.253351965423244,5.557614338824363
0.33378332345468587,0.01330243216965671,0.17498419502647294,4.638861862490844
0.34521238982171465,-0.034644285124110955,0.21466367610142653,5.082534483482149
0.3230196499444586,-0.07725844002675909,0.2543298138948489,5.138880536398775
0.34343101598099324,-0.035038900785303674,0.34299096889968805,5.824960051239981
0.33778310824003016,-0.04893870032466157,0.33271234915875475,5.712694785191906
0.3434672484627448,0.00141318768195864,0.2542477660868283,5.173350207473101
0.37647621896042455,-0.03707008952983652,0.2678943848660903,5.533898467167977
0.37717505485427466,-0.03217524112641994,0.2696432167569846,5.399071288193668
0.39549844635347825,-0.0038811615137802034,0.2523048425268368,5.489611907298076
0.38116178896084313,-0.05391110538256492,0.3056703066732003,5.7083852997958235
0.3527061963744141,0.03362810958726581,0.28663798552629066,5.599953943935674
0.36192497652429,0.013100471530908016,0.24332882704146983,5.255679731503303
0.372650440956556,0.0006193366324583989,0.2626952083586301,5.427334551139633
0.3717363567726134,-0.005300227443545802,0.22584861101610204,5.284292825480749
0.36682457515083594,-0.0014901287733849397,0.2548649445234204,5.316910946919559
0.38359795104297095,0.012910315743885134,0.2930003857497563,5.662040155332152
0.2934979142526979,0.0008053744494903304,0.23666987145680157,4.779260779980554
0.26201807138760963,-0.029691533602286217,0.2288815682410158,4.5140851110340705
0.2575227438303534,0.005178335207910563,0.27421806088280803,4.774464465150181
0.3096083272927535,-0.019249480480668713,0.28262459345365465,5.149570247733482
0.2885381764800765,-0.058942272841997996,0.29953301637717994,5.179979089221244
0.33294089762753865,-0.038518930851320785,0.30242910186351973,5.397988216214711
0.3342490884761221,-0.007451347129719737,0.2703218779798188,5.21907560425467
0.3022469058804046,0.025031645575505652,0.24385219787993712,4.846513382201167
0.20761849825241271,-0.05964077126440374,0.31045336018191705,4.693053667772193
0.2750580104550556,-0.06983092758263446,0.254961516304551,4.654801303307695
0.2812731783563599,0.0036579142759660837,0.23141790623382347,4.67476227383237
0.2875685227380031,-0.049377890285709755,0.29671097683950326,5.181848828141159
0.3222029488557221,-0.051855994360382414,0.28394334999675713,5.342003998740607
0.2859308311184499,-0.05375064665450521,0.20779885098340595,4.6479181720131715
0.26605994914259234,-0.0156325914841604,0.2277666033220888,4.662186904416427
0.3324906516104324,-0.04176898601081978,0.18987745443204457,4.780562219447883
0.36152632185114997,-0.024339752211900226,0.2160498935719598,5.226462718220494
0.37177727986929693,-0.027432726828890495,0.25272237896726824,5.332960328506262
0.388275668192407,-0.019491057080281007,0.20489538061109167,5.435462079827098
0.3602486171648837,-0.009269079405218709,0.23841388873500993,5.307854215053996
0.39289575450569647,-0.0799456236857402,0.2681068563403739,5.754870453350887
0.3855005017652415,-0.0200564268299028,0.28359220268447594,5.8246318409061555
0.38435380060595425,-0.047244763507952814,0.24236662280308383,5.5264076049147866
0.4225942290169028,-0.09473949793888821,0.3076297077579839,6.219715035056985
0.4162063713056748,-0.02927346397556329,0.27168018126268595,5.83285478214045
0.344712840330086,-0.03521177957904173,0.2756070539402215,5.5708981961406385
0.33034629918883834,-0.04210541088074182,0.29342215682936457,5.61421023521687
0.3460205937697029,0.0047424328680547604,0.26566616459267245,5.392382642655547
0.37762840701937483,-0.03800185202653015,0.29602232948357277,5.76120812459911
0.3041551432607923,-0.006484783577761825,0.22792852333666574,4.800737443628137
0.2825693260098772,-0.036939597863194146,0.21555233557333595,4.743577798248763
0.3021757373376388,-0.0245755007258356,0.26289713060286624,5.073585074930162
0.38586969381057956,-0.02559306938020019,0.2751884307979065,5.697872412098946
0.34415046920621817,-0.04670806651007626,0.30915077754873344,5.55783482938214
0.34506662833327834,-0.047499940035185824,0.2951395521425114,5.6147341619101585
0.38670693601052103,-0.009912121554562035,0.2512625697608555,5.750784206460916
0.3497779219079746,-0.01620219342539397,0.27361206310036573,5.548029540644496
0.39897061872865874,-0.06114543160711326,0.3483829071851322,6.310311376493034
0.38522563404683635,-0.02974094389271396,0.3033640462448028,5.971423036384998
0.3815521937897433,-0.0181910521777717,0.2983608249840169,5.973510135612123
0.4189583347529318,-0.021934536930931295,0.32975972494912487,6.261882481010271
0.3413959675324105,-0.048138765156205514,0.3128182887894379,5.630146883985605
0.39646073767434126,-0.08526830912879275,0.3032441933253004,6.029233472782162
0.3607949335173954,-0.06871707664293254,0.29318329789381925,5.758527060888359
0.37447921472715484,-0.016720962466280288,0.25457633102189575,5.4334802925616765
0.3495906308219202,-0.03799120229692853,0.23970191220854717,5.025875444876016
0.3640907061783853,-0.05833433094398104,0.24653098133954954,5.195482017141695
0.31654696995420106,0.006779093323170968,0.23363819738258843,4.9434377004160375
0.3284535682971811,-0.008522112770089714,0.2221962479935867,5.026223912827991
0.3211907841856695,-0.005156072150354332,0.28614876351370544,5.186910814325639
0.39944126007473185,0.015830549279922237,0.22199227691064116,5.2939569126656805
0.40981340648538683,0.024532370522270367,0.21273804510326844,5.509250611839647
0.4177126486984611,0.05302796637605195,0.2522307087717372,5.820738734595282
0.35404685209021797,-0.026807699946139803,0.2162295106824939,5.100811576974051
0.27144804837524333,0.001096048978494782,0.1942573584841595,4.408194598957073
0.3828403502507187,0.01297343749066252,0.2270841293976768,5.382325261499344
0.35415985749115364,0.02694519617457149,0.2054860469029814,5.055128836312645
0.3913094758690272,0.03799693121166617,0.1898982097465794,5.453373172873315
0.4022661329657172,-0.01120144388687192,0.2364075945342753,5.48545922961265
0.36656521472997644,-0.021482270391042776,0.2449884919965354,5.281556632326663
0.36997713924496517,-0.0025268646341683678,0.2526718200616774,5.432189266483266
0.30281089749881407,0.006399244292114175,0.2670995936005359,5.0099631049912485
0.283948229579592,-0.04422796719490274,0.23830303237653638,4.684855826697013
0.27666464179154304,-0.023427945645774193,0.19327314808216978,4.471806168657166
0.33041221901354334,-0.04612501521070344,0.2906535862292301,5.388602156574721
0.3012844975256708,-0.04542181918122813,0.30093329236896976,5.423287393616746
0.3780510290807483,-0.0701465714987458,0.33478405480852036,5.9055609338639306
0.3326466163289019,-0.03327351228825152,0.2764093263400948,5.374935464455595
0.34043401381811755,-0.03860615228260386,0.22729661188767109,5.201634206461155
0.2920555111367633,-0.037861988081308987,0.3162125376214748,5.348893800700761
0.28684828625974274,-0.005909597187217221,0.23838437313701263,4.886599357255582
0.26521069832744026,0.052047997480475325,0.2341503272696513,4.732327479097129
0.26705058517005786,-0.011335757311072161,0.28515356400495667,4.893904393515106
0.3114149696573207,-0.05979819482772709,0.27436982217358336,5.084141447775965
0.2837931163313718,-0.034472928230166955,0.24780415409718357,4.824506446089127
0.33620045836782264,-0.04215880697023201,0.29825363913256514,5.517091275640841
0.3443196892356554,-0.06696896819886788,0.24645514977207675,5.168743221000142
0.346163644855617,0.019857085418336667,0.22894526094522655,5.081108660766525
0.34710419845745777,-0.02958009790354344,0.24973385615669222,5.282371128525987
0.33572626902391295,-0.04177995272386569,0.2769550977672534,5.460724215373999
0.3509001450671737,-0.04755944746207959,0.30085210809465257,5.6967893834828764
0.3092182114698744,-0.04483631817611826,0.31232914781122195,5.400654333621162
0.30423101834656413,-0.02831451185859055,0.2572712199822781,5.148212133106707
0.34628283606861593,-0.060606765675064574,0.29915021266153086,5.707352408670694
0.36791292430797745,-0.0562217401514431,0.27338102983721047,5.750524094896243
0.3463134892589838,-0.08682133524153175,0.3147036423801591,5.815698906004057
0.332215827286576,-0.05700928292176987,0.2778310531165724,5.516337061998916
0.3718669969467087,-0.1051428063575125,0.2888992049975056,5.937790369151114
0.37301035405750615,-0.09933307375284027,0.32548256625157895,6.227278873606585
0.3775011244617144,-0.13477701243346354,0.33955857487928065,6.274495091529849
0.31913434695605136,-0.08668311071945593,0.2423885141635322,5.238938061352664
0.35300706664588255,-0.053300152886207826,0.24060819381393955,5.494039868051336
0.36087652134429965,-0.05042015043549939,0.23966843778785835,5.40304679298683
0.3939853616696325,-0.03899928051471677,0.23317462112407325,5.655309307409958
0.3799897069358501,-0.04894425054233968,0.27859833789867605,5.673439249057163
0.38068522400874477,-0.040426735219765586,0.22419627851761698,5.638719731355624
0.3790932823109157,-0.027303227743009414,0.2060106721174582,5.371862885558761
0.35595896199711646,-0.03112303633713339,0.2397116913074701,5.21962013990109
0.3049433405699866,-0.06029902797782267,0.2591298601283009,5.183953665640812
0.3246370876457727,-0.07387382159222983,0.3066372975013202,5.560441184943513
0.31520592125238706,-0.044560162536859384,0.23432199834071932,5.057277130569508
0.3058226626731309,-0.014600478961864592,0.21685848495399188,4.759657277054369
0.3111495522439621,-0.06861068106827163,0.24856449647069795,4.990526701264551
0.3306307162673696,-0.0237193875079493,0.2129442268689977,4.931293686980212
0.3094072062479334,-0.022585700191495674,0.19296677071897286,4.814822906251562
0.35262624514644725,-0.05410967936257005,0.247297018453369,5.394155274915364
0.3859516666343059,-0.04764863381766001,0.28205878465072237,5.838494977122445
0.41228025985211597,-0.09692959824884971,0.2695179524751452,5.940640637225556
0.4070154392466846,-0.03590143656957118,0.26422351640263514,5.601891281443434
0.3460304999184069,-0.05876025286627538,0.2860395830947715,5.544057700974284
0.41645988261294475,-0.060899340513463386,0.3173394630800893,6.312027786783198
0.3552691501852416,-0.05672765876411716,0.3274652599405744,5.920555660225762
0.31237582417610144,-0.05154934709816106,0.25662764931775695,5.1056704932258965
0.31083916263237604,-0.05793229179263728,0.2561868576922151,5.007221827360948
0.3718226061462262,-0.06073112102697869,0.27194851090179917,5.464112334813395
0.3630652772227553,-0.01899867626991746,0.25594600847540083,5.41090218385283
0.2635788893586555,-0.04250620927534833,0.2577798118482695,4.633590219401781
0.27394215803889044,0.07915268910863586,0.1868343681315434,4.2481125872627805
0.24946023126369404,0.022615556263240626,0.19068913905585638,4.289531925556758
0.31269923525221893,-0.020118508270996448,0.2171508466524492,5.038803764617409
0.3239020456427061,-0.042811621551523356,0.22661033314711004,4.953530674337611
0.31394976341805797,-0.051173156226967824,0.22422592295609572,4.968292630318796
0.3595309862833324,-0.059816795007522613,0.28805942001533225,5.53027083859957
0.3721225850954024,-0.05935333409843325,0.2743078304995264,5.595013532133341
0.40229576432880104,-0.05332517471220733,0.2840433463861205,5.879002972339831
0.35268942851360197,-0.053315786141623404,0.2982883931798805,5.834932862914947
0.3271865147631582,-0.01925188479984831,0.2382967011718199,5.195348464180757
0.37326463991672343,-0.029158593907763312,0.2661355254289785,5.401127628149346
0.35247078784937586,-0.04366099659904678,0.286839106463316,5.498870117883819
0.29942205204181566,-0.049616782851898286,0.33123241694042654,5.472558371331877
0.35970393604605927,-0.0646702525324846,0.31529593345949875,5.787136693039967
0.40375663307742377,-0.03754633416995281,0.35652722339123494,6.423626044436652
0.3797226924613245,-0.08422512454534463,0.32255997256310703,6.115898631085171
0.3535394450710946,-0.06471621383900403,0.33631737194594685,5.7619134058933055
0.35769255463190447,-0.048157959482048304,0.3270763694814659,5.9305988551075455
0.3887795245592998,-0.050756443534926116,0.2833089624096284,6.000267810767444
0.4147151899876283,-0.05557847279042662,0.3208133162895051,6.501177649408854
0.4506506829822092,-0.056692118046191495,0.28823087259592467,6.491379292078927
0.40366175145666355,-0.08728170077716936,0.3239322541138795,6.3606494170083625
0.3205906388832971,-0.13508076678522044,0.39275623261584885,6.208323438471385
0.38052558333117903,-0.1500629151037635,0.37667132292568317,6.634741763326138
0.4144884995142693,-0.09402408475051513,0.33746307330123454,6.385339062068012
0.3311894588061159,-0.07174417889552816,0.28543551612429957,5.4634519724870945
0.36472744277907043,-0.06888513124743904,0.2681054404641042,5.567759839862901
0.3320522066719689,-0.12793246117909157,0.31468463384779505,5.786185266315601
0.3574587232538583,-0.05773341632861001,0.32610260791206847,5.985495003341201
0.3811112204681281,-0.08546971197704409,0.3090165013764526,5.889376569360289
0.29539891021431125,-0.0646476289264524,0.2885276370363942,5.263754507680257
0.3720336796509346,-0.04898010525119094,0.25914557640231745,5.503729564217171
0.3679675722441607,-0.061317306584760305,0.2585081592979131,5.536403761840495
0.3622424929342551,-0.046451436052912375,0.30593559349528604,5.842318843678729
0.39523414112970773,-0.057874101985156405,0.38487546701873765,6.521689180514691
0.3578032896652171,-0.07792564720920794,0.3283159824703842,6.059778520436418
0.3347305450140761,-0.04477297265483818,0.3028035927538674,5.4596542656480835
0.3709634445512015,-0.048724350926795626,0.27813952341793674,5.70444100496879
0.326165659211692,-0.03763349194824016,0.31440653521895917,5.451072669554769
0.2468955323022699,-0.07105545682118758,0.271911918426506,4.787517047817729
0.3060462516152544,-0.040005705317379965,0.2668901657920346,4.8719952089224305
0.33076712982276246,-0.02083097310855107,0.23117983919512167,5.055958851982434
0.3473420417895009,-0.05686143628191636,0.2751263058755228,5.1953981271667145
0.34125630963002906,-0.07357187367037643,0.31685469489839035,5.567992353309368
0.2842142857298729,-0.05681414830519061,0.2992565109208348,5.08404309836159
0.28723759028613643,-0.04614970829786954,0.2903245362222019,5.149472738558328
0.30190774342284477,-0.08998405690533622,0.2808604512304526,5.240529521648699
0.3079787572895165,-0.06617724869319504,0.2877684242984187,5.286377455770254
0.34118989546699113,-0.045043136819683825,0.3007277649633677,5.646931351535423
0.2796037950137238,-0.07542225581892635,0.29011855074141896,5.287833774747311
0.3573447893246234,-0.07541343736711294,0.3049296093524053,5.897563398237627
0.34334679762575315,-0.06887534544834761,0.3151073270745652,5.6193395988846095
0.34532011430710846,-0.07698387460574818,0.27258620084435936,5.49683217843086
0.3095396667664583,-0.0803129201267919,0.27136893921914035,5.324111550162536
0.3418406107021627,-0.10161165031589393,0.32191502231647656,5.974169757913713
0.38318352873924394,-0.09233697128956116,0.3328874076236863,6.097799217968787
0.39808472774990944,-0.05899796053933478,0.27979934044288013,6.0995857504565105
0.36368958016948044,-0.07634150267099363,0.3007698194074594,6.027783234057391
0.37681315517777125,-0.12178955649596758,0.3707801281026225,6.542997354335778
0.42707666973825786,-0.09203880294987325,0.36121114704841917,6.825552406177614
0.4699879877974159,-0.09639570481271686,0.33016408394025837,7.0213224630744
0.4300788045820122,-0.0672854279370911,0.36003286655711075,6.899297839669859
0.45141829443953296,-0.09382814627489564,0.36554294501210743,7.213634691736929
0.44556867584508203,-0.05537688481152709,0.35441175687716064,6.811493080875273
0.36603391102727006,-0.10504781922760675,0.3440775208546261,6.42525539918195
0.4583252886961226,-0.07037082600933253,0.3323908121193448,6.895447876594258
0.4471023704792025,-0.04190629626217102,0.29607242163762243,6.396579768977252
0.3996368994133808,-0.07885467238453531,0.3377820112597171,6.358674218046911
0.41600767083536616,-0.0835980448642465,0.37904948319455123,6.7431859738890445
0.3870591568219519,-0.09165683968327908,0.3892505488044949,6.67031472186572
0.3360356922617678,-0.07938476039725245,0.33647487408155835,6.050649256673934
0.40379040077568384,-0.08037150652133422,0.35374829845749917,6.466316813275569
0.3852252912219568,-0.031066217830651506,0.32559920182804825,6.0877125924074145
0.4104040181895656,-0.06449416357764891,0.3511603749709906,6.540206524080753
0.41627918823987825,-0.06471269929546672,0.36408461566808453,6.647354226946063
0.42328825153546523,-0.10846655866616173,0.35080453302443887,6.6357819897308925
0.42545785109186635,-0.07149864227083585,0.3261145739362082,6.369284073726267
0.3933608137299137,-0.018571951544894983,0.2897518985728014,5.974071404272344
0.4091667236891079,-0.047263149771961756,0.2913149274888599,5.957896576554076
0.4309264881242881,-0.0725027882675481,0.2887934528942075,6.335369644177184
0.42208770682405117,-0.08589224993432391,0.27960671392438685,6.054976129302766
0.3613633299807335,-0.07314153877652728,0.31777269378427714,5.95571702158245
0.37587458064669516,-0.09976656270502246,0.28407675742390115,5.858003633561856
0.3817537503345665,-0.0705961397137913,0.2937250328829404,5.927221607992784
0.3918074405315215,-0.07044369415059114,0.27874749726698583,5.673696066858866
0.3195742068201524,-0.08586065486088265,0.24331724891319123,5.2525522629407195
0.37478238288966,-0.009920421485477462,0.25643250455327254,5.558570729923823
0.3418008394522392,-0.01542434060593918,0.22018531647390488,5.094159533218955
0.3081814664745026,-0.045070167489242315,0.2120384786526601,4.577930968220512
0.2936432111228834,-0.02915871480879689,0.166809396406199,4.5300372821151065
0.3207223964167955,-0.06058628027453867,0.22648853953466147,5.05951485605477
0.3409034285731241,-0.08985093840628951,0.25668395395453775,5.157083036320339
0.29477180563976585,-0.04463021135592344,0.2150019810927337,4.647499310330936
0.31818854426175996,-0.07884535160537581,0.21222879499749314,4.792999134718526
0.3032927284012766,-0.10586015452701941,0.2737276689646962,5.2088371131112305
0.4378601256523257,-0.09570208710293039,0.27993016489970035,6.0401760377720795
0.41689594635467864,-0.049221270544890665,0.25977412632437236,5.815749942700091
0.4513853340218916,-0.043189911047443595,0.263061216614482,6.122038117371975
0.3635271835002237,-0.05961854514774817,0.2519413647385272,5.348600289755621
0.32651565865649085,-0.10124575514307188,0.28847983448367326,5.291321106794263
0.31911863981088545,-0.10364012397666961,0.28956261018742435,5.2405826272801495
0.3120184660728997,-0.08680734823069486,0.2459850128189178,5.027289115883352
0.2758949933718031,-0.06845608758042024,0.26963307872452585,5.046763878868115
0.26320601169420066,-0.0720492365360561,0.25367207819254234,4.803857581331278
0.2800024119888218,-0.05356736722272487,0.23236956274083956,4.620002230958
0.2927406931203653,-0.06485582247088469,0.22048741129654925,4.813772334921902
0.29804383278264446,-0.042783060657538625,0.23886061929313085,4.962057921692484
0.29849539997583974,-0.06354855656695436,0.26395516905257416,5.017707513265909
0.21445779373942908,-0.05991309032052434,0.26558048660341654,4.605852828013362
0.29361234200238145,-0.06291317146628053,0.2821258261952664,5.160059929725738
0.34464214376060726,-0.04979799754853214,0.28175050444106486,5.4345293810935305
0.34079496271366305,-0.08077178860745345,0.27776882048764867,5.540761240906239
0.33661825495860687,-0.09964295508914593,0.2851393857129191,5.365485807676932
0.32264976971781695,-0.019121352758027278,0.2588427437992265,5.218353427965158
0.3215850935895483,-0.10726565393705478,0.2757144906849921,5.39685294840101
0.312451463881687,-0.06573142052817474,0.28736774398819065,5.298965519098379
0.2726049323077642,-0.05564111044596397,0.25490464150736347,4.789781033404887
0.31218758304177724,-0.10182908757947672,0.2956256610836067,5.298862428556025
0.3318111848384991,-0.1099262633607875,0.2554952585072904,5.243175783612914
0.36174631133615803,-0.07088836434134918,0.23511481679223187,5.188039716921585
0.3069858824667358,-0.03632110221774042,0.2583013903041311,5.11038804396598
0.31684926453100226,-0.04358960454309125,0.2350575874983302,5.069708353953514
0.30631361268655805,-0.047648876397915416,0.23941192499828762,4.999315734796708
0.329333174623051,-0.07018412944901178,0.20833369496820897,4.8711506402294695
0.3474173604295122,-0.09187134312025025,0.19651723257846412,5.0805437140661995
0.3182184551395753,-0.0441549595903892,0.23088836254489506,5.073935462734501
0.3455750094201492,-0.0569289100998139,0.23190668269170495,5.222719747289027
0.344081454934256,-0.0900649388833831,0.2576597440010334,5.329988771341936
0.36377776754787333,-0.07726414930820612,0.2578417711979757,5.532894462592806
0.35200322984743976,-0.10099613623849149,0.24188950284591004,5.394071718197496
0.3198095170825184,-0.054498702018857606,0.21648979066305418,4.985060358734167
0.3114697250759369,-0.0767529964519141,0.23294619449055784,4.993446360083826
0.28467817008630447,-0.06668177271515899,0.21278182672235846,4.677270027722746
0.29639439547529556,-0.02038371790216808,0.1853428833312941,4.4899711848848805
0.35640226465066716,-0.10267792212362768,0.2631708228051459,5.476287594948368
0.32155853954017166,-0.03468763233017107,0.19384771520774557,4.808654203032114
0.26285710757336905,-0.08690489875470703,0.23500488802211772,4.7844776130005915
0.3193508538023636,-0.0753265966114023,0.2170976082552771,4.951162217200187
0.3515697896897255,-0.06284324326048109,0.2403602554758335,5.22511799476496
0.39656451970121587,-0.07027431721635216,0.31160880990916195,6.159413061761849
0.3793649572773424,-0.08528610969285287,0.2814747934533972,5.798280249349428
0.2923296769975275,-0.032575515261221114,0.26076219035861314,5.003942811822675
0.23429938552480678,-0.0001370070771158196,0.18913557252803828,4.075148829238369
0.28544659154166085,-0.03641727068907792,0.1786657681493979,4.377691316417428
0.323107601989559,-0.027889795989535702,0.17347473374767933,4.483489277339407
0.2718091357788295,-0.019229361283993544,0.20282177313475824,4.313964981478642
0.30947714459064396,-0.001247531803854315,0.23211630134958636,4.508869947224967
0.3042538909927155,0.053704640814420626,0.16415170666348308,4.2512453152890615
0.30338813030927625,0.03342378925743252,0.1862409154992078,4.367911263386367
0.3780105912580196,0.0476842382376852,0.1677718135437497,4.907940367664673
0.32988783427638424,-0.003757533181357207,0.17849004835977292,4.593387104694746
0.3088711104890284,0.0002728093558686933,0.20987518153576343,4.57302148917051
0.2512486437002834,-0.005706576338145531,0.20397537749796,4.225274425563204
0.2674968566665741,-0.024027039142862708,0.24586090843358963,4.353911927104529
0.2156391351586311,0.01756975815589663,0.17575904288424457,3.8726019631876025
0.22483413771693977,-0.03265402180352909,0.13225885827413772,3.760689470283829
0.22683334583663775,-0.022089212985324683,0.17670376114046288,3.9395030358437397
0.27219941974212286,-0.07569508332979684,0.2453027675688678,4.868335406349292
0.3158844012011294,-0.06887100370969904,0.2409780566755464,5.060873291774142
0.3132022150904459,-0.0022516646584106745,0.1712851390622804,4.583141022415591
0.34256119267727886,-0.03432103110596767,0.1828151689839854,4.939689380949867
0.2740546100667451,0.024596468181309006,0.15421378010735745,4.0099238267509065
0.2562641108786702,-0.006781775313248203,0.19764378788274725,4.1633460764721875
0.26007198954291083,0.025914002050259195,0.1791347638650187,4.121593409719959
0.257746026967854,0.022984329755580773,0.17484029407076657,4.090769969457819
0.3043188279122546,0.017523593829733123,0.17716955544654456,4.415950396476029
0.3250847703065477,-0.0362626207515208,0.25782950209649425,5.107528788092748
0.2994758420570824,-0.08350924632947174,0.31303472849790903,5.377014122088662
0.27501409582859104,-0.05579680746247874,0.25323465929769207,4.877935834304245
0.33899410696328786,-0.06468504127827848,0.25484090926805075,5.486429686446434
0.3323593120792847,-0.06094514470242369,0.2612055799202562,5.220754833766506
0.2844719032321851,-0.05856173425952098,0.31909067404782254,5.371791017121911
0.28677629291463713,-0.023468930562255425,0.2700723025943209,4.928305923871665
0.2594617015090493,-0.03053585013498651,0.2224124168776731,4.410764876362538
0.30608308106385335,0.02029270491442942,0.20495305066882624,4.788155322735634
0.3793129594327844,0.008775159926031303,0.25887138422226846,5.470481017234174
0.3268068500659712,-0.052181506160578796,0.259881606163619,5.252272061676819
0.31896229530697795,-0.07228173141523322,0.19883515323225254,4.990681658795934
0.35315303767766104,-0.06872864309769151,0.2486110892663649,5.423213682327354
0.32487813312501146,-0.03483307000624297,0.25250987659576496,5.094776786057344
0.3030337376503286,-0.04017451924049068,0.22033567212030664,4.7381679054566606
0.30120445308298505,-0.010804967452262679,0.23194181876522332,4.920631778967281
0.3316440020104352,-0.06874002213093254,0.2818501783441801,5.555444807901271
0.39900030559137595,-0.057190145221669104,0.2860099618307169,5.911841032977422
0.2793456156127507,-0.052894347159984006,0.22913108442813152,4.823819640377883
0.19743912276997375,-0.029724940382115723,0.2935701687138279,4.69789991564828
0.25452535885724514,0.004806644040700653,0.19802986738826872,4.4786581231525995
0.2557290889623585,-0.0439654813994556,0.24045412295143762,4.629062225282306
0.3436929890982942,-0.06515679774713325,0.23496767267847998,5.14302097824009
0.23409397209706484,-0.021506180496197996,0.22285811576649242,4.282697101114213
0.3060571194536313,0.014998200274134031,0.22618639382301742,4.856168824690373
0.3092426608295356,-0.031663445869612644,0.2669841808560113,5.178486673932071
0.299394644768728,-0.04815054540091548,0.2427187924442103,4.989540010670095
0.3226263963991825,-0.05687627591757297,0.21027283325073617,4.843243260765284
0.3298424280160662,-0.0026366900521971916,0.18325724797950527,4.603421868857618
0.2551719867951661,0.0024156644219093712,0.14947221762925159,3.973962252821226
0.2150424785493078,0.008710274730558493,0.13204349897451223,3.6219427218657625
0.1938827886588864,0.003848398942317411,0.1775713372772893,3.7629552280952545
0.23764280606284963,0.0037997045833916042,0.2168942679033936,4.268036698316277
0.24453005878748205,0.010730075467630077,0.21583815777017723,4.306165609424667
0.27690775082657365,0.009136876887377998,0.2519238589916393,4.815171012773266
0.2956465668073304,-0.037464699964725554,0.26844029592336194,4.8977997517594645
0.3046159534199954,-0.002312778094893319,0.1868990918996338,4.480735305692914
0.32688959188827565,0.01265411757630731,0.19291592808592542,4.5714870536177
0.35777720899476234,0.02496351292587496,0.17691168098739216,4.799159483142323
0.2564135837696435,0.00039429858278956564,0.17185295566831624,4.1089840532666555
0.3627212892807953,0.03715248459196634,0.225418500664892,5.3321821872574775
0.33625581169605556,0.027437173812816268,0.2305108864717136,4.897254388937753
0.2837627870981349,-0.0007853919357567136,0.2559295723332212,4.885586770748566
0.35574446353311423,0.013953208634888255,0.2391897637963135,5.24028486765146
0.36329223285780843,-0.024081000485737455,0.20467409503000827,5.133007507351159
0.3355097745964789,-0.008571685880245618,0.19629469947171047,4.654435370688581
0.35281772666289474,0.011964987196585728,0.16878026422569437,4.794256760445727
0.35955941598287616,0.07212415106228191,0.13567123787614246,4.731349875934372
0.35769933455016206,0.04460154081390431,0.1766727303260818,4.888950762315895
0.33679318058874563,0.0522039276880419,0.17938720920535137,4.719739717363566
0.4246421324135169,0.008356123403293758,0.16851702561657683,5.323654324001268
0.3734360894469494,0.006225667342595635,0.1855164431429662,5.209254324462067
0.3491557569751284,0.04034997817523133,0.17495566416429842,4.9579287138627235
0.4042260659010712,-0.031171126294013776,0.18590487050406151,5.3098180547383524
0.3292739150472056,-0.02421684646421059,0.2321316516276491,4.996142117654515
0.3296091692352197,0.016048824805389033,0.20290270864567203,4.879523352142879
0.3001073754858852,0.04383267859448306,0.2087212838544063,4.678040866178855
0.3439619276063803,0.03193430315855259,0.20008623132046335,4.8411628646196005
0.3755643269097001,0.057446012105532754,0.1985855512303523,5.1282604212042004
0.3437763813373995,0.01164593204448854,0.20088626682165067,4.920311257145564
0.33966235687085133,0.04819474834408432,0.2222460396520494,4.9786951547273
0.35837711497096403,0.07309378515736764,0.08777580073899559,4.715181157877433
0.36691069187900727,0.017290336414821677,0.168674333338298,5.018595291881693
0.3450276904360019,0.05434585198577538,0.18161466368263515,4.881798139100493
0.2974350867016298,0.07237896201942488,0.18286733940452948,4.474697557303568
0.3356790179975892,0.051588813027216095,0.1927673692429435,4.927236992465364
0.38262010391837725,0.03188353850900044,0.21772434840495233,5.433160371143735
0.40561591690026993,0.009495429003107136,0.21779357278848366,5.533637117530498
0.4166840810076556,0.006411013458213198,0.27090119618422337,5.962199437398212
0.4010440938405337,-0.021566966468525055,0.28176171787933124,5.812582104465207
0.35766561006364983,-0.042173478538675604,0.23593713765538044,5.32036944853836
0.3399324505736462,-0.012535822188309318,0.2199187936577424,5.11681772650498
0.3530226889270142,-0.026990496694621835,0.25244189542401946,5.343663230527252
0.3629263384768473,-0.024629700528864512,0.22143671324432904,5.168039028097327
0.3798631707202137,-0.006005098979714251,0.2894457954098358,5.581896657753336
0.36732331654425027,0.0014871788663230966,0.2201404458373506,5.199948432429233
0.34360017631113343,-0.003702025386245216,0.24470467917392577,5.198111969073906
0.3487773796822272,0.007600780540185206,0.20369805017136622,4.870706897607509
0.36530495033394167,0.035134131746106384,0.18103463281672194,4.911860753676026
0.3513153517168563,0.02177565783212755,0.17380176067777953,4.973415680549303
0.3303511895883174,-0.00010419207217178315,0.20958413283493124,4.743474844809966
0.3076828290960987,0.059204510513408505,0.13076041892544277,4.217006217998922
0.3222690485710063,0.04828592242708291,0.1872957034013544,4.553837751490939
0.27010431523447087,0.048072723688358215,0.200695823061918,4.441991611682771
0.29546267878628857,0.04716382108899053,0.19603352893024079,4.610158355873281
0.32304439887111325,0.04041845316856585,0.21655597507496993,4.948847305370932
0.33415135558387143,0.02138088183188733,0.23047337494742173,4.965088476661571
0.36244833551506594,0.04281235697624649,0.164625403786671,4.868047779372676
0.31822877814201667,0.037987573099930165,0.15776982649721596,4.501956577293415
0.3088894114491011,0.04611283698224923,0.15106775899128067,4.408252114305391
0.27520657920671315,0.056200994921280625,0.16022196847585357,4.308947264855411
0.2860536836667512,0.06835298388179317,0.19578640093996996,4.501604847366041
0.2889677895472452,0.09496669344421449,0.176152338994952,4.355306898249074
0.31191447171811937,0.06486723033956907,0.2018165796855884,4.693365834404395
0.2979861239085013,0.02693118358411018,0.23787291722873613,4.93060381599096
0.35189720361455434,0.004129168904204545,0.21487115291277614,5.056974373576059
0.36801930788789455,-0.0049218386312610525,0.2783713980831877,5.4760452460874465
0.32366924154990706,-0.0038193265942794616,0.27582124245971684,5.192489981407387
0.2892001455812231,-0.03584388490730202,0.2568574562097217,4.933431365631861
0.2911915306420814,-0.04208164296161242,0.25375187062819904,4.960119977365386
0.2842815440369807,0.0012102613876261437,0.2169220591060763,4.607459810652403
0.28435241249767745,0.011036780220269242,0.1936510545954955,4.469509911718556
0.23454960251835172,-0.018213942671140432,0.22523825489849375,4.358413192470195
0.34200077909249793,-0.0009059871221974411,0.27352606341334934,5.361116409065571
0.30223566719112976,0.016274063626433154,0.17319392698335576,4.7119962478557955
0.3191953422120881,-0.03681741234653783,0.2643649080743532,5.146288373398921
0.2937296912286727,-0.06338789153538914,0.23298960997238427,4.915533606425929
0.32095213360630953,-0.06667470616461452,0.2876353839378604,5.333975278603984
0.26882710438215307,-0.05862758091922528,0.3412148583835239,5.589982424168801
0.2155263625103996,-0.05884546399779826,0.3640899894279699,5.512258681971393
0.22509424404362402,-0.08943112002197985,0.4115899011840436,5.726146833068795
0.26764727728386395,-0.09227552855032074,0.34779120215645193,5.517867798008172
0.2925323465052415,-0.12292457906954052,0.41589976923360955,6.3024599922923
0.3010648065556223,-0.10185338300698134,0.3803104138994925,6.115336236628488
0.3397403680473059,-0.014100963651517716,0.2903219346414606,5.633202437558227
0.3337513727739637,-0.016150915390015258,0.3173273367000289,5.75875902702558
0.3366722572982096,-0.01680702880956956,0.2751947738974087,5.495408438469499
0.3705372907499597,-0.03796591247352796,0.2832596055959745,5.656460587726811
0.3309238771631739,-0.04758663168504068,0.32987561373080926,6.006175327956492
0.3464425769416239,-0.017419138723498945,0.2822432716343231,5.530546119559949
0.3777022774258741,-0.02962486932797053,0.3112009904985639,5.737213752022131
0.3110151043951651,-0.07897282750241724,0.35198495437168076,5.715108561555307
0.3118487252886394,-0.03607502514202979,0.30542732946744766,5.328941340164554
0.30943971459157477,-0.034966392782316696,0.31763848582757115,5.463853580795504
0.2839840484823648,-0.07559550879154525,0.3340736688568807,5.616011147741895
0.3593766988771973,-0.004748441075667281,0.28398270285934063,5.369933907434841
0.33651402239545714,-0.05719102200365415,0.30682201032588413,5.461014766164107
0.2802272745304974,-0.0680500267007611,0.2914947505712134,5.170816636015195
0.2592425322332822,-0.04796953165036946,0.2665715720466931,4.796150725055787
0.26412351270560963,-0.05481863206753523,0.2814078380488793,5.001391554332517
0.21973928933505782,-0.016209255432580474,0.2854510805908329,4.726812873783019
0.21341649678455427,0.04023563369533443,0.2500875532455367,4.587800182837522
0.1823574203077897,0.018220917226155053,0.28705465919899104,4.5076753808472985
0.15859414608966163,-0.0065731561271498255,0.2900244944364755,4.570881768092856
0.1974246736611197,0.011542451682175449,0.27047876529084225,4.515471337856336
0.27872019809605175,0.005478088006657786,0.26750117626402287,4.822489338312815
0.2815727314469601,-0.029646889216247224,0.27472492967035667,5.019761217087184
0.3325392885783753,-0.08598411562592549,0.323217945772733,5.621015203091753
0.3065246228077118,-0.05509306698972828,0.29709415687737484,5.216999235790508
0.31843492557298847,-0.06209623682062818,0.2864010610565798,5.275317706642336
0.32390484982787926,-0.08032711449254798,0.28385422324946324,5.336956931320573
0.34034382614995057,-0.04057794455772044,0.28451962765542804,5.418131627559229
0.3118278522445729,-0.08165257146368606,0.2965645915862006,5.396298620843534
0.3455641497389601,-0.07357880098093839,0.3097623868065988,5.617092136100272
0.3433800845365075,-0.07101453572771273,0.3214496759186918,5.765700023822384
0.32903092957427893,-0.07437618815012995,0.29620816461537836,5.552494247297525
0.3209409220729433,-0.08304415961690392,0.35109616582318115,5.96379747966423
0.28670021449013905,-0.06831522341254777,0.33234118381172656,5.334704185116664
0.2823325423908015,-0.05051774743636113,0.3063736662798767,5.195308785781768
0.2546181334737734,-0.03717358630374732,0.3305853630182052,5.20421311410553
0.20779809628179213,-0.03784208045361186,0.33836556508337995,5.207318963702295
0.23632415278597488,-0.06720697620381501,0.355501481176782,5.329594164819917
0.26520012376645496,-0.0379246531302862,0.3519806368330752,5.478325621387224
0.28641912940608044,-0.07033915573792475,0.2989554909108838,5.222557623960623
0.291403153880069,-0.059315288170852035,0.2734950730570953,4.939506089164009
0.24242794503433826,-0.00979978823323962,0.2709433277259467,4.732746922226709
0.3328234021574473,-0.06755462730392832,0.2938302111133859,5.306013779025918
0.24690510090327808,-0.040471149011851996,0.2783775544944978,4.82471583109545
0.25594299416004057,-0.05462230960347672,0.30852899422234653,5.293141209429817
0.28540943923687273,-0.019680879681085058,0.2989612488558296,5.100717869548444
0.31920560027500805,-0.00955708247506746,0.2992969270824355,5.461649859388912
0.256407969427231,-0.04802781026843822,0.26978089659911786,4.835622440017651
0.28093732240927094,-0.02566511522537403,0.24774836095931752,4.835074501750715
0.31680668898619974,-0.0328255024042912,0.3105619943822969,5.415360346617825
0.3030821793057039,-0.0026090776852666486,0.22313074150792406,4.734825660597657
0.25336000180902307,-0.037105094774228194,0.29974210806276197,4.982642610003337
0.24186744915693784,-0.03943867524845871,0.2291124679356033,4.4814137033892205
0.3105172547910227,-0.02304458588936279,0.24097398252975763,4.845447658527589
0.3007103550188417,0.016816126957119606,0.21402898450132168,4.764123536811875
0.2790341645461609,-0.03783644204613079,0.2917451771483441,5.027192477812393
0.2556560553358873,-0.017633863663629998,0.2817487645396493,4.876095004620035
0.33226480881242854,-0.015724284021154004,0.2387711214229758,5.093773979959596
0.2723514941471281,-0.05261771012761961,0.2804766338224289,4.94289849536592
0.30011812077173977,-0.024308569795115375,0.3086040236651368,5.438110998448156
0.28862821860102167,-0.03337141312051827,0.28936060742304404,5.250719855201426
0.2758009464638239,-0.05063080437701415,0.28545362005867136,5.26929205463225
0.26721379626810815,-0.12304959212105503,0.30108924467593123,5.372075619010317
0.33314927093446783,-0.1133813338889467,0.3291764562073761,5.907152067146411
0.29241419521573,-0.09841748406233881,0.3608731591331575,5.906054183532247
0.29984804017519406,-0.11753737781952794,0.373214853332166,6.125940161544413
0.29460422601356484,-0.10500578533168019,0.3432412872672658,5.808666863906073
0.29213671713816725,-0.06123450603309902,0.3035901269900559,5.345337703561537
0.3290608534588871,0.0007109307219563025,0.325051900152247,5.6594505030341855
0.2582379013347113,-0.06837479072490615,0.37548000376921536,5.828084090011596
0.3039783381913039,-0.13762928058511983,0.3642109334362885,5.946617159030373
0.2750453570974752,-0.08382158790490327,0.31138998891846054,5.165835732139706
0.2966046965790504,-0.0693333080420681,0.3610056937317469,5.64397887990029
0.34395276517906176,-0.038800542145184184,0.2897064342669685,5.437400551257977
0.23557615473247073,-0.0472835412896664,0.2953337432510611,4.814367441671874
0.32348672921733834,-0.05913869397228377,0.2633077446168189,5.11093718938548
0.33521865233670306,-0.07464296037634274,0.31581489371994953,5.628091415386888
0.3187723506737029,-0.05485654992433843,0.33614608975296745,5.646681805865981
0.29236899955763684,-0.09389951299841993,0.3293244818757734,5.450508030098212
0.2285567079727489,-0.011586379012907813,0.2288344725722204,4.51417312656886
0.2594157683601424,-0.01122721295219754,0.20826292094198498,4.579461195981028
0.22331290261323847,-0.011294886501618421,0.19249485523572712,4.137653801049673
0.2581227375298524,-0.013329860560339128,0.24268208619623827,4.499394031415722
0.2715630386491172,-0.020648922890123718,0.24079227928395175,4.497224384502163
0.18668863109334002,0.03632401716403663,0.2141686646730819,3.9025233185976345
0.2456842467989194,-0.022766359110225922,0.2321545382456875,4.43493648482199
0.28771156434732875,-0.017428872494398718,0.20620800464584652,4.532235424418736
0.2724958826984436,0.010849019209685092,0.2185801363838958,4.4633756516072225
0.29881756303270063,-0.014753176132055356,0.24976340402308095,5.048121381942291
0.28793402078023955,0.007969958883288901,0.24727991221617743,4.830386103252141
0.31527173417297427,-0.002806047752448907,0.26315069189938456,4.980188175661516
0.30999951434679307,0.012189733259360475,0.25530349598597935,5.020583881174973
0.2650067767466925,-0.001332434483237011,0.25145321379542535,4.663182650637896
0.29377760279116694,-0.05517672491489641,0.3070872938308008,5.216607565129726
0.3303032449640427,-0.058135948839001354,0.3024754521624428,5.402441941287887
0.28785980968124053,-0.05465975732018082,0.27315573230567586,4.978488746028393
0.3151758556997939,-0.02594228971826643,0.3088040887797316,5.348021578052772
0.30152237496591244,-0.04223372475083518,0.33528850862219833,5.503992238692584
0.27335709026848615,-0.06455683074381179,0.34596650136129337,5.354820292848304
0.283664466373676,-0.03913241935512116,0.2773953599098781,5.10254952711498
0.2496779331994724,-0.05000705562606517,0.3482597567056393,5.388892317261773
0.29828653315022535,-0.053567992831691925,0.22814356615895068,4.714322312848937
0.2976342985285224,-0.05792030482252432,0.3244742233008926,5.338001396293459
0.2844758110437945,-0.01481633570408018,0.3121463367865676,5.190352798175626
0.2950474405207092,-0.008813519108297694,0.23780418323111002,4.940157408854739
0.2589452607250711,0.01710168060149063,0.2576819144252685,4.509505010334698
0.27340023950344905,-0.03339478980116787,0.27182507016703383,4.788505502034354
0.3126904685810166,0.00112596320256814,0.23010304545668403,4.775279692216509
0.30673206928175933,0.0005216717331835563,0.3227816673825383,5.243019659156228
0.20758262485161647,-0.026984704964176084,0.2466008477457512,4.295448320306385
0.29638484842445223,-0.019194486640602523,0.28171075870485607,5.013765495620635
0.2767330184467835,-0.02115700177032428,0.2615586312283434,4.935348410473448
0.35748429569968754,-0.03690177596330904,0.2233589418000338,4.967730705685431
0.28013813151847283,-0.07039409360669568,0.28989000921927494,5.1886034818582045
0.267852839701105,-0.02507337980786871,0.2580618477545666,4.804174804867899
0.25329705002782915,-0.0356528785162585,0.3211581186787675,5.051670517028667
0.2659536231453525,0.012303015435202272,0.21652842684369136,4.386969493970961
0.23067048650006808,-0.03615594291304092,0.249609272479002,4.673720450280236
0.24205837476897923,-0.04210404664277543,0.2655727704623426,4.640704970269199
0.2683799119196076,-0.0310311618174528,0.2593197844468642,4.9607097216936165
0.29128470650371197,-0.06394789249653689,0.3242806373747164,5.440004239652219
0.29143760420752324,-0.05518362470150322,0.2535009072176565,4.935358959993859
0.29869612905703996,-0.08053885093507941,0.2741110117291349,5.123987122568665
0.28465081411744236,-0.053202471456571074,0.2541917418851063,4.774495661507931
0.22909347910082326,-0.01407455760246252,0.25215939456923137,4.554569258499004
0.29684272927199873,0.009995452942566914,0.24082231385736427,4.622408288781692
0.26589901768528496,0.03786884041248033,0.12527182874564663,3.9021896904190942
0.3015310585298745,0.007983198330471375,0.18071471221136817,4.4258973726906286
0.31283117199606036,0.019734047511811046,0.18958074376454961,4.52518000795943
0.3278275879277848,-0.036678303681140424,0.22295700377876113,5.048223186437232
0.22620293913022932,-0.0676029926260847,0.271452848540215,5.012928932286721
0.3031219737859124,-0.06349999557815318,0.31852958511366253,5.421104627328709
0.29527981737137693,-0.04730884891602528,0.27488768819763254,5.134361225612936
0.3101746953487852,-0.10620377618268308,0.3106299926289598,5.51804074041356
0.2915289946074014,-0.08095136903320715,0.2850566228410207,5.25227316296769
0.28451244956706956,-0.03642547697782871,0.2649887391269655,4.9626275717920505
0.29986183305666,-0.044111141212888345,0.24117915587016628,4.834280301127734
0.26752232001615434,-0.04171672892051264,0.29171664114155493,5.355984811278429
0.215325773072679,-0.07328868733657597,0.33339542394505783,5.2699823219954105
0.28789264739009285,-0.06593823688637432,0.2740637336182613,5.184245326601971
0.27378025827731806,-0.06878586331429415,0.314361066414586,5.268941700256752
0.23731488039301557,-0.04732968784182247,0.32223291913279495,5.2897376627076405
0.24840926226402307,-0.03636296940327748,0.2815716594704116,4.835186981035672
0.20519481729764175,-0.05275460483560787,0.32110228457192713,4.883798578240944
0.26085745931306475,-0.02909688157312899,0.3245047381944407,5.187347142204842
0.2642310675439294,-0.03622992986132187,0.284316531981063,5.046243431289119
0.33815121771296847,-0.054701281377659866,0.2683991854117733,5.474602866595694
0.3180595302332902,-0.042494637848924266,0.3011547966829699,5.506286614766082
0.2947277306281469,-0.04224473899648712,0.28880512504560957,5.20922529911022
0.3068673372652682,-0.06826653132108301,0.3271705409313667,5.650722726619729
0.26121288249973906,-0.07430403678703205,0.24754967174837592,4.914280772323409
0.3286344643471072,-0.05344228683348066,0.33749537716601913,5.8312277162945305
0.3325528720372378,-0.027581915573850407,0.3315894334428973,5.76889977727763
0.3289276069300699,-0.05186797328960638,0.31327140292125355,5.483391380662102
0.35649482323104015,-0.07654741196984043,0.3019783102151042,5.850890620594995
0.3664546465560294,-0.09444668678830151,0.3515193457628851,6.083525727232337
0.3567722576746919,-0.08193673821633093,0.3197360775914251,6.0633114412723605
0.32992909613517024,-0.10685590791816604,0.3436455642500139,5.935076395465028
0.3418920510813601,-0.10038565891273615,0.30256461189668693,5.7847177518954425
0.35909199059532676,-0.07282149028531351,0.317978706726026,5.894420630122666
0.33084515615622967,-0.02245243662555065,0.3186519897073029,5.549316695506131
0.26685567635804,-0.04263872128643761,0.30521367459169524,5.334784980210574
0.29960305433086915,-0.021243786298755736,0.2175711869175232,4.775662705390377
0.29022269976352266,-0.025890611390566268,0.21525113278610822,4.773835218162828
0.28468212358388295,0.012878237211179299,0.18659372897449306,4.4841984476716545
0.28231475311872667,-0.007489757272461771,0.24771138836062043,4.849337504646245
0.2405875851113758,-0.01550998630555661,0.21131442153744076,4.379353306956359
0.30996811137428,-0.011624696467287237,0.24872930733013698,5.181091814880707
0.35706593693796246,-0.014200366481389146,0.2361991698295437,5.470564159421811
0.31125415892788405,-0.06569156646895777,0.3038829511394623,5.418027115148911
0.2989365282874807,-0.05742278737916355,0.3473107581584395,5.691632811034734
0.31434007495605065,-0.0534453391252059,0.2961635993184478,5.4003526304289124
0.29347055291650553,-0.07053227955101006,0.23951564549649673,4.8558534574734775
0.3082270228160689,-0.051422799960041336,0.3014249736992206,5.37584872311942
0.3236795357246285,-0.03000892513422231,0.22986450511385642,5.132801072350926
0.3422792956327596,-0.05387979900340668,0.26878230397244063,5.498733320562764
0.29598091238327406,-0.05814030190454338,0.2670564551440188,5.098925768924686
0.32776351869102843,-0.0554104806103713,0.2708437113530309,5.290012710534492
0.2860745409010045,-0.05712498593064413,0.27467143181168896,5.330046020604874
0.35676817821264223,-0.07560386736396135,0.2744111774563,5.769364188627916
0.3107095403960273,-0.01674295907900142,0.29208731445168995,5.401596550847258
0.31895859318766867,0.007126417950044103,0.22612813483653524,5.2526940696618585
0.318700890699112,-0.001783891828775336,0.22618546219958885,4.993350065247668
0.38073532892872103,0.006162627773859802,0.2676805895400052,5.703425499410938
0.4032293499421925,-0.045416849506240344,0.24984567258662815,5.793849752875978
0.36773305096952397,-0.0003734305971679718,0.2869836020105285,5.624217529795749
0.34178980112540736,-0.01744385862458843,0.24037582069450028,5.3545749178876045
0.3101686810861429,-0.024049303220027275,0.22736872266957076,4.920713385799372
0.3340790361497768,-0.03638904616892178,0.27710538396346457,5.435878502282514
0.3448540198907168,-0.002809394049710684,0.2726127909003258,5.384309875540254
0.35202197293522675,0.00483232916381472,0.17596714135673153,4.907286788085349
0.27760239951709675,-0.016116764609844986,0.21772212043684155,4.602901090066243
0.23907692636353345,-0.01275185936455939,0.22853809875063333,4.395585803623525
0.30102854771870935,-0.003813475924032025,0.2192543662292746,4.914202473459
0.30076050525991443,-0.04408046527880358,0.2444265832702767,5.067328623680358
0.36878932068211673,-0.010801911820092826,0.24854300495374917,5.599109979341444
0.36187124793427017,-0.01928362956640644,0.2510608340678822,5.507006809387486
0.39689703126915116,0.017035887036030328,0.23468713062286825,5.697414195415127
0.3302500094890269,-0.012196394603305707,0.28494202229794047,5.39129402195982
0.31538847457315417,-0.016520448124531,0.25237798505175296,5.159432333831356
0.2989159534069834,0.04205569837209598,0.29891627292379286,5.381235645609988
0.38171503480194857,0.0006272527201837172,0.2800622672422362,5.822534963045377
0.35647592934393757,0.013505801303386435,0.29791223042323445,5.816305306134119
0.347184403607556,-0.007795904683244854,0.27860610977005246,5.68311293038489
0.3475955500732898,-0.07110976194487319,0.3065070082550085,5.933871763280311
0.3475444186272004,-0.03450233424421761,0.3201871369897268,5.980523881560071
0.37168269796759623,-0.07367649870343695,0.30735888145471174,6.090075790834273
0.3946970960156355,-0.12054683425605543,0.353920869261522,6.596745036845727
0.3647748720875865,-0.09162827799274009,0.355558857859315,6.445350012680229
0.32978347425839355,-0.0665322372748132,0.2701872826792663,5.41804561342677
0.34225672265531104,-0.04108393980844434,0.3112606277146283,5.81721946169034
0.3123141326567386,0.005843053513591126,0.2386743008490772,5.4212739405269526
0.2454231495746236,-0.06826800351831361,0.26565074417038503,5.010987219765848
0.27428549838351224,-0.0748127074317752,0.29902653269634455,5.508953088490226
0.3558476289969299,-0.08132097694865066,0.3229453104707114,5.978201274060207
0.3240496098091795,-0.024829584337764353,0.29216192516156264,5.382225710264981
0.3229056832987463,-0.0263145303232251,0.2540976312502002,5.419358527718425
0.3217279800672976,-0.08888156126990994,0.3102002073755596,5.612784422263133
0.3080441428452615,-0.04719651576733349,0.2857536709667323,5.306736351365748
0.36700681485259967,-0.05824789590831063,0.30955064026798573,5.952840000507173
0.366730158558655,-0.01707978004517835,0.2979257468000064,5.878318693503685
0.3788142522584909,-0.05748988394993482,0.36451718213824624,6.356817305484274
0.42031897388431966,-0.0498867009793105,0.3009841139116763,6.32808976165526
0.43210717712609054,-0.04375781974657907,0.36655470755974184,6.90488118584875
0.38488825063485343,-0.06119358903900505,0.32892750557948314,6.554848703625462
0.3823319999803253,-0.06851564798079585,0.30294184885955544,6.102338355223734
0.4031919123988931,-0.04648985705503971,0.3174389645938255,6.2685202928098915
0.3888976874022144,0.0008790134505932319,0.3078532160892595,6.262650680201379
0.36704428383067206,-0.03183643534172709,0.2829717935929453,5.732841763945549
0.4373946319948808,-0.06091628322785371,0.34770011237081566,6.628471975298442
0.39106693136033793,-0.08551596217005052,0.29883251773771735,6.102370071907974
0.3612840774482571,-0.08448462523545079,0.3120978644528341,6.056963394472994
0.3511177032321439,-0.05639475551297166,0.284511166387055,5.54501197882282
0.3409238950068895,-0.05609657952381502,0.25097524829980755,5.393964122206133
0.3631074169745406,-0.062098595220829146,0.2598313920189743,5.590223792814846
0.28828449287611396,-0.03143371195478792,0.2657589729580754,5.350113698661859
0.328149240981811,-0.062306921887325714,0.28986713463821717,5.627989800923784
0.4291875330986394,-0.0805384961851226,0.24781994496410564,6.131938147530933
0.3878269176545776,-0.08863663842023574,0.2971479742059366,6.100968961116198
0.4394927951354456,-0.08159644220979864,0.3274174958401488,6.617021523809625
0.3972654753595289,-0.07880132809802884,0.30584814441517466,6.021454783670598
0.3290730399621364,-0.055733740727137514,0.22927159063098462,5.1485412546923905
0.296344590507159,-0.01894249674921105,0.19127274285842344,4.827310089973295
0.31376944494938186,-0.04010005688011537,0.28876676611429214,5.398430976236117
0.3407525781280765,-0.02507533501669795,0.27066365847234863,5.37205982752393
0.3338173308578828,-0.08884845279477462,0.30247484931435453,5.7340418525237045
0.3248777889906459,-0.05249142435939746,0.24528253275096337,5.219255383080815
0.3162796040915606,-0.01919149104691022,0.20796476721960033,4.905191611389573
0.2723401863475333,-0.008978166533455713,0.20610441921179054,4.694812249900343
0.33527469682851047,-0.019658531444702268,0.22589907081299881,5.168167570785572
0.27248474787687477,-0.005698464893331491,0.24736864315499743,4.745247261735591
0.2781623824792416,-0.002668337897429808,0.18961497373447778,4.3897049979429195
0.3769858478601983,-0.029149080035633917,0.18708615572163095,5.279259082503152
0.3307321254481765,-0.039462947858619674,0.23854522373694317,5.13158986416653
0.2817711096923323,-0.027523488702314372,0.24418788485756504,4.897717461220417
0.2996164667994604,-0.0016559301845755984,0.20135705824769923,4.768353095552699
0.32823209826463773,-0.028930377948990033,0.1940315971206604,4.985466380229789
0.4044817424279633,-0.09480309174766811,0.26611141037247216,5.861637579864216
0.31939417496369954,-0.024675392069758807,0.24989501221595456,5.120879038959276
0.298845824130626,-0.042408717376756014,0.2405325670471687,5.11561103360363
0.32726907970206176,-0.08571784725167923,0.2882445372628178,5.627839162385652
0.30317026686179693,-0.06234168074530165,0.24406377472725466,5.066828609412811
0.2655314135227863,-0.043108496253144016,0.263332964019666,4.945396812274975
0.24160061347743975,0.0040527104353074135,0.23289360042720975,4.420141912422755
0.3132873793265786,-0.025498260882454157,0.22080562738496948,4.859806345529972
0.2883072471372796,0.0027489075209963434,0.20757849977173146,4.532129577743076
0.2863659191844314,-0.0048209427741143125,0.21641686857729397,4.856479427844952
0.3284736450715528,-0.018425827748810103,0.30583541608721715,5.579328628057292
0.24528066744476046,-0.07754305491418269,0.262706561062386,4.8970690468521925
0.2718695754457847,-0.04037772374752961,0.2630402894455993,4.915484449510471
0.33155334284072147,-0.10835939700708785,0.3201804647449523,5.909596846180521
0.40430417760391896,-0.08187637691347764,0.3167422095116486,6.336752827530812
0.4132621461271942,-0.06925218605700627,0.3229511209250526,6.363221744950327
0.3789717645580621,-0.0905409079531921,0.3541415823959211,6.346269464087379
0.41591596983583173,-0.06315503987555154,0.26646987362461333,6.076735305728067
0.37026025779370425,-0.03175774343497847,0.355514374824914,5.992743594290432
0.3875912859014499,-0.06976704821269047,0.34225413748785305,6.2147251497509925
0.3946054251492569,-0.09214212933539186,0.3602103837888437,6.4379703889399975
0.40916667969724285,-0.10581091114823916,0.3423472256761673,6.43607520573955
0.47061508745106856,-0.11281279346484756,0.3695751401148655,7.129681835597388
0.45294644762507436,-0.06708693959493485,0.29281201884027125,6.765261756013697
0.3942751359853509,-0.07628940474748401,0.34558855721185755,6.476973963627942
0.41402567791514433,-0.052382575946565105,0.2823392922958492,6.1928577561983715
0.3439671760480934,-0.035898584043242365,0.28478097908944805,5.587006279492794
0.3900701033019187,-0.11434805899188001,0.33628505860189023,6.191282810237861
0.4037242850494175,-0.10155154329212,0.30780424056053307,6.3873665206350445
0.38976996648852585,-0.08410274222783828,0.28008445560921214,6.070815792520889
0.4264974977662168,-0.12092762553797987,0.3660188904855596,6.981586638381633
0.36257007451992784,-0.11006217049793127,0.2978854874833956,5.892379587250593
0.3897662023978286,-0.04451386287443245,0.23291567664262897,5.576022916480393
0.4056484830639222,-0.09555303692426766,0.28709325746458825,6.06917561280402
0.36700339111138264,-0.08906019403478416,0.26144240417342235,5.726602958063279
0.35558768715469413,-0.06308970842130437,0.26750073905758526,5.644902034846418
0.3657177483587786,-0.060959993940394384,0.27378229064905213,5.662939215152143
0.3303767401452406,-0.09451320597157556,0.29950096908377355,5.581792178450814
0.36884489526892517,-0.02618088073061894,0.2399385752920311,5.648876153697663
0.4215756118024941,-0.10612637874655681,0.3033203584376679,6.362144620971751
0.38977623783836157,-0.0656282322117524,0.2893030366666537,5.971950917772378
0.337169564008403,-0.06063753591898613,0.3392424280682302,5.959868139999319
0.3719334609580408,-0.060935381522330787,0.32275141273873503,6.145825758653625
0.3938270081978375,-0.027064454575565732,0.29456552852373846,5.972693973027898
0.3256928954576241,-0.011860854678256155,0.26870829971643106,5.456328035908759
0.2471683083896913,-0.024787154102496888,0.2919175566470521,5.186655124528913
0.33434391456883944,-0.10684168632973717,0.31499075152138123,5.902084543800446
0.34840552337907166,-0.12424730580144121,0.3857611930278003,6.4331147684753045
0.3222332870023931,-0.05934433705043466,0.2574145386150946,5.377798298311647
0.2941222294331027,-0.07375462075010553,0.25213610324429725,5.277893524718251
0.23820123517150543,-0.06355213260333258,0.2982013662777218,5.136142518023314
0.29618613206685773,-0.035307998855875364,0.28720643411924235,5.031479252174883
0.315593798578828,-0.07626206239989647,0.32800826130638056,5.599575003736027
0.4152598843162496,-0.09361544038158494,0.31628901833071515,6.24730352945073
0.33988874913190437,-0.08775437476443332,0.28964099268396554,5.713008439678908
0.26332418756784043,-0.0709744144653603,0.2629331649165053,4.978394659546621
0.28536382784879927,-0.08946556450422762,0.2760771354453498,5.291906943128934
0.23629109320978042,-0.06955934922499946,0.26655476974589265,4.93030799778005
0.23120618298226944,-0.0336418647227326,0.2644570882689837,4.671369712663284
0.18084874239695847,-0.038364784789440325,0.2645984714579381,4.427430281009841
0.2354292855145263,-0.05393722952980988,0.26594541726217946,4.643725116598243
0.22445658933847557,-0.026136757629326993,0.2335421853804829,4.392199246835637
0.29747615810044536,-0.05610408162055949,0.2509666543312246,5.021888586649827
0.2996340675655301,-0.0188960300208846,0.2527158831611907,5.161669023823667
0.33025902033321675,0.0024424118178515046,0.19896134899004073,4.894045125111296
0.3448072584099703,-0.055096388358139674,0.2581125933042478,5.265249766418125
0.32765172197670905,-0.04111193935578945,0.23601650072054783,5.11970662916488
0.31387352084363895,-0.04516727921987448,0.2861793050646929,5.098383658542833
0.3096054325223462,-0.059127347851299236,0.2751605289426942,5.105546151089053
0.3293998647378152,-0.07895331826162677,0.2732928382510597,5.3816905242288495
0.2749892991772612,-0.03634695359711278,0.23531937797092473,4.63824101430641
0.27352199930141513,-0.07411708906927493,0.2561097137752593,5.030171101083827
0.31369688048521377,-0.08516061920754506,0.28570086261418026,5.350491916963278
0.3165791929452892,-0.12096418542739515,0.32937036474443016,5.659855545439156
0.24506225332698517,-0.10152967784267425,0.3269076506611043,5.264576965463961
0.42251150210149746,-0.10200514279876362,0.2722215402970141,6.0376283220422025
0.34953067356868406,-0.08987809541688646,0.32474306866178304,5.771427471826369
0.38553470214382884,-0.11027375246322008,0.28360395951186806,5.934632814297327
0.38002404340224255,-0.08941931315573626,0.2044063209270681,5.4928355528494475
0.3639427051167302,-0.09507505869193437,0.2491368209300519,5.431333908194208
0.33000584232737057,-0.10998638430176466,0.28426228833670314,5.588845426256303
0.27825355526798956,-0.1368285119336055,0.26507221940099107,5.099448788697152
0.32788727811195156,-0.07618324095202132,0.299227980603376,5.60279814763156
0.3231413188490732,-0.08018777308771913,0.27649957314910667,5.3135660987276205
0.35037572707045783,-0.09197056062137988,0.23310399234033047,5.344655947501991
0.2954866505190638,-0.04480839359534118,0.2673746999942848,5.008797445341825
0.28223533348021757,-0.03658893963791906,0.2196314009385543,4.634158215701529
0.28557410023627694,-0.05231301902793814,0.2276033984003176,4.785933645461288
0.33122385993344006,-0.04058592841408147,0.2118196085196588,4.847663930586223
0.31790306973975496,-0.07591668289646959,0.2519664843755185,5.064641061003299
0.24566394239048062,-0.017793996215089317,0.252976603488378,4.688016392526536
0.3303840083936557,-0.07269743228259763,0.264030182790243,5.285442898549465
0.2894274133936482,-0.03043138737135834,0.23790101011271225,4.906346038133185
0.31155179931289806,-0.0225334996964072,0.25550884936482804,5.104661331466651
0.28589083337753496,-0.05331662458651753,0.28363381750511923,5.224240726695106
0.29821840063285854,-0.050098508667155185,0.24538303976191278,5.060988348159173
0.3094756014029999,-0.06574239383003132,0.29417091189784395,5.39408017348163
0.38448009406805983,-0.08251571606428083,0.28458295277550866,5.955863081034851
0.33264743086174314,-0.09049829269481689,0.3192867403060385,5.71792877425177
0.37455998424452475,-0.10045239288773561,0.3390577047545265,6.125448956163892
0.339140564762643,-0.08124044987186428,0.291970935623634,5.599475513639387
0.35706145872839806,-0.057608402741834035,0.26731483979276677,5.380068343685061
0.3275135654006305,-0.04873444979981394,0.256453479507313,5.24097886327199
0.3239249755276365,-0.01671999108563732,0.21814603410417174,5.001810603037255
0.32780631249837794,-0.07385906876058429,0.24100440027611608,5.091662569443362
0.3339005820214824,-0.09194176250425248,0.3065342663228425,5.561800760951995
0.29156890462393215,-0.08508425749246916,0.2713001593046164,5.0468814609846575
0.3233483746261741,-0.04454400011135149,0.28817108030756633,5.437562009824239
0.3447860582649877,-0.03371630808503425,0.27205624801069767,5.483481739152232
0.3780008892336391,-0.07802706576672626,0.26412166626807454,5.627506590600443
0.4064204005256337,-0.06279146587600772,0.258975212218091,5.790426265679806
0.41159261353170074,-0.05515701162468925,0.3042559772370753,6.105571930731057
0.3352060200872419,-0.03044156730870179,0.26498926081002533,5.275542796142979
0.3912845452448554,-0.05218146557788801,0.2501285033805303,5.790075366127378
0.3846990870676567,-0.026659357700955323,0.23573602002415645,5.573633860246996
0.3785573225033887,0.02598873296948581,0.1944367418991004,5.3029631811384315
0.3270461204466771,-0.009705959858374413,0.258638713995234,5.220512204958953
0.3204852687394314,-0.0037822055844553017,0.23969433148461733,5.078680825938623
0.26371213478066613,0.03019649331672594,0.223380926991322,4.603719428207388
0.2702547989203765,0.03993978757539487,0.13906416738261257,4.522299995512378
0.23056126701611643,-0.013725156104243888,0.18498522397037367,4.115176430200939
0.23534762474459864,0.02281538460018874,0.17364057636270608,4.009493401188458
0.3151018044845595,-0.024587232114026775,0.23986177691445615,4.894654102138343
0.24108417297453602,-0.0021941997449539917,0.17577480397383374,4.075824459829028
0.28356382611020675,-0.015241914389543714,0.21369675914894004,4.548465134098085
0.32804522243597384,-0.0436483681938919,0.2511748227615702,4.999082824770606
0.27455086315685834,-0.013304293227840852,0.2266257975880423,4.465865114294167
0.24247266292730116,-0.018739041277948287,0.2262085997711071,4.52188299737195
0.15102206829407364,-0.007717758667059233,0.24102330047646434,4.0442289649806575
0.2130919221422207,-0.03565373661816609,0.28798898653991817,4.687215578212862
0.21277039481140922,-0.010098204182319099,0.2235684150986492,4.471807485328914
0.2293725093516698,-0.040767450740188664,0.22577555156957585,4.641119204662038
0.237588767666236,-0.024041344732422525,0.26367997389204284,4.8959143363921855
0.24655545856299826,-0.024274972200504064,0.23795670736783997,4.722608295765143
0.24174146224148993,0.016685929876010388,0.21828925306711727,4.554487344689087
0.289688162433779,-0.061673729223771886,0.27314458493759763,5.238009955450029
0.27349173823207784,-0.024388766864863607,0.2606360598504316,5.018118431574396
0.2743163977962664,-0.03501285970325274,0.265150228878801,5.030925141175664
0.2917304366126005,0.022301272003235628,0.18455036788886361,4.557395451562345
0.29606151766575645,-0.00022506930794290392,0.2325071691926393,4.7952689114752864
0.3396941138662523,0.012020971008351462,0.24107404580112962,4.976388165277446
0.34550194322550853,-0.022786215291609613,0.21005544536552959,4.8324789568729445
0.3024270419381638,-0.01798240390163582,0.19698634971441403,4.811923809139528
0.30103681450878944,-0.021669943938683014,0.20771684881009367,4.7333537545299045
0.30816065395395287,-0.003814523572340948,0.22924238623726015,4.755018630268837
0.33172061223682087,-0.06427832921809566,0.27141692800444495,5.2465653740857565
0.3571738023829025,-0.04802805671894961,0.28875632184561556,5.450793344562089
0.2748655505196543,-0.002558007351838847,0.209681251314404,4.629125414577014
0.2353294557924949,-0.0022376914911100953,0.23175053743678078,4.336910456661588
0.26330530064306396,-0.009181716986161496,0.26339042161564197,4.7738132355845755
0.27785534838117004,-0.025863958772092393,0.22873912541832114,4.749644809657483
0.23558109780314973,-0.024927159098366205,0.2850990521150538,4.841448863028908
0.22225464781005827,-0.023102478604450964,0.2602990127253091,4.637246052429796
0.1797693581310094,0.003871605363009623,0.24929869653571057,4.2542398296199355
0.2507865721011092,-0.008075757582215733,0.2823028708277843,4.9483781302978365
0.22084249410549506,0.01618516984819747,0.24166016243716484,4.581397223486633
0.2282035840711066,-0.027731606268147878,0.275603330000536,4.784876004281406
0.27817110899067515,-0.02446933855105567,0.3025076046373507,5.15490078238527
0.25740216226500284,0.0485463231905465,0.23370533891507486,4.4954764385761745
0.22956192640582737,0.02201560015917646,0.23852087005958172,4.3620393260205965
0.22239596359480596,-0.008502304273760988,0.16503223338228845,3.94161611178958
0.26322189749217245,-0.0001536630653899781,0.19273326519372558,4.167844050306736
0.22008508417695782,-0.016106732761177616,0.276617159025454,4.651558356317037
0.3057091495373236,-0.009906378352656675,0.21611949984968676,4.926838967505016
0.2456283597390732,-0.011938054429715293,0.23111347157343426,4.38759300794806
0.29352977162110233,0.005986064374766995,0.2442290884199949,4.760331665545832
0.2883473557445531,-0.02106704240405215,0.2611439507177978,4.862240378542917
0.2573885904524371,-0.008225423077451183,0.2339813915637506,4.571042129982051
0.2774988953789011,-0.030709123653032022,0.24147035672746464,4.8779836933197425
0.16081231768508072,-0.01422564170508917,0.23620970030389532,4.21096850436357
0.18558484154175497,-0.0011488931307681142,0.17859221868580163,3.9872135026776636
0.21464655774622768,-0.011974350645635144,0.2280180545213632,4.362706226803111
0.2738542500390918,-0.023602238795041582,0.22938456127812734,4.722956685923294
0.2835190435489427,-0.04170027521894846,0.21540613821632185,4.689025770010904
0.28474689389993185,-0.05491191092401292,0.20754763027766668,4.721906743261768
0.2747811306584898,-0.07961249961787091,0.2085376378558388,4.858320739491186
0.2717969025660709,-0.03882197739612198,0.2267148127352368,4.8353665106659545
0.2629171402644363,-0.04404485839061781,0.240292651492236,4.888761951573795
0.26197671093084873,-0.07103696209182771,0.21249521119747972,4.789249479973632
0.29841938908505883,-0.028836311292259203,0.19893424070137203,4.837451240731508
0.30684284320421046,-0.04278160987459049,0.2373052335588392,4.9018795980888274
0.36045300156163584,-0.055903959757544044,0.20794201283650401,5.441597285277448
0.372511009401294,-0.045566549338680665,0.2174977373507357,5.516932741878924
0.3366838279905136,-0.04288462820389691,0.26535674978030366,5.418087789461224
0.3185993609640109,-0.03751626804221044,0.24264319706992585,5.266035777178858
0.3872589461879686,-0.058528785924324915,0.256618336351395,5.754420201068314
0.3393958538001397,-0.035487238032782094,0.2725623533418776,5.574413354257085
0.37737076922295265,-0.07911492301648186,0.3057846992242894,6.26583306353534
0.40892782502412556,-0.07058081193428736,0.2742479058843737,6.123786194781745
0.4005079688450709,-0.06612429581193091,0.3044586448074153,6.298895812328455
0.3489370774440638,-0.02627891715790392,0.3099672233745704,5.857098254635689
0.3472359178456504,-0.0013239770803450811,0.27801704024282026,5.497462567280153
0.27648032482197715,-0.07575323099316406,0.30040661982360545,5.409220972028118
0.2698794996345578,-0.07392181681181578,0.32727533212545373,5.476721884100404
0.2940556512531661,-0.04883624403024508,0.28389388141505517,5.377831293157411
0.29965521322355804,-0.052556141694563165,0.251760812419736,5.090730399605335
0.3153252999395207,-0.027895739741571255,0.26154165253895073,5.414242377810052
0.3684426399075606,-0.03177671980301984,0.25505910817861166,5.638267301777437
0.3046180031483798,-0.02954221988013211,0.25978620225426474,5.049289184397819
0.31772870041941664,-0.038938386168779,0.2317767598527523,5.193102292640765
0.3150554698320256,-0.045002951467422316,0.23416344726260718,5.06209061465005
0.35168719809716176,-0.06021984227893115,0.31043685104589136,5.702171092013016
0.32238376292036763,-0.04438835874927724,0.3147133984996302,5.782505382589373
0.2733157467622411,-0.018372239936981134,0.259955595459551,4.92280877547907
0.31741837686493224,-0.015971828497403966,0.2660506738070557,5.295401807739518
0.3807511497683953,-0.017606005040202446,0.3021312616561699,6.020052664405513
0.39316196912278345,-0.03423197808369554,0.28444067504067244,6.146101005251216
0.3700463513345995,-0.05742946327038207,0.29067651822175805,5.940338303753471
0.33203319559594247,-0.01388690659192305,0.20478245185787022,5.090399484461035
0.2896780255401889,-0.005281083374807051,0.2042854372724601,4.766313952571509
0.31564748808252296,0.027352538098439808,0.18766138578059677,5.005152439846794
0.3364296139250038,-0.04450261575383805,0.2184612963842708,5.228924365208189
0.31701156821276677,-0.0027795825215941347,0.23045062522623094,5.203101487460843
0.3187998027361066,-0.05442743402653143,0.2988389033061063,5.615484365193603
0.34591939468911326,-0.05135524392646804,0.27938682166346146,5.801830837316914
0.3494998940087793,-0.038039472784021776,0.2806349043388883,5.7087073108018185
0.402087809189804,-0.04170521254311478,0.3246523790456751,6.309029765620917
0.30566036701182653,-0.07290759286400868,0.24205661941716491,5.227847871627932
0.3545340665172485,-0.05319547083418972,0.29831178888325555,5.889288693112792
0.3689431060235215,-0.07610782302470026,0.29529077442967966,5.924765718380238
0.33384683338963944,-0.04184127128779858,0.24299440906963246,5.424801095702803
0.376312389888207,-0.035079735261759816,0.2382577800033453,5.5779255852033
0.34952290520493956,-0.031047841273534754,0.24267010559675053,5.365848811075591
0.31518460368976403,-0.04642972216687059,0.28633485154847826,5.544370757188832
0.37090919078330437,-0.06521092212356383,0.25459822573791585,5.734360466757669
0.33426817456381586,-0.025923673807891755,0.23725077168573452,5.292803733403513
0.28827003708537546,0.0031541263120271035,0.2318064341483313,4.900688935656656
0.3281289571020098,0.0017104463136091061,0.22187358041175004,5.107872610003249
0.3078217378043124,-0.031010290417308677,0.24670488512284697,5.26572480576886
0.31501616740957894,-0.02226594113919986,0.22057501133553226,5.14424434013785
0.2648393277375759,-0.010644086688236824,0.24673541704341176,4.992543767198731
0.30939906777939785,-0.04373645437584198,0.22319384438672568,5.02669965559744
0.3281158198419883,-0.017386739969452177,0.16551617848970174,4.840762163734811
0.3177581104976036,-0.05955917719660176,0.24926001589546967,5.280375096079685
0.2848684908968587,-0.017743205846302297,0.2148654444137508,4.834313580450936
0.2867833084405725,0.017985902068812266,0.22360689152737895,4.819259722486924
0.32281359878870014,-0.06120847754456942,0.2640723708961592,5.373024826790046
0.34633096586469475,-0.023128108444066073,0.2801991347500047,5.6511134251463355
0.3131286071914458,-0.046599095668645694,0.26733305938122853,5.245934439257346
0.2497688580013027,0.011430882448643726,0.2850926636220475,5.179661640781107
0.3029651761059638,-0.02934341657060306,0.28633007030335567,5.43869801860912
0.3269328352369231,-0.012317757042900833,0.2399575684559214,5.3271258183218935
0.3247256464528662,-0.045637788972920854,0.24985043365113133,5.248911033153542
0.3316312436936395,-0.04710870055441585,0.2923669675681064,5.52377325753304
0.32571162214486976,-0.020887809965933018,0.30143612830543104,5.560962450374347
0.32433860145358695,-0.028779019214478993,0.2313344065255056,5.167501008277475
0.3574935694523206,-0.051144985957519366,0.26999772898387847,5.628026604167212
0.33917845180541517,-0.04257659278411577,0.2714403132304138,5.542734927431265
0.3102545338092189,-0.045217262212802874,0.30438753036193794,5.620463291609448
0.32401458880777123,-0.03279417521413904,0.2877564999437671,5.608522843190396
0.2845282295020454,-0.038824243452490234,0.26978338211590913,5.338224781480661
0.2892204868162042,0.021797816840209417,0.23646495057376626,4.984430585022521
0.34442221740087064,0.016816814345378423,0.23170210713237624,5.41388011887725
0.30114048953951855,0.030373063251883502,0.2684795270438393,5.300400356439602
0.3111643650189091,0.013998307011511663,0.2654037155769664,5.409060723233979
0.3145129791769668,-0.002696568350330345,0.27717276336868935,5.620063732832641
0.29999473436808805,-0.01795463770831406,0.3182759073382581,5.632078892986067
0.3389707344115278,-0.04280758260015381,0.2889336917569397,5.759390647494322
0.3195537325636979,-0.014921886122569842,0.2547199827057343,5.4053733151251455
0.22594185166941202,-0.0014373965370328896,0.2505056467928734,4.65176162593548
0.21975976745627854,-0.028720288552628127,0.29079753444680384,4.861101388275055
0.3416378078620004,-0.0582083905273916,0.24804650075742674,5.333336621490099
0.33362717991484037,-0.06255060357888285,0.21301272846806688,5.129221362423288
0.33264924519544226,-0.022731557195026408,0.2637003290695289,5.52074755267763
0.3760810432641011,-0.04508392880839565,0.2505770395744027,5.784203110377227
0.3375586331044325,-0.08665727953998793,0.3274203879683697,5.918066153261479
0.34050382318944056,-0.05592730195983818,0.2586318025649248,5.598661823980771
0.3179376808304095,-0.02204359639447969,0.23680583421260393,5.123195113245591
0.35806872378326104,-0.03716826598692139,0.2971411192506738,5.750299439057698
0.32738413251251147,-0.03803184629522743,0.21682820566716746,5.230068376355502
0.3189531516983229,-0.06670041656775114,0.1931258788748507,5.045739516810086
0.25283932523836034,-0.019130694614035725,0.23927343348200103,4.744192847578911
0.3134218804085764,-0.007814431877176377,0.25033685849287457,5.212726342008513
0.24179843059414297,-0.02465277431199178,0.26096026704172387,4.6710862968163145
0.2563435699591484,-0.028102333474767805,0.25531560665942826,4.8370863382901135
0.26900969811837455,-0.04494106819044741,0.24336096405489208,4.914305921980901
0.27461529431751774,-0.03296466012629551,0.29265896006287245,5.228071885211096
0.2572736857954145,-0.023188772590767032,0.24097481550917554,4.816934567077747
0.299547438689506,-0.06016015145506259,0.25543288193672337,5.134594862770901
0.3108185508281007,-0.02738657431707847,0.27828652423959566,5.222583080277649
0.24706133625257243,-0.04956552512260952,0.28050207390938586,5.0347576957513684
0.2846600567100485,-0.053212213899676106,0.2881005257108381,5.118275873945378
0.36684276230845925,-0.06423239177457028,0.3093400017928026,5.8827064826529485
0.2781119210003632,-0.0022466096685807204,0.3025000289883356,5.174906536443066
0.2817282989429277,-0.06402409520747696,0.26897950441372775,4.96551089162637
0.3733044831838018,-0.01476043546712587,0.23373080985219144,5.328974167865625
0.3176645214762144,-0.012533995199991401,0.23661226750709824,5.059905384326286
0.3216751863263372,0.008871036950924852,0.1956717541724366,4.972712640245965
0.26294531883873,-0.024164743135606997,0.2440075800967835,4.792757904436306
0.3698909814810163,-0.036480031842159436,0.22522260857951099,5.411648341304791
0.3029784544926794,-0.06671095168160497,0.29300451199144056,5.423343513972832
0.2670614783345283,-0.043451372316756484,0.24437579962617234,4.8184828009818546
0.3147879666152039,-0.04490957362776288,0.3004808614295687,5.363144626657814
0.29391183902690693,-0.061616886134404907,0.3016754533343209,5.431372544901195
0.304290471372196,-0.061412064054274976,0.306445819088356,5.400899296169554
0.29615533504767677,-0.04117770715621129,0.29334595928509316,5.360659753838948
0.27666965766306184,-0.021879465558175,0.24355060754293684,5.019274028654803
0.27493017351128396,-0.07108183898389854,0.2941291797274425,5.318052418329701
0.22858365972391526,-0.041316900327758914,0.32951884042752905,5.2758658988426115
0.32542011215568967,-0.07213276511030467,0.3382061531111796,5.947222762805594
0.31414155525816173,-0.020569997268494192,0.26496898439315764,5.3617031111938
0.32882201951811274,-0.05524455102217222,0.2721606565296673,5.468414966674878
0.35003880118528197,-0.0365885403775582,0.2866479052144809,5.72351220865941
0.32434959763874976,-0.035959406139295824,0.3101140055825304,5.705143491514893
0.3265952048935038,-0.07889980836700383,0.326125986576103,5.852453440076524
0.3239361466596874,-0.11181779677756855,0.30943536018865286,5.711335004905206
0.3400775995872479,-0.07596349773645797,0.23551288165605969,5.452224117389516
0.35167337442173435,-0.09167931939450756,0.29755877272584563,5.84648006314426
0.34014271523002626,-0.005900616882339525,0.2718337288978616,5.7662468213267
0.29328469466511775,-0.042061896544345855,0.2851030728708251,5.450161848430662
0.30657145387763574,-0.024422758991388634,0.3041742007248247,5.489925056085393
0.27694090706599644,-0.019157932416191344,0.27405438815352445,5.254738329581093
0.24681323722020998,-0.028000677963007117,0.2824963680996011,4.994764074889424
0.25334242632980586,0.02083923190852564,0.20033749881425783,4.775254028709017
0.2681414646267586,0.02189299814238791,0.23109886528560994,4.81686908079809
0.28774647355573163,-0.00998768182058457,0.21766210189752294,4.775366874960893
0.21662945641457013,0.003887035226533579,0.22119049348229106,4.373170589063367
0.22298800181916215,0.009131535630987876,0.2384101430406684,4.600595304780225
0.1864855137478325,0.005839632277556812,0.21694841824189043,4.149434592774977
0.2141173611437777,0.01594106817549155,0.20642934775182867,4.373411670018514
0.2326211717045037,-0.004120661251864852,0.1993156697641949,4.24421443420161
0.23369074704804904,0.01027178932881896,0.2011521366848542,4.4557925164990095
0.20128670795478606,-0.03408142539378578,0.26811409261479996,4.499936541785947
0.22538496077584494,0.02951004752394851,0.22364166651225828,4.336404303515184
0.2611276212086511,-0.005970881155186279,0.23011208388381857,4.562798492324431
0.24964448169437106,-0.012626148615398021,0.18421061997801502,4.229581317136006
0.2612542979899028,-0.0018440600271601346,0.2334584312694442,4.746201817236977
0.2924803726799668,-0.002434010985916169,0.2380952482908552,5.031624769646123
0.2573275115286216,-0.049321218502043664,0.23179943415851598,4.921062432534821
0.27468065912647566,-0.04518910826437761,0.29280872234853966,5.235487765836853
0.2864621788098233,-0.0350683959117173,0.3091966578349211,5.381637002021409
0.2659445631793707,-0.1090196837601229,0.33878154401614474,5.70355427097292
0.3470129838131801,-0.04393678352895911,0.245389259380104,5.31871190295819
0.34370094226560927,-0.07163568764965836,0.2952169850336134,5.750594932483165
0.30337849399930905,-0.06574231082774883,0.29857431239434973,5.570557738257497
0.2785761419121792,-0.0714292654753678,0.32313788849292435,5.568480531592
0.25106405988603897,-0.04150742234911986,0.3207425432948967,5.268291897687434
0.2985762916709674,-0.08469207874641713,0.3573371708907531,5.785632168829371
0.2897413198289138,-0.12251361199270264,0.3544112776248064,6.01416195964386
0.26857962383983275,-0.08823054972301485,0.30794670377618755,5.422907674098625
0.27621387550931875,-0.054122909970481116,0.3312494205579472,5.56183115270641
0.27209184887783433,-0.07526449095315334,0.34470180897696223,5.815992264750945
0.27315051887048925,-0.06586220805571075,0.30342911608961826,5.347891980769065
0.2295441149321194,-0.05720005950946699,0.3297687624771909,5.122523046268443
0.28380106037544556,-0.045042843248577186,0.3146723960353258,5.476159668600476
0.28730031825089875,-0.05972818391487243,0.3449164178042311,5.7830694243600265
0.2641182297834997,-0.07150098109092523,0.3071420261906515,5.196585786595118
0.25353966633358144,-0.0631147778811216,0.32034798187560504,5.2108838695199635
0.2946611315895403,-0.0758770187238765,0.3474631181648059,5.54929035481681
0.33868406833047215,-0.0984631855903403,0.31811802583133414,5.868225323559407
0.3926650958324563,-0.07307253106357317,0.3046845666749777,6.169374192700102
0.27703750574524644,-0.06380122765983297,0.300287304492574,5.365778959966945
0.264850730743816,-0.0648761963117395,0.35228772801843716,5.720183940388866
0.25612351468770395,-0.05567952175133495,0.2931805477084949,5.389735934571403
0.2249760254071601,-0.05373681397814917,0.30675562165210046,5.171178369064484
0.29519094069653,-0.071878590628298,0.3373894933989781,5.819935904144705
0.27953672934119195,-0.10438357064168216,0.28738715292137945,5.45853116882664
0.30873224573971464,-0.07106888157785714,0.2728504049804095,5.143993374359936
0.2832130366664544,-0.09983149172438383,0.2971542817059029,5.373477646151377
0.30659576330566435,-0.08557446283600743,0.2790583831860927,5.46173546784281
0.2765135324409608,-0.12926370084330338,0.34404705211126607,5.736389444107005
0.3073506666031535,-0.08754002833410249,0.3605866604938106,5.939615062911195
0.29564081804844794,-0.0647315693372398,0.3137259865328346,5.361394403671704
0.30234011931360344,-0.06476209387069694,0.3163233517861813,5.63409949640151
0.31258688572700066,-0.05598787477092918,0.2752230412549488,5.538666336476861
0.28649561263014445,-0.05641530677249965,0.19609294464378493,5.1230964451132674
0.22535613313421782,-0.0005785853404056437,0.2233576966859223,4.676850436130191
0.21670444017237722,0.005072758282007687,0.16828387808397186,4.277141606246121
0.1947585487192839,-0.004756679832229714,0.2079684183877529,4.154741981444218
0.24054659380954901,0.0007124224659405206,0.22342664268898801,4.82681260812241
0.24259895137586412,0.023967061781220805,0.21457786181813268,4.878477744593459
0.22750698495915664,-0.024986429750092996,0.23887106574419034,4.8623317751485535
0.2443492934532432,-0.027093392528501212,0.24578266970059123,5.009770551093432
0.2757698980854107,-0.08247892527432629,0.3020606753908971,5.474980480313453
0.2395780233278584,-0.05117105693530483,0.2738314468653223,5.282128764305215
0.2526181739420343,-0.07582407547295217,0.2883354583185013,5.338683661972605
0.3608767387367143,-0.10432814062719294,0.31597313771849517,6.28583273658471
0.3335548940711294,-0.05733484559173539,0.3796443942025925,6.300566987013047
0.36300253286608397,-0.02810907941384153,0.2621181005854061,5.895323390827673
0.4220401176788054,-0.04065942676596525,0.25287437893634185,6.215189941910827
0.4110897907506767,-0.07512722416797167,0.2691941814727258,6.247383320071588
0.3887928663407733,-0.08877034576297799,0.32530152676744695,6.459327222425014
0.37017658343824084,-0.034834603722822224,0.31512554115424773,6.036782564809048
0.33049847232425994,-0.015758362567711067,0.2540439488403894,5.315578868918736
0.30893153087917147,-0.025543810583434714,0.2900686300519861,5.290825754140202
0.3019647450959099,-0.028083162150486132,0.3044841600937091,5.424937829564349
0.33273448573036596,-0.009271460032486833,0.344155508595552,5.652710650447546
0.3194192035312794,-0.024305003634992266,0.26008900464520296,5.402681490947624
0.350616383536687,-0.08642059292584424,0.38029786115237624,6.447458856810694
0.2993933119458378,-0.019925968868687374,0.27295848407827294,5.1742014423438505
0.31351144151149885,-0.02083502454195427,0.2927622963613948,5.504029348748969
0.3158094936265513,-0.0463080304463718,0.27502568526614257,5.281132326728391
0.3386190807369919,-0.08010455148310357,0.29383760680147564,5.65264515011277
0.3886139855442866,0.006215017165992122,0.3099864321975981,6.082323586219341
0.32013712240379266,-0.002086754628667046,0.3052421621566083,5.689139701068902
0.3128202387893546,-0.010013956187553248,0.276635969769209,5.316285843319501
0.3172464311883251,-0.00828754186701595,0.2859553510605155,5.293725668710949
0.2964870427038357,-0.013270100694682674,0.25355890462570196,5.0695230987294595
0.3018055344437976,-0.029627673853740495,0.25294922028883887,5.136048438630411
0.28404487091629355,-0.008478584198557309,0.24477506574288857,4.985753517209396
0.36984629975637123,0.0008626302631214766,0.31884603973574116,5.7616647796011025
0.3107635434194006,-0.01075397678519207,0.22789875995619327,4.906931194339623
0.34690095754033934,-0.006330045490811484,0.21131654412859074,5.152184952525721
0.3560861083087514,-0.056574699797558144,0.2658025961448428,5.572316268870675
0.4094110381540374,-0.08236079172731467,0.23119224679998998,5.742073995246742
0.3829930027189715,-0.07553227920599478,0.2712800473697284,5.888218752504115
0.3535758367920557,-0.0008344745153957048,0.24838937464301175,5.2926954156424895
0.36564487335866547,-0.05899743746763871,0.28690214328855046,5.672628377749807
0.3458474878933414,-0.009212644129269434,0.20836148355030576,5.0432456480825465
0.4603844813020432,-0.02361975843370048,0.2527612689585327,6.220403513385623
0.4308561876059883,0.0255321995349555,0.2614716439517635,6.062332228940745
0.3807958206333106,0.005526658270985775,0.2530643984257317,5.736376993040105
0.44358076742158375,-0.009266313381775913,0.23143886443919198,6.005893469173748
0.4121208698946277,0.0003895322749615964,0.2524817014789356,5.700082668034355
0.42503731619074087,-0.020250122595912832,0.276944715585887,6.022039912082124
0.39152356636012403,0.01069607485789724,0.21336922747491358,5.3868104744276595
0.3944298454590927,0.02153824010364133,0.2542003388886619,5.612357788452039
0.39122575400488746,0.02020440910910673,0.2722151264758003,5.656614677105974
0.3493967100101936,0.028738355283076673,0.21542175504935718,5.084590291065115
0.35412969201077443,0.01912915066573795,0.20642132112260547,5.029155612629113
0.36493908323579116,-0.012415659876642974,0.21653529715914158,5.101161475869586
0.31722673827006265,0.04722782526284212,0.24873877504962139,5.038549149887285
0.3340926935601993,0.01493576900878599,0.23087501518470452,5.113554626670835
0.33587550089888324,0.014667790730520556,0.263179273192537,5.121136224622911
0.36143256451082073,-0.007321924454833563,0.25655965164104444,5.390309741051669
0.25924881387053555,-0.03531104295041948,0.28065195807111154,5.007722260217652
0.31355124123996864,0.008545106531839585,0.2333245787122823,5.002869407032233
0.3360383556919781,0.0006658061228224647,0.22605456317002703,5.047647198616854
0.30543892599232664,0.025154210008746365,0.2176530070127494,4.839355918100859
0.27333961607402013,0.028691877938733016,0.2847818231280595,5.056940816328799
0.32623509680216584,-0.058135296285428,0.2917191804517467,5.465219037942588
0.3065939673804618,-0.005502668505547604,0.2670150811438512,5.210642674618421
0.25863009709671075,0.0001168555062710889,0.29959166843733076,4.95712230515241
0.26658148990772934,0.004563785112073292,0.23771324371419916,4.70504575503849
0.30921183451662226,0.009134486236929121,0.2611734788215527,5.122712043945626
0.21537240555677475,0.0042400594214026316,0.28250013247145295,4.733410492971618
0.2478357672879639,-0.0016267038521934106,0.27301317156271043,4.971039627714588
0.2104428592729591,-0.03162728002972167,0.2828167939207898,4.760892387267717
0.2493101110951696,-0.004788188304391764,0.2792299125125577,5.036374021170841
0.32647789208279265,-0.03339396510211193,0.3060211015342255,5.604867723309816
0.3212097006268094,-0.0407373792387897,0.3282561687448828,5.572419772185809
0.2748699118473582,-0.04523233441254172,0.27778272660272896,4.994767937870786
0.2908101718691082,-0.03608750576068933,0.2587799527658145,5.095945931586705
0.2475188475088738,-0.03460927345562338,0.30240091977583045,5.045592461838061
0.26980733262804524,-0.010794652560006283,0.24856742564457163,4.789911973281149
0.24494891533155028,-0.0542581379474731,0.26938686387931515,4.6488695531174296
0.2570587222707547,0.007541261656144016,0.2760775050168594,4.7605944712356685
0.2580014466687545,0.003589567717973588,0.24744868113505117,4.647505260509887
0.2529793931879448,-0.00531767580652621,0.241321351462792,4.7349976430287954
0.21534480741064538,0.027065910837006445,0.17418086576794145,4.1206429788986565
0.22408401853243082,0.018888930591146446,0.22062828959440323,4.463816110329634
0.17333325060818505,0.015600165377279165,0.2216143614954618,4.14374227866745
0.17618283490806128,-0.008749814514220378,0.23487599650128663,4.317079656966754
0.22154178959232323,-0.0253603966299468,0.27710766968232525,4.67281421719381
0.3154704331682855,-0.014553498167495673,0.2223015604137634,4.950027622362343
0.29649960410453297,-0.06246649726265452,0.2956668200442435,5.348608127710991
0.3032231022625046,-0.014217887817075172,0.31731357761753426,5.488928803005388
0.2687045009068948,-0.03367111430627797,0.2711147417937631,5.012980707351307
0.2670324673738941,-0.04069920949557201,0.2826105745742991,5.068539112057231
0.21348651499502394,-0.05451463266090416,0.2821563420792887,4.856113814752606
0.23768650518092732,0.03297134912682421,0.26911118166174947,4.657664188492883
0.20130928393306513,0.013003801043798531,0.24514088021975222,4.409308078690995
0.18047525563636585,0.0436643108367126,0.20679670306436532,4.119835715854166
0.17701086830740317,0.02515506981244454,0.23376437984422582,4.316682937279958
0.26730816704612076,0.010224846518762806,0.2775980293768491,4.829697359707071
0.2612506696998976,0.004810528785373186,0.28693498096310854,4.91481773745576
0.29641739722718263,0.0014139372607217874,0.30602260952654853,5.2640478404727995
0.25686930159389193,0.029488677508388746,0.2429232709242618,4.519282408912203
0.3434418994951672,-0.015859896962669234,0.2268328390728307,5.112091369680047
0.2463697649759845,-0.031315475502680344,0.26424741657841305,4.723860968670847
0.22604692613760655,-0.046041255695840826,0.24803843711686024,4.564165065930895
0.2956295022907636,-0.020928290160338377,0.2607010856930493,5.053583900440597
0.30925443039194306,-0.021656488993591766,0.25243516863562954,5.013234491959077
0.32761441161144506,-0.05555609929645521,0.2811347268762366,5.229237641329585
0.3406175586991158,-0.04851984614247877,0.2941985614038401,5.624017530960832
0.2713889510736459,-0.01691275519586266,0.2843764243643748,5.161157690235476
0.3075024996238395,0.008600940395687533,0.3261575309897236,5.6137739281582295
0.2554891219875422,-0.017786582135854722,0.2753769206971556,5.000526795548648
0.2081570449464986,0.051463007960167485,0.21609651408577826,4.412852250868502
0.18630694628992603,0.05956762706619753,0.22574046943874404,4.110798873940308
0.1905374388524931,0.004348728907642764,0.2588630791716954,4.343094572642664
0.21176497566113203,-0.016157128741127624,0.2734891262558037,4.836733098763494
0.22662138843289076,0.007841200703957281,0.24950441476186866,4.448485187006115
0.14682449279792958,0.0068238814607653265,0.24258145811636136,4.199974574034944
0.21645785911074292,-0.032435157936333225,0.30727118492534805,4.8268805177496805
0.2927330233763047,0.019104165263098064,0.285380987860157,5.2100663762207375
0.31761675539519135,-0.004197735425784041,0.2750401548914888,5.230383697891222
0.362969345294709,0.006961809652608793,0.25614970423157757,5.550778079063187
0.34715665752963454,0.014667638030666345,0.2925324583967969,5.791120230818515
0.3548405423291779,0.019672106714297522,0.31671619551472735,5.818306893333578
0.2940979478317911,0.0007015827874881497,0.26674002386417645,5.309747200209329
0.293681288039511,0.006069722880575605,0.3039089356156857,5.286938492791448
0.2938552290743405,0.018425614747643006,0.2577942185896659,4.950388131747821
0.2503450185721423,0.01800980237562931,0.23853044380601418,4.553123313974841
0.34051553738279544,-0.01026895362314201,0.2694243663054491,5.374160110129182
0.3162233021197901,-0.010261901348673708,0.3150035947814713,5.619860803660258
0.2910015032773375,-0.0029042749354031747,0.2798517723595063,5.090570888314628
0.30790337253858685,0.023023940492615073,0.27008466045072316,5.229208338140054
0.27348490587918783,0.02079141486246439,0.2618893767077666,4.9088564856342
0.22906252748430242,-0.01414309257578034,0.2688256189079506,5.014072335673808
0.2756860997556222,-0.004301822424638359,0.26367107287352753,4.92558410664512
0.2684273247870381,0.03778753471217585,0.2219528856309677,4.777702416007969
0.22703800737155616,0.009940871109502586,0.23232270230163551,4.689473339258425
0.2343271424495674,-0.036975534283017135,0.3345907812219607,5.456380827864406
0.262115330656893,-0.004471808741988088,0.34655544518281,5.377363996109251
0.28317843981173313,0.010935783433199427,0.29137457352501883,5.295515425896258
0.2899186628607316,-0.04440644207695461,0.3153758757969416,5.520683960066529
0.3024729002617837,0.006045441890392824,0.2521696839579455,5.111789012146038
0.27739227772959324,0.0081544609836103,0.2252357829325202,4.616808363106174
0.2620588118734114,-0.015484764990075051,0.2877352638591899,5.04641628669884
0.23946524884275225,-0.05307377144288213,0.29197853213081865,5.085928950265352
0.2782577496258681,-0.030304013339518963,0.280466829507117,5.164613039982553
0.31950522283377875,-0.0722308743397006,0.27744245101567144,5.544690115901613
0.2792676377560668,-0.08512003760016776,0.3128164274972702,5.289789588099996
0.38651249783946945,-0.12574723905220928,0.2998517657945136,5.914251117957851
0.337588157740772,-0.10947180299417476,0.29960767962383267,5.6246632024886
0.35372191407803316,-0.05254267365694791,0.28369574074325754,5.613799131129426
0.3144961999561327,-0.10133028469553737,0.34339473229643563,5.704537996962633
0.35978033611542426,-0.051641233757589285,0.2792503275142233,5.708531906567557
0.3613273302093533,-0.04890480794647445,0.2199696845781676,5.4426425200972615
0.31628648136869836,-0.07486366738043827,0.26538355825985044,5.272438284641495
0.36038981934463377,-0.05555790572738341,0.34506329736589136,6.030078677970229
0.3135517356550255,-0.05978900310879101,0.2819609643910144,5.319302800625316
0.3028760560863226,-0.0213228237312796,0.2347088043198059,4.927659031845003
0.27039380851081796,-0.0037459552373151103,0.24548116641598577,4.7184470113192845
0.2528696378785651,0.009690106592311908,0.22125524479563333,4.454909312512939
0.24304907524230934,-0.03389751000557584,0.24233077641333245,4.732164719330834
0.27306696616622134,-0.05615644102005695,0.31456146421947395,5.2672958473587475
0.2646327071799584,-0.09312734884515467,0.29195946224995994,5.0534337452598335
0.39233644885731955,-0.055002696508110835,0.33186962966932443,6.130091034629126
0.2525305510074705,-0.07016310688375887,0.3348256359726365,5.162794047121152
0.2966585391163341,-0.08812226276528587,0.3502018092012725,5.545467558392024
0.34178589745045823,-0.0503150403593341,0.352906310835192,6.0190270435629385
0.28720611204220375,-0.03816125620545497,0.3695536568965855,5.563680051167892
0.27307738520773384,-0.03376467640175932,0.27073922153286306,4.806618737319334
0.30415158958631994,-0.017964250384164843,0.27678114102282736,4.976599581790715
0.2940287664261182,-0.05057007655571449,0.289037843683489,5.207140301089606
0.2915397979804701,-0.043766936098952,0.27083712574980917,4.939498795490411
0.3427815560538173,-0.005894336401626187,0.2964681777567334,5.369637332225067
0.4191861839188544,-0.05819078160653228,0.32503931257682944,6.2267514721968995
0.40335604080195364,-0.07057130299235907,0.3688815712360797,6.358066077296614
0.3914913022124168,-0.07833630920988181,0.38027359334438454,6.494619548389299
0.3773722185196974,-0.060670489722773696,0.36094588753357854,6.238730171345764
0.42197768075993297,-0.0477608449966918,0.34438985207209155,6.494914274712257
0.39844071815743837,-0.03685976000446479,0.35610977639940006,6.330047962597207
0.3789654947638299,-0.07547118354325305,0.42858089732273885,6.770982176143625
0.4182156804316556,-0.09372940670777075,0.3818669937974455,6.646311099332331
0.4316234498851217,-0.06945265996972554,0.3765188787939151,6.647914989479752
0.41980209237737476,-0.12591730927291664,0.42381358933121405,7.018442006509318
0.43752236164885466,-0.09269415788843491,0.4235065423267995,7.2106255059034625
0.3903896440842595,-0.1346909873011506,0.4088724016228716,6.865003219576749
0.36500054595542347,-0.1427617821842302,0.4215433214467937,6.864207146325623
0.354294615240916,-0.1018840451644426,0.43224630323897134,6.746499838824684
0.38446471450068115,-0.0787253851046583,0.3822302055884986,6.387973911487661
0.352142764548928,-0.027333871360497208,0.3413598742615431,5.901710545506584
0.40937729137435125,-0.05482970419498377,0.32496229094434126,6.253636189539391
0.3772874129232342,-0.07016511469526358,0.3604075797814145,6.281127052661734
0.3891553399696247,-0.040044918033684276,0.3192192345697795,6.1189291505802705
0.3593132799018281,-0.0363808355143875,0.28734392166926254,5.761341841448865
0.3858527303443713,-0.024109964846379606,0.28787855401296514,5.9420376282424785
0.41772145728008014,-0.030966441015428968,0.27361284837180583,6.201655731773706
0.38754538490831847,-0.013615070370902187,0.2716949926844383,5.888842042422488
0.41851243617850126,-0.031907420114957376,0.305183790845541,6.234426187850202
0.3908719607427771,-0.048124576988737996,0.2906810510563693,5.921228507720653
0.3671161103301095,-0.06593254127526592,0.32397584118347883,6.072925270916919
0.3525592118282677,-0.08554545567500638,0.3461743731677675,5.959225985160012
0.3418913635999831,-0.04138434285726276,0.2753636147952219,5.399480923605357
0.27507601680769317,-0.07780731693410319,0.296584449481851,5.060373893331848
0.32994479501813334,-0.0013678155779895142,0.31766764807737047,5.640657667557459
0.33006485344380654,-0.023296319066847343,0.3539811804794087,5.829361897071194
0.3187394315004949,-0.0491690245594962,0.2780892744624164,5.295544842179472
0.3727036192771837,0.00013972089911283724,0.25983406290586786,5.524376702850266
0.3838138715984696,0.0347841399190575,0.23750463605605687,5.556083022956322
0.40988433823068493,0.004570226538932544,0.28621638409523076,5.952691902706593
0.4507172047210731,-0.04494001267298962,0.23274588296977913,6.209326823885558
0.2941173369573182,-0.06840513858327155,0.26220419368738224,5.169942785123111
0.3328707279194227,-0.00870904873747819,0.2724240407933101,5.294974101238486
0.31363368209186565,0.016967486591023102,0.24830600890592203,5.00993101272583
0.3913341681231684,-0.03867337879042235,0.36344572215235665,6.343088561752049
0.36499060166412123,-0.033070590203905265,0.3310283024793221,6.120157790378096
0.4152778488309682,-0.07780280767069754,0.2738973756818523,6.010382147963069
0.3507052205813959,-0.004870175558358918,0.2599761870574592,5.527158436663985
0.40748673616198156,-0.04392244012150811,0.34764930534851557,6.178141033560922
0.3853254236519805,-0.01500967373989782,0.3442207359128885,6.152950609365309
0.3417892008375619,0.02334714775058094,0.25529755710442414,5.333870283877959
0.378048556934339,0.022516783917409446,0.2724774649398196,5.633342535811997
0.4060104004366688,0.048372997479560365,0.28971609067626514,6.01578095346573
0.34924076394564213,-0.015475659970991797,0.3338324745670425,5.767343891874037
0.3427573484598914,-0.0367232856868368,0.28861619761744944,5.758744226092366
0.4428249254681748,-0.039904367731755576,0.25262354542767507,6.1918315335285
0.3559019792603704,-0.03478235254444112,0.3375002851227248,5.806200494459379
0.3505006837233848,-0.018653752662447277,0.31646168571507755,5.7036422904684265
0.3378757897658886,-0.020126300585549813,0.33175120401116376,5.68019946861105
0.3449580675508632,-0.01122314986849916,0.32578552388938864,5.682630446867592
0.352241461639285,-0.013697957156374547,0.38804565438204575,6.2614778252991865
0.3883051512101772,-0.07410371961960154,0.36173460863182394,6.24191004089315
0.41737841446051915,-0.12153322563902848,0.38467612159801406,6.807999551036645
0.42528518951587907,-0.0804190206366082,0.40894914076470384,6.845730914340221
0.41080272588972533,-0.09391382696474046,0.46958197721856,7.478671630152087
0.437677968147224,-0.11111018502958014,0.41898703636768664,7.235486098955393
0.40608631618510016,-0.11238304327822035,0.4628227115562761,7.214271142899557
0.3944723062969885,-0.08855452581875534,0.42310503527509846,6.8907014167056655
0.3672175899284184,-0.10258931902735809,0.4159201019161067,6.625189889617423
0.3914765418229216,-0.11674420196455432,0.3787871067454751,6.570489429308941
0.38568703018840683,-0.11056471934881988,0.3124503184432934,6.230630050844398
0.4508508015104595,-0.08764882712210713,0.3607085137241412,7.011036790823805
0.447271697786918,-0.07788922890596159,0.3247878283801951,6.638340551089964
0.39202272389473025,-0.05449448659495341,0.23654966600524235,5.711413880377089
0.36809929730906427,-0.020631161675861754,0.2763651886153592,5.590477729331994
0.43732302784186544,-0.0904050780893059,0.3098269747293174,6.438530279005315
0.41749172778630944,-0.06562441124435643,0.3295429691358758,6.629090861517712
0.36785197061739056,-0.10047202904648793,0.3801890998932816,6.496000295238218
0.3178080511220469,-0.06518510476446995,0.39765666704209,6.29535300061548
0.3673819636013631,-0.04062663087698527,0.3649423233498201,6.293285126000115
0.43747686827994525,-0.11104094868801952,0.36489071882489077,6.8451924845257786
0.45861449323766323,-0.0860585284950865,0.3835582957958644,7.114495981813784
0.3938535643979571,-0.10444625336368366,0.31830519322423967,6.1864147840729595
0.4283485754559969,-0.11715481738356082,0.37272892992444867,6.928919038867314
0.4371224442013371,-0.0986585129803966,0.33973509111419864,6.728919840688299
0.39865055533998256,-0.07904440808139965,0.3453838050762338,6.421833115541381
0.4296464940433857,-0.10620623972421796,0.36682978646837316,6.7225490182613505
0.4034246730028958,-0.08938647374611379,0.33257586243705467,6.608361054292247
0.3545600979125639,-0.07634060698324792,0.34112567457213866,6.112608789004614
0.4319762995281519,-0.08003036997991558,0.3223143731522706,6.61977146337255
0.3991479369087064,-0.07350702202703811,0.3100219559670852,6.342131525765152
0.4101164606746292,-0.09125325091608365,0.3517952169435519,6.763395665578274
0.4173887977385556,-0.159160745864664,0.34631230817277336,6.7195116267385915
0.4766590591961227,-0.1259757595851367,0.3359075868848307,7.0687076266725795
0.401950194875122,-0.08840689664700616,0.29170849991115994,6.22589643658173
0.4384579694769612,-0.06217548540806864,0.24273691216666907,6.181942779859307
0.44776398672738205,-0.06530225238270566,0.28168772480673876,6.430072017092354
0.3560650743576636,-0.07835186966609356,0.29390946766698167,5.837334191623593
0.35238434331454604,-0.09853493416608883,0.3247487911899764,6.0857168766491085
0.345152037644283,-0.122743932241546,0.4014313910723747,6.521774878915474
0.4599362281297836,-0.08957927081476437,0.3681956126023715,7.053862953111401
0.44456576778710616,-0.07616371893482207,0.35311298276270203,6.735069539608244
0.4487534809079279,-0.07463010192998461,0.3533471122185431,6.766103763727754
0.4811303342895964,-0.06817510344021382,0.3161167177330191,6.767820920352285
0.4511741064077266,-0.07987081050431427,0.37357238525685993,6.79811731359078
0.3939189220758308,-0.07126171001364569,0.38308804441523053,6.475560861884913
0.457056916809967,-0.08034854997885839,0.42215986957573154,7.118581616041636
0.41123947228566887,-0.028287145132882843,0.3190031362213145,6.20291803339537
0.4210907889075655,-0.0580387845556781,0.34255402455084377,6.431351334037888
0.4247213507848031,-0.06353167532680423,0.2984291811182866,6.3839435215314095
0.4144244071523315,-0.11028621072154775,0.35636629623074656,6.661304528201192
0.3764408347965249,-0.030991180124361365,0.3267970379838716,6.142767598989624
0.377990816356261,-0.08651196755569059,0.37159220042924684,6.533061133938027
0.39675839679072844,-0.08088119893755764,0.2673352649124835,6.020682844461808
0.4540002159922236,-0.019779492045245928,0.2223088685543477,6.169081422510534
0.42633012756304406,-0.06935694335361793,0.2960996292966505,6.417345664080543
0.4201544036364416,-0.05943346647523799,0.3071251486800594,6.387642150186068
0.4371767872877862,-0.07571357154425494,0.36046534360449334,6.739935747641991
0.42165584041450144,-0.06817725780720187,0.3348841883623296,6.687081238184064
0.46785656302723194,-0.04453152414734654,0.3662725417511809,7.15037403130103
0.4448453276706907,-0.08473510610305413,0.3093179201395028,6.596893464225776
0.4639539649306843,-0.06543339175185868,0.3032810414022705,6.778160161048149
0.44008487662064577,-0.07862448608426488,0.31941735370686736,6.637093950570719
0.4328660498691832,-0.09983938724733325,0.3516102975788972,6.984004710025386
0.4247597702704543,-0.10752941530615419,0.3330693258985411,6.781718160916274
0.4506294968351252,-0.11074603334157866,0.38167655635818853,7.0817479019306715
0.40580591685101725,-0.0814265741013778,0.3150788737045712,6.440500993252492
0.41765349580491123,-0.07631144303209136,0.3268266932382628,6.525018074216415
0.296298433235614,-0.033761920978195026,0.29946345514360495,5.49705704576324
0.34914875597652456,-0.06066744818830215,0.3581689479276135,6.165797714566949
0.39127496856740485,-0.05424091883883784,0.29378318242006685,6.105392892516112
0.3981128347335015,-0.09016589883152026,0.31045623948261797,6.365467079790323
0.37392898499633964,-0.06975769452656352,0.32236124620300943,6.161147831292337
0.3580803619186509,-0.04808911242577913,0.22807597397724408,5.538078502580114
0.33353141671461395,-0.030899128972510494,0.27764754069080955,5.532580006680962
0.36216535028282737,-0.034732259959702826,0.2891796577323383,5.7281012625598615
0.32337949884116246,-0.022787487544727203,0.2845575470003385,5.298118455024287
0.351070906581611,-0.024496742276153876,0.2744436243152404,5.5656152489457895
0.3093035158171906,-0.0653332581739977,0.2723538616872764,5.331911777273003
0.330227320795706,-0.04340776248919981,0.2953418895991383,5.5636664718690305
0.3129884101688147,-0.010840527805718432,0.22051393881631084,5.094242394196845
0.3669105095564071,-0.03713011538165409,0.2213888764036205,5.356472033442337
0.39083511280770883,-0.0039607414742271795,0.23049619648647238,5.5850443871792
0.4170936276582805,-0.04205480588529878,0.22957622687349766,5.781470733629832
0.3576339464965735,-0.0516941252048232,0.24779712944786056,5.57739027309292
0.2737387694020085,-0.019554314124701138,0.2795719585580976,5.049304397904506
0.36738766948892565,-0.05279610051208584,0.32056988511577444,5.7307330278877915
0.36271370551152227,-0.018116115917668,0.23607787273362263,5.500094738218156
0.38106830267420244,-0.05226195400983216,0.316152800275195,5.966778511766832
0.3704517468369002,-0.11118281682914831,0.33636839741199887,6.172210628824747
0.4078896125580487,-0.08286682347706965,0.3779839688148537,6.723035732080156
0.41372422279221566,-0.056694095260998396,0.2504468564009747,6.0643391943259335
0.4013942757192276,-0.056974836944822346,0.30391228059171965,6.212444459609506
0.3731807207388249,-0.07992170543067997,0.3313097291554996,6.29966712607039
0.4038741840993083,-0.12050101164423081,0.3677293635473437,6.8525570076722895
0.4201531295831706,-0.10811661684449139,0.3209411184950103,6.555555936115895
0.4004147701500482,-0.0886455677679315,0.34306062118879527,6.572750938636873
0.4056195574758335,-0.03419709192187951,0.273995986572073,6.088285523256147
0.4569499588807847,-0.06540728132986821,0.3516617233260902,6.920454516343173
0.4174380881241553,-0.07783661684464874,0.3228278666624112,6.6236513157564145
0.4732373168569683,-0.1051327368375872,0.28351315190056137,6.802422997681411
0.4685901227167447,-0.06608764115178503,0.27338194650551767,6.639272630169508
0.4300680935578908,-0.058462255649177786,0.28637162228184593,6.407814800887133
0.4367666660197685,-0.026276773560931305,0.22778848383116368,5.89567098646186
0.39549621781366345,-0.04221756499423917,0.2617254838273952,5.812528034301141
0.37587098547436204,-0.04303948368198618,0.2649819780179997,5.704894714463502
0.3830745247244826,-0.03850647609645743,0.31367142231257095,6.129711757498033
0.3399550344383955,-0.03565554869515714,0.3188921343262979,5.81939280210609
0.3443610303656264,-0.0511878242744478,0.2962753240895794,5.66453544463355
0.375970583713948,-0.08217940408605304,0.28618977289429304,5.810488708583281
0.3395461774763182,-0.07679695250535254,0.28970636199638256,5.589177542637278
0.41610117326195034,-0.029770063406586753,0.34082747006334146,6.39305533281285
0.40345484420076,-0.04053576249201866,0.33686867884845184,6.224775318735984
0.3915367192287233,-0.023688923115295364,0.24666205685140408,5.67852399055806
0.35640326725261795,-0.03941209157087521,0.26234422591858825,5.735384747290053
0.3815953443669964,-0.03435690902468211,0.29504652881525734,5.817800491447607
0.35923378782459164,-0.013843762983596061,0.2748580743158328,5.522668829254149
0.3843657357737347,-0.021092486355548473,0.21852219166170328,5.297803653858312
0.3433929098225792,-0.0803142370140038,0.2915760874213751,5.490628819930814
0.40581444387754667,-0.14037732739098055,0.3272475064939287,6.413803977797858
0.37670321221357594,-0.1403709624286254,0.3436296180555146,6.520607255005815
0.33475560137352084,-0.13171873391557481,0.3711615533716773,6.288535246380429
0.32546804118147127,-0.1858976065985473,0.4268404074246996,6.48775185888944
0.310359840666349,-0.16605388999337914,0.3579049664518538,5.955216534420479
0.3935215973932247,-0.13938985060629835,0.33840647377375055,6.453900911939537
0.3593110999834297,-0.12171443832289561,0.3113900280028067,6.060308927661923
0.36464908584831685,-0.10684612212913543,0.3528814618049477,6.245041878643538
0.3744061898009309,-0.07213084454085994,0.29660935179978287,6.00526004958934
0.3839603778553502,-0.09194713570530957,0.3254730266932565,6.32625991486068
0.38322161112563147,-0.07761835692136597,0.28296190266694077,5.796448494895619
0.40743266175374065,-0.025054437957723098,0.23027162340280752,5.7012428081856035
0.4402371237765077,-0.05592127439121327,0.2879612371010899,6.369357619347962
0.434459512710505,-0.06132453132821615,0.27957720821144777,6.291125345135168
0.44243017221221403,-0.040839404972791885,0.2500496592649819,6.154779071097073
0.4744909029055254,-0.08867891424976727,0.28072425334945117,6.541465717106221
0.42243741064792734,-0.09105631781462051,0.29671614253730527,6.217609257687462
0.4472287867806607,-0.11438822009274636,0.3732393125054217,6.972073457975807
0.44763132564602953,-0.10932320108713268,0.3334637617994445,6.882498197757789
0.40328615934895934,-0.08856769043221381,0.2910854814363555,6.234170981614075
0.37614727108894386,-0.088138207159493,0.35022559522672814,6.397750003023511
0.36504912561037944,-0.07287028953359083,0.359959270397622,6.258575514815446
0.33899308875382533,-0.0729032280514711,0.305076926907662,5.8221627712345025
0.43573704733173624,-0.07551230662736909,0.3013613332453393,6.364649363780124
0.438347579094456,-0.1352637208197159,0.3774395318682934,6.959896203611809
0.3893890446886419,-0.07396433530584151,0.36270962417037556,6.427329993454717
0.35849348003230047,-0.0859350435175143,0.3561890167630249,6.433743556765328
0.35871759357384964,-0.07540446033627453,0.38380798153520473,6.4046879265489824
0.3618205196440623,-0.09609643703028066,0.39344141729598103,6.631838314502931
0.3170075597038674,-0.12849555061549767,0.388810542832936,6.156226130386027
0.35811810550618434,-0.11814724030429162,0.4244171570759882,6.690492570346211
0.39911324785482827,-0.15893252351206577,0.36938392357958094,6.753390595544018
0.4205316418049613,-0.12020851945747293,0.42324575360091676,7.135325646148738
0.43010593287209825,-0.1354489546039997,0.4192929432379522,7.174178614415266
0.35228803989048646,-0.10308662348240105,0.36500345059349865,6.294524470521654
0.35847091914627177,-0.094842007365737,0.41760391051745827,6.421348035425843
0.3966059048287467,-0.07520189736828273,0.32171581113357034,6.283542494865175
0.4009868350644293,-0.13422151874873356,0.38556111782351987,6.729764457217507
0.41140727807311206,-0.15727983508583768,0.34252282946725215,6.545869059953674
0.4164777164293045,-0.14833077179197568,0.3837517229259657,6.7792326061324095
0.44676174113380135,-0.07776189724460224,0.38450753753829425,6.825619809155791
0.4489119363669483,-0.1381791935511171,0.33607333465726813,6.773089130265998
0.3650465215958282,-0.12786619401761892,0.37268241765717586,6.389994713362465
0.38805371243997794,-0.14705948326015778,0.3457867979307662,6.579054707756225
0.4191338985633607,-0.05135271416468866,0.3386920377471672,6.516305499136247
0.3046043844654659,-0.0737463531635863,0.4462262463095827,6.519750316804788
0.3616604623107393,-0.0680356288891124,0.401508009322574,6.589569865623312
0.3925843908945391,-0.058276563816441,0.4518093665892852,7.043120368864166
0.3370648631484726,-0.07455109410474442,0.42914645748094976,6.57966922481221
0.2913255642899524,-0.12737622979717014,0.42001728697177354,6.485771492863475
0.32210879431484635,-0.053935540818577515,0.3690711016522459,6.14966397780356
0.3554573835407536,-0.11821181300165838,0.40877518272237495,6.448693162426454
0.36637907403249353,-0.0996269367784954,0.3979453589435445,6.715679698642707
0.36871951034456535,-0.10336171199560357,0.4220418944840212,6.766916093497953
0.3579309846610944,-0.13271643496892008,0.4234484953842999,6.725064775151939
0.2827452430593928,-0.10146504333827894,0.4254834998618139,6.360437001788397
0.3683548774241599,-0.03349804406502965,0.4259873140175906,6.62907027602893
0.2830812696545652,-0.09626362924559843,0.4607821452447392,6.530615305593923
0.33785208122425386,-0.07262757067686665,0.4985550783263531,7.06649854013495
0.31344101853698225,-0.09026340510077262,0.4723277041968187,6.634424278066884
0.30863939042058247,-0.09119392014855911,0.4903872370509667,6.829509001533283
0.34535625901464373,-0.09441862308418619,0.49945173259203746,6.906483522428049
0.33282284047646465,-0.03340110609163927,0.4790267981216616,6.88193350465642
0.3129057177012768,-0.05594578899189489,0.44509551784961165,6.581653733163796
0.37080644016897973,-0.05379590285871972,0.4846762763384998,7.138015341930414
0.4546683123320424,-0.03003913373939719,0.5173762196678586,7.849710923994924
0.42347193101749286,0.006744969208143457,0.39020541880905324,7.062633389375522
0.4299380958083949,-0.030988599748510048,0.40869872676753266,7.088626382149734
0.44985946218335593,-0.02317112485478373,0.3766420462668319,7.123662351480364
0.42640167863572637,-0.007027241511816223,0.3452400268189945,6.563279606551744
0.412817031923496,-0.07194623763719404,0.4108786842310612,6.870812934746608
0.5170104685502511,-0.07595923112758109,0.3837165165444616,7.547182776031794
0.5249906135030897,-0.041926333721573235,0.4090594023841342,7.76373047071241
0.5009373178052462,0.014075389280089945,0.3590048070713893,7.399139780729932
0.4767047949438142,-0.047756288138287674,0.409349131714918,7.335865936647915
0.3686767197782322,-0.060037138108347786,0.38918089741300466,6.6019106726409085
0.33755790189540646,-0.03958996856078162,0.40649468781281994,6.404104989976106
0.32489475352482605,-0.033529298717965623,0.391177536434744,6.206808744439914
0.35910695771540957,-0.05894872096363923,0.41185632208392753,6.589596144631615
0.3562374476334252,-0.02016426643763249,0.36948691685462953,6.296961648525026
0.3284410134944842,-0.025771970881199334,0.34935457451745644,5.915289702753798
0.3568209800742909,-0.059543554956151566,0.43024535424597804,6.688274021351497
0.3854375781830413,-0.06523016336670942,0.33568417593151084,6.149280782951298
0.45295031686304316,-0.07929012562592623,0.3460281122176586,6.914257654596724
0.4777430485674179,-0.0881911302602316,0.4460062936903871,7.61279263033579
0.46984434693313165,-0.06217540894282849,0.3818566160953722,7.205129290023915
0.45079007138175464,-0.12381920763110177,0.4074854341215566,7.353616644795512
0.46108491419815933,-0.07336926777644545,0.3752597526579926,7.027047893666586
0.4491033804333809,-0.09072823092468549,0.43906146188054596,7.189473797922974
0.3557962592430096,-0.09499766176573655,0.39557711132632295,6.528075216360006
0.39131561276998195,-0.09000437108842174,0.3717064172520792,6.551261647095815
0.3273789761949674,-0.021509110476010538,0.3280755912282009,5.7069679387714025
0.23653051989412097,-0.05353182825215419,0.29660835193075963,5.006010014566668
0.2768160255300198,-0.06225865656711631,0.39173052183246415,5.8288186323975175
0.31236399874075965,-0.06309481050597485,0.3457741133492651,6.029752122944005
0.3438447493802402,-0.03760006423934109,0.3131800505616056,5.785936438734432
0.29323554644370015,-0.060467879918818974,0.27790997516214017,5.264033040760839
0.28898066119873195,-0.03790993530221946,0.24113439014496982,5.019402242308941
0.29372693862415983,-0.0530994487132145,0.2808773271772954,5.3710635771574395
0.2698602778796977,-0.048975824823515965,0.28481876170906784,5.328140183299292
0.289108295503254,-0.050176001447037585,0.3089788532209483,5.375841987784586
0.29838056242493555,-0.06066143214614889,0.2751812207483048,5.175679241323978
0.27037149092812485,-0.04256640643479977,0.31119095755365467,5.353538087908517
0.34143432374204186,-0.07269267786714902,0.34656807243167986,6.0395657035495365
0.3892310372526242,-0.08409285278927589,0.3159919775183756,6.439095492808734
0.3955928001539755,-0.06789298928595676,0.382009579346578,6.709973193187851
0.36452063631471054,-0.04598603713981804,0.345105048848724,6.359262679851827
0.38876533159989224,-0.08884705943880784,0.3844377969794437,6.65141052250065
0.420243703269507,-0.06065691875902103,0.35599653782046536,6.693465109861054
0.39083780023763326,-0.04604234227844456,0.3217552585906736,6.258743796499012
0.4058626643449556,-0.07378975412373995,0.32667864674941743,6.27119626901059
0.3600546249307552,-0.07451211944046031,0.33719550573800483,6.122810558851135
0.3700447850948251,-0.07242957767672781,0.2891544721502273,5.888225365131627
0.3668558298553911,-0.0376420242074058,0.32396566140262373,6.048907835963023
0.3218917558470013,-0.04530477534005587,0.3603090930160506,5.9065433614594145
0.2584048501233617,-0.08770583719067633,0.31682265265739823,5.4612870071476625
0.27195097674241714,-0.06506699603495446,0.31797134065110355,5.562004354863161
0.38758840464283834,-0.04134427501777565,0.2693535815253335,5.893036730799498
0.3480835160445151,-0.048764785213003814,0.3204502318606753,5.746403957384472
0.3499062868049385,-0.014034654772213927,0.2718256605425176,5.557001920741057
0.2881794542698137,0.009110511696952872,0.24365094595414247,4.913378433815667
0.3311107069804684,-0.03953372375412331,0.2785900380679025,5.556466833506806
0.41377948042156254,-0.04079465547352168,0.2887030510665637,5.926677081578091
0.3671897906963773,-0.046417562495311364,0.2508153155280654,5.488427930661322
0.2821729664180803,-0.041565226340639964,0.26734308159509035,5.005274096488792
0.24842206795045357,-0.0889903828727114,0.3200746926361425,5.47074815109661
0.26124577981339403,-0.08665517675747635,0.337993070127524,5.310001633931902
0.2976554627607477,-0.056977691544869154,0.2800918761617484,5.152913555693574
0.28344653864268826,-0.07446918864099615,0.29276128282801,5.27324298470772
0.31977707459513555,-0.05153206614206912,0.254605857281607,5.254432992411578
0.3072503936664383,-0.03080836429837021,0.24346894158314955,5.155655110577585
0.25598902029257525,-0.042230056737893096,0.2554109699805397,4.763666285273688
0.2986109017659133,-0.06657916083902922,0.3005948073378693,5.2990499528070085
0.3492919017022731,-0.013462709290061452,0.2516474539683587,5.220845524332703
0.338188036534863,-0.03195660206762645,0.23456954154467605,5.228618829789518
0.2769266836232242,-0.019006282922033265,0.2280684949105074,4.708282394445994
0.3003832977662672,-0.03961032782560807,0.2562958666663498,5.05493288654513
0.3106402302907048,-0.07586125834819069,0.27772850170637925,5.323993532997757
0.3262364787144627,-0.049821702966677636,0.27305125704362154,5.415373424875043
0.4006251800512096,-0.04359522419161563,0.29703733713364117,6.1699476584653485
0.3578297470156543,-0.05897313692081483,0.2610530353504999,5.43905055015212
0.3635613797788125,-0.050644101216614494,0.3108952337850369,5.810197155963721
0.4052842373902318,-0.03094449328167752,0.2814694669969277,5.8969090081517965
0.393140627304615,-0.08792349209268317,0.33626892327784147,6.395644897549011
0.43141610421139753,-0.06899200024685113,0.306180704633739,6.336510462316375
0.426171624208506,-0.12410255624555065,0.3194129614173372,6.375560723053036
0.4105733765894791,-0.10700783358707272,0.39578323360203765,6.682098983670372
0.39070573239089174,-0.07558122047803305,0.31529693533804576,6.207532467271868
0.4019107261223861,-0.08347172295942552,0.29441610298310356,6.121993947154481
0.4338894230752242,-0.03136941980417883,0.24135835794200874,5.857087804407072
0.3846497709403393,-0.10742043478538076,0.3712648720703033,6.4775420251852935
0.4336083540775179,-0.0331308418184427,0.3436442298985806,6.438995622755303
0.42842091083824013,-0.07734331664288832,0.3085701589936126,6.306751564681674
0.43896014096333563,-0.06408073679672288,0.327211180144476,6.503186648605477
0.4139610557110743,-0.055708580320619885,0.3461247929666543,6.495277661319645
0.420390227928148,-0.06491856881455453,0.34685362700774436,6.486241042968052
0.41327407165679425,-0.0705410365133632,0.342960035440883,6.324806028360564
0.37459124942922734,-0.13186403736168062,0.3683440328018532,6.67646725084363
0.385467630474109,-0.09489399828462004,0.4269831888510853,6.939659074135263
0.46419547117721344,-0.08523758317343764,0.3995524957584447,7.228057180216196
0.3610325603249927,-0.09458904199028967,0.36643185267089756,6.306472836311161
0.4222522220592252,-0.1089528877261325,0.42423179627830915,6.992362362562382
0.39450586768733786,-0.0912998665407971,0.3506503570150084,6.480882253905914
0.4254454536699336,-0.11935755143374753,0.3694576760390949,6.773304972036019
0.3830218095170055,-0.08277292927888734,0.34078556920145747,6.267523098128847
0.3210955887580482,-0.07861050960473104,0.3093891020173425,5.61666740615843
0.36255790788271786,-0.12487602712857589,0.3865805488214456,6.4703692339619705
0.35441270026606103,-0.07649625228583232,0.35519069112949353,6.036198977192628
0.3575746270915719,-0.028450373554115126,0.28857692603225976,5.696036540721941
0.35381093894960564,-0.02641862498699302,0.281283550657776,5.49535345462053
0.36085547910407345,-0.02612951933088912,0.27947839077431397,5.6037316905230705
0.316667781719515,-0.07869690835198363,0.3178435256326191,5.507320680048219
0.2898017765410654,-0.08124406267191973,0.33295921711561105,5.546993082399145
0.3221731812566003,-0.03983171351998728,0.3499145653683933,6.006049594360805
0.3252420165803547,-0.0548803362194104,0.40567637412970564,6.278466692117134
0.3342305846109601,-0.08083017905955676,0.34633682726981607,5.99552087376133
0.32432776141086295,-0.09653638792887403,0.31618980476652264,5.64638500801273
0.303016218865691,-0.05573380061377915,0.2945592486535666,5.338379340238628
0.3513796974149861,-0.07926452274028205,0.2977592957029321,5.642199020859989
0.35013367850593397,-0.05367932499253434,0.2612822460985322,5.419647669650574
0.34447209992449573,-0.03702754536991103,0.31240639613984705,5.638446905041244
0.42009658445083076,0.005185303233261475,0.28026227690927863,6.025866663359136
0.337055669583841,-0.008767328401713383,0.27156171217817315,5.378341799201345
0.3789880804093484,-0.03831423693844394,0.30161474902670915,5.881429136794163
0.3325301930422832,-0.02020625933915363,0.28261044940174473,5.4559129015856955
0.3015078742025965,-0.05059750505921321,0.3325273945464834,5.863219374592478
0.3137839171169786,-0.024222450151145918,0.3146012178397864,5.361219789931386
0.3543125604511647,-0.023079184027333666,0.24440179121999825,5.206681134399483
0.38011244563545094,-0.030768605989638053,0.25151744394384,5.69682939249137
0.3227838663718983,-0.020120733802567244,0.2051325763484789,5.050422949010261
0.3450338738111166,-0.03284463445964961,0.24596636377092645,5.490375140297958
0.31492797048920124,-0.04543792902293539,0.2855733875293902,5.603399736275832
0.3601473080882523,0.008662433740534358,0.29407745502083793,5.650546236942471
0.3575817695104939,-0.0045896024596002545,0.31831333316490784,5.828651663521728
0.3281932043037965,-0.038249707780762504,0.29950849711762134,5.525434791385578
0.34770682433798206,-0.004782781609063576,0.27213552870321056,5.37787331147278
0.37846470613677957,-0.027376185445738725,0.22213163305128442,5.4368771254224315
0.388870889318596,-0.02255754952325534,0.23472262346144931,5.509447586216843
0.3967091813070832,0.004082594445165093,0.2581105259211795,5.950938206763159
0.33874177308628983,-0.03221877197831224,0.22412003453948312,5.126531217425562
0.3457848860820683,-0.008494206974572338,0.2258217110264319,5.3244331645952085
0.4000963968444751,0.008936948436114603,0.2850310499873601,5.749870383751982
0.37713378182055807,-0.014381880770931525,0.24412141484736952,5.530701620110319
0.29972373215830794,-0.010096655509354104,0.24894755669347465,5.049573269734359
0.3123312597607385,-0.042110707659636315,0.2900869465501634,5.3565504610883075
0.3731759612468673,-0.07011801130477836,0.34113210290070567,6.225418047920847
0.3465829992218213,-0.05534462144691694,0.26884384123223254,5.515770126123681
0.3228764075969232,-0.07395681216547016,0.24901433527941558,5.074220588601227
0.39991456401913156,-0.0041757867027748434,0.26389832728276746,5.750983909807098
0.376919247383297,0.008834578438502287,0.22511641463120283,5.373074629294367
0.37049407935092876,-0.06945467126501964,0.335144499749427,6.122830317631415
0.36637324745076577,-0.09423248669031023,0.34803441429880744,6.106085824857228
0.38146503105580043,-0.048954249866478734,0.2768110104785299,5.919380893527725
0.3263366861104526,0.006815352068251505,0.28855050075733485,5.407139315178273
0.39832346784541683,-0.014068779325893444,0.25857024679938734,5.826164108276367
0.3991759195881852,0.035661747781045194,0.24114617336232605,5.868259860624742
0.3947505147037187,-0.030259729330723704,0.3011112566485572,5.935284720114118
0.3353807850671482,-0.013876115900714931,0.27962790703275936,5.478273833556202
0.3792845093232848,-0.007752450664830866,0.28731206895990324,5.941166711664496
0.4244575148731993,-0.04875289811490567,0.31319972302733656,6.326447941237193
0.3832652968535091,-0.02668277994812332,0.2743030900461209,5.803698368780805
0.36325003928706934,-0.029510030957559493,0.27908350075129257,5.535358430929086
0.38949868354484374,-0.0764579180118974,0.329368839890766,6.073612201646459
0.32504437402081326,-0.04490066138126406,0.255605728232862,5.194563545983085
0.35462355569898674,-0.023160660233034806,0.2895930578549515,5.5694737012044175
0.3238418122393937,-0.04969004004870933,0.32311462558619075,5.504127740106431
0.2916409922101187,-0.0800040396993381,0.35321333096098223,5.573664156873993
0.30479483839093524,-0.05409406100352998,0.28711987249540033,5.383037787664383
0.3824174682020627,-0.059066560336099305,0.26332928159690444,5.738562271335019
0.36419983314769294,-0.0693157954468958,0.28401033336151554,5.606851443697781
0.4308029021713663,-0.07299955460549042,0.26362363547537754,6.151908837683355
0.40064906459832766,-0.029336870286884534,0.25827961671818894,5.823323933200006
0.39072108936008604,-0.05157704420090707,0.2894002009308497,5.981409584757925
0.4326199583911777,-0.03205635708367428,0.2740315430352828,6.146899733240762
0.4586037596127582,-0.04849235553892151,0.32145096884579705,6.541093647636514
0.5087746498543916,-0.08884486032225444,0.3092153889829119,6.932949455256721
0.4502996864037065,-0.044753323328651194,0.3587815575246595,6.674479368113467
0.4811151092744341,-0.05216224880492396,0.3077489102994907,6.603394128139833
0.423711807743709,-0.01807569724522165,0.2783238700254279,6.206552565198108
0.4711699240466255,-0.02528903807304499,0.294624763235568,6.416324304673809
0.40353319833885204,-0.0670984390217884,0.35393414295478515,6.404253935696087
0.45462994900461323,-0.08733106709483568,0.295423149738866,6.53457099007811
0.47871999300315976,-0.09112207903456765,0.33833378620654897,6.883189295571173
0.40326424829911484,-0.10841932223570964,0.3446108602822854,6.337750889393586
0.3869076196540053,-0.054642039787644564,0.3187481610691747,6.101788238299064
0.4312776698534683,-0.1174396018726237,0.38700894230841065,7.005390421444411
0.4429736590292868,-0.09380718852453782,0.4299139381857993,7.294527625907501
0.41712318654870517,-0.07002309469256802,0.35124794153286065,6.67201540902846
0.4265220169825793,-0.10433044624247671,0.3989941555827392,6.9248481081101
0.4130331718096581,-0.0621019469384538,0.3428343890562591,6.3786920867090675
0.37468522898192774,-0.0695278082699034,0.3328253128321,6.039470649830955
0.31989153837337564,-0.07117817715810638,0.34688468851259013,5.789634159773844
0.3866901133550775,-0.11407707123223464,0.35310129506423704,6.23358360565022
0.4504456889342445,-0.08371742724733011,0.32844336437508004,6.535264153979357
0.42413247237272494,-0.0699499684511362,0.3430345228009603,6.517512651799487
0.41433274342857435,-0.044759741420624416,0.398502002133025,6.758564285351998
0.40066400964256155,-0.07195393872420079,0.42062627844314165,6.710107207411467
0.4544781581009763,-0.08458859470570254,0.37256060146785114,6.966567444188909
0.4597732483444077,-0.03209027639651418,0.33174334477693185,6.6819608051111565
0.4688768660500059,-0.053322930891071846,0.31007570277350377,6.6842079898610915
0.48077758493868217,-0.02150842557764525,0.307954694471152,6.74265210991974
0.422336617450309,-0.04499491401156841,0.3170065912213879,6.280792435287063
0.4480587786185139,-0.10575244660077784,0.37050559826641855,6.942407604965064
0.4319218212986402,-0.0600653349770351,0.3086107593138842,6.270937916475125
0.42567092577854715,-0.06924349106012494,0.36525887673366114,6.778442110863951
0.3996069231493593,-0.0997483331084792,0.41017988731206284,6.841534792201024
0.39563199855653275,-0.05971325464288336,0.32377014238116786,6.177347963761154
0.3268978644927041,-0.0782208988289682,0.3583429888402958,6.061174247116586
0.317963335060757,-0.03944651761978235,0.3053413327670556,5.581828555878471
0.3361322338433935,-0.08386759542326552,0.29658388707510924,5.5400875989185145
0.3536995843282554,-0.08297065171669607,0.324843001077349,5.653221613824376
0.3684039498193384,-0.05242804028695537,0.24766916644249837,5.450312194478737
0.31904423588690956,-0.061156614372723496,0.29344004768421245,5.451437806454215
0.341701771076678,-0.057258416496681244,0.28418098512145124,5.626143938324297
0.3159139124345665,-0.04830662932904476,0.25587501719643224,5.077280004580153
0.4033791279032241,-0.05383847797245925,0.34681370598243916,6.166835882528876
0.3995418099518534,-0.06498443212536205,0.3372285790994913,6.379716993531966
0.40620606353645483,-0.07188227555518463,0.3881835721757024,6.558211647108367
0.3904472243567426,0.011622451147309512,0.2986642173844957,5.857425057833015
0.44012793901934727,-0.011868543070247161,0.24140365249199158,6.115465451659631
0.4072180220834955,-0.05859483966649821,0.3815392553214658,6.705551241511477
0.4330215840845277,-0.010138170350250247,0.3226481876079359,6.332838234570671
0.42180200108032995,-0.0639911920265604,0.30278520389549707,6.153418273662915
0.39494550679480717,-0.03140472648027231,0.3149111120034664,5.884281059925812
0.3538610219709619,-0.029865269335855517,0.2558535298244564,5.569203726923903
0.34213284548137585,0.018103840113893623,0.25244154782324185,5.339845951741844
0.3522346410582192,0.02926175805580424,0.26404722551824383,5.523274223228777
0.3180122429291482,-0.03705958304686548,0.27786911107102386,5.290076304844751
0.35168705763818914,-0.04076929653690571,0.32346140290410913,5.603291194968122
0.31936676017140925,0.00627228533435429,0.2627486643862067,5.1367716495348335
0.3572502164842222,0.00013201046402068055,0.3212029942897822,6.122978138948743
0.3570400497561761,-0.02330034392768808,0.36909048739804695,6.298729222312147
0.43137520788105044,-0.04844830296928301,0.35866357221195977,6.869288541826167
0.40349148042681765,-0.06276090116059169,0.40163153658145767,6.685682420227513
0.46691928005792976,-0.03845254734157759,0.3686417531416157,7.1318927138349775
0.46711891560158564,-0.08464315713276623,0.3200145784736709,6.854797792824944
0.5090499249253474,-0.11897134849626294,0.3956291371227984,7.543014203086721
0.49964665952587983,-0.04761256586485144,0.31044882878464597,7.070348306522246
0.41170298562820795,-0.04612894780091431,0.35798461527156766,6.577224165654102
0.43026282364988777,-0.0681645937469763,0.3528855074507506,6.6467135898218705
0.39328857428895814,-0.033699868999277696,0.31088093450885934,6.042127800809038
0.42463538594177264,-0.034449426239953805,0.3111534509745903,6.206969815398852
0.3893985478106963,-0.016068471501149716,0.29522724235667275,5.734975139366637
0.44720998837715153,-0.06404508524087442,0.33980311855086853,6.638207788868505
0.4037075852406028,-0.03600693039758947,0.26476610364539654,5.902805313037291
0.4251647815119366,-0.07808955864543914,0.3459463870105413,6.573251147623875
0.3667117532800746,-0.07247110420115832,0.3088380919781783,6.0356371384688
0.44817490940090865,-0.06912682885501013,0.38945054687192693,7.004734745212648
0.5339022763577098,-0.04914296609869267,0.35347902902676287,7.427305442946904
0.4168082796474136,-0.09841380056645826,0.3936184209372952,6.936734658274537
0.44900653049210537,-0.09301229412180166,0.3994097734950848,7.161075088397408
0.4301560991258146,-0.06648027580472748,0.34501548136928123,6.668962339676922
0.4601531362759195,-0.06571140253194294,0.3635286099629752,6.911923855001492
0.44682682492717635,-0.052048278867895224,0.39333815872634614,6.9589503802596
0.47058546090679687,-0.026452529896786835,0.36505547743724354,6.941700258911341
0.4501412184891326,-0.04935334767878923,0.4305454495975468,7.3068989297391145
0.43254846064131947,-0.03880941406787392,0.38603479418002645,6.907719387176272
0.36323160552492,-0.08195953835334377,0.2644539654058537,5.857583014608269
0.38482162203619197,-0.05691256632991115,0.33675839908597466,6.1389220779734375
0.41644447453452027,-0.05298268801399303,0.3106709228306079,6.365763932942803
0.36213702128149805,-0.07333001781962498,0.3659065388183802,6.339945137087389
0.39080869586285694,-0.07039920967912174,0.35840710120666347,6.409856110594313
0.3838343432543795,-0.02646156907562666,0.338677967182527,6.3365453107141985
0.3186852085861458,-0.062369624701359774,0.3710680265747884,6.091963913281336
0.2657804156713778,-0.06592316168872352,0.32071898912040486,5.399366566360943
0.33690572931987844,-0.06830606987608183,0.29063351967774215,5.722050476102927
0.3304940508454149,-0.12017084853781392,0.39529003257499784,6.307768017302008
0.35463314287632347,-0.10864608875148472,0.4309512218452472,6.8773501032946935
0.3220578112962091,-0.13876524467805476,0.4073183068971577,6.445893030067419
0.3307557730923353,-0.056624155292615906,0.3763429396002726,6.281644964506436
0.37257235903206226,-0.0740316244704119,0.3632181858809133,6.527187798021069
0.34026870512899166,-0.08894459976939978,0.39864841140753093,6.543306225942105
0.3442904398411269,-0.10129320919835601,0.3407948410158757,6.078276435084682
0.3814892092077567,-0.050261521646435825,0.3706594573418936,6.477196059658644
0.3847569092253712,-0.060229847315390626,0.36126866671978686,6.377255091164668
0.4397030695623168,-0.05321898013968225,0.29474593205130706,6.391948756435311
0.38873604916919086,-0.0879760012190851,0.3423544243411935,6.2373539146254275
0.2859051977291251,-0.10654272914774449,0.3867228030245435,6.289228932444924
0.3824074784349694,-0.0797734393687404,0.381212522959078,6.460835874105885
0.41290584978915584,-0.08874575248177916,0.3243101543828767,6.391245259208407
0.33152667677097625,-0.046219786578835735,0.31941109847678506,5.621970009081704
0.32749737534506324,-0.050338961624221495,0.4013491726569761,6.31945504402009
0.3450208980266814,-0.013818670216848936,0.38201882305773355,6.202245233242509
0.354145196949281,-0.015944341848388537,0.3577410922282371,6.150394636015689
0.399018323286649,-0.07643507712838858,0.34782337525460316,6.359011341287777
0.3793660864890957,-0.06345073016353751,0.36022181618211546,6.338086547710972
0.4339928487025704,-0.08252735747028642,0.36212650057868995,6.790763249020936
0.4684972385078991,-0.04991899048231064,0.3867459638227726,7.036425404595047
0.37272791250653703,-0.10461964129466463,0.43938103227100056,7.057463520975076
0.38216831475928986,-0.06215525240967107,0.4072141101206628,6.708473104002061
0.3952688926236699,-0.11133161849011522,0.36851392847313574,6.5296571901301075
0.38462298291976044,-0.0932516400604026,0.37389071275777624,6.579614741563964
0.37461204041144475,-0.08864169364697685,0.37718486668122897,6.5032151151612245
0.446856098371462,-0.10085187220669416,0.3359281770931762,6.737603806146646
0.3893400450396552,-0.04718712037351673,0.30981613377694034,6.028028363339389
0.35137606467387844,-0.04881756513154002,0.3326004254739337,6.09132839782433
0.32986828670061835,-0.03024382514033282,0.31194382299925094,5.943899107429984
0.39829001339640774,-0.09004073881338173,0.3913059805690019,6.728495198710415
0.3902813341168338,-0.049502870600348164,0.3793660371452827,6.689138377676256
0.41649031311048906,-0.09302403545244249,0.43254279659344375,7.17383032935592
0.4779244034116446,-0.06951007545976955,0.3185646268146024,6.823813406419986
0.46655503362515793,-0.040012589763481286,0.37134718214490947,7.005485688365835
0.4730183570986538,-0.08464967333666751,0.35815359862623447,6.979627313130379
0.4286492723987674,-0.08174936348967202,0.30724727530815465,6.534442790759294
0.41946573338215104,-0.0501459868620033,0.2941978109174961,6.132529495960095
0.43716477037273527,-0.035082121707372106,0.340465447432467,6.43131247360106
0.4120689275156381,-0.0649075782346833,0.3385464156150177,6.58823511189917
0.42002633146043256,-0.0859770922687837,0.35643347445978285,6.689749541098466
0.3368678535178636,-0.07806935289731635,0.36972677864209263,6.36315392138244
0.36207882842463945,-0.0929306091021731,0.3911273382341851,6.592809396688168
0.37593926559994556,-0.11676507684187062,0.4056723873376535,6.8693628794813
0.40553630488144726,-0.08886149714100182,0.37363063510087047,6.88041323388543
0.42366187155947754,-0.12712087696472354,0.38286801492533284,6.957790806676837
0.441818521094687,-0.088168558311382,0.3423448047704692,6.674209422491766
0.39358953600161894,-0.040698119888523995,0.32742226799540625,6.270161503604129
0.4104571412958779,-0.05044420525367024,0.2956049574231671,6.200677488769797
0.3692736699758566,-0.04511278584195448,0.3483283164581272,6.217946439232689
0.43063639019857397,-0.025474181030795025,0.3068204454118254,6.499991292213915
0.36598909245316946,-0.014025075349311229,0.2894989765080327,5.81378952450254
0.33260982374636955,-0.0014000427848184472,0.29391590870872153,5.598125585032546
0.31878292359770305,-0.0833811233281552,0.3115075554834201,5.570367766061761
0.4254309511989706,-0.05522294124207834,0.3528424698968596,6.647685217920251
0.3949290427521741,-0.038446780791421845,0.3732445707519189,6.293189646959881
0.3906397342338629,-0.06921422198856572,0.31191063683240955,6.289519687805662
0.35907908771156877,-0.07577445861347898,0.3967351536108152,6.538608578830963
0.33500514148465776,-0.04706609152784456,0.36077564487201375,6.159173680442185
0.2765775164453225,-0.06835400648056277,0.3904598166891081,6.22343477543368
0.408892274268115,-0.10489822588027567,0.38586537261167436,6.8849183497468935
0.4022573985753302,-0.07618178096836753,0.34587094744697294,6.518310743597982
0.39968336610224775,-0.06081592371548467,0.297135465960942,6.243813797753963
0.4339734283077586,-0.05248621004508776,0.3593015532850484,6.75251812017376
0.35421307404725294,-0.024337928047967285,0.2910323712639334,5.796514361366132
0.41081288166332636,-0.047041547000614664,0.2858924991230345,6.049122046986486
0.3914337367232882,-0.044530546616579306,0.2550689627195829,5.937080490308544
0.42950256371717704,-0.01295061124405656,0.259669090660378,6.052792970299093
0.43754331755568826,-0.05782635968753738,0.18391142028237886,6.0560895827587595
0.41684292886759833,-0.07096072136948346,0.21648760376213022,5.9658578997693335
0.4317204081164838,-0.03754182894699809,0.2892819125629672,6.323187496863803
0.4113318646484187,-0.028625110886224908,0.2378061684581841,5.92375627672549
0.4135372648457651,-0.06679750882963868,0.2909728039099365,6.164530117155435
0.4252302658575056,-0.10317252362587084,0.327653110393006,6.594301934602189
0.43874148906804067,-0.07885626219425314,0.338790263302074,6.778124685365244
0.42595740521441317,-0.07458403230274495,0.2550956774472886,6.1630773181227045
0.42307119757339257,-0.08092046977612115,0.2837824821112275,6.19421135274265
0.37572968487490255,-0.10259226109579142,0.32059821418715523,6.1390544823885245
0.4572470395588521,-0.06023253458605577,0.28134616287217423,6.566712541589249
0.3373471385775998,-0.03729204876332108,0.31389667736463556,5.820812282468031
0.3896690018601325,-0.05789234502882175,0.3374400822655088,6.427810566666175
0.30577189851949926,0.0038734565683480764,0.31543476326994696,5.7271004636117455
0.3106484942744364,0.010651229551977351,0.33462656011861264,5.733006301198685
0.30760830723655236,-0.015761504814186388,0.31366669269017455,5.74379812535957
0.34961647325591133,-0.04055771849880825,0.3264503619065799,6.200474831607525
0.35796422122507243,-0.03998236218790488,0.2845752199046799,5.924847492131508
0.3041096038344933,0.03942460578851568,0.21213714890146487,5.376409314328775
0.2712286777797986,0.017004754463155997,0.21030018702231149,4.914878983721212
0.3359382442601765,0.010423788706197654,0.2014918397153428,5.070263996558139
0.39370523906451327,0.06101800891715848,0.1808751420348459,5.346791175879316
0.38967737141791464,-0.00033945045156723324,0.1617800762397143,5.234672768733122
0.3434414581689354,-0.013849285780227065,0.21676269197404044,5.224803316867575
0.31497422162035643,-0.03569123438185915,0.2260301626584952,5.037833417990776
0.38534026842303565,-0.002468778817238757,0.24937374556636197,5.5588868408243775
0.39805238789179437,-0.02942205201470974,0.28881422762859527,5.804591841003921
0.3232872186839225,-0.06958250036974147,0.22837725281934637,5.168993903731113
0.3700479195099907,-0.04008338480123704,0.23203583228445052,5.485427879284793
0.3557524422075713,-0.050249459677086536,0.20409479007941897,5.325002575205903
0.2992585525968966,-0.011709970413213703,0.15926505300677196,4.711547897728166
0.33617977352946704,-0.026951280043413024,0.21004611341024143,5.1978252591039675
0.3656312695996981,-0.03184009164590289,0.24516905160620217,5.385448822420318
0.3223167876885948,-0.01864576222633213,0.21398157389191408,5.012502395833544
0.3332513873798631,-0.04032257488801744,0.273659927738934,5.467559719719363
0.4253991120140969,-0.04477957100619096,0.2602558287506166,6.036528774653878
0.3620261090329482,-0.045680450369446395,0.24797463258998323,5.4800123950797985
0.3422621509135484,-0.061907857375716635,0.2582207617990369,5.67869657694718
0.3794010899973575,-0.07962509297387814,0.3373939697856015,6.278491532666929
0.3819469891751445,-0.020294477130178405,0.3018943984043012,6.0127489109865175
0.4264297537527174,-0.04483309141618712,0.24007680427290914,6.117134523749134
0.4466756599966794,-0.05169351968032173,0.2664618312586537,6.192547578227559
0.4327411685096474,-0.042724522516411144,0.2654474224165683,6.1105244473389755
0.38588242287265345,-0.00687114594450688,0.2571543370873982,5.855654621345508
0.38485460672534544,-0.012242356586652587,0.2541841303036161,5.8614736252382045
0.386298102967165,-0.045533434550835646,0.3298138135140034,6.230252092534712
0.3749039102120873,-0.04786629159433062,0.3400698797615781,6.3523632222501005
0.3713424799922965,-0.040711822187150415,0.3321260046223178,6.164517931454273
0.3282951622454641,-0.05247872761162765,0.36433437573865296,5.939749100742435
0.3136159485368318,-0.04008651351336688,0.3447457704226463,5.79501679059497
0.3074512609613703,0.008930167995272341,0.2921319200149241,5.479960184686917
0.32384833099502064,-0.04868209439179793,0.3538283203908105,6.031063557422791
0.39982206156265937,-0.035519648385033464,0.30258572095245173,6.142070349759585
0.35161331137490454,-0.015675793249424922,0.2763253186083733,5.612867671792521
0.3277130013372333,-0.038124348912768884,0.28579951157455935,5.422805316483344
0.30321286971686073,-0.012957628799704357,0.37529692039347967,5.9716979824054865
0.3246306353040256,-0.05907186865468147,0.37868730850426124,6.319374004345105
0.3032370613591902,-0.06572463379601393,0.36136094333310387,6.211323839060855
0.29840121886011317,-0.118335726142484,0.3515694773298745,6.213634375944568
0.2788691184869784,-0.09141912003825414,0.379384484096053,6.4022029866866585
0.37105574757280824,-0.07810467402103197,0.31040360564720887,6.204662538872802
0.35222631365373325,-0.055365198766669885,0.3566134331073123,6.1871324598480895
0.3170488180149899,-0.05698468216775384,0.27775122332560387,5.387763538632005
0.34929814817508076,-0.09646253951137583,0.30764429060841186,5.94645332766925
0.3651071289266439,-0.06912215609335391,0.3427775163672485,6.194661955396074
0.36576797647505616,-0.0949629439529801,0.3647244673790656,6.4121914586427335
0.28467136236370144,-0.09235886169566442,0.39998567214578656,6.225364995453047
0.28559421507524785,-0.08406317986319266,0.37599334567233206,5.845687776332396
0.29266816996929396,-0.07336445434598825,0.342884395165229,5.845654291790407
0.27426610947099267,-0.13137214150278156,0.3993499591479532,6.593074348046423
0.3288398820214735,-0.1753105175156548,0.41716323386409637,6.79471533862456
0.32222749063526,-0.1645931336122471,0.3869878329688159,6.509305992087626
0.323513956316336,-0.1499933697484879,0.39561474307903804,6.377185540012542
0.238772124302452,-0.1757906104309874,0.47039432941755777,6.606150437303483
0.2976925271793236,-0.1508591134060578,0.4583706795662875,6.790392291403701
0.3457343641623677,-0.1804266497487554,0.408067021964263,6.632525947401542
0.2992364615176442,-0.10561515064040355,0.34479076795209956,5.961876237808178
0.33261902604955274,-0.08416404626754333,0.3534470407184712,5.967085712832327
0.35530472372878813,-0.09198327414474632,0.3288789959499781,6.0111483748267585
0.2904151387609361,-0.09675020238644376,0.3807783596453696,6.087584979114894
0.23845530156290354,-0.10706710617681468,0.3436014284559093,5.597697021329844
0.28517907013296323,-0.16917992679044846,0.3634529519320259,5.931164314776407
0.2722604684855573,-0.12963119627170494,0.3295255948145341,5.749472340826956
0.21793411456742023,-0.1270016553180144,0.34344585231845753,5.389621535318074
0.23656159794009124,-0.09949122467919988,0.3724803636783145,5.816205797394575
0.17304146496636225,-0.13565142169262978,0.35066201466683133,5.497400481144593
0.24756085591996782,-0.13584168518624684,0.35374921854588925,5.548849747262703
0.22346843076991085,-0.06489861838809151,0.2593609084351756,4.859983097478667
0.2778083742572769,-0.07541972373332437,0.2792490212107803,5.287375253446039
0.31900199015431613,-0.01913710367515877,0.2653022624682747,5.293371066395256
0.28769534873498176,-0.06312411602517548,0.23827620299193372,4.985215909545147
0.288837242802035,-0.05527605186124669,0.2554059081639065,5.0000069221713925
0.26201720678712687,-0.06472367991561141,0.30743667942442177,5.423613102785461
0.21939029509291288,-0.05205837676173179,0.32560462335464346,5.109397547661378
0.32436808946363177,-0.07247547863057005,0.32289758893080667,5.806153692408085
0.33206163868410804,-0.08031839949936254,0.28128147510990853,5.543995503830026
0.3806756504219566,-0.14002633551583132,0.35015175359499,6.3649980086103835
0.37874412080299513,-0.1110794694885165,0.34763956826904646,6.3031021916742285
0.3284136789029169,-0.05370337228111214,0.3201915474583704,5.820414935603833
0.32369358928542763,-0.11617979506641372,0.3466699566864188,5.904460940087833
0.37592923785613364,-0.10159809423465524,0.32796224528868995,6.246602087121972
0.35845771848513763,-0.10806378941056624,0.2938370779898101,5.985706588786622
0.36544952388756335,-0.11995318511974404,0.36171702299457337,6.396444195842525
0.3640281863979406,-0.14401835608208208,0.3568044659105163,6.336205214570651
0.42180206186119207,-0.06654495441166551,0.30290861443182104,6.2174259154791125
0.40776980699564624,-0.0604075959435983,0.2793284181082587,5.951989711260236
0.341623748397442,-0.0642471868022705,0.25211499595831394,5.506465459619862
0.3738995913904181,-0.050862723551597426,0.29689848651994044,5.778948961848939
0.3701831378093612,-0.042012368005901,0.2690499561048001,5.671152077231823
0.3439115202701222,-0.06567828526699923,0.28048692273331954,5.7521881009025435
0.38353830140263895,-0.03404975498988345,0.32060371075237726,6.090285318898826
0.43318311456267744,-0.06456847889514847,0.31148096174832707,6.335305546913059
0.3576237731716678,-0.12063382635958615,0.3153656285890828,6.066442070697636
0.42346772066735067,-0.11166402129542095,0.35190781366813567,6.82235710802871
0.38723088019585294,-0.10486222499866878,0.34964191893391383,6.312677477702875
0.3687146911231045,-0.030722835135941123,0.30709333851761034,5.94515103475782
0.3703761955032848,-0.04641143277595747,0.3201282864972218,6.010346017872332
0.35985541798624904,-0.1074538387263616,0.34406207361916763,6.321400883797731
0.3972712798006275,-0.08245001432136817,0.34277324759701605,6.663104468928227
0.345398710972604,-0.14462846158886808,0.3082184314502413,6.018431767573964
0.31130689893881225,-0.10641561966695424,0.3238209477829355,6.002429648066939
0.3214014014341665,-0.14242838147220432,0.33532373726082504,6.271609308039939
0.3537673194997873,-0.11983001319616568,0.3925992623850571,6.665597427469639
0.26958633332541865,-0.17582583364640217,0.40471965164414786,6.207274831869597
0.2908781957143674,-0.08913526731938252,0.4084368893448037,6.086432768905975
0.2805375036963503,-0.10380316387662389,0.4279404312037702,6.3180951943220265
0.2923415530481228,-0.06326193825042994,0.3635386584148778,5.690070894126282
0.24977874713551948,-0.04006745584674685,0.34100925709878666,5.31421983753993
0.2698142770466701,-0.021044796844767438,0.3350995527085618,5.260866586694536
0.24356948166060002,-0.04614237900044192,0.2871960823939701,4.804527381715461
0.3049576770123611,-0.00911049634931613,0.2770976623466838,5.15615751842129
0.3164258161667087,-0.040403299982811836,0.2773251043464259,5.381941538569932
0.23674362115172037,-0.009096287833793884,0.234649072225286,4.713339501557956
0.3417505640860115,-0.018705848368036345,0.2936140548631494,5.407964505989424
0.32729683621468325,-0.026742336011989623,0.293963384096031,5.466602149904822
0.4187933948060397,-0.020421202636637936,0.2264962600331252,5.722706012177804
0.38155484130974077,-0.07712945426111971,0.2819505812846728,5.729784606784138
0.39007712164636066,-0.04768185037582566,0.26650031058501916,5.866269024531791
0.3981712232263156,-0.03348503685430434,0.26524508738544206,5.815642592490547
0.3894652853579508,-0.06194475448651768,0.28025422882393247,5.975426327077456
0.4020303762220308,-0.03357862712165301,0.27288904907513134,5.995528969778772
0.3952569332074849,-0.05598878656305998,0.2511567437464884,5.794146975512149
0.44713110550223284,-0.054824196177002876,0.25703682212003415,6.12565783515719
0.4787772171620778,-0.07183057859792602,0.2692630000694406,6.39357851809062
0.4481598930879928,-0.09535804794305201,0.31648163122271855,6.425080878345569
0.3445393232564649,-0.044320779602253085,0.35060683325025965,6.1175840907084655
0.34761587648656755,-0.02463415220354448,0.28357103472879736,5.650808562198375
0.366578509972752,-0.05389461639713873,0.3111371895039104,5.825517755590532
0.3902566053331038,-0.04495296170188627,0.3049401511980038,5.847722667551973
0.3420751958960935,-0.0592995164952894,0.3014084265111974,5.588742771773955
0.37697045595309886,-0.009022756882142524,0.22090628718919972,5.409183447261505
0.38968244461978024,0.003175188763608718,0.23747870304922059,5.749824269835738
0.38563007431395385,0.017122587752469574,0.18779773521299048,5.3248260715657585
0.39964866661285764,0.025809872979318343,0.1882209711452581,5.340751525966082
0.3701817676062018,0.035753571685420996,0.15975786225320857,4.990836592482865
0.3885627693711741,-0.020860493322113288,0.2028226999175102,5.368793574145457
0.3710394387891028,-0.0007454783781079122,0.23265745777747474,5.427447996161298
0.3625655420915068,-0.039898660892647396,0.2789502903544718,5.930832839037237
0.4422900091008331,-0.07580669588071377,0.29545237143648734,6.352426932617932
0.41448345213568355,-0.051036197973750926,0.31132751704427913,6.349432637435774
0.36909130437128573,-0.08590293231861384,0.3511151639225689,6.182295928265873
0.31543509763774946,-0.08457405291048796,0.34359041965508297,5.895772086552426
0.3157712133588255,-0.0629302660019146,0.33117866156335746,5.715154142211044
0.4028913358885512,-0.11739966695806546,0.3315813125305761,6.188268635962652
0.4075672490883571,-0.06843104471127552,0.3342110893638184,6.388423351721488
0.41259805583693837,-0.0656144133221469,0.2784866371403724,5.998191219484193
0.376936061364046,-0.07708229090193355,0.2620899845258273,5.684113551398842
0.33670316303214687,-0.05775203357833121,0.3076671007034434,5.808455274253942
0.4161157789881907,-0.09574363048430792,0.31427463936605887,6.218755639937077
0.4016221343357835,-0.0364266218361967,0.2313261289659928,5.709918392237433
0.38871852743068125,-0.0700252012693841,0.31482970777903774,6.0204828379389275
0.38836814007239606,0.02389550275986799,0.20712190036377845,5.362274900392179
0.4115914194371797,-0.012131406131354614,0.2446770085136424,5.671683564862981
0.31219160285111075,-0.03797163522963383,0.25913648886936513,5.294772319138697
0.3395838223825901,-0.09877132005950903,0.3104755328501362,5.862167791926485
0.383797644609126,-0.05703359502850929,0.28644866644139316,6.012527850701258
0.40991889926063824,-0.13025526155346562,0.368239614581882,6.663284949168979
0.3898272355406494,-0.07049314652935774,0.29131161838287994,5.986290874299974
0.43757212274995116,-0.12746450455563374,0.27256725044035834,6.482714677813869
0.4185458813820194,-0.19636599254828202,0.4106810510893863,7.323977038686343
0.43048639345092893,-0.17216737750198197,0.39724628356232355,7.248628635667935
0.34609144027584443,-0.18915733324738884,0.3293303196639678,6.419673456364266
0.384303637354464,-0.12245706415474714,0.31038287153204025,6.221767349606187
0.36466540849833795,-0.09208580862736025,0.30831137149986854,5.829246461979384
0.34035761117900754,-0.07013498339437425,0.3361385537387806,6.086855183066261
0.40774006981739896,-0.09938641375757186,0.38544901010504506,6.862363777900109
0.4088127588100985,-0.1447327506923237,0.3333991650353686,6.43238251975405
0.40024680409423524,-0.13961700212700237,0.36911435546713023,6.641347752767248
0.32636745255638544,-0.14141591400327527,0.37708024310715305,6.405299822115747
0.38434389128326324,-0.13188107225123352,0.3482156792281044,6.478011923479156
0.45430965791878125,-0.11149233217393206,0.36199893372218345,6.89291872155003
0.42987893814531813,-0.10546000253402751,0.31586830563506285,6.614966251420188
0.38444994005432986,-0.12324309233722494,0.3431120771621518,6.379921043729805
0.4551527736458487,-0.10215988001583926,0.3248992155557445,6.611970120685927
0.44049570321182163,-0.09416868174068797,0.2688872584908471,6.56106671449526
0.43672430067447543,-0.04382745521682537,0.3048875489627324,6.267607363554765
0.39669459812783064,-0.05204283948283865,0.26060312486263587,5.916440029494938
0.44162987779678153,-0.016084994750279767,0.28277430677044746,6.307866086583001
0.40561730154200104,-0.011985122172526813,0.21959269209348847,5.693067900573626
0.40828435887618636,-0.10089944385335815,0.2982286043523263,6.115355300295357
0.4005758463534941,-0.11169592500790342,0.33641242630086327,6.432685610315501
0.4507450657341186,-0.09101915471508297,0.3644028758919339,6.802569309981077
0.4348666064850477,-0.11945658166260267,0.33086225625329735,6.706771578687747
0.45054384473881054,-0.11908321355892607,0.34583806889170976,6.884604725448324
0.4592634938555221,-0.13868542228746272,0.35614539640977416,7.054958521017956
0.415552834208636,-0.08938263150626383,0.31896512569658075,6.2589864925336665
0.36881105545655934,-0.07713650335733375,0.36168928314588744,6.46233485470611
0.3924332950745406,-0.04579971452254157,0.28446449762598525,6.150505415254339
0.38433445915751907,-0.01474142517722767,0.2662442945642724,5.91314490725457
0.3946889249670142,-0.035715633441512885,0.2511320816423755,5.8480528245264525
0.40831685219925634,-0.07511840778711812,0.2913102583131585,6.247814989019117
0.3828881077594939,-0.050956972914306,0.2925426683571045,5.921253436983719
0.38583757734013846,-0.04248681037047182,0.25582636312375545,5.656378637509089
0.35864651676657605,-0.05005414376985516,0.28009648096554324,5.654211882989264
0.3000368669246902,-0.041717614025027286,0.24106890286667143,5.070289721253432
0.27723386152349966,-0.08641629971334977,0.2842876754185239,4.948423762966473
0.15767348792763516,-0.04698027882755009,0.2756625317360437,4.612901492250905
0.2377383027952763,-0.05254883540804388,0.26878680712262953,4.793204572006665
0.25316270256241247,-0.032583331368887185,0.2815945164520323,4.979408537129329
0.3336216069967368,-0.06864214364172896,0.30168626422433614,5.575886323028543
0.31474229628054484,-0.046715929798760075,0.26764581708732826,5.363631189003845
0.3249957945286964,-0.05904593125534964,0.2817798204617872,5.437018751412035
0.3300376812060358,-0.039102361305157866,0.3109832420186534,5.669095651815872
0.32985376370136477,-0.01755467280320361,0.25642545744222395,5.418801079304808
0.38334457354956236,-0.03274940092574659,0.3194918605321117,6.127356326043022
0.3643482638872401,-0.07887523334221026,0.3246877172305711,5.920265432374774
0.3247510246878894,-0.015575659362487667,0.2426440380023761,5.113356304786911
0.3509269955847242,-0.05407297301105736,0.29773639653017586,5.890229740091413
0.27604083406821883,-0.12290166193143444,0.29458150410673734,5.3054195236044785
0.34686727282438773,-0.09617102406152199,0.33166054585220656,5.909548650433358
0.31985427460219423,-0.11038250232400386,0.3308078674113135,5.857849805961372
0.2920197891797617,-0.1269482770743553,0.32053793815394144,5.617196396304822
0.3339249833396402,-0.10066417117251682,0.33064114665835276,5.902275248178986
0.3233485794726739,-0.10441649831469266,0.26071949893903795,5.546030330570178
0.4231402472015498,-0.07623862317305136,0.2782834432308718,6.200849589912751
0.3899132500308939,-0.09703610056064903,0.3001863580887685,6.138354416071549
0.3595535176747492,-0.09351860000455074,0.3433502497311111,6.1780110241957225
0.3590780605372385,-0.07443353332474854,0.2987048400261534,6.1576741005472035
0.4638739035846102,-0.1092363802459448,0.33146825949153574,6.88843851168564
0.40500944749854106,-0.12327300783502897,0.29936765838767637,6.39131628019182
0.3899430422392899,-0.10737074234338226,0.2963556979450568,6.108370114380499
0.35035859508254863,-0.05500983959015004,0.3088795550845081,5.750806178911232
0.2866233954264615,-0.085698950359678,0.2894616474187615,5.380366384712801
0.3470793902368649,-0.06390591308162728,0.2817164845275771,5.584764786997634
0.43018532729922954,-0.054377561539193875,0.24682267036003547,5.920795046605216
0.38830708419665005,-0.07715870761719874,0.2741671557682073,5.782736415194182
0.3600317304668698,-0.0468502556635332,0.24986375796713384,5.432947398445129
0.2725913770682994,-0.09361488931693926,0.26145714312816404,5.0261468732480346
0.23885481411716245,-0.053008376661210985,0.19310419991445377,4.435467446213483
0.3144046898612797,-0.06998417241269406,0.22286537591137479,5.138172506044999
0.3333061721413895,-0.09663963119333119,0.30064007021739136,5.610206005605532
0.2974344551970126,-0.07806649889186781,0.22311214333801058,4.947620468571162
0.3906058821714928,-0.139609709765182,0.3081636797882327,6.101183176666971
0.3408272555883284,-0.12368814497794772,0.279594556034641,5.782781476259088
0.3169433781990865,-0.11163160895789459,0.29812555483060044,5.627314552992337
0.34071447023533585,-0.054426701196074644,0.3122364712784563,6.063523766082245
0.4147321419927606,-0.08221172580739293,0.2542025830642341,6.124327063094521
0.417360107031841,-0.0835705256609595,0.2867457227262168,6.135942396423701
0.396968470499601,-0.060588235145938196,0.26287456347128235,5.867019839208865
0.39315385981442974,-0.011265353114196868,0.2439368769712215,5.714193671686644
0.4204906287467104,-0.01829758839360937,0.24452104323823626,5.773472221299394
0.38272324362451016,-0.037903717217605215,0.284559262979659,5.999901623422479
0.4206030458562385,-0.06601282708675503,0.27289997853529074,6.078877413775587
0.40703706890329444,-0.03004953792480872,0.3187562502254676,6.18121488115402
0.4321379255461134,-0.08341553977108884,0.31081536254881653,6.378994508131161
0.3340509712818915,-0.043448781446178225,0.2746061906017687,5.403826594695008
0.38219703647510006,-0.07887126194501215,0.2700727834733465,5.734798363068737
0.36594706865909704,-0.06631840572486819,0.3121978762109358,5.755231013287347
0.4086688474191644,-0.05041459248360156,0.2870993690716525,6.009683527807429
0.43921461374478665,-0.09386514878462311,0.3028141755380646,6.651493009737439
0.43559949821506333,-0.0625631995375413,0.27393298943829725,6.094836544612717
0.3529734564392193,-0.051375350255054374,0.2761473884120681,5.745038451580369
0.42894337691373,-0.08571726918536313,0.3182904410330348,6.502463347158366
0.40920210643843336,-0.10870360805278652,0.3431161150498793,6.555080415780432
0.3898203527929626,-0.09372232687593825,0.2483156413487521,5.749166368120859
0.39078676210010244,-0.09651516237330336,0.273475351857552,5.970778896709929
0.42944650139354973,-0.09837894476615922,0.3117056310138672,6.340113435602559
0.3563148447312077,-0.12327370388114403,0.27815846002980665,5.732757797796514
0.39246305974346324,-0.11988280289966328,0.28622818717890214,6.028670582503808
0.46980158161925684,-0.0809450319674255,0.34546107992942443,6.844306429257132
0.4244379883128735,-0.05273666970552,0.3234070978722272,6.21756995109636
0.4307753947613041,-0.049824936347873924,0.2937769523348513,6.221900833183163
0.379083706177237,-0.021332227537174907,0.2932300670925819,5.7708753805956645
0.3760667267694446,0.010084721490217718,0.2787965030170923,5.529843242538835
0.3798325334028419,0.008519694931759561,0.26118207552314027,5.707474841809294
0.3694785604087873,-0.04880287304480047,0.26711048146422817,5.654445314981835
0.4192673879221474,-0.04401520852136644,0.3283784659212473,6.194182079735772
0.3825328143563876,-0.08353526179420107,0.3063048537855581,6.224105485814032
0.4141271966052019,-0.046044381525928255,0.32179094149185,6.463846881980339
0.41126747025987476,-0.0491690097566853,0.3051604425026709,6.347730733532833
0.4388913848903947,-0.07498507960252995,0.32060345976792876,6.5689211904190845
0.41202519223611844,-0.021636324366010942,0.3550462160626355,6.64723622078582
0.4206637356460414,-0.0660621840378901,0.38112269167835566,7.054711497289652
0.460200508918575,-0.045837395070540514,0.32572202521471016,6.877705934102618
0.46843211414972424,-0.02437541713521899,0.31793358775801633,6.754981705750952
0.3890968273485857,-0.034740123701927715,0.2950348807748206,6.0463788548698965
0.3958937725379318,-0.074704988943032,0.26816253119441336,5.867522115904843
0.4226337546745997,-0.057209150319386504,0.21771656518328375,6.041224840615712
0.44528499659989784,-0.1290160676729623,0.29617664706044655,6.751208070256707
0.4676988668223513,-0.06445734619813918,0.28198542818033456,6.5015812431614854
0.43136223897543213,-0.12110686818025417,0.35534112628607545,6.685794085281338
0.4010480643585285,-0.07808977182064224,0.37849844569612806,6.720228394419152
0.4070276784754137,-0.09775598117434994,0.3850369911476992,6.774254006129174
0.3253796172921504,-0.09302700951491616,0.37306802859774446,6.221634155924826
0.39676611647191146,-0.08338192530079494,0.3296653620914531,6.513589982020814
0.3690595477633059,-0.052383747280832525,0.3240380912778496,6.092340974158188
0.31968759975421124,-0.11094605982849609,0.34056274558156047,5.952041478257215
0.24852057710487194,-0.05048506717764875,0.3287841300149632,5.405587290408845
0.22316921608262716,-0.03487975306757583,0.23998778870966728,4.880374668223428
0.24477900993054535,-0.059286952250143375,0.3016163935764734,5.105017786160433
0.2541380202181996,-0.06430984884224132,0.28087124511169465,5.131639993342836
0.3077762987165825,-0.06614722011362437,0.23589430993482857,5.061133352135448
0.3374045200524191,-0.05623045627615732,0.27605607893462086,5.641613761876486
0.3196595769255862,-0.08798986382139155,0.2554974133932075,5.3589104306183595
0.34219119196617165,-0.05936742769185081,0.275788656443362,5.555342922407171
0.3538158705430086,-0.08628049083203451,0.3475753086529469,5.867651753471869
0.3542521365275353,-0.033661434693822344,0.24213444401479872,5.3020578986948905
0.3921841114072712,-0.053759725699564914,0.3207779607711235,6.032121382972431
0.4137921286785686,-0.0581639556257608,0.235730193808972,6.142076532372558
0.395507833268658,-0.027524837670719147,0.2456743398987157,5.714790329393901
0.40244102530935283,-0.0680544644367875,0.265374936536446,5.925169226273934
0.37111926850292365,-0.08741148761222993,0.28993699826581615,5.938889743241809
0.39886045118518115,-0.0889225130503168,0.30702100412198624,6.192502642924752
0.3551053986093304,-0.08119078293031862,0.30420754089597635,5.839941599373997
0.37455838037336153,-0.08863859505074385,0.2524791503342916,5.516261359327376
0.3737908114153461,-0.050000057556906036,0.23163760753188659,5.538195092096032
0.4659595607574961,-0.06828894645422162,0.24328013691592812,6.461386354136473
0.44503622787077357,-0.056045325376242065,0.26642504059076266,6.191800476544683
0.4472429547633064,-0.11380522445670017,0.29558110834001317,6.477922450699905
0.453200961030876,-0.04454402906784495,0.27613279184750666,6.445749591596366
0.4699495616074301,-0.042659457826224115,0.2333505101082141,6.454757240855658
0.45898184625697286,-0.11755618843238133,0.31477486081185546,6.923717183444947
0.46299799739702024,-0.2057700857992335,0.31109276985654744,7.134170863567599
0.4153599629868794,-0.18595330739833754,0.38895107763727804,7.307418647491183
0.3413306939866569,-0.17537904864477338,0.3205855574184761,6.1178846463189345
0.3616184852818599,-0.15264718326971286,0.30649800668105054,5.992979836447665
0.2878560725532684,-0.14995638603666342,0.34164658083702215,5.858898042092897
0.268977251512193,-0.14753999093095785,0.27953041465535544,5.303014317557274
0.33240436738550866,-0.11875540546254527,0.2648028745571261,5.500403974170728
0.44538320480125604,-0.07995682064891595,0.3070486780484767,6.571763393263936
0.48441864275252167,-0.07464445006710646,0.31578501354435595,6.980074526712418
0.4901174712137932,-0.13979689950744933,0.32268612360952753,7.168538948922992
0.41952304849730965,-0.1155086020142056,0.36543946970068775,6.792009405050392
0.3839399390344754,-0.11557799851686035,0.3509004743427262,6.47304389804469
0.3540702199417156,-0.10749442180681212,0.3891256767296584,6.702871766703496
0.4215871736359554,-0.048211328789721127,0.30044544517311716,6.655513604485345
0.40734248921269245,-0.030084274652296485,0.3523038187970477,6.541253841231163
0.36099258343086715,-0.05412058549714977,0.3287788221567289,6.074819365488734
0.3406958121080132,-0.05678495126334267,0.3400404159854098,6.043158829666744
0.30165633841255907,-0.09290326264894519,0.3337205847435027,5.846943759820412
0.2973922201742544,-0.16221477335436016,0.4017460580827196,6.543917472144201
0.2660367922944747,-0.057999990655696804,0.3612849200013739,5.824340105945257
0.34575526622408903,-0.04888912938281984,0.331212156736028,5.978906525461397
0.362015138356703,-0.0402442514078384,0.25179025664778076,5.744043665212357
0.3875688833948065,-0.0906985042711511,0.2940847799300106,6.061295474240095
0.39064522517593336,-0.04210344054849643,0.227802454149051,5.7029009343148624
0.3479973869595702,-0.03999516962204324,0.3389374375082286,6.022025553927727
0.42215035898277997,-0.054370094666032424,0.33673988449588377,6.41444936041838
0.4425441135940069,-0.04056303146030546,0.3128842689072473,6.552960747196006
0.4363590786961225,-0.08039024409385172,0.3136113765791135,6.418440253321091
0.38348592012059013,-0.031141238752033007,0.3112806228745389,5.874740121769379
0.43461095893667273,-0.06363455803884499,0.2764981534572667,6.188654739146461
0.42462799984194566,-0.01855446429065308,0.25624041077917004,5.859213268304886
0.4336892781019053,0.01814545401246169,0.25516290004611564,5.85608889148092
0.412665376875258,-0.0014365873445987385,0.24811181567949767,5.626385369853069
0.45381194015647425,-0.020637264776785343,0.2358953229605316,5.898032119162799
0.4703589982162035,-0.06963117524084585,0.31838888576690455,6.751019224438625
0.40806377786179837,-0.014783343537136215,0.2708750259192974,5.978526815994804
0.3934600696114962,0.007863518559150986,0.2483313699598549,5.630922709529051
0.4281802727483568,-0.0051596482458651964,0.31585073057659585,6.315929555216768
0.4306420383877919,-0.06504111076588319,0.30624638285484873,6.352912999723524
0.4237833243324158,-0.04112947775285035,0.36826129698356785,6.597890310763763
0.34746876696952894,-0.01694667754518375,0.3258508384705681,5.893418840173931
0.3922725609642736,-0.035020591532209364,0.23529224480530514,5.623596832000736
0.40459293966805776,-0.025057785403762065,0.24383724803695278,5.7076201022905515
0.34875640226921084,-0.016176277589886504,0.25567017440665224,5.358112653781661
0.4037839914888371,-0.0439917618759664,0.305663662527029,6.215505420837893
0.4385711892138827,-0.0828589267530838,0.3263019160452306,6.507841961660876
0.4537608744414682,-0.07843440026752686,0.33626920273911354,6.680616069391932
0.3765500902732112,-0.06095418545909787,0.31127188437314196,6.223272891461254
0.45065199667648403,-0.10554799803416233,0.35524643598217537,6.864751328466301
0.46717951261963236,-0.06008846820924772,0.36260000917069785,7.033269624198984
0.3938970013857298,-0.09526761096319132,0.3216604741505097,6.277364977833085
0.3941621809964097,-0.09959105868268514,0.3585973100011783,6.538634366777332
0.47128055354636716,-0.029575410923602535,0.3521039519157165,6.798132692192399
0.40878662160158785,-0.09468855567415796,0.35196922430649363,6.5955072133228825
0.3584806675716521,-0.06307290751491178,0.314216909823115,6.107980008847876
0.33897328606877325,-0.02287666512595691,0.32355282338216357,5.886697560155894
0.39268981652938706,-0.06410303417936077,0.3022646043906332,6.033666564144394
0.3779037525922338,-0.07750319333273027,0.3238228548898286,6.119698497194173
0.37399699326651786,-0.05309749736171105,0.26957940379391765,5.947984254815082
0.3580230247804687,-0.10350479176365927,0.2984740588362307,5.869185538210257
0.32793224941719157,-0.0521379114570036,0.2685624443895762,5.351066319651738
0.3725444470145372,-0.0616738088580886,0.3130465644353691,6.038126196126919
0.3641682168090628,-0.09627274921388666,0.23679615242995425,5.534467146140338
0.4423240827712216,-0.05972801371248597,0.3154143080567935,6.556878731087565
0.40167103010777294,-0.1409193258459354,0.3596304490069392,6.659943885078589
0.3880381099884076,-0.11458714385468471,0.34956223161722755,6.6133590192224165
0.39109279360412685,-0.07901520439266149,0.333651247147789,6.141830232815671
0.3377132069092036,-0.10026177750412398,0.3107909207642947,5.889739457162739
0.3511744041843922,-0.05629758764477221,0.3384646070711904,5.992803576377876
0.3821529160865984,-0.0507141637632983,0.30602500924572074,5.9496482787488105
0.38939604648603315,-0.0661968281619508,0.25088155060181827,5.795143110423041
0.3931929858403501,-0.05799976523351916,0.251338033975726,5.697937889497799
0.4554011081462352,-0.0564464269056851,0.2864176441484178,6.4049895872846365
0.34946331713406115,-0.07356368917362534,0.25365023437457235,5.404665198168631
0.29022568481572303,-0.08308748655748771,0.2572621393515721,5.354538887162069
0.2891540614132899,-0.08877838368891085,0.24654261536538502,5.328322368639296
0.32884685016869164,-0.07173871710773858,0.3056640012347753,5.695381927387043
0.3583228626209624,-0.0450172909734942,0.29509244018381403,5.6370572064765465
0.34139321066896094,-0.03818834108284036,0.22448625960760768,5.323330677214388
0.3579319023985917,-0.05145028283550957,0.25680482472705585,5.441182896914013
0.4060352698540924,-0.049302132575678455,0.28875833081500585,6.120858933059645
0.4319360209786213,-0.07182526488547268,0.2446404458842981,5.860737209230709
0.41330467844452307,-0.03021202918558503,0.2548718093819761,5.80341816400603
0.3590819610859771,-0.03421460617876854,0.2276883993739976,5.281689820645857
0.3809501959104215,-0.03688075736547922,0.231238651815249,5.481906774068463
0.39946828018738123,-0.06253809184370826,0.24212326273679952,5.8514864055848825
0.4235731915785233,-0.08729456762106931,0.2665826992456961,5.9693872619589845
0.3553860613910133,-0.10587145361889606,0.29781030908632505,5.630911868753106
0.3863377940964941,-0.05540206681288065,0.3789300508593349,6.292868954374495
0.3742975264203636,-0.021365237411414,0.3349531783441959,5.961426220847228
0.4309271912492989,-0.07710789968742726,0.29759922032605857,6.279580634688386
0.4938309105307623,-0.1187499366094942,0.3290255798664016,7.0666399285556585
0.4396015825369924,-0.0864971232448359,0.2963314443603326,6.506010253293206
0.5001751581965019,-0.09526557796871316,0.40183943311590925,7.344543493858756
0.5035713625234451,-0.0931111814130625,0.3378230119969355,7.156599199689825
0.5105935347763472,-0.07157937255588818,0.3665401840172884,7.264363734498922
0.44148112444182885,-0.1213813259943416,0.3505656785878302,6.666314898035104
0.388000742183532,-0.16948695209220793,0.37999767691585307,6.804217458868061
0.4306225678141605,-0.10546871847876857,0.33081114521669935,6.446758748465665
0.37931367801870164,-0.08838253788253633,0.2616997024161826,5.917834877091166
0.4298406360502175,-0.05102680519286172,0.3023898756058566,6.338493621230048
0.42657247334947795,-0.059236884364967955,0.3135361600674542,6.280862537838832
0.42773904242887195,-0.016482988664783354,0.33166744874181675,6.411432649958642
0.41233168271093323,-0.04995077215374225,0.36254978616846584,6.453964949267443
0.415604933003787,-0.05091657025405399,0.3008090500039638,6.209084689232625
0.4549600802491654,-0.09052246374406266,0.34063185555948566,6.669020257957464
0.4187091923677007,-0.035667364522472926,0.2965709632041727,6.0797071070453725
0.3964404791529689,-0.09236981803570717,0.30223454432754165,6.144010592531163
0.35574903191364127,-0.05792218086197437,0.35906384242365397,6.105415822735036
0.3754109807318742,-0.04849507166230882,0.3279283890840029,6.132191497814906
0.38822136802153084,-0.0754052297868936,0.315980164466611,6.173881621511205
0.38796089753163027,-0.05102134961972016,0.30196134144225434,5.927591032355159
0.3855498359798596,-0.028405397814043824,0.34149361489068075,6.193542472462361
0.5028658701367411,-0.07373362229815651,0.342799260015679,7.175908086969351
0.5070970946629503,-0.025317544751298778,0.3082856228238962,6.93301437332552
0.44637808697054904,0.023272241123121498,0.2793750849231869,6.432954905107727
0.4792671538976276,-0.015638934173574433,0.31965058986997297,6.722422514109578
0.5020429014628274,0.010419653746704406,0.2701014865397611,6.837497642854952
0.561923042301796,0.014966134753690767,0.3058036455954526,7.412811326156744
0.552588343235953,-0.008037519529138417,0.26526387380664174,7.224335339902652
0.5487001978536522,0.012881886390316174,0.3064598665161343,7.293950850816013
0.6095106996738182,-0.04191395025547487,0.37839126462619094,8.2982440586469
0.5880865172148193,0.04808139435026567,0.3282012657897109,7.847308748044906
0.5575389914185573,0.01842155406601123,0.3261096100609393,7.577547820947469
0.5486058773382846,0.03437652168427568,0.33171869767448803,7.505046844440276
0.4754623233327477,0.030284886198721724,0.3420749150148549,6.8170890205673516
0.514879331492134,-0.00652808013966666,0.36427137937179754,7.476331304532354
0.46875554066913067,0.0062705281389733615,0.2812567007004957,6.528110953712158
0.5000691715201827,-0.054833994756464846,0.4140410365373479,7.320714290517715
0.5074192148205998,-0.03586803582260314,0.38646241387718805,7.243840437413438
0.4654582762337816,-0.053192846052998614,0.39184977156359757,7.047341319923508
0.49414826143562235,-0.10117189041356367,0.4445326219135828,7.685024242223544
0.5204149508040706,-0.06037234755200367,0.3336267209290995,7.267549307205734
0.4718776934501276,-0.037120708975827,0.3567234842904746,6.990415359476914
0.5084021540410508,-0.04855472489225838,0.37224442049665313,7.233622320584214
0.5002697081407593,-0.0441480610409156,0.36462211118082166,7.134152876172512
0.47810554564013663,-0.054520747271124353,0.3842411505911146,7.110757337092271
0.4447751326527618,-0.04694400073083528,0.346595803463402,6.507303042288859
0.4357267843204786,-0.04875948424726328,0.3202425019801216,6.397622945076372
0.3949845194773622,-0.09391376852766085,0.3158034236463406,6.110335431105575
0.4315378766863523,-0.09379122582721061,0.29092566043984475,6.158239286285328
0.4778352068665425,-0.045876424006133294,0.323388427317753,6.677232336310057
0.4187027045057193,-0.06971033331636743,0.3433261945716667,6.572462513081774
0.3867867788457176,-0.07259280596638054,0.3766001853174075,6.466153189113643
0.4098685623657449,-0.06912683896230175,0.3554717029323731,6.393792257276851
0.433628192233081,-0.09005979722931248,0.3534732529209578,6.553205106875246
0.4211492785896449,-0.045519421904332995,0.30552154868426534,6.2306863441221205
0.4368977566844579,-0.05613826349093838,0.3043258048321109,6.290089447871204
0.4611026335082304,-0.06798052742165472,0.3188626066046213,6.706959329663483
0.43988850955186115,-0.06473834972814937,0.3279112502522397,6.471274547136053
0.42314939042064137,-0.0918842993568851,0.3819689799978317,6.543379408567764
0.4106506043158698,-0.07561316280307746,0.3128206155086879,6.1800796842848476
0.4086016133234426,-0.05769858504323635,0.3253231434791004,6.2403906906845785
0.34767430915995234,-0.031009273512873498,0.31064654484136195,5.6080497066453185
0.3833757011477953,-0.05470607505741749,0.30001538024331875,5.833545802997631
0.37986712536499434,0.004694428206114205,0.3123983761359653,5.744916937168933
0.37337729132073955,-0.007277697122438077,0.23776521756164992,5.344373008568602
0.33803619675738045,-0.04625812416795761,0.2822678386174653,5.22726552126062
0.3036062228858562,-0.006091101417503857,0.2814875481967918,5.086712876044566
0.3078755043658522,-0.0366457324860376,0.3245850094426769,5.2929391218480735
0.34083741244436583,-0.04115251529573985,0.3070436082043907,5.525492938191808
0.37488729116350333,-0.04569076173978569,0.28273692106151377,5.719790265178193
0.38707723176807607,-0.04465486320626794,0.25705414173989494,5.651501412464862
0.3718444428883628,-0.034852351318043304,0.2686057376579801,5.361704858912645
0.3594029627338967,-0.046666743611115065,0.2241867024499765,5.121151803640644
0.39947743848193734,-0.03754314601318808,0.22722247276205965,5.572280156554709
0.36994571997854886,-0.057362446381588564,0.28495581334437414,5.646685832948796
0.4380480602730226,-0.07832938299959623,0.30952198679149606,6.457350555750672
0.3691166603696958,-0.061819933004837305,0.3137102440574301,5.670476032107257
0.37627260189547934,-0.019347207378555643,0.24998935236826147,5.318234694981772
0.37774886612437897,-0.05030870406023228,0.33287382758286344,5.966252414355313
0.3096054531497255,-0.03634331988547436,0.2632344357077337,5.0436693864619535
0.34045395053818156,-0.03484544977448789,0.2332081638945397,5.205528856559794
0.3564933899355387,-0.03226606987331607,0.2153076105283001,5.23335644213609
0.3824090068804329,-0.06749546016742414,0.25389386220266247,5.659183272565044
0.3874870795042862,-0.0606182691866091,0.2910268778400489,5.970916132558592
0.4240485234881733,-0.07476151943569316,0.3639989296226047,6.752303986280934
0.4097300997386936,-0.08462761293855721,0.3472324005092027,6.563949640771329
0.35520983278084006,-0.05891516880406673,0.35590621605740674,6.1096358300154385
0.4260837476205797,-0.0484378495661014,0.30728505195180716,6.127608798333528
0.3748207786756009,-0.06400748401405071,0.3066116964786344,5.903442878497687
0.43619902487289114,-0.04396059317731842,0.2873950443813711,6.226454575336967
0.3778388862584611,-0.08694019747210024,0.2837089608817986,5.851083148485008
0.3659817340834821,-0.060439956917755305,0.34698363375763414,6.370382446065731
0.38452456515032385,-0.09066467033556537,0.2885771404338693,6.312221755259368
0.3986990601924277,-0.07738996860908565,0.2945903782067849,6.088439882240134
0.414588446374268,-0.02033455107281411,0.2622879641942976,5.999685255019714
0.45682711656761565,-0.014540913068368468,0.23986810356782048,6.1228578567476815
0.4578531567099808,-0.03291229795741584,0.2955417106442484,6.48825042189972
0.3853474376519706,-0.06125736896331759,0.3320086557631716,6.17800027403208
0.35975371441384224,-0.09470087024132401,0.3255459037339214,6.090961437603781
0.4430085988565178,-0.07684245815122195,0.3463766078417081,6.746440687167275
0.4100273375456756,-0.057744094422126566,0.34901339176178914,6.416859989753703
0.4255186289607012,-0.036719488504821284,0.2858501802085493,6.466258205786202
0.44086512555978447,-0.05578845635245687,0.3353463499930047,6.628733788078467
0.37881740908519346,-0.023383741799652833,0.2609645895952894,5.6581617092158405
0.3662716048724437,0.007179299846846304,0.2812049913127371,5.649294211794028
0.41752137505818676,-0.014998856711113038,0.28248236378961167,5.827390325768203
0.38338976606186304,-0.012219600081657945,0.24413872115149338,5.489012467887274
0.403794544844282,-0.009777343478115545,0.25769615654053507,5.634777513331372
0.37018313550677,-0.003734186796793166,0.3010350180635129,5.760075960290046
0.466716977134832,-0.00890380588738386,0.2691524751495304,6.422933076530677
0.4438105574220616,-0.058725055081953824,0.3492240390101032,6.657348983561707
0.39822471203208154,-0.03002276730171653,0.33806831087800726,6.202246825023848
0.41629955690172227,-0.11188022355923735,0.3613895279935826,6.640651076744015
0.3962497921605732,-0.09318501675877663,0.3346600503139852,6.478892288001953
0.35441013941034405,-0.04124773125533563,0.278815498938937,5.584164562053727
0.3828959514069917,-0.048161626721218896,0.23925339439369586,5.556812030381128
0.33631901389622654,-0.05340320381353807,0.26030875210097737,5.382514799321948
0.32302974602149165,-0.020569256233584663,0.2619794224081382,5.200379489026168
0.41753948903194127,-0.06844253837416477,0.33873021546478826,6.52466553395255
0.37417487596828064,-0.04475583820961826,0.30073034548357824,5.818601847392737
0.33754930420059,-0.006896627628507305,0.2734998147446432,5.35834367000253
0.3743560777582737,-0.029607732171562047,0.3381485803447807,6.194673701985641
0.3789842177487326,-0.0867135193751605,0.3461837643815579,6.228628931042265
0.3713355389633568,-0.033091910255168284,0.3358241394543796,6.052873465878005
0.3627104992558781,-0.009898914809466789,0.3349274554244528,6.291163489808578
0.4035913736484256,-0.04816020767101634,0.38549335515392386,6.586455123687667
0.2558258214492021,-0.04948341390356146,0.22507839072498548,4.706532544076147
0.3905565839381272,-0.022686401064729363,0.26818683963748957,5.930419882264009
0.29842469773147956,-0.03320997892089333,0.3075504061864923,5.628255772882752
0.3100151380622338,-0.039360517182400453,0.25643939030667484,5.340223696280241
0.3820739911437535,0.01211680939527788,0.2390813372261413,5.587259737475267
0.3526267819643789,0.03358701038685859,0.24218285940401976,5.503447301903648
0.35425664406376056,-0.028995601442049858,0.27999479395756977,5.7324154480735485
0.41277524978706776,-0.04858284153164254,0.2910702279172304,6.136082820060654
0.38412670164403734,-0.035244945513167376,0.29241404208866195,5.88229592723493
0.3593769744377026,-0.014972020981845855,0.2513508442205522,5.56988215745774
0.29588429270536065,0.0053845531141301604,0.2668759670470716,5.107267149616517
0.32742030242728565,0.005368607241701414,0.27360020105940464,5.278909749823491
0.4080687360056525,-0.022934555489948525,0.2587308340490448,5.941341137154377
0.4183540563420755,-0.028458291909770516,0.30148391988963236,6.340158665741055
0.4195677916817552,-0.02277643624405041,0.27277294860233964,6.124897793845832
0.45592538229093127,-0.04768594221801559,0.31439653572575005,6.509582101880785
0.3849832909756751,-0.05255209810643538,0.2963980960022744,5.967603567449037
0.3210334196394793,0.002121596670253818,0.19873239177831725,5.160244719678535
0.2786423607652434,0.004268713419597731,0.23521090644214349,4.758830996418039
0.2869328963951819,-0.024366220236315527,0.19677856649543035,4.764115893034501
0.3436552162652772,-0.04985338393928473,0.26874585975081505,5.633665151186745
0.3803373378230942,-0.03025428717627327,0.34167128759910503,6.259850887559813
0.3225049642826526,-0.07147222824207766,0.28682669770399044,5.453676520107189
0.42592224658285693,-0.014277880527745514,0.26722873281699044,5.884937101949371
0.40331747828842807,-0.03529460413303112,0.2530674432618097,6.0049979024162115
0.42854082987946296,-0.024555212248118675,0.26698783345769084,6.095255165405138
0.3991713972201046,-0.0650132588985529,0.24235308683899445,5.850131105727408
0.39690963764387904,-0.0539324212337926,0.23004136234855097,5.608621232828008
0.43804322613680796,-0.06436580380956827,0.23412881897379753,5.989950887454644
0.48029632206608475,-0.051352826624430165,0.2971744709630648,6.597635323936263
0.45864474237485536,-0.0631750255528479,0.2717182186797672,6.274141553890544
0.4304196665867888,-0.009423909310567673,0.2338452875087322,6.03123210585049
0.41515517081906483,-0.03390320487227214,0.3222930139087562,6.29790540572681
0.4770358399159694,-0.12069197325040429,0.3507408442426829,7.016899613703459
0.48904373421271824,-0.1015036431147441,0.37253433305202677,7.22478310575121
0.41850003424400334,-0.10420485123768632,0.3186161907766505,6.548771138436402
0.39962813304324235,-0.109105831378017,0.36634143180396417,6.712408085206619
0.43890475507285054,-0.03478741435104145,0.2825853346404761,6.219062877729856
0.35865606415264084,-0.0627006174262752,0.3317527978114247,5.999322053657587
0.39043920961267076,-0.07255527434081965,0.3017642304064774,5.964271447400441
0.37923139893439134,-0.05724853233046534,0.32159372353932864,6.214383588166493
0.3874620252621484,-0.1025179298153795,0.328859874773234,6.363477517125712
0.3616959675291687,-0.06874551777350191,0.29134096730907444,6.003089046340567
0.3363052140823162,0.0003541077385243801,0.26501025100192627,5.455961255557977
0.31830449409940464,-0.012249143032189928,0.27751458184066935,5.474465267639766
0.3507036242761661,0.009303385037255913,0.30844322006714076,5.628667614012923
0.3600213514761996,0.03376116219709905,0.3065599843863379,5.794666348247719
0.40873291494614816,-0.04893764392164344,0.3373119584838764,6.2392344212672
0.3775249614625482,-0.011322270647344214,0.3092144958528821,5.95171705921103
0.3773184595066462,-0.029127952180086503,0.2888559721378921,5.724310285901649
0.3161633595099769,-0.004244818301826214,0.35674346246858174,5.876991424180004
0.35594702407464524,-0.03227903463173394,0.3494851591874795,5.945943657697821
0.3655780656015622,-0.06461384158685278,0.29439839949742935,5.859846962384013
0.41086852532031004,-0.05040600753882655,0.2984411045465823,6.293271341831161
0.3862356259337162,-0.08994263687898867,0.37216989128058003,6.504877398074315
0.3549710826516142,-0.037065653082688256,0.3030034595055556,5.68746273156612
0.423167793364903,-0.043341419686168774,0.3514313415698356,6.557173954477333
0.381597898868616,-0.07248719665083315,0.3184536357046016,5.945175649423768
0.3183405086311952,-0.07021294539427715,0.3683584404263581,6.012047711349628
0.3086420710172231,-0.06563772413882409,0.31715132381755273,5.646210550010627
0.39201199025525557,-0.07606812048658403,0.32377837780527996,6.134541848403378
0.3773349364602623,-0.10255629744478721,0.38991067285340136,6.678370942524655
0.36179147295550323,-0.00631104019815027,0.3357586186983898,6.005181184042029
0.3460757934448142,-0.06747307273023595,0.3309987171945978,5.928904442212561
0.32344572550966794,-0.05073483918653555,0.3253664610088626,5.8960457875194665
0.34791533034300326,-0.08043506354441851,0.3479603649847749,6.069239472675634
0.3775510869893203,-0.08198533907876163,0.31231523339768064,6.011092854745403
0.3840678879298798,-0.06081501883218345,0.2766894825365787,5.792946578221025
0.3788044433046686,-0.03494550912622834,0.2999876671308407,5.849618296731507
0.3421800618735775,-0.06127427907697025,0.27058157147526174,5.536942894089571
0.28580445072995625,-0.06156821478289945,0.29347305888247144,5.35845335134024
0.30716298864588537,-0.05286483286216059,0.3172754844454637,5.551726111125642
0.3268450544263733,-0.03095955451422019,0.2711594487477968,5.491046579168162
0.3207977410363573,-0.055277510242424395,0.2917063005866053,5.416556447576149
0.36812291511005285,-0.09733525129573477,0.3165459267230178,5.970098043634391
0.35341290623345817,-0.03420645097556597,0.31734914207921533,5.575182895352357
0.3281128899704835,-0.012641325425818447,0.2556989366251035,5.0192672265809595
0.3319783864672831,-0.05074340524402032,0.27981800647583904,5.201261093377713
0.3714965206590935,-0.09241367196885732,0.28039546854514175,5.7437337160243995
0.3643996131692103,-0.06155363354905575,0.32754416510553785,5.8894998671743775
0.36956353653038515,-0.0977321170870997,0.2871067794523803,5.79890272450776
0.37724160276063423,-0.06698454160698843,0.26203402867911746,5.704797594298088
0.41902318875187694,-0.09084088047365471,0.2856537582915366,6.084171816355085
0.3565483166877012,-0.08364075344741478,0.28534780838873663,5.804091299580663
0.43197955834725504,-0.06863640538679325,0.30093799612774763,6.535161473811038
0.3919278571694055,-0.08421296540965842,0.3174077569555258,6.32298463312471
0.3670270133747566,-0.08977545431170798,0.3426392570850329,6.0905116953982
0.4261221461516121,-0.06412248107030029,0.3344757322651763,6.578925272431502
0.4046712702192696,-0.021742750374379588,0.3192260394544805,6.1638569377623655
0.3754344252487736,-0.05715970728640767,0.3237175209564471,6.091334027334935
0.3884083950675896,-0.047471111072795356,0.3090933878496308,6.0106461757319
0.390937379204713,-0.10199815616291712,0.2851090318683417,5.921454219522374
0.3818242365095137,-0.05945422927344907,0.3665140866361779,6.075982537846864
0.3577342116606623,-0.04942616092091243,0.26757411852544266,5.552734072998558
0.31311611407662765,-0.12427594490643978,0.317435117629817,5.692162912232244
0.33534139133007035,-0.0661740018522186,0.3227065262453594,5.4912977222513755
0.2780193622526894,-0.024197689776706523,0.27560041734584206,5.078993110252842
0.26661210087705683,-0.028993403159825962,0.288599603195484,4.968127058532995
0.336458559610416,-0.02361578171726433,0.20826639626536678,5.087543953720064
0.34991937315430593,-0.08130654333115823,0.2775283981086946,5.509393340670876
0.2877999626027768,-0.013674736734596364,0.26782749441214593,5.157468426132168
0.34521101200042703,-0.03986778688400882,0.282646356178379,5.555881345651211
0.2548287868713289,-0.08057965743251534,0.27356317681851644,4.894862154012288
0.29172550774940287,-0.029079407876874845,0.2655519917407737,5.054847869062957
0.3436694621263377,-0.03952380703104359,0.3045161175045383,5.5901537697844095
0.273693349487193,-0.05167966929007923,0.24067479462083147,4.57177399938335
0.25460681771132937,-0.0484240327300008,0.2567130646374368,4.686738520236484
0.2983521754749251,-0.07483538655845505,0.2958795778882485,5.238258070331802
0.25325304766695006,-0.08879124914836,0.28195572553172044,4.85444919410581
0.27358955351957176,-0.019467237089592047,0.24804569564664058,4.642966394678037
0.30128929749200273,-0.0392834008999865,0.27156376029100404,5.011235184835068
0.3476320340318063,-0.04942337325830681,0.30326474559583616,5.5610403615766195
0.28387030169898236,-0.05151071396197784,0.23108527360335895,4.688233592891362
0.33722455313746097,-0.0744378821062542,0.31209282024730206,5.6579749051893105
0.3634935240521517,0.004545464014514243,0.32414159673918236,5.858794265566679
0.37723036174341573,-0.036075676083480744,0.35523068604172386,6.158900629102182
0.46514665402460137,-0.08572423418371765,0.27692600253703886,6.501085244452993
0.3786013097396344,-0.09533402699389418,0.34472104722985936,6.084376368987483
0.3261506101353667,-0.09680175816672504,0.31308521039469983,5.637178752532784
0.34270936161250914,-0.06409985204891112,0.32213183877103946,5.739020532624508
0.30341540884009405,-0.1230115455530091,0.35780168776040244,5.897531542200322
0.4299105140985722,-0.09588487864169178,0.30992348483330817,6.431547508818353
0.4366183957411217,-0.060898759205609845,0.28570611845005844,6.305057836767598
0.4070805865733328,-0.0739712713474234,0.2824882653761751,6.057363938210179
0.36034367421031943,-0.057585565372036046,0.2960419930818031,5.896268088063189
0.3765203998801956,-0.05586301600310545,0.24220255800488377,5.586880601106569
0.3606364791764619,-0.05798964715564895,0.3627743290176105,6.268710401753437
0.3189429266470031,-0.08565889072692005,0.3089208969596639,5.5786810291077025
0.326393232465121,-0.06820160519408597,0.26402921058112905,5.478187755441236
0.38665662136396195,-0.084375914454103,0.25153172801930823,5.718403021463032
0.39999717714838046,-0.06364340792230765,0.22917472064545408,5.738193653090224
0.38145531148180434,-0.06926983130359518,0.2958546599739902,5.778645513762108
0.2797243135907736,-0.03437381614245437,0.22586790231448592,4.821369725964961
0.25636576763795804,-0.04115457474491122,0.22536120759304684,4.559389336033101
0.30928018287449704,-0.07799371172030017,0.3444599699967088,5.603571313092439
0.27367434102848165,-0.06828846780399236,0.3381968629875068,5.329870993686304
0.2605398010681632,-0.06747608938089328,0.30600179950463346,5.087535494758883
0.2629032513728156,-0.11216859516090308,0.304698694250613,5.283308259296803
0.303417263386445,-0.054727426774182575,0.2276161979033879,4.972107146100793
0.2500277126589636,-0.05536815026445044,0.22846242919284818,4.617914227230134
0.2296547126089204,0.015275862215577973,0.16705504207632094,4.078555823022211
0.24329271966381338,-0.01341195047048345,0.1938258404194585,4.199165183326427
0.2871578697087009,-0.057474896571896944,0.24065987478894615,5.069222692376162
0.3262081192352648,-0.04388989979826818,0.2238253773864335,4.9271435195084905
0.33876227419736443,-0.025726746456929805,0.2618445807043353,5.17622593088305
0.3314612415615912,-0.06966313976717509,0.2602005186539036,5.327197790550697
0.34425999255989376,-0.07099828828848892,0.2965691663346177,5.755587744733703
0.3592462173193278,-0.05930829343322535,0.29649863087906664,5.745000401058634
0.3913787575284182,-0.07435819092037609,0.2880189862802261,5.965656109496573
0.3918354590774997,-0.06445735182548028,0.27416768686249976,5.792679284986523
0.40921044428731457,-0.06479030308779778,0.2610542426872358,5.835099906942762
0.3726626889375664,-0.05087054199312996,0.2522479920828263,5.546618726351575
0.36986719300484316,-0.04380215096022985,0.24701936845899367,5.507169072443581
0.35221611049702306,-0.044730167886534895,0.26649178175914345,5.464507965218191
0.34339491839653874,-0.032396007339917175,0.22781105801652168,5.160452490311131
0.3430077469262943,-0.015802918706658856,0.26111835361264013,5.383989612254305
0.31811802434065245,-0.02069198421199464,0.29038470229430524,5.701858664041415
0.3550902521496826,-0.05012201414855348,0.3240836002900002,6.01998282683223
0.2863132345066734,-0.03930274612367753,0.2698125930394242,5.202794923784263
0.3363902268222051,0.002646168701629563,0.21710340295028654,4.9946032526476944
0.24930538341404077,-0.06703144535293906,0.3035663404024595,5.300782819503123
0.3217552007055679,-0.052175549491810136,0.29490534896719783,5.547416839143926
0.3358757725618713,-0.0814171868689208,0.30800253381802706,5.695320917681723
0.3360613693008528,-0.06574433210694686,0.29977058566329184,5.62310915437117
0.3455827354457317,-0.06437917875551505,0.20028812576528818,5.07515132734517
0.32382745798865237,-0.036045248167866833,0.2519369664779424,5.370672994491693
0.3254588777828983,-0.036123182917733476,0.2387883324096457,5.089044453597889
0.2709601514057601,-0.07638224780359644,0.2573061440981856,4.813195257940055
0.2771515561057344,-0.029623923955120795,0.22703139927367524,4.650051731590717
0.2810247045753816,-0.051081712427087964,0.25935217522716253,5.014941236019416
0.2917494295397583,-0.048596318905164894,0.29165809076335447,5.076487793142143
0.22824153129129154,-0.0766635318216051,0.26492721261255686,4.857197546821862
0.25047907229673294,-0.038681562501959775,0.2751855403248522,4.9442868469123065
0.27489847522370625,-0.04599347836936946,0.2480495404717774,4.8551681855314195
0.2843459576298191,-0.022409847047463936,0.22728196618230298,4.76558805218404
0.2746210340133556,-0.05400263283484961,0.244711187529457,5.050039203178075
0.2825751363991086,-0.05105911330952044,0.255446248570174,5.050290419871453
0.2823646719374247,-0.06594795349617584,0.26798947045623817,5.265192257449778
0.2589549334818642,-0.04349874657686121,0.25920390401753174,4.982849491753812
0.20244810030767824,-0.00626416170464875,0.2334856804742721,4.509941777148331
0.24838697610543312,-0.004965117508740627,0.25423078522855164,4.842930777521836
0.25303907548834986,-0.00674852793602351,0.2240921339598324,4.612971785444192
0.29414203866371524,-0.04076964887614263,0.2681766996392336,5.1137713563380265
0.26238069045451823,-0.02761150069034646,0.21901784828323656,4.579433668957693
0.25715703631695175,-0.04800536247828275,0.24270181239960512,4.682191067858159
0.30393139990236834,-0.07982911535280408,0.2628775637834951,5.254544920267669
0.31833176359414944,-0.0012908636538443991,0.2955989254737395,5.32923685074284
0.3643842441997576,-0.005700080260203865,0.27385979243959835,5.70948985804874
0.3797437969006899,0.01330552568452778,0.23604598390473933,5.539629324672838
0.43729600375536076,-0.013721359780538823,0.24167067004470655,6.182636474478392
0.4199070633535261,-0.0010296793606099088,0.23169354302928347,6.025739221537966
0.3613804433589623,-0.012560778549487353,0.2963276196934448,5.754409518197646
0.3922363539429504,-0.027489385786762098,0.24942803094748767,5.638913467900123
0.38641107004698777,-0.09541506703672888,0.26038683517256045,5.746523529377662
0.361548331879293,-0.10031691025455593,0.3356668367084611,6.101918190861038
0.3684690144111016,-0.09906146723973923,0.36075771497678183,6.141512823867785
0.3608399718266241,-0.04861776180174504,0.3063196423338827,5.612825678706179
0.3590373130695572,-0.05026117267855385,0.2722246049533742,5.579259236985636
0.3394037484760333,-0.0941885378057279,0.29921161810852354,5.524185658676924
0.31751533251636427,-0.10731839560759095,0.2937028452322077,5.438419539784773
0.3220232495748587,-0.051559650058987584,0.21048447779958257,4.850018787368445
0.30272188053890897,-0.07866799971870897,0.2894155452997263,5.360073666830652
0.3512917100591461,-0.12980033243596167,0.30975722197062433,5.692923286683041
0.33307942098924903,-0.0811214617665371,0.31881546876362676,5.724416783293054
0.37689261852120415,-0.08342567748451354,0.33207753903077597,5.957363829047818
0.34035190313268543,-0.04425843810394601,0.24437768776891722,5.3035980396187705
0.3179726806753274,-0.010652612177167666,0.2395512620392632,4.940129981266256
0.3226055590391405,-0.038990124332551446,0.23836372316967072,5.175750971933343
0.3496949603722558,-0.04212985486573191,0.2603093867937472,5.355921800897906
0.39554529471157546,-0.09095359824310753,0.29149706026187905,5.89834135020488
0.4233578983291952,-0.05552122032677683,0.3013278587774057,6.340371991038212
0.37158637319923216,-0.04121519435259564,0.2883470445403989,5.7310233067533645
0.3786926923273676,-0.06842582649977173,0.26518801263387787,5.687148301274295
0.3098758987173562,-0.0816101795314757,0.3013725622188544,5.715247056066933
0.38902476927797297,-0.09078194879180775,0.31944328977007796,6.250707554648837
0.4534857065755294,-0.05985000939082057,0.3032399146837799,6.383876380715107
0.4337584081624111,-0.07325300033121533,0.31468519867694267,6.453956203370557
0.4581602429641888,-0.10214370163657704,0.353901575512191,6.910403672571883
0.41838696744074994,-0.15051737543301025,0.4119363285136447,7.126475816308189
0.4590013236318817,-0.09150863601476629,0.34042868627211526,6.892940420050692
0.47023387570225206,-0.0827691413281433,0.35832103008818983,7.060901273400434
0.44058822695870603,-0.0784544089160504,0.3341319485040586,6.624830929401862
0.4082181975040146,-0.048551131297439064,0.32173382935978334,6.505149776902695
0.49647299319766125,-0.0935063595070822,0.3117737857204241,6.926058405689404
0.4546302833798026,-0.13073630571599507,0.38905787559047006,7.075255291564318
0.44943582712195196,-0.11814754025460444,0.3821732558272169,7.165286523384273
0.4596282847836139,-0.09061803972418575,0.37059761272885927,6.862928769528887
0.4494360349987745,-0.1076849008153512,0.38296917004447634,7.09237705916048
0.38321366148675257,-0.10613492815300306,0.3422701599812354,6.175313380483409
0.3966815590578633,-0.14339232283556808,0.3163409107086731,6.269960013862101
0.4570445573777295,-0.14586340879677168,0.3904525647815003,7.102692917914157
0.4457325665867854,-0.13908379266165183,0.41485695729178734,7.242368781528004
0.39119474945011573,-0.11849036764598217,0.3592779098304269,6.319096910871504
0.3861322121875579,-0.11707240571998606,0.3075805332673512,6.020063865097872
0.3861144097706925,-0.06805323591469335,0.30369431791030227,5.813502452213991
0.38090910694458713,-0.11244784228303395,0.34666913128959237,6.343513103984293
0.3151615511537782,-0.12144361711294416,0.35428898051952584,6.003472478720861
0.30518844577441306,-0.08101358783789879,0.2916130679523667,5.445752909231491
0.33373037134012673,-0.07526991151187373,0.278832520830291,5.452763411671129
0.3044549237642182,-0.13151847467821384,0.3693794661693087,6.0396038610295735
0.31785530703038656,-0.10100655127091732,0.3295760177870459,5.651304365564659
0.3171831543207812,-0.07909670631607228,0.2664521975818437,5.235225082975387
0.337988234907128,-0.10796396004554613,0.2877341523586668,5.470333751027845
0.32557017975958774,-0.12037278621078862,0.29876592753398057,5.618856862514771
0.2953024505633658,-0.09634335710965466,0.31190451069126285,5.378277939657053
0.30564042602300295,-0.09058812859775002,0.3369547240563249,5.867564712642527
0.2451064920155851,-0.08249776057410416,0.2816922750814861,4.904615794805232
0.312994908173052,-0.07840266589605314,0.297362825026477,5.420849251863883
0.27828097159069154,-0.09935322627159424,0.3308419647448307,5.4119955842207235
0.33410245090006846,-0.13068794078898305,0.30727591227346035,5.708581569652546
0.3041177495481917,-0.10940172856698738,0.34660802194375195,5.901999091675461
0.29747143926297176,-0.07106534562039515,0.37657904215092985,5.780097147744567
0.292924257501639,-0.0964976597484048,0.3114589303017479,5.405501196782844
0.33965696065973894,-0.08221118724605464,0.3568957752462892,6.034964115355813
0.3142497515226218,-0.12376251514009788,0.3115229189957027,5.7762355255120825
0.2821761011115556,-0.10983240830869481,0.2770562711235125,5.191811021791576
0.3382726687355132,-0.1124173938136211,0.26529835800056256,5.489860520070392
0.3405633978615661,-0.16143825480808857,0.3217755836187999,6.088970987825174
0.35529478017235216,-0.15929331378450365,0.34216737563309546,6.302910745835625
0.34709498563050556,-0.11187276043629771,0.31124203576347004,5.954373705004596
0.4114617305182983,-0.10943903501005095,0.3585263307148955,6.698952216358751
0.38889563748723854,-0.08979572408240444,0.35144309567709114,6.366848840557173
0.3444348581913029,-0.11107136031470209,0.3269612037311821,6.124486905481938
0.30380152145890305,-0.06279921231950898,0.325836248918697,5.725309884694768
0.34500563135126205,-0.033776028885994784,0.31009541288685,5.764001835558077
0.3726673178581255,-0.07035328088639409,0.3156823370296938,6.0687869869989015
0.4379015480486792,-0.04528202139683941,0.3455780208817314,6.763851832493288
0.36084121121041357,-0.06826563250337583,0.3349218958037919,6.169825830148863
0.2975585857267227,-0.07806109630009295,0.286301169351052,5.4581836631134575
0.29336358760960346,-0.06759389119084973,0.2645607462251952,5.357603194455775
0.32767673683050597,-0.033109836354878824,0.2651867223947488,5.486533235867924
0.35367282629853203,-0.08669803404220988,0.3033744682486393,5.846184778467
0.3667615715640167,-0.1460169073251519,0.3821790479440538,6.7336376626920895
0.38474924723067533,-0.09476036816584549,0.3326632206971394,6.228652072087373
0.38482201492569496,-0.08860266226677964,0.27689314761490774,5.784333004490877
0.37390019034924515,-0.11645081891003144,0.27674317072855403,5.927673989856044
0.4156089078368794,-0.1318256853243717,0.31166551665033976,6.443435346007838
0.3962679953459452,-0.11686177236279288,0.31822262134883494,6.218137559431518
0.3828416046532397,-0.10839261204640964,0.3467447558711045,6.359948120911642
0.3554491515679436,-0.09155565900127585,0.3516517165482267,6.161683467294068
0.32826125606558626,-0.057296697484220394,0.2458692467420007,5.31088419585045
0.3678142202357023,-0.11364060459022941,0.330840847142993,6.086184769419403
0.41488230697390344,-0.06632918748481832,0.33943135941010205,6.485734226442363
0.26722972768943,-0.06405984852474128,0.27983912519693166,5.033709429361553
0.27912371402387454,-0.04167679161107751,0.24976188597484866,4.915876543384126
0.333468693576059,-0.07941514116466332,0.3062516266175625,5.6406986800438865
0.317102179946006,-0.11956522367311923,0.2921568742369073,5.69789438273397
0.34307836879975034,-0.07241226314474405,0.328763934637115,5.915400446074151
0.3831867329534967,-0.10398022347917567,0.35622843631447365,6.499563317571623
0.40870199288124465,-0.045962510122869844,0.29069454698089986,6.306506952920745
0.3640623673854474,-0.1215406074230333,0.3807795892798434,6.607583153164557
0.32705741879349304,-0.10455891579493155,0.3749165480448835,6.180210009683963
0.358289422210585,-0.06060197901643534,0.3589889375736616,6.407139785759396
0.29915653292280414,-0.07017441769460622,0.3469765226599945,5.88128924591784
0.3578678505197202,-0.036811377723450986,0.3043945534162899,5.760392405891601
0.3938602163904207,-0.08934863076639481,0.3432955453380539,6.507616858166783
0.39196748845110807,-0.07651727867677273,0.29449077919538774,5.979287405237901
0.33546147222324857,-0.031466744766357975,0.2801009986274878,5.4321337688892894
0.3322146420424174,-0.09447683903863362,0.33918541887743137,5.9875707968321565
0.3657425412199207,-0.08724385161533699,0.3603761699788106,6.34670934780742
0.31071198849803355,-0.10463651263448516,0.3747717984398898,6.159599073233457
0.3666665941513282,-0.13701028912319638,0.3903839459324023,6.9020331301668545
0.39613484969477186,-0.01599778466849868,0.3499355507846314,6.406124528151203
0.34618472975774356,-0.027890646660942313,0.31857737370261646,6.0267241153349405
0.3601255177430054,-0.08363551126966788,0.3349172393316915,6.235395837456097
0.35430813756729823,-0.08360668313486042,0.36070203989812993,6.284863990511319
0.43159796597978267,-0.05650445434006837,0.32965854453406673,6.694041211013317
0.34037142664906345,-0.061677483206621725,0.3234973537594008,5.958191696768244
0.32989909881187796,-0.11924082270271821,0.3049242668555509,5.794135795354802
0.35575759210350716,-0.09787238345431484,0.2773605346796066,5.853143501562508
0.32742313977677584,-0.09001716486969524,0.2782986507200097,5.404563122317129
0.2759765713072161,-0.08723859092619568,0.2999171788357109,5.301972367772238
0.32796766096006924,-0.08967325786553529,0.30683858548685183,5.640645635121638
0.2766494732205383,-0.053308159706036196,0.2329430003268806,4.804248369345721
0.26159151591262897,-0.059101101471849854,0.2713303732540333,4.897709881018623
0.30588101136367135,-0.07861022121315456,0.30235564515735164,5.386440190108803
0.26492958305032593,-0.12045359717899524,0.31745609006033626,5.467822642136602
0.3566110554375469,-0.07445852039083883,0.344861663804804,6.103740153993902
0.32592285811142285,-0.06652041639724997,0.30839767730229206,5.673356409385689
0.429134609910168,-0.060809422008195814,0.3293071191404568,6.409363265947947
0.4019423784443206,-0.05190184686625791,0.34137436699615614,6.375534589467982
0.36066978363745555,-0.06193813364168767,0.36520670652242415,6.151941304246121
0.3002842057700828,-0.07761171438494384,0.3829238865082845,5.9930890965505474
0.36147599581032125,-0.06271310402714772,0.32782992139016165,6.029702633021252
0.27994277236041337,-0.10481744600419977,0.3927153359064386,5.9858864992760505
0.2823563713857629,-0.10938407282120594,0.429798473750087,6.540336067396197
0.2719236595446554,-0.10885649220071054,0.3753531613659195,5.99571850815996
0.33540769169681467,-0.08833746706167454,0.33560437896959733,5.9183366281482
0.35871213773366867,-0.07820647107118513,0.3463530563122705,6.103634154650782
0.32596125842483387,-0.06697470269803148,0.38721479856648455,6.148120801985757
0.3952551987836299,-0.11327645404872966,0.39950405482707624,6.705225741375055
0.40644014368080517,-0.1691863985241282,0.4588408621919303,7.4051987300791176
0.342446553667246,-0.1591719709766954,0.41054824750864516,6.833492811258841
0.40693819739242754,-0.1486086771270954,0.5125677940239167,7.643536559202234
0.37086727353713245,-0.13017891386556316,0.4119676945810708,6.845263397774103
0.27250198186458996,-0.12411636584203015,0.38205894928709333,6.020169689870481
0.31232071166268455,-0.10712628127705824,0.409150329805961,6.391699974244029
0.3211546414034971,-0.07218415805986034,0.3682001967416768,6.106442239552898
0.34386579501233655,-0.09345066466497191,0.3939638062086336,6.605863981736101
0.390523462424216,-0.09612521156370624,0.34135706222800827,6.5970402017636305
0.43898760296299116,-0.05954626302219941,0.283344593186755,6.305699023966093
0.39338769699447224,-0.06949559346430517,0.22866917720130628,5.67789269333487
0.31956737201391633,-0.08407425288780179,0.2817958433774323,5.4009863526680855
0.2540181729261545,-0.03488173412622184,0.23298017825087988,4.579595739805944
0.2195739194033723,-0.06868741522984512,0.2664542602421472,4.64382002968986
0.26913926904901336,-0.022821891742755604,0.29641333673453935,4.994911399486118
0.319620045180897,-0.1469076078073673,0.37357161878754336,5.988175484835554
0.3308101265588405,-0.1192476586063035,0.3143462649817587,5.654347495831079
0.35531763789463083,-0.0761331985421692,0.28571697149474234,5.697184450049958
0.31894544750949316,-0.1619704766183179,0.36922459296724836,6.12218770050467
0.28756106197229775,-0.11298212625868602,0.32926945319392753,5.575507682458363
0.2624151756281978,-0.1692855907761043,0.318040111769389,5.560011866258675
0.3504689043216146,-0.06303939510617441,0.3066031722593184,5.815331176371981
0.3248864743938985,-0.11175081066368257,0.2557682131159554,5.562141649510421
0.3516329975278142,-0.13662610711860795,0.27367064166479327,5.940624093185543
0.3781379703798627,-0.16339793433548366,0.3359868749462224,6.380342187286682
0.3196772547669941,-0.13830848457448458,0.2897582771607671,5.88460516191096
0.40272526158835664,-0.10369237821967256,0.2907061779553806,6.139726976644849
0.4197373668373556,-0.04892255622995288,0.23877110595645237,5.9648858059935685
0.4597834551868514,-0.06409730230688969,0.24395368658090474,6.458597384205617
0.3523276560053723,-0.056483753495117285,0.2694759999814478,5.4574087258057
0.3220313446323818,-0.06203186784685222,0.25250585401864817,5.19123440689132
0.3441084624254367,-0.1169858134352184,0.23941482744696546,5.33735534440567
0.34834381791068714,-0.0290263869355032,0.2664350161373262,5.4936953196704215
0.3589114771235733,-0.05538576675823192,0.28862998197204415,5.666247377227016
0.3813248477192394,0.010538659733872873,0.23295390041389208,5.5634272126471025
0.35612320124894326,-0.022929210283582507,0.24658267414450732,5.375901406385686
0.41373272546742257,-0.030170352854041422,0.25348856478129417,5.9263390078297915
0.4145816995135597,-0.07463160459121788,0.28861050442577296,6.419006805813944
0.3480548616038018,-0.08150688769862192,0.2965892998653227,5.84792830505626
0.2972463963014945,-0.058358705595582004,0.22846112746947614,5.136383712393568
0.28073749050346286,-0.06877713701638183,0.31842397669080935,5.4434922504509995
0.3285283859893319,-0.06743815555315913,0.28495825775567096,5.632461315249759
0.39025614852062146,-0.07667739690317812,0.3062825841161539,6.225868737146154
0.36929711013592936,-0.03781298126241342,0.27745427809063256,5.707630446475055
0.3744961707756318,-0.09409329830097181,0.3438745519003224,6.281730115274446
0.3876773098228757,-0.06449564399276644,0.31076690318435696,6.241468580660775
0.3699667199512471,-0.07682420636181692,0.35288359446293344,6.3311800271393235
0.40611616549371166,-0.06021809836809634,0.29409293710897083,6.375713827725629
0.41410457266129125,-0.06266082571787383,0.3371004531981064,6.382135371668935
0.39550970106612254,-0.04647263164816149,0.3021256630106115,6.069964886497302
0.3684589641168499,-0.02443789978805817,0.31311417050335044,5.861945763884303
0.3314562019417864,0.0025203378174486544,0.3331074606925125,5.7858275940405
0.3943597715410213,-0.036001198011504684,0.31542456268474567,6.11213378859715
0.3473876073945527,-0.022611652136282266,0.27151796947546236,5.709542394037985
0.3084714455707669,-0.043268582558880005,0.3009383927149914,5.356798511229398
0.3303430479983747,-0.0370322343406585,0.3316140984011544,5.809143138679185
0.3098068522164383,-0.01996089773012713,0.3099562340907787,5.428404920391204
0.3619465670014019,-0.031557535036187606,0.3072862958991693,5.831554506223642
0.40555867180197575,-0.030504602002550965,0.2681802960717847,5.841848359968913
0.44730062415470956,-0.07310729195756308,0.33869059453841727,6.799783010328648
0.4479843638040798,-0.07513110274550518,0.31907296513277505,6.613526453366425
0.36659611686117805,-0.029120537134813114,0.3053626283128023,5.763983650868858
0.3849932713259271,-0.07936932853868019,0.33130460390959643,6.169952894031234
0.4094128750307999,-0.08595245673208556,0.3940774623096621,6.717978945112228
0.3543851959697333,-0.040254597416484794,0.3564945711872571,6.0199775397895054
0.40757902721604955,-0.08707031495270645,0.3317496738305576,6.302405145970865
0.44386632902933454,-0.06710094620468401,0.3743735052888985,6.833776952450829
0.381632977087941,-0.055315713655438026,0.31817042804199086,6.054316852406004
0.4343407420536981,-0.059812572724893744,0.28613319460741,6.209825489746063
0.36574305613376135,-0.04173035756204483,0.2812887680319878,5.762627249433281
0.4284514075877488,-0.01614892654292572,0.28573876606634824,6.043252487691003
0.38780921093384324,-0.05801043012109695,0.31486121536813505,5.74534499041292
0.37073292388557977,-0.04221383071217871,0.31472136770963266,5.654684979772701
0.3609578201093827,-0.061398265386910525,0.33452548458544756,5.875802757620081
0.42193204340947355,-0.05449433326313041,0.2553277455290185,6.022772774473698
0.39770131911170525,-0.09874226624946597,0.323710258872122,6.3241556159087144
0.37211023440355695,-0.08839608262852477,0.35538588376094754,6.343435765763968
0.3603652419393513,-0.09715956746722043,0.33899982272910806,6.13707561402896
0.43126001670145653,-0.08151412216347544,0.3779881252543472,6.654482814146875
0.43159757140828686,-0.10101740383665918,0.3244655822405156,6.541393720880154
0.3714465822582233,-0.11229974919721794,0.2882373075020366,6.1260649013627
0.37391399704154316,-0.08545794491283455,0.3051855034197596,6.051960176463261
0.3698328094310522,-0.08447267729310237,0.3268338585873663,6.199247372017744
0.3641113429955446,-0.13280172797735684,0.2873350351343916,5.955141669077075
0.43661520147922567,-0.12453520410789079,0.30852080144616145,6.754038388219674
0.41104284057416257,-0.1390747024790695,0.3718109719509752,6.840924488072013
0.4198974041077311,-0.11108329061002599,0.3624488780615452,6.888782860525332
0.4481835088913297,-0.0824103234106187,0.30407535259863394,6.647539875006366
0.4389146776324997,-0.08476198195530799,0.331750190925362,6.743112985585891
0.40115867820034623,-0.09061283742443418,0.34295748700198286,6.3642713835815465
0.3808881836698541,-0.13511689147449582,0.37564065594460927,6.850361773310749
0.4104532627048002,-0.15580536037926884,0.3800100123518292,7.081251727811682
0.41940556808333174,-0.13425574457490252,0.34409482686120735,6.89121465547436
0.4161152718026836,-0.08807345009652243,0.30951703418828785,6.411267901080113
0.4257388036837833,-0.05591022672552959,0.30188438521396493,6.329122507459197
0.4406726427496384,-0.0803971184485422,0.3226338704774315,6.655356840940524
0.45223776577895264,-0.046776918666602385,0.26478138059305306,6.414725375128257
0.3712407576977627,-0.041161489221169,0.245395898191716,5.637345396847474
0.35615948764674377,-0.08079815039989627,0.31749551684653476,6.0780464537378815
0.4326329576622053,-0.06975738984282108,0.27732049846511403,6.191691878827246
0.4338092722132273,-0.10704490168007261,0.311773181175402,6.418207456176365
0.38208620843330143,-0.05947123602943845,0.28432722762414075,6.038087468431962
0.36217445651523095,-0.08399007341792555,0.3419880982746555,6.264807599222693
0.3345117219983512,-0.08289027492838362,0.3210482094884987,5.878995510396979
0.31582997211020597,-0.09083570943369894,0.33192513130885004,5.804689381439238
0.35639490514946964,-0.06392873433648158,0.35825100846930663,6.190009445610418
0.42555309173951333,-0.08366544215860638,0.3401521082630335,6.531188738890287
0.4449138699166226,-0.11266509476798625,0.3461867243143344,6.765113223738121
0.44873018102579093,-0.10546928532516324,0.3616399218103522,6.863065154971657
0.4158774615824532,-0.10330884304600758,0.33800108769408116,6.529726292341124
0.45602914460184046,-0.10234195052787921,0.3934714086624111,7.222848186543783
0.4495574859595622,-0.11134025420766451,0.35926056245180393,6.988576951331282
0.31575381760870297,-0.04758812244339932,0.33623189431873796,5.8073232453027135
0.3511429266614742,-0.09223959937446394,0.34007612782325186,6.162397907501561
0.3686455418947779,-0.09174530787886832,0.39797952267432335,6.530253912849323
0.3372375542619023,-0.11271166805337421,0.4079282326472654,6.486081090555552
0.3210020194577794,-0.10402216504738332,0.3473697492001484,6.028979915435244
0.32784003079516216,-0.0753364455609479,0.39971674670129576,6.301431490416353
0.2891808953182586,-0.08613258424567025,0.3599202973299453,5.845881110571419
0.2888466157742126,-0.05175815783006174,0.28659747337324554,5.34955216776247
0.39608763918531786,-0.06765321790665499,0.31967014132792637,6.344872261148616
0.3559486655633066,-0.03650971623830077,0.3349685277005969,6.182079117369847
0.36660948017084216,-0.07098680022477792,0.42850752011301385,6.641289978471942
0.36901814972994956,-0.12338395466452864,0.4179066685226386,6.7015616536476585
0.37742901461116496,-0.07723525546037759,0.41876645878904556,6.878226247290486
0.3522284865162574,-0.09486174879380747,0.4248569959405653,6.7086754976208125
0.31567990239242255,-0.09968494145737145,0.3207371070293728,5.836290275261111
0.37782300894596904,-0.07926101611698437,0.36683130084761767,6.385425927105864
0.4053590349672091,-0.12635459851977504,0.3831103536951605,6.7926775669110935
0.3326825242965123,-0.12986092359093365,0.3946697562737303,6.639244075266443
0.37542467157141496,-0.08840393886653336,0.3635613583651677,6.622856715753697
0.39782378768903925,-0.06452682276828693,0.388492310503613,6.723027078459211
0.4266448492718045,-0.09416048375249213,0.374704243267379,6.879652206692675
0.3801049616925575,-0.07152077923669264,0.3168227565456187,6.276747920820948
0.3953830732116787,-0.12390934973507896,0.36477496023170886,6.672649622329857
0.4808181041664005,-0.11629148722129483,0.35229789094159764,7.0191091626648285
0.36050111431270376,-0.062301312173661506,0.26286189226035067,5.898798862173356
0.3800815620662026,-0.052084387962485774,0.27374322661886435,5.8163759211035435
0.3331248265887367,-0.02667349529851863,0.24107937408404492,5.3566165429468375
0.3930729297790307,-0.06066846076141504,0.3196646559051748,6.2388627682351885
0.38556904523134894,-0.06058568261841174,0.2765697487806937,5.896916468594657
0.4094887916338652,-0.11277360406650047,0.25648285853693903,6.147285205161586
0.4069895424910862,-0.06520649630483293,0.28211909337950447,6.259873417241637
0.39824154543654683,-0.07488705920976209,0.3283442808402633,6.299726716929993
0.4097844646370215,-0.03702714951741911,0.27237174947903486,6.097443595690821
0.3180283616381904,-0.08871473189156841,0.27251794356718995,5.323240209385908
0.31505017505144894,-0.019998453525398367,0.27745998832008467,5.31796119129576
0.3088297171783159,-0.009336979990755149,0.21202897652494443,5.16084207582355
0.33029028050835685,-0.04512512306739941,0.2521865874907612,5.312505467323871
0.3091278786529559,-0.029129527193192086,0.2938500179724645,5.212468002428846
0.3735382194294939,-0.07448890286941649,0.2856479387210866,5.884965363488637
0.3470281491226623,-0.05632562528538937,0.26837583484487076,5.615857452826064
0.3627048115732704,-0.08043556729141957,0.24394005708822006,5.6842921670398034
0.36271728684845533,-0.10543731401648238,0.3249440160944685,6.177370007002474
0.29781972867657025,-0.09346922060966575,0.30590414899151586,5.593261386799959
0.3585346634376313,-0.08119119875722611,0.3249249152930957,6.214159811346366
0.3370123610479596,-0.08207912385307065,0.28602865589277915,5.606418892753823
0.35285745267522695,-0.060883967347270106,0.21447062888853996,5.34319728056787
0.37894272515926825,-0.11990997487509238,0.31028285367799674,6.137274183584543
0.36511827993766427,-0.10043989542721787,0.2993937586027639,5.8709117423928046
0.3502726581117751,-0.06631051557466834,0.32288449923036794,5.9535500711925895
0.3872863166887027,-0.09120910675906904,0.2566937596408414,5.854515155315277
0.30144990936406385,-0.08763306585519143,0.282242212435122,5.322991363138502
0.3465020838440463,-0.007275779671628424,0.3238573412237411,5.873831683197632
0.2863710594932297,-0.039626271548888654,0.27913733240290467,5.242872155216555
0.3435380861846452,-0.04532020266356712,0.26896649110818815,5.53017412947473
0.30020981123926016,-0.09860038631765461,0.2510649326636845,5.289746106222607
0.3540584340073953,-0.06547374681190499,0.24667741643209887,5.46321602667436
0.3952979647971367,-0.09842707712712902,0.2810147766447942,6.0572141315738985
0.33936777401231294,-0.06462663365581825,0.31092087638426513,5.757462660116851
0.3431741856487602,-0.0430497852782784,0.2774413158493215,5.448820065295716
0.3389841299953936,-0.039413881179118156,0.24527574185736364,5.456995207648053
0.3639611640946499,-0.049116059427825334,0.25320572102854133,5.789615901657672
0.404845483740339,-0.002024364872930397,0.28209574692829253,5.868554394091873
0.38521328979993164,-0.05509149393356846,0.2702596024877604,5.673784793409412
0.3941953011902625,-0.07042860837677485,0.3070529307158364,6.134467604650838
0.4318733718834328,-0.08491831188633443,0.34648241473401287,6.515759238556726
0.34964606113455704,-0.06949146270411784,0.28088734272742927,5.87182430347772
0.38241485879340276,-0.0798804225370925,0.3214934610149309,6.22394710902735
0.37883175054483004,-0.06974634908975799,0.35389146996252807,6.217174364381168
0.3069406243586804,-0.0511210362264899,0.3019081757708398,5.453850874449111
0.35002719782978226,-0.018941880023112912,0.29120075815469615,5.617081900488108
0.37233541356007144,-0.027513481136284476,0.23773671826297763,5.596923006725806
0.33341288271254693,-0.05387680180114097,0.25667124907117733,5.304854053367069
0.35637947775608875,-0.06530756674544415,0.27701727230576434,5.511476051640499
0.3633685883789041,-0.051743419124106224,0.34054775112484104,6.066458761755349
0.32842874890457013,-0.07363163258200711,0.30519361440180737,5.6654053121995345
0.4002363985113742,-0.059986447992976526,0.31606963080222905,6.105452940049589
0.4035912977955354,-0.026203460471472862,0.28230624336981863,6.044041397244393
0.38337419285887503,-0.05181631827974297,0.2999538293629419,6.124217530139527
0.3812350821374647,-0.05594886988955338,0.30234983420435585,6.070682509556544
0.36151511313492257,-0.05793546048837876,0.2687882618871526,5.778734924388931
0.4267490226894549,-0.09232133246680645,0.31965111083649556,6.525537051526351
0.38619875486448557,-0.0614652954776878,0.29836236164438174,6.168494282986075
0.4481297662691765,-0.07151401193759278,0.40627973777009463,6.928971616340618
0.42628325942236867,-0.0861124317338487,0.2998718939013479,6.24273039071714
0.3911157455535205,-0.03430067753836675,0.25577353197584063,5.87230584721812
0.3844669942937975,-0.059045914641591264,0.35010471302740054,6.1935415680991746
0.2958075727175678,-0.0553141934817584,0.30942422933990826,5.504403182251148
0.35548741396921435,0.0031982555676726525,0.3127775100622229,5.901792919699045
0.3011947488257118,-0.010982868815551272,0.25299837385303525,5.209708738615895
0.36789737383885085,-0.025015484916808935,0.2979019039204361,5.929710709604553
0.3357509573038351,-0.008793895821126002,0.2985907722551978,5.730738747074769
0.3468392012604415,-0.03948932732799467,0.30819554389541953,5.895703055752388
0.3586238487811588,0.014543669672505971,0.2353095486169811,5.510595755092067
0.2801925054131652,-0.018270955842462897,0.267632680423933,5.052945627721068
0.2781211836596046,-0.031220244445724365,0.25330356000321863,5.063582354741656
0.35534567936323275,-0.0160210961825124,0.255220916187826,5.434271442335174
0.3188994147465566,-0.04999485565755964,0.3376845061241633,5.92289848360339
0.35178642737046845,0.01899296001469926,0.30911726619228436,5.806701634468947
0.3786985446647005,-0.0386013689177235,0.36458767507094964,6.3281468867118855
0.42578739139474714,-0.0797688372910973,0.3536437979732613,6.591969205174746
0.4124841524403483,-0.056592487994277914,0.3358650824155607,6.356709378391942
0.38437042733694676,-0.04729274154902433,0.37798402143159704,6.308543801262756
0.35282708926768186,0.002115370313430848,0.3195557412650917,5.871111405704788
0.35993270696287344,-0.03769062343007048,0.28908854479662444,5.78087002077947
0.44206705336915736,-0.07550100337148703,0.35838674771672857,6.6932026093720856
0.49993879697952615,-0.08753823723415274,0.3636348949455813,7.168587183104282
0.41930393081949474,-0.04768986332608302,0.3766151097354442,6.720673776294024
0.44972830803190306,-0.04744736764252086,0.3234220567069856,6.4694477614594375
0.3870082483612401,-0.05157103145590564,0.39225329684775817,6.567414801857124
0.44170742498725113,-0.017010540307964932,0.3677982413771406,6.638694764652659
0.4430739378818064,-0.03316665908907575,0.3398758179546024,6.703802708294346
0.34989660175495274,-0.024503830548682787,0.34609319316304593,6.1434971805672784
0.38450845608815054,-0.008471810198463015,0.3204166426532088,5.976385357302654
0.36518691267934816,-0.029049084648637494,0.35447403694501994,6.252877279963472
0.41253593473257955,-0.02693638543846571,0.36935058554391903,6.523998623782415
0.40876128176700166,-0.05162600224461516,0.401137671594452,6.6386119346348496
0.4635864875958633,-0.031824237762662966,0.31989941592682175,6.939984960771681
0.42724814886790796,-0.009172119594069952,0.3145765035568807,6.47836223561647
0.4125108267885337,-0.048212938402432466,0.3427631703855448,6.388849563555219
0.3813330664508163,-0.08411597332036612,0.34710874307980605,6.338399367678105
0.40577872345762117,-0.04977167121975314,0.3104082506119471,6.298022369944722
0.4523945420849489,-0.06079531881076343,0.3511443127524567,6.954605743858101
0.4675600625768681,-0.07149564979569314,0.3408764840481616,6.818057261548707
0.40891483572772586,-0.14385276600865138,0.3613628339055068,7.015238328772295
0.4127539087397534,-0.08822752047520008,0.32532006231103616,6.390865053199447
0.4935721566909304,-0.07212598222207399,0.334935297779626,6.95096437757618
0.4806176445145194,-0.050586596135485544,0.325792750422744,6.883560260753255
0.4250535387873498,-0.07767144367341568,0.351190379300614,6.674393381430074
0.39324228936828975,-0.022203045233522525,0.2895622030308229,6.097408191757276
0.3744926487150868,-0.047790247399028984,0.3305098945250898,6.301588933676456
0.3287861080795539,-0.06329715762265702,0.34779684879819067,5.873058681680287
0.34639452397987786,-0.04051944661245633,0.32158958269080257,5.861317312002253
0.38339038177119494,-0.06425117725798961,0.32903335899253144,6.0904321157174435
0.35146216491717736,-0.12953394582025685,0.3217826094186618,6.109274615657819
0.4202908417850985,-0.12565831201269145,0.3928164246821177,6.833916497338843
0.4211724257065526,-0.13018815333754502,0.35963499260781806,6.79062570210865
0.40195308715652667,-0.10443350915646715,0.334189227264984,6.5389270733276454
0.38075726785534614,-0.09312379167150944,0.3387599392581529,6.391090709188671
0.3761233009841662,-0.15068490539580096,0.37256368815518354,6.361677429720348
0.38258623079885873,-0.10825569463482997,0.42797691748071426,6.851374931057112
0.3595262739156441,-0.15446963252872023,0.4399452668443224,6.740701679526963
0.39917441318449465,-0.12961846790456172,0.4519032387092514,7.322376233449746
0.3441326000734749,-0.16115168199857705,0.44855973529425786,7.032795125250784
0.38838438271232356,-0.07498448420539833,0.4111406013777686,6.784694351587772
0.48656544174664623,-0.09937219891500601,0.4885005749413952,8.135181754019154
0.4008346786550533,-0.12016990043926234,0.4848241266559847,7.497724372665412
0.36886635189156325,-0.07480870953631553,0.4572338979391308,7.034998946525316
0.37288574623367554,-0.05746471250842326,0.3542886074576194,6.294070852684196
0.3296270116647017,-0.005835410873853836,0.2694495866606193,5.527014867102255
0.31520425846407,-0.04244824914116266,0.22570435875909162,4.92263993932226
0.2936280244865412,-0.03444972529155578,0.21967210718784558,5.24173558321637
0.33027493937330754,-0.06246459960294683,0.28523950983161167,5.50256235577507
0.33960403008228884,-0.10527380983284683,0.27457987321942684,5.685591953792967
0.3857906746207381,-0.062336635326056974,0.31420702907051096,6.273444224247432
0.39693065907926806,-0.06466116441312963,0.3079476948476129,6.167610910999078
0.3719580608983471,-0.06267218377655823,0.2983836940123872,6.080353116692965
0.4078603464530135,-0.07915626919387657,0.37659453125497977,6.7447766507172595
0.3809181124171187,-0.1083648777289327,0.3729226851532147,6.615526156112692
0.34473846290390114,-0.09703384405310446,0.3163395752941577,6.085049135211951
0.3510145422921452,-0.09511779361626532,0.318370469368207,5.954017844930018
0.30073915623461595,-0.08320652544382345,0.2695354972890189,5.5745780365351
0.3394818913443413,-0.030510567067033992,0.21473042599003925,5.352734794542885
0.3657326933232071,-0.054946391818997325,0.2588533143668268,5.544254416295223
0.3850577885093497,-0.08782920012224417,0.23494754453636962,5.783207881913459
0.290669189659669,-0.08547601346475374,0.25326517520140784,5.119093919925861
0.3545979872419919,-0.02029964449787984,0.26529595522751787,5.665012600187843
0.34736406536302705,-0.04044801613432004,0.30448761025093385,5.797187388124788
0.3484232415951053,-0.01774070044235864,0.2568068689416954,5.56657723989483
0.35026463615435277,-0.026201618353871043,0.30297830787417274,5.796784616885112
0.30280653772904276,-0.0526486978304779,0.2591467031712574,5.200707859089069
0.3679531506567869,-0.05421743275670963,0.2718251022586716,5.694673552178099
0.36384235443941965,-0.07337725210490413,0.35223770147338734,6.10094686719085
0.37060483017002765,-0.06953894883739803,0.29883300184011324,5.9916007025942575
0.35648482956851796,-0.04726592320782364,0.26797738560527945,5.514961013959825
0.30496756356294397,-0.03532197290412013,0.28127752193498606,5.305876808792274
0.3639062477986699,-0.03323096807083845,0.2716279460898437,5.583839238807355
0.3718008995771277,-0.03692599487384827,0.2570440585784747,5.659432567015341
0.3904719478359299,0.022708299926772965,0.28725072330930645,5.851518521290285
0.4024362576943558,-0.026051322956035773,0.22696361584061353,5.798935245056285
0.3912955475063826,-0.006663580824967516,0.2667802116209491,5.902081326153016
0.35694326382703756,-0.03508721883448555,0.24153873733492476,5.39015417269357
0.3576792034241584,-0.02884107821088952,0.27353418565084264,5.477767251200314
0.34267467909922233,-0.046999156858611786,0.28503360123777793,5.5656167629589115
0.32124475797048446,-0.05897294160341179,0.2666730472823452,5.217402841292374
0.32822445754747215,-0.09694171819880924,0.3186360459394256,5.754432615099323
0.38490766973437496,-0.054318596003510654,0.291866149049975,6.082758589903133
0.36449341580648564,0.02666225288896326,0.2485006248304428,5.5471881211449166
0.36682737928419124,0.012981481677030877,0.23639251745951143,5.407820472486949
0.4081165822961595,-0.03217233474177416,0.2738037273168936,5.863450549910631
0.39023508446520644,-0.026404801763256807,0.2679596463144792,5.681785761403771
0.3524435653375832,-0.04355698807209377,0.2585245778157848,5.4847631889015425
0.35489062871678845,-0.03415012839500429,0.2713389152838492,5.481038403001153
0.31865413807671084,-0.09226469719861462,0.29116216713385007,5.721941693398861
0.35859369234499827,-0.042592899347832246,0.30377019971140945,5.724313720288975
0.3540546869576435,-0.049422264368961424,0.3323303680594471,5.974750121750196
0.33216152572000873,-0.02308963996257077,0.28429510183595036,5.486944124373504
0.35240193959729404,-0.0016802753891060512,0.28539406951052293,5.561603319833777
0.31273050338872677,-0.007653341535780077,0.2825833641056429,5.257173732559682
0.2871543740971943,-0.025202600999713654,0.2525781998199555,5.131978054479363
0.37028108543749416,-0.05627034047929238,0.2985675293717013,5.814621196227614
0.34619941568625034,-0.04354377544724123,0.3104796971135715,5.817938808647572
0.42375317389090783,-0.10246545026152235,0.3717690413845621,6.850719301764171
0.3509684092928243,-0.05466929500525389,0.37664902512645193,6.340992678502047
0.3295186243036166,-0.053769686447857894,0.35958949437401594,6.06841124186352
0.365961399288064,-0.009812934090797401,0.26510207078690823,5.685702210421165
0.4224304695343663,6.393084129270502e-05,0.27631913009807146,6.119581964284336
0.4610003625954045,-0.00706417425647949,0.27430124794701677,6.555517140028569
0.5104688408415885,-0.013078713140150829,0.3760206135603433,7.352417706477613
0.4812643750685666,-0.029114738644603955,0.39279638474272927,7.360145150077381
0.48493163005182516,-0.06150835446775381,0.35656299456019563,7.156098112144884
0.45357755321822807,-0.029591339700200663,0.27726756107925593,6.526596645249807
0.4193141338029463,-0.03618044385220031,0.31584716158102594,6.421651642639532
0.43784590540500273,-0.022347528927812565,0.3238550428286425,6.779847588229425
0.4163441964417031,-0.06524187666825362,0.3070453607458819,6.380758303628537
0.42720167504784456,-0.12982826294148173,0.3512016272195611,6.928816580862641
0.45966864461438167,-0.08854286738076035,0.30608351890846397,6.688453166517329
0.4647550167496576,-0.07774871608019847,0.33296420735591886,6.807314170452746
0.46089246484675156,-0.06858265242627139,0.3593158150138757,7.017040342962513
0.4140156313290214,-0.07841924471479837,0.37628569491066277,6.964744659826994
0.3813685483916413,-0.055311912603408175,0.37743081665301204,6.473316677279996
0.4493922884484551,-0.049191090805135985,0.34995293644547737,6.805899878751319
0.4975045504102194,-0.06982221445910203,0.33332593590562,7.055975244925956
0.3965060481530992,-0.06865370173508559,0.32103622687901523,6.4885480758628855
0.451840240783611,-0.07243215796107054,0.3879079053516897,7.072617172903658
0.45567809721808755,-0.12939711427120912,0.40214730352271305,7.250653313309306
0.3684307274882026,-0.13714641477032422,0.3983167897125405,6.728283613867121
0.3845193260554713,-0.08014348772063515,0.30214941452947774,6.221387926953027
0.3807693745776226,-0.1434111970339684,0.33712549826880006,6.421484534298608
0.4904268451403794,-0.08059644421831526,0.33495708944242525,6.979330068200789
0.42253083861417884,-0.03257764014371117,0.33471903141708975,6.583980592473333
0.39177951514291237,-0.0610468657015627,0.3008179894079601,5.968731681794474
0.4236446832475736,-0.045704410124461796,0.2856263745290656,6.127334515273667
0.35988832332118054,-0.08627500773512528,0.3253877636002768,6.0221432872572755
0.3554433774232951,-0.05006516989046517,0.2649398067761307,5.407672680622919
0.2870780986515036,-0.03925316528654549,0.3095415147373485,5.328936203457732
0.2770690514583767,-0.09783578115899193,0.36467172016298494,5.808427851235772
0.3265026727396713,-0.10715867906150878,0.3654723913404828,6.235029591237742
0.4088159357458234,-0.07555370760615873,0.3663101256251444,6.559949689016432
0.38142764636943,-0.021465086316664325,0.3038582421374011,6.187127156642728
0.3591739036954093,-0.01589066755217253,0.35543758609399345,6.383095145151413
0.41421105216813203,0.025667280963609967,0.30681347076743487,6.1931693243474
0.3872808158991436,-0.01899737581431807,0.3522647287924882,6.445763719537121
0.39012629359399764,0.00036795835721127173,0.4151158722833102,6.912276889132194
0.3587563922761234,0.010264984110305398,0.32727435631796287,6.05807809299029
0.3952496149643402,-0.004501083076327932,0.2727983303801287,6.1783877966236735
0.4347466264284689,-0.0386676585346021,0.2783862917363197,6.293963923745532
0.4199423660231128,-0.051068668610050626,0.29702737379225463,6.169644400011752
0.43128289156386296,-0.07369566641783623,0.3185213304794473,6.526045624090172
0.3741565422777652,-0.04151880291048454,0.32250791036301385,6.019459803208365
0.4550458847033746,-0.05440477952773755,0.3447899473245276,6.845163398764645
0.3847603236788637,-0.11305307742236248,0.37548176335323524,6.756478793567891
0.3976955392553609,-0.07324994688049996,0.3594619884661575,6.548292510540693
0.3508631101400269,-0.05551684312688643,0.342870249973873,6.118133788444109
0.38105615974922885,-0.0518060959123138,0.33023897671018626,6.095575709296956
0.430522502160071,-0.03893577156131332,0.290384684441434,6.418922976316586
0.4193723098185348,-0.02055490830666137,0.30929444919793675,6.359212271210169
0.33069285125989284,-0.10896407834582705,0.3978281584233498,6.493218731639725
0.33915666620149043,-0.06103586262423667,0.36015708508198246,5.980535225510263
0.35848802530854085,-0.061112584591322384,0.3360343880389014,5.9386446818002465
0.35065652065798986,-0.07429363610091315,0.31997582563814764,5.91293395612756
0.4064495571874212,-0.004730572540156843,0.2918738569022028,6.006975182541266
0.3607528681085365,-0.03351146264399287,0.36185663175485,6.2838528105780656
0.38107276045738414,-0.08788606659911648,0.3663542518654741,6.540321630772538
0.44192053547364973,-0.06804369948227477,0.3619730618862578,7.203739337898266
0.3867160651099095,-0.08374679074031773,0.37961900361776724,6.819198473589279
0.36051324741049046,-0.08214202836757266,0.3937323656942446,6.776846409543583
0.4340042325375025,-0.0499094342864361,0.35335725354078756,6.806181524749425
0.4129244168581971,-0.05008070060788855,0.33862530170829874,6.611736437518588
0.398467175341926,-0.07445216923476007,0.3331951090494673,6.686807546771326
0.436429513329752,-0.08474875335582754,0.37501518204969386,7.097119597797451
0.4243227510132963,-0.09437450333700968,0.34085984084413257,6.742149811891792
0.42265421629699007,-0.08687952632631542,0.3041165059207686,6.391751917412788
0.4121839369587786,-0.0979389865832008,0.3491669289968747,6.843679421674305
0.4333903039576089,-0.09753682304184427,0.34998306035942867,6.9596581821840715
0.35587864901771443,-0.027932566094389537,0.34061810685200994,6.369614892418696
0.39083795748920935,-0.01250126384064589,0.24842836435405913,5.976454430546397
0.3886265321410788,-0.012557834899197784,0.3205799695325777,6.189522508053907
0.33244882875720577,0.012473855411234488,0.32873304205082493,6.180978992331392
0.38099949763522734,-0.014854594690343977,0.3599248565257955,6.3388373176265365
0.3649417225230489,-0.03144712337217678,0.356625241528655,6.426184536284314
0.3562819497184989,-0.03314639170845894,0.34190643971821943,6.325416929593496
0.38917750356764597,-0.08813157419203994,0.3446544975310797,6.637999060813551
0.43518595772806956,-0.06261552359009183,0.34507129170900347,6.589627880124444
0.40622931049077937,-0.04352814784274577,0.31813069354117374,6.395966206806741
0.39384444746821967,-0.0317095090797081,0.3056089948113534,6.352586133151911
0.3126318790174228,-0.01910263777914251,0.24495022283365087,5.432011168054398
0.43937901954864245,-0.044081166060836084,0.3732321462021947,6.837431887870414
0.43303824027180604,-0.05180587081155627,0.3401798705865545,6.630965466973383
0.397811056818624,-0.003936019746916431,0.2947143778794484,6.17953141576466
0.35872696119750164,-0.047968762914333156,0.26540684823129007,5.520584843819464
0.3272709592522252,-0.021155367715407714,0.28417829791077515,5.379624321931431
0.3633398302835143,-0.038782810265928586,0.3240606185258282,5.892656512064494
0.38843682929082873,-0.054128727449153556,0.34195411932641845,6.073849585076536
0.3204451101991377,-0.07597733314661373,0.34943271914634194,5.8704397676891436
0.3408303663041189,-0.06948454923469481,0.30879730166239544,5.6993419145856015
0.3394308840440039,-0.07703548577711979,0.29246533955417947,5.637321001657775
0.3299968197070338,-0.08459468980865993,0.3004991528857298,5.538903860355246
0.3466679137985336,-0.06318653163307988,0.27463141560145815,5.6133554598604265
0.35481211823104275,-0.06560707453395635,0.2543024813254317,5.53423193721727
0.36343353894240477,-0.06457246384069308,0.26777896661099804,5.612696135793943
0.39670017929538237,-0.04621018800648288,0.32359912547342007,6.206187356573452
0.3872322003861248,-0.06394381584335405,0.3030752368735595,5.862942285714616
0.339713262437182,-0.08131801757215633,0.2926556440914603,5.464838424758939
0.3173484274945855,-0.09300580804171017,0.3160356536791062,5.424877500460248
0.3534832334669162,-0.07078129286683876,0.2367955376035696,5.330108728111189
0.36763563295952045,-0.06124617288732121,0.26323281292887046,5.571636506037094
0.3010530217834181,-0.08516130450090799,0.30852428937693155,5.487755722256865
0.26010443900366753,-0.0966740327061643,0.27146863896259454,5.050674758738676
0.3559755457636111,-0.10215436286649617,0.25088421647896864,5.695233134076454
0.33972946093823814,-0.09556243200677254,0.2887769649944958,5.620755266680891
0.37633776461488344,-0.09379918795349257,0.27983825641418414,5.921240691399537
0.3806885097401288,-0.09079710302095773,0.2748753401846213,6.010557763211498
0.35561607567039244,-0.06638143864330062,0.27741017817778746,5.5965389650673965
0.3315546620580982,-0.06932732431106345,0.27543648775977936,5.380859630297077
0.23929416951068366,-0.06119243367709413,0.24486967456043013,4.766252220898214
0.28613211137777905,-0.05903762768573198,0.26878777427791456,5.046476497905597
0.33994745842522855,-0.05175173380342136,0.25011475740023803,5.438940076053851
0.3066860976752703,-0.053839183354450516,0.30519586888878314,5.430379933034538
0.28467959714288116,-0.02819738821102543,0.25933893417744647,5.216948719024388
0.2927466174533582,-0.07617317018925332,0.30266782516487145,5.577357505793948
0.331901680056197,-0.11352796831903962,0.3408460709945559,6.064951576673597
0.30542539734924756,-0.05574884403329903,0.2544395868086359,5.098057391447367
0.2948522929116733,-0.05274261134521781,0.2458445050567468,4.996093258766252
0.2731646236859551,-0.03846184882081877,0.23602660587651567,5.027695289506104
0.29677941183564643,-0.07352202019197353,0.2597010520168771,5.170065442341407
0.2662190737192759,-0.07990768343171037,0.29568371494442874,5.365611848974477
0.3627885978072924,-0.0889419832992073,0.25616449512455725,5.885923908559616
0.37284658489247524,-0.1286708867704228,0.32195716839220184,6.281049753359898
0.41120208349332854,-0.11848274752349726,0.24714097401146673,5.92202876122848
0.3327438001013863,-0.09236751411751269,0.29896779620088987,5.588537703283686
0.35704026091950114,-0.09254232353605765,0.2510504065280999,5.483506918963627
0.2940436257520353,-0.08444157268262552,0.25920851215462487,5.114191540148056
0.3087643984130227,-0.09304192456288841,0.2342078342143315,5.163778032296683
0.3122407653860785,-0.08333651352409789,0.25829735685918526,5.118247241353677
0.2979859644513419,-0.10041088283589639,0.2687474804454978,5.353439001703224
0.34050339268721097,-0.15069180228977536,0.3426151389990998,6.135354670749499
0.3252481384951515,-0.09955294102048948,0.288563864680358,5.612780763416421
0.3273451518368462,-0.06619432599310125,0.24920713843971878,5.441546119033384
0.35147645762148366,-0.0572941622307903,0.2709116997802612,5.366285088391045
0.31734675473476615,-0.10702516507901172,0.3190714247502894,5.629692339465748
0.3538792033241307,-0.11621136547511532,0.31430781533859203,5.889610196003804
0.34940335802425704,-0.06765169909113769,0.29801422357194013,5.682333704864044
0.3370263874674059,-0.0884450764680007,0.2551159894289832,5.358721517984013
0.3347981014993522,-0.10506275506206339,0.22340445851953986,5.300200033148546
0.3743723793244769,-0.07702937890249814,0.2598069546336944,5.638564437864354
0.29713049787673196,-0.12152275183530778,0.2966090810865909,5.5762317288270715
0.347566499487397,-0.10730029271979305,0.3246995375320842,5.972319147649546
0.3081850963798021,-0.1164799378318061,0.32405030282538927,5.864396977052292
0.3018866340786392,-0.15039075157960474,0.3381877665726575,5.690450743651107
0.3449973304660411,-0.11322471822799966,0.32059258722731393,5.928623396355836
0.3147466394011609,-0.1603682228803065,0.35193406517145703,6.120929966291492
0.34965593032453696,-0.14402238632749348,0.3448610408441289,6.188499284739643
0.3751354791294272,-0.09437329123407767,0.33268882674056405,6.117666967113191
0.39281218186760875,-0.10119803735738593,0.3281509479525323,6.190092748672654
0.37544264708608605,-0.09249068151521689,0.2968836902647308,5.744855147211501
0.3469034960850487,-0.13013252685033416,0.32079768377301604,5.828194338783909
0.29811468966639304,-0.14721628701576708,0.3430657075779509,5.782699090163234
0.32737774177893686,-0.14246703991050494,0.3491886660127037,6.1470460795396855
0.354252160532834,-0.08789617413877311,0.3158360113016802,6.014795625559668
0.3387452221633382,-0.06428698604507599,0.2330975468142225,5.412571048279754
0.3877555388068321,-0.10213403864512818,0.2796742274500998,5.91728840494509
0.31770834809699033,-0.0765905093140013,0.3203995731882966,5.574943229170026
0.32070189987533704,-0.07010761840966813,0.2885491119056577,5.355439537346589
0.2972729171889866,-0.07155366931908702,0.26856204625742724,5.163489189273166
0.28409170428224045,-0.09078663516828474,0.23549516521944425,4.8241954364020545
0.28934728596680176,-0.12753131416711871,0.242390508776528,5.117775314528307
0.2794972011174849,-0.08693306531573283,0.28122352314076515,5.19194884296103
0.31999905875458395,-0.06614809536352761,0.28854244646892574,5.387289498087357
0.32568663554710475,-0.12922284624642832,0.252082443411154,5.441780395736933
0.3317723411460207,-0.15206006363012992,0.2497146363667737,5.776516039836493
0.32461790903880633,-0.1302883371529712,0.28613045362912864,5.850822029047856
0.2594676563167262,-0.12315339705553383,0.3145138628134231,5.649176373782399
0.31774665010891573,-0.12102473442635987,0.3335133195732632,6.059512838840486
0.28273296043391827,-0.12453775978886325,0.3106331115614825,5.536513315509729
0.37798360065310177,-0.08184735051118715,0.29754113084586403,5.831521513267066
0.3138726591718916,-0.05848107943327704,0.24343446136668515,5.172239605939895
0.3155104741473172,-0.11153512769935542,0.33185615018302095,5.548790731012845
0.30941558166221383,-0.07119229084040532,0.2675602465483255,5.2634885092223325
0.28556372735490126,-0.055342313699853075,0.22914598561874422,4.926678649592198
0.26528392590247174,-0.059330322148745916,0.26870454916932823,4.767744417502494
0.3002961925542749,-0.06335897834843458,0.2754134365440076,5.24006437589361
0.28031250464683316,-0.05734250179686089,0.2981434571087818,5.195535199488745
0.3436623914431431,-0.12989296953822102,0.3422787458159457,5.996720458862435
0.29530994140087763,-0.07263228224392297,0.2675106485259151,5.294139520859955
0.31681403708858036,-0.11746232530429464,0.2808802278476027,5.541217607244023
0.3781998213020821,-0.09297690061744482,0.24359933819688195,5.580978762327766
0.3900307718767133,-0.08229800111332128,0.26058224907095445,5.761899917645158
0.3450842232677415,-0.09473952296055141,0.2501197928471359,5.361970216793594
0.28416760692677856,-0.1224838041511441,0.30121203791051343,5.430387570979105
0.29982909999054735,-0.11212102675176336,0.29233040276158306,5.430963394324094
0.355053449165653,-0.10743415199690766,0.31691445458816286,5.937271957681977
0.33101932105575316,-0.10276852634220303,0.3097372245538696,5.622904397279986
0.32784629851361147,-0.1326168066316313,0.31539665833902053,5.839198624937653
0.304823198200157,-0.12936850385965146,0.3737645709503504,6.0489589062079485
0.38263495184867935,-0.1616924117693229,0.35587091684129324,6.553131379718692
0.39660614664187077,-0.1611709117498635,0.3054134628193164,6.532866927482556
0.3544636545574631,-0.17438325288966428,0.3638708947902201,6.530844820260396
0.32394598601079705,-0.14711689548371965,0.304087123142234,5.917161364308984
0.38160982739164706,-0.1056506816757524,0.30350219015410607,6.056801450392277
0.31534074978845356,-0.09125199087007822,0.2489946492943809,5.06484586353602
0.3333222287613742,-0.0653342719767276,0.23811462730325827,4.99656217252435
0.27417798357152157,-0.05201963050320446,0.19892722059910317,4.486498624312147
0.3035360640788355,-0.04978514054627801,0.2034361591244073,4.878626385355439
0.28590639635163906,-0.06419752615934991,0.2238590979738856,4.976767424532322
0.3189830110781113,-0.06577841958442392,0.2642036968833451,5.188624240375328
0.3890404232020385,-0.044730639415006,0.278853426249031,5.753975395309433
0.26705113070473724,-0.08533462075877986,0.26454848988102747,4.79956777787795
0.33395901820274093,-0.10506149335494615,0.30311417754620434,5.711827994011018
0.3474721388934881,-0.09092355060896411,0.24441219591206043,5.467244812269131
0.37546189629323856,-0.07525936383087982,0.2642795572062391,5.606217629524367
0.32323429211182075,-0.03935142320499236,0.20773843285407118,4.866178952222633
0.34939509183444617,-0.03279082171041324,0.2452153957357661,5.352825752509296
0.33774567124587235,-0.07134364639618059,0.25467976567668876,5.459604612497729
0.2957417991902345,-0.051048740801357795,0.2263054490629809,4.857608326774083
0.2818576078146703,-0.08354982071687311,0.27378046943939094,5.123833944154179
0.31018571768353703,-0.09386021899985784,0.30441040049898027,5.425405145445868
0.3452983898661753,-0.08026762396799714,0.26259683733597733,5.332915786254762
0.3483298493750466,-0.08698729393629799,0.31251888909797626,5.769912788999811
0.33097067937942143,-0.10440539432660566,0.19437120620085047,4.96310747883242
0.3785247307576387,-0.04963710340086468,0.15778909052598936,5.281244796558339
0.32462471065479614,-0.07174745673823027,0.22951659114120182,5.079747644037926
0.33916968203561193,-0.07443702041820416,0.2809276428964377,5.502385751326646
0.3396429001223386,-0.05677423868602523,0.23799580387988412,5.420341978904869
0.2813750130872994,-0.05099829814303292,0.2176437997670009,4.781704754017928
0.30552219046374285,-0.06095255425491202,0.24727113745368176,4.8958789633324775
0.3094513401860515,-0.039238391430231445,0.24944351413655733,4.927782277774739
0.30770571103999095,-0.05450888402712641,0.25473938192338885,4.888563764671061
0.29670859073113875,-0.060981245643411154,0.2797238085336451,5.134777891475654
0.26842901702736627,-0.08829686169506007,0.2412439753236562,4.812253278295452
0.2645191513805633,-0.06247581546288179,0.25586729360238897,4.8663886887494625
0.22291319637727425,-0.0759453986882006,0.2457225946617178,4.637356679644925
0.3043662079360053,-0.04306247176049802,0.2362706192812205,4.981059461046976
0.29965711972073655,-0.07786037870909146,0.26894120954145767,5.138940147147736
0.315623142765465,-0.07220659883377158,0.243462364479126,4.977332656355444
0.2723463304107774,-0.05290634219008524,0.24348252967449457,4.830811928034016
0.24318125868472054,-0.05823896019720679,0.2531065761986203,5.035263810245633
0.28436724100453964,-0.06169770626259819,0.2248924623955096,4.643217779024352
0.32161231073600766,-0.03704368413428018,0.19492884025559934,4.710307307738643
0.2884791138024942,-0.05661128512407197,0.22168612310018798,4.734754746578283
0.27774713317062805,-0.03899253711351737,0.24417051362421366,4.790083744067752
0.3358084939921595,-0.029906207547135112,0.19878613584384192,5.199037078486106
0.3082817513436468,0.0071739478622790415,0.26298425724124463,5.173400930165315
0.27267398285148475,-0.02627680252521765,0.23439805230067554,4.755606509318946
0.2725002688080071,-0.03281574856709496,0.22624284096288547,4.647200259043216
0.30256426167864703,-0.04234582740166261,0.2832126245900912,5.19825034151539
0.26239261723772667,-0.12856242284110114,0.25235624513497656,4.877699101288239
0.23349735392996093,-0.04514563628875996,0.25862737032751604,4.674448317952249
0.35822096438586587,-0.04353664481881702,0.2592776154913748,5.479068911337916
0.3569692382628191,-0.0805336651594579,0.2603308646298336,5.737975686720417
0.365362212498165,-0.07904191377933414,0.2602455466702984,5.571886275240499
0.2856755459244452,-0.052510912062693336,0.21209005603641917,4.762221534411002
0.3649940963899659,-0.04904967665096449,0.21179152934431136,5.402156270032843
0.2803925282310762,0.028490980171959245,0.20304767552956188,4.577724881381493
0.37891341007292245,-0.04769858194861944,0.2643926630900972,5.690581412655911
0.3623129977061164,-0.03607321118641018,0.28829037899385157,5.7786239533623975
0.30318611528651895,-0.08930262010645991,0.22515649766764684,4.9863447284054265
0.2993723847547656,-0.07945647548172095,0.24491929294305276,5.0798024206726895
0.3127788028074383,-0.0635596822595482,0.30855548302632696,5.51725199861058
0.2900469593791903,-0.035198196861604504,0.20678825871456158,4.893016101245804
0.3032163555119582,-0.046647742101564305,0.2757893956313076,5.301370819692748
0.27103962483378885,-0.002852440696220671,0.23392440928577687,4.633503920625216
0.27887758556818165,-0.0066290705010321055,0.1974647662967328,4.523727754300133
0.2627567211967368,-0.022422596521858837,0.22289706629511274,4.524241352840544
0.3108268624948502,-0.03931122441840751,0.22054565918535,4.900713295328966
0.2742237218980476,-0.06573071107938948,0.25587980421405176,4.845607152522239
0.3046613271635052,-0.058916012123513065,0.1988233627250177,4.709365610486664
0.3014742149544908,-0.049049846348358274,0.2614348173221903,5.019854476165744
0.31228259411509285,-0.025474771323591664,0.20980501788425346,4.8055946287265
0.3546527341542065,-0.00854263131827978,0.21628088975858437,5.062767891305258
0.40335419594020877,-0.07545119784154596,0.2764005649663088,5.845617841707416
0.28848935440281936,-0.06415741620113073,0.2612934966347944,5.150789517810235
0.3564962026956806,-0.0845574883466134,0.2971553223905368,5.657941703451715
0.34770457717415215,-0.08377462546915378,0.2771309861145946,5.403049916147173
0.4035736944096534,-0.052717753967076036,0.2544545283717885,5.797888129675016
0.41789175174302273,-0.10179817604817727,0.2921821418505437,6.06660772482046
0.36089097719829955,-0.09835837757467705,0.3411023489155113,6.026976572944441
0.36837242614639853,-0.05286764058002439,0.2707419554933497,5.673621301430413
0.3417927765561516,-0.07250547738717744,0.26867786588866066,5.667227450353955
0.33738933937074,-0.07800803752192736,0.26810044079217027,5.70343962077328
0.337828277608023,-0.09163583207953502,0.3000689527638188,5.64446584425404
0.3540450476400321,-0.09528395792631163,0.34019022524867826,6.074533861739034
0.3254927858671601,-0.06601399956310687,0.25329475522900513,5.341983419988934
0.33245242327694985,-0.10974711283863356,0.2951636799757476,5.574237578387069
0.3301225590575423,-0.09361410477517713,0.2517774710331282,5.344673741356856
0.38622474364588644,-0.06677970997191886,0.3038873455051616,6.015568533504822
0.3214369321350447,-0.1081046265832686,0.32926713197097934,5.951860453132219
0.34739099637162035,-0.13710719579759592,0.35860046717483557,6.129604173809076
0.37309225075255176,-0.14450548609579492,0.32270846507438433,6.13766656619143
0.359838318048475,-0.14401212205468722,0.372259865959144,6.409600567295117
0.3620038317145732,-0.136147258476449,0.3523433038851605,6.236550771136552
0.3378518717201128,-0.0896696885421635,0.3473146568006319,5.877279271288206
0.32462927980185735,-0.07701692486557243,0.34218411601244664,5.833969826191709
0.3911585176071976,-0.06262531491245009,0.2736901427639907,5.972259195269848
0.3237626686056524,-0.11404133934335359,0.2891269681182751,5.523596464130507
0.3847764894283575,-0.0925308510280915,0.2645230159486787,5.807938361521872
0.2514917227924347,-0.04247403626143572,0.21485025253841622,4.362651845211275
0.2904067983886552,-0.06765715271449957,0.2702929946018835,5.057980943530659
0.32376208087091607,-0.06307019270415457,0.24065093991644235,5.32196143646925
0.28533535746448285,-0.020492485168605315,0.2758867923332372,5.3344656805924515
0.3017939516988731,-0.04574063526552106,0.2912686537214951,5.461823470136669
0.3030665669235052,-0.07122236084018246,0.2944291521032038,5.686332072049297
0.33133370973718645,-0.11067253032848659,0.3472571548551637,6.054667543567818
0.35673514227450653,-0.10190026099284934,0.3809504148510588,6.599228905899963
0.3716699818865718,-0.08849802455706032,0.32131579217499506,6.171437734924701
0.32305480399379105,-0.020192736370091707,0.32885066112361455,5.620153265481923
0.3427233739887087,-0.04655819954349117,0.3578639724991852,5.884891797581276
0.30265584447456917,-0.06683587181810724,0.3081062369127978,5.545305610095413
0.33520838229219146,-0.06997215917994606,0.30383487541393916,5.851422492846341
0.3593113895747552,-0.08574596465796473,0.3312355241777652,5.991212099238372
0.3307426222155866,-0.1177387695749783,0.3154308358517226,6.005122112897591
0.3414034511800269,-0.1086615771627649,0.3309657121235305,5.917813272501853
0.44398611871032156,-0.08006645087846151,0.31474003842943454,6.6789696345287135
0.4791924900118066,-0.0704125341998688,0.31529682674369824,7.0336441651293375
0.39182934209819653,-0.07175958601862605,0.33966031491655185,6.4655481696864285
0.37285965819799555,-0.06857230384154663,0.34931326475434726,6.4568982297430475
0.31010066458391405,-0.08010009599144383,0.3357434758293228,5.9312768263093405
0.32811179762599707,-0.08733269890768175,0.3232035841958364,5.719734962251946
0.3135490542446094,-0.05527992488028365,0.29664459462744747,5.390786288835627
0.3931120427607886,-0.08113835634697131,0.29813919802734923,6.057149286842292
0.39028885598988716,-0.10339007997868092,0.30786397791868897,6.255591785957222
0.3490563906970552,-0.09794518453105497,0.27882948466627494,5.694564372558922
0.31458552390974054,-0.13128733299289114,0.3307266769867548,5.932483099352614
0.33947175296325627,-0.10038867957785025,0.2996586285352918,5.686041767098876
0.3538714850441792,-0.10331600106810843,0.34094656503961435,6.126978045005709
0.3446495183057777,-0.07168884198976705,0.27851109946627206,5.568133104109366
0.41174836376689744,-0.10269430643760051,0.30522111376225525,6.231257716880616
0.3286673838565128,-0.11320454155235604,0.32137236494108484,5.78737883437789
0.39366146348259934,-0.1120626516370277,0.32832069583355866,6.384145791304604
0.3675997244963787,-0.1173875703003569,0.32254707761312634,6.206469378419975
0.3541166025358114,-0.085475754601286,0.31359659186548017,6.077031500092473
0.3589251619222137,-0.1384217109607778,0.33376935087529197,6.2464598021110795
0.3500758874291354,-0.13708469366593315,0.3150926591855565,6.050378099751856
0.3108895370131237,-0.12473307921765645,0.35766980741197163,6.012809042772011
0.3533338354938759,-0.0854402758707775,0.3465792764887194,6.234006367830054
0.3554629722001926,-0.09517967496441679,0.33857664672117926,6.194658351583323
0.41290015744398006,-0.10816963655067269,0.33840033295483374,6.641268630530393
0.3932334303009491,-0.14247117766030878,0.3181394128356572,6.255661653967037
0.40377467970625974,-0.09450488346011346,0.29121735934272824,6.0063498156287
0.420074614950952,-0.1361296019901543,0.34682426203084077,6.626431658692976
0.3790121985244036,-0.12834604256168491,0.36519959287239273,6.481416555051185
0.43188102911482906,-0.11434046490649455,0.3677316660902457,6.90120151563277
0.39334105726199553,-0.14413832650555902,0.3630882435734575,6.626236041904514
0.39082429559954945,-0.14305141842508046,0.360851561056485,6.589788374984842
0.401554684532483,-0.14414377214317967,0.34170147442382615,6.467450511949034
0.4090257020544114,-0.11171128254959965,0.317524027595527,6.34645881619303
0.42878170433750684,-0.1129753347233509,0.34242239435431754,6.638391104998921
0.4510205823392781,-0.1455191948824089,0.3609717549965165,6.721518008936721
0.39156637724417237,-0.1574726142904814,0.36957490383038893,6.811438324005772
0.43047428275450245,-0.10565482747763048,0.3521763932150839,6.686658637837075
0.37027927879982075,-0.12714735188656665,0.29345796888247816,5.962255877555129
0.3490275768786812,-0.12489666353353966,0.3762069036079979,6.217036487617877
0.392561659182239,-0.0788517603557975,0.31027387409246576,6.258881300142345
0.37393800278317085,-0.1182220902508966,0.3329243197561251,6.236768591475603
0.35165155322728253,-0.05078166732264862,0.3235527237107649,6.013592728757282
0.36836348261758106,-0.09354889329590232,0.34711588078313466,6.248110550711485
0.3484064849394432,-0.09858561426411552,0.353256606323184,6.2298694686815415
0.3305020080000189,-0.08195833159681712,0.3036883553269872,5.645926687384452
0.3403575440129952,-0.07199542910314384,0.2941438881907327,5.646298939468231
0.35855219247900555,-0.0280295449100207,0.27870338001093053,5.517053326265137
0.3187234746520198,-0.030223087599363003,0.24843770467409776,5.101441086509481
0.3148197868554598,-0.06196421960597465,0.29921836401296603,5.374657932049987
0.3951540310510323,-0.10176085660358467,0.3462279661110886,6.209344913163125
0.31921543110179174,-0.11377850355161473,0.332720925478433,5.926684671891115
0.325646578208129,-0.06545643752529752,0.2929115640542305,5.462385680791788
0.3171826977797166,-0.07524368705929316,0.3179814887704926,5.673437638595445
0.3174230038216308,-0.1310577478914345,0.328923754338754,5.7343746626464025
0.3763552431267615,-0.11497972874606202,0.2738125473639589,5.692884005355682
0.34099490237885927,-0.10337706865934392,0.2534236217415574,5.44509628394038
0.3495916396298333,-0.05596295828231895,0.2450877498804346,5.201082435759902
0.3377032593547248,-0.07899169193305508,0.30421377254807697,5.516968691727723
0.30107439194391317,-0.10850467957134707,0.2925637148477232,5.107218241037633
0.33000406884307565,-0.11019103304629399,0.3429147174819648,5.937192844317708
0.40618301859931805,-0.1109121541279177,0.3118037169357927,6.397811742815378
0.3241510622253585,-0.08765598260515675,0.33641533333957824,5.910440235317272
0.28989875585066416,-0.07060272665331603,0.23089884079276887,4.950231274273315
0.32672317988064253,-0.0634783296725233,0.23141540242780317,5.148102724353414
0.29847855087300684,-0.09230964986029064,0.27434308133492946,5.209183040165925
0.24467952999602188,-0.055909242174876875,0.26424379360401595,4.659243109650554
0.3432093185472083,-0.07380372867186842,0.17535212039336243,4.80564654795966
0.27196758734893456,-0.07739426206131284,0.16916390544330887,4.504484780623053
0.3730247179467423,-0.09848790820477275,0.25590875671115,5.660044141700737
0.3435212905014681,-0.0968124475859484,0.31576038862428435,5.7568150467543315
0.32086356605910343,-0.09159209202124491,0.219574920433165,4.958043039368173
0.290712145904827,-0.06738516963953241,0.26453490052331513,4.974002532197592
0.344173677099451,-0.11062087149034655,0.29784734399851576,5.6405002131161135
0.31713213105615395,-0.11196474530588502,0.2908945210060879,5.440405963883462
0.33550074853737116,-0.08944633427888873,0.3091434904129559,5.703449874105101
0.38402749559995353,-0.12260217492388133,0.3134800951624324,6.043385493801989
0.347587806174702,-0.12132648006882818,0.3683373832276708,6.1302192159183395
0.3645725398164505,-0.14800740149166594,0.36130673566129157,6.270307363241288
0.32151106591345435,-0.10537412385106655,0.31785094410738673,5.6508047991184345
0.3484828734541821,-0.12201166621653307,0.3427122641756336,6.039790047753159
0.3332491201120332,-0.0917672354165097,0.3289707461654379,5.819439987467985
0.3569715027459119,-0.14253188943175898,0.34471674478754893,6.062213344669633
0.36466864454740405,-0.13389623094867947,0.3321701392801165,5.987044452923421
0.3848435389146492,-0.07854612811038966,0.31586856750440767,5.992053639182087
0.3780054268300694,-0.10712743042118573,0.27568346097438623,5.845973173016034
0.3833189668409664,-0.11349474072392778,0.2909272483480693,6.003230293180549
0.3879521061272583,-0.09565998210628716,0.29112437542268793,5.972440049897256
0.38161510137706306,-0.09512951190611617,0.2840227460867224,5.726970328085012
0.37019963447788484,-0.027651043455174457,0.2573198427208328,5.42258431646053
0.3953820403358012,-0.04843678005624682,0.279760086122686,5.841727709390342
0.3476675044447012,-0.08166065812636698,0.2950424211838306,5.726819326525779
0.37312224871311794,-0.08674237041500636,0.2794117843951637,5.814423090142395
0.37685988727686115,0.008772207542535297,0.2130044773660892,5.242945286204424
0.3796966186708053,-0.036684393258868075,0.2286163928813015,5.444298769140644
0.4010497750714574,-0.006277194235843122,0.2207276787398469,5.251930016943787
0.38486390302245366,-0.10510791107000249,0.27343386983543577,5.716935487343094
0.31133273775589154,-0.08904219007141928,0.30380096247003174,5.363414725264415
0.35812266616057864,-0.028673200236044152,0.24297455345059352,5.174180091554021
0.3696828797384382,-0.051135651019543635,0.29669669434943424,5.537336159568926
0.3545163441493741,-0.08036640323968364,0.25420088307116,5.334384619286023
0.41110291581206826,-0.04800502831466747,0.21164398673007537,5.671321031291607
0.4235190409414518,-0.10418861708986876,0.29847667048593235,6.180165961031192
0.39600013612523194,-0.09809261123635502,0.28403347490581343,5.929635941182927
0.45139454646990795,-0.1081732945685462,0.28625554006673143,6.51817338061665
0.4654499238049846,-0.09833092047439376,0.3066518633426742,6.706774598057457
0.3741225265926342,-0.08040984422676219,0.2947462568382828,5.945304340028161
0.38100693116651246,-0.1382702210487041,0.2909276372113034,5.914316387813132
0.41513111712506146,-0.13971535119760542,0.332539456825783,6.303101320600124
0.3743918270166873,-0.06979948395326667,0.25858837564286147,5.568705925478167
0.3409830696600418,-0.10645005893068808,0.21380726954582557,5.248256995807599
0.35181160424742747,-0.06647521350014383,0.19686708454118823,5.2100220168972875
0.2995434772715023,-0.06611505911793951,0.2833543850704066,5.111075516891785
0.30417221586393717,-0.10632817117550185,0.2735013814693571,5.214328934498986
0.34281960226460684,-0.06711904639911363,0.33010974341315835,5.891839142119186
0.34097067787883695,-0.06477938123990092,0.3309839124900871,5.716776886989576
0.30688421543836747,-0.10331793561252395,0.39535823270971776,6.035203382092183
0.3342869099915508,-0.08933364463603541,0.3033995610093576,5.688785760181458
0.36090172297075157,-0.06866688193714249,0.33620108545195465,6.0028661836317125
0.40258715676834017,-0.13647995849551486,0.3455449525469527,6.634332107042519
0.39210756549420056,-0.13896406063179045,0.366083195279513,6.768147717047267
0.34737624404259465,-0.15140843012787772,0.29090735966598785,5.668648743676388
0.4252674247371999,-0.09186852974369289,0.31588164905748656,6.388252265699707
0.3812665806345933,-0.08912618998897001,0.30098669191137845,5.870034431081834
0.33834019189001824,-0.10480786890218757,0.31776603973400697,5.794053690417393
0.3361310803400288,-0.07390363865345558,0.24903087599873544,5.350155256798845
0.3750860204062555,-0.07161158885093967,0.2773973368103596,5.831436362367117
0.36507480286593275,-0.052007458137022546,0.22838470636313532,5.377187854723281
0.3974452056698925,-0.0680067683615816,0.2492436682389138,5.643183919517174
0.3799463238441576,-0.011526323323540935,0.26983241922308965,5.774188579141425
0.3705918813366664,-0.024238898518193847,0.27259729934124377,5.486089550981165
0.3540941552413428,-0.07215962926906368,0.3028386813593344,5.78127532976811
0.37128069150855103,-0.06927232023583003,0.25603130530544965,5.6998019107916855
0.3342710596787411,-0.03168367967714602,0.29146123236149685,5.565815400184232
0.2967096483988526,-0.07216735786870383,0.2520658892865566,5.15729671733199
0.27545840063681054,-0.07362111859405814,0.274107816696184,5.140255482979893
0.33350368724562796,-0.075730700384243,0.2874066700864985,5.729687674938062
0.3268247504864853,-0.08217301751670797,0.3610344049001016,5.923604920459455
0.3781968869419469,-0.06229919178763224,0.29782326844929546,5.970909545469572
0.34309708140601963,-0.05918224679328809,0.3335001259223594,6.026709306481291
0.3051638821386424,-0.10648027439520968,0.29534337215224604,5.770093157659311
0.34794542811814866,-0.1076949711656306,0.35917148768804186,6.313391953118061
0.33536641936259803,-0.10173477290674501,0.3381484371913351,6.073841012983825
0.3896058779444931,-0.1194900586927392,0.3251969511057472,6.031318819608984
0.35216079568552183,-0.04780176017847804,0.30396750753079965,5.755589893718833
0.29899120616955216,-0.07907344298055585,0.3002258524348427,5.379110865074809
0.33253557746790396,-0.12328980479416722,0.3160474246883126,5.764795623790817
0.28342572084761475,-0.07529969283756785,0.26296551380588745,5.063412555175194
0.3066232229064103,-0.10615939982543597,0.3331178012233711,5.97669022029892
0.3371943651762985,-0.04783896700975146,0.3189144902323267,5.8838010888420476
0.3812043597965353,-0.10240945052680211,0.28339175582463855,5.848334641507065
0.3382011733091455,-0.06742251501902323,0.2858882443832503,5.485582125588271
0.3316710825902558,-0.034261194273412406,0.24704216693223446,5.335256166020225
0.35864157293824694,-0.08261104575033586,0.2642166666567408,5.621331260636938
0.3275673829503168,-0.07478344562528295,0.2526085613163434,5.3099856916546795
0.35591469786258934,-0.03000878022389986,0.3202677552901735,5.685355965214357
0.34085874643721525,-0.07120045865084476,0.2707778829514946,5.599272021139732
0.3317002011758221,-0.10183109938650478,0.26830611343841554,5.604991443064475
0.33265668398422843,-0.10507760409363502,0.32206524326327907,5.7450146128222705
0.3066858727714576,-0.0864881192321395,0.3080459214801754,5.435210907279877
0.31470983113471906,-0.08471887125256396,0.31179855685780905,5.52210414070775
0.4069383006692343,-0.0745280378202554,0.2524636473362786,5.693734503844466
0.4005340272582442,-0.09046308552784812,0.2489612910008008,5.868597592230388
0.35535017045471723,-0.10628608124427855,0.29039172655668893,5.889691374786679
0.3510607880166755,-0.07798893544886983,0.2640471059529659,5.56791310265277
0.4030793862293813,-0.07467764892680381,0.357607289588242,6.533453277796727
0.3668806773098035,-0.07197956332048629,0.3621892010168307,6.299752232158651
0.33854688483601775,-0.03336309876050644,0.30779825290961466,5.5723718685668535
0.3836685146541854,-0.09267201016669149,0.356747226496746,6.208783432564351
0.3376038779223959,-0.12173195671670779,0.3800048246959039,6.375367612292323
0.27418780755528477,-0.10302889624074564,0.31172823815489326,5.682753135215614
0.31805916493725334,-0.07349250616766763,0.2819805736495053,5.53554772300878
0.3187358508090452,-0.11302613877082525,0.2839923628171345,5.668001414669112
0.27367371905519994,-0.1223738866709858,0.37553089275698387,6.066541722533803
0.41307749931754983,-0.13495211094754314,0.33176628246263923,6.479069254027365
0.30984455560881746,-0.05977423179864348,0.24471670943528312,5.110457929935171
0.34952669247138846,-0.08431402586886157,0.300167336101464,5.646743398766535
0.3331999322373493,-0.09268502930202646,0.32342080880570023,5.997686492145698
0.3213834665592493,-0.08340139136876064,0.3210134241352394,5.524108745820915
0.29714829345962374,-0.14219465569926978,0.3926416509618164,6.24979691971604
0.25854273907544034,-0.14726084214390273,0.3375718770303931,5.552852213441203
0.32004210246210224,-0.08736850688987981,0.30734120186679986,5.559044163327909
0.3656389738988282,-0.10281980762286692,0.3114959974138944,6.032675862672063
0.3082481734349186,-0.05709319996198608,0.2745820118720302,5.479088726604382
0.33797485087247825,-0.09315184070324374,0.27213559646388635,5.430862719950965
0.30343816873961194,-0.07581066966800508,0.27514573623856753,5.212280976432154
0.33360895640619537,-0.07491826421133523,0.2913307559927956,5.523098932284763
0.3034186816437721,-0.08725931527735607,0.3400922172803927,5.7954591381547065
0.3165158112031831,-0.12409598593491512,0.38399599075024227,6.082264783266949
0.40534195008866375,-0.1468756642364566,0.4039365720785026,6.853892650323217
0.3842256700467712,-0.11953860789569141,0.3389991589965693,6.204859174405024
0.38134748953799447,-0.09943585462496785,0.30906130728361714,5.9365303765471795
0.38719593456828627,-0.06462510296484665,0.24425074983709366,5.695483678760054
0.3334936419705628,-0.09289806055859841,0.2855238590400008,5.6444361255331765
0.3589330837275952,-0.10727709730108703,0.2678663766439851,5.557098515234941
0.34481176857659185,-0.09668511916606709,0.3192054595124426,5.862874613919313
0.3223654920980968,-0.09564791335648958,0.29326884801381586,5.609509758512743
0.287094476093301,-0.11222211620549148,0.32895471368896545,5.393627579889305
0.28047051133536405,-0.04396932943082546,0.27919100471662706,4.975000738323569
0.3681692031086288,-0.07066994966525093,0.2622689758405724,5.401987159481955
0.364000968275743,-0.06712948325260987,0.19594242854806385,4.996845426800186
0.30001462897331915,-0.03693016368860618,0.2009807495537448,4.614558337000676
0.3984682385661419,-0.05174906882738969,0.27026780336649825,5.734442875265022
0.3604011519363825,-0.0431245038036386,0.21598070019646798,5.1685204153401205
0.3273703385803872,-0.0491554271395336,0.21420510329231984,4.855897654276427
0.28413118847174623,-0.03247295665917475,0.1771130088270922,4.248960513160891
0.32354446795981784,-0.025831462038226848,0.21093475578416981,4.776804425880943
0.3172204742081066,-0.0281734879019266,0.22548391598943146,4.86099805986332
0.2680316495641367,-0.02175151216796462,0.17099765977371598,4.25702128032345
0.2738701055670682,-0.04725918104666161,0.2319194255279547,4.705713660670329
0.2882362475858285,-0.018437454785479562,0.1885277641654497,4.499133031633913
0.3473241513322004,-0.022824112487919275,0.17963053952152616,4.7987188236482465
0.36210812384499486,-0.03248475590973487,0.200844765266117,5.011259470575664
0.33562286444347916,-0.03898597390233928,0.20976118456779536,4.940382233842643
0.28091670319221984,-0.005322410105994393,0.16588920829035753,4.490606736371087
0.3487763496441407,-0.010686740044799518,0.17742589342803927,4.6968189275537355
0.2580240447456113,-0.0729187757547619,0.1725944525897202,4.348093355603061
0.2935667268052661,-0.01218906606700286,0.17612435815558788,4.4093216150133205
0.2532105016294908,-0.0027582121610845575,0.17816063886488948,4.088871171768569
0.3565748811157782,-0.016499353048711283,0.1828691425463537,4.907759692072272
0.3141548188673155,-0.04896975204688674,0.20280048227398678,4.683848949673627
0.310216838034322,-0.046799540433486234,0.2108379972094547,4.793971057974461
0.35750874666290144,-0.040869846115340856,0.22246076676938303,5.000743357509781
0.3608837654488307,0.005241472286028265,0.18198270704572922,5.02665849611362
0.27695131432358694,-0.007636153319828153,0.18958326712810997,4.36552162959663
0.254106621349227,-0.03609150893803533,0.17057666001420438,4.213143865629703
0.31787611805356536,-0.0076267850972478665,0.16285810596973552,4.8329213491720076
0.34503518780980963,-0.022303062553035095,0.18124519874888362,4.720264617772235
0.3198829174533098,-0.012468332363512896,0.13884501287862863,4.531026146405464
0.2955522717108661,-0.011658220723982008,0.21362449278378853,4.6011408882972304
0.3114275323176013,0.002052258712084762,0.21482408663877225,4.742993124582468
0.3099663417621434,-0.042069956416750647,0.20234415521723997,4.682764451597416
0.32881085536421983,-0.014176950159787385,0.20192091012272098,4.690646168213916
0.3514667077864015,-0.021267944937675066,0.20913096538842935,4.950497278835858
0.32699861481914844,-0.03456774290227154,0.17275826499748076,4.598691534713129
0.35980177934843344,-0.05770868764141425,0.19975501296212128,4.947527791941341
0.35768080905759925,-0.03444432125403163,0.208380963381385,4.9571252462109845
0.3701738800237012,-0.019998630524535217,0.20962985231049486,5.192339347004891
0.3912463538021207,-0.09655281481800339,0.2990662559711774,5.6987240727243975
0.348981051994644,-0.06845933673226155,0.18769465602406496,5.023662227905815
0.35624147948210255,-0.08805166482612307,0.2357002978745552,5.294264619806787
0.279839116422483,-0.011351971242017197,0.18970253606175794,4.3209285707389515
0.2968677448305204,-0.01528682713099057,0.1645327676733334,4.386479020016642
0.3336972352438677,0.008797334586625608,0.12984636178832365,4.566647096506424
0.3307939440297994,-0.0020408572577080225,0.1387400646456715,4.593326947906627
0.3477201121728761,-0.04049769737457872,0.1695805083389509,4.791789730059516
0.34632972703129833,-0.023975753601811173,0.1257487811239462,4.614660020097333
0.35171072816440024,-0.027625302788120792,0.11811831003115643,4.481301934918283
0.32287969224870083,-0.03158462562678819,0.12600846340047717,4.514135592836616
0.3740187245297,-0.04163015645894601,0.17463765589167118,4.987434801582008
0.3716376293260596,-0.014304702696508832,0.16176613677574372,4.9020300326161355
0.32268234616043023,-0.038467337886114956,0.16315478552483273,4.844986159091232
0.3190690969687227,-0.07944481080970765,0.18643660589324174,4.729032441548438
0.3396863878866424,-0.03716247119095748,0.1460344135856074,4.713575439488352
0.3361455842631446,-0.05084556061493751,0.1693201353974152,4.782136311054742
0.34452490289429316,-0.035639462014368455,0.20337786640812744,4.814123786834423
0.3340954393273702,-0.04785765665729851,0.1607596472541346,4.66408831938946
0.3068742996875785,-0.06257274326823194,0.23127917165116127,4.892328406003182
0.31133270512415046,-0.07802863828036885,0.20576719391487505,4.680937093050535
0.2883923717345321,-0.0475859119755728,0.18137057323921263,4.290687717201299
0.2972889191627327,-0.014622934455119344,0.16723865475057875,4.26087137124267
0.29187039529084075,-0.028966129491039796,0.2224561094795125,4.563427084612442
0.30174929098286096,-0.05221076874923888,0.22147451014611266,4.987489137555499
0.3203981224228281,-0.05422549352928032,0.27286864487804746,5.183822245186796
0.2613904493315611,-0.06578330188701552,0.21143508836183714,4.496735428255495
0.26077423218814527,-0.08212236538369916,0.27435807225163694,5.096359120189634
0.28381687683531964,-0.07400845654268155,0.27478646237050797,4.9992847165016645
0.341686635038009,-0.07723890792597049,0.24150082858411995,5.232892572453122
0.3251402587046868,-0.06425773644505112,0.1653087447050262,4.70609404052661
0.3667036359241466,-0.0627974410659224,0.18267064082447593,4.982932541843381
0.29161995317158834,-0.0097468873052079,0.13819138977732334,4.372934207726518
0.25018693726238395,-0.039072739289584324,0.1543304349448949,3.9958555138633125
0.2693858472074408,-0.05043677628797879,0.16722290687518346,4.29497447317969
0.2389590425535437,-0.05910604836711054,0.217151546412407,4.405053466880423
0.36237976844784364,-0.025834256571189068,0.22236506012444832,5.272091279155203
0.3390164331666483,-0.03938013037888859,0.21072986226064197,5.04519405082101
0.33692181863599113,-0.06293039545653029,0.20976597870855188,5.011499258414471
0.36371392549853193,-0.08367719601132784,0.2569265570636589,5.481175776654599
0.4028130295886394,-0.11376650193024002,0.24359492164822974,5.767572462666242
0.37457623909391946,-0.08277211055147622,0.22820501394666287,5.500699924152654
0.352869171788123,-0.1015798349730741,0.24555381515515373,5.3355473128590525
0.3210378815963903,-0.07794295012657365,0.26361845407887524,5.394874776384235
0.3755913340939825,-0.125657662018741,0.24471282003027567,5.685902522388567
0.32443726327159544,-0.14737050738863666,0.2993739125708082,5.893840449997374
0.31333016845422723,-0.13704504578698265,0.28214064423169116,5.665516326452118
0.3224175194491818,-0.09531274798870673,0.3272268477556481,5.792630532814947
0.3094449522587312,-0.08493085261756746,0.3498672358059976,5.695435790880414
0.34360339432798753,-0.14848623206737552,0.36783469375125794,6.286647449841712
0.34338358260237706,-0.17394333816631646,0.41281227552858973,6.628483523120979
0.30682992703943707,-0.17859324224775466,0.3882795693959913,6.323580160716929
0.37671036529151003,-0.11327014794399211,0.3539531511002235,6.233520357350967
0.3650135092862348,-0.1133341782905124,0.2638542336222109,5.67115468918894
0.40820869799466997,-0.06290496043958371,0.19415045265598663,5.558000292839808
0.41115556264632375,-0.10271577779128278,0.2055794673166446,5.704725246667394
0.31535475029673815,-0.0503701466360976,0.1992046765754861,4.835972284330083
0.3359616436389737,-0.07979625815830983,0.24386693658357017,5.044236039703669
0.3496018263334816,-0.10450531514544734,0.24003372778529958,5.39486398985226
0.3267088359242921,-0.17170140673977607,0.29826811059745056,5.820292380604573
0.33598726023075715,-0.14616106085554317,0.2980133708745644,5.808158980240234
0.4296446362317083,-0.1535038984302978,0.3197172610537734,6.448973438601055
0.3461912816740799,-0.08088409560926982,0.20699010063046785,5.205771116657008
0.28569592206516176,-0.06828241454042344,0.25147357339074905,4.698092855583567
0.23926106154412216,-0.07967689232700774,0.22893176118239356,4.623009411633061
0.2491699573521698,-0.09761543194445318,0.27658920896618283,4.999487368386209
0.2877009700797989,-0.09873861488169634,0.30511465358485695,5.408891906426081
0.2714315131334612,-0.1034677720022123,0.3475744142722474,5.661870790531634
0.2570750849810032,-0.0577878703886747,0.30107747760742737,5.122499531054054
0.30847734980394237,-0.06468031519238306,0.2542923491720918,5.00646116801542
0.29683258451087285,-0.07221150624071135,0.23629009103505472,4.8178304712707485
0.2998942308473031,-0.08877851118664794,0.273135392206806,5.088479884580773
0.2562726215636909,-0.061720576417024386,0.25325128271902264,4.755664977745843
0.24223488968904225,-0.10108909914581249,0.3037329376847705,4.927975159389305
0.26525679448747275,-0.11376266023070511,0.27326856152809165,4.983572551889286
0.3279464389597083,-0.0999346915586265,0.2682249961494358,5.405821345405498
0.35258490991943836,-0.12939353089479647,0.34526665997658973,6.139685665899657
0.32166651710612487,-0.12616830830795975,0.3230161761738425,5.774011801774866
0.3739589706822934,-0.13437770349043443,0.31542169889185906,6.138991409826229
0.4142578146881237,-0.14122633868591053,0.3667065292090265,6.505425139922012
0.3315290756673335,-0.15655129424562486,0.4016902711805648,6.497755690275131
0.34018972330423897,-0.18905810735491493,0.35651443559948465,6.271996708994955
0.32952093254396264,-0.17400602992208136,0.3870024176315146,6.24691067392284
0.36892706597173114,-0.16609783302629302,0.3420827812418572,6.256863278016582
0.3528378146598406,-0.14593590422243388,0.29224046526043906,5.70972360579951
0.31649078058588925,-0.1274651126537238,0.30114977584630176,5.5836645065708
0.39533305391932444,-0.09916627142632135,0.2867937644452406,5.86766374859404
0.37578924201935715,-0.14920857441496002,0.31235745153486183,5.940934996052701
0.39757725522045523,-0.13938024111133127,0.2913745957816747,6.107980752477793
0.38594862292785953,-0.16408253038471454,0.3298294243475118,6.279353735593611
0.363980328649787,-0.13945431841434214,0.361019839960561,6.262172767121696
0.3737520534107121,-0.16212210975527752,0.3878234510234092,6.71642709041725
0.3380989553931529,-0.1312609275738624,0.33469822517137443,6.111967298382372
0.3452623497190422,-0.1374254754569681,0.38411835640952235,6.418694921054681
0.3096213630106409,-0.15049890933112753,0.3277591198581675,5.998688077107601
0.3594895691607737,-0.1246325724812655,0.34138537051231477,6.10225116855463
0.3323459686792688,-0.11859223730483981,0.31943117862384685,5.8649501709962895
0.37669820132055726,-0.06493445056262327,0.29336553632294504,5.855776561171122
0.31183988902356374,-0.07524223365653425,0.28663479833314154,5.580289115995118
0.3690013698655925,-0.09383167643911507,0.31992350459596186,5.930393636326365
0.37613690696129165,-0.08436513354157829,0.28927919187871304,6.014201504225858
0.37421111522658845,-0.07939762520677282,0.3292532680675923,6.103788330212159
0.2983078776153769,-0.10707722478474338,0.2980750674861801,5.474683893592625
0.30697174809494854,-0.06308270214593842,0.25781446541875547,5.174343756551028
0.3164362148723198,-0.03082662143457469,0.281293036617307,5.339566807353117
0.26606670809185407,-0.04698235613692135,0.26681467967831135,4.9325414067385625
0.23386152356728118,-0.09738075518363723,0.282983697949376,5.006199383127049
0.26198896926274406,-0.05997374582668873,0.30322994976902057,5.210642405980182
0.2707233372742426,-0.09625394346855487,0.3058479753802816,5.193819440959913
0.3137284630785308,-0.047508866845943395,0.26234819685368704,5.311793440852966
0.2884314266045463,-0.0824317789156036,0.31654480778554356,5.236320481332639
0.2796720844931901,-0.07826341268645828,0.2889617974014645,5.2995009721832895
0.3120763007878264,-0.07968852388558074,0.26780527978324664,5.236984013293721
0.37037896630814926,-0.09753396463635047,0.30006276207298765,5.904228257248914
0.3043746567174755,-0.08076683155025363,0.25718797049915787,5.299242867631266
0.3109967575159425,-0.06804822656695068,0.31886103594340076,5.547648318438511
0.3124588042451059,-0.10506080640251317,0.28141890156256266,5.408644638944714
0.3265247118294303,-0.08258538744419351,0.26838659606282955,5.386470168907509
0.3170812115807515,-0.07335902647606334,0.2463070468918267,5.167367816734657
0.3249288184067443,-0.10538585472485282,0.27557754198199924,5.413890464648754
0.3329373858648622,-0.10987428701790214,0.26991928282060834,5.356702178980307
0.3987697650291843,-0.0983098074457203,0.32045195897302187,6.147819952655978
0.3893770465392689,-0.06231433828421266,0.3006940388492583,5.917634282328863
0.320905242863916,-0.07186400265902869,0.2870646047972269,5.42958602939631
0.32865046767608663,-0.06593810776239614,0.311149550453302,5.508090852659884
0.35128360271155923,-0.08894671932673376,0.34547465644175396,5.966845074979389
0.3681729412758043,-0.07927089283193318,0.3300610113285247,5.895337348880007
0.35017770121382424,-0.029229446337878627,0.3198697735841528,5.68705294630495
0.38111408327999663,-0.047763469018712576,0.3349230848711872,6.017401451622077
0.36710087278699444,-0.08474664399399134,0.3555787430025124,6.144612566187925
0.38690301262831595,-0.12017499447828306,0.39867514319532343,6.605206032993719
0.3408789812460935,-0.08900708629542792,0.3837658133163775,6.147890672481633
0.35142251857865636,-0.0675048020735502,0.2757376952177397,5.652289915454618
0.42397091910379026,-0.05103447000561093,0.2819432815923664,5.952766508645775
0.38949400403993895,-0.03702646534593048,0.32324128592498186,6.127186415998044
0.39866172832034547,-0.07630329692771777,0.3052689221318331,6.111770997751343
0.4001202259668377,-0.047521167563732786,0.27216221253089135,5.963602548087163
0.3680720201962322,-0.06396436904684578,0.2674373580096688,5.761103092417486
0.3454221481060558,-0.03819875784701376,0.29402320523381564,5.515764083237846
0.34154427806972976,-0.04738526740755263,0.23375766281287014,5.141028822608619
0.30032175578108833,-0.07137898088362124,0.2576434051738536,5.098721769782216
0.29348498860706373,-0.02252589206387358,0.2102495466548635,4.675449752033044
0.2859325774514441,-0.007795924065170493,0.23439811174256672,4.62905325717217
0.25918368860094954,-0.03162488321394899,0.2082255377943581,4.433919151381487
0.2487301870422172,-0.012272170515808017,0.22809676451294833,4.337010603684093
0.3480841109891697,-0.06470456726948155,0.24271626740906416,5.225874074737986
0.3564462529371245,-0.08012119950946188,0.282663083327517,5.462931695901301
0.3908931885846905,-0.04340932999847983,0.2826854211119051,5.860809284521192
0.41036692458514257,-0.0585163212896445,0.24410558311142605,5.832543182641993
0.43704954169510835,-0.07111100502758068,0.3354284912689886,6.597765521220018
0.31113096279601293,-0.050906096296276494,0.2753520238808896,5.310454571513879
0.32268353244296744,-0.10803691729564407,0.32263378929373304,5.823843965257601
0.41372451855567494,-0.057069685431970205,0.23746659277178672,5.826078199678895
0.4311888489234622,-0.06634732840346341,0.27915478615139566,6.168130269497852
0.4126371585143439,-0.06474359299098364,0.3049704952624142,6.0426852683900565
0.48231641251784385,-0.06997217220871481,0.3380186913759843,6.863139504027657
0.4407017176643312,-0.05932162056904655,0.2870934363127274,6.201964725946193
0.3505000699297365,-0.06559624908238441,0.34385660586527456,5.827577215932085
0.3401271740472859,-0.05752241102572216,0.31648729376197776,5.735140722532301
0.33023044396473505,-0.07575197402456275,0.2979147373183331,5.52046072181837
0.3934158138969571,-0.0960917107279306,0.3224798880326892,6.020856952232204
0.3395483511100216,-0.07876904279051831,0.31777115077070517,5.762537761220405
0.36163555601326913,-0.06907719273283794,0.3333236046213101,5.9682744418800295
0.3070641136135174,-0.036577098286050644,0.285413509168377,5.221294107967912
0.3220077442713772,-0.0515933899017693,0.3326553735821509,5.4647829046599705
0.29922950660010705,-0.1254332128369119,0.3530255067567983,5.670803463909294
0.35747085357789243,-0.0542663628706481,0.3248101544798327,5.738035741359486
0.43164341178843285,-0.06613380162688941,0.3730508512031116,6.582328614581397
0.38174717448384693,-0.07839823651454272,0.35790688982593455,6.211440865823899
0.3578325591301941,-0.09214291009927256,0.33892187840341,5.860143208644281
0.3564351411739945,-0.09441783044833817,0.2836011179523208,5.509771025930055
0.3500909108415477,-0.06370658055241542,0.3016461385223848,5.679877601582537
0.35104780732498186,-0.07642132723678471,0.2550259756250819,5.358735132714046
0.3629875549469539,-0.06798310723467926,0.28684799415389195,5.650922260231128
0.3812223315634977,-0.10094495695671529,0.2925549695921566,5.922802252514622
0.42170494314505147,-0.1162954875042671,0.3881061762254182,6.631901685078311
0.34883412391921875,-0.11971621796140296,0.39010759230671704,6.31369476044891
0.2960244744253897,-0.11505670861162208,0.3790996697281536,6.018134429975437
0.36987155985033554,-0.12347039387262011,0.32671467474914856,6.130660158401408
0.4270623277605631,-0.04916596567039196,0.341228387675374,6.320617257389854
0.40737242729685125,-0.018961830073986812,0.2724442456426634,5.857113920644427
0.40695898957201093,-0.07349790814591964,0.2684851931081888,5.9101719912103015
0.4129588213942228,-0.0748670101986984,0.28484250576397235,6.0270647317497685
0.39163332701744086,-0.05026356193701284,0.28310989188060803,5.752109636073964
0.43342398327665965,-0.06580575563996453,0.28695757133200717,6.096393708983273
0.3713732981357674,-0.0558659876645318,0.2689356713331778,5.462346512406031
0.40637540457503446,-0.06695348947604038,0.2429525075985533,5.565855117194949
0.3922694461771256,-0.037841581588906034,0.21160001500143502,5.205192784074717
0.388342676810823,-0.031316698354328674,0.23448468367103098,5.225713535464391
0.46315090214650045,-0.048461838188817274,0.21921711110954215,5.9606803153989185
0.4309959933566815,-0.08092883340750877,0.24893422362299356,5.893283242092461
0.3831995009706224,-0.04629983614897189,0.2369041364779074,5.488811792629534
0.38617227164553836,-0.04754190553664186,0.24522412438231594,5.4853105427114555
0.39805148596775614,-0.03442127020793215,0.2798210612381138,5.719427696942731
0.38436267420848386,-0.011037845173090708,0.23545238543015992,5.403634231211747
0.37475065823745035,-0.043422331384503396,0.2991883012443144,5.834113304037932
0.38105496562567936,-0.02519187973949545,0.21343797204584375,5.274113783484349
0.39822374071762967,-0.07389616499722831,0.2024108861416373,5.502550417683055
0.3866539592957157,-0.10599532496477085,0.26674210826988654,5.572363619394547
0.3703912233261559,-0.11847571046308779,0.32793503026502124,5.942981498440676
0.3686613899487533,-0.06789407511925104,0.24931019798552484,5.406222673564497
0.36830702041319396,-0.059162175392341976,0.2205870920543155,5.221668766160019
0.33137566931248286,-0.050292203465862086,0.2612026474530318,4.976575694506116
0.33154586289429705,-0.05676735148090553,0.2579390566378565,5.1219467391020945
0.34356188233538454,-0.05699281422705687,0.19849184753667592,5.088338817504209
0.37209829071114336,-0.0660403024155584,0.23228140742952044,5.355039610198746
0.37059887420827153,-0.07547607244323311,0.2574198454964797,5.493461958581913
0.32163359217173854,-0.022679695221227515,0.2515455593242224,4.909678643226691
0.342395825064388,-0.03649845725949231,0.28685482553514025,5.247533209649581
0.37780577993676484,-0.033937836341584975,0.27611510085913216,5.577265934985963
0.36750040155801966,-0.027530893056428286,0.2640737580912066,5.437834256950739
0.32506144573128803,-0.032947846486894895,0.28021361402528105,5.154521763212155
0.3238874171272274,-0.06483810108759348,0.2908286961717946,5.312758430015436
0.33309599207907814,-0.058111972247631725,0.3034622737318831,5.357329446011702
0.2971900713269077,-0.025762192019818074,0.22384012297317366,4.508084456122053
0.3829521705018583,-0.07747861679839195,0.22732523551504288,5.197745481370787
0.3176722169942258,-0.04040785246610595,0.263638458393954,4.838713944620863
0.30987995609619384,-0.017541219402262716,0.24506510271108456,4.761713926730627
0.34290273678408484,-0.07058301970019638,0.2749837162558768,5.235291858258093
0.35179614271412996,-0.033654969376906284,0.257601081744864,5.235285528214884
0.3578367035405352,-0.03771693036625932,0.21860957576744783,5.075767816600999
0.32788053710546466,-0.043604543379044486,0.24217806521500257,4.861002170486797
0.287810287029377,-0.028864311590971636,0.17483570002335536,4.200863467094487
0.30959943109895843,-0.06669551031804168,0.2111804444208155,4.640136913581573
0.3752672642873359,-0.01990015537091056,0.1648213184712546,4.837540806087264
0.3398380191096873,-0.06362108613280647,0.21866305917842294,4.994495321040196
0.307290633523399,-0.027325540181260797,0.23537786241244193,4.683666419198233
0.3009125152347728,-0.09028632300240697,0.24234645359120904,4.7725533269707885
0.28602835880499333,-0.058085540293267846,0.2494921565299535,4.697601270910347
0.3703060311081804,-0.07460646341959616,0.3269289437707626,5.836686127644614
0.3178753951631869,-0.09298770779639912,0.3000555988075479,5.243087445331858
0.3846482083495393,-0.054498022875110796,0.3099061942055993,5.794351554919619
0.3639798622256896,-0.07606104668570624,0.29132538463120605,5.465839673198787
0.4056443748810221,-0.08529451721896084,0.2694213720850509,5.753194417141353
0.31629085562749953,-0.08847838021977258,0.2715358411987316,5.371930631384562
0.3590873025448078,-0.09211642685407556,0.291652117290977,5.518655933910421
0.4044203508221481,-0.045046248630572126,0.21192086730808768,5.498669731470033
0.33702513795682143,-0.06471937573475657,0.285261376133926,5.214506461469887
0.271426821104197,-0.013451598376236395,0.2657065969690063,4.702234954118378
0.3361936592600434,-0.035505998114246824,0.22982255534027776,4.8635138517247825
0.3523212690868367,-0.04756973707949565,0.266535341079345,5.110535025916037
0.3390502115178515,-0.038984356083448385,0.22071537306755537,4.713841106822364
0.3113023872982337,-0.048077479231121475,0.2806990864372479,5.079042740199188
0.3601486108515144,-0.06303247154796729,0.28071254703984094,5.375184079619221
0.36180893196988817,-0.0704257497168407,0.23318223627003826,5.129633321362118
0.3043910547300871,-0.05365848250050016,0.21173744436379396,4.558599929981613
0.3382138879468265,-0.06749046635849346,0.28494064712696054,5.34396957115883
0.3888010364701252,-0.0532564882668083,0.3199326273026862,5.7382783053397635
0.41962708112262304,-0.022454609610061255,0.2844401811002773,5.827770317483289
0.31608478499586795,-0.049507363477679,0.27100394676785505,5.0670100938245595
0.4122032018698388,-0.02712082312797311,0.2569737396215624,5.819976027406749
0.36681815613505286,-0.0605414104370265,0.26595612688663045,5.49846147150897
0.3828169007961337,-0.04997911463548076,0.27347160117133634,5.53539766750733
0.3927974311694944,-0.05295079327325486,0.26730511776754823,5.641936600197
0.38621890533596426,-0.061728585973814074,0.24600391843682765,5.558484658553255
0.3866642693876892,-0.06978292549290946,0.24499610505963063,5.520340437737036
0.4174623584621706,-0.1364962046261746,0.30964781747892756,6.352304126356249
0.41353658493993745,-0.11899150402440752,0.3070812219046105,6.231625574966749
0.40179924505276576,-0.08970981282961842,0.28600909196833324,5.838019010292524
0.36032562082674724,-0.07464855524763558,0.2512620746667022,5.40064349045476
0.36931130062497847,-0.08991555135687278,0.25302896486466514,5.549615056492255
0.38658570927590485,-0.050950526456803646,0.28338743859972854,6.045966712391081
0.4443011420290715,-0.08293341770343378,0.3226603685225446,6.555488743071449
0.37775374660810984,-0.13193552439961623,0.34289217010266776,6.376015623739397
0.40876126067198915,-0.0932548550043213,0.33352920537933717,6.426824149127969
0.3624015504679535,-0.0781539158863964,0.314322440218143,5.981674407543086
0.31677626866785896,-0.13579958903359032,0.3505776841660421,5.854815418673075
0.3428114817308448,-0.11409908810452937,0.31946936285516747,5.813303485849072
0.3177514247882209,-0.08945948242455214,0.30835764802958177,5.578755232496917
0.38647328167936523,-0.11958174739797159,0.3085523191592752,6.03589092181043
0.3560813321795138,-0.04009799552804791,0.26059582541612747,5.39278923151584
0.36319257019086676,-0.03936439342226274,0.3200195236032834,5.722550284832264
0.3560890312241819,-0.05056616981402991,0.30276892827347585,5.682785316848283
0.36687953140502344,-0.11332805439403554,0.28476161387018334,5.709763977883377
0.3724642767788669,-0.06402675842758826,0.27074436676079056,5.573105417148851
0.40355946108352975,-0.06643250677507906,0.2816756562952965,5.91430312150661
0.4320971290096307,-0.08788554314834653,0.2929771089179617,6.2401181898609055
0.40812383462766727,-0.034429560390600404,0.21401457307378735,5.669881566487072
0.39407151059184387,-0.028409340309061493,0.28239910738771784,5.7172882133387
0.3574995848271519,-0.030780952567980538,0.2619425135992386,5.397293522978845
0.35799651578770536,-0.03280312008541823,0.21974669469445268,5.085356347669785
0.32795474586643264,-0.0359938474729497,0.23623102092796527,4.895253067892107
0.3636652942701352,-0.02601143799187938,0.2535236674682428,5.329122813698822
0.3049934980008894,-0.04840515217993625,0.2751799970414401,5.085054095145587
0.35078497655852064,-0.041352523841725754,0.21921931637366326,5.163321257874461
0.3738016540562454,-0.08134672729519453,0.25898905166999087,5.387908143203514
0.37155532334164526,-0.019085409990440106,0.23175506187000153,5.35475391526619
0.3765860986642072,-0.03606858943551757,0.24659648293176237,5.346378275625801
0.3816845822160664,-0.04949272196137615,0.2423504024789637,5.273659054964568
0.3724228207959687,-0.07148576771636345,0.2595606745933469,5.483311797824929
0.3476482688450883,-0.05514970422755775,0.2518591460092416,5.156247817485846
0.3528127602651849,-0.044520363400465036,0.2501975699333916,5.2311156283664175
0.36069486529028594,-0.03400293929969437,0.18962644514724872,5.1317432439959045
0.3567788976293399,-0.08088732125728282,0.2694835147395063,5.440400004698202
0.36047185853282737,-0.08317126383640377,0.2955294791759959,5.785996734157471
0.36311339434574363,-0.005973153029749054,0.20970907320586055,5.086195276658116
0.3389226720349093,0.021577855766813613,0.195485831467413,4.719220817564
0.36067629308039667,-0.0689481119357694,0.26598422616788625,5.482944081960277
0.348285824052575,-0.009624388615555379,0.2258593668023802,4.872730495548923
0.3619003278127664,-0.03662502762846591,0.26145180751709024,5.339886908624069
0.32180170694931215,-0.005748180520249002,0.251115635512266,4.94161608773331
0.38320335857292154,-0.04020991626646446,0.20082686327899466,5.378466825535337
0.411852508862942,0.0008511131570801624,0.20835237257081726,5.635935241629291
0.467956641544477,0.007433774657125583,0.21658130465074082,6.137824983936999
0.4230042135308502,-0.03895622811594847,0.22356384091879333,5.887414105588138
0.4930844855329514,-0.06096999527532322,0.2137124870598369,6.387414162493175
0.40995261549611006,0.02580602321250657,0.18859962446734185,5.529974068393342
0.41452085327041177,0.026968259140452946,0.21238439021050032,5.799867122511746
0.4492053443901899,-0.00953608986952264,0.22634071526113722,6.0213960883144555
0.4093395176204858,-0.03066989038480995,0.26902808111676296,5.850733222363609
0.4726987811416454,0.0004930887792743517,0.35469991195960715,6.858811012500889
0.46627386137127275,-0.0884353614604259,0.3334826844370189,6.753342011718211
0.4175246367152816,-0.07976220409165935,0.30221022739652464,6.045752564623776
0.3590182173422417,-0.052344358860641885,0.26551386909839275,5.565926623303639
0.31650689614172955,-0.035875568717724016,0.252915047219867,5.02245487994646
0.37125767819179695,-0.01998020490407525,0.2882562642883819,5.557103700995967
0.3873661643622535,-0.033944516693922795,0.23425028344494375,5.367950223630406
0.3835306746889289,-0.07268955859022552,0.22539231761838685,5.288974433741341
0.4120941305415176,-0.06114169526710706,0.28347409339764196,5.77010816828523
0.3489944499039232,-0.06485696507721159,0.28683954333560635,5.40902846910113
0.3977851071108122,-0.01208664470679731,0.23533793573362463,5.33993621413853
0.3753908675767082,-0.03440780045124689,0.25880862058116544,5.484481164881708
0.4176194322305026,-0.06400983229781446,0.26818534410222405,5.782430588783184
0.42473100716156986,-0.07138063295269786,0.2576256615814929,5.83150308564027
0.4054444953010544,-0.07454635541814635,0.2937732973583096,5.771054362787543
0.3951601627461663,-0.08822537524164879,0.2745549098810784,5.883843178067731
0.371060157419277,-0.10936348583633111,0.3196760114434406,5.918033464532268
0.41313566171733174,-0.07966253286303267,0.263947488367223,5.753178913672211
0.42181605559008556,-0.0702774450025381,0.27843724223679583,5.904209867345368
0.3992322595265949,-0.06267608511456475,0.18019764769028726,5.158228891943765
0.39938466236095116,-0.06614290284520767,0.2779807693583581,5.654871803529139
0.3707629278260033,-0.08471448984275971,0.27703634350358963,5.550305247045859
0.424019433063915,-0.09795208649111926,0.30029133229535165,6.023983295008405
0.43182453636326934,-0.10272117664373648,0.32300343051306224,6.247114727298112
0.3715087264764544,-0.11141594689444219,0.29988244498406613,5.622786176552012
0.38509699816908466,-0.08289780636487361,0.2648653699520521,5.440747947628049
0.3128254464963639,-0.04868734885481545,0.26873835489958825,5.114404045211892
0.34603314849813194,-0.07285827939712952,0.301875066351516,5.611383533939272
0.3962847950548513,-0.062480739308672734,0.2582618138876943,5.511950840005585
0.38894735792267743,-0.02969495826364872,0.22574800039440526,5.26037299644565
0.4366873866600017,-0.029909626259936425,0.22163417055414475,5.644665332983047
0.38813110454426,-0.03441870101954898,0.20275787061206607,5.348627469239966
0.4005592656092849,-0.023658306906890796,0.19934869017203913,5.254948110787604
0.42816265949800175,-0.04912078613136799,0.24957355734065428,5.866496389709447
0.39297943233722626,-0.07695247347539738,0.24799811710070174,5.55785390641422
0.3762855132358908,-0.10226120107207029,0.264686890872783,5.429874074555047
0.38364127256645875,-0.09976457339539474,0.27532979882546094,5.630955332378849
0.33012381372237826,-0.09836173075507922,0.2981343596943381,5.501466402635889
0.3618593012035856,-0.1002803299125103,0.2859500277568365,5.479269759686165
0.36025214215083384,-0.05127001583327624,0.22227008589953165,5.1429081749845125
0.36053439473878474,-0.11007171734185064,0.252178555813979,5.278450362701244
0.39719374841927435,-0.03783598327078223,0.23366877528932822,5.327911014158782
0.35932801719112656,-0.04367252739886722,0.26607852810646604,5.338999295864234
0.37281075123354485,-0.06962231857046645,0.2994162361965795,5.3991497676530535
0.3358900431034954,-0.07829737701523422,0.2598769592785602,5.102492730683219
0.3801775974657299,-0.036977280823214456,0.24774690742574676,5.303615907155407
0.35790220255100336,-0.03815038547768832,0.18947815774400542,4.9160274922491976
0.37169152165229996,-0.058382029498994466,0.2410955129795948,5.284900869135228
0.3823877748029874,-0.04582600111470237,0.21449662283240778,5.173128916879078
0.36793238281980273,-0.0364842492703424,0.23871764812073726,5.142210793996004
0.42053436626013574,-0.047274869994117945,0.18236430801727868,5.320452615832278
0.4101545606413396,-0.049532783068650235,0.2166820829424134,5.3343241346683925
0.4004489207184722,-0.057997123954351935,0.24756707899917613,5.4698854960118295
0.4108044832914863,-0.03925449317675721,0.22843414827394384,5.373244389092378
0.41303936461372986,-0.03960992557288663,0.23295467640361653,5.489394630156822
0.420432173960221,-0.041617125140348515,0.24560406670214924,5.586787744779296
0.31691923248886805,-0.04684537976508137,0.24255875498772103,4.918923443279116
0.3971572413967099,-0.06240123048961555,0.26835087733615426,5.645764848126275
0.39627763177607284,-0.060991394496681686,0.2547674541235885,5.471434676329425
0.37224512221535216,-0.037047800804400545,0.23140639509054325,5.209759126660936
0.374621756737374,-0.04577882963895461,0.252603598346361,5.319600323707446
0.39629977581929554,-0.06352055253807595,0.2518947232068559,5.3476254480483805
0.33224567140607947,-0.10267271464231259,0.2693662532925371,5.226672353985001
0.3949613265314263,-0.05530117064925685,0.2627030191855466,5.36032147402607
0.39296084907760775,-0.05820394119643179,0.24762520562144993,5.382283013416719
0.28312679647333017,-0.05766044616128878,0.2565293901616012,4.5561156779215
0.2727151054896892,-0.03474654620423685,0.22719150944132807,4.437416134135092
0.3245437030576416,-0.019859189535239373,0.2422397313132707,4.975926496388222
0.35143970727588203,-0.0598274456973618,0.23234163356130702,5.10512865231382
0.3817346430388053,-0.03995198455191267,0.2502050055416164,5.30028892404991
0.43664114951264615,-0.05967178387529172,0.27665738051081995,5.819332529047313
0.3634313013357318,-0.08064594374803725,0.30193715528839943,5.421034756414592
0.3433629867663027,-0.0777508306849782,0.28762483054176313,5.198991581617485
0.3250853608654458,-0.060826102946567005,0.2648008207773807,5.025223433008122
0.32771470588937024,-0.06533941067900209,0.26372027767495404,5.078085014554045
0.33304744175451556,-0.021108610180502304,0.24781793977740113,4.813477540600898
0.35414595206285265,-0.08136368865385547,0.2869766312087415,5.3261836975536205
0.27939221219409666,-0.05883187335887706,0.2706395095252197,4.70079131277453
0.3478810056159812,-0.09933321426195572,0.29312280443653055,5.546284520457056
0.34614998894039856,-0.08133237798662508,0.3157459910645004,5.608665076337842
0.33114065758886746,-0.07540275931401476,0.27442141873492193,5.061096717314724
0.29094008328613924,-0.0630377955397045,0.3109564658534848,5.0979417790352475
0.27736225063609127,-0.11962223038892987,0.30884657675470634,5.005290857026691
0.26063451775639085,-0.08899723214522393,0.2985420491252099,4.8405550758865665
0.31237865536684156,-0.1654915717174785,0.34890193686107196,5.677470680270163
0.27404327113132243,-0.15182139497911487,0.3485537542928474,5.5342146738750255
0.3305878656826337,-0.14874343332433337,0.37306178862530465,5.877510702312321
0.3240809393537915,-0.10247497681009948,0.31260501154750253,5.309224320825479
0.3530118254568674,-0.08516921143030118,0.30594197709444093,5.357817091315155
0.355190873586793,-0.07511713520938046,0.31742454895837163,5.426507695310265
0.30837903099585207,-0.09385169336874198,0.3333440336285002,5.310678370571407
0.3183926244211702,-0.09912853240350283,0.2957087837503383,5.404538286578278
0.32880224203373043,-0.05803128154586814,0.3067983889983157,5.16023504773477
0.31333608883484765,-0.1287097693081644,0.3102472493089634,5.367545306703648
0.32514476141223003,-0.09662104571527265,0.35182659457853643,5.6134703360080715
0.3519780303597019,-0.1554172963611342,0.34583263885785626,5.823973186674034
0.4194689912041775,-0.10573897054105491,0.3115799025868369,5.968217149206618
0.4034336320459313,-0.11053866001751977,0.3461860971369921,6.079832426898606
0.4095370950007564,-0.11970175593424555,0.35586009394072804,6.264888235214509
0.35867260782494065,-0.10390397472849566,0.26714417290238135,5.393181372237607
0.38006013739586747,-0.08551908462606601,0.2628415746689708,5.517963850501393
0.41406135344572803,-0.14025625069630837,0.2761366712116235,5.7404665568536455
0.3664670099110282,-0.10012722313393961,0.27243965216190724,5.4048058116643105
0.38799869559561445,-0.1399563014036046,0.33062450848170016,5.937954850565789
0.35774409070144764,-0.08751825882362418,0.2779927633038376,5.306933056567769
0.36350143068457125,-0.09326822625610694,0.28051244798410474,5.4003139102023185
0.35623827383880075,-0.06285479430353329,0.2752668541128071,5.163328451327004
0.3260784629110789,-0.0561168111541437,0.28358235486131356,5.129177457529443
0.38409755743395047,-0.11074392658051334,0.29638214470075025,5.576570683355148
0.32971127523419297,-0.09652492467503784,0.3011889626226461,5.2945132809190385
0.30148476020932896,-0.0689647761000035,0.22234338529221315,4.657648624009869
0.30667819643944544,-0.05612289377266957,0.26288292133917296,4.965360639502837
0.33090729938560925,-0.08318997630140951,0.2942815580790015,5.351756252463627
0.2862014822825261,-0.11010709795785135,0.269128038236735,4.790751119017602
0.32866114837179017,-0.11040378117220678,0.2966600907311947,5.2636516348766
0.30405227460022605,-0.06364139519067458,0.24058022286485817,4.8189692972507485
0.30099750219400895,-0.08021320192319446,0.21856602681168544,4.709228437345493
0.3634241739885327,-0.029145237057221902,0.2337188362464744,5.070084377260681
0.3372824026077924,-0.06541247474285668,0.24988073920270118,5.050404903135606
0.3692648190185654,-0.08570605226911301,0.2215041946864316,5.13070400422032
0.26824528140939286,-0.04224744019111942,0.20536056337380168,4.165484283402553
0.2787572966373465,-0.08722177571436796,0.2511058994835332,4.731447562975924
0.25843320601606146,-0.058519923134778794,0.24221435453774906,4.436841782263546
0.3162095845571961,-0.05041827098134003,0.22428173776363253,4.713155801365638
0.3527388691585316,-0.08734425185016519,0.23687314508733015,5.050127926199691
0.37390455333892036,-0.08221865339433529,0.2658727701659563,5.439191432425948
0.3982559512221258,-0.06899487420436617,0.3002194708377102,5.658675782220197
0.4065535704930662,-0.08547291565715927,0.34171872567956046,6.023103443689752
0.34920621679677466,-0.03994922669881885,0.29024278197841397,5.421518359972911
0.3209974916524623,-0.06560139325376102,0.29333610568135793,5.056673683803725
0.35519226080456834,-0.0738443555710665,0.29043645863102535,5.427012841428549
0.3856086972638141,-0.06686112381664717,0.24443184862654418,5.376124536234061
0.3152352545287925,-0.08563831431580038,0.2498853591812583,4.9519075535471275
0.27263289107567,-0.08518942995240518,0.2798243354677115,4.973135153658209
0.38542487323249264,-0.06321904861356534,0.2879857671872533,5.491226267226966
0.32537909892171174,-0.05556273089799728,0.28605194719109495,5.204960434181904
0.35250534581534704,-0.03999955362618517,0.2693484185539781,5.1991433288247855
0.4091086182991602,-0.08196260728782809,0.2517042627444043,5.563615423849937
0.3435526996173406,-0.13296249168619081,0.3132688795243973,5.7074333487667905
0.29307261335933227,-0.10258144082197553,0.29326130450573407,5.100849966836837
0.3228560837053821,-0.09551643639842554,0.2973322435285922,5.3422720040525045
0.32049141766499617,-0.13452146070972396,0.34924523261892354,5.661187435871134
0.2888351884496469,-0.08423644979912862,0.2902873860116449,5.0837883898788405
0.3077105603512766,-0.08258947096347502,0.28084474861155584,4.978347198033684
0.35257362683327287,-0.10746923494449911,0.29414570515260613,5.323279495479443
0.3072106141680188,-0.07880468148634885,0.2223852333466519,4.677643152937882
0.3698466756340029,-0.07290919053574124,0.23864621420550142,5.28102349505173
0.35782911395822103,-0.06188873027270392,0.2868493123848402,5.374141520197483
0.34970819591497193,-0.09227211223322218,0.2784985341329111,5.253321035252581
0.3811437390976002,-0.10466246731695217,0.32727888259111226,5.7890131539166
0.3406326350067607,-0.07901212756442537,0.30014332370985686,5.339822867371771
0.35804986937225797,-0.10015932040497497,0.35122807785597876,5.875739106408594
0.3873740458027523,-0.049522300042252304,0.2983184751737364,5.459722843955628
0.3284867348345733,-0.0662226136296123,0.2722153879972191,5.109628402883384
0.3592805668373819,-0.05075051930606404,0.28963491994403995,5.355111297267127
0.354054836101127,-0.0455021462759142,0.2474345990600891,5.23073827966828
0.3441468812717425,-0.0777161716230865,0.26820409772142423,5.2794876515796325
0.28641638646799183,-0.05178143999211669,0.22723737702047617,4.5933827842346515
0.32880576308768306,-0.09370317773609402,0.2967893993354438,5.329516145048542
0.3410495943829988,-0.07067566281728516,0.274603894159067,5.184519348416379
0.3092048773600125,-0.06493774341555658,0.2802183088754777,4.966920145241907
0.34060576680581267,-0.05233140161437112,0.28900928298946255,5.258786327292157
0.39399151696759227,-0.07948432543763922,0.32762516801011154,5.869224068591301
0.40851043507285933,-0.11828149728393113,0.31955468145536453,6.011518867667205
0.3463102223846603,-0.13458866026925645,0.36614801098519245,5.944532161172592
0.32735760953923476,-0.15087965584244595,0.29016359974949407,5.505451709939085
0.2981749965249548,-0.14550431829912158,0.3437966587492881,5.739263261303827
0.31466284944951894,-0.15136512866311472,0.3288023626645447,5.7802969430817
0.3104790619931742,-0.14012319306965565,0.32110450274084124,5.5453676007950365
0.3290036590849706,-0.12703167857740771,0.33761238867657895,5.785538485879853
0.33687173136639215,-0.09683208228707896,0.3342376524997556,5.725244261523108
0.35040032663758114,-0.07799019599716255,0.27681099004095233,5.4074713110649455
0.28214587218033116,-0.06001109084911253,0.2592305035781062,5.005216821239888
0.33532389736229185,-0.08988094594285356,0.23232180455942192,5.047776740267225
0.333733732453701,-0.10133560661554886,0.29636832041800487,5.498357158251788
0.3141122469611012,-0.10113610573158228,0.2862619520494508,5.138744075869809
0.25301588721951235,-0.09637473166676092,0.25787512764294734,4.817277888257949
0.2795134028065141,-0.10244069432073741,0.26586210609389405,4.843592063434723
0.31176183301826155,-0.10068092281158111,0.28430979875197243,5.198846725750949
0.3226697136447994,-0.11506465944407201,0.2623624563685877,5.11013643354988
0.3542055944694079,-0.10445855109144048,0.26857584490617586,5.40999253976534
0.35700062773303726,-0.05087249342963035,0.2620626853449953,5.450593751646928
0.33383540799271094,-0.041667843918434457,0.2525050000579173,5.045529253725589
0.3165426406374257,-0.0756850284728126,0.28383580563343175,5.157490963174103
0.31404041280430234,-0.06516094685996576,0.2561918170960415,4.964570054456489
0.26548224166554635,-0.10389337153218783,0.29013468385046115,4.909162083688603
0.26004063398926663,-0.10163898802018707,0.2328566230216015,4.602922588001779
0.3012892499099209,-0.11850497708008802,0.2991617469974272,5.098658505609524
0.3324664090894727,-0.08877087242126938,0.33160045762768303,5.489941548007551
0.3378374949532944,-0.08549032649119498,0.3124549340531119,5.310244828954169
0.38092539997002567,-0.0960771924926004,0.30450388114298715,5.733258334197304
0.3159668315773125,-0.1055560413884827,0.3267910017373478,5.486844426804956
0.3782376901005624,-0.0910985841112574,0.3048748359699532,5.696011864876622
0.2983985500087299,-0.08382900352676868,0.3392627738127532,5.582863693821855
0.27912975162373044,-0.10291786594564413,0.3538659417829243,5.4779924718927955
0.27818445371426676,-0.1824133732325339,0.3614078330452648,5.725248342533385
0.3340270166965822,-0.16599736947091628,0.35157667877720156,6.162045674429211
0.30691982329786177,-0.18336527380877865,0.37049263517670117,6.164553681929636
0.37358800212550386,-0.16474130987456043,0.35720441893858124,6.212809955956352
0.33227950594489236,-0.1373462084036073,0.3239715392325119,5.686519416564943
0.3512047568847077,-0.11226480472850711,0.31088960854217107,5.625363332398328
0.34854903524949316,-0.1510361083321889,0.2689381412151027,5.665283015919137
0.36269795968158675,-0.14633641461180263,0.3516368032808017,6.033202024621435
0.3512181468763018,-0.13178884653552497,0.33509268199491044,5.9729095599631785
0.3607388057794328,-0.15259224955521022,0.3928944003258837,6.325549805831287
0.4321740272641183,-0.0706338812431855,0.3003524417791257,6.142819089717644
0.3983508936320797,-0.126417213679075,0.3336235763751459,6.038190879992903
0.4468768844757407,-0.1297126412631229,0.2819693781936884,6.155317332127291
0.3430784589879918,-0.16341874370810786,0.33172713496695877,5.889084306528782
0.3716899916929583,-0.14403338013341327,0.35165757428111866,6.214578811895819
0.3603047118381019,-0.12824402818980507,0.2882201542699277,5.8065810379547695
0.3569941208157778,-0.20258587782410994,0.3896818881128545,6.36961654956894
0.3528547246029927,-0.19957845965105728,0.40589780213085636,6.383319691229515
0.40144345552721755,-0.14345480890384038,0.292326247483498,6.0399381708082975
0.3747620922514079,-0.1928392636126261,0.37533360523392834,6.458003106000555
0.35684129473291465,-0.12402105940754386,0.30747974679063195,5.8716176754492615
0.37697002705479926,-0.13654325675857826,0.35689969061122506,6.238195198626077
0.36080522813772065,-0.1684734578935634,0.3460942934342771,6.092168686647812
0.40715741167066305,-0.19268112729372688,0.42479809166959104,7.026421030647352
0.4106019703206147,-0.17285506748935037,0.3841537731190437,6.771734220847262
0.3490893421275876,-0.18068827206307042,0.35500905571019387,6.20091004487287
0.37289942256190395,-0.14518635717582581,0.2552203133114031,5.634373549273673
0.41055045686050945,-0.180457709113883,0.34217804541681884,6.232187185753091
0.37555262836144865,-0.17104649688234913,0.30568931418722844,5.881931988223053
0.3725862766009425,-0.19273269368213317,0.333302383789159,6.143663501134599
0.3466463775281051,-0.2261674087728655,0.39796450816371415,6.541053345006914
0.32659352601613717,-0.21645330127187487,0.40799559226368876,6.6717370958665025
0.33146853097344314,-0.1798189933005487,0.415220282448751,6.537956864878025
0.33422499442334425,-0.18819211388033766,0.36999386213209695,6.178076530579937
0.4003867676094874,-0.1349496658385096,0.3141831959162073,6.050129030488861
0.3215813027726859,-0.0897587887481251,0.31040753802656845,5.408137079842044
0.3774337900250446,-0.044417003490288855,0.2835929957514633,5.752561678977301
0.39550443329325236,-0.0869375523885329,0.3275043606559007,6.157976962739281
0.4374273628064209,-0.127810558538415,0.3492630672518186,6.474007038083169
0.4315898632515282,-0.09302336466988796,0.3273021085526461,6.441772032716562
0.4276560708602126,-0.148871440191286,0.33635377331404565,6.683124339460481
0.4197557447630694,-0.08853570744507758,0.36935962196241606,6.649834431650902
0.43569020287087257,-0.10424940240100426,0.3369096957978461,6.634841804833755
0.447002777395365,-0.04766143747567109,0.3352125128717278,6.685954322952319
0.4038567212453613,-0.1541035420251149,0.3471337448145774,6.415083130541333
0.3109268844207554,-0.17099141637425316,0.41001096888629557,6.384201851436348
0.2868620309854036,-0.1376417142902204,0.33848054665094846,5.43045441086967
0.26745677127875755,-0.16189136126701725,0.3492518620863777,5.511504474202768
0.25263556478286425,-0.12883397707527722,0.3765653164670388,5.458631056436889
0.28588405183920973,-0.13654679816727758,0.31594562144499805,5.345496640709704
0.3366894806758939,-0.1593007900506438,0.3747445934807711,6.233974798737715
0.4106475088231454,-0.16995169149802897,0.3805775472517735,6.722617462140221
0.40012521135957485,-0.15510247489605633,0.36527896710060176,6.383305714590828
0.3733973636641692,-0.13828423833815037,0.34350911861042127,6.398426068887061
0.34326461775099804,-0.1362194998712086,0.38003037518383753,6.061803906529727
0.3420313820719556,-0.08198474931138879,0.3236273750725992,5.538521797518396
0.2821606870955433,-0.08036967398178697,0.24392634486192752,4.873325289789391
0.2567399094858075,-0.1134905471212664,0.2874163090059993,5.06061573210701
0.34384689832652987,-0.06357989081957176,0.24547182562910394,5.325598041786727
0.25338120418033877,-0.10345718436874618,0.2722419633041122,5.111128531340322
0.3056241593499451,-0.1020959573902948,0.290625426813537,5.271885365767589
0.2817169214669455,-0.036741283733837664,0.23840541361727743,4.75708165322494
0.24381591126115512,-0.02336509509571524,0.244312430565706,4.513782482146622
0.30351012806732774,-0.039255605656823546,0.27620585757988814,5.104899427213411
0.3269359716676814,-0.02145425144478275,0.2464770549306783,5.1098812965860505
0.2915107846173623,-0.04774723459538366,0.23716900546568087,4.643856383036569
0.296078350279784,-0.06165854833819933,0.21438634243304713,4.803561085075932
0.29966192728478286,-0.06623407219392777,0.2370982677179315,4.860971601277993
0.3390300692453325,-0.026310307916595266,0.17707346841634178,4.886288268710249
0.31942142081428065,-0.0007121845168452618,0.2100513934166866,4.6056405411665
0.3964731823354718,-0.05584079583206189,0.2489981824579552,5.524596483355785
0.33376111320702745,-0.023685553462216197,0.2286965278270009,4.940383382067821
0.32742085028110895,-0.07914980572059688,0.24677653702461536,5.0559004532587615
0.26829817286051627,-0.14263018062503427,0.289136826728385,5.111789214816299
0.29517093004587586,-0.06781591060491424,0.29432232484665155,5.513854366272302
0.3282754255273423,-0.026459985401335716,0.28225360696231167,5.4124731587688935
0.31871560116046127,-0.014976056619120583,0.2669551214517347,5.143684172980132
0.33224189011684585,-0.046841835705052036,0.25711336513691213,5.344697060805449
0.29674223187117615,-0.06681250272475564,0.2866809100410685,5.187889162049901
0.41087203701977515,-0.04057866003487561,0.2846373411142932,5.959936932180971
0.4091031579537451,0.030014473331034477,0.22751166404699893,5.50815376128756
0.3472101914370721,-0.05488558257655255,0.2739192106249082,5.659946164617381
0.39823992396408797,-0.013685472184669228,0.31029025220432016,5.955465455899568
0.437521185432692,-0.05330815058665664,0.2863698680893055,6.300783909607855
0.404164336693593,0.012721889050340489,0.2833899138929403,5.773722867321626
0.3771666857728207,-0.021627488655437354,0.3072806812923958,5.629363451552846
0.3850854534248434,-0.05662812071071562,0.27039973784255333,5.737595317891462
0.39144057214695915,0.006833033874932964,0.23192680152390704,5.3161901083564045
0.34471033828769015,-0.009917242917220808,0.2411215466029018,5.209855040509957
0.4032810198079817,-0.04265563650964311,0.25923355534555836,5.588601406156198
0.424539536780462,-0.04757927525447936,0.2938215274881947,5.976484314280523
0.4156191203267075,-0.01542537657865123,0.2794685387974278,5.85187446543487
0.4110517058054814,-0.021901648693333737,0.304073729709054,5.912995221384593
0.4740372323558679,-0.047222162489315385,0.29319893765600263,6.424585142021322
0.41658032679640267,-0.03797534201831558,0.22203688030692834,5.707939492874967
0.4023719623580458,-0.038363040799423244,0.2497136795739402,5.596701092715048
0.3699662720217559,-0.06236904535859014,0.33774784430659677,5.983548390634839
0.2843091864960939,-0.048318973698913345,0.279107329610221,5.013378640799196
0.37209195563992664,-0.024121104540007765,0.29270049802820874,5.655606081186689
0.4294617266077129,-0.03580942739899842,0.27696701186397316,5.881953845366832
0.39930714127086,-0.07703439578562656,0.259445801451523,5.69286322930663
0.3654644139814616,-0.013239867469932522,0.20620278259097985,5.055560680706434
0.3769822727135088,-0.031954184462710186,0.21648969042158434,5.320536183653969
0.3540880710096233,-0.012014379102225869,0.22569638571016074,5.062200487641769
0.37247232327981616,-0.037716138631449396,0.2608995283165814,5.774563988006672
0.3818049783809124,-0.036288117938595835,0.32477573633587825,5.870960615195347
0.39594247970107177,-0.07952807118116866,0.30364643948503334,5.830377103568751
0.38274388706337253,-0.06541583630898803,0.3272856429391737,5.760112247407073
0.3997003028569447,-0.039847918183910695,0.2623299844279116,5.522527714066379
0.4175059724142501,-0.05403165638353555,0.2845825438668946,5.968465413280819
0.43442950100344263,0.0033524223857681664,0.256913544919737,5.793332128588026
0.3939748565779839,-0.013719220672149703,0.2646938587868562,5.574184818489073
0.3519351432768965,-0.0885634488768341,0.2784159757029447,5.479098938211775
0.3197110944950224,-0.06630153940716857,0.23494223048830024,5.051244057043983
0.37650443096405556,-0.07886859803425278,0.2649036575643058,5.593247157450678
0.40836473434298187,-0.038984160152956394,0.19546988652607258,5.518513657517212
0.389481081821705,-0.07532047613430033,0.23342423331002127,5.648692962752333
0.39667364007767814,-0.04839359326547258,0.23044835969125282,5.403589162149025
0.43201071824889176,-0.100800182380665,0.311945996860493,6.0638923968085825
0.44120693943319506,-0.08467291321037425,0.3188262204590072,6.313249551950574
0.4111116607438345,-0.06396045747101789,0.2812030972668344,5.8300206028423025
0.35770568918828693,-0.1043544982238307,0.3288421460394787,5.990544347332565
0.3416447563256573,-0.11521720063845318,0.3789617708311322,6.278252830905949
0.31794040603679574,-0.08130622289550085,0.33750956552995914,5.5910468731765075
0.3941558114553736,-0.08956238324459902,0.2654250797753634,5.931902784499396
0.41565683071973597,-0.1203689223563944,0.31116456674373905,6.41909460536597
0.37040769723384526,-0.08446303023822495,0.27686532181938395,5.931952127516867
0.38510125462013345,-0.0833050348567393,0.2570951390142983,5.734244181911437
0.40191452545071393,-0.09801617950997855,0.2850702438387611,6.162789102099113
0.41461453405332915,-0.11008953425606419,0.31491413233277293,6.436878644810466
0.36802732413707123,-0.1098595698519446,0.2951399129368284,5.855561358912877
0.42491171615953965,-0.07544360572025945,0.2918130235753785,6.497469708623144
0.34024524413159707,-0.1073374489972739,0.2877256040203157,5.793750575745556
0.38984473543196324,-0.0318290064073252,0.2180032276378352,5.758395497256563
0.34030527685935474,0.0062023924994663955,0.2077767273997589,5.0892278992029185
0.3885494418194178,-0.03374570199677418,0.253308738320552,5.769424916153927
0.3958786924306162,-0.06138217668241086,0.27358593570324685,6.029998226040554
0.42611292437988313,-0.114109231666753,0.2827181202996559,6.200908250094067
0.39538606593070597,-0.05951881256959921,0.27940589744706307,5.882706642459668
0.32614543569556886,-0.09853667287434495,0.3345126251078697,5.786494372190484
0.39231739779825653,-0.029602017468760827,0.25329553236939895,5.589451008716081
0.38699445735367793,-0.056481852687513955,0.3040717065166753,5.8810477660171685
0.4430082363740901,-0.07899471942570516,0.30699064652184826,6.661246809683694
0.3832257436308089,-0.11051001962841536,0.3236514155968008,6.188570262206664
0.40502256235748746,-0.12674820624072494,0.32091461152122136,6.28652756045872
0.36010578628076884,-0.07234177326453824,0.30402679057723375,5.841944453744963
0.340184480006237,-0.07090994672285175,0.24215809197634122,5.4405113406839325
0.3776577331276113,-0.012513475563306582,0.17641833492135378,5.147409831886204
0.350940432783587,-0.016637135388675593,0.19100704271157784,5.1261642120896544
0.36995203846316915,-0.0706683192668879,0.1980120193466699,5.356442086232112
0.3856672274751866,-0.05514034291273105,0.1897711845278808,5.316059766314995
0.43597760299438454,-0.06969647854057064,0.23268723052144588,5.812039411676911
0.37242544534259825,-0.0368430968774445,0.27413743727726764,5.5523842463252775
0.4266693180434321,-0.05362269943030746,0.2911094171547022,6.036422773292556
0.5033420138202664,-0.056240023780366064,0.267676809497338,6.531623668995981
0.4199437833519272,-0.06473193546495964,0.24250463841302686,5.677087360881975
0.3942253081098883,-0.08518986645554516,0.2833094063614639,5.57919955971384
0.40355615735997075,-0.07513150758094914,0.3165379823273827,5.9732973701197665
0.30538874295518587,-0.044349983287254875,0.27982202723837735,5.072175109258884
0.3627794307130377,-0.009497005125048074,0.22134699122591445,5.093939344955284
0.35504237023840196,-0.05150651628199649,0.22476109604300612,5.000386837567212
0.33407786911134263,0.009535971324554077,0.2698220029773092,5.213706052531476
0.3297086138292733,-0.009909201483675389,0.26790026489552266,5.256883097895276
0.3173599848299629,-0.0440020394611894,0.27185403181200146,5.1311699435893905
0.3186953316611658,-0.08805129288443694,0.24972931864022607,5.155729055754133
0.3603228217694961,-0.03539841915019211,0.21564128695761217,5.324487657746225
0.3516310351909907,-0.09641550938348493,0.21080583088867455,5.200377887877984
0.38443150165076917,-0.12613152951690668,0.21595453260913114,5.457652645433684
0.4279883730889626,-0.04522816481321805,0.2234191917524407,5.716110297478397
0.36455190553387634,-0.058611237470356264,0.26712074798382407,5.638161844008479
0.43780144629304646,-0.02044132721373993,0.24182034582535972,5.723882957711504
0.4348544323305578,-0.0660357089140268,0.26378501065665616,5.968108331363471
0.44390067147189344,-0.061240155251149606,0.25872833118637734,6.061958669941573
0.42871037149914354,-0.06267345091145893,0.22574071975286253,5.892444035898814
0.4654037937171073,-0.0426884367862266,0.2948357868073782,6.354376650836878
0.48928576426933945,-0.08196703363917707,0.2686082357751184,6.5048858801913605
0.5392827685999774,-0.07328875514844609,0.25281909012521225,6.774617355452077
0.4852025147437629,-0.07540333516594801,0.19957016076735412,6.06472402706368
0.4909843023586648,-0.10189699391282978,0.2303865988438246,6.301654192258277
0.46532620358170107,-0.08050534108206081,0.2312824972407061,6.18487697498743
0.4870793499272749,-0.03522737501587608,0.23802279457084397,6.125800701200672
0.4918135585761286,-0.06987660105277892,0.20959000729658964,6.278703883133833
0.46687576205062215,-0.032998538194629355,0.16556043050653665,6.037159584892808
0.5612100846262222,-0.023362801341915467,0.2229586915478477,6.895684387534549
0.5320031467424183,-0.0036253957446750825,0.21462428254646448,6.678465386758226
0.4286366151163722,-0.035126169173867586,0.25800845880691275,6.00926127476904
0.44528775999458836,-0.06900357464145569,0.1751338188295796,5.808432287780016
0.4020526395192106,-0.08573217467347138,0.2580242414717674,5.793758941288132
0.44998447667559327,-0.05190280444095244,0.24813323005073665,5.998579280628863
0.45565750895148077,-0.06381038169334731,0.25931417845748445,6.21721935239859
0.45188472021454723,-0.02607746099454292,0.24923165045107398,5.875045966143038
0.4541932725401556,-0.07691046593019664,0.26826745033895266,6.0259510113257555
0.375434255739997,-0.048945506242912794,0.1762802004701304,5.209963430452252
0.43182947082141127,-0.0405756966079471,0.22472786045792129,5.871238339140201
0.4947005861397363,-0.0841482667412027,0.2236459864240313,6.250156067561915
0.40166746347638926,-0.05551025310742056,0.21336353459450622,5.424873982676844
0.35173006295359205,-0.04857062024998446,0.19244673018476846,4.864749177861769
0.35338093515723906,-0.05571191214333487,0.17590065651739792,4.992693695512483
0.35894677360884947,-0.038175955132405334,0.15589197070923422,4.997733279367376
0.3953293287881266,-0.053535659260426756,0.21087317633944797,5.435280449572672
0.3391542459348609,-0.046458056041808284,0.18061495364395122,4.906273655571946
0.3327878913924144,-0.047945234267234,0.22735148999755808,5.094268449807982
0.34276656748642204,-0.07700407198270544,0.22961177156871002,5.151444387553707
0.4187031268691033,-0.008029032902470819,0.19946848290269492,5.564069470586169
0.3528381077006684,-0.025060445000700576,0.24957798837051592,5.29446032513229
0.38171228370295507,-0.042631385326391116,0.2083367656483998,5.321840368376308
0.40083682145796323,-0.0929360900123654,0.23825300684818276,5.8666675134226685
0.35839968768549685,-0.08570472834205918,0.27466240162870087,5.606593498771484
0.33141976140066143,-0.04140922812606925,0.15826740723880722,4.827908803847533
0.2806052078343024,-0.09947858570275152,0.24479854631983183,5.214480428823581
0.35022191820713805,-0.1655675091400397,0.2784716290597303,6.041696396539791
0.32697005039560567,-0.0796658662325994,0.26885298635058885,5.4357196488368995
0.31162503821857124,-0.09181783774393268,0.24641424594876032,5.318486425873604
0.31900495091459985,-0.1353674742893565,0.2634931380018399,5.479883304011986
0.3221208793341744,-0.11296432583943246,0.2679858518921511,5.519460383329498
0.2864012851413415,-0.05519221905958379,0.26378229055992863,5.312234458696774
0.3467009056882947,-0.04121449711309493,0.21638657018089266,5.26820684446512
0.32142000396814213,-0.08031095141048561,0.26886131894598103,5.483601272141576
0.30304226688002744,-0.0747938269491327,0.25474895847757484,5.26707971120844
0.28833066147743247,-0.041130397386438075,0.24447427908805558,5.068838105816954
0.32931813549663735,-0.08589641567271086,0.21558108160435366,5.1865093346576305
0.36341591972859305,-0.061266995783099666,0.19867361083812615,5.3656076130676364
0.33209008107502425,-0.06842681397795534,0.21142205093012412,5.209638586035305
0.2356849461940304,-0.043449697524234186,0.19380975437851397,4.487000569791085
0.3634634069708341,-0.059270402465456576,0.18200557937763565,5.157538322516699
0.3371380462897603,-0.060177249241667154,0.23679342715194482,5.405257012676273
0.33820896655882043,-0.0782440161119266,0.23551345805844798,5.419977798468802
0.278740545444313,-0.07331451319369636,0.24164370558407766,5.143607635055702
0.2901413585763315,-0.07245629342964244,0.22447298474880958,4.97630693072674
0.3205802819653545,-0.043704142279747664,0.1972029542007039,4.920908395115043
0.2457184277084614,-0.0914331682190674,0.2707755401244052,5.156409124767446
0.308662865591746,-0.0834065340365528,0.2500008918137429,5.358221896009245
0.32588641741365504,-0.06911459290663083,0.24026634517286005,5.306024968856503
0.36593344709830145,-0.06967076757009223,0.2542803813636392,5.734807387622664
0.3290645858998264,-0.02860366543690817,0.23358442202712182,5.213736094675252
0.3276895613138667,-0.06023643652152371,0.2639444596656037,5.448566886872939
0.3712267222201609,-0.06056738800647672,0.26350330002186334,5.738439073532069
0.41067079465477524,-0.08518787039108602,0.20858651217535076,5.886117436038951
0.3840944529134008,-0.06430314704391216,0.21352697961172104,5.584478192424999
0.48667524601954737,-0.07274388695729783,0.23693014997939452,6.451081446905779
0.4588857908253922,-0.06212969393810605,0.25093006989820815,6.317618122800062
0.5169680240856901,-0.05315900714421642,0.22341960371009545,6.492029625378642
0.4038198434663789,-0.07926810664216355,0.30091889009845124,6.101566782159476
0.3606956957980252,-0.06490933372614685,0.22656519436215222,5.3502074635104675
0.339819435161243,-0.09485974068221802,0.24206838466962213,5.3166291546037
0.31307662509411893,-0.0495879403544367,0.19863972080414508,4.8222984931456345
0.3666365144720347,-0.01461555398004378,0.2019266820975654,5.006897458354051
0.35973509362439826,0.009370486723680313,0.17623295234893052,4.9170825846177015
0.3432577282615962,-0.02211707089927304,0.22089212422978993,5.00987329007079
0.3392414206709757,-0.013069588284971874,0.20772535977926335,5.140080694221661
0.3637957323988014,-0.02564465741704317,0.24134134347802388,5.429370265110221
0.3135075574188946,0.011741486030870824,0.2092961839280428,4.7868558614680925
0.36919045913259907,-0.007756182905808998,0.16116419679346558,5.042682790608575
0.3713427170550766,-0.031993915578462616,0.2057309799862911,5.151001331618316
0.3575057597361185,0.025927845504455125,0.18032738298956677,4.911672273111439
0.338771058555793,-0.016219868598086766,0.1893213684381122,4.931342957866419
0.38137996168688965,-0.040007062920971045,0.2092621789112116,5.348174662554641
0.3698453066545282,-0.038030172861323146,0.20316280312981014,5.4520823882895515
0.4027996232770113,-0.009837131613429452,0.16405301962937166,5.3728976555425225
0.47305904765843415,-0.013702692375779903,0.12898302107223747,5.586821969939024
0.4512923626958256,0.011756015064591374,0.10775218663853699,5.453783930362504
0.41889725464027655,-0.009597494582294936,0.13816822570119336,5.434197932349212
0.4267187048086527,-0.038453979202945,0.19993371752445072,5.677503524598915
0.40367208456888715,-0.05581340091128512,0.2198614862039445,5.609613262747047
0.44373485570784843,-0.0702861144776582,0.21042206478526285,5.912113188673113
0.42006940439037194,-0.040704449895287785,0.1983643415443257,5.5298213286301925
0.42211886059148956,-0.051788185777991935,0.1847462685498749,5.586256772245412
0.38553586809959517,-0.0347929051483867,0.2114578721074302,5.430237937540643
0.4299348166694964,-0.056784571504315,0.20647369553152242,5.682510870232921
0.4158095062592604,-0.06228758103513422,0.22106789177561897,5.643086483564137
0.33232904483815545,-0.03945654047547524,0.19532577874053314,5.07026136063824
0.3636224287526749,0.00610650190262646,0.1846373385350024,5.040254337495718
0.4158810159538075,-0.05518902661301964,0.20081226703735375,5.687526561725668
0.3759734672641774,-0.011269283792705375,0.21769296522533493,5.500104274109733
0.4789146282954656,-0.006033218059649123,0.17473378520508132,6.003075102450569
0.46638944306580277,-0.008912637766789473,0.22654018827956465,6.040809186817089
0.4511711428704178,-0.036603412321506046,0.22516011624766827,6.053305409141885
0.445563753536034,-0.028264331660057717,0.1867147675989828,5.81593948649823
0.4125557975837442,-0.02349154688190099,0.20496985102871143,5.711690295725397
0.4455244256053454,-0.02571777866771321,0.19557060738716858,5.8538187176794
0.37860156315433663,-0.034004093716672415,0.23357392558790444,5.616649603393939
0.34768843843244557,-0.015142388695030587,0.2516679458266983,5.395635333726935
0.3751612122702264,-0.06027183607476887,0.291717175179937,5.851679451649972
0.3870600125434638,-0.03700622769073122,0.24605875148847262,5.724115122426522
0.3412519680376987,-0.028557415738234608,0.20165857781762198,5.198002225157923
0.389836045460606,-0.07234380197608159,0.22478916475525224,5.588805555254577
0.3581699533803491,-0.022088808678489814,0.22053695262170817,5.217892499886298
0.34572918842485917,-0.02480504703010266,0.20288389070026316,5.061180324512556
0.38824404295468906,0.03067666468406536,0.1962422244897028,5.41299238424792
0.3714494655942555,0.056502121839525424,0.16661834364006695,5.004579148948395
0.3755810624305119,0.0467001638502952,0.1437883893414549,5.201128707198202
0.36381735017884775,0.016367812499040554,0.13657519836506085,4.919417754712678
0.3263362656622908,0.025685397964046147,0.20273468921322157,5.041606677094826
0.36260210239536145,0.0032349730344237698,0.16187367137363992,5.051900211743781
0.32978619042647245,-0.04041394926462125,0.22795193460111912,5.2386781309408805
0.3810204260334384,-0.07626745854388405,0.2905585136238736,6.000323174663856
0.42608517502621024,-0.044459524829974714,0.21488146147400342,5.968678391522777
0.33325935561021985,-0.009762529965888585,0.2259302176716959,5.3059495606904505
0.34080855310851527,0.018683005574271865,0.2461065169295327,5.443876153835122
0.34164680723484936,0.007403122459434959,0.27563638823269926,5.514880525052969
0.40265526668676926,0.03753284202106983,0.25763584739297773,5.861235858472966
0.394677745201721,0.009419091757509653,0.18597853676464215,5.611965339553412
0.36659544209005207,0.025698834820205043,0.23646950096768607,5.7193454163938675
0.42134712244773426,-0.034041643604788424,0.24168445861790291,6.139805129209264
0.37430694107460005,-0.031518547651507,0.21844787829641316,5.414267347652327
0.36917351346336774,-0.08327593161211283,0.26867249727800413,5.752804923255213
0.38780666903140704,-0.005686970428661949,0.19320990632370566,5.419067671972663
0.33881355913777395,-0.052317267868928666,0.23207821255650493,5.395423690276082
0.3452348497781293,-0.013959200408586036,0.17065923861173343,4.886590307262443
0.30623077628981166,-0.03764837808105163,0.22226801917356281,5.0100187714823345
0.29945856721990494,-0.06812281790785318,0.23595268757742988,5.141743234959083
0.3023668041923653,-0.039811997194394676,0.2138937059117053,5.079928616081068
0.31213942697176345,-0.05985718825751169,0.24881263128958428,5.220142922109432
0.3185372758281706,-0.11141525632226527,0.28259705554532255,5.643710142499996
0.34343215975220515,-0.058254073481685376,0.24727704455762584,5.50014387293361
0.3027299045644967,-0.0971794694016609,0.22796781663292492,5.281086396800057
0.34108240713404636,-0.04606251390618986,0.22360980678479367,5.30409134789342
0.33342454495795476,-0.04105711816518261,0.22340186894983788,5.153751100937156
0.3200647291475726,-0.05404973824068681,0.2076680562114451,5.095292753187179
0.39680392498207145,-0.04581358774817674,0.18048627877174744,5.329520856968497
0.32942014483400883,-0.09844297737315517,0.23603360949478341,5.252611288227758
0.378307842841874,-0.08706615207215199,0.18686646795220582,5.247039441336198
0.42554534857601195,0.014486376666612535,0.15200311253864615,5.364648184173862
0.3820910756088322,-0.026081692604080373,0.18671031285439418,5.343987458986677
0.40644739281564524,-0.041819187982665644,0.18222121072590813,5.360402585403236
0.41069967234143495,-0.037948250604622404,0.1728788719470259,5.414534740100159
0.34607464881033895,-0.04178093838805867,0.1525592700351671,4.938453107314315
0.3837948070843038,-0.05136875780859878,0.22371539124481177,5.482014955011346
0.40869461371289967,-0.05669670612039123,0.28075572857789866,6.090378789787536
0.46071326275090335,-0.06740215487841504,0.2421492654470747,6.141453250813162
0.45832921266876564,-0.0357191517752073,0.284058655775462,6.46036392984329
0.3742184017455105,-0.06500507305388192,0.23834239819957873,5.423854157572569
0.3615620291444768,-0.024788154822165863,0.18833286266476398,5.08279835288044
0.3546328445822852,-0.06174380365662706,0.33296561165653293,5.998542619013934
0.4199519187084501,-0.08973272639777269,0.24877723309689276,5.991813390941469
0.40790392091770694,-0.05304895629349023,0.2604030728846157,5.6994190939398255
0.460222695493853,-0.03372816904694573,0.20437893575148916,5.798426218032433
0.4319625557117271,-0.007909214210212439,0.19120985938844767,5.573772835912031
0.3891690875249503,-0.03735106891369158,0.22218353002622857,5.511733017464497
0.3682793713162692,-0.05182370504380239,0.22234403063633681,5.269968313886519
0.3641233819484879,-0.01729721989965279,0.22501512665050885,5.208296277491222
0.40076727073195206,-0.02608933664659745,0.2612141224376988,5.724417501372242
0.3601916154911932,0.0013760415984842786,0.20325761144413315,5.007742181289762
0.37979860604338045,-0.006583738906443066,0.1811721493642472,5.181275345475797
0.3689439675949121,-0.01685382110719423,0.2505489144842676,5.384970287284674
0.348003289396971,-0.00977290014137678,0.19872405224973336,4.999233499812772
0.39150965774554536,-0.04354081820843819,0.2147728331438166,5.277557634356782
0.33684633307860556,-0.051601983995488016,0.23130757589966863,5.2595773274833855
0.31260423092663925,-0.06573679138753999,0.2680087765222835,5.386233010223646
0.3228697297946443,-0.046070390102010285,0.24649532438924973,5.095547175986655
0.30173637417473764,0.01193958631690698,0.2093297598935052,4.806909580060528
0.3304411003009361,-0.012147581147012447,0.2613267870988763,5.222873411582865
0.37665522207010316,0.0266425547933692,0.1789980040293666,5.103012853036123
0.34969750665356525,-0.015481178671005527,0.19092343244218743,4.915676427924322
0.3425349274045482,-0.08178120944913443,0.2487177771407394,5.254635457345594
0.32933702687977473,0.0300717021548635,0.14722119932924252,4.524756153579396
0.29331281318695157,-0.02366428614008786,0.18940218221386507,4.736199402683896
0.32832319912924907,-0.0025230146022634896,0.1412838229127964,4.6351574916820795
0.3423264319781683,-0.04467870351383462,0.2387014349166583,5.228147035479801
0.3069226700668604,-0.08475442742000983,0.2221810468233316,5.034284648222826
0.3335041320159868,-0.05864887500880855,0.2380368991017902,5.114921184215256
0.3518036070375083,-0.06441486409946758,0.23156961171680351,5.513105301324184
0.35170537886783587,0.003952541843393171,0.1686301776010965,5.226974477347102
0.3381862279988625,-0.017338841939971504,0.2557992791885252,5.406264712008249
0.3786645331858752,-0.0026396046723530173,0.25295161991101145,5.680768649571849
0.39798569535780465,-0.021550991064421262,0.23984398534656273,5.701770286039456
0.37253272711589575,-0.00776564217557519,0.18846022847140578,5.078336123841161
0.3699041541956128,0.005686399187716912,0.20569081054728666,5.318673074264371
0.3950518725356036,-0.025288138149958738,0.24003482429496478,5.455298089251116
0.32854007973627536,-0.01304070685110547,0.2290285939953711,5.122781213151859
0.31576256874547526,-0.023997664432522676,0.24336028288886272,5.158216466242956
0.3280913067904584,-0.06093808060712048,0.23776853648106153,5.104464843198286
0.30414174005665645,0.016276395180723865,0.15031762860985443,4.20995076423046
0.30622652924590493,0.07600028313965963,0.15472755631313692,4.463191691922377
0.3659034550506572,0.06755098188101326,0.14828975899974922,4.883507598736695
0.30770763790302985,0.03272730376822376,0.17668012509742745,4.7514846776052595
0.35692503412229054,0.01961343141270258,0.24588436250862022,5.176304566471102
0.2935104574998065,0.007539094647537939,0.16841888619839793,4.42692062029767
0.2292786749056956,-0.035048221441047536,0.23325014984635062,4.449666109824533
0.23798191609230437,-0.0025005460382520692,0.20041295949876076,4.321536454067231
0.296555206538234,-0.05288828377316711,0.25447406625910424,5.13490144398261
0.27688565530324716,-0.034461474139388645,0.21735691072388302,4.612658769371911
0.23283434295495417,0.018451602020854378,0.18987380040684865,4.181973783594204
0.2482642408100376,-0.03976381725783787,0.2833739778276299,4.942991815554287
0.2604096865784603,-0.05892588506278389,0.2708271862847722,4.922938866449148
0.2999413002800218,-0.04289281775635962,0.2776329650818194,5.031687097536545
0.27745973682191927,-0.02695376938537802,0.2149613019426718,4.452320821019619
0.29057110723258084,-0.05349202905132333,0.2123513211911409,4.737656738925862
0.29602216675812226,-0.024988384793919027,0.18796572713562676,4.631467866584199
0.2521002461364093,-0.018218223908142924,0.19079021530900525,4.284961940453851
0.18597815341397722,-0.022342484038920616,0.1651855188556252,3.980747009248911
0.2552459883989678,0.0016856806564491508,0.1746738086501335,4.367061302518454
0.23231269577375985,-0.019781770214269634,0.1784641313381305,4.1689010339009425
0.2855191402480848,-0.022833517032601714,0.14860345988581244,4.406418439686738
0.2798815244187485,-0.021394809459411215,0.1860029826089777,4.721486808524088
0.26515437123194424,-0.03568427460569482,0.18927728195052124,4.5498076684815265
0.22111184703711964,-0.02038098893056276,0.16423657888142038,4.235879778287935
0.24801021660141975,-0.018652044254892617,0.19582967211019953,4.50172081205111
0.3051152470010885,0.003692899000151788,0.18930640504152846,4.780062970651588
0.3119849012456212,-0.004760135651361138,0.15160936907436415,4.676869554298489
0.29636176777916273,-0.009863054979591909,0.16669212397841077,4.623412073134283
0.3725686615134879,-0.02107000979288082,0.19655304258906772,5.107146458485418
0.3851284442702892,-0.020671455767942132,0.22793004547657977,5.538588842308691
0.3475773082216376,-0.011693370399451434,0.23879873499206242,5.309206038140721
0.34998667675520534,-0.08298175091390764,0.28175899885570144,5.739303018173093
0.3150347881716158,-0.0010605069491351348,0.241222700099375,5.2131158213270545
0.33243350114932907,-0.021394311707962438,0.2752653422627644,5.511544085720256
0.2973956444159909,0.005086859558853028,0.276761734957289,5.385842420033464
0.31115230630135665,-0.020850045564099817,0.31549564169358657,5.616648774823153
0.3813804946778344,0.011682900320217224,0.18955017458020282,5.459155646037783
0.3951091825752483,-0.02100262618222174,0.24092555925143663,5.700955434586923
0.45111247921930675,-0.023388818485611144,0.26609453314613024,6.282632228115098
0.4207922586344554,-0.03916360786697502,0.2963821774866373,6.284736003128588
0.36141117180752175,-0.025134288077314194,0.2806654387268664,5.733233483281819
0.4120540399305689,-0.0030683836703699454,0.2727222672619215,5.994803171482907
0.43546172083527573,-0.0430512072550148,0.23536183917242198,6.119850871809017
0.33748938123358485,-0.03623957721235716,0.26057650451628994,5.519687499577467
0.3935748386632202,-0.036509346216659605,0.3200787934983097,6.207690031046557
0.45549165616514575,-0.03862654018343813,0.26983318836224046,6.385413012615637
0.3919303297727966,0.003983721282847365,0.18653521134613313,5.581590568004786
0.3619109802744654,-0.04948584362751583,0.25181185859805044,5.434123216716396
0.26291969290518036,-0.021388919115206774,0.25306504837087246,5.047002517943005
0.3452389720789769,-0.011811277209768349,0.2237259238017342,5.2818053284179145
0.3513837739145313,-0.0032681563098992976,0.21129521937150197,5.461387991235696
0.35529055709632146,0.0006053084237181064,0.14220602135865318,4.884914039168996
0.36649229376150905,0.00865826966159631,0.14616238916655783,5.058536728444688
0.34026309597710735,-0.023489909006395065,0.19807048748011855,5.138053755554268
0.40314993473264216,-0.03197616154353556,0.18858441621283278,5.604527996195448
0.329761619094262,-0.0027453182899944842,0.16764677208919246,4.952131469834829
0.32749929149268553,-0.00474004662030269,0.22209392206506903,5.110161463985948
0.33212696096988764,-0.0032565140116168935,0.24110362498761115,5.332952550069657
0.3708665372152865,-0.027522751688921338,0.19226729546080412,5.299073154649842
0.3568329696132373,-0.010902558617277174,0.22227155259694767,5.4482377948305425
0.39705328705904225,0.010201247972007018,0.2024105988012326,5.6304923269442
0.3316070781892942,-0.027352231268672166,0.19251554564542916,5.127578830984266
0.3243301133165108,-0.03239798683983836,0.2417506326015105,5.4446413161068925
0.3268712607628754,-0.052899694946972026,0.2336205465114818,5.105202898956452
0.2718021843902626,-0.07763682794135848,0.24099592826311614,4.973252046101225
0.2898307776971447,-0.073109173242114,0.2607074326763838,4.942184641608499
0.42682506242719814,-0.0019147396202387622,0.17884588861212639,5.6180160570587745
0.4409562176231712,-0.01479718611095166,0.25771038946061015,6.133258787528399
0.4292124696663285,-0.0503826150361438,0.2527342824563724,5.798194100562689
0.3866041328869897,-0.06636341803932014,0.27863407286566294,5.660960910649508
0.3658409306740886,-0.018836090120674217,0.21864712369735642,5.145836307643334
0.3424938844167414,-0.057304282900919844,0.21730691478318587,5.119466220259496
0.36080960457629585,-0.025657931640621134,0.24141064694229356,5.368533385875951
0.3338194607962727,-0.03598828206660521,0.20706025061160047,5.0793847880067124
0.4010324095343292,0.03397680991493339,0.20018626918022478,5.369359500930843
0.4551063871577082,-0.010428015391765792,0.21365045872438615,5.973435551815065
0.49690920080478257,-0.034464411578621366,0.22447904690381879,6.3006831721652405
0.4155213451951965,-0.009339474741717547,0.21444083121160004,5.615039072631951
0.3941569400163102,-0.05618065188944478,0.1914526389176117,5.304170676836848
0.3806346273517533,-0.025327985640273543,0.1756479653577981,5.09415688653996
0.3903364775290618,-0.019575423028514182,0.2463186537667857,5.422417571835784
0.38496708406937263,-0.030480002541701107,0.30381095799386365,5.736694883029022
0.3905296290978942,-0.04372642039483565,0.25504958360656343,5.537248986361637
0.38504958066231587,-0.02137073323240767,0.20217987857768532,5.331502428623919
0.3869179696606507,-0.09976280232003303,0.27024410941983223,5.746593235502707
0.36655121304501925,-0.0593465533208935,0.2738320535160119,5.566815167305789
0.43078802996893184,-0.07855199877523908,0.28670314801091207,6.210937513209316
0.4536728759001507,-0.042748714782833194,0.25287172755094667,6.15078807507508
0.38646355101356455,-0.027414902210794696,0.21492456193734466,5.417308368546572
0.41501851152411284,-0.03738005010475218,0.19229753538366381,5.364521800111825
0.4537695327343891,0.015390414007478027,0.18994083784287671,5.797604064985503
0.39654664905038134,-0.031579619644376174,0.20994536600303698,5.394889430371173
0.42073255157618816,-0.05515898365966993,0.2102010939303362,5.632004317768463
0.44150414681515376,-0.05568960497997173,0.21493360546456142,5.877665602112125
0.36755579623701634,-0.035091282950421306,0.22077675224198057,5.479802081810521
0.3969016171711978,-0.023980166616125505,0.22796519741447413,5.5561956207151875
0.4373894315160382,-0.009287012199848106,0.1594232246495276,5.622783375109465
0.43066218790438493,-0.041214279770437894,0.1960885281805716,5.587178195661621
0.48125676822634506,-0.018943773977147624,0.17024790148929628,5.803798805674007
0.45349143614390935,-0.07138325763204166,0.16295815839357058,5.7305308438327005
0.4603628776516871,-0.034551703915826154,0.214076244851427,5.990234148974116
0.49883966046931694,-0.015317044792365599,0.20274027598543973,6.220281597465595
0.4282467525719014,-0.0363881733521757,0.24089052284334483,5.883672230546406
0.3913453484962958,0.0005111573692870714,0.1685667620241908,5.401421875507014
0.4444525596793872,-0.003767156699872487,0.22488222467640212,6.009017139059655
0.3966848301527117,-0.039993623547146216,0.2752591556408596,5.937466323888513
0.39541117459602465,-0.029540993934957075,0.3264478683360494,6.2923049544376335
0.31801552659945576,-0.04289957608353587,0.24317944699235444,5.182122545573095
0.45209907341101346,-0.029247266834270428,0.3084738490063723,6.463863269736433
0.4780960221163924,-0.03872102042457629,0.2828917411574808,6.702862290922524
0.39674855259901376,-0.021721626946875523,0.2729654929727221,6.054714957713122
0.45105030882255726,-0.05825986730152321,0.24685076769927358,6.286103830909013
0.4443802561106975,-0.03486547401376835,0.2283857649347454,6.161293892676023
0.45771492674972736,-0.009282821747402524,0.2161062476793163,6.112519785835705
0.4438919645196549,-0.011615678204673092,0.23508190426597925,6.098436986400574
0.46781253411744883,-0.06787934157946203,0.28588130123840955,6.6733830135071734
0.4816144344994135,-0.027716360550851006,0.25796091180967806,6.65433867012961
0.47712560408732524,-0.0007315066144254656,0.21136253114735937,6.239991480785377
0.45649616053520375,-0.017880490514117043,0.22215615232475622,6.186559981885047
0.41850410066916877,-0.03392418378277137,0.16887409543890974,5.613447987371403
0.4115569544143476,-0.025847405586241178,0.20948759824109492,5.744725671768422
0.45361576254924363,-0.017976981908927117,0.19685771672930844,5.939599527545049
0.43231259807613187,-0.0652248242079955,0.30404437772717857,6.212485038955147
0.42319555385378343,-0.06218951820695102,0.27658514247475596,6.121958260705055
0.42266894011754047,0.0059820559126569925,0.28127775643774594,6.00947391343283
0.37646250499867756,0.024413675910494686,0.19429387689031621,5.454185789805875
0.43319110838191316,0.005528973375474356,0.2303969593795549,5.9187549501709595
0.4555375823942346,-0.01621695547754786,0.18206490896397584,5.822014256283383
0.3887520295126645,-0.010267638892429837,0.2530233851224262,5.58200752816263
0.36516819489054464,0.0002764016142524529,0.19885020857170296,5.2737732993811575
0.388570861163607,-0.0002441661033488573,0.22965242500508556,5.633460981696408
0.3715630887530873,0.03943544729560465,0.22889676500559689,5.598839749405821
0.33639574933748334,0.027226857312299034,0.17578114053873564,4.811232986117693
0.3235993489810863,0.011415903942293618,0.17053210099536328,4.751795820399712
0.30846218113045365,0.025536675091634643,0.2100720696339374,4.795828330477708
0.3271213561532007,0.0188071531073847,0.1572559469541079,4.620721225628283
0.2872365847404572,0.028172832605623525,0.16688081330987628,4.292795306271799
0.3050696622847399,0.030409849874544266,0.1690118189838844,4.488909311909206
0.36147586628511186,0.015175212910019914,0.1540294556648471,4.73643384066065
0.2855025366553107,-0.0115926841033204,0.1796567676579805,4.5284558327409625
0.3537379195647182,-0.003165558077458596,0.14796599461560322,4.810749324163243
0.3255034465950773,0.0016953470053155922,0.2017181637447858,4.8061101213199935
0.36350550352259897,-0.00027505888289379324,0.1617808449970216,4.949193826606374
0.37606490231436307,-0.014810948571219654,0.2266309873228576,5.285050396776499
0.3266466284075805,-0.014259283546860728,0.2166623601775116,4.80275917552497
0.31184277179722575,0.0003677387265791598,0.23899139616940576,4.916636857104862
0.35414603366031805,-0.033070515905354966,0.2351064514859996,4.915847585220102
0.3863383821101616,-0.032089772058769006,0.2504787422092788,5.333216670396594
0.31464355727301857,0.002040425411801246,0.19913930448393952,4.761903480253757
0.3258584087717002,-0.008298476620891148,0.2941934999363646,5.412232680797597
0.3923150062363571,0.005920536396703108,0.1959455578600134,5.230605414372361
0.28951888587118274,-0.04227469686377131,0.22736575683251659,4.775428683210265
0.2952434639029301,-0.043802329345821234,0.19670367182289225,4.568137198801641
0.34627146817605675,-0.05019903989154616,0.2288265094259884,5.078876499952041
0.2874350241917265,-0.04294079820170363,0.25862895475271425,4.975828152461792
0.32952206183358196,-0.017106139638857282,0.2134034561319627,4.820207153773091
0.36500473805527417,0.00015208242804757668,0.14745936832891,4.8132342588263315
0.40978046000088886,-0.010492600411863588,0.13278106081628133,5.179637233942706
0.3815573732427323,-0.03755130689508844,0.1519424167719426,5.137291661537981
0.35259571631815245,-0.035565149829410996,0.23654850645766173,5.223482021584702
0.47041386553740894,-0.031968153094540014,0.24017270023890486,6.033568550791324
0.34279283548826445,-0.0257876108026493,0.2093049766516703,4.865136523564502
0.3870465891823803,-0.0156556618819826,0.20527727321121947,5.192816410725952
0.4060317714807309,-0.03744116691039328,0.20965800470744855,5.299661508206468
0.314700603912617,-0.06381282719228284,0.18521495030310484,4.738913177776586
0.31948001292251926,-0.052335331045283706,0.21456460069846767,4.862538493253346
0.36221996543304974,-0.034866697682563896,0.21889323891576679,5.092763249001487
0.30141211476893043,-0.03261263036331271,0.2336793691540206,4.821412627644827
0.2915879055968855,-0.03568867137219753,0.20631401062173244,4.635938214932814
0.2779985867503018,-0.05384066304261914,0.2743248664926354,5.161491228720448
0.3151655583023906,-0.03110971768766943,0.2102786044520376,4.867882381279879
0.3521476575299309,-0.022542215447333785,0.24616529715058622,5.319669601036614
0.3647360679117992,0.01281153673011053,0.23379757428446604,5.29202716803226
0.3458110738420367,-0.007066897053239684,0.2552341713602903,5.079027753312563
0.3483841798764019,-0.01915293585464787,0.25004443127905407,5.084217404550254
0.2991467896730364,0.02902975320224625,0.27232938886818286,4.829434782515406
0.3205631802351182,0.014778282438119694,0.20824155261389532,4.840717215936456
0.40077397858885017,-0.03320976662238442,0.2288576125055525,5.423402666629896
0.3121774831658943,-0.02163391843290001,0.2624704400969497,5.220274702712453
0.29868929691870544,0.026037520560531498,0.22835368803313558,4.794809858488746
0.3061662039855279,0.024267506350265474,0.24306024658560152,4.986208206765677
0.31247301461234256,-0.016772461768897722,0.1712295782456977,4.617242107331636
0.38355178416680247,-0.06615424815260806,0.2499636454852261,5.600246352214413
0.3636542510819354,-0.03397358528194245,0.26116522911791973,5.3393257723154885
0.2806143484620638,-0.07304007813396798,0.2191461411787181,4.913645865469615
0.29943665692039667,-0.022197597142059915,0.2211161123242483,4.9037150905937334
0.2920574653473919,-0.06004564212941082,0.26106250342207354,5.275778385905683
0.3589645142674422,-0.050705894619241146,0.24195745567886784,5.347746522354734
0.3326024118057094,0.011503998220547894,0.1899024344677072,4.770968068575869
0.2897036365618101,-0.026175892866599614,0.2073067364358309,4.953941374421589
0.3514428271485298,0.006319248327333502,0.16493822618520534,4.835662233450224
0.33935305228396223,0.015098785813756935,0.169824535139033,4.620163335369511
0.3055179892475398,0.003453469945340776,0.15382423546555277,4.464767454791906
0.3645368877032897,-0.012532247230452155,0.19816309906610866,5.118463363410773
0.35688898328098745,0.005295552745693597,0.20396232838102069,5.0665817530377595
0.3587776483720188,-0.015557958142771007,0.195988157775256,5.030795618292005
0.3748886686129984,-0.009671663465174955,0.1583628934277168,5.004682339574185
0.34216136369050204,-0.03629465832657855,0.2102067068697746,5.044144446901147
0.33693294808108565,0.0006988227513509247,0.17608268799183016,4.868756415873046
0.3524131629937335,-0.016147169118185766,0.18463877133520898,4.996069177405184
0.30613499603383504,-0.018695788649541124,0.1913134893417711,4.7558543126410555
0.3524960785987077,-0.0020430628982785696,0.2266878290342114,5.150544039427292
0.36067728787145614,-0.027610468968008024,0.23374999709493496,5.205545122169184
0.3843476793860883,-0.03834449593744073,0.18650412316529652,5.134291838555465
0.4194728765923344,-0.06819841643149518,0.25361186683681886,5.817625177935457
0.44183651271441876,-0.06358622714003877,0.22374093884206803,5.827272615417226
0.4077763545164093,-0.049990151304884795,0.2282629303161846,5.460456539494013
0.3951577318640995,-0.011967016716208399,0.2021905880577408,5.309020107431327
0.3319809823383611,0.021454924547122514,0.1482983344236396,4.54684227109448
0.35261969841743396,0.020975700997308912,0.1592221030842076,4.657496111136437
0.3591580325660176,0.04246051476620988,0.1123938661932378,4.6230779758356135
0.35713769003415324,0.014165344267474995,0.199736598904576,4.983982190273701
0.35323980357079515,0.0029006252567025186,0.14431333408740793,4.84240432532915
0.29249242232725486,0.00812688383874592,0.13702154423623866,4.566630444311449
0.3131633999898584,0.003269387227064821,0.15149117579635946,4.58684636844499
0.30086378390943547,-0.01600018243229226,0.2022528228668901,4.741689719121242
0.29246708377745345,-0.015931087843634333,0.16561822115105926,4.472404342243527
0.35676630000153836,-0.013384981559103143,0.15284665734017774,4.890099090769405
0.4270963612529935,-0.01591643763262385,0.14426743795594105,5.307415054943315
0.38340594349297275,-0.030802246660540183,0.16402715658538775,5.098752400906213
0.31330377443060864,-0.015708958069252054,0.1909914562241795,4.921048851307614
0.3118588864354523,-0.035233489391474936,0.2405230886417679,5.20669247279145
0.373361115660051,-0.04427413519000138,0.27288926552890463,5.61063126270899
0.40024574953417996,-0.013894326254423802,0.2054742226984632,5.272355148758091
0.3089942350171127,0.0044473841693296315,0.19281383435498875,4.733249381014845
0.3026979358660205,0.010990693426821104,0.2305175381768911,4.933302010652088
0.4123207462772424,-0.01848118319624088,0.27278577695267897,5.956403772938107
0.35165495937874336,-0.028391109297111135,0.21675260299714766,5.189627107902257
0.3488682290346599,-0.02729460289064037,0.22461520881515407,5.12214211938555
0.2787380647610835,-0.05374550407273907,0.2495812878296251,4.842805746728672
0.26140645718374667,-0.029634349552092598,0.26570089770592026,4.82686482725944
0.2947250197945375,-0.013005565035995903,0.21257972246698395,4.6980723205068955
0.3052931461335701,-0.043757867744691564,0.2551174711033549,5.100767915536986
0.27959180523693844,-0.04243750923763156,0.1943244141301532,4.706509137496803
0.2960524504300623,-0.011787604932907527,0.19118292242021184,4.651030579385916
0.2696275431786462,-0.004286796025035606,0.1938126449698333,4.58523981158107
0.2710067807079504,-0.000737887890138596,0.18229933564865639,4.668580370932568
0.25250999020152093,-0.0020276110697487505,0.17147986993800862,4.3564542600252
0.3050202126476477,-0.0393320310568132,0.18066317898510062,4.750199881556988
0.2570263887391533,-0.04285019904997743,0.24162817283367408,4.978770518275075
0.3453290513512127,-0.07279466771379985,0.30674993883651847,5.762199753561064
0.27623661051111253,-0.05833451660821475,0.34614626915580815,5.65567421358927
0.2728223954458993,-0.09124132836287574,0.30334116902511904,5.396509845439347
0.27248320289227723,-0.07446367154777371,0.2544610090109216,5.1823538069409745
0.31733805137267906,-0.03768517970809173,0.20854797584545237,5.0139384513192224
0.36644899283453597,-0.02968677315066337,0.2254705259744031,5.462427846673347
0.34335110060384566,0.009544186002346784,0.1164152358326648,4.6571265561107476
0.33367356031957124,-0.013425182548992772,0.12123547093921573,4.566289770289358
0.38615219302692727,0.009772466899963039,0.1735920862103743,5.048858685228603
0.31809817312566496,0.03466168906383588,0.12247708273293569,4.5900278592827926
0.3640438705914344,-0.028729331301329066,0.21436564231023916,5.214091286318648
0.3626760620578838,0.015702679936404645,0.20617515078838958,5.146396560559041
0.36418381948085,-0.03588530280929999,0.1729873260399042,5.15810140764094
0.34831630647604345,-0.023720610929672512,0.1851687113992148,4.987895517974021
0.29794426673963453,0.010328534058810944,0.17123489255627128,4.593617086905664
0.2592097888989151,-0.012452685138238075,0.18552546750402485,4.55662443869282
0.29256125568360075,-0.012209557543454052,0.18799483515952123,4.760134034288024
0.3130256382438984,-0.011971179627617694,0.18524829393518558,4.768807308822117
0.30516688294382854,0.0020285224013944646,0.13876352807868794,4.570903981880517
0.30511347367155817,-0.07658026004133585,0.26767452485328325,5.252408665655013
0.30668075396934646,-0.07733667764398759,0.22523155715947982,5.022364157641526
0.2805165633362797,-0.016861328671713874,0.2230514821656346,4.6308018316222
0.3146544330975348,-0.005500940453206646,0.19578888951175855,4.615939405554429
0.33458007594694245,0.03603814623895449,0.1332935031555785,4.554010023795035
0.3029869395302648,-0.03200493180732885,0.19207179177924016,4.6910213449290294
0.3367863790383592,-0.03622374030827199,0.1996489237553003,4.839235385909647
0.3197285699838147,0.06481108233672936,0.13023145554471158,4.4251933958297425
0.3028027821331439,0.04334392345919462,0.1638778067027636,4.570263458469043
0.3265674178078423,-0.06072459482718094,0.26805560883559654,5.321422426409241
0.3226771572276519,-0.026597411990711736,0.1878211553699581,4.800862055783803
0.2812638436053492,-0.011643930915715318,0.1365445410150782,4.545524213179671
0.32040096148324065,-0.08347330884799554,0.23821422358188526,5.255838802028367
0.30378453668626487,-0.043068356096243106,0.23550729268167134,4.976462992762061
0.31096872188489527,-0.07458572125206703,0.2841640776223134,5.555633072300105
0.3381363008664589,-0.03786352657796687,0.2485479760153286,5.349990196364269
0.3797534778764264,-0.04517260611005019,0.26437184936552555,5.642642039367777
0.39747156534449335,-0.02429635560466401,0.1875298755801781,5.262584532310364
0.37581190142003773,-0.046704941966187706,0.17872529060759718,5.300222513603761
0.33846809762016833,-0.023614778021870092,0.21309780416386884,4.997697768406985
0.4008266811152701,-0.037695423876436714,0.1489573750759782,5.33369619258603
0.37143929505155027,-0.023770547648714415,0.14876377392636006,5.076568359900332
0.3999450832844781,0.000895648261405757,0.11685849074797616,5.17881333940477
0.3554126108855774,-0.054033895307409534,0.1987816251222422,5.110961697281813
0.3171582261056348,-0.0009302814167292682,0.15766324516853183,4.628625313714689
0.35772990724231196,-0.03852231707090313,0.17507855315637202,5.1108879424981595
0.32364470889606556,-0.017376538320118855,0.18836687810845992,4.759178038120339
0.3231039087091802,0.008347700297298718,0.17990444859380342,4.668286777692315
0.3097691120519639,-0.03181329971956356,0.22260184662172489,4.844762385642647
0.3198489287821134,-0.004123798307834698,0.18443913585952376,4.7737003883420766
0.42194353613325514,-0.013920491281879579,0.21763469486269926,5.716461811948868
0.33486567097780384,-0.01364659594912929,0.22715844799921944,5.07999649589152
0.33396451209921074,-0.053476394956475694,0.2181814914779923,5.285037105315951
0.3292951845816827,-0.04858128374560315,0.19954912764046367,5.029489659454241
0.3797174299419603,-0.06440995074381022,0.22931330279723347,5.455044639593163
0.34415439016360827,-0.0882096134865387,0.29528827799510626,5.647931599203518
0.34219938485302087,-0.04796737604506231,0.223067149716559,5.06544325800839
0.3129170708917663,-0.016508057432003852,0.2175730433848613,4.881650744957021
0.3903247921497382,-0.06126056692082747,0.18783839254384666,5.315222368090554
0.34844517709523387,-0.07877153573335062,0.21604549120686317,5.203849879737973
0.37500889140182325,-0.0011973116283289984,0.1356644782618996,5.00057522976972
0.39801798941324057,-0.031042543599345794,0.194616164423942,5.304502281990242
0.35554356766017337,-0.022797415150412666,0.11235322138829057,4.736955033210828
0.40075755978861355,-0.039360676776721476,0.1360795661021583,5.027066470329931
0.407449325632278,-0.055904316245035265,0.15195540935328777,5.150810725564681
0.3963022310938079,-0.03834391328589202,0.16568102779290736,5.021521115766883
0.38818871110152753,-0.07731596132808832,0.21018786823185534,5.415782211080057
0.32704674770729303,-0.025833043052255696,0.20133972680481171,4.905382629557819
0.36518221488002583,-0.06983508819846891,0.23144468488370923,5.324839283114592
0.3356803377453993,-0.06947062196316166,0.239420816798304,5.214846017819548
0.34889198387375486,-0.07099248606317335,0.22603439529094776,5.289961979606274
0.3573444229826436,-0.032651884143011484,0.19153200871900647,5.099988083294653
0.4057374395124444,-0.05114174151553704,0.23745064460401347,5.481975664003761
0.3603983224470651,-0.037239186601928896,0.2216471251841229,5.0616951788171765
0.33084588004618026,-0.024964750221127967,0.23805735554518914,5.072462248354261
0.39760431563827525,-0.07707981227995957,0.2528031018207461,5.647130347045477
0.3905308302521064,-0.08015484657965086,0.2671637067012735,5.759714078110198
0.38071337337080824,-0.1097495927096986,0.24150316746686648,5.530107251262421
0.4362313441150467,-0.06579976040883413,0.264636542018858,5.946481647565322
0.41299497240375754,-0.04348487251550195,0.2614055354066437,5.78404230587078
0.39318934055977445,-0.07666549363610671,0.2881589499132278,5.736930096993563
0.415609943221165,-0.03428830002531991,0.24328404194524833,5.554762516715701
0.4338208651870635,-0.08334769178536929,0.22054853965559454,5.611786863311378
0.415435651544685,-0.06156252479003067,0.2692569904135738,5.761756628057312
0.3810597091626023,-0.07913969908550483,0.1976800759243963,5.327128574196377
0.4123162256966449,-0.06572148217125097,0.2656703086111064,5.862530600184047
0.38971094008899576,-0.06891659181125753,0.3020723564421903,5.597522636039415
0.41298589932095525,-0.06218842557173801,0.28384466294283495,5.762451828779986
0.3524212877224733,-0.05329932902514308,0.31397619747098926,5.5115811980720055
0.3400356032852833,-0.07575206924644326,0.2750093700601857,5.276142577292596
0.352350386070647,-0.07995174114824928,0.27930426442330986,5.330505468585176
0.34891105371597503,-0.06736087983424628,0.23538980347797558,5.111894258781661
0.3446408542005971,-0.043179891647674114,0.31303659453705573,5.48668722386948
0.3627473030080687,-0.07521265300737147,0.2652909338618427,5.501267673951832
0.3704558098786351,-0.06669333353698666,0.22045038181355306,5.126968543888248
0.3684620731312637,-0.08880890897893098,0.2678928636394815,5.472596623235761
0.4017571308524935,-0.0749775661853201,0.28639027551821594,5.675931306255936
0.3530852902091719,-0.1011242413923958,0.29485328372842423,5.576372316472891
0.3139736830960225,-0.044579327670275413,0.26136920244744016,4.970430840399284
0.2638566301113943,-0.1110968660577083,0.37346189821595216,5.5475546459790355
0.3091525351331367,-0.04817784384032169,0.303032435696741,5.11971668920194
0.29421053787946144,-0.014393038069573557,0.22409072362435906,4.720166906869237
0.3324764424671794,-0.04105947008476016,0.1967099765154565,4.884596624756265
0.32067978433292454,-0.02737100613853627,0.24608015983510764,5.033242457361962
0.3388600712775043,-0.06702680803963317,0.27627906728978946,5.24481188746963
0.3698987428364496,-0.01422652963359299,0.20367052633158073,5.191692926440161
0.29644962880829473,-0.027447358409232007,0.20086645887571852,4.634822316721646
0.3316517505745242,-0.04800488797561369,0.28164321442446527,5.307794541970636
0.3392640403910074,-0.10311335363348188,0.28782451040727036,5.58878036059742
0.38217760176002286,-0.13667832106070232,0.25702350722520273,5.742835772445294
0.4237273058200237,-0.08878135772750284,0.21995682650243661,5.552746318517228
0.32527239431764104,-0.03551175416822597,0.22182770137752927,4.910924040569658
0.3520928241059167,-0.09620214259438008,0.2714362320301412,5.514155738586939
0.43336193060272626,-0.07316698904651353,0.2310611471582218,5.750991754593156
0.45765367540220314,-0.027285588664497748,0.21960675726430065,5.6037308992559485
0.40523446408756186,-0.0554435001363729,0.19866125106329963,5.121427863723486
0.37153355538483024,-0.10699997690054491,0.24760504028793118,5.564054791058722
0.36783004101169897,-0.12197994841581854,0.25188496606139577,5.620596689956016
0.42868540302038405,-0.13568828987694134,0.33591619086292596,6.255829537278696
0.41733510173289884,-0.1291040482542067,0.3289114012204302,6.386371667128777
0.3449396590646988,-0.15343331760144693,0.3581578976738587,6.203312531352507
0.37324355781072416,-0.14959070607482353,0.3598331488694304,6.266463753598886
0.36358780495745346,-0.14706468788763197,0.39189327492085463,6.437876558195904
0.3862759497580407,-0.12141719286428238,0.3431756968189603,6.010922351174314
0.3184015239832585,-0.12143329398071448,0.32075689344022357,5.660506044928547
0.3371917631391398,-0.11757539077123505,0.3386041349820864,5.79356966672544
0.336731276668993,-0.07553463942107173,0.3100274589980003,5.564681702184497
0.28579724251329186,-0.10724623903152906,0.3452290825718418,5.59956940098158
0.2818617822446769,-0.12170903156733463,0.3542879877921412,5.702078287594189
0.28458102245093825,-0.09538989211700108,0.3500894492660468,5.629344856279284
0.2752044623183819,-0.09326097048549134,0.34626203927690674,5.512206633953892
0.310985056907161,-0.14449740023648758,0.3802739996565086,6.171214029191291
0.33203266477467375,-0.15678749078599868,0.4173479070834047,6.465977964181434
0.36795205229575995,-0.1421095523991973,0.35328116589925035,6.138454601488282
0.30238736763103324,-0.1306346881028522,0.315859840998662,5.515768269385167
0.3036456375567603,-0.12000884158633636,0.28866573376600274,5.1595220634746495
0.30358206652972985,-0.11711781189643905,0.3134080427271682,5.380318793659963
0.2609635322780248,-0.07924764504505746,0.34823667539819153,5.4546406125910885
0.25279381836605785,-0.10219126578157092,0.30562385251889107,5.2611757110354755
0.3232296845527173,-0.13778103794898108,0.347464816872475,5.6820611589266665
0.2571868874411183,-0.08195178585669304,0.2847706765763559,5.232507075210437
0.30136396599522103,-0.07945982169358273,0.32002919502988114,5.469965230247502
0.34565163566733886,-0.08889143725253208,0.278980338604029,5.354903613945301
0.3309649121722863,-0.14877831764490665,0.3419481757985365,5.88932683912696
0.3593150706806553,-0.0716429116726304,0.31654671798108325,5.556815349690813
0.2931929353576936,-0.09240896899999003,0.28874665629802687,5.172882243534457
0.27929249480188084,-0.08145599431481498,0.31928907027543846,5.2806221915722045
0.31088549008871735,-0.10522124939738481,0.3125629282833006,5.5783779048394395
0.2750763168005389,-0.09084500699419396,0.32440705964110245,5.407989079095023
0.23259883070104254,-0.05160311013938653,0.2718050259209226,4.885624065158957
0.3176847710271279,-0.01031050859188826,0.19481759554469802,4.594847548819337
0.29975735344746995,-0.034072214630329355,0.20689539474170068,4.664085139450192
0.2796787271060067,-0.05043332217194368,0.27574798630354785,5.0396714498821655
0.3019749103342455,-0.0028069639810116933,0.2758218723884603,5.051098366392587
0.2350924420395434,-0.08903068578349808,0.30787204987415345,5.117889880233571
0.24057738286668123,-0.11201810043137776,0.34318593110938933,5.382604572038827
0.27931672858825213,-0.09115302627750459,0.2773018609759346,5.025287645877212
0.3020884289510687,-0.07886987742631077,0.32134462960041016,5.292717243390104
0.2956785110330841,-0.04028256191372286,0.30602111476978466,5.060812980945468
0.32515488560410993,-0.10917993459891757,0.3285005185350015,5.486512167329319
0.3288129044285732,-0.07385450679461268,0.3257240121004,5.523658717824441
0.3140080957658042,-0.0977719867815475,0.29645890126071156,5.350615689888425
0.36958303911746265,-0.1316943964202149,0.35438262983385166,6.156126358758549
0.33552840763914915,-0.08537369392891238,0.3455211761558718,5.969408481976646
0.32630285451958857,-0.06587680663554332,0.33680542252127466,5.815885983722405
0.4121293918634007,-0.06745885199347422,0.31930091298669094,6.192938505661326
0.3835322546152778,-0.1227999499725896,0.4062021699144375,6.657835166480519
0.3530167423646023,-0.12282670123359582,0.3980014263399401,6.133210676877053
0.28764601104284754,-0.13493599126574946,0.4261228459359013,6.273908649444698
0.3763604359331956,-0.10909471413104088,0.38953013465380076,6.4353783773068605
0.36760227953689334,-0.11679504863229308,0.41614544785119006,6.5486913820374015
0.29112164771689014,-0.15911143094763985,0.43617164705215755,6.528531458183245
0.3368509026787022,-0.13774884865496595,0.3792711216398532,6.368570266278657
0.34415782230083203,-0.10670056757752755,0.3970679863942385,6.431535196444288
0.25856139888201696,-0.1316936285848371,0.35081070874614206,5.75354202360373
0.31116968051394345,-0.1702272796277232,0.3996905930664694,6.2677453958489355
0.2690725723855672,-0.0815496297514797,0.3496460789503504,5.5592350348808965
0.3457126661577319,-0.08496320528710327,0.4202183809864501,6.381252964292347
0.36594702990112477,-0.08773265778717143,0.3328963318687355,6.027704355014828
0.37580503855778,-0.05579819601855592,0.3725563055594346,6.320734380711817
0.36235006689783944,-0.07664785106236587,0.3543489223190017,6.254877808386046
0.42389580453399095,-0.1262430534877689,0.40206801521804975,6.921447583742871
0.42646953410251376,-0.1678860630551378,0.44516427598231006,7.2445435794088775
0.36815140650494804,-0.09665432968905636,0.3243990591097347,5.926276866805972
0.33751829661728794,-0.05508439824322645,0.3110669925260437,5.61107693207422
0.29711485153299566,-0.016467704519525086,0.24432724517419305,4.977514573392916
0.29518007070553487,-0.07508468576724212,0.298908635125406,5.214615840711984
0.3093040229251718,-0.06643058099559107,0.30445758013417656,5.367729232658939
0.3688240224627854,-0.12305250663527074,0.36380302322408714,6.1724873705654115
0.3403603213763849,-0.10531913120307522,0.36356298780399116,5.947310278667573
0.3181970033497183,-0.1252235721606943,0.361942162689427,5.9516615232656
0.3054923479166027,-0.08493876263843791,0.3037399503103971,5.369671354370413
0.3078699303235256,-0.04168451894318816,0.2718869910455891,5.169317070969684
0.3587070905093761,-0.07887773256312938,0.30821172789737855,5.5289531340798135
0.2804525432116949,-0.04435860696990109,0.29603407480896526,5.228277379879599
0.27341114304880404,-0.07625086084682606,0.28650005380834603,5.0722350475414855
0.27190785576883014,-0.03902748105004333,0.31080676597334145,5.247770659609226
0.31762990918843337,-0.09556241046636671,0.27986218938625157,5.364020047719281
0.33182451394805085,-0.08644032235203955,0.27555213946469587,5.416001002341602
0.35747221830556025,-0.06907664745214066,0.27361160399247225,5.505832084739782
0.28863826054470565,-0.04920785602890247,0.3140010970880723,5.313610292313805
0.2503871294010713,0.025835055019071965,0.27016491622367855,4.759605837108563
0.27109019216315816,-0.0348219787112148,0.2067792321082888,4.58301782770943
0.31082298827449256,-0.04488247649861629,0.2520994303883785,5.100051204349746
0.22743105474798997,-0.02105920219750297,0.23921458570010826,4.478440997072512
0.36554701592387423,-0.06220177724514523,0.28918115760582147,5.557331429556181
0.29044004028215203,-0.056206222740257626,0.3174712602349597,5.446492787007333
0.3379265909423303,-0.07614976899586895,0.352448726154671,5.8534847181991045
0.3163558602526903,-0.111842159238042,0.3731848593952961,5.9606645688037565
0.3249155482706407,-0.06749089520195065,0.35111370535702996,5.935548471681625
0.3336362506570652,-0.07157643259805821,0.3424736009467536,6.009123663724613
0.3438000501134318,-0.06615932677234992,0.36491872082194,6.11094523584742
0.3280761828770373,-0.11515018407741674,0.376517040342389,6.191116628060146
0.3857183238498461,-0.09465929987572154,0.36694893292623243,6.417342940795777
0.3391143072186833,-0.12560852896037014,0.3800622543180793,6.225001569839573
0.3368209700222002,-0.12166529065342019,0.34030909844220175,6.030843046704451
0.30830245886943103,-0.09779899536633459,0.31474996690047025,5.3014127265631545
0.29013125806101275,-0.07465360578039333,0.3359849377936998,5.5708265640326875
0.23509149472450303,-0.1328335598656947,0.38466921675191407,5.7430145090709255
0.29870826514879795,-0.05422717370854833,0.28726415418588563,5.274407430187329
0.31685742998046607,-0.0347321620474093,0.2754313539224488,5.071517159866834
0.38229936484290555,-0.030530575447682017,0.29787269470323374,5.623973343148033
0.338593533330327,-0.06002380007698042,0.33387837910049395,5.788474864097182
0.2619103373174541,-0.051235976743304615,0.2839745029883788,4.826546861513156
0.31444857476861793,-0.018520346816465926,0.24846119179943618,4.9277862778623165
0.28932056884332813,-0.05380199673128267,0.29844639881646723,5.183536513018457
0.29890415375078505,-0.04187382438314082,0.265947053192578,4.983198903141433
0.35829264216425555,-0.020899373618536207,0.27360122958495214,5.38962909441494
0.3599290850196449,-0.04775895696466427,0.26823906578140055,5.639040290347191
0.2834765062883406,-0.08298846731952578,0.3336808957483993,5.632848064273373
0.33536276144038557,-0.12149637997329653,0.3179857515720255,5.743588623569385
0.3024028035968622,-0.07363217581297363,0.28813461355919223,5.140687679216984
0.3498492061664933,-0.11420616676258734,0.2824630375709024,5.5188550952606485
0.3135085991340266,-0.13021769279004639,0.3405600804721163,6.018741910610372
0.41377323729746207,-0.07378487242845957,0.28811178080064426,5.996678024170507
0.3769298401485021,-0.058738845046640745,0.2728580096364168,5.587146856022167
0.4629083807860718,-0.06285994036372956,0.3088787507563861,6.509599482657502
0.45602821830798645,-0.09176458946639314,0.28696861042538846,6.548202363101578
0.43047363856792087,-0.056623470649115194,0.2807939167148645,6.045273527237513
0.3746050920373205,-0.07389059145771959,0.28455461130106807,5.975758964599273
0.38403389139249466,-0.03373059260889605,0.22139235728316375,5.692787209097678
0.3850182480619288,-0.042987881884278115,0.24481484415223678,5.7098181003235995
0.41496631988038735,-0.009183312368957277,0.24198144072813063,5.840895954828459
0.40095346206033916,-0.10395524722921898,0.286093541374305,5.973324179175774
0.35650598226664115,-0.045859388457877515,0.24961060301150556,5.267687490882189
0.36964582385618616,-0.043652169740132966,0.24184663176177804,5.593490476413485
0.4081323923973753,-0.04956559468481228,0.2903337404725546,5.891687384896144
0.33765122153897664,-0.09813351742451214,0.3462708580443427,6.006574588912423
0.39371391137707423,-0.12910368125921928,0.3235248529515843,6.428357838595334
0.3591415357519761,-0.13120010618760156,0.3276685305433004,6.341857682747508
0.278980658247751,-0.10289828116875453,0.32137622942222677,5.630658444067197
0.2811447916903533,-0.13674477350463426,0.3374312870900464,5.822653967683059
0.29595565306392,-0.1589678097946541,0.34244162762014635,5.821927272061345
0.29998136971487316,-0.13143420560321298,0.3362892902454273,5.935743715639046
0.3019477595744394,-0.16942551841362674,0.3005771328537265,5.788201256338339
0.3106073695639123,-0.12163276028663808,0.3101030164440456,5.6952202480044765
0.3686417873203365,-0.07916188548320502,0.2350178751687688,5.418249479778782
0.2904168516330761,-0.04103312171696313,0.20193664692729577,4.780409335341653
0.31828750722616955,-0.04555949650996284,0.26216772232532226,5.233552883767087
0.2504282137749924,-0.05577882191830677,0.28100664262416736,5.057104709631826
0.30725234553127023,-0.046164679256219976,0.3138482179083328,5.581507876471577
0.35143315616413673,-0.07346084453385048,0.23299228034596675,5.473257773747671
0.32493027299897076,-0.039659267100728285,0.27379800335703125,5.4862054618687015
0.34970927002373403,-0.07786433858133818,0.2435436510430415,5.6178816328127335
0.3526572048296019,-0.07672513736741252,0.2849373614724008,5.750880772844158
0.3886213617907317,-0.15985038345120878,0.3608008926546618,6.7219341959908245
0.4019154837231501,-0.1786833352753981,0.40498199152779957,7.072645081704214
0.3918659707985159,-0.15254101336595802,0.32921217936427744,6.466025974456109
0.43958424823610187,-0.12895840463332586,0.31546046578567416,6.6383618263821
0.37640637363002993,-0.10522695111216945,0.25697551839946553,6.193138146585602
0.3779704606336278,-0.14315157929358857,0.3208097134934606,6.366454160014838
0.4254973918598808,-0.10243903988905657,0.26067233377241433,6.400250870198569
0.41135658031387373,-0.09954580154918811,0.29554848334294787,6.248310951905978
0.36428075931430504,-0.0899295898101722,0.2920878885848734,5.968989711760002
0.38009544009520135,-0.1258358820944848,0.25978818326866693,6.0117398997191485
0.3463082960163664,-0.03621673043045123,0.2902653565810174,5.608293733139678
0.3782981281703496,-0.044280224043021586,0.3064226294997083,5.952263681264052
0.36931424174963395,-0.08584279154908865,0.2935857259901033,5.942677697177284
0.3057218848700143,-0.09308474016791805,0.24719949409897282,5.358297279504762
0.3313772413472504,-0.057971146959700535,0.26252663385015024,5.4757676897383485
0.33952412679002375,-0.10452802295000135,0.3006615991926526,5.869558203681457
0.33620878975953444,-0.06018918588091835,0.26700931418751594,5.450511150525661
0.3733015713504566,-0.010458247238465638,0.26454686313826187,5.669856812575539
0.36947957104296564,-0.06975675401131322,0.2529642143781225,5.742984953849386
0.3515502048044128,-0.055753845643963934,0.28723919778160845,5.736804553012768
0.3468899760836823,-0.09997910207515466,0.35814808600898423,6.204341918013245
0.3651623842119401,-0.07572913000128366,0.26984448633246455,5.8050682509866665
0.4009440675515533,-0.0926605258694855,0.31947134549814804,6.231828912274496
0.4080361528230764,-0.042811606527760726,0.3253213165395048,6.414452329383765
0.4394028496537217,-0.0745121433691223,0.3340077877817518,6.4776377411209936
0.34297913832684973,-0.05422987497926621,0.24996301086360867,5.6733380360691115
0.3902511525183369,-0.06841542144569498,0.29020353751223094,6.097093728830714
0.3570195037337178,-0.06800073479303426,0.2234465160023439,5.582516322562395
0.3793519568235018,-0.09486188324230674,0.34878713704209124,6.590097661536502
0.4286547187012525,-0.07302857091790593,0.28757882594082046,6.4361804507663924
0.34737370381691385,-0.09738276288101426,0.30214352407901685,6.249248120193491
0.36644514549806123,-0.0662961182422733,0.353225781069615,6.706962340406763
0.37743795328063146,-0.09113813426708414,0.34182019319045914,6.490981699059953
0.3432983897621519,-0.10310942201952485,0.2631977914152179,6.069856575254406
0.3897764188441737,-0.06060329402426551,0.2560018203270695,5.7592974535482915
0.3636851651919884,-0.0344048237538911,0.2937213102238391,5.772644004945307
0.4078128119637426,-0.08339306877623602,0.30694131857680557,6.253846364905719
0.40726678352320744,-0.04486088587389916,0.26139473194319146,6.090122459121301
0.40424044207350746,-0.10220094765245154,0.3409661813655875,6.573676283843557
0.34167491789016974,-0.0242036996336955,0.2722767737756425,5.629879468679977
0.37663283390537183,-0.06964554871363687,0.2801398261363062,5.978784108456793
0.3889154199680933,-0.03330554400080307,0.2863922198594391,6.1512062064138915
0.3205054098419732,-0.0018977965139471984,0.2902598981516436,5.580462938796913
0.35972942789773027,-0.04313141674840655,0.290853702354059,5.842214453388989
0.395879175815296,-0.04857997504402008,0.32001278610914646,6.292714236415559
0.34035333578637283,-0.034641385774904436,0.2878866075723858,5.881833992777413
0.3290958751562412,-0.04873943699052379,0.29978808039343646,5.716926345354394
0.4156773783145801,-0.07153591413653826,0.3032283957342191,6.323530554265271
0.40499595114756665,-0.015411149976647847,0.30977047337000846,6.097388087046399
0.39351644569485844,-0.04719104427591938,0.3316590854237736,6.10053048936926
0.39955983969032216,-0.04570784032807856,0.3103202502347322,6.115821489184017
0.3775292386575028,-0.042511113116818273,0.2857026555351892,5.755472931356685
0.4223058784176105,-0.022210734629142723,0.28806555236416304,6.054899214933081
0.40157268171640337,-0.011541860631637663,0.26476892060337154,5.690404697760617
0.4190673867901168,-0.038318833809363316,0.3425755386307218,6.3979992745477245
0.38400357991534134,-0.052569754753409935,0.29955597459861477,5.967479537956886
0.3378498376871814,-0.05621823116608847,0.2875537022533161,5.670348203354615
0.34951816916468603,-0.07343942850700731,0.30630042292803156,5.784925092872891
0.38173998325598546,-0.09202980609592203,0.29731715159354805,5.983108865587294
0.4503293682585671,-0.0629813415122359,0.2667915112600258,6.432359787897717
0.4130852494607969,-0.040004229894757395,0.28317704591966836,6.00040270822881
0.43533658245995105,-0.04130893410646478,0.28262083305123614,6.248411422381069
0.40949767764291056,-0.06173355469385342,0.28490101187816436,6.173459436386429
0.351360066687432,-0.06358760108137798,0.26892811635504693,5.4995396526447
0.38546899932405065,-0.11286918645712807,0.25943022704417235,5.857368833760502
0.42348509987546734,-0.12067781821278803,0.31508019554207095,6.399901179929651
0.40892095195870254,-0.07222623525776763,0.3238933851524501,6.4306827969783
0.41207306954087847,-0.05094333926171762,0.33500736672137205,6.329722217812551
0.4398985840430283,-0.08414344875598177,0.2819613242011216,6.348353317153267
0.4078012222266703,-0.12152977908769515,0.34589600726782865,6.364166060074109
0.36262675621353385,-0.10710028579964181,0.3155294759152707,5.91901382645749
0.3446748687933343,-0.05451451730332435,0.30646600059447515,5.677417866718352
0.3374762441869913,-0.08203494131181187,0.2825100070067325,5.6060512793566835
0.41110180273691843,-0.04572198902612366,0.2521508142533618,5.7898794795783735
0.38614434506126577,-0.07140824517995996,0.36092836186901567,6.23982465550179
0.3657448474055261,-0.1121228104164888,0.3550128760170179,6.175586203783243
0.3789425807044009,-0.026628148821920505,0.2722873496991506,5.720664292565383
0.39780255156874617,-0.05962290137009638,0.2775142125937793,5.882328499412372
0.3419797134296278,-0.07801067503642808,0.3226471537473109,5.913240882797169
0.3809513112638321,-0.07354587317585219,0.30555377511735604,6.0785335467944765
0.3736777058706217,-0.10362922058256029,0.29731343977205743,6.115391609358698
0.4005406476644789,-0.10601313687389176,0.2932161988683483,6.014765790664555
0.38486519167279276,-0.10060717297340253,0.29983910496302046,6.025508152467018
0.4237930282973569,-0.07139026188773137,0.300652230913284,6.3000221844080615
0.4043417833649173,-0.08104208674799698,0.32711955250724994,6.1272893631942935
0.36921881867659795,-0.07468073305204267,0.33674726365588564,5.953401254356415
0.40335398504161557,-0.0785020846293665,0.3100676380428017,6.1523737546067405
0.42314265420586156,-0.08808307728607954,0.27292967859115,6.080508568056369
0.49567077146110317,-0.04465180868271109,0.219319826543849,6.203638216433234
0.5145843210858855,-0.07331090185361303,0.22906210238464064,6.393315874495869
0.43618749453989886,-0.06411625576113125,0.19918212322573697,5.542917153888119
0.5075427195722472,-0.07389651134241687,0.24056873241638577,6.247892451173588
0.49735852895432875,-0.04608737836752414,0.21552185362576473,6.119802991546762
0.4833618275600482,-0.05365808160804962,0.23048760401514504,6.241488363915427
0.4392669791371534,-0.001774216952317488,0.19327842625149505,5.599026849258919
0.4040935846469964,-0.02253459979478334,0.2563773516592892,5.617984070382345
0.4292230622935861,-0.036032983608566584,0.27778013727253054,5.866312900009035
0.40696179672049604,-0.05298984968708265,0.27598876077572426,5.826081386834941
0.43475279240364795,-0.04829434375691498,0.23805033683651455,5.830259025798794
0.42032659691508023,-0.05930654677990909,0.3189565906712475,6.096927642432737
0.4050101979956057,-0.075807310876271,0.28994873529460663,6.056769823997006
0.3691688180462086,-0.06170803036079352,0.2695945137753575,5.642018486956553
0.418158982126478,-0.03674684869293702,0.2633446058518109,5.997543846449318
0.401803999531883,-0.0376860993821432,0.2900380527824889,6.052258504229535
0.3830650371248897,-0.003271620414470842,0.26447049733554423,5.775462313695929
0.34131687809321426,-0.05906477691938982,0.2563478963447557,5.530307371598312
0.373262467687258,-0.0717427812474302,0.2666272751258921,5.884561481191181
0.44645833113195255,-0.025437067138695108,0.2275539412377589,6.086811017594219
0.40170248462092356,-0.04080120513869371,0.28411767353079553,5.986162239726572
0.43954963767105787,-0.05458505018142256,0.2670879185259196,6.4078917750483955
0.407392535024883,-0.07560512418788576,0.30535631574024374,6.202240597016755
0.42816525812551937,-0.06566709129259003,0.2978001405160197,6.338283579117505
0.43124842042350603,-0.1319883733901378,0.3175919452949285,6.5538119183685275
0.4481483666746988,-0.14763072496670548,0.36195442413940737,7.016489295072317
0.42441177201474833,-0.10871696921495444,0.36341170328706507,6.740320917595209
0.3532671136902133,-0.10105185215487661,0.3292172416138582,6.251064260243962
0.39398358674396594,-0.07414644561648744,0.3285725136344565,6.386071164506319
0.4328965345765754,-0.06246371906182558,0.30442251080245825,6.568234181030982
0.3391413158405591,-0.098660560546716,0.354773653523077,6.160757587091457
0.3345415660887923,-0.10672445286225815,0.39248071836589454,6.548549634461762
0.40205896641541583,-0.11562855322338862,0.37144804742560833,6.803927274716248
0.3862573264335542,-0.14743861318824714,0.3561388260149131,6.59994320771431
0.40752992488046236,-0.11213988742876066,0.2884468937619953,6.1118806860500925
0.4285552899576866,-0.056374738090111697,0.27861142515563153,6.040756310654539
0.4099280995301052,0.0066441140139470245,0.24200592295445097,5.79586258561034
0.3454029210026331,-0.010052635850466922,0.23781020083397666,5.345940442254309
0.4389810632893876,-0.0044526844743902165,0.23296801526450414,5.899357918499312
0.4825108163034392,-0.03433823841661918,0.2811138043988712,6.480022203671485
0.47714957737455077,-0.026898020233795335,0.2503729386733664,6.392674621626541
0.45466932853029896,-0.05741172949464868,0.24314791269985234,6.118025592294831
0.38725145673182093,-0.02799822265775211,0.2701340902121007,5.6329771964610655
0.3716241917252531,-0.030909701926265916,0.25880622223439026,5.4461680170925115
0.4131768576642179,-0.07665630463713277,0.2569336655192659,5.580622748043926
0.37359465859311924,-0.06484357705328253,0.2144008885753946,5.133374513158439
0.43942625313668215,-0.04123701033759074,0.23447554930791167,5.646346117852736
0.44586428893349284,-0.06371010961737303,0.29281954975252517,6.107588272628581
0.45145079416019507,-0.04779249091859825,0.2777400857546543,5.902589136975189
0.4160856190718856,-0.08443938017867154,0.30749710213591774,6.077768508524475
0.45636062419015994,-0.08182084853267607,0.2658796709198109,6.127439599759918
0.43827220880301376,-0.07295481993695226,0.35265197601906245,6.505325953423609
0.4166348017903709,-0.0839931003275853,0.31214609770817664,6.022802341182711
0.4310901127897073,-0.08544611181856511,0.3086611506477916,6.176574577105137
0.3823186834686874,-0.06484150848337634,0.2843235428817592,5.797093227599054
0.446488417595971,-0.06931507490223869,0.2944124953122043,6.101466628579165
0.4361485887469011,-0.13621168817510304,0.3211981133363589,6.482618546174359
0.3421530038145133,-0.10413283201634183,0.32039149647740617,5.629026016035579
0.4107280980801691,-0.03817858821304522,0.23236226741017035,5.677069186283813
0.4068291301495373,-0.033361942245042235,0.2028750458813088,5.362964141226004
0.39702711177177435,-0.05678514877200115,0.2180796672735332,5.3733947897864285
0.45452050075283607,-0.05073441241976533,0.23544122380055688,5.723404440630084
0.3596063060886934,-0.07597345035239124,0.2357342000261858,5.419776516565111
0.4139832776124615,-0.06199839032074182,0.25124771403036994,5.746060217284281
0.42521398625236334,-0.11493658335839298,0.2513314453747777,5.994678044413177
0.432911548597121,-0.1543281736679925,0.27181248319363466,6.259072502184445
0.41998467340979095,-0.14527343484709257,0.34402429035765236,6.549045545695085
0.3531958051115162,-0.1091565404271492,0.3071790156870166,5.815686369920028
0.3786463872559686,-0.09665603604814417,0.2635275732056258,5.811140773122341
0.38269192592825074,-0.144352140334415,0.29131659370979596,6.11415615533663
0.40482608703861733,-0.14709496290053267,0.3316991621638181,6.434762689101358
0.36222813398983594,-0.1589856611340091,0.34181758258600653,6.237375931704622
0.47167980462896625,-0.14805570997649048,0.3986202363203072,7.275359728283443
0.42196611872226053,-0.15203525697564235,0.4126827383881229,7.16618666268126
0.44602940634520594,-0.15521477335156117,0.3455587607255564,6.992023054048307
0.4383599095314372,-0.12020214298717323,0.3563199234758212,6.763459885965355
0.4173145134514954,-0.11169463561554001,0.3906762101492466,6.769292897276822
0.4808906979416347,-0.16518940095906953,0.38771831630287873,7.393098704001105
0.4651855003745281,-0.1422926827781113,0.4057926763945167,7.364008004281397
0.40160124609283027,-0.17953469227200566,0.3889057619526532,7.079411708772993
0.46703726492744624,-0.15089827838823125,0.34955784490538483,7.103567912281577
0.45702199255475523,-0.18723649830240074,0.33547260258960154,7.169593639834877
0.45125440454210297,-0.1169036387240286,0.3396866742123333,6.7277565576569645
0.47620456231231967,-0.13888010000264875,0.3464797990427749,6.882350451560977
0.42788106496135125,-0.14164370291901154,0.3674257357462794,6.734194131260631
0.4285903128892185,-0.19069221039228224,0.3753940764869726,7.033776229310658
0.462547052073981,-0.1476751316046573,0.3485305721606445,6.989146994159551
0.4918277437813789,-0.06922039402428716,0.27505357891729076,6.606228795756887
0.42260827974555404,-0.05859514767167792,0.2712018178833641,6.1311232202957076
0.44020114050779663,-0.06188430066286062,0.25936004247938904,6.096032424699271
0.41099097894518016,-0.07357866159777184,0.29604083283781146,6.116465658363701
0.4247022402682212,-0.08724234340436025,0.2656243957524971,6.0586210796778515
0.4053711919253372,-0.04531881107402431,0.28971941084324343,6.019125703891033
0.4104983900379074,-0.05358881151909391,0.29444122507735565,6.011312034390007
0.45146540979139543,-0.04445888663751837,0.288527447788727,6.1227563980638
0.445174236658961,-0.08408055383228033,0.31638399091690333,6.327292023795468
0.4162103094012421,-0.05178095249398167,0.27908026989941115,5.907009714950413
0.4401154078144909,-0.02548127995577213,0.25187924868827216,5.978811915901401
0.4560838174402814,-0.08837817738298939,0.2745493792130126,6.315335807405373
0.4838728822049812,-0.038760871521645764,0.22949064162502456,6.25348726046287
0.426575567015295,-0.0944914738069674,0.26480714770440317,6.061625145724545
0.4198431558559462,-0.13636640819343016,0.2563581548938176,6.053450397910373
0.43505792779544417,-0.07531234115645466,0.23964379146557366,5.965577533875397
0.3603360927289448,-0.08516330672569705,0.24121058527627612,5.5665157742709885
0.3575085127533992,-0.05757623835303227,0.22814223918948576,5.263835135184105
0.34341335429190945,-0.022341340466635964,0.22547168999390751,5.04887480686089
0.3081558698070956,-0.029933909684026597,0.24433917208763226,4.932515259805217
0.3033111239963548,-0.0898835817614701,0.22482023068435084,5.210992954740332
0.3491266522788832,-0.07501720348975997,0.2618799175298407,5.656130435747314
0.29467983288935423,-0.02300609564851615,0.2797626927377413,4.965934098070909
0.3339293168940542,-0.03692313554862537,0.2298894243188963,5.022149840229619
0.3591825892594496,-0.11048941765652105,0.2963781530800813,5.725545963336535
0.267143232115567,-0.11991235503288313,0.35957322169700656,5.737507971546582
0.345017232758397,-0.12202201325508356,0.3667616747788558,6.13810629738291
0.3777352814922694,-0.1109678665338287,0.28214397320399337,5.664171556054422
0.33027868431861995,-0.1317370543003678,0.3393611048473594,6.054418945823775
0.3512267984618024,-0.09566119831156478,0.28148921176617653,5.73080790149884
0.3576149590783081,-0.13232760876705355,0.2931471433602289,5.893706714497858
0.34196453970404483,-0.14102552691471942,0.3571073588254797,6.313896951627213
0.3410195616056176,-0.08700371972629965,0.33423294835578216,6.047915155163128
0.41802121950178556,-0.14891519618090196,0.3548926081420762,6.490648342064429
0.3914217803115628,-0.1268830992640478,0.342809948697836,6.27324835104649
0.42130795010531014,-0.09585053189918374,0.32084130478514644,6.28030498995377
0.3713259075280631,-0.1376572949137912,0.3576822127163701,6.545645134703723
0.40314799837279636,-0.11647379905273501,0.3247281197299666,6.410884072664162
0.39228080359400735,-0.07221407305210753,0.26907249287075663,5.971898039158263
0.3666556156294724,-0.049644706019308406,0.21771615850590942,5.288963693031591
0.38590172827985275,-0.06837523260782181,0.2868361784360022,5.786007949778908
0.3997297771337345,-0.035944184856590705,0.27734754524445304,5.668732328613888
0.3679701072546299,-0.012149552553587508,0.2441007309776302,5.365815976208206
0.3927061056576502,-0.022445994711160076,0.2807335574514135,5.764832398742079
0.4507903097391001,-0.021009779131456748,0.2673774092851515,6.236945668180604
0.46397047736767305,-0.10319291799818292,0.2558513752451115,6.300763238948836
0.44994252970851006,-0.08305530785530932,0.287909163804522,6.4173470332256635
0.4041004243547235,-0.09769396228316322,0.2804387692087243,6.167664152748194
0.4143142822147104,-0.11264019659147055,0.3639184824763696,6.756772712773178
0.4479298016953017,-0.09393486304093537,0.3461124815800166,6.693142885303757
0.4376977239980884,-0.09063520843267454,0.27915012365076625,6.474808369164709
0.4100396712648281,-0.1454534439042235,0.30311474406406635,6.556378428950156
0.3790344612224973,-0.14294520894098972,0.38524971198127306,6.589834182209363
0.4031818622577496,-0.10822140340104504,0.32965811942681855,6.36763490053742
0.3859537592939224,-0.08942830562697716,0.3477706267642909,6.325002421870013
0.4230481770327586,-0.0862621969126305,0.3217731802940856,6.490310379392927
0.3692475037937617,-0.07751130244691266,0.37016539836618995,6.388874333059569
0.4016478553320813,-0.11714994810798438,0.37425426967621966,6.685469263422991
0.36775172118872557,-0.11634461059347977,0.3467520326096025,6.380463231757382
0.33046105773849843,-0.0938316903799141,0.32424024073159274,5.8511559226839545
0.3265631774628656,-0.15714209274244229,0.3180079224538439,5.975712658760164
0.3030206897290513,-0.1293622869964525,0.3498418358075443,5.707359328370113
0.2932843350404456,-0.10916542879021464,0.3597831243187855,5.902584963796198
0.34417405369447895,-0.13710118658723072,0.37474316203879726,6.282429715505635
0.39721127263670547,-0.16007273347415424,0.3670568178337068,6.672587687967665
0.4025854139816313,-0.1527284686148741,0.34033615088210106,6.684385710788861
0.4033086347706109,-0.1267307246008265,0.32057738300379546,6.404267622953547
0.38559695614734735,-0.10314429889977833,0.35420431262061924,6.4357434422965225
0.3767997323925299,-0.16618952113692562,0.348931592683167,6.608130591797779
0.4717701780519167,-0.09171907883849102,0.3569341969158201,7.117284509691155
0.4620079605668792,-0.029406372363894533,0.24035092335723696,6.243543223406052
0.4708924909229158,-0.0500056756489135,0.26241933865207934,6.4467284202809125
0.5135319364665488,-0.07034548830912368,0.2605775033131381,6.783827025999624
0.4293834763603426,-0.08439533920442245,0.27632397190636354,6.189304271663894
0.45260175493870675,-0.0979316102038571,0.30040314282180186,6.415418300816845
0.42031297675063367,-0.054072764640180015,0.26403884203383277,6.00618385595951
0.389704042092572,-0.08135536629781691,0.28992950248077703,6.123575076800112
0.4117480538777797,-0.07317700537999434,0.30510676394084013,6.296294638908767
0.4482139777789494,-0.07451687758308802,0.3058079851194905,6.6436506097950145
0.42584958860575667,-0.08176030018975161,0.31535121327965593,6.35881859100969
0.39885576436611186,-0.09054916540455923,0.3235817849342152,6.077391917845673
0.38147646507089994,-0.021271593557805852,0.19748733235351015,5.298495100639255
0.4377382926482556,-0.03560177725216489,0.22087599721330733,5.804522726870362
0.4307648061557167,-0.028038523493533536,0.27724255942410075,6.185981648990954
0.5196500687398209,-0.0564015435907446,0.26437031129314853,6.799156139187893
0.47048152757413253,-0.03369223679451092,0.26501376560258016,6.306481418672845
0.4315717135104017,-0.07600836796385695,0.2569334583281178,5.942565548807787
0.4072573492936131,-0.0985696678043179,0.2841945551970004,5.933827049763206
0.34142658538842424,-0.10421206905038627,0.33311341690401824,5.862909521129507
0.42021061847320806,-0.05655224622063312,0.3092344627867321,6.136344414889008
0.3973428593967234,-0.029323064719266056,0.3323254509922639,6.318199855775991
0.43910617226399135,-0.12484582663097127,0.292907546294545,6.41520706541965
0.45655619807126724,-0.06856921461152055,0.30241165327478053,6.44598948831888
0.5016395025552861,-0.06725968219037629,0.2828790501513479,6.857905834119538
0.4925783444301759,-0.03691830451631587,0.31715105760604645,6.805588278495115
0.412776617629614,-0.0287555892099442,0.2829192001128018,6.2211469311355625
0.49395067818008087,-0.037634923375187486,0.3036482560712382,6.84548669335973
0.4213184014236149,-0.04590950866678884,0.307581843971896,6.27051221662946
0.43414120703868747,-0.07005430991000215,0.3153832372981986,6.337331771103559
0.41583164330629635,-0.07461219260550521,0.28160962226484887,6.11181648638869
0.4007156388674051,-0.08370870561693175,0.2541543371246335,5.761501979726141
0.4514021031990416,-0.013617895581052468,0.2895350463113959,6.400999953130244
0.458400343020803,-0.0717528624096857,0.347312097851354,6.982270305273002
0.49531948061705006,-0.11111537665323613,0.3217301856926915,7.1277143793323985
0.41108044198293797,-0.15323943317051633,0.3524543827509895,6.840006926259691
0.3862722730946003,-0.10486158669257904,0.30713943706546015,6.2963330871481515
0.4227068059456937,-0.13732815212296087,0.30126200493270305,6.381063295335888
0.42542490445562153,-0.07609569279857208,0.22995853272990607,5.899945749024794
0.40717986458767397,-0.10405376998547285,0.3137620122495281,5.983597661931041
0.41439753242103167,-0.10421994503962828,0.2999982920093682,5.991219529379272
0.412617273147041,-0.09974186581803093,0.3085024699600645,6.28329141930797
0.3835492714360606,-0.10158682297858541,0.28466346160074785,5.822581524638082
0.3554191128919338,-0.11297649968014326,0.3135948314676921,6.055569178375826
0.3283948344805856,-0.10699204691590142,0.315296753094701,5.74609936912122
0.31336615140340973,-0.06654476217502692,0.28203351845869995,5.342708801352616
0.3597155453016633,-0.10664271000032634,0.35284612099457807,6.142633734128268
0.3395002474378546,-0.07840028980395138,0.30956635181599423,5.701975438453787
0.30992420105914326,-0.051323652612560916,0.28300986744899154,5.481158436464487
0.34892891050215724,-0.10637928925686387,0.35788299095581183,6.130262324245748
0.3736540033281425,-0.09404826975589056,0.30663712785247105,5.9194216489759395
0.3319893753453026,-0.11735179709742391,0.289997340163861,5.797954743494488
0.34683626631165826,-0.1109226070657035,0.29233543843250187,5.866633564723131
0.3971972430597799,-0.1152903600170473,0.3079624070020208,6.2828121842895115
0.42234247132346864,-0.0965611051060858,0.28755226555193286,6.330809327724708
0.4279309553546832,-0.06196953976367296,0.2705008373856356,6.223300358194124
0.3990673090686969,-0.07573014670466882,0.22920237791496048,5.827664362196531
0.42185555966340993,-0.12744543200726516,0.35890500495004063,6.939646090449045
0.334359852241093,-0.10736370664600159,0.37016584765936,6.404321952586511
0.33648100932154507,-0.11195729202428432,0.3215079014069025,6.017017415592639
0.31227807180667,-0.1698009683108879,0.4055943763970039,6.681183513416302
0.3146704339096938,-0.16798588536629808,0.3561819324102811,6.242353515223616
0.32391402895983407,-0.15307207591892433,0.34980028428612125,6.151409759960376
0.3901018030321023,-0.17441561006088324,0.33904018757855653,6.506237120133419
0.3309043285843295,-0.10540580782049531,0.28665731800234734,5.627282810646689
0.3652055180900818,-0.055768599132689806,0.25977115130379025,5.547516042834688
0.4410790769048688,-0.05829570776499062,0.25401666376344323,6.005763122091375
0.39984105511544016,-0.13271238636372518,0.3121383120341503,6.493594316669625
0.39473218726401027,-0.12962839050309805,0.2958956016640193,6.187844604781536
0.40630239574356236,-0.13471306541648215,0.3009022901485001,6.3277410420779
0.35393468272021794,-0.12990921328916824,0.36373186803657676,6.2752384390124165
0.3594084562648288,-0.12153237517599383,0.36445993724850667,6.22500528191584
0.4042937780020477,-0.11249164994396613,0.2389779221683178,5.859521663428304
0.4231006308463483,-0.11981684438175835,0.3388027207374915,6.353025095913682
0.46539244524646983,-0.11643718469528888,0.3222896303606894,6.781301129581962
0.3559198587929547,-0.0776105852597458,0.3035620293837128,5.716008090020633
0.4624278149841711,-0.09108759013430423,0.29629506574013953,6.454939980749446
0.3835995958196768,-0.1094956545432662,0.27645830358239754,5.870118405747437
0.41222250428366064,-0.12609939082767216,0.3254595645058441,6.30755815799289
0.42650587817453284,-0.08406549385446466,0.3249598760968349,6.3043910015092655
0.41238757921455804,-0.09329741821630926,0.2871846872145836,6.019477763418365
0.4389518802924556,-0.07066649159464111,0.30670432844369566,6.370265954649258
0.4050280086289081,-0.07757016715113191,0.2740806825076606,5.860088116340377
0.4142697857536586,-0.0920786662257055,0.31008929759750625,6.093829076173707
0.42042064149273084,-0.0611181682814252,0.2813944516931428,5.973499450535076
0.3978552559468968,-0.08518369848099308,0.31590776464040643,6.152730641016205
0.41300721615160546,-0.08171488651666059,0.3212733239877077,6.169397544511418
0.4432804932936613,-0.08479182080576642,0.32289230524013357,6.199195025775998
0.42856113883077696,-0.0867143042746726,0.23390755529697885,5.702004042772824
0.40570165209721337,-0.06382031689936352,0.22501330292898702,5.527319466980939
0.4086418262237078,-0.03265119798318256,0.20422006439405735,5.330972701707848
0.45912860956015294,0.025289517046553547,0.13220252563159451,5.31312388441754
0.42585537516458444,-0.01959058583306427,0.1970001455333344,5.4629483996263835
0.42421184495309977,-0.057268893843196625,0.22527133590087056,5.577946062855358
0.49579025360391565,-0.04074851846994212,0.1988123437532681,6.067071992152862
0.4782962475392453,-0.02584364132696165,0.22327034999334333,5.851999398417035
0.44126005254677253,-0.016997498679537374,0.20816978978017311,5.486113376594566
0.4941385766651126,-0.10142048573910134,0.20638228002813752,5.957187469443811
0.49122570886285255,-0.05944875066695206,0.24390739684260718,6.052426330600662
0.46532730063615024,-0.06092455172427444,0.2264190063535141,5.860916635738087
0.474905295252069,-0.04917170552046634,0.2583420101366464,6.204507310222296
0.5698894408596239,-0.05126181325716266,0.21119387020538982,6.733995678283109
0.46317451495073525,-0.03266277171050746,0.21938378818384524,5.749483036778523
0.4705435354041612,-0.012431410661997024,0.18220601455591712,5.666063779199428
0.48118284375744835,-0.041314290079875166,0.2134530692134406,5.878349345720653
0.47420749051945377,-0.04747723519369931,0.22270639172719472,5.948774473630623
0.45530345766375235,-0.08941305145942145,0.20905260745056273,5.908844730593289
0.4373262856213922,-0.026709550098536563,0.2254348602688793,5.853445664214734
0.4478891004967287,-0.05795991319301036,0.2538514488476202,5.912188565681187
0.450540338024091,-0.050996563044548124,0.1988365268846121,5.683717938702293
0.44705835351129364,-0.05806736157105744,0.20510725051677428,5.806135369968039
0.48051649926664125,-0.1309165606889469,0.29469998846989126,6.8499313611448365
0.47386233070300465,-0.1473327681880193,0.27682016257250475,6.562397331336973
0.46840956718607357,-0.09825607040689806,0.29471952337717944,6.398204785555634
0.5326409605495093,-0.08659135839565925,0.32466777294943183,6.8672573854969885
0.5314247814476358,-0.056487559403274795,0.2943195911367646,7.043682878401166
0.5578104135657169,-0.09109146494417268,0.2845181075248949,7.246878964702539
0.4977355415254313,-0.0959731002925858,0.2691069086377796,6.569240564485663
0.5103479880409619,-0.010810587272014678,0.23643822055087615,6.578506324241926
0.5115998412878405,-0.06201435901121128,0.24308197386462768,6.663095447507199
0.5079165929368142,-0.0410246255234254,0.22923651088622346,6.483114645169846
0.47468649915168704,-0.013527985728436333,0.24192040418026284,6.219652015579578
0.5701020237961019,0.0013441505470097618,0.22800662181866369,6.894318182013867
0.5307549423399239,-0.06413339889751794,0.2602643565781357,6.6802750219058655
0.5318674541649199,-0.05911678746603031,0.2400789507479211,6.731459618158183
0.5333898608741442,-0.06884315648546178,0.20143786694099403,6.55845368889285
0.5109930453141317,-0.06368785332220482,0.2925463670435631,6.58208416211302
0.48971934456898153,-0.07199628968920944,0.30794968824084185,6.619391542486477
0.5249573823696231,-0.11490793789467989,0.310544031682535,6.964562984694978
0.5243060032871946,-0.08705426389605511,0.3054356838744153,6.90490779034682
0.4774722802544495,-0.060503976908269065,0.30053113608722537,6.620837786592965
0.4485195872140347,-0.07517391185653989,0.34138805670085065,6.598837391473726
0.4777665183397446,-0.052301781991947315,0.3579537521887676,6.809177077605077
0.5130113838805517,-0.039728640825918635,0.2909329205297017,6.716357780299536
0.533746705723373,-0.025762531951446083,0.27254691433467804,6.80843668538108
0.5646590423685902,-0.04821056414666838,0.2629246101811445,7.002943850242347
0.5571274883235238,-0.022077874606470184,0.1811362888310721,6.779702607972548
0.5782636205469917,-0.0358578566633513,0.19825789915630274,7.076160318523559
0.6028650815534566,-0.07358243286233747,0.2913065731898142,7.634844534995303
0.5785386907758872,-0.089160084298194,0.35006842100691377,7.616651958559703
0.5664165858848301,-0.11732506467423846,0.3373059558969551,7.568546092512565
0.5258993582815171,-0.10413526183470351,0.29678914228491554,7.028146468156347
0.547697840355692,-0.12695783532539093,0.27924454133751087,7.286135606224462
0.4449846998993824,-0.0719500087376171,0.31160706736989674,6.458657200831664
0.5417709518008145,-0.07656342463759024,0.31949752426242123,7.132696702868867
0.5617789149552946,-0.05751002591136929,0.23333761407638548,7.093566793707673
0.5625964221652914,-0.020747178592790787,0.2061612965943335,6.908351877460662
0.6298568827272113,-0.049371465385425695,0.2789473090903082,7.742044754551325
0.5889037485250294,-0.043893701586219705,0.25914624957765414,7.450939157361494
0.5878446234023973,-0.06238768642934747,0.26012240658789404,7.3519666856305745
0.49841464382487116,-0.056987915816747066,0.278510363325087,6.522877404735447
0.4452657978119564,-0.021674291202301188,0.21793884221578727,5.804578026794395
0.48092164007876453,-0.07184283292787517,0.26696257919262234,6.392525439535796
0.5027031744040885,-0.06382716491936238,0.2567044273144346,6.538175043099421
0.4988777354522797,-0.04877734547890818,0.2447422316993589,6.48305332745882
0.5430003596808345,-0.0596510358909201,0.30513478511175857,7.091949776638739
0.504328679912561,-0.042024136071386116,0.23599364823822025,6.412905746595527
0.46344631715137646,-0.007765198617914641,0.19949426128589942,5.870788424152964
0.4427564071738047,-0.005013455176998238,0.1653490796234189,5.658550337131538
0.4434263525154255,0.020995266579124757,0.1630521522022828,5.557930013615591
0.46875147620695423,-0.07508214365860821,0.22595974381114622,6.024351943535255
0.4488588370462792,-0.03898691408274291,0.2523671329912559,6.017644745368579
0.5016562417159621,-0.030144411482145007,0.3025663995605516,6.652253240503473
0.4784772987601984,-0.04870009165659484,0.26773148027616905,6.407502701402158
0.4904015737758354,-0.06284565060697529,0.2318981519735444,6.292922747140876
0.390462345240483,0.006284771522479714,0.22289185125943956,5.619188561428094
0.4558557651488717,-0.02127589059289075,0.29605304579840264,6.178222317739784
0.5071425771486241,-0.06689349593917188,0.26107867318953304,6.530052869143043
0.5321570502803107,-0.10718426740717381,0.2665511542475324,6.932724189052547
0.49052074484543207,-0.056382052819633426,0.23986918737815316,6.365306768533055
0.4998112632575476,-0.07878555778386369,0.2677217145851088,6.719377456245655
0.5148934139037005,-0.051868531164015005,0.20831708106916913,6.3101964589678845
0.5144378354673207,-0.03520055794140067,0.15744075009258027,6.192647149472614
0.5379878856498455,-0.04562747629666148,0.24693533275918544,6.755044162715575
0.5015537351855243,-0.044946846191145085,0.26942111164367427,6.5570434595355165
0.5131207497963916,-0.04373447294551361,0.22154156548740872,6.480633764179355
0.5147792828608913,-0.0382569125065047,0.21185190466499815,6.294157813208761
0.4797356270074372,-0.048972174450856575,0.24335695980624422,6.178999030629772
0.4223765894309888,-0.05965729856378532,0.2541251362945956,5.695820635540742
0.4525628338809058,-0.05736801252136741,0.2691109817571541,6.1150779333558205
0.4006310508862213,-0.03906618846055779,0.29549711064080647,6.024770588741685
0.42179072817232777,-0.05669592659414313,0.2525276743684183,5.888854953688743
0.46097059594871725,-0.07230395693859484,0.2492749183212531,6.065456552556847
0.4359180076513478,-0.08171375305390648,0.24875211841457262,5.994556466360262
0.4577694515939815,-0.06693594066421144,0.21737701589142577,5.918368743206344
0.44136671100352926,-0.0361181792034662,0.266283786161988,5.965141643456995
0.4747901824117467,-0.0463853922280734,0.25181043602860004,6.051750567928625
0.5190420773862161,-0.04488385953362529,0.199591130308955,6.269498113298541
0.4837940315936743,-0.039556897541541576,0.18865111120866096,6.015378801481669
0.5231568010996447,-0.021287176851540645,0.21483424080926508,6.424671710319121
0.5019954981289959,-0.043170521683450695,0.19780929491264043,6.2084098024972985
0.5122882561610259,-0.00048476453803164083,0.2403374678849183,6.389397518985688
0.5404888307036129,-0.01942186303361806,0.20777822155020687,6.613071065515115
0.497328872835212,-0.006083008160041144,0.22911274222190048,6.32147607396074
0.5670554119434152,-0.009044160771050847,0.17279624738388635,6.747150447384956
0.5249116143677273,-0.051364142277808486,0.18302919364330908,6.345798884552202
0.5751305109130231,0.005427689433472643,0.21038641816282483,6.852415990378417
0.5683048644701922,0.01775758268972649,0.19388633703565836,6.933913541721439
0.5827822162929241,-0.0267475986789177,0.2504347434921143,7.158498654878859
0.547428379083966,-0.0229566466132964,0.2395347738642051,6.86689335539694
0.5211271488469109,-0.04681942592842843,0.27981810506041316,6.77784449439048
0.5352755576278511,-0.09239982085237725,0.27191082223824653,6.951961784243152
0.49375671836510987,-0.049665211447558255,0.3062365111241739,6.573428197627513
0.478973871411353,-0.020516923640742542,0.27468990610252786,6.372845286137473
0.41581781153844455,-0.07586700969137965,0.3118748961082312,6.312154416062329
0.4070992001909231,-0.005387771145564124,0.3465579541744787,6.33386674693752
0.4974399543990794,-0.07402387507791199,0.3664161585672269,7.041686483882099
0.48203263659224904,-0.093718010376155,0.3257381995698388,6.834185358066551
0.5389727792139685,-0.08024462808320289,0.32392423799041026,7.142220051481033
0.5526429054072818,-0.10285831375952673,0.3073103308014047,7.213336567541428
0.5448206307719569,-0.06007517720127737,0.26916805540049515,6.824431288088951
0.5645295289949506,-0.012975391536345141,0.27867772047097156,6.982688833832117
0.49081847107719423,-0.07001729441545819,0.2889122654087978,6.4497049955887835
0.47066476991865375,-0.020018348397342584,0.26895040933345804,6.165394211942034
0.4731528749578663,-0.02995348802822353,0.2677621676313185,6.2727699094798375
0.4823509367616978,-0.01689317385992073,0.2769024241056156,6.32335331240764
0.4137015503487963,-0.05799495390508092,0.28300519795052553,5.991149972586238
0.4528662820525464,-0.05648093716463585,0.25839409664588026,6.066571960663433
0.5184728994665759,-0.05285427584959546,0.23071968262106307,6.585199685896605
0.5347942645501914,-0.009956268056924933,0.1804249673845407,6.432214698961762
0.5100315148295034,-0.004565368866905614,0.1371201978101716,6.1927808323640985
0.5359028259175442,-0.019502952839110074,0.11004779687598866,6.2326923745427
0.5534931328244941,-0.021354332655576118,0.18429880850014282,6.556878631228752
0.5141332923375269,-0.02773114822201103,0.1646161299188382,6.174785758492161
0.5542861202954187,-0.02636901483751258,0.21089978559358463,6.748243317907937
0.520464760164753,-0.009667872567839608,0.26152876779939044,6.4791539246117065
0.5027722371916694,-0.030305516374884642,0.24286809081848126,6.271600389257025
0.5586225774418598,-0.06422405288256779,0.2805080870705882,7.150273643880213
0.5768005957528151,0.015094464278221037,0.203815982508616,6.777366864286985
0.48602925913801975,-0.05926044550932859,0.24306111546231385,6.057786886996099
0.4211212642220999,-0.019680438220854073,0.22192783724859622,5.7115090061000755
0.5560795021600496,-0.06314581159277069,0.30050386533783235,7.104532957975554
0.5289014038933114,-0.060706852842360264,0.24528426627143995,6.709218295152953
0.4711464819168269,-0.07959602717781586,0.3035215288071538,6.5351266191545605
0.4920435457814209,-0.0411985658354078,0.31755417609554953,6.606000929645685
0.48111709221556836,-0.056624663440451445,0.37618408718950913,6.898660910709126
0.46106366832322454,-0.05213145089032705,0.2684964875682691,6.212825151429556
0.4837147314784494,-0.02173502548645832,0.27701100521331945,6.424880468027898
0.477123715259973,-0.026158398237796757,0.24345176025980272,6.266194723399393
0.4918783219573847,-0.0253216802924666,0.31270173154168784,6.597388639702306
0.47782597152074985,-0.053537656657794905,0.27525728817292977,6.211704477074906
0.4354579142179799,-0.057784526214725004,0.26290411258473323,5.901949590942812
0.4663751509312465,-0.021879844033257295,0.2143716621088528,5.862011694042762
0.4776598333954394,-0.10698631974283913,0.3170676926624144,6.5846052354892
0.5232960231142814,-0.054609291841677565,0.23639468372326838,6.4618045379218785
0.4863925968347013,-0.08493168972941577,0.24979462314527523,6.30426770049769
0.46863559776280783,-0.07408623594843523,0.3038033790905535,6.421970167009175
0.4489708609840349,-0.0576776150345426,0.3105842087697746,6.294213356022573
0.45752169139319576,-0.06744518454967519,0.310450428329957,6.278892195479811
0.49590108921795906,-0.07055747540790351,0.3466721155260076,6.948519882410212
0.5162685107165226,-0.025368751895698014,0.3462859957597856,6.960106116748863
0.4987473193671358,-0.029065982295797675,0.30753644593977697,6.623229071940608
0.5197176972530675,-0.07510975607001838,0.30206907623267504,6.760677178526511
0.5249596622156653,-0.0426424162872053,0.23729870780782747,6.4876724068753475
0.5056509537477624,-0.033720139331378664,0.21690937332295004,6.2888215100017595
0.4976439946962791,-0.025268562557523293,0.23056571289670535,6.172314992536212
0.5513066331041756,-0.04886825992836832,0.228684159916633,6.685486182070516
0.5165065195494593,-0.050687894573819836,0.26077719180890585,6.628494586367255
0.5429557680099435,-0.05359399738654221,0.29376606891566787,6.994058135428056
0.5409247691879363,-0.06475390973369077,0.30346330651637243,7.043000256510622
0.5568727330109458,-0.0605075455463036,0.28807523192711093,7.149991592462021
0.5158393512608024,-0.018079676121712508,0.3518620500727531,7.175075793998931
0.42964918892085024,-0.040469750195123326,0.32707303770271806,6.207418235424451
0.42817682525594186,-0.09545464790018351,0.3580504204107263,6.385162703999183
0.4239275311411883,0.004735671921993273,0.22464841615148803,5.631725970088022
0.5012704372177912,-0.007814775787084182,0.24548933906892434,6.129077435581539
0.4951797927329228,-0.05416383179608575,0.2609240596677885,6.362090231363498
0.49019355329684033,0.023691202317978347,0.23020806130903326,6.196576084781515
0.4917204834260884,-0.015274372003727077,0.19320208199840086,6.012743583083472
0.4660608960459798,-0.018207010101918917,0.16133467615276054,5.723341590309619
0.4585281320218633,-0.013143359203108397,0.143090057351347,5.6583185635376285
0.471799336757414,-0.04123170701727337,0.2226877941343422,5.884943832663155
0.41985210022394676,-0.02562001861274476,0.2494391218899648,5.593061108199451
0.43562311365883355,-0.007503421536632619,0.18812695793009696,5.610154596172498
0.49509164140358475,-0.014175890778839214,0.1599488221300293,5.917685462773021
