NM1,NM2,NM3,RMSD
0.17016174489389388,0.0823139598955491,0.1267111826826345,2.7823714154963355
0.1818654255155709,0.11379855137871002,0.15686062993554778,3.2366292173476365
0.20432851110354558,0.09121519164336385,0.22995070311017896,3.9712195144028435
0.18833651078208274,0.11826412789048539,0.2597059207840903,4.162998925790949
0.15365201358630604,0.05911531475140728,0.20444449623828856,3.180124571403489
0.15270944507255801,0.0733960260389044,0.16967955334935372,3.0477368090968486
0.1454212016868282,0.044305672999813576,0.254126631478973,3.5599290876984253
0.1893509931563565,0.054894229997138194,0.23875136785968817,3.7528510764548
0.2040578325219994,0.06010685866717836,0.14467446272995882,3.2407236908720214
0.1569992453421577,0.03745858055980379,0.146784375053093,2.8731042999022476
0.14298352807011372,0.08115031483846902,0.12981613289112007,2.6755250561978867
0.19394004284545063,0.07200373134470206,0.1168195129946995,3.004786666670824
0.13265297133302462,0.11998924080634278,0.08551793782915355,2.629228298002042
0.10746496589224784,0.09996255800192104,0.11209004836167742,2.4431028496160074
0.09602967305399288,0.09966501477703547,0.11671324242537275,2.344379482138431
0.10425597620308082,0.1310449790853397,0.08248189604426677,2.410957439231666
0.08910412223640106,0.04404591754725076,0.17374104062286172,2.5408190335688
0.11521312327948012,0.08762719701368295,0.11911073949220728,2.51289877688438
0.09422197071090714,0.1242263995885849,0.13944703569319017,2.7305818113548406
0.09831226429046405,0.07929036414281652,0.16131636400857882,2.753997810639646
0.057709907541540276,0.12158145884221629,0.1478396999295482,2.54081120587542
0.05596350130151348,0.09215062925054317,0.12299483855363497,2.2578494661371526
0.081522766008131,0.1191566809898567,0.10705178463744153,2.3364993752862535
0.10463317289322965,0.0805020898926609,0.14827948744057526,2.6141746622249653
0.11293375251172695,0.09449515223479062,0.14095276631022996,2.6852248570864004
0.1028462226726193,0.09071872202428684,0.11559367993301566,2.4756924705823917
0.037682462615936836,0.04802023045664109,0.13345873087644022,2.0844479412210526
0.053214275793124065,0.10189838339532098,0.15406484055811204,2.5776253167870555
0.03860430235767975,0.09622817317844205,0.17991159044989694,2.708988586589726
0.0638135118649449,0.08969264344135143,0.09126804058670208,2.170042079137863
0.0802206032344432,0.0847224358673144,0.06809243734429193,2.024002509123623
0.07592439622045451,0.07062843833134369,0.08537531332486052,1.9921865411007065
0.06222577004017674,0.12057576376294757,0.14133282584549556,2.5737650874984648
0.07994940359514258,0.14998076180047576,0.1394085144173972,2.8946890102872525
0.10929226140794744,0.2132771616498089,0.15085402448158522,3.501848410799955
0.1307974198803229,0.23222709653430976,0.09642452161911652,3.456983719760208
0.08900753181532922,0.248360084985153,0.11302629544845962,3.6087035346068914
0.1534658141421086,0.22517212256024527,0.0842969764520002,3.5036066898495433
0.11726157621964035,0.2662595789857272,0.12348316500673866,3.870653958601415
0.12243485957253677,0.232885155859263,0.15743902455068146,3.745516403529241
0.1216333814562014,0.22257986214000783,0.1496959606648531,3.5749712040064128
0.09971834295428554,0.16430422748119014,0.14000199589008167,3.1270781918859387
0.11793012051482954,0.1799863039634151,0.12328753893662553,3.1331223098579275
0.10028780770609284,0.203240431808566,0.1649915542033596,3.4969713428182727
0.07085959598176499,0.19534616945056807,0.14933182767323744,3.2860357657018215
0.06265314322299055,0.2074827054003011,0.15637394535426508,3.3787168064683564
0.1075378069453089,0.15994844959850005,0.08682999445390266,2.777832318472732
0.08703062703631365,0.1997916477770488,0.08531197659413055,2.9824544393308163
0.11411139196123138,0.20367313279670857,0.10706000090755897,3.242912929057235
0.1498747902591713,0.19411472084002754,0.0976224348009014,3.2105253702069243
0.11418435234614675,0.16306174700503578,0.1477018381987051,3.125662537552271
0.12249043510874912,0.20411404697756946,0.08148574844841924,3.1401443884977884
0.12502272794637562,0.23268692394120216,0.11119673549120467,3.607786539865632
0.13210578618092036,0.2091080209367534,0.12218892310316098,3.5786035075732476
0.13500470501986156,0.2515545025187896,0.14578782940125487,3.8713066037764343
0.12801433336742638,0.19980466141012324,0.13463243793162197,3.3518813402701984
0.10804547590358683,0.2036690797389775,0.16182479933881527,3.620035397897282
0.07289792270427398,0.22897044747481993,0.16402236413504281,3.670574357039561
0.1082587883676921,0.24132941125769156,0.15510617008979935,3.70009744477071
0.06914687479359681,0.20296892060728694,0.16223973830654084,3.323416493668886
0.038191842677071826,0.16402330835246132,0.14816071823286556,2.956348785866567
0.062379228874445206,0.17759548574401618,0.15862987728102232,3.4384162846236896
0.1291182144908664,0.2742377444234176,0.10894689762487914,4.012137422462962
0.03939434131419985,0.2268141151395882,0.16065313401301604,3.571280501169905
0.08109387153700831,0.21582045717142867,0.11839096315661597,3.531552624502384
0.10087888186844345,0.2099682540177385,0.16019573374059268,3.625198168279941
0.11103703315408953,0.20389098109287138,0.1311877009650253,3.442346094652634
0.183545132524368,0.21980546366097187,0.15302288002348996,3.95652412255651
0.11519431005004775,0.20372277132777583,0.11512592863950924,3.414638953872347
0.09257400577409541,0.21418760450340585,0.16152747211568716,3.5936244063595244
0.12945842008993078,0.17163239184682116,0.13859126457853513,3.3461082509855333
0.12399909989794154,0.170340240211508,0.18034562169721896,3.6051386733466875
0.12637092045983495,0.2212749840981956,0.1789671525770179,3.6793907509504686
0.07851599283267374,0.17017091183498828,0.16005563344729315,3.2621293103561997
0.0985429159843261,0.16036107936371444,0.11887879788975449,2.9669455025037488
0.133288364356637,0.1378842764804369,0.10352214557472235,2.9986959222666467
0.1356186523599928,0.15485814319035035,0.12271204733105931,3.1413317708807695
0.12231117830117763,0.18982224364867942,0.1151871499098224,3.299214613849126
0.13940019115143581,0.19478327547976212,0.1069657065347997,3.4779852188861646
0.10423220517279913,0.17216077999625504,0.11889530369834381,3.1989584327131877
0.10763214814655378,0.11945268940466038,0.09828442295959064,2.74715631298097
0.14181128686835717,0.14714540760160308,0.12438755896622083,3.208590737723627
0.09481592573879362,0.21502869443900133,0.09375013568847022,3.285627342654486
0.11244037169980639,0.1577980605554851,0.0944670408035475,2.8399451401281346
0.11743867367379474,0.14422628818990568,0.10098058369501571,2.749011513883533
0.06964022764265626,0.17400351702595013,0.13004294832914562,3.0454098576197537
0.03601940876067287,0.1693094686242907,0.11434726325809737,2.8053123850388593
0.08387417875246536,0.1587683012813815,0.15183862600857406,3.307945581918402
0.13533815488036832,0.1629783790847261,0.18721368288218362,3.9719390572602005
0.1476595587701757,0.14324612589229105,0.16505775055199468,3.5355246175311414
0.03529991145350509,0.07179118288621775,0.18233797527326678,3.0480385443856552
0.1011064182547177,0.04750922617997886,0.20580314160828062,3.318671061857447
0.1280397812136078,0.060808485842361495,0.22801825440155338,3.698963895881683
0.14430952409622738,0.06173218098077022,0.2148914921217912,3.5660103171224584
0.013215486471958072,0.10889343778563128,0.25390057935415145,3.642243062219182
0.01478438673059854,0.10096573069458879,0.20846143163518266,3.3353333248558066
0.011197899961398841,0.11199903223421193,0.22414058592174882,3.5583560182591807
0.03626357165344156,0.10594624743079059,0.23310268002912274,3.709678694108374
0.11186682014245876,0.09259971262282271,0.2915539382816513,4.288653112616983
0.0906015290227234,0.11192383687034976,0.2903193567304178,4.20363415279426
0.10461421708092249,0.10272903076221519,0.3370016632780777,4.685128726177993
0.14030568756619705,0.06224978376232923,0.31964942031155896,4.489856469005793
0.07376057033720347,0.08305098174595459,0.29247573317506365,4.21459847515559
0.005920916376435497,0.09270035654366249,0.3066182002398803,4.173570187949753
-0.011660665512885431,0.10107684575608696,0.3192877807509561,4.420907915204353
0.013829052988240179,0.158469371713747,0.3415596337810185,4.6661725438092585
0.08131266678990913,0.11574701564159183,0.30728158141952583,4.280090049519483
0.1268553220309987,0.09529202178578432,0.3169210509238551,4.63421003608004
0.16207321397098937,0.10658347691917808,0.3196017113964209,4.7736661683524755
0.13598993897664294,0.06430629336798104,0.2801578913196793,4.324466073620281
0.06697261431294142,0.09707120062078141,0.2659443865307627,3.99864779615726
0.1128389847171338,0.08913695981445272,0.2632340757196395,4.137043701060103
0.17784078636625142,0.12223086512631591,0.25837287187705393,4.178943122189072
0.09672733309755514,0.06477872059890616,0.26898051184659233,3.9431658040127804
0.09281562692745209,0.11744974714945083,0.2845358030084517,4.125588208464706
0.11335849843657933,0.19075129132355917,0.292259076017989,4.658002266213822
0.10678392810039793,0.1885412522631417,0.3501971806541404,5.25459381645916
0.07364335860710086,0.19065503785492727,0.37982872843656823,5.383711006640344
-0.03345645990964839,0.12415887552969476,0.3339169446791489,4.64123108751385
-0.0017369384682121148,0.06134443198144509,0.34489747606163246,4.679003436707704
0.039706379124025665,0.0903332113619379,0.38078138515459015,4.9470284685600845
0.0793848946071459,0.0890938904057755,0.4282211749796988,5.725740346169095
0.055380572818525126,0.06847295960023327,0.41849291654309556,5.397835495471227
0.1160716441142929,0.06005063731953318,0.3943245328291466,5.443099536206093
0.156215557023432,0.07363593532514466,0.3626447623959993,5.152358004361094
0.1093469771288366,0.060295326460713186,0.3599310456184213,4.848652242456073
0.07467562689932712,0.12424492637960693,0.37564206778039466,5.07086732540544
0.13079700988431217,0.14754681820606563,0.3867619520071439,5.413606819299835
0.11359070755394642,0.12609818470056242,0.37622067210040133,5.208463379589791
0.12194476658767914,0.13864801191653844,0.4023551595429421,5.891280312173007
0.1829339672143021,0.05940574911781231,0.4187444541998369,5.780971233632305
0.15426789565055057,0.07641376315798866,0.4306753069787218,5.822854673382664
0.13716723988407434,0.08531776155129853,0.48183040392722193,6.26209757115696
0.09448579649080888,0.06904537750142298,0.4888284846665564,6.197428339539734
0.0914051961755887,0.07499013854613573,0.5011712695563312,6.434573158906818
0.10319417844162877,0.05728001745015459,0.4843347810202023,6.386505012992126
0.14345894902031214,0.09668465627331187,0.4172653544876239,5.7517566067379775
0.17038223017369916,0.05917761034995565,0.4661267251328582,6.3531970485839535
0.17648917151225726,0.11070747384635596,0.42544475233715756,6.137627857843196
0.13210660159780604,0.12217132405657248,0.4363375632979515,6.150894885337809
0.049252187536742514,0.12312661530019525,0.5071487197822926,6.660870891849245
0.08517942966002422,0.2038222477468131,0.5510289413729248,7.528157511776478
0.10164654451222739,0.12133403130734786,0.553580172958267,7.038519710784529
0.11176480597033471,0.14232387922642672,0.49295899280394057,6.62964494949912
0.0987164151019545,0.14602697500637332,0.44858616999919537,6.100552396040318
0.09434101238340374,0.1535840468542469,0.4638750775619338,6.410879941087954
0.05280169314058387,0.16771589510039223,0.4887397710492934,6.632487730105239
0.05849578406389765,0.18030510240451303,0.4663261054317604,6.559075301296049
0.12292003175116983,0.1537199458603052,0.46907534504066717,6.421333451859719
0.16850490761348907,0.1039898882250225,0.4318158254121705,6.024511975320153
0.16502814655459058,0.06684320091380351,0.4724619771053228,6.281848914633826
0.16659788533699074,0.11636543411414796,0.4420772964184204,6.105536454284686
0.23612594564250866,0.11059201305410027,0.4210913472754214,6.386976247867182
0.23022847396134785,0.14899745990297658,0.41520521961163614,6.3178143279512975
0.19185650072651014,0.10963201011491462,0.3695322196131828,5.5432679987647555
0.13005897423392898,0.1457889318863046,0.3478671513964769,4.989544107617767
0.17599484820441944,0.14364789307430065,0.36819958001083636,5.54449109273633
0.10419109243858851,0.14348612799848043,0.3537693418233916,5.0207468227851955
0.12369965094249136,0.12106219251603476,0.37281794270953045,5.108608481799024
0.11394284722565241,0.1063241245832367,0.3372756928100798,4.801273483090568
0.0974419603556889,0.10907284990552019,0.36092004945186074,4.927427808130307
0.09160741566645728,0.0957993170470671,0.3513848447478716,5.027650539355176
0.11884842557249442,0.06717876760814355,0.4215901341817583,5.935757912783093
0.13736537285313533,0.18153499285087354,0.331308586835606,5.14185868427378
0.07251205909024792,0.16862624994079953,0.3053330832729158,4.639968214069364
0.08415087998611473,0.13032922803096447,0.39193641636761123,5.528122218879133
0.01945898667735536,0.1755324447500143,0.34567784026365855,5.250483286514814
-0.0013950718156403171,0.16340944099105958,0.3336187415383598,5.094012793902022
-0.017223952713337674,0.10624879373683654,0.4217006374112574,5.681019013305518
0.02273662360685723,0.12905249247056225,0.4344895156464278,5.861572515119443
0.02670933369752473,0.15499456459441383,0.42833553045164113,6.045397261721362
0.0377418929479231,0.1891840588444789,0.5176667293935657,7.138432605940432
0.04163718876291418,0.1675500105669429,0.4693798699403389,6.519682440605352
0.08952807653620906,0.16133093052247388,0.551526953635963,7.187874309549966
0.11806408068834084,0.14083607185548605,0.5828388772365647,7.720970500534218
0.15887062434828775,0.07727571743204721,0.5834295879523195,7.456696488148232
0.14668829465082767,0.11001855766576342,0.5308158827728748,6.841419320331005
0.10103193833716428,0.12031835031891187,0.4929780542042911,6.557768909596764
0.11076545985564293,0.14269511067075313,0.4586866792165941,6.57649935988102
0.11200981637143365,0.14295778345801224,0.4844608328495354,6.656245949888673
0.064919425172287,0.13839721351656742,0.44400138273594364,5.915369903864494
0.06671458615405645,0.0934047558077162,0.48824435448232467,6.337491926978612
0.05841840053319096,0.04174535325091613,0.49087892869813454,6.31886411394178
0.09968003544211432,0.0479686067870162,0.4972483897311906,6.203295624144315
0.1433209930603304,-0.014014405356066798,0.5656343663559554,7.242327247546474
0.12563027419977468,-0.00983728805382575,0.4752927433006162,6.101661011391774
0.13222307992988752,0.0251004674503049,0.4490910864058338,5.760726280853488
0.2149549901501889,-0.013409561977034246,0.4622310863146988,6.30070986452709
0.18804501901914114,0.07454545995379348,0.4189266405976379,5.783296467427934
0.17112032729269286,7.432157515504845e-05,0.4510518213696471,6.205099703486033
0.06349964451855797,-0.007998908832446723,0.4713394224933596,6.016359822538968
0.06670143149270882,0.008259850904805978,0.4992805056047231,6.308720537280892
0.10261244766725672,-0.0025021391414495756,0.4724982969793529,6.046883080458934
0.12778959861255892,-0.021594719876948835,0.4959757842221915,6.295961971861749
0.1310018598630004,-0.05946459062102543,0.43745344534444036,5.8631690190585095
0.0853296855539753,0.013678799045941645,0.4439460209874311,5.615530108985992
0.088258047618054,0.05176776674115866,0.4569599270222531,6.08090299721222
0.08400909425141055,0.012953483668399386,0.4524677789329076,5.933900971567336
0.16266208867084447,0.1330805865523111,0.4607287731605685,6.1812160469015245
0.09136351092347962,0.09046219371767436,0.540538109123879,6.837340896165202
0.07931413016855346,0.11567542915811357,0.4735048661941014,6.131626709197227
-0.004147050112642386,0.10805685264491684,0.5157700495601681,6.577197279001074
0.11471260803037302,0.07123431346641049,0.5080046034661545,6.628037488195217
0.13237737731861243,0.03679810380686435,0.49998173500823095,6.405287986295201
0.06368519981920046,0.08224722740736536,0.4351681509274213,5.734738886344508
0.1386422053011713,0.06651487838423363,0.39079826468677525,5.55814918027477
0.12192442609766826,0.12733735247722744,0.3804723130638065,5.311427944143305
0.13076803697766473,0.155639193961057,0.36428074478806116,5.51290482116806
0.21125525396848965,0.12493567558100589,0.378696765313817,5.777773888219818
0.10025121755148889,0.12890083316829318,0.48086144854907653,6.457703129526103
0.10293585097421318,0.09347638806848775,0.5170178222377962,6.759705586951401
0.16491074074465115,0.0961289582753229,0.5538279235987627,7.19834305010086
0.18111120789519392,0.054291463423544156,0.5615984395044717,7.426209821670796
0.1814980380595353,0.05081847113796275,0.6289853262711754,8.080008348712145
0.15978762154913606,0.09518831979466535,0.5672918727377759,7.416133366428236
0.11439443383609228,0.12048658166686403,0.5796319450711882,7.565469132476692
0.07613277597749007,0.1351613838139485,0.5441665395033071,7.133891851118955
0.17416790505111307,0.13354624943194576,0.5603687362859405,7.448674675441584
0.1670265653413335,0.10798393198385416,0.5682335813640209,7.421496342532132
0.03964208799043188,0.05359831428026577,0.5648487033431305,7.142092905836392
0.07084774991649807,0.07274526562062926,0.6372367195091341,8.012886016719893
0.07008083746505292,0.04479492395413298,0.6147416442760625,7.736361058424768
0.10654214210111283,0.08716781084009761,0.623733542138855,7.8901399834280035
0.11859667281489093,0.07581043297341851,0.606016249344536,7.813022921773298
0.1422678386257387,0.12116327140150539,0.6050898465121427,7.955415904661986
0.08967264870220673,0.11237553641825933,0.5628817089229348,7.310969128447561
0.12412770251287868,0.08007408615432868,0.5200189116691405,6.677164530744675
0.056198788376649635,0.04814834147248117,0.5359816791744095,6.876210293891121
0.12524754761923873,0.0919011555019271,0.6173114700506135,7.873169992300256
0.13754756096511697,0.017174088351262294,0.5646620749437091,7.2254057976455455
0.16145890229796392,0.04518551412250961,0.5498403091036809,7.387555696648467
0.136336698022385,0.05990737289971327,0.5290618536181066,7.02826187942508
0.13730791293607383,0.050504075441337504,0.5866272416205183,7.594807792312616
0.1549966315943152,0.07524690013369667,0.6412200405476356,8.161843016756327
0.12861708699570967,0.013631086678228006,0.6454378071743562,8.077256449728422
0.20128103564208308,0.03968138880923351,0.6674553376445627,8.501119875468195
0.15457034670393124,0.08131129606233427,0.6698704642646197,8.330829533962946
0.0915594006389249,0.03486724748378038,0.5656446705609751,7.174667790534272
0.11353340315904266,0.053546261758044396,0.5895697952248302,7.324282896080336
0.1946514202172772,0.0247902537464061,0.5980089547039518,7.771876687956898
0.18669733128962712,0.04516474555922423,0.625553765674128,7.8263488471648595
0.16529336978473289,0.0620519924836496,0.6398590976742864,7.992814173780971
0.1135324277853961,0.0640333231028166,0.6650267598956355,8.260021870589368
0.09907768820736393,0.03528950545634098,0.6685134679272454,8.326228169032964
0.030222245287979805,0.07985213138407542,0.6789132932839513,8.257249746909476
0.07297238075172671,0.10414303676205018,0.7278835759100489,8.923531076211054
0.045953763305905775,0.09907017351454564,0.6575296980312542,8.058556372496046
0.060407202077352305,0.12782193491117372,0.6913885294105514,8.373786835234108
0.027601528641046553,0.11079496618378588,0.7123237727670197,8.612880094573176
0.07677393168652964,0.13545266094894734,0.6847416862750889,8.459828099172201
0.06075175788270163,0.12388564984036955,0.6306194731850461,7.8811100729718016
0.07441233213641617,0.14462487910225807,0.6715159950588337,8.373052346441591
0.0854312569604636,0.09566523394969456,0.6781711321627708,8.402814146542825
0.04927752639306099,0.11328010355980672,0.6225505935651292,7.873166296728864
0.0674721237240761,0.05188702713605717,0.6850846013556383,8.51381922243026
0.1048381908379605,0.10359206598383759,0.7094377010638379,8.811756160405213
0.1337527769775171,0.16516839940934147,0.6428465067713744,8.289302239314415
0.0792443551525764,0.13532214538653112,0.5977175795608629,7.7715407440589965
0.10651470218933912,0.10291524375092968,0.5885757604390696,7.68480481247405
0.052925082817597155,0.16109073661639392,0.5962084003074722,7.848178892117965
0.11920210546375368,0.17936881377884406,0.5176815313491868,6.955434875284999
0.12711095991829927,0.13129450472345358,0.5571922539937993,7.3738520148364035
0.09026803186295974,0.19231727787985609,0.6070262673621344,7.963968483436775
0.03841273756286162,0.24011564632468732,0.5663558526405235,7.557980194261915
-0.002723739661776095,0.15914062817988708,0.5796799394770857,7.449524622636457
0.009135328258651168,0.15570523952642415,0.628543657218943,7.792252929158419
0.01587448687477941,0.14414993113736954,0.6604406048635483,8.340094591768787
0.07089034821524892,0.15108995159763136,0.6990561956704151,8.846616076916165
0.07361740810794214,0.15424952626836022,0.6499565112357989,8.381306328597363
0.0924181091568346,0.13408452881679989,0.6694698558052526,8.351933553472927
0.12163166438516444,0.16057560916925345,0.6064793271638028,7.8833907273802275
0.11822102321389096,0.13872873132334804,0.6024197734088215,7.9110420113212525
0.21014445837194778,0.10308013087273452,0.5644151915335801,7.486736919476711
0.2142315586504276,0.16286219255291917,0.6322503545585436,8.508832755625495
0.20795290236021485,0.1586589227948259,0.6106358773525135,8.222174044810872
0.17815368790652766,0.10742229093296107,0.5497788940362253,7.59024168513508
0.22766930240128413,0.17614050697857936,0.5014553327830565,7.237783020022366
0.11731151987496265,0.1253347004559592,0.48392935795045955,6.547091178953063
0.1320463156558478,0.1589504533489807,0.504105736426784,6.833818498882421
0.11201727582086245,0.09582322010471389,0.48002675962272795,6.4624090145072906
0.14566383930435553,0.10241600898925025,0.487446096703574,6.507633653131094
0.10350158295215892,0.13308650490021753,0.4555730495844344,6.341109732741387
0.06221437582958859,0.17441043972180384,0.4937768303455647,6.6859795367711
0.0989887821695386,0.1012954839393202,0.4267700893247068,5.572213907250149
0.11945580450061546,0.049237607449368774,0.3812125688632038,5.269317939963954
0.17043081200802895,0.08980241848183296,0.4283240481549385,5.828208647693927
0.1787068361060051,0.108641981350697,0.37116857967518846,5.477729526787601
0.2288364887972053,0.14475471875149457,0.3341884330381075,5.5091261641318425
0.14100884364662217,0.1830795578624833,0.366819356162508,5.643599031604232
0.05087459299594783,0.17456333239588703,0.3206905682334379,4.787348264885548
0.03783302527538855,0.16903012163277073,0.3068387800518175,4.765933760790059
0.06126385702773998,0.15348050445120154,0.26935861056382193,4.360143808080727
0.12912491847276333,0.12733155154475906,0.31974227132206406,4.991475290956052
0.1467953667553379,0.21179259192434824,0.31593858143671333,5.29279194637739
0.08978331748969837,0.1571961936074946,0.27578229724254705,4.467642266075569
0.09185945536649172,0.16661312030871475,0.28059384285733824,4.319397487090543
0.07143364914400427,0.16302464564140653,0.23678715540061188,4.026550330715746
0.14681075131382065,0.20571493961061252,0.26770298236283147,5.0641016653070405
0.14900480261678534,0.2042560858609818,0.21807486095340925,4.360854801370004
0.20629840770618157,0.20828372465499634,0.20169925737273833,4.552641976106989
0.19974498977627478,0.16379839864710713,0.22144054679933567,4.503896618617003
0.21099400838692356,0.2160700879103359,0.20781940012499076,4.670312434466376
0.1508523511783637,0.21223541878844873,0.18271106625456204,4.320522112490599
0.12664440509099875,0.1822310677380982,0.20873681469788014,4.2097020056963705
0.23754823230133157,0.19385934028007432,0.24317287040935143,4.948920270654691
0.24755207120882813,0.23455537588330247,0.28414570351128876,5.436526283736738
0.2195708126848186,0.24195892125366697,0.2826976740657898,5.386330653398083
0.19662879774359437,0.2317004134927053,0.3225157898030163,5.6450705953658415
0.23166383438299507,0.27571336137951347,0.29948321890088664,5.9897904471146575
0.26512375485281453,0.24460606200454907,0.2789345135195039,5.697577503260122
0.15160645926220692,0.23593317593807028,0.339491129620982,5.55530404674141
0.20787566420574383,0.20160518674010416,0.3274398084553863,5.54985991805024
0.18309041222659939,0.2231489947753446,0.3466585781818806,5.6380443033979475
0.16820077055894594,0.2661166814053213,0.3246533178755358,5.601523993718609
0.1795113926165877,0.2807513023208191,0.3562644516359399,6.088058535982389
0.17483455267902936,0.2781992899664151,0.3241105205069549,5.828092198689238
0.2754965044845338,0.2721569377596377,0.271547901301696,5.931624337192668
0.2169950645907506,0.3380987835477628,0.2718959467567515,5.9376037217015885
0.16196685381099113,0.254062340688706,0.2850683489554292,5.541638083127527
0.20223874414186263,0.20788104432324936,0.3190286173684586,5.546371297095449
0.14018867576073285,0.18528652998374562,0.4102849094642721,5.909663876803878
0.15728115369217782,0.1887414371109348,0.41177540839227444,6.18545925025554
0.1707925821828247,0.1132252290845418,0.4352242836745622,6.174963235930451
0.1802840101476782,0.08852484324496225,0.5044711815378583,6.640699974499198
0.24503420001710727,0.0856963240560853,0.45536946372569387,6.525088767431494
0.224154526231801,0.09090801379991238,0.4373348719964295,6.216407212497813
0.13955040865400273,0.07179893674639445,0.44642532782726907,5.9313900921937455
0.18538957399175438,0.0638139699476569,0.507464132857829,6.881688572390719
0.17113277976489585,0.07986987242799433,0.4613253118902788,6.195893761684399
0.2368654909838098,0.15237485081973967,0.43583782978552793,6.733717523671965
0.19353234071341804,0.1426486084213578,0.4917702629580713,7.085738515087877
0.2154063195158753,0.11829236886575628,0.49754646016612,7.0253046555090135
0.18669500671671527,0.20120918359133705,0.4426473981355439,6.780910148049691
0.08646761813569989,0.10686555395061306,0.5040718047985657,6.41945838090808
0.040225220668973743,0.08545317757255887,0.4838242334134858,6.205245931636179
0.10707702555088291,0.1136512646165595,0.4548549382963462,6.068667160316924
0.1360960015845804,0.05748229753088648,0.4399963485682344,5.826951207556816
0.09756704506679044,0.08207459791012817,0.45397600083850675,5.94037846595173
0.07010481037223854,0.12513064098596324,0.42183118454216584,5.794471743845484
0.0698170196991224,0.09394850536926914,0.4657500725870754,5.883082635985438
0.030147480479397387,0.11026140288676692,0.44898597545739616,5.905798043356462
-0.0068267259506344805,0.13161506119284636,0.4696315509574399,6.1013612075762635
0.0968105356971001,0.09701648487687353,0.48248969193041186,6.177992013122824
0.10769962350415098,0.0953083410918821,0.5100919046933687,6.53521724619162
0.14783216465241425,0.07072315477434675,0.5278997418536332,6.741253228190882
0.14253273415387868,0.11340208831886431,0.5076545843044669,6.6645879050903325
0.1461388485558965,0.07840265409179213,0.5061258631650536,6.669529074552046
0.27242202167777374,0.010052833709644644,0.5603839812694144,7.424128415030652
0.1914379339161165,0.07305219083559798,0.45623705712035256,6.342986192230014
0.15115135598822046,0.12583002389051692,0.47333646627024295,6.473909103313114
0.17845113466607992,0.1104509361806622,0.4605612755608369,6.455806598439853
0.08918087667921193,0.13127197954844444,0.4731954256408087,6.301012881756203
0.06904220561640226,0.20364731763623248,0.45000377989947127,6.314274679912825
0.04930435836680176,0.1849499810920287,0.506049285909245,6.869904268390395
0.03603859089334992,0.2295003248528078,0.4673728568614842,6.681832720862715
0.06904165656248769,0.168362790436432,0.43777699781739904,6.103076151500905
0.06890219447210476,0.13423331687093848,0.38771283701837767,5.460864241106724
0.07934140853385083,0.1152867296266186,0.4290009376975236,5.843202449191118
0.027564389284582873,0.10489099097561011,0.45321315228663656,6.066670191048156
0.040948075391227017,0.10275578107111921,0.4444415148034696,5.832417220322723
0.0766411967369221,0.04814237102826477,0.4866689649913184,6.183583774416584
0.02310250627610537,0.07838988415574116,0.5085611393648142,6.546741690885824
0.0725603504740175,0.054473703155889654,0.46028540738035967,5.880072489872991
0.060388849854711955,0.085804586389792,0.4449095893250803,5.800778753324582
0.11430091175787724,0.09004305017496156,0.5098221287505308,6.444432467179868
0.13733143759297253,0.05094869222380536,0.5296202291068541,6.727509123974516
0.0894868208776614,0.039855218808960875,0.5038069866353068,6.483490669831501
0.04855946754189871,0.062297022822717235,0.5006509066906949,6.318211707210578
0.07848173046165384,0.10545198902984818,0.4881154900056705,6.334999933480739
0.09566447724404219,0.1054873312588324,0.491064892099853,6.400020728237461
0.08346895239364652,0.15633806923818577,0.4822156545171332,6.577075299676688
0.06559612091709398,0.17060256019992287,0.5063702136171871,6.731372821071244
0.07734312040638677,0.11307131434938435,0.5251312136761838,6.735377137945403
0.09732563004330849,0.16318815495845357,0.5021981151414988,6.857763496936077
0.06597344907410635,0.1324770465586507,0.5237276677898728,6.762590833270047
0.10523308492166698,0.18223302765560795,0.49039534095493414,6.717184034486809
0.08250987217094723,0.13275331076547822,0.5302446467076625,6.8214799825913595
0.12196562564878456,0.22986539064809267,0.5441897675672352,7.495688127211663
0.08219758701099361,0.16051259739189946,0.5335912474399461,6.889066031940831
0.08731922152402423,0.1849386494862875,0.49057106746834805,6.6377451160973004
0.1092621706079276,0.19145601671097717,0.4330012596362652,6.267548632166702
0.13256622205986165,0.20307620680532068,0.440267687701626,6.335545750992032
0.09762008747172944,0.21975137797435057,0.39602911843664645,6.009058113145957
0.027795345500346503,0.18156966487047652,0.5140806004419343,6.767046770859205
0.021679713259216166,0.16787449569626137,0.5073311692557282,6.732038126179602
0.002656955683490327,0.18302138245055205,0.4748433927112895,6.558236337728213
0.057169351996580145,0.17616434925918303,0.43114211396193214,5.9161340498389805
0.04661068938159211,0.08753525820848022,0.5159620476664704,6.338455906983021
0.12187589052847458,0.06877441385499652,0.5152870262945582,6.71528784285167
0.08484306342070608,0.006711249165054886,0.5354059806928796,6.70370681556933
0.11204803693798163,0.056043925180713536,0.4979060716745436,6.369470254348091
0.2267485964825653,0.023754695645679266,0.5453804491042276,7.129709656871457
0.17837663680122515,0.023301187087855457,0.5032364500908681,6.440606447559464
0.10620053826432067,0.010665479835213954,0.4472171898746534,5.913467335932522
0.09228746680020873,0.07544214085364292,0.5046988027194537,6.607493894020076
0.14795376455971054,0.10325944740976153,0.47861194239251953,6.3978386260928986
0.08472395557277985,0.08604648860109425,0.5001410659662875,6.437117605472288
0.09499859513871646,0.073295255629486,0.5914124179217362,7.41180217880921
0.07363344613956299,0.09857071587525472,0.5147794168058956,6.836496596950724
0.1022218320908282,0.06231536995127929,0.525365923664928,6.767090053820992
0.08711170566169521,0.0747013434761773,0.5422958625626122,7.046836840075485
0.07523145011346777,0.0016671572570272739,0.5944356484867334,7.307959061589153
0.09976418086226672,0.04165647609426141,0.6341221485915715,7.763694033003255
0.09063087620108831,0.05044398206971644,0.6038666731924593,7.558955047578279
0.14560863383105369,-0.0005332768234691261,0.6075921463364934,7.5190599227895
0.13376779839371997,0.0008231945508453216,0.6313443070029667,7.967786345895261
0.08997432141494195,-0.0398354280526385,0.6458955135336133,7.943310596927566
0.13652614490421966,-0.02150002263795003,0.5969947494405546,7.501423784491067
0.14547237155991447,-0.020312608182858148,0.5459351828344549,6.85842771041153
0.20817692094519324,0.006136613187034431,0.5581979224728352,7.521667328509463
0.24254101423230268,0.018572024209109545,0.600289220024385,7.888063291214134
0.2643518674590447,0.07254938483503155,0.5792248574735038,7.790940535218118
0.23515251916251909,0.0003596861860975332,0.43987511355064435,6.297165793485594
0.1618690061053793,0.03508256914906858,0.5383206117795594,6.949559825296628
0.1847704748570783,-0.01978457323487071,0.5370806179346596,7.014382777256326
0.14857670327926473,-0.026791292536921557,0.502452126690919,6.510830704172144
0.14563590473635896,-0.00592307835647706,0.5258205254495643,6.6330104829785865
0.08980666587413562,-0.023287126870263054,0.5833856560459605,7.181509239898056
0.18699494155226548,0.021380393898911988,0.5557754939797056,7.00671228739458
0.10382627179356091,0.07795811609218103,0.5300871199802333,6.717562058271833
0.09392170554750857,0.1325148545483642,0.5276193930614346,6.885404693858996
0.10753624879261396,0.02753938873828028,0.543423993786884,6.966587930318461
0.005403699569406002,0.07149972699681907,0.6227052565760558,7.936131339172666
0.012152656166808464,0.13317366741685552,0.5723396951417442,7.289094547803434
0.027963910056975246,0.07556493800015177,0.6201292407185985,7.870173483896868
0.04946129167137055,0.028502993619491684,0.6378545761331786,7.756754944173108
0.07918410067313313,0.062089936518356266,0.5990947689251447,7.618888222402022
0.06898191085779135,0.04881787135941042,0.6128295231087674,7.617597533373707
0.028171839852818036,0.08048032587508852,0.50318668564731,6.56360795327614
0.005007587403545837,0.06886083197204712,0.5212015765098317,6.555360051923359
0.036275000284247565,0.02267134615460421,0.6178307454509492,7.688105410818677
0.11949048921625961,0.08709191846060316,0.6048390762371836,7.696744853529557
0.08992991951940885,0.07315092829651439,0.5768312583116043,7.243678574537205
0.11747966343404098,0.09975777120002727,0.5678647055255183,7.3240347136745685
-0.005642255617989491,0.11183059224443094,0.5751767740356395,7.140339427842909
0.04159008419168626,0.11214337841634034,0.6294758774175447,7.791585573496513
-9.650982552677563e-05,0.15493630471737116,0.6747083746411184,8.444374323008937
-0.007283340176017832,0.12906630855586843,0.6796953331188174,8.473959013492642
-0.043476685598955296,0.14579843972867687,0.582685799264392,7.640231946706227
0.03204647781669858,0.12782339314796648,0.5522936176713342,7.150892031226527
0.030365102163190175,0.10225349135805838,0.5038683028605861,6.525710393497792
0.11798700084315876,0.13624970618728605,0.5251278793772067,7.034758658031335
0.11068068610616252,0.13985170120330187,0.5469612127010696,7.4009744859962865
0.04946725571864243,0.13268485242902392,0.5882743597733575,7.7341820496568605
-0.009844620148151167,0.1382310969574479,0.4991681221481243,6.522857650498802
0.06398928931387221,0.11061433289673947,0.49244291189411393,6.539977712965737
0.021896499435682646,0.08997728291324009,0.5357638588944166,6.8329329412170114
0.04643092836178778,0.08500143971292368,0.5404933978125965,6.809975094015538
0.07939136511815847,0.15680022868449298,0.5059146156596934,6.721222287597846
0.14630711479662423,0.15423790773499668,0.5212550908158238,7.012511611013076
0.117394170547426,0.14645609375001425,0.5310740640865972,7.02323593440302
0.04327615065117653,0.15779777480286705,0.5901870296360466,8.04179093596223
0.054642277304391036,0.13082379885255802,0.5918018542185847,7.509333295543551
0.008280361826207406,0.06874007312585603,0.6243659009258805,7.62265373015986
0.033126462471442075,0.04688211564381844,0.6326399741787209,7.793896090118925
0.04275079737824706,0.004144259135538377,0.4935582487529356,6.396961250265402
0.058403014933054095,-0.050959828796675995,0.5801801655334404,7.0804471319975155
0.014090929153540259,-0.022969525940851776,0.5798988958935822,7.063766506833915
0.09134555901001953,0.010500898404281273,0.5335430488705715,6.685032613858347
0.0574023541550947,-0.010817031184065767,0.49596521589833326,6.265947085545029
0.06307723344277451,-0.02470825334509517,0.5362122165471428,6.64660182800767
0.06852054863971203,-0.005225399819662856,0.5426653153856413,6.7148880922384375
0.07392502041093554,-0.008964709513152898,0.5493985765723286,6.7357183623670975
0.13247311155457436,0.03234323022658769,0.5136733869466525,6.539901234621741
0.12583618215516024,0.026315872168588723,0.49708590861157476,6.285979261622523
0.0463966410355428,0.05293919298345606,0.5264873322792178,6.474915892065035
0.05041443269352135,0.027200365229049513,0.5194122741753596,6.466063298651546
0.05335300948968638,0.02036902887474388,0.5423785117912318,6.733370186081999
0.02297377720128199,0.02344366297404096,0.5567149856466809,6.7572188659656645
0.08158855452044245,-0.023499924584332404,0.530068467356133,6.653992174173801
0.06599382130016075,-0.0563940806366382,0.5712294329070033,7.064194620345343
0.1101330796046862,-0.025990161754420673,0.5639501146686697,6.927550736645327
0.1771850071639415,-0.08421754325264136,0.5625285017440591,7.280970999900266
0.16325347157153516,-0.05810913630792858,0.4758373567388403,6.2335376866957315
0.1375541569814111,0.018285262813838583,0.5091404153840553,6.696313446231981
0.1342033255014081,0.008267253993483447,0.4619875553699334,6.248717795828697
0.11242753530909888,0.03511636637659544,0.3901402988155975,5.58963018153408
0.11911945091949658,0.06599509261961249,0.4573291214447192,5.844416009476068
0.20291160164959418,0.09722679544340057,0.5001571855221763,6.802198934744741
0.14952751517026994,0.04897954082416798,0.5018199600290485,6.773310285394666
0.14213498182420883,0.03847822744189101,0.5007487412077697,6.808013662015409
0.12401684015907256,0.02422086709382967,0.44608708623764215,6.135389207600978
0.0873013216233453,0.09100722894496568,0.3841445873435895,5.673753777555337
0.07707872268152524,0.09677655754535149,0.40376793934037947,5.570968087502455
0.015308739501009227,0.10403689141040726,0.4008806717252633,5.236035009186405
0.06468241048420488,0.07968120420193935,0.36474626333917526,4.8026114531109725
0.10234105301703755,0.06191598647141415,0.37075919977671895,5.194764608828679
0.13287076662755334,0.011273888659641566,0.4421699323532984,5.823144654348525
0.12915946087096858,0.059598914329177764,0.3852280349068371,5.287214570967114
0.11747392229779727,0.11109510299374377,0.3898275517303917,5.3654168598974925
0.13471034563043208,0.06697544117128092,0.41862293473543816,5.7496667648171575
-0.0057550883065837855,0.03868334628541732,0.4187607999630509,5.325857981409162
0.06255963076901577,0.07899735898034223,0.39875211877713224,5.434111814452755
0.1084018664223748,0.09031105326115015,0.3332624570016712,4.946338242374071
0.15214054463417118,0.09169096911860902,0.3617466912767392,5.287734897883574
0.06102306650743793,0.11662868173907184,0.35655847034868315,5.015153585490371
0.04263836320771803,0.06760323310321054,0.3943277641444972,5.429380645420264
0.09273466334374718,0.08291892887923226,0.4831058136255719,6.167221349797454
0.09380402708997358,0.07581229583777636,0.4366657502901118,5.747995501202927
0.14044145665487048,0.055969407994137924,0.42329131560996225,5.75665008839616
0.12652086736443222,-0.015614170026180782,0.5379259949944671,6.667822273874011
0.16951211149050258,-0.03844974851569562,0.5621894011519343,7.007502795945968
0.12369115598596814,-0.007341918468746381,0.6040698239301981,7.293151816393944
0.04831128811528572,0.019340740045248533,0.5477658967035931,6.579164606041656
0.055772709902118835,0.003075886283231357,0.5070842990834455,6.336407726600618
0.06879397412228255,-0.02240474592280443,0.4617918948629229,5.609022685326248
0.06281889706567803,-0.027742017033258577,0.4853324904379837,5.976177703728886
0.07924110060196908,-0.04467725712796828,0.46926493857846313,5.923081405169464
0.0318307220791441,-0.005437950348066332,0.46270942453148517,5.7428473067076125
0.013246384048695704,0.0065935715424028495,0.4742503142603846,5.77457753124898
0.09945712343567775,0.03342080176014958,0.4570298809532717,5.631969416543246
0.059591448679273955,0.0004286065265864396,0.4051136189615132,5.127363075391275
0.03844236331542799,0.015694391939293048,0.49046509232276536,6.096303984806484
0.09435662475260091,3.098793243288513e-07,0.5055607393445556,6.293403141728839
0.05944665901149686,0.032323341901159215,0.47701174363489107,6.045038856342745
0.13335282810835758,0.059184031630177894,0.46571321043325603,6.320467371520218
0.14426188859069777,0.06739561315751766,0.5364082564611665,6.91963258055647
0.22220284699531906,0.0726791736158924,0.5101588562705173,7.048510248654026
0.16212444713299126,0.08888832209744406,0.4983112789665069,6.605507075124799
0.1837768145128165,0.04466333003775103,0.5531113171616613,7.107739550384898
0.15896117748314834,-0.0057580874579914836,0.5008727230169273,6.605127758546091
0.07184979083546245,0.05172600554226835,0.4631884580691135,6.068776806061833
0.1257901851701508,0.10207225095042373,0.5040639304028456,6.673993896243684
0.22221171482867838,0.12085231192120516,0.4893879712836698,6.74199566507403
0.1915583670872989,0.13615956942893814,0.48407165904606747,6.7660401205318035
0.11317666052456925,0.12960670969717658,0.5224066641552052,6.76214127423055
0.1446328532727007,0.06611500050697885,0.519489523431097,6.829447674339284
0.12269290156042557,0.09688285218749629,0.4870511399951205,6.3491631015830965
0.10850041373640795,0.04250951932836955,0.48810911333851564,6.320157932143444
0.09949391055997037,0.09206667252726904,0.46411753213343726,6.116815424523487
0.08759539953156882,0.11241455842570139,0.4331407957955392,5.791456254039181
0.10040264686480299,0.08649148912186087,0.45403132187445433,5.992152276164423
0.06280300269022554,0.07990125463402609,0.41239378164613316,5.477073829957794
0.0640799109022981,0.09885013795989285,0.36549224086466503,5.044436627941042
0.07026686942469432,0.18560070846610327,0.38426474075945516,5.566050431774437
0.01361942133390973,0.09523788605984296,0.40012059240183295,5.381007474317839
0.020548528957646996,0.13833105382146352,0.4062000019293839,5.549676317303032
0.09345600169215587,0.13498351168601727,0.4253032810229652,6.01665259767224
0.05151711749187874,0.13409675502834367,0.40907320424571814,5.555003452674762
0.08104894641622842,0.1655381920550715,0.4181166512509167,5.977218552389207
0.12623651016726004,0.15540095749462512,0.42531957891258104,5.953132895816203
0.09761231216782154,0.20055193877926636,0.38984439671782806,5.808881632199766
0.026012207813972524,0.20995619419820702,0.38762014327317046,5.565537452709556
0.01862289316300023,0.1465093282699774,0.4098058911688909,5.681397316504995
-0.005163130754883395,0.2032808939635062,0.4140610153065104,6.0076781096123515
-0.030710471794807584,0.1813106395335448,0.43971877802085174,6.236330155382195
0.05317185400110036,0.16074747268915948,0.3699743738346887,5.4689284030648135
0.08208692896394765,0.12058325877403171,0.3687815176963088,5.357169510591036
0.061068306807195084,0.042729772019385756,0.43569160790932066,5.766728638932299
0.04262526789812813,0.08664052073832211,0.41490781854539505,5.500207139574501
0.05442276900275683,0.06386347943564653,0.36096550014321716,5.0218273759944925
0.06240583100806831,0.06574904880987215,0.3244621742920161,4.60610708063706
-0.012882844571090733,0.033277221200236566,0.3599734269158496,4.814101944998972
0.03637034821876966,0.02044383771470886,0.3346383115418909,4.732626762771255
0.019589434481537923,0.08739683753599403,0.3907999134152579,5.170529190599594
0.019512263012926905,0.0601292891889498,0.3317532030052656,4.755500108528783
0.07217494992465724,0.029726868154543673,0.30524346612501263,4.366814554333873
0.08372772687013605,0.0771100181942551,0.356053669125149,5.110814153888932
0.07378297325339976,0.05472946458967228,0.4086949045703081,5.3712945190104575
0.06145687315141166,0.03662109802681781,0.3283266803022253,4.552540753885529
0.08624250394429578,0.034792963435290127,0.33309667132795223,4.776974150124964
0.033256491128354805,0.07801172939149045,0.2940931908789894,4.376582398656443
0.15286053586722942,0.04073340766486826,0.2845792025371923,4.41894447550607
0.08413286868636305,0.04960111749525013,0.30504907805403814,4.354721255719105
0.08092498811721938,0.07024695290762181,0.23814118874530654,3.9185515655575482
0.13960154190969132,0.05638457434417658,0.22690544035515273,3.978433317971897
0.16274618831294957,0.07833921591128679,0.28444713374923225,4.501573637866185
0.1242642478742904,0.08142406899072274,0.28552602666209226,4.543000999340614
0.1274677993392171,0.04503327552465967,0.3231363747129795,4.774426772671389
0.12085215429699556,0.0545069994370795,0.36008750989072813,5.184549544392185
0.1999402270915099,-0.039067300223326884,0.4249315369544805,5.937041788467611
0.14443629182241866,0.006405167172223183,0.40234977323635196,5.369676954394406
0.16339281184255383,0.036094550684070255,0.4345131389214668,5.971578094484631
0.12337899073949635,0.05751276406134945,0.45160268189002567,5.922115652214895
0.13967723809236932,0.08714198558697085,0.4417351007350721,5.998588392376439
0.14324629604472497,0.03708949728898582,0.4516169713870988,6.017360464987011
0.09740035051495238,0.029808322031699835,0.47672034126237717,6.329359166427551
0.09882501488026427,0.02068984938410281,0.4350011980244728,5.833295950611352
0.07155984934944964,0.08319555477931455,0.4042602152924907,5.603949680409319
0.012873058952467372,0.058105141340911645,0.424169184536745,5.643116044878975
0.06272871992023085,0.0341935217317206,0.49290874722657546,6.271337630324894
0.03520704248909841,-0.02091429753768268,0.5096933374535589,6.612306371936895
0.09190599485959314,-0.03678611223556279,0.5263745179771734,6.818540579868954
0.020015140024561704,-0.025078380410385,0.5565935101582351,7.0127143659067
0.04031125942791578,0.021866610020900512,0.5361534779823275,6.781546262737652
0.1108498344920001,0.028474968335954483,0.5311765798194606,6.831937297243114
0.14722631460974514,0.07372971438965079,0.5005492449690213,6.663486117352559
0.08191288528596322,0.06402669710186626,0.5070201270064656,6.571797764605951
0.06231235961905095,0.0991594198128591,0.4307057531162191,5.849484067122837
0.05251043241837312,0.05934994364248279,0.46593194248946834,6.107391184140347
0.017792789565983912,0.07221508768565635,0.462369252572267,6.011619609517951
0.01676062774160283,0.056927479891989874,0.46982363721589626,6.083636348633769
0.10050891551148365,0.06428668486186999,0.4057160578042641,5.394586430163291
0.09779872960616456,0.005093825433085767,0.39454566037108874,5.19173079572911
0.024724137828011323,0.02694384414005107,0.4515924869731932,5.795816824686233
0.04735840502669387,0.029622205466460293,0.3482302630640348,4.822721993803597
0.07545034908234198,0.02205900583583911,0.35847558857722644,4.832145246121317
0.03184325461286049,0.0316551985310017,0.32992443998409593,4.677569804214915
0.01366405497222785,-0.013500374846022484,0.3338935144061089,4.585075012538284
0.09195406239867182,0.01647217855123043,0.3956076998797232,5.360333783634945
0.08402353731487322,0.03066328982112082,0.44140375189178466,5.874728299431626
0.07559510612711189,-0.023909706327669283,0.49426504957902884,6.268905677584723
0.030513833494484416,-0.009354495571097368,0.47370860861442576,6.113643644951714
0.10979554750856318,0.029230192567081148,0.5014956282902179,6.537339438180216
0.08628676440568919,0.016964011226306024,0.5427250513808701,6.821951905592184
0.08436412844404313,-0.00338493218171919,0.49234464594864413,6.366383923709709
0.0860362878092253,-0.03571434249802609,0.48866139645174367,6.2290014973765055
0.10773911702442913,-0.007268417181540475,0.39404763651473573,5.4240110136406745
0.04511619795316757,0.04454873668284208,0.42271141598162554,5.536195080719285
0.08655072320948419,-0.002921001758049789,0.4617544108775251,6.080977058621155
0.0589824112334127,0.023987505854910038,0.3666688213067022,5.002854763898363
0.05335449218332342,0.016425838480074267,0.4443483982564984,5.712840719549937
0.02779498956537753,-0.008704143855522126,0.43775850356168083,5.7395050942682895
0.06635648776587136,0.04953078383937009,0.43559580527490993,5.65014390801884
0.011900551756824853,0.061105021537994963,0.3649458435912058,5.1798844288100945
0.015764666958698215,0.07084531582679836,0.4063923561009875,5.628727540767818
0.05017260409252499,0.060860605864423815,0.43804332789620826,5.783018654645027
0.04723820775580965,0.031928066120357805,0.4052207367003698,5.438353733023626
-0.0009570455189111327,0.03857964742909168,0.439742509345279,5.711107841214101
0.12260966603437556,0.04740145916861309,0.4283249951209592,5.757853591101339
0.13384776947356475,0.03853966267176719,0.4230593985362377,5.798172875935017
0.11851380068052027,0.02567601141967692,0.4118091770634633,5.421668739244707
0.07595492387381614,0.03132574751279384,0.41475139643073883,5.562852863871104
0.0947932491967631,0.010004176082219558,0.4458212588640576,5.924563280672321
0.10072847380567576,-0.0032126570820218375,0.45713221185815234,5.916808612255283
0.10995805321524457,0.018139349708931652,0.4293978388413463,5.9150792773648195
0.14328500598906801,-0.006177496316681716,0.45100564365039114,6.126754187048405
0.16427282177792082,0.012850388761385577,0.4056089149859055,5.686106932304487
0.1718194633057074,0.03059175268315735,0.44992050136354816,5.9733374822241805
0.16943231252897117,0.045571630683250756,0.4136271097069765,5.788166705342939
0.052903535653148266,0.08169573277740588,0.38468400281175563,5.227452761867035
0.06937083927950316,0.023141875561235172,0.3617800309393586,4.903051979767028
0.14738933669341497,0.0610543597735159,0.35463121944803105,4.984895994839389
0.12127529116974406,0.05317986738507889,0.34908048163877864,4.91618621385193
0.1401240059050894,0.07254035699236884,0.333561357594003,4.718869610592391
0.09336437750411526,0.10988389939014996,0.36206615265350583,5.178848120555082
0.1611444532214629,0.0714094169113024,0.29671964715775945,4.552496377176417
0.21397330720462582,0.11632856898294254,0.31025698519293854,5.068887759344433
0.1500385158363263,0.03350913810833872,0.30734708468449023,4.477869044846524
0.20144776201461298,0.0033506846160564377,0.27545716239114126,4.46991277090654
0.2702908709830529,-0.0327834224774964,0.30881710220098524,5.092577378234482
0.1942641796113484,-0.017551256445189397,0.26342886508797886,4.3659616003532715
0.1541814489499714,-0.03514911046819597,0.2839599494635647,4.302917134511644
0.15172543077783499,-0.013195538491777308,0.2850027910203154,4.422274430671641
0.17771948202022475,0.001096580626742965,0.29307389842567777,4.452688061870861
0.16717110731806498,0.025406782339055897,0.26893553640582474,4.341907259030484
0.19589545105187875,0.010751872946128843,0.2529554885879142,4.246808098269289
0.16766885432420797,-0.0236420755933517,0.3485117846838842,4.936088023887756
0.20876154174227304,-0.06464084559176554,0.350525674545941,5.298077569763691
0.2255203071107171,-0.004496293399918322,0.2979744441044431,4.764664898390851
0.18028949293448662,-0.005695954023268603,0.28537383401064537,4.310494609668543
0.19802443839083794,-0.04813465889273464,0.2648760509642566,4.440582468376354
0.20562277881888635,0.005420596283257352,0.2311380348574965,4.17341923865868
0.18330993063900106,0.006425159162430776,0.21755725507066995,3.840697168014043
0.21725095623379212,-0.01746789594535784,0.2245040052444282,4.190000303789034
0.18443753689186754,-0.02596359711724018,0.17666982506008855,3.657407017321936
0.15315208821647325,-0.02673608402820081,0.22035129190967623,3.8397768864327086
0.2062455774653632,-0.06503450058364296,0.3152096059703867,5.010568783455922
0.21892228090504118,-0.07963729267429946,0.28454319508495407,4.718007145442986
0.17564000609409736,-0.052308249108606014,0.3109082302229999,4.735551009299039
0.21810563230322227,-0.02475857229929928,0.3529884606991944,5.30234884940629
0.18510950845470886,-0.01024770890639876,0.3081173289604847,4.538812669736933
0.11374375672214095,0.01403806903767643,0.28493495834553645,4.1708750582027125
0.1448872231897649,0.047613109832482105,0.3543018346354109,4.867383405360838
0.1759179874937764,0.030643023538357142,0.3008218162744691,4.63257155504517
0.21712210390821968,-0.016172277831554772,0.28780662261775763,4.650124670740653
0.2386045184048285,0.004444414082478504,0.26393418065252044,4.595568923027454
0.2035107115243411,0.00558823451774088,0.26581433708125196,4.451798128336956
0.22586870392016067,-0.022527036094178315,0.31560043916523883,5.053749697897141
0.19579249120736725,-0.010735421123925441,0.23674126145321098,4.3174889835345445
0.1633417371009503,-0.022585814209579155,0.26728209209556286,4.199797226041751
0.17468115619430122,0.00023410686352076359,0.2966492254527684,4.641719864929251
0.21178213852970693,0.022266098805675608,0.2657358368579355,4.50315001022098
0.21655193351852844,0.03161336891397765,0.27881617993338204,4.633826514415742
0.20618206367639638,0.04264260343396572,0.31169439464874577,5.020300299078913
0.17382144321549153,0.02841712972334946,0.3238272982279098,4.737286211542566
0.19388696781444906,0.0013937488061053528,0.32662814488720004,4.8604259693747975
0.20749999632593863,-0.004569945304939171,0.26609400166081176,4.587197490776474
0.2564600329608589,0.010103723135214843,0.26452870561536157,4.6218734391004155
0.22870454108449428,-0.02007565206664595,0.3112963731141359,4.924209565388785
0.18537305356433692,0.008732042992398152,0.2599333227202266,4.22645817912145
0.1994614322118636,0.022488972121493506,0.23993735931601448,4.245685870513388
0.20382932144846935,0.005461822159759081,0.27481861082626613,4.471502781672303
0.2051946854678806,-0.02538239975339646,0.3082003147003295,4.78028328860965
0.19346078804968142,0.012333055619525716,0.2267107390268607,4.037801997431538
0.17280076119711818,-0.010028510341363303,0.2477419789531514,4.0911339275971335
0.18741061533664333,0.036451202919135964,0.23210592531105406,3.954497557589475
0.17283350220347823,0.016527232014404435,0.24308332958736756,3.9704731027891302
0.17239149416696697,0.0027653396713604042,0.24742690416514293,4.102130958017606
0.2052820867023037,-0.03443023627381851,0.29473552865005737,4.668915946609106
0.15214699837948345,0.029100203866987084,0.25303463323399605,4.204019938511458
0.17806260488827874,-0.004132693796196586,0.28120140718884457,4.42041034080286
0.16656800859426663,-0.014279912776211635,0.2513569278361354,4.057212146766237
0.17199179036301984,0.009133156157121554,0.28313941311093316,4.4221773287805695
0.24825932201624792,0.012960555948203563,0.2625968393453821,4.683946719722952
0.2181585656177908,-0.012280426857675695,0.26511745369402695,4.542381346083065
0.21821925744117304,-0.030516541617311096,0.2947044788667845,4.630073001892335
0.1626447084581097,-0.04456724224891917,0.33904039654338575,4.873171354783804
0.25518726934533326,0.0007960907042556718,0.29395441055262567,4.930151420979578
0.2441167678632887,-0.039045971397296084,0.29203106252609756,4.637517504393552
0.2320418470981345,-0.04315013772318627,0.288615997867996,4.790401053291804
0.16834225219368829,-0.0009389484204228001,0.3345584825391283,4.788049581075486
0.22434253631773504,-0.014424478151286519,0.2982936542428259,4.745289710368406
0.20783285243034844,-0.022081689596966714,0.33404620906252647,5.004072853529583
0.23672764211697028,-0.05210981092259417,0.29498566968952245,4.9189559361238935
0.19267907073635981,-0.051033607413393405,0.3630186776086522,5.385751951189122
0.2477603197101653,-0.026229998148991383,0.4037781784063653,5.837793599022742
0.2729116453400128,-0.06501576542414138,0.40196979043568326,6.061828993790429
0.2498029117413552,-0.08265997117614551,0.3219545402596665,5.2952927345421275
0.21769311950946474,-0.08721124417635082,0.30748524876754807,4.940487241946876
0.21007440553939796,-0.0572458623344548,0.3192532208567176,4.851829261032502
0.17419574616671182,-0.03426378359055914,0.31562390998881995,4.698237208294885
0.20632497490237547,0.00488692658733766,0.2469702774748301,4.273373892512065
0.17666942243727723,-0.04936483121107743,0.26109464676636135,4.18181436671713
0.16940357037199824,-0.0693225704700881,0.2424439518660252,4.025580427883263
0.1463010979954188,-0.037801044945825986,0.2382206507407247,3.861900320413052
0.1782355089703124,-0.010955537124047832,0.2619970139548108,4.256735080533057
0.17153517128437445,-0.029156752206569683,0.24252974107596142,3.902085044825692
0.1113614760972133,-0.004740360198552548,0.29209933863463583,4.13136752823258
0.15949501445338704,0.04488104864878841,0.3389322659404771,5.0626944343269145
0.20355401224045017,0.021814484027336767,0.3719054651018917,5.3331626496594495
0.1900223123631366,0.003499015301077673,0.39127897672680334,5.622307229836865
0.19042836631705812,0.07642712790074434,0.36431114309908214,5.2172027308885145
0.2175621242645101,0.10417764294151596,0.39011045460730276,5.64092750646121
0.2201968185075029,0.11119525861339498,0.38839185679321986,5.903703927115149
0.11687074720397696,0.07169629698014791,0.3660987980720038,5.165702361495151
0.13169360014160494,0.0827947924579011,0.4069782657286285,5.4514165726113015
0.17984011059409896,0.08779493510471949,0.28394443857596835,4.690988761544607
0.23782918234959508,0.05572355169486689,0.2962813063617888,5.02475058241322
0.2435108149600469,0.05912853611233011,0.34966733199114486,5.351035315782818
0.2160802256996395,0.05742374239256033,0.40593144428148203,5.7054967030234485
0.14791011600090356,0.027937726630840286,0.471699331868477,6.245773535990216
0.17537606457654106,0.04811567718695111,0.43297695923512086,5.968593580978307
0.15392452254616698,0.015076010866981722,0.43071306162069,5.731103971842494
0.11703329653728656,0.11801198190218394,0.354812019960616,5.239659433058062
0.1303778697378163,0.08852496985337918,0.38840589083098837,5.524052696364272
0.12414377755743945,0.09522204763079804,0.3899189333519514,5.347519329521803
0.11904564579237437,0.13329839039297608,0.42081596763990253,5.872195188487529
0.2073287254776508,0.17311366355773566,0.4075329346547737,6.260571927341153
0.13510662436135856,0.19230786757462998,0.43920674674678234,6.373457427408438
0.15678713768204447,0.17263087368621546,0.4305553978509455,6.116184219814696
0.16440234457415498,0.11567245812663934,0.35957540835259455,5.467240049269408
0.11713918907642243,0.13664365951357968,0.4359549880446305,6.149151897618814
0.1699140832894312,0.136742198906239,0.3839542791867065,5.751315626386625
0.09075685626892172,0.06440957525069295,0.3349524191304359,4.686923373536562
0.14729985495854933,0.04427871868860849,0.32639229153783084,4.7727273964021055
0.10838655296478622,0.06531703201812934,0.35382935886498734,4.9837350742279645
0.05071455072343991,0.008960808713281148,0.40211014087941643,5.204738784303397
0.05233817929076788,0.024569692615096495,0.4286347447961094,5.559505870533568
0.025494427698119496,0.0332401031978354,0.4075824406694507,5.389292482571836
0.06109150824283526,0.043654656496298745,0.46373832251553154,5.903174818820286
0.09876064495669033,0.005457885524620286,0.4419375517952997,5.861979781048833
0.1280727238136231,0.027748089913272704,0.4168364283075885,5.56356358681372
0.15841235088614,-0.011158233656211632,0.41285605901760936,5.671611831249176
0.1471462677962668,0.017755711391034216,0.35598836683940027,5.1252107606267545
0.17129982653801054,-0.053248512851578805,0.4038386366151624,5.641716139912987
0.14146381039287323,-0.07795836245808996,0.46185458520297373,5.9239546726545
0.1485207575296594,-0.0865794513872997,0.430271202300485,5.823020853059325
0.10180894020910501,-0.0799607309531929,0.46166651394224684,6.05627947826166
0.0998639473817557,-0.09186502447022994,0.4910139472414536,6.315430703909482
0.1363419880944495,-0.08355098068730647,0.4651125295903205,6.05825776673048
0.1076210137664832,-0.087440179562271,0.5335933873370774,6.572998431906178
0.12459908450423189,-0.054064254756726784,0.4522121152752962,5.755308807316611
0.11924556268195817,-0.12411922181150992,0.49765686734258435,6.399163868118508
0.21079008543190883,-0.10638221437975928,0.543469995069211,7.1216883748973245
0.23102315769990292,-0.08720643512618204,0.5390926202988132,7.173047327812025
0.21526883870838714,-0.12628474195228867,0.6258441506097715,8.073814153353627
0.15983922424218613,-0.05813512770087764,0.5842006085153255,7.473409900313324
0.17738264535310347,-0.06034567902347376,0.6314832860281827,7.906860050766491
0.2325630304536921,-0.08780242518763384,0.5950628980294608,7.739199484298443
0.1758483669490992,-0.09194537238135736,0.5837662679739227,7.417921164836114
0.12503417121137034,-0.11501283769380968,0.5333091342940045,6.870572964349518
0.16164163077595217,-0.14557973230844978,0.5849714660142171,7.471845871071242
0.1270405650449267,-0.1588710578770267,0.5953328715976955,7.5502013358173325
0.11727244836672465,-0.2098280397974221,0.5325210032391015,7.003322755708695
0.1498649913278705,-0.19804072934189976,0.5824081069783955,7.553230583345293
0.17183217495139747,-0.1654315832561399,0.5328149226534663,7.067923634347779
0.12773485937086998,-0.1761475721193572,0.5895671835383447,7.431271647041767
0.18290015311714045,-0.207161825129928,0.5951786540980879,7.752095376104615
0.16750847775152847,-0.16003044368804842,0.5804924003657708,7.463571627118239
0.09471672447371488,-0.1416060478977926,0.6335577568471136,7.948564057989928
0.19744190322055022,-0.1257937702257525,0.6179546380207642,7.845530667207898
0.1739519321789068,-0.08476572344033213,0.6595311160337738,8.39928056127394
0.17072279309151753,-0.035407197817861,0.5993694823880211,7.605975889439228
0.11402627390569368,-0.031868595589053916,0.6006038491374579,7.457162272256063
0.08941473701454324,-0.06696934529954546,0.6087944408320201,7.559435809464182
0.09643183947333216,-0.07742446144545992,0.6251960307993808,7.786817987709299
0.08030147259808645,-0.04921604154482613,0.6336772027723899,7.870745366426913
0.1464470365540448,-0.003940892043020882,0.6157535597723571,7.641615896271698
0.03418769245721863,-0.08601394492612938,0.612572793097186,7.545653522247529
0.04793527066859251,-0.015322232008403677,0.5564467290529905,6.920923209584501
0.08174371443593206,0.020672728568815944,0.5544292933347889,7.017032188468481
0.04928146423393172,0.03756443928631129,0.5258090451267914,6.6483609312365175
0.018943133494644708,0.0022482940927675476,0.5322916583136258,6.508208901619947
0.03636559147046492,0.03934499592983648,0.5471071313521929,6.7035412487445845
0.13132123057484288,-0.004531962912386076,0.500268613058857,6.461150165717283
0.1207580143974785,0.04061482991107169,0.4850386690369306,6.32654628110543
0.0592656314273159,0.06438606672213924,0.4777173179951474,6.176572926990426
-0.004378257281263354,0.0759646780319552,0.4395592921622201,5.7909796064319
0.0340188873052886,0.05355346146044726,0.4529982335676516,5.854134800661899
0.00698504033707233,0.03920111489014867,0.43829757091648364,5.500662697785819
0.05323150936803198,0.07082216275631399,0.40813521282162996,5.473692441310099
0.014208694484741278,0.07458828864806591,0.3686800933869956,5.1262039629442455
0.02875387492520681,0.002811045632867602,0.4272100787489262,5.547495821008982
0.11224682347967307,0.008662440339442436,0.4185599685436715,5.649976771781577
0.13216012610983385,7.69288266705911e-05,0.3764225884099188,5.156190724023281
0.1592766738821155,-0.07461038826300553,0.4205239880690053,5.675862936592617
0.17314484898173232,-0.08488494933350084,0.4297053564255919,5.834966432527512
0.12532665827192782,-0.06595599614837336,0.4202157188098754,5.547120945097175
0.21744346545586637,-0.06900675890069499,0.40285761734476755,5.793571674401462
0.18296225889200252,-0.07991517043155869,0.4739061735346883,6.435847275689518
0.2673731749954023,-0.06704251355634344,0.48611268543616626,6.938901071221696
0.20810947552757803,-0.005129432856257964,0.49475678608614254,6.491972787370865
0.18424524951145863,-0.007543426600452936,0.5178623440203112,6.829144108535566
0.15226641638818816,0.02620748225215603,0.4709001625398953,6.4674566393720845
0.1933471583167464,0.04265867908962922,0.5049575208792266,6.8260381018906235
0.1661365713065674,0.018185660691277226,0.4873024990486924,6.367694242936317
0.156300498262499,0.03723251672927578,0.45747563968279825,6.242870565120103
0.1348135380629529,0.04054916145367955,0.4504674286671514,6.167777112523714
0.1895434823749439,0.03515202386647111,0.4241759339245477,6.282561443304986
0.13960383494450515,0.07973392399364537,0.46653877460795895,6.2683772374781705
0.12486256521200496,0.05059846765576835,0.4658133077726236,6.248736610355859
0.031650862202628714,0.029633297670365672,0.4186406431656693,5.692920449418312
0.09048520762188227,0.07912844814833044,0.435840585612426,5.890923119676
0.08515986193437097,-0.000840815567341906,0.5329931420779758,6.850661750761981
0.1498197582341445,0.03583773213261144,0.5358619065057771,7.136701322619855
0.14092003689350063,0.03587673442014482,0.5018265806969857,6.634591315188015
0.21252506858496767,0.0010326045209813348,0.4056467726574083,5.974067287460593
0.1745271535049418,0.08641962804446325,0.42590630704333643,6.2380381036808314
0.12322263967187079,0.09167243280600289,0.4397990702957309,6.193204639307561
0.18078216198220318,0.09984976821946524,0.4307651745741919,6.349319885351533
0.11729453185178831,0.10186865813927029,0.40025160301355917,5.693011831920096
0.1848440679195324,0.11059834773048714,0.43850278825221733,6.288037016178464
0.20488833073026727,0.0672740027177433,0.4710171488308162,6.54686161990516
0.1499425872381879,0.0366395678605338,0.4884072314479103,6.55739845984699
0.1534944554104792,0.0563414165718048,0.5093666912709841,6.8454246364297715
0.17018874468018225,0.05660893461522895,0.4742631661943619,6.675831502303366
0.15569595811226092,0.07359723336860764,0.4953668554001846,6.79970489501645
0.08872677351379973,-0.020531911901182056,0.5601130458717606,7.255682148066339
0.08901957057087866,-0.01235693145382843,0.5507538480837582,6.86885836717379
0.08405672509943674,-0.02786843233251848,0.5308117262276215,6.69219147391851
0.053506050454521746,0.00029516380439202015,0.49347120666972055,6.264119238796547
0.10318779860740178,0.0016320479434146346,0.524476188070342,6.708666719013746
0.0526150710357876,0.04444119505841841,0.5142505870103279,6.923579899770703
0.11409106245534596,-0.007437206796444654,0.5776613951803244,7.318640079186347
0.174416526487534,0.06857765942415053,0.5672771901992365,7.598126419204638
0.24172546180890656,0.023869462460376512,0.5782709575638483,7.894086598074914
0.24388082670393385,0.08208653120766354,0.5306617220201708,7.391202694914865
0.28552431870569234,0.0347227657683303,0.5212548900020115,7.469862328653914
0.2690509709734146,0.05378322841474725,0.5313001767740946,7.429688405585464
0.24119866267067394,0.014027897608151438,0.5204477536291333,7.173854127881728
0.12316028152887644,0.02867636846067618,0.5562751928150632,7.28571231519281
0.17491806182273725,-0.026522507775594433,0.6045228360247503,7.773428415582124
0.23055088680693403,0.01987917740436436,0.5737110624314363,7.715102671062556
0.24419358464924512,0.006407914601754916,0.5790902284397129,7.8856761720928885
0.19058807322281554,0.019508721623904702,0.5860702005535201,7.828201726790442
0.22041021873387356,0.06691861162626028,0.5715563561261753,7.7215428209035615
0.1974973616392564,0.05008882891328255,0.5343975377623299,7.155143731215966
0.09162016067487223,0.05669290878702154,0.5409748239185866,7.065783181133054
0.1519268516023513,0.020951604972069784,0.5708724251905942,7.384412890590667
0.15317129560305964,0.0973323207900198,0.4569353675301112,6.350694398031523
0.16777961879391312,0.15154329750996026,0.4448347747887063,6.391390652156571
0.19039669438044604,0.13700848209946415,0.4770116600805521,6.7858047547179705
0.15512860130817446,0.1063407823320792,0.43025645487277336,6.200842073129239
0.1955167978075709,0.12503670669970496,0.4482289348430673,6.397125297950698
0.21209836521109954,0.07931087639589861,0.48449999881739114,6.614235195586434
0.18554827388853495,0.08149213608413375,0.402440657390162,5.853247177087166
0.1566486652307698,0.16089708464464444,0.28884207094615844,5.245218553625443
0.2284393434810018,0.1682309353553212,0.3175168103530131,5.592905774457512
0.2984674646738225,0.17213748268043105,0.3484278350728723,6.438482815354941
0.27391903949369056,0.1460194909721047,0.36121684067621584,6.0222336889056525
0.2182413358311355,0.12844458768494094,0.4231885068023158,6.511884809862919
0.22852275215502357,0.047756354280703316,0.39215734202107677,6.066971128540216
0.22784422827648948,0.1138483383224864,0.3124665416467137,5.499299899273654
0.2408347931752845,0.07739836177334367,0.33222555092068495,5.513538739995779
0.20900272429678754,0.0434888663881893,0.2802812994089514,4.833266933570496
0.192543640312097,0.10085919175123008,0.356512014313425,5.506669153910573
0.1400359965301852,0.08673323064247918,0.42397670397950143,5.896651493524789
0.22643394043800583,0.13956616516213058,0.3972216256796734,6.158923508772792
0.16023819169860226,0.1241852956596491,0.43940566841005063,6.140504831609564
0.2005954723577838,0.16620925070118397,0.3697741018867456,5.81089396622581
0.1494922359469049,0.14908729500268753,0.3807076956296572,5.726864583934817
0.16677018972456373,0.0928721423785886,0.417918669472216,5.989706353389155
0.1741925097569841,0.09084577136651162,0.434611379272273,6.2385466685650925
0.15280563021655144,0.1011393790803707,0.4886933518811392,6.597328076620654
0.1354845081273261,0.0923220850155473,0.42780747684423404,5.9110606574128175
0.1746717624845055,0.1424333380064967,0.49269668506754705,6.821762354745197
0.18813231372912176,0.20015394103292436,0.40718139088121297,6.1301509440160835
0.21852038927616205,0.13339131120006634,0.3590075014548901,5.901048726968543
0.1781676411929322,0.13020241768648994,0.3734359562002112,5.735251695283382
0.12513881097036791,0.06846043251130986,0.38355799111968836,5.321991084626333
0.21114915228462583,0.11588515253933689,0.38767958792522944,5.697783787963798
0.2017653399106752,0.13331982076348714,0.4180570160679672,6.068950239485059
0.17453262890487553,0.0812602201957078,0.3983722942922691,5.992823945769021
0.1782908925501222,0.018573705605923002,0.45154218205457913,6.1963618152458
0.16713218296814633,0.002038537232013865,0.5135321299010884,6.678986811194547
0.07121707358519443,0.04968812007999826,0.5354432134932195,6.844412759376886
0.23632433864932115,0.1118099518215684,0.4372304670639,6.362101970326606
0.25681777331183003,0.08978153484583032,0.4223803786311874,6.34076631108646
0.20572141831081858,0.055863680670496074,0.4697007316705092,6.593262206398432
0.1944144234367573,0.08524729324487669,0.395346460464538,5.76130687848152
0.21965204016065484,0.10092881088826888,0.4140900424472012,6.082437482568816
0.19148556390081747,0.0992665778319798,0.37383309579599555,5.666530479380217
0.182730148963024,0.15757242396422866,0.40632034723818133,6.367109094383853
0.2359911818181241,0.15135008473549513,0.3947689649463043,6.117352626309405
0.2823984118803894,0.13340616329279353,0.3656949741386648,6.27856942526656
0.13349423919707604,0.14505578536413907,0.473480060939756,6.499572346608495
0.11656236158388056,0.09678244967637493,0.46010755337026665,6.417855093283012
0.07384286523992917,0.08872146062524462,0.48673747831824793,6.561235626945891
0.14241144068402056,0.047893495217456596,0.5372168937337551,6.860495184382368
0.24308899441241816,0.1114980755519493,0.5097943546588432,7.28973782712604
0.21289678581089658,0.07778537616102776,0.4758830941836205,6.689909215312312
0.15676229704070008,0.08081604279152957,0.47594507441339984,6.381143773040563
0.1858744667330443,0.07265502281324895,0.4599288826526043,6.478748422388069
0.16585644408930678,0.08697255174810967,0.5339308632565432,6.948616982164447
0.11899550104777583,0.027892221824521026,0.47548349419451535,6.318936114291462
0.1364092459538528,-0.011815874499383199,0.49513525412421916,6.566543649506676
0.19957184165368438,0.00497352769545881,0.504907799843145,6.875431855913532
0.1898226537343163,0.0425547047875538,0.4765690593326792,6.537146360271872
0.15312494730183068,-0.03497279261074533,0.5259726486915959,6.828335666158087
0.20137594423051638,0.015126620263048235,0.523119500393831,6.94328115485018
0.2144209093813282,-0.00880365884370396,0.5256312024335339,7.107507481938672
0.17662218068114635,-0.07148281816097336,0.5216905517848976,6.872524526949696
0.1634084199666672,-0.02696036095368753,0.46977592599178264,6.209038611830171
0.17520965158192234,-0.04052803964935478,0.4632089728770862,6.112285293073492
0.07616982428672397,-0.06886139801174425,0.410369287704835,5.461555957433506
0.06592815248673986,-0.025896577349541275,0.3679777433667945,4.98411244932128
0.06469432002759228,0.020346912041655205,0.40528970654165186,5.526440769642393
0.09856496663012301,0.011659295977465473,0.3838636982993963,5.090712964075756
0.09744188093815287,0.09306344305806348,0.3740637220019367,5.296834013485187
0.09982994943272745,0.04193160150909161,0.32175697861230595,4.710647237530737
0.09343659935063475,-0.01627660031324528,0.3452273901693528,4.767886740832506
0.1278299712425094,-0.08649489367878015,0.3482453133225794,4.945169810438874
0.16357602966843446,-0.026982064969499987,0.3872075954236515,5.306561655399532
0.14738219812502826,-0.03237157924569156,0.3940363734635394,5.346896013596465
0.13970264814385755,-0.0290814462763806,0.43571983878649295,5.951096881556372
0.09552980868558744,-0.030288585352836267,0.37925256686584985,5.373444221974561
0.06928534089756112,-0.040983104313473004,0.34301637565901744,4.608139571158106
0.06495258834776495,-0.012836957790790141,0.39052746948932726,5.11680994348096
0.1061332212307207,-0.0701842195438479,0.342723931245229,4.8135004628162115
0.14718025921503844,0.003396337102068351,0.29241576235241484,4.423157294867434
0.13720357731721136,-0.05328189995454,0.28555761034995697,4.399261963819341
0.13071206764584312,0.02562520711346567,0.2732361857874292,4.311780572046372
0.1299936767891576,0.0275418924538382,0.2696480237647433,4.392592420008075
0.1365790219078075,0.08523185055565886,0.3499588151443667,5.243627868781261
0.14481544499635413,0.0996994685818376,0.3071785673969785,4.870506501909288
0.20303507458474496,0.05940312832396486,0.3105978760007435,4.9859638965780295
0.1624562632098905,0.06592968904028264,0.34568274581938563,5.093359538149851
0.15334998084260773,0.06614658900523619,0.27057012216609033,4.446327951303579
0.2505744675656048,0.049736215976516084,0.2942832271661598,5.112878853396653
0.16614924088303493,0.07978417775434382,0.3274801573033875,5.0912075483723385
0.1950436674409213,0.13331965263073256,0.3617254170727772,5.614075301722329
0.28504999725668423,0.09730074830497064,0.3534533459662433,6.111449553598102
0.3111209846804534,0.09543166559849905,0.3525441000914275,6.102554748240057
0.3382309765518949,0.09993156145969473,0.38783793621777135,6.616515629935466
0.2773196993300409,0.11278490996246504,0.38814330247018725,6.3498520006500385
0.27816047929863086,0.08302956750755826,0.3572598981738886,5.972076803092966
0.25531634483589105,0.0091146484919848,0.3540796092901023,5.696451650234796
0.30170237416748324,0.05775976643958192,0.3442492737447453,5.772336779718732
0.24465441538444777,0.0015399009851426364,0.2846107545416449,5.012035373032441
0.16391518685909842,-0.04662171484435315,0.37137343339229223,5.520890159117609
0.1214351101281327,0.02780477068068752,0.3901858371382199,5.221362318166149
0.15318746877907152,0.02285607861977926,0.32448386843996735,4.793031506103681
0.18106710569372847,-0.01033365908924667,0.30646280907357626,4.782696271349968
0.2251861076501202,0.10999127883115889,0.3436960065980433,5.69814728960956
0.20713758707783753,0.074307111083318,0.3791693643387019,5.730301688982385
0.17689622768273347,0.10366796672436461,0.375654018852501,5.72479382192124
0.18908535051716358,0.048357076552124074,0.3626857885604623,5.402855182698074
0.238200835824079,0.09641121660068136,0.3582430435909155,5.772830873543309
0.21934363447562785,0.06680651352495895,0.3460021974828693,5.6047832861857625
0.21218788623420068,0.01583852572671249,0.38604253571858527,5.591468662263903
0.20704993560652446,0.030301904977777107,0.41622953582829647,5.954631118001933
0.22068859510760216,0.006970837899981132,0.4752341316262976,6.4720366692907225
0.21702698090474207,0.010792735211646736,0.4136369436938953,5.8455406218721455
0.18240719431334304,-0.03527504020911155,0.4320036043099956,5.896895029607032
0.11840393918344069,0.04540834760987617,0.44996731416932095,5.939482432471298
0.08463099174406159,0.001972294146964715,0.5049020089815768,6.424035601628585
0.1115914792831741,-0.008050623253194413,0.5366117574782843,6.880841140625397
0.17810912207841362,-0.022023944158278776,0.5291599651186896,6.9746891011114265
0.1570788406160393,-0.035676985939523786,0.5448668352062603,7.024479986544431
0.1472991618174479,0.037223984950491285,0.5475240849238392,7.013233507709638
0.19197812443976275,0.06337276774460175,0.4905694806707218,6.829074448821072
0.2294621299225635,0.08634906372849246,0.5382308734116272,7.40507732861202
0.16616407374993986,0.011425678600695823,0.48502502904964684,6.346281763485949
0.21407451349623183,-0.018429327125232715,0.4476113208185207,6.135194469105456
0.21527663838075042,0.03993656481415401,0.39039405902388635,5.681619902567762
0.2038013766575677,0.03717756461667345,0.3497093534121566,5.34725985724004
0.1833978154898236,0.0633426857053373,0.28386284787923466,4.73776729187564
0.1505764408609296,0.04256247542161561,0.35073722801989793,5.045824007840095
0.1112532369742163,0.10797515270353543,0.3550967154362762,5.105691341481393
0.13401282627956498,0.12263874699200143,0.36437602563042193,5.3883548727981765
0.16713454640887174,0.1275983145711059,0.3274502845928902,5.105174279267765
0.12021861591603954,0.06630573410794549,0.42584255679038274,5.6660564141267695
0.1418049988859397,0.030638501719349204,0.376320621060909,5.192821589568462
0.09479955239972726,0.11411380204138458,0.3291583048125383,4.896963412814337
0.10721194589878841,0.08460863019136333,0.3257234264261243,4.793275042339667
0.17142935515056598,0.06503197425414768,0.3501318811645777,5.3896796246639305
0.21531159605728922,0.0392483676241443,0.29674282214585557,5.00563524609635
0.20345007075564617,0.07177471117078171,0.3416400858445168,5.349959554000082
0.2629244013190772,0.08016945912945686,0.36564562557861396,6.058288701863803
0.28976904865141445,0.07443770602533152,0.3975198968603799,6.590873347009955
0.3419107032788574,0.046776654436462846,0.4165774298027471,6.922777816090383
0.30457613729052196,0.07259670554299753,0.3920392689996134,6.341148927689126
0.22875168554248293,0.048684087888437776,0.37455512121613654,5.751707772372028
0.2246865294276018,0.05358951688445874,0.3905983391413058,5.798246608596291
0.22015451510266848,0.08323756591491317,0.36146875782973553,5.721842882685267
0.2235304501722759,0.0677999654572036,0.35383813852236695,5.549753174453944
0.19651009643225903,0.08109111863554357,0.40121878910945513,5.870431807970055
0.1680666954695102,0.16365443233180366,0.3416218210865849,5.537018243504325
0.24675426496429578,0.1697393486065637,0.2909008420683366,5.63711865192685
0.17208831673838326,0.1479643443113392,0.3143805254491796,5.432008314566567
0.27640053057028957,0.12544709745198432,0.2959992989550996,5.399068101470051
0.2974037267272943,0.10880371303473264,0.39750021698831917,6.512823167746411
0.25829402135841606,0.07341634222275592,0.3505088377241592,5.7307232679643
0.33925762977017576,0.06743587116047187,0.41755033432026933,6.791759073938717
0.43461664033065234,0.12011955712558739,0.44098046478000075,7.873207252134282
0.35737408714647095,0.07761213293405725,0.382374750064781,6.597273050434423
0.33348577169623406,0.17856842193276,0.34110469711144825,6.375420741943331
0.26499780660729483,0.14852827894265552,0.3605511515039871,5.949441553031655
0.23298892705603222,0.1746151929046943,0.29439174703252835,5.338238951619805
0.3404195755973917,0.1883814372302201,0.3348923753889039,6.338889805652038
0.2944378868787273,0.174641926119335,0.385630826896303,6.606306098195632
0.2970258904577379,0.22227626604674142,0.3848077806080058,6.655456840065315
0.1961995823954278,0.22695170013577048,0.33100048183626446,5.753899506093474
0.22387882543964857,0.22263447557250185,0.3457337804524365,5.84911194175498
0.15058993778835777,0.2122742527760829,0.3271818123011198,5.479102489139508
0.27193274603835904,0.1708319022126423,0.3696366176137688,6.288494484365529
0.23126270080063913,0.13209508969437644,0.3803544340293789,5.9941683895278794
0.23525249987681396,0.10970204252195342,0.456367856162139,6.687356762316821
0.23026442425620747,0.07869205160563375,0.5018382065679201,7.053018203249883
0.23167460982745308,0.04154443975006953,0.48754415712407756,6.7884924136239295
0.29351495554780194,0.05037354414546637,0.43558449899786017,6.525480322491893
0.23817710281890297,0.04938782858402527,0.4165895558723345,6.2638475188530895
0.1626744554815538,0.0005718359137104879,0.40550788461624504,5.517579058934483
0.18661721218528926,0.056148624428124225,0.3560224338250878,5.332411961505474
0.226748928913956,0.1269256969547007,0.36083260401084355,5.766048044553679
0.22517745396783523,0.09147500979586833,0.35709986218377593,5.66971148825828
0.2576712741283398,0.12397613897837123,0.34595478895150017,5.7109478283430715
0.24962458710306992,0.11218452540595909,0.32886835842247836,5.74616518407539
0.21697867356046435,0.10870568695969043,0.3666851738088316,5.7885328615847
0.1962851571587159,0.06990267697890862,0.33137045653964564,5.171475758989054
0.15388166549787008,0.10561239980849112,0.31273198617665343,5.231733152015643
0.20639436467290448,0.1381526833873903,0.34460393185788424,5.7070710212361035
0.2174081374477416,0.1111792022392275,0.32888301321714236,5.261539969730556
0.1682847501985452,0.09174374634825379,0.36962179088634184,5.610418519042475
0.165425823363568,0.06203100567045295,0.3755961637154173,5.390468604161196
0.1572299688172996,0.022892678214132517,0.3442356458902507,5.265913424257469
0.2343524447994486,0.08476598205703034,0.36172998542115187,5.881701554947957
0.2250175656229534,0.07869936593508607,0.33316140703326663,5.303684772876795
0.24103438160872553,0.11549464410159306,0.3229777062208421,5.396068430464009
0.1795577494021783,0.049395186071206854,0.3365049224307625,5.163338134738827
0.1863272884188023,0.09515235642728735,0.334474444247205,5.3108027162519
0.15554351628901783,0.09277281713774006,0.3100975762484813,4.9677251898472035
0.09326418154262717,0.08370086360809348,0.3236417102362074,4.682778044163714
0.05841470077118282,0.05956047535896263,0.35035864314573795,5.04541820192062
0.1528269967763876,0.11380003098519938,0.3712662957812968,5.620788339779089
0.13884212844710117,0.13263902155007162,0.31673463173431615,5.029093810900377
0.1671443717112617,0.136693447697602,0.3461808700354006,5.492666802617509
0.168238214942606,0.1175948675024561,0.2595896458710081,4.661294844734941
0.23980874122179013,0.12452545099715187,0.2731320889085065,5.0398408057226876
0.17181361306806595,0.11387467916706866,0.33380543630553233,5.362650402889668
0.22913583153195524,0.06721920222972029,0.3518923043853179,5.382373207842912
0.1429509971018638,0.1042233322369659,0.3447819023890833,5.271373272588514
0.1352526148256058,0.024140701835867282,0.35433691569559017,4.901239671187481
0.1658263698084689,0.021687042365864807,0.33968556700005614,4.93659036686279
0.18885352374130146,0.05206345579938075,0.29478599343931877,4.983389830529959
0.18708058963887814,0.037060362991076616,0.3721792643075166,5.294691539571401
0.173317784354154,0.03310119803882625,0.44327763954519145,5.896161127325348
0.19761092245747974,0.0596529607993374,0.3899018927967934,5.797403508806865
0.2233738615623471,0.011910349622252658,0.37717048383729873,5.610392486102762
0.21673656135416522,-0.0024711606401284425,0.3623429219302851,5.489042012745904
0.23659977343968172,0.011147634062109363,0.3866759476727961,5.847556581041591
0.24359130975892013,0.02995967518723433,0.40000748305984535,6.073265152083007
0.2166777940835237,0.002290296734018067,0.4345010187525364,6.257211781906853
0.14598147702679876,-0.0368277031274619,0.4853882935966677,6.398213307818867
0.10184116481817215,-0.04346786954559918,0.4600993481748958,6.099145573140941
0.11187320180730942,-0.0007988278362136928,0.41682945328400595,5.548526632433085
0.15587290798570833,0.028061486079147765,0.4493131709998561,6.274033369047698
0.1562890813939364,0.01536592668122095,0.42542313977661783,5.857856455290665
0.23130318711706577,-0.0008379774233462975,0.3871558410980907,5.795109683976803
0.22824541673555324,-0.01543456836895796,0.36350051855253,5.461489237699949
0.23336538092278764,0.007144251218973555,0.36556327269699995,5.420425989313674
0.2435053738611903,0.05837014529069578,0.3905191566979567,5.988619678378728
0.23542289280932166,0.037773813349313214,0.389509756340716,5.924121149627266
0.26964125635960023,0.055735519689999735,0.455093399175246,6.578888304990689
0.2624536798967065,0.03473531034095092,0.4553085126530385,6.772347096861696
0.21673903539501055,0.0593369867936363,0.45332498405285365,6.343947398867045
0.19912527140103445,0.05074289255823334,0.465184671968894,6.457955778779614
0.21730223082270383,0.08626713745359055,0.446998296307484,6.298670214622909
0.2440182328848109,0.09391068720071374,0.4013785634043154,6.2945955973118
0.25970105002244714,0.12405311461416177,0.3969841972660452,6.332927257245844
0.243511010606705,0.09977525631576338,0.4152930724173569,6.275801393788728
0.29025139074595663,0.050280219166715885,0.43083124959706703,6.536084838026007
0.25918612313842854,0.08133855181919747,0.48989322498593457,7.1778520596805375
0.19298263049491332,0.07688698160146741,0.4738265989789875,6.549945590333413
0.15543656329126296,0.03849260450179538,0.41954538109556955,5.897823782534296
0.07346852786549563,0.0038618095364754378,0.4773184274168447,6.220139438960425
-0.001697057912444481,0.039213584609694006,0.45169536522593945,5.726905355383886
0.1129193092446659,0.06949124580562997,0.4548196416244841,6.08484102649536
0.11293876200830959,0.09183642595771623,0.4140969597984317,5.795229601192088
0.15944642618597604,0.035861054611113836,0.44410020354356,6.0658928331761475
0.15158570171092714,0.06588807599156753,0.5003755499756909,6.562243335345774
0.14444273725721973,0.06852764954912671,0.4812402121339976,6.264459305607438
0.18624770724777584,0.05991050970305624,0.5339347531692019,6.9566170518126444
0.10727588663209461,-0.010011403497561218,0.514677264649355,6.46067069276343
0.07549108938762801,-0.0578157318853337,0.5246097240163009,6.597191645208677
0.09739946320684455,-0.017468085898149032,0.5031805827021428,6.448279318440772
0.10025923588812491,0.027627070428701023,0.4780699722915443,6.120824257428217
0.1610101701450093,0.008982980937842892,0.5903069277038759,7.479390938608553
0.20812442435393858,-0.02548975537515995,0.5602361591550858,7.3505792311188465
0.20426611288257346,0.05717901153111633,0.580644041756263,7.557916089287451
0.11054432845125813,0.05453845006372248,0.604910892380039,7.653584749062001
0.11774694366449387,0.03657175374141824,0.6070167250517318,7.6571029360047955
0.16929493041927485,-0.046134254300658664,0.5634918793610724,7.326947466525465
0.11874184421848101,-0.004160733139583117,0.5168263678361161,6.579933315029138
0.1748580710119419,0.0150231388037281,0.48798971514791273,6.417762800953742
0.20501798786864187,-0.020787284917062263,0.5010570947951398,6.806417395863817
0.1383459522455948,-0.016370457661575917,0.49449822305036245,6.44828087478452
0.1807942663619508,-0.009442287210440655,0.47994653491220135,6.410540820139325
0.23321319660031745,0.0019991588808737364,0.4733139922748317,6.539400973427483
0.22165856374129905,0.04694821499762501,0.48807337679514595,6.746040981872207
0.23731587807319413,0.12372956715861018,0.4772387426188901,6.855236198080484
0.2089065196114542,0.07431744510992004,0.4164972354349395,6.149615558348317
0.11446552339363265,0.0936467563394471,0.3987146822105051,5.387653740312419
0.15085533112130398,0.10678186975999045,0.3881870962443392,5.519721076634632
0.15196504107315523,0.1035724316478959,0.34767715531988275,5.109273978613625
0.1817436029837968,0.12467415169638243,0.3674714094313228,5.512406994148112
0.17900351744860238,0.13565159729820686,0.35262229885863816,5.3373676941687
0.2699046307298307,0.16208996238336296,0.36888000701268975,6.180524312135694
0.21861833473526973,0.05189651505800776,0.3651435835229135,5.563387886405952
0.27543734123826275,0.1273983353046958,0.42882588997897875,6.446332341266047
0.2017859496269803,0.1102517663145795,0.35804155679028127,5.418543709508851
0.10497604558442705,0.036789736255987,0.42939256642985024,5.5423292306072645
0.1547685316407344,0.021023359321906812,0.38972369326441225,5.222118928305661
0.07575596381106749,0.010826025140916322,0.4237797757673408,5.321489421394314
0.06210832827573758,-0.010143634696304317,0.4799851753515832,5.869368269129833
0.12228422698027969,-0.0006434863469298511,0.4256300396582724,5.618191633580866
0.10431075574042065,0.023632367206987734,0.4727732752634185,5.965246507637775
0.10435449713919609,0.047200326116077614,0.4250916897532324,5.464517733941474
0.12791650016417175,0.06496849644306524,0.41957079306142087,5.569283343486343
0.10864343193554617,0.04329182851098924,0.3714703686536071,5.139085987291557
0.1326333030978744,0.04047880829853757,0.37849122269683716,5.356522130224334
0.17488942717000977,0.00962165956010911,0.41051733710124966,5.743416981497164
0.22229359898913442,0.013767158472298988,0.4693650756312714,6.461052707986104
0.16211361734820562,0.026649280497817982,0.46519699578904994,6.219861685198812
0.18322144404271112,0.021453450632066395,0.5485537704958157,7.239313020280124
0.16604332174096584,-0.013070899595444404,0.5714528010822756,7.583671778868077
0.1871077536822722,0.014122547460051583,0.5601746680695565,7.3527963664176115
0.13460161703671317,0.026404694451994552,0.5445736672223758,6.854259545464925
0.18036388706325332,0.006616502889758903,0.5266570334309734,6.896846044850684
0.18974107893536268,0.02628202794760967,0.5128176072983083,6.81222664219504
0.21845103678390573,0.05520377274910135,0.5079740757410656,6.960131830591337
0.21001190835641206,-0.012225431474192531,0.5706605409408547,7.604432863217039
0.2089596419307446,0.03879392791065132,0.5883403647383364,7.866460469736834
0.19917573894458943,0.0031367933263881124,0.5721897823197659,7.371833922098675
0.20467454563332865,0.022522438462230815,0.4907762727444485,6.505523498242282
0.15672907887545473,0.0014974124407731138,0.5107602082899718,6.496203088917104
0.06097085246094634,0.06564488507793553,0.5604060342236523,6.948038718389618
0.1355609141685319,-0.02708241419429095,0.5708370942418732,7.23113370456684
0.24328199431753383,0.019589581034903117,0.554409810814797,7.5855523883759295
0.22072414086896822,0.0039050550202822036,0.5546335480521748,7.29210083206836
0.179307696631266,-0.04245067966970653,0.5334600182173198,6.969448679723012
0.19918175316033898,0.03414952202764974,0.5520888281244308,7.305485809697355
0.22002306928799253,0.10160339603057345,0.49382705331061355,7.098300083589962
0.16156948211240532,0.09903607127610137,0.4109864676034152,6.071752577859532
0.12718124179928045,0.08799501883629139,0.3663112485206933,5.201413034594209
0.10476412263184039,0.09121874201819191,0.3978080530390305,5.6314513993809925
0.20713189975041715,0.09992049365437651,0.40621570030847975,6.034650446354973
0.1417590946002544,0.07623164786121751,0.35964633128947104,5.487439145945171
0.18361424579402577,0.06397524872065488,0.32984217421756923,5.114039707444199
0.19336571073357212,0.08355826849382568,0.35638123091996,5.335511635222734
0.1276094753625616,0.11092706513973144,0.30663268959609397,4.954331391405209
0.1965368995830294,0.06012930824023581,0.38969287567048344,5.768862901747084
0.1853228671691877,0.06844494200857093,0.31246820764767924,5.059590673445685
0.1324629235292204,0.07284105535637836,0.4212132062140527,5.7284164293444135
0.13201802012692235,0.1194619153699314,0.432071048974444,6.119047939243902
0.21768864246664296,0.08505992808770935,0.43043234022155674,6.136192412757179
0.1798118566300493,-0.00665096520678348,0.48893371760955534,6.58926483640922
0.17940122285326565,-0.012931350519344404,0.5136091500431078,6.763088545499618
0.20297707530968925,0.04983813203644806,0.539348225161582,7.109234572107643
0.18619240495333247,0.06486101342339955,0.4538987763837526,6.240972075427083
0.17123563087683027,0.0507400118677869,0.36738641495541824,5.313848617058596
0.13955122302879502,-0.011556331174013952,0.4257776469704468,5.534890831003152
0.23425504790225743,-0.023061787772541364,0.4456506600050158,6.215915554511767
0.20310628946595813,0.019150036553238176,0.4304715411089085,5.910333987659532
0.17666060403523143,-0.022681072916527163,0.4232932044353923,5.874676013846789
0.2391523609661208,0.033289776762992496,0.4721070693805746,6.598433014620691
0.2145363855555994,-0.0020052164840128318,0.5245649147118578,6.930401491438051
0.23119494091017506,-0.01919946318606521,0.5743906936920036,7.642712421910043
0.1376183807484733,-0.004017001271143581,0.5706187354162799,7.092260103440312
0.16011297596051438,-0.06402581412664636,0.5217213411787814,6.72681570344028
0.18348915872404528,-0.007691720568953696,0.5238422008812144,6.867609754706057
0.12559968585462605,-0.003910528147939629,0.5307802774632358,6.842871133834344
0.13866353653107938,-0.004205685628082878,0.5335769545156521,6.915142820513871
0.25890494350193216,0.04380442787839148,0.5610040372115082,7.725804161229212
0.21845954225523148,0.0952546733146388,0.49904756802653444,7.0525092392537285
0.17946659590179848,0.04469743391644321,0.503152188746667,6.6994983875247796
0.22621311109409586,0.040348897483615725,0.4979728958448853,6.9209619742472634
0.18504877560307703,0.03211513483891493,0.5161360093208052,6.703910466081999
0.17769844381990804,0.03751051307638039,0.5100306538770095,6.717578452809339
0.21098777883841066,0.0037186566916387817,0.5611619294227153,7.3864412582763475
0.19484180444725904,0.0138357647198668,0.5874237178371917,7.593698875554419
0.1719361552370351,-0.004825635894368897,0.5806474455044258,7.515935991643851
0.20736588973093878,-0.05489882429661956,0.6100783836750834,7.681075810398477
0.13732808063066554,-0.04505354454155434,0.6222841464834613,7.644031554134468
0.10856909680645857,-0.14207766488789456,0.6166492049869052,7.697069602235826
0.13588843334730774,-0.033517413276576015,0.5687956220515189,6.958005223884147
0.17389547360149915,-0.02323756830742191,0.47260109598942884,6.175165186191124
0.08725810482604136,-0.06222429031889715,0.5556846163315685,6.77180904645714
0.08617162734138845,-0.03750913947538862,0.5688990290301318,6.848909664755289
0.0951738391623018,-0.1277024415553181,0.5824459840192105,7.19423617249439
0.13521408422643658,-0.12942032921479166,0.49389707592159854,6.328959266818348
0.08172331670658617,-0.06899086111859727,0.5030040078614465,6.148564073382763
0.08978817784391047,-0.05796287514834047,0.46990412634963247,5.841292380468655
0.08183154887733228,-0.06656805733364193,0.5368427649499761,6.743124373196949
0.04221736648653181,-0.02757799924651224,0.6110835269897416,7.172038898493363
0.12090631505011903,-0.038148899862416895,0.5205035397725873,6.407454285753193
0.11689770474259553,-0.03885971996623418,0.5564637766981102,6.885919358714138
0.10903713560803678,-0.05162750860121132,0.5287354549582071,6.664053662250952
0.11552879181638095,-0.030979718833010695,0.4464968110468557,5.8053072105715415
0.17160453637484813,-0.022028991955600274,0.481189143230883,6.276756525981415
0.14780352885768305,-0.05845316005700782,0.5053018123619504,6.490396589939339
0.042998049061917364,-0.04139307631252784,0.4765274491770502,5.980047606995727
0.0474228758450204,-0.06663309372384452,0.4697607075007814,5.898047976291866
0.13485960511259365,-0.05166734256977699,0.4627919665761519,6.120595725451269
0.18057254136542933,0.09381782195627966,0.42603179936262175,6.132634668368651
0.23588801357566766,0.020570784355849425,0.40383154809086663,5.879963069217238
0.12426592267014641,0.06823207851812296,0.32396930340273145,4.890010726998071
0.11058169051327316,0.061087166966910966,0.4002873892159035,5.438428812354075
0.15920904870622943,0.01191622557284441,0.4130831041121076,5.688906326551367
0.1469406636896409,0.025331682916872336,0.407333357649708,5.588471947797627
0.16946886797777141,0.017413606003009837,0.4063119111268757,5.782258586522987
0.14956329614149513,0.05343193258406551,0.42644790880815775,5.901529151932322
0.1785700270099919,0.058879536998175275,0.4558812223653411,6.231531169055529
0.19769580200532,0.06588670152798845,0.4153785174180749,6.090799986315896
0.24740546721719547,0.054238643111415664,0.4328804885712547,6.6079321740056765
0.17516496613744464,0.07902713482181904,0.4612612080318825,6.516994109625554
0.14273699186232866,0.04591024804508365,0.5388812784273055,7.262176140066094
0.1777856354489558,0.02187545311367059,0.5218612844170097,6.946471507071415
0.2080869180799603,0.019283203694572388,0.5432416527516124,7.20098966884484
0.17205459560240294,0.026590529573422773,0.5204561037962019,7.0140968665458345
0.1072653402339742,0.02388284264436052,0.5885646722992288,7.41022479397848
0.021938835726578162,0.03370855860321928,0.5788067247427275,7.113670591546623
0.10045255030893098,-0.007233434458538585,0.5328912103874373,6.566583373691189
0.07143980368188917,-0.052189107346254836,0.5469201157462874,6.703134141492548
-0.018750903186808866,-0.023077013574607147,0.4962375629346235,6.17894701192198
0.08090427228097148,-0.012020500001758297,0.5798189517661241,7.223702869724185
0.1699195676269672,-0.07357990118745601,0.6099212157101518,7.6703078189980785
0.08095031492953159,-0.060720200710828474,0.6496366043215374,8.032761067879624
0.05764857733503611,-0.0792844964264125,0.6266572809633141,7.670320884263063
0.09961660160490589,-0.050105410463384584,0.6845402350193478,8.247590496945842
0.06451011175615155,-0.027363661491603686,0.6740611456865386,8.004876462791659
0.025317989894330623,-0.01073449347565898,0.6907122829769691,8.282243681393213
0.06583219837800268,-0.026160751851313096,0.6509250798135395,8.016971399058471
0.12441218694534133,-0.06936053178667555,0.6722673280393948,8.29075518062547
0.1482121120756166,-0.04458165056002079,0.6689987591167958,8.310522458401739
0.1458330309117502,-0.01990007875588999,0.6958239994257392,8.66224111609207
0.0781438698510886,0.03633027428460726,0.7422036029323206,9.27329881348892
0.070011795944704,0.027038346484593006,0.7339542477017074,9.099586531248292
0.13880586755828742,0.02474005845901051,0.6914644020576399,8.666291380015798
0.10498689252216205,0.027131791586228148,0.7019019430638493,8.688097979782158
0.10689493543593054,-0.007860523097877783,0.6209735440241992,7.999509121976999
0.08965243465924143,-0.006201351188429799,0.6188561505270997,7.66595177284621
0.07575338899368354,-0.06016497481104506,0.6171911300321353,7.698025988905712
0.0745161314933326,-0.0295170177126631,0.5755109169987704,7.201771005009789
0.05236410671225033,-0.05935627637145853,0.5683038265667181,7.117536657670808
0.04138869148512223,-0.028315250444754612,0.5132711598523925,6.490048295798889
0.04417287531592331,-0.029951174846613544,0.55017492277579,6.696783031520009
0.06936757322919691,0.04044296196622716,0.5288438660142384,6.639094269116667
0.1746257436158273,-0.02703040964842549,0.4637028390651967,6.1489177598245535
0.1636561079772422,0.035932233412161244,0.45351581625708337,6.153628418409238
0.1016139487150261,0.004569801365779352,0.4469279074659556,5.660602360984372
0.13888046427713857,-0.06361329890063167,0.45536116888037553,6.01109804390689
0.06945272507520422,0.00544915578662247,0.5444381819684804,6.84738341830261
0.07871073059784531,-0.03244257693529453,0.5509142191259441,6.725503118683902
0.1174937591229481,-0.048848543294323594,0.53052692514957,6.656268334641351
0.11398533843363631,-0.04453412829744823,0.5043682814326975,6.462387791149798
0.1122669642382536,-0.08201499374884949,0.5952897503055731,7.472189132675493
0.10271910877432806,-0.09981710889161102,0.5414614642434934,6.892306867776493
0.1210358465109233,-0.085257462965675,0.5423108342442963,7.026494639748753
0.16854924341533234,-0.0984048041552553,0.5050339149031979,6.805909281801373
0.15252797508627078,-0.09044785515148528,0.5099978164278709,6.83156422799365
0.16364264835710943,-0.0797031348045435,0.5208930432950426,6.887151483736992
0.17443609927145975,-0.0622705560774506,0.5355197889075748,7.019104474582799
0.15366903120621378,-0.05054205999623621,0.541992262462637,6.963895795093858
0.17741701283228836,-0.04493490165693997,0.5553767551604502,7.351309261697076
0.08801337084066269,-0.05192503883241867,0.5742185744845987,7.146317449332569
0.1048838535646602,-0.06936937516806757,0.6130045679084792,7.657352043409488
0.12750329877925548,-0.0982849610220208,0.5832258975974787,7.458498546596075
0.14270251169222797,-0.029294784291730616,0.5891699566244664,7.75757297225672
0.1388909234774096,-0.02961744275263443,0.6417564872136021,8.079193303680107
0.17346153615725854,-0.0001803444155539771,0.6244271098234451,8.07810248426107
0.2734166630903744,0.0012222918321880825,0.6152986372352012,8.282912227337214
0.23827471393659408,-0.005567202797049687,0.5359672248210988,7.448811027253244
0.2768103304221593,0.04660329615749903,0.5074009076890171,7.239403352301018
0.20531512413902478,0.04418927747120062,0.5075616313908132,7.179298832337578
0.23296776471440955,0.06175667545859303,0.5115309483556045,7.1584209298614825
0.19259109989465437,0.007109494375918181,0.576517274854796,7.57066631590251
0.14371941394803658,-0.001474372779086007,0.592680351503705,7.483360999500852
0.17146770667628491,0.007290632519823577,0.6471860035202213,8.222265999129279
0.17658380794054898,0.04025398521894989,0.5224813290137742,7.324098875562588
0.20947313956253133,0.023127587579690172,0.5816142586424888,7.7339192951956255
0.19177859163189354,0.02919765527708147,0.5505609756507414,7.261892503856023
0.17430341807967406,0.03076283569320177,0.5343648752503223,7.044169303865137
0.2018819455097743,0.07105328376337447,0.5288355210360742,7.0573396813168285
0.17657108758094273,0.07370469043831028,0.5133988560144659,7.013382974260339
0.19456613538597065,0.14889164048084172,0.5749548007738767,7.819229200591578
0.171285614624474,0.1373127088502704,0.5677565836385289,7.530223614881976
0.21776832320172235,0.14051844284817325,0.5404171710888767,7.611091616627095
0.22682241614002743,0.10441673793257637,0.47788646902806564,6.7980879041913616
0.09969013622495632,0.12882138227798884,0.4515971563701199,6.2371774468677765
0.18839543084409485,0.1222338567888683,0.42443536322875647,6.082290059726297
0.22392738385881444,0.13044967808145969,0.3794002446998117,6.1051526302544525
0.15186183993945596,0.10193925893969343,0.4461646774589749,6.064100445700876
0.18393245737598005,0.07896203836074676,0.5057716086325446,6.7917254131028315
0.15055229567998782,0.08241191400685244,0.5292202667871962,6.9697228886965865
0.1322116120571159,0.12604817838940646,0.49639810087658426,6.5458170292686955
0.2205084729088602,0.1662388390272092,0.4300811401319354,6.6615212630597895
0.20786679478529643,0.08378284892303368,0.4997752456466957,6.842326259591692
0.26496445286799364,0.05117166593904343,0.4773601975586504,6.953887809784765
0.21959017427120953,0.1098939015025881,0.4219532001741978,6.175942504432721
0.23135453901236477,0.07008571828616347,0.38521361722233405,5.840463139388286
0.1773780891331079,0.08513877264773104,0.4269356364007589,6.044083667938902
0.26896002230112603,0.08861657848310545,0.42137023564570525,6.364316724383267
0.2474511358656179,0.07192404402383391,0.4235599454037803,6.409934059059599
0.2128432567364654,0.021025109526634576,0.4528913469601479,6.356227421438786
0.1897450540409836,0.05613134084211397,0.44644686467025013,6.197939489853192
0.21215843737056223,0.02769136415542172,0.4571741076959479,6.396704810194614
0.21479385284617317,0.09417468639410803,0.4420110766040088,6.510704314365055
0.16187631174226733,0.017313075788553414,0.45308957955042123,6.181531896916291
0.14473800944601847,0.019995575380336722,0.45414970760918466,6.191579257429815
0.1509753948093746,0.0654406388205536,0.5185660372652847,6.581908597657848
0.1678202602456851,0.09951781197739894,0.45078574504794056,6.400322361282139
0.2235922242864161,0.051038585187366134,0.45829572260332707,6.429075034649775
0.22174780364420646,0.04630025211978706,0.4648407669793435,6.628354111713798
0.22997158764185796,0.1169876150018829,0.4777822805572901,6.8726335743557
0.12919830986066722,0.09714085317151629,0.48225780243339494,6.460364837615819
0.1686083233160541,0.13066426987668397,0.46643403919767695,6.422913650241132
0.11312506539776943,0.08657210875676222,0.49651145785359363,6.673407604621057
0.0888588301613184,0.09346741456295483,0.47867672657393945,6.45085841291389
0.17152461958771845,0.09210417278588326,0.48167138973326873,6.627726198757911
0.1265779930061944,0.07178351964999431,0.5202273076258535,6.892583928181674
0.18051336354077213,0.08739613644391409,0.6318073702590816,8.046823698448764
0.2008761292488772,0.08545761738395274,0.5384300338304572,7.211738569854084
0.18605445949807678,0.09688630280044533,0.49069101531968434,6.6791913813926795
0.18403732189739816,0.1301361792298088,0.41688207242183933,6.10827860682236
0.1082388896868919,0.14028826278602774,0.46836001646023606,6.218950062244525
0.10762951686960541,0.07512911406696872,0.4447112785008682,5.876328649434092
0.15173211425889507,0.09480876538720849,0.47022972030607396,6.195053415047007
0.11530272358634575,0.0982811720622176,0.502629645872271,6.4597505849385195
0.06355425900810278,0.05368592425233928,0.5415854574129454,6.7355567378757755
0.11616221096522511,0.03241415000964541,0.5278973869428135,6.818535507625641
0.14197751055182364,0.001287592130554495,0.4946730924718738,6.4752853042697796
0.08164939811671734,-0.0031338106395322894,0.4882035237434033,6.05503007036351
0.16768424355187905,-0.04168057824140218,0.5350772389775059,6.96797185758122
0.11676239068620614,-0.01022504846827536,0.5642104224420338,7.132615626784726
0.0886145075511972,-0.004349407604637301,0.5898940865082913,7.305426375422088
0.12018553238339794,-0.03068987482676686,0.4959401584686371,6.449265134272604
0.1206576838237299,-0.01544390951354365,0.45156016446659386,6.087984739398055
0.0678373422643621,0.035687700936427494,0.5099398558057823,6.507091050547756
0.20455011797899053,-0.01331838340481442,0.5434430538319783,6.969840268027153
0.07172408494966005,0.047810971837518826,0.46274574523385864,5.862020484928308
0.1573222185564198,0.03956216098612556,0.4797972756934456,6.31438061793982
0.15384831975628518,0.031863023090766114,0.48099546807134036,6.367926088884198
0.15222061586151847,0.062349131385394434,0.4699747194083552,6.343591310656778
0.20465813083296752,0.06317784724353405,0.4533162525153703,6.241706069791593
0.22150981555475815,0.02495361019750933,0.4639820721224451,6.497404445467468
0.20809477746797744,0.025822164390798645,0.4963131541609886,6.849390354665846
0.1446569846248066,0.051678818788597924,0.5052168995664713,6.653032748700192
0.12356002205419986,0.070348917101854,0.520941217793338,6.809182085196892
0.13902556316495157,0.03047986803014889,0.5257907534188345,6.9007179330437065
0.15534883457587836,0.0031715080930071055,0.5585336183135312,7.205649865231509
0.07942886522819094,-0.029920591058042734,0.6077425420006204,7.535313366751686
0.05452169575564325,-0.05962593150541303,0.6518943937753876,7.84296884580975
0.07060871517291044,-0.0022854588678902,0.5908635164681459,7.186613390673198
0.04673726199377102,0.05405071363638323,0.5883012087470664,7.187406982507257
0.04917691649094802,0.08146256989368104,0.5408777999903757,6.831309906033368
0.013018775740924856,0.04769477180824596,0.5231209233984403,6.645474365862554
0.05878013189865835,0.03938498358435331,0.5754614231899637,7.247099113235739
0.1674378624573698,0.03844746222044176,0.5867056964991699,7.697224593843464
0.2033721739069399,0.0633726123333873,0.6181489830750031,8.221729350865209
0.1468923400829394,0.053281285935017374,0.6730265189317068,8.616951934646993
0.20452738459773068,0.06584970406685084,0.6168550339672364,8.09349705812588
0.2946713024763247,0.08607716219858252,0.5051955417172819,7.440594226620937
0.2518794101643104,0.03352656560553153,0.5943030314049846,7.911732696268117
0.2559332226784545,0.05175111878203141,0.5173446734089568,7.402190707968462
0.18786702608477887,0.1092963297778643,0.5865011517800622,7.732162061032833
0.23458649713132326,0.08131363091683236,0.5629432579221375,7.841275945751655
0.20485864964050993,0.12405880071979267,0.5404522403196412,7.317738535165768
0.16187988301630696,0.08537106650850008,0.5501763590095321,7.275825248605505
0.10965855551453704,0.05269965638156917,0.56227107517529,7.193547200508152
0.18434888155725324,0.1217430689422647,0.5557573071230101,7.493434805888484
0.17572669609256447,0.15848657603696603,0.6344318882889504,8.279909537595405
0.07712068710775359,0.17306686628417575,0.5806407449875819,7.670729091334025
0.05268132981172222,0.16574113630566253,0.565894805385523,7.302870601187182
0.046805690575300984,0.1857420929977453,0.5108011278241672,6.8382349830824785
0.08761912758110921,0.13534101549205776,0.5715599564136278,7.352740235381895
0.1506025788038137,0.0868514231193133,0.5634579635595959,7.4530622911490765
0.1934774013148177,0.06357137037851901,0.5683552824567422,7.581710381043514
0.08312658342557032,0.06280670518060383,0.5464108765119873,6.999551668816148
0.11189766342033193,0.13779239455077316,0.5530787487162685,7.317960947701273
0.07419835921935507,0.15504407250050212,0.5791596941791056,7.593392958498874
0.1007426725413188,0.10820095684088887,0.5313525810491173,7.073823363995739
0.08494291136442458,0.14536033132991816,0.5437085975816174,7.315550106220148
0.11187467272612558,0.08440171325264967,0.4956043900951107,6.55650771943014
0.17210727603303236,0.08911005398472066,0.518840961191346,6.855687206519798
0.1680347008900343,0.07231140047357024,0.6188137253644347,8.017047634877281
0.23895665821031578,0.06840171320254493,0.6334883205229326,8.445371482405768
0.2735594796740998,0.04307191143189904,0.5619178550207137,7.746810547592203
0.26606819922001423,0.013909339015499655,0.6497891365620878,8.489021109521588
0.16669041803735182,0.03001583297620953,0.6762194252525575,8.570458451647402
0.22142059513506807,0.0611417001424518,0.7209720192108826,9.224343564079852
0.21445096581170012,0.11020548536793326,0.6371467523564482,8.372825395504346
0.24206631200801276,0.13440222122837,0.5664640506687828,7.779999980844104
0.2848131427055471,0.10526780831783918,0.5495657212814562,7.754450070938012
0.2431709062906469,0.08808577907911165,0.5842077841907191,8.051890246920944
0.2377592520441524,0.08780792191551029,0.5645432101543376,7.6918913886483375
0.26836258911000055,0.10793070552617988,0.5427621841322252,7.714137754169155
0.24272007370679616,0.09434361341809185,0.5521318339327013,7.749535404540563
0.20512523512589226,0.09503259310556955,0.49326333915263376,6.844020519211262
0.24277903006512042,0.09795601514572287,0.4478957874637024,6.560339506362828
0.22873358451033016,0.12647984748053173,0.4196997873587941,6.280381654475121
0.2474143079838406,0.03777695353402535,0.4521667403365167,6.34126524438919
0.21598969614960076,0.08533789091325825,0.4863887059189778,6.728382965328767
0.22951528085775877,0.07985432582799573,0.48848886603521574,6.93176212175973
0.25584581080192176,0.09700198723395831,0.5131467061049755,7.192846575152468
0.23472227647346602,0.05450203576774661,0.5083576350915875,7.20110759142894
0.22061753408995635,0.07443326468926824,0.4698729505855738,6.712551348205264
0.1878567710098447,0.10030335838103707,0.5153183535341602,7.085066417930671
0.12209039440081099,0.03985191705298938,0.5035953679526478,6.6476350201262155
0.09666921731899503,0.0351822809370525,0.49641099059063637,6.52199393720731
0.09041150245773809,0.04961237051440216,0.5441715853111971,6.829768571182012
0.17364054585810806,0.07151391739473405,0.514810791305254,6.866477631072846
0.2013676109403429,0.08228933822944888,0.5265539500559866,7.00579970646353
0.17988274669310783,0.11519543327661828,0.5217517657411377,7.182990682745906
0.22131182680856462,0.11343629207637126,0.5544943875277153,7.402255145179791
0.20981857756356695,0.11605285693563856,0.5582691521316832,7.476365892173892
0.17232775139068157,0.07701530098110651,0.552495420425705,7.257152159974872
0.23734091454590311,0.037552491994448295,0.5145508295429576,7.033630321693055
0.2174007118857305,0.08971337252571181,0.5355338012913469,7.201072191981498
0.2960990572171981,0.032788702710866625,0.4898681072202236,7.205268909647816
0.33146213468898017,0.05324097756198533,0.5015257696699492,7.783420994652162
0.328931567685029,0.016096614507013968,0.49720798488105833,7.375644593886182
0.3100465717099157,0.10180880082282841,0.466057944820283,7.318346089105102
0.3195021746662484,0.1495953550896457,0.45164933403249713,7.339121688686339
0.30449808207649276,0.14392931372273768,0.5095598191786236,7.485142780676948
0.23883934432847348,0.07821955275691155,0.4825785400410494,6.922661333684795
0.29315244982335353,0.15765157057265428,0.46694192241066457,7.135046351604225
0.27401497406297837,0.16838948276948912,0.5436819462399592,7.718290795563315
0.2706733100739135,0.1605944589130495,0.5451725181354542,7.908571954500866
0.2616867429368261,0.14969807122555043,0.5405155535936709,7.802177350925369
0.21532311885756766,0.05486279385283971,0.5085543321750498,7.23796617716527
0.1999945170099036,0.12297170589834897,0.4226539960760208,6.369797036288667
0.16812359695769963,0.16311938260969702,0.3922063785941303,6.064661699783049
0.1411767761569787,0.0997842273064753,0.4298325077171069,5.812545816651973
0.06299076521932105,0.044013087525438435,0.4286999820156335,5.68314079498564
0.1187691053794787,0.06735589780703818,0.4021329922494347,5.444205281378044
0.11428938449505946,0.08401521044030362,0.40538608194550496,5.55674571236534
0.07999352413388644,0.10765424533451823,0.3677772351949172,5.279546925203273
0.174901154517123,0.1653521651193917,0.3062220365931307,5.3126354843140575
0.2163226481082323,0.12080065144757945,0.3679576331912835,5.875542844969566
0.17149511630679762,0.09516081129281101,0.4054797924713327,5.933043431832392
0.2516221211271294,0.12544172784724258,0.3864669488604474,6.2034020939305625
0.24148089626054375,0.06517758078045585,0.3478432831564062,5.628054520899509
0.2420664624350982,0.05765090199740352,0.33260316087141234,5.567789338240321
0.2840256604260025,0.066186141544292,0.3082340935034356,5.507647908245206
0.23329979581245167,0.03633957047915143,0.32192700550243497,5.28917781511638
0.2626433369274755,0.08169846010901341,0.32665243274127037,5.580953229849401
0.29708120949325795,0.052270509422334424,0.3498292333688745,6.004919955744545
0.2425956861057637,0.07608764862596427,0.2714840782527517,5.001011564315558
0.23209563593863036,0.06703847177179739,0.3314246135738219,5.4997235631825525
0.18472036214637394,0.07046394245031884,0.33443220544734625,5.184198449311785
0.20807947242431662,0.05102908320950728,0.33224753239031696,5.143230943345818
0.23962887131080632,0.0361854361487369,0.3286902306604867,5.233922935778417
0.21799767109938478,0.08363190520186138,0.29905990960677914,4.83608163495152
0.260985411274753,0.05060971869617981,0.33312352461137,5.521703929759841
0.19534956483181284,0.056675423542388255,0.3528471196797285,5.406110999842838
0.20230306279492183,0.07504253214693431,0.33865532618899175,5.331605100870267
0.15973067566510255,0.06681670180346874,0.35541018048865186,5.420150166086774
0.10847242898476005,0.07515335902412365,0.44994137496442876,6.173377866822403
0.11339404470921632,0.0789898579027818,0.45561205322538323,5.991217131667088
0.2002953977983815,0.05799167628729297,0.4533943464300776,6.411344116112377
0.2895782886093196,0.06417416844101315,0.48523481974743576,7.305401362650562
0.27792165448635225,0.07007188179226809,0.46029902763500186,6.809206940690161
0.2987970728046903,0.046095520389447954,0.3962637982139539,6.423957751929714
0.27302944546363095,0.04773550584468337,0.43472256460028225,6.544579889696054
0.23258686363967562,0.10740283221899907,0.38367483918713874,5.833863848084547
0.21921841622883256,0.08154995047771256,0.3391313207358761,5.438529507173101
0.1881568750497369,0.10368081898342514,0.3246627986177816,5.268209329006054
0.1988782387517163,0.05923450285221236,0.30514881875654365,4.877761765101833
0.20074261251943815,0.11222915715142644,0.30006878419856775,5.162039605985726
0.23121330674546917,0.17975173399953773,0.3272347252561759,5.567934637829813
0.28352174091560317,0.15525824832952784,0.3276147045582128,6.040467864036047
0.28604734947100885,0.17280123032676975,0.2952043305736647,6.033823753538384
0.29596730025130635,0.10578784681099,0.3344160575087138,5.784944824149692
0.137956238889175,0.13330534129771793,0.2812494344663103,4.956056793253638
0.2508514914210565,0.11569046308104815,0.3244708900121085,5.523753346512774
0.2485815332801812,0.09526310564788543,0.3726559263961442,5.90375332678891
0.25116046819363924,0.12783181583638242,0.3352006667837402,5.789635007421012
0.1609392580049103,0.05887663921401179,0.4070747552148304,5.8120069142406745
0.10654519500338676,0.10315188044046489,0.38352515458244574,5.463608604546735
0.14559947073124874,0.13526970606031716,0.3450663891447031,5.373921674773204
0.13251513398400033,0.11968611067545787,0.35380374824046756,5.291663051556973
0.18679546199793529,0.13170582142105575,0.3452187106765943,5.386629473967117
0.18441920096755055,0.09405614720877903,0.4707404483551607,6.805845712198667
0.2348649634831898,0.11409237206203585,0.48249895192934933,6.892594165258889
0.2192156088722349,0.09246130944898653,0.5125465167816151,7.0506944337889665
0.21911308975783048,0.05866894319446896,0.4914710896712351,6.889829644704293
0.1445329226197937,0.0260675492668323,0.4928473922697617,6.595527814765993
0.17627294741011004,0.09137967699513967,0.42001300252947077,6.129325044753143
0.10904169284873196,0.06403245275762082,0.42455386587051536,5.789713217499305
0.08190023334333534,0.08020419964838739,0.4370116115874158,5.831785904037204
0.14981076094056756,0.1094166177048923,0.44851789708282314,6.1251781112715245
0.14112223532619914,0.0311382108760907,0.453836626761198,6.012288000160575
0.15425755049722267,0.06272991450601804,0.43660680045383343,5.822596318123599
0.13052931932698256,0.04953964377339736,0.470713603797386,6.325555811770065
0.13360381097898447,0.07018888614886958,0.475268075032943,6.3340038003779835
0.20793541872001936,0.009431328686379253,0.4468279817244574,6.301917927522755
0.21701619551139525,0.05462461999917795,0.3269579546674428,5.257877315726414
0.2722537419423079,0.053011068984996926,0.33653338600829796,5.576049055055458
0.2637599443137538,0.09960460748361409,0.370720164334022,6.111663875572124
0.24191987205626025,0.10492691169715404,0.4236569244584595,6.43443750618175
0.2736363511744885,0.11171700491719952,0.4693042217480365,6.816990087561193
0.1855379001909953,0.11247967240554317,0.4269547618849918,6.146866245348456
0.2268094053300985,0.1723959205230335,0.4000060217543344,6.2864005869863435
0.2792635132690658,0.1556197295611439,0.42449364589708194,6.601194830995038
0.26044505381367816,0.15058623504525154,0.42307583381999164,6.4991415394741665
0.3174089668376296,0.1531928780101756,0.39057819802298077,6.717089776082314
0.2320414961053824,0.14328976690053724,0.36683280619699776,5.956543765388998
0.24469088953838783,0.20961529372980311,0.3603369960925144,6.447055213509438
0.18560136946516945,0.25560080696873494,0.4085462567020745,6.574978210546648
0.23214492469653747,0.2303826672418725,0.4389514540823399,6.954549743260499
0.20994605446867423,0.2485062434574115,0.4150139145426529,6.761742017453569
0.2407590895846851,0.1907827864144815,0.386161819874594,6.467578970769423
0.1734354368703689,0.23579902271557363,0.43230036740393424,6.670521821207617
0.24624961402946632,0.20777410450123518,0.40139223925532663,6.606528622735837
0.2607969986688054,0.08411911481858961,0.4942621592814146,7.147157243609327
0.23430064219548835,0.052032257394050645,0.4968915706410102,6.919661476299442
0.17322266564046288,-0.00964732730144914,0.5284890293048049,7.049375087198962
0.1913893311893008,0.017855027684615894,0.49581409706044,6.697837205632659
0.13581878405703643,0.02343090599875049,0.4719019326377339,6.0788630953484395
0.041077373401584315,-0.00041713514768239036,0.46348376480356834,5.904076460129832
0.006614445439594544,-0.04693131910987606,0.4765356814320233,5.830012176322826
0.07772793730856015,-0.020426710914727145,0.47795714881852686,5.932848027598349
0.0006786372628544273,-0.03163834351091266,0.5245412690725275,6.2805217096803965
-0.011213802074081201,-0.03303068787179602,0.5114979492624919,6.2034435201336695
0.035083352064673466,0.00042812812925420256,0.5142280324348949,6.27766140760858
0.05356227805221963,0.011177047420141386,0.4931704137660683,6.474378227712246
0.0654034730196259,-0.04309993771223246,0.49969559657375623,6.129808500747075
0.06913964573036038,-0.02216606502353333,0.464523287976731,5.857200884047963
0.08525817588293882,-0.013990318938862668,0.5236376912197197,6.311265607009473
0.0410429569464572,-0.028813784133061307,0.5236906288480209,6.273372122924933
0.07786824453444179,-0.05011357008506209,0.4945712100694916,6.337906309436479
0.04624604660524195,-0.019205393074055808,0.47480122929816215,5.939003156346207
0.08463371393894958,-0.037986159698528484,0.47354088718395376,5.969429235881337
0.09611629359783622,-0.05715147693595017,0.4533747186963579,5.8596489773804485
0.10929634395244898,0.009517258389177002,0.37320291586909377,5.083018039201908
0.15690042653116226,0.05019149713392594,0.4300173727872499,5.697407108247781
0.12713798939147145,0.04320527654808886,0.48992789854390695,6.223490382248895
0.1450099346324121,0.011647770101571033,0.5100356953644712,6.603505131803118
0.09151491659194776,-0.0007275422875578786,0.4868016516732277,6.195565254296753
0.0863116019220157,-0.022428437379861967,0.5597627257147259,6.944209668541276
0.0007431219116747277,-0.07120875985041089,0.5798305836351076,7.138890288275241
0.02383874410506543,-0.07764892704346184,0.5480570184475227,6.7695142867538225
0.010712038539504387,-0.026048938103869653,0.4926309399136662,6.125105679236835
0.15681265845160053,-0.008018844521313085,0.4601356669406743,6.037989530615055
0.1367233662727614,-0.0009405769147466271,0.4133575877824466,5.53370192208674
0.083046998199535,0.018891589779845636,0.4770033680937103,6.0169028650785785
0.10389496938594808,0.043908931676404216,0.44596388455168745,5.802181181132805
0.10544891399869023,-0.006200298116709606,0.46158133225039916,5.914889662612086
0.1326364501098508,0.01627804612977684,0.4539731281115799,5.767453565002299
0.11370390964342988,0.04424322143334778,0.40078528648705053,5.3706493863170675
0.18344299083609067,0.07741435416350625,0.4531867399598314,6.2300413015430935
0.10032939011316039,0.03891303617456378,0.5163042622760031,6.378252665006951
0.13633159102067952,0.03747656656566518,0.4815563159689648,6.445702137163346
0.13512252320950663,0.01952355151668049,0.5021425212055255,6.498823444377116
0.13145725036082664,0.08361795238739023,0.5048355846484348,6.613106540657219
0.18277121255038078,0.16626450484102046,0.4920780673357059,6.981891199211692
0.10759429169162507,0.1340737130993511,0.4362465201756176,6.071788914209731
0.1674440015141016,0.09050941866483936,0.4724489988593441,6.3784908768981765
0.20912330364587536,0.18239048318871473,0.4945992416632011,7.075608167898574
0.11558919131923705,0.17497011480116315,0.48131795497656626,6.659275682772593
0.14750634814897925,0.1439088619701383,0.39913290507029736,5.714326202392202
0.151199967960003,0.12516437151751902,0.5098790522006587,6.800526711980388
0.1570484355402915,0.11866814212841884,0.4847955788618403,6.562460304786667
0.14277808787240354,0.1515185453960169,0.5325434195247027,6.982246028602961
0.14070849105591668,0.15189337190916555,0.4933246630827304,6.772488230212123
0.09549854003515099,0.08384123361328069,0.44359749723158826,5.784696872046779
0.0747733633660322,0.08173663239635531,0.5200087321056018,6.633851242850765
0.12716023164557608,0.04811439273489886,0.47017194394627265,6.117517248557329
0.07689364776879579,0.0642086592975019,0.45683882193309555,6.019391232182509
0.13208466692220724,0.13724773263243029,0.4945934207822361,6.601927418970396
0.1521527652534156,0.17304308479896902,0.5653124117854437,7.804083596316354
0.15780380823436357,0.12804714869250053,0.4908571665972409,6.665194686837156
0.14360468851005667,0.09183533723243968,0.5701356632256601,7.390315571673677
0.2255183181876544,0.08907319404929176,0.5080709687452234,7.027439278172154
0.17773874544013632,0.10564114267775992,0.4836993642361857,6.8344759919155855
0.12357095192661668,0.11242713167059087,0.4816872707217833,6.503836317602365
0.15452518042563795,0.06346556962591944,0.4754036131061457,6.58342161302043
0.18138639445330781,0.08917209306316587,0.4274316510586862,6.099730572153215
0.26155070621715637,0.1292964696193504,0.43091219491472954,6.623834588334554
0.21527436718120083,0.07331034262410467,0.5001104778613609,6.98247061158418
0.16102607840540872,0.05693788627917291,0.41752807630542405,5.904849225223664
0.12584639753528326,0.061850822713801615,0.4401043385973575,5.811389294001299
0.11265785506651094,0.06030788715065382,0.40973149577765366,5.501010543519862
0.11423030494026311,0.06397871688831916,0.44953856369611445,5.922896166358725
0.12812577265983427,-0.0012645517452766434,0.4159670970273554,5.600784096461061
0.11161046018462907,0.03433935454835166,0.48711408513564003,6.25131401842647
0.1599348631925371,0.08422928432538233,0.46590358580423025,6.2426668709676045
0.13548558077683526,0.13577322106785134,0.4038555059921381,5.817927959781711
0.17439131713015327,0.12502935641448182,0.3753912584905095,5.707886291677904
0.19542867692992705,0.08044326235585993,0.34424114668592315,5.507597952846238
0.20999051024515933,0.10461565143653719,0.345753861024289,5.7399466921057085
0.18155133899545656,0.05508445219522766,0.3870613884221943,5.639688493817524
0.12047625060750972,0.0783669512012435,0.37166718571728613,5.348134061967761
0.149743082744789,0.10597823014095867,0.4356085485341869,6.060300732296725
0.10572277975159067,0.11721349194117574,0.35204217087579276,5.15105116775267
0.14284027928977963,0.06228201044793658,0.3861622557884663,5.479193027836501
0.15762601233062198,0.06689030347309313,0.3487031311379864,5.155554278260228
0.18246085697247824,0.09754676533426043,0.3753782767013128,5.61994896423241
0.16123226652412284,0.0993699019747181,0.39142642087249996,5.65736661527122
0.1627827645206206,0.171605829477261,0.3711683805629548,5.563409186263234
0.14882696545527813,0.12981213210206577,0.43867333077202675,6.218147049497502
0.15612175547100998,0.06496180745421563,0.3951236032892501,5.609127808480128
0.174214944820267,0.1389293332820795,0.3729857057462864,5.635518134889591
0.15339641003180982,0.1522191228308417,0.37662004643126895,5.655544340777536
0.07373350355999174,0.10345904959161696,0.35031163625070516,4.8486703073756585
0.13670403146452334,0.18030787559459366,0.3638007844480143,5.629008803571021
0.1551660623576163,0.13755389667846243,0.4458096103699783,6.2372744028808045
0.2196760175181027,0.12169436236902609,0.3698130843937487,6.099596075533369
0.2825991127904965,0.11301384173456598,0.40876078442372593,6.666396993160495
0.38317499401599237,0.12373834804954241,0.4286194631438304,7.478417899991782
0.31132321934925034,0.11142064645310049,0.396438014158228,6.6862337368880285
0.30026747608623416,0.0026701482615906673,0.39086966980688553,6.616387672382571
0.23075789430216523,-0.020906780503164205,0.45509843507365444,6.535631505141899
0.2911593845392805,0.017898247384263752,0.4427226133224682,6.802528935031182
0.22732652447631843,0.02356874302597497,0.46502475683874445,6.598286753307035
0.19430698578437847,-0.015724342011694106,0.480177407149403,6.6628796723781285
0.26334690809819905,-0.022491989587776096,0.49275963029163605,6.873403618182946
0.2072351623884505,0.024015340594540153,0.44167771185242233,6.1017657521796576
0.2348710774595617,0.07005737245479474,0.3577489624032435,5.669464332671821
0.18397506724157422,0.05677738344512238,0.35301440623625535,5.096518164554387
0.16201960723562728,0.12813287785098093,0.3597939963490659,5.577480515721744
0.18004144617591417,0.13787540175864213,0.3704589247627184,5.776192061302006
0.17406517525937046,0.19252958986284607,0.3455675890549669,5.649876975088308
0.2155883691718866,0.18038317110439095,0.3768665279741176,5.888424779187158
0.21359222556476729,0.11749466662374308,0.38704713710805344,6.083639825782916
0.18728032421441107,0.1621742966268,0.39017829462931686,5.9763244783716845
0.20326831320544192,0.16512142646049308,0.40569216232673094,6.098050490717763
0.19578849877866417,0.16868061245616103,0.38616435278341293,5.995969537119137
0.16371466900091883,0.09613229973539193,0.4593423391763712,6.39258525969388
0.09585173947601242,0.10832463152560737,0.4427319007340348,6.030930857548593
0.14466791912967517,0.06108930259450147,0.45560134886476283,5.986157380937061
0.2319662410595015,0.10436248145411085,0.4335615581914795,6.564166624352261
0.208303958915401,0.09039891953376793,0.4108095093403118,6.227878209512452
0.15040023601257702,0.14263389879267524,0.4661937318739238,6.424268969016333
0.16811940870306322,0.06234600509928269,0.5103753448281598,6.910010457553696
0.16809319335945413,0.07435753360781747,0.5273326726896895,7.136586156435242
0.2051829433332562,0.08948913684973357,0.5467976025267918,7.48207711654773
0.21086843859635226,0.04619751974713958,0.5444050352739218,7.38265306397038
0.2053995766653163,0.12272138361994851,0.5190658096649103,7.1356411180134796
0.20050955413056276,0.07763862443282764,0.4879642088472996,6.748469032192967
0.2560104453327248,0.09820572526360927,0.44147704014446737,6.517271274415153
0.18706438197032393,0.1436510783370963,0.5044974151390803,7.05347152695332
0.1425442124261971,0.11831446732010897,0.515695464864458,6.948690763498837
0.11698083910239561,0.07876754893222579,0.4562274050405204,6.283388830255902
0.16952843812550497,0.07992750129620291,0.4662181759959063,6.453835926941593
0.05359481948243726,0.09130437118917467,0.4735800167919791,6.416644460962867
0.07921798093870588,0.08773898937835664,0.4961472559735102,6.480070952794433
0.06832701958324738,0.07280379254995244,0.4470841058615975,6.038132917236973
0.11153561423916415,0.032705667024966564,0.4914641316146569,6.407150689165861
0.1320181376310369,0.1715063199370797,0.4160706550025267,6.263287392632244
0.1148534381778758,0.11940179795946707,0.46231323847463346,6.246872138676487
0.04848201137110962,0.13033851816424444,0.467658179853633,6.281477494207485
0.09501962419402873,0.10264384833228596,0.43287594940455626,5.716065953360185
0.10797121233031942,0.11024048096137397,0.4229697560714458,5.845729833473327
0.19505258062376332,0.11619702369473223,0.3939946332722364,5.834210111478937
0.2685664128682249,0.10471613282949885,0.41289993883184073,6.489237606268132
0.2473157190315928,0.12709339795351643,0.4615483409159356,6.80142035178138
0.15136603757661105,0.015198793527643898,0.497050957817173,6.53327473967932
0.15414778204527618,0.09022213463750359,0.5215809731551774,6.978539330333078
0.1455463367768215,0.039106912725231556,0.5832155020384252,7.4756943766854285
0.16307570334444207,0.0892795843947476,0.5007001475170011,6.901453484917035
0.1650236652738275,0.08926965896783136,0.4631852779323233,6.457789903036403
0.15146596001593912,0.056433093970618485,0.5411092125846555,7.093426398526198
0.15064814594623074,0.0048036012857102135,0.50339953608041,6.809160711087255
0.13598368325008417,0.061772977928032706,0.5434517466170169,6.917313936126262
0.15420528364868916,0.14763925564118208,0.52453026934543,7.1072759611361676
0.21529919761706232,0.10783791630138416,0.5409307778973385,7.463386313046201
0.25783548686638474,0.16668275413433675,0.4693634119067559,6.939073370622974
0.1582497539593741,0.198427079444586,0.44427048806567165,6.398720965072377
0.20975704347310484,0.1776301289235413,0.43515891460100276,6.31827611070691
0.20803816476981682,0.249609474180099,0.40101674110402863,6.430281119277187
0.13845843779738193,0.19218070684802097,0.4358968012952832,6.124315701311941
0.08928191310156389,0.20378745822941854,0.3634024564038838,5.455319433537869
0.12516343210733144,0.18337471057125435,0.3187223763324962,4.912351609216242
0.15542079879229928,0.22623936200602943,0.34812354383489036,5.653482721359247
0.1962033035285908,0.1876421843437024,0.3903899764657196,6.044381085568188
0.16325776519658203,0.18780709995775485,0.44347844925565977,6.290170335333272
0.24203407909907937,0.2029471846017611,0.45280693004722394,6.751588905977097
0.28454977808408505,0.19690261574851273,0.4429283906776121,6.969869077665854
0.31351800329048857,0.26329465092946897,0.4165438970822497,7.2169307469040875
0.3015580547155717,0.24824522249483802,0.4757366453937051,7.605513490482949
0.20980601758487963,0.23273231427239455,0.5593011761152032,7.82183962217034
0.1971098386092016,0.26780888328085406,0.564445107386758,8.144377061526455
0.21069129492550717,0.1982500191305235,0.5721861396888321,7.853961294736105
0.25457051943020886,0.23300950955134578,0.5263261673533408,7.62375972501075
0.2644004200808622,0.20394756765141842,0.49555696285873163,7.197585815729933
0.2425424182120268,0.14897034364971035,0.44655862514735223,6.394260679118312
0.2045933806096516,0.17274875794517547,0.4449723239527752,6.436055342251952
0.16698257839090835,0.19671268436636954,0.4318484555224926,6.1653759535369765
0.08682762018896448,0.18065198138136515,0.47195101834719105,6.5046419139606675
0.050270752809960274,0.19521503345005056,0.5022809070239036,6.752092464699607
0.12449924133309177,0.17938505588965586,0.5323056144690496,7.067058911296449
0.13877140840535504,0.19480441603593418,0.4659241116291168,6.470763734601596
0.18358686338605465,0.14873504134951973,0.5089284092783004,6.825291540634799
0.26220000759042744,0.1457787584470152,0.5244692945885113,7.538511403449271
0.17144574154044953,0.19240347196242685,0.5996334206474404,7.930113900964005
0.12959961905359385,0.15360745695394937,0.5576727267961304,7.244332446729776
0.25432749892071066,0.1993136210250111,0.5246478384711865,7.44792485969067
0.2669461966238154,0.15903576642110584,0.5124769531686508,7.29697927341788
0.27210074239083243,0.1496724376022173,0.4910821423889834,7.144808397599335
0.28486524386834866,0.18511546140776794,0.4407217757363977,6.906167169973886
0.2588545755012041,0.14956947489291547,0.4782052177738278,6.775103716798762
0.29776604615629054,0.14826204097263987,0.44747566666346655,6.756729293738962
0.28615358928814527,0.13948244724353173,0.4503278419383396,6.949126933761637
0.20860730480238507,0.16496924908352034,0.5115432781335274,7.128177561869181
0.20082778954099367,0.1794302802885822,0.48467461405384,6.971664865425442
0.16434518359308964,0.19511631711194066,0.481351453679888,6.7660622058837605
0.1653602238101606,0.19237909940868342,0.5338979044822081,7.544598638756941
0.1448431226618329,0.13696996023181093,0.520421107482538,7.13156480593292
0.07444344544868636,0.17641068704004045,0.5734779934108628,7.385325111938802
0.08931419925932597,0.2064540369661095,0.5709603328684193,7.594445140563979
0.0855377835526336,0.2036196016098917,0.6046122572782979,7.767884966917
0.0592066141286523,0.2261846158975739,0.5584167918671671,7.616922273185875
0.006070732221799684,0.24154135881608793,0.5904947192039434,7.769844678089087
0.014054053736391717,0.19569658266291096,0.5447333249898313,7.04796916964901
0.019909585434452332,0.2249038210898665,0.5872254672460617,7.594854460958968
0.015250752664010374,0.20449950528755928,0.5384652036513806,7.218289601527152
0.03422984656802555,0.2552002623461113,0.5689891930096959,7.739932461309548
0.0345522294178831,0.22835239987579012,0.5964812654860271,7.741270853106271
0.041950445240370574,0.26232216991183294,0.6192223053673878,8.277639183620638
-0.04024136586223934,0.29538515936491794,0.5653101159836292,7.87463055861268
-0.016963022379412978,0.3213116598294091,0.6018155693424526,8.36460335202583
-0.0449531944422931,0.3161760314068734,0.5387418180190927,7.814197310864293
-0.019828200830946656,0.31692807784004784,0.5322059743126882,7.791092771406927
-0.07835688794450467,0.293519155746176,0.5307966659180129,7.652886823138157
-0.05594349224208282,0.17701509449869438,0.5708367713727664,7.720731357977375
0.06107988269475423,0.17062861754153602,0.5656751253197415,7.238732677168267
0.06636013570596709,0.22606589334212918,0.5455145416888959,7.381660258582577
0.11403699876173336,0.19875735798217997,0.5459796251230268,7.394654252847834
0.09889071543861827,0.28475659817488513,0.6177858638720616,8.386090615957762
0.07376723804646701,0.2900810635378624,0.5711601802847925,8.088416248418635
0.11132621160014455,0.25317171308683495,0.6007854577221944,8.057233288807739
0.04022385006714221,0.22096875782304384,0.5488075980313871,7.45345577444973
0.02662019036549179,0.2014867054228097,0.5027679154373902,6.874128733607873
0.02690245787868482,0.18869609205618895,0.5226039687672001,6.894902470280607
0.08372294870076155,0.2158137991521653,0.5185675558926653,6.954306920446472
0.13066994503298687,0.15670305787435276,0.5434948851363423,7.217949665431444
0.16788526499880632,0.12319097906593683,0.5513110355505331,7.205404855937652
0.19985784807820098,0.10084972696787545,0.5119603451753768,7.183816107996212
0.16219886733087455,0.08232946509633947,0.552770610115194,7.39822670820893
0.12952421325314545,0.09274092333126235,0.537544667021818,6.756478128424937
0.18262528176867418,0.14652008668834043,0.4905221053133508,6.94765198866629
0.11873273759084992,0.1497871201500635,0.47366104447867236,6.528840467029477
0.23317641397028718,0.11797052742043776,0.5157011519797885,7.2448496183698685
0.1819385515637306,0.07999906848730867,0.5417345546975687,7.1552233150719395
0.19878296341445753,0.08066577107952669,0.5596936244012023,7.406798560053257
0.1469210069736813,0.08210284805958422,0.5721628928525188,7.567213705741576
0.2349120015628854,0.13099740218754943,0.47886085416664753,7.159285018789362
0.13531394647929132,0.17067282602195055,0.48715475190057395,6.887452325819625
0.12716757529233685,0.20712709560436704,0.5542160346794853,7.56565776338121
0.11219373333100949,0.20592970787512246,0.5379098252715856,7.348477098033881
0.02157387335102686,0.18686111817872936,0.5581600000388385,7.290047580302763
-0.04559097364262097,0.20064297842668766,0.544135542257181,7.158643546754546
-0.037390713329959274,0.18060634468928013,0.48179761962691975,6.638036496762633
0.006226738008687092,0.20492379660344343,0.49241428642211593,6.8383189892293945
0.021097756517149374,0.11838339629695716,0.46068867816914416,6.0900067801193805
0.09267864808424896,0.14800484393071486,0.4055669313173372,5.8177863836705015
0.047529989923360196,0.12800183459880943,0.41521799392453207,5.67641043212118
0.03947177579285284,0.12682448096839305,0.368948088211413,5.1657534012785
0.09295141227203862,0.1493359407089781,0.32893289671661174,5.066584306934284
0.027801510560350583,0.1525730563273928,0.3449989757586731,4.9572805335252665
0.018093744610387732,0.048284844265804365,0.3980481136563104,5.234540772788264
0.009562323864527381,0.09122071494279425,0.43564587320502834,5.860403221189137
0.10425836654837937,0.09865445260048186,0.44506341176544745,6.005605750253594
0.05252829849268131,0.21667027479333326,0.47462062676079114,6.584410634380774
0.044074294712086556,0.22710664602023448,0.45226514544485047,6.429357874792809
0.09748566002541667,0.23018622494022123,0.44345876597233214,6.411214136921645
0.11748815307750118,0.22444657394082207,0.4119694284803315,6.179704184141473
0.1458810058908248,0.26948701727829716,0.40049447478565886,6.341630368740797
0.15547447851611818,0.15796094378882192,0.39780618861555866,5.864683204927898
0.1077737761847118,0.18044868404818665,0.3972033763710474,5.984508653346796
0.07480639486375963,0.24249074854706698,0.4499858784379235,6.669851986975503
0.0886327112453272,0.19185588068775852,0.3809170379365855,5.92109869736706
0.18331317841135655,0.27448092936528384,0.4406008601222832,7.016092814146063
0.12488622021674047,0.238079775883098,0.4163122106264027,6.375902159998981
0.09333765721919025,0.1484444787308341,0.40508048298153415,5.917953647289317
0.06895049581659286,0.09190230314794236,0.4224642942516412,5.836129387489999
0.11402529516920439,0.0970111518789615,0.4807106348366044,6.641281067675223
0.12553220590382713,0.07495249918610677,0.45658670269244234,6.275517735012666
0.06420078691100008,0.10497880460858462,0.4421222645779973,6.275356301548371
0.11772121684650788,0.16950320551630751,0.45904412557071866,6.407657607633896
0.13626431586807655,0.1642951530797296,0.5666677505766244,7.5722618508584
0.12307814288757872,0.1879773122447158,0.5506183933648546,7.480216129137554
0.1697289319197517,0.14932826257164164,0.5689640542804215,7.638159903874753
0.12390047836998126,0.1454099301522344,0.6239420840282484,8.066095816341662
0.043637354534255164,0.16708141142601382,0.5798248257118607,7.732903789450425
0.03473444324446405,0.11955289993777077,0.5454470662693447,7.068580197024275
0.06649365082051037,0.16373321716066344,0.5854403738441349,7.724889180199661
0.10641664240012308,0.1627739537858306,0.5091101434439865,7.053390069367786
0.01961634258663471,0.14356143414982506,0.5072702996347438,6.615295426119982
0.07283528809821621,0.20070696369772115,0.5154488259864681,6.9392702260173875
0.07961593770221051,0.13861562509853304,0.5627988928885169,7.232567253393278
0.09136715685625163,0.05265362660271523,0.4917303848333912,6.486897470946876
0.038392522791158734,0.039968990188699816,0.5229591573871434,6.567146223064508
0.09969995267724711,0.09022062218578157,0.5035310727117513,6.466626498080602
0.12669457277078755,0.14438935120442659,0.536195611653723,7.22257074642672
0.016524732474374058,0.14252181816328036,0.5470730566880729,7.004659253351791
0.017268143311140238,0.18939627647980944,0.5744029238935694,7.5323913723073765
0.024755890907602798,0.2077070077110162,0.4849679089792676,6.761707495732529
-0.056319003846957795,0.19447198320267292,0.5474196414205835,7.230452354169765
-0.0093545816175847,0.302551252467543,0.5737497122743218,7.951861284493612
0.040377119255411965,0.3012756572805395,0.6252251160828215,8.577213092954562
0.0645156641632729,0.27233447927359317,0.5972276972123012,8.218302581158834
-0.01677727666598256,0.24841259519754602,0.6787532636780769,8.873148639497105
0.03011634961386441,0.22943099788260432,0.5739793225847623,7.790878568953551
0.006057958486685729,0.2511895733994112,0.6061155294713104,8.060759281655047
0.05105687887885825,0.27772598249797265,0.5996427945167617,8.165971680524006
0.04210480952825432,0.2352340716911542,0.5596057412893211,7.713636934200098
0.0516048269259771,0.2544569616872596,0.5262350573060949,7.301004650606514
0.04382860097469663,0.23572080826984235,0.4999454413297381,7.076546492041336
0.04673400861865361,0.2726650872518561,0.5688788003467894,7.861629100974116
0.04775428753914628,0.23589119876656153,0.5584169797499862,7.7422710537562835
0.00866022103716292,0.23820070246968636,0.6338839485605956,8.338311697657183
0.08767254966170612,0.2630402378515579,0.6151560168103372,8.325492870851747
0.09018850513523408,0.21435580075296176,0.6032292523854184,8.12923355479737
0.02443353395889698,0.2357328175029621,0.5253219967536936,7.3150114919526645
0.016394162718145935,0.200369371107633,0.5818482108467216,7.647520664962003
0.0446646692537334,0.2160263549421301,0.5793395723903163,7.744234627089761
0.09337673998841348,0.1898117898117257,0.6222270506415298,8.138003965971226
0.10791070534027947,0.22078929240900008,0.5777259427386758,7.866719021377871
0.09034325457386834,0.24106272823668085,0.5360841315785231,7.436148171291701
0.09367105491143647,0.15659311428914677,0.5571709358699367,7.33951347396968
0.09709701307251514,0.27021146469547974,0.4834772448779649,7.166916048291601
0.07097255030947527,0.22736217382640045,0.5613786987173968,7.441996883482988
0.10638941023509312,0.2507907046848,0.5751864203241838,7.922086774305868
0.05030510038867699,0.2838257411503822,0.580725142677057,7.912281091073891
0.11597412891000367,0.2796430198848104,0.5835956939787101,8.17350321595081
0.013629617421348276,0.30839038672127717,0.6521503861436632,8.849079575161657
0.013908579572441777,0.3503965449197995,0.6542744697674594,9.101305548540727
-0.004718687188372818,0.3302658200126839,0.651463252756621,9.003775642192364
-0.01330409663937949,0.2788894255858844,0.6247623702963633,8.509931059962545
0.040413655790482374,0.2960655825635121,0.6461472460859264,8.792014950009584
-0.004342607839288755,0.22798793425010075,0.6917065974640887,9.013128640847217
0.007345668729246383,0.18463887725820557,0.7126645208291391,9.179689202446445
0.06378227336238723,0.22990632308794373,0.7054331062850088,9.100171894254713
0.06664899792443935,0.19806959167050694,0.6848940718644267,8.752480866590147
0.1196129910547582,0.21187332904135484,0.6972679321904751,9.018718284965928
0.1589187357741703,0.18024689529225035,0.6633622826052197,8.581787596926004
0.1332062396884996,0.2326330280324304,0.7178446588940317,9.267923366780975
0.1348730188655583,0.24749739961279424,0.7370854959591804,9.508813562121379
0.07043555833168222,0.2182472927944537,0.7197193450533782,9.145185595593476
0.01645980240862537,0.20733226541427033,0.6773871897839692,8.828509359253399
0.038503471520512575,0.2316065439882037,0.6770302735393233,8.807089575410233
0.08838967228285641,0.19210793805152798,0.7030222073694707,9.010911403407082
-0.027762352926518886,0.2243159875223247,0.7228628851771179,9.308069968423471
0.0030818521776670173,0.18634497992092108,0.7343597848888549,9.194125331644642
0.031504955554216375,0.19263399415848506,0.6984521043273028,8.883805159039298
0.0558915941193832,0.21598534068471115,0.7417565705124263,9.435161758893011
0.11021336267887297,0.2480351160145201,0.7028131731066036,9.231795707090011
0.07164245806885661,0.2251753154908078,0.71343488835845,9.127121243532248
0.01440865011689603,0.21019856103249998,0.7576401406040626,9.68111421586781
0.043232086251881865,0.23018994027738895,0.775196419552884,9.833816751682683
-0.007940933494742279,0.2569081978036469,0.6870879188520247,8.92698392659711
0.0036122281620984266,0.28004141934263976,0.7245328384832908,9.640258472891007
-0.018609640735918358,0.20761357834585778,0.7348222773595634,9.326016042578306
0.009023693641635423,0.16720283332913863,0.7165600431899628,9.02753062335939
0.03294617906596157,0.21288652480127587,0.6852647581456608,8.68012560410839
0.05211744393317457,0.19107315872663375,0.6702394356408161,8.6490502547823
0.09837026158043198,0.21947271628379364,0.618793894429689,8.366030091232387
0.08830562796679875,0.2286944742582276,0.6052662628290398,7.922333872242723
0.06796287616249222,0.28866794677543284,0.7577556841710746,9.918144049263455
0.008159397102457704,0.2578307774136721,0.7719303583628688,10.03102655215673
0.0021637197376854823,0.2944685323709248,0.72476064185731,9.459339126863876
0.07593081739303056,0.25397973312784045,0.7180610553467602,9.24961654934449
0.03753422535455311,0.23631263372178002,0.5690593315522506,7.735346196579918
0.06813395665083631,0.24009220520488414,0.6212005327436623,8.378454830846202
0.06472984451066147,0.2522506441379263,0.670682113296574,9.020365290275784
0.010670160341236969,0.2375391589786922,0.7372855553250818,9.653811624953235
0.012418665048591817,0.2313272826709066,0.7304689084608132,9.343974237689132
0.02058852780320666,0.19011337482611057,0.6715971845917473,8.503304904326402
0.06194060243788461,0.19048740738346112,0.6948543832105896,8.889832198826253
0.08528767514974736,0.24545375992597998,0.6354594463586292,8.526897144149174
0.11354112720312103,0.2338383356965714,0.626507652699621,8.253213976168102
0.10407669604048973,0.25196454575187166,0.629882461716406,8.236420992432892
0.06436702755999957,0.2686880768654864,0.5922046616666047,7.861165407179126
0.1570001004497741,0.2427767740495104,0.6755958956934437,8.9967914200185
0.12466003578790574,0.2553158723055545,0.6413007995286001,8.555847408087702
0.03393894728115973,0.22297843828415867,0.5661443715520059,7.506846853337453
0.07325731257071667,0.24092245542049118,0.596195474472775,7.901423763561976
0.0573876300103515,0.25996160862342643,0.6586241105283224,8.61188080766801
0.08490321865157777,0.25357845682821767,0.6518867155463489,8.431904369864839
0.12468108851267913,0.3168385103691455,0.6749855574038341,9.346038566249213
0.18542105448022408,0.296740193634192,0.6237938920070067,8.789810424904154
0.19311624214952852,0.2355134321872136,0.6384628837098312,8.468386883661731
0.21568881837853984,0.2166101996948736,0.6589555489488078,8.923443173675935
0.1427648693864964,0.2065420582655768,0.6951460329287461,8.984288187182427
0.16687682697741568,0.265267700571157,0.6387234498229396,8.707831524696731
0.1361238656005266,0.2784870208963824,0.6457956807770118,8.629897665053582
0.1433500101735981,0.3096600896884686,0.6927783688261421,9.351317072329469
0.07885714363474808,0.2858521724963391,0.7424824032015365,9.614590196633658
0.07494876888401185,0.28285717027417273,0.6996505086856424,9.16809452864648
0.04549577523778896,0.2964814915951419,0.6563200602528594,8.758617425130158
0.0565683852031811,0.2646260612996727,0.6903338388819701,8.948809973771358
0.10097177429757345,0.3084637005177131,0.7455485679416316,9.74533501049679
0.1547095874402104,0.30461932435330813,0.7315721823740334,9.909371220088401
0.16063381088130063,0.3061739811575978,0.7259589042233743,9.811310834047609
0.14567246936191922,0.2948674633863215,0.7488720495610635,9.86394329882959
0.20809710517699748,0.2594499765356929,0.7002133938033029,9.378590271305676
0.19008914027134202,0.273258379869984,0.7287459311006206,9.82609994928972
0.19471462132222428,0.31432055705422485,0.7168579636572894,9.87734045673643
0.09251481476962797,0.29432573918952837,0.7063963021797844,9.37001917947105
0.06568541024836257,0.31515285816072053,0.7213289077110464,9.64871302432347
0.05272017245998457,0.322008248299335,0.6530822865421099,8.94430066665402
0.031897007296922686,0.32306137864896683,0.6996076075999226,9.163881355881779
0.03686871083306846,0.2948916179814791,0.7079234754580634,9.353382004631145
-0.05382529604318364,0.2936581247703167,0.6850527485528872,8.887197097277438
0.0074159347985662365,0.2717300385701662,0.7103435187582566,9.396498680746298
-0.0074607672808324095,0.2726044890766209,0.66281689795182,8.746252575123272
0.002639731846722002,0.24552688165776138,0.6654070412409809,8.733839171314363
0.08041540365938823,0.28231323473354764,0.6518918982783901,8.704132195429812
0.07060393253747564,0.27426797174700535,0.6519391664289956,8.685542897433335
0.0693667770668796,0.2854819329978408,0.6870767899677777,9.284587706102966
0.05906675071824634,0.25823950171821297,0.6767950089381708,8.904751490608069
-0.005685522325156224,0.26103101712109655,0.7036112622929757,9.095123236383243
0.015523648070412888,0.3005959585105869,0.6592803775809184,8.80722743036182
-0.04980461006837439,0.2800545755338741,0.6667908474831784,8.843505082918494
-0.03789689188777297,0.2670970157583909,0.6065069183330782,8.087845905998298
-0.009598569908287858,0.3261628390941372,0.6259220237044388,8.715514883488561
0.047501761244982926,0.3179045320809739,0.5779344525433547,8.12030753039586
0.03413245400469189,0.27702616225584026,0.592491638329312,8.134677826308408
-0.03724700704696387,0.2586777317194128,0.6025168621691209,7.97611400289489
-0.017512108014825608,0.2507691133179796,0.6027869268720155,8.011489538186568
0.016537882731075516,0.2716003963708339,0.692410843140527,9.044804587891663
-0.0011376993288067963,0.3040532915321409,0.6921506567237714,9.25314524574937
0.0698576727846361,0.16035552310363274,0.6657416079407236,8.474650511789106
0.09086602631259906,0.2288948263436356,0.6753147385407992,8.70834215861023
0.16189749328288175,0.27277484604950597,0.6869959314288846,9.200330204699211
0.06188995407256788,0.24404681709070308,0.7304522465615944,9.531532488954442
0.09443393285908096,0.23578641049112642,0.7465085524392432,9.605173423349402
0.11104002800365854,0.25504668965486943,0.706397251034403,9.326246028602826
0.08411250417535789,0.3172411564019013,0.6853450513629038,9.343767591937286
0.05386982058725663,0.2719978255973469,0.6926661000062293,9.02784040266194
0.011740834864372775,0.2912912532554999,0.7226280837349873,9.4864364386088
-0.010305786699439656,0.289235141344301,0.6502168560886434,8.76849959569093
-0.024016359908634058,0.30421481617166607,0.6063843091217441,8.395266782239938
0.027292003997426116,0.22860396071987948,0.6700353343885834,8.67294423178336
0.036606582170726994,0.20443508889786174,0.6269793505651082,8.015176117985481
0.09030565471113268,0.1728191203580375,0.6290325218380778,8.161789246163657
0.09186718939416172,0.2178858372870024,0.6434638412912701,8.626554300970682
-0.007384647035072056,0.14619247837532412,0.7159625273763696,8.967963124400217
-0.04295525772776016,0.1485616081343398,0.6596747486527382,8.224526354005237
0.04578366514795325,0.20218024658285783,0.6062424961745575,7.894707433223512
0.05286889307383209,0.13990031203459652,0.6148091103735152,7.675089485187332
0.0759897417122459,0.14281561661392206,0.6158631265060327,7.9256538504466985
0.06868700966507973,0.1703451865466331,0.6817569458510027,8.636505585218385
0.0720409930530221,0.2233547457852136,0.6869236043290383,8.948903408317992
0.1398737431666062,0.24228972583026556,0.7608100371528925,9.911531216225741
0.13217738532702006,0.17328812206446514,0.7095075348317239,9.107326713780306
0.1791629563216434,0.20685251246538974,0.715711396225617,9.485819896074911
0.16038095299510705,0.16850421465294038,0.7052939933858804,8.951704360333489
0.15948079778894672,0.19938160840556976,0.746869344422677,9.766766866172942
0.10783034973314701,0.19312749066691312,0.7097249467454215,9.184600426078347
0.07292835728566228,0.21194218674926815,0.6966835003744078,9.067999030285073
0.13033993828520804,0.2383125934072046,0.6492024311176554,8.644086908237723
0.13371898219985834,0.20162334417071687,0.6723967965163334,8.712238227485118
0.079111021544408,0.23219989022209828,0.7194790359029097,9.324887474325577
0.12227003570184625,0.2537814229982453,0.6850283163991806,9.049734661029419
0.12893105907811536,0.21263693095679181,0.6921869319832653,8.993587298726391
0.05310682220033774,0.2046812043084205,0.6948035436127532,8.975074360762193
0.03208700119030245,0.17011825045994325,0.6666716122554641,8.495529890347314
-0.04058824976306618,0.16455845623115836,0.7739607950668538,9.612761372870533
0.09855657827720068,0.13079332720453324,0.6666795647010985,8.528357683244675
0.08226945596357696,0.15686017059397767,0.6380468417372529,8.329337258691853
0.03704683492850083,0.13589188422144416,0.5911368495808381,7.686095503224843
0.06927414871672423,0.15018428898990474,0.6739164512438958,8.451118569966047
0.06524164200646909,0.2068876253657064,0.6343444223640131,8.432759272477762
0.04484870813117053,0.1836548553364538,0.6527805822887491,8.578465504209218
0.11819932567306136,0.22280834389917367,0.6675591957401752,8.806987148803742
0.020292356900909733,0.1930525562221293,0.6886746860993301,8.715975171314435
0.020994040240467884,0.15760136519443146,0.6504171969538896,8.233690582030151
0.06861354474242355,0.20823957053685252,0.6402483901464318,8.494990942904908
0.020486249808673224,0.16803069780939833,0.5793967922895701,7.5994530785999155
0.05662732511382218,0.21690581738635714,0.6264095529231595,8.2261322594218
0.006834001056770941,0.22290634372070375,0.5268256415761009,7.233545858590336
0.004199021464700818,0.15960846550663998,0.5469311012752841,6.776929877042021
-0.03742947929107082,0.1547166846108647,0.5252134372105656,6.7347065829041375
-0.04711128719620014,0.15980043402302355,0.5422305100041896,6.908410677194617
0.03162051209776388,0.2390548941553363,0.5949497865485603,7.88484158739735
0.00576517832469742,0.2699548841257126,0.624384111604214,8.366100161805257
-0.003910019299221932,0.2907577547881715,0.6325764607537174,8.603491834286766
0.0457622957709129,0.19774512333098737,0.6762688900297034,8.58614615413708
0.0670000779424699,0.17523556133526086,0.6892077149916122,8.687307775814535
0.08549038617232659,0.2249025784802156,0.6520747739277348,8.434277792177477
0.07655079466516349,0.2535791649247196,0.6781853708940212,8.971583871703709
0.04665526247056217,0.21092409942861484,0.6679487925186754,8.4887743039546
0.06323206417593878,0.2503445456447113,0.6766478094084132,9.066503171077652
0.03921444270080823,0.24963114587918558,0.6112457461973376,8.090219545455572
-0.028615413350648215,0.2223505864228748,0.6569224565989198,8.372439857224037
-0.017500518198724783,0.17713884087164442,0.6926393274439817,8.679292065665162
-0.016314508687840044,0.19994681119413718,0.6372453100399768,8.174863383349043
0.00783140587386174,0.2221931302989983,0.5994379281839971,7.895995248887564
-0.00422638815913997,0.25031754606141315,0.6651642408865478,8.668913255310578
0.04418272834907527,0.22009221298381101,0.642285669127919,8.382773904897427
0.009192868832168908,0.23127083319076,0.5604769514300486,7.519589825074533
0.04452573191049811,0.29505071899258534,0.5870305252644716,8.069429544069076
0.05470210018453126,0.24991727909288647,0.5726880842537122,7.751223682532903
0.034115696489984665,0.15924971272389632,0.6030196987241808,7.823798114774648
0.0016211008829063005,0.22722693526814927,0.6330358128039014,8.354536711783787
0.07473916359227141,0.1996748512300976,0.6315097987080807,8.13191573713066
0.013823890018867989,0.18713938864483068,0.6891750779348005,8.775635818621804
0.05601753982643398,0.17542303854907246,0.7252168330618265,9.10573462473054
0.06920031937157811,0.17438086609836503,0.6613013776510124,8.530646316270799
0.08093204686417005,0.2166086534537695,0.68624753359821,8.818206222146387
0.09497378332333681,0.22299345462059003,0.6846270117497456,8.946953310551152
0.15245367904570317,0.20972304751631451,0.6741795315675443,8.981067388831956
0.12577682795650827,0.16370863917269318,0.6642627416367421,8.605255954896522
0.04264129829901597,0.15929413380057889,0.6834038576052601,8.642044586796281
0.031053893864816776,0.13149514465523351,0.6738651990010921,8.432486069156287
-0.06035373933685732,0.18388286677562382,0.6662233584548917,8.379873494557737
-0.10004574657884394,0.20608169409180346,0.6689423086058393,8.652813623822613
-0.03141390087838725,0.232356520399658,0.5939839191698745,7.895104490186803
-0.06515220353914189,0.20943171281293063,0.649773145686577,8.301586147961594
0.05843207026057805,0.21404746896466428,0.646110502571648,8.475245551731213
-0.007867105873161981,0.2539365409767837,0.589200335897335,8.032189263709324
0.08316742041917141,0.2549734838307213,0.6548870256750379,8.675243106736824
0.07944955998530617,0.2511832243197816,0.5774354753881735,7.915123395851049
0.11956439631210268,0.20743949639250706,0.5387570747750361,7.1418858746798355
0.0816505921879626,0.30306824555606016,0.5670668234325094,7.935867805113905
0.06166065070511258,0.2683537937593436,0.5485822961034172,7.732156386033395
-0.008130576587658075,0.2531784689935552,0.548245400729306,7.5484978073589595
0.05951972227200629,0.25345033556421964,0.5090814103597835,7.100010729321659
0.08887134572432276,0.26840131794966393,0.5344620015874341,7.545702075130337
0.0489595041388929,0.2236508346241062,0.6099966102188374,7.879617115474302
0.06167660326647812,0.21533447927443114,0.6298921385128783,8.168017848010518
0.043638332555229746,0.2612823453902853,0.6184347722527024,8.461904025089835
0.018788174151534356,0.20148843209639977,0.5919200823649591,7.932347508578035
0.034187884094693886,0.17038712681871307,0.6532390479662686,8.313645184323372
0.016652834606060315,0.22353709338961147,0.7002709658909516,9.133790585130381
0.07719915916225062,0.1834569638311052,0.6732646705958523,8.641656506804015
0.02349267923161376,0.22767067680919434,0.7211631583130698,9.314809147071157
0.02111705872729923,0.2871663877744318,0.6526432071338121,8.90807302512558
-0.025465816870142842,0.24517584000963902,0.704643626153445,9.102654315178368
-0.0071397452676759164,0.1934712205177057,0.7656736932757778,9.749961744285603
0.030143027269901597,0.21776587408136988,0.7159047381247868,9.208071394962662
-0.02588849453885621,0.2628903455401632,0.6134646683872126,8.353663819458994
-0.026987235207929935,0.27172627515494613,0.6834982693132736,8.970703531785416
0.01211074641974555,0.24165594766176177,0.7137049072479982,9.277318631202691
0.03869500915474416,0.28317804633102905,0.6428693980379409,8.703071011742843
-0.0026600351902231747,0.28655285983999157,0.6632591555355741,8.889415041660365
0.035965649691450836,0.29730841214979864,0.6856497217822493,9.18959765264987
0.005949163157586231,0.28928973195632196,0.6713026089699915,8.948929823116211
0.014017498179304172,0.24933394697363143,0.7229080781580478,9.317191270146955
0.07667731187866093,0.2530835386875895,0.6439230321349968,8.59697292860832
0.033633300998693494,0.3282559964930656,0.6363031165312378,8.850521955085409
-0.028007451148094845,0.2966266934136913,0.6245223134810987,8.56397385567549
0.0235669244497047,0.21854681533306883,0.5756721150958322,7.783876497818013
-0.06472744344567152,0.24873720607986768,0.6794799011670927,8.936722792220667
-0.041808373891945076,0.28467686354109195,0.6391994562045542,8.655102149675821
-0.007458573775765131,0.2520486900018001,0.605105099337828,8.247087954769732
0.035832035170386974,0.18029182486680048,0.6227160686560699,8.06183013703962
0.04215632369925553,0.19419506757466862,0.6065962999198722,7.992944689641491
0.0984869187741055,0.21642439373327585,0.6289325012939895,8.321347914662098
0.10206627911249408,0.17500111712967806,0.583925024315114,7.65996972206611
0.010285316058140813,0.2619901586283286,0.6264959665296532,8.292028475836979
0.08536138877392607,0.26255762284316336,0.6375644855725756,8.463844730234388
0.05667657592670597,0.25510897865290527,0.6036955104331836,8.106015963683008
0.09512763668663068,0.2649387963871404,0.6162096707820381,8.387040257336942
0.03895631671193525,0.24381913336455457,0.5931107394430518,8.012518315311247
0.075364212541251,0.19970661701288453,0.6123548962183591,8.128583802705329
0.1045158360622927,0.2270874660154442,0.6683587219811568,8.851696834289134
0.055122467074891615,0.19759888975958453,0.6668876846516548,8.498742813045814
0.12494395406373303,0.22618147780512407,0.6660186187605538,8.865217589165473
0.0943044844549887,0.22621593350430252,0.6209648871040454,8.344659135197
0.03200551702564452,0.26930989562192376,0.7386198145710982,9.724400079302727
0.05351579330610927,0.2539502586209578,0.683721188100234,9.03983314584571
0.09591451495628193,0.2555838653291319,0.6930591408601683,9.185902736337232
0.05159053561677542,0.23646875652468402,0.7398154663392269,9.471661668783474
0.08886974390882484,0.17307809345407663,0.7203352847968288,9.067057943330488
0.07780773906560863,0.23258230831347937,0.7905702901495567,10.053448403792466
0.06159612171119625,0.23818259698711425,0.8105596765976276,10.489366000905855
0.000473773546130235,0.23867042850522835,0.7883880931017918,10.07891828803465
0.0360464893005828,0.22919951488426968,0.6554622020755139,8.5902016108132
0.11761378617713115,0.2572952512868909,0.5920105288601767,8.168314477641227
0.17723413833611257,0.21344795874295597,0.5553747865152849,7.878183375293807
0.10701651367702951,0.225322661492692,0.5703412371458633,7.815190167844588
0.1266488350154757,0.21727566063250617,0.6078834109404289,8.158893319649627
0.12071346859313564,0.21316554156301645,0.5654777431333712,7.669123440039215
0.05746099596695753,0.2603041893336121,0.6529813782726959,8.535110433468398
0.07731988108336976,0.14740052697444705,0.5831116705962935,7.605125974573976
0.14144351369566274,0.18894926649927607,0.588081807982177,7.917554272715332
0.11911647465991944,0.20794245099724024,0.554344248934504,7.524313635043527
0.14675821983512868,0.2450397616223137,0.5579971665867207,7.880942751645583
0.07149501608518435,0.24296638388839187,0.5844493227117388,7.925027949482072
0.05518575144102923,0.28078001335521124,0.6380842875084569,8.585336636094981
0.05309201190200236,0.23866199429355003,0.6520748641149082,8.531917909920237
0.06325065463110992,0.23028071434644687,0.6095497650184197,8.068884354409715
0.08703623622955693,0.26814520984035456,0.5919488627381647,8.139847205744696
0.03436832244338646,0.24466892337840487,0.5660113443355079,7.634258394959267
-0.014220705640351968,0.19674123952852257,0.5938288925262996,7.845085059838997
0.03633771939045942,0.19416157277448345,0.6551923017895679,8.346302139749023
0.03715712809632627,0.23860594936665114,0.5946726559519477,7.774919623900847
0.09221047185276861,0.18254402992238933,0.5490802748547889,7.242530735552501
0.058736646888198435,0.1833539787572142,0.6314592221834721,8.06505441229816
0.11324798235248061,0.25113985975603637,0.6170103939581554,8.197923865925198
0.11077026196534075,0.24842132315072882,0.6483269401491077,8.555614261560674
0.031031649995768233,0.27336216101865046,0.5843838492529955,7.885436810578258
0.09296412467347197,0.23423736975444423,0.6385778346967167,8.582069217578631
0.07428927173979372,0.24500550009708177,0.6326659371884632,8.39326160679422
-0.005561480915957535,0.16579441638085585,0.6342513268129677,8.116420030626214
-0.004798122535590193,0.21149461082128135,0.6402253921217472,8.25500293612067
0.0378488349763323,0.18152410722046383,0.6166455314481826,7.9306774316261945
0.049163715097606586,0.07903254885800402,0.6292287604361009,7.804431633257723
0.03780771737208936,0.1680515453478364,0.7302335296970375,9.113579847738082
0.092320217786323,0.1637261816985328,0.6621409322265455,8.457308408077155
0.07188216173247178,0.07433768443516013,0.7158006983123407,8.789753569511985
0.026208849410322296,0.06600354139889114,0.7270283646553176,8.66394681422409
0.02633639131327542,0.06843651059127485,0.6832620372796991,8.29226966107486
-0.005270992075985953,0.14460302646456055,0.7155753605960395,8.80833967721003
-0.04254598663619021,0.12976851886119153,0.6853347605858103,8.500859301696371
0.009993310618900013,0.15020157808894666,0.6252091389884068,7.982466409651159
-0.009557453668757807,0.14697615448595863,0.6778752865789126,8.563786312542108
-0.006378111390080348,0.13069399040736096,0.6686962523290971,8.15414034947304
0.03252944209132563,0.1658504940947492,0.6621886174685883,8.391061577708031
0.06363753111011948,0.16273998385200228,0.7233710227068066,8.9671127716462
0.05949823859828887,0.18087692774753372,0.7149964481943865,9.054845093458425
0.08958334498639728,0.19886325068596786,0.6848682480622305,8.816468801876356
0.022739252163132242,0.23464852305114037,0.7285461487945094,9.316003808417259
0.13462024768409134,0.24547573243662346,0.694720776445753,9.116327427537076
0.13786685568097148,0.2587180959469774,0.6617849802778679,9.015978403445692
0.17154791789210103,0.19443308846715182,0.6609124885152882,8.85724420458183
0.11113083090658546,0.22891956217895115,0.6901229822408023,9.082921942378555
0.16471513298423612,0.2217757210489868,0.7234590444551152,9.52820555517058
0.1417911404274829,0.27530045404094877,0.6786561506677888,9.343904838005049
0.08152526810088395,0.2599684390272537,0.6781161692176986,9.093008356705173
0.15565762270933067,0.25669298772911675,0.6673576963260096,8.97763770819792
0.08665328279393511,0.19354411189266657,0.590721600995804,7.723414540182266
0.07764851902937378,0.21816731270405934,0.6066652314540665,8.25793903473928
0.11265361976811895,0.16383299403064655,0.5614795947474015,7.604839304179453
0.15344348318207218,0.15252590766228558,0.6065800407011359,8.056230139191998
0.12246230526950519,0.16147847711887492,0.6996998715194424,9.067341919504265
0.1232910707250891,0.1677778348918515,0.7453052493414004,9.550728146621664
0.1507546280413403,0.1746245816302493,0.635420353726645,8.298744036173838
0.05131277501832599,0.1357316543555676,0.6383344709578216,8.038203681089405
0.1657142606849419,0.18897688958256692,0.6508376775441281,8.773970572377252
0.17360317543975037,0.17616361411879303,0.7161775967425961,9.361794176888246
0.19237019309602726,0.17522250974346393,0.7384850006247387,9.780368451698603
0.18409942265873158,0.20980222469053147,0.6555616220777324,8.909301629283144
0.14086058270062707,0.18058411365827365,0.6268737801778981,8.346752150755828
0.11580016530744067,0.1546237828016035,0.6355408361315442,8.19007240988102
0.11737691358399004,0.11985655923598047,0.6359756165877444,8.13847815629882
0.22468789702183004,0.12655086102695776,0.6674808689640866,8.7679981683343
0.1537866158419252,0.15968157501231678,0.6100992908006702,8.131154232635328
0.13057107765232898,0.2113792258029789,0.6444502946709288,8.451888448994795
0.09616347471518379,0.22736448155166997,0.7226721181345499,9.42331610624492
0.08820540998825371,0.2518093915726045,0.6902600966028791,9.20368608958646
0.07692760059635412,0.2432413943440648,0.687379290450266,9.187757713933259
0.030901564627995547,0.1794159647542831,0.6893512083720732,8.744274591328896
0.05547507395674206,0.18849915899328107,0.6534102421295784,8.511705295955329
0.0842937952218718,0.2521081375529816,0.6810011491691312,9.098957772352083
0.12115503298529753,0.2195136656451555,0.631603291791609,8.494877937160133
0.1408392275408192,0.22538430530892975,0.5700783769384543,7.906786569650953
0.1741361871096442,0.274263373185254,0.5440484361126637,8.089258593525463
0.18678571693611165,0.28070130541103083,0.5182558101046048,7.875723636402342
0.1530653001972085,0.17547286549570043,0.5256661138478956,7.426006900594366
0.0897218919989141,0.2623343968448226,0.5306960876026559,7.53670709233519
0.15502900088410126,0.2452123505406269,0.5417446759631656,7.697193217169475
0.14323059542756172,0.25734198258230967,0.523936327131405,7.7123706187400645
0.08587516620156244,0.2212662554065206,0.528923556980356,7.310214198820947
0.1128044788279212,0.21692714415916217,0.5274908416718603,7.281984847179165
0.11154490416102568,0.23355108915079337,0.5626097760855505,7.644970528919144
0.18515075425108776,0.30149171662163043,0.5704550559998371,8.267504845099108
0.14327780327840708,0.2920716773895692,0.5650351792477973,8.179114919107953
0.1229226605161812,0.31984973308052606,0.5347965431721892,8.01932898423208
0.15048953819029184,0.3327399802018117,0.5343834517295459,8.16616442334069
0.1718370997633121,0.24814031206011908,0.5879941241459076,8.213516366009689
0.16440981012852401,0.24490904042471612,0.5950280335985819,8.238423453303056
0.1836312799196233,0.2797438986913,0.6701457041662794,9.360276533293186
0.12023039994597277,0.1952876557996491,0.6213779188232518,8.175892570930255
0.13767431863120888,0.22623830914081292,0.7232092219898432,9.532878069920148
0.10164809674127334,0.20397598559077978,0.6767073558723872,8.910930150032723
0.1615071854992579,0.22687924030151801,0.6842122137531851,9.055345886755791
0.13039425975861527,0.21477015396067362,0.6110341940096414,8.331947175826933
0.09650353205085024,0.172515247961867,0.6113081513397504,8.026442968930164
0.14187592657856296,0.1891722256991731,0.6418531311529638,8.41651492533673
0.10271493206640674,0.17399950789050567,0.6350163206631645,8.274053085651056
0.16557253389574778,0.2540531675669716,0.6219565387175312,8.56398603254259
0.10302268677209289,0.28518668568673317,0.6631640947981415,9.123970424305837
0.11209617273786898,0.3012826026381157,0.6462423622497896,8.890124947665814
0.17075122466586387,0.309684916580202,0.5745244108845368,8.357474495498403
0.11210417707752163,0.2500924609922167,0.639694815292205,8.566864684619048
0.19933137554197453,0.2380667745641978,0.5225672883971526,7.619196661607416
0.1505424052813287,0.23567445804659107,0.5189193847643716,7.522172408511872
0.2080996964850686,0.2780607656062086,0.5452391141406675,8.164687008034626
0.11065227235255386,0.22923580997219783,0.6188814698614534,8.417631663043743
0.0632830219005971,0.23436710682239745,0.6786055483388033,8.84627180622686
0.09046435098756278,0.21725648528111782,0.6836776266813815,9.223763183167542
0.08422630760410646,0.1869999420457743,0.7378138061755874,9.524377785247285
0.05610196733992085,0.1682791128491403,0.737950655521109,9.201863462179722
0.06534659960190604,0.16135033468782847,0.7735874521940931,9.736670412832323
0.10054752984716843,0.14240266209561206,0.7115217375976681,8.99470831015161
0.060679716046326944,0.10823049325390864,0.7214581948375066,9.058424142230908
0.09204919562301565,0.12570497323042382,0.7478865806735661,9.390570511401183
0.09817509841542514,0.14226837024028108,0.7247585378358288,9.216187119385586
0.13093032773677887,0.16564411314574456,0.7020375144190284,9.072389060534826
0.116946004524228,0.15109875264735534,0.660179159559208,8.505575025456508
0.157382469767919,0.11927638163143614,0.6552525447129743,8.526741956518531
0.139339849055356,0.12418507875677301,0.6333038782495748,8.239311808429026
0.1479435572060041,0.07127990921947466,0.6778625806954637,8.613640512964546
0.17308071546719264,0.0674541644379618,0.655020456927273,8.480273923500313
0.213646627930822,0.03263586901069507,0.6377023901861195,8.488133835903621
0.16012337375386268,0.01750379115033328,0.6474176691870159,8.24283697641723
0.21515101323171779,0.03892556075921303,0.6408285799511235,8.440594624663463
0.2381544690634535,0.08548580755539452,0.6318483345588027,8.575076689444268
0.13990846030839055,0.1368265238593745,0.6847751921666924,8.69896588987584
0.22426880810880412,0.04924359977042591,0.6345996250820324,8.550491960561537
0.28188700435273834,0.07326492068030412,0.6344327425295911,8.743863022582348
0.2359673468785472,0.06711160240885347,0.66214617162519,8.744061731185873
0.13539506538499776,0.04318193177933696,0.6779562071554788,8.610558429103488
0.19253739648203697,0.006778877342059074,0.6472386323437402,8.448025737086219
0.22959741769938327,0.07576318770056172,0.6398629827730294,8.530838417863764
0.3296198870434686,0.09004515628893274,0.6725445605016989,9.329107580653108
0.32300285004287693,0.09452517273991977,0.6223326529802594,8.779747342301858
0.3939816880622015,0.08926540571411117,0.667156915996054,9.702462938217336
0.2929019367814153,0.09526302382373804,0.6816577316881592,9.453923860079803
0.2793197286215344,0.12810564786147535,0.6926475730285274,9.603847217971582
0.23497498903352756,0.10932345403839422,0.6839316967322033,9.051526486609259
0.20479611394476155,0.12930296541938935,0.728244107153676,9.54359389412798
0.15814538124480274,0.0703842083203148,0.659909427507606,8.532998737006034
0.1653575013026402,0.09287788404980844,0.6847268885491128,8.923793754688376
0.1670614090828544,0.11661476845751,0.6717596749006363,8.626735411059913
0.1839432191746738,0.11214272851553776,0.6316224872119076,8.25114029835543
0.13717223060292935,0.21520097864496324,0.6524651093831128,8.80923980756288
0.20245139587742375,0.17739852917114093,0.6741487261207381,9.156784710936428
0.1794679379471017,0.17152010730513725,0.6706947440585321,9.13000642071308
0.1834975879357943,0.22020384599357112,0.6842403172338358,9.111095148886426
0.22123272995742896,0.19988039173213262,0.7167899393237681,9.720271888704143
0.21902627560829277,0.17816491258170536,0.8077592181365525,10.57213448752255
0.1453335531142196,0.18990620152664728,0.6946765025761178,9.207182385897042
0.14149755197721772,0.22566935320234166,0.715169290903459,9.424336174991772
0.044559839861048306,0.22479443183405587,0.7460914736259221,9.505417191116123
0.03027541373521564,0.23540765499329266,0.7920728507979893,10.172467086591908
0.08175898832416514,0.18332483738695668,0.7508226576339259,9.625371079512062
0.11021063151871728,0.27823126630375783,0.7346062754284537,9.898349533704037
0.10279291021269048,0.2762628678589274,0.7177358343203782,9.635239703072262
0.11121568887148761,0.20426014201269618,0.7430519835048787,9.748254513473526
0.054698145734696196,0.14355658091003226,0.768302735830961,9.71377226701397
0.08801279618798673,0.20460239218355744,0.7894573674098969,10.082178266331958
0.06159782700393541,0.165659489608296,0.7683963412125606,9.717151056617263
0.032188039077521616,0.15502416486603854,0.7834689856953775,9.818138198404018
0.09823051121304978,0.19903249394977351,0.7634405627512006,9.825981677478913
0.14548385534851205,0.21226325395909942,0.7431347441178299,9.82636558266519
0.14255355840855588,0.19772944927328942,0.731196935371217,9.698820501497746
0.1576193558517594,0.17906004710991674,0.6950913617759018,9.242255054373292
0.24886855513231496,0.19309931453468382,0.7269350356962456,9.894781917233288
0.18357740645414017,0.1838421687140837,0.7105999431082323,9.501103077571848
0.1363127481533192,0.28211653140223997,0.6306479246821981,8.773745309770609
0.11353641257980998,0.34499066029054937,0.655322154307592,9.351678514019369
0.0988733442702389,0.3708805890823585,0.7039469256398933,9.878807355356155
0.1284713726766409,0.2702063461032315,0.6750903370300527,9.024843480041119
0.16786469187927408,0.24837523103330805,0.6122570563269188,8.369022468158592
0.12086995745998017,0.2957430887650722,0.6445397434744582,8.842467912001213
0.12426240529558082,0.2508873428975478,0.5961252776600932,8.223438602301934
0.12625825187396397,0.22883333036602554,0.6286653440740444,8.536614224503607
0.03628819953350185,0.19954626041375892,0.6813145875918287,8.884961538406907
0.03674447179175036,0.20476134097159068,0.6529561797014197,8.53220083853594
0.028216700628659653,0.18347001598779977,0.5583944614071461,7.278227763338009
0.09480139417450206,0.24958777740418467,0.5797612847741674,8.096327136380804
0.01563155641112668,0.23294676195037037,0.602335576345932,8.062225560526045
0.07102632232644106,0.24085112976578144,0.691613257956877,9.059591301331219
0.10877134792984029,0.2480439154397442,0.6414990548980103,8.834290927210668
0.09801868114841288,0.2909026409170905,0.61315606614406,8.654209735973701
0.15247357460676178,0.2485814387525585,0.6090845421314727,8.575388987500768
0.08928877452169527,0.2538651357427478,0.5837198461924236,8.101557202411175
0.06198572735672097,0.20417718485010505,0.6493201732131052,8.562525523103814
0.041745639711147045,0.17813719800736522,0.6797493989472103,8.732499081639654
0.12155679105610792,0.19055241116302432,0.6236793022923,8.249760332335518
0.1456049089173453,0.15188482944887516,0.6684964779426744,8.83309361447023
0.13146126673891914,0.22314084300599804,0.6632721031420973,8.95166893679619
0.18326701100147255,0.2192491917572372,0.6637895790797962,9.090637728238784
0.1371092695834478,0.18461149882923208,0.6612519636356781,8.851153076362406
0.1205219518868787,0.16099810760327082,0.7193059673301986,9.376758551487455
0.10903081680462677,0.1539155424362611,0.7063879375274907,9.100398806357575
0.12509262747610098,0.13796030174030832,0.6781868944821187,8.63305408937419
0.20261550642071155,0.1582530970559253,0.6351658643091166,8.798483666451693
0.1244790416529193,0.16484062640992553,0.6273492632164646,8.429093081859792
0.14234695368966815,0.21935620821909033,0.6076966508883428,8.354208400616123
0.13069348792376267,0.179191416086775,0.52660648567717,7.326842099124675
0.16569460051591356,0.21565390404652443,0.5719063589046373,8.102289273609202
0.21187566461814475,0.18931738846742768,0.5834008622658479,8.19429002542073
0.21844612683595727,0.22251920358359395,0.6245481459129182,8.732119530781834
0.23783857060735816,0.20319620840846217,0.6469381966227852,9.048212841145752
0.22563246629333136,0.1893900197522821,0.6675661814412137,9.08417065435833
0.12467073098392384,0.2073275398006446,0.5790544395929738,7.9921734282091155
0.0614981804394193,0.2087516583016839,0.5594424513971306,7.585526816312273
0.16347090780130033,0.1458477637800844,0.5637454118238526,7.575383591480841
0.10284083278669809,0.11575756340640765,0.6387510021612371,8.246333398524676
0.09228549340035282,0.17097848395270984,0.5623995704065483,7.389708948213697
0.0704868673908723,0.22865135592591154,0.575826597122925,7.7364468589906155
0.06109340497899815,0.19765406293582427,0.6300280604353948,8.090368505072522
0.0704025868373556,0.24171603312535225,0.6362837870437738,8.50706027160989
0.15278853761385022,0.18928321185028105,0.7049461919414095,9.327472489059938
0.07277147049332156,0.18316464481282924,0.6447701779292164,8.612167465880802
0.09070361974543854,0.2006163105420492,0.6379080162620107,8.577488812670559
0.1224375041852866,0.199835220100064,0.6299197930934987,8.426433786068051
0.15647625711429844,0.18940014244510223,0.7127324114412444,9.335630217402505
0.1342366504996499,0.1971808004920195,0.7317482173179413,9.485462553531715
0.09847174508784923,0.1759064282732476,0.7504856299279705,9.512326400572745
0.12178682946798543,0.23947042999910712,0.7361451354995441,9.609781562536726
0.14220135460524605,0.2677365321104412,0.7192979891547867,9.70345346567776
0.07931963486393279,0.26059299492723786,0.6963764021464499,9.184706823770375
0.09986401776439992,0.22507115939801184,0.7035832782769778,9.202072853531226
0.040567190810698206,0.26422515064056007,0.7367349648678205,9.640792154026627
0.03374940390530459,0.3034702657893054,0.7203677228675439,9.598501492980745
0.10058413835559074,0.3274558689561677,0.7225972086035797,9.93628920358305
0.04765015661165156,0.255383872916162,0.7916579074823097,10.271874440877125
0.07304977953025212,0.23900920732438674,0.7466093105219834,9.731393506069821
0.0913196619118716,0.2684959253978461,0.6794881212791053,9.029642802642767
0.08646074995514243,0.26369389919078207,0.6974258455206682,9.24648707660226
0.15791644104894217,0.29025107978588727,0.6877792994488735,9.435098421976635
0.13385293280385485,0.2873209447624005,0.7021696499481498,9.327287117247936
0.08357496246785766,0.28931960532682416,0.7223619428841018,9.835922894010588
0.11751729322824565,0.2653616867880895,0.673089770761913,9.075217618163162
0.1287870978305113,0.2830731717541922,0.6732756966217547,9.511625670066506
0.1253139006598059,0.31569921305047227,0.6607222034968394,9.291781827273022
0.11583675122581297,0.30797502023909473,0.6533688224835552,9.075272180525113
0.0648461533538242,0.2993230111888986,0.6801622816747154,9.234699199466045
0.09390423050817151,0.2839843641898445,0.5910360150616901,8.255641509525503
0.0762611160306906,0.2347835429939062,0.659749451120819,8.805168283139599
0.073297580176338,0.28335434070726506,0.6769577496841284,9.065529195990436
0.010660251489749695,0.26803108204037845,0.694056152681184,9.280833708320573
0.022955702564355612,0.25787350326025826,0.650125594407288,8.525846067155912
-0.06845849085121397,0.19522536980626823,0.7372045775341602,9.369663920369623
0.056303029446409,0.16081806207276808,0.7162563436159717,9.104061460717613
0.06729160290481662,0.17919352281178397,0.7228183343139629,9.255836704967697
0.13363707760274063,0.1442008588550153,0.6843604646251271,8.710887931347312
0.11036185977195455,0.17418995889010086,0.6659926002036729,8.867158191402915
0.10390961373796707,0.16815963378735913,0.70944063440824,9.188760708021205
0.07999696032103557,0.2315026023382473,0.7100569740527177,9.408814035133302
0.08306769529141032,0.24103759564142702,0.6740150416272734,9.029278128849656
0.08697518486660291,0.24705128331035345,0.6408340484651184,8.649637127230392
0.1360531321122034,0.24910589071441014,0.6418258273258083,8.80102455540509
0.11571963533158908,0.18214995439317033,0.6644380124755705,8.853871497071026
0.11958857084224088,0.18616003402889156,0.6830400052385094,9.012626499859872
0.14216092275014622,0.19203663990566142,0.6767539717447816,8.866818730057723
0.14489290778247932,0.23355295552291377,0.7507608485802268,9.847584365753537
0.1749756137638464,0.19671158445555254,0.664905857060791,8.962988567524771
0.11434120397448544,0.22144431995975694,0.7743672482027186,10.010258522407007
0.13642962376609258,0.19761884261640747,0.7546788699743202,9.82801479065952
0.14428603263404824,0.2245870642232489,0.7045601265556409,9.22748474436761
0.15496599791572027,0.14810865181776925,0.7058059337914994,9.228590172715291
0.11529893449674243,0.19125056035535343,0.6901016987737634,9.032838462225325
0.05611078570490591,0.21023348908984832,0.6679324670742983,8.597952562668338
0.11214096240856262,0.24138859133637194,0.6351180889930524,8.683172157430592
0.1287697189146349,0.2511150655305532,0.6527826096848873,8.791243666580801
0.08571705747444786,0.2907993393092567,0.707751465731181,9.644782572102898
0.09518816404072057,0.3089327221952217,0.7530093969378345,10.057198963154331
0.010059153037516338,0.2650798246351077,0.7240887248204669,9.418362055540205
0.04778508190489911,0.20017732574284042,0.7108147731718655,9.036658615930657
0.05402359750195639,0.21355699566807038,0.7556025772939272,9.847193982163605
0.09935558545782146,0.10439188221122654,0.7621229563223739,9.585878404184951
0.11334573398476665,0.21546398973501008,0.6758559545549457,9.01997630627477
0.04984247785216705,0.2189859351516599,0.6689113514457106,8.86199159991703
0.07390319025485673,0.24634097097155844,0.6061946949402393,8.016893200805365
0.08419600298954684,0.320099253071636,0.6472927839269148,8.97256358230131
0.13601905699409467,0.27936837825885485,0.681850593776533,9.344825333072846
0.09176307536522504,0.2967669824320048,0.611452438014368,8.475851472521265
0.11834729100255242,0.26382044957633355,0.5903586686701703,8.202281383612153
0.11616737596905888,0.2523023507818261,0.6138017644225938,8.386029694237587
0.11753413042994644,0.27925917304968045,0.596323760665833,8.360291243530122
0.1534377578757113,0.2633021686317315,0.5721046231645814,8.217253532161186
0.13029325413052606,0.2208802622304463,0.620270119700176,8.49678472400296
0.09532862922263867,0.28013046655037516,0.67093363892429,9.192161603340594
0.12895692085591942,0.28629416384009565,0.6721064370544181,9.267513329736374
0.10713117520461081,0.2900358892467405,0.6065462968889916,8.610180257288977
0.09993786470664193,0.2655306617722152,0.621607746083783,8.637092361597116
0.05064623537142871,0.33058909144682747,0.6160289678055204,8.889735749961666
0.1060520611458248,0.2509061854281409,0.6559854234053379,8.800342026537468
0.0957164351278729,0.24084853216767566,0.7147184485048229,9.420584253876052
0.023372048423694464,0.2577790645529391,0.6877625166324821,9.098328060297527
0.0763810914515569,0.26014499523780754,0.6174171849477268,8.283075117757024
0.1288855289751295,0.24045888704186014,0.5964698443929547,8.267367621927718
0.14513371447533402,0.23332683336034674,0.6291613850339093,8.575638089099105
0.1055687466379073,0.22370922736640264,0.5793085773031379,7.850400529360564
0.08695049342963396,0.22808885062671874,0.5677446622348792,7.676136066074261
0.169917774241778,0.22507825024570877,0.6844758247708354,9.18827683546803
0.16631352616316858,0.25011975073767884,0.6711528065241876,9.168763629059377
0.136941722509773,0.25719399214869565,0.7107103474337938,9.686983886251022
0.1342431708688092,0.2637385181993366,0.7039587946607346,9.615300648503599
0.17229244603737262,0.23425289645309838,0.6576486479425198,9.025640148782108
0.11391492460673834,0.24531717471751105,0.6250299012526438,8.6376191024102
0.09785617287775643,0.25355059397785784,0.6120300306350156,8.394105057389595
0.09040163695957734,0.27716102328397524,0.6523645985938866,8.878003221485256
0.11207174352453811,0.2552710459469508,0.6592733058673845,8.953406325516415
0.051980945624581935,0.29884633000424166,0.6301131918209139,8.717749363201483
0.06482914779250613,0.31999326945663054,0.6199540296961602,8.678378553956783
0.05210475715897596,0.29958902904221524,0.6438608502473392,8.873625286439191
0.051932679253716675,0.3191711769947443,0.655659533695042,8.984141616773483
0.07428441554686867,0.2621780543847576,0.5889937084768958,8.132913778397226
0.09283530139615452,0.3021800791852887,0.5768226817165945,8.20845823731439
0.07695466687000145,0.34165565035127704,0.6449372991481687,9.063288739673952
0.06114930421684504,0.30182033367873173,0.615791073788599,8.553527596511467
0.030547013019897082,0.24056496816055883,0.5793353494614115,7.988141583189596
0.030818213931686315,0.29098052768669946,0.5890022604057141,8.142914415486112
0.06881781183255974,0.27881655432255437,0.653796147709746,8.878284916957123
0.0950323625012884,0.2659151160229135,0.6224092046408503,8.583420961815584
0.09867846223195291,0.2414085155800171,0.6002593691907693,8.157509659684115
0.03322032674406584,0.26915395181875573,0.616549132314967,8.214611239376032
0.05456752112621413,0.2870518364772257,0.6053410565127011,8.35522349663232
0.02862627644157518,0.2866057815846317,0.6461093635552647,8.716624928479137
0.0994345517143609,0.274954537706061,0.6779765466088594,9.150433072217952
0.08835388531094629,0.23826114716104732,0.6636080603229935,8.807238296693402
0.1335043349345375,0.33863382988259244,0.642751957576526,9.385990805362697
0.0796508388793558,0.31185499821974666,0.6888608794409954,9.311443295592467
0.11533669996700496,0.2636165632364924,0.6551841526437396,8.701390778299187
0.15949023333690276,0.28946330283186106,0.6872051731757178,9.427609303247255
0.07706104914257128,0.2841246310761407,0.6709779740208692,8.91403872248321
0.1339623054751513,0.3098634143232876,0.6425394629845665,8.957028804097533
0.13127519963906734,0.30954313156409613,0.6575006119970608,9.173591183972412
0.1477189636817057,0.3127926287528427,0.6661939695876998,9.245557736329426
0.10167797035938486,0.28632617015295486,0.763302357602213,10.018155142141595
0.11839933957134936,0.2902214051737459,0.7221858123727053,9.605119725602618
0.1503404315618018,0.26590354356883417,0.7158831685847225,9.614755344109037
0.15225561123571632,0.3153571455200898,0.6974925930557756,9.69909092512851
0.1511582827353005,0.26618869678880863,0.6449115001505922,8.89870664962285
0.10830027359814813,0.2770369094216293,0.6837700382734655,9.208336503650436
0.09217916175647814,0.2935780002723834,0.6461475204627293,8.948129995990463
0.12326119260329371,0.24645274661220937,0.6424195892000191,8.578871103059404
0.10363157230109364,0.2481435095963548,0.6872764144032616,9.105646111897135
0.1440309369002457,0.23209133266582194,0.7190336626321522,9.593640521356768
0.17026173965956742,0.18470628962132965,0.7153515522412607,9.431718200794752
0.23633601450335195,0.09960354084953676,0.679306741413045,9.00988039958508
0.3030252536210417,0.1493406600844653,0.7291090734567578,9.959735093409007
0.2813957078106641,0.1306627510412072,0.7375781510542074,10.113251174135874
0.2026081189738067,0.1269389329541454,0.7644584921065493,9.904990493387706
0.2032350358831436,0.16332821316871654,0.7916824644472482,10.216139290422314
0.24955130109452692,0.21671669357065232,0.7230037289348334,9.810052737508855
0.19864472610821593,0.16294213875444546,0.7054603890401551,9.499002113322543
0.23077599964551593,0.12094644375455474,0.7312130684055668,9.656055363455735
0.18574094548553996,0.13201784922234852,0.742902568804537,9.77003310432153
0.1869701451799238,0.16967812271484026,0.7351501810436291,9.699064085525846
0.1631603095953994,0.1781810519398396,0.7156545210595596,9.374456011070073
0.08359351764499494,0.19851766942839946,0.7615259518305071,9.781021938284162
0.06051017141804499,0.2463792577502026,0.6779288422516541,8.911105939987538
0.08395289761407874,0.2334344673540683,0.7391097797075388,9.758611883093078
0.09308576135393537,0.18120908104778025,0.7012519696927507,9.079821397688582
0.08474256600003682,0.1507527095923838,0.6841222205514751,8.653003806249126
0.0484136340903274,0.12834880312623478,0.7125766127562898,8.888751603425959
-0.020563345956426195,0.16191496369017555,0.7294902981697043,9.265531969853074
-0.045876956217942466,0.21395050680348582,0.7235408453702369,9.157385654553725
0.03389719056359997,0.25973971741901175,0.691260532438168,9.036296927597315
0.0098879762991379,0.2551758612097583,0.7077048657250887,9.26287185542523
0.09843759985936142,0.20631407515455402,0.7623826600375424,9.728281682880182
0.17531537080794038,0.17294438890101183,0.7374592160794362,9.529264404675859
0.11993001042131288,0.24026814989881473,0.7660879763886251,9.802554392376521
0.1884270060217417,0.21269985219906762,0.6795806333590263,9.103964447400115
0.1719778067862856,0.2405816880829652,0.6549796921456967,8.874267255126474
0.1331412788015553,0.3124144899055074,0.6731907034179544,9.284029675353889
0.19059894564745636,0.3209971921838159,0.6304616323285946,9.110781520143066
0.2242917282152217,0.23940097083443657,0.6714602426926346,9.350547502680168
0.17244662660788132,0.25965609098909487,0.6891509233850984,9.327561673085603
0.1846279716847528,0.2287537252740269,0.68397322661719,9.182752824582323
0.21148308235343738,0.2669999601188549,0.6651253842248107,9.096173760376391
0.206454618608464,0.24217111394968546,0.5731030003389119,8.218159359088519
0.13117970803131795,0.2790264458577958,0.6194725755414993,8.47721867987944
0.10708146534841438,0.28212284619218736,0.6064021596153424,8.27667745238663
0.17329519075983177,0.18104140001355049,0.5821713681054073,7.9179773976484595
0.14537879187341965,0.21127555845276055,0.6155204876557302,8.376469451716599
0.09339386513376124,0.2791798328216772,0.6172490316427611,8.418192671879984
0.09060104044510225,0.24899528914100671,0.6135752166347649,8.076814623893751
0.09619498391695733,0.30082329658645174,0.6467666395030431,8.87425378499719
0.03093308081564907,0.265721966636946,0.6989549841274463,9.274725553952264
0.11011490733376704,0.23902526569900628,0.685102704993364,9.104988839626614
0.09309030900564072,0.26878991351581755,0.711449620364715,9.500296686565951
0.015372673646849187,0.27196719051054696,0.7171659032867419,9.468162729409539
0.02303951187671412,0.3181375325362775,0.6841699955811718,9.347857461952875
0.05340280273223375,0.26197119089980025,0.607923928661402,8.324969461706129
0.01361211407550939,0.1872820297199176,0.624744167731726,8.035975183932146
0.08954057825686794,0.20618618572934314,0.5951605839576207,7.964355541899813
0.014538793782365361,0.19949707494151273,0.6457417321989491,8.173532026237558
0.10273432800383606,0.1684962089120856,0.6590350100929652,8.488214115721975
0.08259790923877348,0.20517593403761503,0.6683446815917575,8.686197556815
0.0078060443523283885,0.257330616652203,0.637947032824914,8.541533895038269
0.07065449356594938,0.2385761503043668,0.6331054197129616,8.390414686970963
0.06529399290175346,0.2696001433866695,0.6307989101470257,8.527518385400416
0.07948578718453231,0.1806841354879108,0.6339144635457039,8.024987421405774
0.023913612920655625,0.1937093377243824,0.6362235759683795,8.277804868699427
0.020891572681302602,0.23619069441950316,0.6847579913711034,8.824833885604704
0.07239031835583343,0.24834587916220757,0.592447300633408,8.148150461092156
0.08212357854471199,0.2583632199495319,0.6179237222761725,8.432282762672143
0.10418838600264123,0.27141256411775977,0.604869077841816,8.29289780696105
0.03518241148371669,0.2233542299203226,0.624436407642176,8.17747792099952
0.041213700144368565,0.2748863822566272,0.6733351933142511,8.974531090643477
0.06720326943308287,0.2814701585308724,0.6521543548668385,8.770069461001729
0.049414683192217874,0.24073916671530823,0.6495935269048603,8.497638991985418
0.09493143081789031,0.2347137047574632,0.6525994319461605,8.57582985845281
0.032443873842758576,0.21969705953399754,0.6238248270393453,8.253467889810112
0.025191175871789158,0.2255793160437059,0.6499924368535085,8.659660996398632
0.03900515503378768,0.14989731641598533,0.6492250050062979,8.216377625460252
0.051103779910845755,0.21254065620813514,0.5977283969900657,7.726096965632354
0.07256410947672448,0.22656340999975316,0.5696416935879702,7.784352412193076
0.14410009796229645,0.22152529079480116,0.5976889932848506,7.927098614793073
0.1553424475880525,0.23434202950137598,0.5922103207984131,8.192213691204028
0.10489240306094855,0.28046518860752334,0.6376027173395138,8.69110015685925
0.08799915439464501,0.21203938751750706,0.6550740942503072,8.57776725218509
0.10915490956551463,0.17506380040630581,0.6313272838927955,8.035824702034468
0.08760437416596731,0.1904021132758817,0.6305014420219703,8.09365277383979
0.05580512099878619,0.23456533742508492,0.616541855161195,8.290063453682212
0.05037385049665998,0.185056622528411,0.7070231027002374,8.934845304858431
0.042218300353355984,0.21717574614883992,0.651793328758066,8.488385784065564
0.0704902665957969,0.17706321802108982,0.6513579572293263,8.285132195505652
0.0561567138093493,0.17100321165894353,0.6843730426192329,8.556436276984611
0.08576974809745408,0.19004060408506884,0.6920838123108507,8.875694884548972
0.062034182876590536,0.210994706852986,0.6543287400749042,8.506750155114256
0.04423790162962273,0.19921307655705453,0.675554391626955,8.650383692700203
0.053245865952070925,0.1664416289312633,0.6099276936203409,7.865232474570634
0.07422838932940472,0.17016315695244724,0.6142036071599762,8.00651074054914
0.06289067883608747,0.19294142460396976,0.6455920511997019,8.211480359649142
0.0718061568274293,0.1215393146501353,0.6347170679310387,7.932046067285015
0.0609109950485743,0.14624686696473962,0.6738573397898859,8.517693539074445
0.026674018190237833,0.13890066304385087,0.639937901736528,8.032178368254604
0.0463935527601973,0.19414125912958394,0.6927782376849699,8.852755033340646
0.019395174127741527,0.17419843936255797,0.7307543417393721,9.164223864245782
0.077741622386496,0.18460870052539563,0.6572223185707068,8.446196272149207
0.015223044164425957,0.1525839323805434,0.6850029289908475,8.599454957554219
0.045161215156362566,0.1980258245690485,0.7284051579564077,9.284373657299103
0.04820645404502745,0.21025843276984216,0.765338070873104,9.71782047979044
0.038744492946402524,0.2574764042002889,0.693075739269703,9.196845909314549
0.03658257877083552,0.1905366832442102,0.7002151645041759,8.840826451110473
0.09004505913723654,0.26485693810145317,0.6710659581009653,8.967320397125361
0.04618908642485973,0.25660754089563953,0.6636891012733362,8.685630404207952
0.06191546962781342,0.2467185025662647,0.6867381198150023,8.878391865380733
0.09495624751386578,0.2335878341339449,0.7098585603127403,9.424041290826695
0.07052590127926636,0.25236107521774326,0.6857776071201614,8.974199602802852
0.14062998340531646,0.2312222854728133,0.7337285909376798,9.680248192473536
0.0990273658172612,0.31813957338507504,0.7330632978921331,9.94098506581808
0.10053430038354122,0.28307870672120694,0.7640656859130824,10.124673671840222
0.12191207824000802,0.26454516581133664,0.7736818382838562,10.079072153727184
0.10131719286934472,0.33791696303268276,0.7387712104171562,10.141826221236586
0.09637432698784912,0.25380298739717416,0.7678367253577287,10.106104738095281
0.09761658314455196,0.2955411787301101,0.7243473972782603,9.72003746129449
0.05100738213859614,0.2927069654843349,0.6665664943032659,9.008373043697656
0.062021492124764634,0.2637588085280065,0.6648303431893835,8.799091593931964
0.0638678452400498,0.19689904661155233,0.6464562402281431,8.432012581174735
0.09420989899229601,0.26975414164093253,0.7302548799188389,9.803363342177503
0.12133997729499393,0.21541164367763854,0.7222886293906651,9.515082756762355
0.08895727834044823,0.1947902584470066,0.672716588882343,8.817824083249356
0.07585390066020367,0.23291410087142925,0.642095092411162,8.485791713311754
0.07344281411167976,0.22621851717317823,0.6018059841393669,8.164123601488384
0.12605791860809745,0.21226024544292274,0.6455331895493573,8.59401480785714
0.20676659908407527,0.23543123646117886,0.6520872335556517,9.034523892113391
0.1734794884282671,0.2502046481259237,0.6454945675579922,8.930098303786128
0.12266197888925316,0.26156285750343944,0.6553821401397749,8.94823419851371
0.1335888122580933,0.2939116052861089,0.6433167830346689,8.900044092088029
0.15994791566722402,0.20991554124339706,0.6209346152752828,8.5466454752806
0.17465801400524006,0.19131434850548412,0.6949312960837718,9.239584021053098
0.19104592366085002,0.2451042651675578,0.7110811179313825,9.674469357523282
0.14287284609657244,0.24081154796421503,0.7378297420274189,9.848099850281683
0.11757440066393635,0.22802618445639586,0.7218430573445117,9.48229909380018
0.14804381393913602,0.17208055186695087,0.7309462926762366,9.625808463354153
0.17733079661099474,0.1543197826968057,0.7234542286725829,9.320494876299623
0.1771644144811984,0.12006004381200222,0.7191688711798414,9.29894761148957
0.21072471239025362,0.14999701627655243,0.67603747185109,9.07968612173814
0.2356872651936491,0.2209708223605106,0.7435168107149948,10.155943720220588
0.11617438814458193,0.2615584970058705,0.7645129142314243,10.006860991483993
0.03577340316855718,0.2660605373501434,0.8072704889115023,10.513960998858172
0.09622298985737558,0.2941311492107587,0.8344912908071122,10.934574672666692
0.033713231091320316,0.2944104325046486,0.7997608878687618,10.26634819383259
0.046772172536363815,0.2340180871165822,0.7260444814064514,9.244670360199462
0.10905071126401161,0.2439608895608319,0.7399154240132403,9.64990587573739
0.02477440018621068,0.2273762278006713,0.7848159040480698,9.941912620726283
0.060223502342505335,0.3020034845313146,0.8091746992754365,10.689399979951004
0.011550465968056221,0.25875068665852824,0.7640943931155967,9.973951378525108
0.062284858392410505,0.3158021138093962,0.81648080784565,10.869277278288871
0.11435074744707192,0.28770446750554535,0.7381618453342658,10.041313959683068
0.12519848305019693,0.2745255747451669,0.7451389261951916,9.948178312456994
0.11614256087057974,0.30434267985794894,0.7533905315399824,10.202468307244054
0.08660924595140088,0.3128193836752755,0.7427825192125902,9.893279230982845
0.09437429444625459,0.3064899717184324,0.7575261860335767,10.059382590867537
0.09819901675798576,0.32857216883838436,0.7492997764959612,10.277229393441205
0.0820747400384678,0.3733741676962802,0.6785435057716931,9.589602699825145
0.06145914901549377,0.33533479222967516,0.6654046841254756,9.195192121334596
0.15745670988406218,0.32165453877835015,0.6750299642443839,9.41275894864128
0.07658997837862928,0.31165814992523955,0.6303379779025415,8.565172852021972
0.17314017344986646,0.30715728585577534,0.6941775285957488,9.603348568563318
0.08352248239829338,0.3027205247586064,0.6898046651506256,9.16906986212753
0.0005415496424752443,0.29414682835806477,0.6610813033021071,8.917372015208134
0.045006484665177725,0.3022016449294528,0.6997959298391317,9.50439194511385
0.04598575966131703,0.2513570044465596,0.6678553000556037,8.971604329768757
0.02623515290527225,0.28942888833444835,0.7546780244697142,9.846552793879153
0.10279179589256712,0.238792341908946,0.716304874479893,9.491155560327163
0.05406628318444361,0.2195271743621383,0.8107771408012788,10.210198997925128
0.055083556416961145,0.2396484206481024,0.7936704026372592,10.278593984027339
0.06907845037280338,0.2754862950621909,0.7881229237449358,10.265276915002774
0.03150239015355265,0.28052012606451016,0.7352221475326919,9.606627392430026
0.13341873650688105,0.28335510083837134,0.7570332566429396,10.055074463112527
0.13984093299571212,0.33434403721635525,0.7842005485184415,10.60488988342
0.09338792897873065,0.31482832322344073,0.7748676068457309,10.452290088722563
0.05895769325192767,0.29917766976215454,0.7825129280490221,10.432866051917946
0.05678447330866876,0.29380092224413557,0.7958776194284074,10.49328405233762
0.07399754598080566,0.2676237561197322,0.7619494063534129,10.006368106173367
0.15484109351352351,0.2324573292765196,0.7496767113962921,9.895094360537293
0.15026137576388543,0.24532439656022645,0.7579731065755417,10.0614937724089
0.07363246145102596,0.2827469090877872,0.7740719343721161,10.257296110837126
0.10803784791576608,0.2693323854830615,0.7691569420641883,10.230282219522914
0.10347210841046536,0.24307687074389303,0.7255405489263097,9.52563439033279
0.09414938475180164,0.20595976424192278,0.7424094897623557,9.606346658122861
0.13900931243946646,0.23038452450553815,0.7316476710782043,9.637316747023787
0.056024146299963225,0.26932030933414913,0.6876779011233958,9.252922724046384
0.05483012807701068,0.28591107174269814,0.6971027659163399,9.28526738629332
0.04257682476840289,0.23546222872107744,0.7347254351130804,9.618802897093811
0.07700936724006943,0.3145647610885444,0.6959629201467235,9.523659141743831
0.04763228956965251,0.2839727240978236,0.7568249403650963,10.030058119653399
0.12071022832644096,0.25942617258168477,0.7022633762297943,9.465561767992845
0.15753082288732778,0.2753108059982485,0.7065810312939491,9.735329086440794
0.1944708088181208,0.28722241507406604,0.6878555965477634,9.820331241906903
0.14360721862951042,0.25129820313313017,0.6613937128669111,9.06504186281777
0.1449685928273688,0.24986282619318936,0.6834837667852368,9.250050232871033
0.15609339493882865,0.23504015182678137,0.7139953579826918,9.497813767281132
0.16245094624746864,0.28529899145199894,0.6628877660125043,9.274935522449445
0.18422891237429628,0.3096473435991706,0.6484001689336168,9.194228205313905
0.08847345278485517,0.3176131649444956,0.6098779606584939,8.708537235317902
0.024005005473483273,0.31200008189750467,0.6264562682763228,8.859993138173534
0.08666415231589293,0.26470176273030727,0.6794147076942438,9.109300296365008
0.06868219613961486,0.2388867218555523,0.6689645935943002,8.821102760656967
0.05231619608959886,0.25956048885295535,0.6387738150145159,8.606799654523881
0.09928006806681003,0.2969274479921583,0.7167251846742615,9.770791147242633
0.05203729375751363,0.30002673744452907,0.6775020924425978,9.291225061124537
0.09669150344531736,0.2973423291686684,0.7060559933997127,9.591455256545657
0.11671554908742375,0.34052261614348855,0.7397450088466672,10.196227013940463
0.009621221027480144,0.295522934142677,0.6801309411443501,9.266658002727445
-0.016375499874477686,0.2868511055383825,0.6099819195854702,8.403037257404474
-0.00809258212153363,0.2599025431376284,0.5529924085861575,7.763567962899728
0.01999696674046147,0.3343098203171228,0.550069544687918,8.15004988735313
0.0023733216596880024,0.32796141118432787,0.5716399007460777,8.399437749285045
-0.04110577370281034,0.2948996753184183,0.6123936192864089,8.537152931173194
0.04017993566830019,0.23394047457595538,0.6648828389013423,8.923449056519981
0.055586848917626094,0.2806321561914427,0.6891863248573797,9.55930910268203
0.07323957748180433,0.27542239649586364,0.7350322476343423,9.877469690212163
0.026163515799877197,0.2432788224378154,0.7468120840859117,9.632848978886017
0.05986588594401842,0.24189518230303744,0.6788144078013265,9.16667018736079
0.10545527362548898,0.21079420687657568,0.685500316728876,9.049681905844084
0.06760298916775861,0.29113823956154805,0.6586707979950767,9.191166163533198
0.03461327174027292,0.2524935737647757,0.6947455301017675,9.360475460752822
-0.01030054099473172,0.24567545139437127,0.6700447178325917,9.140793379144927
0.06020716903829251,0.27049182313763886,0.656470844271878,8.84801650092231
0.025357396848683593,0.2923153316425574,0.7299711331425172,9.782363293531656
0.09475790380042529,0.29920468350914553,0.7393716237695729,10.031748376994562
0.1432504805108906,0.26711959842939415,0.6939197533789841,9.48346379780489
0.09319977286619034,0.29944169297752904,0.7101658204237863,9.795817883479101
0.07741294297230965,0.2755847835967338,0.7333870684920176,9.744176450815242
0.1390283374606524,0.27334289133827755,0.7515249253580756,10.330027158873605
0.11985823206718797,0.28886323406259923,0.7504512361069935,10.147129574763703
0.06899211858796606,0.2558918217912701,0.7505124080302513,9.638736653550836
0.08764357647573243,0.3008024865028494,0.6167360365120086,8.687613145511
0.08237778616490399,0.2849148076053258,0.6911744938400666,9.286699727238616
0.026550158584666937,0.3190051713406718,0.6539657526793701,9.098948777046445
0.10434754753229081,0.31393091249345495,0.6922015413056086,9.548250782427044
0.11446176137548097,0.2619661938116819,0.7504395305089301,10.141648532982423
0.09696677978155177,0.3097201128210279,0.7466369910750605,10.248707181812847
0.09204749450401027,0.2997312217788457,0.8387905301484143,11.063434417197609
0.0620908792072079,0.28440395570847826,0.900434757265203,11.578786458910923
0.1413433500135568,0.31083627538924635,0.8573155032456348,11.618282132316864
0.1427714615572783,0.32855426165923163,0.7658538259132189,10.592059158745665
0.11427741450729083,0.29294041059086395,0.7662583489401404,10.335431650707989
0.11037318079964202,0.29104371284776204,0.6919101227225998,9.594877504586428
0.1758674365010025,0.3114049726201251,0.771952520927718,10.640676182854213
0.08385453663207364,0.20693935258378507,0.7338283216465985,9.632735367696336
0.04385090522896152,0.21768669150251813,0.7735334827382232,10.105081990390161
0.022712883852800715,0.25420950408783455,0.7758535317411083,10.136184853458975
0.13738012167479977,0.22764472948835185,0.701348576435384,9.603513473728388
0.07741180318565666,0.29160847291180547,0.6449747310336409,9.073008854984796
0.0987936335693661,0.33155302897833566,0.7246865577180388,10.144678502568294
0.018441930624211157,0.24501173090533016,0.747077449862511,9.68652309435807
0.025690592125364262,0.2211330906034847,0.722043205561289,9.26067003788034
0.015292770484851346,0.24694049581858524,0.718776766400952,9.618251166117536
-0.011484354509151992,0.2574881439136865,0.7756382845638787,10.198824978265435
0.0068534955599448165,0.2788239935354097,0.7548413739826705,10.176523700760319
0.02783732951985816,0.27597816113683854,0.6830359052673974,9.258920515657382
-0.017323611785174428,0.2660010410149624,0.6382985163859847,8.503855204681882
-0.0156767269686796,0.22154536082962117,0.6249449972068918,8.20894834608217
0.004476805598555932,0.2083918639872698,0.5879572428691907,7.82632998500966
-0.04249525762925636,0.18763600260459692,0.6142585265416389,8.048091382467106
-0.07229941839414222,0.22845792831632258,0.5693163463458542,7.8812564160390135
-0.03992212849979562,0.2095213910167432,0.6345353684122282,8.374647421015576
-0.015274663368741432,0.25782708896980533,0.6399795225721899,8.629368191159376
0.036799110254822714,0.23175518564792744,0.6681302148662208,8.950771064887643
0.02368242551692105,0.24634073869194703,0.6901799021839161,9.250120550457238
0.09914051664835737,0.21180201139539012,0.6754665827781116,9.013459338646877
0.10638527814824614,0.2065036621006567,0.6654219343584042,8.97563914545832
0.08861390861859679,0.17738616419387004,0.7839296757937326,9.980568823561482
0.029964949008103117,0.2437070111843607,0.7943645172302269,10.346392621563604
0.03806803855463964,0.20580168578868294,0.7982537718670063,10.165158809318395
0.027806800502160684,0.19402932635953285,0.7592963777425666,9.834588992294988
0.028894837112868742,0.2129023704704854,0.7592424313814232,9.660234667721793
0.016267240972807323,0.1962076695219707,0.7515421463858595,9.621697991784613
0.01651315541356857,0.24042334830443832,0.801566110511515,10.300395987687896
0.017789119458297198,0.20223882456056108,0.7811549834711885,9.868291273840477
0.04476622130421212,0.21401737001142157,0.7943949420015236,10.1302932226173
0.09558052413289748,0.19640229354966962,0.741607573892011,9.62279784154613
0.062362110236176285,0.2837941014429084,0.7503062216412807,9.94538361114116
0.08668978388773581,0.2140034657865718,0.8067284094632903,10.194717383452764
0.02058848778755169,0.16495241137309682,0.7812030470141322,9.696312227889585
0.08021413946578512,0.14549206863863917,0.7449660580833092,9.586549116886575
0.10298776681190937,0.12889509387448264,0.7406132838384152,9.532754660348676
0.15015558633196938,0.1870048433113591,0.7095226044378665,9.355151466435352
0.05987339666385105,0.20725408643928414,0.6915287420725652,9.300682320469726
0.12759033135629164,0.2099724362296749,0.7133019791045023,9.235799310354098
0.12645720194901183,0.2517166332950223,0.6737683180316726,9.242866539112837
0.17759871605712713,0.22590188716732468,0.7134192027730012,9.546686370615706
0.0965272986838862,0.23118530587687353,0.7432981016956849,9.59291234760243
0.09231555868000804,0.1967837689259015,0.686302656766675,9.013015983629284
0.02820122323140447,0.20116303983659353,0.6978642001230987,8.934479571937917
0.012609622140195658,0.20277360203059477,0.7769338305829877,9.92444948350724
0.0756003780969662,0.15303788875477245,0.8482614729966141,10.529497616898835
0.11288188555064341,0.1586627537847943,0.7817400840435512,9.885043630759252
0.0650469164291462,0.09422850452004092,0.7730950909547706,9.698439263192364
0.08118447410925433,0.12021328318915893,0.7237095169156527,8.996871314603705
0.035533136316484665,0.13338995213383942,0.7899402328034999,9.734360800148396
0.05888251260676494,0.12497077669871838,0.7702699038774357,9.57814046578112
0.11020676590932903,0.1827668769010115,0.8215676579133688,10.434120938221723
0.10027979853415467,0.16337617691049192,0.8191333517748491,10.476009912528594
0.1734454785277702,0.1793280737601479,0.7205774586921687,9.573130149564202
0.1556839283365316,0.22392449889257252,0.6232672208849914,8.672333644006278
0.1501470494794201,0.21239558748373538,0.689651329391919,9.290207148572511
0.1186710900250412,0.23897443969933027,0.6122734351000224,8.48379651898587
0.046116333272620234,0.1694337660083467,0.5947204078815118,8.015810183868398
0.08170086982541112,0.15053220159970312,0.6503532412927945,8.456660086651432
0.018006903154404827,0.21767372751345784,0.6411918552133494,8.504213209077575
0.025663337901538016,0.2682106401871657,0.6440616933557327,9.05250752727648
0.10374402129426577,0.2436106886518037,0.6889381733768773,9.460566889569025
0.10246981030399373,0.28846773809832715,0.7091106777661145,9.75055023636944
0.06641809575471017,0.2557960471794697,0.6207892588509016,8.490947773596258
0.03900758581305849,0.2572406126280518,0.5896044402446412,8.269366536031914
0.011239136687683797,0.15776283687277226,0.5867269797837739,7.707988094042656
0.06702402910665436,0.21625425896790534,0.6044749520844281,8.188877232513393
0.060513628835023835,0.21797054127064344,0.6865931651429573,9.103747197717272
0.0742909161235406,0.22929492426225506,0.6134393796111914,8.3053788482683
0.12800442725578504,0.2645843757159344,0.6230682622267535,8.483168452905412
0.09858237271308999,0.22810709174123692,0.6146418190406532,8.369600378212423
0.10645878589925455,0.20400303110576165,0.6368782825323615,8.440884588253528
0.14920315121139385,0.20742188286840985,0.6388861933201447,8.630202277865255
0.11780341418182184,0.23827085860246208,0.666875217205573,8.926623942132942
0.11638451199265586,0.20814723644355212,0.6542815482331152,8.634429183452406
0.148873511840537,0.28774757966825065,0.6173240595219008,8.72027094805146
0.1828765686509614,0.29130333041471596,0.6170253783491416,8.933970455430563
0.1363190086196193,0.31708630643418306,0.6593948649872139,9.244806960683814
0.1360241180404604,0.3175952595853776,0.6277936678269305,8.897229478578884
0.0739042251510077,0.2500383595609768,0.6434711965361203,8.693489559669878
0.12029746850283687,0.31486493648355407,0.5473035088665562,7.98143684606105
0.06963381431859784,0.284776711148474,0.6373161947134798,8.73650728243971
0.06822925994420655,0.2203305067283553,0.6755974732489295,8.911881457801316
0.07855516806801172,0.1822137172566221,0.6562648267372061,8.631091690073001
0.09430966893676143,0.2353369164989204,0.6073132917051707,8.297428339174884
0.08604834116521644,0.2458171065665049,0.5878267919205189,8.1657189701514
0.035084484480656174,0.30167178617173906,0.5941679366745738,8.38671407852917
0.09057441332812757,0.233760982843562,0.5384035028473818,7.660291665049069
0.1803759397523225,0.15357886103373877,0.5545197069047908,7.7866225007054926
0.09298978168176834,0.21091336102435798,0.6541525503244952,8.713519687248613
0.07743729086332318,0.18270038575070158,0.6668742086392352,8.651601596550178
-0.04368775535673057,0.15986798397950874,0.6485834556653802,8.27000757964433
0.08420059435621766,0.20039429656287172,0.6554888879359142,8.609417984149296
-0.02816059266645599,0.2261722871108142,0.7303893370611427,9.456172696273086
0.09676143500082135,0.2272695322388065,0.6642297161113603,8.94614754962396
0.1799257436675757,0.16124230439060797,0.6686504567930327,8.97382163697389
0.14062772883092564,0.1455816043650884,0.6568215850988491,8.505260144089764
0.08747682445927157,0.14332366555139997,0.6837979985541334,8.695647918506426
0.09357221191990159,0.18241956519225375,0.6454426395320638,8.580605872782906
0.10019461391599181,0.24085304058063686,0.6621151733501849,8.95839774073053
0.07169131382767628,0.20169196467143147,0.6836185851649985,8.885584060500317
0.11240633199346833,0.28545667203448133,0.6342825332872386,8.953428602582248
0.07211788748482702,0.2336274171766569,0.6514755510380724,8.78545082680198
0.1566660252220737,0.12400321653490841,0.6685657212283881,8.66402056660385
0.09247123034732678,0.2721247706911162,0.7484890774145664,10.050258735086713
0.10816833368923026,0.23505997640398377,0.6783566215060594,8.975635861008378
0.11455148768160049,0.2832467211319867,0.6920553319152075,9.398404612451925
0.13337676008947932,0.22860865617631845,0.751019904210406,10.041614791341148
0.15994892938444563,0.23168325156955138,0.7306442786486245,9.675150194696544
0.17144533089044844,0.22070986623099767,0.6555830300931849,8.845917524692135
0.06704204288921271,0.23321322338669553,0.6758599236739748,9.155920583490486
0.10406705007113905,0.2521915798673005,0.6634415965266572,8.968923260416657
0.17542522884410716,0.2452242952565115,0.7131492953012946,9.807864987440846
0.16836568490781645,0.2343262693467471,0.7343734939869657,9.721828154539022
0.11008485009810894,0.29656884288064556,0.7217386901933444,9.761448007892897
0.10526693494584337,0.24416562199897363,0.7178080411709614,9.555204684472285
0.08807262517763889,0.23877415620903505,0.6954934594433776,9.26842782902954
0.09116795062185583,0.22119799822183073,0.6901871735442449,9.250051892730557
0.11578351092603165,0.2728438983884887,0.6652672287628018,9.20561992632713
0.11207323498937274,0.2691490377183017,0.6826693386243411,9.301684689283276
0.16572961568907116,0.2665206543412912,0.7726620112904344,10.326995134438377
0.14510460676525805,0.23548914424337208,0.7572485852868871,9.92567083397694
0.18080791070080304,0.18841119357845898,0.7484591652063775,9.864403926470905
0.12954407844082494,0.19498938222272322,0.7093000884682341,9.285397137361004
0.10457889269058031,0.1606856558241478,0.7092798936579333,9.159897338237984
0.1343654945096155,0.21824122054460227,0.6834664699210753,9.068038111065475
0.17981082646158975,0.23516216373467572,0.6733789853463714,9.354990180803368
0.08767751377050144,0.24048866074113193,0.7084962411538412,9.47381015114071
0.08683311060413856,0.22252599437326578,0.6897045500857484,9.018947606399008
0.09117212514216587,0.26725085963395123,0.6535590283778009,8.816854046741108
0.023277922086949693,0.22580178369917991,0.6349551015852312,8.505284854688961
0.08900111517514563,0.2532139072629291,0.7143370479298482,9.606967452000685
0.0528705807109667,0.20973355421066936,0.7636386994936124,9.716155176677214
0.08681216673727579,0.24576158762361572,0.7517742890084811,9.847819561140984
0.09571483190646435,0.2631690031310619,0.755710079720728,9.975859228177306
0.10729809709168084,0.2683444476928761,0.7444711576065689,9.954897347420507
0.15229979085001324,0.2553402921256727,0.7512128730022337,10.163622279026137
0.10092186081288823,0.2559385862283378,0.7085857740597469,9.620425522003117
0.016273520131592348,0.2562642880848015,0.7601249571775869,9.925386049603414
0.026191483765330252,0.232766830792677,0.7559169948187912,9.764216584080428
0.014176209969675124,0.19044689076203497,0.7899812263077314,10.078865962515824
0.07023886706985892,0.2304934498916751,0.8006875867015322,10.212746445515524
0.17320296636618038,0.21140284722863967,0.753569658485991,10.118633442831852
0.10092620938983654,0.27648780886339547,0.7868461292410244,10.452047760128474
0.16786403729751498,0.2800701723629493,0.7150735388422587,9.692682739537789
0.1543292633699374,0.28042983874751115,0.6929500660037793,9.448008849455285
0.11368186562827867,0.28626880178791064,0.706539039450856,9.435606715050142
0.1078465141918072,0.2662266279152356,0.7190720620769169,9.461902527953777
0.07176308021257688,0.2513252005657197,0.7579603371750536,9.794525132889664
0.008979488727846043,0.1724635369885687,0.7237203077379273,9.138776371886658
0.05549909010871398,0.28073839786669874,0.6934225377036783,9.30001411096247
0.07573931692689126,0.2353518915398678,0.6961076793656895,9.195255187635087
0.1094788251456304,0.2993228127807058,0.6852331082405998,9.222624847748571
0.1158729563852616,0.3646572377247572,0.6626566186220642,9.569768365496834
0.07801880200030638,0.25418697685422437,0.696193115114235,9.25583098626084
0.15216053013320627,0.30316675959833517,0.6803199197621785,9.340431766135914
0.18002153961812928,0.3880053783650913,0.6404682222599526,9.483226040537291
0.14331515047732196,0.3901992164847753,0.6098392122769821,9.184275125196693
0.20228945556241323,0.32233192792255794,0.5854851733436254,8.759267655341516
0.13421557422272046,0.3757188486902024,0.5538992214999233,8.481983726772178
0.1290242281950432,0.373823446243788,0.5761919730488199,8.64455707545416
0.1432940109342336,0.31960627568250066,0.6035091246465993,8.586765678363935
0.15720958874216825,0.32385664947052295,0.6365287144169786,9.123415790161863
0.10526835348637638,0.32226626328002084,0.649656945101522,8.952320581552753
0.0452240072779012,0.3323835736752249,0.6857987800385842,9.35348924217977
0.026821092051562898,0.3092134171335886,0.6710174193670717,9.161790635493372
0.030408399833577238,0.33721624808311484,0.6771341003018986,9.43055854468202
0.023360737349065793,0.3487603743308169,0.7061263877446552,9.701078649862522
0.061511141580784405,0.3176995407532334,0.7179097109412663,9.852961950168941
0.0716693758358291,0.24003123930801393,0.6550735963301956,8.687977444283455
0.06809522145526291,0.32956275786343947,0.6639826069709968,9.228908507696278
0.07284701648705766,0.2695288585688464,0.6834094143693527,9.290826205408298
0.02741506724837617,0.31894673389927736,0.7082696902866584,9.639925986061575
0.062288544975832486,0.27657397470883854,0.7410497660570103,9.867080058531167
0.04648217982492626,0.29017519886952275,0.7566483469813056,10.147543644723344
0.08767799252397362,0.28436493498341336,0.7575377825622877,10.094824542335326
0.08634682589444749,0.29130815758600037,0.7189210339837009,9.71058181483746
0.06470607855054523,0.2684616059572001,0.7458883302413785,9.97566509681021
0.04712849030795138,0.25745337416628405,0.7928409021851135,10.371567402547011
0.0359658276084587,0.293847960888204,0.7293000671008695,9.626507482189496
0.10473490253739111,0.3460249434940253,0.6987486294216666,9.76232552027968
0.05727022042531139,0.32377263642477516,0.6773126224504935,9.355483184041677
0.024065257338029212,0.27416631277616255,0.6526132118847937,8.83543981826935
0.05665938558244448,0.36794874296923996,0.726955799393442,10.238196835223222
0.00725674343548726,0.31053161640228116,0.7311564494150973,9.898975416633359
0.05572136729379913,0.36033576401186096,0.6978851476067808,9.735012563400621
0.06584549878570099,0.3049647259157615,0.7202641213622228,9.751391284407083
0.05076634203778372,0.29132034790892997,0.6613058910679718,8.902702510056823
0.02871896578594741,0.3356692187397072,0.7061170317377583,9.566206495937596
0.04279226516458449,0.3256965927477648,0.7368483982985716,9.96839428728864
0.14240418236647376,0.2867794053661316,0.6754148094846909,9.474491911706409
0.10862466853446125,0.31463351782492804,0.6903273289260663,9.580442100339162
0.11385202816700624,0.26382995342789367,0.6565835271341509,8.970860100442462
0.13585494507272547,0.2579909140452199,0.6350413187448462,8.710328252654685
0.04953544158490202,0.23418917237019413,0.6375438462377085,8.58239810397918
0.009401316549257594,0.21689160103199262,0.6595481875426499,8.687058011895655
0.06444124043368327,0.2556785367474511,0.5896358239063654,7.922070206569008
0.07677233334974512,0.24498439855537812,0.5744509353388356,7.990523113453852
0.07061111419968137,0.2558552969179937,0.6012253509641633,8.120414454143013
0.10275417169598332,0.29430310323354125,0.5787140662754394,8.286076294483545
0.05475814794528954,0.3099801618995867,0.6298517544882674,8.69811645693819
0.02616796820441042,0.2944160667896288,0.5714503046790632,7.9842268689064095
0.07006736191955684,0.29697954348791633,0.5398933135062519,7.950458069422379
0.09516885688683097,0.2781634760070674,0.5995934044116059,8.300553378275932
0.11501255248828682,0.2903276476545564,0.580009998333446,8.118514312790127
0.1356843897022001,0.2801327457378788,0.5867374541332668,8.343863476204653
0.12639202163832844,0.28160039182151775,0.6142544770732478,8.609357574320338
0.10879579872234682,0.2168828358063651,0.6101247817572912,8.19030622721593
0.21039759216814183,0.18137642250825442,0.5694494133555061,7.9564164758673135
0.13601708788504632,0.20931677558507092,0.6234438837016588,8.240054041268671
0.15113103909327047,0.22306597284387278,0.6288873124816133,8.623234183904104
0.07818926693821887,0.2654024731117142,0.5910906577435797,8.241621977162996
0.06579255770824002,0.2059578834213169,0.5935171417532726,7.815452508526983
0.03809781477915025,0.2630318555558188,0.5786620656853646,8.207181636327952
0.030958613832163792,0.2346083029728513,0.630205508463823,8.52821502201384
0.08211820767442657,0.24654222588498534,0.6819592546806947,9.042746367780056
0.07647468366441487,0.32572192103353076,0.6749874036072111,9.437781883888789
0.08220441906215448,0.2792304667813943,0.6592223193295358,9.119372835999727
-0.008804328756319466,0.28235075742529153,0.6280001690868415,8.537502021772589
-0.00943600215660528,0.3132564364054254,0.6941922986359053,9.443073073334194
0.03697569323814344,0.28721451200586573,0.6647194484316002,9.041644730693902
0.03999452956422317,0.2914883419146063,0.6652950580301163,9.037725366357561
0.008621371911734335,0.293459880171456,0.6545833652173934,8.937739644876336
0.07300014892428336,0.33705733180546843,0.6246983507920966,8.99223115367824
0.077465721495537,0.260039563397506,0.6369305667531449,8.636950267490995
0.10016734562380564,0.26597058908513194,0.6033248468478244,8.344366405890241
0.04843434057029372,0.269319479778892,0.6516482886297368,8.88708645104037
0.06991268447011237,0.3027466907672979,0.6437835599842859,8.980161950169784
0.015474276021309808,0.3088566022527327,0.6068655957761888,8.478565569251245
0.03258590971107805,0.21731646266438828,0.5995271704754671,7.914324381735749
0.06736397954334768,0.2225534448058867,0.6121571662664556,8.227047061404782
0.11788957354416572,0.25828628980679674,0.6478326875343722,8.931028255448531
0.1758546670896362,0.26102792952197723,0.6180092313531238,8.78598994518662
0.13985192847261343,0.1832517957049049,0.6184144687694393,8.305023766171074
0.1402128084706865,0.20985510270262636,0.7329661227858538,9.511107652758364
0.15096157584710537,0.23701692150668857,0.6914233379617414,9.252409484167705
0.08897665973093857,0.26427796858952324,0.6832196892546881,9.248602388366717
-0.02435472696162433,0.28435622095588947,0.6751416617837432,9.21498021203152
0.0943686712448314,0.29630438606954695,0.6643452408697038,9.187330409879637
0.12995341210100914,0.23415783099621104,0.679554457855637,9.213325239723916
0.0999628968927451,0.2369334625876979,0.701905105829408,9.298121980855024
0.13589492876763207,0.28277562312588617,0.6519513145851316,9.149005795847017
0.11476592527978864,0.34086269874328995,0.5743868065604372,8.590979665202065
0.11413036963462125,0.33041270459153393,0.6591211426724295,9.187852719689225
0.1495139299367991,0.32267610750703213,0.6524466658569087,9.255274404765958
0.13885266063031287,0.30528307986690656,0.6863450333536631,9.537071217085353
0.11361508843124264,0.308175247480408,0.5944051580447884,8.584734673397325
0.04726804040071397,0.32234957559129784,0.6371355060731826,8.954074203525101
0.06818606107647547,0.30345277938352416,0.6262883843114679,8.795245431138211
0.05547066935000626,0.2858928839480387,0.5869798833180732,8.254272487677197
0.08319923619472044,0.3038744980360757,0.6384821833964026,8.873685051661141
0.06139173992463182,0.2684449006124172,0.5989717925393995,8.311784800940542
0.11141832273294965,0.28646615043667256,0.5512878875895761,8.12921332841285
0.01935162695204878,0.30980671935207543,0.5505402557472858,7.9885110194444255
0.09663074258392881,0.30397543828848067,0.5795042708835642,8.222686089978989
0.13881615414523069,0.29662236140216097,0.5780657848460171,8.488439317940248
0.14108710327939666,0.2920025887512783,0.6016965122240144,8.709844730853506
0.1361770397246278,0.2766907164466825,0.5660281680907889,8.161323819656932
0.05601896742826825,0.2847155605983822,0.6309757188131259,8.642720540650767
0.056060798552090806,0.27793402418694485,0.5599284458051025,7.950134980631697
0.04351218057262002,0.32353962774787026,0.5851688011293242,8.419242221878923
0.10149564287177838,0.3326582170382185,0.5807211738026588,8.50931948528528
0.11878273578745964,0.25847372963560755,0.5689144281444442,8.074202730795527
0.11328344105091033,0.2623073751185987,0.6409578962297685,8.855895661871044
0.10301980834547522,0.2297485809345103,0.6315153565365962,8.502602267821995
0.03852683819175881,0.24940466673374895,0.6663605083009413,8.853090888349161
0.06221223472798493,0.21414239847774902,0.6642438256967985,8.732255034463908
0.107464132193381,0.2503238927341276,0.6949568537335321,9.18535151005714
0.08202428928670064,0.2964226512187356,0.6520956028812623,8.92927423301263
0.11968987009558915,0.25368899115244065,0.6642281979372338,8.94315925025785
0.13431750540810342,0.2207985939615248,0.6464845071261878,8.640868702441592
0.11814393324377034,0.25185500058976273,0.6491154707120204,8.924253636860557
0.09864116834585399,0.21610679019798626,0.6835962125576833,9.18633156462145
0.09607025000944856,0.20460106143573836,0.7215125198219898,9.246433133777382
0.07495491740400351,0.21122162705358033,0.7244447681065872,9.328255357273138
0.07966631389389942,0.16630287698888524,0.7866027280037885,9.910123406565873
0.13380859423158512,0.22116142789978593,0.7301505650811903,9.809871184697084
0.112005993192215,0.21492314639061977,0.7875168218548274,10.191031882462832
0.1404465377127224,0.2627022999148961,0.7346167913911509,9.877416073639406
0.10974376621433231,0.22842010340925892,0.7184136073039721,9.600450330366654
0.17966022373314433,0.23287379340936956,0.725798950420648,9.854658468969976
0.13485415306270954,0.2706326361382248,0.6754613956925583,9.25852123300272
0.09862165314264802,0.27945265960272797,0.7270885747172968,9.62733976837252
0.0715389340552223,0.25627285332900296,0.7776702404055934,10.113322780088346
0.103615079121643,0.27861590045206197,0.6915073702438889,9.395196126964725
0.1337373151275608,0.2585436313539531,0.6511550696190729,9.031072035369553
0.12378336652456957,0.17999028915687573,0.695793884496305,9.058536053590784
0.21057034595445553,0.19601074412194558,0.7076088986545942,9.512248810444312
0.14584801365282085,0.2099926436243099,0.5948851954444837,8.143633610452953
0.2899693778327995,0.17031390220100212,0.7088752231990065,9.822407990502004
0.25547797725558763,0.18046202863757405,0.7334764162037636,9.732965331321157
0.22245838894447117,0.20911383459218577,0.7307326718934724,9.715603286192602
0.24642801547229803,0.2080003427643698,0.7192090888133958,9.62088052030079
0.2213690364921626,0.1739645792515867,0.6841042054482879,9.20128603605111
0.2256415790320722,0.17624352753499908,0.754725155635146,9.921104373380789
0.20728513965332032,0.19570804590043953,0.7264041536917963,9.537884706385315
0.25332675403610366,0.26235150120231265,0.6462635822768436,9.326709094638048
0.2675283654371454,0.25411835694670803,0.6075201337695365,8.712656730803877
0.2140592584342846,0.2354185826299093,0.6423583155967131,8.757689709942783
0.27597723330309054,0.20889462668263864,0.6461783305065548,9.032563569387662
0.2053693449180485,0.24102051404868383,0.6684802892351771,9.132465413761041
0.19177163061583902,0.19579823975211744,0.6297872359385037,8.508268029837804
0.1676993758253736,0.19214201777742207,0.6681541880447558,8.889973726323058
0.16545457898950475,0.18461401406173292,0.6653461119246267,8.797592212572939
0.05693222654283264,0.17174542880570612,0.6545281240340983,8.345208596628154
0.07455826084616557,0.20557518230955044,0.7222131856812898,9.379078189037624
0.003819660342449091,0.26971376222365145,0.79638636555783,10.324553856051514
0.034293651695352166,0.29252927581196636,0.7205918274336576,9.746201942182898
0.08254573694143419,0.24974212631052162,0.6361689453461234,8.527339025464135
0.1020896463054921,0.25348627162740306,0.6761932859733272,9.0646930150698
0.026937990268457147,0.2473246613634325,0.6555974002301982,8.72837513043087
0.0480924857937825,0.22075335752779895,0.7032093710574011,9.189109057324938
0.0723074650117685,0.22604404372847783,0.625462777492889,8.422100683798886
0.09758576337804745,0.2842382577681789,0.6209414747280376,8.421519342521535
0.12969042166799039,0.26629710880247015,0.6624296498574369,8.9016292644316
0.1276924866973303,0.19465606328303411,0.6273600111632832,8.267098337978625
0.028478142400363084,0.2318079407610676,0.6434926000973265,8.49523821984068
0.037257382015443985,0.21379621589055126,0.6767110049200745,8.773811089551142
0.04625566292675494,0.24409395652890734,0.5942771492105985,7.941666581420669
0.06709561099561298,0.20186752965333749,0.6421982875473031,8.321115361108063
0.13081178579088754,0.1899100422446693,0.6289774886381326,8.380271623108415
0.05210334050504518,0.19461483515177375,0.5896085627931469,7.682568959322559
0.15438430835919167,0.10205777608263084,0.6586500512453364,8.404445689138733
0.17636110512280337,0.14227259404867548,0.577426939512421,7.8628855888897
0.16913514058262144,0.14708362888391457,0.59142572057399,7.872575497632964
0.13425943539540366,0.15977918743384473,0.5641432417635602,7.535408274429481
0.11529805555075535,0.11700375019129414,0.4980993328925681,6.551658734108523
0.09174497823283424,0.11149639366000375,0.5747368258757853,7.262558402630232
0.09482665354318552,0.09382256212300738,0.6128861257646293,7.6425513604690005
0.08897082165502697,0.0876065808549439,0.6257897800638214,7.820974862362479
0.07060273762246429,0.16198983341666412,0.6194532421457388,7.939237345772531
0.05363529837886239,0.1467510795330161,0.6026807982153861,7.800206210622599
0.06766225274554237,0.2566096218239087,0.6004882109496178,8.26033465572188
0.06543910122799654,0.3114283091152473,0.5649346971511686,8.080394305685049
0.08494141234869435,0.3148918523931146,0.5632214976161916,7.9710607362778605
0.11231609896338984,0.2594890745589705,0.5893346750079541,8.13813472121926
0.07033194409214456,0.27835187549575,0.6520176042115529,8.780024257977031
0.1461017826965776,0.27494557054324154,0.5773538106281905,8.187049917702021
0.1437447784064132,0.3267015899487435,0.5615754267987966,8.327072938404495
0.12539416307013662,0.2752495602673924,0.560739284907704,7.9182367022649
0.13320561506607267,0.23647980399288585,0.6047007007382319,8.222169397544072
0.16087594305712682,0.1702880007132775,0.5723090138682694,7.629498254410423
0.1617525087193669,0.2049924688669618,0.5342577666570414,7.459448034891803
0.13420528978721688,0.1832558892459872,0.6000142190516836,7.914199506756448
0.07899889971985814,0.20255460447231738,0.5190386935534202,7.2339190164739575
0.031692290093872505,0.15961763004941526,0.5793609339482162,7.391308837746093
0.09327249226414636,0.17618831128671042,0.5542206009365044,7.1376062069838975
0.037594917710548036,0.17453429913650467,0.5300551546767951,7.007108322655329
0.11652864735158604,0.1438245601092271,0.5418232473223481,7.116296741511381
0.16554084233051775,0.2064319338577712,0.49295650499420857,6.920969389135382
0.09389696887689297,0.19659044174258125,0.5703067564705928,7.330624722627272
0.04219613500585452,0.21550229309412833,0.5988230139390754,7.702625532488883
0.0006322414652771267,0.1959433789615014,0.6234713368744677,8.042833940419168
0.06774622623015236,0.2027798878663664,0.6121006337087955,7.940365196088066
0.07348825508590422,0.19326986737529872,0.636036679934918,8.114806191442137
0.10385002517954128,0.20513329262417376,0.5787113746304446,7.585098396366575
0.11815938264350892,0.1851113776732562,0.6001168344007752,8.035691189318662
0.1621607039258081,0.1034490874311927,0.6377116951328523,8.127243006524967
0.13339632293816764,0.14414832113430506,0.541851075695265,7.177892418332504
0.03876551125802226,0.18449336935577382,0.5078875429767097,6.853980660948402
0.06649026057197754,0.15115984469705224,0.5270305508973275,7.076107163064559
0.05583609644184131,0.17699221058970777,0.5932223969919914,7.786493638418569
0.028471831867771944,0.19922864656505704,0.5623346559436705,7.412097034590861
0.07060347136320415,0.2065009715425386,0.5631967054983403,7.470486318765612
0.07947619768397701,0.20747161515908827,0.6248301712166724,8.253571561275129
0.10803846749558974,0.23530378898922408,0.6298891919980213,8.42774043565248
0.09654459192370025,0.23040978672002158,0.6642669438201585,8.721622709591005
0.035823699357146334,0.25724033641935146,0.670944711513778,8.909217904525446
-0.0055159473474864955,0.2302409389377166,0.686063486028345,8.892753482981762
0.06980579594602895,0.2048654231005833,0.6844235336997944,8.735760072612374
-0.008449041098192101,0.24009752923622785,0.6479214643893368,8.466403669247908
0.03437516007146513,0.26037072662268557,0.7116837428709551,9.276833099649988
0.0529674264247007,0.2571586014680374,0.7284620196013839,9.440110688562786
0.04014790796266373,0.26746568520369557,0.6384717393841541,8.50372530096301
0.03492018808596916,0.23854121875118817,0.6379600478058164,8.436696325671557
0.02634135010073037,0.2497525096832933,0.7102457552306312,9.342984331741919
0.00021060990541018221,0.26218996999955374,0.7346051538332362,9.545782263601179
0.05934633261197078,0.2725063615461481,0.7195564577284986,9.506493505721107
0.0642050954034252,0.17694488274452347,0.7578371474031806,9.535739418474412
0.07729213759583914,0.1454849022380628,0.7259671724523509,9.04741875502421
0.0893207985731463,0.12494729477717115,0.5981791400802664,7.73602500096122
-0.0166786072619901,0.1249410088133431,0.6391252340633663,7.883556165314222
0.0022778222807928166,0.1468452736819633,0.6196562647412859,7.759421849005053
0.0026857406903728373,0.18949877535609833,0.5921005119219448,7.719990521974156
0.07468414804933507,0.18046103856200083,0.6369999832597867,8.273161461299608
0.07525565569799722,0.14703862460129047,0.7028221969282165,8.824936012585077
0.09406502304840282,0.14213390142333585,0.6936523024549032,8.682299462667512
0.0313711422897226,0.17618424097976484,0.6506553193321091,8.33845557833765
0.015021141222795225,0.13747956882558346,0.6416052621501122,8.181887033845562
0.014321997303606993,0.14998779271951498,0.603482857826941,7.756628854527403
0.03427998613485966,0.16677694916680016,0.6748099483544371,8.64683463446265
0.0634806464306934,0.16402971936590904,0.709988438453983,9.158378138270292
-0.01742463186899373,0.15654824079523597,0.6946088060879958,8.750130768410441
0.013851697367931553,0.14705644742048463,0.6295662313834345,8.064089943782873
0.024119401494261682,0.19471559925818818,0.6419502083659117,8.284666871594817
0.07281902635222468,0.21526264848117957,0.6295327631635038,8.32829806546368
0.10674401634563904,0.2473239001521756,0.6388658662836958,8.65594609450016
0.05639678715194135,0.19067316456909725,0.6829129981117336,8.777827802173144
0.034193326454293474,0.2326367410833372,0.6720891873698672,8.657229400986669
-0.03636425215616602,0.17981147437294906,0.6734559399886532,8.614651401550704
-0.0009197640422630181,0.23306586360149945,0.635332932384251,8.455354687075525
0.05505586100894357,0.25867650877992887,0.6809925757611428,9.15909384754657
-0.011547726010161992,0.21451127588402744,0.7197115948786467,9.216205885989817
-0.031686846952090494,0.16577122186314405,0.7263011065321938,9.102804128808856
-0.0017937511438147844,0.1777811452202303,0.6263591285445909,8.110840332700974
0.04157667157722304,0.20702142454005548,0.6228194286606852,8.12177306788603
0.0008262891464706241,0.1883685522776373,0.6316263070241619,8.247266499850232
0.08693678310610434,0.2291004439336426,0.6467522010455757,8.402571103706702
0.013386491389366678,0.18333623560063295,0.5894371026211473,7.7347524559705825
0.08649119590909671,0.1934227624201118,0.6542874893981764,8.232153371777878
0.10349071927841007,0.20983588187594918,0.6145162597956526,8.06082378383898
0.1447452342672381,0.14089635106716744,0.6367996010063245,8.32558398860801
0.04191478045401061,0.18897128262093785,0.676142101607858,8.583920663107035
0.08404345792450767,0.17334476510982766,0.6321453804175398,8.230729469362545
0.05604945225475631,0.1100917073883142,0.6651775436711654,8.182611677571186
0.01673958587482063,0.03925681826047346,0.6425657810744165,7.752480152510921
0.03681770288588043,0.03467136773998184,0.6311120095792447,7.639407599922733
-0.05592387811727339,0.06902117739406424,0.6181574458686022,7.43443545447975
-0.00890561081494544,0.11034611061290342,0.63646081656487,7.645964472533821
-0.03713890337507873,0.12780045129328643,0.5680193869994972,7.0719848282524795
-0.024578838419381535,0.09607611147133156,0.6131634047449472,7.498632767970064
-0.019113675176117027,0.15273756745934025,0.5759180977149857,7.286861285884948
0.042546690815123286,0.10651307170578107,0.5816156189748979,7.012226069191749
-0.015480327815788524,0.13697953714775138,0.5315684037555921,6.617092134422056
-0.04200847049215331,0.1423958752615479,0.5225760940532392,6.517021943570688
0.008808839610313196,0.10105872064947818,0.4742182509720165,5.954003721543465
0.02497704413809989,0.09198477045878309,0.471093611069973,6.017535334318084
-0.0010749943515669005,0.08198512414881748,0.49027099484914555,6.12238893499653
0.001786605038152674,0.13217273395218865,0.5247654519417639,6.531727152309877
0.04932243232185962,0.11523144530009703,0.49765554310128646,6.281847074953932
-0.00251081126372181,0.06632562614441523,0.5596106198956035,6.865294204065349
0.004038318032064582,0.049510066131613385,0.6547616445664841,7.856087866634474
0.04842580771803756,0.1114587017170949,0.6328424352445668,7.576656489817572
0.032618814982494866,0.08922265204504493,0.6222378544381381,7.623887050657837
-0.03618300523127338,0.11135389946207354,0.6075561026695903,7.419445063095859
-0.03624277965150007,0.11008584316320198,0.594233838246642,7.311231720860778
-0.05122987429331367,0.13473556333051803,0.5816972848391269,7.205871960140879
-0.05732212719687411,0.13448940246619603,0.611693461161454,7.638846855823486
-0.017466760848059516,0.11567859623055156,0.5352833191049032,6.715287786251551
-0.03579326939514563,0.06260662124354383,0.6559530745737686,7.70104552318508
-0.08116093042838148,0.11202671085306758,0.6669515156707041,8.041760181574569
-0.0002682316711243662,0.12779886875256533,0.6667756471110338,8.045304175635438
0.06872053517080551,0.044458071311288636,0.6407462347466569,7.655104539096077
0.007283003684867021,0.036614432177416216,0.6110431818856578,7.362258013340603
-0.04541417290979791,0.06996989763320517,0.6069233497544394,7.353353785084066
0.016493367202843244,0.05019506250909548,0.5945428402778005,7.1260867207938166
0.040616296779996175,0.06516957760607137,0.5123114057440129,6.22130702838804
0.07616149481477039,0.056575080771302445,0.5929078084180135,7.307248760460543
0.028484399898347935,0.06927837882966525,0.5953566771308247,7.144484840566532
0.06961240855580526,0.09113291748208828,0.5695992710288688,7.0001804698398225
0.03971118080971428,0.033976526344585645,0.6088226415209919,7.259962112628284
0.07123602698371052,0.023448387417723697,0.5832969354944492,6.966214465852094
0.07263391938208,0.04111960894882203,0.569607572257393,6.878915724022488
0.07891703991140792,0.041516392039836196,0.5025292820111233,6.353613538501447
0.0037919394290391833,0.0913956811171483,0.5335304230533082,6.446986656619304
-0.06699477969618471,0.004191939027382795,0.6208599111890559,7.475096934127431
0.01510995610829022,0.0625164506271615,0.5380746425188859,6.5058479904454956
-0.07142640140143093,0.04871520698935066,0.5871156146331048,7.071820528928982
-0.10174675687223925,0.02000979130063825,0.5872073303834039,7.1599195680169965
0.002044140753716183,0.0501408788714155,0.6095333369140779,7.234365812991337
0.010845916410508957,0.0464876270690416,0.5414502888777486,6.605273765580233
-0.013319807288206328,0.09123176834537118,0.5755372749372112,6.98458999839211
0.034609801953855386,0.11426476335647767,0.5255971290401935,6.527221750058406
0.06366393542614236,0.0927847346982916,0.5486131779792831,6.6911390987877555
0.025012687955986115,0.06690947880247047,0.5707070138073408,6.90451839196956
0.0294816407109605,0.07492667231876723,0.5677667960884044,6.7877347020260865
0.02975597570887626,0.1028104508086709,0.5014911837053175,6.178923698734557
-0.020688848204156,0.06294864959496344,0.5791968780674324,7.0652998537285345
0.009840821605050887,0.06137023918732376,0.6062991030153182,7.297801761650649
0.007824382350841394,0.020835831144401875,0.5769582998787068,6.945126501977866
0.01138085578394616,0.042945229069364994,0.5709770485336263,6.904427699568396
0.03057981565304676,0.04082426800511374,0.6045435148735467,7.191038879044005
0.0023044380721506433,0.04669396443429825,0.6030189702284112,7.308796078047346
0.0021493686841130896,0.07105955928048747,0.5199124305740771,6.398535164258655
0.09628173021643795,0.10078815704274648,0.5888789991457491,7.4379455920807
0.0443843294233296,0.11863859358050254,0.5024455359111397,6.472210033604015
0.048868677953162805,0.1216644012539736,0.5571881429453395,7.0889605294817075
0.035844298546194746,0.1121817563329319,0.5877411715620157,7.340735641239206
-0.024020727771730685,0.15541865972357596,0.5052357509146904,6.716942076555646
0.05392099366229711,0.13568356339018556,0.5546354564165424,7.063375744919122
0.07073661026242724,0.11433076636688692,0.5248569519868066,6.8070509568406985
0.08102305749421614,0.0954121327602072,0.569588269163554,7.17340327070045
0.010113543854678995,0.1174747067331599,0.5362807966813843,6.8763870380154515
0.11832621831020039,0.12826827048968792,0.5430272379088968,7.156928064595127
0.0963505694765503,0.12011171926260404,0.5848141726535842,7.531760073784427
0.1239438882510739,0.10182412307741413,0.5777507856318804,7.457724048774617
0.16840977277830263,0.1263818944391337,0.5479811349033175,7.244636041640549
0.1767924989110569,0.14647383366211575,0.5435559106285415,7.2989953139617
0.1457683365213187,0.13309230042439665,0.6267231507154151,8.167509749948795
0.15029842136351917,0.13435858103105106,0.5759627439297341,7.540738182670417
0.09712123774202784,0.19017782051739227,0.5116407393764115,6.790435146169301
0.10056797262436067,0.1431178016102153,0.591829071458735,7.434668444140244
0.12557242645990685,0.20325884389122817,0.5169984849756938,6.972702136464544
0.05353824497826114,0.16486904123418256,0.5256695460698346,6.873788703937063
0.08189540347576126,0.1390394260713489,0.5481343916991934,7.033622463204382
0.03833064951817991,0.1442736022212417,0.5902755752166855,7.564534020002263
0.0015954510403808817,0.1859768928637827,0.5768040388818138,7.355636045230061
-0.008999689994442261,0.14497799030956182,0.593492319295891,7.363334524386737
0.036480638367143554,0.10393763365070721,0.6234116397136646,7.698132308828353
0.06222784432882636,0.11892848222421183,0.6353378966743801,7.9080857749891305
0.05922248486382067,0.12408467743270604,0.649075198278657,7.998319229149179
0.019572391646897433,0.17735499585733344,0.6424715731035354,7.935865503986148
0.07136005452702444,0.2247530485710273,0.6583978787059647,8.482445913266488
0.11484727895781104,0.20774226102940882,0.6622057957464204,8.581420576592357
0.06827294158905456,0.24386175688088266,0.6584726782143102,8.621638758089667
0.0834711625250289,0.21617755857326407,0.6432102017118619,8.336288309220476
0.09011256815472529,0.22489856923002888,0.6763288911735856,8.79007112697305
0.05111086284127418,0.2112791465072394,0.69557071144011,8.865590055920887
0.036140719309658544,0.19177259801695473,0.6719417371387357,8.465111123687112
0.009174248578990038,0.1840663385267175,0.6938906509704199,8.684377063634576
0.045541907165784594,0.16198405630724402,0.6346788465229951,8.139456229547203
0.013712627205943557,0.15158473652362203,0.6200664761891277,7.7308105167654535
0.03419357317542097,0.15330979498651479,0.602272543657047,7.721098700411449
0.028276367348927075,0.13032740978019905,0.6152034816723031,7.803404758469635
0.04502701670189058,0.19966137507859047,0.5655843970884403,7.426198860495413
0.06986834982791172,0.21880498870382606,0.5176430710219666,7.123316916078436
0.02016321881508964,0.22875293666495372,0.5881347408934462,7.731299094548456
0.04194825079718128,0.2347074008253462,0.6063368670224364,7.916611618952539
0.05118592922282522,0.25465860750687686,0.6191414012866945,8.24340545209187
0.0283235813009219,0.2569752283222822,0.5966837330766522,8.000776176330996
0.03312631672454699,0.30209454940559605,0.6114452363281148,8.539961234916053
0.007135787131602555,0.2380713348517294,0.6438853649617626,8.32432822649266
-0.012235465254087712,0.20712811735160977,0.5576216875761268,7.297890856930086
-0.030467842082266952,0.22532142707036623,0.5726826705775256,7.433126525076968
0.09742437191366078,0.2482335605665464,0.5148902933883627,7.090591067739938
0.06876004985571511,0.21484550514173992,0.4210715775061663,6.111713204244592
0.005678146376553541,0.19581818515701227,0.5004359780594848,6.566080155988135
0.00844565760997692,0.1856221599881824,0.585897083325499,7.470284916402942
0.0009879303391272921,0.18520264202610287,0.5978708169108516,7.582713808415262
0.0327808254348346,0.18165549265381148,0.6311598278812571,8.076267157388537
0.0976741521150074,0.1754702723522608,0.6063766319618115,7.800698761216911
0.12891082346702765,0.14995144709419234,0.6826787397925499,8.654313739690132
0.06036694001317974,0.14295600382529752,0.618492086749896,7.624189066067879
0.05878165466977627,0.12476448221811419,0.6420231030959364,7.9576831576978035
0.11824248103477784,0.08867187566389662,0.7052418473091708,8.7032630576938
0.1402076410647549,0.1055012588808104,0.6863853226471885,8.590271731742483
0.09669249268618232,0.20414571035827983,0.7140969612025407,9.146373241523527
0.1403392394331065,0.1920093495389365,0.638800227800528,8.257122276541896
0.032319632490176275,0.20601689724055897,0.6039645492388188,7.740581094520523
0.05587350929245151,0.15757132735867463,0.6066376726255571,7.605042537678495
0.11422921836194883,0.13718965753537551,0.655732327446116,8.31156526632599
0.0966973751449216,0.11805113149929755,0.6658927250708336,8.358128352645505
0.09636491860677864,0.1931111983493754,0.6565043683292731,8.483792300899099
0.019583904289036665,0.16312620277066947,0.6749137938403601,8.504265014730143
0.07768218932141896,0.1554050158858344,0.6988711916356742,8.593132081596393
0.13574780717211474,0.1735246804340788,0.6847654921766123,8.714023315938995
0.07626358721307988,0.1560007054264429,0.6484410943952343,8.229792789842223
0.03242727850839648,0.1226317134516877,0.6313836928931943,7.761196771219206
0.06790450199920935,0.14144676209305546,0.6130759061378258,7.676857222351635
0.08672364980683844,0.12612014875914418,0.6483990046653504,8.131445246825622
0.07776474029446585,0.09594127474562208,0.6275963629155598,7.845978339621545
0.09342043535597673,0.029241665680751764,0.6620920957971779,8.131383701836633
0.06721586619171253,0.022560617811483708,0.6553580248564994,8.130266735914795
0.159385392096963,0.0912789102737631,0.608783012815398,7.924846013289251
0.10767866256180646,0.1059229732436549,0.6416160668394256,8.149356830907866
0.02866568642617894,0.15716063597729546,0.6536259026968599,8.161435543489052
0.04856008225932079,0.11575362315884165,0.6781394368896929,8.488183664948272
0.08974859814466833,0.09220431837793651,0.6756874915780803,8.391625256627448
0.16719461157774163,0.06647310698104432,0.6363661322886058,8.215834611684652
0.1011148221668247,0.07267407840576039,0.6160073899410778,7.767705855939508
0.07548660949508888,0.1373709558339614,0.5980872495959991,7.763394364054247
0.12231912835252186,0.19875230580361708,0.662039269519429,8.519615631770794
0.08889382027503663,0.09993915321803765,0.6806583100004076,8.510809816454497
0.10744872649112774,0.08756046575185963,0.6413451686538063,8.032333363633096
0.1109147377752022,0.08173329169750133,0.6473949038213938,8.15564136129676
0.06211203585174677,0.09806309408642891,0.635145917110087,7.88920449512921
0.09511825889670765,0.14217457498373737,0.6694910429753154,8.494073581446886
0.1440559445273567,0.16495817399960044,0.665338613220003,8.699280139958216
0.11728732058956663,0.11223349946720616,0.6968835664941303,8.751795932680151
0.11526622264885801,0.15359196133069933,0.6967230117955104,8.89967075477938
0.09875251230373164,0.1264203777178009,0.7657835865767049,9.616580314002626
0.05190554616222508,0.12184766617000305,0.7550434015870947,9.569399088742706
0.024228900294983327,0.18662072170604485,0.7525448683614633,9.830181111771054
0.08683548144538084,0.2478607390393438,0.7246996459117958,9.628970407600873
0.06415004376833869,0.23535086609551228,0.7642635106152192,9.995868483069955
0.1117035998451772,0.21823640605592184,0.7750046865776377,10.074323589193135
0.12891698555197842,0.20703573201634806,0.6581240151824098,8.750513767912706
0.034861804317610906,0.21800626630906594,0.6643703945653613,8.701594868830858
0.03357679605816041,0.22948571338892282,0.6929744162622425,8.942354445908576
0.07652646708620303,0.25780979218417127,0.6659916144477669,8.83164151201844
0.08264817832526507,0.24162839782593784,0.6157127155345712,8.362450969576063
0.06456086905173387,0.279381770841409,0.6463832373678385,8.751620524583299
0.07550375200661556,0.24024389263885923,0.6777078660223558,8.924815791617737
0.025463308408089427,0.20997744476901434,0.6598267668718778,8.330314630090687
0.042912255240918046,0.19786563310890554,0.6198250433737765,7.98216954558957
0.05062458432531382,0.24969811112699986,0.5873422809285547,7.891161082425926
0.004977515467558069,0.21695068293097786,0.6572693124048051,8.40242057798149
0.043049691977549,0.20500418539506624,0.652672977610473,8.304133072194459
0.09015887746131918,0.21358593820125166,0.6066382635024207,7.837894666789042
0.1230096048573828,0.24724638208935304,0.5776442926409929,7.766655561584437
0.048212538017214424,0.22658062498016246,0.5579559349826124,7.4521816362201685
0.09893873988417647,0.2805081409125936,0.5733487070229631,7.943650160564648
0.057566185180175096,0.24134466747822303,0.5824265720828832,7.837395628170275
0.04440413566168586,0.23125156428387025,0.6265966220191725,8.222262970375013
0.09213992203967507,0.22078522626970137,0.6071428405500647,7.980125229583388
0.007868898397974663,0.2516163803449847,0.6747560220305925,8.944725233958806
0.03906241250907296,0.20786071477467935,0.6979319372987485,8.860679440992465
0.03125889861186022,0.20820514962270617,0.7001037746495894,8.994402624762424
0.0013146278389084753,0.2664100922000137,0.7018935587609839,9.119122149684463
0.04999315590453843,0.26048487951018395,0.7321808864623036,9.605403397306993
0.03880622186360315,0.22870548394081364,0.7158285089525136,9.232471865171053
0.07477286293561275,0.24138172559287271,0.6621028969966085,8.812865757736214
0.07956150444268734,0.21749180828002757,0.5990724774188987,7.934832138183832
0.11413795587045114,0.21268853076205238,0.599541386800601,7.936578074075344
0.10807166662100395,0.26116397070508024,0.6113408601586264,8.13296469654303
0.09355082989472774,0.1655006557418315,0.6124091056251351,7.899727431728595
0.03379420339670678,0.23481446433005249,0.5991829853111558,7.787603045608486
0.0950207834867368,0.24744816366113806,0.5248540558299937,7.194212118993664
0.09106355144618665,0.20972795389141713,0.5726958645814515,7.74053894332127
0.030781417258249042,0.1967316644259861,0.557746352522254,7.295639739114877
0.02181651494958296,0.2489712269305104,0.5659866170915095,7.664905714838314
0.031257207628588364,0.21806962756223078,0.5915248917972828,7.777454430815658
0.028054620783384127,0.27913876515086367,0.5839397369141942,7.886415596744062
0.0030728154725529646,0.2585128284846353,0.6367369895959788,8.467366030523138
-0.020377745966508067,0.19048511125133735,0.6864807859929668,8.678098235820201
0.026928670419073132,0.17957579456095848,0.7169776560271313,8.897465453199494
0.0028964325767567712,0.2270766738041755,0.659669898109737,8.49953451507504
0.06364132449868362,0.16980653696582185,0.6429546638569377,8.265893056761794
0.05963116161184999,0.19271096720683656,0.6834501912293608,8.741017954974325
0.04306096999024403,0.18694243085648954,0.7205571701732373,8.999326522080379
0.045533461048173365,0.19805505575758275,0.6604953823193536,8.565056457563918
0.05295257763378665,0.18511591955047965,0.6505909478152164,8.2655833962063
0.03292054990508608,0.21211821507593692,0.6735406935399336,8.756006365091022
0.01113956548931566,0.2051567346951546,0.616953743083092,7.959902878269416
0.05926519013881806,0.22209512785789512,0.6683357503502831,8.545111445856612
0.043129114680617815,0.20197502183800078,0.5768811047662845,7.518001803676128
0.011352588684176759,0.25961754369617146,0.602096463778495,8.087928907202325
0.028891685742803274,0.23741928727251854,0.6209536415662721,8.112311614671562
0.07103622587808422,0.23445537931257654,0.6523540288224595,8.58947708066303
0.01879246577307395,0.24425011182258077,0.6582580840796655,8.485676342338495
0.022848320526782456,0.23320447916907083,0.6168523796621114,8.090190317946051
0.05143928640394407,0.2503958107962666,0.6318482398144121,8.331150137379376
-0.0038615963013819573,0.2277864105554392,0.6310301955871295,8.208398957887507
0.007607826940359454,0.1811189826077532,0.6218018253909081,7.835263378782916
0.03720731115001634,0.19269982435391123,0.6181664274399139,7.76118894288573
0.034989133371779106,0.16099217647914274,0.6128803104789267,7.739894322073054
0.009432271303440827,0.2277575040846561,0.6495377142633291,8.14320404857832
0.041155188511334886,0.16539894938769537,0.5902498450701703,7.500631427795615
0.10238458986682826,0.23861568873994465,0.5626595612075868,7.576028700730672
0.1250830460097344,0.20492577188828556,0.5330845566286664,7.058454844344613
0.11490071114104992,0.17427073066290819,0.5194729056907008,6.85488385793719
0.08717293231283241,0.2014087055574904,0.5085459377154967,6.908123166085696
0.13391025013430127,0.17638266701017108,0.5366558991083863,7.229343020811762
0.06686755089872409,0.14906284340355253,0.538720474547302,6.851411115196237
0.06438198620454091,0.126289893914588,0.5637677832369103,7.172240458236123
0.08469222804887154,0.15613141851270945,0.5705997759007878,7.403698440466432
0.1084440749332828,0.17419155198793504,0.5989000915249626,7.655523810200988
0.08506599581734998,0.16822744931685502,0.6242595151066367,7.9044583375485065
0.07143472206179047,0.18307775009596552,0.6330952217204286,8.139128332804159
0.0703197830828942,0.15527391836017473,0.6550302259501823,8.248784171551115
0.0651765872966698,0.15309181192303373,0.6684085062444114,8.422392738108574
0.027505164149476402,0.18040730492166024,0.6450305981320391,8.080397408406101
0.12056646247524654,0.11418851256213032,0.6188309563346145,7.717977491023844
0.14778625684197702,0.1291570895295861,0.622660807026108,7.982266502373566
0.13772767857062004,0.15350421895249433,0.6230611920643417,8.129250349227783
0.18374191569789133,0.16775140701078894,0.6745209626613532,8.755358677321565
0.14764119904825637,0.22324817716263232,0.6289983120854648,8.288058939483891
0.09386501195634578,0.1903401840399404,0.6743463087267678,8.704366940676628
0.07211735320832692,0.20751300329234654,0.6543976297975965,8.322788314421935
8.771096762567496e-05,0.22663159463433885,0.6640846506299095,8.454170969211093
0.031069853693628666,0.2518958938848379,0.6230936104261745,8.196092741891851
0.051106661703089966,0.15925112812736397,0.6050400626666292,7.804496851876395
0.04905177573752134,0.16642071984296808,0.7067894054182412,8.814372712369247
0.05305495195458032,0.13246370137784397,0.7347598191349303,9.112402817558884
0.1467173664223947,0.1079596911041447,0.6744126569809906,8.45699881277699
0.03665103961672644,0.16899557934266232,0.6529760826695937,8.186242124682646
0.0815102495035091,0.10597107054763209,0.6508626111233344,8.044622259653693
0.08357426977965944,0.17440786866182303,0.6360965319127049,8.153271669951517
0.09715047642175831,0.12681230432300092,0.6845127596669528,8.520497682874435
0.041050335140022834,0.13812315631090663,0.7428770236610749,9.21886390497141
0.038428298717321875,0.17742318997154197,0.7036938238343294,8.929845294683304
0.09600961361215928,0.16226387231822642,0.7247653954183265,9.132254085426505
0.1043034974507622,0.21064449134700158,0.7134269995096969,9.227135593563156
0.0826235992956431,0.1363466336093846,0.6880795435901973,8.641283746445735
0.08348051555305532,0.14246183963511277,0.7378127866884295,9.170735745723888
0.09890704320282916,0.14137483334139306,0.6603158758207108,8.301866664924455
0.05445147752545102,0.1639424582452463,0.5798865822311207,7.449061705606072
0.0869215169990815,0.18948363142609198,0.5542383363288895,7.423022993764631
0.04974389900509872,0.19410238682612574,0.6093486584627805,7.942570987505758
-0.04304871987203172,0.14924605178821948,0.5602373068396619,7.244270832489846
-0.019336872848308848,0.14140583939340504,0.5878668615488363,7.491501851947984
0.01923203002268728,0.142136529373375,0.5801107788451244,7.402538858408878
-0.016446894482894964,0.14542267945091833,0.5872412254823578,7.405342476971135
-0.03515884738890714,0.13519189279828844,0.5906831454355814,7.482677785240781
0.03436749508943552,0.13818870266250302,0.599625180399328,7.50675526328883
0.04801018577668764,0.1498758166865188,0.6737591487284814,8.320092144215801
0.08069017424572847,0.21667751741436045,0.6594035577183192,8.490166294332598
0.07567447126610173,0.23020945491162045,0.6871917421235046,8.967241086496104
0.07030870424408495,0.15824174706303148,0.7109131981946294,9.059610403689934
0.040782032647046454,0.19990303049841457,0.7066375141081274,8.958329783070104
0.02973012518778329,0.20582650118797796,0.6646075426719692,8.583208356663626
0.06723739668695407,0.2707181714595111,0.6595811776954615,8.674564873518902
-0.02251531742139962,0.19236667132247706,0.6508204522235308,8.123035275462952
0.0950580893635728,0.26515471103388094,0.5973080630595626,7.991808934153057
0.1015489086450617,0.28052559087946516,0.5962477055095459,8.275909360821796
0.06117485943970558,0.24619357012920443,0.5932852782848261,7.9155812653357716
0.0634950910524057,0.2177937118546035,0.5812406805588012,7.507031314765079
0.12652988913535174,0.17977753782192918,0.5839350746974855,7.713189078689178
0.1472255027151435,0.23492389942239109,0.6779983956528645,9.001669376182976
0.08323903851463468,0.21825376528039642,0.678182652728662,8.921980676421436
0.047095231588604534,0.20890920669628346,0.6429864468709436,8.415271180336886
0.0425849199762349,0.2036817576240616,0.642778258355575,8.446382880414763
0.028406670850183446,0.181461149548317,0.6913464254659665,8.783176480149177
0.04224781676884364,0.19888275680243866,0.6015799733465081,7.848216732294587
0.08431982916118955,0.21209421997484174,0.619256544293818,8.280155355546604
0.09194868616432038,0.16519264066995987,0.6433983617803307,8.244884122771676
0.016887604322946913,0.12105414172430239,0.6441292104264503,8.01848667239153
0.04760961706667422,0.19162500684794004,0.624865440290873,8.096991841045828
0.11253499708040983,0.1678836903456267,0.6404098471624154,8.25225567439752
0.12103507990999035,0.22281463665743856,0.6354638947161861,8.436701624251345
0.10395296683495153,0.15810995866505584,0.6024021108395035,7.917983827127362
0.03906311205662956,0.1927452759651097,0.6606958213909722,8.54109912098021
0.06945917731839735,0.22005909467097903,0.619945369903147,8.040458918858308
0.016136542659729775,0.19736525281551548,0.6419597872556861,8.275191604874363
0.05968588319851764,0.26310441812267776,0.614627940109691,8.226542738954452
0.0773788326930175,0.16654950586867232,0.6179030135462648,7.85621465034721
0.04612150060440292,0.13370684171558236,0.6700317123330842,8.348704410073163
0.10696111520772067,0.18786133253131693,0.6491613641767584,8.238972419751722
0.1563080243275894,0.15146007373704815,0.6325592750751955,8.26053014505824
0.16545952899268926,0.15602819565743328,0.6160197046560738,8.115899859798287
0.1324465369877749,0.22650563238463536,0.6047809518743775,8.150886002780036
0.1497152642926329,0.2122914920758173,0.6787963459931564,8.87160836041188
0.05317720791074684,0.20453307922896702,0.6667182629757666,8.70781000285846
0.038254310238324804,0.1913612858260018,0.6264703683722456,8.067108967365959
0.029126754134620098,0.196057667095977,0.5653889467494114,7.411790630733811
0.054754195633259874,0.16304895745445228,0.5270773473608024,6.846530948528487
-0.03637766041342132,0.2146235198171485,0.5920168715892414,7.566035552017821
-0.0716234103378557,0.20380609018443424,0.6303877435112896,7.920612140623454
0.018797514786445375,0.22991975894935693,0.6477923974844193,8.415732230910166
0.0795677305701184,0.27261362700382435,0.6519708418117317,8.50356667112781
0.11827459837035072,0.26485921539818963,0.6436371174326179,8.643837999099743
0.16079024927166244,0.23838212154284935,0.5422360536833241,7.633879606058272
0.13722335930455581,0.21363948039049824,0.5382300693502449,7.496907017746563
0.020276217373275257,0.19620089170627492,0.665553567418726,8.288139348939335
0.044426997668420794,0.15743297927245362,0.6224368054000521,7.965820341012517
0.09068042411056174,0.1691856855319399,0.650233705714413,8.385516388906101
0.07889898347824521,0.23444717031027354,0.6072682265717334,8.239238061094595
0.08723943106882778,0.2654676354361672,0.627995010272758,8.500158105432128
0.04999141136399581,0.17876385531546435,0.6872559015394056,8.829303374098574
-0.01544554901925603,0.13515982867056606,0.6827933183565359,8.606820009814882
0.08717363239837861,0.1965030993270035,0.6791620320615368,8.672626987598571
0.12050817446185008,0.18072039032941611,0.6946155349414547,8.981411196630152
0.048532433940217216,0.21548559231990339,0.6791619504514086,8.615420739019745
0.04333521236038056,0.22980487777114306,0.7106725851207505,9.063010331624822
0.04832171485548235,0.18980357965480818,0.7709818197168252,9.652821546570229
0.044430629600024245,0.2508226484345431,0.795513355689413,10.174261053807246
-0.04190620982629087,0.26554087718164826,0.7230870784827488,9.583722887612911
-0.1107803375095692,0.2377393021435028,0.7407128342853398,9.528421167055914
-0.06360389717162139,0.26175270500531433,0.6749077330146548,8.88786579702976
-0.019170658195785707,0.25311960213620077,0.6461605192436921,8.536209094427612
0.06628211425507817,0.2721644205813968,0.6787621567191702,8.951239524313246
0.03553863543785762,0.2526325209421988,0.6286151204134176,8.397225508687148
0.08992527368433893,0.25173765130454173,0.6417333982774576,8.42619356123493
0.06625604579618918,0.1943497790175277,0.609497627893326,7.929619256271613
0.06772937660773244,0.23473930244857938,0.5700652157591077,7.815459345963482
0.12640595699192916,0.209058798866156,0.6280113051821645,8.319491267306105
0.1270809943210183,0.24610001887412175,0.6419533377374783,8.44798904625211
0.12215627256960888,0.20388351326428653,0.5975852801430831,8.003203152769322
0.19441121899181726,0.25434574980600094,0.645784095468513,8.750734970071628
0.15070841038490068,0.2703325915052497,0.6359437521652717,8.807749621730313
0.0749675338217159,0.20204401335288943,0.7148898611007606,9.065375630944008
0.10568367494747719,0.22841354939129638,0.7105703091716048,9.267860069374784
0.05649474682021248,0.1596742133746737,0.725897183008386,9.147292174994773
0.08102410069272492,0.2342119095360823,0.642035786537865,8.421028574180866
0.061210319127644255,0.21766944171976066,0.6795827586275883,8.711492627444253
0.06733678198412413,0.19696020248188267,0.6834392941099847,8.704836733816101
0.016497085884131252,0.22051787951334412,0.6338275204199485,8.200573543933004
-0.07200953103061268,0.1832556040799508,0.637358882461526,8.0392290772775
-0.004453442804704435,0.20129332601567118,0.6887099361892314,8.732489218058891
0.044586734121143355,0.19735560299130311,0.7480678931478248,9.639801132788348
0.030989376892632477,0.16832012006199074,0.7204013346364854,9.01017267099494
0.05410036213720634,0.13583915900852497,0.7110862084341585,8.90944118450307
0.057652294051602895,0.19676214291191202,0.7471700309144229,9.298947794949564
0.08565976729186221,0.16368681292574333,0.7066313270391156,8.855147921698682
0.049603957322777545,0.1239090822206842,0.6652548771579109,8.445272558401784
0.0007835172805257504,0.11585651942414045,0.67219044913315,8.401597698992639
-0.022585404883758008,0.12138123653498449,0.672493578822547,8.586595730507101
0.091877375149996,0.164813435261334,0.7208654036802089,9.004005938754833
0.03905130585817783,0.13649756674979224,0.6651653806681364,8.464856614344594
0.08059518163288984,0.15868591608691887,0.654494225022807,8.489930089864757
0.12073075874871877,0.18180379921776327,0.686708870411818,8.840855568425328
0.06347929476668682,0.18776406974987533,0.595847266249555,7.7726261050789835
0.08441585542738067,0.22828171965123056,0.6011879157337348,8.027549135852231
0.07320716731002623,0.22015955169922025,0.5929092186290154,7.7180027449580955
0.05177459538266306,0.20829656856810963,0.5669547937600892,7.5452135558282745
0.10463835526070517,0.14861223540551874,0.5730664256029165,7.554455617047248
0.1395809138608092,0.15839389136444035,0.5583292332421301,7.319596554960875
0.1505108762461131,0.21799048916919797,0.517459914998736,7.241883580846846
0.11388693485733459,0.19182772672576676,0.5993013079975953,7.7661809046325025
0.08699999468877176,0.22312061065248967,0.6479950284574274,8.487436642341063
0.1287772121902162,0.23216857414795652,0.5482979640718509,7.620263153360621
0.08722007949544093,0.243631845339052,0.5381599936443225,7.344746252914499
0.06867829509126433,0.2242702554919604,0.6609999684823198,8.636647992711197
0.003953724098319194,0.22738153595066496,0.6977275105703514,8.841264425250662
0.024573130387648023,0.21649552186686652,0.7000948620106522,9.0566325960501
0.004630128940731196,0.23374372375122113,0.6874713887581501,8.824804481931748
0.030702882754701684,0.19389143286578847,0.6376856898192275,8.095146681735997
0.08126602705995846,0.21566223374668203,0.6813363451853616,8.83640576449757
0.05801877633286253,0.21097935302002244,0.6665706430683371,8.589432405793488
0.07026508080801681,0.22190377607566616,0.6347722806074989,8.34037234654115
0.06924371719048401,0.2541718517256349,0.6574941002566,8.659329184325365
0.08429911005043714,0.2195480366560354,0.5900197876129476,7.981382889382963
0.021715943357529997,0.21769915924989028,0.5650350594283811,7.453197496419197
-0.00696753284855948,0.1956075586032295,0.5369334100564839,7.012788265705598
0.05410502914063282,0.18017347551488075,0.6076064128216361,7.866704185967115
-0.025288270528572677,0.17594328627044378,0.6289834843193844,7.998493236807806
-0.02700288733213225,0.19845886931296763,0.5622732522123072,7.388447414500442
-0.03407850470895574,0.2374669564435002,0.5888104400306979,7.835628780670679
-0.013608514967539561,0.1848362933728644,0.5280801247944723,7.209844826026626
-0.011266702958265486,0.18417941825614806,0.5273876435801946,7.099980545252104
0.029040494814175546,0.16799232746159515,0.5775879950012323,7.43007978586794
-0.03989336149252323,0.18856069601919093,0.6210738750550688,8.062836972301536
0.01791299048697376,0.15831880996128203,0.687846698904045,8.743760885381663
0.06680147643653049,0.15846957370287815,0.6635819154971363,8.315841254064916
0.09537006216813161,0.1438362853110818,0.655389101771928,8.295594287613138
0.0451439240790858,0.14279549088999877,0.6090845003151579,7.7790572000773395
0.08192661028209697,0.16196487808809576,0.5824863487716458,7.654182518373189
0.04855991909758072,0.13045496876304796,0.6187833077406111,7.95594429782516
0.03968908203450786,0.13897086104949677,0.6119007309813923,7.710076270504148
0.04227956822201047,0.12759585017822436,0.6155959916183823,7.775075130361013
0.08087124640812648,0.1315914176889439,0.6227037262958626,7.842712058134166
0.041963923161200956,0.12555244384960706,0.6498772034937985,8.068496984201206
0.05070057683066243,0.17438430847018727,0.6396550049806105,8.158227608538509
0.05149815629795237,0.18929899477317624,0.6344771075587798,8.150331360157951
0.08865589801738058,0.17470938612076478,0.6776795194550064,8.66697758662979
0.06652786974989984,0.19521380509224645,0.6555731596645953,8.524485126343862
-0.02307248862582474,0.18110408616176613,0.6790873500154967,8.648768938617277
0.04061648675059827,0.1516841304878472,0.6444705333407015,8.171151237467653
0.04395986383772285,0.17060237100191142,0.66361469908031,8.55493869551993
0.059018836856059215,0.1797601243451712,0.6901686726688894,8.837176679413677
-0.017088342631263215,0.1660333145891933,0.7024238160050167,8.85024951168544
-0.05538986616364149,0.2023603646720967,0.6272722263746662,8.129946977927426
-0.08241491404736319,0.2038790751587534,0.6080862143153419,7.923091568053978
-0.03550977456615199,0.21654192421818017,0.5732099134913116,7.5501890867966965
0.025448895812170646,0.23517047337982386,0.5977459718544007,7.873076738683089
0.06068980977564817,0.26035782760816484,0.5586984742903998,7.610182174616601
0.08006508369145941,0.2796334721751344,0.5683744931483443,8.040226898679352
0.040495698345414145,0.2637965363606232,0.5593756932414229,7.666397505767783
0.0091425590821854,0.283436565952395,0.5642710375159156,7.685009002145258
0.0005156515383553335,0.2093012432696043,0.6029620796707906,7.825317030882637
0.028226608594051284,0.23781970829098042,0.5937024297027055,7.860305420106533
0.045179536644813986,0.2052564191840443,0.624527768573841,8.320846894214041
0.013740795606535825,0.2634907388692994,0.655647798940429,8.780727904897983
0.0025761347454255463,0.20583672257247354,0.6703141321765075,8.669802447843503
0.011999161266423466,0.17821761005063577,0.6118660364941804,7.943588615341281
0.067382015523762,0.21637051239896157,0.5993634208047635,7.9049389534230095
0.10237860403127043,0.21922544335964245,0.608039840418089,8.318318724064548
0.10676121016567015,0.21270359712580575,0.5930202042817061,8.132701784575026
0.06462493404775707,0.24348726006742338,0.5819678577144195,7.8593660952206355
0.050549726677131035,0.23355190343960291,0.5303724729024749,7.370064035799225
0.020169607976471143,0.2515538409342086,0.526110066358561,7.317650848898473
0.02545470011471923,0.27828816631463044,0.48617122756276876,6.99389662662618
0.06730570532463198,0.2476843685614116,0.4939622445970106,7.128737231939368
0.03838951574717344,0.24081913919164746,0.5342396023335064,7.402803037202413
0.051740240314201186,0.2513202659351957,0.5734643427898614,7.7591655341477255
0.06293728035393811,0.24644029183747324,0.5831102930456249,7.76595058277114
0.08036103949148782,0.1800240311121089,0.6456547296106856,8.54285107206369
0.010842520674111091,0.19974126975598525,0.6676746540738178,8.615133865716336
0.03181307508915874,0.2668029971186614,0.6872472828362399,9.090844266388856
-0.010570582932786645,0.2676643849779386,0.6694291394870473,8.806182253899006
-0.028674629266655705,0.21443230667795776,0.6679154259217993,8.774465877597148
0.016039872250054963,0.27852442853957315,0.6413961561708261,8.593703349458059
0.07575492282309612,0.28092258063189435,0.6442279927950503,8.888314697752687
0.012651950529453638,0.27831611519877386,0.701584943232899,9.319412300599437
0.08848254908010807,0.2369236196445365,0.6641776141599478,8.857288409414696
0.04534738454010418,0.2568756815034276,0.6646884418276369,8.822333396865831
0.030795091377277616,0.2896532524726895,0.6382469683710651,8.686969551076627
0.03292583145938699,0.25928009084483,0.575672535004218,7.986374725991793
0.07138722661400598,0.22996910282522184,0.5489269696162052,7.516196983405902
0.040055658526490685,0.17552705197925134,0.5570040013187809,7.245438247793449
0.047899260169998674,0.12329297999989103,0.6136612716371584,7.838985759047954
0.10133030415445689,0.1679709849781749,0.5500071620043918,7.37824110523624
0.04219494384107517,0.17788059649681415,0.6669692103412744,8.61936471992342
0.051946021709758594,0.23434996178423995,0.6081220015770474,8.128919329762645
0.0905912955073214,0.19715909274886728,0.5326740640392649,7.17012747257116
0.1344197168119069,0.17961600604235534,0.586281480066899,7.815906260024424
0.1202259166822369,0.19312773946690054,0.5883010263184626,7.926503743613563
0.12568500172186042,0.18614296151794127,0.658195436925518,8.625880226238916
0.08295300937921923,0.2121742243991885,0.5903706785476791,8.05688531468305
-0.008221075436874474,0.2622685813800194,0.5602275536422495,7.716630520767388
0.04574212487376349,0.26412413091920783,0.5152460197404378,7.393136659109237
0.08302062349500469,0.22504306443273855,0.6038116431257643,8.121437232940666
0.01607297145438818,0.24275820704828346,0.5173247007406292,7.140762031716257
0.009131163393274347,0.21639780427036318,0.5309277329195777,7.114299294107321
0.033424454632987086,0.24371229250966833,0.5178422777893767,7.2450261847343596
0.10335774687954548,0.262360131996736,0.4669255685606895,6.787433792335223
0.11118160345248922,0.2492723019851236,0.48518128919187936,7.059625740859673
0.1280162689180663,0.28515717846093774,0.4740235504466363,6.967190802789496
0.10838169665215139,0.2898525630162074,0.4635990555586212,6.789758013938003
0.14565186380783732,0.22673038614694146,0.44481714874054756,6.397153515314217
0.14093737369588608,0.17626929695164678,0.42300093784936704,5.976692580409473
0.13762310556231402,0.227398297805651,0.4467631972939266,6.43564002305064
0.11188002760665557,0.23004412248115813,0.4790450122622193,6.933638085740563
0.01655122415240171,0.2580217715542669,0.4998875321299255,6.959569763539803
0.13784525993931301,0.2857200381898796,0.4717900946850635,7.0314958744249525
0.06278432167022625,0.24488472409033218,0.5034771287336579,6.900978451896074
0.0713952705472725,0.2078060267877808,0.5328696187631852,7.1483324167295645
0.017467087035515156,0.19045886023056793,0.6088145953438525,7.70141550796117
0.015485420933980566,0.193571839935384,0.6187093891749641,8.01800139134334
0.025137711082601957,0.18869875245856838,0.6061892639748281,7.8558951185445265
0.018657816692535533,0.20392490329465074,0.5921593309624748,7.7927060574208635
0.05387753473768319,0.20315972347853054,0.5811759544030575,7.70767230606057
0.07811049162766302,0.19248887860189684,0.5883967102968842,7.861075871821087
0.06056730937060108,0.1846894580711752,0.6094093394478663,7.839438907344928
0.019918052298057577,0.19955037974624487,0.5866379667885826,7.53413387616524
0.037071313783185025,0.2584155451271287,0.4752928561877604,6.969992299613468
0.05817231384973858,0.2606572442788328,0.5456407870587996,7.483243021338536
0.004814049961467826,0.27453045478678684,0.5036630424065281,7.097944314911076
0.08310947240960416,0.2438464149347574,0.5425011848726736,7.454012718162815
0.08701170440523776,0.21272052604718175,0.5806252509577732,7.683422087570194
0.06850388909513304,0.1904273360628926,0.634059459080109,8.309993838179663
0.05178435355604331,0.20726147357993827,0.6241702544051242,8.196672374699222
0.027741122221079304,0.23137595966985638,0.6583213900570947,8.775342319063133
0.018339868994075796,0.18961682761120507,0.6610577283472018,8.433025698858573
0.02287142571074058,0.26141400713836543,0.6188761060102438,8.306255378778419
0.05653839790980507,0.2799411956863717,0.6436032930675054,8.798666682932346
0.049755648643954854,0.2283690916813662,0.67862115081342,8.930715364372555
0.043249037000399206,0.2229406264010551,0.7002877806871085,9.209483463547118
0.051856112544464004,0.2500067821954052,0.7047061067836984,9.269858437981917
0.007173774773226211,0.20197378843654054,0.6498694808493705,8.327399319914706
0.026292054061569998,0.20664716465822727,0.653775991649236,8.402654113767051
0.058639915959655065,0.2426108917202284,0.6499212493418155,8.468283275367128
0.05128676875586687,0.20008520023033555,0.6533183375874192,8.559725210725958
0.06824768451155429,0.2103976380585745,0.6749330597868396,8.915226016989617
0.030001868156378557,0.20498377550992516,0.6993490469786239,8.975970653515603
0.04156695799462935,0.25067192657176907,0.7282955383932447,9.462981722347603
0.03404971747266739,0.23969573909795125,0.713811308065217,9.362569089208998
0.0869312173741606,0.2509095478857319,0.6551987253609834,8.806041678535026
0.0641181585561711,0.22742487327022484,0.585297045212664,7.831102421851631
0.04099676364399038,0.12859161682651096,0.5253236467623745,6.96043802942584
0.04794208040522711,0.14972317743202107,0.5468365145444788,7.201507104894824
0.09583602976427365,0.1898745119308507,0.5400161104340218,7.254041440053074
0.12466308321225218,0.2314121418574958,0.5225436833445136,7.447727364421317
0.04445339895398658,0.2626154286637312,0.5321892879408993,7.4549248689802186
0.08002607142430337,0.2333183154363895,0.5593831054355501,7.564928867861078
0.05535305631112684,0.20351677612556862,0.5665679133319997,7.560751953490355
0.10346611117753189,0.1809788886326231,0.5803551400524757,7.623074962738305
0.12226092329218853,0.1963211945550006,0.561902164971876,7.571870677011065
0.07289212475562909,0.21182828858998587,0.5377382313161952,7.28296258567349
-0.006439006320105884,0.25035683559253863,0.49709193938829865,6.986451793821689
-0.006912466773292167,0.24955460167585558,0.521570169276457,7.20742383299986
0.07623753426304536,0.24999779076969023,0.5290003126349736,7.302014667173986
0.10417018306879494,0.19737974733673455,0.5430553509163063,7.3331063248284565
0.0824032709565761,0.22397036364210582,0.5283652054707448,7.300754431657944
0.04873437998899317,0.260822478246679,0.5972351227392853,8.346835349018171
0.04360737241815601,0.24929738236951554,0.5967486477991768,8.086135441764757
0.0622483180121617,0.23602478979865735,0.521012314889083,7.193393744214247
0.04960146664877102,0.16206895618238737,0.5095422689179646,6.704464381422141
-0.004484391899328516,0.20229301066056557,0.5206701784093862,7.010678913993118
-0.02613848108871085,0.18506442570115747,0.539015207730651,7.191805658674275
-0.12968994630686295,0.19503074117120034,0.4665818848993352,6.66512355996142
-0.023005538449193997,0.13768410491128996,0.4692062821180736,6.206063180279313
0.0001492846370105099,0.18693029432835445,0.4891865714423334,6.803530877756035
0.016551703501317922,0.20409342655814214,0.5133032070330992,7.103580653367422
0.035733809564120714,0.1742611655834635,0.5238023944790934,6.9307367411387
0.11392526283284822,0.18459433418329949,0.5113308448605731,6.950401053359145
0.07644371917554933,0.19992524038288714,0.4406797119294577,6.303373366076881
0.04418107103436798,0.18865667597140193,0.5288957816600552,7.205110084540946
0.037947459779360655,0.21270634169046643,0.5705652991227489,7.551375014723042
0.05194354876022436,0.21839255889109505,0.5367458294435447,7.1729164132098555
0.0313317048810119,0.26477572671769534,0.5639530854879649,7.712512963513895
-0.025498418119162595,0.2158250387382248,0.5473942819896135,7.369170555545233
0.06318109977578246,0.26738072814372144,0.5576267681424771,7.7996947742137115
-0.022961620765128032,0.29610107993419066,0.559651253604765,7.8745895113261986
-0.018573894074598266,0.27605481332947285,0.6218750646767072,8.424065150305072
-0.07966060911990466,0.2298854253419939,0.5750454494906125,7.762898396237995
-0.029273109546497603,0.27552900587626794,0.5635652857489022,7.888976929242263
0.10600022352715867,0.2189549554400929,0.6136760106757247,8.093980927129847
0.06927506292574491,0.2499368271306248,0.5808803346278495,7.934009639559563
0.07930884951805284,0.22925218539446982,0.5923755467642188,7.821238797373044
0.04403125953030812,0.19174431094712102,0.5536939207863176,7.263846972271621
0.12593964883859193,0.16077008675875024,0.5220716714603724,7.007267548982746
0.11388075867332782,0.16998351611813603,0.5692915383876415,7.652943831421796
0.04582176866085355,0.1925249124974072,0.5862584010271752,7.713892716198033
0.06713908702823675,0.24256173633956768,0.5453432386389327,7.526917867238291
0.10201186325719554,0.16427965140556047,0.5237967696633105,7.121311072094545
0.09042941161701078,0.18612538868656292,0.5106512595485784,7.03532897211826
0.06629185637802629,0.15491914812683025,0.5733449309496844,7.4745621440594805
0.07327611109338403,0.17125183681326436,0.5897542457222325,7.796576049282468
0.09511950773631164,0.17318821484555058,0.5783627045398125,7.619145645209267
0.08203033663361575,0.14446046236941038,0.5235445519347701,7.025308154999299
0.12538523459800607,0.166724815091538,0.552845917723748,7.569556095781835
0.180521247462298,0.11471099646754801,0.5278268959762573,7.348726826115398
0.13108764849679663,0.1519452109651484,0.5091120792838713,6.836406893271632
0.19362201107463506,0.15328139342213717,0.4395189499554577,6.297292047815621
0.23925849298682034,0.12585798875319498,0.4594391394189784,6.864067614460096
0.21916181625159947,0.14981832969035497,0.5194714539114733,7.208152846047689
0.18319947602445733,0.17736572501937622,0.4715070483005035,6.57143282367873
0.144527047350534,0.17384296587912926,0.47383420574546625,6.696240248135844
0.15443443012017194,0.11817655016548378,0.48827704094449664,6.735853302279276
0.16234387442048007,0.1440247315742399,0.4656386109086103,6.430962538775711
0.22716955152045687,0.14552713788794341,0.46007574943369045,6.692589520345636
0.25679667732293293,0.14959534480805492,0.4999339842616335,7.189213773565741
0.1968895232250637,0.15510908285998967,0.5304088835067121,7.102195153960781
0.1639364349926885,0.11839914787761321,0.5723587212788589,7.506409543842632
0.2120314474829079,0.1345116166688726,0.5672844344114439,7.815224460832678
0.15861622072530776,0.0793459368367496,0.5269314874413593,7.051986739145823
0.17355393197353786,0.04779047349089303,0.5266839769725431,7.127221519241724
0.15887198552742257,0.006602157573910799,0.5082351595883536,6.950551376303699
0.1334423437663315,0.034214150879078795,0.555910051964866,7.248956902882483
0.10390568635825059,0.07447400008402723,0.5565133852734692,7.113597625246076
0.09435969880385557,0.061789265976304276,0.5369910289123427,6.843548896135383
0.07239501079499323,0.10418193532266688,0.5112838034190521,6.574465928556568
0.010452739253079815,0.12568341625272827,0.4663981214915036,6.423352540532634
0.05081825218505858,0.1752023336190529,0.5538954065774634,7.310197701213223
0.15155772409782778,0.18224343016504782,0.49771557515674475,7.15705908807502
0.1080726354934187,0.1297237329233965,0.5892278679238417,7.766562444957068
0.07982637236693253,0.12188047930463308,0.5780982277786185,7.578004579167839
-0.0002086705986394547,0.16283800417218816,0.541875202179501,7.12094538964379
0.03916923036761547,0.07589643915416257,0.5766474045230507,7.448145948457476
0.006513779018381518,0.10154887439619485,0.5418927037739469,7.011428208773609
-0.029851510912790348,0.051934972718594354,0.6234853957533584,7.828109627066709
0.01345260861413991,0.010363247627164698,0.6228311467522966,7.44264621581761
0.05168063954394861,0.018153325838324567,0.6516880972635742,7.886444684292702
0.04544268337037998,0.035168065629863805,0.632703689336253,7.683406466971437
0.06712447949436202,0.017394224506821727,0.5524816823289054,6.988333862012218
0.007596178594979812,0.04190554655158718,0.5768814238702834,7.24341329597479
-0.011154502333287497,0.06302200117361557,0.5757437019434876,7.166457365589671
-0.06517539882167823,0.07150721025850568,0.6099608568441934,7.728023800250695
-0.0668227405278935,-0.018286280089461225,0.5961791113470617,7.439572152697581
-0.07102842772621372,0.0375068445976505,0.5838642098765892,7.215710551314113
-0.02178340404013952,0.005174695702518826,0.6327874311673306,7.940204997697039
-0.0004362142039451018,0.05509228135219614,0.5943671214186629,7.716884005863324
-0.052245655766780544,0.11189546874353816,0.6112257888735412,8.00646046055706
-0.00010871533724199566,0.11712221692381825,0.6152229980792224,8.053573549140644
0.010778589073372093,0.1069982075135067,0.6660698498894436,8.51329708773262
0.00734849977822698,0.03400294739911696,0.6235713617370748,7.808272277486175
-0.0005790206776070172,0.10868891184845247,0.648255459287337,8.240716504189104
0.010538209023104723,0.1275638514927985,0.6248979568137699,8.082035478624086
0.019956028598668265,0.1539082816068215,0.642423636226933,8.215441174827733
-0.006172934961167312,0.15222519685137398,0.6285275222006105,8.361312638008586
0.05559985081049073,0.13802622995144556,0.6308202576999352,8.208107231982071
0.06112588505732401,0.18206116864044158,0.5564703823295916,7.692480586983158
0.05641382807404846,0.20346940465728114,0.5607466383490676,7.610481902847788
0.060420932702776445,0.14887504546212935,0.6061428602452064,7.849582245594458
0.110075249647616,0.18021237362001513,0.5776561133304385,7.922671821628756
0.027506486169322445,0.1953446334147637,0.5445579407779437,7.301184065483054
0.09645691372412427,0.168165449219918,0.5810642182240442,7.778380690210298
0.08219968911171172,0.13608986783604032,0.6251532551108688,8.286572429837795
0.13303310128068863,0.16822555212472748,0.6175239026025506,8.105171498762255
0.15308899877746412,0.09476138894138765,0.6218418801541697,8.205533602098278
0.1514020828549298,0.14126008388755737,0.6359068810261631,8.41489200316842
0.12326925712863447,0.10166191158284821,0.6125329235028629,7.951537027263545
0.16796378641757037,0.11621242108860459,0.6488210535257875,8.507418980690666
0.19693991314302992,0.09076110134970247,0.634331126450841,8.380165531032047
0.17006895373899494,0.09650080164702401,0.6476778035108041,8.697057217977793
0.20738455735717856,0.12034443018262336,0.6914594839111361,9.21064181008601
0.16702393960806478,0.11701446020146623,0.6808972094453752,8.716250911551588
0.18071572089618884,0.10437562193393593,0.6856046445630937,8.77446836666739
0.18432945679263874,0.03420190726620764,0.6715705359106521,8.684301732924203
0.10928331479701955,0.03316745134607896,0.6238378965106759,7.8522849094026475
0.14689607548499034,0.06606784579044735,0.6328975919862655,8.266946893920128
0.09710108233323936,0.09151425751283944,0.5934405424717335,7.781919226273248
0.10273001747763814,0.08313772361075626,0.6283600036281365,7.946748295603998
0.10300015595104474,0.04614821264770821,0.6230299338240645,8.076838823972889
0.09547302899430056,0.13730494771507518,0.5653571407694256,7.4904964034595904
0.15615196182406954,0.17070092598057782,0.5000489942270322,7.201420688656309
0.12918791729905996,0.1602334590638655,0.49946870505467245,6.889610767267805
0.1208940482794184,0.2025081370584078,0.5131494708000811,7.282930239757892
0.17070016252294243,0.13229370758063616,0.5302635603829776,7.250166161973318
0.1295217847478999,0.08537973279592814,0.5120174560133162,6.825170861279934
0.10891627296480302,0.11994967880548417,0.524882320905758,7.092411379000158
0.13464956998923358,0.13356154266596873,0.5347824360464618,7.301136469909556
0.10590536258558059,0.12126040988216018,0.5358069915040343,7.242787341364035
0.10317097622690302,0.12373215080090649,0.5449514598050265,7.213772032419327
0.10490891417786936,0.15320609544998948,0.5736938124913051,7.670489480965312
0.09587818539393717,0.1683349548383824,0.5376841486502022,7.319984486254786
0.15758392798930299,0.13356106186764197,0.5268616630881404,7.207652726929979
0.0809220133956774,0.1793965058306572,0.5285258347672064,7.218035470828364
0.0725168802867017,0.17240020616566495,0.5380274937857868,7.195894850297551
0.04333505644729877,0.14433046113559148,0.5296553343019221,7.290055930674157
0.07468730347828625,0.1696738607297369,0.5474201668823577,7.180401637547295
0.05970867920764751,0.18752460560636883,0.6361377987722019,8.263036004096202
0.041368923245932145,0.17674698770056396,0.5205400236565069,7.002664295559021
0.027152285616389778,0.18734121777563986,0.5726062925056381,7.543707132778619
0.1443122134797201,0.2148883375269713,0.6221123437119255,8.406732093999809
0.08785581039599062,0.17069482996688712,0.6365271991762537,8.361069187802649
0.059437978071490705,0.17201447992095117,0.6566128768026883,8.404258470090634
0.09174076573134617,0.1215432111345756,0.6298193144120401,8.218382725123742
0.08161416337384587,0.09978681403900147,0.6888192865877855,8.812515734659662
0.14933834244678448,0.14604882281333362,0.5913260651867049,7.900764412725038
0.056720323504297704,0.1917418829253791,0.6116045573661703,7.997634664821509
0.12533195519744408,0.1309079309983309,0.6212854235295522,8.179785312799677
0.11039611980817214,0.14796714045415604,0.6130864319666002,8.022079408243366
0.08500035942907506,0.09062426889352465,0.6532748331791929,8.392616424876659
0.11424252407419988,0.1744906312624596,0.6813526209931687,8.857996604901924
0.07680614661114725,0.18291557603171674,0.6638062346937011,8.701696036340671
0.08150111588180153,0.1439655956487401,0.6620888363778688,8.603203333161813
0.11576412149249173,0.173929147372559,0.6370095533614881,8.242482673248727
0.09775964159338794,0.14352596438111062,0.6746544754895599,8.72992413865773
0.08477326718036694,0.11655533166790791,0.6080772988516477,7.959338343390728
0.06078231008748145,0.13592531031376592,0.5338754295522455,7.056217206960912
0.059839680776328306,0.17425861219517091,0.549519817360602,7.487399210640486
0.03183071097168809,0.1524049737934566,0.5897675595219668,7.610433288178277
0.013020603975085006,0.1454448755020433,0.5361374620257966,7.177106784967494
0.03984590286065874,0.10433073350944197,0.5685100048672087,7.342556809010062
0.004642999063408051,0.17717704218967448,0.5813463015596901,7.689328553876337
-0.017880933228647453,0.10971787572881476,0.579733564008881,7.466242678399184
-0.042959776621204496,0.1361747790399318,0.6299836266792365,8.081636785272087
0.04252316001895105,0.1202952352976928,0.609849627779162,7.717458622984652
0.09591511653678367,0.09017607929188591,0.6597542594553664,8.286116337955448
0.03307787740181165,0.13899350810363711,0.6260832272462985,7.9031454906428635
0.0929133651506102,0.12969079297689978,0.6210070564315615,8.161296958302174
0.12674145491050995,0.09458849122739911,0.6948968676784785,8.888479920937078
0.16287926265215505,0.08590120541405022,0.6506021904121542,8.577130992805834
0.07256155186815692,0.07622535099228231,0.6673117072356956,8.403523229931023
0.1312108417853416,0.1151426844132442,0.6528021607511346,8.469093325146016
0.10521055035514523,0.039384025322204634,0.6153206985558982,8.208479104241736
0.10247514516295671,0.13157001565488138,0.5930664066480787,7.983465841159499
0.13318879659539345,0.10846132220766785,0.5976347028493104,8.074629610501235
0.0977111671618238,0.1639575389440294,0.6206332375380774,8.180611199583636
0.1367984267616174,0.14712924564384705,0.5874280806822613,7.853366430077273
0.15897667605805169,0.11534926869536997,0.6566628930774555,8.683357359727099
0.09239009149445503,0.005596944364525955,0.6640191105473562,8.480870646450851
0.18397494895484,0.06719676658825921,0.6751294155201804,8.770177264073856
0.11937672478687295,0.06612753759344484,0.7253953883709071,9.131490814945797
0.11889275489591239,0.026615007831362506,0.6554603949109229,8.46131925236203
0.18759049190136842,0.07555652581175598,0.6188617385914349,8.317989976516909
0.17982942914430755,0.1106108427114668,0.6414789078412456,8.60057301028672
0.11243666189923067,0.07227196800352188,0.6598646331687394,8.53328857879371
0.13019762475311097,0.09808783913106645,0.7006672802640888,8.941238988217192
0.15653507407352624,0.1304976653457598,0.6927968983682213,9.001976337282874
0.07568844017814813,0.09944935272484229,0.6801083494751484,8.69373820167919
0.1618050611612143,0.15417631526786096,0.6403800643278001,8.516602596523713
0.12179482369533115,0.0628917562147534,0.7543514808876038,9.512378791241497
0.1237808104294453,0.11872113834547847,0.6193141314955906,8.378860853843308
0.2054166042687357,0.09847787982932857,0.6048225136601688,8.130318013504441
0.13054710166359887,0.09881318638174333,0.608578478179243,7.969008724387475
0.12025764957993822,0.11447406366368942,0.6073158313053546,8.13088146560764
0.11559682711600631,0.08691476701399978,0.5486132056698866,7.311046116648488
0.12784238177654658,0.021884541252605468,0.594204365253845,7.779016133749642
0.1543184414641858,0.02721653754325961,0.6113613646740748,7.973853947484469
0.10406372652141221,-0.01097516687842782,0.6503752512318541,8.412639645989207
0.13480791842795561,0.023029888238311567,0.6144456799484566,7.938416343925287
0.1888311232788002,0.06424613194401842,0.6003189338805293,7.938509375542246
0.17631696543335754,0.04369134308370358,0.6317221299415657,8.309847753073461
0.24465428167890307,0.04848498167472964,0.6123163403530881,8.393084970617322
0.2357550620870101,0.06261709280254044,0.6759407469441211,8.789265552332083
0.22432289416046403,0.04106258726417276,0.6607699686723009,8.810876363003565
0.2271436778910827,0.05627847400537373,0.6490644197757206,8.644689464292156
0.19484050860986912,0.17335881720554697,0.6375081237105111,8.68362475052994
0.18359593306795324,0.10275149870559604,0.6690562412525327,8.838475192455117
0.12084589753022089,0.09167387170223028,0.6271369433623046,8.222471465379813
0.10429398932425923,0.12852013243902743,0.6792493483720933,8.719341589725948
0.13246136038168732,0.11810847208288411,0.6563301097577101,8.85564954664638
0.12442102694693728,0.09750193936525801,0.6177289806289006,8.203090955664333
0.06099324032253816,0.11583141183845103,0.6436755688752132,8.255422850379183
0.10143863863233979,0.15718231420864823,0.6394417174821089,8.559291285653945
0.1278672254726298,0.1473299460569518,0.615182810761734,8.165320248300565
0.04080472682488871,0.13566727806090953,0.5293623050648822,7.2510224152181815
0.06259627328234663,0.0929476513680679,0.6421068775500262,8.198246253715658
0.08459464335181316,0.1329651391977654,0.6334515579313018,8.33957071049878
0.012770455943144875,0.10821680961068375,0.5874935225110511,7.677716384144103
0.004055193538706586,0.0829934411121503,0.6478475549977871,8.204261492801622
-0.006759791022024494,0.10883860416876821,0.6340141515956556,7.941461214996507
0.07061084355604862,0.09156763551872782,0.6768690147690476,8.485952120826129
0.11966938367399474,0.11457373603442911,0.7090846478611661,9.056913850235372
0.19628317195120704,0.11346585871385759,0.7007704498161694,9.388436535975641
0.05142059773931095,0.15295230241413252,0.7114658952468634,9.004863250584446
0.11016745364628269,0.17462703607988705,0.6908335365525788,9.165322215684132
0.06862928844734693,0.21512150316850626,0.6403429167542971,8.49512670744636
0.052051873813337014,0.11218586301405688,0.6989916818290083,8.891892848712798
0.15576450539048373,0.14203959932982013,0.708579330549597,9.524022192070367
0.07854276753614034,0.11629193590932303,0.7193512045625359,9.09403759280201
0.052660508490460146,0.12167537483215358,0.6886554254839772,8.833105512785828
0.12196663454795174,0.15510206443263277,0.6702846598042532,8.820539584109795
0.14514215363366764,0.13720260068355813,0.7154720041779583,9.293858932624254
0.11333535119134847,0.1625006877259642,0.6129332111707062,8.099190032346392
0.03649864301754069,0.09916234387760896,0.661058959170562,8.524340435727366
0.08659881287324149,0.11446551349324999,0.688027503937125,8.948565071608026
0.09659657426370681,0.11235775127506839,0.7081067090047759,9.318259626080394
0.12101720034526284,0.17834533826026508,0.707740960875486,9.273736106095393
0.12060948614456496,0.1769972318365386,0.6718535971426131,8.995645504217704
0.13205282197274001,0.178508467791694,0.6908982898406214,9.200703767904248
0.19854147669936306,0.10325959071369997,0.666651921454701,9.029018262421449
0.2259376656105012,0.08643628139563107,0.6689185402142696,8.993711180478853
0.09494570929414677,0.061429303501961546,0.698360464338988,8.856076442272819
0.07460953715064532,0.06843104291969551,0.6551637838869019,8.412479309860787
-0.026523578901917737,0.08197827466032863,0.6107007916883533,7.7139613513227685
-0.0037449198490362725,0.10967977545403029,0.6308327134986246,8.077689181880944
0.024459623782238735,0.14228476976767337,0.5831111582865312,7.6420417942175884
0.05061189816993425,0.08691060085597234,0.6155104985605988,8.019093646200885
0.04984628219996464,0.09392254861047357,0.6216844284480555,8.12515023324938
-0.009543790776824894,0.1577527733356126,0.6562394431602665,8.395936595207973
0.06970908700483232,0.1720506675692127,0.64305537653042,8.391372069842824
0.012040196625555354,0.10939573131652595,0.6337074180953826,8.008917337094678
0.021313268751775652,0.09980509321117233,0.6883036250897485,8.51244115699302
-0.07315702054734526,0.09764911570821849,0.6228104159033631,8.00038581628668
0.023639952847485927,0.14994006590783657,0.5658282004105409,7.449634476161606
0.10835548206187538,0.11103068351598626,0.5352999577316279,7.317045540053033
0.15637762225211538,0.11705348142181199,0.6663546688303361,8.668245265571063
0.2769438435819425,0.1182678141652611,0.5996929521561728,8.583410175001584
0.20254800271572987,0.16860560432625651,0.5610157294106716,7.862199583292935
0.18358794303191509,0.13719273378989003,0.6430052474093079,8.780307248651845
0.19982108257926387,0.11631682602082155,0.6504685357522317,8.649917110423832
0.25483531238319745,0.10290183964589222,0.5794327993391332,8.035043861635724
0.25125270900217284,0.06199278264363213,0.5851565207553582,8.09884200892905
0.25873589277084635,0.11795912505840588,0.6318715001595988,8.729182240049232
0.21050462886061921,0.08399361849139589,0.555774795291377,7.662746468300801
0.26169821100019164,0.1504113119849501,0.6101207436403377,8.831483001555824
0.09755775506941394,0.1862405930729429,0.6071470114734868,8.452028315565782
0.07949346928939735,0.1529521268235904,0.6667919181722234,8.663156416180266
0.16196303627949338,0.1022045851918417,0.706591671364404,9.38022770101575
0.1550011431615665,0.10049318152285953,0.6840883518552449,9.058145601469521
0.122376531823559,0.11607200856157436,0.7469026381724944,9.586458001977618
0.12408333354387002,0.15738263008227513,0.7347461308487975,9.685020649264134
0.05427756282376065,0.20104640282422712,0.730579870902646,9.756947704565441
0.09058984829149447,0.1797046847663057,0.7519712639766499,9.698448208203969
0.05195264318369868,0.15607525232632208,0.7619209098381001,9.811742422757328
0.13731096942945709,0.19742129720871776,0.7117618519990594,9.55648291067425
0.18191373329549568,0.15852067835593833,0.6801807574076089,9.142197342523573
0.13282587088145617,0.19756815016821092,0.7095025762232493,9.29758736561667
0.09017994834344843,0.20254279108429976,0.7444915279784874,9.690761066229502
0.18181821043551188,0.16376236967916358,0.7383548763194295,9.854616136284292
0.17377593021378857,0.15141721457284837,0.7432252180467892,9.645858028894699
0.048747420623536174,0.12334908247322578,0.7521431745647305,9.612940861703754
0.022365686602853513,0.17286347250546918,0.6948917548913554,9.08307324435547
0.08122783041234677,0.17430058917260494,0.5402898319003343,7.599467707103943
0.10202083051056857,0.21285043825640768,0.607784765031495,8.619797228649869
0.13117602945097726,0.16697477626146556,0.6179224724086225,8.282477891531919
0.181057194239879,0.12269706195442132,0.6729875218402782,9.068908304569963
0.1915502278264432,0.14068540595411066,0.6201330183095735,8.425722287515168
0.19841937476604807,0.12311822646727225,0.6020748523747982,8.32471971704278
0.25598600917493924,0.17831817209433895,0.6854677836509302,9.71748613243275
0.17020646580237334,0.1417407339257758,0.687031713798707,9.403889250039265
0.16444830044431147,0.17019832551992448,0.7177917757927641,9.591388114064964
0.1418807428308062,0.14486888222311564,0.7156732327060881,9.53872544616289
0.21822369362068386,0.1135145374561872,0.7138117909330265,9.626291586838326
0.20520331404671074,0.08904006321571478,0.7162056038442155,9.660115803076561
0.13840989632850562,0.13759265857322373,0.8025284016936205,10.458462515044916
0.211671135962886,0.1624663242038818,0.6476292819325941,9.150650033612022
0.2130382634601559,0.13151585910489136,0.6177271227721999,8.630846446975085
0.19753653965626544,0.14407812603413614,0.636943938386234,8.690891298884656
0.1934279872454891,0.2566549843438944,0.5653464319035212,8.484245086783874
0.24410190887085306,0.17288375580728663,0.6186128269066972,8.795277031965474
0.1636120020997805,0.1891558079963931,0.6063853605683466,8.533969259697495
0.20614439343220006,0.14785649416532579,0.6102099251952373,8.501118743971634
0.24971348544457078,0.1339542229664713,0.64578276326497,8.894161455782996
0.24643007466068828,0.14036952374884332,0.6402197650132454,9.064427210873744
0.2761416341633253,0.16522077015686404,0.6378251869304952,9.281655430890673
0.24701730793944274,0.18606500028680592,0.6589850383882412,9.36335140332787
0.28205187075194754,0.18349509585798865,0.634391603277759,9.068507348960035
0.3184128010698428,0.1735078151801456,0.6043733754929983,8.941311887074807
0.2680492771825901,0.16623877004384563,0.6033010644579893,8.923521417973145
0.28965123721382047,0.1880402671197027,0.6355722591089054,9.15488915504548
0.32079293729421554,0.13135869411225354,0.692748411085035,9.755313053986795
0.3125003410501509,0.14734854756046672,0.7185335311791081,9.961131697606843
0.28328118813607417,0.20211503451858634,0.6164715207126997,9.116316931040496
0.2915096675122812,0.20562859607819,0.6337678302790377,9.316900595986922
0.2049453043962559,0.15188589087740215,0.6717009982522032,9.308287500000931
0.19705717011315352,0.2119280765336238,0.6436625856297151,8.808765278678552
0.19624214323638894,0.12928649546425847,0.7041244918840391,9.404305814219972
0.07963149281800574,0.14107776856840648,0.6649487805201932,8.706137647374785
0.05789705914699404,0.1209481319835096,0.6966384019778932,8.915789042368658
0.05430780562981873,0.19120487044447143,0.6446934225271672,8.607310906433131
-0.003373496167360189,0.14351167787396743,0.655039567627188,8.450425256509421
0.06509169809240016,0.12646416689815052,0.6040426862805731,7.790375382100444
0.08128372562612367,0.16769612213043056,0.5774110992618364,7.627984378043714
-0.014252549907113336,0.1971362060004541,0.5970492040059103,8.041687713733927
-0.03083616862060268,0.1090763114452794,0.6295249312414013,8.070784246654407
0.02266184604809805,0.11148410965409905,0.6706799393284347,8.350795892192108
0.039342813882756345,0.1384396952138277,0.6601798534305036,8.548153673047741
0.09779152398717295,0.16274146846137869,0.5857490217414784,7.9969805477258715
0.12776964251836992,0.1692345416629573,0.5752202018805163,7.817935668206646
0.05633294282354422,0.18055763327819288,0.6135445578908519,8.088853518472579
0.08110786009193624,0.16969443061758652,0.6230788276458711,8.191163737662402
0.01992794895665584,0.18793796366997628,0.6153146463611213,8.223704967938021
0.029953306191631675,0.16366439536954677,0.632619383854123,8.230612002911116
0.0418317996441391,0.05376385446374415,0.5586154477386313,7.189764222533179
0.06258065999815064,0.09016308505760649,0.5137596010637216,6.739938277236038
0.002074758463764449,0.01684332952752156,0.5714028468443902,7.184132822979475
-0.041396457729920455,0.004615255186450216,0.6314365931778771,7.752449613009382
0.0004084556259899348,0.050002985934055146,0.5946886695329002,7.473997887033609
-0.03992910280196007,0.05425564252912856,0.554418758742498,6.9365819835139995
-0.03536376491037408,0.038641591336941214,0.5823109866619527,7.256184310721678
-0.0050957001978726695,0.05095127801238188,0.633039714950858,7.745090799518184
0.020268950590071493,0.05721962526566229,0.5955920028184696,7.508605024732232
0.045704852522666144,0.05768829589713874,0.6134989386215248,7.805439117973432
0.04273063358920762,0.06696800202192908,0.5823643591296492,7.539499594101948
0.12083628441869448,0.11332450983284786,0.6256438539564602,8.173292854405068
0.04170589375196435,0.10293863283690007,0.6171744853871651,7.876997696730089
-0.038727916171020456,0.14423656956751296,0.674852960657952,8.452813189395318
-0.10229395072108036,0.15158642243594792,0.6602549363760303,8.455075541306872
-0.04402855376584137,0.22430105045227794,0.6129278247653432,8.17917712124986
-0.06070234408784391,0.17683104947409128,0.6048335348922008,7.83560522509779
0.04298551232349008,0.17498977441164593,0.6101850009971037,7.8712112976950035
0.01721588800813199,0.19136921294747272,0.5740015447702846,7.68823777037457
0.004891208857775487,0.19331937740564462,0.5623783781479339,7.704387896622376
0.01458274131635301,0.194114902515785,0.5841561004008101,7.612524531443531
-0.022720399966717684,0.18086292675066942,0.5759724644347495,7.500185490256886
0.02440475766893482,0.14230923367238862,0.5573289411468146,7.258793459336613
0.02134781045816104,0.10217321978744942,0.6120669733129095,7.667701147256217
-0.006835503029812366,0.1288065155891061,0.6138841010256654,7.728259709016021
0.02008703769796804,0.14529552428132816,0.589229283448856,7.524026663938074
0.007977540730016709,0.16324552134917472,0.5904610772585828,7.674111676056771
-0.021624126257341062,0.11720876598454226,0.5945488286368915,7.526084412461809
-0.047643262468517786,0.13277263829168906,0.5511620674104213,7.194976081157348
-0.08509990052741462,0.17964916625299746,0.6260557084332238,8.0005970104767
-0.11299829412478578,0.10582838398811323,0.6051782345000327,7.602833693378271
-0.04278870769727131,0.11692386044413003,0.6218025580787695,7.7745052962683365
0.010171831057288309,0.09976626954633384,0.6247136726948488,7.803415135528746
0.032765056687585246,0.06424980144179046,0.614824507330843,7.761388753403659
-0.02614599959299755,0.0821992356609581,0.6637676065969268,8.20170739076478
-0.07318249972512986,0.130579026938945,0.5618462680845441,7.2529808102985465
-0.09287852574614792,0.16309210424237788,0.5575206940303862,7.316298861917403
-0.15575571306363156,0.10870631007796028,0.5741002893563839,7.507501735334207
-0.06488511944721045,0.05101222606473154,0.6087321858866697,7.556705757366989
-0.06600127355653482,0.020353540428755798,0.5724881585572762,7.264307504723213
-0.06492541809505496,0.06336536520118019,0.5828904004456569,7.211079973211823
-0.038841459683309924,0.029231520651433137,0.595394672292063,7.375239052611716
6.886048255888521e-05,0.14417979461204458,0.6509784133826357,8.471773027821275
-0.021990401983476508,0.17274631207788743,0.5846983605271105,7.827856615572843
-0.011447855820013739,0.14487152204149142,0.5639134775490674,7.315485732493783
-0.04189761929855425,0.20172342006374164,0.5661594534219069,7.725084777562917
-0.06003206111051704,0.19060552581923607,0.5209413092100151,7.199411429480306
-0.005521757780614706,0.21597274419549128,0.5583639407618214,7.479802205053416
-0.03293418663308866,0.25127462948144647,0.5845320069018187,7.996047919097596
0.033869000180884117,0.19409989923529639,0.5838969562757504,7.805354364057915
0.029858850431243335,0.2024772275528727,0.5875640979286251,7.863129493127329
0.02742125274004888,0.23645417998797386,0.5558590387676493,7.6583605710378215
0.02600216447874607,0.18323343606173598,0.5875709572047624,7.731092039913968
0.05405138152343091,0.18810890099754154,0.568621718365621,7.664636352359434
0.06690191949257343,0.18320208692479092,0.6023364049699429,7.991073678338597
0.06928637991822036,0.19927365441528724,0.6375328959372419,8.464351689226186
0.07425354359790873,0.15920686360764888,0.6301985304050065,8.238326407862772
0.11526257503132863,0.18348516303299373,0.6092424258860175,8.1707014617188
0.14860104423480205,0.1815638129938553,0.5995538505819237,8.058834133799488
0.11437892085825224,0.1929510793047941,0.5867449740088507,7.968283994741026
0.17319459378247976,0.2044060275317509,0.665865940958102,8.877678174549102
0.0169137584628681,0.17055754912168042,0.5967487605166153,7.789441643693691
0.10712468264601877,0.17643280983940185,0.5977980643959212,7.979907524253811
0.12085340538791002,0.14894408110020071,0.5977886213967979,7.862446182642578
0.1074797148482485,0.12172707419729636,0.5717067780626914,7.622176628224824
0.11782327382694978,0.1215225373833713,0.5959507920851151,7.660565895253349
0.035419254560929724,0.09722265590876628,0.6606253779309414,8.114424550601058
-0.004824768225910427,0.154276708945541,0.5673695094376597,7.399011317213399
0.07353935366968413,0.10615151492772314,0.5419885284504681,6.905961241509999
0.07919908123471672,0.06703946208877891,0.6445857104678443,7.9497814695608
0.031092215723543246,0.04460540715980248,0.5541869875148573,6.945501841045491
0.00013376946274149576,0.10637004328353764,0.553052024080952,7.1477722930054695
-0.03537346799364954,0.1070352963239973,0.560039492172509,7.334995480993592
0.07797417851019975,0.13026754712816815,0.5800588860881802,7.631706445063827
0.10032528368150795,0.09484633048812706,0.6114450846897331,7.740826789075538
0.059914764274277485,0.0964730867284627,0.5859543745799063,7.700593028554045
0.032461874191237375,0.09944341398170876,0.597218484783853,7.666457770821995
0.04250172886165065,0.12206351820267397,0.6405491214468774,8.26391044549433
0.09041216649631459,0.09382129660972552,0.704452565562286,9.042965915081352
0.12602237808245229,0.12193579272259242,0.5900011299996967,7.804272005790525
0.08348906439886475,0.131782241981898,0.6214501193726218,8.011828608363436
0.1292601265562298,0.12916587241552582,0.5914196552979445,7.954685843981462
0.1034521643024116,0.12126213286711741,0.5514836299184336,7.288491513087734
0.13844361595932558,0.1045661648008284,0.5982194631796526,7.930981195256171
0.09481330357024619,0.05564313181381575,0.6318385775727291,8.25963888790429
0.09059310875162713,0.0337607949877427,0.6362189811686685,8.171279168557538
0.08214585033849452,0.08444556929985289,0.6832630385320239,8.631260218814313
0.07731345682652287,0.14496827321657657,0.630055607332404,8.31986937863288
0.03451376534045921,0.18902217504596813,0.6316997452690257,8.475527268837297
0.050114890233892324,0.21404908261069816,0.6100292547007087,8.253464700466802
0.0507893455851417,0.20071272031479803,0.5882902241490828,8.11640340831744
0.057920429991475626,0.15531931826141618,0.5847900529859696,7.869810106552809
0.13866147360080916,0.15424924100619092,0.6591489556964416,8.730860093979874
0.09700376458625276,0.14719251818445925,0.6248311835797201,8.327831589935993
0.0232504273433428,0.07192042307183613,0.6176130132248049,7.860982564555691
0.12711708873495653,0.0872920657465625,0.5998817633612513,7.802564863027368
0.08058396616205081,0.1020161512405589,0.5884526390828838,7.615315668856186
0.10032254210932628,0.1705067476878319,0.6375526076124809,8.42580364054835
0.07740878758600084,0.1636442872162862,0.648039820250363,8.353847973943948
0.08585432546212593,0.15878803823962673,0.6225929111618141,8.130336172413038
0.1318611454027589,0.1392653975377965,0.5911691515696421,7.820088765254668
0.14068599696915784,0.13418401275841624,0.5946964688696987,8.023212392472788
0.09149922068848713,0.08915637658001135,0.6360309192722411,8.359886175939248
0.10996643404562417,0.09343240861200722,0.595976683067397,7.785283923788627
0.08013938552233021,0.14824980887910294,0.5793035150040072,7.770808196223707
0.09492219447350798,0.11498795513886155,0.6434080572136619,8.362791730999072
0.10654809878494609,0.10508297089714601,0.6369750114553528,8.16172722692785
0.15197591936118407,0.1399576205997158,0.655471756062257,8.72437001147698
0.1033446439790791,0.12061908882431695,0.6575912497914528,8.505139057966241
0.11245069670820575,0.11532913988209062,0.632005848878372,8.29060419364062
0.12674948047055395,0.10571052581560822,0.6159374045110201,7.968571018455575
0.04599904853896575,0.19134517962253045,0.6191329386557209,8.128138410783354
0.055119551949080615,0.20659105923627386,0.5629109019800854,7.874398014283101
0.010222461898996161,0.15262201351157928,0.5897970656277295,7.812970529908138
0.058798008104867364,0.13116382409780278,0.6208450426720032,7.987440663764105
0.037490930282934015,0.1988212806026654,0.652382833768468,8.572708464603041
0.037007752563729915,0.18679556644490045,0.734580702835461,9.428654942343767
0.06518998192497788,0.2118988250806,0.7184353109098593,9.518860280508209
0.11428740353967705,0.1521371990766765,0.7535596084487703,9.704926805310636
0.14887464505236533,0.2055293106009463,0.661167384473405,9.01702346190194
0.19312295890951317,0.22139344884584328,0.7239240662998042,9.763423971501425
0.11407900504605542,0.17702020515271413,0.6573258175212584,8.56814498194487
0.15386337184985954,0.10034360161677895,0.6425814802666865,8.511546747716487
0.17607963672570234,0.16825636337679084,0.7664059594345399,10.040191973073142
0.18679081351548874,0.09447932879921551,0.7070727906670317,9.254484221580414
0.137753367989933,0.10456034242542775,0.7133775718268879,9.107463065662046
0.18970792207209267,0.16009648834674522,0.737702069754288,9.744637631307643
0.257880170795216,0.16664354818258906,0.7380051520095591,9.929123944958693
0.1774806133155042,0.12611845571252067,0.7229691296971523,9.403150768516594
0.14489226098247668,0.13386892740844064,0.7167341991205862,9.268603365912739
0.14409518525521584,0.1199126235737947,0.689889706941153,9.041485791348364
0.07724911058389707,0.12182422141694187,0.6939449778270012,8.8030659547201
0.07172773776840405,0.20239068024368792,0.6633126408168891,8.691538797535307
0.059849699272215326,0.20441452515737743,0.6611084310440971,8.585094516172585
0.12283870475428313,0.195614527541776,0.6284037322557311,8.325751389240834
0.16088566366767101,0.2244442883207739,0.6166813501166315,8.604140390578804
0.14218039499453947,0.1762061319976673,0.6206204365599147,8.266585774739799
0.13439241582629502,0.19970731507019876,0.6611409722295012,8.804471209340713
0.06511422514275121,0.1610960769766634,0.6269537636695318,8.229665202752432
0.0892426871704502,0.16800777845570894,0.6207001794611646,8.346759351879061
0.13010970653845788,0.18353251968945222,0.6424293475404149,8.455913379003373
0.10989514864980311,0.15328721108902008,0.6509903101095972,8.370495106835056
0.06040308134941166,0.13025145342721953,0.6828819136931843,8.578857671583608
0.016103898021807117,0.16980740586940182,0.7025383412536517,8.930189004714503
0.06327912589300842,0.15624685678194042,0.6521910754220461,8.376910844010217
0.10534774611906374,0.14045092259776193,0.6706181681755085,9.027580898253909
0.09771291487003907,0.19638946292890788,0.7110605829108149,9.320823828379295
0.15988403857207664,0.2292302932517222,0.6819094559010649,9.166008369537478
0.1388474655538101,0.26760970027639697,0.739732890274977,10.07391178946546
0.04603041863179053,0.24606815823283754,0.7664055170051769,10.054401931208943
0.04298467153049715,0.2422500540579561,0.7095014479763557,9.34544376516281
0.08811769241060188,0.23237712440398742,0.6302890280806556,8.55147108795945
0.04396355231806257,0.20429772690814432,0.6728809454355433,8.767234028896445
0.04957123011149502,0.2574617235945339,0.6110372452062904,8.405602330406326
0.10841014848830095,0.2014282762918157,0.5640336197117886,7.575572427724524
0.08205454172346202,0.19764168509951585,0.63986765347616,8.388800821007196
0.10161633407389356,0.18862955525511316,0.6314909934082321,8.352776659999966
0.100014368688957,0.2862125048571738,0.603314159222715,8.304051238836891
0.12806213754825688,0.24675898036692037,0.626950346954439,8.556902323201717
0.0547768604276169,0.2406593561135213,0.5299141663947782,7.286302520302339
0.09123435563529667,0.23588796588708244,0.5164884052886174,7.276672987164596
0.07576645620531378,0.11638623134895454,0.49335810988013734,6.365038678244056
0.02500602989031499,0.15434520547298072,0.558843678600771,7.285588340016426
0.03413048553486544,0.19686106949474452,0.5443161151645691,7.3066342890758165
-0.04489225541818702,0.20711845867964523,0.4911535158473545,6.8187847845694884
-0.01212959363791009,0.26704625796978637,0.5198174622516099,7.246582324686828
-0.02310643041859286,0.2456510963770041,0.6011054390820124,8.186269732662362
-0.024429449012521066,0.21532490078893718,0.5763471223381921,7.639934509686107
0.0022499140273310987,0.24111273486336882,0.5334664582793383,7.2248157752357445
0.07705216025323691,0.2409919077679295,0.5635216194730377,7.711505215584606
0.0680920182997314,0.23879103620430986,0.506086738050451,7.00471464702877
0.09462366223500962,0.2242968033387547,0.5516128601640662,7.328130211702955
0.10980364606633945,0.2519340624768951,0.4784472474082019,6.802600520661919
0.04535563126336814,0.1739596437450512,0.43438938016788087,5.937945105537552
0.019265125916171383,0.19110058969831017,0.5358248033741717,6.888233921975355
0.04585522605807815,0.21523205005398913,0.6541025759420065,8.318339663729372
0.05883923019779719,0.2142357953655925,0.618015821891556,8.099493703857721
0.07045441204320221,0.1948533268276953,0.6663607055456495,8.402950264304906
0.007603802582281774,0.15118503214302292,0.5979986322063277,7.520300002183978
0.021080016567432778,0.1918727037344758,0.6272449507388346,8.059053384729772
0.07599863880517714,0.1844963648692703,0.5957998033377997,7.757109144011533
0.10183489134998112,0.19476572225399374,0.5981069477095748,7.902327636161963
0.09452710483068798,0.2114749238417677,0.5285565550058081,7.3051847940286105
0.07143415058696467,0.19421428986284558,0.5786734558735745,7.696564892276115
0.051361032421787634,0.1967824594496395,0.5537999934052648,7.297436170630153
0.02959019228854073,0.16435905213683136,0.5800995570151046,7.3746857828575445
0.06626716625336478,0.10502539071760801,0.6509690010965345,8.423316547820416
0.031734760397126506,0.08667122655171328,0.6511289272359007,8.098315151528928
0.05126473274903678,0.1423014970239973,0.5674640220325426,7.5776299510613745
0.046775934900767736,0.22714356389015597,0.6329812689674421,8.412068982984211
0.10490464928271538,0.21505695846519665,0.635793689748325,8.50750361059248
0.05773516169338673,0.18351622426280964,0.5926745687407622,7.785640163210166
0.05804438870278676,0.19248924784331867,0.6101349190644656,8.13558364006385
0.10732996317864352,0.1384587421052207,0.6312596913998798,8.10251030302559
0.08396787473970128,0.11129018549356832,0.6428728687615215,8.217859209677098
0.09290192826012456,0.09161093943481947,0.6477031684459255,8.3347474229283
0.03765197890660473,0.17131448842481037,0.5222486070594428,6.880898980249363
0.08242285863386416,0.1119025014715917,0.5406612631354135,6.849277620019826
0.07471801379525543,0.1610888266186125,0.5614389897522352,7.237289597348048
0.096371214976898,0.14112326647071727,0.5597866212092324,7.262408617774208
0.11888814191155511,0.137716592113481,0.571326981473506,7.285489323722864
0.12534424765073554,0.13419445851797213,0.5702581931386624,7.3844273726185135
0.09501322648383274,0.12681297374807862,0.516082523296857,6.828684411108261
0.05302633695525355,0.1347056787609498,0.5500466239506518,7.110985917266197
0.07988952176730912,0.1592372174921383,0.6632135368584723,8.434197171071672
0.11786213775688201,0.17678337768572652,0.6764809434910874,8.770220161453379
0.15433855639213176,0.1436744934542308,0.6313894698758263,8.409912982862652
0.0759752892680385,0.11244876767066467,0.7102112728897216,8.763410212275883
0.1556726486380526,0.14344148108504823,0.73053441300858,9.456670481701309
0.1384333643942932,0.08230022170389523,0.7076992251659964,9.026481493083981
0.17388328476898712,0.14529478217587063,0.7115196841492053,9.326383568046564
0.10619097354479339,0.1654561462367532,0.6979820742725047,9.040357539149623
0.08987081067456731,0.19580898686304118,0.6730987396587689,8.75098119360096
0.10189797320779753,0.18284724461144597,0.6693093369028852,8.654597112496898
0.14059872250184718,0.22881918659193703,0.7098017553165734,9.304188800638924
0.09828739135937353,0.20278576212510482,0.6827961001045554,8.906581168426339
0.1552302252166884,0.16299795051314572,0.7044711844383309,9.259855406481437
0.11604887093332834,0.19528637750822464,0.7085438515701793,9.393890305914121
0.07154687582514352,0.17802384009368985,0.6965854529336112,9.037126438401957
-0.0015666122167894093,0.16661970069100246,0.7348393503644671,9.457843291539648
-0.004328963637171067,0.22054093690705537,0.6941095825936899,8.96372364856573
-0.021923728418899457,0.24628968762970732,0.6245951176492063,8.389497466758261
0.027203287995313723,0.19166821984355945,0.6058634659494356,7.874273678197496
0.0397331894744763,0.1927801390104002,0.5848715665903829,7.672245856410999
0.014341673210276452,0.23848454290163107,0.6395186374903304,8.543040745836517
0.00755139197370386,0.23384162499474012,0.6611986317411278,8.864689836221403
0.16220497809843495,0.20339317200786344,0.615096301291889,8.280998975877122
0.20840029718471018,0.1519519563150984,0.5821759879778484,7.73426844666822
0.20495787791719441,0.23067152705012978,0.5545017544147042,7.769128113577962
0.16028962069248665,0.1556994148226476,0.5171826099116945,6.948750876208999
0.1337657742404651,0.1855773399507707,0.4719314659663462,6.589268485274592
0.1506565855647109,0.12765897617235494,0.5123186331004024,6.78259046106427
0.1735422426605645,0.15967019056020662,0.533532539421563,7.159403082480335
0.06398109376233545,0.12778297922794027,0.5181526477203492,6.959045284527023
0.13078886868742573,0.1917721224091417,0.6149680107279281,8.194525750711026
0.10626110794206817,0.2281199881523537,0.6090011242076344,8.059763875377149
0.09850419527276708,0.2037100028046012,0.574505317122508,7.755774014126554
0.10748011488804939,0.22293112138904042,0.619533662941165,8.243623128675436
0.13551265146964073,0.25780228338123035,0.576627130942305,7.885969907725117
0.12229538805828569,0.22750737769396145,0.6098774379131605,8.167799138201799
0.10557709773737992,0.23193061577340232,0.589877183641174,7.921861393883992
0.13054780384016818,0.2370065964009577,0.5926440455692167,8.066912851552736
0.13043760264227014,0.19745379861211382,0.5514414345290701,7.426591554701368
0.12974486237506969,0.1780940768927378,0.5608723668431409,7.413640031261556
0.19821326657033192,0.2093715942841451,0.6257685105079412,8.39947536704991
0.14113697058120347,0.25716490433729833,0.5803058539250386,8.110864488382756
0.205015622726573,0.2115368219035823,0.5586811699864013,7.799022631744325
0.23496238249652332,0.17538804537227365,0.5624716025379651,7.785894007686375
0.14473868647213903,0.20111135464870744,0.5681640781100605,7.70195241907295
0.09971684778933503,0.24251917254663327,0.5532657470686897,7.636042337996129
0.06771914162972782,0.16421254644759897,0.5929559748799489,7.564458752801278
0.03701060411762764,0.21464050405509755,0.5446546769471168,7.290949782566588
0.043969692687020535,0.1789247041873925,0.6098462620614953,7.841353346979057
-0.005468736243068054,0.17693208235634791,0.6690598979337393,8.452974069339222
-0.004897947037480637,0.15673281527751876,0.5795276985461814,7.5110491849226655
0.024649019798710807,0.1632220186479173,0.6435121153062971,8.18128655987379
0.10869647290833921,0.1860373419483501,0.5868355786703017,7.691561136262087
0.08639773416654972,0.20132689604117268,0.586067765816346,7.774034252000987
0.14600187962961633,0.21100345730363745,0.597314180872096,8.04961946889594
0.09832360032544996,0.23037423992406614,0.590701224584094,7.809791115622685
0.0759435631748646,0.13679682493894224,0.5916495579824567,7.511677605512056
0.0025205093141959147,0.19257958347344045,0.5983040801485524,7.692866012169366
-0.014225252637817508,0.1674510166895609,0.6335635081493599,8.155836642474693
0.0518996796399764,0.21593692935688819,0.6350256855358002,8.506149713354537
0.00435865271926156,0.20447338092206802,0.6069600718978737,8.075999214314235
0.03575160997863871,0.2634956038638849,0.6193263603084,8.348570360155014
0.014788626278619831,0.27755357272162806,0.5732760891653251,7.926075064558463
0.11436239861032851,0.29036636751346656,0.556997792085837,7.9540564443476285
0.1588332432340579,0.2505145929542576,0.5861829091416786,8.24483971090662
0.10042180458478879,0.265403028809736,0.540102570799516,7.5106804682059245
0.0813165764591496,0.2470143258688198,0.515313554606607,7.479011828229049
0.058118077266989095,0.21261764452429444,0.524089362622623,7.31657593198016
0.007020035486818578,0.24911445309211291,0.5572545297408149,7.612979317979384
0.05459644384507248,0.19555445024554666,0.5414924672677397,7.265521393902297
0.07972299109912309,0.18962411892870842,0.5043085020262357,6.994224230613862
0.10902640357382797,0.17289950651207975,0.563977575869492,7.435019600906721
0.09829311840409014,0.19945639302626986,0.5777816643461651,7.650537845008012
0.015222046535093726,0.2586472936522442,0.4796436883705652,6.8334689171153915
0.04169388362802727,0.19179298934185712,0.48752828435055146,6.552938444215212
0.0880686554600818,0.18100311649820372,0.5092808317159002,6.895583752933988
0.039333835358662486,0.2095294511342297,0.5095735364360355,6.999580825342902
0.03013158060013999,0.2166892547909479,0.5536820212600668,7.498395713861238
0.04954668902124355,0.20747337047586067,0.5205260097363048,6.998680346260046
0.04219055860407863,0.23685249234074696,0.5636147100367715,7.526938482754887
0.011503520153329838,0.20406138011536615,0.5613515809811751,7.173195921651781
0.03764276340984807,0.228626231766945,0.5411723092854345,7.33742971667054
0.06256703906080277,0.31605759835295766,0.5190858422280106,7.583350431489525
-0.013685710816826215,0.29137156199291275,0.5640927108304871,7.830251453189653
0.005907014343930562,0.22494487161236798,0.5522609738950269,7.408087906255734
0.031558961380873767,0.2511755959114243,0.5624939075640829,7.6978251710257775
0.08712210121615961,0.2892506141430611,0.5411250090317203,7.5991510529724335
0.0665331596259483,0.21390608862879948,0.6054012814579313,7.7578636850961695
0.06371984685704762,0.23482269736070274,0.536501776839734,7.218895359237583
0.11417439986361648,0.24590251807481162,0.5303422117472545,7.495130154702748
0.147429186480234,0.22025772803659807,0.54657805497,7.464314293625668
0.09372646348567823,0.21243218277150414,0.5372996664518028,7.374766598948532
0.06205993333150991,0.2579861773269827,0.5391407086686466,7.50046911974824
0.03842817654234097,0.22023557515392406,0.5084554791575367,6.936986702532518
0.07546425147715989,0.21692714083797235,0.5046792950862803,6.926532794925858
0.03490971633390938,0.2023026005577955,0.5581235477091612,7.344911151689322
-0.008967660722134759,0.25362518750896773,0.5320982392139304,7.637093388956088
0.09334410743838616,0.19053283691893153,0.5494281721522435,7.563994376031259
0.10722095124354511,0.1528644711934648,0.5756123580650456,7.5047316891917175
0.08369948768106118,0.12670339498833078,0.6148068975123714,7.843103763453776
0.08712312559098345,0.1654187006929808,0.5831509985549815,7.6979721094447
0.1862109709729024,0.1784350484047354,0.5661746725474708,7.830676481440584
0.2025144624803078,0.19889972388816884,0.6491387335344597,8.649338137672846
0.17766612357523312,0.14554693246391986,0.6411440972328032,8.658482877045827
0.167913335571057,0.23001337679064301,0.615131199558969,8.440719475021737
0.20531421340396652,0.27094145560153826,0.5581669848532791,8.159851489144453
0.16480277055913561,0.2545790772508845,0.6010297019720834,8.380017582183758
0.1515315994099689,0.2445475247754455,0.6028293149287751,8.304509195364494
0.13937562108450255,0.26980680182123395,0.5595299509872772,7.821292361327659
0.19580996968639652,0.24440203084403198,0.5729205360613858,8.070643072459278
0.17352805746844954,0.2641211081372969,0.5670037518894163,7.999827126830619
0.06225471604332723,0.25442346877615274,0.5729212657328787,7.986533870600182
0.11857492693195994,0.25687372779953677,0.6608737793284089,8.884179452976397
0.10051598371533393,0.25453775227013226,0.7449949699860304,9.83050697600033
0.05996462596496211,0.27304165895855365,0.6757046715422198,9.087485606513116
0.0638517832024469,0.25282986480365977,0.6040365749456615,8.208714337896168
0.05953199499912883,0.2433783548177651,0.6124423237324333,8.323139578960784
0.06983564017488388,0.2612098083552037,0.6025031130758567,8.257213861595917
0.05384296731926681,0.2401234465793556,0.5524654414627956,7.551846546452518
0.05360368971392379,0.23354563266019648,0.49057711317005037,6.852424081722079
0.03246097351249725,0.2400903601609163,0.5607860204745962,7.515106592998778
0.07966383324531229,0.19236192321161896,0.5474652856490279,7.496873415303284
0.08264581558453032,0.26260726644042637,0.5707846737670849,7.86760076017924
0.03072624028515719,0.2295721917212959,0.565527592081182,7.50702476550141
0.08447675237448518,0.22013215637327144,0.5672259315499739,7.742487665006489
0.16812322344691558,0.22312541578492265,0.4965558471210129,7.325122269664895
0.098363199998174,0.21623871710801867,0.5079807324601575,7.012464421776973
0.03073025409817032,0.231209119511003,0.5361055105609918,7.10803070847104
-0.004321177772156784,0.16764915967670282,0.5777477716196078,7.371146508578143
0.07236492560695251,0.1958194270269505,0.5510323562463217,7.318934304802388
0.09723336859187648,0.16489400727991835,0.5740131675597087,7.544223239878422
0.0721390393979745,0.1485043368167725,0.6429501988807145,8.128251130248904
-0.00015058311339496985,0.13742613797746672,0.6290494011854766,7.907576598838619
-0.06585610883169028,0.1564111397031972,0.6122868153425565,7.7786178538784485
0.02368579189150607,0.12064914534462433,0.6409712319670061,8.13540969206552
0.02403615624334795,0.1776977241128081,0.610187433757731,7.790730023156818
-0.02317865154817045,0.1507260399900546,0.5801490205925036,7.568861714675764
-0.0860633007580214,0.11412825731826984,0.6440599200748287,8.108399846904389
-0.0007418756435205235,0.14700072586578633,0.645692156470626,8.129523438577944
0.014991546032898026,0.24229857169506125,0.5624363882498756,7.585787298062725
0.0027688767414736845,0.17600987997699277,0.5432729147935609,6.980549476310875
0.04121162754166247,0.19519125440210483,0.5391127432895391,7.2998615391539525
0.001401827432537912,0.22901440300561496,0.5864814686430985,7.709603102196714
-0.0344983675597236,0.1559982462657621,0.6136858457183184,7.816657481769241
-0.022628636952361354,0.15590624464159147,0.6199204139632485,7.885003423001465
-0.0454614431559982,0.12916564478216025,0.5743432829530182,7.228951518320415
0.057077238770739315,0.1950333165379094,0.5327599520712046,7.1377241631431545
0.03310179143168386,0.21815798440322717,0.5283365162887614,7.276904087860712
0.05799617037521641,0.2054669887847237,0.5285724245215218,7.076597264618769
0.0668320401596482,0.24064686532841914,0.6128815935607216,8.103727691559863
0.048046541048987514,0.24687942805961993,0.6098100620075418,8.217691718940095
0.04065983537816627,0.20530189759552037,0.6044782601768521,8.128417468595467
0.047434183697389797,0.23442052543053182,0.6587425415868069,8.777206522258194
0.08971594358098897,0.2953316075928535,0.5834663373480248,8.341070516594138
0.04062687935349001,0.22669066292293838,0.6211156363551342,8.20487219381348
0.022330436629228744,0.20657470994156593,0.6361670497462816,8.336948750828357
-0.03456541838285296,0.19385394779264936,0.5738456779619712,7.462227251767051
-0.030244234747570247,0.22357980228262916,0.6048457426224988,8.005055667433371
0.008496118432423158,0.1514863334979784,0.6111345861541326,7.724862169041938
0.040930526365070725,0.2252447169116004,0.5173407588317741,7.161596680383882
0.048317272114623895,0.1372608637952621,0.5681679939287556,7.145122153365025
0.017180522157867285,0.21348067810436455,0.5833739302858837,7.603912197943234
-0.038337820475117135,0.15758982161628968,0.635973202720418,7.932941078195233
-0.022234048141598135,0.11384343916447469,0.5945358729071544,7.484905538432046
-0.010285219013795763,0.12639432714826968,0.5924875895811036,7.259564163496346
-0.04528308618813861,0.11041827837094748,0.6209791751524782,7.732606006915088
-0.014061109034670389,0.2137931921217291,0.67111457128556,8.630067254890383
0.028887543643063365,0.18471742138969693,0.6865008619174249,8.746803548816153
0.005029243171440428,0.19606782246079818,0.719747611527773,9.155417137795865
-0.03153483265434215,0.23349562011627392,0.6945766464522469,8.991472386264553
-0.006824950868001391,0.22613740832118426,0.6406353056800721,8.3110736880731
0.01292301563243963,0.19512115404802466,0.6485108443384273,8.246686017850099
0.008048432203568334,0.20581594419297924,0.6264194646907233,8.016654622589321
-0.017593909211382933,0.18112979063766457,0.6163820450595283,7.892521316630641
0.015986597554237668,0.16488446160944253,0.662415593875027,8.224928963254943
0.03160692804397877,0.1703727018171695,0.6379261703638145,8.209372728224249
0.09059196847986804,0.16207839775819685,0.6539279383362123,8.48062844415679
0.08778109744214362,0.1798237448808351,0.6369848892739897,8.24876292632735
0.10135490070900136,0.18850975490225588,0.6228613897836472,8.21451148489948
0.13336872946547235,0.2174517923206725,0.6226340056188682,8.341400144574937
0.041978238080786115,0.20389132094868154,0.6189896507888484,8.24491350627564
0.10853933928499848,0.22157991801108362,0.6076188486758164,8.167934623506811
0.16594411049380475,0.20778901293228777,0.5536395480360167,7.847138066205167
0.12100274603389226,0.211558539726455,0.5524774183337451,7.436817997050126
0.08583207404975601,0.1776972108392982,0.5533774936678799,7.2901092596960755
0.0028980550554915693,0.1891042968195771,0.5450129945256768,7.101451539906936
0.035861721264736954,0.17032873633207996,0.5047470634025226,6.68934941903076
0.03330502570149335,0.1707646939452485,0.6456549025026731,8.177668958094705
0.06386878518765765,0.1793011060271444,0.6635107288660397,8.358653949914784
0.04666266320386156,0.2565600352621532,0.6013728027276435,7.910578982107756
0.11523150598813166,0.23794210103339422,0.6804972286999683,8.85328348647116
0.04536926372796423,0.24940071953674453,0.7070214680603906,9.225009297488675
0.0866910719026092,0.2266222434985287,0.6639878749942885,8.726386970513488
0.047576100727422244,0.23973669077551993,0.6425511666948288,8.391908933898305
-0.019385044523659963,0.25386945874855904,0.5806972238789451,7.861246250379315
0.04532354477663136,0.27755461659032143,0.519012811482,7.331925627623038
0.06086793974446752,0.1981806584044924,0.5839741490216637,7.5990400368503375
0.025414373913229815,0.2239109700733457,0.5664708664743768,7.485124170189153
0.06958095938203028,0.23995173345657073,0.5279534992133535,7.201264506261884
0.09829716368274789,0.2574918175383272,0.49695477846190445,7.048910099126718
0.11075233734439771,0.2680341229229592,0.5159591090344907,7.419575392202464
0.1254121968550414,0.23128136167113578,0.559056709523918,7.63305228493652
0.1034889908823717,0.15539570820380094,0.5417133275328926,7.096804428505573
0.05659968141953169,0.190891254527324,0.6213984149842339,8.042276076993714
0.014804856817199511,0.16526691152743467,0.6434678138023041,7.996834920036371
0.04034427625264028,0.21578353849148746,0.6379983822663781,8.290359872352239
0.09083497438012637,0.24372992747671435,0.609943565366905,8.155486416299379
0.05175465673175803,0.18288755868195591,0.5753902864253253,7.307583068628187
0.050823176077035716,0.15867431092723844,0.6240415638726662,7.900267407999264
0.03016012005903023,0.22956792752685073,0.6559708243992997,8.467419311804742
0.05813065991500865,0.2682287614193618,0.7034646301135509,9.320292119697228
0.09758217118994317,0.2104637688807161,0.7024723589828277,9.064771068959972
0.07045409279182234,0.1909702833367786,0.6899770835291098,9.118266065392051
0.08849352015724356,0.24928612420119434,0.6299637921258229,8.525704652759584
0.1253056479935051,0.2307886854955145,0.6236700856967072,8.500738064128235
0.11089762317031134,0.21739695567257344,0.6265583513350127,8.279248681866791
0.12600347841537854,0.21444924247638658,0.6183023820882954,8.251769116481558
0.1450699556955076,0.255574401596359,0.660763334942878,8.942633008922165
0.13404162135561648,0.2436905262192066,0.6112248292554717,8.407097818016261
0.15569111013229836,0.25817998040624573,0.5747379813914499,8.247444278530244
0.17610612855688193,0.1889202337134806,0.6714139529188372,8.969389731327409
0.0818411040749924,0.17941506490146808,0.6222980311066469,8.165265383078776
0.05364332717842025,0.22033432170206926,0.5594615460419041,7.544276337653502
0.033754175542579076,0.23362009774552886,0.5997737033130275,7.894119654519125
0.032789915269041604,0.20971272175136121,0.5875792748542651,7.580169862273456
0.048589084570176126,0.21248605626007372,0.6679821975143131,8.660309410603238
0.014757601148311032,0.2931143362189806,0.6190910602123533,8.661153851500314
0.024922427042473154,0.2649926449823596,0.6033327168144388,8.406289959146967
0.026803631663690906,0.30632912725722605,0.614714294568973,8.708520797326988
-0.012084446383070458,0.29343663457323743,0.6065152712985113,8.300427973296422
-0.026877730396338083,0.30937530119045664,0.6033190008040292,8.316752045273434
0.01870192698959814,0.2654936802974957,0.601967757567649,8.164873907753742
0.050534706293120665,0.22095426009475985,0.6431928364061762,8.341556137710123
0.12196769455322629,0.23118192105658247,0.6191651741097675,8.658703709024921
0.12058392131251158,0.1456856467256661,0.5632606487925919,7.674712081463326
0.10539339693701207,0.1873721274100359,0.554734482686769,7.588743664186956
0.1387442508351206,0.23338481530859898,0.47606513939748035,7.1723452544177695
0.09561859687275572,0.15935462234618977,0.5279006589801679,7.285226807688016
0.09687221514588862,0.18065182799499735,0.5540154721973465,7.425650697623158
0.1689997176553369,0.16496565110387823,0.5697028089680762,7.805156244211819
0.1751920529438313,0.15169979513685256,0.5726815708031756,7.862343396611414
0.23866068831060896,0.2276305765498083,0.5972258064000211,8.580439134335517
0.25747900842278265,0.15125513797394563,0.5627954890899767,8.281462442363752
0.2018137685957909,0.1371139239955746,0.6288176148476339,8.458401143755632
0.18235566101548004,0.1551432223012535,0.5905310073347839,8.107635097315207
0.15670564837752649,0.18627992157692536,0.5735898290433438,7.952652053563875
0.0811842103088043,0.19406061529005011,0.6228333044170159,8.198821277873705
0.17392733135227137,0.18488875207723793,0.613679909399751,8.308382768742954
0.08814566093586498,0.1667071294463452,0.6974408962814206,8.998838695696765
0.06360227067984156,0.1541253288992532,0.6563355010014813,8.303271041218975
0.10902071722752979,0.1421227307014761,0.5927930983031814,7.689974648665932
0.10799577831385831,0.15961188331759352,0.5854702886485367,7.6543288783138665
0.12294584759514544,0.15223783655973766,0.5746147881230657,7.533782670291591
0.1274488026480952,0.18374733552404401,0.5921112078615272,7.930730217924434
0.07180940651450399,0.203917269511291,0.6404951616585591,8.365180105894167
0.18484086985202236,0.25298034079524717,0.6302473027208201,8.84209557389325
0.21408320509447026,0.1912698467343132,0.6461157962282417,8.744847499645335
0.15193172848478087,0.16570062995894597,0.5561930561904227,7.601820702365135
0.1127808979266523,0.24150598818570349,0.5193950152149336,7.491054284699568
0.09876570780482208,0.21929378141047987,0.5320571199190423,7.4794602222990445
0.008464956800064722,0.27128441486284266,0.5619724735970815,7.726377485812744
0.04403420974595286,0.2363124794406166,0.5284673269932696,7.24364261827161
0.05876591170554359,0.260968004531104,0.6184380907781227,8.332001514199055
0.1275940175434356,0.21707042912122834,0.5227111859908781,7.411178480466203
0.08792086468482531,0.22262790962453058,0.574110984584275,7.698620537535132
0.1239285441756192,0.2512505949678774,0.5256105122026511,7.455954310168059
0.14299260624043822,0.23853933213122192,0.4998141951854976,7.2345538930095055
0.1433679257663972,0.23046806994068778,0.5624153592221447,7.777501951370148
0.1326067660780411,0.1925859210525121,0.5730149744642327,7.708333302559051
0.16958087583162643,0.22563019525573214,0.6319130488433933,8.50312691349433
0.1884189915329738,0.25207701661141646,0.57473451318651,8.417014045019634
0.1977747262500848,0.3074184955822862,0.49407730059503024,7.887903585710911
0.1730122650702158,0.23322673631749796,0.4854318191362173,7.292392193198537
0.16248121764400367,0.284106639176519,0.4956130807708358,7.50371112965067
0.16440484930924357,0.2799846212789904,0.5612733369510187,8.030574621999085
0.08474637270373629,0.24769926557288252,0.6273004782939848,8.440724448258571
0.1053415757295594,0.23179588371740012,0.6116477789350862,8.357482106704817
0.0767581257294743,0.2705145928004695,0.6189484339429019,8.456762857318697
0.09359680814260328,0.28813403704412766,0.5965603171765477,8.25849996855499
0.03586679297284676,0.38542629427416686,0.564724105844502,8.852442923731072
0.0895427062479053,0.2958629567404728,0.590339633768292,8.255488693095652
0.05234698864218651,0.33121719283647666,0.5928815894638232,8.509579842343944
0.05752810845510778,0.2725547437088567,0.6495265144549718,8.760871526484745
0.0593896448752317,0.24900259801299623,0.6564766607325965,8.712107648676977
0.11788428543050576,0.27238418015035,0.6656967086751988,9.034818720556457
0.10864755807523993,0.2517958774070001,0.6474717435036285,8.85595690818118
0.1016639593628793,0.2539973547579939,0.6175667910607029,8.446632395837225
0.17737565780958223,0.2948977005248574,0.5858531653615436,8.53805951681313
0.13554563194512773,0.2676832129942202,0.5536984352113821,8.012912390263706
0.09954433021811737,0.2538305573833278,0.5692030144421759,8.08627174462936
0.03201151007565471,0.2741930853639046,0.6482276928000102,8.793774946367996
0.06840929093072053,0.2560382367261574,0.6090137750212207,8.334023107056245
0.10408385521332279,0.27323752979464355,0.5990359839580515,8.319920965404371
0.039604017379328484,0.2982015974552251,0.6189566249538813,8.767369098431516
0.05645971285385303,0.2992822826795329,0.6533204533801358,9.033231555897169
0.051535621874289776,0.2822795764863322,0.5836309563246015,8.201426217717609
0.13627760140419615,0.24553962695295217,0.6440593738860849,8.69696157798567
0.12086822754201464,0.21380867606559067,0.5896312661833099,8.061778670313032
0.11071971619658592,0.309904236776084,0.6424209333727169,8.919477332432766
0.09349253438308618,0.2593617321864735,0.5981450938308643,8.119298927003957
0.0988262179907527,0.256285654644648,0.6032111090966461,8.399126633357339
0.11860214234287969,0.18689373156057862,0.5658886769666456,7.877471138428239
0.18949390311521952,0.19848613652893604,0.5752387340536042,8.096369804905827
0.23529818200198757,0.21341184066490404,0.5819772560348667,8.38964871329712
0.22265777304825254,0.1895251472857241,0.5677503818196941,8.054451396359783
0.1536448319931396,0.17780360828619324,0.5902908316710338,8.048039589652662
0.13980490817116598,0.23173685243918363,0.575084885915388,8.036208157688995
0.13323760763331455,0.282764130386607,0.5688144477191616,7.9718067468614375
0.027017962830316322,0.1927191914552283,0.6348402743950914,8.071399299996997
0.07862516141266965,0.2139846861560221,0.5696286685331436,7.754267435169105
0.10558185259075573,0.20866673109839856,0.5688720947864133,7.668720507945613
0.10383241869717905,0.20766122805779202,0.6342572471704734,8.40571638137803
0.1318360803811813,0.20726373764897352,0.5464516045825127,7.642232064569671
0.09020691706806953,0.1761443324803989,0.5085215401858563,7.148168035804792
0.15115512373681098,0.19215418296741188,0.5710264031311973,7.784560945153739
0.19968217673339372,0.14817979557188254,0.5827454368112711,7.771829657657818
0.12402383400981438,0.17510800452923994,0.5804855593433306,7.680689986139245
0.11325731845333271,0.19452253749125695,0.6256332806703006,8.226953663304803
0.10623456194419299,0.20067144423027886,0.5928934975641816,7.935175470977706
0.055785886899033285,0.23265045336190002,0.5518548861107415,7.603348595739461
0.12302793414029284,0.1843771467651117,0.5506496687486108,7.560917756600366
0.12640786750369787,0.2580747865259974,0.5555024248652821,7.8516729168032695
0.12789389543515967,0.24362659983726764,0.5560748439029908,7.679675772946924
0.19001526585672604,0.16061481864245747,0.5101660073250475,7.002073501778983
0.13078572835870253,0.20273669880439588,0.5581439260066093,7.575293496598052
0.12755405138285686,0.1920389094228279,0.6116266942185237,8.138498304729817
0.08697151441592493,0.14776856353697398,0.5286333640958021,7.060182105987898
0.12692677604626304,0.14151893905090326,0.5907177626708464,7.725655753581743
0.16796128055110268,0.19843896515385065,0.5778785244090255,7.871786142704102
0.14402738213580438,0.14810617500623874,0.5934020196423619,7.9602335864284095
0.2027676314793547,0.15411191187549894,0.5767057876019974,7.813754692777772
0.10007310492204965,0.15417354248317355,0.5750014718879667,7.62739549001247
0.0878437576950283,0.1607645807869906,0.5498468864529836,7.182332622905962
0.14992447941326154,0.1801000669095476,0.5230551424290314,7.2345433248371736
0.17783494638414338,0.17318035829026052,0.43790673891289095,6.524485910228487
0.16015005163870233,0.14695825445940888,0.46439598956547146,6.516191544922512
0.13777105418963415,0.13212227346651642,0.47438276052457773,6.488717144488172
0.07299443208275265,0.1397922842090533,0.4524971817529144,6.190980142709329
0.11901045245251735,0.10491155398302288,0.4909235248591614,6.615183733426299
0.09326362354660535,0.16442632656731526,0.5161951977213318,6.934551770400087
0.08167224542850235,0.1403695419302079,0.5027742899402476,6.8275145034203835
0.07876001216970233,0.18944925452769673,0.5135039150872547,7.009866541978461
0.10108201727496673,0.22974099882966678,0.4932853019427601,7.113825333256512
0.1154577586459399,0.27682070472367826,0.4435995270924915,6.9371321851586005
0.05653744192382932,0.24327461964252822,0.528854898504383,7.240935525574899
0.17320838553687287,0.28656770639029044,0.499321639042334,7.395613614752257
0.11735799686796938,0.245768494907,0.5306012829725478,7.448431952947709
0.0832199170839922,0.21669368457091287,0.5761052907773171,7.850493952867535
0.05851077907199359,0.24651440559191026,0.5577794784675754,7.682473519402234
-0.00812579667322902,0.2425351275737201,0.5899985351111061,7.840868433904185
-0.005318439814368218,0.2361639526530611,0.6078258654368508,8.059643116087894
0.017232399879558217,0.2817501522112503,0.6942409172950964,9.321502158287467
-0.030601746029118495,0.20649464716420474,0.652629983000973,8.582682123172367
0.03311373211429133,0.2160439550726281,0.6434683480209438,8.432776448743628
0.0966621670267891,0.23920675985081905,0.6444263437493858,8.786607882128404
0.03865722950193517,0.25274928859012546,0.6150845613579868,8.202343245091454
0.039394117744703035,0.2503265476011485,0.5218933485159025,7.351166590422423
0.00433892132176739,0.2747892038602523,0.5567241807510763,7.678507769537359
0.01761850651911539,0.24136718295814902,0.526916038132557,7.2328409614947
0.0421946040694412,0.2476980953398948,0.5682859588640012,7.727364740157181
0.03168068417173975,0.26689025369696523,0.5312896252292137,7.461441576207898
0.0565674331941848,0.28069366621709047,0.5212866857552053,7.381912468873913
0.09426461092648679,0.2702673571961545,0.5218516867614152,7.4142275915829785
0.11047972098560505,0.25734497290337155,0.5685939137001392,8.07436480514202
0.13484582430746728,0.24732474264376836,0.5797431485226172,8.008901747503254
0.09802488028438346,0.23597126396227575,0.5643187932463545,7.584873948330708
0.1180119036918041,0.2184580327135018,0.5894030751726791,7.974437143500182
0.036120653777345524,0.24474592762149713,0.5963137292438005,7.958151240653843
0.12019291175325209,0.29491384339543597,0.5304435909534548,7.756872785334918
0.06708653603285626,0.2476385927845424,0.4831434318197927,6.929020702434933
0.04822891300980903,0.2545572364969752,0.4793874989741727,6.752247082581516
0.0564433007985979,0.23412817278541392,0.48583628536854656,6.846654207375107
0.09932720347249543,0.20619587426154523,0.4382195769158303,6.364513750320407
0.015080779237115467,0.2732984313994713,0.47300159724219765,6.818750696154482
-0.00041693893983380946,0.21066476941057916,0.5387255484160882,7.246039432170837
0.06888145657571579,0.25478068013872335,0.5055232275976019,7.1518240811441975
0.08789559543238264,0.22495642189972193,0.5841189375418415,7.8746618327311015
0.12139251409423503,0.26907790820765437,0.5595543236970597,8.082164708743765
0.10367561205198808,0.26449244752321427,0.581493651775882,8.204246270156814
0.08023010755854942,0.24655606008674644,0.6080033059078251,8.192646282411133
0.010983637611213114,0.22889176173740441,0.5761095441363764,7.691767679176956
-0.03896005196411545,0.2518214035990922,0.5858916836789455,7.807483289913808
0.025747259085143033,0.27943427461332154,0.6312196881400153,8.58944632698817
0.06867882182274024,0.2775269563872634,0.5598779380167449,8.022787926121532
0.04525176674374987,0.31146583345130746,0.5861978195588196,8.24066183397964
0.05395234040471624,0.2810164707384312,0.6044496607899894,8.372920084800802
0.09175500552228558,0.2764411231200221,0.5697624918142712,8.072954126552148
0.0005909954377593368,0.2306449310306691,0.6184818635324022,8.079915828316727
0.021565231435842214,0.2961622849332031,0.6033733391707408,8.36088724035449
0.08795607693081031,0.23901203621300082,0.585476322095282,8.058517832843357
0.10082272376463118,0.2412112466328694,0.5223952146045697,7.297692197912235
0.08250149733595137,0.20686788751525031,0.5169370024706753,7.281057259945028
0.07982353906534807,0.21272257083094684,0.5130990311651055,6.92522485007268
0.09347951593185132,0.26038030036924276,0.5620882057944258,7.72141829002504
0.034420096186767654,0.26381628559977804,0.5883644461861055,8.094716966071768
0.06695625397988746,0.19552412580066014,0.5615196875625319,7.456963177636522
0.12354290109001496,0.2569069722502175,0.5243031053124597,7.354237583741514
0.1376110762088922,0.26430711480331776,0.5665846677325218,7.909805150359609
0.1216625016762357,0.2210075228005174,0.5487375623776827,7.421179950254348
0.1703266140207477,0.22819884191623965,0.5271047711410691,7.388523763395475
0.08259017518536937,0.2863744933986761,0.557068340109133,7.698440138521306
0.10741334618313628,0.24235459388129574,0.5654073293147873,7.468229621978739
0.07153371599669096,0.29172620364392515,0.477151827462983,6.962461781914484
0.059657481391623565,0.30366077890934823,0.4722515735503983,7.007312914671688
0.06222026952299477,0.3098690634800952,0.565964694671095,7.87288292207051
0.13528834906922615,0.35730214567965474,0.5244337204257631,7.991867350826352
0.09982920420111084,0.3338317940566204,0.5702185102465318,8.26289089712562
0.11639343383969539,0.2863561354156939,0.6023807378539809,8.443994995656341
0.10528810630823883,0.27915158046832866,0.6421508146483607,8.821203418270573
0.06674097863050572,0.2740100313256058,0.6205914648731278,8.548196898218459
0.07551386631214652,0.262442476135333,0.5824661371876455,8.015876222292498
0.06233447744456391,0.22288946912529262,0.5483604515768341,7.463876018042257
0.10863523019888209,0.26624361618913084,0.5391689344129765,7.572638556193358
0.001668349312299858,0.26417835553626956,0.6380182594685972,8.44433546947272
0.06045816586412452,0.25821505985980847,0.5959721776523708,8.35264490420587
0.10531646046484527,0.24381017199403585,0.5707930680512622,7.881881604122704
0.042869940541149655,0.21998120042294264,0.6236618283555302,8.285750911254738
0.0678405698807485,0.297500690024978,0.5722161348835966,8.197037639792157
0.11165956604898462,0.28354198014724874,0.546144176466813,7.856440083511483
0.0747184003491465,0.30111326048122333,0.5603356991677351,7.943007467709039
0.09241035846061955,0.2545204740964131,0.6099670978845353,8.181316674226677
0.04673750067799844,0.25807612464591456,0.6344028273253207,8.555741193935772
0.07803268098246631,0.23624967696709875,0.6234010141533587,8.343270473885209
0.025128219407947933,0.2718197141506911,0.6099010685974123,8.351516614580245
0.08208957526944947,0.2338959956913147,0.6015342072936071,8.2947652897999
0.0765440734222188,0.3103966801653947,0.591930924324097,8.345494076219056
0.14596432819381375,0.27725605327307634,0.6098426650277633,8.58061561967977
0.05622171475848551,0.2525956805947263,0.6496789349506856,8.769131766822682
0.03271948892522709,0.21813922531610203,0.6923656209820593,8.968036648271903
0.06100607506446244,0.21839976827682747,0.671823818992743,8.720617223852319
0.005986217272907615,0.1743254299576788,0.6503270172261972,8.283875914520696
0.06822415224259665,0.20682316294790817,0.6379272874216211,8.205326696994925
0.15817163486243427,0.18845222904628056,0.7208946827789063,9.378469475762234
0.13819815427161075,0.23234598393752018,0.6815723048289161,9.072937374982542
0.07184816574933083,0.20998156756148284,0.7356976894139983,9.27886654495982
0.18251223482507856,0.24962137047235033,0.7234019414734256,9.70615746071911
0.15375183516335209,0.25656296183631927,0.6957923294338284,9.358532898102238
0.20698712271124,0.23994191404918885,0.7013482969671855,9.566101149104108
0.2029830460513506,0.24079318662134594,0.6404791649974859,8.876299003983881
0.18706925240120323,0.17247238691197228,0.5743552289029984,7.89602136989828
0.17168794189678835,0.16748107049243238,0.6278543406307237,8.33006407747796
0.12352244910674465,0.18173450875019695,0.564244122581232,7.52084493892541
0.1362947288605671,0.14470660948862682,0.6230844678443835,8.17529999803789
0.14730454106424956,0.2156038564346761,0.5645226579558603,7.779630049150453
0.003910179102448718,0.2470103343968597,0.5640985096166751,7.726294325948084
0.0454367653332568,0.22310257464555047,0.5142166957283152,7.030598053541788
0.07174149202771547,0.266607388934803,0.5098856456523211,7.208698704768
0.10708442239485108,0.24582018525237204,0.5445531828874157,7.612517317744651
0.131983245720482,0.23809846821400732,0.5613557565482113,7.98465261666346
0.17896832723389042,0.20931283830789688,0.544355513417694,7.763289405047389
0.2074769183649937,0.2042771444983543,0.5479172410199082,7.948852097894477
0.2406957610954454,0.2430239735142495,0.527705653375017,7.991721045122179
0.1290507005386589,0.25745586334517967,0.5461749400147635,7.850754820501434
0.1141633999970647,0.26948986503547706,0.5744442213730954,8.015664912545901
0.0925565693853093,0.24686321768275366,0.5750017843434356,7.834464906164132
0.1337850659999143,0.19853927867729218,0.5719874183848547,7.81881484069262
0.14830991118247197,0.23196114770520018,0.560437279915739,7.871426202984642
0.12159019364770429,0.22122232253785615,0.6238766411664424,8.364900917426201
0.1732627311412905,0.2848671293622872,0.6059714508266438,8.574151599329525
0.1410415905012828,0.2743548497326232,0.6652086777371754,9.006861216839036
0.12900096825610002,0.23012041696532307,0.6979176225094244,9.275994941593714
0.1666332919726834,0.2259540306113472,0.6376190262902811,8.509742387630817
0.22364986159634698,0.1807700355217327,0.6449442809935574,8.828174738710091
0.1504771233744028,0.22901433817002495,0.612006546795019,8.42769722008599
0.08149868086452496,0.2541041848108843,0.6356098799129862,8.586066216378471
0.08873830227638826,0.23117928216657338,0.6378332878837368,8.509287415251013
0.14209163103750372,0.2383460455586278,0.6194842854967919,8.570086735197698
0.14500323412486443,0.26870977746021024,0.5767269599455668,8.265082028430335
0.13768891779201006,0.2595043719896,0.5418477452001812,7.925227554161058
0.17201091292509815,0.2696849954757458,0.5724625519833895,8.291159511236959
0.13689192592564478,0.24469971328031193,0.5583117922131695,7.859521788508311
0.08650850375915639,0.26996056825905973,0.5838644397036927,8.00212816095689
0.09323406576043677,0.2566841051406087,0.6200635840143311,8.519834022839335
0.09080835067266686,0.23796720892686138,0.6350545959729553,8.42378087921025
0.12056147309632605,0.2701222530718584,0.7270677782658056,9.742542023740544
0.14243163740739784,0.2343694619643529,0.7409749790651019,9.885506177962336
0.11566644209393338,0.22889749837437817,0.7175957605677078,9.54853969055645
0.12207082445755868,0.20790784823701,0.7181050714594668,9.512654418486699
0.1637992643562609,0.20188846064328236,0.7097436619328057,9.38784822336021
0.1913466721733848,0.16418462419113977,0.633932613337494,8.64364807476097
0.24680432960249124,0.13979763560208053,0.6221937624203246,8.515238893423659
0.24219872463870548,0.1317037096069167,0.6628244433158406,8.987166617060625
0.215784062204173,0.15681972885939835,0.5849792375941534,8.04666432800177
0.1945831279258304,0.15671520865302144,0.586250238947705,7.937273266276346
0.2251844572899966,0.1979734960174263,0.5614970836394396,8.187678243584797
0.1924998332348128,0.1406425115859442,0.6122050885302334,8.341494844531264
0.19267125282932865,0.1843266904685422,0.569804177700881,8.127843859226243
0.1899917740891652,0.2602242820842574,0.6080971509034795,8.614539302741472
0.1711990031860976,0.2791618251417828,0.6022499914399118,8.583081452577161
0.11964664215332439,0.34699871745300603,0.5856074286854932,8.649645687931704
0.09755769242172845,0.2795840452680194,0.5853588750891828,8.068196407086518
0.08206710578152238,0.2317043936789454,0.5653743543808603,7.811705983525703
0.17494350217064872,0.16011570475336873,0.6294631258313506,8.444546629533244
0.2392131555431103,0.17180543562392528,0.5892545317757405,8.429283079511407
0.11247974844586817,0.24333955035677052,0.6020114328464655,8.296859859418017
0.16174597492850773,0.2369503068089495,0.564742253236338,7.945185265539759
0.13297196696724672,0.25198374812020247,0.646505957879684,8.939447122980768
0.18832904834694564,0.19575849943380855,0.5531848123621735,8.073554434406306
0.21019729222023317,0.22369908191039176,0.5536787951429648,8.228185633699686
0.23815280827299196,0.13959542644550316,0.5213899039125217,7.720314494596565
0.1278228769188748,0.1850312790176476,0.5066981347573707,7.20481581495262
0.14517420678861018,0.20861941044539467,0.551186000881186,7.7536577253885985
0.13949615381629207,0.1986201689682795,0.5232561481581554,7.366464001457878
0.1255930867196759,0.18544088913420534,0.4499733305560318,6.524003894756139
0.20851876649798004,0.2667228623707969,0.5284242423823876,8.09238590420469
0.1912290126156346,0.22039078095166892,0.5430472314087319,7.706640109721869
0.17211987237206472,0.22829114444324416,0.4809845709676121,7.235112753938984
0.117254931772271,0.22205228153514814,0.5919993049700946,8.176860381112608
0.09463592840238653,0.19751595019132717,0.5324278883258394,7.265692583067382
0.14040572641606452,0.12631765067720593,0.5782447987611192,7.813819659737934
0.1084392232764076,0.1311275323269727,0.577047038646971,7.6365550862410245
0.09802158486293427,0.1321099053322614,0.6407491709361107,8.306747195383322
0.09101272101529832,0.14737481902006966,0.5687210822162938,7.748323759049414
0.14431495677097764,0.12305117597983148,0.5733760060473615,8.007691991603327
0.18169198483033575,0.18232800164576082,0.6101377971757115,8.472802712757707
0.10436468108055108,0.23735104234258855,0.6001086032495309,8.281866843313626
0.141306885199289,0.20117592201337567,0.5828487026755188,8.041701037023612
0.12311117075572031,0.16806498519089846,0.5261094367319643,7.286366951928911
0.025214338045206258,0.1813166337471245,0.6021513432730186,7.870607774202401
0.06598441158223767,0.22489550665216754,0.5936908845560466,8.10882279745817
0.056488866119321704,0.2023565554339151,0.5447885708156545,7.395172715360479
0.0329442436783035,0.18186745470763271,0.5767463834940693,7.541753246827237
-0.012636828520476111,0.25127485761307017,0.5420369237812557,7.642081721835948
0.07026514951452494,0.19296667730973735,0.5601919920143834,7.524330519619913
0.01080981713401329,0.25598915953824875,0.5961724894492549,8.234666298858041
0.05304209324985104,0.2172074060347381,0.6432345794017575,8.417752635610166
0.07164690470119771,0.19128308478571543,0.6260637208006801,8.248174775769957
0.08339908595366484,0.2404047739533309,0.5518972732527972,7.657151601039155
0.1617202669775502,0.16696268614344645,0.6170231050527905,8.326455529692222
0.18832984584292198,0.14819855268545537,0.5871249150621787,8.029097872979307
0.24029003209073424,0.1062557268346585,0.5322603928430658,7.544180881998971
0.1553798696786527,0.13689559380440194,0.5127359101461767,7.115015607042825
0.10959630535835511,0.20512074408212835,0.5374611160410352,7.5699433993130905
0.13185601515198775,0.23870911361404748,0.6727052156227334,9.084219058621366
0.16201245336711265,0.19179817989851144,0.6520602303755074,8.666252847253674
0.1403836277236458,0.19571074062622437,0.5944582434826324,8.0752941229018
0.17890104708512336,0.20268797398134553,0.6251846979705911,8.430652717836516
0.0751484065809001,0.27533797071446425,0.5978060351383364,8.267512242984761
0.1302964132939472,0.21811120305022091,0.5707010199084516,7.841056871619976
0.04497980176225974,0.24531468972084727,0.5993867791612286,8.098111552502466
0.05983145193361723,0.22825405822573128,0.6159135455894282,8.303476895892281
0.09059289372945824,0.2947498472231215,0.636541476763979,8.808189962326107
0.13827549769256048,0.2727501028297065,0.6498287734974757,9.08656862583389
0.14339347656369805,0.28283163533056543,0.6556910832687494,9.059622501126338
0.05515438121124891,0.2374937212073018,0.6778964799829363,9.020777963547404
0.11479314665139434,0.27596919944021053,0.6354070565272202,8.854523758351842
0.10641020217626311,0.3092262192684586,0.6568927341708749,9.25922218700673
0.18449026580833816,0.2745210327195393,0.6473364263755286,8.970583617982594
0.12397867541137729,0.29647976870942494,0.619027938751582,8.731245486402141
0.05867623370045035,0.2351108278020405,0.6056901211916285,8.39157792270032
0.11048927350309831,0.2204044754321743,0.6200537797263209,8.348397032569103
0.06529448502130986,0.18988503106532378,0.6578458515320016,8.571243339744022
0.10597200364145712,0.2128403871344915,0.6366920007599846,8.570193594534727
0.13471117831671708,0.25494553271392273,0.5868919720750478,8.203103235124887
0.10878927254009724,0.24631958423974748,0.6096801942752844,8.294379793176084
0.08896109256596828,0.2541016513293254,0.6448808061678455,8.73421707548952
0.08172191948280963,0.22710699715841712,0.6253016687521767,8.318430978442807
0.09184874191456548,0.2695872479838168,0.5503984220608327,7.7789819105010904
0.07643212091804094,0.29912577223763326,0.5536719322959626,7.92622854422603
0.0721379232806475,0.2476854844176158,0.5118789260386715,7.145947165368758
0.14535388518713568,0.2851991716641563,0.49827120775043415,7.522737904886316
0.1251211961138591,0.29080690421648114,0.5510476893812406,7.896143055337211
0.06461447521140122,0.2778373842802554,0.5759029721736918,7.875487967448508
0.04098640609191619,0.2584164936950407,0.626797247486258,8.298221626602086
0.10252354178757811,0.27080130883788267,0.5707547985590102,8.030913423160012
0.10528030911952059,0.25830067802208645,0.5837789127805244,8.173596981200605
0.11636017554637372,0.26460367401693213,0.5655346109521747,7.999578592615652
0.07912326595204229,0.2790207427599248,0.5915890806784067,8.083793136497233
0.12967016593006503,0.30544451061489264,0.6439478095938944,9.202690721347349
0.12652078138254838,0.2776402811044661,0.6362203230053802,8.806354148035373
0.10573489444512953,0.3415999553853463,0.5981300199252152,8.821646991814834
0.12124887694237717,0.3392228596145158,0.6049123663656291,8.693070057039572
0.12288120329121205,0.3373366826354976,0.6301354377852033,9.036247270602123
0.06891098295442752,0.3136139847895249,0.5999188147945752,8.52186687156405
0.10208085987401004,0.2986863853184857,0.6525882935243004,9.076359691380912
0.08923000280445612,0.2280951380851341,0.6175906445395453,8.355539095802714
0.10497384711158823,0.2562321571701353,0.6296600546211034,8.679844299207476
0.08178985935354523,0.2531874026422745,0.6027817460019598,8.181885085791109
0.09553980430261932,0.2882506750543593,0.5988646778965391,8.451236405762254
0.09023246402350828,0.2870340552203368,0.6676730666828198,9.167909286247319
0.0909442895272083,0.31524234589556105,0.6972041174179582,9.59531914527077
0.1112337043424464,0.33790069523720506,0.7245167261929081,10.009705437174677
0.15325877003521216,0.381970851443767,0.6833910377675486,10.030282261758478
0.1132907177723734,0.35810704352161954,0.6804511064298423,9.805471530869129
0.12046762919641589,0.3287194858815196,0.6756812210115312,9.597189944121899
0.046235413008223224,0.30434777416980613,0.6877911535851492,9.364433049334377
0.09274576303636828,0.3043947207940429,0.6437514985081384,8.855737876983266
0.10824304634578044,0.27727645670327805,0.6587914223991702,9.061058940409893
0.06129058600802681,0.27916130221042157,0.7185311061062637,9.644942904903333
0.06056851018949653,0.3228254650238152,0.7486163962850685,10.089981206557836
0.08455171606615387,0.2917235594493974,0.7392492635557757,9.908014933616474
0.13091303120153877,0.324447578749134,0.7039096743215276,9.834766958804288
0.18050458276278294,0.27737632455612193,0.6308262102620099,8.906472607500545
0.1667434041639877,0.31549350628779516,0.6988507580936156,9.773469716675054
0.14544506725806153,0.3350810788609768,0.6033998247930852,8.924080857056186
0.09099979634124858,0.3237221756195875,0.5860964683850536,8.63190056162922
0.11039084037570442,0.31461327136641687,0.5868417643914483,8.501747846669389
0.04742501835824134,0.3172278190119733,0.5996969910296072,8.381226514201682
0.11592486742364357,0.3118261666789653,0.529677753929212,8.08533294816851
-0.005164670664760585,0.3338275701379843,0.5946226181236687,8.533497359994904
0.06593137960880811,0.3332076943343171,0.5978553688396904,8.683820218888004
0.13090193937755049,0.37030255562418024,0.5594877733505864,8.766760598185801
0.08680215152837831,0.359482263936347,0.5713621816336895,8.73839692107383
0.09506542333841268,0.28958000835392217,0.5530660868128101,7.985688299010458
0.10690353244768193,0.2740215043317875,0.5409337271777868,7.826561508698942
0.12788407028638243,0.25967659767000534,0.571328689968299,8.065237382330093
0.13756910464434535,0.2560799030252488,0.5485322655623298,7.873552535200165
0.10059199951435657,0.2793863641122897,0.6095034756162452,8.580790417334345
0.051835729748393816,0.24087785896776776,0.6437234570824649,8.48074634099422
0.017372162312489302,0.27661784863455613,0.6930711610214533,9.12312533608942
0.04522428984910002,0.3331258367033692,0.6983468041846214,9.560954433983445
0.04012572274129089,0.2697672881341054,0.7259044167541334,9.540668686424443
0.05256049192735749,0.31614358944988197,0.7091951426124763,9.598096434918094
0.03353823118402098,0.27186740087107364,0.6792466794118849,9.111908043351939
0.020650603329061698,0.18168159462893352,0.7486214990449047,9.72307171070264
0.012489017626437404,0.25492281397008726,0.7376558844587625,9.702068595009555
0.012472368521636749,0.27874017668192774,0.6748007824090542,9.022348794857534
0.009398776452348705,0.28670473587930456,0.6517434000014144,8.99262389471865
-0.019311358733209667,0.2919694563154378,0.7170826013197898,9.520857291768335
0.12137530839938511,0.2882104957582053,0.6942023710790634,9.498789964257945
0.11369871301771219,0.3022551704459153,0.6415253748166982,9.09251843653191
0.10239116379517528,0.32627896742702817,0.635087064107227,9.260705206671927
0.1769340075609608,0.34951457936933494,0.6360863599588746,9.481721125344203
0.14815658729640777,0.2546702813980403,0.5750845615791808,8.118250949083274
0.18156731675981988,0.29407239228622983,0.5450640992466017,8.160335675908003
0.21355716121388676,0.3182349627515369,0.49097515928246727,7.939875740453691
0.19547067198953974,0.30215202063423746,0.4991560964325301,7.795472508752957
0.1645561305016158,0.27592959196023875,0.4762226144260774,7.317569184408747
0.21771482468722186,0.3268594570315084,0.5283415607003165,8.40650881357271
0.1982287006119006,0.2836261499877135,0.532821892792365,8.092145609702584
0.09560575191245152,0.32587105782828213,0.53557112181284,8.027210795406933
0.07268356014082569,0.3623211878832823,0.5612801527748736,8.461891451062103
0.001570336687388749,0.30738504946636336,0.6538913552804736,8.919133554166704
-0.0038749302461465627,0.31587218473956674,0.6346091350841628,8.87914712440413
0.023152927214082027,0.27837498338762773,0.5197635213133412,7.5585145582864675
0.06823652187665728,0.29131417411053295,0.49218787794435653,7.457946080214165
0.14442297578971944,0.27240134780076863,0.5236706099398659,7.7741839162954305
0.12421211651943304,0.21269604220037647,0.5589117077242479,7.810607851583029
0.13878347302431362,0.24406398904826695,0.5866376938266258,8.362479573293854
0.11938100386385557,0.26121563384265895,0.48146355196175106,7.265309074636037
0.12687628275621138,0.23362217243250494,0.47493076028513,7.057727058172335
0.07039770876874424,0.190276588363258,0.5409116649606931,7.106318141250616
0.02971445037710962,0.2066428068191487,0.5480148848969473,7.589205408858974
0.049038116281886986,0.1824678554959688,0.5814214226747764,7.6232297729113645
0.027639004710319028,0.21923688430203397,0.543593004349702,7.522655812464205
0.03130115305053897,0.24701974838280463,0.5798596146659877,7.99546456858443
0.08776970078472801,0.19195642349994338,0.6001263927775166,8.001673261046616
0.09119171131632867,0.20833844108847593,0.6248460289537974,8.405209085685154
0.09024751790906502,0.11238880941353663,0.5862965646783768,7.684545415163741
0.08255146949007094,0.1924718051860916,0.6089338241249168,8.3378441815409
0.07258175440149195,0.21466807519626563,0.5992933744593445,8.13410710449745
0.13547791011049037,0.20571556429750118,0.6075528456584968,8.315864682133789
0.13734540993940506,0.1917372822925295,0.6141030181141971,8.644411382984813
0.1107631538063087,0.2256505775400748,0.6418901757751354,8.91261737859749
0.16595042005095456,0.2054965532283036,0.6571016677216633,9.036242752613019
0.1372419656820742,0.18747061522893094,0.6373387457716772,8.638732871221048
0.10709120802930114,0.210369895373558,0.6242737780074183,8.527317643685477
0.04669963848935363,0.27905979874461745,0.6445023093968825,8.826657628630858
0.05324025573931188,0.27048475522014614,0.691672422123467,9.381607333823375
0.10753008522514393,0.2911335263697465,0.5900593367542115,8.55509116844359
0.11379993235735188,0.24660056954062007,0.6348179461221006,8.831737108289708
0.1500679970024168,0.3283418099395031,0.5952938355629079,8.680110166077295
0.1844110073812214,0.33834534567721375,0.5791552580246142,8.802439875149647
0.14815202450686224,0.3490985672591404,0.4991150741946934,7.9445451871368435
0.13898389785497584,0.2937356558298199,0.4933169367200897,7.450954690947537
0.1353252283446691,0.3041745729404681,0.4712554902271179,7.336961689400565
0.11411836102131044,0.28642991007934876,0.5604797513133792,8.133257485214449
0.10254813744323826,0.2849185364920406,0.5669087353859035,8.168135449028124
0.12171475337281258,0.29165992917708644,0.6412667837855603,8.880807675334294
0.15873225402137237,0.30228777502291476,0.6046704878946588,8.861175841021765
0.16698872005081553,0.3110247934636394,0.5828686778361204,8.68357414080704
0.1472111699290523,0.3004270812858364,0.5619038548520751,8.327985704601593
0.1550544959286051,0.3112726177989877,0.5675650011073631,8.432210354740999
0.18351490545502752,0.3065243440061581,0.5827982337241063,8.544943598831608
0.1939848540404609,0.3256378415093402,0.6158431789475355,9.108342520920663
0.19572464474390958,0.3117125514339156,0.5702832521287996,8.678323839095986
0.1961081913995541,0.28307236756430293,0.5773731087251852,8.490954782904153
0.144298350570247,0.37366991736461,0.6413998893725865,9.204993114094206
0.11965999445312783,0.3369096111560866,0.5575511372038979,8.260948954118636
0.19886686247998506,0.3720696032353207,0.4931181235012342,8.266593882016766
0.16134252238476166,0.3211878567749578,0.48418949549686824,7.677914246804936
0.1863295745779506,0.3434142103122293,0.5184656900162177,8.029291370076063
0.14680365125565767,0.2875926890680052,0.54239699521949,7.931459489565157
0.13618413246585329,0.2871182240382577,0.5570821865193665,8.072914556593844
0.19027705099755837,0.3278325330425132,0.5781504639219647,8.593689752139769
0.16667205593148993,0.3135598074289979,0.5811625970988662,8.387607731486066
0.18666416204046343,0.2821383528842704,0.525656039968406,7.821547301600781
0.2155222788631232,0.25514182234133587,0.5101862172421218,7.685138594467077
0.20907122874637843,0.3182773505586732,0.5893987557074778,8.725340630444473
0.20419446554697937,0.3362873712866175,0.5648036196779558,8.773544122802715
0.22010002417111596,0.3590497501878958,0.5549097598952573,8.73857933943501
0.1764731456429111,0.3186776419084993,0.577430387079775,8.575992334459077
0.20720895788345298,0.39994982435888565,0.5891061511367598,9.227254024154837
0.1942250717454007,0.37574554890755363,0.6349626397872136,9.38547629220476
0.1712238654172126,0.35733077585613743,0.5840141344041442,8.654014309109881
0.18792301256590888,0.39475225605437037,0.6313558689281193,9.330180486890352
0.21488461619062146,0.32733799752599935,0.6320684786778427,9.415023511475919
0.1029252414260709,0.31901454151682657,0.6201398936764871,8.845452083771866
0.11490908778576388,0.296391928890559,0.5425544447652405,7.895395597220649
0.10109072275215986,0.3482671879098401,0.5920667385806541,8.676783984065963
0.13523111319047948,0.2992475626559683,0.5298767294352587,7.996391996483632
0.09608362048328306,0.3678286091147978,0.5388526688030691,8.276924061786922
0.07513634549316849,0.3201010702367629,0.5846170536755805,8.361200938773202
0.10894275485010248,0.2953129494643662,0.5931448281608144,8.312342740148475
0.06505014316038604,0.2928116085650299,0.5931495450440376,8.3330254583144
0.07055781788999162,0.33005083202273633,0.618185906586084,8.75900029438386
0.09052550386200767,0.325862421596129,0.600874806420384,8.499283155662134
0.06610468618646838,0.38962076829677317,0.6101889125297784,8.972524347661748
0.0706495575771371,0.339630668977457,0.6217408572686665,8.811104740943168
0.136511566820863,0.29361418185374955,0.5581352428289152,8.00585259688994
0.2467860104994961,0.2977524220468631,0.6126418620462223,8.89958645229431
0.15540762713753967,0.3151085046560367,0.5639279118489943,8.245715093917108
0.09115247648927936,0.36007534849123884,0.5380281116164042,8.246290250094269
0.052365890548692694,0.3662382933269073,0.6006433189790715,8.6968988769917
0.09695690796930893,0.3242660638487459,0.5651821129987221,8.269433844307631
0.07422429722599068,0.30834451579377614,0.6375520819884325,8.813283113893052
0.030132379379484184,0.2896383281235703,0.6375207546214409,8.773179547684657
0.08889177317041938,0.2892539387494232,0.7043700101665616,9.425482812640446
0.056839036494457006,0.33994035746380924,0.6961023219233355,9.476511852708347
0.13727204193145723,0.32253259437881443,0.6531438936763547,9.135094998466833
0.08517447839056597,0.32232881993633433,0.6139529466587664,8.678996226926277
0.09753790142767636,0.2684368736096662,0.5988402374544722,8.380589120653196
0.13202522208865644,0.29123363079918835,0.6750984439575227,9.325514818386884
0.13300580128909384,0.27869343905432487,0.6155604646663434,8.582418255980764
0.09129061852133412,0.3488684092369557,0.5799195948656976,8.706710089364636
0.13261379098614595,0.3051581296878868,0.5984124801708995,8.54850830012512
0.1920137606985647,0.35340524731823497,0.6310376016075292,9.153632828916805
0.26082767552182723,0.3167238725199135,0.6135131822485255,9.17493865232927
0.20981073603965317,0.34155069485636497,0.6339818873959265,9.114547683471852
0.17917799367515386,0.35707702600701574,0.6655314975831793,9.551457556091895
0.21144562924117433,0.372264605889592,0.6853894208829736,9.963594515827674
0.3199500515611503,0.36283640638945003,0.5996358343267414,9.430675764467436
0.3247681637549462,0.3222429752609771,0.6087202643871998,9.598171097536719
0.33311363421694834,0.31720712489725506,0.5700498758264437,8.971309485836862
0.2745835396566077,0.37170661315804376,0.5963010214097401,9.347071998876602
0.17698832323650482,0.33576973388216996,0.6070825923915338,8.99757220460592
0.23032681580383857,0.28534208548469847,0.6548615397736439,9.251978505277496
0.24459807639034525,0.2675073325235463,0.6282852853739546,8.879632631249198
0.2915969745941581,0.27015479124100256,0.6372096919945515,9.270544029794427
0.2973697102605369,0.24977774372299424,0.6585983873754991,9.397744759117671
0.2132220484464613,0.25877496973571834,0.6977534851383155,9.655384053905282
0.23419831594927987,0.28441997749316444,0.6796474968189904,9.498994327383878
0.19473019209070977,0.22703608955508203,0.6852934111112142,9.228911268589606
0.2595409723932777,0.21180349336642446,0.6616074104977033,9.109538401081046
0.23171647242789542,0.24526540134758604,0.6223601402403579,8.805872901330215
0.2300825347910229,0.19577361645593006,0.6672058036159711,9.06689738832229
0.2700868241173634,0.21885282282146012,0.5898009921376666,8.540613441643886
0.31184693873516545,0.21834641513578248,0.5916514914074721,8.73044018256398
0.30716288487599763,0.22966675937992825,0.6394953035466497,9.338457290515482
0.28437498543703327,0.1991148436203299,0.595788956223036,8.635629887268838
0.2612593851458733,0.18083532048819173,0.6339960181222584,9.009881471037177
0.19671730523021563,0.14436590251397383,0.6585103016877571,8.717338609670277
0.20983601426499177,0.2541272490015086,0.6751852234243156,9.206214039210588
0.20576970467779382,0.20730447229620963,0.637900201791074,8.861489980408779
0.1740647183989215,0.20147102796998545,0.6001726426710896,8.133210328065223
0.1986492186464454,0.22713376504871877,0.6061363584968056,8.354226353026846
0.2537452620232085,0.2717761018976186,0.6156158580728284,8.976837029048246
0.2278501244610558,0.24294308980603985,0.5678777014009964,8.424855933861867
0.250663409225713,0.2632223421431903,0.5618792767804344,8.598363442721142
0.2597601324619596,0.2561429755595716,0.6030531859884618,8.850368258214354
0.2340728825364294,0.2749916140013231,0.6377243369105381,9.079309392951084
0.21131094330958938,0.2529157768275986,0.6690956294587909,9.156554225351424
0.2707059551095382,0.17266520152145276,0.6850621998589287,9.513482270304825
0.23643165372887057,0.22774207931255433,0.5924115818627169,8.495042852843218
0.2802622586555798,0.2861351221036585,0.6255229049896425,9.239470154732366
0.2678507823007674,0.27841476974519536,0.6111503584674648,9.080146413835719
0.2612849625658937,0.28238833259447216,0.6431482371511131,9.329796264741574
0.20423803882123526,0.2411181141374687,0.6233823918052929,8.6625584421214
0.27620754797518204,0.27295543729453225,0.6706739903423315,9.470468681729715
0.2673023955185325,0.28093598757310156,0.6553878062779911,9.441264448048667
0.2013537118938061,0.3101771781251845,0.6477419171896486,9.19258439602794
0.22499260309822242,0.2890458414709094,0.6734150865637257,9.419255339677605
0.21921036114489456,0.3268136202448968,0.564229421550295,8.634694005263984
0.18001316225802966,0.27790516673575666,0.5336445650410717,7.76206609295015
0.20635360210365214,0.26544391750559404,0.49728635866158555,7.541014234501806
0.21622629681277294,0.28203348455704574,0.5451299456294263,8.421868495554323
0.19650507412660836,0.21142670580626116,0.6084697540611134,8.34467275693483
0.11779824909649032,0.21549161480799697,0.6064528401015018,8.123603899519471
0.11745747996534536,0.2064551075499113,0.6304061297181992,8.629884486282437
0.15806842172373328,0.22868107659982254,0.5636733949811028,8.22973063435143
0.20194674540241656,0.1484777229197494,0.5841835388030036,8.27070890704416
0.23637602857725037,0.10466244628254513,0.6243692686157184,8.480863990121737
0.1766518617920069,0.10827479939172295,0.588101845661032,7.967453740220918
0.17377754122129727,0.13381246805193017,0.5897571672839187,7.992121764357294
0.19832261574142176,0.07614858529232595,0.6224784012923361,8.487160553698764
0.19114412642121087,0.10663242002737573,0.5612435516727221,7.7817027060122905
0.1916006071986659,0.09980325533056907,0.6165280410098531,8.456659152813916
0.1907312996521443,0.1524566489843339,0.6011587083083955,8.344683903512754
0.193889304677846,0.11456315285414187,0.5336641477258811,7.698958001057483
0.19737720536124864,0.1266639802863707,0.5433019265907902,7.64364686988652
0.21897363756253876,0.1307546587954622,0.5677530702197403,8.05356749304786
0.2505951367683078,0.10832137356432243,0.5809625135537138,8.17424881815928
0.3073581898832405,0.12737977801668587,0.6261966003340617,9.034953326372934
0.32213620894489553,0.1121319374607532,0.6267593040690624,8.968645866906927
0.2709261668812964,0.13892260863920947,0.639556075755238,9.033765045519079
0.3022565125409926,0.11522240938841508,0.6117763523455408,8.716516885582866
0.20127529398170846,0.09393891946803744,0.613145848589589,8.341285967010501
0.2678468379766391,0.09671016502946303,0.5831527287423486,8.302169307551214
0.29200620262091387,0.19036652411160898,0.6024621794029277,8.903087304943075
0.2778546277901322,0.13618973010241625,0.6046143858693799,8.708757613144906
0.1804668597686558,0.149691148597581,0.569571010775031,7.963394875979869
0.12041351350606136,0.13662136694565838,0.601064881899538,8.084067458902279
0.1339984797826803,0.15099145362073746,0.6143641709656753,8.081305094938473
0.1798829530666093,0.10350212391209995,0.5607386023022558,7.5563116282170215
0.18650686455484491,0.12177698338794907,0.5475036327542758,7.6762429547359385
0.2602974006111671,0.12915435078838242,0.5655484408320687,8.125557609315086
0.2470058380470879,0.08164449134909889,0.6203968319204364,8.462682930832587
0.23611157564386223,0.06567409461394583,0.5942658820886686,8.189580659046564
0.2479349621399846,0.07321605511877978,0.5651743266608926,7.993139837069399
0.22709357308783104,0.1279845375369513,0.6283514039115168,8.417905075773403
0.21076258792064037,0.11547108697907149,0.6164576921641051,8.401858608646773
0.20934913719692358,0.07524516682418744,0.5976882308248838,8.212706889032377
0.2004204477238044,0.06386535781296448,0.606931278891252,8.258026962152043
0.1712478969827266,0.07059246728016415,0.6032005057342702,8.074463935659033
0.2166906749823295,0.03644739951482933,0.5945476608444077,8.116162000342456
0.2295530675194221,0.13228993431430208,0.6271811090163864,8.64158639176801
0.21522129509401924,0.14427339277770956,0.6443640878944527,8.680127155604081
0.27441402819228866,0.2091837688605671,0.7222981177083513,9.945692073771493
0.2105227568121822,0.1991940046761004,0.7181646714305451,9.719152842262071
0.24807052329096677,0.25364537244332486,0.7352330197867649,10.298225455244893
0.21798007621074705,0.23719856768512282,0.7279326821951632,9.948815580242911
0.243860371007807,0.1843570287763289,0.7633521011878562,10.181818342208244
0.20334078645910567,0.1565834794705353,0.7420246300954518,9.841082475126566
0.23945657914761745,0.11589118351361187,0.7143558020249042,9.56034473892192
0.21117008588959638,0.12914641797896104,0.7334620755701707,9.641363480292469
0.21032635896218885,0.138151366920935,0.7304226063046246,9.580398381838274
0.23624285224650643,0.12857013346004129,0.6972129401784268,9.286801173030307
0.23460918250356003,0.15810396707715682,0.6493766167948479,9.028427995476646
0.20646339760380145,0.1447080524683645,0.6741667769115071,9.109195148124282
0.12979329667934922,0.12438831248110847,0.6539981967431979,8.489319077116587
0.14863140364186092,0.15258992790178016,0.686894091148411,8.913116136030595
0.20960048641597803,0.23067192354603272,0.7781688343666283,10.32315655083735
0.14428754427598825,0.1435181533442124,0.7460573103556679,9.595093212171513
0.17996255067553707,0.2065523867810869,0.7000948631842951,9.315072970050219
0.20802122858809835,0.17320283773227602,0.6821944789506531,9.032978743549519
0.21124453819486552,0.11419707408144035,0.6927139419517102,8.93163611459835
0.18343943286090045,0.17990454689717883,0.5979234478831243,8.35004144715093
0.19716738786225943,0.2153466313482472,0.6478282875609307,8.867747517720037
0.2632987335579589,0.16753046893554507,0.6500446598312701,9.263397395239329
0.23065360647536381,0.131476720049795,0.6356974724461291,8.741923765668554
0.16427712808502096,0.08550726542769252,0.63531749433152,8.243363228123055
0.15447992483869905,0.0608180261686223,0.6326100859565065,8.113220248760909
0.14438863028967722,-0.02860817824696753,0.6217659742637156,8.107959855327417
0.13322495615077473,0.057605782202872345,0.6422009990194241,8.085004958825046
0.12744935029894797,0.025524042277485778,0.5233227515483716,7.126200906517206
0.11376498530758068,0.02968226225327049,0.47244397942303296,6.680949563492772
0.12227268265257059,0.02594502661786469,0.49265646077365916,7.083856392503028
0.16374031018884316,0.010408034229640498,0.5674606338325296,7.648210666340907
0.12189321477759063,-0.050795438246052045,0.550100315891507,7.122045791572738
0.06496642150672144,-0.0068949390483811985,0.512590788565563,6.643074707054656
0.14925403814660496,0.005422149963718198,0.5365511191551255,6.902657516523285
0.12940121911484,-0.023986671890433315,0.5708387706339993,7.497489342297925
0.13184939878780066,0.020193456991747395,0.6038612462833237,7.869241351617011
0.2108212773512973,0.01709827509723027,0.6366728856297275,8.535574138115477
0.2427853659862129,-0.0021847386793803665,0.6012004808773742,8.166933407747276
0.2282198312289633,0.002644347367803536,0.6573857841783023,8.564882390521218
0.20850289819751322,-0.0022815097870337387,0.6128751469664708,8.152645320750926
0.2000933398340086,-0.02926510780191228,0.5591087981960682,7.548961906581321
0.2217821964198554,-0.06177801768333548,0.6123708937402558,8.020920848777815
0.16457985528164693,-0.09572937704209569,0.6009496130625297,7.797608663328488
0.1349832520494505,-0.049860016864021264,0.6195283864856881,7.887899425428725
0.08162790994904533,-0.0064021571961575645,0.5161669909372985,6.92307602548415
0.11246758673922422,-0.005752349028499435,0.5482025085618394,7.125747889646199
0.07799756422326559,-0.0004665403219418492,0.5303667972124813,6.873539478062623
0.09690189441697093,-0.005853453201421542,0.5283141793979808,6.977692956476902
0.21758284142641546,0.01021240895400975,0.5676382168211236,7.735694129711695
0.3184220178477383,0.019103925085320893,0.6268560222709516,8.828780349006134
0.25601499439474973,0.01905162820317126,0.6605752327651758,8.960763112713629
0.25391238083066914,0.021069055078632996,0.6782881969447071,9.219774826303412
0.20124162447962216,0.09670593922095592,0.666945748339699,9.025574148879606
0.2172966530579779,0.1568734005764204,0.7205745640617154,9.468294326613268
0.19198310950038336,0.20680454110780666,0.7243346094156278,9.634065453524014
0.2154391000076881,0.22140246287755455,0.708745768446116,9.489454566145978
0.21607639314040508,0.2082651550671901,0.6697776694295948,9.156936287535805
0.2557003726423111,0.23336692710340617,0.6933115227595174,9.59046671046777
0.21675770083408882,0.28668718728049725,0.6859482185012977,9.650145246554414
0.2229845389068709,0.272185644387701,0.726565929175689,10.094020301331833
0.15100241321237642,0.26839100081500133,0.7210178646494224,9.706439120909936
0.1969835098804657,0.30387327016667115,0.7196462605017641,10.08194653808059
0.12257560730218246,0.2711359691886054,0.7330800703610552,9.856068019716663
0.13810778345981875,0.26299905161089165,0.7312120363133053,10.039778229206975
0.11084399758765241,0.2965631523332614,0.7241660717511017,9.86295174198368
0.0924297905673376,0.23413303414681305,0.6873489483620269,9.20712749265091
0.11953238690473791,0.2637602060952791,0.6465834046809078,8.987047221701559
0.10318555885502534,0.22524472670816909,0.6955202377508654,9.249412368217698
0.16985625535790688,0.2760828928045092,0.7042309042022207,9.654971143044
0.14189854169751573,0.22549934608393019,0.6593332973970368,8.96358107083822
0.13176668454007076,0.2712077529201703,0.6878909169840906,9.392712677981017
0.1769545085888399,0.22196437061248175,0.6605045767280205,9.152549295964935
0.16794830451771986,0.23730269143075441,0.6232218316723379,8.83332206831148
0.16990550298145263,0.2553025248475615,0.616713507566872,8.708226760315556
0.15658080485264442,0.2196869841873786,0.6424208267539433,8.828117749961633
0.13825958661564608,0.24362503374205693,0.6698618630033836,9.14785698270201
0.12633220801752737,0.2528023262384529,0.6292626410127716,8.701475344662917
0.13846382846361105,0.19050463167766768,0.6970631916850062,9.435216979295957
0.2212215772208812,0.21068032900045025,0.6730855593671508,9.327724707934276
0.22551757160089542,0.19842364225970233,0.6260335374021371,8.833916894938456
0.1862384385825446,0.2069224638647196,0.6809603809933479,9.17160101815464
0.21209172411078622,0.2763001952275599,0.643729344766223,9.343563527744513
0.13461905613255876,0.3008549258003109,0.6509127258902492,9.293587397464877
0.10256499501001734,0.3101800498749924,0.6433270290106661,9.032930440188798
0.10246234605767911,0.26672568197706176,0.5639201931691955,7.945449085472769
0.06766447683756108,0.2696604685635468,0.5842224274947516,8.075107847856463
0.09367291420062808,0.307443492276823,0.5608661769712513,8.23809888127499
0.0867751998193015,0.28093154702369477,0.5816216176360093,8.234232188925152
0.16804024647171162,0.20678592844904542,0.5839244750947004,8.30742389334679
0.11361985843001043,0.1999285115701192,0.6320216222494713,8.468209218371092
0.053696048910536635,0.20698901002415368,0.6567237074776415,8.722233068483602
0.12415530751056546,0.2455950988488588,0.609563213328,8.433999187126254
0.0537999869929371,0.26617441973589384,0.615530599654819,8.45530507852736
0.0871924407883021,0.2737118495053842,0.6085915844159073,8.515692690325581
0.09851918876761183,0.2994808447750502,0.5881817710497367,8.421357492442963
0.11120687958653717,0.2730308955087366,0.5575948285184114,7.943749180914813
0.1355403698290932,0.24752327926495804,0.5908591113264415,8.2685409651719
0.07598202306567398,0.2499528102415963,0.6488148955545175,8.631303745755856
0.054897712410002644,0.24897262766773173,0.6390045121056375,8.68646878189696
0.06447987469560426,0.25984825883198676,0.6388501654812736,8.666047190906733
-0.005008701439727898,0.25871032176478986,0.694189162540838,9.360248165081977
0.09143809333055404,0.21590412238849685,0.6398698677424104,8.726602738665253
0.0709817540361754,0.23436093785503834,0.6222886374183149,8.499362771454011
0.11748370660376029,0.24170323450465225,0.5836298611103249,8.268223204520206
0.12510934324596398,0.23860447176109092,0.5280666139854973,7.591386713202262
0.07533967008537872,0.25369974948467106,0.55826342372063,7.950649848950473
0.11179370354171515,0.24529288340369645,0.6346954918254131,8.689670425527972
0.23958632320558645,0.2500813267353058,0.5977389474281474,8.775060364870148
0.1876526931942448,0.22973445692725528,0.647857477641784,9.125864009634057
0.12777965676173747,0.2459242230034362,0.6365320447389542,8.798027281991418
0.17527338603090425,0.20740527561162772,0.6521986041655811,9.071779911254351
0.15748308368089647,0.24730173858062954,0.7273567193328553,9.740201693347643
0.13381860350827754,0.24244355796647715,0.7429703127395717,9.906996379799981
0.18201480020665986,0.24597185650232162,0.7349052271859212,9.981806101587624
0.07818965392646528,0.27445133397826527,0.7139059564967403,9.526651155209406
0.12243696510261665,0.2895637130012919,0.6685548739326781,9.467116667268039
0.046993559313041174,0.27281158384717064,0.6823595984201779,9.019143708070033
0.0834712123688877,0.2833169132534102,0.6711929362101048,9.1660290482534
0.13751089329846747,0.25373459040128915,0.693110291067404,9.349491144141474
0.12506582287608747,0.31132988273078266,0.6693292636718546,9.53819298270877
0.16212695385087184,0.3276274329235781,0.6751050368940499,9.643926688663354
0.10988893465715338,0.233462455553241,0.633911153773848,8.654495244856353
0.07520489874056528,0.20884897065628646,0.6462308424160207,8.492265116781065
0.10078360904201056,0.2682864256637353,0.6146114666454947,8.441846458039313
0.12388886543173976,0.27790723622349955,0.6231537834001771,8.645163639757072
0.11555225033298136,0.2727116443851448,0.5950676276721653,8.447696601027484
0.12756800408552618,0.23115687682834773,0.60859082049684,8.285560501573494
0.1294041243329881,0.2505396938731818,0.6903911529678243,9.501630501083502
0.0763103735247408,0.28133242409715864,0.6431818802543903,8.979357934590428
0.07016034388722599,0.24331267918556876,0.6640053943311628,8.84240241855427
0.07897183187101504,0.22343282491274627,0.6909264032945016,9.037383962507052
0.05207415667128184,0.2426724148271101,0.748738943028599,9.69305593389786
0.08492660576382834,0.24077693534449587,0.7409625964678908,9.744496576119692
0.012046072905420358,0.22141153077151096,0.7739370321761323,9.814552875371392
0.029487255956289184,0.25299597483967057,0.782156716144893,10.027922518590824
0.10021560649159239,0.20911113911751897,0.7404741779258946,9.480952017834682
0.1461032180089412,0.17509788465040152,0.7115562937239835,9.153871839172567
0.12019768445758443,0.1297925740080881,0.7020339044867125,9.11078062135856
0.0725260505875125,0.19484612816785518,0.7263050885425507,9.343862696863553
0.0668487950777742,0.19973309616675436,0.6919351759670677,8.933177569595268
0.07023016483705703,0.11108313381336489,0.6634348552883255,8.18906089545667
-0.016353620263954108,0.1450610701422013,0.7086883192166233,8.676881196975055
-0.051253000102402545,0.1275438955289843,0.6560905148065731,8.128545127713078
-0.004360245939529804,0.182666253770601,0.7586298242939887,9.449208288642845
0.01708198520475559,0.2211053959342215,0.705663078101778,8.90072232077162
0.0688231177476333,0.16041496852323417,0.7018990084255847,9.011795016289678
0.036711130896400504,0.20521926932937629,0.7532163246716868,9.834772444302038
0.056888032264609575,0.22103847264822385,0.7081567673359282,9.416064441248315
0.11911212214249316,0.2312399995531735,0.7728608220283039,9.976217657222726
0.0018758006619992566,0.16326783231694533,0.7626821387752357,9.876309836272176
0.00671454205024105,0.16696321612015363,0.7373719611251672,9.476990082872558
0.06361788394894567,0.24023893530612134,0.7521252830541425,9.806295419868398
0.05599935949684567,0.2600175765015525,0.7268240191749904,9.667417674512652
0.15020264616714576,0.26436728011927607,0.7342195995019435,9.943979648299708
0.10644273815121807,0.2605681038574757,0.7096404438662397,9.61438651011289
0.07959555085893925,0.21982617249836675,0.726572047349582,9.472722824434145
0.0686135950776356,0.2339527461432061,0.5664683280023511,7.914973935457903
0.0733833687556556,0.24070637268977657,0.5711733202785769,8.054966750673923
0.10476898812099493,0.2576473374602043,0.546566034498172,7.8311837713190515
0.17599019048394698,0.21335387762690794,0.6300288895882835,8.7772058477412
0.09396382744536945,0.19941522922641297,0.6023076546187229,8.229443463814588
0.09851008279481913,0.21666724950421132,0.6418385783394905,8.532999079902135
0.08640257912577162,0.2119175081368208,0.6879804892095489,9.121541850345357
0.05797996996508717,0.216923196778981,0.7222431478236656,9.402211844203661
-0.03560839585941397,0.24206737704343534,0.7903401068470537,10.16954620361324
-0.01537910309116866,0.22074854264585111,0.7122452402797804,9.214155522755673
0.07000042724092949,0.22439687107403608,0.7463312452911219,9.82335909501407
0.11269692133233801,0.23713831604960603,0.6357904661455679,8.90534726482141
0.12537315853373415,0.20577704524529541,0.6607796533070973,8.8092861378044
0.06614489008618081,0.21653753768146197,0.6666385016018507,8.874819447611758
0.03252470303501131,0.3081065081940463,0.693499493097668,9.466568278454437
0.011281171853676088,0.2935674584801,0.6933204536573768,9.26801130076691
0.0013826683028217404,0.25785757006267,0.7107255813671746,9.475642739523513
0.048170168958507585,0.2625104507751207,0.6175402365257713,8.597879298126154
-0.0478116125998867,0.24078325998283412,0.6632220714572206,8.916696183077022
0.03811597061289968,0.2881204131943373,0.6851428253648495,9.311612941595987
0.09409195120901546,0.2694696039973853,0.6801606556294195,9.425343426569917
0.0875833642354382,0.23700189284601827,0.6918922252389215,9.114381743796155
0.06027750102667077,0.30024958524060624,0.6570408416665751,9.09848931723813
0.15351402049051383,0.2744939881427092,0.5808298493184058,8.376371598730355
0.14949136080824588,0.2877310530870752,0.605599423054911,8.682533212646227
0.08459820930073479,0.24975906631866712,0.6259152764128054,8.667926987440802
0.03513759739403606,0.24704214843002484,0.6869606155444967,9.21063267734032
0.0027562242588619586,0.2247717515371096,0.6487808060266396,8.448948798470425
0.04007897503719265,0.21956743514021368,0.6735104649818242,8.835936143801655
0.07829847295625605,0.18565893911185333,0.6117757356596639,8.279902848950101
0.10043070883538115,0.2423471484120434,0.5721223908551427,7.946050625808369
0.10200153057798926,0.20610422506056716,0.6495732039883322,8.702498270205126
0.08037643493125392,0.27524143792250544,0.6516309701092234,8.849673745153845
0.07932237637176232,0.2562724936233527,0.6011533825347825,8.356271331553591
0.07314837919062706,0.18270781184588974,0.5648315678630577,7.703786923582813
0.09129393984493082,0.25808796223516767,0.5821559292571957,8.199216733448228
0.06546918896399466,0.23929353656211091,0.6000223698087678,8.092302314598085
0.12590867262086378,0.20579266742609964,0.6343232466630294,8.739122747482003
0.1768345535292316,0.26479318536882507,0.629405005193799,9.223000584704675
0.11649802158918236,0.300171997152175,0.686528274713812,9.612408033741966
0.1353912255917312,0.2718948163745406,0.7257552479613942,9.955366536919867
0.12162415167488282,0.2742293914472842,0.6749888427386843,9.476542593570091
0.04460593272528165,0.23612871702253774,0.6300003188923634,8.716880999445205
0.10284344773599234,0.2557114165079069,0.589946274332292,8.254656353535081
0.12215249442915037,0.20469799284780107,0.5467146294710374,7.635479008658578
0.1366183803038247,0.1790290622708898,0.5704719908493937,7.907084226125751
0.16558332196076145,0.19855042830711153,0.6080608280410775,8.485545531497236
0.13517204827294438,0.20447511780202113,0.6363530200123942,8.677831209534899
0.11923898501429257,0.20458556790824056,0.6027541810404135,8.295294123048171
0.07436776611268213,0.1598343990658646,0.6194696299691319,7.954556564788216
0.11910855599391591,0.18886885453413638,0.6062235740910156,8.064010696896755
0.17919011339319002,0.1632946332811618,0.5895398232261742,8.227709963580219
0.15726089813619315,0.15962385972536122,0.6114383742090876,8.247015555606708
0.1647476116549414,0.15793853788813275,0.6386435242318317,8.495375145155485
0.06458631552137058,0.1457473020236184,0.60789886146197,7.936360754477905
0.10685530126101805,0.16236455868094815,0.6313838000329051,8.214405745311117
0.08429887627466613,0.20474971027681096,0.5986037861821331,7.958750142154787
0.011736019065293361,0.16258582800067903,0.6568860934767987,8.274810521739505
0.026113930796079092,0.16541653459221659,0.5918979077500264,7.849738123396411
0.11401284205638358,0.17701052594995847,0.6125149102995118,8.358899996398783
0.21322413305575513,0.21822096391180798,0.6069160183591362,8.727285324049108
0.25729633068856783,0.17702323139610915,0.5739386964941509,8.524530903848117
0.21092648403022374,0.22156178737119142,0.5707251205181368,8.474194358214387
0.16335851670249918,0.18383849527270021,0.6378415584818091,8.996547830659319
0.18487130005445163,0.19976243595996465,0.634534128045513,8.941315631154332
0.11754172709660993,0.25354204965265426,0.6946607960330129,9.56776993420767
0.12774524242455074,0.23627625814977724,0.6978730469720615,9.572662819758316
0.07188412016639283,0.29069260277546366,0.6849115617500442,9.56556105803245
0.07958637378909218,0.24898492959191962,0.6322686597062096,8.890300720862003
0.06088035729212676,0.24099011933699413,0.644842722266512,8.730095931049817
0.14881330301310894,0.27596303476975326,0.691741844691528,9.4474184216834
0.15424716314480175,0.26197790189238596,0.6652147372174079,9.220149713719158
0.13079676755326267,0.2922782944179206,0.6620026153553404,9.371429834606705
0.15991979177848875,0.2911622268212596,0.6733074603241058,9.568064741324816
0.1742879273918163,0.2831277190132267,0.7039958013293521,9.868159718949448
0.1131203870862403,0.26196906512896007,0.7071059212014875,9.772862394864735
0.11653194300338111,0.1375457680467187,0.6801818751982086,8.875012130319542
0.1559524192669261,0.22367522362951361,0.6441756222506007,8.984925738812878
0.15992214406864533,0.2468767270578653,0.6747291281268969,9.453542612826698
0.2515500943490459,0.22690577446044627,0.7124975837009546,9.941240750733314
0.2604689879576321,0.2692575959467456,0.6780623952349213,9.854631089989892
0.27597683622426616,0.2702950298955875,0.6848040810506568,9.935267973495998
0.34633508836077853,0.23280465652029478,0.6308602670251515,9.793636758797856
0.2957949625353623,0.26888962380965487,0.7124347067716666,10.208661912538863
0.32320203063778025,0.2480331811841505,0.668151095870126,10.0243454249027
0.2814761535211943,0.2267010943471175,0.6115024608849817,9.208220195982019
0.20762161003305185,0.22354518308841925,0.6796376052416752,9.527177859156719
0.22091238558786216,0.22922598087930932,0.6389410744926445,9.10703199746758
0.2981617265399072,0.14874074023102415,0.6622549775904578,9.303086785946185
0.2907863034822042,0.15644365323508996,0.6242147086400087,9.127341333157876
0.23903830473843668,0.12747479274803006,0.6166285833581349,8.567561495084766
0.2509461225673759,0.14798685395784042,0.6716925980282782,9.177684270115863
0.18459404818518188,0.16555670345982823,0.6809478028774899,9.097363565666647
0.20492077003141462,0.1701346298304575,0.6671600358465491,8.94981215170099
0.22122218017931283,0.1478646238530341,0.6246476124490177,8.570962323786725
0.2556701526276353,0.16452008380809377,0.6217718251271372,8.84170291324513
0.25333747316328237,0.14739001444084046,0.6590239393925551,9.066851850035762
0.2835749873260322,0.13059222175117627,0.6031843961071054,8.683564655103647
0.302410431681195,0.16241409190000522,0.6109826669778574,8.895718338787404
0.2803200143395781,0.14686452228800997,0.604390750019033,8.608435861329925
0.3611267720644626,0.12170901435954548,0.5814755323877626,9.0705668776352
0.3015284567582253,0.14848003075501023,0.5983854506414246,8.665981020143493
0.21989728812515125,0.11725627388442487,0.6437886986315431,8.817422364097068
0.27689578550093885,0.14137754120749688,0.5911345815192772,8.553158580601416
0.23730379699548507,0.1489515762374381,0.5871519780114842,8.297214549085963
0.20411612687039976,0.14752750631569603,0.5958281473368188,8.145332724466249
0.189010711788931,0.14544506405791335,0.5864281719261395,7.839134012686119
0.257680310384358,0.13972526881141661,0.5845705053455763,8.362822448966378
0.2570896478528514,0.17302790132871287,0.6072817993754691,8.517573232124793
0.3042007438398221,0.18120179524426128,0.5787290944056122,8.579990777337562
0.2896960070137689,0.2167369836295697,0.593280891918892,8.841302876655996
0.18507832669365376,0.21206111575768444,0.5398922768532263,7.903085222096849
0.21624221358926024,0.1694491185391936,0.5364033730796212,7.923398806798758
0.24156908043926675,0.19719850081076382,0.53942331917753,8.077302595830842
0.22814544188492397,0.16766357367840837,0.5995936847226307,8.524155323879187
0.22885526894015776,0.18352070921363267,0.6506410043719221,8.884377410851902
0.2258868291757994,0.21796273900589783,0.6250146920540286,8.98724969867352
0.3356330433008716,0.1926389339475492,0.616589921632168,9.132444122006051
0.35037980593070506,0.2013126473679068,0.6496186562741325,9.67034410380603
0.2958788310307987,0.20377229834381422,0.680901196810033,9.535422819954125
0.17516448004425086,0.13750514637029626,0.6526257430566492,8.743832762595094
0.20044750154211566,0.17859753889687482,0.6029758883669143,8.46255356038277
0.2538568533885817,0.23420187651613267,0.5880991811433548,8.737528622860294
0.24666864209393302,0.21038708934837413,0.6614468026661993,9.360543620555509
0.2318635395958253,0.14353910648290133,0.6626722308245714,9.048495300981633
0.3387400917754967,0.12437249702661418,0.6139948134657414,9.020580623160471
0.3379773783111935,0.13886986818281766,0.634348563415739,9.345921066735835
0.32979838870993683,0.13308811548041502,0.6065385757515586,8.920698801372351
0.3148592232440936,0.1518898765014687,0.6475027848932782,9.223102679967008
0.30588248857350514,0.12170970170814224,0.601712296829221,8.67938895962228
0.29050483471782285,0.16148274979199817,0.6089070311251897,8.884921270911027
0.333931431259009,0.17763836458630722,0.659249931539832,9.611344143760522
0.35649724561671176,0.15507148316100863,0.6225667596209806,9.406341323904785
0.25152394771633435,0.17809460686519593,0.6741366251189814,9.406471195990397
0.28850938337887944,0.19629608220095351,0.641557857057078,9.302460697811874
0.29081984580564685,0.22241026549859008,0.6217073124438327,9.418384473741366
0.2580632384037956,0.16883345566614624,0.5920419133063626,8.644220792984433
0.24898181920792586,0.18098668148870525,0.6346364374540736,8.993681139434315
0.2544751545430136,0.1918341722284936,0.6164710955521655,8.895300887117756
0.19924575701723402,0.2965083901561395,0.6547287320297155,9.358265351958778
0.21451394919517452,0.25156553265481135,0.6644417728557594,9.456091286469999
0.20315304036249218,0.2331440177853271,0.6209990946371383,8.847427362185538
0.28051098374622974,0.15235683781264853,0.6392699315501321,9.006153413653117
0.20220326517953974,0.177189025707624,0.7057825860910721,9.490215171396395
0.1745743010096055,0.21363436053698256,0.6810206235164145,9.23606016333922
0.21543443811607924,0.23455424602413408,0.6374057001505072,9.074621787257072
0.11120767939621218,0.19713795053574878,0.6781223530582229,9.053365164652718
0.13520550252256472,0.20801809362411466,0.6347854030051759,8.5995676615295
0.16826307037494972,0.22389325574536187,0.5986034604235341,8.608952823058663
0.1601469338726178,0.20851441035396337,0.5931039640369618,8.195002037890736
0.22801247504598085,0.18034048748635956,0.5750784356192267,8.341837241120066
0.2788032473624177,0.17965657751486627,0.6213640437441194,9.078743234099694
0.20231417968718718,0.18604289860421233,0.6129875142578632,8.614269667894815
0.21552451650297322,0.21266303096859132,0.5865684885828528,8.627314601406182
0.19943630223559075,0.19488417363309232,0.6285947709470442,8.77413351419143
0.18400159892147083,0.24112365118170592,0.6010270936309042,8.579233315853283
0.16869348128986664,0.20726294813949184,0.5955206659507333,8.375114929915776
0.18601991573423382,0.19419936599842647,0.5954321289607188,8.59515159822526
0.20452064693048153,0.16463332038060088,0.6322050496878104,8.797766852691911
0.18474261099093575,0.20280761409656778,0.7121024599475541,9.713252665870119
0.21401220584973443,0.1863481947367854,0.6880817412605943,9.401103265447077
0.14858538968163365,0.1979022937783275,0.6440114055882595,8.794512797731878
0.1462363163802893,0.2310730300830879,0.6114795305499255,8.593453771948614
0.0834453283417233,0.20713131482703945,0.63160754327363,8.546243764332402
0.13873761195400353,0.2254439154330291,0.6201785977323734,8.427005899083541
0.06809316404473924,0.2649682720664554,0.647635730511654,8.840730504404362
0.10936566502636635,0.22641984141279298,0.5827713812727773,8.120464989114845
0.08167281455909974,0.2016727158871099,0.5612705589789677,7.738792032910684
0.0714879703305819,0.21257721024798762,0.588257549777659,7.924659913103671
0.07368398342803976,0.23390077516727076,0.6335222460888038,8.62565717786059
0.024427889600496123,0.21891332138596276,0.6321941445792826,8.578553611953575
0.11432132454287562,0.2185667860374836,0.6456126803723842,8.769054814383756
0.07984972784506858,0.2304832571971552,0.6880967269044744,9.166021457396255
0.12069349311038333,0.2227783331669978,0.7078369609876453,9.4607098842599
0.16302214354835579,0.23261104820050874,0.6427715898717765,8.878758274049314
0.1661551343149503,0.2536552350564253,0.6507659999660552,8.993574959429022
0.1605755465515726,0.28796766093341747,0.6045270612176534,8.601457469558724
0.13617296519039457,0.3183587044415488,0.6140732271652172,8.865292094273133
0.10910852834305343,0.31303693652075226,0.6313804010805094,8.936024223520658
0.03611454820069482,0.2698852633666815,0.6557069897984685,8.903089074853224
0.13879717896326965,0.19199689178461823,0.6516525051481967,8.76983002391003
0.15362436326738446,0.30707039299193817,0.6030390736606225,8.708308943345763
0.13208459873182313,0.27356940886630055,0.6367937342229105,8.973545371055097
0.12997392092701415,0.27318178195630227,0.6181060072758544,8.664509932642172
0.1345911253746602,0.24477247116965867,0.633213862528321,8.775561713618387
0.15744833282369206,0.2138228219451369,0.586484777217313,8.340016729504056
0.2142008808005344,0.28223470224578073,0.611893146134483,8.9592388131588
0.18092929037521402,0.21635710280272877,0.6215565531702568,8.811990728001232
0.21320432679833246,0.2308951690723864,0.6311424870474898,8.925546783414012
0.15992570708162424,0.25855006823634286,0.6222675312011731,8.774589320530552
0.13802350715711295,0.2907133138495751,0.6489864291966855,9.127948589764479
0.1877002914395278,0.28801712744819313,0.6554979548337649,9.184831084916414
0.12824752542587986,0.29222336005960003,0.7214322812155849,9.944657489687
0.0867463844196201,0.268105604401761,0.7309750810221268,9.876123907179196
0.14710236005832864,0.29017133317966226,0.7344355368217663,10.155426082385151
0.21883244719823894,0.31422766182975115,0.6751729878804877,9.880675487561355
0.19154762895450295,0.2512454547754505,0.6803844638190205,9.544221196104923
0.22321041383384052,0.31356997246660623,0.6522674348341251,9.54828133811928
0.12313402697216945,0.37770056544451946,0.6792794383292925,9.850962743636902
0.08750269073056716,0.3029238976046411,0.644344456299414,9.216188902574851
0.14793913958718605,0.31624444342196273,0.6133247125184325,9.219083062797884
0.12422741141701332,0.3242879662878013,0.665650074954543,9.510482689094685
0.060278875099484014,0.3002115712389192,0.6543560878818598,9.06850980573083
0.09437278154596364,0.31026604208663583,0.6934815064411881,9.668634504659748
0.10684884148359766,0.333247916611095,0.6011792798455462,8.814515770457618
0.1765647146720366,0.2917548839337278,0.637196636060018,9.06272374814885
0.1444738406394756,0.2958057293762205,0.6170464455034856,8.772214807179962
0.09873687187947909,0.35373162868940183,0.6409166308844486,9.40935614128756
0.1597417241245043,0.27438890632541213,0.6143524112584322,8.672978789791795
0.14306607219610565,0.2495400791599861,0.6177915426416265,8.758375866783004
0.13685845042904513,0.2836721418561732,0.6342273160188285,8.926685335365496
0.14450109725774288,0.24048710871562712,0.6289206999649833,8.775229241713232
0.19374703175710567,0.27260021787891037,0.6543190376365954,9.532112258350887
0.04373332926581475,0.26403495188140413,0.7331343343125606,9.583399685137252
0.09254584632169927,0.23692099524380575,0.617417184622285,8.612237822444065
0.1669664624204636,0.3006554155275755,0.6052059871608974,8.910127280503625
0.14574851375848205,0.3209069358748447,0.5666179939831457,8.453231628799594
0.16436062338367097,0.2211464365817851,0.6104959176708004,8.537467465338768
0.13164617601292208,0.21294837359091026,0.6278939379143891,8.58743266858934
0.07910782564197964,0.22121438155231976,0.6362754304546847,8.443346068383354
0.184064222279312,0.2213360704621455,0.6793604644111405,9.245757283420799
0.08959934224369213,0.2788807731911551,0.7421733072354235,9.985716609864797
0.13732582538671842,0.30984423415014556,0.6778939404726313,9.625732472073514
0.09891592822026303,0.2590531242492938,0.6594743886016851,9.183940596482346
0.13060202438453047,0.2645338634933545,0.6420677319047243,8.845515896618132
0.10381373572104154,0.3171428525212577,0.6122434116468203,8.739858355121719
0.0969097929981447,0.3320618576325868,0.612086106445395,8.899723986721899
0.07491105220673272,0.31898697395783215,0.6781160090357216,9.425036420026073
0.09572863852005938,0.35853427101007873,0.6386982916705788,9.35565873743884
0.09034592702229396,0.34481112412227477,0.7119380717417658,9.901619774463558
0.09185863532673616,0.347111186745905,0.6612008806342198,9.419508326605614
0.07385576325407568,0.34942020073628177,0.6772346683751416,9.476898897595024
0.05481606257810371,0.293684109260283,0.6897622192805603,9.404616218883639
0.09153054456969173,0.2789173991168249,0.6888333152482106,9.529735708382189
0.09969747566951466,0.26345088582404413,0.6751853325848206,9.218161434370094
0.11852109650984094,0.3313112288047628,0.6335125492600572,9.022019765906702
0.01771012143039271,0.2868123781827451,0.6115300885276226,8.379466017647122
-0.012629156754723281,0.21623258324942424,0.64534708113635,8.390644089944576
-0.046230643112500344,0.2301129105311068,0.7014565351195137,8.951987598003342
0.01952646467516513,0.2608996667395944,0.6656990214896352,8.724988431677666
0.01977698751453401,0.2544128492606579,0.6754631862591896,8.640589923473819
0.03991949430241304,0.25156881324686664,0.6851478427305809,8.982707147327046
-0.06464534079432448,0.2700456514959975,0.7013183381626628,9.171192882313221
-0.04525329656057664,0.3072720020628136,0.73895347648941,9.687594012726587
-0.039138781543228585,0.259101418473145,0.7201051813412013,9.27351232822006
-0.006136774500352026,0.2764219406209646,0.723909581149518,9.531460109262783
0.017984754034561654,0.31820648118461353,0.7625149743522284,10.120526514896255
-0.008228320928955597,0.3125393064960575,0.7140836838022251,9.533028030285335
-0.005492792015801742,0.20756522510483602,0.636174362113708,8.07226790760712
0.036178990919805205,0.16322799674699925,0.5833923373627051,7.462620913399279
0.029339212120689975,0.15342233767578303,0.5413571552861814,7.233004349939735
0.05524483073832408,0.1734377578646298,0.6051652973592285,7.8492910439557635
0.031286543433492464,0.22145533197248446,0.5513006043492902,7.529857746633573
0.030094912948445556,0.17993972674469924,0.5487962062606802,7.35315296728143
0.053673942644587344,0.19576491084828895,0.5727936276623332,7.6782874360372215
0.04801711030568309,0.16604978757333821,0.5907092326349603,7.691322648026459
0.10182163777392479,0.24349313409425122,0.5988605404771468,8.360226320393599
0.13298671162233955,0.2528995036751187,0.6638148758939165,9.010174314102514
0.1523990557406855,0.2999294861343139,0.6220821342163987,8.901419611485434
0.10662699742433447,0.2887628909731638,0.6463117175620737,9.015935631482858
0.0994327318983098,0.24673017264709032,0.6676159961057965,9.083118020679542
0.08558002356769556,0.26939660672518645,0.7160887064066583,9.54361076077967
0.1133664113385332,0.28151359914070917,0.674294312265407,9.15009036165588
0.12589577997497653,0.2627099163088123,0.6893943390860438,9.332909958520798
0.11738013702896671,0.16683081855805373,0.6296088274448365,8.456950283760165
0.1688498817697146,0.17437477402593526,0.6788007724728851,8.909284469046998
0.12586047153695368,0.15863578380352258,0.6423685695854712,8.555529152872198
0.13185981974980465,0.2555542150251144,0.6127111535643207,8.66937534390794
0.11502426605155426,0.2975360808771299,0.6813947245113777,9.610814681962468
0.11470723298185866,0.27893432864860346,0.6736841955780698,9.20793591332339
0.09824933973437894,0.2699510897289186,0.7094158414593164,9.584732458605256
0.13580827397364784,0.25013901891242607,0.6967936386816254,9.43713476007837
0.06099094856065693,0.2654127486549087,0.658397095760855,8.986441917702273
0.08470648965787622,0.30615445694353555,0.6566162334116007,9.232098173622724
0.07393755657935147,0.24587195955726293,0.6899039771505137,9.200791635511889
0.0603400494814141,0.28268612407861254,0.6891040550613643,9.338928573168927
0.1589408541160392,0.18681802272679518,0.6208903791657308,8.594946406132978
0.12123808683358447,0.2427478400180781,0.674564906962664,9.155802160189753
0.09553391149058543,0.2224734011831187,0.6446451845803237,8.63687320725438
0.11213436409598154,0.23779043717964657,0.6939281659782506,9.302015829678579
0.04419058302357855,0.21421002716525242,0.6805385298778688,8.991271349482412
0.05246855622555361,0.24237247676010043,0.6898398452017207,9.141443536713105
0.12060332044848086,0.2632369424884245,0.6831424922808697,9.236299969390267
0.10595410762370742,0.2759767895412408,0.7050620085263315,9.501452161464934
0.11042095977249625,0.3131578494341801,0.6262379392472425,8.918881665084198
0.07365880520049674,0.3308073484766382,0.6132893328629421,8.949544734963288
0.10448697190896775,0.27480147110149317,0.6732240413312343,9.219743538262925
0.05710251180438374,0.2903682902565005,0.6393371063365926,8.984621088502152
0.08400279255604708,0.2708084526412755,0.6625135442185679,9.008898295430393
0.09238203071475763,0.22921322773724961,0.6912687062375372,9.157066692997345
0.07882867951001188,0.2929218149609945,0.6490585626274771,9.078128082434178
0.11549049219640949,0.23575020569241817,0.6018848427133133,8.269609654395055
0.09697800626057809,0.2390244298854154,0.6717787668122195,9.159495074360159
0.0668457486244259,0.22681333083673133,0.7223139815022306,9.54433889967457
0.06415248642500844,0.22360251821012836,0.7547980740943835,9.677042606400173
0.03893590617426156,0.193937839624893,0.7595104851455474,9.646965420641353
0.10615516539420046,0.23796464317298105,0.6432076546173703,8.741115464745775
0.12089691039242158,0.20044530137188776,0.6635994192281086,8.899072414781172
0.17202446759495918,0.22863874264953088,0.7241116465724304,9.676178673854569
0.13211464010842838,0.22004656895723737,0.7300177489665737,9.579034054479942
0.061268977982046086,0.1773932841844646,0.7739879170366963,9.910959757816652
0.05701136744666965,0.2557937126617667,0.7303965416044673,9.671000410753045
0.15725201935003447,0.2743570378828583,0.779221999222124,10.4536905592285
0.14995041927093122,0.2242748463901201,0.763247449714142,10.056005180199493
0.14424665504085465,0.21053472432525663,0.7460606576622861,9.868275079091852
0.12966054205765884,0.21957844710766108,0.711021774483133,9.364619649148885
0.10895536968946469,0.22743696797480714,0.706319943260296,9.394444976288783
0.031806703864805386,0.2435231098953228,0.7292611954867353,9.551033130722356
0.09287655957280148,0.17174425748532332,0.7310021894021406,9.375849892840394
0.13485519199124119,0.1808503288113521,0.749216956908438,9.852094366108593
0.11555668033761204,0.23244147274075444,0.7277407787220994,9.60321468623849
0.1289682602716795,0.20880736488230942,0.7038090644720348,9.342154585812505
0.09438489564764614,0.263096638535081,0.7217743843056758,9.571863522270442
0.18525183031365977,0.2890128508557056,0.7464229654973924,10.24855343577643
0.16474959446262005,0.21330793466820835,0.6625026355464548,9.002928788367633
0.06704320240958313,0.20237546304471463,0.6848556157425513,8.930884613484325
0.09626111954897565,0.1911708032651163,0.6917457437991004,9.052754541713096
0.09373102727685124,0.1965622565608616,0.7135761400675411,9.363409517785906
0.13791407720995932,0.24976844188248146,0.6622410747624653,9.11082366865957
0.12039334008504057,0.27310067201614374,0.6705267122816567,9.147680997110625
0.0831996088926336,0.22235419163080597,0.7350214449503524,9.593458873907094
0.10402467677249033,0.2494422645273308,0.7270639160584592,9.611113917944653
0.07707176829888607,0.1722819301585228,0.6975581555626424,8.911798760052479
0.04282240551749225,0.13903854417627456,0.6599340596094463,8.438211693901412
0.0718181018007875,0.10658801547468769,0.6832782291317935,8.887383009854592
0.14722309117863197,0.17850062170613684,0.6636830062670471,8.983345542802226
0.13110761794090392,0.2222555207439056,0.6561852371121435,8.857353170352633
0.10514530204385591,0.266184741387016,0.6652525729379372,8.985746964119434
0.11509041337058942,0.19821012543184383,0.6635304492807301,8.803305875373207
0.11668827299406302,0.20105706526645714,0.6591841790788596,8.80345489262095
0.1839710181811718,0.18873434986325255,0.6713068179278424,9.044891458869463
0.23976298535090793,0.1537461808008479,0.6421818459601742,9.066549259814197
0.22444840990067116,0.18336456733767575,0.6402013943901161,8.984614730524113
0.09848826398042736,0.11137873422821064,0.6973756356162119,8.686072993423405
0.11511749350296129,0.05084922717521299,0.6795850538717036,8.394513608611135
0.1261317817403749,0.14940774407614038,0.6618538839803926,8.701790263733349
0.12541200584502823,0.29509124281173177,0.6567969438628743,9.204347102066151
0.1502458430877732,0.23124665053083462,0.708174344215979,9.560568439606508
0.12182374432738016,0.24340695347653518,0.6691354075329472,9.12377769860648
0.10182323973703186,0.2543332082287388,0.7163931504360767,9.46391904015959
0.08650530042345618,0.25947413732316454,0.6656003791357528,8.978820160285329
0.12561764584174206,0.21228897511089728,0.6923995982129036,9.26723949131502
0.09490539644375118,0.20522437300563418,0.6950283389686654,9.055434312791625
0.12627269042917977,0.22464339309419945,0.6767425808991605,9.069836789121345
0.1632919998101827,0.17759359676018674,0.6489690009762265,8.801260399566441
0.0778516991697527,0.19379492932337664,0.6892849055828251,9.007702712223182
0.04187264834261961,0.2847519714678649,0.6611102976295844,9.08179103056855
0.05277672967472299,0.23801581824032908,0.6839765970212779,9.011556972192045
0.07175568473610631,0.2762277216910384,0.6736325762901778,9.050364792025475
0.11241405433874244,0.2573196849228565,0.7076922703751112,9.444381828315505
0.037243696210952984,0.28047152451501095,0.7178570274398577,9.492977932095986
0.1878625139571759,0.27136465712945557,0.6688375810815047,9.320914935731704
0.17398193081177837,0.25225463348362326,0.7022806387301253,9.610582733267723
0.15221212942534768,0.2439473612185184,0.7167836120942361,9.64703887397291
0.12315315152352946,0.2512905255691992,0.7636569398765451,10.104797891431593
0.15476242439228152,0.238160456637941,0.7543111985421245,9.979055619923013
0.14250649131794,0.23924033950905804,0.7059358595392792,9.567007163215555
0.16522284778797744,0.24654264498497613,0.6192390237160775,8.684580222580758
0.16146207897389372,0.3106548205425838,0.6467627304372474,9.261460239973788
0.23280448059931907,0.26385183892010106,0.595188048969707,8.736359227612592
0.10755665540787082,0.2937479661428553,0.6158497511946874,8.74720774531164
0.09631606182020004,0.24502217576298502,0.6770782406988279,9.068494367584435
0.15175663002117334,0.2521673434132334,0.7013431409407445,9.662891300323556
0.11196038706121966,0.210220151800818,0.6542728630466754,8.840629860325441
0.08493123761749735,0.21349449018625982,0.7031689414696675,9.29141442371773
0.08189833684967016,0.22525798205262443,0.7098442882965795,9.317104512795673
0.08631129397402748,0.2705346910499648,0.7373925447282249,9.744981919825461
0.10271939445263163,0.24745734110143858,0.6871661000340781,9.30900884837888
0.111199311871675,0.23684873962375794,0.6720796460555428,9.098591907958888
0.06678023739853274,0.21442692352414044,0.7158168834825743,9.447913204647591
0.03598760716742116,0.20559821443283555,0.6408786163992323,8.492271965697087
0.0877507883849295,0.19217447006258662,0.6604952706647363,8.639128697300109
0.12133106401028337,0.2406469420092514,0.663894886147371,9.087317714472201
0.09535362953960368,0.27587560854514936,0.6598604212949524,8.836461335179141
0.10941652242959268,0.2640290764360165,0.6579718735698165,8.9495860062434
0.05457389354467471,0.2836928051570112,0.6585241638368552,8.97472756278236
0.05760061412194119,0.29234010883752454,0.6134304346118888,8.656052502931548
0.049333073032437294,0.3040279752079799,0.667124422894498,9.30358781154837
0.0821709087147659,0.31055371293151973,0.6436044580473407,8.993683189248273
0.043286498813808263,0.3310792325140659,0.6745757314735129,9.6148747178637
0.1277600120938773,0.2734457376366085,0.6469744190767062,9.181634518506623
0.07500109208299985,0.33002932434588617,0.701592017999874,9.637765742397015
0.1353297624567311,0.3206912164580777,0.6601339864476828,9.538457008288143
0.09819315909873622,0.26791947939352134,0.6470473127654113,9.112507218038887
0.0829129697216636,0.2793012914758027,0.6491228236267388,9.107109778027066
0.06225107380899978,0.213109681523759,0.677056408288162,8.8111742989662
0.09915607958454051,0.2529167822888708,0.6723693517812943,9.195789314725095
0.09236137034516594,0.28377120265025585,0.6448203694680741,8.890958839648908
0.04249379467777511,0.3033262458450655,0.6140551491617752,8.515284587046459
0.06409847647880389,0.32467606774029695,0.6309494720564381,9.018521763401075
0.010281366673622444,0.3240586275253612,0.6842403082039021,9.496913818404883
0.04224830377181578,0.2840480746824715,0.7219370200881704,9.620471947271723
0.051134219930081305,0.282386944367154,0.7200068362274672,9.72747571345606
0.14334550498369816,0.23542186472268656,0.6427041904117514,8.904671537069555
0.1633177064606232,0.23990714115991527,0.6292473083056427,8.656161579093633
0.17013006578683057,0.21305989194127975,0.5532411130699322,7.936252334899948
0.13705409815952596,0.2141980992428458,0.5614519823497905,8.01379556612812
0.1749503530436996,0.2822966483267227,0.6348627813646731,9.197300699032931
0.12485986605024406,0.1982894592139873,0.7028952565513028,9.265325328178317
0.08090407528603856,0.27452583119013685,0.6898269293340158,9.344147885440053
0.10495056963876648,0.25843022178977615,0.6800192974987467,9.352040180676683
0.15392602141766715,0.28998082801679564,0.6158646917377066,8.903413483350057
0.24893813132126683,0.285783051282311,0.6314390274982601,9.246128042542216
0.23117074703042656,0.27669076531062936,0.5944808919608655,8.887972108253585
0.2555701322884596,0.27636232467868416,0.5695513342246227,8.691729635372505
0.2662382770086692,0.3379570894205362,0.5746512735421871,9.32331274503137
0.19470911769723853,0.29927305357948863,0.644619190677314,9.31207046833531
0.17490786594217828,0.3033415765144167,0.6842554675291338,9.700295797480278
0.1746821485835313,0.2586398320577089,0.6651158591514048,9.217981701418584
0.14403007018592842,0.2897499060285382,0.6122845910041671,8.819814951168555
0.1310324898900222,0.34707556157071207,0.6037733221154638,9.090259004836629
0.06789358061474537,0.3483033714303796,0.6488045019872476,9.260553527202278
0.144468072463859,0.30821791506434515,0.6646693911346878,9.457190596470667
0.1317441657515546,0.3340281619345819,0.6691557232096462,9.560768040836972
0.16886219804567806,0.30338897488162836,0.6653652388365753,9.464429586063671
0.09478086081372852,0.28398296216282914,0.5885424030155112,8.545254948048395
0.12698761661423935,0.31162819718622276,0.6528831865225442,9.320889401316258
0.1153968067889272,0.2979662909825884,0.6839725835423219,9.433310870844801
0.0921152623229213,0.30676766929678867,0.7347078189074021,9.82393546893632
0.13925355482174134,0.3061227943030697,0.6557878369715257,9.338743717156866
0.15992867525788845,0.2980964586124598,0.6844432311732581,9.48998617404788
0.14969119625339566,0.3289277919656704,0.6770960065401503,9.634598428701382
0.15018006738095907,0.3179528455186911,0.6737293652635213,9.483648636934124
0.19480069362847485,0.3397071579485044,0.6337486787164351,9.315652545930966
0.11937958214050089,0.3276001138147404,0.5889098981887667,8.5524171193053
0.1369596205904891,0.27773852138946664,0.6336625101126717,8.980529330364703
0.12729905604038133,0.28420612905125786,0.5482350211737482,8.025751688780959
0.08367091819546153,0.3171730372552369,0.4926426811058954,7.58552052497872
0.0536704608223277,0.3269534022732833,0.587284983419251,8.414400807143176
0.07248412271547149,0.3534704222964047,0.602501460140883,8.916125261455889
0.11132898892698256,0.3307671508823232,0.567569317380994,8.503358067984763
0.053703350372450886,0.3091747390998782,0.5637389509155728,8.222923400858116
0.04514657226466439,0.3098542853600142,0.5412549879288934,7.953988635478782
0.006416141962246512,0.2624911200418275,0.5277149890602895,7.603908082004702
0.015578497437202448,0.31406756120479584,0.5343050867637305,7.874760539653464
0.04690758798573698,0.28482002053824107,0.5764005981602145,8.199515840451085
0.03473556881659999,0.3374066876782722,0.5381609856618851,8.063473199408843
0.09746366941529568,0.32359607743295277,0.5401460143938519,8.076673638964165
0.026935121254640145,0.28814342741146254,0.5853693923345853,8.289836764825308
0.09157185788129098,0.26508339277017196,0.5768273564906922,8.142697978722966
0.08632489178841032,0.33369596361414333,0.5573396064695137,8.287649591669641
0.11014243719138034,0.31935021516512296,0.5068464527244417,7.856956775410556
0.13437347382474557,0.2690858473760371,0.6099466429051925,8.67735236208591
0.12313252926706038,0.34660946595650033,0.6128854703872494,9.052485469620727
0.13260056140073823,0.29912301645808104,0.5811182760219102,8.406476043736218
0.1596811980868553,0.2683983673827316,0.6511537498046467,8.9658989963148
0.11808534381760032,0.29079562782519236,0.6608246655675933,9.198736201511387
0.1306455441379409,0.2941371570783363,0.6318577535546053,8.781345423017887
0.11682588799487237,0.32125032157569283,0.6241437480390454,8.8717272720324
0.07182795184219459,0.30386657168143716,0.5877666129481545,8.43639270317413
0.05212014970556174,0.3647149484774503,0.6051484950985784,8.97212973635278
0.06883610765645926,0.3656486155729622,0.5449174639752371,8.367260275081884
0.07508412893448027,0.3633336902381875,0.5646707616090879,8.484874772938861
0.10575635674710654,0.34162226719098365,0.5714451375991417,8.730292423152127
0.07669690650631075,0.3176071658378476,0.6179909309715981,8.737574690808948
0.036790812129725535,0.3548538087255403,0.5768694852988512,8.556273870837831
0.011557739544118938,0.35458044471205236,0.595851406902422,8.57001396253356
0.02724172211879666,0.35391795304790274,0.6035672984988955,8.74963867787859
0.08039125952266525,0.3201245003866374,0.5989770474226134,8.514194375998217
0.17973208278432226,0.3275265146016254,0.5703281988189923,8.585476666805267
0.19053833697330774,0.25036889699625814,0.6630033627689229,9.146579467632288
0.2329715076077781,0.27799916865102453,0.6608212583882325,9.341523266568478
0.1772630642627311,0.2854800959295657,0.664994328871639,9.22512795979883
0.24530977592178038,0.277923410332698,0.6303420895703193,9.166932863983916
0.16339023930956917,0.2527119791327485,0.6002289211122611,8.461205715076087
0.2849432807012236,0.2467524405636742,0.5784946592405501,8.762160176989324
0.15891430811402305,0.2508760259425408,0.5333084809568901,7.794371928340328
0.2010394345885448,0.22464193678308375,0.5246199739640842,7.630482684624028
0.1785345659781993,0.19773364548292555,0.5115028444334401,7.371013674656079
0.12162471900977169,0.20358224861909596,0.5003321758533998,6.993177458516105
0.15293186829968167,0.2592051253061107,0.5801474738073088,8.214202850451786
0.16991535706492905,0.26179281952368655,0.5844414106411308,8.195146617097596
0.17066212705481837,0.3161163647833615,0.5566143449523213,8.446885907616213
0.2098713278915131,0.23986614108182988,0.5620280717784792,8.136616996368664
0.2604784934954165,0.24378735482201222,0.5459531670801552,8.268167377350206
0.1769995243795504,0.27748112544068804,0.5785681213089342,8.474413653591409
0.24358274775306274,0.28074224575088125,0.5830496706765289,8.793205730597457
0.33586720560384187,0.2634694696244821,0.6125719461896911,9.579198732062276
0.240352862720956,0.23506507047983613,0.6426668396439283,9.186265129891742
0.1838643947161269,0.2071354151766225,0.6624172235093007,8.895033196532392
0.19299172639342524,0.21322601867080787,0.5659128026295606,8.05520168847229
0.15728926534625406,0.21196830793113125,0.5937947442573008,8.167220647089996
0.23077625881135638,0.19251472720580043,0.5311292563608573,7.852686254502375
0.2241981415308083,0.24985094754306447,0.6113488873543882,8.751892173279582
0.14095324301843745,0.26747521624041193,0.631952591401341,8.867976187726319
0.24227183414393433,0.2532232925994219,0.6586257778641915,9.378286622274455
0.17226844977716965,0.295703643653097,0.6008227323714734,8.718241592026908
0.21360076720920582,0.26044869285938776,0.5535895062890435,8.038649118866989
0.16996502806950547,0.2780709675049422,0.5781871413984164,8.423231818619348
0.2719900433385329,0.2905093212143202,0.5351704714398277,8.549652652972986
0.22538015322032834,0.2759936970770167,0.5956739136238484,8.794070573969096
0.12021889200914186,0.30382404862183904,0.5790744193569674,8.343156771083187
0.17966156202185793,0.28374683932994416,0.609753236550218,8.679676117955982
0.13260180956667672,0.3120967360247669,0.5840987399842326,8.486276549743613
0.15802524975864582,0.30129544339462216,0.6118683218491364,8.90238801499114
0.1981664771142008,0.2689707982574327,0.6007850882722787,8.732968578239047
0.14491042347667255,0.2311534337682927,0.5435172064164461,7.738518069414954
0.16693689672273676,0.26547118108115936,0.5931853400742831,8.515198485342632
0.1732680799601667,0.21019432108828118,0.6262740388692687,8.592876594440092
0.09624028235891793,0.2573843103681215,0.6142983800512887,8.473756335488272
0.16956263979349895,0.2592570526653698,0.5784164725181126,8.232002364181431
0.20636581949976346,0.2633684271503993,0.5706299060630966,8.453229248866938
0.18614571212156378,0.2765465098068652,0.5497126389041881,8.335042466063483
0.19330568645557827,0.267259184795966,0.5202918670278958,7.845301158937495
0.17323999170208107,0.17976713638038705,0.605169369710644,8.158586578150045
0.14856558724620514,0.09048514035923914,0.5970530874266335,7.9901638827241435
0.16977971266199665,0.14546489575322044,0.5932129563596485,8.133661667369728
0.19424477406966661,0.18871372753007692,0.6705603135185844,9.372478447028396
0.2943166438630569,0.1973382837725192,0.6065735648008823,9.054295345245558
0.23768940638984698,0.16958552317466982,0.6226697243196508,8.722510826776805
0.1502931640205732,0.17255347924255046,0.6938997659734785,9.195729551016658
0.17061254717258106,0.20323221758161547,0.6483951440982774,8.913709027703394
0.2549897820494954,0.17816075097932418,0.6485801409578392,9.236158601226272
0.17397115497923765,0.2198679295670079,0.5520294933628287,8.021388487936479
0.1866280043853063,0.21906276958425713,0.6214397018160168,8.822429363180328
0.16193208806609158,0.23779616688554306,0.6228782697604867,8.75523543747199
0.1431418733443694,0.2515281195505034,0.5601769327544389,8.119524324466317
0.0622357336215598,0.2887260604925721,0.5540193967731656,7.903109241709461
0.08873000929258935,0.2720160876433324,0.5553835591096334,7.921199594737156
0.16979159051793175,0.2492520580014255,0.6505581651468347,9.136039546189119
0.10864072381241913,0.27232578631279675,0.6236638955613003,8.573497926137074
0.1428010532139768,0.3017567239090672,0.5992271937571082,8.716675010598053
0.18327892401627602,0.26544999496137994,0.6784289558425732,9.32598638896965
0.18050633929459356,0.19709776132480344,0.6809598482858701,9.103929530449852
0.19144461097587936,0.26097833042241253,0.6083381338883322,8.968199944126471
0.16950452268294752,0.24988545482021013,0.5554853728857427,8.002257583932494
0.218448419250433,0.23843113640636987,0.5387366678433858,7.993832628814259
0.21981907281033305,0.2833701389901302,0.5780579063832835,8.613815520566948
0.20944541999512142,0.24001743031686096,0.5454567383609324,8.158036704333277
0.17110611952849705,0.2836647680062846,0.6023815557019598,8.521437835554648
0.15811050943329158,0.266312503782365,0.5298841399683775,7.719382839340968
0.12319563025271865,0.2558641489120814,0.5112730564578754,7.53258509683527
0.15208215758373705,0.30313005363981516,0.5550223283021621,8.176813201527636
0.1828317071490847,0.28344297320954215,0.5619484781678079,8.250498132925312
0.16470448478013522,0.25124698499199777,0.5373434533704564,7.826747871369348
0.1857689729880761,0.26166872609836056,0.5463498748280685,8.044637107840364
0.16737624115032276,0.30887736425836293,0.5950922283417913,8.792091794503502
0.13877152038494717,0.3020800855011881,0.5086174196015734,8.054767286369717
0.1369137972314426,0.2868068884886016,0.5138419488451846,7.776647789410249
0.05057547036873687,0.2351019235649226,0.4703086814914047,6.575372282792321
0.06269236712610658,0.30033101680158425,0.5270039254753401,7.859512097059974
0.12486145816830882,0.2686667721445727,0.5364273764395175,7.857505534052711
0.153399360473787,0.24015064111569825,0.5830838383940978,8.344420183955755
0.15228718400390726,0.2149197083407044,0.580376737132953,8.038224279065311
0.12763175015432143,0.25049779435690467,0.5717534038278361,8.092284390300046
0.06409859220036572,0.26450501686330014,0.5408564735055696,7.925272317169888
0.03257893874964423,0.2447600144711583,0.5584450433778497,7.863339090045318
0.01561874847106328,0.22252266962464545,0.5896847566113277,7.785344192711767
0.03265191060083863,0.239461394582808,0.6413508280040673,8.590832136324568
0.05815915466041509,0.25691045371842225,0.6384638047767529,8.628127744522835
0.09189774000486457,0.3001202457221539,0.6621867126201446,8.918305484805177
-0.00510580570394519,0.27091475660796044,0.6675862682098768,8.828211787212808
0.02382616793402375,0.29566134004907624,0.60865738453292,8.417385052656062
0.13363471293895418,0.30963135138529857,0.6256409555252515,8.73301310522922
0.08011819601774353,0.3040060196484251,0.5886884906960004,8.3263503998891
0.08943422526814696,0.27935730562881367,0.5518825327985377,7.761641308478904
0.1277915107053114,0.23607552621819936,0.5510399017606644,7.890600231069813
0.15912495408371108,0.2701569894422165,0.6112937545832601,8.637720244258695
0.1328285144577009,0.2505011331112029,0.6129138166192556,8.572859241146535
0.168997585885293,0.18397941507724258,0.6502117418825057,8.690478227595646
0.13986661187382063,0.18250018737152865,0.632537263004159,8.484783767722408
0.09148279619914847,0.22526255802414608,0.6891751250537703,8.968840839163109
0.16656013760726365,0.2217085027486597,0.6274832754916149,8.654102658839642
0.16782648132212297,0.1966818382905911,0.5612846253180723,7.842886644720701
0.18639951451811268,0.19104110616415176,0.5471996045134613,8.023282091059093
0.16005634145050648,0.21183294545327266,0.5734197670364987,8.1272375842373
0.19213233498618726,0.1669099050017673,0.6665538980983906,9.05144230012805
0.2497145678246255,0.1431524035719895,0.6424297178307314,8.935708617020476
0.24931628386407895,0.22704894876082587,0.5974691057710866,8.897525209743188
0.20104002032927107,0.23588473278735855,0.6445717052610608,9.045347913209277
0.1236475692056165,0.2587670024901889,0.6192593131403603,8.60570177780863
0.23957441311356295,0.27822035961002156,0.560282700871823,8.480243306049223
0.18536208522431738,0.2590744001513185,0.5546514805903698,8.150142083189637
0.17331595909214356,0.2138346063601916,0.6172010753841779,8.541484346060047
0.21748715053936962,0.24317187166169396,0.6198649883898788,8.768032333880189
0.16866408993284202,0.24409627053072058,0.6280286846114456,8.808368111186285
0.15242218373980743,0.24812144001484754,0.5335475958982693,7.801442013225911
0.11270026301382394,0.28782840276877636,0.5430790023588247,8.139394225019515
0.09685319387902597,0.2594868412661103,0.5469585608864121,7.693518116156411
0.15391305290447774,0.28785300297809996,0.5095994285394261,7.854250650932534
0.07443941116029305,0.2604581969474808,0.5615360933654425,7.915349636218105
0.10617330790229895,0.22578478905559676,0.5747159705480122,7.787281495011226
0.04971057061916768,0.21589915725699502,0.6116464024504189,8.028021772066484
0.14071780087434707,0.21494454821391465,0.5783387448741578,7.912464775877432
0.1410094563846044,0.24130328150299293,0.5634259243587468,8.003515075715523
0.11554148195958265,0.24450514263058476,0.5339691213273903,7.53833051395111
0.19576707630490925,0.21889939614773837,0.5223584350834775,7.424540986123272
0.1858529328939694,0.23136149770781797,0.5916534773137986,8.344206712957545
0.1672763372287,0.23921260958674304,0.5924265153300613,8.289069458926933
0.15088115379622544,0.2697403834458029,0.5495359173765486,8.0421938474541
0.09793921281525925,0.2438359717339523,0.6432808919329674,8.531949189026278
0.17313692390167798,0.20080069780611767,0.6278940401290415,8.512096959445477
0.18628120905819354,0.18686823307971584,0.626842775216289,8.572393813680234
0.16973777131003376,0.1775500629998237,0.5701757112682257,7.8464443065802385
0.18296074072027332,0.20500755497783768,0.5635260300064023,7.8932645774007915
0.16348407553399044,0.11575193344824178,0.5706125031278747,7.7592777004406255
0.1387050763287549,0.14949691592910866,0.6239856745457287,8.240439979135523
0.1564013149383311,0.14764611620873763,0.6525236798087605,8.422929494500952
0.10159558883165433,0.09932643103854304,0.6970346075506029,8.816594986583537
0.1952641214987926,0.14154163589929844,0.6209300969137461,8.310414583730962
0.17927809647099313,0.22183239025333773,0.6355710915289547,8.690137253468155
0.16254478294188893,0.2775491928412469,0.6708542116064354,9.183010331451618
0.17588495318431274,0.26501088763411385,0.6398371660048414,8.872166213031718
0.21382283274363037,0.2774130311421202,0.6203550473028433,8.83109319511429
0.15533579325646288,0.337604482179726,0.6635139301654361,9.386556583071966
0.13046430695379524,0.3226753105976096,0.6316262558400786,9.024670985245292
0.10203704974751168,0.2816328522604983,0.7311455445082297,9.639220656260465
0.16380062952898378,0.2872976941885971,0.7509619212916256,10.272504115612348
0.19424918274859188,0.28667014166417554,0.7048774875196858,9.773373121335798
0.12683974616257407,0.3153293295094159,0.6700567851803979,9.311726994342004
0.10664065434837604,0.24186243855730527,0.5997512970587087,8.152514275649065
0.15102840118856406,0.26949629320838425,0.5764030652789437,8.12974954845928
0.1318801956001463,0.25356831437573485,0.647696929070495,8.732105329705213
0.18227772266098827,0.26039744210903215,0.5816094005618626,8.475877065379063
0.2526241429563417,0.2117229210317292,0.6587896973243481,9.123805182430848
0.20105894095789892,0.2923660997589455,0.6547062714049461,9.232431402149837
0.22987897403871532,0.2704398678879549,0.5502282702374831,8.09603568357938
0.22628207457726462,0.29807592916671066,0.5907884450214808,8.700971692434639
0.15746449366816678,0.24074707141759846,0.5426464404922041,7.939249353873685
0.11763015050409016,0.24891965761512722,0.5900155732264823,8.063627170631243
0.1245122864778095,0.24878567845121824,0.5836757183703049,8.072353698218812
0.13060095319094858,0.2871351952144528,0.6443514225871607,8.960699215588795
0.1393037328608449,0.2388643648617784,0.6479152253560813,8.803764178935127
0.12211038564954065,0.2287725207712784,0.6089932537552989,8.221402964315901
0.18389783461004255,0.24607782355208035,0.5965222664686117,8.469805981101846
0.06926837900849128,0.25202672426884104,0.5954085237326601,8.080175555141205
0.06716784906835316,0.22286449782573814,0.55967022167761,7.7540059749066135
0.1196749632529955,0.24215845729455523,0.6256287822664099,8.622188935166001
0.11034315913308813,0.24847422997819005,0.5744992436488697,8.004580736416903
0.12611595851347548,0.2523116726099657,0.5513623671345826,7.71747836367645
0.10457830831774931,0.2628423633905643,0.5892452397899601,8.250525783309225
0.13435491231533228,0.24782671135505022,0.6098100521114953,8.318923787550988
0.13408144956815013,0.3097435355435598,0.572992626632018,8.247655327826866
0.07365313387291393,0.3059368281124761,0.6098884930773184,8.530772157680396
0.11179201956724791,0.3184892405671252,0.6146196493775082,8.522201790678626
0.17420848233856537,0.29553815560797353,0.6264689672096615,8.898388636361604
0.10109826971652688,0.2629177862570514,0.5731982380137691,8.101048298067504
0.1026709505211985,0.29542792012277297,0.5870854668327383,8.228030868827174
0.17177067393781112,0.2692068710331216,0.5600150446660741,8.079965640879601
0.09918163989103966,0.3348105636037279,0.5250127733302751,7.912558865690238
0.128265055180364,0.31294468135051035,0.5466994488331204,8.05521093049513
0.10358140144863466,0.28777390359360766,0.582329770208854,8.357065195974656
0.07955280532663637,0.24666261793440308,0.5806361993371127,7.913094222198735
0.1405007207603478,0.3001687504118845,0.5624279728701461,8.182712618960245
0.11182301928865795,0.2727195019286536,0.5797297457921271,8.019243300051446
0.0665670508422197,0.2578252711428028,0.6060519963527621,8.221331182038229
0.11125455738808813,0.2901733216031844,0.5885986257110238,8.375598089426342
0.19362590789982884,0.28473224898495125,0.5944242319115763,8.436786973710676
0.1123084555934931,0.31361786381812357,0.5663036497433794,8.24109381683522
0.14646354598391717,0.3346338844875296,0.4808838335749626,7.596811038771478
0.1419699673946258,0.3242646616127927,0.5205602770438147,7.966572677449805
0.13102024544844867,0.3021216896878726,0.5889661523852384,8.464666166807685
0.1271198673152529,0.2962075766317805,0.5840800888544109,8.474449623860803
0.11577101207116201,0.2096299348744554,0.646686630881815,8.539290380962786
0.11989167517281014,0.19853509552074286,0.6394670086451324,8.387105443891732
0.1446706161969164,0.243915686200925,0.5883547762595277,8.198896178559023
0.1317378636821581,0.2843957634066377,0.5682251944733694,8.28489188074504
0.11455718052119071,0.2958614020399362,0.537849222305336,7.93050985973916
0.14008815017366005,0.25984360095240544,0.581985707164578,8.184536300889041
0.13035476361818737,0.25392370288623534,0.5735911115155912,8.113012315342909
0.1969490382865532,0.2372951626538109,0.5622700549518819,8.175589326468183
0.15287178938331178,0.23089860560038186,0.5711051029271219,7.990856395495735
0.12721667698956612,0.21530177320744714,0.5212847063630621,7.276153188626116
0.16877719310743156,0.18646889678304548,0.47625944887553573,7.136080102627965
0.178803883383666,0.16143130103519504,0.57835113703743,7.888388719943756
0.13989252191297152,0.1644160379788376,0.6108371501878924,8.13853061987197
0.09450842917717658,0.2623748317267443,0.6184926090569473,8.400683420506327
0.0506790454826374,0.29269413375229664,0.6148392343607072,8.425052578019695
0.08690268955190625,0.2584319034482173,0.6688374793710832,8.978534573489044
0.09452086048635566,0.3414763634124603,0.6385918242380544,9.102145656270531
0.09758897020790337,0.3260806607983056,0.6344266434655841,8.797686275329632
0.1167834163019398,0.32565458833206906,0.6425959311298524,9.181311694510478
0.07379945291372413,0.3110297415703169,0.6717577078181263,9.192783190292367
0.06668797635933885,0.3375634936451169,0.6724027414263304,9.349576396011766
0.124763705595766,0.34753874909411564,0.6409482680927322,9.28136411237213
0.023676379294847033,0.30566193213888543,0.7238424850810731,9.546556538788236
0.08536836050419083,0.2789188707955958,0.6925609960487212,9.122983964209574
0.124997760882276,0.2723387142286782,0.687427366935923,9.237839241090661
0.07473770460275815,0.3100781021556826,0.6636959492888724,9.079556158613256
0.0917733054681403,0.27273656866050017,0.6801653919427175,9.049434514469944
0.08860133757144194,0.32495666786995236,0.6041994481388208,8.482073141376146
0.15271215910673086,0.2995224298990984,0.6025703251184495,8.562153864938466
0.14367129374939133,0.2653558089236962,0.6326546618260064,8.716626304983041
0.18248040590934217,0.2301282230442819,0.63051775819082,8.630146025934636
0.15366927232592595,0.20600728045305697,0.613741126645913,8.156434670186192
0.2332176444273101,0.2000597698723289,0.5703299973794252,8.09803285974416
0.26889347537771,0.18063954928789208,0.6217707669188165,8.523249297972383
0.28593466326119077,0.12344152448916422,0.600195873856226,8.409894440962184
0.32539036336233873,0.15537948543455501,0.6083162395113725,8.674877128025274
0.21077214820402523,0.1649411815929872,0.6142552374139955,8.197104381483104
0.19109602415129084,0.20910619755052912,0.6385648454181666,8.524372232343504
0.19058346503263002,0.24250707602963334,0.637060968775572,8.82127365436549
0.20789321470242086,0.31667795343893407,0.5339489548141517,8.331748971448185
0.2451630120189353,0.24547679163129726,0.5587924703479205,8.368476219600664
0.1813905242576975,0.19429753196989083,0.5446595024365224,7.560605347172316
0.19536697744564752,0.188832937330972,0.4861007256620621,6.92003340364042
0.2285026132289545,0.14245219734030182,0.4668342953215172,6.91720978896103
0.20724814290679605,0.22972375279512672,0.47603319486406126,7.20935255150985
0.19831145720470908,0.2142486595664442,0.4889590288136737,7.153165057621482
0.21965196766746592,0.180267113726739,0.5387194083078413,7.61492073947238
0.24014595127065308,0.16497541306843486,0.5336114796044327,7.370026367039897
0.20780563147515518,0.16747862131361071,0.5113551949319362,7.407967652318005
0.2393996754316885,0.08480614758939452,0.6114904085025626,8.218330377124243
0.26954042435004516,0.16812226330249044,0.5877200167705792,8.2712999024003
0.24389279701597202,0.2029697897638091,0.5893297221529383,8.291898242041333
0.3042920761303915,0.17584533638130356,0.5827825944685893,8.446765964416532
0.3527086014857074,0.2425657923345515,0.5613163242326947,8.741510586151888
0.29009668864817956,0.20236357990531897,0.5869413050364207,8.372543816445047
0.3060704780904038,0.19402719099947846,0.6035068693555168,8.55823952707524
0.29010135579881074,0.25533314770245913,0.5775923742217838,8.616251234667876
0.26968545689243706,0.2647850863389288,0.5363431043214607,8.22925809941658
0.18717116077834436,0.2699375508354617,0.5653405797699627,8.101238059174603
0.12019899614847343,0.21152601635755178,0.6001159504578114,8.02014091348466
0.1671323007812036,0.27502342260794754,0.5834268102908119,8.254483638249502
0.1688869815851731,0.2575175210862809,0.5788771494498077,8.185580645778336
0.13017589116065556,0.2871390737391363,0.58358346820822,8.21162613195503
0.0896895605768157,0.2820276383836714,0.5315784321881828,7.48858929031386
0.13577743934438552,0.26797993761938227,0.5473763466284324,7.79015784813483
0.1848641511869937,0.3403267585479883,0.5841038315283782,8.663548635980838
0.1327647495438301,0.2852909695775493,0.6124129713199981,8.566016837496246
0.08700341377111487,0.27487201553308305,0.6130946337428088,8.361941309050637
0.17518691433344108,0.19994826072333216,0.5523616860458684,7.725377019021734
0.1877094836270551,0.22535078641773135,0.5119968125833199,7.366685597362771
0.15157224908414044,0.21779405235499164,0.5379823198042802,7.5010716524996015
0.18285031641560498,0.19704964993560178,0.4657977767602326,7.014963954566087
0.10712657577149706,0.1886114640338843,0.4827256879958958,6.672781814039142
0.13937832444931514,0.15900345217389972,0.5060480117476529,6.874816964529169
0.19712612888111608,0.14544991033642968,0.5058717656832515,7.06578418741453
0.16121421827422577,0.1843303861295976,0.5394552757100859,7.436187283602779
0.20407805611736884,0.22625076358398585,0.45664805494924304,7.066608561751031
0.11151049840132124,0.23314939756680658,0.4750969924219272,6.976399864765027
0.16624788770257837,0.2194210555852964,0.5032260280921913,7.341162828002154
0.24138108233236832,0.19531516543073535,0.5256132260913278,7.747552658110285
0.13197012320127915,0.17281166641149281,0.5215330460915518,7.037528536222599
0.16802831979280358,0.2208414385736351,0.4464922663668798,6.847581036056901
0.18233997743990935,0.2088873921166961,0.5296329009964587,7.547283891993517
0.1705123149025462,0.251021283569688,0.5819488564488088,8.176582124832603
0.1091247814041786,0.299327092331361,0.5738126301017307,8.223194208562422
0.15839156624627268,0.2656147587548228,0.5549370523554351,7.914993850462867
0.11912253951057482,0.2661076093926654,0.5482906287764435,7.7782801291841
0.12117164559646114,0.3046486177968906,0.5280985872625948,7.913630023501021
0.11113310018394533,0.23661942047826093,0.5355034327094551,7.647488728014976
0.11014537812213014,0.2947500478066922,0.4858271842302908,7.367868603701358
0.17690572312896208,0.2524824399315241,0.5338464910467214,7.918321740826955
0.1550975536969023,0.25494391702608915,0.54544848303992,7.852989600684642
0.10512059359652644,0.24887321007664995,0.5693738934769916,8.015300264131707
0.15112442953963506,0.3072471141212698,0.5690788123230459,8.27055091706392
0.09700015093851382,0.2889106202483358,0.5905377437339501,8.200442961078544
0.10678151246932654,0.317131247934177,0.5363185840631634,7.818899843077442
0.06000799467972992,0.2442599832960822,0.5337994245053684,7.438237841218628
0.13251439884066826,0.21988070834886175,0.5458689275364103,7.568945928113812
0.06843197575247725,0.2546095172450901,0.526580350429891,7.40379038645121
0.09941835091942726,0.23514978219997945,0.5116675677639846,7.273674681795698
0.11829229508458887,0.1945999466388958,0.6048609646726852,8.11864655761334
0.13193774563310828,0.19871314966002593,0.5804513082695879,7.761095306862397
0.15513394211739384,0.22872292447813095,0.5697645002970041,8.026455877934655
0.12277700753517161,0.22175211358012048,0.6480369292854113,8.763981343677946
0.03281523431471075,0.15452061667478836,0.7580444009484408,9.479579189840148
0.014034065988993948,0.19060977355954262,0.7730246872036208,9.705740328582007
0.055972106002885186,0.23293559669298863,0.7208808123313333,9.325949988677797
0.07994446159967135,0.2348442990246163,0.6637203789901165,8.86433277423615
0.07448100111477103,0.28886739186475274,0.7006567212141471,9.350543183523719
0.09571141685894637,0.25419512145486134,0.702672282244763,9.245676635148211
0.07547185009449565,0.2882908003413909,0.6664673055581918,9.128515750185862
0.08775591587547252,0.29405619575085273,0.6080736361669288,8.365922893060263
0.11398362484250998,0.31650915394354245,0.5876743636920132,8.382631391602633
0.10429922789143367,0.3056237318750173,0.577617156965348,8.11699919528989
0.14126500765447872,0.3159088595468029,0.5933028366450229,8.528446344082486
0.10443826448351122,0.30905995334023206,0.5764206114780961,8.270521205741336
0.09061043597818437,0.2464933328194097,0.5724144301879456,7.907955430940644
0.09668540927748179,0.3078680435111583,0.6138253913206656,8.607926985953146
0.028789681378767192,0.26286887186534635,0.6834560603191108,8.921042652034602
0.025998454002625005,0.2752566242437675,0.6356201986123088,8.580528597214338
-0.012752259063109318,0.3212109050124688,0.64722234429001,8.921684893640288
0.07368109613291798,0.2563465950110766,0.6860936249898596,9.114168633875437
0.10649725051634927,0.2914088754546705,0.6810404342766033,9.15508501099132
0.11473122186555698,0.2488818072354848,0.6874448289091459,9.056168226384544
0.10407146168944645,0.31663422996126195,0.6434004835061117,8.93544235423094
0.06994074721692634,0.32904947313604793,0.6049404177174826,8.573285247212327
0.06559805711269766,0.30400522616605646,0.6430577547287168,8.89755352630522
0.06318064992675003,0.27306168329128566,0.5440696799543729,7.684759486148297
0.11741635243097773,0.28546824723914077,0.5903222318480968,8.438366975678008
0.1328401634576035,0.2448892362371351,0.5639548576533496,7.825742493094989
0.0581173518049882,0.2212261869230389,0.6174159502383121,8.083935186261915
0.12529059696594994,0.2187577620471259,0.5484008094049297,7.537924152743749
0.12341891656457439,0.16746643636653621,0.6140628459643704,8.054511052435284
0.14239924364939155,0.1868771346167395,0.6140883399538138,8.158071382830284
0.1093171396688837,0.1740368942300854,0.6792929934651502,8.78768442873779
0.07600754538661124,0.26100217465094017,0.681009552028735,8.943587941010577
0.08145250191528597,0.28774595504702105,0.6784007137863279,9.256320020946117
0.13298744973442245,0.2899347487486671,0.6882767897067118,9.457504148289766
0.12400627932990849,0.3081868817414938,0.7154921149698867,9.902468392704177
0.1832560017087208,0.2750822421819538,0.6423721780252536,9.001398201619189
0.07957718555583654,0.2705088316874202,0.6159735908900027,8.689351774406546
0.16543301048128292,0.2693014422669772,0.7100975890511695,9.665444485914332
0.16926876027050172,0.25691760901153066,0.6697464118318337,9.234126983262172
0.1477150173904551,0.2569626090813826,0.6528331916700856,9.099869910850568
0.08908790321778115,0.22994306699820619,0.698933292593555,9.25640740821725
0.08526483018157575,0.2892978433583432,0.6921418139913651,9.36406008525572
0.10937406553717591,0.30056067909102724,0.7645011547798762,10.300349529230052
0.1378568831080512,0.29424763016791305,0.69204639186127,9.52431674438458
0.09946401962202171,0.28096245317667456,0.6901709235170796,9.228682282846956
0.1747586973288432,0.3156192588271154,0.7093449147512373,9.970975397091825
0.12032859848029301,0.2278254501032088,0.6378743932247594,8.653419886027121
0.18503974251632216,0.2319646936014122,0.6790338846162282,9.128657291623751
0.1509146839012724,0.20010266988364578,0.6426947073211098,8.719667097588502
0.1563363703052332,0.2088387073458826,0.6333087919496834,8.745043532381574
0.0731534644564269,0.15959250813922077,0.6265230403152982,8.23770066764696
0.15550624967927176,0.1707266051967717,0.6391682410501912,8.601303771739367
0.1446691221706672,0.15720065014570142,0.6372177585887152,8.36008883169286
0.15791905214209173,0.14494466536514516,0.6061772751602662,8.032538445488418
0.14009802880970926,0.14985878189879473,0.6893687120245637,8.900656757376195
0.1605313330494065,0.16559552396024116,0.7076970963676357,9.247652496711368
0.16222098151669975,0.2191464076728333,0.7022553862033192,9.371366009229797
0.1319185172850445,0.2615213445559482,0.6785009989843079,9.150507739813072
0.047841898209403884,0.20894369625592196,0.6727465716798993,8.605362254586009
0.07126131017916201,0.24595991103849557,0.6451403237389988,8.547712304366192
0.12337469574253868,0.21073961247351944,0.5990044911576463,8.039645800507474
0.044577319186223756,0.20585643901169354,0.6431310546277056,8.272428418474574
0.07560129156011049,0.26479326603201325,0.6341949722286049,8.525592642193129
0.0819886024634117,0.2491419121529908,0.6212642132189512,8.364197976200838
0.06155803405205958,0.28798343580175134,0.6315402280108647,8.532262502802899
0.12254684734887289,0.265984270984925,0.5874475168467336,8.130061008372921
0.13470965054184086,0.2917160881274178,0.6534956627242111,8.912936924329623
0.11888022480857219,0.3161255941256528,0.6375741832577593,8.988947618742811
0.17531639959430623,0.28286486910306524,0.6900323003498082,9.41201565027968
0.1529828645023998,0.3424529336396228,0.6324844117747899,9.105039020710889
0.07379002814625424,0.34644206360521673,0.6026691910442985,8.709435549325212
0.18838019772814202,0.34375062154696034,0.6186440454981408,9.034618970487573
0.16374024665670167,0.3426351948553399,0.6249607694496697,8.872544174291072
0.1332514555421399,0.38339093361792814,0.6043474577335965,9.045020585185993
0.040213907249660376,0.3418817659178841,0.6129399300578585,8.552919352784587
0.09862554171264183,0.3759671801633011,0.5943743948083002,8.82101271082169
0.04638946181597259,0.32541342396562883,0.5697566947817516,7.944863786524962
0.06471632977504081,0.27138188864045054,0.6383017970021917,8.602481624066758
0.1587110344074963,0.28272361188933814,0.5697174467875229,8.028568751443718
0.13376599105331516,0.33074052235656815,0.5535013808084533,8.09492994100407
0.09723203023294934,0.315193420662605,0.5717061734111886,8.162683378489778
0.03661875967090944,0.32492645080340815,0.5960619624237602,8.377681562837028
0.06530737054943991,0.33196739695666755,0.5808614510588876,8.346335251744538
0.12861384408445942,0.3498541425530498,0.5040087843373243,7.962204333567359
0.09638666313728844,0.3881012299285384,0.5977550107305983,8.876598039822643
0.10481232733207962,0.31086209519421126,0.6088025262278594,8.514390216939546
0.1334196783581945,0.20781084295696747,0.5526238995588815,7.716502505434212
0.10084520941151169,0.3170655374311282,0.5721559984643907,8.209914537608231
0.11979655144000902,0.30661122131508456,0.5906346882942254,8.32300966871402
0.09662159831017218,0.3225958792642078,0.607195525674704,8.61307821803621
0.10074773286078248,0.2660160086555056,0.606334941685089,8.291599209790277
0.16035485654796028,0.27333156367329764,0.5787554796186418,8.153555026836285
0.13904124393883618,0.282200277844191,0.5640521478933306,7.971326406114988
0.11400477249082525,0.26485251616618183,0.5107489264617562,7.238680263367335
0.15854015881928765,0.2169486054156992,0.5146133213048248,7.181662369459207
0.11861110911620372,0.2162709550819839,0.59178520953139,7.900034471201372
0.15822831756731168,0.25421000068137845,0.4926745927782016,7.116610115299821
0.12330932038110123,0.19863819971217983,0.48107893158157883,6.617037122291893
0.11235603162524244,0.24931032157576938,0.5514155225281913,7.68281604373856
0.1498162602790686,0.22908184770831702,0.5255884885743273,7.437205292590242
0.20317230966547511,0.2005585971179935,0.5751644308069158,7.977528842483883
0.1956116176856373,0.30216401715856794,0.5340857173459991,7.966231464903219
0.2147200759251892,0.3326936106650345,0.5216137953190414,8.029562091659589
0.24380741043673163,0.30764705091915123,0.5227151352422784,8.223874898070575
0.16623052679167497,0.30412671397135815,0.5777754929060216,8.31217294283269
0.094967606442353,0.34781384547607214,0.5905973266370761,8.320351106968872
0.04878428692878354,0.29882243855412804,0.5626720870709087,7.870589044663581
0.052495510949004044,0.25940019595302255,0.552352898723336,7.722654010696271
0.07604057841503324,0.33309036471821934,0.5765035873792372,8.189527595759444
0.09681510941282087,0.2879260424746896,0.5887450047163187,8.262603892112592
0.12125665872941727,0.286653785190729,0.589066823142621,8.138950002320511
0.08910048759121797,0.3076169175218945,0.5905913047363459,8.119080176385921
0.07002785992443292,0.22900041016331313,0.6735337937401078,8.824995144027733
0.06846423153695856,0.2602807836791365,0.5966305282549585,8.069262201105479
0.08076901012908758,0.3042623787106359,0.6403277476953309,8.82135509123083
0.07372699648750734,0.3135855685153499,0.6610670597722424,9.094916049307319
0.05726792348311151,0.3203350538348667,0.6439969004105488,8.932186081209185
0.11968923002254517,0.2876934925256907,0.5900042860943079,8.102254863599658
0.10263382370762278,0.27973064062860864,0.5768672426551762,8.018859605464591
0.08943867700378257,0.35106226454716233,0.58865542473858,8.430752443881072
0.11105531214956874,0.27359598770040244,0.5322070237876921,7.705309183165356
0.1411951148126828,0.2696677321183383,0.5812379079921516,8.009680788299468
0.09236739811561824,0.274135311776969,0.5797839357019019,8.081702430591783
0.07840818420917503,0.24378650294734072,0.6422353634828495,8.36331961999063
0.15420866884970977,0.3152404979744843,0.511053472874477,7.610933688391741
0.1269030055724596,0.25711243603186196,0.5276324239432268,7.375470282469624
0.09252010566164214,0.33017885568931277,0.500015462186378,7.460987021136027
0.19136082521734343,0.29086419378564293,0.5600174642820156,8.109960450823221
0.24536256704418064,0.23183246659628529,0.5694834148473147,8.171379166104972
0.1663300331751636,0.1940170164273155,0.5479060686637821,7.404809912186785
0.18667213451125927,0.19850570656970368,0.552139809043902,7.685986733773967
0.15891554769647503,0.24253408430462578,0.603457016208434,8.280651958065285
0.10203009968377615,0.1932137974322705,0.6017459571965652,7.878557457657883
0.10038608220185852,0.22460661439441018,0.5987019092551003,8.114757764022793
0.09042475555471485,0.28378234199752533,0.5790833732921256,8.047839185531195
0.06588891348748761,0.2780837077241714,0.5778925273169111,8.180157091863911
0.12120438550625749,0.27938702956466,0.5339627260963635,7.597658988175637
0.034567730427112475,0.28937243539264706,0.5366416651761705,7.743573840380494
0.08443539039520045,0.278732041719606,0.6507263037521825,8.900226586430295
0.07317565253520986,0.3099566319848811,0.6488268549344226,9.024162499938102
0.07246090231479091,0.28198235794063997,0.6064526301377717,8.228572195868807
0.061870634692429156,0.25736525923889086,0.6394866313233972,8.452074318278312
0.03860284035671598,0.2730408412561035,0.5983401566114327,8.148890930462535
0.014627231666304944,0.32030517827327715,0.6129142642024533,8.511871925303119
0.11105907037740007,0.33547754748294245,0.6153295716624346,8.68411128839102
0.09671995703547281,0.3451599098627235,0.5537276370299224,8.356491333429156
0.10542327471296191,0.33037039760699305,0.5372817559692025,8.023483200974459
0.06971639868255931,0.2717819347497996,0.57544624833282,7.8865122623068356
0.07832492105303433,0.3122317023813379,0.5497482548887627,7.775813219180546
0.14125001623988184,0.3164725364380413,0.5585881915868369,8.063773627558257
0.1826382603271526,0.328832298095299,0.6605081004333374,9.384260386114965
0.1391337479638221,0.35445493210668794,0.644495961658727,9.194534122393334
0.17053017441767443,0.37636501152736823,0.6148107832637455,9.075862332483522
0.15218176909211367,0.3261366222573903,0.6347395171686437,8.890906787518901
0.20093792154192364,0.3592457704407479,0.5855674282106348,8.834554522012294
0.19374997871612085,0.33754867873697436,0.6695083912462069,9.456248835144285
0.16686136207522562,0.40534623304804995,0.670217153710731,9.950524783715853
0.20292962894809868,0.3672225409073096,0.6733185676260165,9.716872719476932
0.25876510165765004,0.35952349778681214,0.6863097891637,9.971938930502853
0.2770346204700316,0.3511944654437178,0.7188958527193586,10.375419385679162
0.27753073627741837,0.30537251236059026,0.6596744373410032,9.540483587224307
0.17203366991345992,0.31841767758364986,0.6383102675044172,8.86806985510528
0.18584684373306612,0.35348589897370775,0.6143524952209246,8.912431061919413
0.22363136219628207,0.35767921186367574,0.5956828876836096,8.829453742809134
0.24373148463140673,0.34883575410832174,0.6168156184332583,9.205788866611243
0.20048351864127328,0.33914210471821427,0.5945938620969854,8.771384452055923
0.18405149812485733,0.36565462062135434,0.5692958147592194,8.543518450797603
0.21213104209906186,0.35369326645746163,0.6467671171921624,9.339936799290255
0.10188445513879808,0.38297941094028404,0.6050308157610806,8.815746514518493
0.13256051077654837,0.4066682108876289,0.603206425654903,9.100727493713027
0.12689574638061035,0.4150856478678371,0.5823900161272371,8.953541511556102
0.11427339094221532,0.3916690234235253,0.6055402282110808,8.856319329322567
0.12284886079231518,0.34159834017980567,0.5814618933921143,8.424319418909205
0.1713013990868918,0.33738383739888533,0.600622998310156,8.777492934367197
0.260772214886829,0.34300504755715805,0.5681124462786176,8.781443237743012
0.1681547201641116,0.3072660697849134,0.5684383810689166,8.206907701049584
0.16638393349444278,0.36759710145774144,0.5223279249399789,8.268702860036644
0.1873487343367119,0.24443835714602485,0.5721750267318357,8.042864021815852
0.1748711373612239,0.258030796907452,0.5385932135506643,7.722025575191101
0.141185886671252,0.3130244112781659,0.5689286453967642,8.11015484046468
0.1269015431784616,0.32914778505264414,0.5845520646742852,8.433818155794716
0.07510263270061054,0.25093965145687336,0.6165851035980562,8.18233123350808
0.10097412280714464,0.2289509385411703,0.5812120073830094,7.805363906226337
0.1569200023736201,0.24284651317161107,0.6347193887395565,8.651982334131866
0.23521429610680422,0.21961861973324218,0.5967582587627887,8.220453380838576
0.17188996092070175,0.2894164542434908,0.5162746605487775,7.72005021908371
0.158111615608126,0.2879035621693549,0.5188649577568422,7.769955310152896
0.08365008092862723,0.3315878033649696,0.5431016867269874,8.047351644368547
0.04937979877830453,0.35487264056522705,0.5829636527136861,8.372322407346392
0.08386775713537535,0.3989141480146692,0.5907840467718974,8.740262525357831
0.10748688756907343,0.3848658928741614,0.532893773231653,8.294702303597298
0.10473225797322198,0.32999315267752166,0.5569411552042308,8.055043028668539
0.05340588099871893,0.3406472346131071,0.6370306428505792,8.873067897627342
0.07415456384789021,0.38139987938122655,0.6715799157779057,9.607070847712308
0.12363357746193257,0.3675722073421315,0.5467018402448376,8.24406801932477
0.16980023582490647,0.35833602117662955,0.581767092818315,8.68601496949502
0.12519726414364837,0.37251969892369563,0.617634967650909,8.853893825772118
0.08564372673322576,0.37003418460329546,0.6516639619079277,9.246237111950386
0.142454299333317,0.3927574715096346,0.6810591580476295,9.76959426187176
0.07057601006568746,0.35630558631208864,0.6839460604993819,9.448950143323563
0.01296725928542988,0.2961558947653297,0.6773941341757141,9.145995560717386
0.06802329919752313,0.38450642730513496,0.6317179731568047,9.076385376093231
0.13072791314347942,0.3764796649277961,0.6003448198222854,8.954237542577975
0.060121755470033025,0.35273667962211513,0.6047832138911035,8.613419854845928
0.012418579125258762,0.3479187971152848,0.6170626412248686,8.819450868532405
0.04196447464155247,0.32258708027300387,0.638741657666934,9.037358829398555
0.057979273745998955,0.32141439065886357,0.6514355384406881,9.15104735429628
0.12783521739935164,0.32369056631776155,0.6220624282314542,8.873806705588173
0.12961160192317206,0.28843218952955463,0.6304826602625946,8.8594770587282
0.04801406824004247,0.26007020002105224,0.7022340082816437,9.39954857371392
0.08425421112744938,0.25200241005444135,0.7063682002997232,9.2761746184071
0.10012684684478046,0.2153920942520578,0.6744846734398954,8.735408112990296
0.12281544657913493,0.20277290567201142,0.6258406206161127,8.21179135929896
0.13270546402091954,0.23711356230757535,0.6341882792479426,8.527669290596219
0.21411161623250202,0.260662716074346,0.5970327505954379,8.409837790113784
0.26824976135847034,0.24597084561910265,0.5289875764888261,7.972492568582949
0.16213079649033862,0.2559573109356882,0.5370855809439335,7.678798529067877
0.14229756155482384,0.2730406896023148,0.5611735712255123,7.96189247356617
0.10225736029199642,0.25055216428743016,0.5833212088301334,7.986181087340797
0.13247348607941142,0.2564829172199296,0.6341861573235635,8.554347450602837
0.09291969904840253,0.2863299192409526,0.5908467721126318,8.182586037853934
0.08081954414617502,0.28574457937011566,0.6448598733990185,8.766720876927765
0.14323902048480489,0.2062298829896795,0.6003181192886554,8.132865107330927
0.08068963053995674,0.23023874308107053,0.6300815388664428,8.37441458314396
0.12953132092303232,0.22199850235881025,0.5588069230939212,7.8136592446787585
0.11682347794846369,0.24046663903001994,0.5379383029807052,7.551599857204236
0.13677877155650575,0.22474912294119223,0.5659366197006467,7.875929392944032
0.1405553205718934,0.34074081130476563,0.5696047691979501,8.461542797320664
0.167370610708316,0.3363389852082288,0.5698826088936337,8.497069911086312
0.13766512549254692,0.3982604036457984,0.5443678774943558,8.650565039817915
0.10173411399033003,0.3603532068346362,0.6082162567136142,8.870674108416953
0.1320559710708008,0.3951368456489812,0.578479785618261,8.881563302846834
0.10635160827614458,0.3097582852298554,0.656775394419534,9.118394374123424
0.10595056514894213,0.3154273966994298,0.6341519693436057,8.90928842564029
0.13109014578909114,0.3083321333256381,0.6201424498911041,8.5176532351349
0.12975851604522196,0.27020949728546606,0.6133995905505322,8.336029989532948
0.1192197142878253,0.29026029225232386,0.5674193968488913,8.147900349701462
0.11715930956790833,0.24027509048120674,0.5260610468975137,7.445948290499698
0.1898546951803118,0.21348046869114792,0.569339993416372,7.885962440653844
0.12651700381963676,0.2581415435472466,0.5588063844684192,7.811920776312296
0.1261749233304416,0.267515787695309,0.6277424037637298,8.654105679807234
0.12479660145246674,0.18433721912839982,0.5948965422524407,7.950882628234608
0.14711085179346267,0.1886441028145216,0.6188405018236723,8.141773760710791
0.2557941045431958,0.2565189635950106,0.6238838657271355,8.874358741603704
0.19289325996406492,0.23258925876135253,0.6711642812395785,9.234620895656699
0.11539245948693622,0.21284687957132895,0.6335645968076777,8.497228335350133
0.12858976651113924,0.26132318670545546,0.5668492334928917,7.943268109292764
0.14762740161265014,0.2809240062157931,0.575032237180114,8.233127543237977
0.1836972316838195,0.21555579060651192,0.6494434360998946,8.803175751234711
0.1430435268055608,0.2801350131983008,0.6536324892352795,8.97992223378642
0.19113534899515294,0.2683566764089413,0.6619822244082314,9.150816185972538
0.1245617182152103,0.2795164270057408,0.635536681926703,8.732749449678707
0.05501684225056265,0.27578621821631083,0.5901114299681313,8.28572217102113
0.07229039238557419,0.32558851528288324,0.5582636657519077,8.26640538643192
0.06568167349850593,0.3596728940483277,0.5891586336656278,8.65921716065226
0.13786601111553243,0.28711468691789493,0.5775850675446117,8.30004076929628
0.13802105860144612,0.3249214345508934,0.6008382764208625,8.557399860328264
0.12373568958953339,0.2984168660774138,0.5880452536197431,8.298115705736986
0.05483353110808568,0.28540069845006716,0.5485122373222848,7.712847202875918
0.08391786867406584,0.3211863145356762,0.5074393207974673,7.658385390986197
0.0734740016545417,0.3573206854611654,0.5727988597600858,8.309971818695447
0.09570209709425838,0.31368832256799245,0.5460195361079918,7.884943937243186
0.11425049983710725,0.320137123466998,0.5762646061981673,8.276824865366523
0.11143759169329799,0.322195809889674,0.5677061666832244,8.331376520264767
0.12458552516488469,0.3011228765563787,0.615052705213565,8.740008047426446
0.09050834629254242,0.2984147900950126,0.6406504083427839,8.68536967815404
0.12907324870727324,0.314754226396556,0.5835259003090062,8.45565407558772
0.12082146752734087,0.28426848743378874,0.5192224635544942,7.75960545672046
0.11431669549626831,0.27907371412853776,0.5305014907029992,7.786064633770687
0.19350567520265627,0.26923731274982404,0.5825131093183454,8.366617592583971
0.11079814252702705,0.2627420792606451,0.532068768970103,7.423853355311875
0.10037298623210741,0.24749174359351203,0.5568171665483086,7.530115233490157
0.10262370908389369,0.27750640965988876,0.6325535945949831,8.492088622398802
0.050964062709685634,0.2888400380988561,0.6568178217335437,8.85393009447221
0.10144075334592517,0.2322493956191956,0.6123363335207866,8.110408136094557
0.14896536949547592,0.24826988526115235,0.6084465444691572,8.296944037514324
0.12748855158556063,0.23173558161085978,0.6161884469846917,8.269910429472453
0.19939137548766392,0.2725080691760127,0.590603082494677,8.329862399550745
0.09530200672854143,0.247141069271667,0.6404851203375217,8.349311054582051
0.14121254148872447,0.2829720373076761,0.6269661034778654,8.730506037804856
0.13494625676600466,0.25733717132285266,0.661022315895466,8.850733949432316
0.17101929155134607,0.19976088677664552,0.6629765694110451,8.774304991673155
0.1708797211824373,0.2291444161373022,0.6776589816176908,9.039362177645316
0.1412656744724809,0.21302459642217017,0.7052829575078658,9.265465252346054
0.1575820542161091,0.25104571468501935,0.6078848033537468,8.453797517076737
0.16738535827688983,0.2996608254456418,0.6155481078487424,8.826605532112017
0.14535015806212767,0.2287973934159637,0.6204570430971232,8.561477803422893
0.1677142531578263,0.2703808341252056,0.6887194729347733,9.536813164352209
0.09271147399739474,0.22684964397689802,0.676017947605291,8.788825130756196
0.05080548349609856,0.2514783685039769,0.6408082858665534,8.355927786755556
0.11685352219841776,0.29266583864441287,0.6400627043376381,8.648832052883867
0.09587248812612811,0.249097188439108,0.6063297363481374,8.174384570278944
0.120945701243445,0.2976565268145323,0.608105787568509,8.4365529672728
0.1803557330129535,0.32286165095851477,0.5904507948769894,8.609214412790118
0.118749666691455,0.3275935939696089,0.5639894345229841,8.101298661623947
0.11919148188267663,0.3054685682286767,0.5551074242643941,8.025863078365925
0.10408914799297948,0.31505683295025955,0.5234845148583113,7.8412284382234185
0.10213008911346454,0.3132607511904742,0.5716461022744688,8.18773880102559
0.07880833609889264,0.23414166671951522,0.5943078943524739,7.9446096656930605
0.0812898157770229,0.25840800253968177,0.563388405454023,7.8991341795901855
0.16105674091691202,0.26304881236204614,0.618850557069523,8.506237738647302
0.19747990883467714,0.26159043048123676,0.5670403361813781,8.055042748559528
0.14724470404984968,0.271051787084519,0.5481073403364228,7.771785889747058
0.06330362359796143,0.204278771652775,0.5477646353281577,7.408289706689374
0.06716678633596856,0.249364873226856,0.5981406314529814,8.136537558384093
0.049978493731447075,0.29110475612527614,0.5043991956475142,7.292850302768555
0.08306828051070483,0.2791487371592052,0.49177228142686197,7.275718212003766
0.06837422537692464,0.29258627210177385,0.5056230390058305,7.437633212153045
0.11084624220252137,0.2872152969698555,0.42895629735597623,6.749057767056049
0.14395655241161404,0.27984874003928467,0.5019773965863542,7.281019456757047
0.06304941087310154,0.29985722932588266,0.46856046783401456,6.995769792522314
0.061445160386805774,0.30229316860385375,0.5042740742339062,7.228609107829921
0.09091640523464574,0.3313690575647114,0.5544076657701349,8.032219211746414
0.11485184290042794,0.3527570693477855,0.5315580773078475,8.010414125866305
0.18986347259444636,0.32133033823597257,0.5197879832310366,7.771826247964046
0.10667648484810192,0.2992541842749677,0.49328662098917053,7.224747183166505
0.1669149249459213,0.3091327083414153,0.525000546179347,7.657853611460469
0.23148875340264738,0.22774652755344574,0.5809831377762954,8.207726825265437
0.14945227021875832,0.21444675441841618,0.6285841914750754,8.371240101275024
0.12948008033826186,0.25940375092554924,0.622178583201574,8.337552731028202
0.16196403011273364,0.3164793204265056,0.5854346078462528,8.422972309117846
0.1748008705200396,0.31820617515820937,0.6346228927310019,9.050430585529403
0.16813726434068774,0.3316092868299555,0.6502943039178967,9.178078275869339
0.15620397576540201,0.3010939378737521,0.6297067902100407,8.919427620210742
0.10776549754274714,0.322925985062271,0.6491006818536617,9.069100516514881
0.029876877382118874,0.31260323979811205,0.6770875421348992,9.110446413307569
0.09469472082115543,0.3536567638015833,0.660988940145851,9.262785656789948
0.15894193138956378,0.3635778256225886,0.6467670298900791,9.341068044093928
0.11340632615558535,0.3273275597261487,0.7080304331850512,9.624633715355953
0.15943529082557334,0.3569713543462573,0.6177044900435318,9.074324815598587
0.1772011965319879,0.32694100053837366,0.6404851824993066,9.091244989232768
0.1189543030639967,0.3197843576330306,0.6693036565658288,9.19790984916243
0.07187100767122657,0.29207537479160045,0.619585992747285,8.648975765971056
0.018630356985138118,0.19316256964917056,0.6306881463775272,8.133219482857832
0.10241204319772415,0.20445431613223497,0.6108167861495051,8.100022313051094
0.07015324686749014,0.2944364572770104,0.6360412315475237,8.564757151581807
0.0772906703098302,0.27233873437897943,0.591241496592932,8.115967704969352
0.12291536755399421,0.33074569027315087,0.5474495339196408,8.04048102686586
0.11957674236591023,0.35044050432038837,0.5765554298800922,8.378428785282194
0.07477727376534668,0.3182683982274011,0.5893155911400008,8.27582382656132
0.045800141400614384,0.3104988369447343,0.533473564861532,7.749045081909292
0.039875655707784285,0.35644535571128516,0.5236407533721057,7.690691541039572
0.07102391838988571,0.3093676857741928,0.5466599493842574,7.9083631043218325
0.07052504633874718,0.31386922791324506,0.5258464034208172,7.651184835512518
0.10817369342820625,0.2783321788301536,0.551220179014254,7.780230516639774
0.12662945852407906,0.28243722169612445,0.4649180419527586,6.982733550842686
0.144339691846889,0.3165804511897766,0.5110539104519377,7.7813050836610325
0.16707429144518818,0.2840752951128101,0.4731408180755784,7.188805942485456
0.10615074715081642,0.2899400425668643,0.5213421416427978,7.687809359318671
0.10893373545237325,0.3220718296362497,0.5198942907338744,7.848062245316658
0.0821361055189327,0.3151115089169457,0.4957783388522896,7.40183554063105
0.09118179660779176,0.2944367597884557,0.5131933474507133,7.498362514888329
0.08928914014243222,0.32751959011414417,0.5195234086783571,7.858171408159028
0.14512189963242794,0.34082885944737124,0.5571396791915055,8.349422757681635
0.05439274404814737,0.32140485390972234,0.5423836428306441,7.902972201085952
0.06083861394230449,0.2537268604841952,0.6016160591409485,8.209123775186567
0.076992639222263,0.3178130798263758,0.6151824755749442,8.540186737409174
-0.0033616876140016116,0.2897707148425221,0.6032771654431017,8.09060092055146
0.029416866229857532,0.2765166243151741,0.5826955210232436,8.00597481123465
0.0777599798870323,0.273221575387829,0.5662681332340918,7.721341563832445
0.061201980368522126,0.28651243234781476,0.6127014196459323,8.230897685443919
0.11180907908795404,0.2829890195346344,0.5895063050681338,8.22367041791955
0.1265406154529873,0.30977488388448415,0.6174201811804458,8.64686516852665
0.1674785323422861,0.27608479839646477,0.574045508350408,8.140444331032096
0.16210615091141636,0.27276974703897794,0.6585249811763617,8.902311719748626
0.07177100632707226,0.24872498562953457,0.651407282423819,8.52985741749055
0.04358380351063429,0.3111821607377561,0.6203835957062933,8.695330796407971
0.0505919025961015,0.32013112537020716,0.6294230961215667,8.668365523435039
0.04846682448981103,0.3738169709245486,0.6050772514381569,8.750389456632398
0.024165074254718484,0.3549600669500442,0.5983155305569039,8.493925866076673
-0.014027799435362516,0.3474338034272469,0.5433957839007754,8.103933311943292
0.06552471205492114,0.3357950608072632,0.5691616987643981,8.278914343654328
0.1329179661636304,0.3011397131011577,0.5489681355723302,7.939865044967256
0.13312767590444374,0.3365482796897806,0.5377487619304635,8.091544517322285
0.11359366880352152,0.2965994778387164,0.5461425535420507,7.946990547204378
0.03997820316972715,0.2829201396555549,0.6064226425892266,8.282969997216842
0.05258991806053002,0.33691542660731366,0.5899296149847988,8.47401366179222
0.02200421352519286,0.29200136416218486,0.6196931671096516,8.55344664365616
0.02769745122895299,0.35062145899439057,0.6427727309140367,8.963930549711158
0.01851584062432253,0.38289147301832066,0.6066434103364716,8.82954904956215
0.003967377721532374,0.41363868810510884,0.5791074680871541,8.815140042309885
-0.06259141536463168,0.33763990062012866,0.6488992433724681,8.837782163157035
-0.03444870699243329,0.35709519794184386,0.6680557864245482,9.200044072108446
0.030124920761851793,0.3093695616231994,0.7171153561788416,9.670888640298607
0.000778696220159358,0.28165695724094536,0.7414245511487231,9.821999097767392
0.04082230999599277,0.29169343854393853,0.7364897586696042,9.734614160464663
0.12561969352568708,0.2800699623900365,0.7689564031847641,10.06415851068442
0.06598484667837626,0.2620486897371515,0.7514554596683037,9.769414646029754
0.09426121518637555,0.26509029135004875,0.7507124888938137,9.72343062674681
0.08872071500068769,0.3371180431439973,0.804482179035307,10.487589259274165
0.13991886976917256,0.35742623139068125,0.728211493325077,10.05170172922889
0.15269136213654055,0.40805178688328503,0.7927933473705575,11.144596439905266
0.1566522622227865,0.3633455896617505,0.7926409780408373,10.969869301426304
0.1471550270588347,0.36767168655592697,0.7365419829617998,10.225936030037877
0.13071502996115728,0.34922975441975623,0.7115916870869146,9.753295085316136
0.1169977308935578,0.29546857687694333,0.7240954121758334,9.735740791576468
0.10346851153887089,0.3292909844986874,0.6990272535886914,9.534205768089771
0.14598990192116304,0.2501248899564294,0.7110120910214205,9.277083003534283
0.09094989404360963,0.19671276654814748,0.6378525348140861,8.48959190030326
0.04524413322991529,0.23153974373873373,0.695354622206295,9.119888118563232
0.08861924626846972,0.214918779658646,0.7574704046091972,9.620933012894378
0.04472956682742845,0.24995769078330138,0.7149046191732744,9.226335523834315
0.14711591946251965,0.25679653984521833,0.7182087727602582,9.418008944208292
0.059939323985000556,0.28261948160419653,0.7015267980030453,9.280180291916162
0.11440853931394247,0.2673067328156897,0.7164250316269425,9.53880649524243
0.08501717303130071,0.2847832810170262,0.7435323630314201,9.850831684880111
0.09641814826672042,0.2546214357803134,0.7349820978681396,9.770931593044985
0.07415106643571263,0.2783171450259774,0.6878820696544342,9.156425710077434
0.07874788817751419,0.30302349832989245,0.7072031465892045,9.58892301882954
0.08295742864102873,0.22935083556800068,0.7268625779230625,9.279679916295528
0.06872648616887266,0.28466425640744253,0.6858882068411752,8.991375453238915
0.03860360133795518,0.27904081004621417,0.6834883487330419,9.052048030584702
0.01301449836929531,0.31255451084736635,0.6521672561517403,8.845630960831178
-0.008898121324261491,0.28357998277609175,0.7093305533278108,9.470781311509759
0.011147642240034521,0.2749974432169755,0.7486832457480977,9.70316965231969
0.07584766898227616,0.2969744124154036,0.7233082056138914,9.808404610896673
0.1100973533802405,0.3132900383384267,0.6488743253255871,8.899642607247761
0.08475545521340341,0.3705270295400136,0.6503894587214955,9.219197796418811
0.07589075658977418,0.29041744600281066,0.6872123362421985,9.060826638317451
0.05658750486401403,0.3004377365962926,0.6875056888264758,9.152658450774515
0.0078065437762025545,0.28507124447181553,0.6415138261979878,8.707724869510969
0.0013465412040002843,0.3356420905095643,0.6360520367847148,8.705219812942168
0.022059067837967114,0.32395585381019154,0.6971457908945468,9.137437245572075
0.07932314254077504,0.3145232600714531,0.6314722141362938,8.51399264877084
0.06776853465549999,0.3306505453537649,0.5436779314296791,7.95752659149331
0.12631699141859568,0.28802481965571153,0.6274137004998055,8.794507558663746
0.10124962832652377,0.24284839454507962,0.6780504585360606,8.891350190935725
0.132492565356826,0.21607510381249717,0.6218534270749014,8.35313701339744
0.07075071565732326,0.24341702719831398,0.5889616791979516,7.826752116252955
0.010647979034679511,0.294624762848484,0.5735347253992887,7.934993921136889
0.06298449195615476,0.24788960428624862,0.5975473305114314,8.042172328264218
0.1092189893030633,0.2576476671850725,0.5489949309139378,7.555897434559578
0.09116292013284225,0.23437411934089453,0.5728604886638192,7.606317136472279
0.13458580860387795,0.26668702477931355,0.6111850664609941,8.375821662917687
0.13503631042146202,0.27646044031661926,0.5901998600043226,8.139454590008139
0.07284406735001375,0.2437746539831572,0.6630559469552635,8.724733640140297
0.12944381685384027,0.2915181044295677,0.6473316416582211,8.83118521445857
0.12960084683457312,0.30635669496309276,0.5498569156760351,7.958649434832151
0.08483672236945426,0.26078943443401037,0.5670847931295911,7.791643454583023
0.14517849813232414,0.24153377462814662,0.6087845949084564,8.266657285651007
0.1603127702272755,0.22347392678461428,0.5971699330182301,8.227565448544478
0.10259880174843784,0.241992954548487,0.6362952026437346,8.512327989126184
0.13363044177617836,0.2833386853791144,0.65427284914749,8.928539403667212
0.14276378443698956,0.2649779407136079,0.6667028666688213,9.047143722176113
0.11302734316869358,0.3124066384123086,0.6506840949030169,8.97708722692132
0.062235589058877216,0.2894585908197833,0.6271459964857524,8.544009948806494
0.049564342749726424,0.2332190303268362,0.6501341371609294,8.615841940857917
0.08918782963081129,0.3035658150869177,0.6442044622886325,8.6725198985186
0.0758476717534413,0.2979858362025906,0.6496703971225523,8.933848612683226
0.056322800998856386,0.2505260506774024,0.6585055842017455,8.787741674213889
0.05982654356373448,0.2983401623158891,0.5886370858024588,8.320073529243233
0.07172752485270302,0.2825007530947133,0.5796757286126752,8.005694295370429
0.048863462989132585,0.27037009717630334,0.5543141484829127,7.457758311397166
0.07276599908521941,0.24687541873339877,0.5954961105324605,8.042139755475631
0.16973473158508326,0.22886911947464064,0.6316500746894662,8.599764770765265
0.09844844245626397,0.17000756866018185,0.6065618787029609,7.743721999011226
0.17850808275388802,0.23911539595183218,0.5577321466121969,7.725933520975249
0.1756683020005238,0.2644966168759211,0.6155471215556974,8.42872648233178
0.1617375356190507,0.24369941875946916,0.6219294413000178,8.259454730535369
0.04415705273404031,0.24124784804669241,0.6188358784494208,8.119634302153566
0.0043636848564010434,0.19535632994099625,0.6020413300329311,7.726315710636792
0.06604682678875048,0.22730354794737095,0.6175692877357654,7.994850875060714
-0.012506483793357335,0.27437096726741417,0.5930721823338206,7.935597525948323
0.050883239154840366,0.25000369207665984,0.6550354350853107,8.531772096268798
-0.006009008889116584,0.2542694612549377,0.6305779717714969,8.390615035849665
0.03726905740827984,0.24119409435520392,0.6474069884474637,8.507688892602333
0.17404244624678322,0.17815226990463562,0.6485230147363436,8.468129006386457
0.14128554974442575,0.24730052506771302,0.6441705327082485,8.608760704192033
0.08508641566632703,0.23515104969359182,0.6785664850811135,8.837207329357577
0.07087293585035821,0.2352394041046992,0.6142933791205978,8.247710067657767
0.024561160241433143,0.25746939293020893,0.6462859535564874,8.752180826625905
0.02928529858808033,0.2722107657356412,0.6307026331363514,8.487935780088074
0.08074327034678982,0.24812660733645336,0.700834939232777,9.102065455104821
0.09438114991154593,0.1966344299655619,0.5983164655369961,7.838219522977188
0.08093676287177963,0.2546590788525516,0.6273346482776413,8.618742747556864
0.07936894427400137,0.22045303561709834,0.6115472974491696,8.15581609654624
0.1828322351974154,0.24397600010875592,0.5913625826647766,8.219777381234847
0.1108282401213593,0.28054638938911564,0.6197277378569107,8.377784776048134
0.0924329284852941,0.28141830529386114,0.6034159379161214,8.257180916116704
0.09388295665459882,0.28127456889491165,0.5750983936579946,7.953652242646113
0.07162646462979981,0.21910440182338117,0.5624501411919949,7.584771071850979
0.10617742311724693,0.2599972860142632,0.6425802107981424,8.577720839728453
0.040954965237737805,0.28773206550388186,0.5936218138358251,8.047658493648283
0.07553309577185711,0.2596758601166257,0.6302392032900959,8.452571059092495
0.10648766421497817,0.20666492144879864,0.6143497300835407,8.156413231255373
-0.01225970905764778,0.19443217335236865,0.6134929077115876,7.953053751659722
0.029166133362725395,0.1493136969349021,0.6174906383874375,7.828705751255787
0.1107537349205555,0.18089640308000185,0.6267676666570416,8.2731346406641
0.12911959268517864,0.15754933219959646,0.5634456445465893,7.38498449785931
0.20171200335476525,0.2165869009510559,0.5897508896125773,8.24939954565458
0.13187073824240786,0.2322045679251575,0.5746294080672328,7.854522241023408
0.16980111115065735,0.23980821108713904,0.5867906206339933,8.037174591970986
0.1702004624111151,0.1940570848672142,0.653740602321139,8.58813160057144
0.10527735395719325,0.1987888608350059,0.5867960025940332,7.785304854679616
0.18747358721802004,0.18800737465316358,0.5236173525759793,7.402271591901645
0.21338640663500172,0.24659709496239965,0.5928426171694501,8.33058838164389
0.11654000363071386,0.27633410706007133,0.5625713324548501,7.972596572916171
0.1684840493882373,0.21706919916807688,0.602661615769827,8.295612219391513
0.15556518743315967,0.17650343552654585,0.5504047193960022,7.381949248708672
0.1562703678299311,0.1318107624574563,0.5864732643270544,7.789806797263472
0.09464082164596807,0.19927641293110615,0.5610571754173193,7.598312425849406
0.08664503820716607,0.19490549358413628,0.5426852976092533,7.1534025718287415
0.10775562825678099,0.1493736846730447,0.4967591783425395,6.748934022270719
0.037243785509762234,0.14237992581855086,0.5171431865702112,6.730146876614929
0.01770401165993409,0.1943924018678843,0.5302695645007784,7.001343924516932
-0.013904080218417793,0.1773363731129382,0.5618820302885634,7.200034415808169
-0.027789982697326278,0.19953127425260736,0.5651790456274728,7.41743731684784
0.06708289774219203,0.2217498822663863,0.5861627296963811,7.730743360534196
-0.01376992250905999,0.19732267596156056,0.5674968138528826,7.3714575141734615
0.0564354514859247,0.22916842576822555,0.6218070987280374,8.123101202974144
0.11496468342644708,0.26505759459952744,0.5915662894583642,8.052181362393142
0.004159465574368445,0.22216229622557437,0.5569545954816796,7.349492157175305
0.06457838056738141,0.21965496345833746,0.6342042554570065,8.24562820197748
0.13111534850075365,0.1973208548122822,0.6300687528530585,8.304058475508056
0.04714436975290895,0.22693103710247528,0.6456587208628956,8.439802049282838
0.036501808555944225,0.2096102280723445,0.5988890870652832,7.7411173709508345
0.10592876959321253,0.24251207641045502,0.5517083004986396,7.337923746915304
0.022862289752709434,0.24658643604955138,0.5029400039611062,6.965987621430838
0.05353601625809183,0.2512909573933743,0.5423758248463767,7.4686287427727525
0.052049545196139815,0.2772707704586549,0.5441408236986462,7.640014793813398
0.10411795849103474,0.24716991564680343,0.4888813452296278,7.089679040296905
0.14665719177511982,0.2731666679351693,0.5407961476286118,7.71948438119629
0.1553742045181923,0.24438709803978687,0.6146295476669646,8.25345206789091
0.1256087228164652,0.24424765061178386,0.6501044834111538,8.58802073174725
0.10424828566137376,0.2470184630909932,0.5548910950586542,7.67807897840566
0.11752021777064735,0.15847979106273286,0.4931281849183433,6.693305366065352
0.1411733240357592,0.23760336733501777,0.5151900214359753,7.247049058090803
0.12782183129883315,0.13245451025008553,0.5337994116073049,7.125625792591256
0.10814568004076772,0.19932495541547393,0.5866612930559555,7.837485016485678
0.022753593636701017,0.16659066830909666,0.47534137503543633,6.345277897341186
0.03684800977165277,0.15858203963791948,0.5461843367164085,7.027067749430381
0.013774323643152493,0.1196542646064755,0.5084597542752716,6.343660658953264
0.07583219717512382,0.12112474551215041,0.5416887230498626,6.959300723239833
0.059073642250709595,0.19199997826554738,0.4595119937265588,6.448387617430842
0.10792481206913253,0.16494813591382637,0.5152196583502243,6.99791484584009
0.14803707595526355,0.20354254866133173,0.5297256748332217,7.473390335570856
0.11585276623443456,0.15863127616813677,0.5160324774267557,6.9623742975128105
0.11179065282540038,0.1904034889685862,0.5336160157420806,7.293965497431763
0.1033972466651672,0.2361282844040742,0.54175527734779,7.564501398269076
0.07996632464339183,0.27013936943915645,0.543679857608646,7.491183470330945
0.08560187590329109,0.286214519947572,0.5250868818191112,7.571294045186252
0.09571965373698738,0.26016765504387873,0.5562199176871878,7.654835313054887
0.11171332079537595,0.2513356123600171,0.631654384544743,8.509027532305385
0.13242399291119122,0.230756249009998,0.6749709119283607,8.852370775633466
0.05873816956521634,0.2155265427595812,0.624960820371346,8.18635714945864
0.07604114598453553,0.25704907986571585,0.598513599731618,8.070792144228466
0.08779629103347204,0.276417054168915,0.5466062914115092,7.661265888104514
0.07549352203396034,0.15219097095806092,0.5664186985328153,7.434737942947128
0.08919633627708914,0.17177279403055026,0.5781237277701465,7.6303533519894815
0.08256058154545674,0.21159011241493708,0.561995321665383,7.645743944088964
0.05448528932012363,0.29414275030242165,0.6171374664758636,8.431610864213235
-0.013664552942022472,0.25327977500933463,0.6039237056800659,8.027959307778016
0.0654801526768537,0.29721128976839334,0.5636270069697977,8.027229116067579
0.03397534043216474,0.23634173609664405,0.47156859578732485,6.557152386189281
0.058979539379135186,0.24167041611245385,0.4929083114099705,6.925601519104771
0.08102979510118079,0.18491204591339322,0.44223690756479667,6.219270144836555
0.09371428625386098,0.17107920939411544,0.4426219478271044,6.2388480773545965
0.09999453262623755,0.17005647048679054,0.46353772529665316,6.472931019861926
0.015010048837483154,0.2406745189231846,0.523948121905952,7.231925427155282
0.05355200084193806,0.1903704816105264,0.46568146791611,6.3061498625800425
0.07747502805081927,0.17668406758497499,0.4792684921798809,6.5675257756581225
0.08172275307509323,0.26166355552863674,0.4953939491822475,6.907484016513345
0.012774356883783951,0.23100015166937182,0.5143602512370614,6.959117526727741
0.08147594203185875,0.22736368048805744,0.5890917350364894,7.762436632523375
0.030982846760224152,0.27031333262050466,0.46854187329785824,6.865225022702485
0.13015259730960657,0.21522864951797668,0.5395060951210046,7.3954754740959725
0.11641522530604563,0.2035895446919909,0.584880829867445,7.804881654303219
0.06024713956135963,0.1588300531422999,0.5446662992609733,6.984040427631538
0.10838304634470554,0.24007397919543852,0.5272288643802386,7.147887646735305
0.10212504616736628,0.265252101738031,0.5618146253351206,7.599716513453942
0.08283570101999194,0.26246630258531894,0.6183427866907129,8.257162836780148
0.10043970817257371,0.223874290387786,0.5887951773882659,7.882380987263366
0.019539801034759923,0.23507751807918315,0.6141510750087408,8.061923526591796
0.08333211769051552,0.2405854818716757,0.5921707155412143,7.891233952571158
0.1121273975575767,0.29056917279397415,0.5292253808062786,7.548645178329107
0.0967573283992785,0.37062791090258174,0.588899642577491,8.63588152018444
0.0992568381540198,0.3659439354445771,0.5527463196281914,8.150701845692415
0.022327558924259222,0.308749647923054,0.5767495900326983,7.989496378117091
-0.05920790147801725,0.24383337860534074,0.5348891453219397,7.246088498696097
-0.05860793693371243,0.20523377015916167,0.5636225364290289,7.418055131015054
0.0027070147796734952,0.24618196523883307,0.559814620862081,7.580523254118098
-0.03524035894261822,0.24976022108873044,0.5212322783579814,7.269958017287827
-0.039529071841174976,0.22753042592793227,0.5527223621806757,7.429924055973929
0.023735576112278105,0.26984244236562416,0.5599022463383311,7.589701551054864
0.08055546787910832,0.22883418732071073,0.5471572539528982,7.36893274464835
0.06429573202950417,0.17619122061559486,0.5700450024568449,7.4425854646585226
-0.02078015817209675,0.24824592083161956,0.5846409923327428,7.816653418431171
-0.027827547855333645,0.33345169070053576,0.5853442128173503,8.310155410453087
-0.037134367020326374,0.2563091454983835,0.6293503413651684,8.317252648066543
-0.06180676685103348,0.20684997986933074,0.6279348012777028,8.094455018028818
-0.05208137254619053,0.19111567803788546,0.645743180163187,8.179586388197041
-0.04810146242925809,0.2276371886364555,0.6273505226947261,8.043860441813939
-0.00788084041675027,0.24848272224205564,0.6124177471660482,8.158419414330062
-0.03533656660520883,0.1956277567572319,0.5861641725202512,7.704191921955786
0.01021328039048981,0.2766595740150061,0.5993276669267069,8.128481082099484
0.09581633115252895,0.27314933146389375,0.562408257422403,7.8824672870101145
0.04259275816601384,0.2635011686246383,0.5281215580568243,7.63243999495639
0.05199780900412485,0.22940090973388969,0.5390724878498141,7.38700131659871
0.07916786748336645,0.19180219953333366,0.547823824897368,7.208374406630453
0.041498382451417466,0.21364086287704642,0.6110871057375646,7.8793383876015
0.09167972637090453,0.25715991332403826,0.5875078015182286,8.051695333968883
-0.00884930376795426,0.25725916801689,0.6010073473782639,8.165045774624831
0.02001419157276511,0.256808451357045,0.6284335891934049,8.411283092057923
-0.06227727138461531,0.27653222347316225,0.6126526144126607,8.243432285256187
0.010280597446800512,0.2621898569770545,0.5053258747993452,7.012272874041691
0.061797209152354836,0.2629281352152022,0.5919581139691187,7.99190692897544
0.041337871509334156,0.26960321912721374,0.5449253815075371,7.603779635413287
-0.009010861750545497,0.2655558868044446,0.5705808635351614,7.83894024086303
-0.09284815498964297,0.2060482255201729,0.6918905430449442,8.81357617118501
-0.04434019688340225,0.28655509699052417,0.6784064437203081,8.984374228733694
-0.007716263862203548,0.28205694897857053,0.6485152166093799,8.76108053243198
0.023149391181422653,0.2400090944924057,0.6301230519423372,8.461238404708492
0.04179877237087565,0.26875978735140016,0.6620119830667305,8.87257479573727
0.011415187719418185,0.3334716413956638,0.6180559175224459,8.538522465695086
-0.07670108600106537,0.3162681017365366,0.6078087451087675,8.474343493883385
-0.030542345649252206,0.2928655995119784,0.6250270402229546,8.454513357153974
0.022321043634063658,0.2927554712245412,0.5700346034576846,7.860945771911496
0.010750626757392662,0.3245562584943052,0.5421820593913887,7.714296218330818
0.021561405132692307,0.3010066530766499,0.5409235345535282,7.677703310719237
0.016011398767958675,0.27999150434184616,0.6103820214353392,8.145917346204547
0.0011753347001673834,0.2804183580330846,0.6195895362918719,8.136282708532988
-0.03269204011192749,0.2622995845744692,0.6080279529524597,8.099408454998937
-0.05684379658403959,0.3015524215428571,0.5360932517805794,7.640185168348256
-0.023996355407709818,0.3135336857275156,0.5085189729589646,7.429611170020281
-0.014531490591771723,0.22041084996183377,0.5720521374333777,7.565499160013344
-0.03564552787693074,0.25671712938846253,0.5943413436089989,7.810510029025969
-0.061105554929932596,0.2310665123293665,0.5945412256407832,8.039506616092421
-0.04115260347001055,0.2328203922192175,0.6217326717826166,8.214902333732221
-0.018021473394529374,0.19841492718963982,0.6042129075791258,7.805029172310853
-0.0410944777796964,0.21392054365969637,0.6474351742749195,8.162491772463902
-0.04561414274930424,0.293220795369987,0.5532144041809324,7.74560257088955
-0.05901589187902127,0.2639623246921818,0.5862538170578686,8.000770195775337
-0.09895575856373483,0.20689378681882611,0.5785763767269945,7.707037551730685
-0.09484911772134215,0.31668508482283847,0.593275183238725,8.493434826047267
-0.07041134520472567,0.28809676461034034,0.5726342972775483,8.048499955541168
-0.09636473436212098,0.3055583865970776,0.6412233692175151,8.836283633760566
-0.03082967393511603,0.2941778947696466,0.6238029310980039,8.462035394406797
0.012125259525288007,0.2567091072622863,0.6365549743772777,8.515306343417702
0.04116633754213029,0.2840970777395677,0.5859639341926007,8.003917056734107
0.08462282002404405,0.26840246393733586,0.5697733624166428,7.700903202320717
0.05630327609729492,0.24875390025225488,0.6323260907409225,8.336865761665699
0.021091409283715848,0.30734088177642144,0.6238913829973133,8.366581298586421
-0.004662493406717607,0.2999634961688287,0.6321029201824865,8.46095619270695
-0.02236373514169323,0.35439456402662756,0.6686150514960053,9.257210781540499
-0.012179339385854918,0.3183649292780287,0.6200992794396172,8.500809816722207
-0.02764201170164953,0.3061944294660745,0.6735019991095662,9.031507410381618
-0.031178037145247035,0.23921043380148854,0.6174783794555952,7.992841301749904
-0.02195027638754262,0.17855695895056564,0.645290946314869,8.106740441199893
0.007013755931403055,0.2052476434526728,0.6766611003655002,8.623333807664196
0.026511779749680598,0.2149041745115125,0.5983278729981142,8.080447822956758
0.046684439344537886,0.2177625342229114,0.5849971922227878,7.584221362352026
-0.03481320924877605,0.27061089393638976,0.6280346450218468,8.277876136124789
0.02179104278495569,0.2661892508329525,0.5768549683245435,7.757319175722372
0.041263514190715576,0.26726336981863164,0.651193092121364,8.769996108924687
0.025558801041333675,0.24327410743304276,0.6795476836258635,8.88391520775405
-0.014797846285241858,0.2762139270805315,0.6177193398923563,8.348922790553207
-0.02960222872818147,0.2507072277306506,0.590190828474138,8.020202994421858
-0.10061963535048686,0.22814220958107242,0.6301899656900731,8.226092415216963
-0.023634566635517346,0.2518837310999364,0.6428116840709345,8.506111160394418
-0.017746830205628405,0.2611404878036635,0.6388420801791458,8.412978844510086
0.027259935192540313,0.25740197543539495,0.6844070934026631,8.912212317104457
0.03175301827072553,0.20893381071719463,0.6748800036940581,8.80002771473459
-0.02468047896407398,0.2878157651388419,0.6758172820382484,8.983933878641414
-0.03847994645007559,0.21310674711633107,0.6556699005611525,8.595118890953566
-0.09066280413654604,0.2582400751231719,0.6620913074648878,8.83348444889941
0.0015264661742251998,0.29349362784416727,0.6345470693248728,8.667585772021075
0.027596225524518427,0.2555470107136676,0.6976756264407216,9.234528452712135
-0.008334794180422316,0.229357337082248,0.6763481143285083,8.855307045038026
0.0076856987648775054,0.226139750680744,0.6851780819539973,8.964587188484181
-0.06484862240467114,0.19620956241456525,0.7081826294709208,8.999344337540231
-0.07694955502800854,0.2583880021153435,0.652135378680702,8.596616353048239
-0.027201447344288733,0.1990609980281824,0.6771287620822689,8.641717459109085
-0.08112237214347247,0.2124626010929512,0.6779239305403588,8.956163543671169
-0.057840971250035976,0.16508847193894996,0.5870697167251168,7.560365742749304
0.05279867593229555,0.20211060332578426,0.5799968328508958,7.6709356872681465
0.01772644603050117,0.17916054828120992,0.5527126246449016,7.388806158368053
0.036342941891078,0.24407542896330275,0.5158088940290726,7.115705905069656
0.020372993558366238,0.22446878256481603,0.5491234214012375,7.249235825559737
0.019270695641217424,0.296396067635217,0.5493843850171352,7.829305891799056
0.01066074403818206,0.26500748140728786,0.5589798828208655,7.824408511033299
0.01339453907299588,0.24761794504617127,0.5798699608073531,7.758694047988886
0.04479332068631143,0.2320692021777666,0.5793549549587377,7.805711053626867
0.03249620448838654,0.2851857863466919,0.5775526246600563,8.01618965497146
-0.05329714845609519,0.25563024732932343,0.5372082661760914,7.422981346337988
-0.03409131136066848,0.2791255018873214,0.5581301716645677,7.7169704258468625
0.03615485641732509,0.28232403960478153,0.5219828627708367,7.413789407987293
-0.07960430205510796,0.3043842259305757,0.5176523589560913,7.497698548473869
-0.09169065653220228,0.2626610211972469,0.5423758225920281,7.598274992927757
-0.10861670161078499,0.2665213277881847,0.5990728584431935,8.130740746975741
-0.04190840889809136,0.26853026979160743,0.602285517866085,8.110640411216028
-0.02456012418487805,0.23514148271306062,0.5537139476166536,7.35080051809726
-0.035337504404664453,0.2386667397843192,0.5569182462782276,7.632572718538734
-0.03525425598489358,0.25118651945439574,0.5749541946891533,7.786741671095836
-0.015568337079237066,0.28894383079366964,0.5095053730542499,7.226921631032783
-0.03357161925616756,0.32549796927915386,0.49332192261517804,7.430766730640412
-0.009891847611835416,0.2800676928075399,0.49307553642177365,7.138002768166827
0.029474367287445125,0.278512128974222,0.4683542857784723,6.853694766371094
0.0727249627977648,0.24699207710989768,0.5026316173121655,6.878476261567276
0.09328169205768168,0.2899299163603863,0.5186478534432892,7.353028305254759
0.05586737459418227,0.2144443865017836,0.5268993993802282,7.045390318833063
-0.004673743009912213,0.24816730199988957,0.5763918334631667,7.628907941491668
0.05494442037431713,0.2557341653588377,0.6328379779680696,8.583282391239756
0.013360200015097865,0.30612375307678136,0.5835491366879753,8.088484582009482
0.04431909803633763,0.30109902799904525,0.5940220341930509,8.37010816817972
-0.01798481382962367,0.28180663497112407,0.5622617174093328,7.865720879652257
-0.013882668052272932,0.23464535687960128,0.6346547044439858,8.47456374687246
0.025291946967034795,0.25858133271156647,0.6249403387105577,8.249802919084678
0.05846046340807168,0.22383681190822047,0.5961545659841828,7.923866793264305
0.08567413727060041,0.2937107425907005,0.6284342024747889,8.543584989641792
0.06135987291305841,0.3170122173726621,0.6311923022291017,8.725273658210122
0.034072836279323324,0.24035272525090076,0.5413096704159068,7.58045694524818
-0.029448064489047313,0.2850372572754242,0.5917914702785684,8.120293629401488
-0.004235203915763299,0.3317929406827511,0.5547607317223247,8.034217922911168
-0.02773571742149203,0.2967126522827744,0.514007590993569,7.468042736470475
0.028144569977137525,0.28595062879943467,0.5370200537352783,7.4552320539585715
0.018246562082023254,0.2894837737364578,0.5438922131571712,7.667175892983714
0.043097978331579676,0.2961774619742757,0.5197281601226689,7.415485693718571
-0.005939897161977608,0.32212796491452994,0.5014302322383576,7.450819004226171
-0.0072964796414886615,0.3440214293808383,0.4802480361308348,7.355922692225928
-0.023227743921057756,0.2968846699485126,0.44568401166948257,6.7037101832698625
-0.01789043542110041,0.29832558440114426,0.4999061892523489,7.254271140231475
0.03603188779700093,0.2913073775911172,0.5237850130426592,7.499428935691038
-0.04237493620269988,0.27109806513496465,0.5498777259662692,7.601265343925242
-0.006691130979329629,0.2991578812636695,0.5415372155191316,7.733395992705446
-0.0032113548183414758,0.3093528681681647,0.5049280999538521,7.39029312430975
-0.03720941680121137,0.2695814609891928,0.4960246539414379,7.068614507442385
-0.014090705561821681,0.2394647655014442,0.491770216141996,6.928415295242488
-0.03468565583887169,0.1902992362432174,0.5224366609442502,6.9378216337591585
-0.057140237494310187,0.2731110573984816,0.5163705344234027,7.3609272081634645
-0.042203855716296944,0.2572192446916458,0.5349672053180952,7.4549584850159745
-0.0046137389805732155,0.2753405216020844,0.5803180131100513,7.9572306177341705
0.05993704962734536,0.3147792194814077,0.5433350787047049,7.97790605811077
0.061585796274291074,0.29283805813436864,0.5390708542314435,7.7275785013872245
0.06994815857463806,0.2862584542801205,0.5591742961360352,7.780109313628203
0.009123783969700882,0.3023942092201721,0.5438958343549987,7.660419882746549
0.046724640041656725,0.31671032097524277,0.5865173792609409,8.4032311675975
0.07085485135799542,0.29895509004417953,0.5617959890877049,7.965384686227047
0.03920688256559399,0.2832638507646875,0.568624786008078,7.834460041077409
0.01717757299823336,0.2664946565157162,0.5967353170782302,7.976022739860789
0.006256622969946214,0.304903163227137,0.5803361294008418,8.041404744815717
0.003973968148498356,0.245646200974698,0.5602330625656131,7.6416533725700155
0.03669686267790298,0.23788797285614982,0.5111545033090134,7.192553702327913
-0.025896353350138526,0.25026727898226,0.4854460419141468,6.886498798447233
-0.09657916867671251,0.28276210734390944,0.5130063594558237,7.4517454729828945
0.019246075071845285,0.25043443651273256,0.5133046049424657,7.200491190965324
-0.025180225328267098,0.25374350370539095,0.46175623869759375,6.712155419597224
0.01732184099081898,0.24742623421544496,0.5222744642217149,7.1559012773211945
0.03122941651246799,0.24543221972689166,0.5421998419315016,7.452291409284633
0.028113408676606697,0.31602904605834153,0.6309903855120387,8.632525349841858
0.037461643758208846,0.2961535539609547,0.6255096059884135,8.538151094311296
0.035409833383853284,0.30196717069679424,0.6183105266942479,8.563253623844036
0.00740487276647326,0.28852485858030874,0.5721786872023112,8.001573314408182
0.021079994394210277,0.2894725294722605,0.5512778475248431,7.70528759261919
-0.007841179931706414,0.3025951348562366,0.5827528990570328,7.972070262516423
0.007269104547677703,0.2935161397358006,0.5994316037560281,8.213234147104348
0.0699867435180341,0.34232010358126164,0.5226144537648931,7.850441026686727
0.0871041289305111,0.261863239734868,0.5568595568270199,7.838816902840465
0.14318131822774252,0.2974227617481516,0.5395722804967319,7.874413860942835
0.13502146238647872,0.2992351247589952,0.5563863054724437,8.084042650948081
0.1085597123899878,0.33611619851130387,0.5886831829773946,8.424276118389427
0.147138094093126,0.27383044283249214,0.5848801712041444,8.237160441245669
0.14722741032522677,0.2816201477913068,0.5244718245106187,7.682328084124511
0.10089373298764326,0.24019170117967267,0.5226668201538853,7.270474849208517
0.09376276105205604,0.2592750377553767,0.47883969501402174,6.809415098240767
0.1526139646517874,0.2534610071224846,0.5276096033591398,7.565328429646608
0.11813693662074828,0.17182024522559158,0.4868814359633703,6.717591505424956
0.0848823136789461,0.20085129093072684,0.4718546807984346,6.5681708388679345
0.08443356879293422,0.18460534692490405,0.4615985351422195,6.436056214720741
0.05395643830416759,0.22094957686121214,0.4634556819686057,6.5452304843995375
0.04494943746160819,0.2846555406506927,0.5284714582258779,7.579930463378906
0.06898362255080329,0.29405866550895177,0.4759305118766158,7.127584622165844
0.02839051600577218,0.27229473124703224,0.528464596325222,7.393048488120966
0.05581661939652262,0.2541292391169628,0.5135592176966909,7.231408404344111
0.038046945187396194,0.22218031072010763,0.53667663125213,7.2819254546987775
0.05898453880574515,0.30343506898310457,0.5830934600956862,8.179379943780779
0.05898183322935449,0.21539065327417098,0.5644618131639013,7.59134370273247
0.12476347513914256,0.2608050387454986,0.5495974410106494,7.760808624383468
0.06037959262266995,0.27127591594798817,0.4973232189701403,7.267745696018877
0.0803472737409894,0.3252757447644177,0.5151334592534826,7.781865764128683
0.14213096996229865,0.23955796325398998,0.5071774339628538,7.257911398132572
0.18992840572677352,0.28694009584765623,0.5011617256208625,7.567189534407005
0.16175139234857183,0.26274820707520374,0.5094449442789857,7.325967543855007
0.10062282821836296,0.27353498713274865,0.5057184231174319,7.279172409879958
0.10558154255214339,0.2340771258651093,0.4768203430231289,6.863270590696341
0.10843467171557676,0.22929457966988806,0.5249454807078241,7.39173725061679
0.07392399935858258,0.23692237640027,0.48129630073768326,6.907286956727451
0.10706825588607456,0.18927411375395278,0.5202730405976799,7.05199407110488
0.09766879231464445,0.2452401945116348,0.5294045397596984,7.426394844224973
0.04845264274892301,0.2605208704554375,0.4682130867126041,6.735398268894825
0.08909822423404193,0.21581583016957523,0.46942307316045934,6.5805806206922695
0.024209409061902804,0.20304722450189125,0.49949564289871806,6.831803933032357
-0.061953056777597694,0.22227907568686497,0.513429283573474,7.049538125852253
0.00800558079344683,0.19028200123903416,0.4679848454873989,6.288344673900425
-0.0717133426995057,0.1651992929012217,0.42143997653412596,5.811339771793414
-0.012722881738069266,0.2248568532307344,0.4111709617660727,6.168277188168323
-0.02309314379661201,0.15064451080991603,0.416419634931258,5.63683268642937
-0.007365686677486838,0.15613477738545314,0.39910665689200103,5.590482897997926
0.08982529920766796,0.1969295674692258,0.41298218488999233,5.9532290703629975
0.10430451586971212,0.15996241350911317,0.442885892325916,6.176372333394649
0.03800514204741732,0.22730190946438672,0.4648528642135484,6.622230081247887
0.03147876614210824,0.21888437968702706,0.49134255021646833,6.755379446554687
0.015926595406265266,0.20585116845292858,0.49061720528442704,6.602466449133328
-0.02666502209635726,0.20270160221977754,0.426880530525677,6.043932364783996
-0.018951059369219064,0.1377617241751597,0.475633127269169,6.411484877684452
-0.028369354810057403,0.19245923434346185,0.46593854385443134,6.193577175367115
-0.05035102079414167,0.16238686538084582,0.4975714270123095,6.550914181143733
0.0447514124618646,0.16141942374533197,0.4572898316373772,6.09572759002193
0.06906447361803897,0.17191418245335194,0.4609504465024241,6.085356375982097
0.0032343317182054387,0.24532192840168096,0.43623060416248016,6.223117107458068
-0.014773831810292166,0.18719670185018292,0.4700940764975266,6.202024532274808
-0.010686004658673361,0.2552917157738748,0.4261428194466114,6.206448106193446
0.025308075109728084,0.21303186089102347,0.41908231211507674,5.934006010218643
0.08924495318956625,0.20661345806942014,0.4359150890556189,6.227718122611567
0.028421001806635558,0.28218241450094067,0.43521593118770246,6.427869265407401
0.04416876391578069,0.25421162481094,0.4741499612950092,6.685424218088387
0.022133241695947242,0.24664019213927244,0.4464562672373526,6.359845488703293
0.032320513344962096,0.21012225417033772,0.4650367908272053,6.415239162961367
0.0023197006204086663,0.26163568191672165,0.4481569984104939,6.44300479271581
-9.858987515638565e-06,0.2808762676947778,0.44533924490917776,6.545475367149592
-0.05898964137102084,0.1911494947747814,0.467135941774879,6.397606985116685
0.02075885636221595,0.18080205705752597,0.4948359025060454,6.480444416893528
-0.05619454210582498,0.18290586086780852,0.4651469557091463,6.143988312953825
-0.031217368400131285,0.16869397861229274,0.43319340817975754,5.897150893101071
0.027092566974315974,0.16547094153464495,0.5354041409374627,6.895498196213746
0.04395969234535419,0.26503228114373467,0.5117734755580913,7.280357212808619
0.08292106189097319,0.31952290759797597,0.44516802728151983,6.856623367398912
0.05825382200824288,0.3014261209883967,0.46412709184741785,6.946899017445143
0.08069497816300926,0.2871663860507484,0.47716728660257157,6.988793464303822
0.044131601475818426,0.2948428572414091,0.42874147037863175,6.594626537503926
0.04504566413792589,0.2526457166306988,0.4885041898875498,6.850348532891805
0.01527422644161596,0.24247990776626796,0.4737889345820319,6.572119271210384
0.043295508777063195,0.2670388908361023,0.48714014364620006,6.967052875640673
-0.01163641689268281,0.29078851197715133,0.5134260093523558,7.172756198374316
0.06156512863795417,0.291651547579301,0.5258301605411504,7.389780264631328
0.07716363938077639,0.22353662456935644,0.49772897675311084,6.8292598227366526
0.08587539302406658,0.2884453133005288,0.43113959979438055,6.650625862536266
0.06890989189446758,0.26231920100760775,0.4310379260095809,6.322720235064708
0.06333647642468353,0.2511969762904135,0.4977568287429613,6.9538423287671725
0.12942469092152417,0.257415472961848,0.5650646221699558,7.7825720160492535
0.12411141194722952,0.24839581182109904,0.5717095272033476,7.703515553784425
0.06836113621077211,0.22400213147149609,0.5552422481406087,7.32815524119029
0.1417952192123925,0.27343565671119574,0.553870399237801,7.644372586799888
0.07264407750914753,0.1603111807790668,0.5829475182229965,7.379532656504749
0.040212072794958455,0.24980715589245375,0.5574103780465474,7.492845015699346
0.03306755920842373,0.2134938769062499,0.5923668731701022,7.7934428622207115
0.027769736691184124,0.21120032043186335,0.5432196742677438,7.206401884051005
0.019565948641332667,0.22542968651871065,0.45839681879010447,6.315558482977408
0.0718412803666443,0.18881101738300013,0.45482582187027343,6.479473531964701
0.09130502400094484,0.21092286062843746,0.5214807231002981,7.182942472455967
0.08480570611341544,0.22963585678497225,0.5227393103802822,7.214362863569965
0.12220413985712751,0.22185460228581233,0.5783851952381421,7.830123550484918
0.01070975335268515,0.30062861536655483,0.5942250924268595,8.13789730024577
0.08279342041607314,0.28330201754485507,0.5494105530931834,7.670292654113079
0.024751600672641847,0.2495714913499002,0.5182350145059429,7.048272765581573
-0.0013133887936082162,0.31332793863806424,0.5481026162743255,7.81076816195714
-0.06170456325626607,0.3153646981041346,0.5723738941453668,8.069837966641696
-0.054275510455293254,0.2754566691674884,0.5985784980286373,8.142675447123114
-0.06209772537828545,0.32289110282539535,0.5794101658907683,8.195473830935045
-0.04642569604284529,0.2626780323486574,0.566515315996672,7.477644407106617
-0.07755043098883321,0.26476628096633614,0.5264316847058962,7.331002398986153
0.018668033052388868,0.30597723803410387,0.5450599104722889,7.823575991264105
0.009631700861757284,0.30651153007342785,0.5577446689419705,8.018561847576693
0.04391238494394585,0.2795272350420462,0.54047729932764,7.587575697361026
-0.00559773941726714,0.3472015213151628,0.4930444777839743,7.352565163980053
0.060273518331267546,0.31532865954803785,0.4428885684628638,6.859476281028622
0.03031961660374509,0.27189479735767746,0.5059939115974359,7.099731060940115
-0.07330001311843598,0.2607196828012618,0.6037022131150386,8.032809602806692
-0.08988835651753044,0.28364628534602954,0.5367217147203127,7.618030918467178
-0.0181632741381109,0.22614868053655138,0.591554304644089,7.827018006643041
-0.059440488847739795,0.23591116527910416,0.6168058423765193,8.124367976517515
-0.059339538461256426,0.22951649271184218,0.6330368708150624,8.3098480403346
-0.016959622205644544,0.2582240531066948,0.6563216670092731,8.492959763024533
0.007512364933847335,0.2914167027542082,0.5616712274830244,7.739385636071848
-0.005983342292242301,0.2515382983087876,0.5869289865358917,7.8458293235301015
0.017958211703536345,0.27381816518375357,0.5807916101393832,7.731233376131994
0.002073548277778497,0.2090248752484649,0.5851917673592645,7.633663254733657
-0.024675614549363036,0.20839382120541403,0.6378237817707864,8.240012852467464
-0.11554945881602707,0.1841798707355745,0.5401181194297979,7.097994814878163
-0.02941452301517979,0.19905429520905288,0.5421805333635477,6.992593338331121
-0.06292131494174628,0.21907397143765134,0.5305372525583233,6.960949247559388
-0.07483297455554094,0.24742565372085723,0.5477192239667554,7.324863228646781
-0.10505237460927692,0.22209385104235566,0.5988218495759887,7.827317214015126
-0.15499917311629716,0.19358686709076994,0.5727337562761764,7.528765353478696
-0.10362923707675463,0.19446825193434863,0.6141933871344069,7.821390368625858
-0.08644011196260754,0.18051779612474708,0.585666172877721,7.449922941461921
-0.16720410055828955,0.16968424684602262,0.5455081910536554,7.229011112633353
-0.2098818926316754,0.1026880224541907,0.6417026873962258,8.163831349014377
-0.12800673072231813,0.22306741147168632,0.5397180084990162,7.223009403480731
-0.07047976784073748,0.2308911175055819,0.6079830678646432,7.891680527445914
-0.13450391157554772,0.16638032045877074,0.6683118234562927,8.406041551248265
-0.12543806970369073,0.1937490147574406,0.6222804789009316,7.981995097614148
-0.13266923077257436,0.25012847034188074,0.6192914930921333,8.198654288709934
-0.10409132858881459,0.27656695834993356,0.6127273109131818,8.274055031402405
-0.13610584949800236,0.23038690873669748,0.5871410021315796,7.801679114933937
-0.08516497601492722,0.22488464283982168,0.6215202865330377,8.103446643186471
-0.05105403716328002,0.26111214603072175,0.6013179963806823,7.9477534677977815
-0.022266627426830943,0.28697259309726764,0.6709109392816656,8.74211154307278
-0.05012208483902241,0.24364039772960525,0.670481608093519,8.754463511941335
0.0030622955206079092,0.28035947486843876,0.6836305353820323,9.064570874890947
-0.06441340293653296,0.24845115881977842,0.6432872227661873,8.461356823767355
0.031816691547595026,0.25332684961537555,0.6227941518462258,8.20725235253203
0.0360932777371606,0.26173682113754054,0.5730593445574739,7.734495478257955
-0.04606685319908988,0.22371701998968357,0.6333704447910352,8.198721828071461
0.007041510120372673,0.275345897960333,0.5690792567550417,7.673690663335189
0.01929368850179758,0.2341163397073474,0.5793273712180907,7.7039541145952875
0.08058730172838213,0.2311390160871503,0.5651136526633802,7.474673212854122
0.0690600217501994,0.2751809723439016,0.5645256072285839,7.674888821984178
0.039294310305369,0.26559930349298605,0.5399971701090268,7.296779750035989
0.05356074987983675,0.2709771525373189,0.5229250450841318,7.386079054862204
0.06242148619379362,0.3174022911706893,0.5129823510012951,7.377177470554317
0.07204097045153306,0.2789371213397572,0.5150613350334716,7.293975822640196
-0.025328950567573193,0.288042283685986,0.49421625918430284,7.233854048662245
-0.059908935171596,0.2665509156901545,0.5050173062505071,6.997971449680266
-0.008279300219849036,0.22289612203819434,0.5262924185751361,7.136635310889417
0.04372898400074258,0.30295186386106715,0.5860334377678011,8.232283194428954
0.04559291291658663,0.275242851949875,0.5277958594139165,7.425222125154013
0.041249830801406887,0.19599802643652184,0.5056148433506009,6.948155744906192
0.029412291223032166,0.3025660996432603,0.5166124213833111,7.439206143888739
0.03345759241723748,0.2745892653327115,0.5253096157780375,7.352959398027689
0.06391713461144177,0.3047944186209951,0.5759323833895663,7.945254590319751
0.07330932672559029,0.3179930339453754,0.6003381590566997,8.356170590629574
0.12251034037790164,0.2200622227140793,0.5894121924561321,7.958265440953897
0.08014065756556499,0.2806692567473041,0.5787301285812416,8.001873487445817
0.013311172905952661,0.28745023492697364,0.5537689388796267,7.710795798939208
0.044196902606296,0.2812483332179691,0.5398656525851202,7.636984972206867
0.08496864571964104,0.27853014934817294,0.542962884101481,7.513842157634256
0.048576271311494376,0.28340817810839997,0.5068079558913922,7.11748233002061
-0.006775925841263151,0.25833882019681564,0.36532909110655215,5.831690072421637
-0.008775647759532176,0.2673906615537245,0.40383591026999804,6.232704507233523
0.049032501653547986,0.29598190775649785,0.402384601339556,6.40854005122207
0.055976091733902694,0.3278756237446329,0.42052628357368665,6.8200971966934185
-0.03224473836658542,0.24948817906501763,0.4980450657609026,6.896421009861804
-0.010895426634132838,0.2380611550039687,0.503264966935879,6.940568955226934
-0.07818299585897744,0.23824773799607585,0.49436771560979215,6.920303800547171
0.02828785861082022,0.26499933555352867,0.40919683052491057,6.203761752721274
0.009570164586067178,0.27942684657401506,0.4144525715206953,6.436385746534518
-0.02201244529128274,0.28530248887538795,0.4722246315734428,6.907415751360916
-0.03446144674006292,0.30570749128591085,0.4033920312730111,6.478091483466609
0.013205219311092354,0.2637200037297869,0.4018078162408316,6.088145055072352
0.056335568675829555,0.24002740368332331,0.45485232690848476,6.5010010686975335
-0.03390258195037449,0.31542572478663733,0.4466659239943163,6.890954013321532
0.016151841447635568,0.26569369413083155,0.47562654746162253,6.845089715167921
-0.04613839606118657,0.26698800704070247,0.48550289115809964,6.913296116162158
-0.13333342361586278,0.2809176572807681,0.5431860162547678,7.552813495820836
-0.08249745736698261,0.2814222052920164,0.49794871821716624,7.179541737424573
-0.011280412769039894,0.2755747569668826,0.46226865896430136,6.768181288442142
0.02720139766152821,0.2485142955985611,0.47076573652904624,6.6478217266540645
-0.033862662283862324,0.26989544259393144,0.48584113938132945,6.826034822955274
0.04854293868062523,0.2593287062412698,0.4353733549250586,6.419089658264561
-0.004074338431139768,0.29701524651764827,0.46701962657562945,6.918081536458418
-0.034279877478552136,0.29971198208341754,0.4584444865180601,6.827993329302525
-0.035959680215249874,0.26471952679134086,0.44545666137597967,6.639480424146841
-0.025918913057404583,0.27640215855800226,0.4231282812949647,6.393284529643449
-0.03458198400873428,0.27305622642593447,0.4561591790887745,6.720158559382816
-0.03397508697582864,0.2713406055257896,0.4163846327937231,6.182933132321733
-0.027710131158424668,0.22967002959492175,0.516143924175897,7.101603532166194
-0.03628714755801508,0.25366730756976913,0.487957800958705,6.782119224806938
-0.0028331734605004343,0.236050982915584,0.44048244231490286,6.461443465337523
-0.014366865150486883,0.3009550650400866,0.5172417161832698,7.356778620879991
-0.05297249173388963,0.3108472335397744,0.46950700783168614,6.975366033538215
-0.08794960382353614,0.27652522690929976,0.49459179220366456,7.009724477393922
-0.10925949785508939,0.31056557167434395,0.4771502928644085,7.242667767585832
-0.057298957614728384,0.2994313285399288,0.5241036932304529,7.560671841558794
-0.058182097893676496,0.2398220209415101,0.5348531013368556,7.302410691831133
-0.044365581423330365,0.29738401258277813,0.4914681895534602,7.157059830760403
-0.04067634820611482,0.32034993592511274,0.482959523563276,7.201244211902401
-0.034116856550958044,0.2579151915146174,0.5582782835518663,7.565418082398439
-0.05498222642165948,0.25911166573442157,0.5325325605617208,7.364421469027726
-0.06167818693113756,0.2012423026969373,0.42744773888517623,5.964608042247748
-0.047632726707965395,0.2553191954249589,0.4761918339555824,6.7813591372878195
-0.03729290613608291,0.22437098889461385,0.49539922570401534,6.9546677762776845
-0.02315320777310685,0.2508616802576333,0.46159278919270563,6.466470233033263
0.0847233406932974,0.30537717846999834,0.5312621567389993,7.565408897353838
0.07427753074939272,0.27448274504313747,0.509940985158764,7.147499289467623
-0.02243078047862712,0.25047245642503935,0.4501233682646965,6.594396463608253
-0.05443727655024593,0.21771507142501154,0.4802543218264153,6.621847258159395
-0.09446490950974404,0.26157123448913483,0.4599537097469038,6.783160750977921
-0.09613930315942262,0.267951047588591,0.48615537733864805,6.865543098112663
-0.04941710773484211,0.2307011827416741,0.5203274614040265,7.045752333210245
-0.028875439013738343,0.30567359299479985,0.5126197875001092,7.247166865910861
0.030382268826765996,0.27400233664350176,0.5065323757252709,7.10010401121099
0.004789793914201224,0.272582610962026,0.5903266796287978,7.915761213980229
0.01488362546583339,0.2807301222969032,0.6087478580728635,8.180698668879318
-0.006284318732673798,0.3194476042262077,0.635081777909115,8.544389426436872
-0.05811101453700757,0.2957735975289781,0.6327025512435106,8.517044069477432
-0.016179962874776257,0.2814566651714042,0.6376436464453014,8.486354593832708
-0.06628822201476266,0.32621352406696014,0.5550295862185437,7.8755786198886
0.014446912198120077,0.28354817619323297,0.6104159181260859,8.093038387153948
-0.03852739136611389,0.32116412914839093,0.5690943682186493,7.963321426502237
-0.02325001333533115,0.28552854423018453,0.5191445814470516,7.385522483120167
-0.04977534605365513,0.2825581288898492,0.5491207932540086,7.514747344995952
-0.08507283557980652,0.2838066603885958,0.4520506845473804,6.564740488773818
-0.17973322963139457,0.25084034366668856,0.490707362860426,7.014244241963846
-0.11019617862692282,0.31834270755931215,0.3730350781324257,6.261184102634553
-0.14878893708353955,0.32351432628007065,0.3934755566254042,6.632728741734246
-0.1573546983346991,0.285474674567081,0.4145650530430477,6.5620844766409006
-0.11754697021469684,0.2784512207512896,0.4662953147314081,6.813130348546099
-0.03930493633403122,0.29402263332549183,0.41495120351456527,6.352246599419616
-0.020168487591252185,0.3113108672398486,0.41567415178765044,6.4912801660505375
-0.051497271604986995,0.28963762640739205,0.48163606979659257,6.899121655840733
-0.0597250030911476,0.3104319178484679,0.4795189127649507,7.034114895869319
-0.10576678669161305,0.3241313461388244,0.4511269670027518,6.928115553641876
-0.10564548548829499,0.25433009399506235,0.5045699188207565,6.999463729920692
-0.01984854459210526,0.2938255777386469,0.5358253118545095,7.551873180784955
-0.0564174266902489,0.2919412293899833,0.4440860025035347,6.706363581727896
-0.01848089004743689,0.25577173946627485,0.46482208706706507,6.571097803446634
-0.02506643022247051,0.23465155620832095,0.5309791615365504,7.2111872765685865
-0.03431152366997141,0.27037440918664984,0.5639987668149146,7.497515709317646
-0.0069296059074363155,0.21947211264043978,0.541510718854957,7.134763529492302
-0.01903833237285618,0.20835374115458202,0.4852213841011791,6.532667612238282
-0.058023930537854596,0.21750677734171117,0.5207803419480478,7.051422868143425
-0.04358713476023542,0.18913059247348182,0.5622448011360696,7.386056505689256
-0.023935289168182685,0.20946395631160142,0.5580858292688067,7.360357132966559
-0.05212809106767065,0.23030480926013797,0.567883752612263,7.609960430330176
-0.05134664955436185,0.21701773520243975,0.5716488583882929,7.584685298978409
-0.077075721328643,0.16604732216334497,0.5846581033697924,7.505256851642135
0.0019528053608746424,0.22013947189032668,0.5951808066156047,7.748052792831929
-0.009236754281648626,0.24369740129092088,0.5930513143893688,7.897929021836208
-0.05793585662001019,0.24178237371209169,0.5563769547401904,7.534627910651031
-0.05682410467349683,0.23802721008950067,0.5584030243782854,7.570495238488868
0.03739677765955387,0.23515886546001394,0.47503993909552006,6.645006032728425
0.024237868014261192,0.23016283767313478,0.4483252700249644,6.288332978385824
0.015600464885601996,0.17133440595913102,0.4988542245785495,6.548787044607365
0.07101164161254898,0.24692106592821841,0.5288158868687824,7.226359685205704
-0.058169158880811256,0.2697880042179878,0.5030173849737849,7.0466951906038044
-0.045599424045997386,0.24660949698732254,0.49769610249625046,6.897315861947122
0.0367950251255835,0.29852816876695837,0.5210440171539701,7.19570152437668
-0.03608166151547931,0.26106484902139093,0.5355409375143916,7.285217180735077
-0.009348676396147641,0.25603253393832803,0.5090898644670432,7.067761119042428
0.006419642424987723,0.26085254624644555,0.5241621891714768,7.160972356902091
0.033009606205970335,0.23946132561375666,0.5534166796440256,7.378219846951214
-0.04326964970743568,0.2299558697831584,0.5820890570788154,7.67656645920376
0.019325043081787605,0.26556456645184107,0.5945763918952321,7.862346782210889
0.022090904133006205,0.26897383103272426,0.5801734062266264,7.7714383092832415
0.024076890787522436,0.31733281857863366,0.5803692018312786,8.12756354306327
-0.05932691314859765,0.31907440164234235,0.5609022280003593,7.856633858871178
-0.07522708352694031,0.30063807919400554,0.6264098090407126,8.59267722586024
-0.09543061130431386,0.3311602424617328,0.6263327390873916,8.797353188333117
-0.05604102021253481,0.3466276264034201,0.642652784576655,8.942381251537961
-0.07968192980730392,0.2937451132147678,0.6410928519424374,8.69816646550091
-0.07648854789341987,0.3619648304724863,0.6585274465980785,9.224937492262162
-0.09502638989670013,0.3231221249133359,0.6470201879237462,9.028117638344108
-0.016920352416810464,0.3177014401195417,0.6653228061748229,9.056349827349518
-0.035517192153657444,0.2778927976955713,0.6460747802869774,8.58082653857039
-0.017726353732581353,0.35116898805246294,0.6139326692797973,8.599695471079661
-0.0049593848489690034,0.31233900706261786,0.5821709068398041,8.099798878145887
0.0533225725097988,0.3694487019809064,0.5735902878065634,8.379104460846326
0.05834349442927401,0.3400229275081629,0.6082624755308802,8.519761117054808
0.021130420522560204,0.27829539153010163,0.6490451488383489,8.555393903758091
-0.028096492635546453,0.28639747308420604,0.5789545173136521,7.884415732166305
0.02680303466019847,0.28365341125085214,0.626730309140471,8.413277772850146
-0.04378022534141485,0.2460703127640985,0.5905425084778726,7.957558145293843
-0.006708718850507968,0.28126633314071686,0.6343536963409895,8.50439054991424
-0.02179032242470094,0.27467829878930555,0.6010999946101295,7.935782370030395
0.0576252300470258,0.26773668353426405,0.5569129111858395,7.542723337136585
0.02499420115949785,0.2726469420269928,0.5291863161571791,7.427371576075982
0.016337696245974868,0.33178695420200033,0.5412372863838668,7.701890626530697
-0.1376368194287989,0.2544422744747046,0.5602110439447017,7.84606890410099
-0.03753454245692556,0.2742354214472033,0.5385139260308511,7.458252122543787
-0.05089081099674257,0.24771083427434842,0.6142714298964516,7.937187337124986
-0.042940462949424094,0.2582296652613587,0.5689839202141904,7.620143906729941
-0.0007891243632593608,0.335919724844858,0.5305730670576968,7.675646336430791
-0.0866156650586804,0.33541507101167045,0.5719629844297726,8.227847702166736
-0.04758821768004665,0.3129042842734993,0.5836276620627416,8.071542893515618
-0.06652785734413601,0.3031929765386332,0.5596032557932592,7.825923997942035
-0.03170862651572545,0.32691704659066956,0.5888480362819598,8.307077998482063
-0.06120759595092055,0.2798574526060895,0.5680212609910897,7.89832856366647
-0.09785966587526675,0.28102092799873596,0.5271404510810744,7.591462539607174
-0.05119839912842685,0.31234366542034087,0.5944399761420021,8.177314116334701
-0.03544714599076002,0.2801217469868963,0.563167215908269,7.702223691515734
0.006061329920000493,0.24851399323067794,0.5874814889939992,7.870977105305203
0.021403680997391865,0.22699713311452666,0.5792496923740609,7.631709753142125
-0.025731329908927347,0.21255302325535766,0.5392773492858457,7.243360666111481
-0.034383952299511286,0.19428748800964493,0.5856551049200109,7.561769523495702
-0.015780398140587498,0.2476922625372273,0.617311914959706,8.125259921209556
-0.05697891878894129,0.22150342312105806,0.5625822839884008,7.4599726177070025
-0.036382759948805646,0.2182354612843963,0.5406525973116457,7.352924854735985
-0.07188307704020705,0.2424740838420382,0.5859634897882547,7.802512716741408
0.03140546064248778,0.2630743292206339,0.6180744527589932,8.285910302532113
-0.008751177644017347,0.24602296498690449,0.565808685960566,7.628135660628484
-0.010152427343772034,0.2547193075139801,0.6367383412778417,8.482104509723772
-0.080259591849326,0.21652326308725903,0.6465557702853159,8.449789465734034
-0.08892724100239804,0.2002086806611107,0.6235766730304281,8.013514666929794
-0.08209928202520791,0.29825292311097096,0.5750215706338255,8.21982896142855
-0.06649721111965974,0.25330152824198254,0.5792246661948005,7.871761112286279
-0.061633704879774855,0.2903776639214833,0.5916547982453348,8.26960235288616
-0.06966588679370055,0.30278389426948293,0.6471332367442381,8.769829842029305
-0.04231466328459682,0.26711218133745435,0.6286609285851944,8.454342563169488
-0.06680960047264894,0.20358492088970886,0.656697364030839,8.468797729956925
0.01670407576255628,0.27883849992928184,0.6410415239797995,8.677754451771339
0.020456083894257567,0.3028442985542176,0.6478869841463595,8.714394312980424
0.002534680160718809,0.3073192237020952,0.6994042236825603,9.51627646227415
-0.019514742463200674,0.2894602749181062,0.6933944005969346,9.260326819664957
0.029817108211760767,0.22038530439543055,0.695417873451896,9.103646832703076
-0.049552864205104005,0.2610542012087565,0.6449501691812446,8.65079264306584
0.05497161846626745,0.31444507347147865,0.6528740493182292,9.07276925143994
-0.007542890267158516,0.26462393826880354,0.6280765535810133,8.568430991995434
-0.0736197306941495,0.22860864355087443,0.5857489381202661,7.875382748477408
-0.03290329879188391,0.27797017074047375,0.5412159342077155,7.57113290877921
0.0076338748906160155,0.28987110373660274,0.48806236644891704,7.1623677891975985
0.0376016029953083,0.2443787536303036,0.5375329632373987,7.309135662283414
-0.027809906801690258,0.28874625721141667,0.5626068052205748,7.825841240955368
-0.050820378398082615,0.27477158158655474,0.5511592106185206,7.640728012559812
-0.07197088566991286,0.3023965909885962,0.5242804386470465,7.527712100702945
-0.03885360100904439,0.2710565874523019,0.4736428105041054,6.679112925220294
-0.06755722871696421,0.20866211906530507,0.5610613478080267,7.468322112052403
-0.07837925183116341,0.29555017184432025,0.5346071611807153,7.497517798039596
-0.036116256270503556,0.25463880047179727,0.6171610272262408,8.171348000385931
-0.03933527385400591,0.3172133974583812,0.48308209849191,7.1670565124779975
-0.07799125056774503,0.297454622147243,0.5394926187755298,7.6641078806017795
-0.10484243975965225,0.2955056091856112,0.5000826790019921,7.243855136470296
-0.05296867274506543,0.2737304237869206,0.5864491309530124,7.832091999931107
-0.061618471199061046,0.2734843492385137,0.5563800476007934,7.6008807998207475
-0.04547674955789503,0.32195646318272253,0.5511170138120572,7.891520597904357
0.008788551993366043,0.28932007587243447,0.5451249742730757,7.652917758189519
-0.03273850198095838,0.3089498822073132,0.5384501444418582,7.5387951991647935
0.011369831865440331,0.2965989062089602,0.510020834489892,7.180774546217918
0.016661922112163628,0.23342216450756098,0.4815470632029256,6.96240234029526
0.0643074688483588,0.282018890069848,0.522702435272413,7.436481813848187
0.0412541360872747,0.21038178654400627,0.5603039046868536,7.490494355165086
0.051011441369587254,0.2358782554039888,0.5350464762604892,7.240651759825669
0.03462306302819419,0.24297443829653814,0.5536360233876547,7.348244870529092
0.05256349380975911,0.2264312879234492,0.5824066536722751,7.86893862018644
-0.03772228632279182,0.19752926886026292,0.5500405966216764,7.1344286041888845
-0.007504542974267512,0.1909300043024946,0.5394031331305299,7.020896005680279
0.026537919081105227,0.1976040609143445,0.5612774981588047,7.290459039296815
-0.0317487576459005,0.17980524370847736,0.5195906305553898,6.858564637205515
-0.03687229640871411,0.23787892821010775,0.5404004114524084,7.3386536961204385
-0.05353538377783299,0.24505608603806603,0.5233144749462562,7.2173110636219375
0.006794965765371707,0.21392603206190766,0.48716530119577484,6.729543733033374
-0.03769348170849686,0.22156441057440437,0.4496535375488094,6.313323321785513
-0.025968233174999855,0.167616363666717,0.4188225832697341,5.796588922025401
0.03119155010922299,0.19988447179635324,0.4589995781031448,6.426331799237197
-0.04612275525729136,0.19357708070953392,0.5138205812955327,6.887463319118332
0.01350582169366417,0.21974835781446314,0.5231983148362039,7.14288796835236
0.004328210802693276,0.18412166527151913,0.5237635369834408,6.870864936041638
-0.05615537189842794,0.191965238971426,0.46930145739506457,6.545669267650709
-0.09158903394498268,0.27279137085979455,0.3960932798433432,6.3763036826354424
-0.03917945376983614,0.2916980036411691,0.3581311836037009,5.900220749708765
-0.05660447758138606,0.316306277523074,0.35448311770515,6.0664597406368586
-0.09193898523565451,0.34077647535217676,0.36319866303911863,6.300226321161639
-0.10850583827497023,0.32179716923225943,0.3743041080817499,6.273546552133986
-0.11334194756762693,0.31242976450933746,0.37314883600118104,6.403748151078528
-0.10611269067072229,0.28350753205310175,0.37710274231411467,6.282577590918786
-0.08690402076107268,0.30034019412315044,0.37589296033442465,6.170423173607747
-0.03691492822239909,0.26886051460820043,0.37013715424381705,5.941984493984312
-0.029526512127239744,0.22304488342964945,0.45220281585005373,6.42806665716226
-0.07155307690218071,0.2289519852273645,0.44393797746331204,6.412460770129363
-0.03336885508108539,0.257199370924901,0.5113087114704635,7.089432396891095
-0.018609233434033097,0.26287691931416163,0.3907639598065823,6.195749956136423
0.03888340401099779,0.2665224330827585,0.4446482595648137,6.5534170877014075
-0.03014188144292563,0.24904116304640203,0.4596644846261727,6.512285047566649
0.035834872160264486,0.17834720804342746,0.5284546004166784,6.877659415970738
-0.01124033934866362,0.16560275063931687,0.561089906726443,7.278130756120972
0.04255094615116862,0.21897505551365015,0.5259526905377467,7.292477573224044
-0.024824212008932783,0.20383649828101386,0.5706917516309118,7.37119010669738
-0.027616915438604235,0.18620188037143717,0.6130204973262285,7.810282416347129
-0.09262952542840751,0.20723873841157403,0.5611563246507505,7.455758712055758
-0.0026035022056200103,0.22983739716278936,0.5840501256465762,7.677831712375072
0.019543556894436667,0.2365487155417244,0.6098625880440397,7.909014346055676
-0.005772428859546625,0.2437200488955396,0.5582972519462318,7.678123029268626
0.03472876296271128,0.19759782100518936,0.5627553897707714,7.497941959042577
-0.02906879992578699,0.21948279254411665,0.5925251991935501,7.795574133272224
-0.028755347235464697,0.20221917894625116,0.6250815615247638,7.942368234819646
0.043441657662898994,0.218350051439084,0.5778631676315841,7.79461948795797
-0.04555860564675922,0.2236099103109549,0.5850432080298675,7.541924228611956
-0.09053365867500231,0.2640621640105625,0.5265414386161646,7.275542614964184
-0.05708824515375508,0.24806488182339118,0.5459906262420318,7.597963804851439
-0.04170500321668347,0.2402701162334074,0.4862281418693772,6.724014675997422
-0.041774391497795334,0.2656950832248976,0.4773930237259464,6.8698605908666
-0.005034298158382994,0.19768840796304643,0.4946699070600508,6.620852871245886
-0.03439252878628935,0.27307271928307497,0.4262884900961364,6.404584330518956
0.017846155873704007,0.26744643797106354,0.45876554175655243,6.6742351505729705
0.025661645853943364,0.19381954473518562,0.47240325474778233,6.471671158245823
0.03961978363103084,0.2133349307826367,0.5006501309955148,6.861761440787848
0.06778371071152779,0.21028567939094112,0.48321937834736894,6.599099178150147
0.026234747100146956,0.27328221579997497,0.48252428362352745,7.070013533592999
-0.015245328533025865,0.2660467645066576,0.5030375485245592,7.312120066502322
-0.010615266686408834,0.23326587907709742,0.4953887800519289,6.817945468943918
0.027475715109135004,0.2774569266422563,0.4553357086715147,6.842525560037097
-0.08052204998524094,0.291279885507046,0.48532993589883916,7.120369106716586
-0.026842165623349377,0.29401445482211974,0.45067535073094367,6.821947467243389
-0.057263076174117286,0.22422589381333946,0.4995897102098503,6.877478004130399
0.06754464285770828,0.2301135330919865,0.44611139878657113,6.414194715409781
-0.021887280433751207,0.14703548132475683,0.5105039409115313,6.802588057923053
-0.06018593515693639,0.29173942372736655,0.4899845313582959,7.131172785556167
-0.05878652704422644,0.20107226928011954,0.47975708333817024,6.725060401738888
0.06979493609831613,0.2121554107701782,0.4608250309611722,6.544870443964279
0.035567777321591165,0.2471733378638049,0.48422876687613164,6.961917449346129
-0.003983479176870046,0.26452924836725344,0.4680261754644222,6.7668408572524745
0.04937279986973493,0.2784498537955555,0.4959508830025555,7.094825748160219
0.006708801257277665,0.246977924452422,0.4934265490820162,6.980382891825152
0.007213576014043176,0.2514893878695797,0.4749377442883445,6.884337218288707
-0.0022168175531964733,0.2603239195866057,0.4696422631713348,6.728269688591468
-0.02229440341369601,0.22778043715251806,0.4595006639949117,6.543839800549387
0.001501333068801313,0.19896852975432694,0.4767999152431811,6.45031556641867
0.050760352297848255,0.18924087431795064,0.45491420711477804,6.282037791347841
-0.027231606334630717,0.20428338191867051,0.4730613688708634,6.444962631153508
0.0423173150313775,0.22766956129304147,0.4855436340016389,6.677427279999106
0.03506964948137938,0.29090554533870505,0.44662961657693545,6.720479909173583
-0.01904058509971884,0.24835249811977816,0.5079556687260975,6.938103170605966
-0.08913478242967313,0.23102447622103706,0.5464837696076387,7.554720052860772
-0.06901289649842927,0.22768541492705058,0.5495520690419755,7.454320444136596
-0.06509693409049337,0.19815298775751414,0.5987779530239882,7.998812481424776
-0.011192155596832929,0.18786456701857207,0.5621936007969937,7.344538957577945
-0.013838170431540637,0.13394401590973282,0.5902839019486753,7.3521451371580095
-0.04704110800027126,0.1939546434526454,0.5521461286980099,7.2078362541240955
0.010386940572537334,0.2221460329381526,0.5396707158064445,7.145292880244255
-0.018018077746588024,0.1610768115213032,0.5441949463682404,7.075764256952162
-0.06732170222182518,0.23502566331207975,0.543192020720477,7.339091958625004
-0.07157486549083633,0.190837897839971,0.5080268063978662,6.797282315969299
-0.078966856906083,0.21338175238545778,0.5391104959264745,7.221319737717364
-0.04036977491158914,0.17549479507082572,0.5680198354049328,7.442076298622144
-0.09056691362206525,0.13588984608866944,0.5479663639878908,6.872278980660484
-0.07243817568320403,0.1932160933743928,0.41971029990980685,6.099093728236156
0.04082910331837214,0.216659449344815,0.47239311517792765,6.632944899557101
0.07239917657376384,0.2488269713052338,0.4696541014461704,6.7473431067788665
0.013704644925524078,0.20081024431440134,0.46491267332159547,6.414454735273543
0.034933503102893546,0.22600373523309308,0.47554857121005506,6.554308708211459
-0.006606545934351615,0.2344135805427326,0.49375352046004534,6.921334029632435
0.011399372066600653,0.23657672227455734,0.4889992039262796,6.844158028510645
0.013081490625453345,0.25114898583240897,0.5068549593728447,7.162827084716428
-0.002295087080326,0.23262756838822599,0.48806477085797767,6.79010638105568
0.057063148677286346,0.2225847672536312,0.5499702685621478,7.426579212257625
0.009792566956315769,0.22749069945547537,0.48720365214640915,6.696546079799974
0.012422870405059183,0.28090388750069245,0.5320273905094697,7.399896984351267
0.006598042226880506,0.2955173583149477,0.5166878958168258,7.25973589942802
-0.014215640084040542,0.29029039450055966,0.4778872290709204,7.008575761093208
0.04824466370488845,0.23873307558109294,0.5203651257178726,7.219373744346612
0.07454000061377551,0.19161587475251965,0.5551672392708271,7.21581151548337
0.04927571236862722,0.29261294956815753,0.5450075982559649,7.553546588140503
0.056110393178368495,0.2508012277608661,0.5477114196856889,7.40381604192217
0.06248491155152543,0.3007069366365463,0.5620649018015114,7.861697624082048
0.10734492568782261,0.28786190194100797,0.5279239659480097,7.624331474592342
0.0863314362677839,0.257743330858728,0.5089301598461484,7.243657479077396
0.06431707081828315,0.25353854147482247,0.5448398343615676,7.422931405870324
0.0953893363858651,0.23441956795522817,0.5396172136407575,7.411851991239416
0.09771311796662413,0.20097936973355676,0.5080482421821637,7.014423902376344
0.03599635401332706,0.1832526927760477,0.5255020576965256,6.843972361950696
0.033036088270674946,0.2286723468550359,0.5491960102013517,7.308818439106949
0.043189492049835354,0.2221095691767869,0.47842203195274186,6.666355103529803
0.011368584549414834,0.24425751699892298,0.5340328670876812,7.194309992596749
-0.005556278150849958,0.24164291502324625,0.5258516627113914,7.100456402376504
-0.013975548233516833,0.23151234380861752,0.49792042279294546,6.7599661306517325
0.05410948851589447,0.258431190601613,0.5330711845952094,7.296182110719196
0.015343969915406529,0.24452313680657675,0.5182787788158778,7.132906434792079
0.025225864559707677,0.2876077984221083,0.5445791521742755,7.674713008951882
0.03812344956983582,0.2972394757789103,0.6057539366638351,8.19824594689964
0.03832550985323491,0.27399863005091035,0.646661177255814,8.570836802418954
0.03444576503378054,0.27909647701703266,0.60173882993198,8.308078222929439
0.07738636056182747,0.34045255678240655,0.6490685982460965,9.293210528603572
0.07218209595916815,0.3800384080010561,0.6355784989563922,9.138987653687835
0.07808841033338038,0.4196671554050194,0.6604418146297186,9.670002585623537
0.13211814026526467,0.26769838574114224,0.5857616614063058,8.161638116674578
0.09719331570679776,0.32552009863697956,0.5379310298818669,7.88165834043045
0.1362884965522787,0.3397696528892714,0.5476117526826934,8.153723951212966
0.09504065356621236,0.33428966508331515,0.5588191975343296,8.204391899749503
0.1302268844229259,0.3126330220694499,0.5475222936614411,7.929782574102962
0.0727696650400208,0.32959654220340745,0.5054825420975382,7.6356390684799225
0.048995217445536206,0.2867055108124025,0.5056438970638859,7.362701619720869
0.09966959289030673,0.3358688685332779,0.5192344781507171,7.831569360088374
0.08287339771802674,0.3193686302014729,0.49888992287353884,7.537233583735233
0.010529814142356668,0.3240918005760289,0.5748313645206776,8.225276030474358
0.04606425164106089,0.2834489248781299,0.581899796734943,8.148864586457842
0.06126870441957425,0.3597394015005159,0.5330123503935552,8.078166684262367
0.002095165467055287,0.341182559932771,0.545888696801455,7.942229301738408
-0.016952947517246,0.3923926271636961,0.5260357593228501,8.150476477968716
-0.05496363805126355,0.3657162726471347,0.4975579357121857,7.757788239582818
-0.000523042458502724,0.3289764935630821,0.45210477213701755,7.137368163520232
-0.025735907252557855,0.34868741719495794,0.5024905149444174,7.607617204811232
-0.003716739158726726,0.2898181463862922,0.5379034793412354,7.550619694282703
-0.040733733045797804,0.2670903911200795,0.5291001047317366,7.2852322370729
-0.08730211569351944,0.2709032457500616,0.5755756101659015,7.9527351235224
-0.02611889019356462,0.23281372441360804,0.5669002394196699,7.707488612305427
-0.09226127310564028,0.25952033537896535,0.6297662717762383,8.508936739174827
-0.0098462696686214,0.2690044529265731,0.5953619445842158,8.105472679733817
0.04641787824362154,0.24678236157130243,0.699922494049672,9.254127554944164
0.07231865451969675,0.3280280722810308,0.6802860991283796,9.414333892124649
0.08863425554871288,0.27990697365083517,0.6106994354651691,8.466024828421066
0.04360891012891512,0.29563621189345535,0.6374357892708473,8.823415153187687
0.09676413287460904,0.3669974937533858,0.616307852965905,9.088631802684663
0.07065350737897617,0.3510868690097506,0.5842958886996763,8.62055420668439
0.021316562865246153,0.33681414499174606,0.6353027695404665,8.88621242464951
0.04485836146396392,0.32934316077678333,0.5801521143190799,8.46764826663103
0.12778836179892758,0.29831916599910546,0.5918309235992182,8.436571462743837
0.05072378200510835,0.28778078370664084,0.5438628525407149,7.775240741400312
0.10079073653018292,0.3082566540004878,0.564418364630834,8.178965657917551
0.08514763975296852,0.2386726096744991,0.6426860426342749,8.600107197251928
0.13219233373464487,0.22395624136473727,0.620258958534533,8.414025519654219
0.12228461987076705,0.2329041133834812,0.5863497063661388,7.934175512161057
0.09965434624890364,0.20829940959497442,0.6373501763251116,8.390055023824734
0.13002669214038962,0.2203266828466203,0.6736469688332801,8.854804233493844
0.04626526009506326,0.2308502652205593,0.682197609716117,8.89543092833443
0.05030364258501797,0.22516691957028637,0.6887967287434676,9.053333220551895
0.03270996499823817,0.3053977873708205,0.6543941608753353,9.123514195790607
0.07976253372447384,0.25116830542383856,0.6849682892886907,9.111204258654979
0.05849905355781956,0.26715270091681625,0.6832764279109481,9.123354979921318
0.1127132140749651,0.25969314055543136,0.6896501999745362,9.378797505640225
0.13150019403783875,0.3211950295495343,0.6064932584827272,8.732065775634798
0.15978103669634586,0.22664540590878832,0.5759734301257964,8.054059321361754
0.030507237455944112,0.2512611272470075,0.518114528973912,7.412893195014713
0.08932414194328288,0.31041262978394163,0.5336123714803365,7.74850502811643
0.1666435565117014,0.3120191380137143,0.6391217827191575,9.070493577953357
0.09886419947559866,0.3536715092002764,0.6245560126592533,9.014145085219553
0.10504875482871645,0.39937206954936594,0.6415780205081308,9.240413940339316
0.15130278765316107,0.3601763471286451,0.5538930537362514,8.42610024092237
0.14594941060028102,0.3677032762961049,0.6365117166065783,9.149592749148121
0.10540959320925225,0.39211930218868996,0.6442146570583869,9.262087468342658
0.11254823937805597,0.35906985590932544,0.7088044383834952,9.828956043536877
0.12990437557688703,0.38056046322342674,0.7060471594816954,9.953132018381174
0.15081517367307462,0.3109947305925125,0.6715640056207549,9.199727688165375
0.13812461253548416,0.34864913458366037,0.6392204141539679,9.099293789008911
0.11575823333751517,0.3991695051142064,0.6354984129649082,9.20155900755201
0.19168360166658938,0.33367023551479186,0.652888296187586,9.308152635848492
0.2436612723166476,0.3746097750237682,0.6439162848829523,9.68477433302832
0.15886108068982618,0.28986470607641623,0.5491011997509426,7.9378404693974005
0.13487106696453469,0.2721714199568098,0.6501708598944813,8.987320583996986
0.14029930526795956,0.2671532125205853,0.5521593105038536,7.907023525358374
0.11471174906682348,0.26205733440264,0.595783979688535,8.37200878399391
0.14025325561764485,0.27193616517075414,0.5553997211105155,8.074385045494939
0.1509999341132105,0.27892508550274464,0.5635452374404214,8.272827699589447
0.1701334628510725,0.2927823760574583,0.596734625693598,8.640809415650452
0.1343150437976946,0.33661398505199985,0.6248269945506953,8.958911190066337
0.11996279088227794,0.35673324060966144,0.5950246217806943,8.725112279119234
0.11090423578190173,0.3445339903095566,0.5514191915298984,8.316875523373678
0.1974965536935906,0.30365899137610963,0.5693480623879418,8.46067158956307
0.11001732504421605,0.3548086720229215,0.4958201892475414,7.785647004488309
0.12432216480805376,0.3313531501090149,0.5467539480895501,8.107023212016294
0.06380866158154659,0.3676505311456277,0.5719594615699841,8.570603546363612
0.09508656748015581,0.3442230735071692,0.5359801329130043,8.118535910779888
0.0699034590886897,0.33531829008254344,0.5752248834947368,8.221334991396606
0.0590576781764766,0.34449690271205297,0.5687932237205621,8.354342877023022
0.10464858658779722,0.283772490118762,0.559641536372257,7.910783963590587
0.15984987086942712,0.3001525459310041,0.5650738783854102,8.04965559557528
0.13194064907476002,0.26961072209067294,0.49343161840412353,7.31721990415655
0.23633269767923676,0.2612525255799948,0.6161778357882981,8.936310384660642
0.1763952650348664,0.27762362612924085,0.5580597659842382,8.204680743276898
0.13370873937052083,0.27915804764616153,0.5305948405451546,7.732682436165777
0.1321203941742865,0.22385832807600028,0.5703853469211597,8.06370520067235
0.043265830799290125,0.23855686395289888,0.6205023852323672,8.175842887607226
0.1044418130986074,0.29400079198537077,0.6810000605486799,9.268436928874499
0.19822512565225286,0.2167134252436346,0.6378461603611524,8.58969333679908
0.15838446912747015,0.21324342756529163,0.631707558599043,8.452828810054875
0.11259007861492294,0.2239155373009409,0.6962366290824253,9.144713790233187
0.058941662941812537,0.20158049653831692,0.703061037147242,9.026246529779604
0.07617530392663327,0.16376749139658547,0.6546808666929536,8.412060792424585
0.06974601481322307,0.21282701324689687,0.6910169942615977,9.006565029459773
0.012933750198125359,0.24464803006564345,0.661365107725449,8.772743744298383
0.08509376486428534,0.17475543267850085,0.7019420127066935,8.935415543364366
0.10618427491633513,0.2359494896663375,0.6272874300000282,8.553779932757525
0.16219358661524766,0.21725120963501218,0.6272884971731734,8.51348632473713
0.10579334701055358,0.2244989957446949,0.6412570088696485,8.436085403417371
0.1323390601429857,0.22177810315622914,0.6421267229643086,8.609843228450057
0.20777199959640757,0.2666875748343831,0.7274038943255932,9.673838933878205
0.07436723386722467,0.211828662259352,0.837724950757481,10.598537933683978
0.07075691523281755,0.2387785953357093,0.7794414860564453,10.022258838602326
0.025516901445408725,0.243564728459508,0.7950081941379501,10.065382394499784
0.03378248671732358,0.172752209234297,0.7211942077342897,9.082668764353246
0.06118882826688977,0.16685553583422869,0.661430579323554,8.431395290077301
0.09574084021427394,0.11510378414878202,0.6952899589275787,8.672763770458364
0.08939508359004729,0.17791083037771782,0.670823093350118,8.4726681986238
0.10064355637174753,0.20285176572506008,0.6479491781411847,8.346507564106476
0.10451565847609268,0.21905829958807546,0.6532071975407214,8.592931799402097
0.046355465847903995,0.24886068026372513,0.6057886137384794,8.22371264054544
0.10793975468770368,0.27280042315744535,0.5712805921486857,7.9270906745297145
0.06120789090894218,0.2535680191820602,0.6516505945627331,8.700233869958472
0.04057426718686028,0.26157633938872527,0.6451321321215602,8.563167767812834
0.03746420953100805,0.2972687125220599,0.548226580038783,7.660461513336945
0.06755756583589012,0.3599311276449034,0.5273426129872079,8.04318741596938
0.04960664642165182,0.3399879295034003,0.6040408523557301,8.59996567643499
0.08401973813448839,0.3101354931699681,0.5883297120876491,8.236798404643254
0.12463748165790993,0.3005285505270678,0.5590584240326412,7.875043945418845
0.07822083959875993,0.309583483763795,0.591803559467944,8.202497463643313
0.09245496349905702,0.27493054261588024,0.5779235450290489,8.059429987237925
0.12280979660453317,0.2787991668160688,0.5445338914576373,7.811778369395055
0.09174532934733277,0.23525607851725763,0.5760857622847337,7.850231359281771
0.059018322158625645,0.3130943644768563,0.5741005573159211,8.094906629975773
0.06686484414226437,0.3104661823748332,0.510906433640443,7.573847504921494
0.11683640070049266,0.260052514303597,0.5300042350002238,7.489054036539833
0.11702922070560905,0.2573970948493672,0.5916978126280679,8.030658739574712
0.15526909111914142,0.2491121075792009,0.5324110065733466,7.569345144669375
0.06452184959436291,0.2650898149030308,0.5691610224551122,7.813057454138927
0.06962121138133254,0.2909399764318182,0.5887344575066078,8.13143109624688
0.0813844886726756,0.28679341784345064,0.6542859418977265,8.88298482260281
0.004842534652102376,0.25716796077893816,0.6663655988977856,8.803396249443397
-0.010014158282376605,0.25980771605402136,0.7309487674580737,9.57292760208419
0.02313096610044259,0.2933699210644448,0.6545661013049598,8.895458724271398
0.11192510609630674,0.33698725898820625,0.6455680779317043,9.025848976981566
0.0897575407270117,0.3158235227048263,0.6020453001794851,8.667825175472364
0.07896419259975804,0.30861793071011734,0.6195333173987884,8.744543364567084
0.042917296318916096,0.32351859892483636,0.5380231099498374,7.903249502953894
0.07902862606762341,0.332915061304309,0.5281039228148919,7.894665652278544
0.10376990504502574,0.39275888548978116,0.5705362558834578,8.598115653628724
0.08391414037043872,0.3260391194905757,0.44792874942666233,7.018694409838273
0.0833493824368573,0.31690268336661104,0.48506729824999384,7.484979262709098
0.11587191632892521,0.304553867595593,0.4720829416645412,7.100073693577266
0.041116786740449954,0.2819949829184898,0.4612560907501005,6.782322868258948
0.02193732117430781,0.3329853631712163,0.40474531369804484,6.760144334328143
0.0048478154689994765,0.31860312919521977,0.4536862494382733,6.9125453672143555
0.0126478497766452,0.25486866024206734,0.4621615179754259,6.755774896272525
0.0446125479952528,0.32634443801372964,0.4861802977736471,7.397625119250416
0.06352488174266004,0.31605792836677105,0.46374991441203506,7.14807238001281
0.09870146362893296,0.32124082078345584,0.539894889021602,8.070715596527885
0.03448903981070172,0.30008738911576976,0.6131720811900875,8.524050007334305
0.048311433369254204,0.29109761353985664,0.6012785125022548,8.376036904732178
0.11499651380141845,0.31646207888809746,0.5692864435719549,8.146154351610894
0.1663697506720859,0.3003252136216784,0.5402933880120396,8.121728896244647
0.14086656044188467,0.28483803773390637,0.5910385717023774,8.392285537916262
0.1047827853506225,0.26788872274857006,0.5541906522528384,7.883870428480779
0.11376868810959648,0.3005458644079009,0.6127473125785985,8.603923124112912
0.14045776063154516,0.3100178850773568,0.603269574421516,8.51577069928101
0.09406127264196266,0.3307228675631768,0.6051697064966435,8.60947939308286
0.10107500643189327,0.298603653334131,0.61301058827638,8.440370186385373
0.09195434108242095,0.27580001589900627,0.6186460224526424,8.501766017407224
0.09517410268013567,0.2818347481956271,0.6231615398541847,8.684011441781763
0.036244916870103734,0.3189318688515098,0.6135847467469394,8.51196427742685
0.06526430505712234,0.2738420649318904,0.5552958948089405,7.771642522396164
0.15497396096361737,0.2781010626921791,0.6631305826692312,9.020023560950946
0.13527713608664346,0.26174735921126313,0.6785642825306972,9.207647593295942
0.12635751075621207,0.3061501163846442,0.6425660976255642,8.980086052758262
0.16083885842663603,0.20523335800965722,0.6538851627806719,8.744039082005386
0.09408548743778491,0.25767681279822396,0.6346362374790998,8.534181700466776
0.029440019736309494,0.29085004485197047,0.6281300305863481,8.58399934062459
0.058084947573880816,0.32019476796156254,0.6056456144421942,8.352208591484244
0.06336341191506076,0.39126794210771626,0.5562032798005153,8.509859043035332
0.06450300012625297,0.3342204378398132,0.5703227082148818,8.163059113264987
0.05446641346399489,0.3247896112941776,0.5666697893233792,8.013651473910743
0.0427378034838449,0.31926017518035604,0.526326190896792,7.6191664732116395
0.05378019930911952,0.3489723044730693,0.6139994094367578,8.78337756051145
0.015095073159934816,0.3258416165166784,0.5662006499726256,8.038832705504847
0.012245163307690718,0.30961431471169926,0.5313022705581585,7.510252331929005
-0.038673701578518974,0.3163320215206924,0.5642526225767948,7.984469255438642
0.028700420602288758,0.36173796395222574,0.5574962102270168,8.148642011242323
0.07379338523581515,0.2849548314475053,0.5142251944682557,7.386645789719595
0.03711142384360874,0.30158595656314396,0.5813687299062245,8.147223694428328
0.008281812306266597,0.24065312030250857,0.6309984422549614,8.295698437860262
0.02077538868647911,0.3193392947954408,0.6100146974303384,8.474854127817535
0.04724157267585749,0.2992717722516797,0.5763614319386878,8.193144294397419
0.15027388494236787,0.3191038206797761,0.5904849033572419,8.591883433574877
0.029478039762538363,0.33595489837198617,0.5698516707983163,8.265280567947613
0.04984380197551451,0.34836096422327284,0.6121464354550191,8.718828423078767
0.04458901077281493,0.3181067142455805,0.6476403093694283,8.921623970997091
0.11539211483203976,0.3127721860550543,0.5655662331344014,8.254835310005182
0.08656324733759653,0.3235473095093567,0.6354235763371662,8.953359303426812
0.09988591779543461,0.31346640761041866,0.6509643697535681,9.09514794508655
0.13071108495655562,0.30394953713342576,0.6417209963288515,8.931526157018483
0.02280286703023922,0.34057493829094015,0.6882240057680952,9.408227412377892
0.019978925683606333,0.31038782583904123,0.600033110548463,8.408653425591314
-0.023188814981623843,0.3127694673677837,0.6136810769574721,8.493483792499038
0.014017060267564984,0.2614057577744305,0.7345615741149125,9.507377709641835
0.058024357190239476,0.22833932655082004,0.6241674630052821,8.425514821438027
0.056656572426400535,0.2601727104049347,0.6561141534773423,8.78416790273456
0.0990628080256453,0.2978512503583252,0.596638141152222,8.431276579646383
-0.031064093813721237,0.2739570679832995,0.5914027886747125,8.051806724193291
0.01779835370364945,0.22914102546190598,0.6044588966717325,7.878731801185069
0.04424216007294833,0.21682758051790668,0.5143584628497547,7.0880247007779325
0.07261381719534947,0.21811170692051218,0.5503347695893447,7.524095633915163
-0.0387431499559696,0.312999022493972,0.598404704644052,8.372960667836574
0.012411576169028271,0.304910608122909,0.5768242879239862,8.214247291359888
0.12014546071712442,0.312037084506827,0.5491613252800995,7.959168504363008
0.04963778511732505,0.3196943694178363,0.5143451826647792,7.440859970781095
0.05566175160935179,0.3041175903310668,0.5226820186211522,7.516210342437996
0.07769381478648167,0.3333577266699115,0.4710795283285425,7.261793271101102
0.05436464832103755,0.2806913663772956,0.4845560662629422,7.044992679200449
-0.05435280749866613,0.29538472772382546,0.5304422552179392,7.587020623037724
0.06416321105653663,0.3200693933471215,0.5615263123949154,7.960714170305707
0.08831091470405249,0.30618622725931033,0.5377971051820097,7.849172067801895
0.08949068116671914,0.27861653942339126,0.647510125671681,8.888119973750522
0.09758232612177743,0.28868792873318383,0.6251059910785506,8.663678896569403
0.09509723114608658,0.29581352302112357,0.6110633124126784,8.619502543628284
0.16553236962333984,0.2658668050899105,0.6533041601954239,9.169770664918676
0.14107379564082406,0.3020012899164383,0.6676980442902365,9.291807521170444
0.08627262497921724,0.2242636251205184,0.6419877956850145,8.533337161065871
0.03158322349173765,0.3613187504759409,0.6540328573485765,9.212531536147495
-0.058716787400109514,0.3250046564081984,0.6274955548259761,8.785442811783996
0.026676787482936448,0.24318583304199518,0.5737720763636468,7.953823537475998
0.08230061223371479,0.25530340606816365,0.5432549893520817,7.645796996799977
0.06770064011159535,0.2986592113600078,0.5707026922440424,8.181590010830762
0.06092177735641891,0.31182125392871124,0.5899352578352844,8.401247832236285
0.06556870211815297,0.3062313187493922,0.5018094357011929,7.532246341717045
0.06562075784508847,0.25720601275723487,0.5038058613127439,7.285901366147001
0.04650465351345627,0.28362798231648456,0.4908933637216322,7.300208595893475
0.03226895178258246,0.33752481875226625,0.5211391155905224,7.690616141051604
0.1046491715356054,0.2826030812588586,0.5347915715142797,7.8108249190271835
0.120560414032578,0.3492962289857712,0.5794954925680319,8.627918113432896
0.08062380284699258,0.3719555926705621,0.5796115049000031,8.556126011011898
0.04803744746379208,0.37030618236933716,0.5848701110495308,8.546538736934163
0.015719963198724738,0.31169812321952634,0.6583278276376269,9.08749669565317
0.05213743944171563,0.3342060447990475,0.6753100101176085,9.288222620574947
0.10197448937990652,0.30257260805440933,0.6198535200683813,8.601051749767361
0.001817234326946942,0.3544332530650856,0.5991301547708066,8.688683585496474
-0.017926293299889748,0.40404342020460343,0.5630169283063576,8.68506548373228
-0.031117723665605154,0.33264569468394767,0.5409639991980622,7.890465952677077
0.021550432704791688,0.3035349112152535,0.559167008652874,7.856938982655441
0.006800331384279862,0.3170754666344073,0.5695754869416398,8.184741229407804
-0.024487522625828505,0.34346163126174334,0.5546044016912052,8.122992069762772
0.03258415738655983,0.34385093434160274,0.5726985070469721,8.227683412906046
0.018714510044513813,0.305797742117249,0.5865988621615403,8.361252298165583
0.0044989443873598555,0.3403354545511208,0.4744877569007088,7.272400545368694
0.14003187989736907,0.3300431877493622,0.4945874226053908,7.597358803491443
0.15280300318980847,0.23622116830497053,0.5309496619876797,7.548707430650277
0.039476802658657245,0.2942650079974954,0.5607433951809847,7.950262981861756
0.08388683051291043,0.29756157424630275,0.5570181394031308,7.825200715722744
0.1071401589136644,0.3538094170920115,0.5354657221809679,8.106902012678143
0.09715274360493072,0.402403961495537,0.5584514823740293,8.563738056792795
0.0690625726667768,0.3089810797121215,0.6225574898838244,8.57312992106043
0.014712370526357313,0.35432540207362045,0.6469112832091736,9.224918499780001
0.04353505211711814,0.3332001819853115,0.719312329728794,9.7169527212424
0.0452985604967754,0.33848061168641885,0.6555636638124959,9.113215914631395
0.0508075898092325,0.38044857167482704,0.6079970119143294,8.883921264383362
0.07711337547099112,0.38025773187767276,0.5994089907428414,8.873782106230475
0.1053475884518605,0.2792980486431725,0.5865315681464113,8.252919941211921
0.14090583279496519,0.2616555524412595,0.580148938864154,8.117180881342811
0.0961133604219413,0.2973433397207036,0.6346923887708255,8.806240035690923
0.07403495751945222,0.3157743779689394,0.5938960256161299,8.453551374090672
0.03589273893584975,0.35407419559112374,0.6633668632974423,9.42608094908733
0.06516024041568964,0.36353824502729054,0.6034142417539681,8.823073270095577
0.030444397562708836,0.3420401212204489,0.6318320947897873,8.79178826371105
-0.0730563905493546,0.30069058471478566,0.6178860584589694,8.545902543629843
-0.031974016248481126,0.32259042428130325,0.5733687007085265,8.147274619128405
0.015377367216212435,0.33005402168646425,0.5410905676816321,7.857124623865134
-0.0028821378346740754,0.30828084170852516,0.538820798796278,7.628247897448167
0.10321089827341608,0.3127157673689185,0.5890884670420093,8.386185847831456
0.0557056977220454,0.34402213226289446,0.5369730234221132,7.972653349527244
0.027808895609165503,0.2797090625046455,0.5662358671117773,7.7782419983309845
-0.06687331343347654,0.246622879058476,0.53084507354413,7.334371489971372
-0.05342596879420679,0.2342074372215292,0.5546432856649302,7.527314409859169
-0.027466337573167538,0.23239487411496315,0.5115204533020745,6.944523700674218
0.010090289577808184,0.23513414239659805,0.5563997123983508,7.399567304736072
0.049913037584229505,0.31018670460680936,0.5213449044494651,7.435920116323236
0.0652068359892242,0.26876089601030384,0.4891553276984142,7.0517027094137905
0.017497562579456793,0.2475304177923488,0.5365390709543909,7.317299619817994
0.0019968983740978282,0.28948127053005857,0.49016020337886557,7.115301208900413
0.041953470391338864,0.23251441154610125,0.5535995896844935,7.545661210330333
0.04920581567845368,0.2723664509641668,0.5936244789767899,8.145281864911219
0.022636705450022714,0.2718147833178107,0.5709588477238717,8.062982469038518
0.10612511337611999,0.246559819341271,0.6369804090953671,8.519664082476453
0.14811520800634953,0.22741011060381588,0.5470570883543493,7.625811192772688
0.07204563352003214,0.22479173370555142,0.5374020977984514,7.476714771162265
0.08816951005642866,0.23354846924109837,0.5756808610542014,7.762497016249476
0.08740025464251873,0.2714085904655073,0.4579431746526946,6.901616836155747
0.06322496868296586,0.29780487885137785,0.5417812671475317,7.739558689632843
0.13714386317797864,0.28372742884780155,0.5240745421553019,7.626602707095683
0.055102567429151504,0.26868919539226127,0.5492327713810343,7.66882251869769
0.014526015185430771,0.28035763561193355,0.5127378404690076,7.326908646773196
-0.04016890569575715,0.2835518318472545,0.5615505169488689,7.79179102410238
0.032159233579162234,0.2568208523168341,0.566185838657875,7.699499717911301
0.15039227357956955,0.2258385710267654,0.5283082827714956,7.634563205136742
0.11175184772836487,0.2366386613932757,0.5129996742783771,7.3627246775031
0.05358970289564659,0.22670050059796626,0.5043428091387175,7.056471732458234
0.03149240379807466,0.2468229396459082,0.5025245353326254,7.272839794115811
0.1044807789933791,0.30627843688057743,0.5100083640207922,7.511440829222894
0.07348117560241178,0.28563848067581427,0.4983335137732151,7.2521897585851836
-0.07712699502997777,0.27140158538773757,0.4477353866912079,6.835756121039182
7.798689539104067e-06,0.2846527627306726,0.4878154035004645,7.239006188210591
0.013468520879416052,0.26306637310332587,0.4941905602011334,7.164490589351008
0.04526430994402047,0.2722383921438127,0.453614741665974,7.01661217904026
0.08354701364452234,0.28905298605697094,0.3969622828381835,6.485779093470212
0.06141604901232213,0.2606470392359645,0.42853615712399756,6.517631565797938
0.050590525621400574,0.2573684707041507,0.42292252913788975,6.491611752857109
0.03789257999904277,0.14612579121659877,0.4457060874907728,6.224183783894018
0.0028434233968233813,0.19400971465575537,0.5370059995320264,7.150966516226407
0.00729116482331718,0.20794410262800034,0.4491198031928352,6.351969163664078
0.014704141378665197,0.22011420212665475,0.4832516900832656,6.812022935353954
0.08751004967604466,0.2497542986393901,0.4757893742469464,6.921472438960731
0.06970012114380189,0.24144078204648414,0.4621597027796572,6.968960457846952
0.017801542662498556,0.2027356000015301,0.4246741931390946,6.424771507098982
0.05357932988166544,0.20440000206640271,0.42808688916357995,6.403748591368558
0.0818930842139704,0.2325119007155644,0.4740742309526387,6.974938799760957
0.11350614866496547,0.21324165359743644,0.4475544134869807,6.7429138780113
0.14871608731015493,0.24328216815177817,0.4174314761860322,6.504886924505948
0.08848812674445297,0.28124334544636304,0.5281747393039059,7.679814866539767
0.04115131961463827,0.33869470226978005,0.4693337269645101,7.254298501731885
0.03840628551710739,0.33711637654214893,0.4624295036107137,7.15546051094557
-0.05784499133627207,0.31780114835235335,0.44189490499744355,6.980141967143012
-0.026903776993299815,0.3038089299807161,0.45637148847326625,7.069617969277506
0.006823408726289815,0.3185100521397137,0.5311014813590381,7.735056275516229
0.033469485683400184,0.3194916892728919,0.525409031452783,7.8347872858125
0.11420318487689855,0.30399175314651583,0.4610464657379487,7.126931674913321
0.09176403234004846,0.3074394205498378,0.4919002789441984,7.412840112401389
-0.0043341353739136685,0.3253287592220219,0.49284278135340154,7.527756818096484
0.06761294540392805,0.34530384840459605,0.4924263586589606,7.702604791919202
0.05069751322642509,0.2856456692700833,0.5144719387517578,7.594882559132777
0.02524960277436126,0.3036900878470174,0.5176439741916253,7.595424800096446
0.06451864867268571,0.32264027254540645,0.5057987002456501,7.592518726429919
0.09286925373260767,0.29417750466604986,0.4456414527934166,6.991331905362009
0.024005901365088875,0.2815936786795268,0.4818769341060974,7.193092149170068
0.14119782274162032,0.2843053675239306,0.5310450085215991,7.953653059062343
0.07166787234752968,0.27359052560532515,0.5052239031085934,7.469320016070306
0.0482391548177819,0.3094604346612646,0.4927507283040736,7.4760497959077625
0.013262691855695657,0.3438077451154455,0.5121491188453345,7.890937246995376
0.002527330463212009,0.3546583873761202,0.5474886994716832,8.219905920280192
0.07088159862812834,0.3105200581395939,0.487820081917172,7.362783099849192
0.03165822873480689,0.3456763800563181,0.465110619012781,7.394130460538714
0.01991519775938532,0.36528131957538434,0.4765206947433915,7.591250513353434
0.0085867815992896,0.30530883153113497,0.49067177719892535,7.266786295014177
0.021943935658909033,0.3105879772110674,0.418242146375454,6.656697547691497
0.0911555944898027,0.26284086640490906,0.4047189897108643,6.473852491534665
0.04845737562113407,0.23091409724742346,0.45972718442632593,6.604868675850442
0.006033318476142513,0.20660755517306928,0.4519250753115925,6.412343075832117
0.017445454370650808,0.20425671156832706,0.40054345371544153,6.024618988839064
0.07727879542829043,0.17553691763082133,0.47130790596365424,6.548559742073295
0.05326909710620941,0.20850551411019808,0.4719992715561002,6.842050003693669
0.03340205993887052,0.2397629036537832,0.4964094052318178,6.891908037383017
0.03223994533525281,0.3235682065794056,0.5076162695006293,7.447134827172656
0.05753672469425737,0.31213894873058445,0.5026749136726721,7.491622391235567
0.08999972118574671,0.25816869834014444,0.5097883513236638,7.116963257892475
0.12927002330095028,0.2802709851925354,0.5145943930336723,7.377432359969215
0.015642079356670027,0.2778318860233482,0.5665667219768658,7.775713290088946
0.00745860159115908,0.3054663154339329,0.573383566449235,8.04211809574575
0.04373841834977445,0.3604543159134443,0.512295093531913,7.745364455904358
-0.016702002508499486,0.32826993185658754,0.5445866039862861,7.9110340872702345
-0.05785235354239404,0.29687294886708704,0.5789876095172499,8.028652199396852
-0.005572735779881803,0.3050271508943221,0.5345976479283839,7.623913334945487
0.03935321192940282,0.27815839420367794,0.5156320800312479,7.453973899837848
0.09782697699458826,0.33593529211261497,0.5554435093935248,8.01096176695354
0.10761685691533072,0.28933921344064667,0.5617261177570158,7.8917603789522
0.0587103015981004,0.2506000406712726,0.5665090780435511,7.668787500750801
0.14342666303868054,0.22814679794068815,0.5787918681269683,7.87976494701127
0.13377475110997403,0.28451326630559476,0.5487167664589727,7.798345232530533
0.14951077204440247,0.24741029186254518,0.46424154642659576,6.807778754784369
0.16791637741016527,0.24157908236382322,0.34784336615220884,6.010060489497286
0.1504000559141064,0.304035584310977,0.3755272214344587,6.403816027119422
0.11061616360858037,0.27390947618499023,0.4551680588950397,6.78208047185146
0.025146316186796868,0.29298252803253944,0.4481934111344209,6.805940165133631
0.06860588773719811,0.23897869274389852,0.40168117624990324,6.091460965720333
0.10424876401457447,0.30023374849001894,0.4231488349855357,6.695950844731876
0.18096167774114985,0.30311520679790804,0.47331793069486133,7.410228579922807
0.12113265060946506,0.27125626108573325,0.5078909608358453,7.368968486405419
0.06928902610589426,0.2778470840481212,0.44611865851481736,6.742163946024634
0.08078131308237023,0.2708758098841902,0.4943136701688436,7.188466945684874
0.08157863579336333,0.26090784967926456,0.44180436037084175,6.570399727158661
0.12222510127041569,0.26422609815517994,0.43518540262231015,6.6893017031298845
0.12622775680277987,0.25376087147319826,0.42958791590871764,6.534554387688281
0.10082073731036921,0.26081363083932596,0.4263389719340022,6.422809532755677
0.10245037355481258,0.2874455703712076,0.41019744853099444,6.41365274173577
0.08444209661408728,0.32860208340769137,0.47442358009200525,7.356161135084016
0.07417428438815542,0.27073306864827973,0.5146467389349406,7.31212891214991
0.030609503555865177,0.2870929033755271,0.5114248728938363,7.25919283489071
-0.06850795083173308,0.2709057325107995,0.4511827165571547,6.636583582667279
-0.05292325934958663,0.2752581903993923,0.48199736567231266,6.901077081110787
-0.06553076164037606,0.20699123666341554,0.49244766401956136,6.775083898182453
-0.13482554680126835,0.20981002287442985,0.43295647938130927,6.259350860223182
-0.11392280646438155,0.24758282322196315,0.43981960213747173,6.576138458666262
-0.07084673996665733,0.23029558640894854,0.4143614293782795,6.263756030236241
-0.014125324014039325,0.20371923343328227,0.42721868770892046,6.1985168589138615
-0.08759053068567066,0.16361842697805765,0.3934170162384848,5.726336992305668
0.012929324961167795,0.2239379175154724,0.4254160375471974,6.209611436919432
0.04371168483500579,0.20625129204008574,0.5018788189118295,6.828584043362458
0.07465910426965883,0.24964717432720115,0.5290283116266614,7.383912816048204
0.051814229299438457,0.2455998104977737,0.5023524037107441,7.069842329399011
0.00358547583372981,0.29901978685322866,0.5034730830097043,7.309212351505677
-0.026987020406612935,0.3026995179566117,0.49499161922589907,7.222769860328412
-0.002956540530503007,0.33037024418188526,0.43299192404215814,6.898013991957903
-0.02495964670171733,0.24589926977237916,0.39591336505892133,5.970799072979746
-0.001878459434884848,0.31861733185451857,0.4556267011318349,6.950231056401281
0.053223018007144136,0.27767384434686354,0.4276585616283576,6.502459144736498
0.08057338168770084,0.28483444867598545,0.4467610019888123,6.780651476487452
0.08393056157038462,0.3094230652870268,0.4309586614764786,6.678405508598367
0.032249100914844654,0.2757962609275341,0.45427865546920426,6.896712702589372
-0.014158020057348475,0.279753071093551,0.39454409572933813,6.304579755688182
-0.0043786436715350305,0.29332801339261383,0.4202873892911258,6.507294319744524
0.10676229418339708,0.2426417614117967,0.4304786185973238,6.544468208453104
0.05534654985550381,0.26959873778229093,0.41613751267665033,6.2409623667070395
0.0621238843711092,0.2958771243254263,0.47044129439887167,6.8538677515091315
0.11408269201245957,0.28985065512297736,0.4835632870984221,7.1999903603336
0.09396644750154945,0.25821543803878527,0.4677588539010416,6.87582263779855
0.0928057550893714,0.2797678393332195,0.46316224283186913,6.855933513850704
0.059733003832314654,0.3022474424226316,0.46582578024491605,6.929855767524324
0.012498958653084417,0.3272650956762122,0.408281155332949,6.691019178742687
-0.019772863218320107,0.24421418086239025,0.5157208726562503,7.358311166771267
-0.01083963897570571,0.25101982773354115,0.5233383997762607,7.2396629306847515
0.04399954844429781,0.27875877509450936,0.4995716757210104,7.156220085164359
0.06291183635716717,0.279727362213517,0.5273739261415725,7.466901782360609
0.049742189254446824,0.20536482604688414,0.5458355767543415,7.271122150410438
0.10812275761637477,0.27022167634966243,0.5240231257145684,7.438856767778462
0.08146185477351552,0.2938440257685003,0.5402761329328258,7.780244856877218
0.059546006690755555,0.2719022624152875,0.4899333616478762,7.112427363389484
0.08865783835485241,0.2803816702200677,0.5513370907967317,7.704361238823121
0.06647969743267593,0.2708430352339594,0.5524408821703881,7.696315755748948
0.06876049834866901,0.2903736104161207,0.6116505394634754,8.58655120398025
0.027346083377121994,0.27800227899662633,0.5660109102434973,7.848609354861553
0.05680296843431754,0.2020101170704304,0.49497807324776094,6.751059641587316
-0.010771021794598207,0.231111835667342,0.4832642706315056,6.6558662765026995
0.06685826919346098,0.2321221974508594,0.44197284107979423,6.4558943514041935
0.06163008946860696,0.2328124374358793,0.4483471866282784,6.631554219769982
0.08792373055020865,0.20085566680904954,0.5232310552559362,7.251901167253846
0.0929999512521809,0.2187909403433456,0.4071909539450684,6.064318385903458
0.07068906054950774,0.24880646931902226,0.4766061040570534,6.7901595904349525
0.10174696989398302,0.20606527966028562,0.4656207056165076,6.42691995414884
0.06137139614362011,0.19977298266159543,0.4234946631196169,6.108181626060949
0.15661058456581034,0.20855370234363454,0.41055012379539096,6.287230161910601
0.12262900524321016,0.15832275465287612,0.4050709965248899,5.954526900345567
0.017298533565385323,0.17788626320098122,0.4524304175342213,6.2628842766473625
0.034714547973284667,0.21204926330602267,0.45417269211578953,6.359741809912171
0.06925516683807531,0.25133105817830675,0.4778350785575161,6.945958602879373
0.031140992376416505,0.2902547660767628,0.4237270988054955,6.541086271082071
0.05912674017591053,0.3268071956813834,0.4131447954675834,6.769444426972683
0.03938181697575509,0.2563312883566152,0.433808593373236,6.43204268277711
0.08364183410581028,0.2820076564991742,0.47507057260918356,7.086834014643977
0.10714626725511446,0.22842748494561704,0.4428830629228096,6.428644126321534
0.06102008441000507,0.21246247313105726,0.4982014621372591,6.877840448307431
0.07975287054410225,0.22494595794775335,0.4234118751279406,6.530371184268049
0.0277315262978797,0.21762767395348245,0.4622172045607935,6.566545642889539
0.015206213588031826,0.27515965238224793,0.43105002503010936,6.34364031328859
0.04236172794052317,0.278388994924129,0.44884723590930614,6.7523381040671735
0.04948567730729012,0.2604017396620169,0.45180208141736106,6.648513865380664
0.06517199971451873,0.28777011506379724,0.3933557658595433,6.374505392066647
0.06320648705580754,0.22121451608100826,0.3198637928752552,5.461941276416273
-0.01705281900818983,0.24090980003858323,0.34428496126230196,5.621519640356667
0.010177160470208403,0.28269663171474557,0.3653003396777803,6.148287978034945
0.009978648485154331,0.25793447628616484,0.3991796337887576,6.2424190085993
0.02438286612699497,0.2724721788398397,0.38428929635640907,6.134637875418918
0.013112936190872922,0.26743693453022055,0.4050857824791612,6.433956800115774
0.09497443374030404,0.18527235232995679,0.337105425020361,5.3914057363764565
0.06905004816494938,0.1770460786095819,0.47969963712825153,6.788183009672723
0.08840205156157692,0.19398909155444996,0.46378391144478204,6.617925476598381
0.07314890648205183,0.18618382461075528,0.41437464708312,6.237769439669675
0.03217955313979343,0.20024529294094348,0.37200060833251053,5.7061021210059675
0.027724547404020337,0.24759660019728735,0.37582722400833907,5.903377790698207
0.07737048334851893,0.2750915758796329,0.41188662792914493,6.421315436249606
0.07194266222825733,0.27505899157076896,0.37299087343678977,5.903487296780807
0.11018414343402294,0.28979550955969435,0.41328371788936025,6.495251576086912
0.09332364252019865,0.2885407238013394,0.4728985449497225,6.917515153098365
0.1105754473271987,0.23255351082281128,0.4505305459676909,6.5607657053493575
0.08505364299419069,0.22207970936316324,0.43029035730230486,6.512643635704046
0.05998099120646601,0.2453794925467289,0.40784039332797944,6.259908384167008
0.023348086414083032,0.28755828563076125,0.40648642666494617,6.302780337674562
0.010565666620556654,0.3035574397616818,0.4498349145148705,6.736743240646801
0.057495847309833155,0.2869759685453548,0.496552634128693,7.239345925137136
0.00974475841572209,0.24892350895876086,0.5162747730765984,7.094433899451253
-0.014640077149815578,0.2809958646770258,0.4394527224921471,6.515903383116119
0.0146726713757695,0.2749599287386532,0.480691291612025,6.9099839121247575
-0.0007379585284935205,0.31842317955499544,0.5157160749144534,7.383138226949214
0.023962492198126416,0.2514109863585544,0.492265509157858,6.913344057596536
0.0713500823542731,0.26955177185616275,0.4666796082913066,6.884279485218367
0.04676061489494084,0.219000899206552,0.4995227775196725,6.869289672295718
-0.015222288703653723,0.20058417579637328,0.552378410950875,7.3694742332522205
-0.019463187843935706,0.25116867127193787,0.5436312189570686,7.455840888441501
-0.05471729089092241,0.24534013319741801,0.4936552439434815,6.932784095135568
-0.0959088410449307,0.27571521517382275,0.490787431408131,7.100599413750989
-0.02128076659836728,0.2971359674174776,0.5827140837519579,7.965215187846777
0.02973075811012998,0.2784369287047863,0.6144160879965154,8.228504599052593
0.008086511431410358,0.2510509074599669,0.5324972015864269,7.4286615800538405
0.06566833372932272,0.20891335644745498,0.5147380531638124,7.063920826332814
0.039523564668990895,0.1995794690564793,0.5619012779328235,7.4375271680154444
0.08589259488501881,0.21526718746701182,0.5180863358338246,7.0974774588356135
0.05664111718928276,0.2979184928124602,0.5000739808533006,7.301509414205288
0.0783200403961309,0.3275277012364693,0.4755546876369743,7.113802891804078
-0.0032402703219669006,0.3042623498761257,0.44171262364326636,6.6429071772444575
0.02391386796068541,0.32289757572536537,0.3630173195496059,6.124482061758041
-0.022677023422120003,0.31474197981411967,0.3753781942249157,5.93658808960792
0.04546447704430984,0.3152939488043637,0.4239650611395878,6.436445360574183
-0.006855340612983815,0.2781923555237409,0.4689530345613737,6.712107941853409
0.003283596181112722,0.20238342509025203,0.4874594067950912,6.613802697253004
0.059670490933929246,0.23732525494418555,0.5101115615603353,6.987460479682544
0.04535351668416222,0.22148285158863984,0.5200428223417162,7.013471268110532
0.009439330484444577,0.27017704387685326,0.5263256925687568,7.244098684503911
0.06313234176921553,0.19432280831336288,0.5108432267627,6.842757584251724
0.07787491320715442,0.2594171037012847,0.5314584734796124,7.321993425144452
0.068232682720056,0.2798987226387002,0.45315136405622286,6.736232683139822
0.05219368245166665,0.23354859754395965,0.500535132426217,6.82663762164061
0.08971521224851159,0.2320627484358653,0.5192743437398961,7.162294581462327
0.043686687012426326,0.28257837977387557,0.5350334486729901,7.484976939365188
0.0520783719836995,0.2814414092065616,0.5206998778789922,7.2768011300236095
0.012838104912272991,0.28125271878092745,0.5797375922222423,7.76422115334484
-0.03902262411725077,0.35562756122854844,0.5216191581350337,7.720352608860022
-0.004571631288508854,0.3464232079569038,0.5555780419145729,7.98823000345026
-0.005268536249426705,0.3397964136105563,0.5917314017017575,8.160251856455897
-0.04070340388633469,0.2907749339584187,0.5766571709697181,8.022871395694233
0.030140913066377038,0.3194197300455422,0.5723110074600486,8.210351461480657
-0.017776610759918408,0.2995409778701009,0.5687190788630754,7.935142859048345
-0.006034776077687705,0.32693231487509056,0.5355752635522454,7.774009860253364
-0.05986938847538541,0.33943305122903605,0.4971759487542533,7.340671198358231
-0.09407793440158616,0.34237758755707276,0.5611202541588542,8.018141080674635
-0.10871333949122039,0.3099194581885836,0.4388053535972435,6.781007502160004
-0.06947929809391006,0.24710229624239,0.466271971524507,6.722438558008328
0.030446934749266307,0.27985359049794056,0.42150246316845086,6.313602475916872
0.048614452256413226,0.296131482116767,0.46622242249649387,6.840828210516449
0.020384189284515058,0.29157004377638396,0.5100658374673782,7.335248475878449
0.045506595825434905,0.28010953724912374,0.5306852980558734,7.412701129450851
0.026859159294781356,0.3315012672206128,0.5575337448778049,7.939107933955573
0.06582996925829157,0.33379281058944105,0.5474015366307463,7.888422641423308
0.07466347111233654,0.287892044556229,0.5610647791296861,7.754320903547577
0.03312092331051994,0.295140148202642,0.5437391597159786,7.573445906799732
0.04493454676186895,0.32664106762078904,0.5581060619283607,8.00326182011554
-0.021830039651506053,0.28099667027670294,0.5484655226117453,7.529455381631024
-0.03200423492520859,0.27185118704339967,0.48790754321363683,6.830715502560894
-0.07897340720972165,0.21530025831292135,0.39801411290397604,5.882525250586288
-0.006111842710947108,0.2956821999201916,0.4452211840902244,6.578347286942706
-0.04829542801261758,0.23255233035430264,0.46922971007977266,6.588045582767281
0.007050524398769733,0.20144198278418882,0.4532518754728766,6.234955605669427
0.033391179210469066,0.23638461925217086,0.4470121962744695,6.352472890845972
0.10415262495139152,0.2316872178425465,0.41175894957682235,6.135346611068937
0.0649324595342505,0.19603266142195772,0.45724689633789134,6.3575294801215705
0.08002734431957237,0.25665786617508896,0.46435642284603174,6.645586676965303
0.13016742030176257,0.2538041041480934,0.48504568178720925,6.943135411170801
0.0460123102304981,0.17385709198892565,0.4839108348598591,6.723774500467709
0.054181883840473004,0.18493610083353668,0.4428628321317154,6.392218483201325
0.07873947277709284,0.10615387562990307,0.4691616897662812,6.395080487603714
0.12359154710160665,0.12112411182516095,0.47949399245034036,6.449914772278186
0.14585317901387831,0.22843404017742394,0.4792126396715831,6.917934565461819
0.0742066099418786,0.17399610725948872,0.4687843195812787,6.612459581800585
0.1261384842847675,0.19750601423348751,0.48966095849681024,6.786432241576307
0.11981434531171592,0.22426333506928667,0.5474622039001799,7.655478996540726
0.12350101450802048,0.24317476640250688,0.5771423482877742,8.099243158843974
0.032520449874237044,0.2846539698228043,0.5006674391389102,7.142654037196216
0.03374745026532495,0.2536015311119507,0.5053461599277677,7.054799784472023
0.0797303302515414,0.2738951656812777,0.45256374435412094,6.784075112698352
0.09099632208422273,0.24990051957866707,0.49666115148520606,7.067458911431603
0.01594906060452409,0.2300743647504683,0.5095194580721254,6.948873302768372
-0.015857593054234884,0.1868121881935579,0.5500723838883124,7.304008460688314
0.0016474318533087199,0.24607722191095202,0.5090918059069873,7.191524744751027
-0.03870553500974043,0.22839353582096794,0.4991906432944123,6.814229216836391
0.06838013880030637,0.2753702987015894,0.5278133654413457,7.550547220952194
0.04945975894993152,0.29158895784307515,0.5616759199108445,7.6874467930662
-0.0035854694096857515,0.2790101679388848,0.4586790315243551,6.811864305832502
-0.04132289826802286,0.28868231907432573,0.4970142242317636,7.177714923657804
-0.09648789856389149,0.3316103306409933,0.4466139997043037,6.991696781807118
0.02658015347216875,0.2979498322344711,0.415417919188343,6.560337497348572
-0.03712401812805977,0.28191594987343205,0.42308668247641357,6.489015602731649
0.0022034356656581945,0.24458261975893786,0.44292543909180343,6.425268144581042
0.0014794299607979958,0.2266818786203064,0.4158746702113989,6.061518870525872
-0.021859104793592894,0.22973879437066658,0.4827382060700214,6.77888792553465
-0.07529913946225388,0.21374549841629367,0.4251251962557051,6.205049300567123
-0.005029950314310986,0.23237720420361752,0.490981735365103,6.670640281630198
0.025962813732485046,0.2092821577192021,0.4726192789770205,6.607421934765294
0.027585782645653804,0.23122780620091976,0.4732974125001905,6.631049143730722
-0.013407082891293628,0.2580869367522418,0.45904729774407044,6.5926083608829025
-0.03820302767776285,0.27892161917487346,0.4170092547231355,6.2698155481071165
-0.05997516702512803,0.25381178324815873,0.4161868551741879,6.190449457961321
-0.013842262037107958,0.2575838479674076,0.4039638647222593,6.207816733354852
0.04906990080019337,0.250856987601679,0.4576004224808042,6.467345419148609
0.01368574987580273,0.2200273496594118,0.488632275793402,6.7927619591859685
-0.024879737318415113,0.21255318415760693,0.5290591022537193,7.023127367677769
0.041513492349782716,0.24686353228383143,0.3978775319096884,5.921000982381375
0.05999218048928793,0.23685899364952498,0.37706208698872323,5.614210306987106
0.047675063134544414,0.2020328766346963,0.3505730437156798,5.269601872240467
0.045153342552324054,0.20246890011308075,0.4186901261607692,5.957517345071752
0.011356487948640194,0.1853414658537401,0.4662458424556818,6.250161705363643
0.047112056114980864,0.14675348164927202,0.47485441578351173,6.244459133132083
0.053193881173241274,0.19378720190074925,0.4793901116946187,6.483222763618649
0.070050129846503,0.22307318953469812,0.45051343142152067,6.433653105703798
0.05356997420252063,0.17777240765339794,0.44265483716680726,6.081993980169161
0.0765557988661572,0.1551383390397205,0.46350864420900323,6.557342646354786
0.021193557336615643,0.17786501885797992,0.43088410913861774,6.008547403252243
0.10625422021810592,0.15005191633817705,0.4269079314796249,6.15827079396181
0.086507848748846,0.15017246573496038,0.39596535334790606,5.671927565952492
0.06795676095187174,0.12263754789620025,0.3386983647281098,4.815537419451762
0.08222912835663838,0.09871119963371619,0.36464780134687486,5.007768403806512
0.0681953181439927,0.08366951310613785,0.35196203509153484,4.822859718689495
0.09802854005339792,0.05221787210306353,0.36720176343875705,5.146820793395829
0.20731290690627763,0.07775183977050275,0.3746386010754494,5.656603925988468
0.1292901070999677,0.01964404819787634,0.37065778476204214,5.292718840928773
0.1444356383011311,0.025139445571162985,0.36719905735529956,5.269526031935899
0.12298626501132749,0.03352107980026161,0.4215555284146963,5.74537806605405
0.1052406128154708,0.03363734124513405,0.42508851380696416,5.603412875357171
0.030477448821706547,0.028072253823279835,0.40976856649898347,5.583140936621529
0.09025453974201281,0.05476391782867346,0.33817792294357174,4.848246355811908
0.18708914100220855,0.12178221818577567,0.39961852975056805,5.844464935183921
0.16195775347442382,0.07056630627871578,0.37890821063538516,5.5153013175565935
0.1395829437388731,0.06102586687366631,0.4014429274586636,5.640559906028987
0.06682972064091422,0.0578716623080693,0.33725045511791524,4.803888684266405
-0.04249515641408798,0.08975740712984669,0.33228788966433404,4.622728657195964
-0.015402275745482936,0.12414602970900647,0.326551018607737,4.735995897362683
-0.004775203509490983,0.06988123015942758,0.30097263706963484,4.2462096873995225
0.04176009140134948,0.012375323561325901,0.3355935179108417,4.774998300321378
0.03965017791659933,0.05980716284154432,0.3800442987441076,5.1653736231753244
-0.017082109690165503,0.06536542998259284,0.3476220531015025,4.853744503559438
0.018623158417314177,0.12459752192085581,0.32852543326499856,4.812798092817562
0.006323221183792762,0.13204457967612265,0.32228303697861155,4.912072937718981
0.07230526681688233,0.15000337535030794,0.2913200644412715,4.6946898402670305
0.07464736104671353,0.18238304144883824,0.2953110657725314,4.801463212752133
-0.015648307894816398,0.11083136814435761,0.35752441456697853,4.9596502174827
0.03826101696802971,0.12379983431998771,0.3039042110840636,4.541698216681402
0.05392386023422981,0.13503474452857397,0.2892148512474561,4.809585703728802
-0.012959300514893017,0.1424289054627337,0.28075583386274827,4.580549697360417
-0.006862672862157934,0.18863955692386303,0.3073577439349412,4.879400590682445
0.02421308043213898,0.18847265292124046,0.32562647295889385,5.0541884613873505
-0.000860486353919618,0.2106909037455889,0.3132777557557715,5.007495211075976
-0.008742969601707354,0.1523438754107534,0.4123882043155121,5.722337645502287
0.016904710748124243,0.15693202180018473,0.47207079821017567,6.387794176361471
0.06488362232869004,0.2042718466163251,0.4553482228832813,6.395097668297394
0.008426472647009185,0.2080949930025994,0.44505638847485424,6.345245025309365
-0.00859028804070712,0.27420122149447856,0.4691345769172928,6.9044908027120355
-0.07572189450258197,0.2364453904098947,0.4797389797481591,6.82624609514645
-0.05922756518685615,0.3045709039843259,0.39864000464107807,6.33337150764537
-0.07347249512844888,0.28978424581352563,0.3297917916419539,5.9792232034277095
-0.032826495353896944,0.30852680911794267,0.34692766126989943,5.996063443203282
-0.040951552903705994,0.28833848231352543,0.37911898769025537,6.10939689924701
0.0193110958576131,0.2657218265993525,0.35596687363582985,5.736509030668782
0.019401432913042863,0.24011811214083123,0.34607043983550867,5.573035464769773
-0.003960225443350786,0.299229726369033,0.36333683529470956,5.950077357419595
0.04044203607102592,0.24545900744033272,0.3455966174099747,5.442747000748697
0.05486129505947809,0.21326359411316476,0.3680274899532836,5.663078670232983
0.1133619660100875,0.21643325521358361,0.3464423266641851,5.488908894022672
0.12083163174356464,0.13585506846826131,0.2866932504420022,4.577812947955466
0.15659675331067588,0.16320590043734232,0.24271430697487037,4.620382585984513
0.14288537495569142,0.10212367397473947,0.24084301671983563,4.193780201005573
0.07351637308936408,0.13853220874799793,0.32467285271236684,4.792519660475379
0.13324780886454782,0.09527629487223406,0.3097512541401892,4.638130420051475
0.15494992716602943,0.15619265924978895,0.2733372680220264,4.804324645697234
0.1680583365968554,0.15261715219146288,0.29286966982078466,4.903165635081326
0.10941057108334165,0.13179628779919222,0.30066323921228455,4.730161180975405
0.10190767276446737,0.12363139027414762,0.27625093794060485,4.4627463902310955
0.03280836302334932,0.174850117920739,0.3342491942703898,4.919206783666935
0.09792369951468716,0.1475590824277053,0.37243265122366753,5.200546594050243
0.16319898811136885,0.162515060037326,0.3077782276894865,5.065805492691408
0.182395943142786,0.17383880112360145,0.38005830637350774,5.779660547463601
0.15540855286292377,0.1550850992019155,0.37077731915980755,5.511663960908566
0.15345047779070514,0.16260348902301233,0.366121812968212,5.491851332498506
0.12987813581180954,0.19118692112357452,0.3716170647480825,5.468134701816117
0.09835407340806776,0.19889651019777613,0.36096740585093634,5.275715397820166
0.11633471617854381,0.1418002993461904,0.3846981601593862,5.521525021697487
0.07536494352153025,0.1138478740736911,0.3415863534419618,4.781686502077875
0.06970199255907418,0.08364645818589989,0.3670451051667418,5.107276410255808
0.11091064973213323,0.06449968843681486,0.38404165054679806,5.343120379072021
0.12326224983736245,0.09607948088112962,0.3167076001170506,4.757636281255453
0.14330672197633684,0.07712027681447971,0.30744783633213113,4.566051501279768
0.10495280602310605,0.10274215698805216,0.282114317207216,4.243958204721033
0.15458106950188624,0.06450986220343091,0.3128010423930619,4.570945135108225
0.12324479038387148,0.1165109323452604,0.35198986421346135,5.256181307281471
0.07653244445547011,0.07471170621778668,0.3797885786018512,5.072576976329406
0.1374055915851302,0.0906136439858201,0.362199255512204,5.169664278329004
0.1680521363798812,0.1430179711727516,0.3736632100924467,5.611995695378414
0.17158069806579201,0.1301044394312561,0.4415885704388536,6.1062291599324015
0.1704526642915947,0.22175893246334544,0.40495537085962957,6.173213593283826
0.12624492315942243,0.1590937941715762,0.475980103856884,6.499965643035007
0.11018295245869103,0.15101852047097974,0.4643105677014891,6.360410858636854
0.09936614934072766,0.21802822247443085,0.4397755407367607,6.422169516239047
0.050194985866617206,0.1862880308367015,0.47928335665970095,6.540185751090925
0.08249889299412544,0.17308496376573948,0.3639051967094773,5.344084872206126
0.09633196890105264,0.16212209891040047,0.42422065009007315,5.758617432991455
0.07328235190718387,0.2570078448217093,0.2906676703741103,5.2438230446225225
0.0825876204369684,0.25629136161662375,0.324091650736817,5.495586181598412
0.12734373747427744,0.2094995385534106,0.3412842567599254,5.431502216159418
0.09328855059565874,0.2359430218225821,0.31426387337218575,5.2724842492967525
0.10336933830202381,0.26012772539785983,0.3160198644942619,5.5053679111154405
0.06854784770775965,0.25027531163317257,0.3789193220604142,5.963796613016774
0.04208941309370345,0.28067259900710967,0.3094901960928823,5.441918301974465
0.03411497922281044,0.3449877574563013,0.34956362765281546,6.266047912998481
0.07693842246337858,0.33227107794440564,0.4205071985238847,6.864795831649143
0.10055473559274748,0.2672489770038258,0.33097252666982085,5.69377133468341
0.10089999385934285,0.23826851543836178,0.3437950269971759,5.631995451116368
0.04511875590198475,0.25827228541172115,0.3940146283012249,6.2702454065356665
0.05176548607618244,0.23080247170014506,0.3965391495386159,5.933593874736357
0.09988560687300976,0.2778343713441013,0.3748782926215362,6.007843569870778
0.10187024650075299,0.2609910103150182,0.3623507282511863,5.7567131311757915
0.1456300162419803,0.2665487837498394,0.41052168856734544,6.378367060808115
0.15795664981790733,0.23796803112273554,0.33823468661309797,5.9525633444952
0.18161216158438884,0.16522748341991386,0.3787183821711717,5.8363057537091585
0.145601338580909,0.15087227892198196,0.34121812107851235,5.243396244039049
0.16957893862821338,0.15188860511805316,0.38223893621564137,5.723866781675963
0.10095304480285366,0.14019707126954623,0.3734564605579602,5.500154101472356
0.16128018351424972,0.17341319770425911,0.37771319195431574,5.665698519398872
0.15716392498495063,0.15598711309372126,0.38459181269523723,5.716143765849714
0.09288390027465919,0.14230714409742296,0.4177473271373146,5.831641019906828
0.09935045942511733,0.19092838840619897,0.4046652253846831,5.957428936056686
0.07212671651719874,0.1368529147870024,0.41782699846359567,5.754803299347768
0.1661544624645645,0.11999232638308696,0.3460343753650404,5.492118533182568
0.10260760255099688,0.08353221638818577,0.36666294998913623,5.157775815404875
0.11564749860689925,0.11161816131640352,0.3920625252240192,5.551238313319422
0.08869113182836234,0.1004226732451122,0.36861110149299037,5.350553575290648
0.02979575527294119,0.12381000353573525,0.3958769808224805,5.635197180858021
0.06889499419472168,0.09529996479377016,0.41327723329339344,5.974493938461562
0.09226679119213867,0.06928388084366371,0.4396947538600723,5.8840841237089805
-0.02696112377611451,0.08880062655657647,0.3990444665146763,5.4656503656544055
0.07228750984910226,0.07172433479340246,0.3864237708126073,5.26763245879618
-0.003485325766656245,0.031028611378382535,0.45571541616584144,5.913273242935441
0.0472255062078881,0.10439335015508842,0.4094141029423394,5.547932347901059
0.0021191113545747584,0.07970704051608639,0.4051364475582137,5.525952336156714
0.05601029984232074,0.07773361317099008,0.4115586842358026,5.821720434744081
0.11160655606791654,0.06042893271940217,0.42165118831926207,5.839357673314018
0.11594924676475428,0.10854151258676589,0.34880555267792435,5.355121374666204
0.15320230369341498,0.07500701096448117,0.4215672940443667,5.950839768362718
0.2012943550683157,0.10109040708979491,0.43824409191693464,6.336196682359847
0.037276546662322385,0.16049737850240228,0.36376095012202575,5.495570427439286
0.022085580250297093,0.14920651197650794,0.40753333886823384,5.63824466801798
0.07883594566591165,0.16267916540079091,0.3350466305746824,5.070105854758067
0.02959774103209576,0.17641209392967952,0.3234335153879691,5.050153532289699
0.12273974849722694,0.13012964888815068,0.4325137956539607,6.0454125326198715
0.12211276489686687,0.20395207982821723,0.4113148883364274,5.90604721103063
0.14809949226108132,0.22613143280181627,0.35700355560590047,5.782851804433293
0.1033204131174911,0.1889501419912037,0.3647332576167276,5.59423824256066
0.1583475101039513,0.15375426914092108,0.39110381313207104,5.845600781362749
0.189469976801896,0.15925071993271075,0.35382911146247303,5.587368964125647
0.013144324803972153,0.16280482436042326,0.39671457514912184,5.682699980973591
0.06161230026327802,0.09753992732117255,0.32758530478290804,4.680405430660237
0.05584509878886749,0.0840391987146507,0.3024278578160265,4.451260136943585
0.17392871009122068,0.04893908062264577,0.3169701740234398,4.827419541119224
0.1152328000320961,0.11941858724655204,0.27015062358007597,4.614646689271955
0.14682961915708057,0.16608005611394894,0.28334444734494113,4.8284535732234914
0.16305338177254064,0.10732414698240539,0.2719550426738431,4.701522152887973
0.1642777922164022,0.08577797559487839,0.31048078248354327,4.767889901050402
0.11325732535683027,0.18038534572631615,0.34807812859701454,5.3521248969708175
0.11290068515496009,0.12206227065727795,0.36389363369357536,5.433438286372175
0.05237782149095686,0.05937262288745785,0.34002223853625657,4.6876683830702
0.11601058225461823,0.06064105826194742,0.33003329694961325,4.901352341297619
0.10520468505579914,0.12552199843952408,0.3300084901106222,5.001070347606743
0.1075624307088139,0.1319940766693001,0.4244220355258876,5.927510260258671
0.13241686820497142,0.1448744259308094,0.3988406729727643,5.877110232996403
0.10193672568502693,0.11251828270916173,0.4206049955183635,5.811811216848721
0.20471030633378903,0.15855092849927066,0.40372509586616856,6.179638675571478
0.2024092182382232,0.1356601322112469,0.4064394961805173,5.827056875705083
0.1848026656040287,0.17971057238628788,0.41765613423169945,6.181764050324576
0.17915360669066896,0.17403621491818222,0.4052558805747012,6.126004101895201
0.1799362507369016,0.18362169221819605,0.4456762280710509,6.55658884866315
0.18028004539552608,0.14512008371270055,0.46230605668223573,6.564736638390944
0.20786840696689998,0.0892500134761958,0.4549665263453322,6.471767604832435
0.20640816847440932,0.08285192559586686,0.47920019307023826,6.672536623007731
0.1852067564772302,0.08484080668102105,0.5237651731641838,7.160473843282619
0.14577749047052604,0.1558788905898822,0.5298645405043182,7.233196263460409
0.13048375059973344,0.05768615330547587,0.5801120286933048,7.383466883421217
0.27099623532044387,0.11082335092212825,0.4870765522864851,7.166530503950463
0.20887338830913452,0.06560115688363852,0.5083058349942747,7.00750056749344
0.1344338474343617,0.11289043715493775,0.5920959013844233,7.815196551793428
0.10859018444449549,0.11022849838298356,0.563396504736328,7.307255129596036
0.07650658409687938,0.15464029296775547,0.5441320862250643,7.131768386108243
0.07457083817091534,0.17095425990383994,0.5441398427280564,7.273818964761912
0.1581027657639145,0.102187017910235,0.5187549769488722,7.0111135278315295
0.130593585505762,0.08170238498155959,0.5041800155964262,6.7664220559021455
0.14904363014479305,0.05880254689441676,0.4408979301456514,5.96728183272765
0.21137505332587198,0.05754551255106895,0.48450167045897596,6.58651141607679
0.22217203942179098,0.08564710716025424,0.5296350473348352,7.437530329238222
0.2027223433194043,0.0716294099010862,0.5193947606944738,7.124463153770285
0.13231012746249005,0.0750655562669874,0.5251821051076159,6.916742823796508
0.08709883366322484,0.10130593923955004,0.5199699780860301,6.919038205392676
0.10111024995410345,0.12594257220494484,0.5156378481550733,6.89504524369901
0.1268239622013585,0.16804339412944658,0.5324060393614924,7.17903151160857
0.08931475335799653,0.12519829886703132,0.4743601109011662,6.499421398439466
0.12934455360440988,0.10238853283850236,0.525427374915599,6.980876957102792
0.1584866800550699,0.11790156187337117,0.518096526146067,7.0397811378666955
0.16978686779151264,0.14495296689471904,0.5091851206760244,7.211680325174142
0.09657171774878182,0.13591524265812532,0.4646675274733883,6.521761679902781
0.10878471229465528,0.14994445611413784,0.48296796531105984,6.641698920269128
0.07928845714866112,0.11059296106470434,0.49184102791767315,6.795178280358304
0.12318675197373018,0.09483630677184844,0.48032893114764935,6.651848373729857
0.10117344579064166,0.06124539358331252,0.45758554459052525,6.2196422395783095
0.10084420001145084,0.04935666969008304,0.46072509098949854,6.156717941643056
0.09690794820269522,0.07162361954879609,0.49008220099142347,6.455885784100416
0.07807626906507509,0.05520723694820066,0.48725344941429927,6.40012383813903
0.1388831494954237,0.030334378203641075,0.4806430199124952,6.388299617134501
0.18391772811394141,0.024920649639320416,0.5002337867312527,6.716108261358392
0.1487317358810023,0.08065523017941657,0.4582591390285916,6.229049756876033
0.136004462748686,0.02785806704185501,0.504659069285481,6.747607791361471
0.08820650839325929,0.06175144683868355,0.4794594365506108,6.395576228488077
0.11462308269223866,0.029413365988315107,0.5049952128987157,6.58633764011434
0.11705063775056726,0.10905912165840806,0.47153351500048835,6.409663811083869
0.15388126139691205,0.12908624202023597,0.5070648774037351,6.839816561849508
0.20562790229052136,0.09254634656737357,0.45852070564163205,6.542972149684855
0.12619474246590653,0.10395762808072076,0.5090698254564903,6.791922514860052
0.14917303874680723,0.06766849864001748,0.5784257234889527,7.417084924348198
0.20248197258712175,0.04908698509577568,0.4638826250225388,6.539854882045659
0.17611710773715294,0.005407059292030121,0.49642060267340565,6.849270143857453
0.17233241127434273,0.04895432470542412,0.47609843998396906,6.630898000599373
0.1613652861107813,0.05802740957630985,0.5292734579983442,7.102604772078545
0.12527765551185394,0.03906384745455293,0.5323252613152915,7.001221898961973
0.12310704055505292,0.07808188734555147,0.5572457029005476,7.256154051041589
0.10686650512847296,0.0597807196638337,0.5378355727429501,7.098418736194922
0.11015168589469226,0.05005030606699165,0.5314073081235742,6.898334716665349
0.0887316478553556,0.11497184806095391,0.5390796514578684,7.10846681583602
0.09421925965642536,0.12692486756626617,0.5832036361093353,7.661318935891121
0.17410445558481746,0.1617387708161017,0.595765073762207,8.07646559206507
0.18162997602326775,0.1242660335724118,0.5347782202405738,7.34073835108163
0.18792329505491182,0.1806942191229303,0.5535559857311965,7.750553439000528
0.20360909345803935,0.11718331755506241,0.5720346162581176,7.7964153183217615
0.22546187309102986,0.1623609467370869,0.5402329122351521,7.767798081222286
0.15751937431496277,0.14824180274927112,0.6015657935978433,8.133863622301115
0.21001488304718094,0.1475698151191329,0.5939098730772182,8.075655040347847
0.2061241709173319,0.176722874487328,0.5169353046589824,7.537072123520683
0.15305751488408365,0.17187865066605992,0.49392587501748686,7.112013987042931
0.18530074273455666,0.09094194635758703,0.4422468317613427,6.2691328969935745
0.17222908297903114,0.06821379580162149,0.43295908741926437,6.1618815503778315
0.13714758768888627,0.07573649424779044,0.39297449771974546,5.549286474662862
0.04142275674901835,0.07397374071367113,0.35534806112633816,4.947194110617689
0.019822912304505818,0.132986069613275,0.3906737633299608,5.746062477257261
0.16549354150468,0.1362740417241946,0.4250617414021602,6.209767107618814
0.23344707540329218,0.11006460502985645,0.4925961117637422,7.085874396547702
0.2161938795527604,0.07213574334893362,0.4526844878213624,6.601559750523283
0.13656512683318983,0.1162943014872718,0.5105410081087285,6.906742318320699
0.0647380866911322,0.030792928212427788,0.4766845753084011,6.41992892403373
0.06591536502456449,0.01186368819738003,0.518583407562333,6.741622409445629
0.1168689208603408,0.02156580476867989,0.4908370710480935,6.549296141492136
0.14319679630499463,0.033548998662772354,0.48605150328362895,6.5833418300844135
0.14401381202340577,0.07926327211740271,0.4700527246906172,6.344807621682095
0.14726156227385628,0.10601919703189013,0.508890951611695,6.951868916620497
0.12241313204206587,0.08685252529487912,0.44097863553922745,6.097094626501077
0.06246342376849915,0.05449779136320435,0.46752406451638256,6.221436845358028
0.11534805263003167,0.05290273395310479,0.45931258018525933,6.14575100650119
0.11392279030099503,0.03576746671402538,0.44498402309507995,6.011379679308304
0.07236046046664282,0.09497339825596278,0.40827674226033317,5.6884240743556775
0.02529355782966695,0.12290878812937346,0.3973041418925356,5.49167818310362
0.055540740290298915,0.12287723891079975,0.3931699405536051,5.5661158593023465
0.045239028520646214,0.07850494790436269,0.45458163770868987,5.950507797035003
0.005953719597578064,0.13246268801481245,0.4283618841285826,5.844397592607058
0.02110430678693856,0.097278680222491,0.36383763388267615,5.28533766943488
0.0059195643702737106,0.11445384088741269,0.37615466024291067,5.226524919907862
0.04748812361950482,0.11335359942434044,0.38112722294612755,5.456304361545325
0.04515082713549149,0.11296644045085533,0.3957450090406458,5.628712428105369
-0.039516253651533106,0.13385415894813302,0.33493993035084524,5.182376779319037
0.046374527537744445,0.08093712732884753,0.3507339366981184,5.083402509056912
0.07278978188899836,0.06672880308982153,0.4031171135500986,5.651629633085211
0.027901236085684396,0.1055176994597424,0.43632816611649067,5.9266290996038
0.05813423740756022,0.04720940119242591,0.42161698417765925,5.603408915625311
0.0357336051391344,0.0798239734914068,0.40313208329165834,5.462407973226268
0.0028554069994322167,0.10731525691777814,0.37674496487620385,5.122364323028182
0.04718989909295061,0.11108296915935674,0.33750489179940035,4.8864408523045055
0.05259625807995564,0.053142741712658134,0.351562545686898,4.87610171237864
0.06354749074363454,0.06485365935999815,0.31669958523053443,4.556904360169199
0.10170848609078938,0.07660283269694097,0.38745220447303597,5.27441715336299
0.06104262255212747,0.06256305917729964,0.3704616311028201,4.95494848956153
0.07083278847127233,0.06451604812065527,0.37901142730017345,5.1271703667312645
0.06529963140682724,0.06831965165369963,0.4016970407121058,5.2835204781443785
0.06850112752870131,0.08646744415515892,0.38331202262663133,5.236530721131702
0.023743949865553535,0.056481763077827374,0.3914271748842389,5.3136623583647875
0.05939934911245418,0.07253816403952536,0.3870247128884275,5.170222321777038
0.06524499738835036,0.07510035176833564,0.3992654000441985,5.403337505991837
0.019297167081452456,0.11045117830172733,0.3593045356057443,5.2991956510078575
0.08377495834543217,0.04857997864293113,0.44448662389873617,5.865507913487554
0.012046156902721816,0.06425667261880286,0.4779575158028825,6.337894041015783
0.045300108941324184,0.029474578980684618,0.4587206318244499,5.915198024592468
-0.03200098992827384,0.06172825678022872,0.5168649819912849,6.687688758224696
0.05866462696619071,0.09915170447196675,0.4956630250059576,6.5158254972952685
0.06874771515861738,0.05849471194528341,0.5014108147885108,6.600662940660533
0.03660438360606248,0.05918886401064518,0.4934338556350722,6.409371461853398
0.025873401438067302,0.06398297738312493,0.48633263030546514,6.30531172319831
0.06927217632375691,0.0658852086027938,0.4544604130542114,6.221195189387267
0.08543460199090523,0.09366792305888631,0.4637555635191825,6.147384002842131
0.08389138396677372,0.06791510203517805,0.43889529152047335,5.944468407988703
0.0015305051472371378,0.12722713910624925,0.45023049095112966,6.168842051156062
0.03035744783685939,0.13563156650394967,0.4587665879223022,6.146393618703482
0.02881664382831573,0.10314639064204167,0.42424165335242525,5.728190013226739
0.04199745006122579,0.08966269977991408,0.3562550004800093,5.230731532333849
0.09380188166965747,0.0605238803536879,0.38126347126796345,5.341493354767147
0.01519887475676044,0.06066412524920922,0.38092722995462586,5.2434871890852905
0.07536500536657222,0.08711370125863548,0.39529163374863197,5.524397098911015
0.05162975117898516,0.07849210514084284,0.42518406217216004,5.769199437247805
0.10107768776265483,0.1057742746907811,0.41962443874127836,5.75095347976819
0.03485692867392648,0.1036141560568947,0.38883338190482364,5.451414163906487
0.05108016025200674,0.06847895818323484,0.45594676241667637,6.125769316063595
0.06914837365867542,0.08825458385780606,0.5000271709190998,6.484340456805473
0.10360932305767027,0.07238129060690816,0.4409178088034053,5.891313432765737
0.11999742168846525,0.14968302519120394,0.48882740911390216,6.668345414812999
0.15479226717660569,0.084941855683792,0.47794677959825105,6.396545246126128
0.15485569471287275,0.12898617532075937,0.5286260347918142,7.065154950998027
0.09901344456459175,0.2198169065868961,0.4585584646260306,6.491816299200757
0.059403625941040455,0.1811980110939914,0.44378362734210985,6.134826929250854
0.024474597490197918,0.18666444651623837,0.45196052745512555,6.352449234485805
0.11177195702023027,0.21926354961458544,0.49770265110898343,7.090764134726099
0.06707067580858006,0.24732775122826403,0.4498090431905155,6.660756506210973
0.10758613495772462,0.24556626946982457,0.49338141834436966,6.957238277141673
0.05151953167580257,0.1742406828543959,0.4507754417222803,6.2656298566075534
0.03534083320309947,0.14748423131444202,0.44204512168140114,6.137215090396296
0.0708582000209333,0.15677731278732324,0.41573511416379677,5.810901247082002
0.04743274346094843,0.21251935604339217,0.4320450732263561,6.199822325303228
0.0986750317230408,0.27781872181456796,0.44292224801710106,6.641922029027775
0.05802784192372635,0.26296588627001194,0.48795037687493564,6.933368967940999
0.12691660708764302,0.2841970223173667,0.46440760949278487,7.097673384132348
-4.745156184730708e-05,0.2326277205970665,0.4774253678897859,6.8012499068529255
-0.07077945997762704,0.23002062288352923,0.44262008551105536,6.500005218298307
0.03486324041745471,0.2524496536446128,0.4191728092355519,6.346788145806358
0.008335910433270945,0.20815407112218762,0.44620946517859067,6.420052508252049
-0.053540729101683796,0.2796707489017994,0.4687322594403599,7.069681589538313
0.01670785972453683,0.24321449181726715,0.48627631779551633,6.935185251169667
0.007042000103972976,0.2425962478603547,0.4103288269952487,6.205518696175991
0.04847041532075107,0.25255247817081167,0.44851928104614436,6.574627433687862
0.05996336510993701,0.285579306329768,0.46684465835467087,6.9274150077380785
0.07209508000577654,0.21091952860086588,0.4683500124955229,6.605673749901425
-0.0069364144099090495,0.20707736474988206,0.4461173860980885,6.255535678765508
0.009928613909196896,0.2209780266557826,0.507924965935654,6.968273805381839
-0.015229001169418261,0.20512003383944466,0.4609807577155391,6.477267373803233
0.007316720895468605,0.22196958982441992,0.4346117055144252,6.288606107467394
0.015696663569685305,0.2694335870386085,0.4514156278733048,6.824156439491239
-0.018951147514778527,0.22180867095657267,0.42970356054411635,6.262640816647307
-0.0021624941732960403,0.29998033855523737,0.4561836306189051,6.992760734718131
0.04200555633132083,0.28952067055812314,0.4926095215357928,7.134497458689264
-0.04106988610291307,0.2702196831877125,0.5198409693031595,7.355399668770311
0.0019842873425386636,0.28030202930960846,0.4571230629236651,6.825323469027223
-0.0463834428659461,0.27778922136116796,0.45550900427442087,6.922305397239972
0.05606907685330261,0.2486608994819507,0.44260642113505866,6.484032378574283
-0.01882030496329078,0.2808415448012761,0.46924185593564094,6.948797619001902
0.01570552130333301,0.26976370874983213,0.5383273377541089,7.539723118541261
0.005237930084110991,0.25189798761698495,0.4821741680254059,6.949926599421869
0.0786684925193631,0.2508740123493432,0.4581921260629375,6.663412613073496
0.08419574739311687,0.22939156287739573,0.46020675531210425,6.5575980772044264
0.06732705323545289,0.2033666482539406,0.4804564088726521,6.5947918915604795
0.06814350563446002,0.20740477125867868,0.46092442630165126,6.612118291858737
0.08723232747301944,0.28100720738290613,0.4430899002472361,6.796603624725686
0.046012750354872976,0.2248474844334208,0.4451064973849028,6.381949927087414
0.06813344732571719,0.2500249906759028,0.47130112492793674,6.848963555759783
0.03658180190400566,0.17460804182682346,0.416705987355465,5.969278340531154
0.022742738498946705,0.16375177359931165,0.4439809650473981,6.183765305969188
-0.034868221026734675,0.21333785066007432,0.42582286701686345,6.292369909731316
-0.019526019814576866,0.2190601791870635,0.40020643739457534,5.931449984038481
-0.0108039980121061,0.2750689559180854,0.43715781492305383,6.519833494874161
0.06657862716978745,0.23388511139121357,0.42208318484156027,6.2166956031048075
0.1978920783238543,0.20170921961433785,0.4148558246111731,6.366058051503308
0.12133982755756258,0.20551894090473904,0.42250911260232604,6.342393976577742
0.11062242031277618,0.18766692157057915,0.3593697386158657,5.665326012413702
0.10378756561227996,0.21692288877708518,0.3548734232880327,5.680011700873591
0.12477683579779311,0.1848941366001579,0.3943314782319762,5.901263655782847
0.1881761084011048,0.17203629615475796,0.39184809969985335,6.042585926153117
0.045741828563311,0.13973489249021315,0.4872269556921037,6.36446983497801
0.09435249321191386,0.19673983840689002,0.4630507316950091,6.515713232498247
0.09306060311040291,0.2507734468060525,0.5097447904886113,7.389719777431623
0.022257030149218184,0.28064503516039885,0.443456775602046,6.827961906464571
0.030743395115689517,0.23695418061196205,0.5110867705097762,7.229796736646164
0.09613289870610922,0.242491966433729,0.4896736250463902,6.9465545554147266
0.06904621480354754,0.20009122441106555,0.3941132718616044,5.777708444899976
0.019123379815635902,0.20695040594669714,0.4151242376661806,6.109109964711735
0.044979787997249575,0.21658870244873243,0.4136988993708676,6.111282434295783
0.0955156890569212,0.282325231481271,0.4650525692874685,6.873023221902072
0.05168817342636995,0.19683774653684202,0.4950623290266164,6.740251852454415
0.08839811384560935,0.2550457605034448,0.45576008099354065,6.803815241269828
0.1033592693681375,0.26014103448990616,0.46104412722284993,6.841349237302097
0.06546698710743395,0.2694529626047552,0.4839322411044782,7.1251706518452655
0.03871995498728863,0.271214543048516,0.48928194143042725,7.087341310187656
0.06628406291440851,0.22188289412840673,0.4887376374985535,6.878154783346581
-0.0287484744504607,0.2172516446556387,0.45502519663275814,6.442494985092563
0.04460685332893364,0.16248991307452507,0.467764299075971,6.384573638536737
0.09501117981312712,0.17581578393110986,0.4349334324609804,6.14905507244487
0.1345694919098377,0.17890826063440987,0.45020251369166386,6.278287961687236
0.16898067873175412,0.1652017379982245,0.4322839407216646,6.309937430381161
0.14345256264689596,0.17874689672243047,0.4500697790318754,6.2969194692010175
0.0938384045798076,0.1579453078827906,0.41907515883468605,5.919014498145927
0.09052092559532239,0.16967552401850752,0.43673685586135574,6.0898458865272875
0.013422491528521352,0.19831775641578442,0.4119162707585893,6.00980113746133
0.06605849425354388,0.23240393511826607,0.40688479722602616,6.243321563127981
0.11479432911130565,0.24699290663586188,0.4998643977751345,7.213744583906216
0.040764737297767764,0.24205645625797587,0.4951206518504284,7.032367731523312
0.04861728974003147,0.2080840799568407,0.4660821406049603,6.5748721401907355
-0.04193787374559746,0.23675455708335857,0.41031029185084245,6.068537501884236
-0.005261356306645723,0.20837950865257143,0.4420273899840791,6.326817557091712
0.01731828757301451,0.16494437361032965,0.4095906745110635,5.968667858837427
0.012051499607853356,0.19255394743192653,0.43867717541039125,6.017828142443383
-0.03933231769850769,0.2386390282450837,0.4390584870032522,6.425071851547129
-0.0014988814579250365,0.20492511738940647,0.4554182713697992,6.494448683039856
-0.03122054685601805,0.22293135402616776,0.5052056014964506,7.012792591248977
0.039374360286706364,0.1927992594148482,0.42635412597037897,6.086154431817892
0.06587331991133574,0.19777669782263316,0.39627089750579436,5.864697042168995
0.05445261621596348,0.18302832749548015,0.4601592301676861,6.517255502536239
0.0776353482418463,0.20296629979684544,0.4312524346057892,6.250517444170499
0.1038416031667506,0.138434270970586,0.42159217701607593,6.051857199914834
0.04111718487809398,0.12737030209823674,0.45570907332769883,6.1036471963737915
-0.0008374092132591254,0.1866448693660338,0.4370671457091638,6.0691624363196395
0.05819773310589574,0.18026937540317667,0.4961600420951248,6.738782734420558
-0.012033573174822483,0.20760948068415294,0.4498709441057024,6.240051087331691
0.03022519843962469,0.19315269009038694,0.4217012526235184,6.0559157696218735
0.06463609626832473,0.15296079317452094,0.43474868339972406,6.054013737184006
0.1853106816911881,0.1782333439984011,0.44521316399751415,6.507997505040126
0.07294426705124896,0.13884510548209916,0.47175416523529695,6.36535641573805
0.047368571596350786,0.10921430775896027,0.5002389701827366,6.601869034756614
0.08777357521185274,0.09720872986451139,0.5272844148501509,6.779438077186924
0.08413551706102403,0.10681422962751795,0.5445562271404731,6.947011610423144
0.06878860811902154,0.19217524750001588,0.5230863166741012,7.010747629652038
0.1408175029419242,0.25194367667322043,0.5215082771344791,7.590381005466933
0.11877200491386071,0.25548109994269097,0.4485612913937941,6.7753355616012465
0.06117385486239078,0.18723502254628543,0.461570069141626,6.606842177508951
0.11425441749156091,0.1384017340979599,0.45324312747531864,6.238818521050059
0.0639371241253103,0.09465958965457072,0.42589799199946193,5.866321042408226
0.13774801589279972,0.15464520932606085,0.48200463212681427,6.624338139363645
0.13285029313975827,0.1387182581809666,0.39324248664195416,5.6718278018134125
0.10435050679181647,0.17318786153298668,0.36151541133195186,5.518132014495999
0.07680773189400825,0.1593020642232778,0.3995008262919134,5.689903814222519
0.08107973814913717,0.1803765488688644,0.454734872131381,6.437857653088143
0.170521162682806,0.16632812931850746,0.4434104579465846,6.468564964384808
0.15309718196426172,0.1609639984412712,0.4069238031604123,6.034872290911688
0.13364477642146874,0.2004829193564385,0.45833127424466485,6.714018201701452
0.10534945149391935,0.17870356662699186,0.4023176963953343,5.961329590534801
0.15106022225267898,0.14015785671855732,0.4047850710680646,5.996252927947156
0.07878332664183206,0.18432299520194426,0.3731149352721928,5.778841487780234
0.13241246517338298,0.18896297958906147,0.3384773824120733,5.445826596946464
0.052678119896317994,0.1637856450000277,0.46116774676584965,6.388133276820477
0.04153741707606587,0.16960744992242374,0.4874577805827643,6.51368929163323
0.05406959541501156,0.19903024323840937,0.4877430064000942,6.9341926768521045
0.08494056571994095,0.20808885529806206,0.4860191846617885,6.997657449318281
0.13885679869055678,0.14062537883818246,0.5305519943288199,7.070263158813357
0.09573615608497768,0.17489068350278253,0.49670651051726805,6.8062521825854905
0.17412719532384283,0.17525421412382575,0.5242179180462013,7.194882375409253
0.16233731594640965,0.1805347743999914,0.5451804425421174,7.4152478455614546
0.15583884200445586,0.18580403135022,0.53845825533983,7.265851949464672
0.15625703568274546,0.19990744575715919,0.5873308317463031,8.076160749455054
0.20856130279106772,0.21374422012223465,0.5962443617356887,8.282762785994205
0.13173687322446834,0.22316171247073666,0.5748687302203129,7.841403073996924
0.22471624948492266,0.32742640271710727,0.5779048360286233,8.602403659158384
0.18980081515149166,0.247302411384215,0.5348446271691366,7.539746788118197
0.14310596394335354,0.1917236292155087,0.5298563412338062,7.127786962294136
0.0949674280261309,0.24063021235473742,0.5221711590100959,7.256364013731519
0.04967937244804097,0.24099295148649857,0.5724003201536182,8.015192896958713
0.10602941683478877,0.20936319981770835,0.6170467474198755,8.354591058581049
0.028575252788327014,0.16532859741573755,0.5415034948269181,7.2027917849887775
0.04857938565763689,0.24699649254302145,0.5514446604990835,7.644268528504916
0.15882981474371088,0.2034046819495203,0.4841574230480416,7.009636112871983
0.09961856004946751,0.157353031804244,0.5395260642185976,7.180788168785569
0.08569720729226299,0.07899864484934005,0.5056575314677212,6.4342361256567004
0.1917530587560346,0.15056741183125993,0.528128943785136,7.197830458106278
0.1948405066499274,0.10488324162925484,0.5785865300747884,7.659626393137842
0.09943791146358483,0.1007647594577016,0.5949460119974583,7.607998253672069
0.15769616595227523,0.08347802125689947,0.5823725797058089,7.488564316513118
0.1888212021341819,0.05129480183671454,0.6149842218896622,7.828042416201052
0.20528316674007552,0.06111225684894177,0.5766586474255936,7.599803886494892
0.12588762030231554,0.03177303847423792,0.5614903161286112,7.055651149213013
0.2402341391459236,0.05096049894091729,0.5720047363588141,7.610514738453252
0.2098190609606677,-0.006394659924961051,0.5548220709121839,7.231440576012583
0.16112222176652752,0.049923625670926904,0.4823328809006177,6.341542440753795
0.13909425556489202,0.03848668316608287,0.49386961790873907,6.5327771411204365
0.1694532848310478,0.01766098574880893,0.47911170665730834,6.385487783482447
0.14971917308751057,0.04822255341993913,0.5175044242487665,6.6131712053665535
0.1145458286305328,0.056359828295170014,0.5139078751569118,6.632964942304542
0.08947508245856821,0.0650812406257491,0.40966482897705314,5.3773940380524134
0.06668998470799359,0.12531863735226645,0.45232434473947436,5.903210700339187
0.0535727213793712,0.10762505427786952,0.44475151595776613,5.771370366176058
0.10115261605617927,0.05218006417134269,0.4775844778985985,6.141179809314087
0.09341587839300908,0.06211796864679104,0.4579426480709424,5.878051398041523
0.11410626311909905,0.020094278911819783,0.47880447820061567,6.350011093223646
0.00368473390083006,0.044842447682023064,0.44424040961391414,5.876868890421404
0.026516456445668246,0.058826008802786274,0.4694417830132007,6.0000664674795585
0.10320399510462412,0.026187963115747448,0.44080974394805633,5.751685866449991
0.0567288191837198,0.08596982893693109,0.4256298785875767,5.562745637514373
0.13939642971921393,0.055882329293873045,0.41887351867419936,5.553649410493278
0.20392316390895113,0.052037618323831476,0.4219186021736549,5.932036073689505
0.16510163313150028,0.05121078451248597,0.4687884969259648,6.282320292357168
0.17203181405195736,0.033218268364263955,0.500943055156902,6.592805208069826
0.18504345364588456,0.0017273034809438257,0.49560347512168224,6.544492395539899
0.2057637316347662,-0.0319504736457848,0.5825826432627995,7.486358902976029
0.18060341750643183,0.037920493209113615,0.49463480814590916,6.4333051173302085
0.22805483130509274,0.01585930328813967,0.5280285863043923,7.020895024767005
0.21820215137702664,0.0020392181666974204,0.5087627146575334,6.744346072050644
0.14939655596584855,0.027079994330539446,0.4954308544825611,6.367316824326324
0.1375115920350671,0.06054690770318985,0.4629686268787253,6.0570396560589845
0.16787286438697696,0.013714257818370712,0.46157806807431956,6.176642447772007
0.15728789279939273,0.022365039902229784,0.564223505294144,7.11298567398056
0.1611774112972898,0.01752492620300773,0.4680624135877611,6.20671673468333
0.2509628634206225,0.03845401268457437,0.5134141844751906,6.956506021856506
0.23731857371148748,-0.022120676857209764,0.5352159166058255,7.1622720438867615
0.20183394584006495,-0.03920850384700604,0.5913083981135214,7.548657800581758
0.20661536643331624,0.021982247053939502,0.5249945618402168,6.987490226079048
0.16566479954758676,-0.005441917789120686,0.5525692419733544,7.201597312973058
0.17687424326216925,-0.002677304844558213,0.6116735720930012,7.7852252065771275
0.22057301522835937,0.04580038384332045,0.5983635915641754,7.7763638244033695
0.17204722414278295,-0.03737051647120842,0.6263634613074008,7.868439487277253
0.07385764419432189,-0.007789494900777821,0.6267792537925024,7.630555954557909
0.14483567394984212,-0.01535010285528632,0.6527494671619917,8.04103338309538
0.10233855352360428,0.02414149131130448,0.6527519924212745,7.960364924078442
0.13224999379032312,0.03296300700548613,0.5871241157117644,7.364052856707434
0.2152810686729191,0.03313489805453672,0.6072522838759227,7.74107620329929
0.19994179976817425,0.008857161917305434,0.6646039937829102,8.34760763440338
0.14774839167319134,-0.0007729312194152684,0.6465174620664048,7.939455048452427
0.1330560859905952,-0.0012641252244266058,0.5910852723750784,7.336129279989291
0.12511882737490587,0.04743280909674836,0.48581295663960544,6.267140380814999
0.14808473239799305,0.010456873752324132,0.471139923002216,6.297071764957917
0.1165380000818667,0.02602712119920535,0.557904835613925,6.962901141616554
0.14983175523296052,0.025148104892713328,0.5491521815853725,6.988579978182286
0.11332891330296437,0.017411085936590683,0.5513896089226734,6.880007512623204
0.17754963116900194,-0.0007197279083909866,0.5120058201066225,6.617523219252181
0.17650762292176486,0.02279289260915854,0.5595174674605476,7.1432185782463495
0.177242991699509,0.012915895049604604,0.5092164853991399,6.6247039492878725
0.10898744529604568,0.07949099553245902,0.45409271124072553,6.057392069857321
0.1107166717865353,0.023958092083691207,0.4880963249399529,6.3221271509527535
0.1473409842287019,0.05448138039468178,0.4445509032791164,5.9190243841671215
0.11543576582059226,0.05506990958140693,0.4332034920063375,5.648357281898588
0.15191957458299774,0.038112164647669464,0.4487399975469044,6.030987655533772
0.15988693512323007,0.041093842346717244,0.5073427388924153,6.549963613170507
0.11942687581426731,-0.008423900833225384,0.5144998825865951,6.764177044574792
0.09985809446333437,0.043384862932948964,0.49643504691349216,6.398483419778521
0.07125184524085904,0.06530517428012972,0.47706528295768147,6.090973950650017
0.0765314325506231,0.05939964559697037,0.4876559437760299,6.291551990898094
0.10335233387185934,0.07088771362565345,0.497241057978387,6.5104791835899425
0.08065334785425292,0.0646071673171094,0.5090793946959608,6.526649151869913
0.22089492379920933,0.07822062384611907,0.45753629408338864,6.555221086752804
0.18569244939616916,0.0678121693512714,0.4203427388670846,6.037372845041958
0.12644872631855053,0.12030235425846879,0.45249920052200054,6.399057471054892
0.1361291921627661,0.09890572296339034,0.5161917274808961,6.8255101722143365
0.13719303993951606,0.07196648654612144,0.5656998653745814,7.204184403850155
0.1413480062646855,0.15240553416214161,0.5106384130036309,6.846835537353843
0.12203568183763448,0.1982027054277877,0.4798288673317789,6.778649480551212
0.06940063875100848,0.16735765832042807,0.5067438695567582,6.707143494220204
0.13189762886181233,0.16169319874861737,0.4591148613334946,6.48176242323287
0.07954256158190394,0.14594605392948481,0.5215267587544402,7.0596338944618
0.109081304114482,0.14232589229582118,0.4519751987924603,6.382061952200074
0.12209810376334869,0.14941886436263108,0.4835215197040918,6.581564232975698
0.08743110902488058,0.1139160355612345,0.43101299352361744,5.871666358679206
0.09621889483711192,0.07276572799564408,0.4292761424244321,5.797257001482869
0.11690524032985118,0.09012457459670162,0.4040117144931665,5.546028621359405
0.1459486707458287,0.16146800064593006,0.4276255941655264,5.984672012663717
0.1405531129671888,0.1857089813548931,0.47216966261846843,6.489715400594818
0.026973113501892767,0.144908643995591,0.423842754576193,5.852511458579253
0.01658455915428106,0.0962562105656339,0.42589288399484426,5.756041205003456
0.025790035006847446,0.07259763915105664,0.45280417797362077,5.903369321430195
0.09540156953299045,0.07874384978052767,0.39813961850839324,5.494355589913039
0.08737898719095358,0.07955184822372878,0.4259822575973058,5.687107883720524
0.06931143832522643,0.11559433359876402,0.3231441656576037,4.914798989138186
0.07759680919663212,0.09913651366732976,0.39872438206314287,5.485620272223603
0.03143839159238677,0.10957271118832346,0.4161507148354805,5.610953980941752
0.01609041884064673,0.133222229257973,0.34434028324102595,5.015604155188017
0.02189314084877415,0.16306030118585177,0.40957105200014954,5.593801567900412
0.06424464603934628,0.11466002486437248,0.4053525411527852,5.57940324524689
0.05875985367783999,0.17463870256815633,0.3182538124858592,5.034721797889381
0.07073624428846573,0.19005147490016555,0.3295047964302706,5.186222776082881
0.15235583277965709,0.20586881324055054,0.36055016584287924,5.792534725710226
0.056387506412400826,0.21393675336373855,0.3512842250225289,5.403414557472305
0.057141730957837,0.1808038000597856,0.3288633220254168,5.035908481943267
0.012483378127673639,0.14645374151618465,0.30775687990321215,4.700212933528018
0.07275112633157203,0.11685678402699588,0.34501648089393544,4.936341061798407
0.06645406142708064,0.14153002234945453,0.32634743855165455,4.737511765819071
0.048621570135792845,0.16167968054083323,0.3604806629019856,5.200763685056067
0.02231370293434346,0.15227987902501716,0.3551621091474069,5.168333283638939
0.009556261125668448,0.22527111466811234,0.36825172424006297,5.598358969987916
0.06637392736509785,0.17457009382432329,0.353706847888675,5.299580892150189
0.07641345218015916,0.21992354311195533,0.38375814604355935,5.875269289870473
0.07516685011283143,0.20415053421613824,0.38893952564689155,5.681848420799463
0.0763391210537527,0.15436466525014791,0.3729712028187755,5.323906695197592
0.03658184511693228,0.15736540905661425,0.36694048926949385,5.3002664700908015
0.04315015651459566,0.08747352765699137,0.38724123257155507,5.202689020189088
0.0005156241534392535,0.16659978377928822,0.37716228805899177,5.479501508684684
-0.004191847457604405,0.1109175912474678,0.4153865322691646,5.597079852026021
0.04992865820963572,0.06384792024045224,0.49727345805266804,6.39659139421047
0.0955726375154636,0.06296357954352937,0.4645754058688813,6.249634396744271
0.08341515443589378,0.07132063990846987,0.44685027862934573,5.948572455204716
0.07021265187672857,0.12225346626628852,0.4888630168248138,6.391950303378508
0.07135138025875977,0.09613266964662522,0.47662759491853435,6.289035141793245
0.10986169830918302,0.1297314144754866,0.44196873634780576,6.125671045786029
0.09045297810501665,0.12042370590595475,0.45127048643326584,6.058109764834507
0.10254561577145407,0.11155002848092588,0.4687385580241152,6.125617063884139
0.11101420493611963,0.05988265648937071,0.42655361529486097,5.842087767461049
0.10269741572315061,0.09808894195037184,0.42456555916116046,5.748019304025921
0.09723258492179397,0.13295907592987005,0.4163595075252232,5.718264252113612
0.008038945347312155,0.08687490276148951,0.4099037981277607,5.526376193798646
0.03447015500428367,0.1434519711273116,0.4471274837667998,6.015425826411894
0.02554394933417082,0.1289964918743272,0.41743326061499464,5.7296319735324035
0.027144626221977712,0.08298366893529353,0.4027727240638147,5.563324036549346
0.011887205682118346,0.08816628858087937,0.42607174115790736,5.590811729049099
0.060404198107192296,0.13769097735455138,0.3728027335156532,5.314769020369052
0.038314128999070655,0.14547551791877986,0.36561277034834716,5.202928253305212
-0.0003451107308987237,0.0967067553487057,0.38947531063453267,5.265521597652354
0.0863261439630126,0.12574281751568872,0.43668943317238196,5.9602824140538235
0.017706121165854054,0.09197341585608408,0.37562476325768235,5.158482266236073
0.07585237021019832,0.09564186811997102,0.35252918649725207,4.935086349275867
0.04186143088063273,0.1975801832350205,0.26444686104532616,4.563497588276326
0.0545033453955394,0.13800068165273258,0.3302284251260222,4.900466624860479
0.027563564901859332,0.1414236785372773,0.3352555979709861,5.046004799259591
-0.0482814974151594,0.17911092949121205,0.3850399561752426,5.552350159865328
-0.00478003593852342,0.17379441022727735,0.4429124693677397,6.130105192415481
0.03706446210635343,0.1366468170912376,0.416167875420245,5.87461114563453
0.015777198746772993,0.17964560528978973,0.43866561770308105,6.071368885616658
0.01281927895005537,0.19284147509468938,0.3914359180554724,5.687869803940012
0.022735454599848045,0.1634877593053221,0.4156479000630271,5.678665752667358
0.038877415843841384,0.16071233279306635,0.34692247549585986,5.001707891175546
-0.03314055731727058,0.15512631480925848,0.3594227096474261,5.2300213092901355
-0.02537463769868215,0.15858500871909167,0.35966303029488206,5.2947535664627825
0.02137230323314414,0.08827201638790752,0.3946458236793642,5.519344715223684
0.11258730899227049,0.11558264786938598,0.3840953689683777,5.39470797511468
0.09819283834597817,0.05347370805866157,0.42942410479300025,5.7879179932838785
-0.014377064255752662,0.05478156359678525,0.3782979439145748,5.101748470257985
0.06335543194328346,0.082356147627151,0.46527746496208927,6.009628795090905
0.15443488729657096,0.07541098618029503,0.4330025195492531,6.072463349708756
0.10088026529409352,0.0711624133357975,0.4090202382615825,5.62979190223563
0.08299793935212779,0.07768085611604036,0.40889402307302025,5.549472156967852
0.11936114844431425,0.07313090413969049,0.40522460021774553,5.6001519436988785
0.1321320194978526,0.03997770899755082,0.441776181196922,5.969060698385342
0.13455395439488774,0.10002760409125741,0.38577626700431333,5.58396684848926
0.1031950613883881,0.11683766650091389,0.42665229099606927,6.007226844400083
0.1810870140560237,0.17707911081329494,0.45345953421298296,6.5620028589570705
0.17805985211992825,0.19550867982338313,0.4342305126771764,6.471787006013957
0.10608491996108324,0.23116566964632526,0.38745033988152694,6.098454478766751
0.11737260945545837,0.24015792636147756,0.42861190234866614,6.460956827305016
0.11179254193775406,0.19906652009662368,0.4542033053540374,6.49917081731972
0.1522479697116452,0.19358396440259862,0.46287421574716114,6.680142672836251
0.09478556050081458,0.22164171070063607,0.42446536198392126,6.296668731033227
0.039652936844543844,0.22244833774727882,0.38375614067857416,5.925448959818012
0.08972796765520236,0.1173493297780473,0.45970310222517413,6.256863027963727
0.05115379783319833,0.08867200501629388,0.4865167442727368,6.50909965684561
0.04104646142267964,0.055937794881990945,0.46263026381897526,6.025135936417623
0.00775156819441052,0.07666479031861065,0.4828318765123513,6.427622623479545
0.028813825170491577,0.13887801066681305,0.44952981664855035,6.308735694733306
0.1052915861474591,0.1412727738478632,0.5075729318471208,6.799757286318986
0.09490998018184259,0.12920960370964854,0.5126152762944042,6.782900581035673
0.03328848499684762,0.07382092881435172,0.5013112374620009,6.598477440914887
0.10436130902509894,0.11295313964664153,0.5811585882959232,7.595814647991947
0.03949192504017711,0.16596148534285224,0.5267744483950837,7.027261937886473
0.017899832536367285,0.15549072423099697,0.4716138522978188,6.318687585846372
0.08415492595882804,0.1611496691573933,0.5020850267432093,6.7408588280237955
0.1331175586131566,0.1402384088611959,0.48872951567886713,6.580000816443692
0.151610136641505,0.17574509288786358,0.3838694657311982,5.954929467262543
0.13811543720542802,0.18151515458620932,0.4151597131912804,6.032313534566185
0.13360612726396418,0.0956844333455252,0.369722867601411,5.298787221339369
0.0683436218823051,0.19082426435482888,0.36553682739054544,5.532809178392215
0.10243683005317582,0.13145078951193456,0.35801115457835253,5.285084292954177
0.08429832535281276,0.1469815002604769,0.37669691360079477,5.45483993255462
0.047325902520163124,0.1790447369462346,0.3350944596996446,5.078864917023938
0.06876539968349091,0.18729824822164026,0.33204952197408993,5.154918446329771
0.008082954911109896,0.15598075736483943,0.37654520695158444,5.365655191780189
0.05060372863847887,0.16133241499167825,0.3737571998732447,5.513053371399245
0.09206542154951357,0.15382699581726858,0.3912127751696886,5.709137437823004
0.10333395277523959,0.1563359217643286,0.37834620306137834,5.641866596084956
0.12026340741866258,0.118247340601584,0.40976792403179807,5.814883222216788
0.15151554059760583,0.08720119238162102,0.42059277673847373,5.958085766047167
0.14855070823635597,0.15007496903897316,0.3689344957879774,5.617128156691196
0.1459858761955279,0.1356022549878618,0.37073957415453634,5.461183662433485
0.17162736134005768,0.11547595007256442,0.4012505418119929,5.80973225834002
0.13935590250339142,0.11448363485074818,0.3520834589550666,5.277181099805964
0.12403404389636989,0.12231063195582428,0.40529061083356693,5.691185146171761
0.11970768180835974,0.0970411797453351,0.39120327313408826,5.447696461096746
0.1221117698626019,0.10923299412038376,0.41038434440688965,5.6597300227527665
0.11522775301311239,0.11814665703918864,0.4172457628649246,5.76873380539831
0.09778148266582906,0.10371894976243232,0.46744288155967945,6.063147604019912
0.14654020706334367,0.05839389324995458,0.4591694401032423,6.250400590589517
0.14763859194122136,0.022106884137049025,0.4533602562764934,6.065750115303015
0.1016173676401887,0.015516606701530294,0.4515350803914232,6.018384014927755
0.1580831724200495,0.050249262311889545,0.4361767208816201,5.885884498370323
0.15664641485704772,0.06786206000985585,0.44177946706752547,5.917156550710633
0.21013568648730582,0.0010982687461878519,0.4916082200962251,6.625526773637078
0.12788088622742425,0.033153280341309835,0.4701001521727763,6.195832637823054
0.1538445477826434,0.13000000002171083,0.43615189691529455,6.10351672315338
0.19521875120693943,0.11283677664553046,0.3878962843335059,5.702745113129419
0.14319545281197535,0.10341285240098147,0.3879479323797914,5.588242983690133
0.12044776073341099,0.17195755401211962,0.39270692024176984,5.752844638150295
0.17430313475398013,0.2365865603771305,0.3755862232541749,5.985587190088105
0.1238367158009995,0.20159468198133887,0.46623295587312286,6.574239203930586
0.15902013944666385,0.12073264417119157,0.39825490399632535,5.793775038086303
0.19021248287708975,0.12160438338377058,0.38320274924923325,5.691255391202767
0.09393566290104649,0.1555749811610246,0.40066997900561796,5.696652207806942
0.14013773141898436,0.1471689065409419,0.39338265994987426,5.78839337919884
0.11996668243094133,0.15846687157934175,0.3792335392506421,5.56878267231263
0.07198317979967697,0.15475789010864363,0.39304249383262296,5.639402796783484
0.016207481459764663,0.14195019081312762,0.40841160236554896,5.687601982939999
0.05820980566064723,0.12147866395120939,0.431234537096604,5.881484176316193
0.09774071222970966,0.055229943909460094,0.41639638658066186,5.551698075569079
0.031513877483779436,0.09969143739133367,0.414091531946285,5.785109733428268
0.062213953776371504,0.08463067379986822,0.42828381749731087,5.708178217029023
0.0766764392365472,0.09035743973239908,0.4215883626447247,5.89825485823084
0.042815070552020516,0.10337196751710352,0.43941273497261585,6.101630012799805
0.043937524633442866,0.11410823082807367,0.44644825586935655,5.998116978706049
0.12308471835736291,0.22180916800594425,0.36631500800458205,5.720547282708005
0.05918169866680486,0.2079262939516819,0.35552514723363215,5.5809414947341365
0.05634624140645513,0.19907068825734286,0.38165028551354074,5.7513863246436445
0.10006561444983816,0.2021668287893082,0.37313761048605126,5.862341683544985
0.01695112409311067,0.1097311172393836,0.48846736085024756,6.487231543587214
0.012441435963501264,0.15873168260413195,0.4960784537201263,6.674512864365569
0.07928690124879495,0.26584009517062485,0.47010430659487584,6.939721108993911
0.14486422756030246,0.2268241017860765,0.40767069964979963,6.262405782072808
0.14324526453857034,0.26980891703411974,0.4246760010259073,6.492838109331699
0.1768670547209775,0.23216421610050506,0.44170520866713053,6.622554129913152
0.10527683211296185,0.20399840994928461,0.42132631785574204,6.250196824390434
0.09991270297430638,0.1997414659870795,0.4307532252813696,6.14626627677638
0.14589547205484082,0.20823905050575447,0.428746551718075,6.299452019297531
0.07672171763996913,0.10034271424581369,0.3609344344734046,5.2588233637192205
0.13382426497576175,0.05952600800081648,0.34050556038414215,4.981946541464942
0.09849581135634182,0.16295360412835333,0.3188450428570198,5.061181138016307
0.04948888216981041,0.19557964218766044,0.2927781358609916,4.98595139626712
0.174156203337979,0.18297100802480296,0.355541223901334,5.651023008274694
0.1704660879550069,0.20778266764151931,0.34701658544976205,5.727495487746567
0.14096090144642934,0.20440795365234993,0.2812685218116307,4.908724820401407
0.09439156186727055,0.142334177180533,0.34725255885593964,5.307987886991482
0.03240525301096279,0.13738248715961002,0.4026683760584334,5.6142790625864585
0.07752926720835548,0.13713208027075802,0.37117474840140524,5.498848000239279
0.1262564667672756,0.12231915227132094,0.38332609856449623,5.660600155219615
0.08722002197845424,0.16577118600266716,0.38070848396326895,5.556177900438483
0.11196702373230724,0.13469494679857758,0.40315833152574865,5.743921520589574
0.10304231613450818,0.14826730053926593,0.4068518770567167,5.7919182387182735
0.16613205326590055,0.10678749671812966,0.40015135170999955,5.628919151836143
0.18021701804821902,0.07916268004846985,0.3322486220720137,5.069333155140016
0.23853417182620065,0.06916832608483597,0.39612346080575533,5.921145234505426
0.20191839956542423,0.07319999682418653,0.414213932783302,5.9538603473153575
0.17494980048393743,0.10800390041770998,0.36882969178288033,5.503392332326967
0.1595276094790076,0.013169970809853536,0.43840170509674625,5.9867132892128545
0.17160995436524454,0.09574494953505606,0.3847965550287114,5.706402808357568
0.13626273870371408,0.05206815294174829,0.44895702916935526,6.056726221761192
0.21551149357215804,0.05639242840477164,0.4599119546564734,6.6588138344430154
0.24857691999336473,0.01036585087958811,0.4957631979687489,6.883706532621236
0.2224990954377217,0.04281349804924653,0.4453674561805297,6.349023303053628
0.20518807040057171,-0.0014372584673895353,0.4798596948046002,6.6100877786005
0.1724225035661049,-0.06336987745248224,0.4405532177317417,5.9575218967919765
0.20881016798108737,-0.013868104697104984,0.5041294624791515,6.877528468807721
0.16900133968399686,0.024880355446588967,0.4602829688952444,6.273945794751151
0.19443841101892667,-0.04000518134419424,0.4461162187212872,6.247057327362563
0.18989409379417904,-0.04154623177265862,0.4481486781443283,6.110485897296214
0.16299615570741752,-0.003936354502131359,0.5101315232954678,6.585203520361278
0.1736174712438026,-0.015624213702251595,0.44580388386027825,6.183976009661265
0.17121158382997473,-0.019685359978451757,0.45661773516720194,6.172354094679552
0.12517562460359555,0.044887058864180374,0.4456667846599765,5.953893709101841
0.10359519702878367,0.018739799362981466,0.37631435289361176,5.302723194834787
0.11057501265204081,0.0525273296499306,0.3668758518955562,5.203370617733681
0.06868062707114951,0.061271069674434485,0.3383930549094542,5.0076330553713095
0.09359622004864324,0.08731215701668259,0.36701172741061144,5.028324059967565
0.06595436642783783,0.022997929257857843,0.337029676104126,4.6577303758121165
0.10567990872278368,0.09015744480680819,0.32395775483493694,4.827244460074841
0.0823925055656638,0.09631387707601446,0.35590311755087733,5.065279473445875
0.10071976790021071,0.08019186448668596,0.40963149306787694,5.45305197044176
0.10546595687879952,0.10646134183415389,0.3023878548051312,4.605893109257734
0.07094589188991234,0.12267303778183987,0.3514697094238154,5.05701735310217
0.018910978555648692,0.12724718428345524,0.4110701915351643,5.763557050743309
0.023840711629812054,0.13056233186309066,0.4219936353541207,5.703083024161802
0.031133108323264568,0.15963419024476688,0.38618428514941877,5.555998973192693
0.02014335974797318,0.1388382804995823,0.4095700354601442,5.697460894235794
-0.007962545067885731,0.1450415940376321,0.35108832301456233,4.930439292049696
0.09902418736449974,0.12036505191851737,0.35924495675765566,5.260527240562607
0.06244591131314041,0.12898654512879124,0.36348857888194736,5.251588723623913
0.08028013988840758,0.08353831868643968,0.40836684854140015,5.6282143353750715
0.1216002724053028,0.07622441821648558,0.42358356793774177,5.733457931060145
0.02149047445746493,0.10423918006152016,0.3985830414482545,5.4347220748007175
0.07027538619185106,0.08194645647493626,0.4202789854939318,5.655867247954157
0.08712739304862022,0.08607431423667207,0.3935704479258669,5.480239014606557
0.006357388185995722,0.07086935846675309,0.36447458152587914,5.197695279245865
0.04436067263096235,0.13539804934931088,0.3777945855292526,5.550417540219168
0.1550273247425623,0.12838987528461926,0.37651868328814647,5.512087254666095
0.1419696155109819,0.12265213139143227,0.4386816971332313,6.198544453030206
0.1650397788523822,0.11618351893518705,0.43542946202941124,6.374589106115027
0.15212936908497515,0.06966096709091432,0.44870413658217967,6.208204861953114
0.13307615982684312,0.054738292998742936,0.41256621701789864,5.730076766793748
0.1826996326539737,0.08797874007016214,0.4200436896341026,5.885587249004039
0.17615618396007535,0.09983158145029153,0.38752304668540716,5.644300160770355
0.11449297984274807,0.11254503996768536,0.3603995657841709,5.1694172830269105
0.13961248505094626,0.1045574748260894,0.4034854610443882,5.7045077643333295
0.1262947829937763,0.09836719772327163,0.3622372445455872,5.220749218171344
0.1105860069331183,0.1085216417399034,0.39666755979439916,5.648465334098757
0.13465635403764337,0.09711633030081306,0.4192808102540392,5.86648923401245
0.1412718346945973,0.11605369965148155,0.36665518546708514,5.336869798239538
0.10943506391210446,0.08658257423733123,0.426689582698645,5.837296250586497
0.16222767914354416,0.08199360725088042,0.4002389005115992,5.597109598164164
0.15575425304876997,0.08361633041534036,0.4182571133449314,5.857944948225681
0.08005767968737068,0.09918420301665323,0.3934373851687947,5.377403980600928
0.07425206884100725,0.13744898699907634,0.3614609324837681,5.20684662895371
0.07379955900336982,0.10038813410772351,0.39740634754875254,5.441347383479555
0.09638380362650156,0.06942416268421327,0.40215579361021275,5.48461905931932
0.09032141641948241,0.1052096200242479,0.4418677746606862,5.837704440885951
0.091658425999545,0.08572928062887747,0.4131096719333425,5.673146335056134
0.0971122753775262,0.0850885062046564,0.43894010625818375,5.9552739836399216
0.07479089859567549,0.1541264910667287,0.41410607298957647,5.891747519471319
0.11076323244992578,0.09996418473205042,0.41751236277147574,5.7471900350947935
0.12493786403308123,0.10453749232553046,0.4378016090563515,5.9975252830492884
0.10509117449589832,0.1438874114513274,0.3524129576272953,5.432236523010642
0.1394421693472705,0.0990034084992535,0.40708883070976154,5.599433170804476
0.07019640599854397,0.06848959722484695,0.48877623535736175,6.2676744189688565
0.011407470700836673,0.1364762834729157,0.43639424236036084,5.9322196441345545
-0.005975779966471323,0.11216965573162543,0.4387409440449539,5.891819988718473
-0.022404935314607296,0.1401524058270418,0.4539152652237026,6.1365202263883125
0.013625711424970766,0.15736501875233677,0.45059407958953934,6.098498947176499
0.03162916067504148,0.15566172970788889,0.4140191436401231,5.897690268357535
-0.032813095719283335,0.19568533837098182,0.3710378999172234,5.687619375241482
-0.06294849742777486,0.1112664701550411,0.44468234102273957,6.157233588148671
-0.037048770970767975,0.12194435063854553,0.49384173218801214,6.608998849861749
-0.036642467301788904,0.1130787370339031,0.5017289926471257,6.774459038833178
0.00930457604531548,0.062299993907114895,0.48319393488740153,6.188370003999521
-0.007086923179617043,0.12991643469459274,0.5402327693828527,6.904683434068449
0.06045369834486326,0.1582887693671725,0.4729068353344415,6.50850643941706
0.08496800948540448,0.19082034383891708,0.47617316421448935,6.6185256384828595
0.08593605196714657,0.10699676475439117,0.49452819182483915,6.492671016848434
0.08438180607584832,0.06785060106739763,0.47782856512747757,6.173750520329045
0.03515287690400077,0.09588001514704002,0.4452066539042112,5.8818830649717215
0.009278043083424337,0.06790235853307999,0.48031736627580807,6.37191383310886
0.024269102428616542,0.08459347663245988,0.5165891755651588,6.821751175937272
0.050957120752265044,0.08657393886774879,0.5299056074027444,6.925789967344584
-0.021807418100581503,0.08925885958317856,0.56323558781817,7.105536285766144
0.02239422589186541,0.11064522510663155,0.5528559441040181,7.0710372862081465
0.06552879041388245,0.1354454709089139,0.5299597793572367,7.024248689132497
0.048742357683257284,0.12622680051696858,0.445773441640822,6.140927109261936
0.06970833834589663,0.16084660969320583,0.5112373198639321,6.831478039011647
0.10671313647728486,0.16196957424011696,0.469085155038841,6.662851542248085
0.033851905622871735,0.1284923941951342,0.4017646519688795,5.733141853502281
0.014540575778503638,0.07068159319689825,0.43275550312920863,5.775900389251074
0.05850794176640001,0.09179152697485579,0.37086106746196784,5.374844600837353
0.09074579988284659,0.14695351539601392,0.41021596222071477,5.927586222380718
0.1316758331412827,0.06670219316031488,0.3928274696351368,5.761597479932988
0.13740297501595528,0.1650482916485734,0.4618560953243604,6.515333887995541
0.06197381804332526,0.12863222329053084,0.4658515135764423,6.302936847373318
0.04191880312969967,0.1310953957675401,0.4717046270495865,6.1882907219230106
0.07784462612537722,0.17245720019030114,0.4780564500048623,6.514618451941866
0.07578596085920669,0.18543658537535238,0.46225233690156603,6.414504811210547
0.07614614181272804,0.1510538609368037,0.40314102726926504,5.639469313432081
0.06054170662277425,0.1274490764115898,0.4650250649313096,6.253090400155021
0.04348568749610074,0.14155922799863,0.43570147624202504,6.011755398942103
0.003244132084699169,0.1422937046125978,0.4060811719943812,5.622910661016918
-0.0322464577867384,0.1382862536743453,0.42175253775229626,5.889870665970909
-0.012777508415796047,0.14313547430740653,0.40873246943271024,5.787535473578729
0.07949552201935597,0.18459065259848262,0.40238908912573595,5.929905058475394
0.023957328581176746,0.16853506574582192,0.44087788447700604,6.0189121392047005
-0.045737664214399974,0.062373255418284604,0.4789732045989584,6.3431761069086905
-0.020816075521717364,0.03337717463476929,0.5234260559314673,6.7721618945001625
-0.017322933296546942,0.1571810947368113,0.5336414109444655,7.047923047614838
-0.03620314396181387,0.14545034221210135,0.4956882752851296,6.786708606807123
0.015614624757384565,0.21641472289193667,0.5373997674225279,7.345843838323495
0.028053870546497495,0.19891606371290635,0.5234140857444727,7.028965438306256
-0.0054787743326200344,0.11372897623336818,0.4622747245034432,6.361701791934861
0.07705747637039508,0.1381552094589281,0.428712919090669,6.120880659311801
0.0958522592438962,0.09499288334028981,0.4575088714123233,6.334417064262741
0.05449299406007167,0.08908596164658733,0.44136060365962587,5.858336567672939
0.0051484029567525815,0.1384025977216867,0.4046209939692068,5.73394206234095
0.00905397451847319,0.0993590671037792,0.3962992584731585,5.246866565065174
0.08273086503150551,0.08115115321225877,0.39657042698981937,5.447087158019612
0.11538714363317981,0.05889845381416094,0.4366450711257673,5.696048613640106
0.13686770659069405,0.09182016014670577,0.3831109124772946,5.385100733806409
0.016443974388147948,0.1074082248570432,0.4092325648704252,5.4798230617213735
0.0863849333507643,0.17703666621630865,0.42957400051350053,6.101758495031484
0.043551436271961244,0.14132431161673487,0.5174509292645367,6.685585285189743
0.07261611483989544,0.06574474093117581,0.48252891848417634,6.403728669490345
0.10089269208739929,0.10161624347843926,0.4639925445732224,6.0608378865068975
0.11360490087716531,0.1956097377470171,0.45820502500704297,6.427495813814009
0.08959448511792392,0.11653016239080724,0.5024330942515883,6.665074022126656
0.06832615031679291,0.16379555071852625,0.4525672153752136,6.209641213513881
0.09796784754315975,0.15663433782748953,0.5083517049045424,6.930559496770808
0.14542338216337455,0.16317461037372816,0.5379874273134275,7.371457768235627
-0.0008787094675085032,0.16646131645745593,0.5462101910057472,7.306093653386291
0.022838959986701154,0.17670013632427856,0.503030549621763,6.739577838130792
0.024502684926444227,0.12438598846211257,0.49991830076535926,6.707403930644238
-0.013754284561480931,0.09988255689210039,0.5041666888921188,6.649176028666443
0.002115702985605411,0.09093855976152777,0.4507541791990593,5.817853037337193
0.10468510116177507,0.14343688534510823,0.5199900759108321,6.896198510069774
0.050563323815532614,0.11243430832217534,0.5506444732467992,7.087332841545506
0.009405371824470116,0.12076551750089108,0.5894418654064203,7.5731874695713985
0.032379751517927706,0.17099249760438912,0.5511810867787625,7.308532919255933
0.016220137409080987,0.20996246832833657,0.5365278945026967,7.37074943467015
0.09517747858906798,0.23187842370395734,0.5169576280203012,7.209331674296351
0.10342126544354908,0.19952124522177753,0.4853349179919636,6.7449182882824035
0.0764023932360202,0.25349580122856624,0.5622880562756092,7.721172704377611
0.10481287480623484,0.28327361389022043,0.5671648515606933,7.918150617050345
0.14484065369338733,0.20798208530681958,0.5194601490744586,7.334455454420362
0.07917329486513429,0.20957749983734494,0.48332143455110294,6.680947367693529
0.03880433443038443,0.20411631637222122,0.46595134411905986,6.655043193196146
0.035001945934104065,0.29377099258137,0.5159845681581471,7.3800858692840245
0.06450472926330739,0.20286992663515083,0.48837363088488367,6.778220670929522
0.07268390905956458,0.18629219712777506,0.4930676243794979,6.731955682265867
0.11724801173947912,0.18692092261898735,0.47091439402155344,6.447882766564928
0.2042308887718361,0.1785989034640672,0.549118926350565,7.422697640042471
0.17816712041148583,0.25958156941266547,0.5540802181442122,7.722254090786692
0.19408002806883778,0.2795078816219252,0.4928328758628945,7.3522832296005145
0.1456706051182494,0.26698406981524603,0.5387415586961878,7.631394211558768
0.21205990863564292,0.25943201555641665,0.5333403473980498,7.756564664929709
0.12108578137391886,0.23884028215277858,0.4834205891721927,6.759541858165889
0.14097937662907492,0.22954083892224075,0.45334252578252293,6.522488907378764
0.06449491112564408,0.17775766574040913,0.47258196189492613,6.414862236663518
0.12933096787468792,0.17091893562034388,0.4812402222565341,6.537936402120599
0.10578413049258859,0.17068202706704425,0.48162089602124014,6.466092862031786
0.1037119992429809,0.1376408480708129,0.48840870166943917,6.533340078968253
0.07607422169058717,0.15765518275744814,0.4792405623869841,6.57462320218718
0.03219778425078907,0.15816069614203077,0.4452292859314462,5.939800145409793
0.038031443092745816,0.16008233869566432,0.44666497643819686,6.0784508782488365
0.08209225192070226,0.09177216402074735,0.4707391433339016,5.8513438218243765
0.1573732776412157,0.12532754370604615,0.4025595609032326,5.703322638442981
0.1411150117530077,0.11072168396976782,0.4048733620061694,5.634776464550965
0.08653234764772139,0.11561429466706387,0.4328041891566561,5.672281373431091
0.09893323973592479,0.12302457136832452,0.4470687933157395,5.889619490457165
0.15710798353570982,0.15162734163012573,0.47397449179976586,6.5243706582896746
0.11865874482081008,0.12755897482449494,0.47191319620785976,6.420438977732664
0.06312009081817083,0.15342339049892384,0.5255772362609157,6.946107111173732
0.03590141117656759,0.14842726831318617,0.46406917840113143,6.295588420602198
0.12257053327519637,0.12626576490348027,0.44993959783849596,6.14130175901571
0.10033546274459404,0.154652779040822,0.4285660940404373,6.008103984177406
0.108424396613305,0.10908534255606611,0.4348980447465297,6.04051558320654
0.09261642942699254,0.1493491155369217,0.37791062142361637,5.453394521861108
0.05639269987625423,0.12419503155710768,0.46798787573257394,6.145754314477162
0.043549547473622184,0.14278872432302198,0.40039366112039537,5.450270205654675
0.05983617872126264,0.06286324397844648,0.4969157812272315,6.304288378422808
-0.008660142454502511,0.06461276243670075,0.48051918236343605,6.2280783684746615
0.014106067886338858,0.06963274147923082,0.5094504740792265,6.5665823657305955
0.06873030108087677,0.050962241439202145,0.5632714645679565,7.129119446082503
0.1099513476276516,0.0007836633065860516,0.5215897214394039,6.718700081984206
0.14410915435479552,-0.017898297907769915,0.5565652788674282,7.0338478968576315
0.13435759309927153,0.009631577176255844,0.5637982924356859,7.188165150993363
0.08389373512411823,0.036851472433827796,0.6051755345513755,7.581862593143131
0.10287653272630537,-0.0055098047892818075,0.5251848830559587,6.613528598326055
0.06407272975350853,-0.019982906730866643,0.5109490941703914,6.688467493567039
0.12943108835204517,0.015087595003695057,0.4996904993499517,6.543267787016226
0.17304029413203215,0.0663170210147195,0.4978046371260435,6.78112800143312
0.23864049919936686,-0.0034728267762109606,0.5300435964314516,7.390236450326003
0.19285961328097578,0.021328393652878166,0.5309461675862824,7.0838162965421905
0.18492244973542524,-0.030781782870338344,0.4910841561463754,6.726805851618788
0.14407816361127307,0.06327484814047825,0.4848597369349318,6.592946841837625
0.1699775279846172,0.11631414027298498,0.4866089358437964,6.868683056416949
0.21582934432202086,0.07467281397061999,0.4756021251447056,6.561858432874555
0.07462800463546766,0.06924985060276076,0.5208707886916526,6.770808053478375
0.04889301065784445,0.058972220176994015,0.5451513501520925,6.993067430999213
0.010685209749890045,0.10855514122287899,0.5024056057826577,6.54868757861523
-0.014337695041608855,0.10887555703137881,0.5429296929373358,6.934587684189099
0.02594664586613746,0.08348761135111635,0.4940637015962856,6.356634512216037
0.08329040358439836,0.07444400147124981,0.44799145605342905,5.928595823089149
0.052196821527539475,0.15283916591117333,0.4201063489887674,5.67907597577932
0.09844619839198611,0.08215328774968506,0.4424717253455142,5.912946102057715
0.1506452335739216,0.15169473795790706,0.47851729479085925,6.497418081902719
0.14069421103530652,0.176854629738214,0.47633007666250116,6.643960550817813
0.1789834532911664,0.13315603757416272,0.4552422390884434,6.372242953062562
0.11419449748978301,0.08067064643923627,0.519601174351011,6.779142838702507
0.14860839461637304,0.001008671786075147,0.5642032809778265,7.157441953277828
0.15344929618403616,0.007755413058555955,0.5499663129882472,7.071512944063498
0.1350611199265004,0.059513021659377656,0.49234776862206686,6.5809479719680954
0.11061803391152303,0.08259345685553544,0.4491823927022641,5.9000445027351685
0.11773591621927888,0.11071372173737039,0.4550789965326215,5.971531007187635
0.11944578496380853,0.16402681616425357,0.3720813645699499,5.606962785354837
0.11375843818659263,0.16671933041866108,0.3868156006779947,5.776021642681589
0.02805408743833446,0.16720835880630322,0.3746567741567428,5.3816548225946015
-0.014931062808570518,0.18697371124522955,0.40668321675467795,5.811397520380674
-0.036456626341969674,0.10781407151813725,0.39148130274412374,5.387543805816552
-0.0203470827174461,0.16576020734077584,0.38841737023849127,5.606933284931069
-0.0061580793156713175,0.12243875267127524,0.4742827563870562,6.095526198804326
0.022706143928559488,0.1381631026078973,0.46801632932263065,6.198692522182154
0.012714256101339543,0.1000856975787082,0.47993675627187193,6.280330453333691
-0.011501123717012259,0.11114366515246688,0.4406506728754442,5.81441534705292
0.030993154084498965,0.10133821427129232,0.46050949602505276,5.965571119665109
0.030778170323391862,0.1180218693014857,0.4447822578153593,5.932689400198087
0.06291065463236781,0.15332997836129045,0.41176850364755785,5.839401920651963
0.08056911165398672,0.13457487701120244,0.47096714239320703,6.351915722008618
0.07627866446684976,0.0885231714064218,0.4640637312473516,6.113671084329497
0.11369451386543922,0.11448363593469654,0.44959392913002244,6.0500413884455355
0.16672521680447808,0.14400804011046434,0.49725899985035177,6.844862410035231
0.17653723485689093,0.1283050318498344,0.39131130284553445,5.756336209947565
0.1251286462157108,0.10346889233790667,0.3916133953277826,5.649146967924858
0.10302599073611289,0.08963573629701732,0.4011351728030868,5.721216370331597
0.12932447065518085,0.059612784268513616,0.3707691983642767,5.354166990862258
0.11853032875517329,0.10299590682091776,0.42459495674132225,5.755693535781871
0.08979181307210264,0.052974482705776656,0.4640180567635919,6.121196231201521
0.1258007652960625,0.06508063281315725,0.47555927064085274,6.319826790290633
0.1227255237086537,0.04336753506825062,0.4315650175520438,5.868682753821971
0.13884726556778362,0.04572543682664906,0.4656807916621754,6.307866611487135
0.1479146461471877,0.08635089867055872,0.42200575886429154,5.958870747224211
0.15915270680617233,0.12480591244233455,0.39680736216565193,6.018432434891629
0.14455725520672527,0.09208640405875115,0.39696178491229456,5.820907740555155
0.1306255983779521,0.045254657812194087,0.3471821163205059,5.155952010546393
0.04438731426653427,0.036729418752796505,0.3722188083601884,5.328484711103992
0.09648164850841288,0.11895001619149971,0.3269318367146962,4.889453641829691
0.04232523065584211,0.10703563517687403,0.37557189139993535,5.240636804401728
-0.010711542845686105,0.10542489024005156,0.3746334638353701,5.254731433424837
-0.044654107474803605,0.06443632555357458,0.41678609814603,5.456586496569223
0.0042806044844597105,0.03965499317628557,0.42417714714081434,5.376864348068908
0.00662228051730848,0.07538205483919534,0.3294942520748417,4.585338346280494
-0.05558782297492584,0.11166764029743612,0.3045469150445821,4.542651585897572
0.05592764719306557,0.13671784871559814,0.3186596202866843,4.745299246891179
0.02573519812565869,0.0875224404598505,0.39753626158995764,5.054601744565642
-0.04513733431471882,0.04837950602206122,0.3994321868330914,5.225025007706442
0.003975522341875067,0.018320317928498985,0.4334867440869941,5.520586708202451
0.033966493435972446,1.335165500532329e-05,0.42636048676509025,5.355839289005095
-0.005115871080622714,-0.029823052004743014,0.49136505282262927,6.2038506394493655
-0.052155802400257856,0.043566375958218426,0.4179476805683907,5.632978420875731
0.012900249703877577,0.0861576528804616,0.35704054634253773,4.82723638371345
-0.03641208264142034,-0.01968518069000736,0.4253671904755615,5.661651391392283
0.0052625553330517836,0.04965386180465543,0.37503231366218726,4.88264903977303
0.004691406536147831,-0.01580585063418938,0.4005863197074924,5.165494100279672
0.022914233728097238,-0.002315031674210887,0.4212897866597191,5.4008804185546815
-0.008492027572970438,0.0387233196364015,0.3933902776501633,5.219022318927168
0.018620184761646674,0.041050516557588526,0.42036401957132674,5.2901915242954765
0.037942796114337554,0.010837534284570764,0.41513103069932955,5.33779706148718
0.033520226794247,0.025950339004656056,0.4107656731803407,5.27404245376649
-0.08910660292153119,-0.011180684874978232,0.4126100703042467,5.329185099614889
-0.028155920538252683,0.0203666312738256,0.4951464705039414,6.135184421787558
0.038462041460495686,0.04232914933018989,0.45735887481693677,5.823523179388322
0.01878409698889808,0.033879972088859206,0.5061214593939111,6.387761453456901
0.004416985996593387,0.004175073481592969,0.4668022301326989,6.090707319075369
0.030666604406274132,0.0009315714887101431,0.41242903973000405,5.393206088504009
0.03136540506488055,0.008603467914733882,0.48665591083073206,6.242725304771572
0.1827851271863849,-0.01417017942567044,0.4766843600324587,6.377599604986019
0.13156177642525538,0.0034027113033054755,0.5067205124621516,6.63427838960929
0.13751682902792595,-0.0002548422465537633,0.5480350770333148,6.959426389384211
0.15330657180164942,0.01803911960731058,0.46364049011643294,6.483232609313657
0.18459169607756737,0.04540003346464849,0.4907229296322168,6.923815141687647
0.1744953250009009,0.03814192708448775,0.5223264736317135,7.216871771573193
0.06114455166397335,0.04558617351708591,0.5063848764235409,6.763245705453968
0.027942879245265666,0.061687609092371955,0.5111043590260257,6.66390800007361
0.024806535360915226,0.06505641872866488,0.549790812958497,7.129104371241477
-0.005975272935205557,0.06816993134655094,0.5093446654692305,6.5520966161508705
-0.0016409700641101758,0.10237968037719908,0.5894826128859705,7.500740543710025
0.013576337170497542,0.14935014807399238,0.5775886153211054,7.5767212176252805
0.04849422504091832,0.1024508901837011,0.5930000078068846,7.497561811377743
0.0834274344866442,0.10456333339445127,0.6601080729132961,8.31086488181528
0.16131225068260485,0.12895199644150568,0.6592809522934359,8.606182924334858
0.1568431649210634,0.12084058994056325,0.5557389759438115,7.531939813960552
0.1559363694596456,0.10419194813601856,0.5681454598213316,7.628559373168687
0.12450658943675652,0.0917780264938027,0.5106241680604353,6.831106780171079
0.06695794409649608,0.07269135643926544,0.5377542328081139,6.737098125739943
0.0845681954513407,0.05520681780580619,0.5552658181439095,7.058205227171519
0.12168260618682607,0.03973650239809595,0.5452796567075494,6.899492212775679
0.10635583605038795,0.039435310199490155,0.554939849741604,7.183461572822077
0.05972739051892777,-0.01703359578996848,0.5187858697655388,6.7822107812227985
0.1387760020296315,-0.01832771197063673,0.541813768675024,6.9834735817070985
0.16636508372008244,0.0159990318007818,0.5295307507724969,7.047730914251729
0.13927406119099237,0.020878899832487384,0.5771856400164077,7.479687278771181
0.11782355737774292,0.050553370404733594,0.5187614535927322,6.8030112786538295
0.12490102993192621,0.04033112493476076,0.5536617953310712,7.200226288689745
0.1636253701899863,0.0027164812096114026,0.5431555124320123,7.0044631047432375
0.17971168791976358,0.000642669012264248,0.5339912047090585,6.913281668058632
0.12143541783778913,0.03149841958664369,0.5270929268983886,6.828810338931803
0.1726040926619916,-0.03224239143187625,0.5754153166629683,7.399558855331961
0.19815012122268016,-0.005829317104397974,0.5881068513862194,7.539694398067876
0.22415388332075503,-0.02704943715917496,0.5755680776412222,7.509232930549201
0.18952400855342416,9.642445260340352e-07,0.5834569826612239,7.5506100027860485
0.1712666959316353,0.04991390692471145,0.5962486824752263,7.663155199174043
0.14752194744006938,0.05072502364694496,0.6105739480069948,7.895451737626467
0.10825581905811238,0.0674370664622387,0.5624142014127308,7.244919752220295
0.06931226739130182,0.07438810722134159,0.5670812731849866,7.199480565350146
0.1549100616516334,0.05114232422670184,0.5544057515112587,7.262883514888246
0.14328902469906815,0.03139376918109472,0.519044130719661,6.971027841790629
0.18141378372064815,0.042703849285973663,0.5265752789855905,7.004215243110486
0.23191066915883715,-0.04272519540257809,0.5317061190810373,7.490787329440528
0.16701164706392513,0.0009634788344825303,0.5527434468722083,7.342363489277015
0.10462093585506702,0.026410058711532677,0.5298112736180142,6.996520973559167
0.06054359739923155,0.03287284970266412,0.5306197479052204,6.944413950988335
0.1387735204759545,0.06515971688052467,0.5019255248364696,6.919289460237699
0.10731534056918247,0.045898500796799156,0.5623455459542905,7.440504024627351
0.11477187137446784,0.042001716065710126,0.5918729855000343,7.463089180178957
0.06226823428120286,0.052313939278292775,0.5692971907651685,7.313921459146815
0.05041087919523042,0.014262517515207298,0.6136486202274963,7.771555858190759
0.11004916981108373,0.020252965395719868,0.5744862105761318,7.452047035492028
0.1270319642898751,0.01818106010078184,0.5856462656529524,7.713583697154394
0.17879436513645897,0.02459116543456051,0.6590439544351255,8.564250470417978
0.1055525108166215,0.07146283504874312,0.5861299730477878,7.556189927134328
0.1656198390758051,0.07347907262242984,0.61199183407321,7.986345269574406
0.1935702655170166,0.06949935480037038,0.5858164204594779,7.895786914221978
0.1466676946343501,0.06568223558896055,0.60399335603695,7.699698508644549
0.13249581265772195,0.08606377748562456,0.5506234545496392,7.447344013043614
0.06936049682097878,0.07226486349906022,0.5685090771234781,7.261882108013357
0.08318343791892886,0.061032621161516004,0.5830186358246683,7.45871859546632
0.14052514465417826,0.036982255131505576,0.513324525418931,6.818597045961443
0.1170248225400976,-0.005299646029837146,0.4968955822060984,6.557425929104738
0.03345396770932877,0.03205097085514402,0.48501448353844256,6.367493643273631
0.06423804994750704,0.04066566818985961,0.4761566451155454,6.297079491010361
0.06502420029779891,0.02122109359012595,0.5898437594869753,7.61146259028225
0.05406812431502995,0.016560936599783235,0.524978860947724,6.821361834054712
0.09785920459850495,0.05344687923880756,0.5372996312960009,6.923391528982648
0.04033678930503807,0.01313362180805706,0.5563663926365658,7.1489963000291175
0.10775110931285124,0.08004606284741368,0.5203372860197858,6.802640690973839
0.12610575177888733,0.03627998938274462,0.6012867836663865,7.664293079895595
0.10771996702509577,0.03215857679522188,0.5375206128281902,6.972286079890142
0.12179299623549855,0.03850006715475282,0.5102703561202382,6.713816395229373
0.06516410983065787,0.061911551211838445,0.5381021637281359,6.915167291561544
0.05731883697532288,0.0726036893920524,0.5254150635329304,6.900995041901908
0.025858992806132096,0.07733380581287558,0.5359308085114917,6.783082277576146
0.04439864683583129,0.10743088660564096,0.5256693654736294,6.747922634423447
0.09281964524133078,0.15676566106764972,0.505220097294444,6.6985468192555615
0.005806417450112186,0.10194805835298912,0.549192971815709,6.945870397392192
0.027447702802654978,0.08403822043357276,0.5139795384580584,6.660692234711763
0.05632693765034752,0.130534881658586,0.43482680505446186,5.988580412659239
0.050266832727605994,0.08160648625641694,0.3969901322348084,5.452825788677773
0.06520947906529648,0.11287102564723922,0.4119506073932321,5.668623973168469
0.059497124697277706,0.14140871947361713,0.4617510452116989,6.252522366688512
0.07518336219275815,0.18693354639162915,0.4361866812906841,6.172157061494608
-0.016398017991135293,0.13476322769586205,0.43622481575022015,6.016440255985197
-0.07968326039573607,0.09930830006727508,0.44357179308340294,6.145647070199067
-0.04796528176630647,0.07636321067628199,0.4681081929169691,6.278636160741464
-0.0664636920185052,0.0766218254350724,0.4999909766038262,6.490577324603325
-0.03251437549450955,0.10440674929810155,0.4989037657338365,6.590882683964316
0.02335291412557872,0.0695711535726092,0.45656602595276863,6.0659792589056885
0.03955114735486457,0.02746101764061001,0.5175043382603691,6.606582147004418
0.015979686981759635,0.06233519454601554,0.481047982670638,6.403993413142769
0.003459627446104042,0.044003543888771854,0.46910494833218214,6.168011889826511
0.03242242521794618,0.11898416832604616,0.4938731670724078,6.439107945710498
0.11416394452936902,0.0300803533760748,0.5076610731338587,6.62752764578997
0.06998762100530269,0.030997701246086005,0.5300037148757262,6.679739074157277
0.10942068983174076,-0.013739746961695368,0.605447428067853,7.513545033372659
0.011245361092573005,0.0048495966195629325,0.6257236295315424,7.6161369879388285
0.13822313556890767,-0.026216344071022628,0.6311841950700642,7.834965070101261
0.12243634629686832,0.0203489398780491,0.579520912225016,7.187742013777671
0.10864243720484705,0.02270721426874232,0.5320045008785085,6.674764948824189
0.10990304692037112,0.004399369917825337,0.5092760490989886,6.625620301187258
0.17637594179017765,0.021086183970011163,0.5468475052566741,7.211156751513249
0.10913719883362429,0.06335285806534356,0.48136310277106675,6.356053300652396
0.1314949999112101,0.022518743090647164,0.5606266059591137,7.283800178846955
0.07654944033622609,0.05433076021211648,0.5713246403672637,7.37080599048103
0.07899665731187024,0.004108792926025316,0.6197401648487547,7.723939546078811
0.09115201160868774,0.029535706259038782,0.565349486040439,7.12911149736132
0.07751521562416681,0.05813921857060138,0.5582317135212187,7.198830925290972
0.1366132040110355,0.05287133614939958,0.5237550430878253,6.748595808468871
0.09241801627765174,0.034841755687633,0.5858206297069123,7.4897235273722575
0.09261560493774673,0.03458373107139689,0.5198148344811465,6.783455548862334
0.10013321342397762,0.00510782140504514,0.5909213953888625,7.347337367135072
0.12213424388868654,0.013501330323669309,0.5604172001913059,7.168871979733895
0.11634032519801926,0.006803151741318808,0.6664344660072259,8.229076084560626
0.07489247153219906,0.06246758939703698,0.6095665151510887,7.465062846876948
0.13060020919082,0.051047599578517164,0.5748719596335964,7.2408943121461435
0.11131698530398638,0.09257636274284683,0.5495753903164989,7.004823054586999
0.10825913370262928,0.12357733898116484,0.5280848693764969,6.8144457583980085
0.08374803299170136,0.09866450306879491,0.543936063985918,6.9470447020395705
0.01532025025577652,0.050380307903742406,0.5959045239653827,7.274004797992366
-0.04375665287272099,0.05592985705557761,0.7012601254285384,8.598592300213836
-0.05038674123508582,0.05320371853205383,0.6835586114386623,8.39124618042657
0.01748075759277319,0.08874723220271809,0.6726677695761344,8.263337420193755
-0.00011976797111983547,0.09187319005594383,0.6506445153729129,8.127633087428269
-0.07476050683830651,0.11673076613517488,0.6683113371648428,8.341615824718728
-0.00033886197234575993,0.05553674253175647,0.6676498151565462,8.205290843856085
0.10346943465482246,0.11250922014890877,0.5747326204427536,7.481798162509063
0.10714146012385808,0.06072449622520547,0.5541270559954368,7.104882072570967
0.10976690185816722,0.08613145386615345,0.6062023645821565,7.8976051617590874
0.15928938987793514,0.09594295542483679,0.5816446709569041,7.613522681852127
0.20666272100143046,0.030822424045754995,0.5707116513152509,7.413715315575989
0.2328059169118854,0.06744638661156231,0.5535661677956566,7.457013382733136
0.20942672354131356,0.11770997334491598,0.5664269704156889,7.597313907779418
0.20796568673810065,0.13191586060297839,0.5869734058413701,7.851664078476188
0.13241667165275636,0.17195721128618677,0.5519405570937747,7.374146095402871
0.11886582080680282,0.1753685214146686,0.5781284457554499,7.767780743960403
0.08825589655463836,0.1604724871286604,0.5414019374151138,7.419298711171317
0.10963431424146512,0.22751038540239896,0.47806378377859243,6.907139069615402
0.11732821863032639,0.1689742133028916,0.543525669809769,7.25240923896482
0.08617483204813514,0.15757853144698356,0.5104847521118544,6.734849989583977
0.08970182869976348,0.19788835649349293,0.4562597838449906,6.486535766846806
0.09684270500546263,0.19529199787699114,0.43358130063310146,6.2192880580410135
0.11624718881382404,0.2231843576633213,0.4619385441626793,6.692593689408641
0.10850398612661659,0.2500820969834288,0.4307779456881557,6.534653350807871
0.11165795506476156,0.20833409061502717,0.44241317754912585,6.406912049825389
0.10890137794820563,0.19374290247942666,0.49059399917168467,6.766511869291679
0.1933097776745959,0.1632470074595753,0.4140807236530001,6.305831547838232
0.17087554930293963,0.16384177238907477,0.4414154514376601,6.440089480593422
0.17936412100600166,0.1364307943841437,0.5466365239524944,7.422406478333725
0.17689573941271078,0.19229822143190764,0.5039642071227398,7.063578538152021
0.096889101317117,0.11066782048461843,0.5281446224425,6.713733032420729
0.15016450824052763,0.05617733589301322,0.5492376337699719,7.069595114769104
0.22818559778076672,0.10012603694038212,0.524453232408827,7.00569590928062
0.17224577796621418,0.0751934242597679,0.45160840514633144,6.0716184229374255
0.15553813555309412,0.047279219180654426,0.5085653092463208,6.58231156280169
0.1697188210099969,0.10088768274896755,0.49422547630549685,6.853618921820744
0.10192322268536402,0.10104821250817006,0.4382731472570455,5.791111001601485
0.13773493550785565,0.10865062533523559,0.44148611577094893,5.870085806372779
0.06731290606873049,0.15997781417678245,0.4212632275529439,5.656467678450706
0.013355272626058182,0.14066499292516155,0.4307323265637617,5.741283089110479
0.048667063732255274,0.138216061700198,0.3151425400350924,4.82020478183244
-0.013962262173330556,0.1888523882420543,0.3402158532256716,4.990235839367507
0.04344302727366327,0.2005433730593407,0.2585408200526528,4.51788624740717
0.008117163516039421,0.23818315403499546,0.3070612295925684,4.860706586180139
0.07528802278323829,0.2487805702939621,0.2619195106888237,4.715769329069921
0.07775841299062823,0.14540029761535908,0.32131402780996254,4.7979987780826665
0.062283344236255096,0.16133052019238747,0.3381018145921812,5.007526908781424
0.052989612607906515,0.16381448930533055,0.27231612342732747,4.349747664948722
0.07928380563952683,0.1634841067703671,0.30196912945459276,4.733396598113174
0.030149477722943928,0.18716334790976602,0.3281514149720396,5.059574896105683
0.034228876756386556,0.16681673182558193,0.2999993643687305,4.713874481503743
0.026812545925930856,0.2116884567442672,0.23465600529303624,4.4733241284160385
0.06791245544855222,0.18396825165453198,0.2678532423827601,4.7193625316682875
0.0736878450944212,0.12621214479763254,0.2844719345381163,4.52482516833605
0.043410836680360505,0.14012267880013551,0.2539776670792414,4.418499812485718
0.004231614468265775,0.15029782640270017,0.28236907769559993,4.428003701421358
0.047325368629252226,0.1408723083712227,0.26334158808204594,4.3491685073696935
-0.09038835916520745,0.1495744693769372,0.18524211523390255,4.022247170117735
0.0011790760652805605,0.11778124656455033,0.19721863371309808,3.6246732477697554
-0.023397804295328874,0.14127049959979052,0.20929091800736097,3.8492542079722005
0.04474160280340257,0.10912452442671615,0.22844595730128284,3.7359318376959734
0.04229222083246778,0.10451584283076165,0.18367242116682858,3.555948457366686
0.06247035558499888,0.10351950902395497,0.235805351791719,3.805284736606663
0.07432719346491908,0.07127053530438028,0.23936649630124907,3.8175817272971813
-0.04919382190594927,0.09044397114527591,0.2096361652731711,3.782250121767513
0.002834023529916206,0.07847617171655377,0.2561212588566691,4.0556691250899
-0.018824059547362285,0.11153825054846105,0.22318368746264686,4.006321858674548
-0.008372863077958126,0.14587530409458946,0.26351955236100877,4.352700595436603
-0.03351565489922572,0.14256491619299386,0.2388525204491423,4.2548413286636295
-0.0485706160247662,0.1636621101496753,0.21834427570822093,4.231034288644422
-0.0158484276165022,0.14126948121632021,0.2653220842019967,4.309806684972859
-0.06082915081828749,0.16626985681842665,0.26476755721619993,4.5367659569261605
-0.07185686205756156,0.12227017171259207,0.26460659395378333,4.263956051413238
-0.02568068247974089,0.11830186609735162,0.24250755757406944,4.103015216716531
-0.04698207077184044,0.15378045720023234,0.21063018587185942,3.9357075043139957
-0.003940755496094321,0.10801926094944181,0.241851701501508,4.058868689431136
-0.02690260839076353,0.16355786210917592,0.23481427422372633,4.160779833169661
-0.047704054289872906,0.1445299037313013,0.2072943137674139,3.924715848367793
-0.0909307496962802,0.13804088215418334,0.22167505493487857,4.094548475242025
-0.07052751207128531,0.16505660497354332,0.19245905862519727,4.103744759239574
-0.09853144896778974,0.18610622195571594,0.23317136624562823,4.543229594056905
-0.0742448008067335,0.1703329437203619,0.24656618504776992,4.363275969855522
-0.053431252305870924,0.11877555910981166,0.2070669491884171,3.9804541708239483
-0.06978424030588151,0.12287560929360292,0.2548372353230099,4.398126148656768
-0.031869553523274606,0.07113133801328742,0.18948244176678816,3.34268111772772
-0.03343245191109641,0.029671589415439643,0.2992504427513474,4.240852893047289
-0.015495161057492865,0.007456251969728577,0.2341822219453533,3.6010246896683777
-0.0116844837896805,0.04844153357193863,0.2690581406343105,3.994911441469049
-0.020900652930744824,0.0926498770118252,0.2873154170084689,4.274369585797023
0.017572368324244414,0.10468717307343851,0.23606384441722808,4.017381374987833
0.05109753438978384,0.08748494745712042,0.24424058713034885,4.110878857547878
-0.021448354344801995,0.04906332386033302,0.18186243448774236,3.5981275984540315
0.028430377821576182,0.07196447788998783,0.21611557545455834,3.7455562320240663
0.035551041872243706,0.08938338528827278,0.2412195875647967,4.057278102838566
0.018064654646164805,0.16504510292756874,0.25987690366475846,4.422127181106462
0.13962987334223442,0.14923094351098606,0.2733424520712427,4.597097251498822
0.17674567691814788,0.13833141463974888,0.22465935405297166,4.516459816307473
0.14740930293883533,0.12306414327240213,0.2936695819561162,4.750113598557859
0.14757088263158713,0.06914041587821598,0.2763778008884468,4.346855643880736
0.15412043218872806,0.046929732330355675,0.2841471423018876,4.5492330663789815
0.08116124045714464,0.1347357874269104,0.22697588668285054,4.138148106897088
0.11758502770611017,0.1292850040561135,0.18428848656621394,3.861722799003995
0.08724688964170646,0.10667639576231351,0.15049026134926058,3.442061046626595
0.14208308466740477,0.10200621999944913,0.18195055896166834,3.587999265071417
0.124711468115174,0.1619348002309936,0.21257971899287928,4.174967582710379
0.08328052509259215,0.1017054342394857,0.24075327876606065,3.9236614409416513
0.12307336035162846,0.14223012945418984,0.21493380722050193,3.982949647501524
0.1541623343222146,0.1008668334680496,0.20471951196293545,3.9817296419468056
0.12399731728559842,0.07393940818792269,0.22368036654549436,3.929681925709956
0.13250419338111935,0.04042709728724394,0.28429926138049083,4.332962911061539
0.16773058922985398,0.07955937771618002,0.244919027534513,4.234958878682806
0.1511748895787902,0.085977324098704,0.2768320672053261,4.446840302467534
0.1379902536972582,0.1292421675237604,0.26906398878746096,4.670889020364584
0.08522568488072366,0.102029561233825,0.25758813762407334,4.070659563681233
0.06563499569348683,0.1532854142316953,0.266262292500081,4.257536965339785
0.03766472970804002,0.15197628522753148,0.2757017421712182,4.400303722652917
0.10552826338872742,0.10996876256795066,0.2373398534532399,4.028503481929714
0.13286482801657803,0.07041757700227262,0.27451169225551636,4.295625173503958
0.08083584173267964,0.10834002894874599,0.24865867792938104,3.903860500201698
0.051007424842610165,0.05760967090351562,0.2234142901454397,3.4988752321989294
0.09305287353535623,0.05859705592340416,0.22494533831616234,3.738175163778687
0.06454940836464167,0.037517490225572346,0.22216811509261913,3.4351981935035694
0.12335013982603263,-0.0024040221030315165,0.2563235316130741,4.030303253201453
0.06223126166885637,0.035385769185772575,0.27987198246986733,3.9895463878766204
0.08689602412227591,0.008739664893219761,0.14984047832766353,3.120725388596141
0.04904144839390769,0.04469380703324796,0.24395346871153692,3.6717613772333513
0.018613185590453843,0.020784888990178444,0.27699435366083563,3.9869027484065227
0.04379010489145011,0.008908608940515464,0.23305713974197728,3.6115256655844994
0.08925875898755012,-0.003323704118901528,0.22288853911386355,3.570909460640612
0.03607798030753125,0.02610747605006826,0.23659440925624867,3.6279467836440045
0.0446520061976117,0.05664703580184546,0.16102284046216248,3.0323981023929676
0.049853307417383703,0.009230603629774872,0.15648441151176057,3.1323248306168634
0.06827499093961632,0.03639114860310832,0.20286166788179819,3.3015376959641465
0.05412040426846941,-0.004344666843404158,0.2194384636411336,3.396802990805465
0.08338616422219787,-0.00652172733733773,0.21593894611255043,3.432321143450746
0.08920149657698154,-0.0018555028008612848,0.2270125665475269,3.5394641762232943
0.09723104587130847,0.00483132615488855,0.24826410369132101,3.6627120898026355
0.0920289068990026,0.0256168209671442,0.2413250781587784,3.697194372168921
0.05877126628692855,-0.03316022179425446,0.2562479831227053,3.9510243245494214
0.023708146187523076,0.0730435595329152,0.2881494287922648,4.022513109915775
0.020490120933112557,0.06382939333539084,0.2740566853048785,3.858905070373804
0.07026765073842071,0.04354154200316444,0.28715883981610024,4.053431919579817
0.04345218429756118,0.05851216393302804,0.2781365031264248,4.027814929784995
0.010457495458508076,0.10528646401207643,0.29418415369597567,4.314895658750908
0.07237671228114637,0.07968493576234341,0.3454329867732551,4.737816858578312
0.17150846050526367,0.06389647390357006,0.31087475120483055,4.71921402528847
0.12475843539502315,0.05739158725896303,0.3361865379632425,4.668753170122498
0.07993891219285361,0.012974944522965468,0.31422891499231265,4.443466413460747
0.07745361533917218,0.07399322913173152,0.3420508714371167,4.789880776298221
0.04306133243995418,0.07292227949568351,0.33072182116875676,4.657661150475291
0.047486120845455386,0.1188289104079169,0.3326043924728415,4.771332408058101
0.03959999492410982,0.15224932294259327,0.27822066263204537,4.45932776829356
0.0750213193679478,0.16180717787467339,0.31214643037774087,4.679789289797857
0.0001332853304723082,0.13781783614283746,0.3139381609952045,4.737811063069295
0.002515148015678994,0.1312992221054493,0.3492222791288021,4.961453536831655
0.07294293572867967,0.10805627574156829,0.30151572498346413,4.642314717979327
0.057371464162482136,0.08958795387111308,0.3067230701844443,4.4210421276273815
0.08390474654030144,0.13090041340553937,0.34760952279198387,5.005505710727232
0.08005094479116451,0.11085084694732843,0.3654064157304262,5.151471309596233
0.11549490500001508,0.022943698087249186,0.3850572481026416,5.281798488145712
-0.0012265233242258618,0.08072021518523227,0.3892722747125617,5.2762203618659616
0.004927172684278712,0.11786991889924398,0.3838087805990758,5.210302354907701
-0.042397490379751046,0.10522805001730447,0.3795775606461074,5.225933600491294
-0.07406235152009343,0.10913312769727933,0.3112515199981298,4.71806625586378
-0.0561016961702766,0.13919052208976637,0.3545192344373215,5.070730926547916
-0.07930122316054593,0.17344874596109155,0.38306605622841994,5.510753700496605
-0.08645510760759882,0.11741489501284498,0.34799277328228556,5.093943941462719
-0.019068266547536405,0.18423173537461576,0.3366267330701592,4.980019654361702
-0.03416733836108492,0.13843508871366447,0.263339427360512,4.200764580082037
-0.04642913848032985,0.14102428005093678,0.22669114985173106,4.084847698309542
-0.01637892976794715,0.16009617276464547,0.22341466680632027,3.8307718927453376
-0.058768346626810054,0.09257735387191836,0.17348359360871687,3.3329435435706625
-0.0357674545002639,0.09184509422258005,0.2077077047152816,3.5342853954268327
-0.03734737998590388,0.11309162185781715,0.1918248231069988,3.439715075421491
-0.015644882155557566,0.11802973957218624,0.1947515217275757,3.4621860440651853
-0.01615652349443326,0.14140206812524725,0.18743353696985304,3.6071570894108427
0.07183843267506626,0.1448131071258149,0.16671432435071595,3.5561215405861577
0.0594102247205895,0.1665260235751402,0.20087025636827205,3.7563515671118135
0.012166585162566407,0.11452118721831693,0.21603294813388707,3.559777550553249
-0.002259224602129348,0.08602048455966081,0.2020335648961395,3.5125934461222954
0.08584498391983007,0.058882303403021426,0.1923795478061084,3.387174570575601
0.013891555746199286,0.07309158987598574,0.2513263218561084,3.7039808822827887
0.11057894461078785,0.09937019627396691,0.22756406027816392,3.787504984633281
0.06766733629083566,0.058981851023212524,0.22028926314818956,3.410858394780222
0.10904513463196729,0.054653316105860474,0.2127532197855799,3.5432235687793727
0.0985489160610528,0.029626338193148145,0.2130356703313936,3.4414556363096653
0.03300144993725345,0.004395599941336379,0.2148080402192162,3.330740290695683
0.10475439106073418,0.05051423065074694,0.21231052962921115,3.7248162542317953
0.10236134468933414,-0.0002090185482573883,0.23399048853382617,3.620682108733902
0.07688684165046257,0.028852345013744406,0.24021018358782892,3.602705917056235
0.09068143815126338,0.025721260573297496,0.23420613262992848,3.5759370555766896
0.10410222720916318,0.07897058602674058,0.2230161627159967,3.5559445230868816
0.14210364121111355,0.0346416307477947,0.23141494201056817,3.716371907523941
0.10180812517499756,0.07439532206643916,0.204315081301448,3.3997861688888364
0.09243795478348693,0.09457928909987406,0.17720321007416848,3.2580363609077843
0.1327899826968932,0.05896100263333252,0.221402455451451,3.557783428026257
0.08507622435464839,0.03795143242687108,0.2558597116463114,3.730106403104555
0.06877314362065967,0.09082734641864182,0.22535001516964906,3.583318668095695
0.13351189122350327,0.015425277665880319,0.24596921273583586,3.7240629205695663
0.12877126808052444,0.02781147683752874,0.22799490322986848,3.6629581174221992
0.09341788694742645,0.08606050153978015,0.19057285666221374,3.4206074213915283
0.11222049725200071,0.05617543593940115,0.23784071549341557,3.8452058672457654
0.12329903891266616,0.06343180129154034,0.2544062168958722,3.9935939540925443
0.14285252892882064,0.05716154892691909,0.20806046155476535,3.836741736486107
0.06340751797369076,0.04806439626217882,0.21736047193617478,3.456896861555273
0.13958302137000664,0.026210524779391165,0.22174484567870664,3.8574700590996445
0.10173494242786288,0.019383005037317408,0.2002540257091108,3.554645013159174
0.11332639601000684,0.04567021021421423,0.16667391163470435,3.371270008990178
0.08893265403618993,0.04549938274610265,0.21910560133276336,3.6005211375517283
0.057009256664388615,0.0649005651193747,0.2704577516626652,4.038910488819057
0.09227892975112599,0.06543275373655079,0.2608822131510954,4.15618686581407
0.10902224168072942,0.08552739032087676,0.25910584041814977,3.900487813036176
0.14855671273966414,0.09385861170023452,0.2684880633168588,4.2518967705206485
0.1673871132111835,0.05378377700291722,0.20557687481154177,3.8746911328657765
0.18291181137708337,0.1005358057080006,0.24783333566387908,4.301059342832381
0.08778836912291428,0.12082017486262811,0.23407658926591493,3.7968317899250814
0.11809907924778132,0.09044183441896639,0.25520424731258046,3.951488876805962
0.09055396821904169,0.09830717609126365,0.24311023552037647,3.8251498530258603
0.1356003823311386,0.08806138358177637,0.25833660183774776,4.271401712215999
0.15508803970570972,0.09853468583322082,0.25895682795535685,4.295992447452043
0.11741898084643303,0.05593291633020532,0.2937586940307433,4.504607442746363
0.12062588255770255,0.03880427466572186,0.3261208304587298,4.604132559656379
0.10122070141535328,0.06472240476713279,0.28241065720752023,4.26062294282329
0.13303305783967162,0.06242000969486796,0.2705742500489302,4.2455724109676005
0.06585896597078983,0.027384919428668157,0.2576130906759335,4.020734019485174
0.07304492158008781,0.03454052762634402,0.24469710119846388,3.727491028810808
0.0647942545747983,0.020470365446860338,0.23925840197518852,3.6859431618804535
0.011733914594830915,0.05910398002527181,0.23079202571003204,3.5957391331079975
0.05785959543692152,0.0657881522295981,0.19822827328732628,3.4538512678453515
0.06309966912122442,0.033604827543265596,0.21437619408032227,3.401979479026952
0.09281816354798719,0.041161113637877916,0.22746077384812755,3.634461708048825
0.11146780979919109,0.038441873902827835,0.25822400257890815,3.8793089108869556
0.0730083143479956,0.018693302118988626,0.22554670498235976,3.3793395135601583
0.01955462599460093,0.01058209027136261,0.22649592734287421,3.351580594001393
0.05999145781201891,0.01952471470522553,0.24850108777485386,3.584774003937782
0.06008464159173889,0.016231188935556272,0.2443341140117302,3.593850101867086
0.10489808375750065,0.024870587648231846,0.22167129942132294,3.423104439393956
0.05868165179523157,0.05974532911382168,0.18550740564878515,3.1910918857577117
0.097872306666375,0.029534336588666273,0.28215244193487976,3.872260932740013
0.08401673682032078,0.02512876237623948,0.26562446922559746,3.84139102819099
0.05034625550446455,0.04364672920471628,0.24305150113362683,3.697878780868606
0.08091855919520612,0.015280664284879515,0.20723123206072105,3.4501473085256515
0.07613702057055535,0.041830842070718646,0.2279943994932164,3.580073200023624
0.07850944421767801,0.02695289950324586,0.21115007524646534,3.451278954421856
0.07513639907197603,0.01800981059296772,0.2342781953731015,3.6013238521221393
0.08163876915560511,0.08468869057830891,0.2011226858739534,3.500905234272666
0.030241535441073844,0.05968047954035993,0.17661414972418557,3.116467629772293
0.08313082998421575,0.0024533675173520814,0.2392987274028495,3.636428318976994
0.08098475515084215,0.0190646159940071,0.26763318068421105,3.8941574654327007
0.1538607105602803,0.007221508496797697,0.2752617637735662,4.159052802572009
0.2053129762929634,0.07660617893906768,0.2593856649096104,4.515803597247929
0.1728065452822446,0.07315540405433715,0.27411020656226204,4.412351378163768
0.16907602663031435,0.08953509720693857,0.2773718953474841,4.491993277108483
0.16651960088061696,0.08756414750451022,0.2447023409181608,4.162464755840936
0.1091354418803268,0.09123856346532512,0.29089322657226935,4.466232846762868
0.0491130458782924,0.06842005239557938,0.2651981863921211,3.883136844240706
0.012600991983519839,0.08629924329256765,0.2766473817753279,4.088234425693876
0.022659706482103054,0.05025319562841134,0.28564054482960816,4.231894658324966
0.007366128079420754,0.06702614662424754,0.2887487930201194,4.175768550585909
0.01736753575572186,0.04568477561280989,0.286273240595409,4.12745725561447
0.013771353949626407,0.07407559500025901,0.259744006487358,3.8823342628381803
0.00856097573931956,0.054750905006198176,0.2801357031635906,3.978815184770589
-0.06066431017414558,0.03408162566822712,0.30426542808537205,4.2232853729262025
-0.026432518375665372,0.012069372706762125,0.2835382694910216,3.9224921187707427
0.020067724194950495,0.04146606391319501,0.2974920159209937,3.9262005361357732
-0.030832505151279454,0.08630083589378117,0.3189687408097337,4.470575047057851
0.041139123372871934,0.0709897258530937,0.2957419508333622,4.062815756350119
0.05896311412028674,0.08852370167712967,0.22794065586773365,3.7425985522605405
0.059873735364240045,0.07261142765415497,0.2900335066204019,3.967463789048059
0.11869443240691908,0.04294604091754644,0.2791467193701932,3.993139468939241
0.0854819637251351,0.0829286093502835,0.25710299570790557,3.8362135766790266
0.049291562141339756,0.09037569312900934,0.2812463788691462,4.010649081570354
0.05902618966255532,0.06377615438957512,0.3452876656984625,4.553689638821489
0.05789355193126881,0.07751557674006282,0.34142270770895067,4.5509995824595
0.04962707398488242,0.08570439245076604,0.3695263845415321,4.834845957031508
0.04719802960340291,0.09315549641733468,0.29563089273416665,4.133515895002113
-0.0024014898970528497,0.10315067633372571,0.30827615199739683,4.421028533118906
0.03557791554905957,0.10695943331764608,0.32093073431083313,4.482689919863905
0.08804160278758223,0.10530702527163517,0.3537193471211225,4.809177081702751
0.009615661995053053,0.1723882808350622,0.3574141518271528,5.169773514395039
0.06061757757597949,0.15875955734188338,0.3055849902384548,4.674711499640972
0.03520408274725923,0.17692226472044748,0.24869778572101786,4.246190089088826
0.11790900117284495,0.16382526473545284,0.23630697030309233,4.202561129137761
0.08562852285412303,0.15125179489391705,0.23139639593727654,4.189439381808274
0.14360248859380118,0.1788435558824863,0.23917442934995717,4.406781462368532
0.1473173766726985,0.16206991506307564,0.2781478742912189,4.502901123704486
0.18796542499602356,0.16755568074254992,0.3138918968356218,4.895762767092993
0.1157409964140577,0.16525002627838525,0.3019099210808647,4.530462585267978
0.15538598536365736,0.19009927770226262,0.22145834369075007,4.371655533915507
0.1595180757641904,0.11980964328321343,0.25804194549052467,4.396996772811462
0.17627197301326902,0.21663895830094518,0.29217172992149837,5.215899045065408
0.1266384962687551,0.182953563610917,0.26973197355511486,4.638351430701357
0.09900783635126609,0.20052189781701765,0.30467188949722046,4.784913568036438
0.13195121559619463,0.18717393437414626,0.24041052985031336,4.488470224988806
0.143009129395759,0.17542427418748088,0.2598134161044421,4.814927013449942
0.15861522055004393,0.16003557785753733,0.2527838603139291,4.570684624496245
0.15159812568283293,0.202925221894541,0.279722499582778,4.876976356177828
0.17725631272559358,0.16577240238058044,0.2148363950186864,4.379456192784561
0.16959544195832899,0.1556998129746445,0.22052283685444948,4.468695110099259
0.21023739968237032,0.2062597900480268,0.18626707043638546,4.699302955594089
0.18926767359362554,0.19328163845708396,0.19187179167240354,4.4993435451694115
0.23388817348577573,0.19102715701750672,0.2012038840568225,4.823754718274721
0.24296797750990384,0.19736310761437148,0.23285163266733136,5.1518315058893345
0.20358934655215497,0.16654621002941894,0.26497293623257046,4.9295186921283545
0.20613144377593587,0.20055998710279355,0.2512966853894824,4.990603873471217
0.1684888625114186,0.16560079242573916,0.24663215101381922,4.53841492766801
0.17781778752892882,0.15385121175391273,0.2248668957738093,4.50179533784842
0.2193476799328647,0.18346233930599953,0.22665638368127483,4.794885111630064
0.2137282336263983,0.1520639400188443,0.2727501079616737,4.907643187007999
0.21323824446376166,0.14661354621923975,0.25173872627809785,4.794718879470649
0.16650653614336464,0.10463434111705289,0.22838405127781192,4.2759042438925166
0.17113622404841256,0.10408140992098591,0.2419100778752216,4.326368609008828
0.2233946029688391,0.1103626178337862,0.19767068124559234,4.568606064947548
0.2184635983990867,0.12883117496902982,0.2526651691225689,4.75176473822211
0.25369688404684343,0.15260036065126753,0.2694631131217858,5.140954118568669
0.196636172804495,0.14151961378559982,0.23677198716649878,4.525989927319063
0.16303765393615333,0.136620350112677,0.2363811659152736,4.460276773248122
0.20177737034712454,0.1535655857554815,0.2429859337323274,4.732814792793551
0.2019124320337348,0.18445040010941588,0.25473764018387407,4.974808164078356
0.2195382756378103,0.16338285615669357,0.18916254949405062,4.623993111283677
0.22233746810911564,0.18052351011767026,0.24999518147718972,4.993169859402341
0.24138843523951714,0.19205834423987964,0.236903334382144,5.039136521961617
0.1718567320696472,0.17625370113273595,0.22390450072817586,4.565540554253982
0.20888561469986527,0.1678313388782126,0.24167257125428251,4.7543260603702295
0.20090215865090838,0.21311557506068898,0.20432087697598625,4.796620488315149
0.06312075401949999,0.2490620541581931,0.1549671259703237,4.209780898227026
0.12852242759079052,0.2337267428223341,0.1478259751986721,4.377622659988504
0.15182228532060638,0.25057704848478357,0.14911763549271595,4.448334244209613
0.09236424385973104,0.2442458397591259,0.13307890929921268,4.204796358100822
0.11951510359083264,0.23298151684016874,0.16416335758807496,4.501477388035118
0.13835577290162593,0.2048251516216877,0.1328161956764237,4.403471548378945
0.13619980479629962,0.2082393037383255,0.13734843771379665,4.094648432728255
0.1238538580064213,0.1902563996701287,0.12880406997071814,4.016268879092842
0.19745392450102833,0.15715379518847092,0.13617811262251805,4.222303499818347
0.20864745755239655,0.13077955521889342,0.10098177712379708,4.271307926708903
0.2107673351175547,0.09899969070017503,0.12795306507019455,3.9725953828131613
0.20218730572991814,0.1061286636183024,0.1510056159096878,3.9966965519151407
0.23588676380025042,0.11594896495672626,0.16067372117711265,4.341085754238328
0.19143317898008966,0.0916170771871086,0.1518369870905086,3.9347064072297586
0.16812286373805477,0.09313368751466555,0.1573379654127276,3.9933893164947585
0.13118104179761114,0.09216024418325476,0.16583648623243896,3.7399397969979975
0.11675766150089181,0.09225140326378782,0.1634992228701152,3.793413039699276
0.09885128204322043,0.051084396814986686,0.1935254316653402,3.9160135791635673
0.10189182045804977,0.05967932789188874,0.1765757600534456,3.819409994368206
0.19809887579464852,0.11369710815453875,0.1654977874365753,4.22657625209558
0.211514905390082,0.05708622384420926,0.2325031316006189,4.662816575972083
0.21975185127972624,0.13939050657023533,0.17985505979761945,4.724823651053163
0.22788685381837603,0.06897331654616003,0.13209079455338196,4.370101780666707
0.1914794534806199,0.0954004679235262,0.1563788233164766,4.149344892342805
0.19225188835718654,0.0913186653578281,0.19612097926002786,4.393078409229125
0.1815833161098498,0.08704594552154855,0.16231392462988264,4.108999401754545
0.2139071441529141,0.07411446921379768,0.16138673643383294,4.244209952660238
0.15173716059353196,0.035594260032490437,0.1792441042648475,3.959339423427488
0.22301887518208552,0.05879198086413582,0.1503237464688275,4.238101353071502
0.17974515451158746,0.025542113020113767,0.19368694703378186,4.107129293562867
0.16977956468759453,0.04352606245236126,0.19445160052364183,4.057551859547174
0.15442643727646113,0.03840591777138575,0.19260816666296363,4.103126411295468
0.1418340355156663,0.02533665294811235,0.15713491896105464,3.540412916904636
0.16143392234210907,0.028123364533089595,0.14305410815291833,3.6516683200003666
0.17529333554267393,0.024309397146599337,0.20446176832165297,4.0914723007854175
0.165994629880729,-0.009481463939677902,0.20067543420543066,4.011127805179575
0.17484649598976199,0.027147184830572203,0.14719507838467238,3.840821505919762
0.12691038023583567,0.04308437048059381,0.18610510055754118,3.8156794255982835
0.13915519275812394,0.03667901058588969,0.13139952849294395,3.5156434953345714
0.1635430001993243,0.04149484689460588,0.21215661914919312,4.171090346869338
0.15229931317400083,0.07545661739667991,0.18302285148961114,3.985987952754219
0.1642728411672044,0.08645591276270567,0.17203355059768302,4.0597877828590825
0.15694078674395742,0.07348121864018757,0.13685035110447047,3.745835200859103
0.09060826049488938,0.09094555384948985,0.19315553310881664,3.8343771206645028
0.09258618642106976,0.1104635806390743,0.19524648675952325,3.752847130032412
0.11488626316406783,0.14081026803083993,0.16184261365194225,3.776157693927245
0.13554755323996937,0.13058404593094583,0.21357805482432937,4.322149666896731
0.15230276056406497,0.13608800557714215,0.26005814403965477,4.5635954300222314
0.10565727171403277,0.1442156826435507,0.24129173423013603,4.28358601862421
0.03870750082894233,0.10240763215211383,0.24072935460318132,4.07576527570415
0.11997859632438224,0.1146593832696693,0.21165177140324118,3.9486751342811
0.08569692148772384,0.1334616341250647,0.23167499425958926,4.332307506764506
0.1406430832330334,0.11426554825175271,0.25359785049563005,4.506102204171045
0.09961834622068304,0.12009538304886944,0.21933294305093456,4.1020897648744326
0.11128716160675219,0.0806620868495367,0.21992301132567973,4.017348401309861
0.1284652289345629,0.10521558217129166,0.1910616600306837,3.987684282572125
0.15944012558727805,0.10369691138549697,0.21322451480182184,4.370817305404849
0.1049596700298169,0.08939751555599182,0.20527076324708085,3.8612042070778263
0.10462642740437897,0.11340274689554256,0.19331994348655673,3.787612115639095
0.11342337687614318,0.118253139306118,0.23671738845619877,4.169361103709165
0.13531292777818513,0.12965883490051452,0.21581372331669846,4.1399236270651585
0.1404072320827124,0.09829296413763454,0.22065449964139958,4.001509661153783
0.10350099285568191,0.026680206805857285,0.20253147231080473,3.793923830549089
0.09811748628644316,0.030140870313074837,0.22433197889978843,3.9379919667381365
0.1382775648473068,0.04345905348028419,0.184878121326264,3.739389957433733
0.15288695963078996,0.11414420546225783,0.15000417022211657,3.954905644466826
0.15445772073940614,0.059289675897506756,0.15931703264174335,3.858365944824587
0.11428330876772479,0.0825146189779947,0.17253801908613667,3.798113459881292
0.11785681527203358,0.09786364237895423,0.18334468300453444,3.91055996869175
0.13330522487348076,0.10554866353387159,0.18732986169750704,3.9143966068640186
0.12131111119126049,0.11321529420596818,0.1624114648102282,3.774947962743682
0.11879953326687356,0.12404851067380211,0.17954134144164036,3.8842918901319026
0.11091506650860214,0.11816048858398621,0.14526592990919582,3.7325047276425876
0.09963529368707476,0.13745776715780691,0.11398732917939716,3.7613209038402995
0.06843108739802777,0.134747784531519,0.09625328370162799,3.581538965895531
0.06559705258066044,0.17972641184656407,0.08155932393728944,3.6599836281444857
0.1077803648197719,0.1328101572986072,0.12324545826912883,3.659048498587196
0.057547078721789005,0.09253392243680782,0.146310466619705,3.645198535201106
0.05418122680097885,0.11483677486276814,0.14004223947185296,3.868832804865602
0.0263998964056856,0.09092926114749753,0.17390065174791922,3.7709417859232195
0.004670605287484894,0.10928807855416099,0.18527310753538873,3.7491689429848214
0.07497744771166533,0.1350545644294719,0.17932223430480565,3.8507090780369695
0.021302897789099065,0.07944196685081338,0.2271124855471133,3.9501349302160658
0.08343074278365785,0.0691483108168019,0.20993561591057341,3.848288411503092
0.11181875289252947,0.06337014552501738,0.27742953140245447,4.429262259713813
0.09182987487911695,0.08240815900751336,0.2823402460796614,4.330652386981103
0.051604337614258845,0.09093438253067208,0.2401567951284319,4.109530764252489
0.08502757322291898,0.07917149384045272,0.2402960585023301,3.954938631625668
0.07904433065777514,0.04912953303474285,0.20284617011871872,3.616718848283371
0.09395636315320198,0.08733721627958893,0.16717321598463902,3.53400386098274
0.03492999325437131,0.08223058282028756,0.1605201651202006,3.4680012290648765
0.07586805861055018,0.06979055280980581,0.14940224212621744,3.56721521277794
0.05011397554580353,0.06385391606896694,0.1810318164173401,3.6308706654383553
0.07003407621553859,0.077337732218493,0.2134236481378882,3.9072710437055465
0.12571207915503552,0.0883757114050933,0.17525450672615778,3.8240129073897617
0.034238309541603035,0.021476191238940755,0.15244748905377245,3.2050536538613126
0.02766098219052807,0.04788687580081765,0.21614116782929513,3.778202163480107
0.09833259609679089,0.0844199258731712,0.1780446448948903,3.6033536415244036
0.0862162304017754,0.07537017070159545,0.16048013896145183,3.4291945177157963
0.09937757353694865,0.046324884645606676,0.19427036793314284,3.7234898411719253
0.012746588205558126,0.08968678267485018,0.19182229817363233,3.506901246380898
0.051604055255819785,0.06769654415739249,0.18627224172068846,3.378329239750846
0.008200563769102836,0.06695793565960109,0.18093783250049394,3.371230729658974
0.011293700422096587,0.06252420222846845,0.16360800434118078,3.2385776345112363
0.00828854934252282,0.046567953334682305,0.15792223446762257,3.0843287325936735
-0.04219770691617457,0.09102709819113755,0.1770397492965271,3.2870138721550037
0.003710919512706887,0.11180253139984384,0.12022195488995686,2.9423483740162593
0.06864476446308483,0.13468705330071695,0.13219428787403165,3.1393320755793357
0.06523994767475222,0.14220512150376322,0.10289881666586179,3.1772779111219354
0.05063362135477316,0.13941983508958275,0.1178131406540701,3.2130049620124566
0.09350590186407322,0.12194134503473232,0.13507159101985264,3.3246280364300427
0.09008130034001414,0.10723152615257071,0.1635301261903405,3.378366525639638
0.03995915708838041,0.12512032290356218,0.176516101781488,3.4304645724982703
-0.024749087825832856,0.09956988964637215,0.18792672110564065,3.3083312336430937
0.04108578380747432,0.0884773173241152,0.18664911225965886,3.46695482472994
0.025679792677942945,0.12162560589107341,0.17361251333252573,3.5157683636521027
0.08321114365450737,0.12329384453640563,0.2315558079904114,3.955449601500571
0.08252285611129959,0.09379577531029717,0.2553191303949102,3.9669111846243417
0.0537838895344873,0.11734644727109751,0.2577000938241601,3.9250565425621544
0.14925639792373224,0.15916966417466172,0.21609450427863955,4.039251945205261
0.08348697452163156,0.11280206728019584,0.22969903595049598,3.7926609238504234
0.06517201551478723,0.11187903153169308,0.2658306604206896,4.091037083738695
0.10419923478586622,0.10790411205190306,0.23204796506343264,3.908531729719543
0.08916871001212129,0.09348508377029364,0.2214410621809421,3.7817719627688087
0.1389221172020168,0.08497961984200657,0.24858528446990782,4.128108653706793
0.07675214327574881,0.09336408545244476,0.2860391857527439,4.186871126459784
0.08508072020942213,0.07264432960344654,0.24476753304792742,3.8455091391218943
0.13877041584091063,0.07636193671406433,0.27054634088256935,4.120589501300006
0.13243232968720794,0.0669869940157798,0.2295388662033453,3.9278461056511103
0.13419028391367546,0.08932443643755385,0.2546832225549741,4.055461210493425
0.15464684945124926,0.04427956356190486,0.27830709959005256,4.265337786474164
0.15614044930311588,0.06514191022698754,0.24824935214363775,3.9772114105636267
0.11113791353386591,0.03957432660572032,0.2331678778475368,3.787042818269761
0.16109795564862184,0.08531830620638783,0.22401573654139814,4.10653682490742
0.1310116426506388,0.05748826038319556,0.24752218011557933,3.9819823493453423
0.05584449439447867,0.0499981064215543,0.26975877365121387,4.016700965181286
0.0716292395326634,0.050021489635586495,0.2208886847578869,3.6244318324506977
0.07954065267590595,0.03475093054648624,0.18623675096976375,3.267479098363337
0.026180247236847802,0.04518501068928976,0.19786133312848603,3.2115401076258903
0.13210629323997505,0.055815595766169984,0.22452143511871783,3.624305377693883
0.06657557344814978,0.06788692593917577,0.1968984488064472,3.5374208906022653
0.03602723554490841,0.0531157299808447,0.1982429604036145,3.4028396969004326
0.025053744015468227,0.06880288526349515,0.2175760805863862,3.5931633310619753
0.07629447993634171,0.05692591783206161,0.23009872320692135,3.6892855966978395
0.04204917772008005,0.047207502377573755,0.23566055190767224,3.780895145600217
0.011952318140426682,0.0542482707776892,0.2714833600683956,3.9666133594267294
0.05229846310303024,0.049879215722141525,0.2777949633901772,4.090887447539407
0.05241610955115566,0.07898775724912882,0.23652895438176447,3.8264361704765015
0.051832149671079665,0.019942104616188956,0.230995350976374,3.660141739624285
0.02200035355228685,0.04772682793885426,0.22154613668928752,3.5564118762132337
0.05090672688246666,0.1119361424944655,0.2455462729305668,3.870460447229756
0.052552976048301905,0.0870810104598181,0.2327185848326863,3.673469555693708
0.043903314266790325,0.050713040216725076,0.25282315192273447,3.69752871656439
0.03428800259769874,0.057957177134630666,0.24446191293985178,3.650236438892647
-0.02689503858782699,0.06477582176955272,0.2486298313780045,3.6139152181218064
-0.012951716864292164,0.07227441127001472,0.23678447308412426,3.55210731837139
0.03173073064913661,0.045438672949786006,0.19042423239705575,3.145715889804924
0.05404987423807101,0.043301938922277655,0.24389764922537385,3.4823354290938706
0.022641837625074178,0.03293814607293253,0.2395521002971877,3.4964799870623624
0.09075253409798664,0.07328176527749819,0.23531202721106215,3.6497836870048466
0.07599770892246518,0.049177223288725334,0.2246285730213781,3.574007346335344
0.056338082993036685,0.05528239217327577,0.2530396148159573,3.7990952597834897
0.03585147620714289,0.04257557952556415,0.2315493650169931,3.4915459014129864
-0.04013703396555938,0.06433802601728052,0.2231843221648678,3.5701551041909743
-0.005063040812775782,0.04317498197608624,0.21728445022773232,3.4065377793914706
0.0024991842669108808,0.07132919560312802,0.2270372882049358,3.599733336833981
-0.054785773077349664,0.08285278132740037,0.21633484884203058,3.516429679494178
-0.04201323372769337,0.05238450950927017,0.18725641293826642,3.2864915932530328
-0.0032058920241071157,0.03548805524749307,0.20014006614172347,3.332409410278872
-0.002793951526745237,0.018889399981008033,0.1987418038928149,3.3069649061971336
0.053842345907769554,0.061635924939411925,0.21607894374863001,3.4981024440456365
0.01599435366671759,0.05874515741634339,0.19777611828679148,3.340095980485397
0.007088366236782981,0.03247570796309645,0.182296998514259,3.2968059962320706
0.01865628591476299,0.043743207092368175,0.16506017605384923,3.0025682714968958
0.01596724010085236,0.024783718309719045,0.16322555093504115,3.064946369270009
-0.0023249792881449563,0.04449855729100342,0.16767950576195537,3.1331510843817894
0.04018483201751604,0.0666570245444898,0.1894274548370178,3.3047349368211054
0.03218274775937891,0.07279878563843488,0.2474830996186158,3.7932666200125142
0.018694230545339988,0.0502072144976134,0.23923824726601617,3.6463493100278557
0.030337324859947338,0.06773544620316656,0.19806340976171097,3.3229170752592903
0.045955507547986364,0.07100719706890499,0.20696314707002347,3.3591294962551683
0.04523210792685114,0.055262281970514665,0.16130222976565733,3.130086705241478
0.051725927809856215,0.043045582544967764,0.1949940148402809,3.452984090615919
0.038679618377737354,0.056252826686231105,0.2140669231545674,3.58829862200282
0.03514832083311814,0.058836919266216293,0.2882725935970247,4.097075031148597
0.05791860077517029,0.07238509884692414,0.23879471406876213,3.6552332889036654
0.05114938108738481,0.06339331305504013,0.23971217328766073,3.6013861130018836
0.029671179306746398,0.08087014732881825,0.2150623911238649,3.460532677930541
0.08977706620619952,0.016173858410030443,0.23759994243725668,3.6651642421904453
0.0749558054401286,0.07591784194636929,0.25248194630945203,3.8439257075187987
0.00034658431845003206,0.07077301113952225,0.19314609332391827,3.2960576307082796
0.04732015182337959,0.10550711514142122,0.18833168070242234,3.611590485529617
0.01560967304518628,0.09084182677993355,0.24574981237053756,3.9627033159272513
0.03119373946942205,0.06029301405176186,0.20293600280916924,3.7276632024505796
0.026800718974027055,0.10751440504914933,0.15507467022825794,3.541156803634842
0.11609292329221925,0.07850286594206815,0.13856396395091264,3.3720520918216557
0.022189900639810065,0.1081991219493619,0.13144270304287664,3.202283769221451
0.04277279570025246,0.07236997462169584,0.20709054279256284,3.481479098639593
-0.013626264642243535,0.0877674659148975,0.21025067536844563,3.599694098407306
0.020745651248809626,0.02855219937070814,0.23824694899534238,3.751153240748473
0.006597934909845646,0.08387332643813658,0.23841259882173793,3.7823204217442354
-0.005509291552914615,0.08272259806509395,0.21508388000893272,3.7347406451856635
0.07399783470205275,0.04625096293986685,0.19574193806505172,3.295376774541387
0.09004411308952134,0.0931618221294961,0.20112571853602798,3.7018211073861873
0.03233882291463409,0.0690166434503146,0.2111750721225715,3.4612450917228696
-0.0027082281788068587,0.04110147100926387,0.23574587004539482,3.654074175264314
0.0033343302475107766,0.0874149693541685,0.23255372993546639,3.836218259434037
0.0024779450253023068,0.08509210259148851,0.21315234806270517,3.6199919910844343
-0.016623675075635325,0.04914645545301916,0.169022248322079,3.2883678277572717
-0.010341827197627274,0.06584731018028181,0.18140074963030683,3.449909324756912
-0.03192268216785859,0.0501658991269916,0.2061778103818612,3.521730844211819
0.012455462576770517,0.057435204303669045,0.21496567793193813,3.553875545967369
0.011335473111300058,0.05687129655328321,0.22811416804376433,3.6748144619808176
0.04167330930081813,0.06635033596199405,0.1934921830511603,3.4781083137245163
0.08300403120269285,0.08042860637488228,0.23527165293671454,3.8058985902274416
0.1316560125838441,0.046185647033829415,0.22357844405853353,3.886482922401448
0.1495392938529153,0.07844537420075044,0.21057759234840215,3.918353060761601
0.0970290107466431,0.10974130311873934,0.22459914258988922,3.8872739116911106
0.09847815978568958,0.032133650502928185,0.21862493083526652,3.5933271052119995
0.1255425772760598,0.051084700392272676,0.1767075123503982,3.5120861328362496
0.050917687698589106,0.03782660781065089,0.15851625689716128,3.191928357960023
0.12369705522091552,0.06370789404368464,0.18779454474231327,3.573213162542619
0.08529530670243729,0.07581326934338664,0.22420779657934212,3.8462540637507288
0.0934543360714147,0.09228847009172808,0.2159902783544242,3.7329218395931245
0.1309681146178088,0.05456980610504126,0.15820268012408845,3.525121358486229
0.13686941002653577,0.07109327207676226,0.1186855337660832,3.200986579721025
0.16790034492898287,0.07812452457568182,0.09349629797075394,3.4008367452006634
0.08073971166960002,0.06464770013381692,0.07641058131194413,2.7704874257492293
0.037247196238905905,0.08617665943224252,0.08661952231649309,2.7250450079792654
0.06733276435713209,0.08500280303987853,0.07104851718989975,2.748842320961862
0.005644598565380122,0.14948412995619217,0.11459581734412388,3.2159273547049168
0.013148455536629085,0.13830780638303625,0.1152255280408197,3.1309826232287725
0.05801319488944999,0.12513546080808013,0.18633795710053333,3.558808303029067
0.053837536623620626,0.12981314462620963,0.23237777011973232,3.9884405620574133
0.08660110665920293,0.12633453531397326,0.2146420234814285,3.890258293735329
0.046306226895558335,0.12609592621770505,0.19536996772003704,3.793682676503702
0.09275127824309921,0.07403375961627832,0.25685004484778173,4.0070090448077265
0.12493570793445093,0.07414228591050999,0.281007054341711,4.318042643927904
0.17251247707383124,0.12104254181232828,0.23314729873275689,4.3206995435167075
0.1409193201836399,0.07825079407323558,0.23923955975363703,4.047966319006143
0.08421193082626924,0.06133414331066097,0.18516378095139907,3.350839727074679
0.05673629906398085,0.09097710930184691,0.1730309102098915,3.2612628623015265
0.12381365734418921,0.08156599408880262,0.20251312410790226,3.877482701132968
0.08615106545126933,0.06614965273313908,0.261192520423797,4.008160470268468
0.15549019420633875,0.053284943112750865,0.2237339448844171,3.936940604014882
0.18731634381413795,0.03165649434522042,0.19277647372911041,4.0548336116344545
0.11443340109515274,0.04329770865493797,0.2563826536981659,4.1721915752287035
0.19724364843562103,0.08085324889875212,0.20554236389654656,4.137413003100644
0.22179223359651037,0.15684678700292265,0.1992776485977702,4.643657273868793
0.12571433999480558,0.17447511764126342,0.25302859008579015,4.681624020683261
0.07574608825237841,0.15749257939788633,0.23746205449513205,4.295669467322019
0.12645861863011928,0.13724728259097158,0.20689463095828775,4.0415028961451975
0.09282624531291138,0.1344727603344206,0.21876635517740686,4.074843750813526
0.06571679288930571,0.13090388572585035,0.1992056371269452,3.739996989399787
0.04238076741948138,0.09349464585202423,0.1929261370558606,3.522265458359996
0.13402185921313192,0.10738852547412572,0.27431123326821016,4.4231050772934255
0.14523880687862842,0.09323271403974,0.19463757619664737,3.8028793392750666
0.11761666579786699,0.12022886640217435,0.24767055963002088,4.299903706980017
0.08737976819907352,0.12155756500636308,0.3063232874628343,4.565655991591783
0.03353465337433115,0.14052801051223185,0.29167981301730134,4.437153688690616
0.04607284588900307,0.061741414264769055,0.302909826996757,4.3976886040682865
0.03646803262181574,0.08928708141941155,0.29671919620964643,4.365830983352895
0.04887558814056962,0.10665424449960584,0.3414915470877485,4.896557756517252
0.04514340678050985,0.06089969920966351,0.2916007949010012,4.3202675387962355
0.05782215691317021,0.09190452118413968,0.3071138212934096,4.556490457377997
0.0037401304153495954,0.09171262041161667,0.2627014035330843,4.160448938724333
0.09650427827035715,0.09656275195751611,0.277642102277302,4.268091065373607
0.012371775795954205,0.06919244905859695,0.31369477577035715,4.506901306373337
0.07293647090255499,0.06249822790303666,0.2591075037158164,4.131005876341486
0.11731651082357687,0.10067985637507926,0.2871456281345888,4.488881717055892
0.1280539830722481,0.06934185404209417,0.30873833363671827,4.617065463993494
0.0674477520408965,0.018805586763916454,0.32979396856186816,4.738451235565646
0.005060075506059453,-0.003119242635675066,0.3072787555043507,4.409664424773927
0.02648352870692547,-0.045921989727940475,0.3311516939239137,4.624242949140396
0.04912511905040684,0.03461190396385306,0.28478214567991755,4.213837178804519
0.07202691865860264,0.03900224751250713,0.23168755511946923,3.7088681562293164
0.048162565299810896,0.05009935182569627,0.2830418840670943,4.183559207733741
0.08800017505345167,0.04339038941896102,0.20149334516594647,3.5465014951374663
0.030961879827773837,0.08343777148025915,0.22922085193267855,3.766479141214404
0.12019330674729795,0.09782235986691332,0.18123611758512198,3.808365521271765
0.1222362668502942,0.10661859268788004,0.24456362712069613,4.0739892702955345
0.1221842271913954,0.07471443190031975,0.2338538989780114,3.875406543229912
0.12021252757538431,0.07911575790234247,0.2172574799551727,3.7631478188091276
0.09350238287959184,0.07957445640794418,0.23198598250438746,3.8991736352469752
0.08833711636074504,0.06109626786154048,0.16620115242439676,3.447402716469746
0.07077165146564883,0.04500192800301526,0.23601174749208334,3.754106224346182
0.01201479000534642,0.0905178725087445,0.21023801459384794,3.645943815750146
-0.003730823688161279,0.014387453398026271,0.24944157778242312,3.8611442981052617
0.03414034767201516,0.056957193702700214,0.25033150269379806,3.9127760024881133
0.024554534121360834,0.05170184015409026,0.2888667034938371,4.186762645447896
0.021583838951030308,0.05067849911149575,0.2864279419608154,4.041560354483896
0.09156473869990003,0.06514071771923251,0.2642666852371876,3.996503064965982
0.0943385307648838,0.06989916124552761,0.24763935506298584,3.8674249342764173
0.07139189763024696,0.0549870682182549,0.25467390024037123,3.8246233817977138
0.06635293380309201,0.05971426804426268,0.2968032927769717,4.104862455472147
0.0967536625952624,0.07421965605206259,0.23990131532648282,3.8911453077716622
0.0548452465378902,0.050526248066364646,0.2542560588137451,3.9115235185111406
0.02208664980477012,0.05008598663752282,0.23706194720955637,3.6886684829060137
0.011694886234737833,0.07103623779731122,0.2480684552724931,3.8106481662525176
0.06879048430738845,0.04149001055705851,0.3196704481135295,4.4901685700445615
0.06444228623581039,0.07207405242543745,0.29821685598007786,4.302522393963139
0.04355212161114222,0.03643306456983254,0.24082617052410807,3.753969775222572
0.019764610912586612,0.031152966884257383,0.3534429013648601,4.597778895263012
0.018769129691776486,0.043753961013293714,0.3535887252023808,4.659877762348717
0.031464794556829635,0.04949975665926592,0.3052408376243062,4.274954127318172
0.056414942075958346,0.014246893881424718,0.35348578762918237,4.660147532203136
-0.0009077272967839663,0.024338525613909773,0.4072616151415129,5.161394677103751
-0.012486174591230756,0.026387443499026584,0.38892270993307704,5.069423778028172
0.03793222157489944,0.033431919415734826,0.3896283076377915,5.076120073077532
0.005316381691053811,0.018667511768998505,0.45838677454532695,5.802378524159235
0.007265987244651645,0.024206172217074533,0.44222102693713833,5.611603114731856
0.021997665937600577,0.031784168888678827,0.4197292763618118,5.327857366378525
0.013226657838796771,0.04245943554187941,0.3721954300201568,4.887103284925498
-0.01737923166198464,0.081070913691253,0.3489593059547925,4.750338916048758
0.0066715863274758565,-0.016817448127139294,0.38408644304068223,4.818837928447396
0.06370876236030301,0.07154925653806,0.3258214781631964,4.434739780220351
0.07527981330621551,0.06292673962852957,0.32537096748388816,4.455194480201617
0.03740413560568888,0.07268868367136795,0.322473067543318,4.338475612040236
-0.0007153753354854147,0.10630789063868108,0.2762237460420947,4.136452067876092
-0.0538571655776922,0.11511260003490104,0.2386365662960347,3.852608141604997
-0.022583371769295642,0.12392441265041934,0.21987838365217538,3.719028390692327
0.014035095326284703,0.09728310906891924,0.1807861881048366,3.377719019849279
-0.026218562725558406,0.07620166137342854,0.1495875529929812,3.0685026979257986
-0.04464913618149608,0.09620696460182802,0.2003215347425839,3.563084324248594
0.0009963906270828837,0.04730926135354528,0.2002718610167696,3.528843340792721
0.022909211678073946,0.040434394529415905,0.23856473915022422,3.6904564748478186
0.005990600957825352,0.11671480547472375,0.22683710126799772,3.79423475333805
0.07577883875903482,0.0426479392588323,0.2149690110920339,3.615987713052644
0.08238982065715748,0.046615034137920425,0.2299544474627694,3.720687902387696
0.06066215762100084,0.04405074081024815,0.23627310017924905,3.893346487419442
0.08554928629347457,0.0748861716962914,0.28653267640797814,4.189308416967939
0.05225268025800556,0.05463345995977655,0.27229285967933536,4.0354994225701235
0.03819459459823715,0.07204582469348025,0.25330422449410694,4.057834286472922
0.025116956182460334,0.06524280999054162,0.2330880550250243,3.86211114908765
0.06381024512325109,0.0840621571214368,0.24232336989720607,3.947169521934967
0.03207804738853704,0.05410013687269751,0.22480854847612683,3.722168210229067
0.05276649171929256,0.08714954249617468,0.20873995465396525,3.6859984969508757
0.011149459795707372,0.055815436597886466,0.22841260233965843,3.749667417534483
0.08062442894081416,0.07540899147376927,0.2329788176564173,4.031897213604496
0.0694364946907994,0.057648698954199745,0.24932039657885122,4.002720072207226
0.04375307729263737,0.07243079808146426,0.2314335751062204,3.786080360875522
0.04761542161713043,0.0591220617148147,0.27606927756466704,4.07006329799293
0.010475305244272681,0.04934860476968036,0.26203519957557453,3.9440018330063085
0.01371970637656283,0.0717888732831596,0.2164968058850085,3.635021729915314
0.01084202973687394,0.07930728608745478,0.1988216198922809,3.5363386063745623
0.02200242465543433,0.02560177225760412,0.2065318203149326,3.3929929001266035
0.026197281923754968,0.053227780080659766,0.23813339668490346,3.797787316114162
0.004756448547774846,0.0851488543887855,0.2689797804601215,4.075242305197782
0.017382037060008678,0.09703427677223132,0.24462371886990833,3.9228299613867383
0.04767303571706194,0.06635608851895816,0.2255436672348517,3.7794612393890286
0.04868615438764178,0.08183564090424478,0.23617134446906637,3.751310848609374
0.03206950480214867,0.09462968832802075,0.20860315923377024,3.771658478331962
0.05672087525645586,0.12728571326092994,0.16344460628814522,3.3534871939637347
0.06560009833847787,0.08006932829545858,0.203913442387363,3.716497322136533
0.08017747960706537,0.07345154026043031,0.22610089047192566,3.8367219673947233
0.07200974658861743,0.08164128764035965,0.22100676430664365,3.717290009424807
0.043223887402687275,0.09044245067546448,0.1979192059452841,3.581802979920538
0.06379671442936219,0.040189163441360816,0.24090645706564096,3.7262884540908736
0.09243753636213603,0.07175886564527673,0.3026756296879006,4.418888254248102
0.12228826309790718,0.09129669172327083,0.24915623038641158,4.3368551546575285
0.055239515138548016,0.12837388607234815,0.2593182181424643,4.2904612088493215
0.1554697166246738,0.05873107684000755,0.26147425327989743,4.335215531600394
0.11588404002108967,0.03625472817532558,0.2398556363267018,3.9328663245648565
0.16084459767265574,0.06630781850102581,0.2411508762175048,4.035557134519591
0.16121202541558047,0.056409547298290244,0.2408684212038497,4.171857281218299
0.1721764412066572,0.024795326887226386,0.2584513698825459,4.367916212298103
0.11896184983284326,0.040055798461574414,0.2595627481439954,4.154354832860742
0.11851143097652504,0.06767501311565235,0.24298471704384764,3.901978622361029
0.11957572521851939,0.047868144559604364,0.2192031407231037,3.745953450586443
0.054565311438407885,0.05652384389844881,0.1987512829837696,3.5438784944991717
0.044637218258039554,0.04388212725360081,0.17016315367491502,3.1619561389046726
0.05940928874549349,0.06098607423368408,0.21001053539904146,3.5851282289535824
0.08790719778304551,0.04565666796002073,0.22302229510780638,3.666710325025382
0.0645251708082295,0.02602847501557561,0.19061111880729212,3.548587864483855
0.0858871466194912,0.05012917446826763,0.252011006271606,3.9640707652217264
0.04277266596542773,0.06754806131465005,0.2300957004867509,3.71024621654783
0.04130824875181583,0.09891783531075349,0.21490724547451304,3.7489269521455206
0.030894907015934288,0.09062529580317831,0.18305218780480625,3.51334778941606
0.0829640164904558,0.028286230658281456,0.22540356073522502,3.7710431434822707
0.08025618658815571,0.04540004691914055,0.2353395587339973,3.702007935701185
0.08189659398391638,0.07485703082590313,0.179629050428724,3.4607240746923162
0.04834856069887141,0.07945905347247402,0.17324822196410608,3.3742671100907895
0.038984820424953555,0.0852276940448634,0.17027558609143073,3.4453178316233255
0.022189945883662424,0.06185052220204682,0.2183786649505398,3.5184485936433636
0.027015057101980603,0.03027386289841578,0.17728603460414688,3.2909062024611675
0.049633167927394334,0.027318273343850227,0.1829318094575041,3.4948303031556427
0.0668132103490593,0.05566524071630648,0.1683086822563693,3.3386809441593774
0.038419667699104335,0.0840804659507725,0.23282236678718113,3.8618788417731222
0.06685787575451703,-0.0069228725752391845,0.25140786974747414,3.847797766533554
0.08097103247528341,0.010896120859119212,0.2474076538583138,3.764154014987
0.10637238758671486,-0.012689984895629312,0.2655181014792379,4.084942534587642
0.05396830638905451,0.027903730235495073,0.22058629305014849,3.531259879033169
0.030785220070580672,0.037677064005604166,0.24320487247196765,3.7014584486441935
0.0579108880999353,0.043485051999964504,0.27996458428228266,4.159416310985754
0.03646670714191483,0.011592685239972438,0.2640109159908066,4.022888990189609
0.07814043810419763,0.04793514029141285,0.2511880088826781,3.8349421848777694
0.10855123524056044,0.04820762453159724,0.21815371926478414,3.838938143441974
0.1115161426591855,0.1105021490759094,0.21430343730741314,3.945088110791402
0.12931379192589432,0.10778017852383047,0.2653015712930906,4.326615957770142
0.09231741755623545,0.06343591878023765,0.26484454370305566,4.068492436238696
0.10375434567955868,0.07121391088820582,0.32867067242823006,4.7712004014654354
0.12796534575914098,0.08811890829742099,0.23298342225889784,4.164346212784905
0.13550241763358456,0.1454478926325614,0.21067020919638518,4.125422013591701
0.06220747087918901,0.05381586665111577,0.2270631255601439,3.8310097984552924
0.0861203147314599,0.07027613194499413,0.27246026297247533,4.188389368892282
0.069013894347184,0.07930151172485907,0.24745877866304572,4.068346284774334
0.005099763877150185,0.1046538059849527,0.2065350945806986,3.7224900866197657
0.06772781765274814,0.08618824468774244,0.21455703780115468,3.7599018709711918
0.15114482080693262,0.0629638420651885,0.18990338161756168,3.9138059911947085
0.11301996734480901,0.0556581908348094,0.27472650307692287,4.351547132800691
0.1564016674023307,0.020430245760506956,0.25432922850228834,4.40814206205981
0.14711517856057169,0.07424064982410224,0.23471424340948746,4.239538567023607
0.15396586624913752,0.06585570387072626,0.21727613553339523,4.161970889081961
0.14643079657408656,0.07240733673763623,0.19868593382060354,3.951909908358178
0.14636626283769738,0.10624177402658178,0.2222708436196657,4.196346349142752
0.19114549249191082,0.06015823146714437,0.20184830753659236,4.209918297230446
0.15325829324258172,0.06565772733011024,0.2748604702943555,4.590428766722774
0.12371650014421659,0.05429314021190692,0.21787127042334403,3.888110323936564
0.15784402229536879,0.04942444666774134,0.2055037864925594,4.118156008098642
0.14856798225987894,0.08186186920021067,0.2336767060708136,4.046670266634783
0.10380602914019402,0.06751636326619968,0.26925736807054235,4.247088397487667
0.12162481108916118,0.10889090219288729,0.2600167710126854,4.3755291015493585
0.06865846028243754,0.09277580925251325,0.24673448900233672,4.049696558003449
0.14126719587097172,0.10953834529274209,0.2921027411522187,4.661686595408146
0.06823602675223983,0.06862358951148179,0.29172017687462165,4.36998405489395
0.12432485092753823,0.1245634638530018,0.23523884401237463,4.172727145175116
0.11775000181657262,0.06992897748389758,0.20801695616699992,3.827965332520307
0.12525438636534464,0.062300704824097136,0.24778832625071384,4.057902164772407
0.10242210335924563,0.0604728909203172,0.2245010617739872,3.7705959159560507
0.14422888563798963,0.0643155215911581,0.19879846748496335,3.8102547277904844
0.15789678402784088,0.08846968599827988,0.2071507103802697,3.958573158630785
0.14649872359225705,0.10044716206772429,0.23226232039868544,4.179541027644136
0.08949790952606679,0.1153697064366097,0.25459500014866315,4.141042975661571
0.06914073508305453,0.07149085230873577,0.1584335988544493,3.0846941959833742
0.07140520582260226,0.0690438761764271,0.22880616275114285,3.566139022571914
0.1439015970485453,0.06880443197561745,0.22861926644035002,3.880703672064846
0.09710785952811592,0.12702014542206533,0.2615478793029048,4.263261081575672
0.06494597904763581,0.07732429783986164,0.21924697113268954,3.724437735815182
0.08016743783694956,0.075476445383457,0.24262839272772813,4.053528037166286
0.07783845778713451,0.13350848368458978,0.2553576140591894,4.125635879020789
0.05350052711497037,0.13168831390256053,0.2851083497837939,4.337638856626624
0.049754407813451994,0.09372253354996962,0.22308938706911438,3.617577695086505
0.025421322639747314,0.051171781920976704,0.23142286097594433,3.6467544366729903
0.05466960227091576,0.054459892172632016,0.24754884864683957,3.7986450469299387
0.05892748161216312,0.03710397723733897,0.27538051497376514,3.921683973329779
0.05939091848914109,0.053434404878262454,0.22607440471401516,3.6440421288029206
0.050961616565994364,0.11532946767123373,0.20598472895936315,3.6317759346001965
0.022094563949938514,0.061303004563623545,0.26664440827259295,3.9293950074685795
0.11803348689934505,0.06736874341074159,0.25701472446354406,4.201663310630717
0.1280272992000555,0.09579923308059929,0.25408500204746026,4.054768516002224
0.08172182470720976,0.08560103967564338,0.2519094153937411,3.9553738091175044
0.0815629855129928,0.05494349009377268,0.30312846151158857,4.330582315840719
0.062301327480083143,0.07742372527214532,0.23959510797611658,3.8109258536157538
0.05568606570027241,0.12431154560071192,0.31410505836118285,4.65864109106651
0.09244336766573882,0.11312699281612607,0.2416254239093594,4.111249274066445
0.0346169343797902,0.07207862493370205,0.24770450326020352,3.8570417223132263
0.10534297803723006,0.07046967839238893,0.28985988736999235,4.344215562632425
0.0889338717426784,0.1208435799834196,0.30081831198659836,4.504040666251219
0.06525330609780308,0.0726879265164031,0.2858314125641486,4.2383059120210005
0.08068233145454781,0.12681396256306535,0.30722866153028616,4.626866935390224
0.03252191372020055,0.0821689773318486,0.2826270760540192,4.223461580003883
0.03138448366855699,0.12242776079857835,0.26295320479996837,4.195687877378687
0.10303517050149184,0.06116459457510313,0.3231689911695852,4.708621856328582
0.09012505507376357,0.07506213836429458,0.25989511615081695,4.023354068618536
0.1618409613219047,0.12636500794103764,0.30702714634945033,4.792644227044556
0.10091345065106502,0.1049546695952554,0.3148720620698581,4.6089298902879525
0.10252744444020209,0.10522238448315571,0.27478656448897015,4.211747852038984
0.0851840430240157,0.11183809491579538,0.24988049545133917,3.989032718701276
0.10324100564015308,0.09844760686151087,0.210102067317526,3.7359829234813153
0.1370649575017001,0.054662966410606396,0.20144256169283828,3.715348338858922
0.08022314360773229,0.07022468065126501,0.16381570781668203,3.434927379124862
0.10348946208700185,0.025258043277300683,0.21596773542176756,3.7336685782890564
0.14583816172578282,0.05856529283160667,0.2133731592610817,3.8306906486602736
0.133310722242987,0.03452315264955701,0.1952200094662753,3.4762155008252233
0.1637463747683957,0.05492758350551294,0.1919684187513089,3.6715571883185265
0.17241644337517795,0.034781588386516016,0.2090931134046973,3.865827719058963
0.19840291439046168,0.05434198238909482,0.1931456646765001,3.998083645058575
0.16578396204034723,0.053753363933613844,0.21773953662263706,3.955119334485232
0.15894630458338121,0.053269919147095814,0.20308972077504886,3.740846248985496
0.14158500301092752,0.10052694177355595,0.20443768653979555,3.7881011352034095
0.1390448955793155,0.06191450276001296,0.2290423471075738,3.821423335360464
0.12209908115542231,0.039385665002411405,0.27566685225865534,4.151650480418184
0.16613831110949387,0.07946059099812583,0.2081104838186929,3.8061057718788045
0.13317661417553323,0.07495462584413852,0.1851950292920864,3.5891657491410998
0.06861482748455772,0.11502047985749922,0.2291694929465086,3.843322080054845
0.09077307644511187,0.08327459110265385,0.1796729563457329,3.40877858348101
0.05998997294648887,0.06438035999663147,0.2467770781277705,3.856870544525674
0.08619582434030829,0.06020525976443221,0.23444184593525946,3.799115762266033
0.13037759186278933,0.04142047785924252,0.18914123712189176,3.4804182765116503
0.1324897565116479,0.034639048004401145,0.22463898191738454,3.729542208889488
0.14868725772111066,0.05582340526291701,0.2176094369557558,3.631883124591386
0.1418285960593336,0.04473732737918391,0.2120330358603881,3.640005528822393
0.05266630163187308,0.03688556016011592,0.22147230780827085,3.521468514998833
0.08314237440961733,0.03370588875055096,0.1930398871142377,3.2690619645833783
-0.034122819648129576,0.020691558526574227,0.20825752960249375,3.2041766145991866
-0.013205556717913734,-0.00441500264905163,0.14381074411881808,2.620870440920092
-0.05925227585375078,0.04203606781050894,0.13402718472639882,2.638486068272552
-0.027357289769696945,0.0881448642672972,0.2036423141095197,3.3027557981606046
0.06206280775852272,0.13305953408205207,0.22154166930071897,3.583698549918352
0.05502839385256447,0.14786564323342777,0.16494735432673652,3.450750622486206
0.10419540628273628,0.18348539119450405,0.11744068328952947,3.481757988836857
0.04642963096049239,0.1832731753611115,0.13269814295118487,3.276942153127682
0.03321034282748567,0.16210054358065207,0.16780797312861342,3.443320730691136
0.024041856470157788,0.16904288602202486,0.1895173332463954,3.6376134141851915
0.0026156695097666284,0.14923491079453904,0.16255272687280198,3.3860108177996096
0.00785708304951475,0.12624504804800252,0.23523607940644944,3.7008587072046675
-0.028286323979047935,0.16746503235480442,0.214944133343511,3.843045948415493
0.036748077940375226,0.13761543758570796,0.2125928378767263,3.667180344416163
0.02963304654389953,0.1469679819199038,0.27168702865104755,4.141272961226101
0.047147394025752964,0.17558768468209512,0.35011392018214177,4.893170541792485
0.0019279107253233594,0.1887683250298084,0.2901982072167359,4.450036437386331
-0.04837243343375906,0.1780994170514325,0.2965544855054579,4.5742884584737435
0.0054101359089541836,0.1391531522104091,0.2594200348827464,4.0991814490523435
-0.04184226676285085,0.10020788968520979,0.2845292631297634,4.318845664722181
-0.016192147395381513,0.051858219211028615,0.27011161248831395,3.9151453300200445
-0.030525030598749087,0.13069240588913467,0.27571259350658167,4.158099794192431
-0.04480400856362756,0.15455714880198737,0.2930104745983606,4.3785043798763255
-0.026292333464316496,0.1346201632606615,0.2184444411556703,3.8332095491414484
-0.007668763029502281,0.15134388835736362,0.2622415666683286,4.212016092516506
0.02141251108719782,0.1588203590616235,0.25741455783931516,4.19861600852664
0.02294860132211118,0.1339534065807345,0.24254392561382637,3.813894939535235
0.0789390158759627,0.09075894066061958,0.24947139160734746,3.80728415799052
0.08167160859829733,0.09393763882786474,0.2355992072297881,3.680082739275284
0.055058088259607514,0.05379843552599718,0.26300264693294023,3.755888329230043
-0.006175087383334289,0.12900187806385047,0.23216495547920102,3.7060111433242606
-0.011769480140177781,0.16257540997654588,0.25026052851307096,4.024771573988856
-0.05877739058738906,0.12534184206771054,0.18876179890533556,3.541307818523889
0.030323346563770077,0.09056546243432864,0.2421620616756136,3.720645314683678
0.030838452107497586,0.1413538275475436,0.2287867884334915,3.6589822689828244
0.06338220163661773,0.10066698558704504,0.2032317080839728,3.5163700339350026
0.08493515782078388,0.1022918574893312,0.26311730088122787,4.0276229110889945
0.10394796241251651,0.05197283066590617,0.21090949921960248,3.60066475160477
0.011719903117920615,0.07366365612565212,0.26538472836002847,3.820249225617047
0.006775109987362874,0.08940645386955294,0.2594677200120949,3.7828646968853046
-0.011077592559809625,0.08898156568095107,0.21888422882179834,3.4947175940087734
0.06938268785472208,0.1059714380096816,0.25215191699516765,3.9337278760860777
0.06796344874828929,0.11766154631535403,0.26236227942502677,3.9279285469452585
0.13241422235101033,0.0974180922022895,0.2765242608399106,4.2032231559925535
0.09678591677053996,0.12701497277463694,0.30787424061063556,4.488041843494591
0.1429425423804037,0.06243303860567298,0.34315012550517054,4.805838157841194
0.07570858776418907,0.09715328952562924,0.330428948320895,4.463448228580548
0.10204966240174487,0.10581895431228892,0.2612500431341987,4.082396728030142
0.00023162714154092108,0.15710392746365506,0.26356318322132066,4.031260656693663
0.014063419153579578,0.14674229540321232,0.22563102183045494,3.586268997159841
0.058846813491466116,0.1272158227144072,0.23785485050565908,3.713876792477255
0.050682358683751094,0.15211941246898567,0.26643253247445026,4.072433248827282
0.057796514851678485,0.1425000203870498,0.2326760698972039,3.8570522385496986
0.05269573366044027,0.15217507708086772,0.24589488009021113,4.012667835443244
0.04266297737655711,0.11961046262413819,0.27623988994912063,4.145338959151098
-0.0009852621152568746,0.1250842655055729,0.2305582893040928,3.6970506761062762
-0.006458982180081623,0.11915884094788731,0.24793865530878237,3.9494941091137656
0.05996108366001403,0.10607239655036046,0.28679441517321774,4.139403623864104
0.030618980338868677,0.12515984898305302,0.2819717715039782,4.171362796957518
0.011264662086241422,0.04570172236066766,0.267173982655591,3.9279768709014675
0.05349717777337039,0.07619639728561738,0.24154625065833818,3.730440392418736
0.05056276599883555,0.08014491580648637,0.3200353873995555,4.478440310690559
0.008860607275527269,0.060470738433031676,0.25571791114235853,3.7790073936539277
0.047864538982906636,0.05442729808733536,0.27309794521890796,3.739807884505777
0.040721384858086455,0.08327494514474779,0.24220333947571973,3.520089876009772
0.07543809383351449,0.12763766881720304,0.27351451114177505,3.903527074515178
0.04476267896815448,0.08878141671882255,0.2599587284196496,3.849764317202694
0.04065770947339799,0.08465195673876649,0.3027433957532844,4.087661577917253
0.059848976982749394,0.11135365971246557,0.26150919638018744,3.7997895054021242
0.0558005549926975,0.10196194792940921,0.291216369478707,4.313376294241115
0.1288398583205352,0.11020043470133077,0.2077425185154219,3.8308781795323044
0.06710822168329567,0.12104425496695749,0.24600322453308524,3.939472852978635
-0.00033687142271654843,0.1602971354268242,0.30209734002811234,4.405317700443353
0.05529187613260124,0.10928292753357247,0.2722552002482748,4.027993031057695
-0.00037770297048065303,0.1070982438345036,0.2481388516560031,3.823402973710715
0.08131724017369851,0.08248335836321131,0.2909123788160514,4.076675802378542
0.013481777481066989,0.1269318516322821,0.27136783919759744,4.0323357507882225
0.04637551003157119,0.11079088442114321,0.3050264251800787,4.249400683219071
0.03852430198767304,0.07968788840021224,0.27233300570977886,4.031137931119744
-0.016567499717460372,0.11441325323257495,0.2468239428009385,3.758174180070438
0.027404406178689902,0.11430173823532203,0.21391750173263305,3.5052948261532153
-0.0408685595386226,0.13506192746356727,0.2821155794289962,4.390976862555003
-0.09838383108927645,0.18406873382479802,0.2989244481313223,4.631465660115474
-0.07874042658037803,0.17803152302920885,0.28236920389257936,4.333001002222669
-0.05617206103496219,0.1581079488921136,0.25676935801912365,4.089957562615712
-0.029990243810623745,0.11138137171591396,0.2551846320803354,3.9899886624934635
-0.029092827951518907,0.10018001441392371,0.29890025323423197,4.254765847515291
-0.012069001165995996,0.12010773567553748,0.27043872495265936,4.0340697821259734
-0.061170621221687434,0.11416717510241077,0.24063526773557106,3.8061605507082485
-0.02592892130188216,0.13195340536677524,0.27088071183437573,4.0629044900963205
0.028444141829325944,0.11641927980347228,0.293788121095706,4.27633709679241
-0.04058683935015422,0.09462630536310807,0.25757886113926753,3.8251814573438185
0.0038026171364426817,0.054995921773202325,0.2698002281774485,3.7677674239914207
0.058731890915323666,0.06640252065525101,0.2828297544745436,3.883369200691813
0.08595872633966173,0.04694377066497272,0.3404714609686322,4.605693036464336
0.04162625288642298,0.12206237111919964,0.3136229297388894,4.451112587398774
0.012977503257988701,0.08945632376972928,0.3073232371169515,4.258657669450531
0.03427285250898203,0.11220422800933472,0.26969607530695855,4.02344651966973
0.029174014338717982,0.10635587801371031,0.23861380633975343,3.7592282129935515
0.014386439458751675,0.10588947669966667,0.23528645931501832,3.6310504594228736
0.03067272337343145,0.10138572454792455,0.2524830701840395,3.7500915467405367
4.472249683521605e-05,0.10120573881493694,0.2587830404965485,3.9641396105333646
-0.0413358550084788,0.09614164583637488,0.24388699945902836,3.9189682629443654
-0.014597748462262212,0.08053075042282395,0.25000038538914937,3.7701030731520344
0.002409109059456213,0.07471195305882956,0.232083156491934,3.57163635760683
-0.02153626421757746,0.09041362097010582,0.19756605850008627,3.3604055303194156
-0.006783528182035707,0.07970674769081211,0.17647898312420537,3.241176703311267
-0.0004574300521510641,0.09905103873407524,0.18959205303390306,3.1825821912453223
0.04687704509861467,0.10078922686493424,0.24371977713854642,3.687632698790276
-0.018442375781426,0.13034746681862922,0.2542684065649806,3.971740177946694
0.04226874446351561,0.11808589869279394,0.28520942911878916,4.062284598655525
0.04465340941943696,0.11769036089443911,0.26985312832663855,4.0620656409502525
0.06310513505233153,0.13655127944872686,0.29504035599251793,4.3336112301439025
0.03206440029136803,0.12261403454230023,0.3016759713349778,4.279291021002687
0.0387507540311978,0.1200891822235806,0.3869958863414945,5.028005782922305
0.04079988800141383,0.09892811310063349,0.3123409842862982,4.405124633155361
0.04179589350599222,0.06463055127234105,0.3869495304770128,5.155983815492119
0.06453875125944249,0.08167092885442703,0.37792745716687104,4.9785130444807555
0.047312986909165314,0.04229908194743595,0.36534658187436486,4.8247903762816104
0.0654926845336235,0.06779148054966579,0.3365716412858052,4.598016854539926
-0.02688303382561695,0.1285742199771039,0.29739803658407915,4.392561927450029
-0.0028063350693938996,0.10443575396946497,0.33861711631813024,4.685431437259463
0.04095105035855937,0.0707893869439004,0.3659256617654238,4.79447998653169
0.04123305971417382,0.08953789865436683,0.35818996278136467,4.836777327045148
0.004149275515782172,0.13364026052609684,0.35632371541834296,4.917531288149349
0.05546297061086711,0.14545304895864625,0.3620726596178517,5.098575729521478
0.07745107144592843,0.15681285045623394,0.3490529426207687,5.078737953152869
0.07425612973868646,0.19850612240707435,0.329896003917213,4.982347674152868
0.012239037097826535,0.1631957961039605,0.34290130923902074,4.804647661324195
0.08706043895425118,0.1596957408713954,0.3766392646779571,5.4021816188229845
0.0765892279386108,0.17061314388045884,0.37522823111096226,5.3732442442788635
0.10616325644088662,0.11716558667296478,0.3641182707925235,5.061633801154629
0.08981013044090698,0.15285489273335862,0.24627292117414834,4.152102245802456
0.038677980868473134,0.1408460887678656,0.26649118034422853,4.225916000804185
0.055490901185717895,0.09897613220019426,0.3166569379015379,4.433858546273896
0.05342640731931107,0.11670595537372284,0.30143789782958375,4.345644351495301
0.02383252337023032,0.0835367706425942,0.31670765702860876,4.406256191595103
0.016021315773134846,0.09727942493842535,0.28525210241774557,4.082134491802399
0.05329470572133478,0.0697959588899,0.23251487770268117,3.66288837359906
0.0026648277942576204,0.09490816047679482,0.22812878480550233,3.6200050005403317
0.013009901068334195,0.05992981511426539,0.1558472790803331,3.22858516530564
0.0752394484018939,0.09835144355056277,0.25878287296378955,4.0538221601630395
0.03238182103583955,0.07103357864459221,0.2568341208841821,3.7750623232298253
0.0668282256837926,0.09171423215427484,0.21717464213297283,3.577146755848198
0.022385605376276933,0.09477226409228275,0.23520882714900007,3.6383886004988057
0.006423590362749274,0.10004630539418148,0.24212162129686585,3.719749256545232
0.019621512707082716,0.11531923685603063,0.21185367219344306,3.5625994034042017
0.02197274018047109,0.059830992785323535,0.21792833606123793,3.425404290815969
0.05029743065941475,0.08299838048310626,0.23399527755076033,3.55137419523029
-0.019758161858600933,0.09831495652226666,0.20170308174734985,3.317755966912061
0.04152235696115377,0.10903076389454078,0.27075859877309544,3.9212194804394596
0.06352978745410848,0.09624010101968089,0.283668800809702,4.051663500645654
0.05878261489269086,0.1000025678348942,0.2707938879068712,3.978789930882975
0.03379170462380427,0.09666949014753869,0.28412891973044824,4.065857658906114
0.04192458266771771,0.07373506695611025,0.2690702779265103,3.7759197006545695
0.05327579442925802,0.05669716442635715,0.30958913533256704,4.225692353169785
0.08196261412292002,0.06558459741434791,0.3369489722728614,4.5144978791869885
0.05920098303757461,0.1050633648586574,0.3277856659116321,4.503567250619871
-0.008582780181450853,0.09948468950626185,0.33512451656616615,4.582327008518986
0.04668219165360703,0.1139530881062987,0.3198976084258279,4.51553896859563
0.02909407236993254,0.09755905071171944,0.3305382814617636,4.541518018657238
0.04901598425502919,0.08969006721921959,0.2814588139298503,4.107898789632713
0.07851586939303018,0.06643066070667515,0.3279487378953667,4.413901105000494
0.03018721037619,0.12246718303986746,0.29712979782931176,4.194500948183951
-0.007191467385481269,0.10770898060590298,0.29218375459180007,4.102183566050455
-0.01444082576703428,0.1779152463233227,0.2940394396426959,4.360320701638397
0.04268688270871603,0.1393861453693524,0.2687171047474344,4.067016584522027
0.058395734046771834,0.06860435120547896,0.24146457221304482,3.6843146223455765
0.04838274412769863,0.08351927346671073,0.24377449510195892,3.6100414964873035
0.018398438243245892,0.09043498878434417,0.2881520329682756,3.9235157854963094
0.0007291285673865997,0.10223940965994904,0.24387380949806836,3.5879701483877375
0.009986028073950775,0.09847952725403401,0.23123890570310662,3.6113652727659473
0.07734782510129803,0.04942161077931083,0.234158424380121,3.5780583698742268
0.03952024397918671,0.07248953648227088,0.2274708654630893,3.4434066803647037
0.03762792295884148,0.043238911557021774,0.19620307886516675,3.186409405419789
0.045308762663462544,0.056479427150360084,0.18126840864668803,3.1114412715720032
0.026240518498460413,0.030897903854698826,0.26462149869063206,3.6394651835184524
0.02141793612200639,0.046443527319349254,0.20427236378585248,3.2836314675801277
-0.010437110799657576,0.10878424882950237,0.2440035163445588,3.727973445784854
-0.025294831392349053,0.13579434174655738,0.28804813194449835,4.124171159109406
0.014274035937937971,0.11458187599749432,0.2614227988876035,3.9679166646359003
-0.00210263454707923,0.09657577786897213,0.2558789877624571,3.8157294437314557
0.003143699990100342,0.14068436575284543,0.2623350024613799,3.998452223462216
-0.03522949175356105,0.1317086002471247,0.3044222987760425,4.39233207503893
0.02661440485431297,0.08811411661962079,0.26408935829364055,3.9897643644347913
0.04203750534332496,0.0390772096682171,0.22036923402070793,3.5732683734108286
-0.012540251765431651,0.08476887718089222,0.24131386632111732,3.8974293270348865
0.0170239314405239,0.10944335454029835,0.24519679843449801,3.8649670770217552
0.012878566210723127,0.06521833729301377,0.2286344671825616,3.736985303640812
0.0428805205963613,0.07893121075884303,0.22000966869040714,3.5735256197468104
0.0982793494678062,0.01582292992772682,0.21499550477501986,3.567241021940756
0.10918284421085986,0.03101649427331202,0.2268586608293251,3.6844109101272813
0.10072791689180445,0.01093268288951979,0.2505149529636885,3.8073271856316513
0.1700353088204691,0.0251464528496871,0.27085296865446234,4.253453465718145
0.15826387847504983,0.010546472684415576,0.2550827085466563,4.067482166131696
0.07752694751861623,-0.005104893332513849,0.256298859944587,3.8405819558316083
0.06028271728848004,-0.0021880568636971605,0.18836993066907248,3.31233695860527
0.1045994238625466,-0.0028640922702222785,0.21851481200030817,3.5129659386764462
0.10173774811172225,0.03321500559887436,0.2518200633094759,3.769119481673551
0.1082032343441574,0.07903209051888659,0.21186776834732915,3.5774707123686142
0.0875588355314251,0.048374575966030495,0.21117082900022052,3.5777876609873047
0.1066047164120607,0.05397466287272625,0.21379453525287623,3.678538426322569
0.09076961275932287,0.06314916430992065,0.23998578380515667,3.7649718177386946
0.12245826275119209,0.09289416294526937,0.20900120055881993,3.6511970369252844
0.07279207406766598,0.09474210319233808,0.22811621518612676,3.6605970044666094
0.07459388563517849,0.08863506803599515,0.25159904268092254,3.7946332457334977
0.14790089213911217,0.06559989990819648,0.26777499116549613,4.085866672434448
0.03167137703275135,0.07044908237192371,0.19302008910857776,3.386669521893518
0.047132756109870694,0.10194982245525361,0.21632307397904565,3.6005264233485623
0.08188954279019986,0.09231148088176876,0.25994541597392107,3.94756401949648
0.08712599103770038,0.053135206417172884,0.21904534484923843,3.563478196251754
0.05374113891544068,0.057363998461622906,0.23365976728927632,3.6232193304682845
0.046795845656081574,0.06812417540829725,0.24436345948863383,3.7442097436573665
0.03969415658953033,0.10199731571695214,0.2451145253791672,3.8265789318740655
0.03438981641527365,0.10499074714504658,0.2890118052898887,4.053019517919589
0.06915854418556042,0.10331868241960948,0.23495071782924726,3.738049765787429
0.037574055461522676,0.18161111249466028,0.22622962373553318,3.9543402855900407
0.11304446131521471,0.14814218585663463,0.2734453445527048,4.316934239402632
0.1320035940208704,0.09709185294332309,0.2685118762185164,4.195989885479854
0.1087677212985212,0.13757004911677373,0.2354390602174525,3.9849217094146208
0.08055144253595505,0.11630823903409382,0.19449377876798105,3.4430234682428136
0.09778336170349855,0.08938798652771245,0.24017117297311044,3.614795507194352
0.06516741577801739,0.10274863767698167,0.21250953017487564,3.520353716180495
0.02222030127360326,0.11093224520818387,0.15279932004883925,3.1586819808530975
0.10137497174336182,0.1346495229323372,0.1849459920962121,3.439327983637985
0.04717355281116715,0.15842380592601643,0.146067867198064,3.2810650442130878
0.0014130698120488016,0.11934921142929994,0.093229316147515,2.6050525541736653
0.044700562772729886,0.12162809449664916,0.10552442869992411,2.6336566188969814
0.06158419810425468,0.11177035979152283,0.19856662956050097,3.3062049884559834
0.030325481131002727,0.11087133574615216,0.12538785066576316,2.749404686427588
0.03217378720991331,0.13519557182198236,0.15204995795536314,3.0674257691849687
-0.020051233632063282,0.14968076163155872,0.13471675465738436,3.3112021672414804
0.0015710945467404282,0.10420910190153762,0.17793960095130382,3.272749994910533
-0.022083172990166964,0.11072180021432429,0.17507574952219299,3.178988012870694
0.017067071488072533,0.13108021839611034,0.19836609883168696,3.5069504686305932
0.029563315673084078,0.13523958474285186,0.21345398341025718,3.5101401901644254
-0.020354524856089056,0.15559956159885982,0.18083573343283635,3.444039455942715
-0.07408286365895175,0.17370223276973557,0.168152988728646,3.488640724218373
0.026344354991391258,0.17144382968228336,0.20498140720176322,3.7291482337073543
-0.03658626260282691,0.1976502695608808,0.2338525158828935,3.985057732355363
-0.00037481080374901347,0.175381108107598,0.3086860728547881,4.475908507678343
-0.048036054141942335,0.1667035220970581,0.29513853771874105,4.479729244560046
-0.08779403120466409,0.09815511113290439,0.2603572306085661,3.881220354630411
-0.0440184248530933,0.16818885665444516,0.26176645854301367,4.222153977248814
-0.02090995017670911,0.15695277383527223,0.35437584751928175,4.852467484330598
-0.039187052870237306,0.15096050729070565,0.37425596911306935,5.065704992407905
-0.028271889575007383,0.11409861984735438,0.33164134067453166,4.63006686791119
-0.05744011640450212,0.15896149960157802,0.2895806591568151,4.418895285292384
-0.04893995127715791,0.13486860810276063,0.38039078641763646,5.069135776795934
-0.0559368410799123,0.15189405157275346,0.30944599330441613,4.5726901236788375
-0.11164661904713752,0.1751183237244737,0.3414160872071754,5.095170482521427
-0.08054264897106805,0.18946852726657182,0.40899418700745727,5.76789242698586
-0.11798949806972772,0.18632400988675127,0.40807232514124586,5.809026864877408
-0.06670680429288336,0.24428357156580793,0.46253137984264664,6.3978284060139385
-0.03709534735491763,0.25495338417595015,0.4892926989829952,6.807396147167076
0.026612085168483065,0.16563940371536698,0.5045224251800561,6.52331410871111
-0.028668334547252747,0.16500759092892275,0.4389796131577994,5.887820693379725
0.06474784627719407,0.20489531469012776,0.42968722392133857,5.946617166675508
0.03260318458879993,0.19669049409183562,0.49443953945205665,6.457485907820721
0.04565397488414577,0.21463565587318567,0.4550799435300463,6.338949763447918
0.014356663231008416,0.22875252315313105,0.41150293798964716,5.972250620309108
-0.04125396001635031,0.2830485116412657,0.43971104530947414,6.48038529009223
0.00763352428043559,0.23066881795671365,0.5028417543581232,6.8483410219138205
0.02458570686600726,0.20487510229739644,0.5448654974805379,6.97697432704549
-0.02842737251099872,0.20423479893976845,0.5013433560342436,6.692536415822446
0.015120468532364695,0.1849890206137266,0.4805704497698003,6.320198870462407
-0.016651062850463735,0.21198361325130113,0.45251774483302776,6.126758362402893
-0.04886802123641589,0.1806237807929419,0.43452528650728545,5.756248139613666
-0.033201269736998794,0.12580899924599864,0.38209452968664126,5.134700091188469
0.030010263955997117,0.21824751969768974,0.3414703521015355,4.998105867891902
0.08858622500742351,0.1532697199274031,0.3367657678624965,4.845272970878884
0.061624446549357455,0.15311938399435956,0.35728613904269124,5.057314610456948
0.023725081228827726,0.18639695982928597,0.28816778583924574,4.462236776270994
0.014175494979841352,0.1756418784607935,0.2802882433289498,4.421829282894584
0.043186144019853094,0.15260878444316833,0.32646317720059376,4.78955512375251
0.01759285678821847,0.20434566080050465,0.31311058236057254,4.741437096881797
0.024424156596366476,0.19122206255277596,0.2810293985974824,4.3579859619475725
0.061296056946977553,0.23064813388344066,0.2697145667402494,4.495377632601798
0.07857297268189511,0.1892856813037095,0.30545923437787004,4.560780620323589
0.08160209305481322,0.1650534614641958,0.3264725689302481,4.711930106930815
0.07990625949538531,0.16696322696010402,0.3704332587861062,5.099868375464886
0.05469395736700782,0.1873399334102787,0.34575163999811737,4.956450448073589
0.0024591325998167502,0.18289997068368996,0.3463570264538068,4.982445774845074
-0.028316289241657865,0.17642044866749063,0.32004085410117816,4.615314668704131
-0.00490155093045843,0.1729980147561111,0.35670438130867477,4.9249333216962405
-0.01114721228351281,0.0952991306958512,0.38886717861698356,4.936291712463932
0.06344382539558654,0.13081364275609866,0.4157719211163223,5.490029578160059
0.09781879436005161,0.1920710806179118,0.40983693188045184,5.824140148404059
0.01439101287029825,0.18586878620844197,0.4561603242319155,6.196175998035866
0.04742232886385249,0.2060769804315764,0.4595863824492715,6.1039475132967045
0.12515198722622523,0.19061048467766445,0.49132306685480515,6.575963427941315
0.11555283999267492,0.23632023434820298,0.4483146298610228,6.367729278505567
0.140644091868279,0.2822917602834628,0.4669844337242816,6.964785039001286
0.09678934511317325,0.2445718955375413,0.4357109700030826,6.2562448784757265
0.1627677849120221,0.19239230035630925,0.46468987878882456,6.491745836094202
0.1090436874538013,0.21406119648804217,0.3858468084807753,5.755815162377457
0.10957058012791199,0.16668391119096213,0.3513245728908626,5.068576494388157
0.10002836668023601,0.17162987998369503,0.3752168235898275,5.369405502255541
0.1876661432050202,0.1821930177906554,0.39245299751609186,5.878001292294604
0.10323188661870597,0.17985106970324036,0.40691303518828803,5.788170597395846
0.12135005714074894,0.1808655091212756,0.3864358864528476,5.5541132795740245
0.15258287184841152,0.20653625314836227,0.45442455728663766,6.470365805084098
0.1254102649156093,0.19280196318241882,0.493292564444214,6.6345431334755816
0.09935663822191167,0.29275411484905145,0.45191619929585136,6.806797352292482
0.00552443736256715,0.2394794354729396,0.44805069266330205,6.445808939444339
-0.02369116774479921,0.2513948256027043,0.3873331362553742,5.801666047805514
0.02284825604425523,0.22000518010583398,0.3383060670575847,5.16718450426772
0.04829038399427854,0.19038178554246465,0.4212990730272771,5.685637962185939
-0.007933932498828311,0.1333375088112931,0.3756999356587074,5.172487944880601
0.028946927633265326,0.17935240055286858,0.36666052119968434,5.286967829369219
0.03421003023250211,0.18682143635809859,0.404636501825595,5.569678181038601
0.06524046842272749,0.18831885532592665,0.42566138683940197,5.7591856252466105
-0.007953914087936925,0.24028812521714746,0.4163762747114149,6.028145363737696
-0.08318269863853757,0.26388274528433786,0.4932408245130949,6.912983099427109
0.031707929245218335,0.3170335998845837,0.42398525805319154,6.598559164412393
-0.017153473247027286,0.2338015914760284,0.3615569620974994,5.4469182491684265
-0.009242990458815421,0.23197510640640429,0.3963228543682066,5.736151336510013
-0.007132042807961624,0.27875295628990826,0.33027822849077604,5.553796161808682
0.029773478426375993,0.24775239731679782,0.4209851250356102,6.088902736962304
0.04666640380959459,0.20472537445399988,0.49792950551021414,6.672953679536491
0.08591996900008662,0.28050744725700366,0.4480205995127721,6.555550973132559
0.1286526411928119,0.24731563011741253,0.4481044668080108,6.565475534829338
0.1162029759946613,0.28092674365028364,0.47751170573681906,7.054835833349213
0.055990536013727596,0.28128297298749794,0.47924667220889827,7.005115016486408
0.12696702899146267,0.22388506643983389,0.44638965514993867,6.350875509937738
0.014067795403610717,0.2744086667601042,0.44601618203165333,6.5816045866559065
0.07454837150397262,0.2865516379213175,0.47912686033010016,7.138293153698855
0.09639946965000776,0.2961949036728821,0.5297369576999478,7.629262915358286
-0.002984697284846371,0.33803156455811695,0.5441361727162051,8.001618025268025
0.06044115831122847,0.36432898018911397,0.5499865703012942,8.13153841903549
