NM1,NM2,NM3,RMSD
-0.019756909159280564,0.07428462665516393,-0.20072639135330653,2.757035000819644
-0.003346495106331835,0.06705128339808425,-0.21399150605730488,2.8642419248059747
-0.031479335177491984,0.06939096681529586,-0.2301889645680259,2.932126559080341
-0.03781868499270333,0.04958889691884243,-0.20085465059921576,2.7092314925059577
-0.03299290030219378,0.06062944198564374,-0.21106930244147817,2.792122238671679
0.004718063934505759,0.053218210389683634,-0.21572273584382304,2.783447052039572
-0.013019686069150159,0.0567486123726162,-0.19097040129911358,2.6073912691741397
-0.02568808297255592,0.059924168471183877,-0.19493861470595467,2.667443968255101
-0.02263765298812434,0.04379499735631153,-0.20091651765744678,2.7198425842564586
-0.030064041914457915,0.07610293851300079,-0.2090657285610736,2.812112686653953
-0.00823726364106807,0.08976988791919398,-0.2057460585322883,2.792060174917795
0.017451193629559852,0.08743103062013373,-0.20184656551682317,2.7902710217343287
-0.02957250018065068,0.058801852244886335,-0.2134465867799026,2.792329810978672
-0.007838004368469624,0.08692607954237323,-0.182158662265763,2.586284205920006
-0.008199562812809667,0.0385485432852916,-0.1911615576210321,2.4952481286693184
-0.04203892927792004,0.06651383687521328,-0.18210867998913982,2.554607225770214
-0.05386111469063558,0.06564575709670867,-0.18345584726147082,2.5859316882732064
-0.04963316078503445,0.03204756263385439,-0.1872440048869594,2.5716902239504824
-0.048397258312020325,0.06225916427107098,-0.2062136605742474,2.8085150516580897
-0.0346195024157567,0.08913291355939386,-0.21447493780015928,2.852406218661739
-0.0030261667458760526,0.03514638573407342,-0.20297212261560607,2.6159878269501498
0.00817787932855713,0.0709754907915769,-0.21895940017775348,2.8589635659008374
0.0012294425183398204,0.05360318921511121,-0.21713127804808813,2.75949207174703
0.011891120848833965,0.04298546498268248,-0.21104202738906822,2.7091548865476947
-0.002429166031250921,0.07395747183725467,-0.19951118244544155,2.7093464710828887
-0.0016303972302132,0.0411550320719222,-0.19587074196298923,2.6135113174112767
-0.006592246714263722,0.054798684128370474,-0.20205450387191345,2.656344867254821
-0.0005845587784346229,0.05745081406451612,-0.20069580794948086,2.7418234532413672
0.005227593451056039,0.042769595906304164,-0.1829242334721551,2.5338936273842756
0.01248656371819109,0.06361996143999307,-0.18124701995470346,2.5976876775460864
-0.020770238764479806,0.06224272542402861,-0.18667203789873893,2.6357800418251762
-0.024237799256803864,0.05634944324286998,-0.18806551214273787,2.588661996944741
-0.027562111374067114,0.04093664837039331,-0.18736035233020162,2.609380785061755
-0.002078955364700134,0.0592595274496862,-0.18814078254694347,2.598607565436033
-0.007656696974806738,0.0597942318724142,-0.17989814134901672,2.536463474714224
-0.04081891145818286,0.049605738649490694,-0.2024004351442318,2.7386702847316267
-0.03999748605882749,0.05573778962507315,-0.20004355894078305,2.671860579385951
-0.0537526149097428,0.04133041795569831,-0.17627193882165618,2.4924109766414295
-0.009852858766370948,0.03460710596887129,-0.1911098259543049,2.565440503717562
0.0004985560266965319,0.04317903010690373,-0.17465682695079188,2.522697700517051
0.02028665106736064,0.03176147652285449,-0.18284152689961883,2.588214298456493
0.026974237256616726,0.015013081826457733,-0.19932926737718534,2.6584696545813356
0.031149771064622224,0.026324063916010207,-0.1795346840020759,2.5236115573751774
-0.012387571677115407,0.037017457625690635,-0.2030484750215796,2.7366217583938917
-0.023869289583510298,0.05238444426056312,-0.19369744684618287,2.6223974955933285
-0.01380901881158618,0.023199656626412622,-0.21361428333433705,2.7406549954434425
-0.020616254215692485,0.03973998081040977,-0.18657929373743878,2.6075997467509544
0.012730819288909857,0.03375449624317582,-0.18997563436304565,2.5583041677794967
-0.002917037549029551,0.031028329416442752,-0.1849789670080795,2.530304493398014
0.0015020970952651662,0.03530879481305545,-0.19165420550828272,2.5829845397080153
0.008756323456610558,0.037199280834628874,-0.1587052303574168,2.3502648297493987
0.0038051536921101955,0.02755360077096325,-0.19264715569016194,2.6200740083449725
-0.03639212533644145,0.03996045780976175,-0.19870803305412835,2.642987784556253
0.013986572097690492,0.03511383743545249,-0.20107106138151926,2.6719264516615815
-0.024481540066913287,0.028165987405397636,-0.176607889577423,2.460478070742581
0.014602592155649026,0.06139745273416002,-0.19120766853914703,2.6663002531808546
-0.005714455168119154,0.05016675279465061,-0.20206737112089118,2.647807702139584
0.0045670058558981794,0.0426292749418844,-0.20509887514659142,2.7383979204645215
-0.013237380775201042,0.03960844841096604,-0.17762952634426735,2.430453483078068
0.018420674184870964,0.03297101640407504,-0.1944864406193781,2.574542159733643
0.010791449482017903,0.035238084093800845,-0.1866452954372981,2.5270309471804673
0.00905136132035591,0.05191519196654614,-0.1976327076550046,2.690472685794883
-0.033342796081868444,0.04841923071780595,-0.18756974845928798,2.616810637370006
-0.015180860552819005,0.031638898688068094,-0.20537573881094626,2.6759593943304467
0.020772122544043328,0.05166415218721899,-0.19922664942860013,2.6695781899029
-0.0004762794937885976,0.05750855903096745,-0.18373130035908386,2.5682052382184697
0.0033742387499853975,0.05447219446542723,-0.19474671081619296,2.643343433041673
0.014553102000102945,0.05051934415527514,-0.1937072710668296,2.616933937802526
-0.016709397407965544,0.051897198627018214,-0.19768251781372637,2.651867552305501
-0.03427614578752948,0.059389708660071254,-0.21238414667570116,2.8353313575842014
0.0023823287511410027,0.05318170298761955,-0.21476913255447022,2.7940802315122615
0.010691227453896808,0.04622682769284579,-0.21119925129085132,2.760277815059028
-0.002014884561906177,0.04701346760959625,-0.20903201359105528,2.733625612693582
0.013847758374631739,0.03042169217454708,-0.2068335669034802,2.6784073666475843
0.009001712512709065,0.0735528918753475,-0.1853843094767454,2.6254785623015136
0.0315593851794339,0.06653156750705247,-0.1782249754441987,2.556746660388488
-0.006831308898643973,0.06797906240891072,-0.19199696198353003,2.658323670277837
-0.0036482631092233002,0.08368181142337368,-0.17983105338615304,2.6110148238993456
0.0073369758581008325,0.04505637178657049,-0.19303782650339107,2.5722196972101377
-0.03130383282866801,0.03642747487926647,-0.1798679153519977,2.4794849235489256
-0.005331388738381303,0.04928940933820881,-0.1824093848696264,2.5326665870028546
0.0017417260214447907,0.04040482942963961,-0.1792095162762646,2.5095395417261335
0.003676136704919825,0.04755655838659166,-0.185039739687313,2.531434707700013
-0.013243136083540753,0.03686616265367877,-0.19546639311436725,2.5835825769552625
-0.013368386714753934,0.03674583320915301,-0.17941873110708453,2.5226163987304444
-0.003292687995549561,0.02355833236579158,-0.19251489384185094,2.6467230484484023
-0.024904760242598727,0.04182431217512207,-0.19342651605951633,2.6136718623388626
-0.016616621039629374,0.038837213369702965,-0.1687265570501692,2.4782004864942406
0.015196710709858742,0.059501341297837886,-0.15910255250399724,2.472016061143653
0.004815692656079668,0.04346447468665447,-0.17814485991342607,2.541787940668357
-0.028366284069752112,0.057574960403773745,-0.16883643635837906,2.4327241780125726
0.004461060438031977,0.05907464818940483,-0.18320205909265164,2.5607117193954765
0.017500187356985546,0.05789937796846226,-0.17806198522293487,2.531403492946077
-0.035524087546701236,0.043742532363704616,-0.18308750009074665,2.5773742262054316
-0.023753115325456504,0.049075880995142936,-0.1762818705532243,2.530068059536306
-0.004558192355433511,0.03854086323970069,-0.21447098053192773,2.7494314950433556
-0.01364915234295459,0.0327635333614587,-0.1854940155540381,2.550360075611662
-0.041061977407245945,0.039924750957219785,-0.16948196052229533,2.5118082608139813
-0.05574562405410848,0.04791204538055643,-0.1791006930089494,2.6049929674409147
-0.06612968868142181,0.03609131668549003,-0.1551327422499741,2.428609177273552
-0.016022261821303112,0.0453310420904579,-0.1835798292696073,2.5901990447105354
-0.042090750927078695,0.044655741411543416,-0.16373432011544434,2.47845180936744
-0.052418439630062146,0.009543327406037621,-0.17765528148409584,2.4768957087368593
-0.06869932684336191,0.023085939767803362,-0.1758890477156598,2.5288120702353893
-0.05958672117440249,0.05885957059024821,-0.17704266844982708,2.5887208248873503
-0.09222690302440885,0.057404523771004155,-0.18695067323151293,2.738745015527706
-0.06523269208540154,0.053545778642640575,-0.16743475061689156,2.566470801451318
-0.08618242735615424,0.02840871386137958,-0.17611858756195148,2.64849862825725
-0.06675517688755166,0.054016683873769775,-0.16181924349495835,2.4433447835775435
-0.05014136036057394,0.020685380648844714,-0.17382782185254164,2.466189200697644
-0.07670612014846923,0.020067296998119512,-0.19650799996087345,2.7105344584141244
-0.05617368294991053,0.04338030756737159,-0.17953091435499074,2.5498111021061427
-0.02927677384900282,0.03195838126099333,-0.16113322305187797,2.4060157989787143
-0.03642344633926604,0.05029409788972549,-0.1781965759659912,2.4988889808903236
-0.028216619926215568,0.06898341663228015,-0.14344490728789336,2.256053825200753
-0.03394595650440454,0.04279568307566859,-0.16077521917961063,2.380205565832341
-0.10424704987825774,0.03931182516004695,-0.18617542321161942,2.7567972196637744
-0.07508576323672643,0.05359573281333401,-0.152218766090197,2.4330106257575164
-0.05575769428413776,0.05123017282456378,-0.16285897496905297,2.4509761286073246
-0.05613463197147262,0.04875837876176532,-0.17045175029740914,2.480001828169997
-0.07733959078565028,0.029406687780707517,-0.1692221757528437,2.493431495457499
-0.10886584049487802,0.06258767989613367,-0.16314416903058737,2.63253880963156
-0.06449753952334826,0.03661704604414766,-0.1789065335334649,2.604421418566685
-0.08583709371136164,0.04075455918847968,-0.19781613536202447,2.8303508645485618
-0.08464807209107497,0.020814977958360213,-0.23551781124664037,3.137696020221875
-0.07035864048844204,0.007000168166173211,-0.19438435564285617,2.717445074593447
-0.057088012119540066,0.04094625887671308,-0.17024506239735246,2.5054595394734127
-0.07426883364723466,0.024819938906310048,-0.18719249896358345,2.6195740129492364
-0.07429450013108088,0.02203656084412413,-0.17537212710812555,2.551851638903744
-0.0729141990430213,0.02158271271752531,-0.18432060650861007,2.5903365145096884
-0.06552271936633576,0.0035006078401229193,-0.189131584321425,2.6218957458398897
-0.09973142358966862,0.03416653816417217,-0.16244806660460095,2.5740419966476678
-0.06380529765204918,0.015391315386833504,-0.16875543107871724,2.509563621879608
-0.09683298429571204,0.019713444149647957,-0.17352973139456201,2.627503097634855
-0.10373901802619849,0.028457010633012245,-0.18310786274822832,2.7206642616932757
-0.054467023669255245,0.020305606769084248,-0.16730793569802974,2.4529942298724334
-0.06009013786018317,0.009640146577954471,-0.17239418853465543,2.478004872623811
-0.06706095307652872,0.0318801120404474,-0.16391581443218395,2.4392853711306297
-0.05539309716248027,1.1207800560533983e-05,-0.15747399425829303,2.379221311919161
-0.07047542816504589,0.02841800985706998,-0.18467559609582748,2.60190106645995
-0.06235271761870964,0.02511615920506272,-0.18121827288491568,2.534032976109712
-0.07939185234348167,0.0001040294288579098,-0.1771999803287354,2.4686294144385936
-0.06889785420767831,0.010817080189178587,-0.1787071557487384,2.538993699268478
-0.045154342300811834,0.03640955617741735,-0.19456613129915112,2.5748720769363174
-0.07828755173026702,0.008500886755433682,-0.194623778848469,2.6283422895471524
-0.035605159253785656,0.0188967938730395,-0.18732701109262218,2.5607543362471086
-0.06732336288462801,0.007294478187428236,-0.19563259878256753,2.6677330594561375
-0.07985768694549389,0.02558884620780435,-0.19260510572658943,2.605808778235748
-0.06779119630327293,0.011228102668162019,-0.19380667747760644,2.6264016305473645
-0.0596477031208215,0.015164244668821622,-0.18989529915154488,2.5754503656864043
-0.04335691596003163,0.03373674798251743,-0.16820551202821307,2.369916279286511
-0.05098023757009997,0.018976900180320225,-0.16975946975577033,2.453631331433593
-0.07030568318064401,0.017882899300902463,-0.19989775132529633,2.6453207179893097
-0.0880860442738441,0.0203251127270107,-0.18036785284865622,2.5967782205252306
-0.05573443125936628,0.03303278028952224,-0.1741779007837429,2.499167255220135
-0.06022691972561691,0.01185761790369904,-0.18922573812903207,2.6386300829110545
-0.08018733406673265,0.03108088333865132,-0.15134346007792987,2.417760207559859
-0.0881547863690725,0.005039113180542518,-0.17314900477097514,2.5803115273673636
-0.06679032863409923,0.017941074616408217,-0.18035920367748234,2.5685666370085443
-0.06073793763948042,0.013631482126933004,-0.17589998394146267,2.502103572109383
-0.046381073728814025,0.038817465930654264,-0.17063726863200335,2.421240914079599
-0.04138542851405542,0.0253532503887395,-0.15156240702997695,2.2914163727256374
-0.03362193968969756,0.01423132880087177,-0.16571809239565644,2.346501785264304
-0.031115634996379836,0.01795269791657613,-0.15652358407886102,2.293844706457476
-0.0392701726818393,0.03072898315852157,-0.21554623035583756,2.7500529924711508
-0.04142165634041901,0.005457441530443218,-0.1839604375823461,2.453014610062031
-0.03723530060426744,0.020203985751453622,-0.19995286507278495,2.630490622551421
-0.048299027155800145,0.019568418324379208,-0.18610067465786093,2.5266283383829062
-0.07644626668800195,0.014421455882828463,-0.19084358952557537,2.6678518980014534
-0.04068376291146174,0.0033977715205710597,-0.18651919068894837,2.5793620858116135
-0.06344952617989484,0.002033169638256966,-0.20093311084406934,2.683672426143971
-0.07232709079146435,-0.026048260993630362,-0.18287893416165957,2.6523874511830723
-0.06507569186697117,0.005525351187798661,-0.185674541234485,2.6329687520435034
-0.06431384429320029,0.014255499909007683,-0.18679247101490828,2.5309803648568643
-0.07256236337602523,0.014405085476148088,-0.19015970669800852,2.630437167200991
-0.05992308214299779,0.022327553191684717,-0.19105395449173188,2.5487799843226377
-0.060380902614682506,0.04353622194778522,-0.18971834354511838,2.626127121846668
-0.06691390964445307,0.01420213111983833,-0.2041256022293911,2.7283956733938375
-0.07601486304104717,0.025933817046694476,-0.21575765443633343,2.828282062630928
-0.09272652242193154,0.009408902776814956,-0.1735129030027862,2.535018823795876
-0.07755073026935846,0.009409825861323733,-0.20098943807401476,2.7079975665763163
-0.07715891874611504,0.038820695936077655,-0.16900955576482427,2.449047123909085
-0.09033185446031314,0.0006666028831026414,-0.1682456637898944,2.5219894185276206
-0.08826584499827898,0.0282511639447266,-0.1830637335605325,2.5913429840090623
-0.07979656883856831,0.01761465150464382,-0.20557291562950594,2.6894732915325763
-0.03073506324060633,0.008358677663182114,-0.22484128975318335,2.746547941853067
-0.05211293785923324,0.03343979795183712,-0.19137573892734572,2.5694961410776305
-0.07309366272444576,0.013136821589670016,-0.18196810893544504,2.511054280075483
-0.08336904394567335,0.03244701531077073,-0.20907446752064993,2.7964866649009297
-0.07880837971919029,0.02248918339642255,-0.18762080144904997,2.6110614816898035
-0.04631775497940534,0.01003694049172837,-0.19571535270452314,2.5936289992919863
-0.05438152941804457,0.009457542694300927,-0.21221622888427305,2.677463883903309
-0.07198988536064492,0.023197420801619403,-0.20346119151463704,2.6347520916713325
-0.09243170576685086,0.026972871778292783,-0.1798892058637118,2.5519581770614455
-0.07510977423982297,0.017609105523007988,-0.19378355219837964,2.623289031482159
-0.08164507369699521,0.01899155851286747,-0.17441546509427863,2.4699513366293533
-0.07234518396931512,-0.005593579430359684,-0.198719987706939,2.6304223877722177
-0.08414923957844289,0.030033910451729044,-0.2021923083135537,2.7135987484033897
-0.08038976292810973,0.021038321101285135,-0.19029545018566316,2.585090884765996
-0.05456478231794146,0.017970593540026784,-0.19278222566835165,2.565681339282201
-0.09442037095411038,0.00023407802671880553,-0.19110119442970408,2.6671192951590514
-0.0756508763500952,-0.004080711819569675,-0.19970181583373434,2.673409167240301
-0.0832349006890606,0.006652440574023886,-0.17678748163772173,2.553007594978473
-0.0646700000513566,0.018020032783856905,-0.1951168230901311,2.5966103270697847
-0.0910674940793893,0.0057008805832969925,-0.21349200682927014,2.7861488652499165
-0.028331483526925286,0.0014776413638952761,-0.2193297464951327,2.721547343209317
-0.08320553800209089,0.0008814122030382023,-0.20164434099775613,2.6649195401763146
-0.06383963460868615,0.009297965691125929,-0.17823406968091246,2.500952200954577
-0.08927936578804502,0.012071139267600822,-0.20384290102721445,2.7032993810867936
-0.08973049952086472,0.007089931463699694,-0.18946192597240105,2.623852937129155
-0.06223283919759869,0.022404616308438857,-0.19775893281667167,2.6042873685721335
-0.031735218127710914,0.018445887962585835,-0.18803855876039774,2.497438538255259
-0.05522963086937162,0.013797237517952093,-0.2064849434272115,2.667923642174352
-0.05309705404157872,0.004553728805273135,-0.20721369584926355,2.62067950880239
-0.07394040623516732,-0.008912723807725299,-0.16176246469604805,2.4129192976451757
-0.060738620101228685,-0.006470078681463824,-0.18962715321191673,2.5439745181988074
-0.05765497993032972,-0.035227443082018535,-0.1582165929883548,2.48307024817517
-0.06304032903938896,0.011693923256527596,-0.16550970231894618,2.402224093482116
-0.06234204646321425,0.00998410632481487,-0.18886952679045882,2.5423701239886243
-0.06723948665784034,0.013831719989141329,-0.19781168765539853,2.5662721989569457
-0.09459432861458025,0.0026039522301396496,-0.18522107798324627,2.59665354955002
-0.10673197934532533,0.001866174194866865,-0.1622812847350764,2.4713235666332625
-0.08548207981507629,0.01889194194574632,-0.19636765420405736,2.5337957804350615
-0.08237789392314361,0.02083455532006027,-0.20020409672473768,2.6383402417906
-0.09319155238841678,-0.018869735007008222,-0.19071997250426181,2.548088793661837
-0.11106655320972504,0.0029677145185704338,-0.20006372491725055,2.7463583460816245
-0.039966447130782526,0.03641229099281627,-0.2149048569490119,2.6924079546146467
-0.05619456451977757,0.008921506251046474,-0.18984806077369246,2.5826978191259284
-0.07639636846078507,0.022836765666516653,-0.1882213973615543,2.51576870896565
-0.042362626474081684,0.03680395165331921,-0.21084209394598477,2.675528226679918
-0.09043307239769563,0.030614035296770512,-0.17195713175749266,2.5389467328358273
-0.08612824198956417,0.009033210490913388,-0.18128436177068075,2.5429660560753704
-0.06884052338381776,0.00012855766940683133,-0.17409729089258624,2.410595231785453
-0.09609066958478668,-0.005369965871642198,-0.18092026992399662,2.5051951409515367
-0.08736416219974923,0.002691905499442527,-0.18335515398120386,2.5552243821784453
-0.053784713441724835,0.0018563598675909194,-0.1728081853587565,2.3545087717092468
-0.06418610863874698,0.012270416010077024,-0.19138291562126103,2.547574052196888
-0.05653578848302278,0.01788641987526858,-0.1833409348840394,2.4629881848780375
-0.09227117929541545,0.02139061487683719,-0.19421420214885035,2.6743702819280726
-0.05171566657669837,0.013244925637133748,-0.17190665919079284,2.3978960708373407
-0.07299259417645655,0.015159586829334822,-0.16105039458967033,2.3551323983663237
-0.08366809126350444,0.012754870925220915,-0.17888565257903324,2.501112271154703
-0.053351487905036514,0.004134716461889779,-0.19985803366237329,2.6253710678889073
-0.058248101951227704,0.002731583118256484,-0.21563600248746653,2.7102164451206403
-0.03621714347620038,0.01795037077556383,-0.20242383048646223,2.6267925556884544
-0.03233288916548724,0.01765120087181434,-0.20755513135392142,2.593968241188249
-0.029483532071888603,0.002086002095606713,-0.19968493032408305,2.5199630740911036
-0.02776877415551057,-0.0004806296817615286,-0.21232755211594537,2.6307088201111375
-0.04199097891778505,-0.00882441469135164,-0.2055619417655235,2.5677328413777647
-0.036682915625464274,-0.008591693925007098,-0.19147392810641695,2.4503015780593893
-0.07048101509362516,0.010629831773531835,-0.19930240739532754,2.650806601232732
-0.05680930517606941,0.009554556398367758,-0.22118388128407404,2.744186928688931
-0.03416714783812461,-0.025828473924498333,-0.20532703470577524,2.6398165646329383
-0.05861590657300832,-0.0111614702434616,-0.21286415645491286,2.709049472317273
-0.06163366248512853,-0.014626787858910658,-0.22658757739669239,2.881172786484367
-0.040486677671672994,-0.01618190175090811,-0.23036682481858722,2.8481554731013454
-0.069749239210971,0.017134235319749204,-0.2207880001880181,2.7843608552936603
-0.06737019832868191,-0.023762683553411382,-0.21927831723327518,2.839225044738598
-0.05352306705767533,-0.030120668115170373,-0.20307707959215,2.6745172600672857
-0.05426770365360896,-0.007169170158255397,-0.20198495326522709,2.6281230298923433
0.0015734154225410188,-0.010333266705356538,-0.20271388792359646,2.5795985792133242
-0.022908047827071693,0.0012425095987235036,-0.22625154114368737,2.8238997996668678
-0.058026225637328066,-0.006196867998316087,-0.20571782499242705,2.677424410079091
-0.029810101824269315,-0.007771949992349463,-0.21663771148016692,2.7228542337908483
-0.04610082872399974,0.012140364255701277,-0.2093775559634587,2.6433713053411614
-0.023142132238552757,-0.02252079502132936,-0.21348474174970342,2.7006142013764665
-0.06056248795944736,-0.00861343652004351,-0.22928008846887213,2.80403322056807
-0.060113348854307025,-0.00900888407446855,-0.20846359191113215,2.6975115366222795
-0.03843974123792541,-0.027003038390855272,-0.2110205352377707,2.6780807408040364
-0.07038469763852014,-0.010529663312252623,-0.19714001923610538,2.598996953013477
-0.0304502951068205,-0.009132002705577373,-0.20004343968534122,2.549927953332618
-0.05100559794909698,-0.0010614071087179616,-0.2192892209694694,2.7314450390354703
-0.04973869272992904,-0.01779770892592311,-0.22701961493132902,2.7764304619014517
-0.05962496176534267,-0.01597329708209862,-0.1902798342147694,2.5242799859596863
-0.0340861353745567,0.0008179985057701239,-0.22827260442040456,2.753135873522331
-0.03558272189066616,-0.004842536824229855,-0.22562005815841552,2.766976357243474
-0.06268670398281925,-0.015921216363020515,-0.21968069698914303,2.779275590248361
-0.03172700235321082,-0.02013415222936639,-0.1943170886413739,2.5653332063533423
-0.061821738012000235,0.005044142675734692,-0.20056013791818517,2.600090731743532
-0.04723063282091929,0.0023022884019801774,-0.20923454674855935,2.650386418604467
-0.034803058530974706,-0.018972207226351918,-0.18906885041613575,2.5056706255103878
-0.052749018602383964,-0.013240326967900501,-0.20490655210036748,2.609241966088759
-0.05066113103257007,-0.02921029261419608,-0.1916468396740866,2.5311323051790575
-0.061757631720734195,-0.013421346970742279,-0.2063028408060172,2.634289006656407
-0.06834325898561815,-0.011858213698583987,-0.20201682699862192,2.6179877166724186
-0.0781602520618418,-0.00801167976389796,-0.22743325330573205,2.915056446691878
-0.0823234634387575,-0.023363799019268904,-0.18699656831050215,2.5790855732002917
-0.04382243626840064,-0.017221642859215666,-0.1833934832023645,2.483233446287335
-0.07194835318684911,0.012837602261806027,-0.21439382649441321,2.7221783914068522
-0.06827973658770449,-0.00041103125004091854,-0.17872455142661767,2.4926061740764345
-0.0758573459681058,-0.01038202057930073,-0.17320110381461856,2.5228415109678304
-0.09138582054543151,-0.00997083784145839,-0.1704225131877638,2.5256866871802837
-0.09886260114008687,-0.015460748171722698,-0.17947101286830197,2.617171682338315
-0.09437083783014256,-0.007637055736919576,-0.18693438422012576,2.6643031565628283
-0.1033325296029902,-0.00832877048608268,-0.1825004481969553,2.6477607908796896
-0.08289524362457062,-0.005038711886020063,-0.19625533436891632,2.6928955789251035
-0.08613605021557315,0.019530700453205856,-0.1981352227663694,2.7066191487516575
-0.08754471782159963,0.0013831938662221773,-0.1839705356731212,2.623513561171751
-0.07753526331372046,-0.005906197824028737,-0.19641055749828734,2.696160808820911
-0.08925057723186022,-0.018846367571469798,-0.21480844980787267,2.8843208650580476
-0.056655633165143264,0.001354115438465079,-0.1941949851885233,2.659939267296757
-0.058386499319314326,-0.0025767646263034887,-0.19613232133895428,2.663469173708997
-0.06974524752082364,-0.014906957667749405,-0.2172745007059934,2.8664583152041025
-0.06988939320157661,-0.022925411231742993,-0.20933822878580083,2.7519494189350615
-0.10151692730102996,0.014494148767724957,-0.1662264665120133,2.642774568916194
-0.07637758463957807,-0.01225917373296904,-0.202097244745638,2.720229714243639
-0.08053821903191764,-0.0017167214119041424,-0.19217268295483303,2.6409480601257282
-0.09639802973267594,-0.011693547463293767,-0.21231952718121988,2.7880534262645713
-0.08454748649112084,0.005788327320274242,-0.19876492459452685,2.732945333065528
-0.08284241713344591,-0.015310961199613586,-0.20651225007637178,2.773730947620473
-0.06738560361038144,-0.008061659921508674,-0.20705724969217643,2.7491313471994085
-0.05936357571359076,-0.0013326036555362318,-0.19804035846164558,2.6494937582643803
-0.08329463215752066,0.0029799659087380967,-0.18212595446653446,2.5881283924186334
-0.09319138228763674,0.017292393791807064,-0.20162458545884723,2.7649468529091896
-0.06760454724918522,0.019028184482020753,-0.1953732175629665,2.574282419848339
-0.08299991677811973,0.004473230607981226,-0.19996944842479436,2.69348380039368
-0.09552043406735038,-0.017741138910745972,-0.21266852315326285,2.812461600187451
-0.07368465485001328,-0.0016271895184941825,-0.18928545123397966,2.586225331968591
-0.0712566990061197,-0.014121733574387191,-0.188832611291474,2.552161396947138
-0.06270905554421405,-0.01190530263882225,-0.18020201339994021,2.4571205987119757
-0.08366540540256605,-0.01770449019584034,-0.1829260849248601,2.582725840856401
-0.0768689022677442,-0.01148632542657022,-0.19908257514001054,2.713137105890588
-0.08846435447845859,-0.01873756109667364,-0.20193466427971818,2.721608744062959
-0.09379184173207256,-0.0014401522997432303,-0.20860088958868003,2.8012389897517025
-0.047029221526733236,0.00017911850668820954,-0.1986616745662575,2.58097353445807
-0.06134287286690165,0.011829039762944159,-0.2222139128547303,2.761238423046588
-0.08439400323938552,-0.011167749010211137,-0.2017448992669452,2.746853531790844
-0.0957991293373705,-0.014681982264640358,-0.21949793487025065,2.85838819390098
-0.0863014561718864,-0.015545108365495334,-0.2255769821411162,2.9278446928855937
-0.09712582259570957,-0.007360167724086683,-0.20235067594874,2.7769299679268378
-0.08776704323241288,-0.01988643667175059,-0.19419418737388636,2.6764697345033763
-0.07173109168909131,2.4985928566521128e-05,-0.2082741476285591,2.7502595239336523
-0.06880690926763226,-0.0018271784169926117,-0.2008531529132376,2.6258324309407386
-0.09325541314897474,-0.003876559520196999,-0.20336057484757933,2.766325974119159
-0.09749077624962478,-0.008134880583211166,-0.1821104730779623,2.624999147856522
-0.10222528021233414,-0.021891583752235457,-0.20261661268287173,2.771948657806247
-0.08577695774232265,0.004586146354109411,-0.1942773318283348,2.6244776984022997
-0.0627266814836564,-0.02317931564001933,-0.2217179631736935,2.8059004810214985
-0.06237433151708666,-0.006814350324532707,-0.20578341243924184,2.676496420796134
-0.06867832665229433,-0.01874291684992576,-0.22391560482932038,2.8431817954337966
-0.09584655621957347,0.0014597153538504963,-0.21424093744091618,2.7931485283376403
-0.08714394932789479,-0.02147462287270448,-0.20586074187871126,2.745296325017187
-0.08413107767622996,-0.030947589524034525,-0.20470769255948174,2.69502700987464
-0.07656594070332533,-0.01737111157659294,-0.21656205231006628,2.7691331344231607
-0.07488826276581372,-0.016816419871168185,-0.20053699118843762,2.6780283266119524
-0.0860434126006106,-0.02779664614683407,-0.22180274121255433,2.835872941520798
-0.062487866004023986,-0.005878835352421053,-0.22269102205911093,2.821049573726699
-0.08920574133512506,-0.013324192189594183,-0.21839245462282794,2.8318433064800628
-0.08629348899198977,-0.022270604802466152,-0.2248972843632829,2.8333317305667465
-0.09713645360837835,-0.034674527671362615,-0.20700867059186945,2.7786512794306693
-0.06754191453743721,-0.030411499109403092,-0.22887980912764733,2.8490450621615344
-0.08195527724999921,-0.02536504009592185,-0.22309881667153633,2.844977591043839
-0.10518465852479035,-0.03553198988513281,-0.2355995576027354,3.0837674059675475
-0.09514835146108665,-0.016839216494559363,-0.22584760423198325,2.901465299457915
-0.08969320043367215,-0.021722018015586902,-0.20066052402842427,2.7653894601448332
-0.06977602901834087,-0.03129245579790799,-0.2000890278077658,2.6427945775212565
-0.0537249070804699,-0.015658212493021326,-0.2061389807187553,2.6659138364275057
-0.05912518140563187,0.0011739193479266483,-0.20844457955686907,2.6808715858215204
-0.08818044514450907,-0.008718466695538435,-0.2215363725930825,2.8841311694632235
-0.06914843134552301,-0.02991911979312406,-0.23609160680117733,2.9925679459438586
-0.0933713175809468,-0.02808533151423598,-0.20800838256765383,2.7723207532857814
-0.1100676200199153,-0.02275815698555763,-0.19328972292752383,2.7313790739266923
-0.09496522356877961,-0.01456872982895115,-0.20889310073972653,2.873744584280428
-0.12723490016408662,-0.011112617860831621,-0.19967045490038485,2.865042341786019
-0.09073123442775766,-0.014833540755861376,-0.20015600865397817,2.752496475616998
-0.11633410099526165,-0.02035014251802698,-0.21326461816668857,2.9469496553778622
-0.08006583499364435,-0.013545617713600409,-0.19849589800194445,2.7101985603623286
-0.1230210671446182,-0.010379205971877168,-0.20667261014815155,2.877460652712816
-0.10664499855128964,-0.01657954188961567,-0.20467655675568347,2.8414999852497203
-0.10100174734353853,-0.01960539459034049,-0.20308375090008648,2.78692710018342
-0.09516452132153425,-0.005740064466718996,-0.19210431093054156,2.6642417933206466
-0.11363024433023595,-0.018848033241453104,-0.1973580079106166,2.7608367823602697
-0.12484422636526156,-0.02330736059933502,-0.18863793986436467,2.793947887417616
-0.11167253554702099,-0.0028956552978096654,-0.1902266529441394,2.7356250994025935
-0.09603642165718067,-0.003470294808861831,-0.1733255573953922,2.523780266467291
-0.11690406683549104,-0.0025361747580498776,-0.1952544442069496,2.8035505055028187
-0.12505469958691084,0.01364101114139077,-0.17404498955510544,2.6197326755805466
-0.13903310904180596,-0.0015382137144287443,-0.20237546357536443,2.9180777581488617
-0.12766491920030792,0.009407978372553786,-0.19426605475373623,2.8507016324075747
-0.116500160575514,0.009168802897920917,-0.19815214267567224,2.7988315433656967
-0.135204076075567,-0.01608328320411077,-0.19329732983475864,2.8820588188387344
-0.11952113651094828,-0.023339620132374266,-0.21566441302707462,2.9419960429685847
-0.129343932103126,0.004624538835938781,-0.2261131363320315,3.093246570318501
-0.11486853523334131,-0.01718434037398766,-0.22496074339488678,2.9726408949163385
-0.11186083660163604,-0.03171455056239919,-0.20424881649655616,2.8547885115241027
-0.08378271042275104,-0.015134349427729947,-0.2177090376885764,2.841325846578276
-0.09719347006520124,-0.026630556268632775,-0.20221260857557288,2.7795111011506086
-0.10017716989008559,-0.010123284504678741,-0.18883033356617657,2.6953581026850335
-0.05279029733141647,-0.02000998636019768,-0.20318913466386468,2.6869930936400026
-0.08517096572347081,0.0016719029778789456,-0.19357423388412567,2.6816502448448643
-0.08391470045105007,-0.013149880042800963,-0.2099450480400835,2.7708142781461924
-0.08429975639623094,-0.016446931567665454,-0.22383793774296365,2.866080372962584
-0.0930401641139747,0.005299315503649184,-0.19545227361922757,2.6973903513401374
-0.07568524171816145,-0.006599479645157965,-0.20717660558366283,2.745896608676982
-0.0673096514207,-0.016136702286050568,-0.18567087908879884,2.5471060461276696
-0.10248260770439037,-0.011723507991697796,-0.1884334448896929,2.7030202269373445
-0.07975515953748673,-0.010902243865043796,-0.20042188376131873,2.670238331538461
-0.056081420314115685,0.0030888756451158427,-0.19421398058870026,2.5519885836260996
-0.07136251644667137,-0.007768412868603858,-0.194271880457527,2.5960090461047236
-0.0712788145271555,0.014382055961894418,-0.2200929070697729,2.7923748688387917
-0.06850139860916898,0.01895465783867326,-0.1925999286271088,2.658459274138703
-0.0851222894688472,-0.01997573212514525,-0.2097695753934444,2.8219713807526015
-0.07630519307677625,-0.010824203083032693,-0.2197209981425222,2.871393343820158
-0.07658432738496916,-0.01199783092416048,-0.24360501597966797,3.0014966956181035
-0.0568900366075909,-0.015221958123989843,-0.2317134805401557,2.8998955725714306
-0.06961292700833244,-0.00531473169955172,-0.21527752866278935,2.763575457196098
-0.07872792410111322,0.006716863023668716,-0.2074911982971931,2.719978305338088
-0.07587416384446252,-0.014077709131774307,-0.2117592477571939,2.7678539661309647
-0.0660028965434095,-0.0054995072472101844,-0.22338218446647726,2.8417875794430643
-0.05637904048524098,-0.003069991382720329,-0.22039709995096884,2.77643891190917
-0.06376032495827613,-0.017009321645529162,-0.24132270045928733,2.913021815100417
-0.05692296670176688,-0.020625844135986747,-0.21964760293514776,2.7712816298087946
-0.07395505716423799,-0.00893384382469664,-0.21880831270332038,2.838113834387473
-0.0829024205826269,-0.0006824009269124084,-0.2174634727643761,2.8218720383064384
-0.06161767657913656,0.0015609789152968734,-0.21712012120805366,2.741689942681404
-0.05007664498347541,-0.0030140312553835515,-0.2339989152016092,2.8988961103578497
-0.06960923257354844,-0.010982616968678593,-0.21542964068289994,2.7480237498827704
-0.08081427516866743,0.007165504754240336,-0.22738761155053325,2.9051207773985763
-0.05725919453730538,0.011958317556396899,-0.21542574347794652,2.7330941388724925
-0.06502388801478143,0.020205585939615245,-0.1974443604287254,2.616567832232245
-0.061936173091263695,0.03190547897131096,-0.20059058345294928,2.6743876557323474
-0.07311264095566905,-0.003992760624351286,-0.2197592984418124,2.8539462960876376
-0.08644180253393911,-0.006508658114885644,-0.23614237992224424,3.022486040996065
-0.05957747617134051,-0.0056648202606914815,-0.2278121635749277,2.865694655214491
-0.05592524485442668,-0.010476891464311905,-0.2249140627450717,2.7709619737953477
-0.04561381190588299,0.015850280742184926,-0.2036231201095544,2.608167017701131
-0.051293075216393966,-0.001732636728126919,-0.22795463280514727,2.8038362345998316
-0.048248063747236086,0.010583748131433802,-0.23881875601652952,2.9127078683605467
-0.02737316297767145,0.048193931088761424,-0.20223011676841413,2.562096213301421
-0.032904254401350364,0.022101141580058378,-0.1857930998300715,2.4283336513604534
-0.04872809004077024,0.02500888161494039,-0.2074385933770829,2.5942291689790884
-0.000668063932054489,0.007453479488174902,-0.20040014831287586,2.4826205662286833
-0.02758527421293179,0.008579380120888713,-0.18227123029892778,2.3508069667106994
-0.04499595472673267,0.02461746763882484,-0.1930059517302687,2.4713186394456237
-0.024138398042515042,-0.013041768224098518,-0.19940416687697085,2.518395434050398
-0.03878971172279789,-0.007599055806509375,-0.1964113500324966,2.4874957994178692
-0.03048858716274075,0.033225391424657316,-0.1876398420586115,2.459580010685087
-0.041784233465766624,0.034224593289100776,-0.21001587511479805,2.66238855772984
-0.0578897854809449,-0.01577236646872053,-0.20172457821530365,2.532983794888636
-0.04192826465273867,0.012452391088931966,-0.19937295138486488,2.5060918025683963
-0.06151361384949707,0.010262783749151155,-0.19681988722634847,2.532016671032109
-0.05643713298017163,-0.004785406543802529,-0.19939210921012918,2.505830031086662
-0.044619500818639586,0.008624848904411129,-0.18377872004187437,2.4692143976735994
-0.017819870946950655,-0.009788296115980782,-0.19864458566101045,2.490480014474442
-0.07199060035183062,-0.012180469864553045,-0.21310676335341072,2.7286599153941964
-0.05971819541875061,0.013860009929495945,-0.17897176027654238,2.4388596843239783
-0.04665205344895517,0.013632718075285304,-0.1938708911744304,2.5679955388569833
-0.06117263271979394,0.007445734209578589,-0.18602806320466528,2.4757716998523205
-0.04403200631430355,0.020682492015502662,-0.21557931839572367,2.717734845687303
-0.01672821272492373,-0.006641079495538465,-0.18606276044149325,2.4885692709395797
-0.034882871107760435,0.00043310679807838343,-0.17569313764674535,2.3909590211990017
-0.03547246723445637,-0.01688889182791616,-0.18290292260105084,2.509521107433548
-0.020974901754605514,-0.010296248908431683,-0.18218106147558008,2.44405177528453
-0.042050022908267363,-0.0013641943390539037,-0.18351348101700374,2.4518929832682375
-0.0402174868598893,-0.005499572157706252,-0.1948384052522215,2.5147053451260093
-0.026191035191963356,-0.0009774772178420676,-0.17861735895251168,2.364510855679199
-0.013236278366723104,0.008198938162915982,-0.17265720545820545,2.2909001857021574
-0.008466928842541792,-0.0017211728648320412,-0.22132300052390946,2.6742825303834366
-0.06363765900747001,0.017793907872947653,-0.20399003691698606,2.6515782851105576
-0.016977010881514,0.007883361004945563,-0.21521447203757454,2.657035949880003
-0.024347781016552685,0.003977019254653448,-0.18920079695399203,2.4843456823371737
-0.05287466409482034,0.03209728413057982,-0.18701254248806212,2.4843890992837165
-0.05232222018231631,-0.01523120898456769,-0.16330402665572583,2.338912888487609
-0.04841982052610605,0.007220455107775098,-0.18647941076282573,2.4560451814697726
-0.018179317006229136,0.006024342952776463,-0.1911032152502224,2.474727574706265
-0.03844436053226828,0.015521263126164697,-0.1956449543274081,2.467937243872412
-0.04719460949174289,0.004884790341281986,-0.19645177016886015,2.535177228940537
-0.01715246213802067,0.013902779204255694,-0.19183608307277983,2.464800769470434
-0.048536021723629655,0.004862718621843538,-0.19148824967582057,2.4585551170462066
-0.062032109480931616,0.006001522572672109,-0.1818807702881757,2.535926322482843
-0.049018269887402766,0.0029759145385885102,-0.1975899057928099,2.5608676004395763
-0.04407748415160385,-0.0038933133640717483,-0.19264096146798804,2.499149903996811
-0.04658309416570175,0.0030051622051677994,-0.20675630056739888,2.646269878105058
-0.025511023736801773,0.007770897142615729,-0.21594556813244437,2.6461625663080413
-0.04163144056265692,0.011950261117973253,-0.2105952530599047,2.659484096198129
-0.027094451240092177,0.015266905487268877,-0.1909658451775906,2.5095970571762156
-0.02081529166428136,0.013830217077135923,-0.18403237412974777,2.4314312864437917
-0.058029613185674546,0.053247270740004855,-0.1794461771144352,2.472727992651088
-0.035682712861959225,0.038501499312888696,-0.18122656440731633,2.4524178221149455
-0.06559939644666528,0.0010044194002794505,-0.1705599800921705,2.4282864239653152
-0.05190520881756325,0.01376147837246508,-0.168301987354505,2.331303723257824
-0.057862021171819926,0.0228038658895271,-0.15459686737454822,2.2664949397310483
-0.07942698280468628,0.005000007423392474,-0.15804990068982122,2.3735823996364
-0.02026207970818199,0.011773453154980039,-0.14332608413267584,2.178216957340623
-0.0405770111657152,0.0458811780252711,-0.14968274542759133,2.2844217212836138
-0.031332793993385365,0.026886692428575415,-0.1555345227119514,2.224049067622352
-0.008286312192413086,0.000867636756489599,-0.13987018388057212,2.105375581349517
0.0020026632528361015,0.038965184243628215,-0.15923409289536525,2.335978632553826
-0.04305854144267255,-0.013978700231614415,-0.1720024871479331,2.364373575142784
-0.058783631309937724,-0.004991396080838492,-0.15386424656199818,2.2676944351571833
-0.06928515452301624,-0.041154995660900494,-0.16404834822940154,2.3924941652882477
-0.07603427317683725,-0.034547497838016195,-0.17503765662533355,2.4532650065613897
-0.04156121824403803,-0.05001272228592021,-0.18656609406939226,2.522601897810596
-0.06344123233667963,-0.03609382252073681,-0.19255132608657585,2.59327753156663
-0.0777128876996587,-0.019402216210137206,-0.189121107140945,2.575531137742426
-0.07014230348909171,-0.05864770409224493,-0.18163096381843294,2.559217951907435
-0.08072365034987651,-0.06830666571573003,-0.18062772026661886,2.571659978656078
-0.04099291601458519,-0.043446521032075115,-0.14825871094870177,2.321637723943437
-0.010990943333935707,-0.05566969681311047,-0.15528587162126573,2.3004358486021586
-0.025418305735305905,-0.033948135058459006,-0.17064490436887855,2.4076902322320155
-0.04767007712305161,-0.04386699210010706,-0.14716670555469605,2.2536744989692843
-0.06359113418776095,-0.022639110449562242,-0.1830276604720617,2.554999018238587
-0.09385834780849854,-0.03225748800280362,-0.1622556561943031,2.519292003144894
-0.06640717265216221,-0.03768279060306282,-0.16901180395479584,2.4902049566931415
-0.08784076801431835,-0.050268845082412146,-0.17550399894996635,2.536146656004079
-0.06219946416154156,-0.06497597845664903,-0.15864308668305174,2.355610151104411
-0.0001458187977466399,-0.038900383882006846,-0.14485658447272387,2.1882394805617564
-0.06146827557844367,-0.05364562349450025,-0.15234254027795893,2.3163426064027037
-0.07562314277266756,-0.03533827664295748,-0.1576199292492116,2.4706473305142573
-0.054028856024686954,-0.057005936148878625,-0.1524311527144319,2.382614233913082
-0.04142675910140699,-0.04064371469142491,-0.15063041259280704,2.2683708211987277
-0.08470189025975511,-0.04918380431654475,-0.14384169322402998,2.3310791029835767
-0.024811268638053132,0.013797838156854883,-0.1388858010529513,2.159298544025735
-0.09061980713993287,-0.02257619626883533,-0.12176740820137712,2.149227318495178
-0.053629205290476545,-0.055147447409057054,-0.13887677503615228,2.216845799775196
-0.028521829076182673,-0.061401130272538795,-0.14610601032276474,2.2490099156512517
-0.0405294633426961,-0.055530363516964734,-0.14386827309841116,2.25229354345367
-0.05971407558014569,-0.05115571548951683,-0.18127377331367184,2.5038247853172657
-0.049073306984390205,-0.02653899313077523,-0.14773548427443609,2.285984053115048
-0.015947932907542938,-0.024043547497474137,-0.17000337350327135,2.3650996759284686
-0.023244782695022753,-0.05298693544492964,-0.17796447349741817,2.446548864105927
-0.012219007209308406,-0.04384706474103496,-0.17036286776748474,2.415370495606584
0.00043058408032242115,-0.030212734962790453,-0.1658152195673561,2.312300289788085
-0.030607150794216397,-0.002275230187131185,-0.19670691016547417,2.526521633941457
-0.012491252749988092,-0.03233801217713362,-0.16711904910522066,2.3096652274775136
-0.028982355935750707,-0.011943524981299738,-0.1671638451274227,2.3525869726028033
-0.0009213922617685631,-0.018996316520384162,-0.14932536526606816,2.2620600644974274
-0.013314081877997725,-0.014115978922836838,-0.18187515315366432,2.459753704055568
0.0019488079947173947,-0.005487648049902442,-0.18063385107291074,2.3782459994169827
0.005491253719123138,0.015139433240634534,-0.18492539143827152,2.4276256090693957
-0.009296866207022126,0.011039544871921294,-0.16543201366583413,2.3124150870197617
0.01987130111163554,-0.025842833180976993,-0.19097936952165606,2.498773036897104
-0.004662686066134944,-0.026499204513647255,-0.19450688446363298,2.5447118847719823
-0.000975041086258174,-0.02556679581263811,-0.19153112312297182,2.4898551105044464
-0.00362264512089908,-0.038757683328928656,-0.1661105863533236,2.316092709188681
-0.0011890710328379406,-0.06163341278667779,-0.164555225266116,2.344103820771052
-0.010544645704508646,-0.005533396939165159,-0.18043278243349598,2.345155217916302
0.002079119290262202,0.010884924452278772,-0.16797455493726565,2.325634763046977
-0.01856274931717523,-0.03200730277580158,-0.16025724175249376,2.237127015736289
-0.03219413735000547,-0.023580282534316935,-0.16049184912013295,2.2928672029079187
-0.003584293472728109,-0.020805880160518583,-0.2088455962037445,2.65635315181003
-0.03930604769907702,-0.0252855267025907,-0.19778396239184665,2.5862298070828107
-0.008570954746550648,-0.029359260215720925,-0.19758951532855878,2.503475332294474
-0.010721918798872002,-0.050475317646797635,-0.18579353640184482,2.432341081744405
-0.00065961377410389,-0.03237935623708855,-0.18261062114594437,2.3672560137278578
-0.030671879429092365,-0.021073069167266558,-0.2074916186832816,2.5924715120680104
-0.01823934514746477,-0.056933078118462,-0.20689398290877056,2.624099430582196
-0.03817235660781332,-0.04867307200746763,-0.1836810548937134,2.459563057340578
-0.02642395085125714,-0.0084149109839681,-0.18460970995336515,2.392241056162578
-0.02631500672258811,-0.0075555425101953835,-0.20102575305922857,2.513087031922024
-0.045225173754014775,-0.042630679031321665,-0.18025846919198846,2.422213401461937
-0.006539238490369753,-0.02553226110799084,-0.17010979485333058,2.2962736461883164
-0.02860697081226264,-0.024119078531854944,-0.18851826214468043,2.4238298366540736
-0.006809114535750239,-0.020454845926557216,-0.191196228709086,2.4583812371187475
-0.006863710276379585,-0.011095601210642628,-0.1680033148939209,2.283986618418783
-0.005513530634346139,-0.03155873817379299,-0.1448005967018096,2.085816044912626
-0.004175920451232713,-0.01575521087558896,-0.17932898035435546,2.349685678823823
-0.030965092149718938,-0.04707765382951324,-0.16723632598434032,2.333542291564104
-0.03506504987647164,-0.04482301301355033,-0.18319195182741793,2.446503841773909
-0.015466072029168523,-0.04812873646137461,-0.16589648604647997,2.326243185094926
-0.03422628447383771,-0.031028586470099536,-0.17331862586998265,2.356785356870884
-0.015553576705381475,-0.013731376277040918,-0.19482710699133007,2.475976958083492
-0.03708331078199064,-0.017423975552893243,-0.16027976632759194,2.2378621025082888
0.01342955638620898,-0.02228165979673827,-0.15304613295863076,2.1956734299003067
-0.019288248904641144,-0.0013958934467637612,-0.17424679239035357,2.2481799976707624
0.03126307451436436,-0.002743984403404393,-0.16982237373069678,2.294154985140537
-0.018596784353140702,-0.010343062390565247,-0.17422317015809893,2.314994592520136
0.02508860860502221,-0.01681206516173464,-0.1672960900544723,2.2702462335188724
-0.02964225762943059,-0.007051013348271068,-0.18105713815889038,2.3454371778464935
0.018399414867682977,-0.04022546182179093,-0.14548164811797895,2.2508855286224163
-0.02319995672865857,-0.03411202725806026,-0.13742551116324217,2.1212301153587974
-0.028505791196298914,-0.027567416223418868,-0.1610303813497327,2.22068372615529
-0.005116873644980434,-0.057709809285244176,-0.1641716927075961,2.3551551158706823
-0.02430507521446415,-0.016668606284698805,-0.1575744799440018,2.1202938127362434
-0.0172895926332366,-0.026281518275351665,-0.15716816206733888,2.174158383046753
-0.00618663416730847,-0.02448617321791573,-0.16323258836504925,2.2178991176885705
-0.036043580312630524,-0.03571269113097081,-0.15033938931167548,2.257788183876786
-0.03702057739072418,-0.039382876775392164,-0.1306039945717292,2.0736728550261088
-0.009822799941362051,-0.041799406213409544,-0.16331052151774475,2.2710241241289575
-0.0022413339492710497,0.0025307480898016633,-0.164413089331366,2.198476091735559
0.018203574426242725,-0.022244810370045408,-0.1584835356640054,2.2663100477498856
-0.03482670219282497,-0.02272375134342393,-0.14989037217141976,2.2098989291334923
-0.032647624084998494,-0.02085834901184829,-0.13199030927084857,2.0283128450375574
0.003637148848505705,-0.03472016753277243,-0.13645710054067473,2.1285489603890704
0.013698665190368522,0.009828688088530756,-0.1469375029607037,2.14461359234182
-0.00012002516954761169,-0.0027337181035225304,-0.1639639894935715,2.2559584179036953
-0.029253272026691254,-0.024811609023754067,-0.15208231238072256,2.130327141261105
0.0004669348496454597,-0.01570605189039929,-0.15889702506439551,2.159431280697021
-0.013527987677491098,0.03619060082637898,-0.167417697948603,2.2787450881797944
-0.026286749146609438,0.02441392770249895,-0.1383454389024812,2.1225196264817785
-0.0050932425556475015,0.016218291513346274,-0.1520548411237024,2.148753290398738
-0.028760235411822207,0.009958228566921731,-0.1528105263663408,2.1803040047462003
-0.027348825687799685,0.01087092451079818,-0.14883898444009425,2.1713459848060515
-0.011671559126555443,0.024113207529181974,-0.14002053566301198,2.087144965332815
-0.02585239213519391,0.028425420500714386,-0.15273468211337804,2.185603547056198
-0.009156117975979353,-0.019522906081934667,-0.1400096688143634,2.0421201791694696
-0.0018350974633879942,-0.004275853252533672,-0.1663496319232646,2.207673060777998
-0.020615713518872168,-0.005400519338308087,-0.14667887559621748,2.107104650037779
-0.020715493181367315,0.016796464022434288,-0.16690201180016884,2.2699651642997583
-0.019545616421835877,0.019623234190682973,-0.14391859020666578,2.0687788486100307
-0.03477475137592157,0.005665069699250234,-0.16301456864069147,2.208902372822619
-0.04173991752528073,0.00524553021808747,-0.15228704897205367,2.175064029311042
-0.02834475438758989,-0.016506859847021237,-0.15058585563641233,2.169203908066043
-0.039925504525961705,-0.029988438476357113,-0.15205596223546966,2.1475711049556354
-0.022349230159310826,-0.017420339829989064,-0.14909904675336244,2.0981910107830055
-0.014789095434178534,-0.014583685168905593,-0.16577438281509843,2.2989862306605104
-0.006348668299454078,-0.03815697174617637,-0.1468826714800115,2.1114534969886027
-0.007219696316628484,-0.0699825669658557,-0.1481722691234248,2.2637973438879126
0.008579276195882108,-0.04213191976965699,-0.13222106753607532,2.054697026131902
-0.06295154615027528,-0.020467696318965015,-0.14951422979723666,2.1913798303031795
-0.005412624434211784,-0.03126610548968431,-0.14613515184584489,2.099148073340784
-0.04170655375328393,-0.042461536107666745,-0.15322433501194718,2.2021686158623317
-0.03758041559649222,-0.01549538129047066,-0.15667168043686605,2.145891759656657
-0.020855877644273574,-0.03163664172462044,-0.1528931028987818,2.1799432671225256
-0.00280701614755017,-0.014115758829477486,-0.15681897713860343,2.187651094027662
-0.03443809633214984,-0.04186307659611407,-0.15265751096444305,2.190526285042759
-0.03164092811275491,-0.022544739152032284,-0.15415075844289006,2.166866537077418
0.0032614426409610076,-0.023203127348647885,-0.15780987986782652,2.1704005490012057
-0.025390486899671,-0.045640869830658924,-0.12741542782468607,2.0313945308995467
-0.034363943208611754,-0.04175343919981865,-0.15612692325340688,2.2499994696411405
-0.021752282351922354,-0.020119350605273423,-0.1459632510245527,2.0884860587464384
-0.009439579012358385,-0.027776833285880643,-0.16118344002343765,2.2357510003085443
-0.027745347151925604,-0.01343386545403806,-0.13748491859600268,2.050117156271152
-0.009722542151114275,-0.00852553233114592,-0.12336991604520207,1.8872074001967325
-0.010622387456253324,-0.017451439420551107,-0.1665269712371088,2.232713562498046
-0.014368736018250117,-0.01907642162196102,-0.1310893653022023,2.035925664241777
0.0090646817747732,-0.01243456597329524,-0.16011121972805584,2.2166516111397945
-0.005366105489902745,-0.027795117523499575,-0.14213264028758116,2.021472051238241
-0.0020141059839681166,-0.00866657174758446,-0.14940039714751138,2.068215660739653
-0.001776310019673472,-0.04461099272599422,-0.14907832448765546,2.082573773835007
-0.03342434056335248,-0.01815957349951156,-0.14872854701582486,2.1101571542914423
-0.015041407736629084,0.008156298785200652,-0.16542521577541527,2.2648622588742024
-0.042183072248019815,0.015826023250825477,-0.15858367123927275,2.2436219540591713
-0.01994828812783192,-0.0207005395963062,-0.15028337994022664,2.10376055154587
0.006782633852650202,-0.030735769928194108,-0.1456612687991697,2.071563841781463
-0.009584346523108125,-0.008605149055765683,-0.13808880299693144,2.025481609314414
-0.02363397427491586,0.008360966219515634,-0.1637705556093138,2.2110622596649665
-0.005099222942904884,0.004409234100641869,-0.14911633576504232,2.0775916513891026
-0.017272661623823023,-0.0036235981518346985,-0.1432661168065861,2.03137886497981
-0.03242464719321389,-0.03999085560494473,-0.13879525385022648,2.044159184655058
-0.05996696973786116,0.007331301679336637,-0.15352914499817155,2.116635399962083
-0.03288826778710402,-0.01006940496370721,-0.14020248224742288,2.02808966178734
-0.01317422764017974,-0.02356787945921698,-0.1352804742727766,2.027399729038867
-0.017931023328507874,-0.003984079915981971,-0.13637346747464196,1.981206503638169
-0.017540710631719657,-0.016446692457816138,-0.15200092851274574,2.1029881876993306
-0.057759339195714667,-0.019941623292265974,-0.159415641829747,2.1970495092764404
-0.0765668813828788,0.005554227901436119,-0.1405252827981019,2.136572626494082
-0.06275443509862443,-0.0037951458188099567,-0.1668260601371806,2.2774993066339126
-0.02408349873797641,0.0001331772634252266,-0.15437654009290938,2.140949735900735
-0.01854032476368818,-0.008979355161691236,-0.1281501129992384,1.9495643241160967
-0.04687837422287657,-0.001800251590199706,-0.1353561331868581,1.9694422758557415
-0.021344385719832677,-0.005759082246520777,-0.1360561138356483,1.988389662643015
0.008038539990182737,-0.020163374512412853,-0.13513154494370314,2.0134246096411186
0.0025904412119548328,-0.04058526495764886,-0.12482306859602686,1.937712600712721
-0.012952275180154274,-0.02082124043378823,-0.10762611341797954,1.8364289906163285
-0.005063505503483448,0.006220553811119079,-0.10609447515901313,1.8148383271963755
0.010243224901748869,0.0093953884171014,-0.12699228998433468,1.9667143169167236
-0.013916286882607976,-0.0085485732288547,-0.12658107416145223,1.9344552662031886
0.0012551118842863802,-0.011762528016766381,-0.107562066059293,1.8888671335809761
-0.023822471409145677,0.017833152744928256,-0.12586344804384988,1.9529418887267775
-0.02359061460094569,0.023327171599875116,-0.1235196651576314,1.9694723155441416
-0.0009685445656227994,0.0007289357895220675,-0.1278239500098125,1.9668288641690777
-0.03402459467999331,0.004860617000013636,-0.1296586504283812,2.0254977296900623
0.005548586436788243,-0.01747195682097372,-0.12948204999310128,1.969085508741561
-0.005817719929111082,0.007578156498740428,-0.12487843937714041,1.9088815056754516
0.006732751207669171,-0.007066310015990735,-0.15599990937921554,2.191166150902462
-0.009324522157900385,0.0014150633685625295,-0.15162810657541026,2.122370165325383
-0.0046741431894411255,-0.011314271498476258,-0.1567480912088712,2.1742831554350235
-0.035765724548757316,0.010461195502270223,-0.14926888444061517,2.1873439447305705
-0.014961577786786693,-0.022954839988832708,-0.15609251478968295,2.132901244665482
-0.014611859208841945,0.005256231579046892,-0.12351985118916232,1.9618315659497858
-0.0026217977971040736,-0.0027440621851872586,-0.14145194256027088,2.076156984850819
0.00239203463228427,-0.011110971369622346,-0.12333600766029257,1.9526450477174375
-0.007606850781228982,-0.03375517713290775,-0.14182799358867676,2.0711079984057
0.01549683035465821,-0.019161609465576403,-0.1342762422528747,1.9995489703543954
-0.020283708566694196,0.02160190390227982,-0.13057546315858123,2.001882481377434
-0.016110795623891887,0.010525212531502104,-0.14049720610707067,2.061741958937621
0.00834845647979917,0.01305795407839455,-0.14591431102381475,2.0706017086981694
-0.0046174790372329666,-0.012795496420209216,-0.1442657631304873,2.086463469133086
0.002658509863945184,-0.022859873019708776,-0.13256169562111153,1.9814079409824574
-0.006496062674742719,-0.018194144679645467,-0.13616691092876715,2.069892096880216
0.022924395626444487,-0.022278440782623317,-0.13449565107251765,2.058981196516525
0.014577106794544253,-0.01642553497631702,-0.15067430405385362,2.042279634617228
-0.009650654212222208,-0.009705773651695898,-0.14370935964686343,2.0628936151873583
-0.02168424702792061,-0.024023453106543673,-0.15635943598219465,2.1945761014584044
-0.025080199744816078,-0.04026252321122296,-0.16560475661299456,2.234549372148726
-0.00985277173457893,-0.013369840206866029,-0.15075990937609154,2.119882166869712
-0.0311281767962412,-0.02223383865566924,-0.16349832856439273,2.217076180462672
-0.04845969738919146,-0.007320859676370244,-0.1559808886582479,2.1872838141950988
0.00038928373085515215,-0.015972712609693643,-0.1380565768696599,2.0537102637168196
-0.01832184529515403,-0.011936988239538458,-0.1313463185584892,2.078796977173783
-0.015072563859425948,-0.02058261488584778,-0.12695335424136825,2.0586894958057806
-0.02197916959986647,0.006109515173568599,-0.11588465675431016,1.9230196295551931
-0.01609797774232333,-0.004944080743599398,-0.12165498877219842,1.9961710457424602
-0.020554052710538357,-0.021603374177115033,-0.16040044349524457,2.19387522925846
-0.0038401611871408114,-0.01614064328522366,-0.13525630392353186,1.9815009193553494
-0.004667463047970512,-0.00997923908336157,-0.108678648880222,1.873580889584617
-0.01965908394073488,-0.018721131654003062,-0.11758359740415072,1.8768539731484182
-0.015907138948316666,-0.005710151147393139,-0.12857226330935836,1.9378635343606323
-0.018995362201854948,0.008201059879994773,-0.13084544353905092,2.0157593993404603
-0.006464680120137559,-0.0076802549434928195,-0.1264527829744388,1.9755994031938495
0.002755095671591283,-0.015103911312726972,-0.1359754507631176,2.0126777514769243
-0.020018565655618114,0.005865204088530209,-0.1300676784583311,1.96161320186881
-0.0028265012531968623,0.006999071924388508,-0.11859859303558824,1.8907458134715613
-0.003926948711206109,0.010483791010795765,-0.11368787990248681,1.883300146562617
0.007914607755961528,-0.0318678061978348,-0.11881028423385108,1.8897764424094443
-0.01541022514983891,-0.02508057633313245,-0.12439052693697049,1.9476965194755282
-0.02621036679766316,0.022181664240038684,-0.12579274056751572,1.9739312564218545
-0.009930995176876825,-0.011363055010782934,-0.11698350452109126,1.9579125646477127
-0.009657784192661195,0.009688635343117355,-0.12847643675446357,1.9648801863041445
-0.0028597825555343724,0.04659198473679221,-0.12019636028092717,1.94176434599319
0.004889480976186726,-0.023445447448738853,-0.13001740832883504,1.9870281879673426
-0.0043687122852333555,0.015261860622447143,-0.12792740388296306,1.96717922691338
-0.005739571559091883,0.010999727293207036,-0.14620683153497765,2.0552727729492943
-0.015602370359430002,0.012479561156946414,-0.15144132833943608,2.153825352618054
-0.02811200372845599,0.010171490421825859,-0.1529281860855079,2.1565285339983444
-0.04047417500191091,0.0029636116089939626,-0.14834325804028034,2.164874480935066
-0.018412183495925417,-0.0025096130969670225,-0.15766862136962126,2.2338167393097255
-0.02790052156956581,-0.018802679723876503,-0.15741152093682395,2.186098193595179
-0.025118291494228503,-0.004769144132852546,-0.14041647832977674,2.1246662329661556
-0.027575776992196318,0.02053325703603244,-0.16643407967735632,2.253481602553571
-0.03567610828309446,0.00929658685428971,-0.156274099964314,2.188061145765562
-0.0611115000937779,-0.03440603470664221,-0.1594725335012194,2.2999951077962097
-0.03303229143658743,-0.011069211846200218,-0.18177362009939343,2.368015365413377
-0.02964176913648902,0.00308493955328759,-0.15898783924031315,2.214463445141344
-0.03176739885695369,-0.015033692283848524,-0.15326827809125926,2.171536559390769
-0.031318000846555255,-0.030694461513938957,-0.16084875765322243,2.2270065107319827
-0.02483278117113298,-0.021058057449396126,-0.1247759795306293,1.9445874182440908
-0.054642241628892974,-0.00840633365316175,-0.14784274873547704,2.1298747392435633
-0.053634215818403164,-0.013016972245630573,-0.15278300262198385,2.172139413855762
-0.038065542086436394,-0.017418227212881842,-0.15330758336475167,2.184160176590587
-0.057849610905693676,-0.02144302312222944,-0.1757872326581635,2.3986578831871723
-0.02547096857935967,-0.025419294600115425,-0.16628559463490358,2.226162795802249
-0.02782896808586673,-0.014244504593241045,-0.16042719394391947,2.214712492146461
-0.028029682687816165,-0.0173415405622255,-0.16483944927516764,2.2393312088346864
-0.019891368547614835,0.0005545937268041941,-0.1604457734470044,2.150751083071378
-0.054979644689470114,-0.00401902829800951,-0.1874992441993711,2.459735589982877
-0.03881087505231724,-0.004231700856447359,-0.1842631093337163,2.433108641481942
-0.03778338597252036,0.010078919120548754,-0.18495316074657808,2.4505913704454096
-0.04379645507228384,-0.004251382214407576,-0.171297570093576,2.2750152586951646
-0.03532144345921529,0.013424982744758056,-0.1363892512707549,2.048945915689155
-0.01780175064562773,0.0012835187128044216,-0.1299821364411275,2.00568804257273
-0.03299173242195243,-0.027684990076144757,-0.1437610014411877,2.118970486164324
-0.047737565727756975,0.003693550336568224,-0.13645708541256862,2.0820860601039874
-0.04137532240869812,-0.012679596614885434,-0.13219615205682025,2.046426526313494
-0.05239790936362818,0.027493527240739748,-0.1316728433182553,2.1107151741565815
-0.04496786778691922,0.021216012583950797,-0.13990932044777304,2.1581847106953287
-0.054781637692267474,0.04978862222392865,-0.12551386889944427,2.182968491521972
-0.028022470311456677,0.02949903140546265,-0.11166621949623347,1.9976358547053803
-0.03201383309209306,0.004198563385720227,-0.10770498829386835,2.0367545149662347
-0.03835519955619296,0.03482850482955945,-0.09255247583454618,1.9358483315743868
-0.04869013785466783,0.03241207508471459,-0.10957726474291585,2.0193615273641132
-0.04968809323500103,0.007638059024860321,-0.11998257543271507,2.0475184279402447
-0.012077102903786047,0.04430062810398606,-0.09310683196657331,1.9818505683336556
-0.03289859642303719,0.04352047176771568,-0.101337158327823,1.999739705943455
-0.03712102188549424,0.021306217253098888,-0.10755589455206749,1.9454875678147463
-0.0354711640589735,0.0344355655559843,-0.12724873443096615,2.1144118046981686
-0.022684362109321465,0.034510911624791925,-0.1060991365122958,2.014317143292548
-0.05477718899090642,0.02313267540719388,-0.10604286319424797,1.9843760480741297
-0.0437664550620631,0.05694635316998452,-0.1093043783612474,2.0910598884136236
-0.06469344128564453,0.030479187325027246,-0.11827750796790192,2.167962272801133
-0.027183223442709535,0.006241178697509347,-0.11176388937525823,2.0596172053915502
-0.021360704060150622,0.04149633311225974,-0.10773017753893452,2.074126394280912
-0.03610397460190714,0.03298377277104994,-0.09847642732150237,1.8745584250583844
-0.017421914981424744,0.011448851174443274,-0.09547234931560403,1.902118291597317
-0.0032325416125058913,0.05857083305567029,-0.1022210583029048,1.9091823390159133
-0.024912155248540867,0.009468041308044673,-0.08666122892089446,1.875015992021634
-0.040196987915922515,-0.0041150356336509715,-0.08251334214910444,1.8406514845857973
-0.02698975705315641,-0.010929984697900186,-0.07273503483505792,1.846314177250477
-0.07843932674134052,-0.007911657327823998,-0.08319142258510673,1.993643818984015
-0.04048285078044456,-0.004267944796270919,-0.046986376411313494,1.7410880958662298
-0.06452620823109462,0.01855401982365858,-0.04306654243425912,1.8438076234851963
-0.061770908396575334,0.0029996071586825663,-0.04168104039791145,1.7466794868568734
-0.07108739429343261,-0.005095289885365269,-0.07505223180767563,1.8630400763312456
-0.0684605183045518,0.03425977393809215,-0.06127371073486183,1.8384068364243744
-0.06613052220161883,0.013463484276157726,-0.05084346465863513,1.7806571275561223
-0.06861273131807369,0.013151613732161794,-0.07382045795867057,1.824819781932539
-0.06949437539490502,0.01136830789804226,-0.11619735412204778,2.0050454719487516
-0.05542846335203577,0.014853582253335742,-0.09354880580117585,1.8406847028090303
-0.06107217902425554,0.0010953081886500243,-0.0820437780979754,1.8764978429684667
-0.05773866455170583,0.027225867751694235,-0.07278848036046773,1.7574261664161939
-0.05800025803359771,0.029632410607897793,-0.07381798440106885,1.8975102763769112
-0.09788348924376163,0.0060117236837033145,-0.09865719988926464,2.1051601498566925
-0.056412476209029776,0.006885758952979882,-0.08972801264125015,1.904058017806599
-0.00799851642712743,0.014115283785631984,-0.09586552416851123,1.915274797779015
-0.07194045261996669,0.026576243758678775,-0.07963363581253283,1.9126298787195097
-0.04281879016866158,0.006817200540257001,-0.07225786494370363,1.8504671747169923
-0.08312610290978723,-0.0019574313718854664,-0.09166200198341308,2.1333077046964677
-0.08635664318022421,0.02627239287880508,-0.08351296230072879,2.0532591119059203
-0.0931916813984733,0.06499542096833619,-0.056768459372281775,2.028364956890663
-0.09154883791212917,0.03369282455469862,-0.07254229851433486,2.023289417172192
-0.05866966392144884,0.0661687740953847,-0.06727003416352394,1.8596705457083433
-0.04613831488351375,0.025954225957965347,-0.08154780931793017,1.8336533366507564
-0.08422429620616767,0.031818525914572904,-0.04376415096630068,1.8580423538294317
-0.06408868628425202,0.034113198361406104,-0.08124398232650934,1.9036118952484933
-0.07940073641633917,0.013426319693628135,-0.10126576530372915,2.0086563408883125
-0.07188506603113307,0.000771816971926971,-0.07637281123981575,1.9638546561766421
-0.054677671255291854,0.0236213265321539,-0.055651119160918916,1.7191805130531341
-0.08838427617972389,0.028456621519070007,-0.07633610367354914,1.9011130137660224
-0.052732610270202256,0.0299549325146876,-0.07237807573960692,1.7945124602459053
-0.031769646952071996,0.015484456914488213,-0.0630303204617889,1.7650249171607706
-0.08698392818772192,0.03955943832610016,-0.06781179926757643,1.9373687015844887
-0.061079412591507516,0.030243979092264242,-0.05525526593859724,1.797591573195694
-0.06690946745184126,0.06180647038327421,-0.05259548557012677,1.8879515544841088
-0.07209852566885275,0.023028062122670136,-0.026802348480692757,1.755337782991083
-0.061171566671854256,0.06028244674749402,-0.04311299982758872,1.7727207049800395
-0.06627434124219711,0.030942198797976734,-0.011105478873637845,1.7203146748883638
-0.0495641045385015,0.022343707765678386,-0.05397942097475215,1.7048004204728187
-0.09130546246841045,0.009191686461943682,-0.061270795984125666,1.832266686718108
-0.0945263200422653,-0.01764844864054694,-0.060083139694355026,1.8806020319162855
-0.0540723188036495,0.008044000622318626,-0.07536055459234771,1.7219215727621908
-0.08907809636650758,0.006104903681455953,-0.05604636513545245,1.8122642139824097
-0.09129471238332089,0.01010669445658888,-0.06351468277735647,1.836559005914104
-0.04201607498606314,-0.010694306524351155,-0.07171893149688192,1.6556136125777712
-0.06847341190725893,0.0005339332648020874,-0.061573458106717896,1.7557533688394844
-0.07396336527429137,0.020504213505544017,-0.0762407435668003,1.856395432409252
-0.08136622976004593,0.03038154190949867,-0.06262354706692427,1.8984583194166322
-0.07424941418054523,0.0012200773728724668,-0.0647946578743904,1.8172727934713078
-0.07779812076916735,0.030404775352946053,-0.06835351135278125,1.8481640343649366
-0.07281134999650456,0.0038836101561581637,-0.06576144767100978,1.7914326941392495
-0.07417371644689252,0.02668578313309802,-0.06779997357205464,1.8813672867597664
-0.037532624252812424,-0.01865174702419565,-0.05336156237589165,1.6628545834235022
-0.035968911033393,-0.009402402560632963,-0.0793377644701884,1.7760239199593024
-0.055573568388936546,0.026354875969913122,-0.06400134736089746,1.7789116474218933
-0.05439511472876012,0.026860428702952414,-0.06966880167368417,1.762381215270612
-0.05040982995527103,0.025878468657697593,-0.026649183814347197,1.6990186778945264
-0.03985102939916394,0.005371850894896134,-0.07718559978312838,1.7662700630802906
-0.04575144286410788,0.042893745509381735,-0.06325306106627952,1.8317956578011718
-0.04733502253110659,0.030687980344025163,-0.011290175569887567,1.653524211588139
-0.031198378759911063,0.05403458093485312,-0.013808773792647467,1.7156124133291455
-0.015537979593735362,0.02334754336073172,-0.040574028951779084,1.6779324306290468
-0.04666351349271172,0.040134027146083245,-0.02126416055445316,1.6378860171352831
-0.07110984786041652,0.015987733090581383,-0.05509564995790414,1.7870531828566503
-0.014470285560189719,-0.010163029647830637,-0.04677827921267303,1.5809435761379287
0.0031778735802049274,-0.012651855737141688,-0.06008414996611609,1.6086149663897307
-0.02870081213463408,-0.002496835645818284,-0.05057031536701724,1.666963502197986
-0.05235877055614278,0.003196043979271145,-0.04180175134449838,1.7133573916179266
0.010896408642904582,0.004879386620190674,-0.04522584565909639,1.5565115975106902
-0.01352041926047771,0.010632463674553179,-0.001097393203319441,1.6547861423473627
-0.03569460201520453,0.015890190079551298,-0.012222990170253429,1.6388887236537315
-0.018962753843136254,0.03319728004871722,-0.014007040309182766,1.656515198615359
-0.021384869602423216,0.0020994034174759897,-0.042023644555904294,1.6680511910285716
-0.040073350428608684,0.004818770620644903,-0.026528912068511747,1.6601001382710305
-0.0026331203351389852,0.0004890452070464401,-0.05730733236513366,1.6271624684744133
-0.024574416164194462,0.003925749043193149,-0.07009807499495466,1.6839933800973028
-0.043029430877957235,0.01169742823766222,-0.04104779356455353,1.6864605514637079
0.000870764407677175,0.0022378569720512714,-0.05250895586198662,1.7013532912386555
-0.04662046008711312,0.021826105697214677,-0.03874211580621327,1.6747090003477023
-0.02205486472999525,-0.0025393663746016894,-0.06308905109594133,1.7155814660061242
0.0005850276583786129,0.020177417431505203,-0.04915421968547403,1.6544549958257786
-0.05463796301820883,0.025670764163109882,-0.05123089956682713,1.6830971398832777
-0.06378985148729788,0.01839575694629694,-0.027892101193529487,1.635611524903674
-0.007537134418752843,0.02772363976915311,-0.043371211618327896,1.5814107100975843
0.00018567021613316633,0.0001574751119188799,-0.048534027241021106,1.5719997241380925
0.009238541311796132,0.0149601781152766,-0.08550577402078312,1.7238660929494773
0.0216723241261886,0.06432704916309116,-0.10058101248984343,1.940501225129807
-0.018840294748287433,0.0497099878646845,-0.06965387323433044,1.665056494435609
-0.018447530329456695,0.02951999770854039,-0.08402467921898236,1.709962426677768
-0.013716303142812648,0.03119978454554225,-0.05013750001277927,1.628971729037496
-0.0485124556045468,0.05838521478847176,-0.057988033109555144,1.7920770757322757
-0.009794798440248102,0.04412355003165742,-0.04161982766202421,1.6199547940512913
-0.013808972886051435,0.04205061575645768,-0.04480905032249495,1.6953007136373224
-0.013509143511916788,0.03507216137676045,-0.005686223885288074,1.591996345863719
-0.03673408348792059,0.04528096116680826,-0.023686446534215453,1.652179168797608
-0.0339483951109329,0.02681923390651232,-0.06548766558156462,1.6502966314264471
-0.054514330403876154,0.007207642299613411,-0.08641705060214462,1.8290440958416563
-0.018932190943091235,0.04300587038475357,-0.06372237963905115,1.7790759110227832
-0.041998241578314374,0.042470814363123194,-0.06066674902900742,1.8050794038630122
-0.020271559902963126,0.031453192712451165,-0.05182593970837398,1.6773058364562858
-0.028287278733448624,0.030678982662446477,-0.021778017777212423,1.684461711498431
-0.08265135456110458,0.051149032770826476,-0.047754976377426414,1.9300710102715124
-0.06395257886608001,0.036871987194583136,-0.030570641197510306,1.7241353933072356
-0.10004513416370092,0.02165379940261587,-0.06068761223939554,2.026753525020974
-0.08864566246490885,0.018747771200558795,-0.04360110038033177,1.8219619215886291
-0.10767557585922517,0.01595146173630255,-0.056460105051635075,1.964621198183622
-0.09328192427487655,0.04116827933416434,-0.07835633060442727,1.990918310831628
-0.1143608974286269,0.042023129967773125,-0.0839999011082876,2.145345446125684
-0.062441348439469975,0.047386528412961815,-0.062488283767851704,1.865671637522563
-0.09646955779350025,0.04014164304328377,-0.08518464557600107,2.0581894684669986
-0.09550556824188756,0.028874021794710887,-0.07978305671485342,2.0050122042009346
-0.116528050846175,0.031884731723862456,-0.05243824270340724,2.0577129129751204
-0.08484620554502717,0.02165316822105425,-0.026349481752134692,1.7934574341113703
-0.07768515884932685,0.014247567911162518,-0.050020397249903426,1.8046916872926515
-0.07681247508335873,0.05953819032548816,-0.0595017869832966,1.909325400180129
-0.10275654728125973,0.03397971746897421,-0.028005397720025086,1.9429056989352653
-0.10648228749132642,0.058404974310878564,-0.04969211475779841,1.9605072109506565
-0.10454489009025265,0.05415373525808684,-0.017032537986732356,1.991371709390138
-0.10598940493647728,0.04158780882331997,-0.04861960170759402,2.0503379474855628
-0.10352825380875048,0.05339018628689317,-0.04272430592190483,2.049262261168982
-0.10158965272373105,0.04430088575651828,-0.05323416692768212,1.9609520751769527
-0.0909464538015737,0.05445263529175198,-0.041249140766810875,1.9083602623422335
-0.10171930192119533,0.028839620807611866,-0.05325387234437346,1.977971864062657
-0.08682239643076854,0.0370772395929743,-0.04666328022018045,1.9188419219244015
-0.09799439429637595,0.0242907425879182,-0.06584063543007924,1.9515825935267872
-0.11021607129951339,0.019653187549920292,-0.05712627077046875,2.0317698162997306
-0.12628777407728134,0.05014332673344577,-0.04630112034003776,2.0955829207735746
-0.08719626475444983,-0.0011093017247193618,-0.06996355262485604,1.9089082746860089
-0.09635681345032153,0.025409101776343517,-0.050807098676372335,1.9912075787729127
-0.050870802352849055,0.015622983427716508,-0.06261060482149246,1.7931956765338315
-0.0943301499013142,0.049820153533218725,-0.051816413994465516,2.0052174886015823
-0.11318159279167964,0.01972127819058364,-0.045046297288335306,2.0128068060989905
-0.08528374398412317,0.03742055155674293,-0.06605208427067441,2.006681646178757
-0.0759838011797113,0.04717685188241764,-0.06591589867423144,1.888181620121704
-0.07422528511835755,0.07080783742471468,-0.05390149293469499,1.9867945945480872
-0.0800160853579669,0.05755953800235687,-0.0540143342650193,1.9455491593462058
-0.08624933669650915,0.07513366854908053,-0.06107964602580358,2.0136963854927785
-0.11326184888171253,0.06615161978977298,-0.07167063892185754,2.166747830763204
-0.10103755520193505,0.04717297035692749,-0.07647156107234346,2.0824652632967102
-0.09092449074885114,0.02366990715866294,-0.06271443962631476,1.9704644197715475
-0.10048314333187845,0.021350976607901802,-0.06038899112428016,1.9844218672568965
-0.11313704826546138,0.01949173848594,-0.06538325845011284,2.0161066154338627
-0.08143211934666197,0.0335775591943831,-0.048174179959522626,1.8723185784559468
-0.0769626580961815,0.02139508793890217,-0.06820410334135898,1.8734924164435545
-0.0839033551611293,0.045859217322205256,-0.08026891062369966,1.965332139381558
-0.049105339395429076,0.04518294529449451,-0.0686539523928826,1.8522164896900184
-0.10551661661337704,0.02613303558376252,-0.06901096811041142,2.0810467141714697
-0.10242936413869644,0.016952649511967694,-0.06610029236906338,1.9628234585671234
-0.10550664436470084,0.042761111770044526,-0.08345520448365978,2.0094624849660176
-0.06509770426492134,0.017796335981221857,-0.06573413757792262,1.808130027262165
-0.028138634965242625,0.011108021422221238,-0.06401066224487632,1.6198755365250523
-0.0805227680520228,0.02150214705997132,-0.08339381485817966,1.8871781566315582
-0.08376252499050886,-0.009882265962150987,-0.0645956331920748,1.8062234230750753
-0.07476965285065611,0.031881374129926546,-0.07645761330576341,1.8532345533471957
-0.05587492732976103,0.014574747552247073,-0.11361087870059065,1.9881452481240418
-0.07062916725408941,0.017246314604355172,-0.0880045111418397,1.8703996904631288
-0.05065491125684052,-0.006539462255493769,-0.06562320622037027,1.7387070148871375
-0.04219315529333373,0.020613536772696044,-0.07932331898820141,1.6981815908732454
-0.02641740471069037,0.033661405583191396,-0.095072620870222,1.8373803902975858
-0.024070139409682466,0.024806085627899335,-0.06898882325984461,1.7287763502605595
-0.06246201867619196,0.027547333731616132,-0.06978524393425356,1.8147589631330934
-0.07924148140078721,0.06523716751165555,-0.061803345932052285,1.9752266421524252
-0.05605422334479126,0.04229745320896132,-0.06651254204870423,1.8519583716161045
-0.06616385470627768,0.025887751437882633,-0.054701589414531196,1.8444388008583172
-0.11565291499546873,0.042857737145873674,-0.06935078799498688,2.1677115071496806
-0.08398848235816893,0.03577243872817982,-0.04535531453511611,2.092662692693498
-0.0984574730897066,0.003336475970356933,-0.025712361660472083,1.9768519775431326
-0.04601912705251581,0.04082769134941452,-0.06137261371609394,1.961640604688376
-0.06984034571683216,0.06042883294315317,-0.0850628952837158,2.0150414200279845
-0.04596172535277505,0.05284155769214232,-0.07572806492586535,1.8297901807750987
-0.039766557217605664,0.013068985327720727,-0.08333364961091824,1.8013169913116764
-0.026490551393333974,0.0634707920565663,-0.09494489118474958,1.9672131503915595
-0.05726699615539995,0.06733786478386311,-0.09921620028405362,2.061301894472705
-0.025278393918854742,0.058375193363217795,-0.09235197759213255,1.9944145860607638
-0.083386250001872,0.08429350046733504,-0.06405748245670599,2.1124281228195545
-0.054199573547454034,0.01842146250346822,-0.09113517198756155,1.9431805567254559
-0.07029244116799065,0.04780456933019115,-0.06140512793002354,1.933827201835682
-0.03702428404908507,0.01228143047183273,-0.05385385626220294,1.7800283392342706
0.01014272686005206,0.01567383794502055,-0.08756323383815903,1.7929536522130705
-0.016229623503338425,0.019602618753196462,-0.08448379224500331,1.7864100424099467
-0.03498402604412458,0.029912036128343523,-0.0774418416890943,1.795757763579616
-0.08673035000428052,0.06331449102876185,-0.05161354018297338,2.1025828815536522
-0.1011220554432354,0.03834721576454814,-0.04718973143548413,2.1469380831596614
-0.09629876281026713,0.05493419411926191,-0.05295748444839179,2.1078211310954
-0.09732037288104253,0.055437579979129445,-0.04582086718149744,1.991661410290971
-0.10691520402755882,0.04991640904007901,-0.0299943042238484,1.98222872666952
-0.053258379981602606,0.017502493084613123,-0.01214840590727282,1.6711338337395125
-0.07755581418029775,0.05535303780079159,-0.04782032238923288,1.9456173363226967
-0.0792417085338084,0.015651755256316128,-0.07474127253405391,1.9404233013628926
-0.08344511809579022,0.023704068256040454,-0.07649445386441374,1.9325954772586202
-0.09578973775252936,0.043224133860525094,-0.06253526901619282,2.0389109486859343
-0.08150222562732058,0.03503521457947058,-0.07697010369709326,1.9138303715906788
-0.09909408520820204,0.0007763069034020985,-0.05380786512695545,1.9119924937997061
-0.0867664718329848,0.04103850790473019,-0.07793529887779782,1.9723416231423219
-0.09812419026297176,0.046203287206980456,-0.10564944663018788,2.072488503221532
-0.08629709314109062,0.02741250407868758,-0.06446994242253677,1.8803775490735826
-0.04907074735394613,0.01970535279525746,-0.048368103251797225,1.6377823487437104
-0.06527927664551807,0.0013863893949173853,-0.07214785812109173,1.8112029747055252
-0.06478885598889193,0.024717498154633304,-0.08982074007319615,1.8522019565781604
-0.07910860329470787,0.03249445805868476,-0.08336089423925934,1.950642745984552
-0.10661285468279205,0.029495800382820028,-0.07762301405860542,2.0162543317126174
-0.09824599832961534,0.03687754772697339,-0.0784123916862883,1.9786907738975008
-0.08252491306844874,0.014348567506698991,-0.0876505628832994,1.9575831274529514
-0.07758254684649833,0.021255283095879485,-0.08465437783341231,1.8198195148668157
-0.09568708763110405,0.032487590413261595,-0.08417980661191521,2.01033730766988
-0.08521501944279977,0.04811993784599339,-0.07001721546431815,1.916251137498554
-0.05831141792619849,0.046047951283943574,-0.07644957849227575,1.8381742964513998
-0.08649915054273088,0.034314452713734574,-0.060467843400610156,1.927474400326745
-0.08352428821895379,0.04288539199715048,-0.07411526827083338,1.9081034810262678
-0.09466600538739789,0.037030576239794104,-0.05533824123232947,1.8975699363342438
-0.07985261407950571,0.03463615416958553,-0.06484192069471936,1.8173249382786398
-0.08081368885923267,0.04405835799258491,-0.07574253247975077,1.8910440200708456
-0.07201173078157078,0.0389297089555073,-0.06126098085635737,1.7804794510147905
-0.11814617317907536,0.04324114261281011,-0.04749382052549158,1.9630331206978282
-0.08208245822027492,0.049631350157523534,-0.0650201199311078,1.8713356518344564
-0.10287750366689609,0.03274669887303724,-0.06680987643027357,1.9216939200388785
-0.10456538932148558,0.025458991995726897,-0.07485319275293038,1.9994894385289896
-0.11446533655158757,0.0284774824950069,-0.06818704682051183,1.9975736796801562
-0.08098757246913071,0.0393759904251056,-0.07461288454546568,1.915534229004723
-0.11802025699175202,0.02535060870115085,-0.05615511564743352,1.9863328919066863
-0.11083987234860256,0.019012064370218944,-0.06969904900938116,2.100341834781056
-0.0886127293155673,-0.012605800440742509,-0.07604619865889124,1.9068894133849406
-0.10591601390986984,0.013695733008284689,-0.061037463364012376,1.9977340617871768
-0.08262685928780732,0.03326011888934017,-0.06478736952067697,1.8641658461886412
-0.07272802461047424,0.043978000220039344,-0.04752558341696487,1.7886295578398463
-0.11063414495660467,0.043288360997332104,-0.05548680622776136,2.0041810558974333
-0.10168993170050994,0.03816060484745834,-0.06374022354238772,2.0401072157257505
-0.12492295203764844,0.07367319581777111,-0.05967294474032086,2.1295009024597498
-0.10353012183313483,0.019314446340869554,-0.06010587070133064,1.972137532099251
-0.0863113202220425,0.04805767062049262,-0.058602479416849304,1.9327510278368873
-0.11165130746234177,0.021876227464321787,-0.06643713137018507,2.003990839429866
-0.11413156718897959,0.04020561476176682,-0.053266631946072396,2.01628231539165
-0.07573821870581562,0.05604675673837956,-0.042303609427569465,1.7252876097234497
-0.07581337740221554,0.04405735768397512,-0.062097439924155465,1.865728178551739
-0.1079774991535183,0.03025512540829251,-0.07621256728634028,2.0281576430788912
-0.11123737111565811,0.03413055705906179,-0.06798405547291408,2.0198945255969027
-0.09871824323475929,0.04057652082632027,-0.06990696201299368,1.9697346357186656
-0.08912150363397352,0.03217919404131265,-0.06639419116673248,1.884397097345867
-0.09885608310615132,0.0384894658373676,-0.08223334763236803,1.9866003342052145
-0.0828741585711234,0.02892880156713726,-0.060043622867318236,1.848333563967038
-0.08635917364716332,0.0630324234203868,-0.04474700149768674,1.9078964032128258
-0.03668794111294923,0.04544955173814867,-0.08016167612957212,1.8534831694122946
-0.07403590276847376,0.045964618441025,-0.06082112931611961,1.9307467473029387
-0.09793218707663837,0.07114194283266902,-0.057190465311000305,2.023318739966828
-0.048877286118887274,0.015761097429646747,-0.05804046956131569,1.8042557378861395
-0.08233623699370358,0.05213311942793383,-0.0649989391140017,2.0407864305544816
-0.09245723943834534,0.0376619048784825,-0.05355036735863992,2.0553996401153056
-0.06180250380141291,0.03799564367681957,-0.06810066990426111,1.945703048854932
-0.07040888288486394,0.04174688713195248,-0.08484820820066016,1.9633606883564807
-0.07357242931721923,0.0491298014288574,-0.0795087931960249,2.0117614494958698
-0.0702663194606191,0.0332257968234143,-0.09336427885638605,1.9554072704069907
-0.12082742103055238,0.0369464644542081,-0.06937485179029901,2.12591763118986
-0.06920760441152135,0.05356569953734873,-0.05348567768422295,1.895115903942717
-0.09822397547623693,0.03541692535986194,-0.03790850842168407,1.8379441664616456
-0.10255259405147105,0.04848775528414706,-0.05815371316248185,2.078793125131968
-0.09797012657673156,0.05038689517009142,-0.040576976191683045,1.9703574986834165
-0.11191024222108448,0.043746950819062255,-0.04275882274947068,2.091567012536863
-0.06703612543191469,0.05853694568521603,-0.06490809750678947,1.9140895840417707
-0.09540844392964482,0.044814518999467964,-0.042099961922171504,1.9684405499298883
-0.08109196557610625,0.04793507009127078,-0.042956859874113934,1.9384696872314535
-0.09856440617422224,0.04726321074434677,-0.03896466474548122,1.9815326346277806
-0.10702264765397633,0.04484355816602756,-0.0518112758196444,2.079710644419612
-0.1061735159105371,0.0491266572395004,-0.023978573242093168,1.987431574695961
-0.11588725791739844,0.043716715053174204,-0.02958907707367733,2.0454146209667092
-0.10798456058350125,0.06350182905172037,-0.04756359983837163,2.14425096388856
-0.1416040582378042,0.04149193642746305,-0.05758793658265054,2.273947613515779
-0.11803813220133116,0.004537293749117,-0.07283861925185636,2.124619868235666
-0.11839679064673046,0.04010642930359751,-0.05922028491284675,2.0654139732495618
-0.12900135998721865,0.05128208261450941,-0.05127816255631948,2.18193301789145
-0.14119893596670358,8.407278770327456e-06,-0.03982999796726392,2.288261223187458
-0.11569999441377281,0.009128342639821995,-0.0375221046831916,2.0930904044222953
-0.11107088545169902,0.0036207085781303668,-0.053106643955785064,2.105337793573873
-0.12594223458733034,0.023776236590171335,-0.04073453947817877,2.1927115377467143
-0.12978879880139907,0.05328052692847187,-0.015304224599166086,2.171638521943816
-0.15417722828011138,0.0065578108499510235,-0.050559517991382606,2.3783724755646998
-0.16071043640237476,0.03567922987853885,-0.0711319502857009,2.5204126727118616
-0.14229238983812273,0.03751410839381268,-0.06944241804039206,2.37453778909075
-0.13085483651151408,-0.002820551330760929,-0.056917763289925205,2.235210159555032
-0.14136479689440834,0.041751105468278676,-0.04847272378184889,2.2647687663066116
-0.14113130980770142,0.021345652027389736,-0.04370489720805785,2.2689604460372936
-0.14767487681648472,0.021396903124287523,-0.034569942700698846,2.283043428648846
-0.15308999309998558,0.028311887108634644,-0.04812336609202381,2.353950486730735
-0.12455346314462697,0.03333765255338139,-0.024207361672173872,2.1427250120866277
-0.15191845913725402,0.01957640915747748,-0.04910989907740636,2.318811740640359
-0.16970819964315503,0.028076733307298443,-0.0463285314576028,2.4881504080175953
-0.1365336626273031,0.009240592230774888,-0.06769755504593222,2.2943350072318234
-0.11874197046337824,0.021865655514972864,-0.06156966185321215,2.2229287214464826
-0.15540094338013113,0.023459809740074042,-0.0442698891161682,2.388923336834026
-0.1498651600410087,0.031731706080909805,-0.05063546663250351,2.3642271200142546
-0.11451944583108757,0.014361274073355763,-0.048889687083520164,2.084493854775445
-0.1273210612175589,0.024221378428942227,-0.05813763715262008,2.169141601273768
-0.13362188728339175,0.03137487577537479,-0.08002648821097633,2.3378948630095446
-0.11182522374023611,0.022651514335407397,-0.051233734086997856,2.1018270673603947
-0.1498234297093959,0.02421836294594053,-0.054378625636756446,2.2824221368481075
-0.18335546873931455,0.03376237646926017,-0.046753218395104545,2.546800651119904
-0.13205909287595943,0.014850958869569353,-0.04902484895002738,2.154220270856999
-0.08374833646930685,0.03798421110478453,-0.05770089596874095,1.9552603066635479
-0.11000016290880792,0.015671706315315764,-0.06188921469465902,2.101092690215265
-0.1106383401138637,0.009576866595961566,-0.059892089733574815,2.0818256459466795
-0.08591206661549879,0.004157624492025521,-0.0484074715666587,1.8531308201170698
-0.0996175864253864,0.010363370256844725,-0.05574820784295797,1.965820899015373
-0.08602437522906592,0.010259810740303667,-0.052529307447147934,1.9336627202908183
-0.12179576590808869,0.04875775153698873,-0.052493188765238806,2.1055658771164003
-0.10192798560382586,0.00997976941808819,-0.06991263779240735,2.0291262679739184
-0.06056238552378299,0.006373426442169899,-0.09297175960331888,1.9746804935756372
-0.10772532980864222,0.03475641234551874,-0.10300664851875882,2.1978344139524704
-0.09432610340965271,0.011159325847160399,-0.07605329886471315,1.9974825783135581
-0.11551220876173006,0.014537378385794652,-0.07176036384925025,2.0969890395588306
-0.10444681964103687,0.02573641444798292,-0.06320358347928157,2.1371197508797706
-0.0819543051796063,0.039626276085105716,-0.0395363800897913,1.932088440220097
-0.11095829087963616,0.05453475438136306,-0.060747882377166544,2.176553859569362
-0.09530839986974046,0.04348275916957821,-0.058489599071581425,2.0369541404671194
-0.13326969943212533,0.02368006387286825,-0.06220527367960563,2.2889313336188057
-0.10188647070638962,0.032320186963987745,-0.05619368091476954,2.0062101624278545
-0.10105075178856544,0.03750365163188668,-0.05044088699873669,2.0753698880236953
-0.1048302159103231,0.012759929678809425,-0.03917074228108097,1.9496844238221243
-0.1106722155817895,0.01091494460713705,-0.06853589536655855,2.0260314832128326
-0.0879994002846419,0.002060148748516279,-0.08442328535396225,1.9573405375551505
-0.07928065051347583,0.011955576913609005,-0.053479316711222386,1.9573226649369304
-0.09759997927572421,0.022901832293183173,-0.07708376492857659,2.050411444959335
-0.14179981395419258,0.00211055034309809,-0.07667476023618477,2.270667164377512
-0.12040715939624978,-0.008730684364823988,-0.0945246949229882,2.230559197343258
-0.09046499297694655,0.030138622934353366,-0.06756996878109485,2.047363290527255
-0.11028961781752507,0.02300271168128778,-0.06312614297590113,2.105430023983498
-0.07337456808590173,0.0063562241389061944,-0.07842106626041875,1.9221841970389866
-0.09628487168893592,0.03612908440758991,-0.09450400349318111,2.1218478405193526
-0.09618105910514163,0.0442408648576305,-0.07218005280164341,2.1016805214104544
-0.10268079061846862,0.013133140698750056,-0.062494192655497535,2.036956524151026
-0.09005190222098497,0.02919817029511945,-0.04720490907906989,1.9326960449585728
-0.10023149443114196,0.007161952090702715,-0.07484780445272698,2.011926517658964
-0.1277656223790561,0.02163571145663119,-0.09506761925095301,2.2756252987735976
-0.08666968464408435,-0.027422086349018028,-0.10799975871846475,2.2040942951143063
-0.08500606274697575,-0.001753074255408324,-0.0766062846161717,1.971085633900515
-0.11137082816285522,0.025493974425132033,-0.08137185829077537,2.167363259589043
-0.12974930921834066,0.017273082409358004,-0.07116187299073198,2.211862609919124
-0.11029965658819647,0.017576804676747562,-0.05788816967365704,2.120480974380955
-0.12532297122793684,0.00022612771401486192,-0.04709216964763018,2.209330310072262
-0.10066453235531324,0.008184275681197192,-0.09881181030144122,2.1900764431583113
-0.13286632470297885,0.02556945244921134,-0.09660124974673755,2.3279148045202964
-0.1321976513630451,0.022904823099602373,-0.07876185375637251,2.3421167978800583
-0.09422642158649241,0.03371963100617429,-0.06659440915926404,2.084178384132711
-0.13430113104971103,0.032399124750805974,-0.07407755054133007,2.3371462394497926
-0.13938270220523732,0.011322550485841,-0.08355093793440256,2.2924854701350146
-0.11895847596606877,0.01477789438029316,-0.09545917187310864,2.2126100183549537
-0.11077242394517417,0.03505697691107757,-0.08083485266352217,2.1167590186715364
-0.14045641468260656,0.015900912257929008,-0.08063798004834434,2.268331472029533
-0.10958769161146947,0.026259784462014893,-0.09024244551214705,2.147645556923278
-0.11085813957055414,0.021343102398888678,-0.11109251104107713,2.2539112608435015
-0.10467430857950404,0.018968319804907315,-0.10433290248520183,2.1679720500339426
-0.11295587180617613,0.02828140018453818,-0.04851929506799364,2.0058017938199626
-0.14848168088440236,0.04471019986946526,-0.08013143856769865,2.4229107566978723
-0.1073775071922646,0.028624394459244088,-0.1152335325379407,2.295132793961101
-0.10845771497500994,0.031998272969049286,-0.1121800082784986,2.314717493947941
-0.13196539389070588,0.018758540894921877,-0.10297295321470258,2.3205505788080596
-0.15658620127699793,0.05082244523974466,-0.11525567398065463,2.6327068618877636
-0.12894059996606844,0.01119504724971484,-0.10239742863200298,2.308662150383934
-0.09029979911324927,0.0314378672846511,-0.07926652322748512,2.0538481924179046
-0.10137422055898065,0.03776547450108155,-0.10151687419840535,2.2008400639566914
-0.09679649656547014,0.04892592815728038,-0.07480919567946706,2.1077421256849194
-0.10706295716249828,0.03791092965466076,-0.0940659854162808,2.2154335400624765
-0.08861898756219223,0.04044953808589077,-0.09207819308539048,2.100006146223849
-0.09628392764104772,0.009547985683727464,-0.10565703936568038,2.166545300552311
-0.1324969217743011,0.02860279863139549,-0.08700792733648559,2.306521070894197
-0.10454715962236823,0.01910083844768059,-0.05522371064011573,2.1317463395204586
-0.08718469491407232,0.023296589026372213,-0.06447089366153969,2.096214816725741
-0.09579941161718394,0.03159953201193293,-0.054124977325832394,2.083396932138064
-0.08951783675651806,0.02744175856900904,-0.04793601253213615,2.0560081272457054
-0.1223089852312681,0.022038172181240778,-0.06894175079553247,2.2118180097256963
-0.08389564915956124,0.029758038956113578,-0.03707514722865203,1.9295420104386485
-0.07995913765803259,0.023265577077630245,-0.029852636261796666,1.8834593814562774
-0.09960898821212631,0.014037965997849651,-0.06706871691429585,2.083127108502289
-0.09682711280286671,-0.008679738897238644,-0.043430849735987855,1.9612437118599688
-0.11857996558379212,0.013834493260889874,-0.044858430769941705,2.1771656205751557
-0.10318886478098932,0.013940199226642386,-0.05024285270641556,2.0978023772531715
-0.11911086766568613,0.024679545588307848,-0.07667259625598905,2.281406718725063
-0.09266779523805392,0.011066220620068243,-0.06474358021959754,2.098017229358194
-0.11655879058253536,0.006776630290978998,-0.07122354048324608,2.1634696206866493
-0.1317400340661914,0.028954645157748704,-0.07028181874729321,2.221292665511195
-0.11700563526370472,0.022516971745761626,-0.08521090262171242,2.230190098666528
-0.11237763107006715,0.01611756631816778,-0.10396656342596156,2.319857635377742
-0.09118702908370416,0.012610155043034959,-0.12965773596581964,2.250400832581919
-0.09673234242832005,0.044444654704797144,-0.10035785451994544,2.219028160055932
-0.10711222336818182,0.05099209873440242,-0.09140683178882444,2.3106679908090677
-0.11420313082464971,0.008993386699998742,-0.13846269726632693,2.5123508282905993
-0.10950770244883148,0.03852722890665766,-0.10023166266402776,2.310795291544548
-0.12256183867173263,0.034155587134188856,-0.10831921631605335,2.4425387426537672
-0.11143654559542153,0.03473586778672442,-0.11076086534918003,2.4098748022395453
-0.11964645734499442,0.033392641992865076,-0.12800119007130215,2.3946530414682936
-0.144027163107684,0.027489130836446253,-0.13043658183859516,2.6050740581844534
-0.1327424290172148,0.013820898616010196,-0.11469950108656647,2.3846352475000656
-0.13865667357807687,0.056708056767641735,-0.11248172967728018,2.5151094150145905
-0.13762475963767143,0.05775880727036699,-0.10257982391877815,2.524628812606854
-0.13173041317228062,0.050288976216793506,-0.1028548753018471,2.3923991149987707
-0.12343080426185893,0.04527018332002352,-0.10463470704789471,2.4039893408558553
-0.16109495484315423,0.01833254587558874,-0.07288900719893301,2.5016664622710514
-0.14969805656444735,0.04507052046600534,-0.08778581748680153,2.46866986061084
-0.1402179613068568,0.047548909783839285,-0.0673973877771681,2.3439521925571234
-0.11035498962406957,0.04550877433962505,-0.07918412292484998,2.169739457003864
-0.13142268511715524,0.04908106049029957,-0.07330795691876112,2.291567920741299
-0.1265874739371593,0.04111148458224499,-0.10181479259766038,2.4607276928040616
-0.14149859015363903,0.028997113257074332,-0.08046150154432813,2.43717199217393
-0.1317676023854488,0.023514658555298554,-0.10784767663729798,2.439741969221572
-0.11921746471214971,0.0460527688692168,-0.09792095686251154,2.3661469585525636
-0.12940484296238497,0.0442726489813887,-0.09456369280139383,2.365907282404606
-0.13019291774246014,0.028828958789695953,-0.0866592185358558,2.4156994219677053
-0.1039695017116145,0.028872268101497404,-0.07268552324550943,2.146270910954176
-0.13918173641858322,0.033611018020586594,-0.074827738944512,2.359819572687788
-0.1356991107060193,0.027045071869222892,-0.09979728579505895,2.4884627359984437
-0.1168319549982801,0.015395305481391995,-0.13542936243482206,2.5220675588463233
-0.07066796214331537,0.026253393660687588,-0.12069296355989374,2.1521070276012333
-0.06976890486140158,0.015273730574288585,-0.08613979358165864,2.0356872233597305
-0.08412063382951875,0.01021850916646323,-0.10261080672001499,2.1831860675932897
-0.10267845860951672,-0.003998114462821763,-0.10258316252451291,2.2507317781772604
-0.11795444178231997,0.029648273395480054,-0.09740226668231255,2.3446495438180457
-0.1289808728672989,0.025912423838900422,-0.1081312157379682,2.427396236958925
-0.12933936901613136,0.04552514079245473,-0.09972822099480513,2.395250740073819
-0.10305993830092239,-0.002668491474573497,-0.09000323592340478,2.2534326613679334
-0.11050361327915456,0.02670424589658495,-0.10549139979864439,2.267625568303533
-0.10084240220809947,0.0018186042927507498,-0.06420247397517172,2.080087568498638
-0.1363632811741118,-0.005820596755729675,-0.09923931937145104,2.336885850957854
-0.10557345819563838,0.0275388848076405,-0.0916167062192875,2.175324927263915
-0.11856930700806223,0.030851213598358965,-0.10740182907523567,2.311585549417763
-0.10303891318782063,0.0212795010070661,-0.09130597050440492,2.207343882774317
-0.12183532312436719,0.04885830356322332,-0.11647289666353412,2.494807464291886
-0.08634423410122762,0.04345370832509538,-0.11058627466444883,2.2170431242185833
-0.1013695304568182,0.010637954917940798,-0.06420021293767353,2.133386831526571
-0.11273639665475904,0.04313419427768968,-0.049378377226088226,2.1498448521109084
-0.08468838885674534,0.05718853286354441,-0.03077070088998581,2.0328033363045486
-0.11879213569573167,0.07929224809112241,-0.053897722729475725,2.247720289692463
-0.12343269513365139,0.0538060716587828,-0.054838294984611444,2.3328132578605065
-0.10994524874153522,0.02848759159350607,-0.058107770116546054,2.1381247388126092
-0.12660571143410412,0.038141434245464456,-0.04110019235143289,2.3990736653376925
-0.09476897392203779,0.007136784885984001,-0.0516824347501935,2.0230168488468188
-0.0980808876288565,0.04536968476765629,-0.061286679054048145,2.1243521452133907
-0.11259361098275311,0.019027057291378453,-0.07651431439324319,2.20559432594836
-0.08809402765068526,0.003172626545532462,-0.04581244387984002,1.9820383307330744
-0.07612962124372921,0.02143622165193254,-0.06615403665925595,1.8781552054973658
-0.08449181468252649,0.020639592383375368,-0.059179288735827076,1.9830113636834477
-0.05138150667214589,0.02392484870436994,-0.05123942739555777,1.8846222687190584
-0.08824972969385447,0.04216511165140963,-0.07683679434475166,2.168124261639941
-0.06707670771375283,0.021907969360357632,-0.07752004602025105,1.936510244237716
-0.09612293306241174,0.029326928387746722,-0.07593353470163895,2.0308459153841834
-0.11432169745569142,-0.009529465303665113,-0.08468987408605888,2.214850791064976
-0.06408557542264962,0.02293254716662585,-0.06808788021212273,1.9225796655126381
-0.04291548484213918,0.027160126856072823,-0.04062219917908819,1.8566750805324994
-0.07084769555982905,0.0193346806175363,-0.04007065647273508,1.8386371648979232
-0.10164865157093188,0.002140955688108697,-0.04606056609706728,2.0041616771988378
-0.06613479807854164,0.01776820179436645,-0.029070910803295026,1.748382486700037
-0.08978057009233006,0.012326649897949076,-0.049180531699392245,2.01815306515492
-0.10243129355490603,-0.00559435627584802,-0.08513772823969253,2.1956895739038957
-0.10440306734327935,0.0027259866330935963,-0.08628594106981381,2.2068249407822114
-0.08868807132680925,-0.013423579409976683,-0.07279724849160756,2.104109627584348
-0.13740479418611026,-0.006066533274777214,-0.05432548238131117,2.2927856724239675
-0.11192668346799862,0.015381932206623972,-0.08080330446354267,2.245268158633325
-0.12444587112654554,0.025239463680881008,-0.09227104904662575,2.408063745633375
-0.07076038189771394,0.018714111224392916,-0.08924293064645752,2.185762790045869
-0.08598669845693506,0.00635248327910995,-0.0742277000659844,2.074838795073786
-0.07671897114574708,-0.026961660782613407,-0.06893353327753156,2.0630494201235243
-0.06950885934627749,0.01503567500631492,-0.054299130805843705,2.0821813867190113
-0.07267938379025589,0.009806466942855243,-0.05247164070871622,2.03485053751623
-0.08684495470488161,0.028001164134870263,-0.09782140765400163,2.180077469384943
-0.08627345460408993,0.019297676602230418,-0.06384415011514284,2.0306011266287696
-0.07604214721551303,0.021397479721311116,-0.05611072200932291,2.0285432457408925
-0.11188183251927888,0.03818258637189392,-0.05762460012168616,2.1932846426669372
-0.078187977198255,0.0008973725983114922,-0.06999080859254993,2.1375861108461907
-0.0763497594901071,0.0015470693916462056,-0.05936876361593653,2.169235303737242
-0.11753166695200211,0.04839061249255364,-0.032934429597109946,2.3086957382240763
-0.1446355319385782,0.03562815745310274,-0.03913889102882785,2.308404414454299
-0.14149898799296548,0.028922331199814008,-0.07437998356655406,2.4556458180811642
-0.09364655196928058,0.04623866240139528,-0.048458022342107845,2.114204528895868
-0.13488813310688785,0.032135980170695966,-0.06212036514539555,2.339658563997394
-0.08827443080182468,0.04900019497594238,-0.046086552436069204,2.0648732104322822
-0.13250803729231514,0.029009437968718733,-0.05107210721246935,2.2590215246381806
-0.15393512485925454,0.04208950610295451,-0.04778760921849246,2.522005815969454
-0.07483455408916818,0.030557885404072754,-0.05498091611933038,2.1213529795466184
-0.11275744649579499,0.03065323616495821,-0.0705503383001447,2.343910236041839
-0.1253844721545642,0.03662525752619354,-0.039807875338567424,2.293538272173643
-0.06912168058524934,0.007435395687960944,-0.02877773533930427,2.042959437477772
-0.09251900969731074,0.041797002375677,-0.030178488503469488,2.0858605074432637
-0.09542405656107844,0.02440435282571544,-0.03902389925827422,2.0835103807035664
-0.03081840827955983,0.05889413312150818,-0.01882806311160288,1.9143821713603375
-0.05490635619729921,0.058803567454248494,-0.03210479881747283,1.9813939654996313
-0.09271131975131248,0.03489029542103991,-0.028378738448695564,2.1389743711635876
-0.06941892353243083,0.028066816507248706,-0.046937222483775694,2.0182860326413534
-0.11214851903296365,0.04173834772032511,-0.030014443786407906,2.192986990475277
-0.08256869899603499,0.035647338707866946,-0.021249419180797917,2.0863128868723515
-0.1484042447745266,0.00198712076175129,-0.04558077008570982,2.3216618933820974
-0.08306290485204607,0.010535756752130573,-0.04737148336576977,2.0756343287979337
-0.1136278843762374,0.02236146234712323,-0.04070101672363985,2.1775064421175467
-0.100857223928864,0.015523153395153423,-0.06765550869573807,2.1337431374300886
-0.10101055347168159,0.020388839996462734,-0.04663511457404983,2.151208155611468
-0.11694926189125517,0.035373093194387285,-0.04103512700634786,2.2754190242365144
-0.09943324574968965,0.012784378774689107,-0.049914806636976936,2.1947330105734544
-0.14094406878951626,0.008613861290093274,-0.06260303515529374,2.3903516980352437
-0.09342517462636252,0.021174445108960892,-0.08250047990667798,2.1528316292900773
-0.07418258194043971,0.016099086189534713,-0.0775733613893383,2.1495296462071227
-0.08705468075074041,0.03697985505770876,-0.040366345904663696,2.1354276045033957
-0.09189432611055214,0.030218842875478297,-0.05903759237890613,2.041706645173841
-0.10091078834377572,0.01295239932137674,-0.06134130794650318,2.240271552556492
-0.08184749968809349,0.0036325468925321857,-0.029713281680892486,2.050670613290256
-0.06646498540162102,0.01587568340311159,-0.04004020266414543,1.9549856425295682
-0.05801794269431364,0.0429888493520549,-0.049843080190842305,1.9792408137140185
-0.07586333523333165,0.021577575789318234,-0.03591910068778597,1.987966741944745
-0.07834959969145264,0.05644582315890493,-0.015350700978264875,2.220474497553758
-0.09128075708433406,0.043535752346592065,-0.03293131093752174,2.159076038725597
-0.10663189289136003,0.031803657165098,-0.04621632949470338,2.236666667793547
-0.07485477698398066,-0.00022790680781664308,-0.041663858200642175,2.092942133734693
-0.08578230366572498,-0.01926584708147732,-0.05360511940567998,2.034718915738719
-0.11089266884767827,-0.0013102067671516171,-0.06075295901206878,2.225505682111563
-0.10829466006163226,-0.005825441443579928,-0.08966790234235658,2.3435314059579464
-0.1414860817506518,0.00930330572002887,-0.060810187980712596,2.4173310656060965
-0.12454784548333761,0.01587637343060114,-0.07667797152813942,2.439611356411056
-0.1358618327376918,0.008320075222763793,-0.060222707534237474,2.444153100156675
-0.11839204126403256,0.01700390552098533,-0.08886194289999533,2.3425835970507602
-0.10058658003852075,-0.015059272658846984,-0.047495170307763776,2.295811616647817
-0.0761519460883647,-0.01582634970684925,-0.06493549246091054,2.1431284681428817
-0.10771193588855388,-0.02644601778044668,-0.06307054523352645,2.231043279905258
-0.11617062843541999,-0.014978340275730804,-0.0792766508817221,2.254152871909687
-0.10269318902178119,0.016112821460514352,-0.05794566046873834,2.1567493226443983
-0.12961305143984853,0.004726538949461684,-0.06361189061055651,2.3682482045017417
-0.10284089997194405,0.019445025879220798,-0.0654120793167059,2.2832011474654816
-0.06286912866914646,0.0022349336641877067,-0.06525108789705897,2.032836910923838
-0.07872827725470238,-0.007800482730561212,-0.05588877265247812,2.0484567657929507
-0.09257422777739062,-0.001731234333208046,-0.05535055195999648,2.1903820151008646
-0.12431197613823593,0.00038325110464257974,-0.07640978936107207,2.2417704831923886
-0.10774299785547281,-0.010042882444407219,-0.10383286268794588,2.353628774478546
-0.09215572081645426,0.009969202666621203,-0.11710426221548381,2.2957788520946414
-0.08134620053482172,0.03470095700670163,-0.08208109383984329,2.0921427816655136
-0.11704308642997772,0.014940069850660237,-0.08331181865271796,2.222250588803521
-0.0627189768226326,-0.006034043634104341,-0.09489288008335035,2.128076026415717
-0.08327806756614912,0.005334238728723618,-0.11968720594885833,2.24852738706435
-0.1035610743320665,0.014252124237602267,-0.11726050628474148,2.345269698646904
-0.09308759261070844,-0.0014236914390824283,-0.11707468497130051,2.33339404437682
-0.062429548295878025,-0.0033524197601505013,-0.10176464296363805,2.107700692708584
-0.09269611882911802,0.03243011386968921,-0.10547572620381593,2.3179186619660936
-0.11346152801431615,0.013284203849012258,-0.09881979615005564,2.2990070618220373
-0.10631686716726488,0.002737109021748367,-0.10544759213897052,2.3055667498546355
-0.07780308943518836,-0.0033559528295399195,-0.09498977516482275,2.2521303804216903
-0.07679595420951574,0.004489860003930643,-0.11068115181653083,2.152331993314313
-0.10373609409180888,-0.007567612749208873,-0.07565359367873319,2.1074400318012443
-0.11476396867911917,0.015740243431599747,-0.09933191883258549,2.3102061776064837
-0.13060783569074366,0.009641023227935518,-0.08026629335714211,2.3284455231838
-0.10944079538083745,-0.009909485069272134,-0.07028024263416544,2.1619314571336274
-0.09851335920607185,-0.010979029886534625,-0.08956215154276026,2.209641749493024
-0.06694825186491654,1.4319102177757137e-05,-0.09344942803139553,2.0992370691074353
-0.07894387747547113,0.0250214739017092,-0.09165696949256315,2.1236335789723895
-0.06121156664278026,-0.032259011223587326,-0.09938456384833123,2.07935011828155
-0.08594175895633069,-0.019966257273277752,-0.12273230583933584,2.217069157284298
-0.0745904755165379,-0.037149741756600345,-0.10674458687989455,2.1000565745482214
-0.08746203708418844,0.014301830556489765,-0.07846650690235271,2.0106709042541167
-0.1103914122114672,0.005791371920663249,-0.06140203361328091,1.979923333187113
-0.09244290955097928,0.00814113466301617,-0.0738193655924471,1.9025754820661684
-0.05212923104620153,0.015839897309553968,-0.04778230032184641,1.795093527714417
-0.09209372117833929,0.0011846694684197574,-0.08534188273754044,2.0659411897992332
-0.06095596009891455,0.02731228953938996,-0.025943155778936876,1.916509084956668
-0.09702279441166796,0.02221943113701008,-0.016089473102731882,2.0501479426376448
-0.04459938456780102,-0.0013936671779158432,-0.04717607275773706,1.717834878620726
-0.036639784047934894,-0.0036487782971989856,-0.05379051304953925,1.8542486173468884
-0.041793373120489224,0.006721344800691486,-0.03845528774733512,1.7575056852722537
-0.028912201160741446,-0.01571721569266596,-0.07140447687297577,1.7975340661177435
-0.0497103991728471,-0.014098416905923119,-0.07207994877766123,1.8807507267681598
-0.08103095077841149,-0.016225294972368326,-0.08633319806613986,2.132900779824799
-0.07327705158189278,0.009625761899697105,-0.08016668191450012,2.1136938730388284
-0.0787507999075962,-0.012827799412923238,-0.0786120184393579,2.1731168239468612
-0.05119458901305747,0.005589447080267407,-0.05784739775073912,1.978472042525638
-0.07017591527612603,0.018181253450249815,-0.03740944140117532,2.0575805393898436
-0.04057399545045244,0.034879872086290974,-0.022844931920604654,1.8769632712885045
-0.05396583615725704,0.024693841467523125,-0.032932208069421945,1.9332245544727609
-0.07248336403332023,0.011786010654344104,-0.03880931255973507,2.141977177764145
-0.0878771075562036,0.03269548527768315,-0.0478788742955001,2.169046280754145
-0.02341236312258483,0.018529500654381692,-0.05223837660755486,1.8422695293477076
-0.04989789239326033,-0.0036079115464351884,-0.0822266977755857,2.0228679150729167
-0.07459847624916527,-0.002807315541804678,-0.06961057519252323,2.1749260450485566
-0.09347236918481105,0.005893382255888899,-0.04107091796554331,2.05746392625873
-0.0679430199371765,0.02980564481132081,-0.041152209100121975,2.074272620164312
-0.0950628655083899,0.012972594475404452,-0.034391484978828026,2.0597348112100313
-0.07383040749529536,0.029880990621322358,-0.044777235766465195,1.989940357415605
-0.10262598762037897,0.027707863319778387,-0.06640291029404558,2.2214824917878273
-0.05558114658982509,0.022177060172161513,-0.04164216595104342,1.9361177109272674
-0.10739400872351183,0.04979864970272788,-0.033059084159347614,2.2929776151449435
-0.05658836153626513,0.010932359566989623,-0.047764918801699544,1.963657615176564
-0.07187837259532759,0.023210022162122416,-0.06038227911389485,2.1258712696463755
-0.07146602583986782,0.037161351959268514,-0.05102139987582831,2.0791749551904717
-0.06602701966818757,0.029390251272810714,-0.05850013091933482,2.059107043849253
-0.06284636527597073,0.04808056750968548,-0.05075376840712198,2.2742692720635973
-0.04753633936252014,0.04054738457776605,-0.042390361998900505,2.1153202074590616
-0.07666189585641782,0.01451747698194189,-0.03793734594052357,2.189823385476076
-0.09034297484205073,0.02689339541874329,-0.029377937910398604,2.285154551594064
-0.05613897257783637,0.021018885755055346,-0.05224954264230667,2.0852864538826568
-0.04206184685847253,0.014281807391867542,-0.024384433888622478,1.8888839560705784
-0.052965750702788555,0.008048014362929663,-0.06423745963429833,2.118427261029674
-0.07744589039693935,0.037318825416094915,-0.06017758912059517,2.113376757471885
-0.06781786174915155,0.03227333651361899,-0.03224803590044504,2.2066892168566468
-0.09424440301743063,0.042204930152465826,-0.07450375066158683,2.3154334906526333
-0.08583335736779354,0.02691559691954911,-0.04994444296399682,2.1459787057466904
-0.12052156554974218,0.024763442584233818,-0.07649497528365906,2.453122936248894
-0.10571708423516471,0.06706340298761755,-0.041739154962345724,2.400466321528837
-0.06171266636284508,0.01036996664169895,-0.0538902345649567,2.152391946639253
-0.08027276777288841,0.03113338462627731,-0.10677072033023327,2.2339004317956426
-0.08728506944641858,0.032821279251406446,-0.08446881348629197,2.275024323909833
-0.062117646107246745,0.03440247153633832,-0.07453298815656309,2.172116590120227
-0.12308243082412854,0.030660817516999627,-0.059703047791249214,2.447790880624748
-0.08900170889463355,0.05535042643961054,-0.04661695527763081,2.3107876668284115
-0.07460912888987652,0.0430488941322555,-0.0820171867890691,2.2220877329570343
-0.1187748751645319,0.02482869315217421,-0.08473932639453942,2.4353249305820706
-0.11065673481044823,0.03745028967762788,-0.07920586469096168,2.350830346781848
-0.12238424366986486,0.042020371806365815,-0.06684795435795961,2.5671385377428124
-0.11236603640532973,0.037905759541379376,-0.0727635398658068,2.4345724099295714
-0.13814379627796805,0.04946261091397171,-0.08595135836844489,2.7361815780698833
-0.1353506523970295,0.030626696668503445,-0.08070896132348579,2.7059753757447265
-0.1022741711484504,0.044820787695590954,-0.050295198278887926,2.457354143814083
-0.1203160087154298,0.03255058287487883,-0.0811159727240922,2.4996175153593687
-0.1380872997093298,0.02963396358761689,-0.07438138360121266,2.591812572450536
-0.10319136312588854,0.058454223999641175,-0.0803891606098836,2.4903057663061356
-0.11002780978382445,0.029543849438844135,-0.1202448379610513,2.5789141309596455
-0.12492643284294574,0.03366286225882891,-0.08820344561518517,2.5566845456818195
-0.07953711126842157,0.03212490831750188,-0.09345751225689736,2.3625378695255232
-0.12173392316270681,0.021545894587638573,-0.08591683718488137,2.4357317577545667
-0.13885337134614675,0.020284257681379977,-0.1496681431146899,2.991067172533004
-0.11863195149358886,0.04439103765198745,-0.14090031709480272,2.846563180645268
-0.09771138248396934,3.825263947731842e-05,-0.11632439154314103,2.515736398298299
-0.05804059642883252,0.0024575892786615205,-0.10585847329574996,2.278102428038671
-0.11141628534200812,0.008236800722198703,-0.10114736185378702,2.3983883651441618
-0.10520114320700587,0.017161979647573274,-0.09492857626130112,2.4542960756618832
-0.06034125816277772,-0.02683601173784208,-0.07296840746888382,2.1394989919203633
-0.03947040905086773,0.0083957560637572,-0.05895376523719928,1.9466021981027042
-0.04332122803674441,0.007871108679596022,-0.08133716240630157,2.100305797416754
-0.05845190956238041,0.014169571605015351,-0.07358662067721142,2.157638473052918
-0.05602048294094829,0.021359355008410994,-0.061120415772507805,2.1109058880253273
-0.08214677210144099,0.009575551708550449,-0.07830369770953456,2.1175879471459713
-0.07461057989494867,0.032425811366681954,-0.09156856721864269,2.147985150959409
-0.07047537344221598,0.05211412545123505,-0.04918457017309901,2.155106854760195
-0.05391272458081975,0.04032110009070447,-0.06055729685974524,2.1292341357023314
-0.06770238726489566,0.037675322131265905,-0.054504310471912475,2.119270401957035
-0.025530094068006933,-0.008148301335783353,-0.05818661732603068,2.0275978431526
-0.052833147226779106,0.02179203927263908,-0.05945369215344798,2.1128125369143778
-0.02247654894330483,0.027022688342433508,-0.03219143935982355,1.9271667306619928
-0.047593604800393235,0.021569147632296937,-0.050614541454724424,2.018053010860911
-0.07556906867629117,0.02777969529461882,-0.05602400895710211,2.1096316461010645
-0.07409711776577216,0.025462277936549687,-0.03335626085932185,2.1690247954236828
-0.04501960484943745,0.02113685279381169,-0.03422982472839362,1.9310515310779437
-0.019136291460239065,0.012195961508656449,-0.04280830112969362,2.0699450544714755
-0.057463072185555554,0.0054942981754618056,-0.05022579812620068,2.0230910665179547
-0.04701923641525803,0.0042215785801676875,-0.03285390765277218,1.8441018084828698
-0.030179928398694864,0.014857845187691173,-0.021011255815622052,1.7905609882361226
-0.014044583334071546,0.00046743289044774033,-0.027806576498666562,1.8530609043001065
-0.002082359286308373,0.018563341587701888,-0.020810938666370953,1.9302697545694472
-0.004264667700943035,-0.008396515895140838,-0.05666873250360946,1.9587506498034346
-0.04222482215693067,-0.0027717370218402213,-0.017554395005367953,2.0627933115005064
-0.05482431075371248,0.0008901140873243853,-0.05811287863262547,2.0533702711207975
-0.05577084148858613,0.006493155418546691,-0.02910399321654489,1.9434473501986729
-0.06550743690915596,0.016170780193467012,-0.04908360925951369,1.9215841151052901
-0.032154521186393885,0.048865704581344906,-0.048486041860984715,1.9263471994003156
-0.07393523067427911,-0.0003791292980415483,-0.04794843004131432,1.923850576093381
-0.006377671073806916,0.02209697809394811,-0.04164178137754952,1.7450884029136198
-0.04310435950839163,0.028394986054951915,-0.043526015623063255,1.8419003322574516
-0.03224086435764944,0.03161125534929507,-0.031621516214948485,1.916140271689901
-0.026758074784267706,0.03800998168718356,-0.04630816793071454,2.0028025007556
-0.02286418068930731,0.020255728360576822,-0.028064631500409547,1.8096695975004262
-0.031601609315297256,0.03186023650168426,-0.03176270131323965,1.75872110575961
-0.055596012015732776,0.0055699165315138445,-0.05395673624371307,1.956042831409928
-0.061089394872502485,0.007518465014506672,-0.07098256130844834,2.0062539774290156
-0.06836541646519277,-0.001405996276391579,-0.0729480421576308,2.120324856271737
-0.07023952194590628,0.026250798854941134,-0.02990907811389608,2.124437112743283
-0.07615172018021855,0.004925509927692491,-0.04982607619512748,2.0848593529360877
-0.05412637975344248,0.040132858193001046,-0.04924180375655349,1.9850297426642052
-0.05840768928700788,0.03136917258345229,-0.03304854598594683,2.0211036820652315
-0.04572766117736156,0.022317213074566397,-0.02854071023480307,1.996393159840173
-0.03440713120227224,0.043402796505856156,-0.013798151509818819,1.9257464677624723
-0.07202947621666922,0.027175295956958567,-0.02072757013874683,1.9721633631589088
-0.08940709562874814,0.027631345939306304,-0.03372671270153752,2.0668941413179205
-0.02625812867730672,0.002686725735659016,-0.06957471557116375,1.8452665084253956
-0.062154706917579655,0.014542133074678248,-0.030780268733295972,1.8788027600671853
-0.06165161440243748,0.016418426382997536,-0.062443297848370084,1.9126086599876495
-0.054492001972915934,0.04005595710148959,-0.041069459087140985,1.9562070519776777
-0.06402501608546397,0.0255286398333183,-0.052045430437818466,2.0639664716535786
-0.04731613016983303,0.010531613824919978,-0.05489008917626771,2.054179601126956
-0.05917974804431419,0.008663456044890987,-0.08746650381325126,2.157822422496557
-0.0840414207378969,-0.015533660834255223,-0.08206891174956335,2.0742537697664316
-0.08070669299106797,0.013044265754887124,-0.06585670776139287,2.132814974999701
-0.049297917575627646,0.016771530777012347,-0.06093062730469115,1.9802183146527508
-0.03211579621903839,0.007242687189629174,-0.04898667513410509,1.9953673755170407
-0.08748799976653096,0.023350129888999427,-0.07040202088265571,2.0669458147771973
-0.07058191382195941,0.021534958333748497,-0.047291098354332387,2.100955063893232
-0.0870005260812144,-0.00010410160716789704,-0.07167140593571776,2.1512245796916476
-0.09744597290875333,0.010981696299819498,-0.06077235055879274,2.1899847190152433
-0.09946453244584379,0.0313512259072047,-0.03949370687354086,2.1159878685001816
-0.10664055006407544,0.0231357903603622,-0.07296904346847541,2.291642879676987
-0.09436118999382238,0.02204776991428145,-0.0362769918710794,2.0312994742109742
-0.07460713670141206,0.04372159957691214,-0.04543986591475099,2.0462507527036053
-0.05410145746674062,0.02118064023901343,-0.050621669299947644,1.9420429428157957
-0.04551260865487781,0.005738752217878046,-0.08206921646056553,2.0189901273923936
-0.06501668496389117,0.03479180158624998,-0.016969630117011223,1.9578960642951087
-0.09643258910208212,0.027935439048362206,-0.028784366724499997,2.06605506457187
-0.0731937342002045,0.0008753406940253582,-0.08907956840667844,2.1293049525310064
-0.06954462368697582,0.02340755005449092,-0.09603540593210293,2.204544113304068
-0.08759571109711373,0.01122968831655305,-0.08135867136847622,2.2136319614356332
-0.07112192602187561,-0.01198409690374873,-0.08581913160445215,2.2063836244249813
-0.0982864925204143,0.013518600099729161,-0.07081612176158446,2.161356199681933
-0.052693602190424654,0.020631796984358058,-0.058484259225801555,2.109514175239045
-0.0885776250191515,0.03054630132629515,-0.07929823573917838,2.308831035947319
-0.08145035582305471,0.04378527562558271,-0.08638070476736419,2.3370913230938903
-0.08006364316345357,0.026402668335315006,-0.0727000948482707,2.2806100197181163
-0.08524003844124954,0.030270061873417183,-0.053661128024172576,2.3635491778217284
-0.0996904489087935,0.06934622319933376,-0.029802850223765148,2.4061056601648105
-0.05974134347427603,0.04271696741311448,-0.04777009757159265,2.2272098851673516
-0.11083444821098844,0.03332502813921986,-0.0625045455999125,2.4161034330004143
-0.07551055894955576,0.041796472091434216,-0.06224697096954366,2.1663471951194557
-0.05950463983431248,0.009432829009099098,-0.03810650827743701,2.1320920366038107
-0.08521623850588361,0.02288204073503196,-0.030565925815197393,2.2377354653139068
-0.10558673626592932,0.031949648922785436,-0.07223849607458246,2.465890233542976
-0.08393281700193055,0.030281908351458785,-0.0796395352201358,2.241191243083226
-0.05362964404328273,0.05373456784358832,-0.04023434435599076,2.100401325900444
-0.06209742441025926,0.03551725380394568,-0.013925818258484782,2.0590873223064374
-0.09106944198169561,0.04452718086256515,-0.020903357292823218,2.202757159665695
-0.11103151052625433,0.03339620143582581,-0.04415203927137579,2.3116704066544185
-0.105263955028782,0.03894243634978937,-0.0473047773160625,2.412913976554355
-0.09540885863116075,0.045126505776489516,-0.07510043619459106,2.473638109571129
-0.07864094924494715,0.022354536193614227,-0.08198641897779978,2.3446420746609364
-0.06868656729939424,0.025404119023805752,-0.043736217362900634,2.159442834481729
-0.06818559823875643,0.016467748714343446,-0.06504685091040423,2.124404884342732
-0.04266559954440046,0.02143651907090471,-0.050582671628190835,1.9400935866767293
-0.06518437577726782,0.030733430741920045,-0.06965344424031872,2.1430893140382867
-0.07009629921729699,0.01665968282967247,-0.03126928154259004,2.0322491658460433
-0.08598744552222798,0.013642946620905021,-0.03882010065428933,2.157635492245032
-0.03994355339275716,0.03199135188926206,-0.05779518998357511,2.037424838539963
-0.0796271514059181,0.021599805318064907,-0.01355761399590189,2.092970180816435
-0.05987543861334767,0.017086851818417164,-0.052754336606413765,2.041138425575316
-0.036406113481174555,0.0496153639028904,-0.058294455806117626,2.1545558746395304
-0.09021795482466813,0.01802614613787431,-0.005398529041809863,2.2514869927447343
-0.05182999634131945,0.03696277390525123,-0.00543282492839147,2.131330223094255
-0.03378626615036362,0.034680519945345864,-0.0036681186568510034,2.061685833177462
-0.06393362791260843,0.04143225399703904,-0.00035273710886162836,2.378728633595664
-0.03872984111791042,0.044266713479012613,-0.010339465830704256,2.189415644263605
-0.056135387029304304,0.04196560380637794,-0.0324089903869645,2.1819556631700205
-0.07147935840113251,0.028192087789698624,-0.029433281712051233,2.228085313007148
-0.05132245650570076,0.046091007222152196,-0.05584004065069658,2.232546881255466
-0.03505623979198498,0.042760894991504685,-0.014652756981568111,2.178152149321463
-0.06893724481952493,0.04837686155233867,-0.018455052293299877,2.2022911395643816
-0.04088901632004687,0.035562684536919034,-0.016268002792314284,2.0121998656648805
-0.06051698445517328,0.029751963393783085,0.015225060292893517,2.0450135726216665
-0.03873557090372005,0.02493949252985608,-0.04569197564223451,1.9135778895166144
-0.0671207119871747,0.003379296556960419,-0.05064501322626104,2.0136467129212052
-0.02137913423796659,0.02325155274773199,-0.016847033068157848,1.9262705649505887
-0.06433388959800922,0.01590342302557076,-0.035001351793404765,1.9894533243470667
-0.07963922233214332,0.04617802549601421,-0.03023719511130664,2.143075527426052
-0.05472600355189642,0.04414275959884653,-0.0361884504381148,2.0869211346106757
-0.046386890774916846,0.02926943037247306,-0.0480015137499992,1.9503286222856842
0.02667918532091598,0.027279554865859337,-0.024954927407619135,1.8689222251101258
-0.013924711683179412,0.012606595619013504,-0.03607305861405139,1.9359985031457962
-0.030778179537650698,0.011397610459094747,-0.02724326153811843,1.9944070874220932
-0.07557410956751516,0.022443714651665503,-0.022625256587700177,1.998860105691754
-0.03999733432190246,0.039431359659802566,-0.015143863212863361,1.902068289679128
-0.04457062819885549,0.026401892673544505,-0.02245421568102637,1.9630601513207933
-0.05158007351341065,0.023026000316802277,-0.06336925165407664,2.006243430777295
-0.04694066760872856,0.01792945090458153,-0.026301734517122106,1.9277274078716464
-0.01727844483500582,0.032048124231156716,-0.03691130145182164,1.9779554850435566
-0.017701930500739566,0.058868307537707,-0.04985781218549833,2.1581489760042416
-0.0626282862361177,0.04091115217251985,-0.01746013549987609,2.067910891800484
-0.0625186044513324,0.05816906327424727,-0.029438674249907846,2.1255666338365717
-0.0372547225998921,0.056171231746588446,-0.05174155628698839,2.057266338929347
-0.01941482189477804,0.049177902421839094,-0.03289238925356734,1.8507893827032367
-0.03628111023449157,0.05560274241022229,-0.07341855650961196,2.046666652310096
-0.06748653344683177,0.07252372253741993,-0.06120572808000832,2.2826276895939728
-0.05135564167733021,0.03811311714136763,-0.034669704584060976,2.1098073255165506
-0.06780219699840732,0.03779209910080106,-0.05334538099924559,2.0945480082673607
-0.049946827960560304,0.03166816656858169,-0.08667338106748848,2.159095979055334
-0.03277765488106101,0.04148031926545026,-0.07484305632327808,1.9991064890460737
-0.055444686988485016,0.03028612929865962,-0.08670134016646001,2.090838784411732
-0.04086729503641625,0.004016914406556638,-0.0941647220738615,2.0792979482805145
-0.06280502841573835,0.04266656890370209,-0.04933213304252505,1.9845538874103934
-0.028691244439396524,0.054598976987610515,-0.06536393417096187,2.039244535999957
-0.027480029244783977,0.058373675976777124,-0.03273443913955291,1.9578062020510187
-0.0660794576334841,0.05148786049037564,-0.044475435646367925,2.190939614413537
-0.0442913874484897,0.06610254749849476,-0.03300623993541198,2.1303665589365597
-0.04416337115431895,0.06371079219125114,-0.0343363374531677,2.0443566665694277
-0.021894404186358577,0.05454616777665468,-0.0675128091149446,2.1064755828446655
-0.020535023047985528,0.04067657422105202,-0.033513901619721405,2.0484201358578087
-0.0437212933765742,0.05527587679281468,-0.04757080828918375,2.1619537275250873
0.002886496386562299,0.055075528129322204,-0.0403769823613562,1.9628719242706119
-0.05741794514253391,0.010306751596346978,-0.04347543662226374,1.9524980972068584
-0.03817215896342406,0.05390186573848943,-0.030203610510286433,1.8915616583710233
-0.03531234465371841,0.04793731472335408,-0.022795399241599748,1.9663719628341079
-0.036233538674422784,0.04306623084928426,-0.06304045091568101,1.9579870242924244
-0.028344604664610654,0.03317951923680365,-0.06318052696268206,1.9998075534272377
-0.025888883124322234,0.039293919382614284,-0.03656967904386374,1.9131326618282714
-0.03704106033137848,0.0624320480237287,-0.03900269504825615,1.9256996739446886
-0.048580397005595584,0.04363492666820595,-0.019067509309589423,1.9930879168773286
-0.07148034985441427,0.05732884521633197,-0.034903394210638594,2.156661432295787
-0.08290675867293922,0.04902204660883267,-0.039598144563271175,2.227799299933038
-0.06023435227620064,0.04812665282870925,-0.038189929776405576,2.045237667583112
-0.07786188302424386,0.07253164132489748,-0.03204832923512959,2.0976224418457474
-0.04992115357537946,0.051921569264737615,-0.034335012406416246,2.053392556396479
-0.0660540252881216,0.07089556381238307,-0.014877874462503183,2.1014608633051997
-0.05884572808003644,0.0396173018188004,-0.024638369621628384,2.1474721768429936
-0.05477326556721926,0.05556419418650681,-0.035343155081326294,2.1528405155041774
-0.07561673622504128,0.045280004461426986,-0.03815892520507275,2.170032399033101
-0.11515304896728441,0.05718190344861951,-0.020255295636136258,2.411331662082795
-0.0673662104382817,0.08353013288692338,-0.023828701873747336,2.234917228949598
-0.06736677526463113,0.08246777125315842,-0.026590338726761434,2.2241889731304374
-0.06201931343408801,0.035535541481256046,-0.028763626593987696,2.124654396188629
-0.06141692876579495,0.061513250545286446,-0.04468648705475806,2.1498583427508287
-0.06870057327783416,0.06163382072885019,-0.02709910740074445,2.259279104148269
-0.08735287521679654,0.036351048151934226,-0.017796254130800132,2.244521281104982
-0.085843465635445,0.05712925458121597,-0.030542086610545065,2.3153713381880054
-0.0854532414467236,0.0657008019796973,-0.04122493833375715,2.215064841631557
-0.07562182301652312,0.07554604534734718,0.0031317768666152533,2.456285029562146
-0.10199544377028379,0.07842601328633235,-0.016436137701496073,2.441342231999681
-0.05020820467558905,0.07404352558101031,-0.014881740688111626,2.2621410443030836
-0.06855094932452552,0.03978219254675518,-0.01310360719308986,2.189251054422962
-0.08499326477826544,0.05265261792501275,-0.026493826166379193,2.172020458584519
-0.08743700749288526,0.0637393891570793,-0.02288235525405761,2.318086941463583
-0.09952712789316384,0.04754076584530049,-0.015662281191894403,2.3868584486731255
-0.07868188840262604,0.04897868575932846,-0.017338926778969754,2.1846325440715963
-0.08372743055907594,0.05106338454995742,-0.05065194931984576,2.214208703399186
-0.05630567595640196,0.035911909402350596,-0.04791839193356765,1.961346209532718
-0.08056938368364254,0.05753545308935241,-0.04553137446570806,2.084856963157433
-0.07129005073516194,0.056477083700467307,-0.06955289531059945,2.089874976695608
-0.06772147600656128,0.05447925641626458,-0.05419322348201207,2.085296621413339
-0.09339693784058498,0.0572015544407124,-0.019130564073369414,2.1600404930748245
-0.07173791547872174,0.05633506464920808,-0.04065387153032796,2.171179314971156
-0.05501395014575249,0.05470671897211888,-0.017965491167877864,2.2023435501518502
-0.08419764445828495,0.06881764729250738,-0.03155633794677187,2.3931308841624683
-0.046222405702060675,0.03866081018593281,-0.047743260375286825,1.981574841807773
-0.05961674490731664,0.03867757334273649,-0.032604066060860394,2.133086293557839
-0.010540906418854643,0.053093782949944664,-0.041744194996967424,1.9054741588462762
-0.050128028670095,0.024692198370038526,-0.0605346388103221,1.9616057181398572
-0.04462253018742156,0.03806106938920631,-0.053683559180431245,1.9821184813172192
-0.07820998754797406,0.04437490919266591,-0.04041902917094534,2.181211423685737
-0.05521054347971227,0.04052682348782626,-0.037953319859459524,2.0196016836353095
-0.07107357027925565,0.06995663572847532,-0.03224583750057656,2.121887033372148
-0.06005259881871622,0.032202461071943356,-0.012531016948021835,2.0777780519411735
-0.06867173013234416,0.07316786409483404,-0.02583801041869626,2.2902263645802408
-0.04621839583760389,0.03623036491742787,-0.04310756592203392,2.155155302374631
-0.04561998387256904,0.04801956976527755,-0.006255456622498316,2.1610657911623634
-0.03590522945185865,0.08004895325919223,-0.023842595236454715,2.2034380413087042
-0.010157029944651825,0.05454859892384716,-0.040315656933907366,2.0991842675822934
-0.05561657847038698,0.07623186390143936,-0.047982969232353734,2.314389148891205
-0.01786199942824731,0.044486337423338976,-0.05527238923083125,2.0724196952256078
-0.026424364215499707,0.030770125657853354,-0.043438931905634935,2.0448129338843555
-0.046194688228065016,0.017429119629378646,-0.02002873757478019,2.10861261336151
-0.05963196139080616,0.030606029129298447,-0.05680501377984437,2.259140230376061
-0.08700264703674586,0.009727542448323013,-0.04975475775083341,2.1707272754566427
-0.0733139877353333,0.045579191018422595,-0.009108941013512695,2.0378731029668575
-0.0823407075617407,0.04830938317391092,-0.01606682502405742,2.228764725612288
-0.03154265260769577,0.047342913134031925,-0.025817309116398793,2.067926805112553
-0.05510797704574359,0.05959982248216616,-0.02451733223012394,2.2079532562357667
-0.09821811506432478,0.0389072838421687,-0.024402245968833725,2.3350790236410264
-0.02038158751581291,0.04998881469028306,0.007873863585357986,2.05877743347489
-0.06792571846530739,0.04211471781283376,-0.02075676383165364,2.2929890487007762
-0.012843948110593185,0.044938525763369395,-0.017254194381880406,2.134237973737315
-0.0032868315600281537,0.03284656146299451,-0.03413811456196017,2.213732008911217
-0.04916269775865397,0.028440975601896214,-0.009453031658659789,2.2780322651831892
-0.04839843042047402,0.0388199147565202,0.0020414248698216323,2.284821872673402
-0.028360739588221426,0.07027866137586633,-0.028020849611686598,2.0781761172064024
-0.07784709066832421,0.010334005865897474,-0.045792213729890695,2.062283153863695
-0.07945625925826531,0.04289624664326104,0.006738754942403333,2.226353691326046
-0.05315858966483034,0.05582606671037765,0.0015008408863585437,2.25413948277393
-0.08591627989081843,0.07016116541833593,-0.01438021668167215,2.4389648458224804
-0.047507035328176246,0.056172461814249675,-0.03827560094695358,2.2727685575898886
-0.06318614984040208,0.07239984720496584,-0.026526220250163688,2.244538472854738
-0.09049440211537123,0.03266206439103202,-0.031781449634434286,2.2793560429221427
-0.08995981851881842,0.022596252265164606,-0.015754821121195667,2.227210570082156
-0.06317483264638435,0.04249807415923776,-0.033663779700146224,2.173648590015718
-0.06478292871682663,0.04882206096702147,0.003903720054371582,2.349010449439793
-0.08114014228151971,0.03258777067893217,-0.039967033162638534,2.368903983472762
-0.08423000156838219,0.05677283182237117,-0.03851155126439311,2.231301414986607
-0.06519717786141062,0.03779741439123388,-0.020117378641950078,2.1273572587996763
-0.07877238317948151,0.05321293778233781,-0.01610100559475023,2.2439377099379816
-0.10598770908156518,0.045582632521220696,-0.01733138538473412,2.3462142878865704
-0.059879142506603186,0.020307998037413018,-0.02933896668584822,2.1482238109400558
-0.035763875310849506,0.035553320377497366,-0.03634650402605474,2.0835260655560104
-0.07762734145559079,0.044324031290210245,-0.038673126371175606,2.2736505404982914
-0.01221399852683256,0.04805972953108119,-0.03358453768846183,2.088974538946887
-0.07189336470804233,0.024797258399302042,0.008020474265837338,2.0466389983990703
-0.05002123757872486,0.030774570912321678,-0.038143705639516516,2.075458262072316
-0.0474581459091516,0.023648219927556564,-0.044780745214924325,2.0244893040304834
-0.06470210499380712,0.07219854678609576,-0.01157413675573406,2.2925749068588104
-0.06574280187405052,0.03813020895785155,-0.025588998176041183,2.1207788814740303
-0.07258204176526069,0.07115793828810227,-0.0271131449260247,2.307997624147204
-0.059389880275400556,0.06732071778418854,-0.020920048427391362,2.1576146764157054
-0.10661321187912658,0.042837008940712205,-0.06259971604915585,2.3685810173237654
-0.06823458203004815,0.02801233672421909,-0.04299066723649521,2.155335970566951
-0.05899163221479003,0.038278090860283574,-0.03766418707069479,2.078952173068866
-0.030241654595893647,0.044919109580125655,-0.028921663707682364,2.1442793757747842
-0.05520226037452563,0.02876251749021176,-0.06889605444281023,2.159935124959568
-0.07030839962187971,0.03272699609871069,-0.030362766107747977,2.1434735288285993
-0.08735758240966475,0.04756683105090413,-0.030286363300979727,2.1763146947021417
-0.05727773498555002,0.04301818227232845,-0.008431454296956055,2.1458500017233755
-0.09273535727248942,0.06295733361887486,-0.04872585335706063,2.28892029106053
-0.06549431821953523,0.032057268698090724,-0.05402182760901218,2.274405873826805
-0.06289821902425932,0.020271498739725557,-0.057960266010420064,2.226801426077118
-0.08859924472336986,0.030242813218529428,-0.06962662896785408,2.388888365071287
-0.12435114164662311,0.014522419229190831,-0.06360085448913778,2.512869926999147
-0.07489370811750319,0.037697562462716945,-0.008840098868829263,2.2611390695393423
-0.049738451532435404,0.03644244081851902,-0.03339095729558617,2.076699478292427
-0.062481997660398865,0.046483080121862745,-0.009943083137774632,2.1606300700463237
-0.03390824826653407,0.051086785124129674,-0.019435100287301874,2.200140397165567
-0.02988282213781546,0.027955099284463502,-0.024987224906567664,2.1192927183118955
-0.04791645471866324,0.07381045634709131,-0.014074902317490024,2.1614585908758372
-0.04173128881931718,0.04785279703350065,-0.02947663966053107,2.164716013681622
-0.09141061894272479,0.03921501455634602,-0.054034162435940974,2.2730934399008067
-0.050553909215997485,0.07282545047843354,-0.028528812016757863,2.0392528121516698
-0.06051551345716108,0.05273109259302718,-0.0001975941037166596,2.1453840026180453
-0.06396399686425869,0.06145066501214968,0.001171469973523088,2.317043746726044
-0.083692274868822,0.03469235236888143,-0.02872224895902076,2.2561496947631796
-0.08515891274898565,0.05412801149069111,-0.04379107949357324,2.1321415918152433
-0.05824909792498309,0.03206215577122061,-0.007517669244115548,2.1429691845503447
-0.04404630231760985,0.053618574968585436,0.0017277428349386028,2.106018283386567
-0.073940124181685,0.06510314407889808,-0.023652375222149438,2.329367000392836
-0.07269464807527178,0.03507518090428603,0.008172193950953751,2.259743174119461
-0.04180568734875231,0.0687803614383799,0.0023783514257910217,2.285519750546312
-0.047665809413667555,0.05268475462038762,-0.04220619788681961,2.2654499695029076
-0.08548981045225235,0.05615109412595343,-0.012997029835742052,2.26231776089129
-0.040544408676506556,0.05668483373397574,-0.01563592367101377,2.0249460657069367
-0.0629482375348702,0.03482189890235977,-0.03243659615999674,2.168929674636095
-0.079927357595155,0.04066599337259551,-0.02492420567272818,2.364245476042162
-0.06395088498945493,0.04733657581310172,-0.008101761655906804,2.1914099498964656
-0.04561503425460409,0.04059432467174088,-0.03186929399601221,2.222348376171721
-0.05955278326705431,0.043461122044571476,-0.012314067079833943,2.2755221946831914
-0.03635660901871592,0.052061096223926066,-0.03271168998272743,2.2783264130779073
-0.042352491043024146,0.03107933247646474,-0.026607979551948963,2.2210323721317997
-0.01829445504539007,0.017627143090125367,-0.043574008113630734,2.1957874933395067
-0.03778707478888644,0.023171322985918133,-0.05566455649204162,2.1661425902973086
-0.03502576768111846,0.007838788017931999,-0.06194549485059549,2.3020039672702834
-0.030969505235393185,0.05302025696457016,-0.05631705570575082,2.3991086957690833
-0.06558644058896575,0.061957726837767076,-0.037178912629151954,2.193855346846501
-0.040125985685083604,0.05233780438570922,-0.03738252054578543,2.2210602528059344
-0.07596683786100553,0.048363742675667724,-0.024186042683829574,2.342830996526487
-0.1017212437813129,0.051485211672910695,-0.046619600470221546,2.3988208891396385
-0.07375434941608038,0.044599433708364604,-0.02650603391333832,2.1950245603580614
-0.05941770470485685,0.0412182438822006,-0.025400169327897168,2.086063330448965
-0.06150408482992117,0.0421121519501411,-0.029840156419851317,2.2961512984269064
-0.0592252281471295,0.01657718988642487,-0.06135597120918827,2.068531343444857
-0.022972576023202438,0.024588516610044152,-0.02649366420745772,1.9614064187371871
-0.056020710730393386,0.04790881555018578,-0.043242020069191776,2.0430825681345026
-0.05000672079746332,0.030764149136877052,-0.0435248758123561,1.9544476437904215
-0.03923117967943563,0.04599859106155565,-0.03876368823818045,2.0891931730707043
-0.06073873454927702,0.028655147157320305,-0.03194854809901962,2.1910175531723057
-0.03553738073537263,0.052732795482167895,-0.004776064796164163,2.0394744592830656
-0.04049197016628981,0.04886851928691252,-0.030179925279670606,2.086818162007987
-0.0394071172042337,0.06197628723288626,-0.0178818739520809,2.179032170405096
-0.05058005913058641,0.03215752394240784,-0.042220303067784765,2.180917136174296
-0.01305894997381349,0.060275375976759735,-0.01650382093953501,2.0378081235437833
-0.02900023413076044,0.045259968827655435,-0.008394085212116563,2.02112800025486
-0.019440850181022658,0.037999609898144375,0.008704177770828167,1.984022215833762
0.024184086838488623,0.0377948038954862,0.010922492345718331,1.813790004453339
-0.03145306534040557,0.015427471141829558,-0.032139083524332285,1.9882976513459754
-0.002208585333160141,0.021524282189268485,-0.012342459586063384,2.0594373533517727
-0.03508414137314331,0.029808567884252447,-0.025661407174830408,2.1187399076504123
-0.01864654431388088,0.035544862810925656,-0.033838711862597626,1.9476477096021927
0.0007270093202162769,0.021263030721275254,-0.020675898035002003,1.8799608507877696
-0.05460835465482864,0.03504236637592348,-0.041115832618769624,2.098037202512066
-0.05637861899716072,0.019420010054957824,0.004531366368693428,2.0481750448637994
-0.0465959972966473,0.003957487682786237,-0.04133967311523654,2.2269153280090985
-0.08264399258458054,0.011311963545742328,-0.06379942258643607,2.3227682213077885
-0.07356377182964716,0.009657726064252331,-0.04826861104156061,2.146005209842228
-0.06024193815552835,0.03270506341087378,-0.026627492867147405,2.220634204907105
-0.03562627821169845,0.0447030030619131,-0.04732440334923821,2.126837455438442
-0.06514633434223603,0.042164984252633785,-0.017132464873469727,2.1703312032058633
-0.047496077669943786,0.03553293766520107,-0.05141715395508397,2.19323378918477
-0.02907309983231912,0.031192476526185505,-0.03176537036715174,2.1343353382139267
-0.014671504157761464,0.02782174398405198,-0.05209143681081582,2.156926303720292
-0.05707776088086718,0.029691559695642574,-0.0529089758770735,2.2229006827878384
-0.07335366345535418,0.023730241341240153,-0.053539264015855494,2.296523256173633
-0.0695753456372659,0.024002810164380734,-0.043618920534505765,2.3598034178145597
-0.03323479072095595,0.06276352016210597,-0.03593797306178849,2.3021749607332502
-0.09637537180730153,0.043728018418721024,-0.059053499568015866,2.5607666563950486
-0.0681264788479538,0.02839131585668267,-0.04452313061450993,2.314197045740528
-0.022761540823967388,0.03590151575562351,-0.03297077870950939,2.165995281500608
-0.0518513742655193,0.039451356385512816,-0.05699408811154666,2.2511881679092998
-0.046635820089028085,0.04038906339667135,-0.06807333738464308,2.279260971106155
-0.08837467252302776,0.05972706616593145,-0.02090062037088873,2.405492345115201
-0.06624409851213786,0.029605121521167187,-0.021125475664634227,2.1799191782175096
-0.015762805175501028,0.027770879774521823,-0.046606571280065894,2.1185712471632887
-0.0582411738870498,0.023290394951446594,-0.06480924382236272,2.1959531315410463
-0.044776693167643974,0.02437905619888483,-0.041594150592693585,2.108792193865397
-0.013862570301218874,0.023026668983169567,-0.07476273698571138,2.260364376163804
-0.03346328241138961,0.040800404017883075,-0.02466072974766799,2.038432396970381
0.02469263652512254,0.02372499529740251,0.003175912557006462,1.9572804241161792
0.010782426566412946,0.0051773609279954945,-0.07323752420300106,2.0908599610371374
-0.02175936604112733,0.003008707793336704,-0.05584167025946531,2.0550132932576624
-0.019637191998000868,0.034633491717789254,-0.04667174593388227,1.964707476219665
-0.02543246546335705,0.05011063300920823,-0.033373586372284506,2.1577737839126683
-0.02229265421163934,0.020526755936607823,-0.04419235524695663,1.9795792577388953
-0.05300643525588078,0.025466116658689843,-0.027796302832420152,2.0483663163663435
-0.03433977296907066,0.03922195457682461,-0.048114897196145076,2.084546823085422
-0.05887723544229187,0.036248367634891525,-0.05554463556772831,2.1215813461830226
-0.041105574150508674,0.003361687864276715,-0.053474168266286294,1.9932336208925707
-0.08213781697760703,0.02223104151795721,-0.05127275419327309,2.1568491713571247
-0.036834642703045796,0.020914308392328645,-0.04260759451229705,1.949087849291018
-0.01112189802195742,0.0010311004736915177,-0.03676013251603945,1.9233742291742082
-0.04929995160729981,0.048249749957442405,-0.0057322122228824594,2.035929446719294
-0.051979084747781415,0.02598462641495653,-0.034160064246438845,2.0218016053660546
-0.03807811657801514,0.05138872128342998,-0.05247440630035529,2.1281029252798476
-0.07568498947063698,0.04942951550315017,-0.06437110992637228,2.2623114514067577
-0.03909022975461709,0.023552895029992152,-0.061458142280210855,2.0924460236105547
-0.04577367798342354,0.04844257416672831,-0.05621627531089919,2.1328543084214378
-0.06394495396330081,0.027663653006485812,-0.05054334493176067,2.187339308294426
-0.060313876445124974,0.033362540129943524,-0.04981081241421663,2.2613252167185616
-0.022018907762786328,0.07191565928733704,-0.05018119741295836,2.1347069047869978
-0.048645151794807835,0.006932299215841701,-0.0757101845340577,2.0212771158449394
-0.05235001510981135,-0.010530006144962568,-0.04959558294045711,1.8911696685598078
-0.043385418320719675,0.021804536340163307,-0.035649334066422636,1.906710897654454
-0.05618542307303696,0.02631512728378633,-0.0521856443515486,2.048383671494402
-0.05544538057281703,0.03492365845466494,-0.03899931802661751,1.9434255340725795
-0.04714282426918692,0.01700179049481089,-0.046013243936295405,1.9001639783042337
-0.03914763762046982,-0.01474457554124926,-0.04068849273754821,1.848967024901695
-0.03371764860947109,0.017865294766026177,-0.04392229194971207,1.9402436502904212
-0.05424973536634222,0.005368941446574768,-0.029563680098621,2.0238482390881223
-0.05209097639218953,0.0053225499964098,-0.05062645360439924,2.127870127032596
-0.02463144835292868,0.015480019800345394,-0.06821500524271017,1.979307175658466
-0.020529346588577087,0.0038157164381427836,-0.08732533542715,2.0694956788283525
-0.046620475436800576,0.020079238229237,-0.06963837369035977,2.170712185021451
-0.056571827380980357,0.03195391840183884,-0.0552018561873619,2.0064609063298953
-0.06753845722851372,0.04041813654989797,-0.05089588906041194,2.136785762556798
-0.07621181859683726,0.016676959995297194,-0.03556129952222584,2.1515615749663515
-0.07795435772874605,0.058296908981695844,-0.041647419394435774,2.405030090403769
-0.0720441037615882,0.021100347754797678,-0.041537058961382385,2.1228243680015892
-0.05314831727061062,0.0036946156335570784,-0.05694766162885856,2.085724476715091
-0.0659515007259775,0.03235529087989806,-0.029264436898427983,2.1005810232162134
-0.05613331992365952,0.022831776048836804,-0.039511337502400365,2.0381113911274573
-0.062351217662318166,0.04691606457972006,-0.051998203101719695,2.14794993027688
-0.039346441351327296,0.005739121846936546,-0.052609518523893395,2.094220285829599
-0.03640862268590232,0.03061262754993847,-0.038025543768586016,2.0779149804175843
-0.03073502779750382,0.030219266689160095,-0.07880211547913872,2.0678158052599325
-0.04868857411414349,0.026525031941001663,-0.05762303941543245,1.8887658250552983
-0.01369191929308968,0.017459069114376842,-0.08868330132774735,1.977936903029268
-0.005299310466049513,0.037097770738338254,-0.08636537907579607,2.0787080973306833
-0.028084716119677944,0.02364355064416617,-0.084093826874021,1.9881547652991722
-0.05899804599508086,0.0037307381991350435,-0.08660491207986433,2.0611743904276802
-0.058703093628222944,0.038146986157064335,-0.09033202161716238,2.0733401628943797
-0.08603493784233707,0.0017999474674814243,-0.0931140136792049,2.3105562297065565
-0.043710841507004924,0.027387700886797785,-0.07845279925407439,2.1564368130309335
-0.008442022977844797,0.021056356439870184,-0.060153139529713254,2.124525962003233
-0.07517294188137821,0.03515555152441242,-0.02778850271473877,2.3281802130620015
-0.041197990204887014,0.09009176666243922,-0.053869077114198485,2.4220498656679577
-0.02459093651982399,0.0631699942342538,-0.07006683401070905,2.2828923188919004
-0.039567866624991045,0.018216160141663443,-0.056186035086286945,2.1500479592386794
-0.07649040724561353,0.006046751960810913,-0.05106411754350419,2.3171471151984044
-0.032275903065800665,0.02553406077864706,-0.059318367514619524,2.064341705093878
-0.07303913940938794,0.0056053866582632525,-0.08998701843248993,2.401858283416327
-0.05343441460915772,-0.0008843255731009616,-0.08862842048789853,2.1988994617122875
-0.06859916954463098,0.006332054498066608,-0.10753016796527491,2.29507095931469
-0.04209912105196338,0.022547201507631964,-0.08329823581309095,2.141490740124633
-0.08218871534726775,0.0251027658900185,-0.09168108724081046,2.212343281600029
-0.09010703805561283,0.03224722870377947,-0.07111626604497867,2.3291995065114626
-0.06800883711671006,0.05836271345456743,-0.04522373461665251,2.1847300350366265
-0.0616515276494635,0.02794076954643371,-0.06315473039133482,2.159615713982681
-0.020623542678792087,0.020876656214971298,-0.030616756461673587,1.989294209247611
-0.059091772763664695,0.0046139835301447045,-0.07564960911038032,2.1195859686350182
-0.07002350216917044,0.044475266384679225,-0.0395193360956237,2.089905215700028
-0.029952112384675156,0.029904838385758033,-0.09276570261171349,2.2051461434148814
-0.06725455103806968,0.05747042105739061,-0.046658802467672976,2.415532312433888
-0.05455561813580477,0.061977280320349847,-0.055960632225326726,2.2754644433114994
-0.0765333042363088,0.062105619569198536,-0.0564092344823167,2.368128633776577
-0.07326163758364522,0.030089051937084863,-0.08603241559752364,2.255900386488314
-0.05119833901816918,0.035215184070323945,-0.059575746651192724,2.1159003731200587
-0.025082375829604955,0.03950929990823524,-0.04958179315845143,2.036022796554948
-0.03797906007635968,0.02935413044283462,-0.060805949877964664,1.952217321848036
-0.04580579569214729,0.03927517552145695,-0.07059879024605792,2.252032405896717
-0.05093414222443787,0.03559592676246842,-0.07548796447661081,2.2723928256022248
-0.041600996484736065,0.021225086040335,-0.04363258240077085,2.076923944927354
-0.02562046320863302,0.043954646916260304,-0.06628022659153708,2.1380001206391905
-0.03262005290048577,0.05047838119877756,-0.04401460992293978,2.189306387991696
-0.04625185757738776,0.005280683820441479,-0.0730345416341193,2.1042335451998597
-0.07889433376682117,0.026292771003752987,-0.0603418206054272,2.185238484504831
-0.034093973109908145,0.01478510829933692,-0.08454701359849698,2.080321587267971
-0.043050037023352486,0.04014331897680565,-0.052872224021723126,2.158179208210992
-0.04422849935381734,0.017154110456942658,-0.06561095534159574,2.1816754316301354
-0.027829838984796636,0.0058676897802353205,-0.05826908766993374,2.2155758122071387
-0.04700619970152483,0.009156360780432544,-0.06474989169511595,2.2158566717580803
-0.009587627382166852,0.056915585181878496,-0.06632954296016426,2.2989402002713564
-0.019520822757080475,0.04581650273631704,-0.04067106548095581,2.0786174507990256
-0.04600929515599603,0.028818500068004963,-0.04541394658101148,2.173321033614635
-0.02693714560667951,0.053562238318007604,-0.03198185733347228,2.050877015862949
-0.031826188832817195,0.02488864821407919,-0.04938356459632192,2.1630752951562964
-0.04504349947802929,0.04241991798721412,-0.05029231314011708,2.0946255518741346
-0.06823780075987083,0.05840193699288835,-0.06168042595362182,2.3216236627151394
0.011967767501906059,0.04712652690990397,-0.05204524652763064,2.1597048524910756
-0.04053397649742918,0.028398345753734927,-0.08010714807295026,2.157233898274818
-0.037243464208852835,0.05632603738794688,-0.05940813353313281,2.1483281754855645
-0.08690569553452875,0.04550063283012423,-0.054879418775379524,2.4061389148545076
-0.043737397285023745,0.03854951431423643,-0.027736014891264964,2.1769112011822775
-0.06381225910905003,0.056451780279782544,-0.0481869297402,2.3425813323765903
-0.050153516951163275,0.04373012530159854,-0.038563051510776554,2.114979109354621
-0.07682345046607969,0.020122796311687077,-0.06196405196925704,2.2441991628645273
-0.044296859383615834,0.058463462307440296,-0.046013329633389714,2.1812990784468846
-0.0849721084772205,0.04888444741702127,-0.05195364901407359,2.3287826210598865
-0.07300726336118411,0.049705683065461186,-0.03702286610906377,2.2895916315989484
-0.059612361375215375,0.0378934008673933,-0.044182607464524036,2.21001293315155
-0.03551770698409679,0.05395216305437318,-0.055046890522013434,2.2517217063118564
-0.06076914875274403,0.04499873099657015,-0.051198270279778926,2.207053542194659
-0.04110334721225483,0.02598431872076055,-0.035781258785424284,1.998076626762739
-0.061414756260052085,0.01814094970804874,-0.05138227505351781,2.131384080250031
-0.013095913515103476,0.05357014871574969,-0.039954522412547815,2.231645956892503
-0.08655878335838611,0.01625689762076193,-0.03922542533996294,2.3551667296606142
-0.06176502984846547,0.061688266365908,-0.049307438809464955,2.2575574242306753
-0.04818814029156646,0.026725619024743477,-0.04808015372743158,2.1546281311676094
-0.010754453238048557,0.012216224864953688,-0.0764084619284199,2.0675245007178273
0.004902861275507862,0.019205347878166776,-0.09230061412910892,2.175169595739226
-0.03436006697270212,0.04536121393440544,-0.06014683434394953,2.115174992173992
-0.06825454076456954,0.044714654676101334,-0.07044435240912347,2.184807844149418
-0.06864678363040898,0.04278575706627628,-0.08135929067604357,2.2355172439969753
-0.02745562338448649,0.029539686561015913,-0.0720900119665742,2.0736172756577296
-0.020481538799803876,0.07001750027742916,-0.06261156042944249,2.1521009700679192
-0.0524302285044167,0.03899289167143448,-0.07258943888889037,2.170524086983882
-0.06398170036842038,0.02638546486136645,-0.07010557234157427,2.2968067714206124
-0.04939200119179243,0.04304542118218053,-0.07812027856312674,2.3913283931898968
-0.08880411718552315,0.03438184397096566,-0.06373616386361333,2.320332085529255
-0.09093357268901271,0.016253100146974186,-0.07111794974441729,2.2549620535886956
-0.10162674827126474,0.025528317968019573,-0.042887367773096007,2.3069841324707365
-0.05733382530202824,0.0301335798483329,-0.0727157287740578,2.1492036994892723
-0.04050441681170451,0.018012862784010684,-0.07173305221842978,2.185417737957995
-0.04681455661937559,0.029129332324593804,-0.07055548107389918,2.1414101244505916
-0.07844405430209302,0.029942340058590342,-0.08075391758827406,2.2358470197027227
-0.09624697320750884,0.013097570216745274,-0.041445319701574015,2.2505497477268546
-0.07824512143619698,0.043836543900112115,-0.04082453289530815,2.183947754206824
-0.08743603445225429,0.02305069566146101,-0.05512879612667732,2.213586564331783
-0.03756030670329485,0.009964698661173952,-0.05066032281754225,2.093622377136334
-0.06251990872785848,0.04183471015700064,-0.059676463611157776,2.258755191075553
-0.057446111420065823,0.04729144158761298,-0.03638470231501265,2.159742827166029
-0.052185857396271795,0.016692077785418567,-0.051355990967868984,2.15114319360429
-0.045573879568592615,0.03126015626415276,-0.05725361565392883,2.142343086436948
-0.08804322546792334,0.02412797731008033,-0.04592068554719294,2.2559738111294774
-0.08115318233305893,0.026666990970696077,-0.07213911765661002,2.291274777206377
-0.052172393250377334,0.022835201049154832,-0.0684153361133142,2.1362816889732175
-0.05305375324169021,0.02127450095396903,-0.06367778415526903,2.1908063870836854
-0.04849032781987409,0.020567137786627845,-0.08116399408937167,2.2182860928277575
-0.01398221360960778,0.040584402681182484,-0.07550556563312938,2.1904141130480586
-0.05375949068240329,0.048623935207397224,-0.041278513907244116,2.119328802624986
-0.04209790401623672,0.022968481772340905,-0.05013590925599056,2.0954808966194234
-0.05619618533865551,0.035458817635189536,-0.05479549914958696,2.1907334941869
-0.029873264826020346,0.027530274653822285,-0.040567368363130976,2.0421048647708413
-0.06572287997213545,0.01655035550984909,-0.03719960940119666,2.1047985821688724
-0.03231254780260673,0.013308896116227565,-0.0561532137458586,2.1412609355987082
-0.03257865231343251,-0.0013880815446011975,-0.036338422963727184,1.9636494545225782
-0.0274058753891974,0.03216613299042788,-0.07043930678200468,2.0444398936266652
-0.03407787113221936,0.012327533825613335,-0.053203768750232146,1.977835565731345
-0.05760389923344744,0.006510961415691656,-0.07151574805146341,2.1780331991830044
-0.06795020440906005,-0.0007773354255407069,-0.04737804255175825,2.0540536252339736
-0.028918449084415623,0.01861164073586391,-0.03468218555769715,1.9247893385795505
-0.0031924445599972665,0.03614703806241258,-0.04236749840499225,1.9260301689642894
-0.05988095590025672,0.02337739247072518,-0.05106363224013575,1.9681664143100053
-0.08177067749862543,0.019697479540350362,-0.04810718518417727,2.071238803235115
-0.06846337594214309,0.030103978581898654,-0.04584567823019134,1.9920074479886918
-0.07401681922703256,0.0041944913970692705,-0.04416356707713992,2.002275663477457
-0.009146695262470018,0.02765502263611702,-0.06162363843551999,1.9360175523509866
-0.07907921660573192,0.01311510434260774,-0.052305765976427866,1.9417439669575183
-0.09296744103074182,-0.012360815398738999,-0.044936702733145976,2.1205932173487296
-0.06671919718397953,0.005020519590494462,-0.049292598326938254,1.8659388202375546
-0.06633609565126569,0.011153436385514122,-0.016523756522039253,1.8758280673151841
-0.023176130145763547,0.03485949052527096,-0.025178402182057177,1.8793335895495882
-0.04418847761899397,0.04555781729395668,-0.04313849296042845,1.9775382364120035
-0.030835537873850634,0.03535395396890179,-0.0364104921984518,1.82728381964689
-0.03497965440818782,0.03959909080334576,-0.02758453405474027,1.9489178818704844
-0.061239168455574956,0.00724947362280374,-0.04271530349937869,1.9793374559156638
-0.06004274024189515,0.021307175291796175,-0.05449294499768375,1.9469199400086172
-0.039948508987022846,0.02321677583684842,-0.04635551291558502,1.9527904629762673
-0.02692727093366314,0.046075445105303654,-0.05735997488764012,2.0136924178811784
-0.009067759112441589,0.02430208929060657,-0.06357998497426462,1.9344647773221892
-0.053698094260218675,0.02777595470201616,-0.0526258234726753,2.0221391880897017
-0.05583678269801699,0.03849845567636218,-0.05694304602551194,2.1337978108740177
-0.05058290843963777,0.02042140800740666,-0.03210767838126221,2.04145973974631
-0.03587032631907797,0.022500835717454096,-0.03812079822156017,2.028704656392778
-0.01213591081222856,0.012211950666693028,-0.05180944358621874,1.9338332633236992
-0.037990981533859686,0.023391439447909796,-0.04176471210269293,1.9488737049680092
-0.02341215303033129,0.007626866931494794,-0.047952807442190507,2.0037767589263256
-0.04302302513308891,0.03724575853995389,-0.010636565724919358,1.9811380826918707
-0.06744284407508945,0.03146539350351321,-0.03410036201674264,2.1072381666863054
-0.03450123123159433,0.05056403156524372,-0.019894492685984217,2.004651802301514
-0.04142600144269395,0.003476184453579702,-0.03338470982720961,2.038743412935126
-0.07949026212729896,0.038314916951036844,-0.03815997331261285,2.211990046843592
-0.04579718484900629,0.040760571284232314,-0.05463061657208382,2.1716417388961866
-0.023540717934576932,0.03598018201851203,-0.038366351750703805,2.079815773621794
-0.028211306944162014,0.019832514635737087,-0.0519306441099968,1.9385016772043444
-0.014543772134048883,0.029374679187904405,-0.06366747026452055,2.0098949600652904
-0.060843323142044776,0.06906219912292777,-0.024812331649266623,2.1733610262984318
-0.08681668712525879,0.04266902854102502,-0.02502624894245237,2.2360325475390144
-0.062270103339856456,0.03424094224637835,-0.02393731323470267,2.019580123282471
-0.03518975041848562,0.019739046364868874,-0.056488341545993734,1.9627610602267693
-0.03350647995789507,0.03429634893169293,-0.07586524176625338,2.0109754087276954
-0.028642563727694262,0.026338384820709142,-0.07154029182778958,1.9985872792703456
0.017189231975695603,0.038063114792089375,-0.0686887139393396,2.0488618325633894
-0.06580760729995948,0.009652383152705085,-0.03266737417043463,2.049412936042228
-0.07488980115492537,0.0014359526728179917,-0.07204692832388476,2.1761902897539707
-0.04927713564711303,0.02083968533593587,-0.06995932583022589,2.1749109579670742
-0.062464223201296715,0.03200837722377984,-0.057349299043368815,2.2116800817117945
-0.047819927798915425,0.06862645924244175,-0.05849669174099414,2.2300517134629882
-0.08103746461756668,0.04100479332848659,-0.0596994013368557,2.2852094958559617
-0.05174095355774218,0.024328916710615486,-0.07862082237787317,2.15258768385693
-0.031735285275042296,0.010732400352778176,-0.048774872212713136,2.024507874969729
-0.055859288285654146,0.03303361306061542,-0.06050712241865195,2.082218258221481
-0.021168856856962542,0.05438744928943382,-0.046841612791379585,1.9935346842568429
-0.06946102936277243,0.05297196828565841,-0.08253019982896061,2.2970817125359244
-0.06610161376221986,0.04191314807312707,-0.043931795856704384,2.1241593913360988
-0.04721212155865209,0.07063292011761559,-0.01785122689317875,2.0885809170227723
-0.09764387967578093,0.04552956373618597,-0.07011343547847568,2.3243864854501233
-0.05792718522340203,0.03987970302467901,-0.08440722429663579,2.3546051739800826
-0.01932164237138753,0.031311653532242044,-0.06261762123418818,2.199054998800067
-0.06174328820546368,0.03653270590035847,-0.08851126356846516,2.2137236479890157
-0.0475724078306536,0.040381709561684305,-0.08124403220390443,2.190400974970416
-0.05575251252355342,0.01920926056279893,-0.07406203180395568,2.1393378201726327
-0.013884135546827395,0.03955651639956363,-0.06654402615720692,2.1197819567524614
-0.019843472741249982,0.03790668479750701,-0.06203693169019116,2.0866422309477106
-0.0566935717001197,0.01323625736793574,-0.12251744783614774,2.2830492604931627
-0.0796933911644214,0.02251257839379956,-0.10286503265102845,2.3657059334346515
-0.046423244064891886,0.06819870026451309,-0.04409517247461362,2.3356014576563093
-0.03851809666801548,0.06058657717769771,-0.055108357646166284,2.2494664809277007
-0.05027587649478252,0.048347028251736306,-0.0702406768169674,2.2918080314994125
-0.014788729641123733,0.01933755049795145,-0.06875302924277701,2.2698877162212843
-0.04494219674129432,0.042193587428858814,-0.029903536969824247,2.3481790304082866
-0.05727287182444846,0.051987683868471704,-0.036317886179854285,2.3277156731458475
-0.017876639575765574,0.01615645408075555,-0.049347826573027914,2.3712852978425194
-0.02858565606866915,0.021946118917505336,-0.05947871588757658,2.2865402856955264
-0.04543294015242299,0.042187918179058766,-0.06642463592227922,2.3297543257790387
-0.016886524573220485,0.04961182511454028,-0.04421817655529959,2.243898389460719
-0.05925570428651905,0.031327488571629106,-0.02915661379555718,2.411307210974563
-0.02145644143404018,0.04686251070870453,-0.027340174396610087,2.27097297105634
-0.02584594981950196,0.0398599282431897,-0.03479197749599649,2.2631572858288287
-0.022249221223528386,0.022099944640330042,-0.04751425606233283,2.0349637051786633
-0.02708336046302595,0.031100396071168206,-0.02971364245501518,2.013492443032114
-0.016142968498392234,0.024612972941769336,-0.04608418979826006,2.1630756763916805
-0.06704155146514748,0.0077078098513035185,-0.04932124130737663,2.32264539418059
-0.059185455186524884,-0.009724731542512053,-0.07389639305276283,2.4382168754995655
-0.05173665276081349,0.03845042044527186,-0.036463890810897355,2.2955251187119363
-0.057287147905593354,0.028633686100401602,-0.021145287495158517,2.297522128969346
-0.033301835909917046,0.01702648362790533,-0.030353672222028616,2.312122171192412
-0.002282394609539266,0.019766663208559142,-0.07137871880429622,2.4366259103527046
-0.042134104157939126,0.02690157232746287,-0.07863820385462268,2.3802899074970862
-0.02689212226292647,0.05052687844222407,-0.05632728447257196,2.2970339367221264
-0.020306264011036763,0.028675143237148433,-0.05623354050510304,2.1497868030773626
-0.08768220315604236,0.023159112618124724,-0.07142354372620438,2.503623145290294
-0.015954020060138942,0.009288936815678678,-0.07442931557046727,2.2151202500451443
-0.026160176162239892,0.021683045443670286,-0.04619537185389256,2.3204939721492286
-0.03012958694548166,0.030601382238937165,-0.04240252365948181,2.1814953081451924
-0.051602193954908726,0.028765278927350528,-0.046323297025112016,2.277816356820387
-0.005838521294793488,0.01580261941682211,-0.03900271356359247,2.0569522440402777
-0.008911843342629337,0.047153124005806735,-0.06165224697314486,2.21843475718048
0.025463384519364404,0.017093591271004495,-0.045999476827910384,2.1752394811031572
-0.009340279993146258,0.004332948646045079,-0.08180050723473668,2.2940434193379082
-0.025684639071099115,0.037193361316965434,-0.06590214386304898,2.415523405632506
-0.017577377069593506,0.04133437085373267,-0.05483426794561042,2.2439405120257945
-0.041039282902322095,0.024352911359079767,-0.07308542389722578,2.436848638272434
-0.05312827466021235,0.0016708123317307978,-0.07250717248551591,2.5314841824832865
-0.0336765417723866,0.029928746618974475,-0.053195042520642805,2.297344690836299
-0.0006529475999062537,0.000963981596837457,-0.059715166463025146,2.189870053659065
-0.0474690424184819,0.03669139238314456,-0.03467668128651216,2.256892209362612
-0.048156005146901944,0.022898448591763442,-0.05312022259777435,2.255802125720092
-0.047796106857010925,0.0360803052006808,-0.05941101026372611,2.1998054045217663
-0.03557683368196863,0.0065738490922915465,-0.09216214795034454,2.3183174143613825
-0.06759707577723827,0.031007586463762674,-0.0464311324871389,2.1698340971357486
-0.05043619297258463,0.015303675347441993,-0.039606125227304424,2.179176541914509
-0.02343628385935374,0.03591352103258589,-0.05315535266903139,2.1814949130662877
-0.05870299133675964,0.00642780111804341,-0.0458861094160974,2.243248791989452
-0.06513843405065087,0.01447803751577425,-0.08858934289296472,2.5201040376175547
-0.04637006297894871,-0.006725717256505828,-0.040516209712057896,2.178379321345667
-0.03309687637615501,0.017493963210800326,-0.04241560865327087,2.039414426516359
-0.03211398112457766,0.0733154096461823,-0.03057164304282093,2.298813014757873
-0.03709830804797831,0.03794412014443899,-0.0414202522271869,2.257658667985242
-0.05036873123457126,0.02097436220628491,-0.07855926489088004,2.323693129143075
-0.02484812465353191,0.04436425586185518,-0.02766961289910545,2.14509337847869
-0.03910310457671548,0.03341932073909346,-0.056631793252714294,2.2031461061833126
0.014167758283588214,0.019172298532916233,-0.04239516188023902,2.1358926485734706
-0.011076581315572494,0.036606485996420905,-0.04931866270263119,2.078855009226361
-0.02580576199412136,0.016413752885526992,-0.050013564969085315,2.2009151628484345
-0.02324480983824669,0.00869230943562834,-0.0643057948281829,2.231995470391639
-0.015377303906962028,0.017041787922351396,-0.03714254815185632,2.124577119831725
-0.025999886892824408,0.042188513838004975,-0.02047591624622798,2.110424784708515
-0.014999203067695994,0.027668332765260137,-0.04421676405088492,2.1619151543968758
-0.03114208138310485,-0.004053571614184773,-0.054687496196365974,2.1646027690757785
-0.025346117755619867,0.020871263217391606,-0.03225428208152247,2.014104116739896
-0.029499217796010814,0.027388011408171792,-0.059527182722750205,2.1134551820495817
-0.05398098176531546,0.023747322463000427,-0.058478662017598174,2.1770371677970033
-0.05414673940010173,0.023914370875951878,-0.06627129990661275,2.3376401464322085
-0.035127320260854085,0.04121935005049573,-0.061324258554178834,2.2263111082579026
-0.014845398978567997,0.017038396737948623,-0.06253040168793811,2.247182996180385
-0.05508240668433938,0.05177571002603578,-0.0779737529578588,2.359837240871362
-0.05294136644624158,0.041605149724624736,-0.08309024163355926,2.335181869269047
-0.04664427302641018,0.03411477623482457,-0.05836954630776153,2.2438110366712385
-0.05006236170329709,0.016697179656877434,-0.03394509966174376,2.2321528464490368
-0.03705446671746627,0.05218321009730731,-0.09456672083409678,2.4938689885906027
-0.031612120125946996,0.006804472192921389,-0.07225436248382129,2.213532009159712
-0.06452833788966843,0.013812571495708019,-0.039284755888548475,2.2137694798561673
-0.01848946558097046,0.05560643257385926,-0.04071763960650363,2.1531416817465945
-0.0541618799788779,0.03202305128893782,-0.04996754338611781,2.3760524652532355
-0.02423026618856475,0.04277465102881985,-0.056019956767912306,2.284997986499272
-0.05864872064037119,0.01927548331585355,-0.032581465700142614,2.3081499661317677
-0.04326006151599674,0.02294724835745857,-0.0727745813539047,2.263900227364479
-0.039107913979450244,0.024789618447827334,-0.045218406911301905,2.050923919443492
-0.03693611799627896,0.03822153927118441,-0.02424270222906068,2.103568165199007
-0.06433173552945938,0.022275559574886705,-0.05204952858903027,2.230374799069565
-0.02975611158204702,0.028109437033734166,-0.012751852550718848,2.1042476331865454
-0.037834129374342725,0.039985368614691916,-0.02592040905995132,2.1070912143389355
-0.03610982043386655,0.027024442817379778,-0.04787323113260848,2.1481622677640066
-0.09951702530166882,0.025795292865892407,-0.042789517376196524,2.2569048873768303
-0.06887264736528835,0.03635237450002404,-0.04293132200211483,2.266094284317904
-0.03315760430544671,0.029987908843486146,-0.06433786401071931,2.2756843682054617
-0.03937524469528663,0.029655775809457573,-0.04762007575969714,2.1088717514595925
-0.018818251665410735,0.026117121862952272,-0.05900194944461852,2.189961872599225
-0.06084291209650926,0.027301223529690503,-0.058848357274529285,2.279499259409888
-0.03104754468018108,0.03704748871062145,-0.044304303211458236,2.0643315225090366
-0.03310701148686058,0.03240059582077872,-0.06254589697142708,2.2524594045788167
-0.044488164637911436,0.050051891845378456,-0.08059010066538978,2.3565824364802617
-0.025023431290747213,0.06352945804038818,-0.05134971049223714,2.1482421397504803
-0.003992951416061496,0.03550415805440924,-0.05071244092121748,2.1203498784766293
-0.04094272009904167,0.013329754659594786,-0.05119420075375365,2.163474627785541
-0.03155619690256555,0.02095188508152905,-0.06404626555415817,2.210454949017891
-0.030269589603688214,0.02632436894392504,-0.0695874732989174,2.2360991466406235
-0.04173161697533043,0.04712046014406235,-0.05117306025881948,2.188028208223053
-0.026085754856701542,0.030703428583723224,-0.05547749229870693,2.1883878844386846
-0.046134288764638744,0.03562463951039703,-0.05403406259519156,2.275528982163063
-0.025402995286825467,0.03590227575671212,-0.04613023487603168,2.2432312770135687
-0.015041661442295143,0.012337444105939755,-0.05950641626861102,2.1972819546156064
-0.036498593569706195,0.018192615079445227,-0.0647065933479009,2.202998340225104
-0.032506616603906295,0.022124968597650594,-0.0788940497804893,2.1471598425704848
0.0030496659303837804,0.019916418364855856,-0.07084541911669885,2.1870596201440295
-0.011491355628914448,0.04564131382978785,-0.0520535489617654,2.1913660463508053
-0.04261437402252795,0.004213090026756211,-0.037684999276999274,2.189356519682925
-0.04768280744845461,0.00914412940534172,-0.0448905939735399,2.246984529083877
-0.06557796094472901,0.016712386488750102,-0.08633367779908888,2.3725196862470366
-0.05168367456823474,0.025161000338714684,-0.051386854301270726,2.1592054863236894
-0.062280338374868946,0.014757020703044504,-0.04077410237272621,2.293253931349045
-0.05348499026095308,0.01911391355551665,-0.061583995290996965,2.2690305105439137
-0.04424390322553029,0.004413073526181747,-0.05358908330743896,2.0614646767985416
-0.05991287132569495,0.015907525548525914,-0.03169777610321934,2.0772067842402024
-0.05346449337178962,0.019275807821957935,-0.051481141331318016,2.3029921136361837
-0.04137860795177887,0.03434335240407704,-0.0610692283391572,2.1684459592731056
-0.023826994545480724,0.023064252945091915,-0.06458406359753302,2.183467804242882
-0.06793676277540214,0.01922835549397469,-0.06284364407763746,2.256772080278221
-0.05883582834321601,0.013721699593368789,-0.042914407870772886,2.2726182236377936
-0.019240734483358075,-0.0033082227527734486,-0.044486388391175816,2.0716335451584866
-0.08455389123674584,0.019154088043833523,-0.04040793039253821,2.291980574225477
-0.06446745649887436,0.021303497569740523,-0.046265529757817954,2.230737063376435
-0.052550034766965105,0.018643612349615476,-0.05149075932538204,2.1319631486767485
-0.07703848477764257,0.04529135994737758,-0.04002110153764542,2.271101379009823
-0.062326841384973464,0.00702036129910308,-0.040307552036367475,2.148814851321775
-0.0795401395579456,0.038978479202978845,-0.03308665512534216,2.2478300131355526
-0.04727076423299337,0.0214149690084582,-0.04548836783627684,2.26337223763818
-0.03203653732006187,0.0320542828316955,-0.04774597494226434,2.249221366403042
-0.017774312833973054,0.014998957648037093,-0.028552704925062185,2.0731777757036833
-0.052687613095961656,0.014246897936571282,-0.028266937174389686,2.1880097308406032
-0.03842779035880935,0.02710718269668066,-0.03173289896798273,2.2106098320601584
-0.028580426844116248,0.020538325552974083,-0.045622890814062275,2.1973657892027685
-0.05973553027060354,1.9641613975445094e-05,-0.06173341567184636,2.3640539461123646
-0.038148540389765784,0.04663551118967485,-0.04863699590589009,2.198315033314721
-0.024202886335862255,0.03105451076432893,-0.03989372908060878,2.2714790063928394
-0.057761606911218795,0.036722313126398946,-0.04482135750800869,2.3069001606169692
-0.020513957551750298,0.040987897124448024,-0.038879792950872134,2.325508726053595
-0.051509901521953456,0.045209876066710536,-0.05364063578160336,2.2463505962601413
-0.04359460511679696,0.04473726055007506,-0.06317567847987843,2.200311098464432
-0.010136573060090644,0.029938391661421593,-0.03945355423280204,2.1418416973702303
-0.03936061732521916,0.03683027207298336,-0.03549658957058107,2.1449807611836222
-0.05444884075896721,0.03491450414514156,-0.05791235729919708,2.233232545577737
-0.06852523314335432,0.04191351715498511,-0.06794784303233795,2.371664567879548
-0.04634895131372511,0.01818295126223828,-0.04725540480673821,2.2210509621145933
-0.047315951396487234,0.01583779044070165,-0.06752009238640937,2.2749677119595986
-0.018506440312497978,0.02706039053525873,-0.08270071047394778,2.275645383644706
-0.026792195959168277,0.03949686206761327,-0.08281723954165905,2.2920297680524198
-0.04189814539556444,0.014950661387849278,-0.0882837281173989,2.394560891817949
-0.05813806288635144,0.024386429332448778,-0.09721350972921639,2.562596171960816
-0.08162662202076683,0.038240191219153015,-0.06354741532579536,2.5309673345161166
-0.0534660785527959,0.019057076906491287,-0.06270669524123385,2.384959892420959
-0.03271057953752131,0.01617222205556266,-0.09552036029676679,2.4427205856006187
-0.06654706909976524,0.04084642174848187,-0.07510627358771399,2.362263082491752
-0.07403775655073452,0.02809393349444539,-0.0631886188706351,2.4421992715634717
-0.03043728709528794,0.030091277360811835,-0.08822250119406179,2.3337067242192666
-0.056742671405525975,0.03282964514225163,-0.05942732409731427,2.3190106613641244
-0.048234277479928325,0.009067002420704798,-0.08091816966294549,2.3386563791689343
-0.0832800644365375,0.03237989531987786,-0.08186517261704727,2.4068891083295165
-0.01692531629037349,0.012296817484485424,-0.088182843035331,2.1863240847038607
-0.05799997409402055,0.007522403023622893,-0.08142335278241913,2.3695432975358037
-0.03205538832167383,0.032036410437659306,-0.07391552477332941,2.2212199824410006
-0.10152168469726965,0.04781263937824516,-0.051937471780445325,2.4082408064467113
-0.09108217857512307,0.012244517393816346,-0.07840618143562895,2.515587182959534
-0.03472783282396992,-0.0016889640529032612,-0.09016790528576145,2.323839938546406
-0.011031063618017653,0.016747122343139638,-0.09838807058559539,2.296487417597937
-0.006854208417672375,0.007267699006152305,-0.08542962150390151,2.2725282364093946
-0.05132830713403835,0.03749483901495562,-0.09066548597520376,2.3812992663055343
-0.05886910350001185,0.014725144887639877,-0.06859460953242265,2.245085306921503
-0.08682649637696209,0.005193746841384327,-0.06721104607153272,2.4948252413598655
-0.0479014812483964,0.010505604802908566,-0.07969055672020642,2.1857111801767117
-0.050697922314696685,0.023762199695060084,-0.0768488540743881,2.3041193117794694
-0.06009892689805018,0.021743383868380824,-0.10214523503322356,2.3865064667094886
-0.04992025286850719,0.017406062980145368,-0.06720383195965635,2.1177679286180067
-0.05696443328810808,0.03295599857519707,-0.05367911133508364,2.1361677014762424
-0.04375414389403888,0.0188830561995144,-0.0808525675508437,2.261532246941791
-0.04655514895304535,0.004878840659753485,-0.07224260353368402,2.2249471850477414
-0.0620687301193539,0.021385646689825323,-0.08503005312758831,2.2361455441157547
-0.0796437540584509,0.030921508473186827,-0.05684393252365247,2.3651213278959378
-0.04476146484875995,0.02260767310113366,-0.060400645027593756,2.3032702091373456
-0.03135689027739994,0.0017761038189070598,-0.08945146982697225,2.211493562003609
-0.056415091880475186,0.014545535568081592,-0.06312690221568523,2.197189791931717
-0.10628205267952366,0.017172860000462586,-0.07591810105208603,2.3620918989790605
-0.04454255698705392,0.01618710839429944,-0.06992323490499067,2.1092507165873737
-0.0467963357774668,0.04999568245988229,-0.0648744387833733,2.1513461250014565
-0.04699933154415246,0.018041525899247866,-0.07042543738983902,2.1526043948223514
-0.06849865462690616,0.022374592802864315,-0.08417555599626288,2.347404556712944
-0.060664879108318435,0.01679883734729567,-0.08775790290693536,2.2645971038893817
-0.07135658101532721,0.026418140353956315,-0.07164505151439114,2.249744652159544
-0.08211750871762141,0.05319290781053684,-0.09876263367497935,2.4058433398643997
-0.07139570443029829,0.040499727723275945,-0.06997205597473896,2.36482782588268
-0.042051628754762385,0.02614396335760273,-0.07208045344999203,2.1975902724944807
-0.06075979721701534,0.03282155775334273,-0.0629755062613449,2.1684840307151814
-0.03659031537745753,0.010533258128779855,-0.06590120980037983,2.007881384560031
-0.040884777935151086,0.01842038515006442,-0.08306168996152968,2.1051687126532617
-0.04959378070335197,0.038900568434755915,-0.08360830788344903,2.2356828223288545
-0.09806387377787892,0.03642658139867085,-0.07822880539091275,2.4580714918994317
-0.06817253042952844,0.03700385606773242,-0.08882757188569605,2.257134617936142
-0.05014676340675204,0.03945661355539855,-0.07748679900410599,2.2427834040759125
-0.046334756801159074,0.02639299838132761,-0.0813720402355312,2.2412581570750927
-0.035608382391304844,0.009526109043352748,-0.07835452469963902,2.0538379659229227
-0.035598948760142544,0.02618844231561755,-0.08813660083386349,2.2502325609882887
-0.04917493491180592,0.016654252790794372,-0.07244884524091476,2.228505377182782
-0.038528379253073015,0.034133652919516866,-0.07924688358384928,2.171705076879415
-0.03277277911647761,0.033952606782556016,-0.06960081228329978,2.093669168722501
-0.07423751655062576,0.02489065221432632,-0.07683735545268698,2.2894510420875545
-0.0753644397779133,0.018725592014735084,-0.0815562897365722,2.2963312824194055
-0.041651495559497036,0.017976714826974355,-0.10012382621945123,2.292928338054512
-0.059418276830939136,0.02024893400930857,-0.08863139884167553,2.2219607511328165
-0.06772463014026929,0.024499691735543956,-0.08725782208656435,2.342961532499605
-0.04706001555397242,0.00836373153923829,-0.08924259752579947,2.2375750087980206
-0.041027841883483664,0.005766057565954817,-0.07176021324281492,2.2096249953886
-0.03394486572830281,-0.0007234790076040855,-0.11477919424950866,2.369461505266807
-0.08655469020213936,-0.002830240714337553,-0.07921207812143088,2.3544806335141923
-0.058087568207171425,0.0331473838175175,-0.06703631374157122,2.302646462143402
-0.10131268258187796,0.026801351849185646,-0.0921908933016785,2.6095195981845767
-0.07669661311307172,0.055890554495042516,-0.09873085494922902,2.566114207537625
-0.052403697307610825,0.03077743077556026,-0.1117806959174773,2.4195583937833884
-0.04666148346995677,0.014939406866386028,-0.084951293919539,2.3206901818084122
-0.023631069759311146,0.020464051919855078,-0.08499223998022111,2.3209931122431304
-0.042371927873034586,0.01906107412975758,-0.07931464173007767,2.2697047333275147
-0.03978000701890655,0.006808957678819608,-0.09180045399713299,2.29240682526647
-0.06064412067317669,0.026613586936841058,-0.08246948966998038,2.326175846926051
-0.07122072811703284,0.025961221864975976,-0.09076139245591923,2.4493459206730077
-0.03986018922791028,0.015756775730264495,-0.08808742126106645,2.3340745497173456
-0.057272143742519405,0.012839666034471956,-0.08587209214578416,2.2441829433175773
-0.017456967685930257,0.01518398136811474,-0.08837502354522424,2.232746184026473
-0.03194588934746041,0.011211379050007563,-0.06694121292066912,2.1344110510218632
-0.044328146013093615,0.039007176167206635,-0.09365829373600112,2.2440155758456735
-0.07047953825500758,0.014871010054412286,-0.08500241691990289,2.257010337605841
-0.05512607095392884,-0.0058754572735881475,-0.08887411845917724,2.2161988971160946
-0.07706277180584185,0.004495000236839454,-0.09999022149655563,2.480896743000896
-0.03937487021971893,0.03261147016915312,-0.06588715998313933,2.160531889525666
-0.05984752124876784,0.029018812006370718,-0.06081203788120631,2.0290247687056073
-0.03674045148531147,0.0013949627404811875,-0.06209361155798335,2.080693309621268
-0.06693376485068975,0.022749005899218733,-0.0751810151859826,2.141168839788257
-0.05868361312476332,0.022890530929379118,-0.08128358342052461,2.200635697547482
-0.05370563727073846,0.0034933508359862166,-0.0746319690191558,2.04697588834386
-0.06504401875597689,0.03127570181626805,-0.07690614542653659,2.334700665173951
-0.046148872300237787,0.028564744714065823,-0.05946291344238475,2.140484636178758
-0.09967278347158548,0.02438451307959828,-0.09705087090705604,2.375177135234875
-0.04634033811672041,0.026136820778701112,-0.10042361993571206,2.2530100097501187
-0.08583120654325938,0.05673258745661603,-0.09605218984430132,2.544180044224057
-0.0844931902281581,0.05034034141332282,-0.10148127517528699,2.5129857659180557
-0.08591974940609826,0.06031476987049091,-0.06652651574673236,2.5400504935867083
-0.09390972938224551,0.032484630725781366,-0.06527798011388218,2.4681179350703997
-0.07930624121407173,0.06792260863615743,-0.08049024390523929,2.560584514822655
-0.09940276521171697,0.06066180914282688,-0.08904646217824584,2.6411137191256917
-0.05868077112899368,0.0646399891526819,-0.07264138818809181,2.203103051510796
-0.0770062049571058,0.03774438602357138,-0.08317479173955768,2.2924378096484297
-0.06245519041923333,0.0407094133116376,-0.10009500383236017,2.324797123792837
-0.01674410029469439,0.04590073826606347,-0.09459545990828919,2.1749844254389834
-0.04392670203897345,0.03879155632797098,-0.09275432164807756,2.136154407449212
-0.02888159319802835,0.08423498726235237,-0.08910637674099826,2.302105082544881
-0.03367275317764701,0.03196669695249076,-0.08040976802077375,2.110352937621293
-0.06055984831285012,0.024603956978772667,-0.09502162753587882,2.3312073852743045
-0.08209415064919234,0.03216756222646996,-0.07465194999539929,2.3288324934156654
-0.05310386636320731,0.030504012422132687,-0.08949109075722514,2.3087872271580676
-0.06728149461751352,0.07179740260116209,-0.0770959816575047,2.3564023774931346
-0.05357926305106466,0.0302891372818104,-0.10241351041516653,2.348576819206988
-0.09139021687217168,0.025868192449248095,-0.04804768997530294,2.2416162922184464
-0.05585894136772598,0.047674401086286455,-0.05931914102698942,2.310446519413314
-0.09607993188426579,0.028827528619652057,-0.10127282621540945,2.4332337001928055
-0.07218693258075999,0.006107494891837852,-0.0894116286405018,2.216301388406282
-0.05980838159074188,0.032358073869888114,-0.08160638661853443,2.1744427570340483
-0.09520027617442559,0.04480389914973902,-0.08716696794953405,2.470290367498868
-0.04283215190469431,0.04332700511572,-0.07968500868214054,2.319212367748791
-0.07066445741784942,0.039756312470706295,-0.06871691876117635,2.324799078394495
-0.05285459628395452,0.026223602761636915,-0.1014556039836377,2.318739695582672
-0.07090289923296096,0.015816078442887644,-0.07774455275515806,2.260759331706033
-0.07784027658611613,0.03788873387927002,-0.07489543986502119,2.2697233280339706
-0.05909292784916091,0.03374596669281882,-0.08133565739706512,2.2785415009449457
-0.07127805572941216,0.01929308254683923,-0.08421802911356392,2.228102824488143
-0.04842758519203646,0.021103593949348107,-0.08027576653500955,2.321207168604063
-0.08714495222009898,0.04050801178566717,-0.08125986789852499,2.3982227503606617
-0.08075026821734038,0.04427254251938542,-0.08185391729763249,2.425534004948057
-0.06125459217461148,0.02111819461352609,-0.09782107479210922,2.439635277235708
-0.07883303296864416,0.054432295835499134,-0.09740152980144355,2.5849783723943522
-0.056448865759389996,0.026220511511026376,-0.09371328316034792,2.4814841997046857
-0.07302092604018308,0.0763185207280766,-0.07591014238345938,2.5242989606647255
-0.08650171848240386,0.03236870127263272,-0.08941973495870842,2.47407832096612
-0.06791067994851581,0.020826973535194537,-0.10167660028444298,2.389064464456985
-0.07399829217983679,-0.012749805445790234,-0.0887306954865383,2.320733570808752
-0.07129115795073471,0.011805741280494261,-0.10903561460477498,2.420510522937365
-0.05303397555706925,0.015509755022071057,-0.08574483460413822,2.185325646667218
-0.04808134447303162,0.03498225373694116,-0.04612026246624499,2.0612710458460457
-0.044685661846922034,0.03809071228814578,-0.05858670868447979,2.120947600338414
-0.05668183730687877,0.011812206514117232,-0.07109327961581244,2.2494083035962404
-0.06818634057187412,0.02902421273403886,-0.06548764731720065,2.294789823327883
-0.03716980493701731,0.045889260024406124,-0.02452891470870288,2.1461433751789745
-0.0631427199593576,0.028925075597332334,-0.06634802509536027,2.3227234565464703
-0.0753945513047819,0.06252798095638416,-0.03745614280562214,2.487951234354543
-0.08001622863513135,0.05183977702939422,-0.029135791297547772,2.5268150767858217
-0.03813663095254344,0.06348467520767474,-0.03640676231108201,2.332786592542948
-0.056486694821130015,0.06194360777208222,-0.057071917238151734,2.3377918260280524
-0.03605143627094876,0.06600072656631267,-0.05704008592535566,2.4035102963524304
-0.03978985929731608,0.03761805146194554,-0.05116765031711451,2.2658847027121665
-0.08614917187336975,0.058087718452077816,-0.0743202147303498,2.5280450408316963
-0.06770940601732034,0.06320108441428182,-0.059274548628601896,2.4594792598289192
-0.11712772028084541,0.032794289731089644,-0.054999190933842264,2.6168062391318663
-0.08581697745286791,0.05933838237734417,-0.04391504433716565,2.5199928391898077
-0.050261025565820815,0.0404725830244348,-0.04614066195766709,2.2228131599036813
-0.10093921521132547,0.021703287628977705,-0.0627318838981395,2.4928090495096846
-0.11567083715257248,0.056616383165976,-0.05466839859328486,2.520194028955366
-0.11120143012510644,0.05087254445064648,-0.05261862467044846,2.5948891019843314
-0.07228902654600472,0.03764056392284629,-0.05419128600760029,2.3491496035615667
-0.08387901129771817,0.05172773696220834,-0.0401329999482853,2.389948079415411
-0.07075967868813854,0.026962582403421136,-0.05985934933632775,2.298992755772985
-0.06247809633010503,0.06041551209145243,-0.10056968347770998,2.596967347726663
-0.09059741890079313,0.06710926387368131,-0.08525460646716415,2.628915391174387
-0.09160842150370757,0.03663753863736313,-0.07192931962674019,2.532048607071485
-0.08090592090276649,0.03445206476857005,-0.08402271962359333,2.497156289905046
-0.0828210322885721,0.05249213664539059,-0.10557331610031885,2.6525452185162472
-0.09566925354251682,0.03866476104333,-0.09694695024993824,2.564712410418078
-0.11439656474964201,0.05728745793797755,-0.0656360857807679,2.5505456692173114
-0.02960457210521313,0.03634782471253941,-0.05898022591973741,2.0681749066126205
-0.042668106689778905,0.041879281744818475,-0.05537197287359149,2.059103244017523
-0.059902889352104444,0.04215768739966256,-0.052842845183495184,2.1853963402307595
-0.078906283311838,0.04522414308605483,-0.033432671711035825,2.266880618703182
-0.048262590989948013,0.08766194832873048,-0.03872876898745217,2.328294408985839
-0.03966492271131398,0.054959233906569795,-0.022873317495767466,2.1376933269496767
-0.08116818594320796,0.024289369822830805,-0.06949155371369022,2.29451080976609
-0.03368873311392674,0.050657691454277856,-0.08747819827569278,2.2107102646833265
-0.04449283525962205,0.053909383828090296,-0.06631167980172493,2.225745445167623
-0.010973275880473107,0.03404524305316887,-0.052489061192540695,2.174138364826309
-0.03337834792612864,0.04235459316259038,-0.05572298658725728,2.204251811780244
-0.04235791964121798,0.06043315162119234,-0.059331310285808785,2.417713388014504
-0.07094755097220003,0.03835261153530318,-0.10467192247745499,2.449501059463607
-0.0882698176286373,0.05087470655235428,-0.10190902463759025,2.4078345633758205
-0.08995394523756345,0.06843576246135002,-0.08865486692980312,2.4449385334309923
-0.07779656411990349,0.07240548253049806,-0.08611897185909363,2.3805012894005944
-0.09971663800220397,0.04070883525738248,-0.12098237105817723,2.567609789095785
-0.0707855564845644,0.046386482180607876,-0.08502490246127022,2.467673911637433
-0.09445206396679166,0.03425176978881707,-0.0928039137653282,2.342781136213364
-0.08288867545829548,0.04019338881536983,-0.11607421728389515,2.4316089184993652
-0.04324789118381522,0.04945549754092982,-0.09072022518302443,2.200347567630336
-0.051973328157596844,0.0477466335049403,-0.08963319624338772,2.225532306583698
-0.01761753680357905,0.0463170635491653,-0.0783633920476925,2.1329418733775167
-0.038642683653518334,0.07189612964930141,-0.057085922469240824,2.2216193934130986
-0.015356824330777142,0.06137032860337304,-0.0736013695188309,2.0733272307528536
-0.028862190769742394,0.03772055991073421,-0.07223945733745692,2.0954486916030164
-0.04869808478001833,-0.001980645551431659,-0.10197881966739866,2.1812959406425305
-0.051366659968412755,0.03056260410712236,-0.1089689448293219,2.24711532961539
-0.02415585540171511,0.02731070016008826,-0.09319112488798877,2.1932588131326396
-0.07953937673356426,0.037238090270544644,-0.09509060729661405,2.386452259277149
-0.06900407755896275,0.043047158194521706,-0.14116242760176903,2.5167258685333507
-0.078044952582587,0.03248976783879344,-0.10669397709687356,2.3845611682603844
-0.09450355659682602,0.021767524279874727,-0.09903499872476992,2.3291263965129194
-0.06435827177200247,0.021205875491373934,-0.09465532840415135,2.2615510897612565
-0.05859345965011686,0.04204228860979182,-0.1105282472732244,2.3493761033536025
-0.03202121296846985,-0.0005772891066094765,-0.09248749909829589,2.122125291509356
-0.04295446013987543,0.014362273331671688,-0.11879219519252611,2.2997805786540533
-0.06762265351191817,0.0266912154652073,-0.09306862511374438,2.4290767790070538
-0.058279836645994704,0.039679649197599476,-0.09328639837811127,2.3019100216989092
-0.08184798541321735,0.07122294396605945,-0.0830519683559594,2.380849803092805
-0.06582989533325846,0.047194108576102387,-0.10591090074066686,2.395930803896117
-0.041829503218678774,0.047883412453010574,-0.11458590422719754,2.3388939309353916
-0.06679837832856778,0.017650964681039914,-0.09790563220574332,2.3253346071512744
-0.06982937728493523,0.021575473704121995,-0.08864419768722294,2.2374951104866736
-0.06220924118098962,0.02759859778203692,-0.08046236279235579,2.2535856721564693
-0.052359517447167096,0.04787517582181725,-0.08268342305986616,2.295033072568044
-0.05232173181838087,0.05310327576028291,-0.08048502256483825,2.263519376111208
-0.04908414613663097,0.06393691436206865,-0.07930891304773996,2.3453890046434926
-0.04787215999863583,0.011693103816324883,-0.10993763441803084,2.48499143299893
-0.07067131585480822,0.03263818768299199,-0.08101897121282106,2.4482320639789568
-0.03237797772991612,0.044283047069251735,-0.09223428494816241,2.496974007221403
-0.05930678277663181,0.02652817126172913,-0.10657662041342322,2.561837498066182
-0.07251940228324563,0.038931431862315305,-0.1205200801734908,2.5635325737503276
-0.049113506993874734,0.05175867865929203,-0.0960120112924295,2.5100977587843327
-0.029114845456244386,0.01762774865419324,-0.11201181031356941,2.3090537025903
-0.05419859439164796,0.032755185237763586,-0.10690650504583728,2.3306671823321228
-0.03332047359073776,0.041673391074524654,-0.10252125728961202,2.31010170598297
-0.059443998015175206,0.04345307847346131,-0.12018346558943296,2.529285503363373
0.0004654186947381024,0.04163684443145566,-0.11197061804409107,2.397207930087015
-0.0315593664832635,0.03730134827156679,-0.11727667644899203,2.4699163987803607
-0.06340213277431035,0.015251473529799095,-0.11490265078019705,2.5137843841185714
-0.06348501393734697,0.013453676051434433,-0.11644888338635147,2.5127888928769377
-0.037483269190252924,0.012957297985261115,-0.088036359355541,2.32487345441172
-0.053347373239724244,0.007733058815601225,-0.11712850926004863,2.3804295737473504
-0.04072442500816318,0.03807814330192612,-0.11925235366067102,2.364243507854891
-0.047335997305016274,0.016007368700055508,-0.07978441348530775,2.3239121551121737
-0.05117501989519072,0.06302398261893556,-0.0840978146828235,2.2351271453866697
-0.06672488460926003,0.0006428043483332589,-0.07094156200204262,2.2191746462463575
-0.05606128190354255,-0.002302682703983566,-0.06791933980084164,2.080533820686438
-0.0501225469180436,0.03122184295218893,-0.07542713925928975,2.0862790827627773
-0.06269549134630628,0.018382134049230087,-0.04670232452023309,2.0231838110965317
-0.040323548940401584,0.02239266647080483,-0.07597658999645472,2.00912629514266
-0.054615780057208164,0.011083816568048103,-0.07972410020139845,2.1431543192059817
-0.059969844954042735,-0.0032068746813199767,-0.1010029221614393,2.210764730315072
-0.07883016358974775,0.003658509039247195,-0.06648317197347174,2.175717087379757
-0.08593690072289863,0.0001394427399621145,-0.09288067064062822,2.3602896942255502
-0.07652646822282144,0.005038781716992899,-0.09169017760754497,2.127519809615616
-0.044027461026660955,0.022305635647251635,-0.09513004316850901,2.058647523815244
-0.07168129126205644,0.010430423400611318,-0.07796921239820179,2.113577916355628
-0.02799561526172199,0.015938063910086463,-0.06721536092689767,2.220393449175928
-0.05083478853406445,0.0007555875016615918,-0.05807549885806787,1.9673172300372828
-0.06646795340076742,-0.004457688666668218,-0.05734323644866727,2.093683402529634
-0.05030016341361617,-0.015946559284409103,-0.06209691920920651,1.9905068169896611
-0.05562965188484946,-0.02547662026776525,-0.0914799649500024,2.1749640780713255
-0.010955763895299548,-0.006655673574741333,-0.05131608055275311,1.8981033556046814
-0.05586206214356604,0.010453023311022939,-0.04576414253945155,2.1226680518002703
-0.03591119586355471,-0.005384084611777216,-0.058181804641383915,2.105439115902336
-0.06484342345576322,0.01473025350044343,-0.033803203410674464,2.0520267863680575
-0.060076042171516304,0.005952768182108655,-0.041545733695906334,2.0214659233362036
-0.03673271699800383,-0.006653873453797668,-0.09637686989693516,2.175652267428685
-0.04836507449565993,-0.00024331159094354363,-0.08629758262493656,2.236353613781458
-0.036001092399267444,0.0016651358366093691,-0.0793165905504169,2.1672283580885905
-0.052449880041621925,0.014630139067308914,-0.08787906944755633,2.2164302658719155
-0.05621233082774945,0.01916482594475897,-0.06657099519199702,2.140677806971102
-0.0274018290387471,-0.010086675798031032,-0.09340741141144843,2.1883456517322117
-0.036432383152154135,0.0015297511232947724,-0.08357441579932447,2.1837060528960603
-0.04029876310089012,0.020552469896388665,-0.08929619378796526,2.220053813350894
-0.05742400716920681,0.03574587725970625,-0.08832923532235243,2.2415029635288892
-0.03722750596713702,0.02389639133787937,-0.10035145638914744,2.3375203534843867
-0.0545183277419016,0.014879178423828113,-0.07707280930597661,2.3012741345092964
-0.05576621393531929,-0.0014412264874506752,-0.08742079880113143,2.4041416988025945
-0.07729014122537299,0.009403090747947467,-0.054116873049381196,2.2378142873409237
-0.0006793324810933127,0.01942926016303039,-0.04093343719099252,2.0708599716553406
-0.07918685048238801,0.013593286038001294,-0.04759149734908295,2.3714015452952197
-0.06236906148978182,0.016360835151487188,-0.054335971913144515,2.2576394205564796
-0.037358853931697765,0.0064819055077497195,-0.05851735023250079,2.2358509266334914
-0.05687460851517125,0.019675181403330712,-0.07645097262563194,2.4238850804248107
-0.033573497047555786,0.014026459263359383,-0.07666697752899593,2.276565326204068
-0.06329578462253369,0.006120125864770333,-0.10509159740149991,2.36931289248022
-0.07840530329848676,0.014596462934695008,-0.11832985654158991,2.4960786798054917
-0.08933259017471121,-0.0010763638029431847,-0.088752945228925,2.4725533859504543
-0.08580166413802369,0.0023689318139867624,-0.12268721435883548,2.51002345205584
-0.07913256799859589,-0.018548570869313566,-0.1020102700313438,2.455196964965452
-0.06946065035373176,-0.004482736563320026,-0.058618516430303046,2.2055635297903318
-0.050921727607776475,0.012323798367758878,-0.06541822025993375,2.1448261616020203
-0.07032380071540342,-0.004346331256673499,-0.0861195962391048,2.3066856724337947
-0.08133617927871598,0.001656220495774283,-0.12478780143190737,2.6120703446670968
-0.07683497386626462,-0.007805985399995509,-0.11246979333813967,2.439043543116864
-0.07424868965967779,-0.0152146416868801,-0.12213568231403368,2.456484943277811
-0.08577491145615705,-0.03730000457895468,-0.11800291410582558,2.466634666170868
-0.06413861523991558,-0.007457860368435567,-0.08098345714878871,2.327120845780379
-0.10883760760519338,0.0020432913900084466,-0.11220981014507658,2.571980301261876
-0.09327959271573756,-0.009787516362197088,-0.11423147430333651,2.4539742417344033
-0.1123578033680867,-0.020395061628819922,-0.11294170487298766,2.5821261213740168
-0.09458900907525515,0.007384164588575759,-0.13858767307737713,2.662637772485966
-0.0670031000143975,0.027808992909571915,-0.09175232120899426,2.3635723447967045
-0.05479987143666432,-0.0019075173032808554,-0.09217133871836555,2.332060975575627
-0.07705268452980313,0.009614062456475342,-0.10332874224361653,2.511785981383832
-0.10132998327664251,0.016103089148832028,-0.10738174443256687,2.539923144889339
-0.07478580677942023,0.021537315324968612,-0.0885978420137491,2.520624792057308
-0.027615347930751644,0.01500250747508905,-0.04116259379317508,2.1588424169242204
-0.032602939391648066,0.02700062978435408,-0.07462295178471826,2.3870868481399765
-0.041353169219574784,-0.006978761714911009,-0.07617731553366962,2.322295552604258
-0.07793666856899721,0.006904817082786902,-0.048121165939257686,2.3303145109639485
-0.06454494224480897,-0.0040416619897332764,-0.07238691566051766,2.321963023807595
-0.03166384884323726,0.003391898914111426,-0.06361599814984834,2.306592134348188
-0.03939702399397986,-0.018474739405223574,-0.08730825555369243,2.4107957166265965
-0.01747342282078174,-0.014255545975060067,-0.07714216949618796,2.3083758836476984
-0.03297991161389029,-0.025190656863336842,-0.07886424964980321,2.3153589839583315
-0.06116634788055827,0.02598862743728452,-0.08142187766174637,2.3830085445567435
-0.08003523484731126,3.502983472401382e-05,-0.10425599376190026,2.530526336837812
-0.06685002055027972,-0.015626857507411093,-0.09969908239296547,2.4202820758099857
-0.052940504396158904,-2.562986323050656e-05,-0.09866208354953791,2.5543297993461485
-0.05556166019028723,0.011748399263794297,-0.050627245940929225,2.3966814515681136
-0.06832999357052445,0.028492019288716936,-0.04076057342674832,2.3215700592483004
-0.07711958341816805,0.022889528914556114,-0.04590092156963683,2.5923459853784308
-0.06936227961496673,0.012137326912774077,-0.05084473253483622,2.5316641812161262
-0.0589101382711514,0.016072042316085902,-0.06136192352457832,2.475283112186193
-0.05235068949928082,0.019721333320885243,-0.0660555211797891,2.356849585383009
-0.06713417384251276,0.004298341428781452,-0.08915408189540304,2.3599619539277943
-0.05711870768433663,0.016642459195062513,-0.07769725025421931,2.2871501260815648
-0.034723645387026554,0.0484294136650524,-0.05083779691640114,2.1948979684396854
-0.030216678891988744,0.033570325716675016,-0.03858763854610068,2.1502069056932123
-0.10733855228270985,0.006486405219475785,-0.10416021962378197,2.441603172686738
-0.08382611670212177,0.007440178253573325,-0.12761907660689575,2.4917860421902063
-0.13575642395268708,0.02050812510508896,-0.1252261072439489,2.7996443898373284
-0.11342161879489092,0.010648185572594454,-0.12073177377192919,2.62855172062773
-0.1159882396636446,0.015726115628463353,-0.09949044091193084,2.569784601896846
-0.1109125147500168,0.01804182820207919,-0.15598696027636905,2.8830389476965155
-0.11529937190296041,0.003754833925788929,-0.11531497612189844,2.8202404485391517
-0.13357069307551028,0.015737078031924954,-0.12474166678365607,2.9577196172234475
-0.09610020231707458,0.028640727359872862,-0.08426619891746503,2.4236030600442557
-0.058023900463114286,0.013642154855636485,-0.0935936816109308,2.290477522701733
-0.07870492117270393,0.011208401361708656,-0.1050816276976897,2.5741684618376213
-0.016501631585207184,0.0011252466364601468,-0.08372346804525425,2.341408139317952
-0.059876305758203976,0.029080720533818414,-0.08861132672064378,2.400745748434801
-0.10016303230239663,0.05656397187475265,-0.09733167079509832,2.675901481656098
-0.08357517309360267,0.03978237146865197,-0.09154044168195503,2.666244915159007
-0.09475053631289139,-0.010353566124130716,-0.11270459100877965,2.7753439170004297
-0.08881341870473877,0.045032798199555815,-0.07461875346604284,2.533451864214465
-0.07306319544067363,0.039610700775795864,-0.03313024345816903,2.643736303350484
-0.0970006875905246,0.008348531964915683,-0.06618072609428993,2.573759371059474
-0.10625246137467598,0.02190914073094306,-0.07821181612399615,2.6078739397217765
-0.1124998964559823,0.024826757159996955,-0.0948903344387699,2.7631716400577377
-0.10865430850371424,0.015626133008200177,-0.08634770002075193,2.816809431587916
-0.12405321674535831,0.0054866730025864745,-0.10939740131312234,2.960838550687256
-0.1274391551881106,-0.00660134933905657,-0.11672942551327588,2.9435333286103327
-0.10397355740091081,0.004810970383596985,-0.09737150278901573,2.8252648392911013
-0.1259502805842727,0.0021466154690274585,-0.11390708671527323,2.946303207563202
-0.0904522886735448,0.03200042073289831,-0.10436436140233221,2.736360076908548
-0.08118921176330006,0.008888036419059712,-0.0999015478140116,2.634248021736563
-0.09362017340590455,0.014687830287381484,-0.11146541329252695,2.749564171623355
-0.09567050977058673,0.03936284907310917,-0.11157208863913994,2.7209449729656128
-0.086448989062676,0.0007998850084785783,-0.12154856224150044,2.804896056782653
-0.0784208443148621,0.011866230491501872,-0.11888554111925055,2.9169636817923323
-0.07428455309036597,0.01711478032856052,-0.1312827606854609,2.938800954185963
-0.10329968107975,0.014298382617015914,-0.11887841134765288,2.994465228622897
-0.08754663701332434,0.016637231364880517,-0.11080281958837683,2.8972745580156016
-0.08644541597130322,-0.005016320044597248,-0.11991463302965756,2.8314517992960706
-0.07743524002824358,-0.015134353505226622,-0.11814180435685105,2.8832795497191572
-0.13811754989735994,-0.0017738996981959219,-0.14903352236034811,3.2311514508093397
-0.08399277850097672,0.016672043290812386,-0.16436215171409663,2.9793022581270208
-0.08827476456230292,0.03199278480133386,-0.13248328024724598,2.9772610957842875
-0.09387490287938374,0.007573168398259794,-0.15041366925599625,3.1136001313158954
-0.07996946300659429,0.007369035355409367,-0.12158482611517465,2.7958097064972396
-0.08578130604553634,-0.01040243866465337,-0.14631995802393802,2.9915074849131424
-0.04898558962740845,0.0096899288160035,-0.14311438126585774,2.8482896382701837
-0.06682107909977425,0.05072232612689568,-0.14054104081300192,2.8644383546385837
-0.07784691882907527,0.023855131801211328,-0.09671620227480757,2.823901873358134
-0.05993040138802536,0.044960566003884,-0.10194238024483805,2.612080878229242
-0.005371227312237116,0.04173212874619631,-0.10624785761892397,2.562334124808235
-0.05535553617365461,0.03383617916317639,-0.1104070727601554,2.638780937455201
-0.02353706120760705,0.024028862931121248,-0.10249353655425394,2.3857994616887224
-0.04128888445505495,-0.010686577325851232,-0.10206242737935455,2.61235526742687
-0.057534151134595694,0.0052898981472628785,-0.15462512748821752,2.868913472940571
-0.025056524186496686,0.021457237878195607,-0.09690366788271476,2.683145803841984
-0.0330831428682781,0.019757029015427613,-0.09510014322649567,2.586387041402135
-0.0303782060427374,-0.006475297881322218,-0.126574960262768,2.644334205447019
-0.00955548155712406,0.0007138612995718893,-0.100574262978653,2.731587539360317
-0.0520816021442616,0.004113632063592064,-0.10836500699618053,2.6714175647296856
-0.11658774425634949,0.030372145104570366,-0.11063101371987691,2.8455385248012273
-0.06288446044936084,0.015488519450749473,-0.12348182174760687,2.5850877237784795
-0.07462083429148313,0.015831931199483874,-0.10885313949309577,2.802622425740738
-0.08069318388701338,0.003233176467133635,-0.09239877992762797,2.8150769717402886
-0.1323972367779051,-0.0017143154717593244,-0.10362524258022109,3.0961506524656754
-0.10291226027654052,0.022098748577571815,-0.09140093356176598,2.880684513415624
-0.05789940620864357,-0.028808732012062892,-0.06237800441207165,2.7095070124570477
-0.05705746133331086,-0.0026267735549067037,-0.12208014924032963,2.8679770164605163
-0.1104086358064314,0.012214698499107526,-0.10790561023575566,2.8207854659857747
-0.06875026905370334,0.03334561283153077,-0.12821100999543225,2.8633271121215884
-0.08504525847840018,0.05180407868342017,-0.09400129039758524,2.9843991876209555
-0.08858263006119958,0.04565178265323348,-0.08695027396801638,2.9551753865578365
-0.05526831866294265,0.015356075616699992,-0.0854096615669387,2.587248791716128
-0.09794162219641561,0.02129678943226206,-0.09683183230672847,2.6014163507250574
-0.05244681617564151,0.008320454325961794,-0.06805919644535215,2.388624275607943
-0.05316256127245377,0.013720595928625456,-0.04483783306255066,2.521710618445802
-0.01661069645667066,0.01816142298315095,-0.048185979733078706,2.5324942789914506
-0.06567305352055605,-0.01154157892496118,-0.06092428927465186,2.5111659256306194
-0.052430986282230835,-0.00327607771797718,-0.0578238153273274,2.498916645598041
-0.07762281008814592,-0.009101395033876193,-0.047482234097095725,2.4268383126427557
-0.07156615224169355,0.012545637015864837,-0.05654275438679303,2.4704237204258064
-0.08344906699156242,0.002833559868136352,-0.07454347348930906,2.502414541046624
-0.0711922184004167,0.02233602056442026,-0.07928136812274592,2.4272046679933617
-0.05540476790752888,0.012726595710816175,-0.05251710738671076,2.286069706802018
-0.0607309100334193,0.008657564518917185,-0.04655790299361587,2.4142414502827267
-0.06229328392834032,0.028464809566684915,-0.058246580823406044,2.5095732321087127
-0.0800418973314296,0.007307136864413754,-0.055579359005703315,2.5475612010864848
-0.05764090082199566,0.02169718678641431,-0.06976573830298277,2.530234458289588
-0.05746423848044467,0.01097673742286002,-0.06278081459388767,2.6578945212398417
-0.03256367671462191,0.013852724264632767,-0.0604584311909688,2.411961462289106
-0.03303295160997542,0.0007195210784149246,-0.0688008171119997,2.5114334836804217
-0.06377197884896599,0.02244321902768931,-0.04837835073537239,2.6562346743323255
-0.041658766090815764,0.013022113007262913,-0.053302456589912214,2.483119146144135
-0.07284290713624507,0.00346460708749312,-0.06351107039987082,2.586348675497498
-0.09111707073489356,0.012494928232670965,-0.0544754776961233,2.724911155242963
-0.11404450600675135,0.02506523447343639,-0.05641716601408279,2.672048876146118
-0.0881780712613377,0.009826221894366473,-0.04669806896453602,2.444531472458194
-0.11643269237468812,-0.031018784981831363,-0.09037023918863792,2.7648157845615144
-0.0787722215904098,0.034044680150114706,-0.06934281900000142,2.6815812472129354
-0.06441811465192102,0.040130111047233026,-0.05377887481152553,2.730099123350915
-0.09585231329808261,0.00839327484332285,-0.07040023012707579,2.7882237713888576
-0.07116106011250599,-0.0023182699058252616,-0.0806926476373301,2.698678054035611
-0.03624631235098469,0.03515671749697462,-0.07397909578308494,2.5629548218057323
-0.0754687613528495,0.01011433202614319,-0.06692012472767367,2.7040598756155845
-0.043904685071188596,-0.0016564975072308203,-0.08751792197022115,2.4833736559610275
-0.01741945495024195,0.0163331674516367,-0.07131566673379947,2.507246668740976
-0.031411130705859346,0.004034233060999632,-0.08861456322864127,2.5557911357079446
-0.04539642292504784,0.05184371333692807,-0.06728797586808047,2.7191853483664636
-0.043945940886734855,0.07303475171150293,-0.01138763943174402,2.5267709596340437
-0.09267428732158174,0.055148298467701654,-0.07000267189066997,2.914715078194014
-0.049125774879789176,0.058523050797372286,-0.0654582987163464,2.7132780281344044
-0.07805735002526085,0.012486154597680352,-0.08973611388176947,2.5353681469709177
-0.055749035998844204,0.023389416658717892,-0.06605817867572966,2.5182261585591577
-0.025444848642681952,0.01470626768198994,-0.0636015341228479,2.45058794875713
-0.04404177639091403,0.004429366482421943,-0.08200284775192435,2.4591875572472626
-0.06545437236773036,0.00039541020143627473,-0.0391255947216234,2.343816843210864
-0.0395633889406848,-0.012157655878774765,-0.07438904361624588,2.37302803537892
-0.06612379549361412,0.0060800643822186305,-0.07173360117709228,2.341401169104432
-0.08936637487776762,0.0069139744325219625,-0.035016624715046275,2.103053225568553
-0.06855347535137753,-0.01298333412819137,-0.06961283274176858,2.320827724088207
-0.07336511612160106,0.01582601414383687,-0.061697988076317364,2.3043208466321494
-0.057957931933242994,0.005694284864354338,-0.048341471140706575,2.241962335644643
-0.07361511227048032,0.025303052617890433,-0.010551604453025526,2.393390949821493
-0.0628761533005471,0.014221832925207742,-0.021887521455784466,2.296033125066672
-0.04901281598253493,-0.0009259335750049284,-0.022635565935523624,2.1063414526913062
-0.021675946856156657,0.010684300226576545,-0.04986701079723243,2.305407470431618
-0.05471174666379594,0.003482119571861567,-0.08397647488516227,2.3409521898939207
-0.03779075787333911,-0.012299056668005952,-0.05193440465823774,2.203938653874159
-0.05746025338988043,0.01895163864796279,-0.02062161997260031,2.2586090312985276
-0.027404375098988656,0.033272024072022365,-0.0026536066718771353,2.0546630082948445
-0.0584861745552941,0.026893517374210023,-0.053776015447365835,2.259817858588107
-0.04243211115214017,0.011136000953117743,-0.053966865091283706,2.3813176876081856
-0.05084564191406764,0.007326948734278566,-0.049626874926312986,2.3812931395481804
-0.04603201356662551,0.036484477484871165,-0.05865201527295005,2.5226694563579017
-0.042241300674517396,0.005611990502360445,-0.015356508474092893,2.2580511210372984
-0.049125728302249205,-0.01091079303242407,-0.05899037474577249,2.4493331542107004
-0.07228814246316795,0.020818025243728895,-0.07472084259275578,2.4384209931163223
-0.059064406561887925,-0.008285878033908633,-0.06231556061681366,2.37930237276428
-0.07802188621234711,0.030497617139011425,-0.013113848179169782,2.3388706746904018
-0.08600208815465964,0.0012703886347033171,-0.03764658761769554,2.3626425749800153
-0.1162246581703484,0.02281900552793582,-0.038064319971834924,2.549567321790887
-0.09243015145936855,0.008629216359963231,-0.0605811615913261,2.4482413174879327
-0.08646983271553532,-0.016252031257821053,-0.03100274069423726,2.375759376661047
-0.09846753834614387,0.024270681358695638,-0.05820664870518801,2.4884595765502056
-0.09225125124304862,0.018801367383378412,-0.09711426621898994,2.6294309907870974
-0.08878706499649515,0.04969180097136635,-0.04430063291935448,2.3599486801079865
-0.08222440908210936,0.031024370458748313,-0.06425185368306796,2.4619845476543225
-0.07604248911841933,0.01480821386236006,-0.052831063584793024,2.3759941266890934
-0.09766591491053817,0.0067062914996754985,-0.040610434177378155,2.374669093834751
-0.07583924886580976,0.02934822077047693,-0.03973790320985207,2.4355300951542755
-0.080644715858014,0.0016188708281649896,-0.04006045734137871,2.4712319736183628
-0.0799233252905399,0.022719029720110098,-0.01977189851721996,2.2528416139680387
-0.09725076569223944,-0.000553671182727058,-0.0336820825843276,2.402008583934411
-0.10818499465542673,-0.0007301170475122772,-0.051891494401063,2.5081103937320997
-0.08972291906221196,0.042770301559885524,-0.04858510624248252,2.314444313139262
-0.09625349388812168,0.030511196371244498,-0.05130341848647261,2.346356989849184
-0.06011854163405708,0.0188971107415096,-0.05381096422859726,2.2132207521516873
-0.026532068701874176,-0.02907444546481897,-0.042252519684685234,2.0710409505165663
-0.05902849348197042,0.007205376745244981,-0.0690779304644808,2.115563154651391
-0.04912317830179686,0.013399128004793677,-0.05329374663208557,2.123177513097267
-0.11577564415481723,0.01679170716561564,-0.07869680204275714,2.4671082358569163
-0.08644721773558621,0.04087424712634688,-0.08703033084673889,2.35040126083032
-0.09727437244280815,0.002820715952537798,-0.06938716491647579,2.3576940057459854
-0.07965663863962608,-0.006161660516278187,-0.08903515770982617,2.260378956855267
-0.08347882325443033,-0.0021805002204093966,-0.07240159668723764,2.3427944201013995
-0.02356380191116052,0.044657507909111216,-0.07727908194747492,2.285864146065293
-0.07027537799544044,0.00699617996095624,-0.06926943885507338,2.312638587268082
-0.10838680585979835,0.021461365082841567,-0.07709170207794712,2.49850266900205
-0.10882054164296705,0.01746151770324592,-0.06817367422647473,2.5401886160614837
-0.10296172302213619,0.02450599473506896,-0.07989794469453396,2.6459668273290746
-0.03992196701762814,0.019065107995814855,-0.07082941384509903,2.234095463993532
-0.11834857180967782,-0.006832468599644196,-0.10185846754523721,2.6654047989904743
-0.09301051213677393,-0.02556344539382275,-0.07723220052071425,2.5115512353723877
-0.06867473706011255,0.024995212295987296,-0.06113462805932868,2.4085973076454423
-0.07298081598850843,-0.0009629521630541028,-0.07230796402321572,2.361202030508049
-0.09076679588949388,0.03351405955824086,-0.051757138501096756,2.2850020854449467
-0.0605498757424312,0.019226404333286026,-0.08084041436577194,2.247074331944976
-0.032136493324992924,-0.0007333694142870503,-0.04271651463670578,2.2094146809127855
-0.08192334702799826,0.00348052442053849,-0.07231782663328978,2.3221175435220256
-0.11997718486860524,-0.00128630991502372,-0.05154219337938618,2.609694624404877
-0.10276924504172236,0.02657863219159531,-0.0789849995694843,2.463655661595659
-0.058016785893310566,0.024431333741069372,-0.06443719350000934,2.235111056741472
-0.05925764102119628,0.021800892153042192,-0.06719816835252622,2.2157898569962104
-0.07370161688916238,0.0073076190395914425,-0.10120920225186655,2.526658075439618
-0.08348201995379392,0.012567467451363456,-0.10359054376406923,2.5106377793687127
-0.09473235577535141,0.005133320973914595,-0.08020076823725608,2.3802236876090244
-0.03468503078209768,0.02165021992071186,-0.0597120272891949,2.191600322773333
-0.06180486561496667,0.016738342214997842,-0.058997858399579495,2.242629454400915
-0.08147555084722892,0.002296185268853282,-0.07609396654218963,2.3024914128597223
-0.07322412050863025,-0.010494199984902173,-0.08357319453117915,2.3310119853898246
-0.07439080700040833,0.012143724138712063,-0.06523562215986964,2.2222218144929955
-0.08543345803032308,0.024655753574346084,-0.06572854237351991,2.309288451192652
-0.07454465369649908,0.06270304212795069,-0.08709820086603431,2.4717283452030694
-0.055500054208334815,0.07976732075683225,-0.08243955751836175,2.3813487858862064
-0.05378643478492896,0.052880314621943716,-0.07834226032360486,2.3381742893800945
-0.0837779379835336,0.01792232187737922,-0.07434251251892396,2.320020357261997
-0.07136962771217896,0.02601607148525716,-0.07183138888394962,2.382200764238649
-0.0876834242592382,0.019133587729453456,-0.06476355792665563,2.395536022096463
-0.08995181242047329,0.030427672335833995,-0.06878702242339775,2.463136587200692
-0.06161033630922386,0.011890663327761673,-0.09345960634332912,2.4050580651590563
-0.05815310490155315,0.03463903505356453,-0.08529740798472404,2.3475087461579967
-0.09681857702180838,0.021788248931758687,-0.09400534441035964,2.4486552824975085
-0.08630333636085977,-0.0076558712638903235,-0.10731665085635987,2.4904542436674135
-0.09749682587740272,-0.0267269499151128,-0.09815309900447126,2.611328275029976
-0.12211387391076023,0.0534396979515224,-0.09320354755304758,2.7124271677772653
-0.08994113602579279,0.04418250094353696,-0.08416934509241729,2.5700957718960473
-0.07075457958517332,0.051710777987225454,-0.07558418986343791,2.425602316090926
-0.05635452345711459,0.004582604330467449,-0.08156211093414605,2.2871122747826513
-0.04949646627723102,-0.022101806602495045,-0.08126223118457401,2.2141539817372617
-0.09880870428980904,0.022782124674128237,-0.08669309937277321,2.5405055557447622
-0.11447319153483104,0.01473177184165893,-0.09527557318508116,2.6659588872113336
-0.08599169301834224,0.016570020566975617,-0.09982127097207595,2.564115896457298
-0.06475819578161252,0.014156500257674764,-0.08070308749533162,2.492839095625883
-0.08501554374073131,-0.00679967086511299,-0.08021390276050994,2.3958294536545846
-0.10665285448831566,0.021554297064936726,-0.08652704826797736,2.6675216792103917
-0.08493716598116216,0.012718404674126807,-0.072864535415648,2.454833696448006
-0.0773086485796313,0.015083468690025968,-0.05343998704887357,2.430746866271894
-0.1114572060061896,0.03908364542718238,-0.0918151448140724,2.6606367835399887
-0.08229786421758285,0.028734141800984502,-0.09820435431128127,2.599738724324827
-0.09134699781024457,0.0246444215202812,-0.080540165192597,2.524825415155544
-0.06961830612214281,0.0140151223470729,-0.10499551938782341,2.5239652601528464
-0.1077182389615148,0.04424267507111454,-0.09052378441192695,2.6522548730455524
-0.0765715528621419,0.00438740751627904,-0.10849682512459555,2.483309745080586
-0.05421677106221898,0.021464232361166184,-0.10139411942009882,2.3891096516768418
-0.043927626761855514,0.015675389933694665,-0.07940982707481617,2.2520936081428
-0.04761038373352146,0.03923248564074083,-0.07695396669719899,2.2930192284669584
-0.0704807264385028,0.011276929080445097,-0.10362919746184704,2.501245831197192
-0.08851926310469388,0.015354450971506473,-0.09193101894464027,2.4424010687368867
-0.12277640093836228,0.015617557870362323,-0.08364466031882795,2.729144226363611
-0.09408995126531779,-0.0035543445199562613,-0.09157214566410143,2.6181351781015083
-0.09293785785418046,0.008945550120281101,-0.11872536249215734,2.7390087238330305
-0.09369986909529376,0.001172295485698605,-0.12039019834719195,2.7037181993705035
-0.08391138064356443,0.007064473704467544,-0.1119879094267721,2.5773428152143443
-0.07725718347690298,0.017738550049852354,-0.09659690861015659,2.4762747788396595
-0.07234509164895954,0.049008625963957296,-0.10917551148175,2.4984365848461807
-0.10357502058865252,0.015228286301680069,-0.0925966680482416,2.52893665857611
-0.06938158887004103,0.013343888451904005,-0.09719744287988243,2.3836749549290093
-0.06685359882902858,0.047317983451332146,-0.08264383997327018,2.56513353658363
-0.06549358967413543,0.012473075934352594,-0.09245491808842568,2.3470684759564264
-0.07434468703861902,0.018690465159540887,-0.13060119753658786,2.5646517522640795
-0.1137457156344241,0.005752275424885658,-0.08753109010764704,2.50692169850089
-0.07088683350912217,0.01296916531627458,-0.06973691501202106,2.3383379350688096
-0.04931107728991416,0.03596614311054889,-0.08191550056011865,2.437905714111552
-0.09715157814563057,0.01307959867635798,-0.09159431836199644,2.618154916988879
-0.10978789515034879,0.008877612761806994,-0.09742988960411504,2.6902052226231716
-0.09873953863603374,0.027318110372446372,-0.11204848553455529,2.7339458077787535
-0.06718458703429613,0.023890346085876348,-0.0623573216305454,2.4256914689420404
-0.09033286168511039,0.03655616289817579,-0.08852643054395136,2.4933827149720815
-0.09594011519467749,0.03225885470029508,-0.06260532190925482,2.511836501466042
-0.11246652768721757,0.02951405588536934,-0.091841848709697,2.681360577379233
-0.10219916657900346,0.01169385089417226,-0.10289654073181978,2.622307611777895
-0.10633374510111415,0.00021495429091476393,-0.08794575914907923,2.519660237872658
-0.08292352030280292,0.002587393523949912,-0.10382875850207869,2.5969354644137916
-0.03704394205738584,0.02717750360806522,-0.14019714539787387,2.6253846880393334
-0.07333179428312235,0.00920541365922133,-0.09410141499472878,2.5838502091586166
-0.02613763584940412,-0.0009519486802107406,-0.08939140066773324,2.3677152816960114
-0.051859562338915303,-0.0005920882200153687,-0.10065464355858382,2.418422464014611
-0.03039149060166202,0.05035581343468546,-0.08490203747892092,2.445665677963921
-0.06484685426345811,0.042588900183775764,-0.09120840596426776,2.3306665592961564
-0.09303047085837703,0.01851346451945764,-0.06544650326998627,2.470305652847525
-0.06733366779977708,0.01978200901396863,-0.10171721600421771,2.3903365421254517
-0.08558425514559428,0.022353223269224544,-0.09200637633484937,2.4393811618274883
-0.06939917892655902,0.03630313325637831,-0.09696851478101406,2.32491169705889
-0.06671486801067075,0.01843560925205675,-0.07318665478618201,2.2159269151674867
-0.06937863370639505,0.031060533180084168,-0.06612399849738608,2.2438156979173596
-0.0599740253096256,0.027872066352466602,-0.0804543158667538,2.3527351056723123
-0.05636842621752282,0.025556289561726904,-0.07287820535286281,2.117878631322505
-0.07410349812867847,0.034291134060790956,-0.08078967148476549,2.1929727504854806
-0.09161977344536529,0.05708603163635387,-0.12269390532389537,2.5053875402042354
-0.10158910913258212,0.06033359006083172,-0.08578143011137193,2.416099913465586
-0.06607553319193393,0.05315047267841289,-0.09603222113140487,2.3546700954782
-0.09101841829790254,0.06128476207284214,-0.08931232928919697,2.4103338161927987
-0.11616161376561744,0.026078103262492772,-0.06080790422212875,2.5083096520152046
-0.11461805175923413,0.05498613543986675,-0.07071665635926473,2.4323285211041616
-0.08452309319529705,0.04316552667485624,-0.05599809402352465,2.5165925420853617
-0.038091076850341285,0.020430415897573998,-0.07478890225064123,2.296267828626222
-0.09197911082495995,0.012067439892018245,-0.07113670664446343,2.4543973891200843
-0.06465928619444333,0.027605149615032524,-0.05151536550819149,2.2905242459966035
-0.10452593869800121,0.03586444303100303,-0.05035305976305535,2.342347329624826
-0.085885726713087,0.039029313892568376,-0.06137414695612075,2.5143208012142573
-0.07973892294252777,0.046172321323712205,-0.06287908189311492,2.4378271736198394
-0.07931455614173796,0.03993438403670353,-0.0663856204737067,2.346967128036404
-0.08971740779777444,0.021770854760466682,-0.0846548675483833,2.3732536760880585
-0.06068413438499985,0.02902526260913225,-0.10520056440781576,2.494023305468742
-0.051296943211499,0.001495203488095367,-0.0832213925440506,2.2198172591720864
-0.07311200941304166,0.02698791146097585,-0.06761649020859913,2.2781977123230974
-0.04357083195047119,0.01585089042565636,-0.0566372687885915,2.1530401208305756
-0.08097619502121693,0.011888829395572452,-0.07910010846400628,2.2734418831782888
-0.03513497341409133,0.04057211474559106,-0.05928901657311307,2.242516374438966
-0.0474768851188031,-0.01176003333867261,-0.03508344883827812,2.192197899635922
-0.0710367085059427,0.017503824759388685,-0.07750784754796755,2.444632334401343
-0.030627729945049312,0.034789461024763685,-0.055575564269110804,2.42567303467241
-0.08596498883454727,0.017998585229578472,-0.06417086639905928,2.4786306253054216
-0.08246580450424632,0.027534373949815626,-0.07012387228006099,2.4918588248289444
-0.09251306511139046,0.010510007373224588,-0.07451918699390397,2.570294729148309
-0.12146589565190934,0.05736244225632447,-0.050899037281700726,2.726095564608698
-0.06611684519663572,0.02477791425335476,-0.05794428157589433,2.274437320827804
-0.10674831702636647,0.05222583771038148,-0.07891205239860102,2.512988352443826
-0.07915439015114406,0.02899253684116182,-0.09458939720375976,2.3948686375466717
-0.05180375919066718,0.030825193334209876,-0.05464500630958699,2.1857987879655516
-0.08306893183345208,0.010505986317073756,-0.0747178213229351,2.295078010709076
-0.0742353154662916,0.04019231466663104,-0.07174042395261149,2.339131983685214
-0.06742898809019898,0.018141112340984363,-0.08584210294842663,2.437531150083231
-0.049141686321990015,0.0246720716036538,-0.08040111374116667,2.2857170686231507
-0.09063599121830848,0.026869405442994765,-0.072773686566673,2.3622385974289632
-0.03702175120620443,0.010244713601323391,-0.04759131719566554,2.0913290971476224
-0.04292544104064076,0.05455848635372424,-0.027201031814579526,2.212881629749475
-0.05731656221233294,0.028744738893579713,-0.07929273543239646,2.169916165392679
-0.08633674271001895,0.017599609397697395,-0.07578646127393437,2.318082197624315
-0.06692983420192988,0.030837553663905216,-0.07579344894612115,2.36460302544064
-0.09531230783563445,0.025174770887484984,-0.11965716658820523,2.5294480813474096
-0.06600665920832428,0.021055099255439073,-0.07523361956473827,2.394923830882015
-0.07430716454611286,0.055985915918892924,-0.07910884679619479,2.4955162591734643
-0.09506994454541202,0.026099142463945738,-0.11926322800803264,2.5954122803551045
-0.07514495093996913,0.03272227595649062,-0.07278775348206225,2.439802040739294
-0.0841410803944635,0.02173873298890307,-0.10653931252919001,2.5624224159621165
-0.0843835545307288,0.017905565531131176,-0.08335182352835512,2.3976158210118665
-0.0694901583125806,0.03754949276230065,-0.07765966889953482,2.399331460936585
-0.04261207900756602,0.033578549686049446,-0.08736723441285231,2.316361188995958
-0.028963269420471716,0.022498478019786876,-0.07977416082393358,2.2486262004343884
-0.020654833510029016,0.041360793574716614,-0.07329858071520229,2.3400280156867206
-0.05726023499342063,0.03154940708246018,-0.047396845389135,2.398493694212438
-0.06823325271873838,0.04477996449143433,-0.08083479408830163,2.3986837572004625
-0.08661025971146172,0.02417584913837344,-0.07830025240763452,2.47099463378444
-0.0572719414815868,0.010614405809910145,-0.08155142454518134,2.4845375466572386
-0.04591947900695861,0.008300727215247893,-0.10624311483420795,2.530063301243661
-0.03446857396981977,0.02060158501545143,-0.10452872795888468,2.378633543462779
-0.008228975346286452,0.01499416827505802,-0.07523440519014482,2.3442304373217557
-0.10149082689660069,0.03522162718794519,-0.10873147961305621,2.6100149812647677
-0.060759127771215136,0.023672910047457318,-0.0714691960306822,2.2803539219559763
-0.0570030342785428,0.02727260771499882,-0.05919821167480864,2.2963744214440793
-0.07441922222465405,0.03194476115884748,-0.0694238031060151,2.3936163031641837
-0.06623084871232855,0.015220804825366722,-0.05832282578667524,2.2940503248315713
-0.05249590049074329,0.047106680044127616,-0.009962133448104628,2.258740310206655
-0.08408853577923886,0.05520690988739391,-0.031768880879365156,2.4503522460753566
-0.05945828756350319,0.021909331150146084,-0.037290125225061796,2.261583176057517
-0.03456824290779444,0.006323474245783776,-0.08156265401531154,2.305366663198829
-0.01489441703535578,0.027261837099826863,-0.08877033495045601,2.552432968344813
-0.06320555934648174,0.01766620397839887,-0.030676113935099638,2.389576698697261
-0.06608405918339177,0.025533996555624962,-0.0294324077187704,2.3115232589538324
-0.08108776145121012,0.05659417887020648,-0.03474969210619013,2.385240530467663
-0.07322054901704954,0.029655731505741793,-0.051317984380374666,2.517348904418393
-0.07445372699195625,0.04212994343903538,-0.06570961475053771,2.4908958942063557
-0.0629473270148189,0.05346172627694636,-0.06060903477226264,2.439621949380349
-0.04677989192226072,0.037446792852368904,-0.05849518515034706,2.468461991049277
-0.06146884855823768,0.04285413944928141,-0.05508192076844481,2.643169430652717
-0.029674475095098952,0.039416346894884206,-0.09191761658896133,2.5318988775662485
-0.002303058357478472,0.06562201769175349,-0.05250301729061254,2.374121590068779
-0.0403743718897524,0.05897095000052915,-0.022617640054024175,2.5798867673875203
-0.04793243698987567,0.040117510506616834,-0.06931612087604325,2.5280645458504605
-0.04126674549135375,0.038606664384083264,-0.08332252883831139,2.5592006836232413
-0.04688642174500401,0.020052929458625794,-0.07336063674575409,2.494539606469198
-0.008238839486214398,0.023878886021925658,-0.05640745650262723,2.4345690697664355
-0.024034900973049188,0.03919045785360687,-0.0414636105199902,2.354079579638394
0.005112407346336087,0.021354709823779065,-0.06076926480275535,2.3411587346702882
0.006414190105476207,0.025170551212172754,-0.057116235978876245,2.198100310956946
0.003365044256512632,0.02387992999248443,-0.08954215261010219,2.528123725236576
-0.014203504612086056,0.005356587110047495,-0.08303388470711362,2.360912022869245
-0.011618974781728476,0.0026634191973307544,-0.10308557092379987,2.61866014145083
-0.018819683506615385,0.008493098920991315,-0.09648029808441573,2.5129879760362606
-0.022239496772356062,0.0206031519690415,-0.11114829318840026,2.5336582385027206
-0.050185928897874314,0.02307978779210193,-0.06937856652419229,2.479486761016071
-0.04002356829165625,0.03227336723684739,-0.08260223122384718,2.4506249015111097
-0.048502581888598906,0.018526384669412914,-0.12234028589733238,2.5578922285879995
-0.06018054054300058,0.030773930201822283,-0.1228534786924312,2.5423455961978507
-0.05501060281071898,-0.021428285496293713,-0.08865875694869169,2.4131134267556447
-0.09087193308005018,0.02711535676242413,-0.079414704945441,2.350813914308469
-0.03999753228094321,0.02898752771849133,-0.07979965308789043,2.3165523504148258
-0.06673975799564073,0.05721448264136068,-0.06734561809528018,2.254132300692236
-0.07537618634924341,0.013317943555408805,-0.11067097381300996,2.5125138776280265
-0.06360793381816639,0.016907513154145844,-0.1131552115809046,2.4062566650863815
-0.0752411224558636,0.0030699856940775544,-0.09935587694679003,2.277350451825313
-0.07804671368988568,0.008122573574761486,-0.09435193607037988,2.3629319834370945
-0.09846503775476653,0.004026970792013142,-0.11575414425465404,2.5089056465243127
-0.08227817882365014,0.00010762226065885125,-0.12215631612694325,2.5282358700134555
-0.07426225524784574,0.022625570129953802,-0.09203776682219361,2.41213563360615
-0.0723964494376002,0.027010814182659305,-0.07820574830369954,2.291722851319507
-0.05567512235345254,0.011643958252818217,-0.09654984436655291,2.298944097512497
-0.04463162909500487,0.015050907091535864,-0.08294281011273834,2.3249228754057243
-0.03947097924254167,0.036928340923974026,-0.10570905077492634,2.300637545310604
-0.052071750453899376,-0.0004468804824870273,-0.09796302596718548,2.264474829172834
-0.015717444405034968,0.025975703001232975,-0.09837364909597233,2.2029307461540273
-0.040502611666860026,0.018717065240912597,-0.08311896489727567,2.1352406545094613
-0.041649648808248146,0.012024551273363769,-0.08223472671669611,2.237310208424622
-0.02854454426272478,0.01768865817976301,-0.08672059070640518,2.347500776995226
-0.047900974585268624,0.039064257747923964,-0.1032684703970147,2.3711264139945096
-0.0419745067024807,0.002671001612573458,-0.08178849743858847,2.0808095165077196
-0.04348123303771516,0.01890834649224486,-0.0860809749225343,2.328087090518708
-0.048777412342354345,0.010932821333109684,-0.07207160783213949,2.293498969725355
-0.058841621796697864,0.010528117904483821,-0.07186945471649023,2.2741743296947057
0.01023890167862452,0.014118415415953248,-0.05746227570180426,2.2439991015008
-0.018662558606366498,0.01905918428212201,-0.07117122031043328,2.3129905284988657
0.000633026758598138,0.022350191858654955,-0.05587965082671071,2.337104180956205
0.01516761142324467,0.01743723969033729,-0.05341721243950135,2.275536084824897
-0.024663106245084998,0.04688570658143549,-0.048146378290867424,2.303445427734543
0.0166892211414106,0.029656257755270417,-0.07007593364168134,2.3023598189751886
-0.038058226020035786,0.029596486059585255,-0.060187771346415384,2.376991306594629
-0.010664234946186155,0.009533521164541302,-0.061402073507492924,2.2575775544896195
-0.04842444330468214,0.046857956575648584,-0.04969750219434461,2.335486144425956
-0.05682300090252833,-0.00877934277799354,-0.08928179996731989,2.363283024258933
-0.009192304142076696,-0.004282544309822422,-0.09489000233095647,2.3442628273274493
-0.02342977122933065,-0.00533376747592035,-0.0916860224007973,2.2406809259399703
-0.0013225401228244868,-0.015535541721201519,-0.06640085978474614,2.0879066866373406
0.04344662500800562,-0.010911521963734969,-0.03407054653049393,2.3051386919885317
0.02047498809458044,0.012021789878189118,-0.05441031409447922,2.1695717374518804
0.014668985362619177,-0.02219163704682848,-0.06490129550397869,2.2723775721803436
-0.009405652856488148,0.007789331475684565,-0.03770672668156927,2.1498408210015225
0.013754859686681447,0.011285926192062628,-0.02868297978999957,2.076704231145191
-0.02278286925530017,0.0031515071729888576,-0.040220293168401394,2.084387720863703
-0.025946318638707527,0.007810031134393784,-0.055138618327344915,2.1218462270011713
-0.02082234598390056,0.017663470235620427,-0.053670110472733186,2.0958545596760905
-0.021247179876262276,0.008915181895432278,-0.08880667775832549,2.260247630843859
-0.025521734982758774,0.019641042345748465,-0.07476828613546731,2.1730885030213143
-0.03309966240635354,0.044409812235456786,-0.04022112438413699,2.066588984509764
-0.005677465585289412,-0.0002763607961701598,-0.06538189510975312,2.120778303772174
-0.015753899984342262,0.02257281281431423,-0.056881697760320045,2.0248827765548643
-0.0615521218204768,0.0003837007556281118,-0.05818800875119238,2.1851284196220826
-0.09269071506482704,0.02060680111043061,-0.04797012328616994,2.293082190590701
-0.025029369350131465,-0.0009050443291224756,-0.07346400306525018,2.041562070900545
-0.01712538257354344,0.007366125609656821,-0.09024230344799593,2.260174461100033
-0.041808265588335135,0.020639625626098945,-0.044490341353686874,2.0306253263037606
-0.03567634291137506,0.02473518854739556,-0.04855636204137811,2.0156725992560043
-0.014769449897945477,-0.007254981550885267,-0.07049613306124923,2.1818078723234136
0.008095229973144267,0.012999731277493964,-0.03787172204881239,2.0322415182263707
-0.027682318917487823,0.02838487781248689,-0.08385740033189631,2.157329584298385
-0.04892526245290535,0.020834390310903603,-0.07675837248065831,2.245067404125081
-0.024738566220848263,0.018440938378431325,-0.08355478477874752,2.164704013909651
-0.005487351925627176,-0.004253852732554031,-0.07344373630262037,2.2059162266501624
-0.015096527972615705,0.03838888482829369,-0.07991028164645593,2.2252390036185923
0.011752076396639796,0.027540858688257192,-0.05613457255093896,2.1066835626529117
-0.011480564095710813,0.025085310315824696,-0.05156322473448691,2.24584360237578
-0.01060586062839946,0.02340987252379357,-0.043337232621015354,2.1392983218494415
-0.009285174402205259,0.022846488442958425,-0.05218288390517438,2.1966931359963553
0.002723852726910398,0.00489195024234815,-0.05083634246583595,2.059426964712691
-0.005696969846315683,0.005282761533226572,-0.06219508518427178,2.170717342021712
-0.003652852688369522,0.016182608121511347,-0.051535498852173775,2.192901609540621
-0.031471130895328596,-0.000775349055119272,-0.05069265083457864,2.343073839372764
-0.039122613141809835,-0.018945064064925767,-0.09256746754914444,2.3392972914223766
-0.04478687417130919,0.018422048399380032,-0.07064953075249968,2.2989656179196123
-0.039830063185322534,0.01474099163252959,-0.09136950682932367,2.305971292912708
-0.05045443274907932,0.03807836391687863,-0.10601784087842077,2.3607452144852954
-0.032019922623717126,0.03949037899979915,-0.07871350697573638,2.2772313630681786
0.001206651589521964,0.049407251906264646,-0.06708864301387449,2.1921762957706963
-0.07154014053480433,0.032190246624539544,-0.07713654113442792,2.3103975842213096
-0.07893250883674531,0.05004362686518788,-0.10592910221534367,2.563060873588822
-0.024641114617129294,0.005339085566323478,-0.08242519628286846,2.1607403508059226
-0.03441536472587025,0.018723721839280873,-0.08233858943624263,2.2895706161271865
-0.004139675188256103,0.016103682234983336,-0.09483281324863899,2.416402287897861
-0.03158469929826115,0.013227226789364279,-0.08685586351664316,2.2403117786843665
-0.025611128228261813,0.009109889349665173,-0.08910072853552939,2.4140195303202594
-0.012169673514586211,0.02134938332016549,-0.06227132280108328,2.33070930692408
0.01562471457477502,-0.006801575601909541,-0.0628273214847988,2.3016237889065554
-0.015574812144532905,0.015034303344108655,-0.06522295833044957,2.26495859102287
-0.0406470378968036,0.03490020160286005,-0.09133411805880366,2.3801752245507486
-0.03883579643106649,0.015855706884846565,-0.06793142965766405,2.3629058382656303
-0.0710552510999959,0.00747077098328434,-0.11946666109240275,2.6483498063388335
-0.08471862982838893,0.011023094694012626,-0.09327647457952976,2.5764939924791137
-0.09297844944029386,0.04040891515273946,-0.09471891290059796,2.6265812338507324
-0.05429983056047141,0.018210523484603593,-0.07968280059158689,2.2453221428441648
-0.013702740934300935,0.0019989054630804486,-0.09965163179860816,2.3754860909378754
-0.04836859172965712,0.01372245539587368,-0.08905614075967459,2.3601649108132774
-0.05193814531863418,0.012633176498510543,-0.05932121889110787,2.1315702828989025
-0.015487357298080963,0.005606239344031702,-0.08096412957277262,2.15105658314056
-0.041460985079666425,0.023431680430225827,-0.062332289604436285,2.1740375840901978
-0.017249511614317908,0.002738818807278494,-0.08584557273637665,2.207554636760454
-0.05833536303041118,0.02261282717820755,-0.06564209481343883,2.3158761515910595
-0.006623078869746415,0.014083776459270982,-0.09667384393933533,2.3345638216717033
-0.05266155156978191,0.011290805125518322,-0.07253800858240587,2.348255910781613
-0.03325864286655035,0.030908182736115078,-0.07637332375399848,2.243371838302264
-0.026872506502409958,0.01291609698997074,-0.08281374799172772,2.2721870628580274
-0.06351863251556063,0.009549092305029176,-0.09936906875357394,2.418203303297704
-0.03655804995687235,0.03532837205140109,-0.07438078815329817,2.1973666014408195
-0.03314499939837257,0.0106657251719946,-0.06825057224359692,2.065906859538008
0.006019094088804779,0.0031877652590180574,-0.07106482995934722,2.221576236431606
-0.05159714492306475,-0.0028933089774777856,-0.06934309990503078,2.304462513553978
-0.03354666455090938,0.013865263793555146,-0.08358377133034907,2.240606718311379
-0.0582130624982213,0.013713055939253652,-0.0892146770676024,2.362469098832326
-0.10094530586505691,0.006019727816566672,-0.05141986608022785,2.4343872255387393
-0.0640303047039156,-0.002697924833174375,-0.048965296566357196,2.1967663243619886
-0.05725443148190931,0.013434636438285684,-0.06447657308899579,2.293197205100261
-0.033229829577478366,0.02835165209799178,-0.06495964236196515,2.239906265143269
-0.06571468765364277,0.019934156719192096,-0.11930427751012444,2.5641027947174955
-0.046066816923387835,0.037815944889006324,-0.06130099290542091,2.3215100379787788
-0.05908971335062725,0.02132122956751273,-0.06079280757973245,2.15108980554341
-0.06530642355682849,0.02491467401668706,-0.07663707905480995,2.2076272112090938
-0.06228041231649443,0.004906675391341325,-0.06973797613523249,2.1488336848536225
-0.04118594557000853,0.01434021611533716,-0.08682195125743346,2.223974113200672
-0.05122819908686761,0.022520127536463087,-0.09643554980340868,2.282644453201131
-0.055683979171442306,0.024408720943009846,-0.05988366969959154,2.10056883381855
-0.07994787065563187,0.021518645625369186,-0.0546192469931165,2.2858022602836736
-0.08582077755267752,0.0023308942634796023,-0.0775639877960052,2.341784984991183
-0.07826149654826887,0.0007473451500452421,-0.07672620019265564,2.26571044526568
-0.05641523940329283,-0.025514575677356183,-0.06635406544052042,2.458897781259932
-0.04522452526911745,-0.003029132780216334,-0.08279214797101642,2.416397440732397
-0.08806266444940768,0.014584435774257293,-0.12407107053080074,2.7659245046198113
-0.07602652255853533,0.019083236695454062,-0.09658179419680359,2.461272733673289
-0.03422187845556882,0.0036735699073522617,-0.06470794733887542,2.2524997142774517
-0.06024508025278427,-0.0015265321251186352,-0.07399446557394453,2.2857124286708355
-0.043058531727130415,0.0008403486614043202,-0.07940278920411004,2.1808574742475098
-0.061901484045526256,0.02443393733734459,-0.10068127013348288,2.4722323203663703
-0.046260326690995786,0.012573600377402834,-0.09643428264261636,2.3338618696362747
-0.07018016713237694,0.023675444821175895,-0.07966494708709476,2.243090978762706
-0.06490196786595838,0.014131098319044815,-0.07137932858292197,2.315996779292148
-0.028060633597125954,-0.0028706075511464083,-0.09453066278248061,2.2443865234109603
-0.04209896259934078,0.02905736872768226,-0.0601285373697577,2.127479092184105
-0.05969381087398105,-0.004078000317449939,-0.07785605189885984,2.1879623776446286
-0.032220821153639806,-0.009482948370442197,-0.09344056791088635,2.129338804047486
-0.07284037638438282,0.002406164123285315,-0.07075650451390739,2.3599594106688673
-0.05799156759716178,-0.013781945832630227,-0.08902032433633783,2.22277687361663
-0.07450415201803214,0.0054339870973401545,-0.12452438251047207,2.4734238772458226
-0.07271666563023024,-0.00011742914405106749,-0.10423389816376138,2.43625429127211
-0.11581413804829907,0.025400863442347474,-0.11224363266262652,2.559144103696439
-0.13284599684745982,-0.010800167752979777,-0.11915798556055208,2.7616645136152878
-0.1309373063944708,0.027065996131206842,-0.122265563104254,2.752710621577334
-0.1116020353924731,-0.024211477541537414,-0.09010037711659015,2.5709477918050463
-0.08860885654732611,0.01546816336850814,-0.07596778505569497,2.4235380115964005
-0.07731108075266453,-0.0013755031928233419,-0.07400287877146684,2.4770611058178367
-0.020852660705063048,0.014442290711007628,-0.08760474263599864,2.334788716878706
-0.06028293860919478,0.02637948804687716,-0.07348727079925219,2.299981458323883
-0.06755526019926895,0.02810674695917274,-0.07261716060583345,2.400793086678937
-0.06028501681423087,0.040043707426843114,-0.062058537220599556,2.4354102623181473
-0.05506584725218806,0.04822507638155466,-0.06125554718344525,2.5397110009613537
-0.06467777577324121,0.038799195178408186,-0.04606564767476237,2.4355321833580628
-0.11246230640422265,0.04503097724088265,-0.07035689178339516,2.6183748744108732
-0.0962576931272228,0.05977875213189593,-0.04551692672047249,2.470512460562966
-0.06292934274428309,0.046692397552543737,-0.051043868879533966,2.5012150280188346
-0.029775343579348655,0.023173796940595185,-0.013155846861068961,2.2176127584435874
-0.04506458359196938,0.0217455352755496,-0.07667342134764234,2.4556876623227213
-0.06246463560072335,0.003959854335724813,-0.09497523414121992,2.5339080530669342
-0.007823072398339665,0.04483434017708483,-0.0668934525379062,2.399918861478982
-0.02727930486975266,0.0037047065736283452,-0.09740771291583072,2.3986272193105
-0.03897945222399422,-0.004716387103871802,-0.09366550009627807,2.4362843790533293
-0.07156569486268696,0.0004854654966129735,-0.11214971666152364,2.6123154126757746
-0.06155864587439963,-0.000558495918104616,-0.10944222877272614,2.5378554889935727
-0.08158599091694788,0.01604984167351439,-0.08567791013819583,2.4050034245259204
-0.055636549801329385,0.0038744062038192253,-0.10118874044098886,2.4032284152440897
-0.03707128098452359,0.013228648442371111,-0.11000065399138029,2.346402085900467
-0.07162055851381291,-0.013689035583456782,-0.13111368675113305,2.5568246905935434
-0.09328976346934559,-0.025295267753916897,-0.0963075789500515,2.4987310351942993
-0.07415453488144814,0.0021939769650599545,-0.11078769613801273,2.4237441085522704
-0.08539189718462058,-0.0249365222757273,-0.05967380351549478,2.312654109654364
-0.0647076813063231,-0.015131548792108146,-0.09609428302154945,2.316802646433831
-0.07018303648903275,-0.012182594704322756,-0.09249385263942121,2.428087026592838
-0.1054500573926399,-0.01659422075848397,-0.10888194331109145,2.533395956897666
-0.06312435122202582,-0.0072063642639862745,-0.08363565404757742,2.309058609370096
-0.032947567283867184,-0.004427607863353397,-0.06807792915547031,2.2048452522822766
-0.04620870068276922,0.020712626942076925,-0.09074926015504561,2.2558950116273673
-0.03339207394169209,0.016009173122860366,-0.09531388982376453,2.2445830855524616
-0.02298927866393286,0.012381719579983321,-0.08176863049002368,2.2964663617408205
-0.030363993202127286,-0.004705946442364161,-0.10421333952350448,2.2572962994693953
-0.06747394144402685,-0.001553685521955731,-0.09987198900105512,2.3183723239550638
-0.06397591182482296,0.0121068471682828,-0.11402848902142693,2.4272834041820057
-0.05959757790983743,-0.003306228668552609,-0.107815900857671,2.256427920283059
-0.07756061762375041,0.029009941814823515,-0.08721265014260468,2.34637084240199
-0.06863474730242405,0.028072647554873414,-0.0947810309863159,2.3438904926655715
-0.031196965882552836,0.002228808452725463,-0.09223635061373073,2.3432970622102594
-0.031024813112522597,0.019236102008506926,-0.0739244305888631,2.243697558190629
-0.057109177985368256,-0.0027830348271912463,-0.09635809815135835,2.2372876818751513
-0.06281231718315125,0.021394245516312017,-0.11782069065623385,2.4693119812101156
-0.022742247413482814,-0.004580256031479034,-0.10686648677046907,2.296232745820403
-0.03377758023178973,-0.0053184229059342805,-0.08377116277439817,2.171842316253409
-0.04459671593195541,-0.0027263651297628417,-0.09955382936955706,2.311974698534979
-0.04274938877441077,0.008396730739893192,-0.08693679977817893,2.059441239258235
-0.0557871412887282,0.02711263245229627,-0.10463346000201547,2.326985034033957
-0.09919133399015885,0.01826589852222148,-0.11954850668620813,2.5599405912093425
-0.09309721910136853,0.016512622225607503,-0.10841915187311126,2.5608996972823252
-0.09048982992832147,0.002428014518475493,-0.08201665009727738,2.5223345088609586
-0.09511330086213081,0.014713629809738142,-0.10773012429310053,2.4765448291727483
-0.07235532438447609,0.029057203451956184,-0.10667496486224654,2.3845280244109985
-0.10337877621513984,0.02670353415851414,-0.09804672620459728,2.568135391440985
-0.07223914130859688,0.004681633928218826,-0.09670121804108077,2.399661488103252
-0.06917248558339667,0.03213101015907074,-0.09620021631007723,2.3302690290412316
-0.10194764450824666,0.02729426131709149,-0.08558410863186956,2.4370692894048247
-0.08535551832245415,0.014045963643315972,-0.06335308169120824,2.3305972579091296
-0.08170634908567347,0.007117496618856587,-0.10128419833330417,2.536623498353298
-0.07600442985956386,-0.008462551963283453,-0.11010409028899378,2.5928268208659153
-0.07121532094123974,0.029573537601042636,-0.08141976961376969,2.3040055487246103
-0.05058838487121228,0.0026568196182300448,-0.07918890691620564,2.17099378851911
-0.06990767207125446,0.02927164372169802,-0.08341054157320278,2.322089818761019
-0.08234747504139624,0.0062804660344389866,-0.1099629885870584,2.556323724269035
-0.05935072329226121,-0.00908313808347877,-0.08838855871864304,2.2824937866165413
-0.046158241626962054,0.03242037492560909,-0.09473326803603241,2.429638102329061
-0.08094343466784715,0.01180631031814323,-0.06415835865272522,2.4477927326696634
-0.07578364745727319,0.006185377869450138,-0.10924025569358412,2.5907416864598662
-0.07461555218951837,0.005312724765522947,-0.11589984127557516,2.6468695033751115
-0.06043593878874613,0.005378725275937687,-0.0998882455228711,2.4582283976004087
-0.08670834568786988,-0.001163554763798639,-0.1332409922139485,2.662102906736186
-0.10089775368493775,-0.01876790103504293,-0.11868780331507246,2.7038566563405984
-0.059290645358587225,-0.006139977809630705,-0.13076454082126737,2.5764055373550776
-0.05963886122646828,-0.01721392162959995,-0.11114987945207842,2.4997384596361627
-0.06049808874033673,-0.009242131898738718,-0.08796542359684782,2.344138371867284
-0.0814496453025007,-0.006676019836833505,-0.09369201567300081,2.5658756091070534
-0.08247795088375097,-0.012352947461684326,-0.10983382176574973,2.492194893559482
-0.11343608533445411,0.0004427963174744232,-0.12175068701393965,2.5976479885966346
-0.09178939323048761,0.012236973132011365,-0.12197863514344438,2.565892894301994
-0.06634226799466428,-0.004983313788822499,-0.08274259457081591,2.216620041899774
-0.08265011922551234,0.029390396007228013,-0.08672358716033168,2.3590093326697703
-0.08440557058506842,-0.005617392406858747,-0.10169356989972163,2.5386998951851094
-0.08947708566962874,0.011438554953215302,-0.10629001410126035,2.488820546654282
-0.08998529799854382,0.002601203703037218,-0.09556152564992192,2.3557912785101696
-0.06585217311850865,0.007674726239577271,-0.07677045805296719,2.224095919117834
-0.03463951599877747,-0.018267895926927253,-0.08972490902396787,2.2843490531339783
-0.03936741805677246,-0.004087129003442886,-0.12030144833185089,2.553225428503543
-0.08408952500889587,0.008929894618771944,-0.12514724151433063,2.7349397436358993
-0.06288775134635734,0.015119421346223847,-0.09887053234248423,2.514017958250958
-0.07803015626201441,0.01380782116971499,-0.1184033970187451,2.70006261570347
-0.08952322668085479,0.032155161586164986,-0.1274995774380884,2.815085920300609
-0.06339258084714638,-0.007266719032297097,-0.14697185688807504,2.7660785735731723
-0.07163587190133282,-0.014912481633090826,-0.11206622656879646,2.622960844151031
-0.07435593368908563,-0.010402929185661224,-0.11681633247680233,2.6906614773096376
-0.045225511216772166,-0.01988476734792968,-0.13141309785141617,2.717251841826204
-0.048670814446228096,0.021552883046975047,-0.12288542844415912,2.57603305929064
-0.04943813290027796,0.015953010617270023,-0.13617483595686825,2.5887242715123273
-0.07385116214641961,-0.0019270755722414217,-0.14708518496631318,2.773431013071562
-0.06175656449813805,-0.0020696088737181925,-0.14051774938879652,2.782777954549801
-0.06232384702886245,-0.00785117618496232,-0.12634281599459993,2.674001638395001
-0.06761486660807729,-0.030673577604118502,-0.13986237179744013,2.6590225173213287
-0.07449340176007188,-0.009137926454984001,-0.12400479686657292,2.6339295876993747
-0.07013834057256038,-0.009625272637328106,-0.11018348213121354,2.6216845419165153
-0.07719194966757621,-0.019841477817551394,-0.11669716735739186,2.615179900532028
-0.089681202116927,0.011214160534755446,-0.10150473209899377,2.5969037598106617
-0.07983769096152217,-0.0020679749191857264,-0.12356784940699976,2.737998854267048
-0.11892340441997867,-0.010933335355962812,-0.09932426001023556,2.641565806362809
-0.0911974447435322,0.0008254261239945339,-0.10363652154109945,2.489478467361007
-0.10300951347050878,-0.004729725893159298,-0.1321154244107601,2.789256800375873
-0.05701266429419364,-0.0037048577697721104,-0.08808444038249244,2.511389151432813
-0.06600646165999642,0.0003192789930700011,-0.11512947041606596,2.687060395393153
-0.09807158441440487,0.00018558599708683993,-0.11329157332851453,2.6766439343156514
-0.09971126141637479,0.001715646237612032,-0.11266494159709232,2.6113171997664986
-0.10778370184746204,-0.009066859856827713,-0.1111243670897212,2.7863069314671485
-0.07358650166535399,0.008434130823969717,-0.08875176199048744,2.4255594475617213
-0.10324937262092253,-0.0008019261578288617,-0.12843094935595173,2.657542145036398
-0.06472349854795521,-0.009868326516168618,-0.12924835296817494,2.534244092492708
-0.06896821621287796,0.02994865722404856,-0.09873990128730424,2.393828126468405
-0.10926013678609513,0.005807135303077749,-0.12282626554239603,2.6420906268043347
-0.10012648655602462,0.015620973013669643,-0.12035899378469506,2.741851861039013
-0.0904467762558693,0.011166618726657081,-0.13478638695329745,2.7797758740047502
-0.10006855583966644,0.02410136827219188,-0.11775287708855338,2.8304598679218658
-0.02976124400767633,0.0506585815206757,-0.14057344074447814,2.757789019154445
-0.0716202348199677,0.032986830368115484,-0.1596643238267867,2.835439270298407
-0.08392623673313583,-0.00903911774868155,-0.0981141616523028,2.5885999319711206
-0.07622561762422361,-0.00677605586614134,-0.11086783140285153,2.6064633406110316
-0.0836518549026503,0.0053864438192717376,-0.11680894534425648,2.727393722797916
-0.10847865370651619,0.016179052759164175,-0.13478055909028386,2.888188858967939
-0.0764673097042341,0.0077842577516300734,-0.1356002752507474,2.8007100731037853
-0.06885615604069481,0.021883602611679896,-0.13747866373688367,2.793184914702279
-0.12797004488658353,0.025623106029317184,-0.13529097236374354,3.088880610869625
-0.08816400307589545,0.06945596148525131,-0.160805669249435,3.024733245931552
-0.04808369558092208,0.020003249969282953,-0.11533661531636255,2.4601320487484672
-0.09070040598516543,0.03345010539932585,-0.11957786411424597,2.7559801532254706
-0.05165175970900649,0.020286880708480438,-0.15319635052045213,2.774926875966257
-0.027388058791835312,0.03062109369134081,-0.16280352429372166,2.880147042988125
-0.043229187829495634,-0.006968200126077157,-0.16156820584506162,2.8218877824385404
-0.07552792118158053,0.01950831487953698,-0.13169638283499546,2.686009849870582
-0.07660489047037332,0.05707126780814351,-0.12291134087915757,2.5742564623374333
-0.06229025016420172,0.011787703338012694,-0.14545356380511512,2.7647471403573016
-0.05504469150006769,0.022875426048833095,-0.13514995721412093,2.696830742483553
-0.058396073042760004,0.016326510780017806,-0.13645974153692136,2.831669521902848
-0.07201683034781799,-0.002061746690630208,-0.13555193972017407,2.9406192379218727
-0.05417395459695608,0.0029477844266458946,-0.12735258200833185,2.7984362626310038
-0.017303385652409065,0.01925271977997117,-0.09038903130818346,2.4227037315414264
-0.0650663280285432,0.01740774489697327,-0.13620145737387745,2.621752112556184
-0.0344662307776654,-0.010454966716354324,-0.14779735097112406,2.7024738705556013
-0.031384846151503734,-0.010565338456150592,-0.16804855729684615,2.883885421228332
0.003317595428792513,0.0006229157468331212,-0.15414557123862838,2.7415041215638762
-0.03830839533732516,-0.0016050458593669505,-0.16003637655791073,2.666579651969727
-0.035581957472526474,0.0054571211385697075,-0.1467331736994915,2.553731619167901
-0.021711188452473894,0.0026057327447104686,-0.1556238026662605,2.6974904961137685
-0.09131757213925061,-0.024142444547872042,-0.17230335243541423,2.98795110339725
-0.02435843432225855,0.016045451386612244,-0.10210214149058024,2.4509973943126404
-0.05371194268941608,0.02151287011200264,-0.14144491353648628,2.857233333119955
-0.0793463578443075,0.0011968344603769075,-0.13571160757492187,2.7711818971765636
-0.0805747212405104,0.0033293180573904686,-0.14873666920291068,2.911450279856003
-0.06453499002064489,-0.0041563892017371425,-0.1504783630765934,2.750443810101487
-0.04041998057586158,-0.011197956093908267,-0.13987223896979917,2.5823148497308663
-0.05423981280907132,0.012017061309593378,-0.14432234396553886,2.7693198270683195
-0.0801776739244657,-0.0009601799321364542,-0.10707265474337034,2.4689597820800935
-0.06678515129390068,-0.02655787313937223,-0.12472939998198104,2.5659095254410897
-0.07077786742206638,0.019747567677108946,-0.10816250128588645,2.5383525615846763
-0.03306475393741754,0.018093528545932245,-0.11520830794284732,2.502773615507231
-0.04842476030644168,0.03151035882985682,-0.11138532692743604,2.570163458219201
-0.05261018058817834,0.02589610426511667,-0.12384005911159186,2.6072888044043783
-0.08261811750469196,0.011297708973961505,-0.1470222636000118,2.6782553876907462
-0.01914837717867728,0.016753146222155083,-0.0872399161271683,2.2835517489292934
-0.08536488811292894,0.00044806097550019767,-0.12203507729580469,2.5579217987954896
-0.06886600510505801,-0.0027667060799184753,-0.12085001314335549,2.5434456963330097
-0.051317080682046386,-1.715380151368254e-05,-0.08945244153329712,2.273481783478786
-0.07137363369377574,0.030623520060118484,-0.06610116422550051,2.3211630018753224
-0.034863606101149795,0.01575932065002852,-0.0765291957763358,2.294360565419802
-0.012435365611204334,-0.005793994186546127,-0.04323842455954866,2.251913611178237
-0.024731503951591446,0.00891592939296189,-0.0936502636008678,2.191561104448917
-0.028612246366251086,0.017270788949921765,-0.06984188458873028,2.186788365440741
-0.05739709902232925,0.011314444405205553,-0.09928404399878304,2.5057174031823415
-0.07229865509442086,-0.0006599277652960987,-0.09137547497091393,2.3818985372169754
-0.04680938806573945,0.030779441281281444,-0.0826482660394166,2.355067946355355
-0.043400813250515285,0.01269727370540789,-0.07048721015667597,2.2649046267240767
-0.06829765786156136,0.017978826705575258,-0.09665796541103722,2.2870804317512494
-0.050542479644653214,0.016317819215682552,-0.08433874426597236,2.2617532308034587
-0.029889265798169435,-0.006993009656934347,-0.048866455022977304,2.029457924720609
-0.05260822764653572,-0.00325158262583072,-0.06875912446499984,2.229432548784302
-0.04481266048793325,0.006230309005965386,-0.07240183136037688,2.304226368769049
-0.018146117703821987,0.004556940674196062,-0.08911062316116651,2.3982929086463156
-0.03474945711951397,-0.0009701666559433042,-0.07762818154318257,2.299451102017255
-0.06563658816945775,0.011816359112391277,-0.08226246796526156,2.3743120553369583
-0.03672867124782639,0.008281830993438603,-0.0747742903041645,2.441915842722221
-0.0641215992965956,0.02358665054887782,-0.03065711604781598,2.4927080766888636
-0.060918853908634045,0.0312401210110802,-0.04374503344675607,2.292472973551063
-0.03944278062098683,0.03705697376237427,-0.06549593387257861,2.1957971817923587
-0.02265011427955352,-0.0024146770614363257,-0.05654058969707689,2.37084479491161
-0.02823260307168358,0.020152415476525517,-0.06823245132234007,2.3307216907750066
-0.04527021647052735,0.014129943754596388,-0.0598227536050069,2.3331307985871272
-0.03761768691557034,0.006899670072404838,-0.08873340146991984,2.2983787008198173
-0.011792196513168693,0.018579395316196155,-0.09452400382681352,2.4572370281832794
-0.034430605484255083,0.008299807449497517,-0.09165072007409117,2.4273875470775863
-0.03954270668240998,0.02337886043577897,-0.06630590832718804,2.2946705855862835
-0.010739405923533752,-0.009836498306991195,-0.07218019051534304,2.335565343418973
-0.013928681904871126,0.002976966459052609,-0.06515205801750333,2.2270507342149415
-0.041118446739628375,-0.0007603350321948169,-0.07545175992828951,2.3998420372084825
-0.04881315230212267,0.01905530693827181,-0.04986387901907669,2.577086875756919
-0.054511687175226836,0.008357453491992685,-0.09262571103650201,2.5762949758449367
-0.041291073253343254,0.02619934604563192,-0.04537761044033185,2.32764875042936
-0.041541953031002915,0.030069650111327596,-0.05504797220834988,2.362096863870101
-0.08537763242416758,0.016998413165850355,-0.06798594942131272,2.543019252298843
-0.07612112133036292,0.03793895184734955,-0.06122104112488538,2.521934817256851
-0.0748580740679889,0.02444504113257597,-0.07191925195611346,2.457247312879214
-0.07682411873526629,0.03879086446915043,-0.042625309277187724,2.3766997527684093
-0.07638772168678974,0.05780929773935595,-0.0641679825495433,2.4259961318031005
-0.047860987867702376,0.03354055826856734,-0.07185227997651132,2.298253871484861
-0.049784974800588994,0.006301513685455807,-0.09285772648045618,2.643639432535318
-0.09460658562644923,0.03269481464715454,-0.09111508262872332,2.587106570403414
-0.051710168608617435,0.012480153434228293,-0.08088138225538827,2.3811204435170104
-0.07353539714902586,0.03232443889183943,-0.05655063804875915,2.411099530609289
-0.04740086443403744,0.051169801847067105,-0.07031722074569294,2.434914599846061
-0.037612831637566936,0.026054278968839474,-0.0455469118958848,2.2685842825536886
-0.052303785009414475,0.013790974201322215,-0.06259562535525337,2.3654552046523944
-0.06547098596764135,-0.005906937903174812,-0.08053541873724203,2.400934811624187
-0.0798568412450146,0.012396741259979657,-0.06800159715396152,2.367872800011625
-0.0809391507706331,0.020521230940672246,-0.08225790138926134,2.419146906443994
-0.06466499682172511,0.02748701244693201,-0.0797704148805381,2.5495230382558067
-0.0749614472036945,0.007080509715910829,-0.08640847992262908,2.6331050846148862
-0.0754053581041425,0.019191729027307685,-0.09122034703465423,2.546630996430181
-0.07238914211048697,0.03735491010392207,-0.07184107742284089,2.5669766349031855
-0.059901094953860944,0.014867605840437875,-0.07401094594990286,2.5454803700167266
-0.07124911927867508,0.03544035098552405,-0.057408220206431194,2.452636120554881
-0.06385353879709893,0.0174034667341094,-0.07962688738798503,2.5266282673747495
-0.07446492825735715,0.017547967039688358,-0.07901746753540832,2.6011455488681525
-0.08035824003265152,0.01814626414547658,-0.0730800982889218,2.4464207479732623
-0.05248605602327336,-0.013472616726128903,-0.07495036914028981,2.319131338410815
-0.029028413034260795,-0.011345550087947767,-0.12088809380111586,2.5768695560867054
-0.03136388713198477,0.01702566626751435,-0.0905082609394171,2.407180033048977
-0.04294921785428938,-0.009255852266118072,-0.07882394278696084,2.3832890950211856
-0.04187113005097749,0.002713826623836976,-0.08400948467365019,2.5108369658400855
-0.06094718359258721,0.0037063707707289395,-0.09519751360609802,2.5574112569150054
-0.04604467047393881,0.022840777000485986,-0.0741907677907269,2.614071516049099
-0.06327284396264733,-0.006420117292374191,-0.06182167465376971,2.4478475684704977
-0.07583203229261963,-0.0028747680934919106,-0.0716877859624585,2.529974252223133
-0.05455747530685347,0.0010988043521015104,-0.09820984607853744,2.5057107192334427
-0.09483066745496177,-0.013119085151369926,-0.10658204354222056,2.8348180998985235
-0.08282891258099691,0.015249634147316293,-0.11274957556909765,2.640904977689054
-0.0661387124566426,-0.007992919448365651,-0.10855944310271853,2.595768506751656
-0.06475759516691346,0.0046838950338688266,-0.11298124470459342,2.362603721767352
-0.059275778347186454,-0.007358818399700119,-0.10866547671936479,2.572606528534413
-0.034765613755440516,0.035865579756423356,-0.10525958784181516,2.400894094890097
-0.046861207174145936,0.018556070584463215,-0.10231302853807961,2.4246749398563363
-0.03252398226319077,0.004031435580363447,-0.09619983996849298,2.566713062588951
-0.08145355966760225,0.022332104044926734,-0.08291960185236547,2.7477337213284017
-0.061927007520324026,0.01847558001486598,-0.1287663574569131,2.747846395078114
-0.057003632229380805,0.005077768865846338,-0.09347942149092503,2.669456766072577
-0.046185228790949974,0.03199827698674968,-0.0895652758192077,2.6450609782369807
-0.08628416836088734,0.0032709270836743065,-0.07970876489430366,2.6013232782317988
-0.05381978388195605,0.029561068009463752,-0.11844986287911448,2.581340186946982
-0.07898784329056527,0.024988385298398225,-0.10701750941775408,2.706675090644256
-0.05818934829214521,0.01271436457586616,-0.0997409550937226,2.6430186795012895
-0.05668408851057121,0.014912033394460766,-0.11054595157469155,2.5202832382976545
-0.04594144246638934,0.008546848675181594,-0.09977283541156978,2.417958773651186
-0.036399359007554345,-0.019115145089241257,-0.11180668665360577,2.5022475316245774
-0.01996497110627663,0.018353979000339925,-0.1004793226991734,2.450269195215796
-0.07302449667694265,0.015316491982543201,-0.12316592006549126,2.5799421586729654
-0.0573546100208128,0.026418205127769236,-0.1389958534933454,2.691276505902381
-0.01672381257585236,0.004926596594105196,-0.10362358695101492,2.4452025414795893
-0.05582374852060836,0.020057570988216037,-0.1062515427454417,2.60605232124759
-0.03433817178101956,0.017604054435176233,-0.1044784309815467,2.597588709883105
-0.06585901774476928,0.020517584312608698,-0.10568437343986378,2.6345820343711677
-0.0699155815385301,0.038993183349918144,-0.09906581538607644,2.5984925674445574
-0.055680531206743045,0.047858926273854796,-0.10576072816512867,2.5856479716202805
-0.08892721091404722,0.0386363596401737,-0.12570736979133826,2.7833525937946186
-0.043856612236576185,0.05520034428254843,-0.15052163526463846,2.663607664428775
-0.0579025364230052,0.0462057924295178,-0.10740075213502587,2.571939521171301
-0.08728181002107052,0.02346529238390058,-0.11150915263312611,2.70503320347398
-0.06921259372372582,0.0260696131756828,-0.1251580416364858,2.7864771039594056
-0.040895626782359924,0.02571235004593196,-0.11454396732808017,2.567925982823935
-0.06711397181464991,0.006508693315570281,-0.13167535102298097,2.6226050575918047
-0.08571654421202121,-0.0026068157309880715,-0.09052393854615937,2.664825502286875
-0.08852370247729549,0.031999157503343596,-0.12359785880952213,2.659753127058019
-0.06850693119204646,0.020302379211102055,-0.09594208677595673,2.559069218954216
-0.037264620237914235,0.029889384474592943,-0.07856429694509247,2.2222369885626287
-0.07345206736979869,0.018669348461610273,-0.09375581036004611,2.404888482182504
-0.08481268773665357,0.03063906247293854,-0.10739880173701437,2.528191105617318
-0.07439845790156563,0.019213678069537006,-0.09349701870699652,2.401636683224124
-0.10589704858705318,0.033367939932707445,-0.09837070870742162,2.6796773935330065
-0.05545701248360613,0.028438493621491586,-0.11718505042911474,2.564765541619786
-0.11726406929225504,0.013150141617091504,-0.10815118707063451,2.662314935730772
-0.05198568093183708,0.0324635888401108,-0.14549113929807952,2.733161596069362
-0.09298815944357301,0.03838872661070305,-0.14645550729498713,2.8589484130104315
-0.086031776637202,0.035241629967757065,-0.13174357966927439,2.7660234982182006
-0.06799962821810313,0.020150337803919144,-0.11091379075517296,2.7723562436640052
-0.08134170851679391,-0.00032730963799165855,-0.11202126290204269,2.651651356502824
-0.09259999254106205,0.021636985734475984,-0.10080236017606886,2.725326533511521
-0.04847383386810411,0.026444848760457072,-0.08247190955374377,2.542394233683886
-0.05484651808221166,0.030617478688793873,-0.1257426090162575,2.6810407786856985
-0.03851710522469798,0.003455410559064992,-0.11327672715890508,2.50385170101506
-0.03704893145930127,0.01077924275076551,-0.10258318759407933,2.513650396436984
-0.07425762299339725,0.02133469224152865,-0.07914462637206618,2.4841502895002567
-0.05091386773775611,0.005056328270986801,-0.1288089635772629,2.7131126878401415
-0.052972593225916374,0.027033207076174116,-0.11235752303952262,2.4736976006149716
-0.06559290529295533,-0.01401890585594102,-0.08237223364836864,2.4670029844574635
-0.04059622605092449,0.04035555393983701,-0.09251304757322887,2.5300902959551417
-0.06344907847178084,0.014605245573412697,-0.10948097540701666,2.6193691343563326
-0.06217126391138301,-0.002095428930022276,-0.11171665378191707,2.569679018716579
-0.03612638978789957,0.05813939394643228,-0.12926875640107077,2.631161108864175
-0.05104499547500613,0.019436895904474154,-0.15041344209281052,2.6796929639987255
-0.08358513169949784,0.0353421714397797,-0.12120970207125939,2.7712964876595128
-0.06411584516417713,0.05949484158902147,-0.1256618663953177,2.5936740558584814
-0.016729253260725746,0.04983110102791749,-0.13418174786384163,2.6897480388418584
-0.09734687772497973,0.027733384208830196,-0.11331165289747838,2.6917261806736708
-0.01994335555294876,0.02754984137571845,-0.11806994982244964,2.493729344690513
-0.031688383502215596,0.014769985887137542,-0.14219609245401998,2.610679077437842
-0.04729977421878188,0.01727031820440832,-0.0920223711479614,2.494977578672402
-0.023840035995046083,0.004339862713903714,-0.10679420475229433,2.4254464473153137
-0.058464023633373954,0.03978079872110847,-0.10181500968182897,2.550163948532138
-0.06426454387651621,0.05064106978358961,-0.09164242111689995,2.566468801610467
-0.0863174982887134,0.0228809114647181,-0.09743651617429065,2.5613160564749764
-0.06730061158081449,0.028644532808898223,-0.11532129577787296,2.505532698436071
-0.06768967092835772,0.04363655769261049,-0.09260578559657782,2.5254908492300583
-0.052536273809936876,0.02847931557839637,-0.10642516451232081,2.5030938554045834
-0.03537487800694165,0.023452811640430945,-0.10686375742794026,2.5713409834852827
-0.053774396618498144,0.03288210088090957,-0.1207503115944328,2.712444459555176
-0.036612368391354,-0.004028904366609813,-0.17790520360584963,3.0387919183899887
-0.08578207133556903,0.004902177904268193,-0.14588903036521303,2.927244997982861
-0.06336897882906649,0.030215274403739976,-0.15236895908576065,3.0645050590765464
-0.07306540749062437,0.018846047398909847,-0.1308963769075465,2.823778306836004
-0.08611052260354495,-0.018731436875394313,-0.1437486686662156,2.9342483962270403
-0.06781573643010501,0.024854323410149006,-0.13478807725318193,2.8146519505361387
-0.07617061901003228,-0.00091640797404716,-0.11994743259718889,2.879492601182614
-0.07542081214563282,-0.007248593520227784,-0.12909529970380457,2.886689697264414
-0.06920695605624186,0.0039079192188634865,-0.1410491950678996,2.782269118343399
-0.05407227505788794,0.006297135131401779,-0.14052328317088125,2.8721250587062723
-0.08556944123348484,0.008073045667478601,-0.13662605999658395,2.903721461641516
-0.08028715856354955,-0.006609645476133058,-0.11679009672063655,2.928982866738499
-0.06907930067452137,0.004698444199930987,-0.13051595260825136,2.9051015543882044
-0.05534484263281778,-0.013314922067889116,-0.10152774833448097,2.9255519713274443
-0.07432899533532646,0.007364726308367993,-0.11636219135554736,2.812010474732747
-0.054044099974007,0.007743280792801724,-0.11231343346546382,2.8214529035554
-0.07829313326247138,0.015080957256928996,-0.1269101944446249,2.987695187317302
-0.049651832126749826,0.0006390517844658183,-0.1491250722700876,2.9444666832887374
-0.05430603147138599,-0.020537904367517724,-0.0982048197743087,2.9728889919587407
-0.05265337651132369,-0.00042289032419299784,-0.09891064132115633,2.9458663797466276
-0.014497016323111265,-0.021075193155085735,-0.11343800067909031,2.960844616100705
-0.04221215819897533,0.017456141711947877,-0.13372084010388416,2.9056627496810563
-0.028265083518130882,-0.0025268000506827107,-0.11059118660856021,2.910835202431552
-0.07765194099076458,0.0016842979081840338,-0.09821253160462785,2.996617083364667
-0.009061225106431762,-0.006897465439202999,-0.10680976390146037,2.7426185958777163
-0.027031215079681953,0.016245134055304335,-0.11865562071778296,2.883754823008839
-0.054420315389577124,-0.006789869996325421,-0.08275827122748698,2.8289033848065257
-0.08598727898395349,-0.011722954051207844,-0.06534620842394778,3.044473125882026
-0.037253002367148465,-0.00997561920066066,-0.09332410345793753,2.972042569964814
-0.07021428574125074,-0.008146480791050091,-0.07847214932536725,3.01756968019163
-0.042665754934399634,-0.01851802611730048,-0.09443053118006198,2.9818396588226768
-0.026341947083039007,-0.017083304139025278,-0.08731561678554799,3.077611271055459
-0.04270972792460666,-0.0006725825991894017,-0.08919872452047813,3.1486212408467913
-0.07911844208807861,-0.011978546332044756,-0.07101877829409525,3.018625729087632
-0.07752775513298751,-0.017522181466009926,-0.09367337878479629,3.0387720744380093
-0.02975026275534044,-0.011262227820316233,-0.0688061645837078,2.838840456465545
-0.046092992692709486,-0.015587408968886019,-0.08244786500735875,2.8336856992056467
-0.06306219094736598,-0.009237821342119115,-0.08953342060087104,2.7732832674744468
-0.06792188513880858,-0.004231314409325326,-0.08923197690968805,2.815801097145001
-0.08380942062463088,-0.0057665176628299165,-0.0976781286779306,3.0784036210363803
-0.0720087079292725,-0.010636129388217546,-0.08267356968165364,2.8142012023086274
-0.073829406921139,-0.02254541043134179,-0.08794622339715716,2.9222339407064335
-0.07296119319587792,-0.018005080350619415,-0.11029612107701352,3.0749370893063546
-0.03635782369161227,0.015786114655424423,-0.07617081297699227,2.84453140839203
-0.07209989082313245,-0.010666054573460561,-0.08386394916080124,2.96893273289248
-0.03713794495508261,0.006561235024788783,-0.10051941580696258,2.943462509086737
-0.06376707891469595,-0.004230839138699103,-0.09661131588333098,2.8821954756705868
-0.057637766824124144,0.014677967633757753,-0.09615710079012682,2.837208436188049
-0.045360040201648806,0.012174076890421973,-0.13460208549331326,2.8542436967557596
-0.08141730193302421,0.005447596389702953,-0.11842499989729681,2.920012491711957
-0.06125825516959102,0.023087822849757793,-0.134334066205848,2.8793818322987246
-0.0812649909816208,0.034886056705030866,-0.10139469336746483,2.7649076141725177
-0.07764850743662259,0.009088710734423197,-0.11172800542544195,2.861918122900396
-0.06949410909737253,0.00311078157578819,-0.12149332002020258,2.9602660529537843
-0.060755506470453094,-0.0012093815084115135,-0.11599811757293949,2.9366073475574686
-0.05547546686965599,-0.009797601148841388,-0.12733119937483345,2.97616867063844
-0.0395662313322208,-0.0005516758431822002,-0.10978712050546967,2.8268014946783913
-0.06441022891526713,0.008277318083498386,-0.10959246759510015,2.7806050173566126
-0.06315396091950781,0.03418078814873395,-0.12131483043760527,2.970931642976557
-0.04379453500602143,0.010662006982488963,-0.13481792435166523,3.0013674558990404
-0.028294405526736146,0.04065395263934961,-0.11358775821366147,2.915041185432918
-0.07680970187411146,0.008056552126522008,-0.07310578209621792,2.8430411080198486
-0.06514659789208795,0.029637343013376442,-0.10241301592969695,2.812763354142169
-0.03924695787454782,0.018421249777216337,-0.1230369034120703,2.8904979490824396
-0.07527741337840226,0.01134402364375999,-0.1041203155122834,2.7927100320225664
-0.061697770608940876,0.009358980957452469,-0.11734277878167124,2.8135220086770434
-0.08083887030348387,0.011831515600780608,-0.10551220084878525,2.7804538378126114
-0.07262560606978478,0.0097541045536695,-0.09090287019054198,2.7264856280556033
-0.059913743006601156,0.0013078446165387847,-0.07302082121991667,2.5894014438302673
-0.058224709403906866,0.02448162986315095,-0.11178189634957578,2.677721538761018
-0.0896712031488961,0.03600417148664381,-0.08773130766504651,2.596371694433369
-0.10697325702669767,0.037642886150542273,-0.06275527828638106,2.8096422110918233
-0.05691842960212635,0.036777308534074266,-0.10147826072211734,2.786494522272933
-0.05811764941167956,0.022179188407338585,-0.08309786440334377,2.7272193305482944
-0.07833542415318863,0.022416407704368542,-0.09684153753015577,2.817077047263446
-0.10167874798474197,0.03149788103625011,-0.09795556720922144,2.9259409192692667
-0.08305506268783627,0.03401126547943107,-0.10167785163655828,2.8383440540143337
-0.06975363505585408,0.014995785176010116,-0.09323195823610105,2.6991752155567728
-0.06413747238340396,0.02778772592534699,-0.09832311053226168,2.884354540052803
-0.07433096252178202,0.017452042875405062,-0.1034501503680446,2.996620810279047
-0.0584118979853029,0.018608208733214764,-0.06621198834079343,2.7492096887714643
-0.06865407517414254,0.0020144004214266357,-0.11767280127076218,2.9851015253058275
-0.057080235846348734,1.1335181026126791e-05,-0.0866126935520088,2.89891338708015
-0.09624533468880656,-0.009283909952490468,-0.10975443234970388,3.0414598119274032
-0.0696838372148379,0.013768929474797041,-0.11412240174202606,2.89992650162721
-0.08476782604871293,0.03685783710111625,-0.1300916646594546,3.01145068042035
-0.03623743706771667,0.03072106611594961,-0.13289559857759722,2.964999559015105
-0.05592857515188212,0.03364898358978773,-0.12234015321991819,2.849079540577575
-0.061011346748643315,-0.0024057771404175986,-0.09089120217580034,2.7168393961433663
-0.05057283374417153,0.005831266124185397,-0.09880161238598446,2.7202189535189527
-0.042676690612262945,-0.007588063127435686,-0.11894200619674027,2.809422223637938
-0.05055574008873188,0.01847746531173845,-0.080315413854527,2.685570120499775
-0.06284103889902054,-0.010316764428651122,-0.1056126849915614,2.8320363065371215
-0.03427954202238676,0.03316027442024503,-0.13620132794813752,2.9978743494241176
-0.031760374135721754,0.010224272700986517,-0.14237454071110128,2.83919348186361
-0.05826926091046688,-0.008040810967707914,-0.12770413901666303,2.84935119061404
-0.04130181486170956,0.020999727375554545,-0.09160793521781534,2.702295724627417
-0.036709748866165196,-0.00033998412428988734,-0.1472464379519592,2.9269384515933305
-0.05199583206396452,0.002500209460735412,-0.13094684166658663,2.7983444849108046
-0.06589869899312058,0.009756081654648668,-0.0818503615040717,2.792404808423117
-0.03424926754443342,0.03379212399430481,-0.09384942336514733,2.8398314989496067
-0.06501701411702884,-0.0022891110929962816,-0.12425522951151721,2.947441127300154
-0.09812659218502029,0.017510353990069102,-0.12409538664966038,2.921272112135895
-0.08201222636819382,0.041616819213045816,-0.12544960741381944,2.8901623181424854
-0.08268456354603022,-0.004666225341290052,-0.11702951058371931,2.869010987371788
-0.10641820213312259,0.023692965721561786,-0.13670615850469903,3.01112896994312
-0.05893257099272812,-0.01779550256026845,-0.14846517513768256,2.9637691799378536
-0.08963468553502069,0.0020376970778536838,-0.14504072213500027,2.9204605707543054
-0.11332307996510056,-0.0232468500742359,-0.12813323293816395,3.0357626752717213
-0.1110721172182564,-0.009299877865722745,-0.14485953661135392,3.0736211855113282
-0.08455846713504263,-0.022867405026811,-0.1468779143590308,2.9098009507374702
-0.09493050317238422,0.005584806247357935,-0.11982495515627667,2.916029241929465
-0.06911779597081584,-0.0010708261173179496,-0.11114402828668693,2.862298612677655
-0.09387759873275388,0.024315333226393628,-0.12626302019870778,2.9349897155664153
-0.06246285716688393,-0.004070241168809982,-0.11443008287936517,2.79386431916415
-0.10015070956844954,-0.014089108454657906,-0.08355500797073198,2.8718372875242526
-0.09979757802247005,-0.0031708154523846523,-0.12221636562477876,3.009918606332916
-0.0721817128799627,-0.0017227476782398954,-0.11500009282159453,2.9147635653274024
-0.07181906604224123,-0.0007910716047404899,-0.13863507550443532,2.982408433845065
-0.05360852591375636,0.018354018776937694,-0.1521678059443403,2.9530051177284284
-0.06476327011784816,-0.00920852395764126,-0.1624700010954965,3.01979924173154
-0.05484616862352742,-0.009025269849391929,-0.13560557707766996,2.940261001883713
-0.0901807072789077,0.007966533455373988,-0.13860362742757532,3.071176825046094
-0.08776149208547854,-0.0008697947008104778,-0.12683085634708252,3.0636178457852705
-0.11106170590349446,-0.0018508970388122577,-0.1183881299356328,2.947917483938283
-0.07767091449959806,-0.009862725505359285,-0.14326241284551894,2.958923036640078
-0.09760330455117054,-0.010328470564081964,-0.1317632874820064,2.814994844187872
-0.10643213260751003,0.01055014723190595,-0.1338304941360493,3.0142948944962282
-0.07541382227845295,-0.0074230367618641725,-0.13439220745719327,3.0634965555634097
-0.11233290030873966,-0.005453228361466079,-0.1318805006372217,3.134884480370606
-0.07018783674183778,0.027132144769415608,-0.11799072278862346,2.8468084247448155
-0.08551094616825905,-0.012414853946497939,-0.14702775927459824,3.048910214170191
-0.09255369679079599,-0.012961680974811204,-0.10272449943338442,2.914748460071937
-0.05494715297101461,0.020660936092979164,-0.10132162714977955,2.9790934111856697
-0.04811384131918373,0.010231328699120416,-0.09863483862148092,2.95583708451353
-0.06711999171104266,-0.001891469529503752,-0.08209659841352729,3.144194224440267
-0.06583459223008836,0.019936591619997075,-0.09068430322926463,2.9582019492970195
-0.0739295435186726,0.0042111821701608584,-0.0967460736361066,3.0298330890157437
-0.06383391872246472,-0.018732800050862083,-0.07109543242869784,3.2634835297433975
-0.05177862516847587,-0.01710229078931891,-0.07541318531702382,3.2082086029736314
-0.07814137874022564,0.010776523368006703,-0.05767510486967144,3.167699219169138
-0.06121440401806069,-0.0006234862247972768,-0.07674812828409149,3.305684561610957
-0.044537526938904545,0.00029878462619313333,-0.05130560688482502,3.090979398645405
-0.07967903952015745,-0.030191992649286604,-0.050939636790028484,3.1858191429348652
-0.05872261740370512,0.016954460220101948,-0.08292854441321829,3.1842945666834117
-0.06753332405294706,-0.022124865375765582,-0.07821282981342602,3.169857357546754
-0.08884245105465889,-0.006195151122337305,-0.0845341539837556,3.0219854229859817
-0.05252107037059024,-0.013533359900178597,-0.0929030960771193,2.8474400652654284
-0.09830922659073697,0.009691849185760498,-0.10383421603400858,3.0661117646709575
-0.07909057802412782,-0.0009194973653069268,-0.12154377293571644,3.2013527439760074
-0.05540947416650779,-0.02153613369444553,-0.12029420664393535,3.1991154417459833
-0.0505952849759878,-0.029784158449479316,-0.12025517822855604,3.208539012755913
-0.04677066939835332,-0.014045713174752821,-0.12099268626448849,3.126062822433451
-0.0633944509779038,-0.013660156593973426,-0.13523684640760442,3.173292158160782
-0.05500982401390762,-0.009690746029249962,-0.11312299301518514,3.0720452951885635
-0.08907308080178622,-0.012425969353093867,-0.1022947836335628,3.1170860269768137
-0.05731477361454924,-0.019573182468488288,-0.08571815969100317,3.127923623041155
-0.07062751085702285,-0.010707630570747237,-0.089201197080979,3.1513819307075597
-0.09481916661151048,-0.04349152160068722,-0.12204259765601347,3.3695657034057684
-0.05634158064176654,-0.02941220151911816,-0.0903497352021568,3.0197163100453444
-0.07624656582931288,-0.01264376398298639,-0.11575094360140159,3.0591147647646095
-0.07456990872443214,-0.019854528406653207,-0.11547828955097252,3.1925995092477564
-0.11390795429277993,-0.026193078175217193,-0.1023553199870611,3.178270157230868
-0.06126415416053255,-0.003519179066885426,-0.11792813521887095,3.1105894886274417
-0.032581694350688174,-0.006244860039648752,-0.10069718564474953,3.0136837808628387
-0.057512479106427795,0.0171624626394371,-0.09800089385548635,3.1632859062969754
-0.043963028434101825,0.005707775743426099,-0.09505226401536052,3.107246409071874
-0.04598529818641457,-0.010763752182235495,-0.08798847775013408,3.0056675389665775
-0.09146626027230806,-0.0060463252824638145,-0.09845743252053718,3.1299626893759207
-0.09332586506682772,-0.015250366830606552,-0.08111168940948656,3.06876773283506
-0.04879853113004755,0.016151597044220662,-0.11880810399808672,2.9865372880838907
-0.07903628942495664,-0.034426552255281004,-0.12384816061779,3.172239137054519
-0.06174913384424798,-0.003343482978706245,-0.132620506776827,3.06654119773675
-0.07297341798254385,0.01195985760426225,-0.11588614934898601,2.9710747872365797
-0.10488000744486924,-0.029697018777355706,-0.11484666692070723,3.140547376683817
-0.12154698590002776,-0.03225996274444277,-0.12078378389673831,3.1556156515312064
-0.09381496946424542,-0.013776795141011424,-0.11251166724444418,3.0483161839958957
-0.06602375846504387,-0.050769114975196344,-0.1102837377786601,3.260896070881757
-0.06165813397669484,-0.02974544448932837,-0.1155238810112467,3.060129681025735
-0.07424850863867108,-0.022088980148159184,-0.1267716421048608,3.084710039555415
-0.04692069329397581,-0.028751029407710953,-0.11701536376165353,3.0580067135348727
-0.05390289775347669,-0.023256952555474712,-0.08770445267592195,3.1802430942261197
-0.06080250418198957,-0.017582907245762943,-0.11340503394940413,3.1795103619172367
-0.04364702113500297,-0.02364713948451671,-0.09862665239869652,3.1748886018777696
-0.013777409865644796,-0.03006761522141441,-0.11727210449306867,3.2362891112271086
-0.06699052909978509,-0.028381507424886473,-0.1223333971716084,3.1009786463976905
-0.09370649861673448,-0.04280960872907635,-0.13879389538850692,3.2199851627793583
-0.08305595394204963,-0.004906602481238886,-0.1438675598456897,3.0751658501042356
-0.09389661593334984,-0.020735668585687823,-0.08494065499778593,2.9862737950392537
-0.11694648081355062,-0.042290254463698454,-0.11122177239843001,3.034816164642006
-0.08102806343305138,-0.040486526759181685,-0.0922333515072882,3.0382749548094026
-0.06634343010415175,-0.031878113405898544,-0.10535113197365954,3.0210058221967873
-0.1087007884872759,-0.022208518731672802,-0.10458328514609054,2.9911596273257244
-0.10965147525013813,-0.0094991424715187,-0.1023774740547419,3.1612408539286667
-0.09547625434156945,0.011984529764610442,-0.10680206415894758,2.9291998058389996
-0.06693435817025183,-0.008403133092472037,-0.06565891777937403,2.709092749253537
-0.07301712209144388,-0.02258499966121353,-0.08081700761801457,2.664518580223445
-0.07848116341431653,-0.007595125339070235,-0.07914607769825147,2.837838238362545
-0.07266479621416082,-0.010129373606064647,-0.07801940351841669,2.824258486156601
-0.03733464348515073,-0.023552133984179362,-0.11627108593292142,2.7571565344186895
-0.062353007442154225,-0.012677101359186597,-0.08174068475775438,2.8523561164174676
-0.08379498750412519,-0.03834963816016282,-0.10264130108570826,2.9692879270187285
-0.06264419639321889,-0.006797326141809988,-0.13694898860359023,3.0968545951317217
-0.08046459244366595,-0.023794254705605946,-0.10177146063315064,3.034598068620244
-0.048862922365761396,-0.013853396377427697,-0.06938229554925782,2.9887374458142935
-0.04341765550727441,-0.020826188117546343,-0.08465660003872268,2.9603290159369218
-0.05408645709210224,-0.035707295948375746,-0.08211013031327467,3.0407856267185007
-0.06638827133270866,-0.03900959168681947,-0.05236049307822462,2.9775758841345388
-0.050510536626765606,0.008024580373714537,-0.07136854179436837,2.8220008044888973
-0.05710177827487393,-0.02221846967558817,-0.09843651984209865,3.0420563776946286
-0.023245063115237823,0.019308926320204502,-0.09724459636183692,2.941784117741822
-0.06245626860155062,0.0016183632489607056,-0.10626811358764726,3.0587204627005353
-0.05816005724443527,-0.025179019602415642,-0.0926715391449166,2.972241853775872
-0.09159602740149742,-0.03836914136490547,-0.11759311850466246,2.993724719010478
-0.04933121335857657,-0.012691674044049089,-0.09953998672734188,2.964750889524289
-0.07205002131514016,-0.009407628050168777,-0.10103669620567746,2.968429472703058
-0.07391789123675385,-0.0064248128173716645,-0.11068515601574348,3.0277441552489703
-0.08155206845135024,0.024176565141084554,-0.12818131184654355,3.160385273874422
-0.046727710393072504,-0.019633851795831575,-0.10079294993761356,2.902759680362469
-0.07196882067529778,-0.009977118178160093,-0.08352394583851722,2.724546237170451
-0.0625644127748256,-0.014889528194012323,-0.08739397457578488,2.8633176898551618
-0.076429696316952,0.0011634931353830997,-0.09519067904451223,2.8906491210980643
-0.07394492442460354,-0.016770979116947783,-0.10514868266806728,2.8764624205968023
-0.05696760769309051,0.009595847847056952,-0.09054888912608654,2.828859961381909
-0.0737862371668509,-0.009531390139810934,-0.09290890825438512,2.8150044758073522
-0.0822547464160177,0.009549396408921615,-0.08453974951846559,2.7271517194960273
-0.08270250775903247,0.0060912065874175044,-0.09278397891044671,2.932602681824571
-0.07277859312609551,-0.026914547709536375,-0.08898409928831572,2.9372775708618124
-0.04565431214218641,-0.017608969357639725,-0.08718408898218821,2.9667099113916686
-0.041558057972650254,0.008058025365309649,-0.07449871809062718,2.8939739695433153
-0.06343397670949434,-0.03428357195765013,-0.10728030092559628,3.1784226197248366
-0.09268520221863724,-0.015387973849883026,-0.06758183591054133,3.218907799061317
-0.08301692564946123,-0.019291401158836697,-0.06683500525788692,3.036787894293716
-0.08285988648494273,0.012360878708867776,-0.08679226819744779,2.961924384066247
-0.08827420561212913,-0.01659573239742371,-0.08757075955027864,3.081756084003199
-0.04844607059129483,-0.01217201522846426,-0.08581705848833275,2.8864829349006005
-0.06212265177577163,-0.03723686843639217,-0.07903192872067058,2.964668315492014
-0.11300140538484578,-0.014397059195980574,-0.10085730118267897,3.1823820617609435
-0.09029063581346101,-0.005779458895375708,-0.06581669138790432,2.9809212966073892
-0.05801151751381643,0.0013251997138195538,-0.08714755936959588,2.821956275063795
-0.028233000319360945,-0.010743883544907021,-0.06616813990081455,2.516941770023724
-0.047949183754161184,-0.005555448586406292,-0.07473873886487062,2.5354386292401174
-0.06333284256809997,-0.03103191180232738,-0.06541176653988778,2.615616181765443
-0.04311051796935926,-0.0013115028040910867,-0.09797159484873395,2.7340644148467588
-0.07981656393318183,0.003166199067294102,-0.12911199312266627,2.8760666164883535
-0.07081679145940577,-0.01630389734446852,-0.14161161727893204,2.9982922060072537
-0.06852687180180828,-0.01857074278026006,-0.14279411172648693,2.8424006970002558
-0.08507060360814439,-8.427713064519155e-06,-0.128706433845288,2.8534666642094813
-0.0996222195023164,-0.0034903467966301022,-0.09533674810107678,2.7896529116593354
-0.08078271103427298,0.017020421354784526,-0.11448730665768014,2.765436689049049
-0.0690586590441639,-0.015581714238571104,-0.13365403301014048,2.848438297733677
-0.07946829980663174,-0.01778318815636052,-0.13020251358525803,2.894725456489962
-0.06814691911127073,-0.015767815266019388,-0.11016370300471513,2.872739356566065
-0.09167098698668749,-0.02583237884707714,-0.12178019434744689,2.9701206081290943
-0.07506334780857128,-0.0247869201223798,-0.10765586248347701,2.8882857986999255
-0.06575589706889955,-0.015818294613221488,-0.12038220995595887,2.83454469298342
-0.0745931675174554,-0.007181293573685899,-0.08522917126575429,2.6902435753589153
-0.07591888785409132,0.015126754895387257,-0.11257575745427237,2.6844100735036007
-0.07034886726678197,-0.0037256578997638826,-0.10126400404987707,2.6626394561730886
-0.089274130045748,-0.0023236426451616367,-0.0991013757749238,2.741128044354088
-0.0694226011859187,0.0061411924726213,-0.09782663435863857,2.513888435527466
-0.12373084295519836,-0.0011649342021931273,-0.09368334906809389,2.781077593720274
-0.049719453112645674,0.031006193487801727,-0.0903120520690302,2.6182081610339014
-0.09099805569365248,0.004377561130216545,-0.11919961739471402,2.755485607256496
-0.06171868237805591,0.017678298022617125,-0.11177122972241045,2.7367827506779197
-0.08220494702874678,0.0029946509921226967,-0.12146141324920402,2.9003182047666085
-0.06807995733708871,0.029162630678396875,-0.09099645896273013,2.7656415460376724
-0.07307290985784459,-0.042941664847644924,-0.0908202668426406,2.6889135416887426
-0.049142547663241,-0.021807271211391983,-0.06993171224776921,2.6920341799818344
-0.04627076835510509,-0.04343646447211482,-0.13118301809299898,3.078793061380562
-0.06936183319664026,-0.05320971236673809,-0.11807346297885571,2.9763297855872124
-0.05566982097022501,-0.02638236848951194,-0.14928546632841908,3.1025202481643843
-0.04990232757433346,-0.03297466030730291,-0.102488928773441,2.990893945356069
-0.04640775424926589,-0.022549535107169384,-0.10488056773732787,3.1207905248600434
-0.03221821034995281,-0.016941549596752075,-0.08885430887981216,3.2595868347691725
-0.07018568515648961,0.013991768463640886,-0.11305459050881711,3.2175346464196273
-0.05121200148344682,-0.006373288022662602,-0.12817183452831654,3.0482627405962432
-0.04303935304487855,-0.00840777559143231,-0.12079027161870354,2.9889255488326594
-0.03378317772479147,0.015993060011437174,-0.08717186831388031,3.0051428277762966
-0.047729452137354536,0.004600586612821189,-0.10328088242031516,3.030533566624283
-0.04843076910806782,-0.028881549435328467,-0.13222096620958654,3.0538521659063504
-0.04074098542637956,-0.013833510018031871,-0.15701970142639068,3.1285065072838405
-0.02772863667971533,0.0015528964569459557,-0.12132759263505612,2.971184139744972
-0.04825768076073821,-0.001023461334037764,-0.11585587147883405,2.983965430901278
-0.045959499337922136,0.007418284213927145,-0.13698251039681722,3.0634911104026017
-0.0546687360964068,0.00802947563502166,-0.10826205527875819,2.851878878440756
-0.05275622013891945,-0.013389113409757902,-0.12856575988435667,2.9214497213358395
-0.025158987468573903,0.014260980334199851,-0.11892288935687731,2.8812920147621988
-0.06727941913719453,0.0036567003255978765,-0.11794064716651807,2.8379010059258483
-0.0391551041028325,0.015019831517285795,-0.09135880243170372,2.757071907592186
-0.03787215640259851,-0.011401502461543986,-0.12118492388779199,2.783455905850043
-0.050424800340652415,-0.017714829486968856,-0.10896493304412613,2.812494396676173
-0.06312029557219843,-0.0053280232938497036,-0.09317329591189911,2.8076296995355348
-0.03024846770440318,-0.005442882834465171,-0.09002495482878757,2.6103007833923586
-0.028936994394285383,0.005186542942679477,-0.06647745825069151,2.658199035900846
0.005461948330362742,-0.0021733228184876124,-0.09934634901361658,2.610608296192499
-0.015507113179229192,0.005973937424214529,-0.10327832259191021,2.58554837120055
-0.020434061115081337,-0.0051791787386926596,-0.10978431046412308,2.653711028867386
-0.04101152607116543,0.007541355442669535,-0.10426108881962702,2.7631339570679034
-0.024656941183152474,-0.030895134609506505,-0.07730169907570825,2.65757375332725
-0.008032852405413505,-0.012143800131666597,-0.11024934066181012,2.9249106556464044
-0.0664371435595374,-0.014391801546923965,-0.08320892557728106,2.7137870510152955
-0.03702501667566515,0.0027964233262641465,-0.09996080143051633,2.811087116881561
-0.04574252894301657,0.027599861103988738,-0.08891309883599977,2.742920308413426
-0.07975595199043382,-0.018689383158441708,-0.11871407296308073,2.8920297755665474
0.02141472547811436,0.00945650986573935,-0.10542467607926385,2.8599871532190484
-0.047771111842331765,-0.030880120134158202,-0.12097583931144326,2.8942528957970453
-0.09118385199657475,-0.018999709426199357,-0.13695505025279978,3.0118009207462757
-0.04130522647460385,-0.028116179112853794,-0.11315072382428472,3.018356674281111
-0.012081413660051636,-0.03776609857565188,-0.10039904925721686,2.786104263823466
-0.023969311225629928,-0.017409167963933655,-0.09651159765817528,2.9067547347763414
-0.01078884440636852,-0.047455233854167285,-0.06674287675922345,2.7305847524803473
-0.05557693421427184,-0.018779593093456205,-0.09792238321679746,2.618085719244573
-0.056899752858010966,0.026844082864102913,-0.11313951492972305,2.7247575020692922
-0.09065832152652664,0.03350390327666705,-0.1118188400516673,2.831470546027494
-0.03490134763558747,-0.0016537597833283719,-0.07660438003746498,2.6755235190679567
-0.014037164162912761,0.009745965401599511,-0.07382036038573644,2.6885282516351303
-0.02735996041164637,-0.013744315768003942,-0.09681261974209984,2.6603486178400813
-0.0608015843428017,-0.015318538740965053,-0.0824777504795462,2.7126530379318448
-0.014824626333181505,-0.010930378812166883,-0.08651869391883392,2.5060322296768964
-0.038388834494483215,0.023815630882163118,-0.07438530455608201,2.398297893467197
-0.028064514108397682,0.01703846052856671,-0.0823599704448137,2.4069721223466365
-0.07205648207258804,0.0032324315755824424,-0.07205860282366248,2.379442036186451
-0.0699745168520187,0.008677006789563835,-0.11473081082780014,2.611482630514154
-0.07543892783455798,0.010713212885023794,-0.08421141223823658,2.531768899952326
-0.07960501653678939,-0.023223904296527435,-0.10739326866430979,2.6899868370339854
-0.07332456092189751,-0.024921343810013166,-0.10628645516519221,2.5634168611709005
-0.07224265340748799,0.010703102882121935,-0.08418322936480675,2.5269596703813155
-0.039467812520816936,-0.009198758328379979,-0.0970186891992187,2.6085481718616244
-0.05435889293021298,-0.01790943742075228,-0.09429950985448206,2.5034835466884546
-0.053433733500230035,0.01684648240321778,-0.0759516745786331,2.3012302929269355
-0.06930503361155003,0.000951040824927237,-0.1180329830831727,2.6317600752941765
-0.05345204746024926,0.026200785059488294,-0.10178296115985272,2.5782669007584715
-0.057640140505993205,1.97326246636425e-05,-0.07868907495153336,2.4731427233964114
-0.005079029565053035,0.0009320873067018389,-0.0710040593422351,2.366874256954994
-0.03684919727883278,0.00941039185189493,-0.08149005096173226,2.51623839134308
-0.1057525164095181,0.024390545601950458,-0.07469778425432369,2.7443860138358724
-0.036176994075310547,0.010627821575872807,-0.06319920123414877,2.5017491076757095
-0.05052321056875602,0.0006680295740394556,-0.06999263035156283,2.5303428472393605
-0.005356808926278561,0.013158594791004737,-0.07789620874526564,2.455702869476633
-0.04367890884535909,0.004292650200614253,-0.06741780929457107,2.4699513730909612
-0.03181176661987228,0.0002887342628483518,-0.05351170901825542,2.4009614816496505
-0.05018284990388119,0.022798079641204824,-0.10019881128004184,2.647654495834557
-0.07501349624111331,0.029279584288393758,-0.06750259583649006,2.6400969573694817
-0.015992041877643085,0.016888506477791172,-0.06715102133124672,2.6370475427841518
-0.041644969636563896,0.023585161664471985,-0.09992199434783174,2.5614679427947245
-0.06494663129437207,-0.007530547319856578,-0.10815270764022905,2.7460943082653952
-0.10229741870746006,-0.02439301103876093,-0.11843471924526174,2.861935718279402
-0.08058444606426174,-0.02418308977048771,-0.10580174778479201,2.7651556517397484
-0.12402930024581865,-0.0270328561574253,-0.10954003595865983,2.96633955701339
-0.12213375766604033,-0.014050903244187913,-0.12046248393965972,2.987177272650301
-0.06661704431363885,-0.020634019153714135,-0.12996352683907353,2.7915363148488717
-0.027356934876044587,0.02293908482522481,-0.08290082315840513,2.4631147842530385
-0.07997670953945123,-0.0025267776788152375,-0.10701592358147458,2.9126835334391967
-0.06634719468668597,-0.004456548439651392,-0.11238308207868382,2.8216709813384924
-0.12006322174841004,-0.044813786194465216,-0.06998141239351528,3.1856056857345405
-0.06161690133187903,-0.034062222426391606,-0.061645284776723756,2.7932843212923566
-0.09347282396406419,-0.02523803702140616,-0.09776815303136709,2.9700683927905236
-0.0939545673831616,0.012859560059184762,-0.10261697361603797,2.9010109740320504
-0.057475750171673015,-0.012926422318461455,-0.06432329096827226,3.1269565084386337
-0.10395551405688583,-0.028068634406462997,-0.08510823147640004,3.1770496210822863
-0.02937440608873849,0.0026552487047656705,-0.08547404032171516,3.056445637643418
-0.08445677264489493,-0.02425727727510176,-0.11198642947773088,3.3497155863553627
-0.07540161526813868,0.010073513765716493,-0.09738256510059408,3.1108086381048
-0.11129352947677022,-0.0033300952376846575,-0.10315672347230023,3.263627814424721
-0.0848958323973337,-0.03909518920643097,-0.06381708461954246,3.3121705697874453
-0.1081394702084733,-0.01262213444012053,-0.09231062932484493,3.189357809219868
-0.11367157548591757,-0.007167491917074672,-0.08442304817766516,3.4043574629477904
-0.09833071843244345,-0.009678281171685404,-0.08118798510421667,3.096309742575138
-0.05144497340410923,-0.015993246616403056,-0.09746957130503192,3.042996055799728
-0.09116784320552616,-0.04962448048549508,-0.0806859870150772,3.173567218094457
-0.06904855993376974,-0.05666232450150408,-0.09343291278187067,3.2154359479913093
-0.06347238179663948,-0.022592379649425644,-0.08026866187515182,3.041124445865844
-0.061177321787395815,-0.028008221505404104,-0.08955324285492355,3.091006934807925
-0.11762284178222583,-0.023130168528675304,-0.0864156200008374,3.286666567287936
-0.1007231980420612,-0.030457403284906537,-0.09017580351366832,3.2161494298692133
-0.11247859340274856,-0.030020671277245226,-0.08339910173919021,3.1990044320194806
-0.09865939951494707,-0.02485665790927845,-0.05232936131695838,3.233242618963014
-0.0921870984998545,-0.028598062979871667,-0.0347888231563904,3.29954880268356
-0.08796279098654566,-0.015056849246493765,-0.06889469998632208,3.202017617020939
-0.0994469176708247,-0.022071270672094936,-0.09296130682599331,3.3892850805204517
-0.06800249425870211,0.00999294252449552,-0.11294018776578606,3.253400213684368
-0.06924913747297813,-0.008009022783684322,-0.07509358875676599,3.275409158144426
-0.09473378859828349,-0.039478614983674755,-0.07918822758212007,3.416541993698751
-0.059723764119498715,-0.055350173441414977,-0.07116422973732246,3.317223489946125
-0.07366787628387206,-0.02844407959431171,-0.09197690176420885,3.3125247292057085
-0.06282461354906735,-0.0027020862288605688,-0.08737731164147786,3.087524196724045
-0.05786567323213276,0.0026674273532163372,-0.08439012711437015,3.024132443767371
-0.061563552187110945,-0.02541351932079243,-0.0827053302191139,3.2408050012341922
-0.11400082152472596,-0.0308126109628796,-0.07540069868692059,3.2731830516015816
-0.06564931618899517,-0.02699034731014494,-0.09540898247819353,3.267043670933115
-0.1316117411581507,-0.029327836415091756,-0.08149256141007004,3.4387232133778873
-0.09070955113930236,-0.024650167224080925,-0.08583885904685559,3.4514414830851963
-0.06715056458226473,-0.022285421889351387,-0.06348795913886121,3.197294930727635
-0.04425685349605482,-0.012059661770272807,-0.06174520584864657,3.03486260872406
-0.08007065521071229,-0.0602184442414198,-0.059123763420059844,3.308900181756617
-0.09627820279411209,-0.031851252222624686,-0.05329683836199989,3.2227262149119227
-0.0648697821249122,-0.020731036884724396,-0.1139423173751807,3.1499944642353825
-0.09426135806408127,-0.045543575466403086,-0.10065438346064516,3.2474785472763346
-0.07330327415950508,-0.04730134419450789,-0.07705702081735098,3.0793676134865438
-0.08286212312967577,-0.03749234302664539,-0.06700215167413233,3.0824597333452144
-0.11984930580104886,-0.026216389461486342,-0.0983187384500527,3.2843248532843665
-0.11231216070961964,-0.010102368346110314,-0.12858542529927403,3.2902897633421264
-0.06070842540477924,-0.014847732549699589,-0.11709281790799551,3.288295560697053
-0.11852929863669731,-0.006750590276899821,-0.11186517386193345,3.250803253407607
-0.04351287738051162,-0.028565293633581262,-0.09047993755170303,3.021704319730513
-0.06438267725680005,-0.03163160532036789,-0.113742607654339,3.2295886061781016
-0.08255601031761278,-0.04602286364086799,-0.09977206750212214,3.2140939683637955
-0.08657942302512009,-0.02540009645289823,-0.09139362944296107,3.4034279833196397
-0.07575921494693358,-0.045898329317408365,-0.10745472685356185,3.2966694287385105
-0.08640497112254598,-0.03357121032884149,-0.11825469593432945,3.185684766567784
-0.08508219324440276,0.0015247289056277977,-0.091059378000465,2.9936349704207657
-0.07725230902882145,-0.017707948474667865,-0.08909084842066149,3.2202752052430426
-0.07067538238048761,-0.04251295671074323,-0.08321703235544946,3.1804250887926573
-0.02515271958004218,-0.033076722633639595,-0.07603825015476401,3.3254207752251967
-0.04310720128261506,-0.007524579569496551,-0.10273181882175109,3.2497097110626783
-0.046961870002560614,-0.02439369436182562,-0.10689678412209715,3.2902434839563792
-0.031781031025578825,-0.041900385686261414,-0.11892885521766018,3.2000162478368863
-0.09240906478028592,-0.06435334338091214,-0.12253503172631418,3.464026136704321
-0.07815657987903793,-0.062098456907139284,-0.11966138461531724,3.4233368666189286
-0.10713327760769609,-0.0776197210073972,-0.10985399905663155,3.466408397668861
-0.034019479253036826,-0.06985402247597208,-0.09938547451862605,3.3611370127031153
-0.06666024445392883,-0.03868683210036986,-0.11443677718679066,3.501048120995211
-0.09129933019791957,-0.06561079758320086,-0.11448865483969038,3.651707110312068
-0.05885991670260066,-0.05905972120301043,-0.10016091015533697,3.3958326936072463
-0.07839101539207799,-0.046891600223294604,-0.10247268451066321,3.6001647641605548
-0.09778306427914536,-0.04162929204055588,-0.11080585662315966,3.5208909570562117
-0.04728814333054681,-0.03893411361751493,-0.09981596675597375,3.4484537570646197
-0.04008986306454462,-0.058003016686858054,-0.10447944007586878,3.527965317190728
-0.057805298817841654,-0.011696485054632314,-0.07520192091875258,3.3364694736311287
-0.03736582071821518,-0.02837664029022478,-0.061163834893125546,3.241604068496237
-0.06942670399974225,-0.053150010569940495,-0.07856855619942991,3.40557894713203
-0.03322862451407493,-0.020006161211473958,-0.09723521420202402,3.2768196906824127
0.019663728639176082,-0.016547827736967745,-0.08155870165849177,3.3409834146186506
0.026092161842624553,-0.019242699021265134,-0.045530519781160766,3.2883574837154255
-0.01971391151367149,-0.027980226550023458,-0.08573625654374122,3.329707451258209
-0.019598753153204827,-0.025516740464754627,-0.07042029787823723,3.2220162611947063
-0.0537757869919161,0.0033744434726770056,-0.1111914683247245,3.330778902161904
-0.028634740346065578,-0.002697011412883533,-0.09635741235812444,3.4255642250924336
-0.04729239470402396,-0.0451919398746498,-0.120346327717442,3.475601730042778
0.002380819591289851,-0.007098677716540306,-0.09470254374960878,3.338851899357723
-0.006240285506366537,-0.042459763663264455,-0.10717523806748341,3.321800004771511
-0.06974983213381411,-0.015340074065217946,-0.09242908167266028,3.279875666412775
-0.05621334679872604,-0.0283167579840817,-0.10017267419225458,3.1380239658266875
-0.052560503261275114,-0.00940956937353215,-0.12264069455245219,3.190150625664326
-0.013593738667551383,-0.008686978840759658,-0.06675638121497526,3.1124241344294945
-0.05129269774851274,-0.04011733085096528,-0.10738179944998001,3.375579929183609
-0.026082911255051147,-0.03225427183365831,-0.11710512558876145,3.0777083838830954
-0.06204546945121246,-0.025793549893896435,-0.10317230982693759,3.3197114928133065
-0.04163329260560565,-0.01702207656398309,-0.08576571483721734,2.977422346609767
-0.07306790062000645,-0.009704072383429513,-0.10747352551049832,3.2167028077053965
-0.054202170444473584,-0.021960012172911634,-0.08870338076657894,3.166275477242433
-0.09906499951390364,-0.021586588070643436,-0.12809087008795528,3.345458330984323
-0.10727122212816406,-0.037923969888699394,-0.09195213146896764,3.083377782193554
-0.10338539257203255,-0.004680271770968196,-0.13460383782578705,3.3034474852124935
-0.10156173518389591,-0.03783734045154189,-0.07446206716987551,3.182526058739565
-0.07627409027488224,-0.009533980238479222,-0.11134715403717567,3.154155176374725
-0.05573028742795247,-0.007857475397764083,-0.10879160813812969,3.099792096190085
-0.0992450774161463,-0.011936331961429483,-0.0886442530301158,3.170730797179831
-0.08413096816856154,-0.0465971504914854,-0.11370318521033643,3.3054782887196406
-0.0891760723521547,-0.018907957189636473,-0.09665302469188564,3.2837017397525567
-0.08448567737954536,-0.04895601098608768,-0.08897960253718926,3.3077869717927464
-0.08656787480146305,-0.06827114755262893,-0.07371595704229565,3.196725461990996
-0.07311348716623299,-0.05057276339395008,-0.09208542009469328,3.1251710757424633
-0.04252916782873635,-0.04810205751701332,-0.08634779258486257,2.951948350708267
-0.09568862201524149,-0.06292087220505474,-0.06359073481267358,3.103787335242831
-0.06511782091638393,-0.044100901570100264,-0.06734076013432039,3.0270539800390273
-0.043474067233815784,-0.04057995810907122,-0.06884079170161791,2.905128399013573
-0.03963174144661498,-0.054034774796534575,-0.0659910168507919,3.029826636987757
-0.035241320605746085,-0.05228768751139049,-0.05561944679796398,2.954192226345127
-0.08556125933846627,-0.04503344314813791,-0.053963293836668084,3.127526684367813
-0.06177544417959757,-0.05857837395109682,-0.07757559217678987,3.168071132986839
-0.08624752268402384,-0.04892340446878743,-0.08313743320253214,3.1254525334442302
-0.08145232390057319,-0.021971232946462416,-0.06032606854818205,2.9725011669551553
-0.08165438339479525,-0.046483951062128936,-0.0635063490035685,3.0229084469096414
-0.091538687320082,-0.04319640515500635,-0.08973795307940284,3.1623303778727903
-0.09272266975755226,-0.058358116562858275,-0.08132304104734235,2.9477173240332375
-0.0962930157154478,-0.04666619118950347,-0.075981725908784,3.110848669707174
-0.068661019744102,-0.04887130347574999,-0.06516061765641006,2.9558052704559636
-0.06552430257209128,-0.03964324065804013,-0.07864357030784093,2.812078340360098
-0.07817428458390625,-0.05637994720489052,-0.08107422642837532,3.019360045564895
-0.06819031374450475,-0.06442663874791905,-0.08780849503704635,2.8775249909384804
-0.0630026790216684,-0.026008863763122607,-0.07050213810733588,2.718517059023691
-0.09735930652665946,-0.025664677771848877,-0.08451477911676333,2.8250767768420215
-0.09109921799559714,-0.04655140863805824,-0.04502563785956642,3.0088727602753895
-0.03255985237095772,-0.02802643790245941,-0.0743419190762682,2.826954288432221
-0.03972607155877092,-0.02829074708737563,-0.0533773059709553,2.8269107664446493
-0.059064714870111105,-0.0027614660522249776,-0.023745865063751696,2.7769054230603216
-0.0424292050025928,0.005507506687898463,-0.05968955585711481,2.709080340591418
-0.023212057490414956,0.00841066084835154,-0.046352744691546356,2.9054506419968313
-0.014774336274971427,-0.030866017633480278,-0.037300271365364804,2.827896282755399
-0.01381043939766612,-0.030602290559562057,-0.07544337763371141,2.996777589928144
-0.05963207807627965,0.0006772953995440731,-0.04730580729645523,2.9053247178282042
-0.06901266598268932,0.004173157735499497,-0.06735409316599035,2.8839590584894497
-0.0501420512881377,-0.024062576006017387,-0.0768365382316366,2.8948635153119153
-0.06037189235301003,-0.04718763245486973,-0.063610398999168,2.956903690946168
-0.10524309712076181,-0.024896156191797688,-0.06004349271917655,2.8965642882798446
-0.10712211975362401,-0.034415668392802884,-0.05831478803700001,3.1005642019130923
-0.08844417439047046,-0.05499975260593826,-0.06358309088156217,3.0447013853372664
-0.09114344542884299,-0.023763068754012052,-0.05912062017476204,3.0667453365694324
-0.08685416211420312,-0.04704455183401955,-0.044769928017055934,3.0197782156979684
-0.0748233388507471,-0.0580909517655266,-0.049010400379960975,2.939364524261398
-0.1018573246012963,-0.0514028895316642,-0.0715238644476444,2.9498745158561133
-0.08093976532116882,-0.041295599570839114,-0.03144245012722971,3.049180257619636
-0.12661675009671916,-0.09177760930277638,-0.047132093283309216,3.2891124417272604
-0.09541176869946136,-0.05142540381143692,-0.06561929528358951,3.2034868987966827
-0.1272431575891896,-0.03289171559236484,-0.0954534081375147,3.206564206959282
-0.10793343630916279,-0.05974030221534459,-0.04425098771838817,3.3408235059262847
-0.14146618969927383,-0.04347527943198437,-0.052120745877919164,3.2613619944448113
-0.08072751115774124,-0.04593150146628993,-0.0406415934251678,3.183573759392171
-0.1402560313523089,0.003960229639546097,-0.051890667008677546,3.26417912891121
-0.12941429766278106,-0.03642668715920807,-0.05223398538051923,3.2630023852926593
-0.1233020840926082,-0.03368308424882983,-0.030715303178079956,3.236103353358321
-0.14007272383891628,-0.019665975002429247,-0.03078109557250172,3.151628339237273
-0.12319130883091349,-0.031379458597651184,-0.059653151872835534,3.0475297886223522
-0.12675602289652751,-0.03940286099763527,-0.05694237193895504,3.0985034799109834
-0.10119594644706807,-0.05685968389167446,-0.07410404180255714,2.888936728827273
-0.15970806402365595,-0.03550871489613924,-0.05676326302616371,3.1851278675584362
-0.0883021718151906,-0.021453769765600136,-0.0378202610077199,2.963078977534585
-0.11383453655658135,-0.04493683609533489,-0.03276823605389616,3.140910386544128
-0.10725880578754389,-0.05727341395990381,-0.04306328773092957,3.1709680882494924
-0.091841326135633,-0.03768730879653635,-0.041011007257737264,3.0848800736828057
-0.07123634049490572,-0.041996753488830356,-0.04206950839957514,3.1146211905697196
-0.08388344723816084,-0.016312364625537836,-0.06225463823941614,3.3084710283804113
-0.1009413840311719,-0.013689887790796879,-0.04496632475109122,3.114240884002309
-0.07592298957999466,-0.0016493991498496405,-0.027567231398259076,2.9890681355265087
-0.09257115818111816,0.0009710208107770731,-0.05368277494853096,3.149296489422286
-0.12063277232533433,-0.0265106486341405,-0.05655014271354347,3.173151799975349
-0.09209411051212754,-0.02014161686309564,-0.06753494747952855,3.2475165729722986
-0.14392517423646958,-0.021487335904602087,-0.06131861644628659,3.333092116497359
-0.11305743563857495,-0.05023206906838112,-0.04250162532194411,3.170823007995525
-0.11044089202623837,-0.03076278549986785,-0.036208166739863004,3.1023229452093455
-0.07522711194947697,-0.0287235744771248,-0.05053836131866591,3.0728091327592253
-0.09338959317590285,-0.04115563058798318,-0.0733483816421406,3.194929328269161
-0.11360037464331194,-0.009428791196954672,-0.052764436780362134,3.2112871601913615
-0.08930233343703067,-0.030506759036004746,-0.08632939072346718,3.2373167956015747
-0.09384826621644235,-0.0227994141913404,-0.05122422351458414,3.164382932419104
-0.11479867274708142,-0.014854016409503325,-0.044132087972827194,3.2906468365684787
-0.08579166878506496,-0.021772986235350556,-0.057311428650703995,3.1953652260184104
-0.07294213454920198,-0.004131853565408004,-0.05642419381224471,3.1503486174597892
-0.07872207543202446,-0.006763260594628988,-0.03044121970214617,3.178630579685475
-0.06305821743212559,-3.087420388560449e-05,-0.045135126689627984,3.135780244628704
-0.039575750352795605,-0.0018156824659449715,-0.06958948356895131,3.113776202497899
-0.07412147752311743,-0.0171497909535537,-0.03760962898614763,3.1419331445081693
-0.038145292594706386,0.00666717893488636,-0.012698310406594084,3.0521933113887707
-0.02820979199997874,0.0011661221970725307,-0.05926880028287778,3.0599235555111015
-0.08789249629968364,6.76001360589674e-05,-0.029154498511478336,3.1139060338579534
-0.009233264106342171,-0.02520578665028786,-0.037696245101338094,3.020737657262976
-0.057918594967281176,0.009215570482727031,-0.047147507745045045,2.9453594860637966
-0.030661134621022806,-0.0016323378017987027,-0.040608026222656676,2.9361500638212137
0.009007957980021459,0.01224794903173248,-0.027124481765288668,2.949400007938197
-0.05807893385111613,0.016386917708687117,-0.054585097760142726,2.9730946487907643
-0.06353091988947789,0.0035240022293496465,-0.03006496621168334,2.901202099370796
-0.08882079660250874,-0.008282082558052533,-0.031412943046430046,3.0405711618660227
-0.07552770246919414,-0.010873057948616002,-0.037280936423471904,2.8566135849851504
-0.08058792404957058,-0.0026956354027186163,-0.04298803027872128,2.8815519997592975
-0.13256279448410113,-0.035590178654200534,-0.06666021290404532,3.1562634908218
-0.07532950607977117,-0.03580940794648124,-0.09768824540199046,2.9365284561316485
-0.08232522200859349,-0.008156549976814208,-0.07743242627644431,2.899881126971352
-0.09396961385496574,0.00523880361198129,-0.039295603849310676,2.81423700519911
-0.08442184672326675,0.012636864554342861,-0.04105769016733269,2.8359866327336403
-0.06720298558913063,-0.003042022895607713,-0.06706030590430942,2.9484584605804733
-0.02468689760823011,0.003419567201552427,-0.06705894292462243,2.9373610285682186
-0.05000954566716398,-0.000902404651305874,-0.06996635256822409,2.8112416655990704
-0.04682726159941375,-0.00686807210071761,-0.047976282176923686,2.7545852898221153
-0.06603306867206908,0.01885706553597229,-0.036901139649879185,2.7140258345545454
-0.0034666977900575818,-0.0015821866226562735,-0.005717608782380011,2.6569278917914994
-0.049023374602905435,0.023368863961945187,-0.023717692002145303,2.682266105752497
-0.05742681607418902,-0.007956527410748924,-0.058027557707843694,2.8135070640986473
-0.044937212918345605,0.00845106968276905,0.001622307305365288,2.9423906364367225
-0.010518967470648066,0.0180193921931938,-0.0158117681405849,2.9372959474573848
-0.023484628128763833,0.012768981793236166,-0.07633403047171679,2.8384096664674305
-0.02729349448999433,0.003107745836908041,-0.0696818369508602,2.846691836719023
-0.03631426283038734,0.00965093707166842,-0.07020043483538217,2.7858118883611174
-0.02611634952119454,-0.01660115614560781,-0.04938950096648353,2.9908095253693734
-0.015288663889911763,-0.016289780077507258,-0.05249996405991356,2.85238933748221
-0.026636018118332414,0.017839349217126023,-0.07195651831384443,2.933306307216325
-0.009994229703864198,-0.021058468098391857,-0.05290161527889076,3.0136669467567607
0.013810488474830313,0.001923081606307251,-0.05805930200049395,3.1044099098669466
-0.017220727002513137,-0.005405757742708773,-0.042714045607000276,3.124825772867329
-0.0086691315753104,-0.007203172272997181,-0.03696041382630477,2.97968537635973
-0.0518868759611389,0.016452838486239116,-0.04022898441505255,2.9572165059641593
-0.01831100280682236,0.017607313739014946,-0.027745679281075408,2.8941945867246925
-0.01634805128919884,-0.014852124890367729,-0.02767624481417496,2.9738745807958935
0.00954770775037298,-0.006871017596198446,-0.061830711124013386,2.9000090215785566
-0.056687779119849596,0.009773311806037582,-0.021236195840867635,2.839034795966525
0.0012276441298861216,-0.008441693855117364,-0.036552011158986084,2.9280648548691586
-0.050817714771337695,0.000666063857419844,-0.042307415297503106,2.839758629758952
-0.012411833520546563,0.009205963216966083,-0.052868859370135156,2.6578098499944653
-0.034102317931487776,0.0028216248455252475,-0.05161828735435716,2.817919368477699
-0.039081955261601,0.012735624179802932,-0.01746782858228791,2.8871758448051814
-0.029609734046755515,-0.019002352956475975,-0.03670484374987674,3.018153535756888
-0.036009610069146714,0.0015936754101900498,-0.022108401914059425,2.9277445087624008
-0.04995375799672454,0.01719737161543794,-0.07063447795703179,2.886605350971154
-0.019307965986480453,-0.008216629088698947,-0.06674277326404783,2.9364121332427477
-0.03766180348672972,0.004047363643141598,-0.01884640736604658,2.9993567560125074
-0.07220261188174697,0.0373718099280138,-0.040510406329042056,3.078843155759946
-0.05107535929962593,0.004437592776080941,-0.05327689872370998,2.9685717610976208
-0.027832134000021064,-0.0008749649335554931,-0.07550139979742747,2.9406515276400014
-0.046487238876639934,0.0019285940810148073,-0.05242898910061192,2.833244820845112
-0.055748032189497435,0.015006301330092413,-0.08580915414560557,2.8834293401486306
-0.06057048904649525,-0.00437987003897593,-0.10563276210034146,2.927499718348733
-0.030226447612689708,-0.007623006972498046,-0.0762184502539036,2.9793029618031084
-0.05658063237094628,0.004668973448049933,-0.06936784886783373,3.0922113282697197
-0.06130658738120736,0.01220463584919858,-0.057449615633044245,3.051350064138733
-0.02827230342742059,-0.026427507469143793,-0.057043708172743665,2.9249392881656835
0.0014341046741637284,0.0030478543356281117,-0.025786502067539074,2.915640890749557
-0.02344484091395634,-0.0052892485831652755,-0.020096829479189608,2.802459899299844
0.01991901936081017,0.007310059438202875,-0.04337925193746472,2.945117938007349
-0.02389452782596389,-0.019795164453719438,-0.036860191295161056,2.8808259540136847
-0.061643038036616686,-0.0007001684282040179,-0.03259846459900441,2.9956940886766676
-0.026931661248059388,0.014721623227746653,-0.023253077272537052,2.935712596111463
-0.016189577892623912,0.02979352379536974,-0.045206237266662876,2.9518288357596942
-0.020943324130783758,0.005251429065834536,-0.03385765600358077,3.026974884441792
0.00657275180367368,-0.021126291770266484,-0.05234698585162282,2.9630224181497162
-0.006150979251417671,0.0002482186649914923,-0.02502650122545037,3.0055702576884316
0.010836707683171777,-0.006746645907309078,-0.03499688238795253,3.0476805677549765
-0.0555476175287704,-0.015772368922374377,-0.045309811608829555,3.19827711246334
0.007751097143091174,-0.013355175768050514,-0.049998467747312314,2.9743169498350346
-0.03405290232948081,0.004202882562386521,-0.058253580407563045,3.026237729518366
0.015067950855702932,0.005540925479206854,-0.05875654767168184,2.981818934080427
0.0020619282770312896,0.012364954888664922,-0.008443709634188076,3.0920336271189894
-0.021474202558776998,0.022389445128960468,-0.03606796477257281,3.0234219487371696
-0.014395738287797449,0.021959457431803636,-0.05861307731906765,2.9886101425267326
-0.047137505073879836,0.01708429543820241,-0.034819739942564126,3.0099274080151592
-0.02958244357846845,0.0041025474960336905,-0.03892830537527495,2.8202212664442654
-0.033266419215771705,0.014782291678704403,-0.06501846856161167,2.9461288929347424
-0.05382962088502159,0.02209880647356591,-0.052785536692996196,2.9430335131384355
-0.021281054295892853,0.04557796430769869,-0.038416231978420944,2.933723245574455
-0.061489124437393974,0.0022452337990814964,0.00567190066732848,2.9761348458993773
-0.04790812622606035,-0.017370596611279918,-0.009667374260205079,3.0791701864726235
-0.02408323023293587,-0.04689827576580113,-0.07687647392596483,3.17599521440867
-0.010780951019475113,-0.033999678819477706,-0.0482320845821083,2.9817675700140343
-0.01015784547602198,-0.042605184850591844,-0.02175530937592337,3.1738550356908015
-0.026373353294656558,-0.018087743502786264,-0.02208080810836207,3.166407065524169
-0.03396895247670048,-0.022007040189647997,-0.04508547070880228,3.213750916339197
-0.022136833805594426,-0.029839147222347265,-0.048024858590109035,3.2454877809289284
-0.00357466354710604,-0.02178447536640994,0.0008408738933195196,3.1360811874206025
-0.03942601985774936,0.01577907920363597,-0.045887885832371994,3.2975264236587463
-0.0319755887467125,0.011263196516539646,-0.03656540754619585,3.1483994079423105
0.02002855780908049,-0.010147594756378728,-0.05494320010137476,3.280155295468956
0.0023675294901571073,-0.015053689120977676,-0.0413543907915621,3.17214167587206
-0.028323283657632405,0.011783412493870852,-0.026079892982273218,3.1952407880339333
-0.020767661006520208,0.019364515511751116,-0.013721126648018455,3.253382647231492
-0.012737030328891848,-0.01453816824793269,-0.03745729017184056,3.1319785607029407
-0.0024538334300153943,0.010778247991474216,-0.07236135043211606,3.293850211253437
0.00992529398891115,-0.006447174788988254,-0.05357885904956871,3.2286886112255493
-0.013608805753748962,-0.006158865427496649,-0.03309626274723467,3.2374741300220435
-0.0032692248005493107,-0.01942375396609528,-0.06676073955507027,3.1061805034538317
-0.008409887708622638,0.018218457490993205,-0.11058955627492369,3.2883722773950557
0.038226321072562415,0.018316650242078736,-0.08449250463405325,3.1034633186414244
0.028159157927524492,0.006645653326655649,-0.08001927239014939,3.166218738231369
0.04652874181213486,0.014006408207445552,-0.08026860051707904,3.1786763884376605
0.03280846885296779,0.0006074917616243156,-0.07535347565686867,3.162114325954777
-0.007344243730231981,-0.019770492559375328,-0.07166003731203546,3.2170471735893056
-0.016551261451693874,0.02022530205986264,-0.06111509067157281,3.077652927932058
0.0016955876908271487,-0.00945770644972401,-0.08519397454893277,3.1920238652994968
0.03292180497902009,-0.013399339389312592,-0.09449623998305216,3.113861507348133
-0.0075467329453002266,-0.017107454016294845,-0.09838240222715532,3.129895219530764
0.00826224323745823,0.01786783342553558,-0.08342771322219342,3.067426966232652
-0.06781183919226001,-0.03776432150155835,-0.07343478639907883,3.151443590847207
-0.05972333408228717,-0.018748906958992194,-0.06687322099442367,3.186590984951624
-0.0007939273609202048,-0.017467896742063144,-0.06952534776940454,3.2065057577874643
-0.00904436198375668,-0.011220496846421213,-0.08983585800519284,3.3100657520363863
-0.025324122872703504,-0.015620123861372735,-0.05867159856590351,3.165961527323146
-0.010478635897164228,-0.02646457445999773,-0.03718588059821232,3.0945082833404163
-0.055616057939209596,-0.0009459431115110319,-0.05474792997822575,3.1003409231259687
-0.007303024447120678,0.0018757318431217019,-0.033136384168007064,3.083487719124215
0.007795406929338248,-0.015126350980928693,-0.046306513447633084,3.0953526917770806
0.016443818648015,0.0028857373499638467,-0.06610252436481032,3.0557068499926836
-0.0037370589416385273,-0.03836444872536795,-0.036467103785437355,3.0810539641513586
-0.029468790479320352,-0.004181198386739514,-0.038722917618119766,3.0679095058633696
-0.01747309030724792,-0.003142688006742724,-0.034179695511332,3.0819553293942676
-0.06349715986322893,0.022969500625375477,-0.053658019766749054,3.1255480930679416
-0.06191866789626657,0.01327297920465729,-0.057770345462671256,3.0264135106547134
-0.04651593209002841,0.009823915679703537,-0.0464214851632768,3.071364088743252
-0.04288778566723906,0.005538867905017097,-0.06805521446178173,3.069247496942846
-0.03753910511447453,0.01621489970495211,-0.06281612215061212,3.199874252616627
-0.04550249938044227,0.010402039064227488,-0.06964581153215967,3.12763579295509
-0.0270377977501626,-0.003025854532710663,-0.021117024440076626,3.12265646576577
-0.03758436283635329,-0.02979485202140271,-0.010378951398754957,3.234466215711131
-0.03326273449091951,-0.011897950293925931,-0.05063755818255071,3.1581809988766523
-0.020941217009136304,-0.010801979562457573,-0.04510057830142769,3.167278426352268
-0.052824392122195044,0.03208392587419616,-0.02400350914468629,3.208369285394873
-0.025443955566804212,-0.02070389537226418,-0.031136070041936907,3.1046812043852663
-0.042392063298103855,0.0069113274772845,0.007518363150281318,3.382220317166289
0.02392750458444903,0.01486563884583081,-0.044979445705120365,3.1233330293713113
0.01601005102698662,0.01633208079350688,-0.08806533095830094,3.1631994271131383
0.016026624103112074,-0.01725935424887609,-0.032926700886232264,3.1470872212892846
-0.029059378719182242,-0.010766184420471503,-0.08547680513292921,3.060582245089577
0.025033639257782337,-0.009648617228809742,-0.038161827537759006,3.1674030434437768
0.028046739405417208,0.020220831176319832,-0.032034390889164606,3.2227172394392847
-0.01953430919812846,-0.004745165974969259,-0.032275649692932014,3.226196324392169
-0.0016166834862287318,0.011558282143667593,-0.06301683951402452,3.2364480793691963
0.05356843073201616,0.01196604904093372,-0.06308612148411338,2.937484936686225
-0.007625378768498756,0.010548955866251162,-0.0638140524449807,2.800417870670592
0.009104630486814575,-0.007811008374534534,-0.037239418185077484,2.8905170017521504
0.008273184801315125,-0.006986429780847016,-0.01593024692646236,3.1567034404758343
0.05637233705407676,0.025020398113014142,-0.026217973583897256,3.024022096679487
0.07242502027328354,0.023960580650580536,-0.045776459405593085,3.086448401820955
-0.001555112558397525,0.036060415466986566,-0.06681627228096797,3.030249786337464
0.006738074314048492,-0.006146212774737896,-0.024156644692445085,3.044954535320883
0.027697845943612638,-0.0030299075785219236,-0.04857193409354564,3.2033569625758114
0.039127358111319906,-0.007130809598923069,-0.05127627841026709,3.204041475007554
0.034397115682249894,-0.01891604605970513,-0.05648691640450192,3.106958378442807
0.054005545132740695,-0.003206813522423132,-0.05691238104013378,3.059872871841287
-0.03394099331476525,0.0020215065190278014,-0.05203620046071304,2.943744974665244
-0.02042347641962845,-0.00561963935918228,-0.06841845080218092,3.0467129908483814
0.035219687883958524,0.013652057269642628,-0.03529569732121388,3.1107848363588393
-0.0059302599136116735,0.006586419955281974,-0.038427216405929686,2.893503455619732
-0.0020008394659532308,-0.00011063441579775981,-0.057241967293585876,2.9864156319398902
0.017037974910390125,0.009054219822439065,-0.055495806811019066,2.990154467628945
0.02318530033243475,0.02140297938049949,-0.07072131005621597,2.9490228945599406
-0.0012646386752260376,-0.001094853957270119,-0.05870464750718025,2.8676574203978373
-0.029175717615378353,0.009749174237726371,-0.028639287908453284,2.7505308916981788
-0.013568284429593121,0.005155417034194289,-0.036737732581851715,2.9039433373074144
-0.035862219972103704,0.023571818010644834,-0.030030976106479347,3.1100142766833736
-0.012598900512303028,0.01854542633256925,-0.024228166579764888,3.0945581714776313
-0.011047672955849354,-0.0211240723036095,-0.054383036126492465,3.2079192274821247
-0.025125311058024798,0.038154369685405344,-0.0389957015173782,3.00711274540962
-0.04723602618483461,0.006595631255602315,-0.06549967490482295,3.059810245072247
-0.025206740156836206,0.003331302153795841,-0.0685128294132574,3.173431569733064
-0.06719264784487963,0.009555019813892953,-0.04241314229664429,2.9872016053843997
-0.0400494047869457,0.0195836821297083,-0.046866206880260476,3.2294430120671382
-0.04775549195162154,0.013351345372828085,-0.038246252523076216,3.1165779048891387
-0.043316170756803656,0.013523421695206178,-0.05285488188384723,3.0713505910900847
-0.014709950841624672,0.009889184129608436,-0.04102636806810969,2.7723416657916395
-0.022044533988257158,-0.002642348931578208,-0.057410020926908716,3.0925500587747927
0.001400541133549706,0.02315557761047875,-0.06687732276685586,3.080675168447145
0.02668992210646669,-0.0040580245518994145,-0.07960032434403422,3.0602237880645484
0.00308848045623094,-0.03951475174877328,-0.07222959072550801,3.017242105765267
-0.00767306817741382,0.002590958342896657,-0.06700500259178896,3.066345396565735
0.005856662836498284,0.022358315996547824,-0.06986108454535335,3.073130550144978
-0.03616345819415083,0.029164580370974635,-0.05908568543255146,3.22610511720079
-0.01662781977118042,0.04254513527789405,-0.06060291920376698,3.1319282222129896
0.009580923785134072,0.055787716547304064,-0.04415581093513569,3.016305879074504
0.009619510405878362,0.047180087923873695,-0.04774422876941722,3.048230373077467
0.04290392386009375,0.015748625186643567,-0.045481153771952915,3.135008676482632
0.02196434014964327,0.018292047334946337,0.007235401598779664,3.146368569179715
0.023835311494567593,-0.0013940031857947138,-0.018697663470010884,3.119138786293797
0.007631132394178894,0.004745441002854276,-0.01782501471745807,3.162332275800487
0.011411608921533803,0.02402137818755211,-0.0035840740511234414,3.323672043453949
0.03803330228983958,-0.008982366189576723,-0.010782476059517074,3.370639649530018
-0.010783309003460164,0.002479570011336043,-0.043862126100228,3.0828374892558594
-0.006263273602489267,0.02547355092705939,-0.026245379651714088,3.0739742651343747
0.028617056930714976,0.03692838097324904,-0.048432727152023826,3.049427246698325
-0.008871252566203237,-0.003308608348678965,-0.045514969737453406,3.096646954299509
-0.024228390808392078,-0.015279698943483465,-0.056861745340132074,3.041516211347439
-0.01329941423899708,-0.013759870890808594,-0.025115003555173945,3.0226873360109803
0.03397765565323376,-0.01626507574488304,0.006901051425240781,3.2012773459283026
0.043996796621798756,0.022727865673616354,-0.00914194342296874,3.0545395965909043
0.026253744963484506,-0.005912402901003892,-0.04734583601376448,3.110409009419538
0.014054897066286447,0.0005573059463272307,-0.027294188144991946,3.064081474932214
0.04273698022319436,-0.0028976938502289227,-0.019044659134121587,3.3351623114370956
0.03885960635531611,-0.01575829109579822,-0.0004017111466253447,3.4120717911781124
0.01933597596914725,-0.024131204903766832,-0.025247697994509988,3.1952916508715368
0.019015127202459372,-0.005077864398401898,-0.0027922171512135816,3.2278657654529814
0.012568895402187615,0.0019638528212985416,-0.012850619322586188,3.171610020236963
0.0009986407760793725,0.005595663681603981,-0.013863107757819168,3.090532462480742
0.0004003656688966405,0.001011290081167733,-0.0320957900721961,3.1054630386964464
0.019645340652549338,0.01608327544153366,-0.02776577837991505,3.199501866506779
0.0033939952416877192,0.01865119106986142,-0.03884886291601177,3.1156751163382808
0.04296201190114091,0.028625716708270264,-0.05183385112919188,3.2602268623331385
0.055885523171636475,-0.00824624654470781,-0.04356541529635557,3.1887741734133517
0.03096737640395636,0.02030767469168765,-0.031001730249614966,3.271046104730858
0.02320071854750946,-0.004762911124409406,-0.012192021941054886,3.1973344023783326
0.01274275655769,-0.0070950034916749845,-0.021557622309779464,3.199300404043879
-0.06669700414654099,-0.010076049367985732,-0.022951024197881427,3.424513424773856
0.015409338674955263,0.002681651986773877,-0.04361588740677023,3.3554199571126366
0.02457050142639696,-0.018124154263270315,-0.011244590796213224,3.4340181067397446
-0.018371197097048913,-0.00899240630308233,-0.048939500567254934,3.54134832409676
-0.035559158790183544,-0.021696892530107096,-0.02956465566571425,3.4201797433674694
0.0023709388014394625,0.025498308909641356,-0.027206057667664325,3.465391924692424
-0.0012869037517372233,0.006768107651174928,-0.013845134087882785,3.4712720282524314
0.009749569650333096,0.027860045903092812,-0.014532719300091736,3.200217276889304
0.01725352368258035,-0.01887349464372935,-0.029033918518453834,3.2785689336547357
-0.005655535218653322,0.023572201687359653,-0.038937844316879265,3.1753387048175714
-0.015659039032232598,-0.008023119766744885,-0.05534854983675642,3.076318639975334
-0.013709932950679637,0.015256083938856342,-0.03620416892564965,3.0763159657039685
0.009790991878092141,0.01952390387400066,-0.02425392470553388,3.005126954594014
0.0030443161624361015,-0.0042444713867402575,-0.05114872905152062,3.0513392725237645
-0.0035556820884981586,0.006998662701952322,-0.04891759722249334,3.0764906851833196
-0.0012383611704058159,-0.013041381007168378,-0.019970565894511398,3.2598269824618287
0.007561274362816661,0.017001556152543194,-0.043434547039031886,3.1249346118233756
0.012619828903242857,0.03372012173388324,-0.030519642674692725,2.9977583164842225
0.012849552045706624,-0.011053671490128418,-0.025624585438088755,2.8996004215538744
0.031157125866944503,-0.0009022347512877023,-0.01659883693176087,2.919569202973221
0.0004388242067117367,-0.0011553828275603735,-0.04057503316149516,2.860716366467308
0.015885539943591983,0.01144089072864956,-0.028820260180071992,2.9619879236142794
-0.020136842492976793,-0.0005478960165243701,-0.027779687174195992,2.9347671796371073
-0.006567562846215191,-0.017279550604513687,-0.021443179269271976,2.84997354296366
0.0033344246502391133,-0.020588921576813232,-0.0068825430270158935,3.0515875362595257
-0.006373877033800422,0.010358330252958847,-0.005452400254035956,3.3433682617605953
-0.023442351605948684,0.0008475414060229989,-0.014875777801308703,3.1607801053641937
0.008891481717940557,-0.006869343388552369,-0.01515975345892172,3.163483592656954
-0.05576579493643224,-0.002398419895415541,0.002478048772813756,3.2040828910649846
-0.014321222502341387,0.0186354686216734,-0.004164905221354554,3.195952330216691
0.02830663155832514,-0.01774830578038239,-0.029252965370071955,3.125839766299028
0.011757755415693611,-0.027360369958871054,-0.025566631399735352,2.950607099158135
0.015583889034638905,0.019808717914571856,-0.029983696548854213,2.989265356633436
0.04091665671008791,0.01350343780459131,-0.045828620989571196,2.8627192607945573
0.004551228508962395,0.0037860772972908062,-0.029663869256319347,3.231350298739657
0.020591121848094387,0.04690111782680681,-0.05140827905796925,2.9977094670891526
0.04046091110893104,0.032922940660492436,-0.04408422289518559,3.0976164619356807
0.05181246993748612,0.03527419041120062,-0.05176748429436717,3.1293680418926324
0.0891061863430508,0.026409390741684528,-0.06393257359218367,3.1972313793754386
0.040500750950641144,0.022778785099460377,-0.037844157231744065,3.0818953194410486
0.03535914206180548,0.05917711915012275,-0.0383402106392205,3.1990981859361973
0.007456806543513815,0.03700251708526962,-0.03086941605105891,2.9483170928665334
0.021348172397571894,0.010535359197759182,-0.046848999715068375,2.8577768599500284
0.011003760296791579,0.036314626940886295,-0.04657589685059213,2.9746613763403302
0.010363934123282344,-0.02590740904291758,-0.037823930649180916,3.075450250413127
0.02228403693232935,-0.012380388660661943,-0.052406678003240746,2.9146155559551516
-0.04438600129434285,0.008287250461514439,-0.05701492541050466,2.8657791231982825
-0.022999202508587464,-0.013224362843179422,-0.032624639679625006,2.866942610505079
-0.06665883924399958,0.022249549002845346,-0.030367510587862797,3.01745706160947
-0.040886902199834235,0.007835444131468665,-0.042421791073251856,2.811764543992422
-0.0018957532141329499,0.006556817406113177,-0.026413522862641522,2.7400137991920412
0.007326684840389691,0.01425027286622811,-0.030047188106117423,2.8040029107415805
-0.010888808697257123,-0.0029327750829518714,-0.0495197869155382,2.678847026686396
-0.018320885023375172,-0.0048785096214546695,-0.040690215002820294,2.8503311278846524
-0.006959962571482082,-0.004689669404431621,2.6980648763502266e-05,2.9232890313247992
0.0008045318320137672,0.015261168359838685,-0.04072047411295334,2.878759049310525
-0.002818236908553003,0.0440894817500692,-0.046494098920518506,2.877981341944938
-0.04187145342576859,0.027387755340771106,-0.03231740134061784,3.003099467289129
0.008859172490846555,0.0038567192542522184,-0.04443694615492375,2.9784958620397615
-0.04252569995014841,0.00940815405211754,-0.06971764790754705,3.01729815138058
-0.012728016677245527,0.017041280372116524,-0.009262474297415812,2.9070578481031504
-0.03367528701750043,-0.0049829264636840195,-0.027846336222870624,2.9061815792281784
-0.02484597667749862,0.02316484025927385,-0.02317317151142095,2.8908704222909685
-0.00573563371600137,0.006894971957684525,-0.009918169849734218,2.875336820693019
-0.02709266528625766,0.02132885391092225,-0.005067724771565352,2.8771016500040103
-0.06299806226517263,0.009114277979126423,0.0006808969854810599,2.926625785855044
-0.04540813419819654,0.026863063012838376,-0.03446730311683227,2.892441139151873
-0.060644909374655775,0.006111871126703385,-0.002995640064215687,3.073040020353753
-0.05049923880948335,-0.004610079959211871,-0.03355826053077942,2.90620306660689
-0.003498695011660116,-0.022073134737397512,0.0017037562601559088,2.947310427622827
-0.06394376786821795,-0.006918628663851246,-0.004136748008042738,3.0329295364105056
-0.037629564267265374,-0.012095324569647386,-0.00864478062781906,3.0183466116790076
-0.03200721030285089,-0.017927350069511315,0.019696458011716357,3.091652016769968
-0.011231024237352106,0.008253319917772117,-0.00678572019192247,3.057446018967068
9.281603444797748e-05,-0.007589744076004041,-0.00267049608320895,2.967884092844342
-0.03213436660078132,-0.01838884949913192,0.015327652352020457,3.05526055785518
-0.020491841535124646,0.020269995513007524,-0.03550448871396413,2.8203000478446976
-0.04334703124182157,0.017654951083562298,-0.0017554515282498936,3.084022722402801
-0.033718398298293796,0.0030904164440467186,-0.021971934371117254,3.0670755871158084
-0.024061307869195435,-0.00824454797464905,-0.019478709411785745,2.9656959446005264
-0.03551828928080905,0.0015277059899423888,-0.02326384006602545,2.8444364483322717
0.016906135657904678,0.007748719087837626,-0.02887033205900174,2.9547931882797136
0.031226382157602716,-0.011584673336303298,-0.0346578295617163,2.989569330002206
0.009932717439713301,0.009783616186032414,-0.032526992544191044,2.871601632016013
-0.00325525251888124,-0.016940434452273175,-0.03229141651404915,3.05367937957318
-0.05012882701725798,-0.02170505240719188,-0.042550490516687973,3.0227606533145384
0.008050110035848003,-0.0015349328903242758,-0.04763193192048709,3.290396883485938
-0.022981963290524175,0.0022479511478361164,-0.023738380351576042,3.3396988960849945
0.016574041365449883,0.005565903033346767,-0.009690935896727794,3.369479699746304
6.277547846552226e-05,-0.004391778143887441,-0.01832252666607801,3.099160184533936
-0.03815442234331663,-0.029059663010129605,0.012136223252323424,3.1587379829179976
0.052555817213472016,-0.022304983778378883,0.0027559619694101554,3.1352717416509193
0.0022433818263982606,0.005113812083722804,-0.00014119386735637372,2.986166349786112
-0.0029636559266573927,-0.04937260911027091,-0.007203783437398281,3.143542888169349
-0.029555186361262243,-0.027657786311943305,-0.04480858185475835,2.9120635799510906
-0.013559048045898045,-0.007736719907527475,-0.028616373525531712,2.9989708017587793
-0.021208602821997508,-0.03112284203644108,-0.02586337754975474,2.9698833762709587
-0.008095359445700603,-0.003456274074683963,-0.006643352565701738,2.9418372495576754
0.006584753754034913,-0.0068349413422074,0.010735345100760735,3.0593079271661545
-0.014185680921964048,-0.005526216374806502,-0.0259212278917175,3.0153250813223114
-0.010076650173425425,-0.039554651260177126,0.0002899166651509734,3.095531888497907
-0.02614822914545297,-0.009820741726794917,-0.001811954086523535,3.0860938848371195
-0.005973325473185271,-0.008682999399425795,-0.024823870701683425,3.053243176818624
-0.02698253459113088,-0.018463744833452693,-0.01079101126157026,2.8558734317879875
-0.00307853192502177,0.008337330254557528,-0.024456944353242374,2.8602949618242093
-0.03814135631929149,-0.02132101033868549,-0.011522105377088889,3.0367679643840653
0.034651462195345636,-0.03600418341861081,-0.05136758968029101,2.997803509547866
0.02623855267169696,-0.004677249178201266,-0.015110714244235341,3.064502036425807
0.02820764231260068,-0.021125553393111944,-0.021791145238965547,3.110654720534738
0.014320861490163869,-0.014985141144937294,0.0010456220839741917,3.228866974382453
0.05316442532663007,-0.010863683930404783,-0.03073260327263701,3.1663369109547417
0.03219861142742306,-0.022447407964498543,-0.007133380771034935,3.189777254960745
0.014727203166293112,0.027390931703637527,0.012099828878915015,3.060044719197722
0.028297774369141018,0.009099655291785193,-0.03101855611339105,3.2394138015386647
0.018763485734060344,0.004070233242958902,-0.007443300042930742,3.35298450814373
0.014050716725944719,0.002453194404820799,-0.0007416317519386142,3.4227649905411166
-0.020601210964675234,0.0028299905516945703,-0.021845638304800533,3.471750639756886
-0.008944564776156648,-0.029630907089163654,-0.027240596032734404,3.3385323840618795
-0.019453272347673158,0.014228211036713973,0.00020248881466412665,3.2990778761679596
0.07546742140145032,0.015530773811162225,-0.009975732827103005,3.3595915993911145
0.02804627590902783,-0.00946983696034464,-0.005779352520055345,3.505085901738577
0.014119333454876076,0.006861224144018987,-0.01082857174125807,3.5105190742372803
0.02676913469813608,-0.007693200143882279,0.0005600262252620438,3.4973240529657628
0.01478704724629305,0.023466164489427378,-0.006326861520730467,3.6328838892326156
0.05172687948407223,0.003511081828379382,-0.0009014177124064707,3.5593485368583813
0.06467978182285329,0.015153844429836848,0.006685916797585382,3.6955680801880146
0.04343781815445475,0.012076529212106273,-0.02597344261984887,3.7718057637537363
0.022664762360041623,0.00522777194873411,-0.015428390034208782,3.7197005467464055
0.07056043613411309,-0.003589123067836047,-0.018028688522022537,3.787047824328413
0.08270454746196865,0.015474231288818311,-0.018021292941787,3.689836401785411
0.05865642650345361,-0.012380251864387758,-0.021235451045942103,3.6705787956263083
0.11344200904242226,-0.0175103186808435,0.015988917791208052,3.896189742160498
0.09245862564025115,0.024508471413205727,0.027595512214300014,3.6586182781999312
0.07440789385102524,-0.028256360599619366,0.02526385201100431,3.788684542934028
0.05274581974940654,-0.017877160856010037,0.041006481265882674,3.5283646415049046
0.0315432782644647,0.0074316910566811865,0.03409875361677176,3.331464533606924
0.07691197539117375,0.032210522271306795,-0.0077209392514668174,3.4889477735611343
0.056789207917461185,0.018428630089322665,-0.022704047365040746,3.5047252372616855
0.03204815513003345,0.015197076006932122,0.004595698384389048,3.49356368379981
0.05880012884655307,0.0034039507875860114,0.020539192611953385,3.5870105642947765
-0.0009090968271522671,-0.02712442921403401,0.02867257739882109,3.5404846882597196
0.03582613028559667,-0.04558836125404795,0.03825041413438878,3.6011697714390367
-0.007187160339707333,-0.015520396032358486,0.002289315592086209,3.486397832952119
0.03392819875377025,0.015474067591669777,0.04967952956775573,3.368297928688508
0.01760387100859228,0.02552066759029774,0.022938100269308547,3.3394506412410205
0.002946928190613441,-0.015803964611078258,0.03448689461258889,3.436746958911966
0.03920799752090679,0.019524283669627475,0.04015399571399767,3.487826748406858
0.019436252149603185,0.000712862947967819,0.021805774298121923,3.450662039099394
0.0517937579665895,0.03181581285714116,0.02679210310382417,3.3861836913691623
0.06533203131390042,0.0019126522585968904,0.04185623609759164,3.6040327428424814
0.052482722515169514,0.009779659563267115,0.02599622510523261,3.689660523294877
0.04778357153394785,0.03971899644486377,0.051460236064268416,3.6777979531058
0.004442392045103913,0.008637676638992777,0.05846942481637849,3.6350153242503134
-0.01728053145884512,-0.018079443173893317,0.031951156636410356,3.5088915597763894
-0.025417669729544963,-0.019924709028257107,0.0400564819699251,3.527695237584383
-0.0004784305098975253,0.012052539553135096,0.019837242292758173,3.374108438642055
-0.024234879427124,-0.01620349625975938,0.0797951695749443,3.7847704515664287
-0.03360711614389464,-0.015307585340056119,0.02996535812960206,3.5188390706278567
-0.004518665635079895,-0.01301186009690054,0.05631924497044583,3.47420223388176
0.01621730660334458,-0.007945481698847536,0.04883910071766335,3.650604198129395
-0.023401741161347786,0.0038956805879755275,0.01153188300644468,3.433046090900923
-0.011086192034750133,-0.0360024406552462,0.006811616447745366,3.387494884791709
-0.046999663641843485,-0.03261768019036181,0.022310930325412877,3.422134513856645
-0.025769568713615777,-0.0421972756523207,-0.008829547628627725,3.4016167046513237
-0.01421453290086812,-0.018024489647081404,0.019583690316642116,3.353487512314855
-0.015600113058711515,-0.019077010097300513,-0.00563576541135315,3.35702829196938
-0.004473370073681718,-0.04127755871878163,0.022648854226693025,3.4171948107853476
-0.026042830828886164,-0.037185576233854774,0.0035805648175868373,3.526396418887035
-0.037043885877755006,-0.031075931149638303,-0.009613701969963789,3.4542313227002275
-0.009676958401386127,0.041080103686669166,0.019528483416336537,3.4011150356566064
0.020855157778456992,0.04024588405819086,-0.012412387743497124,3.381446119849534
0.025376070460567213,0.01496302387613525,-0.029957519018613092,3.50442698694973
-0.030476241078237005,-0.010549278109548255,-0.01894332322390763,3.117652929667136
-0.04944443136334408,-0.025463875527778623,-0.024863399072387417,3.26016837056661
-0.03290977910762778,-0.001431072953038815,-0.004138189671647529,3.2738171034960737
-0.04195573696497588,0.019743614329325754,0.006137542478972794,3.2915549791087266
-0.02556044842484087,0.020655859716526715,0.027961176644608884,3.238891456801972
0.01162046821360161,0.017946374414784808,-0.015456254239147052,3.1379010853217224
0.003026584463023919,0.02805843934050248,0.025806637314093453,3.2966209334967083
-0.0012846683982366278,0.02764498875365522,0.008131176398431457,3.230049792836795
-0.024076240563890898,0.045325074162455,0.029291843875085776,3.286502099846855
-0.03836909793007917,0.02264983715510602,0.03655128645703886,3.316951696744774
-0.03235080023462066,0.019958073074043788,0.022118579009914246,3.28876494776462
-0.012279423839932338,0.01035828328075742,0.012083022939612543,3.256244609558005
-0.011954397699633013,0.027872429844410795,0.011040664980859764,3.2737449075433047
-0.032137900697944234,0.028767437543812203,0.007774952868467504,3.162754191594925
-0.06167906207835716,0.020025062236946285,0.018066936569491873,3.216826235517119
-0.028055240287830373,0.031415608076248804,0.01185690905565429,3.1532002460403517
-0.033642840978037214,0.005906021673630223,0.036480728702944644,3.1506723511978634
-0.0003646803261269208,0.020150369084679137,0.0023474783606116847,2.9962368826189247
-0.04886608333117417,0.006746194111874404,0.04807770167145376,3.2895895183417236
-0.025447629524335182,0.016541858551690953,0.011603477709787905,3.1446497534203597
-0.025430304864773712,0.03491389396659051,0.00342025096308721,3.3036034040464126
0.014466876221675251,0.01161564902217851,0.020591031204223918,3.3700849963798403
0.0002269813826453658,0.01895499189192225,0.01912966703254152,3.2052027171062005
-0.018667992921981326,0.03690804428572508,-0.0033710879149174222,3.2748725506820606
-0.0061595598691763336,0.04050502277627421,0.0133563145383401,3.2127116711227046
-0.019230032122657233,0.0021588915395400897,0.034668166459059895,3.3319247351785273
-0.029591237942654454,0.03264978548264218,-0.009514192609959629,3.1827867535008414
-0.05140965113222993,0.04503696184799056,0.0017160805720902526,3.406019818733012
-0.025698504362248836,0.026360613151832003,0.009107297120539376,3.3749449470116355
-0.03306896771284434,0.04283894511322867,0.026769374052754195,3.2958158542158014
-0.01507805984560206,0.02456365134088263,-0.00251528183576368,3.098407665136186
-0.04978105369209311,0.0449064610300962,-0.000890961361043669,3.2774067745453412
-0.04474823229231669,0.015787304299547635,-0.009094960137678458,3.4333360953656347
-0.019482182770777505,0.013064458225604434,-0.021181463806490834,3.3290398461383224
-0.03086962510321481,0.009140098614112241,-0.028169432396698415,3.243512207677248
-0.05791651574598001,0.021147220876370117,-0.014734392295587564,3.2708267206024195
-0.05272224739358767,0.014446456044544616,-0.011987318807871815,3.4827754565377047
-0.03108613698811466,0.0310257409454037,-0.026804914885450816,3.3056254230186393
-0.05167771195667003,-0.006059657805906022,-0.0013776309849825377,3.2408191947624236
0.00630248980373923,0.003519334296708849,0.0049356635864312775,3.2687645931236036
0.007238604346057053,-0.015609602647604472,-0.02555988407913343,3.2596284567033944
0.00461222708060308,-0.014627505547115283,-0.005634670042968869,3.3794184908961373
-0.01489049351401637,-0.00419883765767382,0.009426837202174007,3.4186191722940307
-0.013982334976972101,0.004436148656614763,0.005153536046145694,3.349831408983524
0.00413135201909276,0.008195225450259138,0.005737308438936147,3.2208333533281315
0.014091491861106285,0.06473187678778593,-0.034415558943021764,3.2221964307914446
0.004910942573564968,0.04361153687394293,-0.021446950155059732,3.2943477693387653
0.0033325759958402514,-0.0005569508338798672,0.006927792550601128,3.3609953183524808
-0.04351680814440537,0.01996870813064336,-0.027921330215339643,3.0163068199342065
0.03657467380792239,0.01227326849324577,0.010780862364701927,3.185832946048151
0.037512505864630064,-0.013078403804701988,-0.00039077845176888466,3.132548035369639
0.039789867533870274,0.026162523389693538,0.01530000451160625,3.357444315406438
0.017796822480591667,0.0015800545543632953,0.02491357323230756,3.2454670186506114
0.01755005028624035,-0.0075438297715327,0.013249249476081065,3.3298426560513588
0.0007448323775015357,0.01973722001047207,0.039161318221833503,3.1230801505284678
0.010136251109203414,0.04141739354965948,0.005988330268737671,3.1708651793783957
0.008313149287773906,0.011378031368261302,0.044012253628764944,3.3070705689908944
0.010115315195318721,0.022310865419727387,0.04167522660027536,3.4431742027024983
-0.007215562292154822,-0.019832184125735477,0.04968840868707181,3.1874481910408026
0.0027597723888348317,0.012516209669500277,0.029193566881584695,3.4517207924352666
0.016202680469978355,0.04109931591743452,0.010650925686552367,3.363517307195294
0.04785232035406552,0.006667151711473303,-0.020396320999482714,3.2568938244611596
0.028672094440771432,0.027855407199527567,0.004034499632542011,3.260775768456124
0.04155761868364394,0.008553762825888506,0.016799120646538764,3.5263344143361794
0.03495098992623568,-0.012459830464949235,0.02328055033390925,3.38904567223501
0.01843588817157226,0.0019100170802637834,-0.017264157015905838,3.283425997942562
0.009204267022420148,0.013641935188526721,0.008095841531517883,3.2556275237631005
0.015824769873901724,0.0033025275051047085,-0.03232212791079153,3.1381489924708017
-0.004242185605124583,0.004727815311423229,0.005814107587118112,3.348008964856916
0.020339578115788782,0.012695707528809289,0.022112886295346596,3.0982341872919923
0.010977860174713774,0.012832114339941095,0.02324359536833869,3.2805199961427673
0.015278741254356805,0.02685725631228344,0.036198473304032454,3.2558613707980277
0.015249919343334521,0.009271113236224943,0.007550493726001952,3.1918506540941256
0.043228575148832445,0.029435339479839652,0.006796180745636217,3.1962205132115398
0.03644741272843577,0.012714460959007893,0.0071686319433412905,3.0792203028233938
-0.010404111840421362,0.0333814114923052,0.009933098226915146,2.945693978440213
0.027680117100228628,-0.002785943684290868,0.04411206997339267,2.976237106923864
0.01270146033542077,-0.006228785553743539,0.03431624193669317,3.169081326267055
-0.005039295969475803,0.003500850144671446,0.01520950954509671,3.1378856765609937
0.009221407793139373,0.002831767956934974,0.00803009038833675,3.1903243143173055
0.02741329298286074,0.01211880370860468,-0.01870005556726333,2.9304782070689828
0.0019043417787552434,0.025203155617015492,-0.0005333199736745809,2.920371325512082
0.014129961606067644,0.037272430698776365,0.037920606686318865,3.210582663053136
0.012675968987767686,0.0210536497895824,0.001367615267893703,3.111770683445592
0.021827793573238476,0.014640999381261805,0.006204820892072565,3.0602882679344483
0.025521890024045292,0.03602054910422521,0.041129264062459155,3.2440131948728603
-0.008112444277800324,0.016109028650603784,0.0477154810943833,3.0103375862459316
0.04592644724288424,0.05456978943436253,0.017264874470467505,3.188512018221835
0.05145025758463144,0.014811841970080767,0.027821960542654164,3.014772626895505
0.08048121671819375,0.025877165822128016,-0.00638439324856431,3.239249543244417
0.0647500567062809,0.04692610814570956,-0.007781176594207485,3.056326142669691
0.049956814110877115,-0.0026596309746279184,-0.003525175842599309,3.143204099130717
0.054209931614769696,0.024350175820344388,0.035297471519618234,3.285677393376643
0.017986924725705775,0.01950051705504991,0.06120469301149917,3.3477494482185914
0.04975915214296756,0.0027731494715305034,0.07173072517522103,3.505973113925134
0.03638066032104865,0.0004337438084708097,0.05201409623857571,3.4038738851966364
0.013688827170669358,0.06037790002264803,0.011609584627335481,3.090278638012968
0.007439235598173533,0.02953527177894694,0.013892674060742067,3.1802152723018327
-0.000878033514561951,0.005198412036699691,0.016873699909934117,3.0491228029891477
0.029580502847819493,0.015970086726719825,0.0027961354585525544,3.0160741272512057
0.028513478315002803,0.019896866632111317,0.04446376635080206,3.4086873893383123
0.02340719992813141,0.0008335573863157265,0.014823296230162783,3.3374134688752815
-0.020796256279279543,0.0157835349001175,0.02073983799368928,3.18077232595408
0.03790792127447667,0.044759474409157354,0.04741779628429918,3.264886481748722
0.026449613965498758,0.0161333570924329,-0.01452871879168365,3.0395267992904933
0.019041205999063948,0.00014841922399417708,-0.006132538485001332,3.136933134098174
-0.02132260531998158,0.01664229630206577,-0.000993938916678517,3.0782395563405096
0.04859757717891084,0.023224802041748486,0.015407214890364087,3.2869471909358627
-0.016593411649958274,0.03402346166093928,0.03356160014499383,3.34558477004599
-0.032441420325065265,0.028377188974110526,0.03880586604326676,3.3252447999653687
-0.008228997215273773,0.05301417096505663,0.0239647082441786,2.9702474839780417
-0.00589847940016287,0.02003206138727467,-0.02898741884121319,2.7541885018410985
0.014542349620687798,0.07045043045079771,-0.015646935107086247,2.8943127522284673
0.06651920296872227,0.020516354166167882,-0.00732716572285263,2.9705529988488393
-0.0020853167969677663,0.04821219847531283,-0.012094200421307941,2.9344154483355522
-0.007225707856111249,0.06267322030640002,0.0007986438892667591,2.965606569893696
-0.016174386057905957,0.04505482200106905,-0.029881497797064862,2.910661049918326
-0.020997813567634787,0.0440512977384279,-0.016967683506903003,2.9149958790142025
-0.0338622800297098,0.022612674020628686,-0.01750962958671849,2.946420432875552
-0.06070056368932731,0.026072839364228002,-0.04182864311197699,2.877382324470052
-0.04326945496442587,0.020574411965413746,0.006719990439085141,2.894092484363699
-0.035455552045681564,0.04458760819759143,-0.0072200014558876265,2.9829926405627836
0.03034627638864903,0.05876718830331101,-0.041569366628905105,2.9492786709673973
0.050402370514347844,0.03394522198316926,0.025170014449842015,3.077270871859632
0.05846621017592083,0.03751923882577115,-0.01329389319121179,3.0766568595352632
0.02954495904629076,0.051145260305874324,-0.03281084868646406,2.95070950067418
0.03894235606623969,0.07920150047140233,0.007808249512004848,3.1345771746075184
0.024441141815918176,0.041677186976795885,-0.02353558725381945,3.0381990884690384
0.05166756889101569,0.05603342955764174,-0.0086347006329362,2.9541468025478457
0.0404004186547706,0.057414698984515955,-0.012185855062117903,3.1012822537325584
0.04066160480045164,0.060383863557737984,-0.040992592655820774,3.0479131856740223
0.01815407216379261,0.04112515860993103,-0.055050226287603386,3.073889315403216
-0.0066343997125807574,0.003504123653081519,-0.037543775431610915,2.9181370445691104
-0.023130648646694944,0.03811553023052491,-0.10458557825778696,3.006267646901369
-0.02190197883501407,0.06412315289759779,-0.06675034807386386,3.016777885309678
0.008777811998695087,0.0585212115598072,-0.06557501937872348,3.0743012079799814
-0.0008724421835812214,0.016434248781536456,-0.06440138565407999,3.074817338628887
-0.0551191814362969,0.05175634335752164,-0.051937279140838274,3.1735256144315023
-0.026032751338442503,0.020959336788037592,-0.08743328978383513,3.065289999771682
0.009146922844293455,0.028774065113632365,-0.07047321663823886,3.052996171081795
0.013964662841664227,0.020935478927104637,-0.025335645843538382,3.232776637599648
-0.036305230602339617,0.018806137428607695,-0.022494108942684693,3.2297857453215295
0.02078598790797882,-0.00983645053139743,-0.037481281591530254,3.3145695036897136
-0.08385957046380406,-0.022935356230528985,-0.09884491171040295,3.3509474362909435
-0.0644566828620648,-0.0131609903163997,-0.05623766514139919,3.288335773230011
-0.06556083575886108,-0.0027632066362461463,-0.08900477888856806,3.3103332592136305
-0.052984471761531385,-0.004923436633783955,-0.08086234856230569,3.130386900692042
-0.018401025834721158,0.03355106110562916,-0.09945786763549956,3.2284281737742027
-0.05481016212844736,0.0034016220084722073,-0.08299569644301595,3.274361047032751
-0.04038847054651173,-0.011529803166345375,-0.07103035639451613,3.4093463922860208
-0.026672461937844887,-0.013995167815725726,-0.1083967051174716,3.235235095657567
-0.04286286707521296,0.011524886714876758,-0.09539162811761566,3.1537193499229703
0.013054495372392531,0.0063029773541880465,-0.08838178470080774,3.1879088700481333
0.029199893388831045,0.006008641647756433,-0.04837029769481279,3.150216722314482
0.030691800865979453,-0.01774007030350043,-0.04799518335520814,3.1552121194603173
0.02721496956961704,0.003919514825832896,-0.04435318001701103,3.1588301936824066
0.0419258896000675,-0.007856470740052331,-0.07408896075255832,3.263510059182311
0.03750356695331103,-0.014343743861401833,-0.08147864878643565,3.171674692141996
0.012765165040383924,-0.023283673209975597,-0.11019349795504907,3.092741803505413
-0.029323373590463032,-0.02629425437540281,-0.10047192603189574,3.0995078639674305
-0.05128099855782151,-0.011748344198340949,-0.10094103731758482,3.10617501542497
-0.024460215774740893,-0.04268823652768716,-0.07202699759243295,3.1119925693830366
-0.020827941832187002,-0.05379330335932317,-0.08314477775946975,3.0101107059501753
-0.062115933402120814,-0.012796001568332969,-0.08453840123542439,3.0595897889940833
-0.04307206145434019,-0.002821136755290399,-0.12421306686264465,3.0570798939011574
-0.011618361945918993,-0.014650281576486925,-0.10879171864955874,2.8542888532538506
-0.030635155025997094,-0.002743440661920783,-0.1124259562924528,3.0068555087086164
0.010549682577748014,-0.029670215288037864,-0.09638591652975437,2.969601391043722
0.003621165987404143,-0.004869840306900888,-0.11226498141980165,3.098162482816763
-0.009666286867503083,-0.001018410108637292,-0.08592007266141606,2.9778855797743726
0.01142397241634176,-0.009174868617563328,-0.07166264681287476,2.9450639301473993
-0.014047308648512714,-0.008111498744169887,-0.06214300798829014,3.0629977336482597
0.014046046348008321,-0.04210086840488046,-0.09168245057324344,2.9865573186761636
-0.018761017337423417,-0.01657878534209898,-0.08519894398181077,2.9515979064232587
0.00811234152540025,-0.007916356176174038,-0.06554624795949923,2.8980202914805258
0.0051632200901764345,0.014343199829515353,-0.08216639057126063,2.8156994614002415
-0.0068560338676016686,0.0006145310891437697,-0.11014398548449623,2.944643396272338
-0.011280056239888678,-0.04858798613591075,-0.07974776181779855,2.8270838028922554
-0.007916962090191779,-0.02584495523125343,-0.08730486318309415,2.921040535841091
0.010825131422546878,-0.02763882404143377,-0.10751007946499677,3.0530772617034128
0.010817368383313557,-0.015365319116665289,-0.11812508420434706,3.2547777138721568
0.005180480625487648,-0.040105535545148396,-0.11909813627707823,3.252659650650177
-0.045144949667744586,-0.029553027448107432,-0.11276955304775213,3.1984715685387397
-0.02632978684918366,-0.02358650229586793,-0.1067795584228905,3.1103115563203563
-0.020194581499395587,-0.004438175379143381,-0.07774038146963395,3.0164002366133524
-0.023014957006625855,0.0066611119163120305,-0.08764007974176422,2.89462782716277
0.04797467446001792,-0.04429521789339318,-0.04595756473973245,3.329102794784344
0.002509905110581114,-0.01364225443776297,-0.09253556579641528,3.015631745292061
-0.008921228638911908,0.02549692487785257,-0.10250304879938618,2.9556505395976918
-0.02223504825912643,0.0009093309748870082,-0.10516320172515685,3.0360651302488173
0.022144381343628502,-0.015365588014579754,-0.06596024534800814,3.1890942432726566
-0.003581832822216213,0.003394306865464338,-0.08017299913926504,3.1051992582770858
-0.010057706312022872,-0.04241701785920872,-0.061126245461655536,3.0971696932120802
-0.023580097980049036,0.0023432407876350157,-0.04475052829593208,2.8744018945891057
0.007260743539943965,-0.018980690794360523,-0.08713883285803868,2.9999926854943
-0.006979013383588259,0.004274764835605149,-0.054347864264723336,2.978718250070646
-0.0518048406193106,0.019881801655449508,-0.09158032760316895,3.038105574189242
-0.030971951507924124,0.033561866575661584,-0.08628417163052403,2.829526159367833
0.007970128102987827,0.010489071730997513,-0.05243713271381432,2.9579742925047543
0.016176539897123317,0.013611828630631874,-0.06555907740073126,2.93305041204751
0.02203697103186147,0.011180632296734903,-0.07897285575417393,2.9140715019692367
-0.0002863885817404205,0.02248301192191338,-0.062353382944645985,2.8716962527374266
0.014579535995241992,0.05401716876419505,-0.11138812884939092,2.7983414522377603
0.023326997051796392,0.015182349145815087,-0.06965875284748582,2.744201270752109
-0.014394188628803062,0.03181646461645661,-0.04988474790320157,2.8122643902051143
-0.006138742237523632,0.04797754250178586,-0.0856421134580232,2.8333109906154488
0.013882329194314152,0.04971154159872412,-0.04795070772213044,2.740223664279179
0.03514695834846948,0.050929186260986914,-0.06871173494599543,2.788060753834945
-0.010196085104874531,0.04591433438679052,-0.07447159172072683,2.8853713292011527
-0.021915425876249024,0.027387575480612207,-0.10078361465299138,2.9365107993526007
-0.007513549945474523,0.017289354731016626,-0.09354141314401151,2.964760171858399
0.034870445617244825,0.0474942610750394,-0.08106486207809581,2.9746771560376257
0.03538915862925909,0.015771259258344748,-0.08573262653016905,2.9067626353441955
0.028141054757447236,0.03494596360660339,-0.0902029926949884,2.9251685414953137
0.004536856640302607,0.022606419785398055,-0.08633281885361738,2.8862471141182566
0.007175698765546166,0.03651871136798498,-0.07883675601473394,2.9531255414681166
-0.020787111061061098,0.02880416524959135,-0.06475845481125413,2.887064319598328
0.0002477869271456626,0.00974317265790874,-0.11922987168879264,3.1714232701341682
0.013983031754876717,0.024907588554750816,-0.09580190080444487,3.0908753555234183
0.024389465234690454,0.017741694812780835,-0.08210614817613562,3.1108848871441963
0.009057577855358342,0.021876329426836556,-0.08931800383901384,3.0950783657306022
0.005525481946440501,0.016916831950131418,-0.06525796169748435,3.1287578228093675
-0.012663641947488107,0.029817702282252265,-0.0363457440272458,3.0839089634000905
-0.03498277837200949,0.04568263368233982,-0.0530711749419486,3.3152958349293917
-0.025984231938283916,0.05138107763778677,-0.025641685746266716,3.2004315908886523
-0.04113557370302597,0.05876220333256144,-0.0358105137301664,3.3392934866698094
-0.0006674487049331696,0.03289252638364508,-0.012418605517262267,3.3640339141923494
0.0116298737248242,0.041214149782244504,-0.058558297699833096,3.321255173314799
0.042462416884153135,0.048654977128183105,-0.04415433523303867,3.194060004323961
0.008380431286487034,0.03141107994199715,-0.04883733272240787,3.0664118762440737
0.014740760813711552,0.04176851158345538,-0.04786206395657803,3.297296689034067
-0.0005260802660288433,0.04801063507574358,-0.03004101352340616,3.048917180780199
0.006206337602384826,0.03801370358077222,-0.06428633877128426,2.9821421688400513
-0.027020112558463316,0.04299040332187639,-0.038926755877893536,2.9588907453121807
-0.011854968354160597,0.019463968072105174,-0.05770856286400464,2.9190811736680677
-0.028039926332272553,0.04407588759459128,-0.06919639265415387,3.0927047971594295
-0.014058572693710102,0.029327830760154872,-0.03721988520528821,3.1079204453087597
0.016734906527379467,0.034346430183331965,-0.05270563161628155,3.0161115154547855
-0.016336213524667922,0.051595561562663456,-0.05076615283562856,3.052523914571614
0.00425195624745624,0.02608939409032754,-0.05325671293575099,2.8755461657301717
0.02241962113753032,0.02108261298560892,-0.04143265047490031,3.075884683021801
0.013975164143492149,0.019211811659443617,-0.03590044912974472,3.1716318679042117
0.02334165088264758,0.006397928840485462,0.003241758540105681,3.1964028325065077
-0.0024767555124871445,0.006308885015596972,-0.02996173950100802,3.120368236434691
-0.0010934056105769273,0.036743378280796365,0.0012574236807529964,3.0610211724025436
0.03560276263811068,-0.00944177815590751,0.007811737325375587,3.136057512603145
0.005415712976835856,0.02764871340809287,-0.01597167433503845,3.101101806234979
0.05687537428474936,0.03989224034777063,-0.04728460133090184,2.983071588829303
0.040886209514816606,0.034776816569212915,-0.07937696802704947,3.1936657940615407
0.026784611764482203,0.026037341443337306,-0.05076701414896493,3.051658227368169
0.020255443215346152,0.03487092781849993,-0.013150744155091598,2.903071653522044
-0.0029625327280602344,0.027943146474228384,-0.03571681247486453,3.0112768180142884
0.006496178292021081,0.053588439920414184,-0.029449740886231198,3.0099196183159385
0.025743014033718606,0.051919701352096906,-0.05175964282266915,3.2947019524205166
0.037845833129313805,0.04924902056346733,-0.07193250816617767,3.23982641663097
0.016302608170033185,0.015484491829223459,-0.054701216842662326,3.26547085396234
0.030467403149143465,0.008912011300593917,0.005532051180729099,3.163962600590905
-0.006396415994270936,-0.00543728247601925,-0.040222213900164075,3.2609635414488065
0.005170563710862225,0.01101429251547611,-0.04506277271723039,3.2525714061362927
0.026048372466582728,0.026288967275638384,-0.054942198134394646,3.6034605871494696
0.022090000818691415,0.02183331015420161,-0.0461946207390944,3.692704565799646
0.025974393868565347,0.011175823294394819,-0.003943254702812595,3.6798356747826024
0.016376382191966236,0.02912147727395555,-0.017137145171066792,3.7284000168453297
0.03288289820920658,0.010454849600193002,-0.02511180268527838,3.8434326462882504
0.0175214935738271,-0.001301418496675376,-0.006750288019285992,3.7089099730958464
0.024568015117969008,0.015836825374374613,0.001094537875932586,3.839327190092015
0.020657066298903886,0.012652579115980306,-0.04610549342423772,3.4106605527477423
0.07346778177915424,0.012281822747244377,-0.02823128931953783,3.5638941362240035
0.012072452299572331,0.020680224997083024,-0.04754219884766284,3.576629979654587
0.008779130000854894,0.004778485204900116,-0.05279100262873287,3.5395128216169143
-0.04331563991194858,-0.009931317442708539,-0.07284631919861567,3.5361907715664285
0.0058616595354598336,0.0261118697189131,-0.04316350853267143,3.789628481504195
-0.010995708399213938,-0.007380103321169459,-0.009849886677406633,3.5364228725106477
-0.013327329176651762,0.022495803751848568,-0.02965389941558275,3.5032391656015758
-0.0396842462917528,0.022825032031391523,-0.029592474751901042,3.6220443831353766
0.00918103616780178,0.014705879119587144,-0.028580229265288568,3.5967602216429277
-0.023812085835511487,0.02461851748474261,-0.013984633805952147,3.704936096370581
-0.0034915153193137054,0.04777291838343496,-0.06702019212130803,3.553690068120965
-0.0341243513593723,0.04563890109208307,-0.056343948732533455,3.6807892069753994
-0.060957252482120854,0.018640871266292054,-0.07351884560320417,3.6859592061244277
-0.06677747290185126,-0.012503176757371372,-0.05615881558524517,3.4458937010340303
0.00403452624169737,-0.010347443097475054,-0.030609841887978804,3.571660060233408
-0.03250789583398349,-0.0005941251995971277,-0.03130029955336987,3.4040333885154306
-0.03416381326346321,0.0014207565021281004,-0.06435722620384106,3.525881627199923
-0.0445174934282881,0.07839925055122306,-0.05335840805578728,3.582781959964283
-0.009523509329216124,0.0003857458438705081,-0.02122047050041421,3.685832998979164
-0.0100364057123798,0.02615152398729311,-0.052117585838768694,3.5255163334528477
0.0008553831035167214,0.006249962092512602,-0.029606002647139494,3.49700981813781
0.011083126894853067,-0.042582612671055425,-0.014213675550794022,3.694870356665789
0.012249889015081472,-0.007553778652765047,0.0025881677514263787,3.5619855170126904
-0.0003179219899835098,-0.035777708686578535,0.003944572333963624,3.7923212584043355
-0.029654083817376192,-0.006853690587323477,-0.006128685692234256,3.3981025318980325
-0.022593469116583723,-0.0284766390048702,-0.006759104106696813,3.290373842293165
0.0548119798616424,-0.006080874240075427,-0.002168701748059379,3.432177735358351
-0.01322017111623752,-0.0021365990456553487,0.0044669839098532785,3.590740396964517
0.03532234416210386,0.0065700659350729695,-0.01863749742026997,3.5027664197868784
0.04457991590601117,-0.005791119141310698,-0.036956825748770065,3.6077152512191155
-0.0013115472068113275,0.00604333549623264,-0.06414825968245759,3.3722570479558605
0.0542091166989209,0.029857599359409667,-0.0786588695354318,3.391346260154662
0.02807456897579716,0.010533608828732619,-0.09383228945901365,3.256776879479799
0.032796271282769594,-0.02409504691944559,-0.08375059732743434,3.2190013733750735
0.03677996893966178,-0.0038358693112059902,-0.07753243654339181,3.1959137595603275
0.05367433025551439,-0.02181640962683235,-0.036161185502726415,3.6735422736027723
0.027180612105129207,-0.009705427087612531,-0.028227680450447275,3.4955334708095767
0.045440413178459954,0.020378364967002394,-0.020303857311779222,3.587578860678013
0.030727917302110625,-0.02247822682288828,-0.016579422954680356,3.7096168581317794
0.03652061349946683,0.0005612806176499667,-0.02205816844857008,3.850367404785114
0.014341428795046246,-0.02015231768293109,-0.04630199476515293,3.632208430179578
0.03599734989972109,-0.011200378333018133,-0.010299589078644077,3.668966615950768
-0.0145264725293493,-0.002334700769338285,-0.0310021571100828,3.704388994969174
-0.016585734584035772,-0.010570470998664677,-0.024044759796230747,3.653622720251485
0.009757446784094986,-0.019683113838593426,-0.03344018670122385,3.5301612462731344
-0.01196523317120667,-0.04311330280152872,-0.05922284460679912,3.6430905086601064
-0.04834022972318596,-0.011155147347327253,-0.040502705710015165,3.5807719842721664
-0.0017565823809681917,-0.05337046222592503,-0.0064959465053063825,3.842621519421677
0.0174041129138234,-0.03668031543348476,-0.042243643366971104,3.7132319914647223
-0.006226880010543303,-0.07200728388236967,-0.03334748184130015,3.8853560248257044
-0.014465547368893642,-0.06937173725878759,-0.02973667022414537,3.8779693367816854
-0.0022971949711043126,-0.04217807049756157,-0.02576434153744771,3.8899894389613037
0.009148791559453183,-0.03878811901695506,0.010248965890108836,3.904582602603651
-0.005310815407633339,-0.005920322577617572,-0.028616429861997278,3.7580675574707825
-0.030559759263033764,-0.009999360115059117,-0.013561457266054754,3.7232235389271895
-0.0708422742076855,-0.0556819871786016,0.014726607136487649,3.869404343296745
0.013595393029531147,-0.028250832669082657,-0.011011185599042909,3.883404270839466
0.04203252328797001,0.0010342812061331715,0.009947466721897584,3.9680459648378794
0.012834651485566518,-0.005224973041099371,-0.011787082896739232,3.865606001942528
-0.019457273769328993,-0.002461130407503711,-0.01684966407605233,3.8352784475512274
-0.027072469377885777,-0.022532503638097095,-0.045225321134906016,3.8501431341948167
0.030797382620178414,-0.04065384194204069,-0.05551491568371924,3.878302848680834
0.016677615829659195,-0.05369361090713143,-0.03919965374873289,3.907016008347521
0.0006638321743028296,-0.019005344512399883,-0.036289439444842586,3.786989213500654
-0.03956388268050241,-0.026741465400634,-0.03210917391249798,3.8168778148479445
-0.0861501715943902,0.005489876172358648,-0.06566555659110761,3.9523438976886496
-0.04834551038649165,-0.00677499777849802,-0.05140497169308064,3.9667179076754837
-0.02942955930567158,-0.005076602064959408,-0.04687139209742843,3.7677112350469826
0.014636904628959937,-0.03521179565303099,-0.04553742289282421,3.919863419232339
-0.04362046970072775,-0.05022479880962551,-0.039619975201154,3.8603130619891894
0.008543883012224545,-0.049222865972804127,-0.0680705154714746,3.799772208008812
0.0030507043511699625,-0.06347330421231998,-0.06211610028310889,3.9441992119455334
0.030087923731984392,-0.04653806726337098,-0.0794088623691761,3.745968090126714
0.0050808994987627774,-0.013849599362592231,-0.0467652559439978,3.653693243617986
0.027367900194386695,-0.04522501182522543,-0.05217324256779903,3.7023518702448874
-0.02657069341011548,-0.02689700197246329,-0.029515392223067892,3.7486717938858827
-0.0013709377938459929,-0.023052213898585815,-0.02295484711201714,3.728011710023586
0.004693846394406487,-0.02495990490604774,-0.01819042977352686,3.6058557435090406
0.010822008969102336,-0.01601354169598651,-0.03534594253195222,3.777358106563104
0.026316588762833108,-0.0017617995752972516,-0.034294111144064075,3.5468891102115063
0.03477066377514588,-0.03194895979398843,-0.010006867285125138,3.6885393223516703
0.021125312907295298,-0.030382807273698565,0.0010657141056260486,3.6868763908170643
0.005995018163638967,-0.03784541378367462,-0.03863411305421618,3.7328359981041532
0.02424560790291259,-0.04720826186925106,-0.041948282983426614,3.837984559929978
-0.0004203014109440359,-0.03566138918018928,-0.0289007816623863,3.856860167706616
0.03495044013572974,-0.05914728749962593,-0.0625132194052871,3.7777572428146047
-5.1672361473464126e-05,-0.04693909112944087,-0.08240194951182607,3.5954059989751608
0.05352205192839982,-0.010606393577248028,-0.09545852898967529,3.6802983500992816
0.027939786822971782,-0.001259498509469386,-0.08819291917633079,3.4859395019669193
0.017556784235041773,-0.008729122913002015,-0.0883478006139599,3.4978681809237484
0.023694681847031943,-0.05813905718346177,-0.06191305462740595,3.7039632794568833
0.0026281300832361135,-0.03487801450870711,-0.056901023486248696,3.563430353013499
0.035526127415046314,-0.011507860797096758,-0.051614923373652546,3.649939971940617
0.00803027554818299,-0.011204570778228375,-0.026488542092215184,3.7607449000507067
-0.028676775758839028,0.0006675456428153132,-0.03972313167692495,3.68407136139875
-0.024844364559364045,-0.024822433883639566,-0.04770720423441461,3.5297609139202097
0.00224220044798776,-0.03635931859336663,-0.04205003528570673,3.5704939608379855
-0.0031986515374617863,-0.04389798927620655,-0.055156216030206554,3.592501615586216
-0.016741238696930755,-0.032579164688123594,-0.035783065655966645,3.71944698040089
0.02139254928945929,0.009609506114725727,-0.03999083631424971,3.6766326724477127
0.003985836117701415,0.009607303646499425,-0.03840365096128617,3.736011547236521
0.0416832602451449,0.014780106194982264,-0.03445821454472809,3.885394823311006
0.045491580113033135,0.0016216465908142042,-0.020165148351507324,4.028604442612262
0.006341638594460822,-0.0035586160322576012,-0.05929779223038316,3.9820222940925425
-0.022757316608728616,-0.043314413741623356,-0.0497164438174903,3.8187503606140503
-0.009734333907417828,-0.0643959105274759,-0.031465425897885195,3.9458632966802187
0.021358328987121342,-0.039596387079157,-0.028686159210159313,3.8147089954479756
0.022956904446357087,-0.012538329701593591,-0.030586125195578132,3.806745508057541
0.0019566966008452568,-0.02215616270659721,-0.03783549600415064,3.798633924371903
-0.004442515661789919,-0.03223599342347175,-0.05027260059730774,3.8018939398316745
-0.03646490788432738,-0.022592380244474873,-0.021851102448522786,3.771642221703151
0.016662977440653797,-0.0462141227996596,-0.019345764567282157,3.8104060479167092
-0.03548128702810854,0.006181623888022795,-0.044415525154731045,3.5207771642295786
-0.026751017538783915,-0.02142748073103493,-0.021401776642143773,3.734728550189756
0.000969183044355851,0.01214060439121844,-0.015505712913141458,3.604450340582164
0.0032751110491470907,-0.022252749816842436,-0.003388606388779403,3.436862254974651
-0.0020977323172794095,-0.010684224962229129,-0.03534435693455341,3.5345683976872992
-0.0051798004172319305,0.00867267270671347,-0.01796330694529059,3.54065286680919
0.01382486036967609,0.013030951374165526,-0.021027651632839525,3.5615371661941624
-0.0020095715639115138,-0.006123399963399117,-0.004800935033968012,3.518537652807236
0.012325997798864738,-0.01112064184498572,-0.047043889079330034,3.404865205569871
-0.002555672149760295,0.014830932259083348,-0.028053470156990223,3.295523763599303
-0.03835389038315592,-0.018730872325209973,-0.013985563425973223,3.458712653064881
-0.01951915779384122,-0.021242711918439107,-0.027800569781797704,3.7722116959813308
0.005747687170082129,-0.006340083867889256,-0.02428015976504047,3.692144186855567
-0.0007830496217166566,7.610098313056572e-05,-0.01808550571329595,3.653319765594062
0.013411474379849637,-0.0038277904964800252,-0.026921788916359695,3.6292011811775673
0.03812285694895307,0.04263144681117297,-0.028441116371479586,3.5841248803844254
0.031007062975902,0.018885051277891172,-0.033104400971180954,3.727887639432699
0.06372716659351084,-0.01931256075948712,-0.004207926574616866,3.8596883581403314
0.039383184500979364,0.02094674704615148,-0.038174059435278504,3.686474006648569
0.025915754997809622,-0.006106449766806629,-0.03704956752686061,3.6742666221339126
-0.03486069679096476,-0.011453993433007,-0.01139054351195338,3.6465485377369355
-0.010605694617838408,0.005523269515622157,-0.05149685559355769,3.4133715730199823
0.022076935507784494,0.00495189594386323,-0.02692485068102253,3.619002093051713
0.033796458204268374,0.005270877774875732,-0.020005773406424843,3.7367569868444552
0.004822024507356228,-0.004690579598603399,-0.036325273105973256,3.6734390605915372
0.029949537670981293,0.0074114205207546436,-0.029208410551327665,3.7170794327237444
0.07329677530036323,-0.021842733929714035,-0.07931881558698908,3.8217508696293376
0.008847316066075405,-0.003957499674951195,-0.06686567106963318,3.6392345631983996
-0.011272375452528483,-0.035914968946552016,-0.05239250003609379,3.9582623379159334
0.003912854694069395,-0.05285801824925257,-0.05588328471454473,3.93246459485817
0.0011470094383316846,-0.04023148809412629,-0.08104559867093002,3.586523077419973
0.009347041968682487,-0.019070506701809122,-0.08306644531612424,3.5095330573385373
-0.01619079772088487,-0.022106756959286083,-0.028475723626562706,3.414373572510852
-0.0531330594385592,-0.02031534546985105,-0.05980503219603159,3.3613315648418034
-0.06204543195691857,-0.0239865407421269,-0.0631637950868327,3.4519111145021535
-0.0694580259076438,0.0130701920682795,-0.07194003993239512,3.169475872241112
-0.045471580226664386,-0.039155079103414106,-0.0738155636360605,3.3685615627485896
-0.04693460670019142,-0.026545017401832006,-0.051502853751722866,3.8532368161574575
-0.02770094485505756,-0.026701095717525894,-0.06595902155574296,3.873123436125323
-0.04121478161898983,-0.0471933343860155,-0.061094281424247644,3.628445525317084
0.019052736755322475,-0.059302526245450696,-0.06448172080906356,3.8222123069791314
-0.0005361605957872695,-0.005308849627995171,-0.03426404605690476,3.7783950467069096
0.03671070912645479,-0.004671884372379908,-0.03048018080257103,3.715554101143392
0.018999483871741857,-0.020947622261770365,-0.03504304817787329,3.609583487951652
0.04568253847184072,-0.028825020209606277,-0.07156709297956666,3.305510381836616
0.03876256895975827,-0.029667866794786415,-0.09124686859965604,3.6163276105515703
0.021993464981279392,-0.06058591476722185,-0.08496930233654808,3.4602162072955602
0.032643603965445606,-0.02035786397501988,-0.05611000825313796,3.384755843100529
0.03136148340480656,-0.01555868115060454,-0.0830392004188839,3.3733692526668038
-0.010187303869746402,-0.03204088228562631,-0.06597741914262716,3.1221743537196196
0.010303921523128865,-0.04719575268730005,-0.11310420666248985,3.3050280615246073
0.01370671251772195,-0.023464532931713536,-0.07374206346952618,3.165769273719817
0.013539936816904468,-0.012919398960536392,-0.04294622489444601,3.233113157135876
-0.018811803887422044,-0.0078944910329023,-0.05532228019482117,3.173456544572069
-0.02146448421026295,0.005592042625221075,-0.04763421353428938,3.086588797252557
0.0019148030546333246,0.014555197212084479,-0.08071567612884663,3.278596941391862
-0.03697312041750347,0.026117214181668066,-0.08527696339940219,3.416223330499642
-0.006653381304417688,0.02892123375959125,-0.04161648425944735,3.343575023224387
-0.011275477718556406,0.012365650236814598,-0.06677685105925996,3.191428477032209
-0.0007630896095051073,0.03343203018778475,-0.07196399512081819,3.495677802909822
0.014456702675180833,0.004026324532812456,-0.14634596123687002,3.6089923476907178
-0.005254179343243488,-0.010693731229905483,-0.11689150709529199,3.190545241614798
-0.019339372038515643,0.005738274318811815,-0.1359730702793224,3.4222454028097746
0.00611542232625832,0.03466418929548852,-0.1426498959796968,3.410797671608989
-0.016510281952224877,-0.0037350804499943543,-0.1157873136390397,3.46501840703932
-0.0051603862395299595,-0.018898336288831058,-0.12673064228189834,3.1845231956486875
0.02512500595396998,0.0022469917233818694,-0.1253209639740016,3.3733438247694454
0.016478987792622423,0.003385058728562823,-0.10447871217203866,3.260031145465214
-0.016781306511491494,0.005757641720881809,-0.11956486051295744,3.13864971438137
0.017069577561083737,0.02565819817547204,-0.10466431592957365,3.1962876027260516
-0.008413623371477632,0.0065353700800197395,-0.11357865091493698,3.22784206813217
-0.01747271638886205,0.02785673534129752,-0.10493277505012807,3.007930073393571
0.027740651566592864,0.011531181265054008,-0.1114963149265677,2.972615822892629
-0.028399541197048066,0.022939046527955725,-0.11477915424129642,3.014403387852812
0.011888268762399486,0.020580205802886022,-0.13984001796874446,3.2976875554232503
-0.009485709845644502,0.010164718418108504,-0.14255728237174273,3.136905363397498
-0.03078308428132186,0.01948894166797525,-0.16289144339994205,3.208139644408744
-0.00705285226052348,0.03331638147968429,-0.14581344102709426,2.8379470303332996
-0.03600711981965349,-0.02055389377886791,-0.11182029798279633,2.8833045124149033
0.003663836278215755,0.015657439005020216,-0.16896248080580598,3.1489532672766023
-0.011096645090559663,0.012473444621557469,-0.17231118141640028,3.1980207700660395
0.014311257006391286,0.008463583884498983,-0.14643498393736631,3.164074253227336
-0.03124296422429489,0.02857736680392586,-0.1376105452464724,3.200191165203425
-0.0355216829592477,0.02583726968134369,-0.13110138528334292,3.0955612037717017
0.006219613463859619,0.01303760000647509,-0.15523989565927948,3.015735146006296
0.009355708455917999,0.013508304808104415,-0.15249237258361162,3.127910084232362
-0.011338530387026289,0.029092127182143736,-0.16656384193694512,3.1396700617055426
0.00023528930323166953,0.01020740730309977,-0.15376248260685427,3.209800028000545
-0.034978935453049705,0.030373678983399256,-0.1661800194231795,3.1725177919769836
-0.06068072582052007,-0.00212481264994524,-0.1675938422892843,3.334335240774747
-0.0662222624232335,0.005444709833039594,-0.14513743717621405,3.270459065247424
-0.04982147043382486,0.01821727603336769,-0.13524400138298062,3.2593227686221082
0.012790021615514263,0.02989152014999116,-0.14947779873202263,3.143057705495241
-0.019130302832366997,-0.007641035742529799,-0.13070432661222706,2.8514483168734293
-0.014210455674052633,-0.0066287234364604385,-0.13982748456407293,2.926371259532316
-0.05390130598917345,-0.0029702952002711685,-0.13139932213570168,2.9978898337376987
-0.044838938903783626,0.03240103568038992,-0.1538130794022703,3.2381531731909656
-0.005699093633495286,0.0019076688545616833,-0.1411181106157175,3.1402955391580356
-0.030560890878654986,0.014407197046642053,-0.17859869373151982,3.2729258093700766
0.03034222534473679,0.016961192216125957,-0.15855238282063336,3.2756962074273925
-0.0227795769516086,0.018873608221514453,-0.15879751138130654,3.3300883715020144
-0.04563009437679993,0.03457098199856872,-0.15070417615557996,3.405572928300812
0.018318362877080906,0.02882026587155312,-0.15941516301903597,3.5362651927149997
-0.012985342891662465,0.017042747046621256,-0.16111422865761924,3.3573211216131384
-0.005188356698695117,0.02833075814463595,-0.16770988396017547,3.2047546122688564
0.020830313687701517,-0.0070527284615262585,-0.09319886976410419,2.9405693360372096
0.021005145793859863,-0.008021650636305867,-0.1372629611035022,3.249147008409803
0.07106632627170711,0.039749018175956795,-0.11195322013864474,3.1341617415337697
0.005198099098557939,0.018295143705595422,-0.13013336869302455,3.0997852858573953
0.04521901660246177,0.0067998601465314576,-0.1460600373636217,3.2903888168011695
0.008472046651114234,0.02626858317596481,-0.16337280805155394,3.4500646641619594
0.0170199087473192,0.01044826581061611,-0.12356387249900104,3.3037554956418806
0.051588833097603454,0.005291861050813011,-0.1364529360351545,3.5342673092932357
-0.004857166215309958,0.009975750994164522,-0.17631434913867897,3.5481674929342466
0.030397068373380357,0.04025084291908437,-0.1698039956880139,3.4483089931107838
0.009868194897136834,0.04742643089713708,-0.1473613029524829,3.428700399417032
0.013541723045850251,-0.0014234221461806873,-0.1499553776314008,3.3701731029933355
0.01365841094440702,0.008731923599530927,-0.15045027105411807,3.3152405676677734
0.032265136473133345,0.01591561883031458,-0.14603177900353514,3.260116986111636
-0.012116918895506477,0.008307686339239001,-0.12047688513257307,3.020776784585179
0.023037340417293443,-0.0008211814450519027,-0.137675915090504,3.268700945490943
-0.0030702884720257375,0.012924916055651327,-0.18323628060108252,3.325419364146784
-0.005556656838578939,0.01233348127943291,-0.17234954652353515,3.482008578074845
0.005440192425785384,0.030567157477390965,-0.14465652201433346,3.359878378875505
0.03821468631413845,-0.008325766675291049,-0.17651136752161764,3.344013568935719
0.049841098203149345,-0.001987748035058733,-0.17665908819429488,3.4792176245457935
0.021080342307313243,-0.0012106796892987343,-0.09526496303405019,3.4308580959710318
-0.02350223935734852,0.03367059545403616,-0.11976476808203354,3.301307839510878
0.007812750096096154,-0.019156117390711897,-0.07554755781333551,3.0689828185462176
-0.007110614906547167,0.028728543512011758,-0.09990618218133668,3.119943636876299
0.02012126221846713,0.005199265731079669,-0.09665158985144535,3.2754384106462777
0.006563249917113595,0.04701308298410664,-0.07647472085594179,3.052217986469785
0.0350647603843867,0.008808705371982112,-0.11187180068357754,3.282749464458568
-0.0005870335507904693,0.03349081087782828,-0.12532182412781795,3.253855327571213
-0.0131609954609918,0.0064991886490702215,-0.12083624476294298,3.192886735481101
-0.020592106637186795,0.0005075500624406171,-0.13695898347533605,3.5191158417604607
0.02649754743310214,0.004044545145300113,-0.12385241217274741,3.3095408366628267
0.0031502871222808633,-0.00971894676608103,-0.08500080574499203,3.2784347846419126
0.02915690124121818,0.003771900831230752,-0.11429319331187282,3.500093817146992
-0.001865836569693493,0.01689455926944107,-0.08165380524163261,3.1772150032491404
0.06196227096766681,0.012768841423345428,-0.10917856400274495,3.067769860232645
0.031637049132279396,0.017175234242244205,-0.11730834184399962,2.898704979023207
0.014975949036009547,0.043557039570686296,-0.11708436341728307,3.1002332970949174
0.018616657311758544,0.015146664164924134,-0.10452605447575597,3.083162230731185
0.027495207367384776,0.013782037534622508,-0.10679441562891875,3.0927830237511538
0.06547437910719396,0.023137477115512114,-0.09469680451024391,3.3410008411943446
0.04370868359713511,0.03223974545830867,-0.06154934175641963,3.230879783318299
0.01120535859314892,0.0009998982265550021,-0.0895116357035229,3.2298663775567182
0.01655668619244773,0.019033723921594407,-0.09297533954962846,3.1684396192401905
-0.0006838966734009365,0.021140987176045123,-0.08604046622583159,3.0513342070235967
0.018764988935987173,0.004039625203781671,-0.0841863901182808,3.2229398381009733
0.05588422090685776,0.013354668410787567,-0.1099465104799009,3.435228790230807
0.021719865046473916,0.021266813679789092,-0.08005988573195072,3.2588616099099985
-0.016785137703833313,-0.0402427434359921,-0.0839313644964646,3.2211946007334347
0.018087249527625637,-0.008814962427482606,-0.07991031740790733,3.1946662871082356
-0.00656824202186453,0.0015433840349778336,-0.11228208266212246,3.247500621968092
0.032159912240924446,0.022657173172896478,-0.09808090268450803,3.3404186959550093
0.0597973292840568,0.0033036291834370774,-0.10309064949510756,3.243545789841928
-0.011033602251565537,0.007180808422582457,-0.10608526605959988,3.199876035840862
-0.0012751495944166424,0.0344241884576719,-0.07729923499512487,3.055017697536499
-0.029805242550317246,0.00042950518949997593,-0.10047627214917433,3.3022707185567386
-0.008911081303871719,0.0023821557367800054,-0.11089252085813668,3.2846377027787756
-0.014051333259140033,-0.01787892768722466,-0.08924033613736572,3.0786425880298336
0.002759923542284936,0.009253918926141424,-0.07993748306747803,3.2675795348610035
0.04193484201210346,-0.024104014481556548,-0.08164997949046998,3.3693916295553246
0.000769672125167861,-0.007607554083945443,-0.07622842865203723,3.2846874551561194
0.007863329104355507,-0.013508319177355548,-0.06766231412638238,3.156271693067607
0.04028632100859271,-0.013001720501992883,-0.05419706450783676,3.1927258617136416
0.001036973844521876,-0.026892781710928727,-0.06895457181935973,3.227370539719201
0.015106999268985065,-0.003715093659567231,-0.061170447941970615,3.4604809433952752
0.002580694474127674,-0.030199133133271872,-0.06190450177940964,3.4468211053936835
0.016841799856799098,0.006495067585473799,-0.056427699770383734,3.3812744729469313
0.003974010037870794,0.020950597332222768,-0.09744886924248226,3.4804212879146035
-0.044878514740325115,-0.011198336591795515,-0.07791105703356106,3.284196336918978
0.023869148314901528,0.023115410103881812,-0.04953251849012616,3.3887952009751308
-0.01489027408752899,-0.022468955910718336,-0.06358583221969959,3.362708512231889
-0.014648813694862877,0.007293260821984802,-0.08406565119264114,3.4917906667664584
0.0328106418103745,-0.027938061510818606,-0.09252368555817868,3.2954217653827174
0.006547071486089996,0.007183605981733089,-0.0973005745112624,3.2624530393190287
-0.016328616954535486,-0.001140597771706654,-0.08065296750923863,3.3337311701721726
0.008110826572547752,-0.009108768703202376,-0.05981815198888155,3.4948985215356894
0.0020016226666987698,-0.016417203682881482,-0.05696971525166131,3.475412896795219
-0.004459387248287691,-0.04491050972737249,-0.06672416293843493,3.539292530185116
-0.04350614302330873,-0.04298671821408702,-0.05781682861116949,3.6110074607418774
0.013220659503724719,-0.01582321551317343,-0.07424812146716903,3.4129234747862545
0.026233055670802446,-0.023021415993090547,-0.053935264110308925,3.5970033023384977
-0.0026507578162898765,-0.02601495282847346,-0.08634630225789265,3.3491110746704775
0.009836053519399049,-0.012385811605996933,-0.08924405452573446,3.406616255814891
0.03435397735592024,-0.013467541449740052,-0.09017244132337385,3.164300671930416
0.018218944002459297,-0.03095302801024787,-0.07526276562863575,3.193182241260785
-0.01001848662341775,0.0033550698050863782,-0.06907985019688488,3.331309507528916
-0.011471746965426166,-0.02272529469628546,-0.10571548308720025,3.153342354196231
-0.0017537164906110448,0.002889312026213122,-0.11400162117172341,3.0246836840407725
0.017356606447002716,0.008146847587313604,-0.10133360386896191,3.116387227334291
-0.027183088966103077,0.030745114566470323,-0.11418489092178656,3.1732209299482306
-0.015204933895463329,-0.011316875678237913,-0.10434248204319925,3.146687362171787
-0.03179745846504806,0.012490633858337034,-0.08378572684019886,2.707017628534802
-0.012585453681714149,0.022968059093544636,-0.1340987393490966,2.859081956101032
-0.03376672410704966,0.031001319635604454,-0.11694116025901041,2.9192558156657067
-0.017040245709300683,0.011298988267866659,-0.11910986304093008,2.9532202353083568
0.02036092482810511,-0.008632275405402547,-0.09999504734849467,3.1230791851718442
-0.02851111365070665,0.015918662276414426,-0.09326224165335642,3.091008034770557
-0.01519288311476837,-0.00970834036146495,-0.12054028385796975,2.830038792160311
0.04511168995877144,-0.00395235820301908,-0.0903550191160697,3.067851111134525
0.01691928185901304,0.022751094035021055,-0.10068976577399345,2.872785678451042
0.013180702443977118,0.0026844319574284123,-0.09897140463236058,2.896948328263707
0.015381551443214887,0.0004721605183706746,-0.08127114289442573,3.0370894657930383
0.02514051958632012,-0.006068121745861434,-0.08973236476531761,2.7817246800174473
0.012218157451282964,-0.038044897085871915,-0.07119749477086983,3.0114779285731608
-0.04236812133612497,-0.03762792038392711,-0.0737895421699737,3.0881823162361415
0.0013924448220634137,-0.02578335694885883,-0.04419589043390086,3.16746015803913
-0.021445063903131733,-0.04356765771996918,-0.05927060091706263,3.2389094050391303
-0.014210577348246685,-0.025981738191878545,-0.07874524945633897,2.9529268260155264
0.0061162545614977725,-0.03547948712505737,-0.0997209406812167,3.230988087830744
0.002492727508614128,-0.0006259050081384169,-0.06954375257225931,2.9993709178840984
0.014476611559321126,0.0021254334177346745,-0.051368647657871865,3.1274332918406116
0.020275494937459504,-0.01213944985350045,-0.0583137101992163,3.0301743047365464
-0.014484004725644732,-0.004806187957363311,-0.07365133388052252,3.049409580852498
-0.021493883976959515,0.0001469048365010467,-0.08202758695496457,2.962252376247147
0.01372031580322689,-0.02662561548307411,-0.0598134629000775,3.171410707896037
0.007045811943010977,-0.0030288494792200865,-0.06380916138715169,3.1277674973459573
0.009346099072180016,-0.012563493768808144,-0.06886688010707033,3.185118878104399
0.0012429266072765265,-0.0019898705209312976,-0.10448995443295381,3.371959597064771
0.0085598337195689,-0.019667391394893676,-0.06495798454522689,3.1686958229310163
0.01762127961776181,-9.44599376117098e-05,-0.06439350825853951,3.129911333527176
-0.0012805307048411655,0.018632848081440744,-0.07751779354138495,3.388662489526352
0.01900809820083053,0.027845204475081268,-0.07655496072305873,3.2980176719225542
0.0006848888484435801,-0.011621987790526615,-0.07882645009450814,3.168069198557488
-0.017929060883492557,0.0012135300860423599,-0.0683560295218422,3.2486679470326
-0.031007572933064626,-0.0113772088929041,-0.057019231234902934,3.209784084870789
0.03264381648830178,-0.010863627129368185,-0.01906711179238061,3.314348491100083
-0.014783484495651873,0.016556547571557407,-0.01351603464538736,3.0961760834991097
-0.022917140805759066,-0.014528763691274751,-0.05957140286992358,3.174764091929826
0.02312285172033354,-0.011467341626957719,-0.0868138972933057,3.0854286637317476
0.0012499323955985895,-0.008118480220001775,-0.05798230469387233,3.094666486897402
-0.06439012271465375,-0.029482474060037595,-0.0782003935223483,3.1507757991931444
-0.029453802735487505,-0.02424757433868754,-0.07839229262241613,3.2014462978588614
-0.02704080844506364,-0.009080934145407601,-0.050063854707935077,3.447883242705051
0.001544995026857508,-0.014953337743278314,-0.037076323651371326,3.4962103670589246
-0.03467984706885694,0.005809252641008879,-0.07550548577623953,3.272619835106201
-0.019182784205518152,-0.006960809354815687,-0.05519052748826352,3.2958381738566933
-0.07547859086331098,-0.00010894057489036192,-0.07179348253627163,3.375507650618064
-0.029376960893606512,0.0026936697182674036,-0.07127314901730601,3.2232740745629993
-0.036024876558394744,-0.005733228197744367,-0.0542295040786494,3.2746723087457568
0.008543626845000768,-0.02872056568803819,-0.08024644435851827,3.391073479949062
0.026729871239857473,-0.007521913761159699,-0.0806729793649203,3.3349129561666153
-0.020041117435210077,0.003559807129578334,-0.10264173938344268,3.2272006905689157
-0.009786198544149848,0.0006651789797111053,-0.09198017830179121,3.2035416060670707
-0.01036313479745089,0.018095952965149032,-0.09986586830716815,3.212514744858349
-0.015377885889182945,-0.013065277942638986,-0.08669792419430272,3.1944451509736775
-0.029101669564628837,-0.003384203721172007,-0.09902658687791992,3.144226103634765
0.000812401614333446,0.002846480417793054,-0.10054664135412861,3.1281481286500004
-0.01680778076668971,0.002520082177015357,-0.07460436376644813,3.090650070361617
0.008858023735161752,-0.007517813504118859,-0.07190347702957385,3.2264133893791134
0.008880409867667166,-0.017653817453092475,-0.07308182824631484,3.433027863936641
-0.010080248087601787,0.020040835134311635,-0.09407531473613928,3.405735395611887
0.0045676917140689745,0.019412907231265368,-0.04713941637892299,3.2886413577001443
0.001646871973109315,0.01947178971115984,-0.08971243801295685,3.3857886413306906
0.032971134627480095,0.025751906027873167,-0.0880150109996089,3.5011115460674396
0.038349520545695605,0.008241835164505454,-0.08300105882649272,3.3507427090522324
0.026924728777918152,0.00483424689445886,-0.09697499796977133,3.3496939174940668
-0.0018393790052892922,-0.014121546473486787,-0.09561189194352795,3.3675593108910418
-0.0016128741277694194,-0.004038356437757876,-0.08201830702102585,3.246479573620917
-0.007312226925036656,0.005690491265831058,-0.06784871127994457,3.097112821707864
-0.03080903150779487,0.0022101403311652725,-0.06755846063443283,3.087871347940597
0.006635033402470002,-0.033656518969014435,-0.06905185182877406,2.9686183566245963
-0.015922959839139602,-0.008495306815170167,-0.06717618667064698,3.058980101605382
-0.03271545875695361,-0.010484932581327698,-0.06706657884601608,3.044701358001538
-0.05098091232639252,-0.029150208872788304,-0.061510832487454224,3.1050074923450297
-0.013830464571772163,-0.02642410492782787,-0.08030020491914286,3.1404484550978027
-0.0017754758160287802,-0.009506307167734061,-0.05881042827668602,3.007007695103857
-0.03281920833200926,0.0009119092286287583,-0.08699338072861482,2.958584306030555
-0.037071667917954784,0.002817691859162962,-0.09767616122571922,3.1564076267804433
-0.02800072294696701,-0.025231526982216326,-0.09774262699681226,3.1958265430560946
-0.0013016309641114261,-0.00860338730966745,-0.09654540973706191,3.132879456189957
-0.008767013253955857,-0.01592592968468952,-0.09875652651592767,3.2328721940475873
-0.008610994983429961,0.013277227063506626,-0.0966289902914102,3.155439602262679
-0.02650975058359468,0.01045210197065741,-0.10844976488323492,3.169776444414065
0.01626617415579905,0.00027107660365492355,-0.06059416158819913,3.0350763763514985
-0.011250797454222933,-0.02354197855790099,-0.06013325375914947,3.011600550238687
0.014149979652268963,-0.03584009207735183,-0.10044145245130537,3.3032962656575404
0.011251692662895335,-0.003720348859421497,-0.049123271912016264,3.062232527040497
0.0013163722380031895,-0.01874928315452456,-0.0474470150686797,3.1394614850353513
0.0017560799303917049,-0.042777391403988535,-0.013868460927397634,3.1606275433581397
-0.05454220960780376,0.00014477467847365879,-0.03392889432560829,3.2144875815578864
-0.06786703935412117,-0.012696840261890595,-0.05348565342050355,3.242151880120049
-0.00969234685596585,-0.010433984485143486,-0.05203150428703423,3.107556963413425
-0.024954151682260887,0.026260891222480452,-0.08597720965782318,3.1113139200666575
-0.030006003059189826,0.0032811003650120647,-0.06516455392423443,3.156269782885955
-0.009697896253222376,-0.017515443873417635,-0.061608193580908195,3.141883340316846
-0.0019531283770586284,0.002806906372846078,-0.0824558205128677,3.368218818512399
0.028810697662132834,0.007115095695179984,-0.07032230051098068,3.3184206028167553
0.03132518382718897,0.013834827486714728,-0.07903731298163351,3.2993864145355745
-0.03661941060362218,-0.018841028273417812,-0.09432889212990993,3.2732218150408725
-0.05544608563579675,-0.007881762529955434,-0.08596141662859738,3.34869638055585
-0.05077188562047859,-0.00294049639270809,-0.08488805812008499,3.1168816287677026
0.021508302719626664,-0.009354650250775729,-0.0835591931207556,3.329188140745283
-0.029003028754303658,-0.021124616897959986,-0.04401474116223137,3.0969709846777835
-0.029764047892466023,-0.01765646828935601,-0.05573650599567401,3.123937076918742
-0.020575614234150604,-0.003355562133235394,-0.0674720045214442,3.0888030538265157
-0.025241234412542713,-0.021216859498619463,-0.05866607846626011,3.1255959879249904
-0.013804948111137168,0.025621778283528112,-0.05832797261159976,3.2021985702349767
-0.029127318069903665,0.016497561786867194,-0.0928048646892927,3.120199304944312
-0.026873293815836793,0.00929670755877136,-0.12713494396427794,3.208219945781559
-0.010240455337969788,-0.006374481465714006,-0.062223883282093585,3.0050949039707375
-0.03596996536799746,0.008685112203071757,-0.06928532152528641,3.1599525290526533
-0.0202632272427294,-0.004829825668741096,-0.05546976901645077,3.0246007621324518
-0.0474330289314296,-0.018144910155732018,-0.06974802982286674,3.114327896195478
-0.02945080496575741,-0.045507044983824275,-0.08099391178065588,3.0314377975684645
-0.031504381266329186,-0.0326973767698113,-0.0679568298720039,3.0164801634805714
-0.0370519003496218,-0.025689955428004705,-0.050914060969331175,3.1408947913583685
-0.06588986873087141,0.0037264383154564894,-0.0680912445696912,3.171133094399479
-0.011379237205357242,-0.0073378526390418695,-0.08785227496454845,3.245958004853714
-0.001838641324551828,-0.015784894002541662,-0.04929745783702131,3.325008006060001
-0.006573589327070157,0.0007870936751280759,-0.03584065226854998,3.2901918345053085
0.01161681249074146,0.0005508346302610609,-0.0532944195527866,3.333246563227843
-0.01689531076780855,-0.0219868264195831,-0.05442863710158628,3.2519386925227747
-0.04490399463932483,0.01634460975567573,-0.02329763026433419,3.1657501728091697
-0.043689265141410076,0.01175910526807141,-0.02475742701352491,2.9742065811465417
-0.06585474125751158,-0.023390566490037096,-0.02265011101981839,3.167304673496518
-0.047253950469212415,-0.017331346074475628,-0.00539220881936961,3.0135430425462055
-0.03798782693187366,-0.03261121682533853,-0.037510978692577426,3.0294402980351376
-0.05944838558410615,-0.03394325154344728,-0.036756070161633334,2.9646019523984934
-0.0005556837743149341,-0.021699894268414222,-0.05397002262652986,3.019053969448824
-0.017002953457774517,-0.03035425652924846,-0.05026981582921438,2.8697717366909714
-0.03913349095209292,-0.01573217963377218,-0.039836205080550795,2.709205974672705
-0.044212394639983915,-0.027313746115812415,-0.04971742781158596,3.1098162526424478
-0.011829000066349507,0.004583244892194632,-0.044594496305192355,3.0329155396045664
-0.05262147175683159,-0.00017152377782531978,-0.03837157951275236,3.01898826552361
-0.025677826374397524,-0.01075236381147369,-0.07620640149287068,3.0061997606531254
-0.05390767459062573,-0.014453935351180454,-0.0642812443224177,3.0535926143126044
-0.03992424762585387,-0.01781609980296852,-0.09035963356470228,3.0845797712769247
-0.023569632297646147,0.0027647696402137664,-0.04704655468435093,3.0124663870693276
-0.05445470104253964,0.018551600862289148,-0.06941844494078717,3.168503611553831
-0.04927532938258594,-0.007943848826990002,-0.04610939510933674,3.1886530254868206
-0.020819728705668165,0.012244801723909056,-0.03266013768756265,2.942396524059223
-0.020886734436471745,-0.012630693847584376,-0.045104037838598336,3.1319823070016395
-0.016143197325139438,0.0040452343613028114,-0.05991872234197408,3.1365352956615555
-0.02176613089960288,-0.010831350133347253,-0.046489418238070075,3.1641432612230997
-0.012877607381300156,0.020889372284416945,-0.06520352368752623,2.9797211459809962
0.008144709637701171,-0.005866908527206537,-0.030309889551440972,2.929573167596917
0.008005710755168498,-0.00019467886465099723,-0.0805667550020297,2.895314168212608
-0.020935278341856867,-0.003805485621796404,-0.05089616145790927,2.884486782431954
-0.02604110859708279,-0.0013020308373527275,-0.06216241436911381,2.788614560023328
-0.04290848308428646,0.004186832270979439,-0.06929652616526781,2.9414531456630155
-0.01482841258456205,0.029938391971955004,-0.06198327934386988,2.86999931938958
-0.012642573813178626,-0.017880398589611032,-0.045845990351186486,3.051861193901066
-0.024193952878585216,-0.013492313526230874,-0.08583355658768706,3.060104735412301
0.0025436308030232107,-0.017018608513016713,-0.05939063300781314,3.094289216496482
-0.0417291860143985,0.01111852239127054,-0.06549208077680783,3.0146101708297857
0.00877642564895134,-0.0252282820247048,-0.061458475200559165,3.018733158637285
-0.013479720007473378,-0.025226041818016357,-0.026266221948075215,2.9734796752391515
-0.03600218472266203,-0.0042328776423666906,-0.021612360370376706,3.009995729253551
-0.02158517268853566,-0.0018163790322024784,-0.047385474263062936,3.0610340796621744
-0.036884039591735904,0.0061686559307254,-0.026328261616355694,2.9897804312794594
-0.07021577460551981,0.010236757662500632,-0.043965824629501,2.977863000599499
-0.0620191491785505,0.043314571307974906,-0.06017220187632646,3.209953908930631
-0.08581749844220703,0.009080439907136778,-0.05487665086022198,3.32211764479226
-0.046689323375965215,0.013675758308825777,-0.07083027078934523,3.1263713571318252
-0.010444509711505736,-0.03125111062234042,-0.07802692863082654,3.180914466763418
-0.04410050304340056,0.0024362039399202576,-0.07063224026058076,3.2187024144011844
-0.08257109298302034,0.006131184889852212,-0.08079960385547318,3.2598259280153656
-0.0380644226857486,-0.01592473570042212,-0.0581807263568392,3.085615322490886
-0.0671363027575238,0.01326853180104434,-0.06752832852889205,3.1589242847709436
-0.017305534204436812,0.001283997044557153,-0.06721541294175896,3.0273717280958463
-0.06876428836272012,0.00094289827311967,-0.048499758262334616,3.320211826949712
-0.052650524474911774,0.006916318174387198,-0.04794308607770153,3.3152245891282144
-0.01131956680832919,-0.010113585245561352,-0.07849690417330535,3.1798080736335446
-0.041426049799003155,-0.030417963859694707,-0.08517926505863314,3.098956026852966
0.0010342674709784398,-0.027548237475152684,-0.05696737807351994,2.8466829079195803
-0.02821432995465584,0.00031044315071739796,-0.07562789949877921,2.803153674520233
-0.050065846276619544,-0.006274468541917897,-0.08480288821428761,2.869209254154868
-0.020434826317979188,-0.0218162093787017,-0.07177876016499722,2.863499355158478
-0.021956321742101163,-0.011332821068371936,-0.06595998909233028,3.0015645993352327
-0.0029011935669393837,-0.0032019587557718327,-0.08474809456127481,3.1390202660632456
-0.03529355796558454,-0.00612188719503093,-0.0782211151108314,3.0423601267437115
0.022805493999608326,-0.02822890081842747,-0.04624182951102677,3.198960012714837
-0.026911162166870634,-0.0029315924778779163,-0.04891597153201739,3.2443667422744236
-0.020289532888234006,-0.02583729969157111,-0.04349449150252868,3.1974090819323107
0.0011568565577968854,0.006653435555242025,-0.07562616352390737,3.079962435508775
-0.022951879272610637,0.002032436111678988,-0.04115298921856509,3.195126985689942
0.011175406575029802,0.00561233198217942,-0.06138349342635656,3.214547955091475
-0.023024606548694145,0.008232224732494471,-0.06432720844654524,3.0205844918711566
-0.03941161698259552,0.019180159787714608,-0.056911783112069195,3.0466503630641166
-0.003726149633864257,0.002200224064007298,-0.07920736123835535,3.0694176824876807
-0.011865948886908876,0.01475522553328323,-0.07373116842447934,3.0621811754367476
-0.0023769122857822487,0.014199134162784705,-0.10559193930383103,3.2074022050787585
-0.0362352677927343,0.00826282212788397,-0.07579424097283956,3.101334166058784
-0.050096617395840363,0.0014132255300327904,-0.07871602851130809,3.333294096299921
-0.018890833049241912,0.007420398457878408,-0.08550390796454062,3.201207444382817
-0.011493475150504629,-0.01584806891440626,-0.09266337685924379,3.2148545228606524
0.0413141459056444,0.019483939851446225,-0.04875965882729442,3.0539395540791476
-0.0007998781993694996,0.02408828659602395,-0.08062663352053666,3.2611873274837975
-0.03363659527085003,-0.01687354897680034,-0.07390944517338026,3.0793433289911025
-0.023315542228296324,0.003033729710270973,-0.06961991997588562,3.106872413592992
0.003945169117767996,0.003240820052285772,-0.0899930053829639,3.1285251665469334
-0.024228763706695716,-0.007607383044378607,-0.07757985688647946,3.207078260802793
-0.02722776535473206,0.018417425186334116,-0.04721210296230881,3.08049144095718
-0.03800809216209355,0.009333952597890677,-0.06211132968274791,3.0568117362707903
-0.023247835028068018,0.0022709228330444076,-0.04807203157377923,2.9250182121703783
-0.0022867511092177694,0.01510647613872995,-0.06036633641733994,2.977507353306244
