NM1,NM2,NM3,RMSD
0.03915542723822447,0.06092257742537958,-0.04095261208340395,1.7078820775649504
0.005046973561177115,0.036645002810881504,-0.021985009406021744,1.490100759088495
0.043804997303857535,0.058889676908041366,-0.03926945431865116,1.6582905929599736
0.02285535530290951,0.037572186848042886,-0.04591180188586212,1.587535137788506
0.03038490957885439,0.05005779521647536,-0.02133337118453045,1.5875889295814207
-0.05134719360103032,0.04656003920454591,-0.06903729402721928,1.7036274351901195
-0.0020115424691699857,0.03911904533150711,-0.010436387118671021,1.5050909425636285
-0.011262126869524774,0.05386423429543888,-0.04193925856415186,1.5787791879092248
0.02389338909504035,0.061415731286802784,-0.049317485518243186,1.6592392641314755
0.01382813481599996,0.0710770175413349,-0.034070722616496574,1.6440830385051939
0.034507388351294466,0.06524682988717527,-0.046603893864795125,1.6730847136583111
-0.003535493268068348,0.06886551095394651,-0.039531804897242645,1.6688179721865588
-0.007990508065579537,0.0573055565988778,-0.038843060128474625,1.6670080412691435
-0.005159598946109538,0.055241225051005496,-0.026761036398880337,1.6599156019891845
-0.015331254502064885,0.054607389832819125,-0.016864716793780866,1.601099390501912
-0.041416432517064984,0.022743637210640204,-0.03323277397566721,1.6259695372760066
-0.007701223028284118,0.060612415859563916,-0.06682523657873593,1.694080323238782
-0.010316634973588163,0.037221104816117755,-0.04904650226918488,1.6605337563284073
-0.019127582469426474,0.05430770695953673,-0.038154003163809784,1.5900972970750773
-0.0374836508893934,0.056805671715138915,-0.049171838821885964,1.816491884624461
-0.01642586750024846,0.059490653411187595,-0.04567966409330622,1.6999769398655407
-0.0051749287408830915,0.05119932843238769,-0.051903613814283864,1.7227884178479151
-0.043257076298090134,0.04069211884597867,-0.01801822841163026,1.7097509357443454
0.013634505291085251,0.0558905356273075,-0.0462509787103093,1.70770054709529
-0.03666547719611941,0.0663283166950159,-0.053240194762532646,1.7435607300318074
-0.04287616667018861,0.042410425661833194,-0.02326604568031683,1.6775641014536995
-0.028535014669102743,0.04526702375141024,0.0056699847154088314,1.6585820416443
0.03266196222928458,0.05481885845596008,-0.04520629016503508,1.677313084028319
0.0010278581308313325,0.07888463096794544,-0.040435136883830804,1.6872753045130346
0.029471248078735048,0.047065210683023044,-0.054699213889534415,1.7362177601534907
0.059307094617567925,0.051336576087935765,-0.06776441091646046,1.7387138504781718
0.02364053298959465,0.04471209420119476,-0.04148579405837313,1.6631836450549464
0.05557445539729569,0.03270685021968161,-0.05712592144624288,1.656605944967164
0.002992427184982865,0.04898377506801158,-0.06087233604855741,1.6674142387973916
0.039286495627386626,0.03792431371859239,-0.0850586938662498,1.7781449275331394
0.021920116943976543,0.057937626189633426,-0.07093674276866116,1.7329187660389225
0.056641456971584944,0.035694400334558785,-0.06431848253501063,1.7089108380843852
0.05151006896768683,0.07252576659629169,-0.09741951503379898,1.8998665381438131
0.04281613057940957,0.06307377683699143,-0.10075062026082714,1.9219415300793588
0.07882555677677587,0.07550065006480723,-0.09054211899348931,2.0311996542313087
0.09546750312053383,0.0716658552356389,-0.0805119291355302,1.969476647952908
0.07806406447672935,0.042767001918992416,-0.10073380810689056,1.8822368839805526
0.052398452066136865,0.06366147206070254,-0.10065027178424288,1.9004927870201838
0.04685361408414861,0.06041605751663943,-0.09827953670359235,1.8546468269531495
0.0705746338232712,0.07245656937794631,-0.10458894739884776,2.0230522633731205
0.06742141369044817,0.04699114329533711,-0.11682869239227854,2.047511494317106
0.080938934265602,0.0649364353195971,-0.10899068782658317,2.0792294742396424
0.06084996782480479,0.04999535894686752,-0.09949971648140706,1.9043791411878432
0.07418037424337694,0.07152969888482365,-0.10276121813267791,2.0232297058468958
0.07024192912883379,0.06096775165647504,-0.08813709010598293,1.9339868863369687
0.05493738175866846,0.04814691384081867,-0.09180801036820734,1.8240066813521045
0.07067270955881723,0.05430377276745832,-0.06273750465068394,1.8551035979426207
0.059682551883058786,0.057815566346228926,-0.07552123606525409,1.8335274263982275
0.09074472321471398,0.03317596624796748,-0.0839485643365204,1.9436029676893847
0.07901054857503546,0.039272013895361606,-0.07438051929583984,1.8844414595605892
0.07122185873207114,0.05274122077032594,-0.06856983443537354,1.8178532970518646
0.06266781553242859,0.05200325339272305,-0.08693267295727887,1.8774637450850509
0.0891335708585855,0.05476363554004421,-0.08873951151046086,2.003304907472101
0.06176570724040732,0.03705508760714204,-0.09673310712723028,1.9099220803866392
0.06844833853248943,0.04817193972619537,-0.0852128938105749,1.834383919430342
0.06383768312375651,0.06531118455752633,-0.10975390878814466,2.0318755131715474
0.09633800168249294,0.055032380951139125,-0.08600168068084076,1.9702427547081176
0.06564556414592344,0.06650519264812842,-0.101432619479674,1.9564348669957687
0.06456232657484084,0.06092527842678882,-0.09406036035328381,1.9564445502627086
0.05877175408007704,0.05753178410993591,-0.1030687505537397,1.9138147812707735
0.05594001006178352,0.06638174360981758,-0.09260753554582997,1.8881964991055729
0.09014690326523227,0.08635001844063474,-0.12105198234764464,2.180828773819735
0.06634342231583072,0.04500344811451258,-0.09449544679874296,1.9316984314385943
0.032173615500698534,0.06163372182323961,-0.08015195729366519,1.814148562380301
0.03932573608641759,0.0516450088903026,-0.10052736282827457,1.8746653741409105
0.05757906728016447,0.06712590246459402,-0.08901249701340201,1.8499386960521673
0.08102272195113895,0.04872268836140235,-0.08766666768262057,1.940374302932292
0.07131526787946033,0.07410213035434511,-0.10412793476984485,2.0355125728431602
0.08128345133160744,0.04667544574595094,-0.07851015625398716,1.852686853110521
0.07691263338827602,0.05518913825445331,-0.1033864810603876,1.993104263540267
0.09707337245692775,0.0740556694380778,-0.08544375532477275,2.027134977320576
0.05954280027973728,0.059524472173206174,-0.09643414705240626,1.890116661542257
0.05184152278631751,0.05213392793502209,-0.08515409295047977,1.7847300523328387
0.06591388093950314,0.048881999026869793,-0.08783043473395027,1.8914266288757902
0.04506586252441516,0.06979754582324948,-0.0974997631606625,1.906272870354835
0.056438825122565824,0.08733046923460792,-0.0995032931839097,2.003286702261403
0.040341986616959355,0.06392950183821988,-0.054176095742800474,1.6835039832292527
0.05838960135412031,0.048222189760514345,-0.050182887668124135,1.708002747881857
0.027506709423838753,0.0685922606350019,-0.06005189558774824,1.6811807420952183
0.03898416595437374,0.06892664924916002,-0.053006868466639476,1.7549047526968715
0.05498498543473747,0.06026691384907654,-0.07062048374721798,1.7984749975324
0.040458260919000004,0.06187786871062403,-0.08061660744005407,1.8209237707994252
0.04548977390601746,0.04337782978793169,-0.05064000639908792,1.7241369387850316
0.05179179507787797,0.056260762894871315,-0.04374288522976335,1.708503826179411
0.059380784198452385,0.04571763348592473,-0.07807483733268115,1.8175442502570665
0.038971945892234426,0.03591155187307421,-0.07802122610218264,1.6634575868479442
0.035727155497123665,0.050372373251232706,-0.08662453683019852,1.7547306551570876
0.03567582244159487,0.05319506587196164,-0.05935934287099574,1.7429027209239445
0.029885909031328806,0.037461524064471605,-0.08229331718429904,1.7679369722871883
0.050861921177932784,0.051183671379998394,-0.06590280462445042,1.804917306538489
0.031975603361828364,0.057047502891252724,-0.06799963610123529,1.765166054381206
0.023635621378742373,0.03126144265707836,-0.074824425746573,1.6962847000692738
0.01580858695311904,0.046075068913905316,-0.06968195356057302,1.6995048120969107
0.005861512561540738,0.06252921575587041,-0.07223427989610177,1.7580060770393942
-0.0108227161003906,0.05068161947054747,-0.06364121052431605,1.680391336523767
0.03221703555015803,0.03867819663884787,-0.09172293802532135,1.7409640463460565
0.011925580340843761,0.09815919326367831,-0.06241000809052729,1.8793822591807157
0.004346238906705683,0.060143570927104074,-0.07995422152633132,1.7628426344771642
0.0385012332416928,0.044944975992149715,-0.06776928965728188,1.6802783901551062
0.0031647819680494767,0.07186043135844027,-0.06550293292923702,1.7388726947440416
0.015383121992147454,0.04738823990966746,-0.07619142543640822,1.6358528720442516
0.005587678049683825,0.04645586463053739,-0.049986384086577226,1.539952910110229
0.02113384337352193,0.06401837247455555,-0.08264294284320024,1.773100486374369
0.03880437362911402,0.048233897501565585,-0.07615078221472404,1.745258823317917
0.013757969001179107,0.07067058603587643,-0.07234377824223076,1.7900307064341345
0.012228186879454999,0.07503511452831085,-0.07314941614173481,1.6987140102625082
0.01808281453138405,0.08659887922829078,-0.09439170724753532,1.8890195379736359
0.035205936946879166,0.07737181142756397,-0.09509412292320761,1.8978997459077587
0.07572477702326219,0.04759171125343478,-0.07277333912972356,1.856630857960952
0.07440682954895958,0.06378604530293137,-0.10665377973936468,2.0198728801166532
0.09391701164019921,0.04344151505814253,-0.08137528549675567,1.9528332812185152
0.06870983483556947,0.057797253977681,-0.11254703471784658,1.9636474797536425
0.08253031420092696,0.05459154262025995,-0.08509177367516854,1.9460143650709538
0.10062090667122452,0.04050267590358183,-0.10092889879282103,2.0580741581712765
0.0647456597316171,0.0540016109174989,-0.09541961284063356,1.9149353439561752
0.0528636505022856,0.052737557391365084,-0.09045773014760328,1.900570398389592
0.05631755185237066,0.058059904475149714,-0.10408723236907716,1.916935395594193
0.0323497413069948,0.06840903747140574,-0.10846875135514564,1.9783457384114884
0.0243279746725105,0.07685802804238795,-0.1024661667450811,1.9051156283174624
0.015774019502307973,0.06278150295534811,-0.08591392500069736,1.8419095722048113
0.04838823831598198,0.07378931776006022,-0.06443168897048741,1.8114997133313093
0.06676699734341854,0.04994949528817389,-0.10504763693868582,1.9308616683436406
0.038328316443773595,0.047591649314139485,-0.10393425448153398,1.8642866186254752
0.04932185855256672,0.0658366578078697,-0.11150108938984155,2.019534289898259
0.06058789002348904,0.041912479962424955,-0.08256566469426002,1.815232411163749
0.029462504996945343,0.04188075669684649,-0.07772682459214479,1.7996530502082009
0.019653347298930073,0.05774529097907147,-0.07429196410693657,1.7574000765989513
0.02523452977446098,0.03666960866298799,-0.0664461720506477,1.6625989247184978
0.05787421446002361,0.061406295956051404,-0.09244486251607273,1.885781519806547
0.044185280879807096,0.07612461516742176,-0.04764673498978624,1.7445531661467868
0.04559468539234665,0.04318178812366425,-0.09273356756675946,1.7937876718460368
0.04129776805485631,0.06855954500829359,-0.0724477614295118,1.7594116513494444
0.019033287061228272,0.046616545413506745,-0.06951338238490552,1.66623510972298
0.04788710670957517,0.022459861008903945,-0.08887510687506985,1.7059250655303217
0.0684725092928247,0.025807707006282255,-0.08875254781930567,1.8395672896448794
0.03813200460189867,0.05209546993946342,-0.07923238063056069,1.7626453082807565
0.03580586030360462,0.007641964461437336,-0.08195866901000344,1.7032344893715399
0.06537384028707113,0.015212341844621674,-0.08519764296301599,1.82682926801815
0.06309017957868013,0.06189847166745105,-0.10699169385977966,1.927555742005444
0.0336707902087702,0.05453031715059135,-0.09026148419532784,1.8005884676778696
0.020998970130915555,0.027210611805536626,-0.08651928774834736,1.7554636077483874
0.025879544382475566,0.039719891668567174,-0.06081160580652258,1.6797788938294955
0.05988002676012788,0.028564915914270145,-0.10423496618211985,1.8710368796116525
0.03233428644824263,0.04433535100610956,-0.07511633325065771,1.7453610442507048
0.042140363940757736,0.04979328726609425,-0.07292599205929089,1.765444767607291
0.045079561237576435,0.040226244054704846,-0.09137008042145059,1.8407927261008
0.047821703530996705,0.0319180372993416,-0.08533172232814079,1.7420950517861733
0.050758719245893626,0.05509849436576806,-0.08670589428036528,1.8116078481844122
0.03813938852682445,0.04481256630795374,-0.07515642936888384,1.7408665332120492
0.026138467926800774,0.04332745505969642,-0.10073208446319427,1.8551129769973498
0.039385038805951574,0.03641991047032071,-0.09733912249249567,1.8838831949878614
0.031786814887726215,0.018068228754179853,-0.0979148636173148,1.8413392728111533
0.05676080458320547,0.019261678641970197,-0.07836008608663841,1.8052996938956587
0.02162760585170845,0.021478581428233355,-0.0788674746861826,1.726351616265969
0.01678090862787831,0.02955110037201488,-0.08507037073923068,1.6676160802159636
0.02150336629248478,0.03775612388694984,-0.10231687564978989,1.8856491733399123
0.03965615039537484,0.022074336402831428,-0.11187986198991534,1.940210938350278
0.04550906171956998,0.028665586307723787,-0.10402084199616106,1.8878040152623718
0.04992515065415631,0.013472821915396085,-0.12883502613332357,2.01794235361969
0.01803502242790062,0.018155352576963997,-0.1147414652623964,1.8975887962618596
0.03474634917917602,0.02095377225464566,-0.11217707726663076,1.8952318044218468
0.06026815761301058,0.026881448363170836,-0.11636224938059478,1.927150350248372
0.05108142836177447,0.031034133987328585,-0.10876119320278509,1.9099515173598833
0.03693969145272319,0.022260508830416744,-0.1157446850657185,1.8691688536264481
0.038646581552966575,0.03912060191658481,-0.0898557033687986,1.7699439550092808
0.047054172984271746,0.031764988988912286,-0.12140248200507246,2.0426544825478334
0.032707888461081656,0.015535983623858525,-0.10686850929260942,1.8606278611944291
0.04253382375057542,0.0382907531962263,-0.11259266226647051,1.920519000122159
0.041807719576311506,-0.012217750352757715,-0.11172458977099695,1.8965457455492452
0.055547317883524766,0.02100189122040848,-0.12343563535552723,2.008562614514306
0.041458286652858695,0.021125075334637946,-0.1057723944546368,1.820075106100765
0.04077620050135765,0.014846393733974736,-0.10511991391405495,1.8989283551743659
0.02006969193630661,0.009414748122159129,-0.11609736273108623,1.8703035884209125
0.04956241894394338,0.02448206602604244,-0.1255595436059381,1.983535400657929
0.04819455270157891,0.01388433573347459,-0.10592825633964309,1.8658575265198463
0.04624535055914736,0.02328126992028877,-0.12314097702114271,1.9709117426570024
0.03316374077470089,0.036062438025622916,-0.12101382710810799,1.9205252412340752
0.05118849895569794,0.051598507441304765,-0.13665629386025566,2.1537669996791746
0.07713228667839413,0.03728808876359793,-0.12586390744818748,2.1044567273817716
0.03964821423375526,0.03229346710131744,-0.13895729605810653,2.076312247852985
0.0526225812892946,0.042319867426242594,-0.12098827457973929,1.9657186486166105
0.055205026589179605,0.03757921410387459,-0.1224469874268969,2.0046438364507804
0.06458729059894085,0.029756424926511222,-0.11217350810403101,1.9807797524421944
0.07132817810414181,0.03821406740226263,-0.12263350186631386,2.0842243525008373
0.043362712496335776,0.017405300745674753,-0.1227637722317022,1.9809415354309792
0.049062463624076964,0.033536745036785165,-0.09930649459631785,1.8969677534259917
0.05520623941994816,0.03727265389312081,-0.11436611033743455,1.9930783236752425
0.022242850619675836,0.0423149182298585,-0.09665203616360311,1.804943009153475
0.07529904355116539,0.050916255039781436,-0.11752895122524322,2.0438398502082493
0.03197690863058487,0.03725497137966127,-0.11056970694910696,1.8997254062078086
0.048087654134842096,0.033726773722191815,-0.10946396116525207,1.8144158067372664
0.07108810832752023,0.041473138213404794,-0.118207201188894,2.0339131652476468
0.06888190671862393,0.026434123186222017,-0.125876756963508,2.0301542747879
0.0752320270710832,0.031862039285688475,-0.12180388687887801,2.0265808986083056
0.04154432539365955,0.05877589318611752,-0.11750488299561987,1.9413732686619358
0.046980422421411865,0.04999420432789177,-0.11699995591793719,1.9446709953997807
0.04137332752686047,0.046076213014107054,-0.0971750343374983,1.7959205871716712
0.042126896688659564,0.043356351609359994,-0.11535238609003562,1.9151198205711306
0.021494902872180897,0.03377196700697328,-0.10315422405290563,1.7722298876276297
0.03031874603974481,0.027083926483375473,-0.14334590136515296,2.0121600330349994
0.030685269498361978,0.02072569914230707,-0.117087921363387,1.8810538905448004
0.03964294930067189,0.0440933203761652,-0.09842416866904743,1.8122458879792371
0.05452911156461835,0.059558840831435075,-0.11805011629624292,1.9835134742560772
0.05183908426496609,0.06983285871406261,-0.09771930278418951,1.9271412368349274
0.08542711531811344,0.06013620809981613,-0.10937856047475404,2.016879263305568
0.061794925423635245,0.05285808979576971,-0.12295682787873055,1.978851791692636
0.051297135874514434,0.02919466300209331,-0.1136679965149334,1.910101092665065
0.017919078395760634,0.01566853082649284,-0.1378286469946145,1.9783411274156677
0.043241732818153675,0.030558280336725835,-0.1217191250767283,1.9253979449077256
0.038054982815858396,0.04248487516384257,-0.12986521450542018,1.989908534834175
0.03608885718221931,0.024073807102079316,-0.09524937642660401,1.7413315805234857
0.034868180332559326,0.026216401638343698,-0.10644264300206412,1.796976896953586
0.06904563114681471,0.03513444738822534,-0.12332195341417267,1.9611458188833757
0.047962915554898934,0.045541996623822814,-0.10386658394623467,1.8526484520823572
0.06674489982169587,0.0390937435217431,-0.10688508521146993,1.9250470462674512
0.051845019983049634,0.03763994941283779,-0.12665677980242435,1.97325331850081
0.07788970780368368,0.0468404590811358,-0.10663048374981407,1.9801776885988696
0.06689467690336323,0.05540202630226159,-0.10701831209532976,2.0125528670589308
0.06598642239120393,0.06901982101303814,-0.11319727020744694,2.023474829241505
0.058740373347209905,0.04108638046573722,-0.09635369485497096,1.8484667955656207
0.04914456248303531,0.06142392041959089,-0.10953726374241454,1.8965099166730728
0.09840473337558289,0.05577736773366899,-0.11537694363935082,2.0981291369532213
0.08062492360779581,0.04181811668479376,-0.09711320524234865,1.9415531182114063
0.05786298288772202,0.03293183015654207,-0.1182978274806975,1.9572906087370896
0.047055028412496584,0.05221720406947329,-0.10950094172524913,1.9137500922952673
0.07169658633905103,0.03973813751398822,-0.12663281884617528,2.0518382973598093
0.08216764545022939,0.04560554591003812,-0.10206436464660272,1.9581877057119057
0.06877650608712789,0.03998432833436463,-0.12234130446079437,1.972126346527406
0.07165564553646815,0.0520751743610746,-0.10947452544660245,1.9644371524895283
0.06000183435137536,0.08062167522139788,-0.0990252561233183,1.9809401571712408
0.07525172911105671,0.029729896516582772,-0.11454916844099264,1.9600406085726778
0.050760662282662475,0.04844468264493622,-0.11950900329497824,1.9705602288142527
0.06487586697826553,0.04794753731845039,-0.09594893461411959,1.8638040847802413
0.043291359199723635,0.04011735125048412,-0.11213080333397787,1.8851393010258048
0.07370900707228385,0.05559460189134454,-0.10357327261021856,1.967401950043745
0.05877679391650635,0.04352087336493416,-0.11750220340819265,1.9877973813122254
0.06870950547181184,0.06051569170749114,-0.11419432884866992,2.0378319871783406
0.10389634196729362,0.05796966630996787,-0.11008305645720957,2.149704712085387
0.064665784148746,0.05007213989742011,-0.11530968085267078,1.9393960666045362
0.07160436676974763,0.05490331753153463,-0.101552681273894,1.9324120968918432
0.0651742188219847,0.05540062599830197,-0.11341495846640791,2.0386399332097724
0.07538227429746698,0.04758157172140727,-0.0905330292860647,1.9174143054081885
0.028823579189010944,0.052360617790719696,-0.0769192192334466,1.7436879133289835
0.05107434900156918,0.059147155679176215,-0.08235712715216262,1.8480367005252536
0.0496242124049855,0.05125670027164273,-0.11726283590825022,1.9293881897539737
0.0671089585812493,0.041205192945732834,-0.13905892369093287,2.1123249557479378
0.08132866419639198,0.02878811439518453,-0.12713947416600888,2.0477854694976863
0.07397720467410224,0.02349407492907104,-0.13119321845751208,2.0361754046584677
0.07080463480749698,0.06257075623537421,-0.12889659562827285,2.1034405625127537
0.050633570536666825,0.04435159294226134,-0.11468320267286909,1.9041669951554265
0.0758628842904975,0.06007123899712975,-0.14038985866084733,2.1946543945062107
0.0661878464878098,0.0335697728027578,-0.1381687762058191,2.0979007030629475
0.060777356081209405,0.06785395230351915,-0.1365483941786015,2.1471320846883724
0.07816648373405495,0.041875694541400776,-0.11009746737234362,1.979214661870683
0.06961515229986887,0.08645938115748372,-0.10469949214430554,2.0987748534106694
0.07752756901151263,0.07717004377688232,-0.12598577955618584,2.1823316797440797
0.06922891112741775,0.05899450616110446,-0.13542208633714573,2.2023099904886383
0.09585314990804228,0.055417016417196444,-0.1389998720110777,2.2560169107623187
0.10274395102737605,0.040219180177441444,-0.13085744082437367,2.161956797397906
0.08584655675980006,0.06419477248483739,-0.12092247498485412,2.118167098260555
0.06640463194593214,0.04276649955226044,-0.1228798368111052,1.9852336626453717
0.06590969798061422,0.06158915641784268,-0.1288747071486411,2.08455473812082
0.09961890554899744,0.052750952991644486,-0.1091382567902695,2.0635396798113383
0.07126083560725936,0.04530275060316751,-0.11555306357835916,1.9881439369380276
0.04698944317261782,0.021951214367401235,-0.10922095187625974,1.8077566192968666
0.09585509506928412,0.05354296991837275,-0.12508440661937462,2.162057465634316
0.07808114670337711,0.05062028784342667,-0.1110075305686031,2.010800520415023
0.0834349405035349,0.07115253261931419,-0.10810674072671397,2.037595663191924
0.07261249211212774,0.06958756146554576,-0.12763543968502541,2.1715283669952674
0.07990423722494198,0.06358491209373084,-0.10734856491710477,2.0314713436161673
0.07862787442081047,0.061382704529491794,-0.1209527990900752,2.1120064961179645
0.0866259397989211,0.048820594025606324,-0.12061277522008171,2.096411773133157
0.052556697041236805,0.061008654020053676,-0.13106304572514962,2.0782158851056205
0.027665840653145663,0.06426988226353246,-0.12469853948885029,2.021623911218085
0.062177183104711285,0.059637267732800474,-0.1450370028003744,2.211656497304217
0.07750520610011218,0.043089553634448906,-0.13088060050779873,2.153676368185567
0.06307113307233234,0.04559061354396598,-0.12764380406333442,2.0662995468478162
0.05922215172809972,0.03975227334971428,-0.12875749566150213,2.018955755182196
0.07468649006010374,0.039504531902661524,-0.12374709442441652,2.038226958283796
0.07882440323746057,0.06401101547780048,-0.13312781194664586,2.1391624473063997
0.06534428807137141,0.06224175364300804,-0.12484310234348123,2.07978496238192
0.08054466648148594,0.07852239612161685,-0.1272551251211159,2.1480503532162434
0.11089366038419377,0.06297113004903308,-0.12980914343223618,2.2729791849986665
0.0817654130611324,0.044914653502374766,-0.1380083366969086,2.176460039094978
0.08621987820634074,0.0659037472188388,-0.12846403648221985,2.170787340593706
0.12066526533808107,0.04903885590543242,-0.13168564853386908,2.3301702508975213
0.06307015905053386,0.048143943599122566,-0.14675021736023058,2.156282708925409
0.08052115339473162,0.0485786737669077,-0.12564101047158838,2.0802358559314604
0.0696990173368794,0.05696582871243753,-0.11603183573370167,1.9940354378150933
0.06963152876366002,0.061004178694744844,-0.11553294305827867,2.013783553423352
0.07527475415421601,0.06763223504609042,-0.11185926005277683,2.0859436848857804
0.08884884598615994,0.07931226148014527,-0.1127417886896488,2.1540963929156405
0.05748470227568323,0.06723436680471513,-0.11261387592392809,1.9757045308709713
0.07314803594883577,0.07523198499559411,-0.09987696374757656,2.050745018222668
0.0796648199616052,0.04156636529675061,-0.08767094676252564,1.9077550330283417
0.04219649622061047,0.042678648558819,-0.1256934722772397,1.986357935800204
0.0874160203611482,0.05391314658850262,-0.13658389175769323,2.201272345873178
0.046211397566288726,0.05469492617075332,-0.13716098027604426,2.124901351701185
0.06703067503246596,0.04548858630615897,-0.11964693026617419,2.0195718806002585
0.050782870328078156,0.07331965919228292,-0.11614117236171974,2.034680010754407
0.049946908838932394,0.05818996931211682,-0.12486429342196759,2.083100165694136
0.048553229252974256,0.050656717476406356,-0.12640124151057092,1.9774237132464882
0.10118148135916695,0.06495639631453848,-0.1136605678025337,2.134199081066308
0.05358042719101142,0.04223904334538947,-0.10623602473622742,1.8642904765091017
0.05077710345964328,0.03572898192445324,-0.1129161397864058,1.9101091199666733
0.07766832037505167,0.03844829211677244,-0.11913963317339764,2.030633733783391
0.09702793735166018,0.052819797895842326,-0.11537645853632089,2.112461325352205
0.08730343029714555,0.05883762287006702,-0.11524538792111759,2.0470888461186236
0.04167963621610517,0.039918907304968325,-0.10690893353591603,1.8793460074010704
0.06363793800576056,0.039504213179982664,-0.1044739105578737,1.92458549526622
0.08646858827188864,0.04506639417395343,-0.11242640074404257,2.0231710315229026
0.08513645895062119,0.05638777378957556,-0.12028575641633928,2.114096032841816
0.0584217655641763,0.05123363331791058,-0.09938166268960526,1.8464796625258217
0.062179345758544086,0.053374412692442884,-0.09075392889749412,1.8405307956130672
0.06955218897612936,0.07145536634567794,-0.08872161801130524,1.900248796865962
0.051237697087613526,0.0405429356282176,-0.08697369250165944,1.733972870927049
0.06636080887909553,0.0581732732312683,-0.09006570697130836,1.8390072303841987
0.05080178491748602,0.03952827790674151,-0.09160774092544054,1.7670750353991371
0.04026786645354669,0.04216838076539343,-0.10518809721349567,1.783519307872579
0.062082935118736596,0.07126513939109125,-0.11415531405729742,2.043010981171024
0.053949243551363706,0.09704460176843419,-0.08448501919700233,1.9551271861701318
0.0304483110293177,0.06464028005341188,-0.08113528123121273,1.8065211501952438
0.054486584808330844,0.044329646233738085,-0.12320286766215993,2.006144180658959
0.0414218098451415,0.04839120227795637,-0.10705950008674955,1.8151172991224174
0.04120981793904991,0.053809972903550427,-0.0916140251277085,1.8112764195634241
0.04926464343193943,0.06010605432097337,-0.08958581339164597,1.834408487752428
0.026557262744328184,0.04890089278653308,-0.0814958202053336,1.6989948950910716
0.047016201295383586,0.0364435250486818,-0.0903805898515837,1.7653054597560904
0.06622203491587819,0.027868213798423542,-0.08013177142371321,1.7656886418070645
0.0670361253532273,0.035473595628970615,-0.0889092114450387,1.8218835176594397
0.036479843094547396,0.033056955261197896,-0.09451501719392344,1.7294428068026817
0.01818851460868,0.04130779080038847,-0.10377708986478497,1.8242523220986235
0.030956855702968425,0.027922727672998745,-0.1012201281667632,1.8385891305318272
0.045919126685936125,0.043895628937323024,-0.06826152745656067,1.684741161761368
0.05464935187693233,0.047974796391633476,-0.10609150449651442,1.9132514434038121
0.06794131938369176,0.030681070368923702,-0.09932452596917017,1.881744333548145
0.012867842387355903,0.03937121030601551,-0.10207552656554138,1.7652264440834424
0.054379010535356445,0.058218614547461425,-0.1009338262508215,1.9155887054485394
0.03326294324198731,0.04094746324037125,-0.10997763492985181,1.860903714265563
0.04323262039204967,0.0393049873229182,-0.0877246510331291,1.7705003402459263
0.03428454401134696,0.031444635060733396,-0.10818771732836109,1.870340463416209
0.043618747533804986,0.05527725985351445,-0.09176193025677729,1.7971422121311382
0.05225661304085671,0.04425997767241277,-0.08628680126981922,1.7914917905998637
0.01023933118221955,0.04121272507161281,-0.105117345518211,1.8016352622430656
0.05832224839134895,0.042823429103049954,-0.0721165295837432,1.732293407856667
0.044019491058445596,0.04618065968583106,-0.08580463693275893,1.7517798841404557
0.029397696286064232,0.039520470331773104,-0.10183143456860332,1.8199526934826984
0.04556098634610316,0.04365585987611393,-0.08729740368054002,1.7206318845570399
0.021792001019697853,0.0384277180595902,-0.11451598230807157,1.8490362375511926
0.0674278925816702,0.062047775901525416,-0.09120391526853966,1.9119330713222211
0.05869009349176673,0.05602724858135258,-0.08511072109081691,1.841697519784239
0.06110228676978909,0.04538337668175458,-0.09224019028012415,1.860353263362965
0.06916420288230941,0.04363763974946261,-0.09629837026699643,1.9192677895405947
0.04820294463646111,0.07200791907606735,-0.08548384381857964,1.8419485284814336
0.06597299037686608,0.0608183383053452,-0.1005546377589714,1.951657843701589
0.04359069450703766,0.04372061567946244,-0.08654830432742322,1.7782402166972981
0.05976814175323807,0.049310385972034375,-0.08006156291920209,1.8075060763146096
0.04213579106178996,0.03098385337494447,-0.08656494712301772,1.6976021396683403
0.051347912019098926,0.052990283017989505,-0.08618810166412032,1.8142347882241434
0.048266908914502527,0.03636335314959824,-0.09119609367623907,1.7595536963165723
0.03807879425267819,0.02966738739910277,-0.0909024183767875,1.778600901558027
0.034710773257828134,0.05265370044912373,-0.09577357127634759,1.7965579999713326
0.06289299134051346,0.03069282643346298,-0.08933343279858855,1.7474286491417101
0.061741201810703826,0.06605156151916097,-0.10124512106595926,1.9146375498982613
0.029565101410226533,0.046252233657286555,-0.07894444172451606,1.7199602516800998
0.04486490670157863,0.05409364525877341,-0.11313611649876748,1.8705304692696316
0.04384104905088457,0.04823684763369978,-0.09666763688659866,1.8038344656680978
0.04168341116622485,0.051307995307217594,-0.0937453126432426,1.8429948484490772
0.01549764699487897,0.03618515683973884,-0.07394103714457513,1.677889233132189
0.05245040135369549,0.04165698253935736,-0.08946014535216142,1.8070219781709758
0.06613241342610279,0.041282146541930055,-0.06257539100256725,1.783258240609328
0.04622687346938463,0.04516792688123559,-0.09765580884390887,1.8489539431705984
0.038873849202352116,0.03556955025461505,-0.08363334278835617,1.7091261683032908
0.04084420888211605,0.048914315611480186,-0.07012627990181809,1.706375765585979
0.07982524351423423,0.05336017567775735,-0.08692925039769486,1.8745123845700864
0.07606941039536497,0.05336619953150131,-0.090665254545077,1.930024267400811
0.032667678906814754,0.03194542778609067,-0.08799447685767846,1.7071645845477146
0.0387926868582547,0.06266049533121847,-0.07972919594451204,1.7770547881419088
0.03861504669853725,0.03858382060936648,-0.07718905949456105,1.686043176210874
0.04713521656513055,0.05052394206981498,-0.07952113850420148,1.7051270648043864
0.04447898852543683,0.053652143869917165,-0.07973328785183609,1.7594402261131976
0.04748786835572293,0.035632701515562436,-0.08525451525298719,1.6922914822136828
0.024042337040063314,0.0510509854108782,-0.07870217092076498,1.7127346542843078
0.06165576213605552,0.07231501537558165,-0.10128444308208598,1.939567889031883
0.055309545865887925,0.06954359854789435,-0.09340729599591607,1.8307971556586944
0.04949804351597916,0.04870509625905042,-0.11552912991631258,1.8931800336113722
0.04712518840022371,0.05506829338820377,-0.10473451479672266,1.8170964833401106
0.044227771957657994,0.04489875475626011,-0.11879334211213334,1.8558995419953241
0.042776241448289995,0.045251141754082305,-0.11496385983508493,1.8402726184280347
0.09105430874842264,0.05394166732120234,-0.11193736305454573,1.991982385695753
0.05506899839841336,0.0429374477363035,-0.10175972874883596,1.8457389031179474
0.09074094032355758,0.06901010151770874,-0.10544109878006931,2.080309912938593
0.09801359587830448,0.058357682069480186,-0.1027616670086831,2.0338141161133634
0.07084761547591553,0.048196613371834646,-0.09248782718877477,1.8331881547316349
0.07873824082784749,0.057006943601576425,-0.08519103526900122,1.9369613221069741
0.06323251162982232,0.05340867148751019,-0.08215862671556744,1.8579745955542009
0.05836049756370165,0.0379505182657719,-0.09538132884984388,1.8018970203446112
0.10135805895224988,0.06035343937691912,-0.08421182475595676,1.9995524463601675
0.07300433509461497,0.0474453976581525,-0.09556395173828929,1.9532678649904072
0.05708551783369808,0.051558157299930095,-0.08845622177944307,1.8711857308859199
0.05990054967630536,0.06702835549143638,-0.08534526026695415,1.8950974448234446
0.03584251944375627,0.052999062406005,-0.08367199689256173,1.802720107364763
0.04997301492078145,0.026020156833785058,-0.09329992921686696,1.8150533337667982
0.03743580064606453,0.04324799502879875,-0.09851105975577888,1.8006056303446278
0.05182805819742816,0.04437710112077444,-0.09396946958236432,1.8788571288067937
0.08203842752246801,0.051778753334191935,-0.09370235749437317,1.9431573821299502
0.08684335682454507,0.06737115414028762,-0.08867850152330484,1.9915595905955585
0.06129174355486584,0.05268097760763423,-0.07923621937941841,1.796270882087153
0.08795510933497958,0.057461966997961106,-0.08683370056349594,1.9443425004593906
0.09678318662612156,0.05706053748909153,-0.09653625366170196,2.0613418869784663
0.06284514180529273,0.050491395190564406,-0.07818512712579963,1.796608142919856
0.06272388662919544,0.06011173607611819,-0.0740668401867065,1.8594193350669705
0.04749064805457572,0.0687288459241838,-0.08633765395067101,1.8210888174834143
0.038040305524591075,0.05911087380855393,-0.09662780234128776,1.8132779891234794
0.045250834706011066,0.06399395790595053,-0.07995083843620525,1.8079461275536353
0.04862741362607226,0.04836473513240045,-0.0747096188122648,1.7096741507831026
0.05680322834107361,0.035799430810677525,-0.06389501783036974,1.6768440512051122
0.05564148353718614,0.05958716236689303,-0.06297343934538739,1.7326019323411161
0.03706582238023503,0.05558766357962631,-0.09043679743281623,1.7675131144473146
0.11934325734930011,0.07339009983973062,-0.10908517205322579,2.185652793780159
0.07516252344628858,0.04184602085346661,-0.1035564617726877,1.8773442266431541
0.07639280230864873,0.053873359592935065,-0.10669911427997836,1.9563756912622772
0.05670526417528533,0.05293350950610802,-0.09826894059761464,1.8522784006655422
0.056368258396047685,0.03849202300044078,-0.10047220202767305,1.8256484750850264
0.0871392037281427,0.05797342221014687,-0.09470448472068374,1.9172230131476127
0.0990466283021477,0.060882547857409035,-0.11549096870955701,2.1266055394450643
0.07693520658831458,0.0328128363602995,-0.08517754736297828,1.805409548788111
0.06187062838951803,0.05225177708294842,-0.07915934555997306,1.7698888033297655
0.07897490304120518,0.04836527526015432,-0.11889924374608422,2.030957758332903
0.0572545168712402,0.042101073209873816,-0.08159217266677833,1.734676514516968
0.05951381170580989,0.04033082079905713,-0.09750767755428089,1.8382602302036852
0.06634844941901966,0.03112688228541404,-0.08906098876909582,1.7697666627487847
0.02835627207342124,0.030755615816388034,-0.08679221267337131,1.6435129092779417
0.027786453071563893,0.04707772767004719,-0.08461259483369718,1.7167067753781882
0.07224428688861373,0.027504101757824938,-0.09134245602279482,1.8345081968864523
0.06222385141249625,0.056655278332076876,-0.09086049330112562,1.8767026136087754
0.08274107375115436,0.03196921229856653,-0.08480970421787053,1.8666190732202443
0.09298042087899015,0.07504150143957682,-0.10012311823673073,2.037086214143814
0.06765931747416497,0.028637437907424,-0.09229704426880012,1.8209701677951473
0.10047148394760007,0.04740113856150619,-0.09560234850604893,2.104993382422649
0.08282100621171419,0.05020073115280213,-0.09446370025091062,1.925767028648038
0.04021444918917939,0.05953440911732759,-0.10381242875281511,1.9227770738298722
0.07300834953237915,0.051133863087214106,-0.09047016936633079,1.9115703771885058
0.05679524702089089,0.05311692709184063,-0.10178497753386392,1.8481242215144944
0.038164877383160864,0.0489096908510665,-0.10871370590681162,1.8336628382641131
0.028485811252401013,0.04526233302665807,-0.054063472715637,1.5588358745030397
0.040496050756880356,0.06219224070390352,-0.09377932814013537,1.8186756676030083
0.025352579289635767,0.05802442517778265,-0.07784083130047031,1.766057011010696
0.04015428685825513,0.05644277142721292,-0.05395220625829598,1.6826849020389756
0.029592346290943684,0.05774730496065376,-0.040459486151499725,1.6577666701426903
0.022616155350267973,0.07941265474863533,-0.05875160710790862,1.7041359430754752
0.028054623192246445,0.07256277063049793,-0.0735416491606724,1.7243683363874367
0.03311064918407591,0.07019080898978086,-0.07830260200939133,1.754619512964262
0.021670416519923595,0.06735891416217465,-0.07281119908580236,1.7245099888110542
0.03532488668653846,0.06020106171031748,-0.06699184681853833,1.6929405812343061
0.03485160753332443,0.056606972953154096,-0.04755858368740676,1.5792734124777654
0.0490931917383731,0.07732579396991172,-0.05940145552295129,1.7923565424936356
0.04501075852745967,0.06532883208380623,-0.034495298854222055,1.683110290156
0.042583393995689736,0.05375607544789587,-0.06454426791750338,1.7301908577312126
0.043821324036447416,0.05812332478508589,-0.07345443736051109,1.774059215644379
0.0547567786376718,0.060234964903874484,-0.06964707619511072,1.8541623409489674
0.03213774270507403,0.04144515050551969,-0.09108524494659408,1.8188616387053451
0.08006204243374428,0.06344773402037825,-0.05923613778791802,1.8622264697775444
0.026301190525656475,0.06704075269230926,-0.0738267091404448,1.7102548569317024
0.030284159811670743,0.06096535040072912,-0.06985946841952886,1.7721865864323987
0.047938445402776045,0.066696611806946,-0.037909209724532385,1.6879054578210204
0.0300195228860725,0.06738673356806413,-0.07017339809609949,1.7573154213631466
0.026377848205667635,0.06718719660823361,-0.05372931341702878,1.6890214995446702
0.018299053045398018,0.04176738462375743,-0.07012730868110698,1.6498207314569944
0.024155151764076063,0.08195349606312002,-0.05762913802449109,1.792584700380061
0.03673016993509584,0.0669894970928343,-0.04986895624923208,1.7133021166805644
0.06096618272667531,0.040171925195144516,-0.07415515936597267,1.7758148127625935
0.05491761649813515,0.04939507238922776,-0.06638686468404736,1.758492637142249
0.031672499053953834,0.07324846356804182,-0.0435162612833328,1.726479272838462
0.02172574091573189,0.07880813151499094,-0.07033405119170338,1.7724467992667083
0.030509988310194178,0.055244864855068035,-0.060915298096093654,1.6294528481280621
0.03298171599388897,0.07242448651871768,-0.09033686928328168,1.8813301450770195
0.037637067783637526,0.043628438090764235,-0.07634543052948699,1.7506154505530147
0.07457794000320987,0.051468296353422906,-0.07867547759548647,1.8871424825973664
0.07812752378804215,0.060074580310771016,-0.1057134825030808,2.0257297189946417
0.06314452916042769,0.06712823297982139,-0.09555618240695535,1.914295378209541
0.06013309589851083,0.05466820315480792,-0.08175287984956796,1.9005833831661594
0.044163453121237164,0.06655506155667798,-0.07633110375003767,1.849948292531435
0.036246989362019776,0.06832025352662922,-0.07968570927837244,1.8285032293151418
0.03733709584901636,0.06516644986886713,-0.06601070989097799,1.7643513716606705
0.07958575134906808,0.07831723228104992,-0.07568724768923259,1.9883042033700267
0.04238400611222963,0.0471824555112907,-0.06550537049108644,1.7594213029557426
0.018984457511353532,0.04690279878390153,-0.07304262124516042,1.7119879719507445
0.04614096542744366,0.023683070057620367,-0.10585694512918896,1.8846982385507227
0.057360338533776825,0.05183621017666144,-0.07466439405506019,1.8865629347992043
0.019979595590940147,0.04533061086838988,-0.09334362196476612,1.9046711716896496
0.04898633922269373,0.037959561211593926,-0.09696733310577983,1.9547606417974763
0.06283870360109177,0.04222945864857735,-0.09284052913065904,2.016450080630659
0.06426296505003924,0.061829293236559044,-0.14351796650805912,2.381627675775369
0.061558591972270635,0.04706174414057356,-0.12225337676456133,2.1372621929174715
0.05554466933181179,0.06273828275532137,-0.08078024912165956,1.9816061399021347
0.042400449778853426,0.026151682354702988,-0.0629630312401036,1.810561503553065
0.04806141556828792,0.06133183698443047,-0.08864068154380303,1.9404852812769753
0.053504624533389354,0.05494081240818601,-0.06730364962028132,1.9096464301075207
0.033702083098096136,0.04432167781455571,-0.07651530537483922,1.785946796491504
0.05445715836306122,0.035174463387469324,-0.08567515158725567,1.901920731806769
0.03679359479043941,0.045949766305150325,-0.06766247900925997,1.7931864934762072
0.02776391031852396,0.06013995928275156,-0.07110211354618863,1.6526472055892572
0.022481696138266165,0.052327275966915346,-0.07181012394085154,1.7329510986925276
0.013647568306994859,0.06510896424339836,-0.07043287480469008,1.7679468906537807
0.04342271921991888,0.06218405928118047,-0.06833940083984567,1.8285949108947461
-0.008631120450702743,0.07118457522480291,-0.041735420371832255,1.670789303115363
0.0021468319676155112,0.0420007029847313,-0.06529115049911509,1.6910963984393375
0.038545421692617064,0.07401239612721068,-0.06653930259764551,1.7350606129037773
-0.0007298044167320427,0.06854275614817748,-0.08255027121135367,1.7155003016951662
0.020585204425198282,0.06027250587652414,-0.07510936966906685,1.7528304787974796
-0.008398860512078584,0.07223658120064184,-0.07707499177482806,1.7806137920273097
-0.025065233595816153,0.04929075725525999,-0.08103898031191821,1.7373044875554917
0.00028764709652525847,0.05860836842160604,-0.08501790116393483,1.753641491224135
-0.009244159344796356,0.0675015513687209,-0.09493908826527693,1.8563179483765666
0.024055495827126523,0.060808618798684655,-0.07893843533240169,1.7312314462545892
0.0666204140332624,0.05267338348441117,-0.10195421947443384,1.9007805122292436
0.04961359896989089,0.06565824053695746,-0.10827062242252398,1.8848486533947137
0.036089346548679874,0.043239566667129976,-0.11215440062703085,1.8273675749629592
0.03183094796471347,0.03763119459182637,-0.11223121931202322,1.8577329800980729
0.041610129281354144,0.0523877593471105,-0.13433005135510506,2.135945995745115
0.03263429710069309,0.06536430834817862,-0.1184700244202259,2.0138705503867484
0.05925633195271932,0.0723711689769345,-0.12769998890133624,2.1287370129080734
0.028384831381503526,0.05629977428758976,-0.10724721701540098,1.898951658833067
0.052581582982908104,-0.0033565272193426528,-0.12201008830344484,1.956970412475386
0.018193017925051513,0.07082303554603513,-0.10370949256944859,1.8911761528862476
0.03715643663104058,0.0593935045638552,-0.10472569967156602,1.8907723523110282
0.062034167689178625,0.061128357024720845,-0.11173931445906787,1.9463208879104927
0.039183183103826034,0.05098763784749776,-0.11148836563898373,1.936333612375966
0.03227969076016456,0.050581321725951055,-0.124014474812872,1.98232115837391
0.043784776183400036,0.049248558773587796,-0.1093804592147118,1.8905594270441826
0.027784903129505354,0.029693518679708295,-0.11995588503312155,1.8818951054777315
0.038937941466829225,0.03752426877087021,-0.12348363655688352,1.93522241446216
0.024342967533619437,0.018397194877194878,-0.12697529354718742,1.89256512400489
0.03381983031389547,0.031220898710787228,-0.12644229309136226,1.9959215561348265
0.026828173023740673,0.02814943967688128,-0.1257811630186323,1.937346600625379
0.057041249741292405,0.023940044709106847,-0.11661777451559562,1.9065766488478557
0.038711916819602454,0.025562334196476483,-0.11054974347069287,1.8141138807935593
0.03501383084053828,0.03123195066606131,-0.13929231501788755,2.0354519692599062
0.033205624955091315,0.04372482955922075,-0.13415979704722586,2.031688038266276
0.04083884070042849,0.038210729161779464,-0.12352512793318644,1.8969551959982753
0.029439968429067005,0.03555462614679185,-0.12663805769427308,1.841330569428294
0.0304427060355047,0.04008258908401092,-0.13059882875280024,1.914443434027843
0.07439533722548647,0.05588840542459995,-0.13615886724090154,2.111170047812396
0.06421709475642459,0.04588204562442773,-0.12544289529937905,1.9948139685958055
0.027255914053694427,0.03389798218759283,-0.12206562615517538,1.9073180838122181
0.028341687874609674,0.03295416935844618,-0.11881882877223986,1.7956460081624306
0.02431104491986313,0.032498911399488545,-0.1145133699501109,1.8110483498633307
0.06738320025395023,0.051751334337894035,-0.11745026848580885,1.9499400386707753
0.04394948434826576,0.05365426335474008,-0.12133029421567448,1.9377201855587431
0.05994895952261063,0.05524354473480599,-0.12774193388601898,2.026646789769111
0.05030001743403627,0.06398279129627919,-0.11202374263741355,1.9426373974317588
0.02765137838068246,0.05844215348766838,-0.1263866578784096,1.944068189365396
0.048678359595089926,0.04003045035345912,-0.13558700692622047,2.0037297816734956
0.0343481813489038,0.05205648002014214,-0.1270376398418342,1.9648320966649928
0.04018180449101311,0.04652611736048022,-0.11503331882863468,1.8780373993860635
0.043652122791875136,0.06138622275858185,-0.11524326559985223,1.9731450600238425
0.02842514926942253,0.05924005895193084,-0.11919163159564265,1.9272567182499574
0.04794968389884547,0.05246342143433998,-0.1170181759733044,1.8889514475999714
0.059582001225522055,0.044006163220164,-0.11594267970746251,1.9739296403094686
0.027783122766693404,0.041023637857692946,-0.10874108553943396,1.8144496574053388
0.039653510267125255,0.043822328269695454,-0.1271628875660527,1.939881953298263
0.04855043765674751,0.036504819740528105,-0.13404255243945074,1.9757866965990065
0.06707767645882044,0.045964687290546986,-0.10644961929166812,1.955298561942761
0.07068237821388153,0.03768259461322675,-0.12449259474795965,2.0083264178802223
0.08139699070610681,0.04452461065053563,-0.1306696768715745,2.1046797803631585
0.06992379347705671,0.021386362242235054,-0.13198019077796797,2.0432031383842957
0.08200605866140379,0.027088472570464678,-0.13615081588404054,2.146724100170505
0.06810950500812452,0.03151734056203029,-0.12599141673574382,2.089219447140617
0.08520337732594403,0.04246096062372152,-0.12426096679919166,2.0379052729315466
0.06488256333435866,0.018572083585725166,-0.15554648767857096,2.2118417141050135
0.06996104285302397,0.04961036652130656,-0.1413156170947014,2.1896587184638823
0.0529576988570895,0.03560672443552598,-0.12270434830358876,1.9482385253613799
0.05864739294519142,0.021292367820583854,-0.12426969589532773,1.963677807041509
0.06742974940939418,0.05135458646593032,-0.11525084163463233,2.0041009189630277
0.04182263369990828,0.044430566992476515,-0.13323629452669666,2.0675238672028833
0.06374315118120703,0.037727560050181706,-0.11742568183521433,2.077661781539702
0.013454564461150995,0.02134879234882319,-0.11190938990464834,1.8709866059502571
0.054432938426752835,0.05234133340537478,-0.11049149675553156,1.9484970415864087
0.07717806987933377,0.04375600644260946,-0.12570371857116824,2.068294357166684
0.045543307565129844,0.031462641066823026,-0.10974975742373252,1.9329308823443723
0.04246381586830782,0.042701427561032484,-0.1161505634894637,1.9493036761915137
0.02432996680428378,0.034078733224842235,-0.11303185402038965,1.864280431607078
0.030227968289749964,0.04435454594259697,-0.10455305053565747,1.8151749039887228
0.03815490232671695,0.03319324913577228,-0.10225962358801269,1.8449913421068078
0.056565974632982734,0.026063924421928446,-0.11311526491467339,1.9151460209139421
0.023964180396334016,0.029331581847984095,-0.12304283923570328,1.9058543743339607
0.0404827683449022,0.034241775791492,-0.1050457896441983,1.8847199641611683
0.03731348420455431,0.02439953791649279,-0.12598783687805395,1.967618701458351
0.06265914052852083,0.03041482127399119,-0.12148399693925029,1.9486411707905245
0.060921282903269376,0.03790257445904945,-0.10725478442826898,1.9401733041666096
0.05099815178977447,0.03613826325809263,-0.09354636810531271,1.7765883994194764
0.04139214649729887,0.041750189414346356,-0.11367532097921393,1.8471295269258876
0.05962730931773005,0.030496267252467214,-0.12418264684751834,1.970695564167221
0.05722033979269717,0.04499847252273171,-0.10869358977350466,1.8992395429242643
0.05371171390399993,0.05421683933704868,-0.10624801065610316,1.9373009323899752
0.09469991481977674,0.030743656033625673,-0.11156942303720287,1.9995534521469063
0.0653947480001001,0.005985025661721987,-0.1387451637499334,2.1081136818196007
0.0627218400460796,0.03295442910327983,-0.11215513188149726,1.9982260596833186
0.03833144956626271,0.017715157586158957,-0.14671756795125968,2.1676993511768803
0.0810269324961552,0.02246044518204997,-0.1476446111281204,2.221696113776003
0.07841745619253807,0.03515290273006638,-0.13709875208423886,2.127700347403982
0.0925008500056478,0.01282972993203085,-0.1384959005866011,2.1740813673134984
0.05313778214815993,0.025983916111803358,-0.1422589776389637,1.9728345618542944
0.04087160974710834,0.021621780700462816,-0.1279720268254016,1.9339090863939834
0.07027078986613443,0.042048242155449146,-0.13132169735640195,2.1147330807698252
0.07327003239167462,0.05853830789997988,-0.12373419438315272,2.1160721096845907
0.08179800039378095,0.04254764729734049,-0.12752865682617046,2.063479094895686
0.07947752098030374,0.028353777936250126,-0.12146480990123334,2.009019409673536
0.06251737416271594,0.042162238981609965,-0.1250799729189556,1.9830510496843123
0.06363717440904916,0.02988191264492018,-0.12014980019272885,1.9640331563455422
0.08336756061230885,0.032811409116940964,-0.11564026854381408,1.9904981750536532
0.04221065435234912,0.019402851628311922,-0.12458944635124754,1.9412064616937237
0.06595250173562697,0.035003314784063704,-0.11249303509770057,1.9925542786878352
0.09110648935507948,0.03143194396627178,-0.13313483162421597,2.2376685107342063
0.07363327410047313,0.03125233857635859,-0.12374534812163232,2.105719180577655
0.07600172538168738,0.021756965744494147,-0.12922514112769623,2.01745304400436
0.04582914986910263,0.021902090447014314,-0.12404485916646883,1.9488407279141082
0.08559898209729411,0.029899574827070178,-0.11903300379825597,2.026398441045065
0.06141995886266266,0.034358592832499785,-0.13013846604349338,2.0516225649524276
0.07749622634216316,0.025538765800871797,-0.11715635099425681,2.008519334282908
0.06985022919672343,0.040208494036486055,-0.14455942690727233,2.1637688145954255
0.04371350889766261,0.024569017100273354,-0.14047624551973142,2.109072832923857
0.05405218166104578,0.021617336151856154,-0.14424135066518728,2.196283979286818
0.056229255679740936,0.012384058186250036,-0.11599204764009591,1.966454384649418
0.06183602007848268,0.010631962443372622,-0.11044089552913869,1.9429615035812944
0.045765305152841926,0.026977495595663196,-0.11537221438514533,1.9730996278046098
0.03460222019929371,0.013864547788032651,-0.13705664391117497,2.0261637131242907
0.0671273358198388,0.02360275583604798,-0.1261413298967528,1.9565102520112854
0.05280944040861299,0.010856150560013121,-0.14033672626398436,2.0498297416285434
0.04043605576693338,0.02982703837731467,-0.1400742836136222,2.0852286591938167
0.04434055495047005,-0.007742561810557848,-0.1288754704723906,2.0399518202058498
0.04758838615167128,0.028324897590539872,-0.11155319562435063,1.9801673286190609
0.04034764207676915,0.004179548763725714,-0.12702424816525282,2.0088056120118316
0.01992788897554602,0.016948069694164906,-0.11629451833545587,1.8895457838713812
0.04002234479145728,0.012741740631036249,-0.10912690078019484,1.9568320081221675
0.06642445322997181,0.02664298659873223,-0.12236753382641793,2.1301609360897538
0.041223512793705244,0.017767145571379702,-0.12335109959025337,2.0144552374305325
0.06086988839591376,-0.000577299654128386,-0.1142192180823402,2.0102594031610552
0.0444456731088152,-0.0013052255116080067,-0.13600389004708877,1.9909523381569763
0.04315103888586365,0.007761948144446536,-0.13070637433665191,2.062726558800958
0.053703616474273,0.029708329031692404,-0.09882893013230712,1.9281665074667842
0.05778069676359999,0.018179371689351156,-0.10220732439587071,1.9061945798645457
0.05202292372242845,0.02887168259051828,-0.11614689730434438,1.968398831490862
0.04162612038662215,0.016091169865271874,-0.11260654228078672,1.8321985489700217
0.040784538602250474,0.014927835036879496,-0.12661721381842994,1.9430884697539963
0.05668975015953886,0.026186816858437975,-0.1521127651541285,2.1945353175518596
0.05476685944118166,0.024955369583722284,-0.14432985664729556,2.0945489495291505
0.06075749378954735,0.03867296128816661,-0.13588167912303703,2.0547462595639185
0.06392130243803983,0.04032984912363212,-0.1185217723030018,2.1220009278009204
0.028236132084131955,0.026328589698937782,-0.1450489813695813,2.1104413593744438
0.04896166146457016,0.006680869085141773,-0.14061483071023495,2.0811029363047333
0.036008716388955087,0.02089865280020479,-0.12528062196317347,2.006436885052112
0.05572801870367043,0.04429674934744785,-0.15254029534005364,2.3028465717652016
0.06907468888428409,0.02484606224600435,-0.13978695931379131,2.1922854955167805
0.0716739363851373,0.03631665199142219,-0.13522627028280562,2.1729644576377822
0.02398217686623716,0.031127993464435635,-0.127296324393278,1.9411950564654494
0.04836677098940547,0.006162649430613215,-0.13907749914944387,2.056807420413286
0.05304773771326514,0.009637307584221606,-0.13535803936970955,2.0187558028100625
0.03050590544702199,0.028787627269808182,-0.13567622137781857,1.9645173389805233
0.033165750153962906,0.05054637046834571,-0.14140600764265324,2.1188726634509734
0.03033060342306727,0.009281929629208166,-0.13131569926022107,2.089338389345358
0.04983813457077638,0.04697839545159945,-0.1278856730018146,2.1591371801150965
0.053635691277272225,0.043374013381440715,-0.14183174433857954,2.262219359564364
0.03939280868253804,0.026120498210345438,-0.1265790927517928,2.112132643229291
0.04687191608773651,0.03194267785870149,-0.1407523898899931,2.2283617592754754
0.028796691707539526,0.026223032098212633,-0.12164849322984918,2.0371192364145374
0.02335942375914071,0.03348682479834166,-0.13020214108969208,2.1607155553011537
0.03359723959807079,0.03237251633677108,-0.1199713713195389,2.0408696498478713
0.04521025685155649,0.03975422817379779,-0.11141570075316745,2.020939079316417
0.030612340790877577,0.03648624959158367,-0.1147190891266776,2.0340290149720484
0.054410373814931356,0.04367736902454088,-0.09485392127240165,1.9489510313249907
0.04060024886609388,0.045156176031053714,-0.11252682557029686,2.051150121301651
0.01555060929112124,0.04369149711816466,-0.12486426020594638,2.1046483862866543
0.028462447667444973,0.032432217604307166,-0.12970581067405382,2.0982982100108383
0.025555274118762177,0.0371984890296582,-0.1320605629985388,2.137690715435979
0.0143554643870254,0.015093989021134332,-0.11811844236085556,2.0005540861171514
-0.00819613803335558,0.02783981901777448,-0.12896675085826326,2.1084377621925063
0.023258747187877547,0.02253808187104408,-0.13339526792885328,2.180366551982898
0.023969317800784814,0.010652024674279316,-0.12361381785121282,2.073758809346975
0.037314531455947174,0.02942925135136384,-0.0990551854242615,1.8568659586396712
0.017578003874523306,0.0192677510795332,-0.10411411201131576,1.9027470001905984
0.028587315567898508,0.005530646295143342,-0.12999768228807376,2.0037452123516104
0.022651017674337047,0.034604362619441546,-0.11837274934094873,2.0017167492272456
0.022390550198817527,0.025512001444516073,-0.10276514288744865,1.9002985815527724
0.0400517036285824,0.011525429178628564,-0.09554236165971451,2.007511432952887
0.03634401661391493,0.016222587939004354,-0.14439653876530625,2.190521750092204
0.04982817962418136,0.01781912102760366,-0.12496260903985958,2.098908267400577
0.0022968407353327314,0.02754636023439721,-0.13444384888867633,2.1000834663430386
0.04565457109829172,0.007612492305542149,-0.11956776668632921,2.004769510397542
0.03475093083694994,0.027429825280058186,-0.12791235470716722,2.0090972897725496
0.01963085441195784,0.021463186373674094,-0.11263638370176166,1.8270138150991513
0.0393269844205094,0.006287690352326081,-0.12662108794375518,1.9359242401503667
0.044761628404028725,0.03755326060706217,-0.133037961670908,2.0101159110875977
0.028730917546721458,0.03603996805415459,-0.10439577766563846,1.81821913429672
0.025373592844166327,0.03699402358936536,-0.10251470836611258,1.7838148720727656
0.030021402008116246,0.04565836933720318,-0.10646270551965994,1.82989221849788
0.04537110007305741,0.04675072610031636,-0.11141531853082612,1.902415219617355
0.04477564421801954,0.047232770163984535,-0.09725294398476356,1.8630119169742234
0.030500669910486045,0.047198954560804314,-0.10828356368800947,1.810651875901279
0.018035890750569217,0.04397311714220937,-0.10793385549740511,1.8286111153860543
0.022419219785667355,0.05933625523132953,-0.10735820127947586,1.900039367820617
0.018935227647733647,0.053274997343637095,-0.10618549824945739,1.850033789319148
0.026090349956329608,0.0398111813314101,-0.10025469299502425,1.820220469416141
0.015869900475427752,0.054213772273426,-0.07754512961626674,1.8053425917709955
0.00030966711545175017,0.030776597262045388,-0.10012017161372434,1.8417444803761343
0.03270342784087367,0.037865767535987555,-0.08014428514232542,1.7919154652740938
-0.007127324352256835,0.05318402154288084,-0.07792035696835882,1.7944912982079175
0.009776054472283016,0.051248612254588766,-0.07962774514387647,1.7979608980108244
0.02143659072633444,0.056928981785240404,-0.07351912630007693,1.8599712255652214
0.008458888203754197,0.04008036021993801,-0.05718454350042684,1.7610123288718311
0.015074565010098169,0.05924478276895704,-0.04528404687786352,1.702315230093352
0.0038152024913042076,0.07954265544966013,-0.04978631564781453,1.6984491534287043
-0.020742614892176575,0.06669521216999319,-0.029409176734726074,1.6540490549134426
0.003243448104704876,0.07288254613247755,-0.06918357382592752,1.7237032900919453
0.0025643187509334624,0.05560459203497374,-0.09116899246158085,1.7770481202060415
-0.0031736263671876467,0.03830424325454953,-0.07061253657572285,1.632432995919241
0.011609488379384239,0.06255342206991168,-0.10839336300649417,1.8719576623604193
0.03337391754103409,0.05748172298797729,-0.12700605519865177,2.018004563301389
0.013272210140712436,0.04840951641832383,-0.11515510571353937,1.8814533716589315
0.0038725517852451767,0.04169179222863676,-0.09925738971145591,1.7409316134335584
0.007858681929954536,0.05902044865513394,-0.09647193507489052,1.8217538476261281
0.020847120091388654,0.08361436974124296,-0.10123637411504562,1.9730633931103323
-0.021995487637777564,0.04701815695847347,-0.07373415662910988,1.714865756658224
-0.02008150692240806,0.059119506783394345,-0.09331878199041492,1.7984066457774726
-0.009204503668903408,0.059877109661829006,-0.11177171163274169,1.8944708587873442
-0.0058524261830083055,0.0464260419521567,-0.10534111833899008,1.8149755005017698
-0.02049517273071197,0.056991257972939295,-0.07310966747439009,1.7394056040304247
-0.0006979823546819263,0.028486840682107467,-0.09256104711693587,1.7884680272711784
6.614049664890566e-05,0.024011067448386277,-0.06522558827664347,1.5890119540245595
-0.028707901614469903,0.047768472121726704,-0.08747656148737233,1.862915139703309
0.009343711895995544,0.04805866391268799,-0.06913155474404209,1.7383856066808347
-0.03181247594288756,0.0449510113721841,-0.0844515416388487,1.7439232131234346
-0.025104503857555208,0.06662930312750726,-0.0877521379159616,1.7781841117213262
-0.0293859776885343,0.024265857829129493,-0.10136629119895989,1.789980123018018
-0.010842666992227416,0.02450333694040938,-0.08447622174163467,1.621885631752552
-0.015969709220087537,0.027094126021690635,-0.08901447204394052,1.6835540708272008
-0.0387761336514722,0.03646352836147792,-0.09279397764674317,1.771545111332971
-0.03763897024568971,0.027717982385271123,-0.0918302077224249,1.7411404215811557
-0.005793133129477939,0.023920416910188494,-0.059132152594645986,1.595459682635029
-0.0016924391503064793,0.043468209712361434,-0.06463892866939888,1.7161221798826811
-0.023601662672593334,0.02372673497558571,-0.0743958005384089,1.5924354087292063
0.0014811815378799281,0.031979289792627694,-0.10055598707829203,1.723122425885834
0.010901330602611304,0.012429601019852042,-0.10883788369864278,1.8247688710182774
0.009474704373598566,0.034442961242713004,-0.11136983560708207,1.764239701402793
0.01895040328085265,0.029289208640741294,-0.12192422984916014,1.8723307257021409
0.00928433798876462,0.03954347751400901,-0.10561155633675352,1.736862436198562
0.018540989813955105,0.047913541625486576,-0.10371073554487548,1.7500606223150217
0.02880151298701029,0.04236395182468994,-0.09242383032999495,1.7346222912889615
0.023642125823466094,0.05038786050179615,-0.11713642190363763,1.9383008598796523
0.015287924471767059,0.004200357109626986,-0.1269791101537869,1.9191173924263745
0.010096135800410251,0.037267085016036754,-0.12210522307354149,1.9238089380283392
0.029802947304296872,0.03836211144015059,-0.11218685864804347,1.839586695184043
0.023066546592161515,0.015076098979682788,-0.08822951893687644,1.6318937296234763
0.006628693692911871,0.06307705393500172,-0.12391056155856438,1.929572293636254
0.007660490797630233,0.06732426277517972,-0.10143812722499465,1.839811946585027
0.00936523665171461,0.03530178313730162,-0.1047816568247311,1.793876951652378
0.04511143960024252,0.05628345202488493,-0.10178292682646106,1.8656153574004313
-0.005071743908498123,0.04117901132803167,-0.09406200043686998,1.7459776903020368
0.012758875032234803,0.04883925671137282,-0.10571809414943283,1.790066988983774
0.02850315778424168,0.03405692063000219,-0.10261533083360992,1.7370182762510717
0.0062374553991444625,0.04141742390743877,-0.12907611079347248,1.9161963337592947
0.032421925757884905,0.05154542836152288,-0.13294790275166174,1.9723533849470456
0.017277904276053347,0.033399041593796384,-0.10786658103584461,1.7646171044623185
0.00031375354085144284,0.021469384468491746,-0.11555355252471576,1.776800946001856
0.0014628554223378167,0.06183440745843946,-0.10655632467763652,1.8802978388530094
0.009757746634248863,0.036400332492579804,-0.12043374305366625,1.823349168902847
0.007978774911538042,0.017797533510542515,-0.13382746378713556,1.861454273513737
0.0024920040160403135,0.029219947522108446,-0.11310988751880473,1.7651583271699298
0.021615613492760585,0.01600580376272578,-0.10557174826245154,1.71876659022331
0.015378216631025655,0.021361703428616496,-0.10860776573150942,1.681169787388466
-0.006670280178795109,0.02533223270851817,-0.12018522757073605,1.7915180976918035
-0.017692301355412138,0.03559098775065394,-0.10655353657367621,1.7316415921809312
-0.006356093047847897,0.059613391563281486,-0.10762544600495767,1.8188410949552263
0.026532987512515975,0.04125135393058873,-0.1179127614403859,1.8615969960961067
0.027944896373143572,0.04146912394320807,-0.09375304313801229,1.7387326132379068
0.005530775819733181,0.0488541449621691,-0.11232656767648252,1.819299051669358
0.04249380495627639,0.0820799991173485,-0.11581831347885099,1.9834596283662114
0.04537915535872118,0.049702027170129955,-0.12882748960770024,1.94487498737115
0.025316508839833655,0.058215030838848235,-0.14075177223934007,2.1269599682902163
0.014245920508772415,0.05642573293130037,-0.09979105051573178,1.8200547916867258
0.0004475390619401693,0.03483055124333704,-0.09834903080545826,1.7484698905621248
0.014190399633923519,0.025861391784213233,-0.08389097757843242,1.645370685097449
0.017850710123545454,0.025044108227833727,-0.10865305871930371,1.7697025130326678
0.0038667658511974006,0.01684251652153531,-0.10548292201257871,1.748033842975804
-0.010448800780500457,0.015020850073635997,-0.10201783502094586,1.7416550141932339
0.025469471793473517,0.038981565967798566,-0.111168310677151,1.8115223351121292
0.018629054674663855,0.02660602619072131,-0.10305133407345982,1.767515454095238
0.016531248896674434,0.030241277494896558,-0.11931766761680486,1.9124785033298328
0.02224375368124349,0.05424815926940541,-0.09041526074187874,1.7421126092700658
-0.0011273072998571419,0.0282046550473078,-0.08742836990097612,1.6347712525746507
0.03232281007699178,0.05693440430087339,-0.10093864610701606,1.8296746739180876
0.01998520271633393,0.05027715541731324,-0.10400306960784308,1.834216810747051
0.013510746995841169,0.01809611692926657,-0.0885443352952345,1.6237040463497479
0.031609418435509115,0.03679913687024477,-0.07932922683617107,1.652966909950694
0.0005546015832398621,0.03205138382562688,-0.09381939285013884,1.6824148828179613
-0.00777440389347053,0.03641305185348597,-0.08081074607342496,1.6455062153871083
0.004239650448283788,0.02223968980814082,-0.10725845606496906,1.685908608745617
0.031611806301117415,0.0218215257044981,-0.11825754795707204,1.8808178612593052
-0.0026141906341609644,0.02995252328503498,-0.10949868972670752,1.7401615951874485
0.023667661045944626,0.004300756491362766,-0.09693952682190508,1.7036652712276705
0.02967998031071478,0.007750922539948561,-0.11806578306023505,1.8606324475801967
0.014296653686662306,0.008214569551231886,-0.08934074599418834,1.6735036537563517
0.036262263237628524,0.021429422472171937,-0.1173644489895025,1.8775663729853438
0.04846403863014646,0.018911685456956172,-0.1026265765577038,1.819373558489239
0.012907796678941442,0.01519332061446443,-0.10683647043124679,1.7967456480580735
0.016451557051519048,0.021159357740008395,-0.07660108562107042,1.6728082043828556
0.0586973808514012,0.024047077787997702,-0.11188222940631296,1.9055994794567475
0.045811616601993975,0.01993761499022304,-0.10817582303497074,1.8704649178787505
0.041077261336339,0.04288974574529688,-0.09224034343388321,1.8209504693894154
0.04202543249903789,0.008763330530691706,-0.07512371304134935,1.6448845088393056
0.039516976561077624,0.018576938461987994,-0.08898210513796155,1.7287289814388784
-0.0007391353403669967,0.031878374522925815,-0.11372966126405766,1.7847329635221727
0.02560817913550197,0.051505328103180543,-0.09329846326628119,1.7670462285400355
0.05825258668187787,0.03781710319662229,-0.09633784777726716,1.8768286807749839
0.0661804231828467,0.014127460387460159,-0.10006875997634052,1.8464799516671224
0.00047427018980755064,0.03332352527727582,-0.059834643833936496,1.5634510013078502
0.008814788465268257,0.04630354809345451,-0.08258305241258034,1.7425875583803776
0.02915349043262103,0.02109483677006281,-0.08607481648652601,1.6989617494670144
0.03412870836585517,0.0415966211909578,-0.08859968311155479,1.7137837909753018
0.05297504701077331,0.035878011662945575,-0.10598733412907296,1.8367793851757765
0.040059947272083285,0.045602476762663796,-0.1151480232573293,1.9204752745143123
0.011268777080374168,-0.008681901886351324,-0.10940684079488701,1.7707067529555918
0.004968468066267994,0.02075018787789992,-0.10599422532407461,1.743297100100398
0.03644570238483473,0.017418038321957086,-0.10408654921827842,1.7511652850837696
0.05589546514482715,0.02534696674433585,-0.08648367642440934,1.7798247606228195
0.03692118399529229,0.03174082511294608,-0.09995745229667774,1.8618463247937551
0.02775413437898899,0.010262904518570332,-0.11704974483723297,1.9153369533197135
0.000526516191818784,0.0444718787097247,-0.07256473945872295,1.7487586732894729
-0.007660345063868372,0.03241574197829451,-0.09065974895499736,1.7267432168254546
-0.02008010835032286,0.0560310554925026,-0.08456110849847913,1.735363319188432
-0.009549275161566352,0.030212629612215786,-0.06044882819348286,1.5724463514204283
-0.008562414471709806,0.01769168981204786,-0.11296463741139982,1.8217491650149875
-0.01760014417403922,0.03515237899191648,-0.09675287051261137,1.772152868703765
-0.02913376560819942,0.04515523431369734,-0.09928559350808507,1.8158865211388084
-0.017695965713638802,0.03846875915369618,-0.09079262641648488,1.6784840876076395
-0.01897431247700788,0.043175401532696785,-0.10093225560645827,1.8977983875175926
0.0021133752308221034,0.049063111412992653,-0.07883746383461213,1.7467588603178452
-0.03152364497476011,0.032942973818168624,-0.09029302847198872,1.7821869736139753
-0.020708849203937636,0.026214000876171355,-0.12070764456469416,1.8938677478572365
0.010588940296128713,0.032272890532532295,-0.107318229339485,1.800182784634727
0.006795327758306207,0.04407621621080313,-0.09128998883164503,1.7763656904515213
-0.017034173857861892,0.04573281289491211,-0.10774286864306085,1.8629030982836348
0.005460206631165062,0.026159209556115934,-0.11358013302243902,1.8900324066449528
0.012626586879054795,0.01472523165777223,-0.11424761279102717,1.8471598671905698
0.017083673752167114,0.024953419418640405,-0.11929120364986126,1.8743599537829698
0.02491172648546168,0.029513667079411048,-0.10918417718834258,1.798964780964524
0.029077639668617,0.020357425807590295,-0.12322367542266367,1.9039288921389286
0.02540845034571716,0.02126104271061301,-0.11788132111371914,1.92742050184876
0.02579110959984293,0.041076569919224974,-0.13058800734833642,2.019000421624912
0.032688494875474136,0.026822394011102153,-0.11448262068878082,1.9725225276835479
0.05415056377859449,0.022202286631914852,-0.11981181331502827,2.0193807348926005
0.010409846224606945,0.024829388405476445,-0.12281773803238705,1.9059127429262563
0.028165154227435624,0.005550403957103846,-0.12736486800100094,1.9471501610151238
0.03827920745011102,-0.0033687475409336066,-0.10746075919978183,1.9108848756912362
0.03956456179062273,0.01157045600882865,-0.13792470296023,2.022050411697468
0.01691631352354503,-0.002110841101739838,-0.11305232525528809,1.8804131213101107
0.01654778901122661,0.023486383694585906,-0.12585118580637494,1.9930183535941026
0.005018424453655277,0.006692292687332298,-0.12336500538880588,1.952818161429533
0.03867064054825086,-0.005242510497636623,-0.15343441605142366,2.2041432016985127
0.03593422555579663,0.01405030156335888,-0.13760262137769697,2.106359299931558
0.036909892888054206,0.01899849889698589,-0.1257343133449159,2.0535154175104067
0.024528232675159713,0.012084943403316908,-0.13943266177152921,2.183210818033377
0.04751111003446482,0.01908029566236426,-0.14075222197850887,2.154368619778645
0.025778984306924886,0.020754260766148426,-0.1312263333515598,1.995129954516988
0.04791164626169647,0.022081023680572357,-0.13036751575426417,2.04170003143903
0.06441614463429231,0.034002757901892396,-0.13343547346765813,2.1148846071326486
0.034903108821898864,0.045408798169707706,-0.15024115505611038,2.1979201381206765
0.053625069230784216,0.0213755362339407,-0.12059794234449689,2.0621515068408853
0.012965106398710848,0.02588229791421009,-0.1134966486615756,1.9080602603624222
0.009906509589600796,0.026406506810301197,-0.11807209631562648,2.0030079282631106
0.005624994024579812,0.042137351084077214,-0.12101841692972289,2.079757689119753
-0.009501655775022702,0.041515940572363984,-0.12583097256753722,2.081019615875239
0.02425289821055593,0.014180544075105583,-0.12726535947492346,1.9896366411028579
0.044990328359866875,0.03154423271333535,-0.13203482674421899,2.159004775330252
0.026139304346214497,-0.00509617731441046,-0.1345922205564973,2.1084660555361
-0.0076936690937860035,0.020126371797244396,-0.12631891677875035,2.054458822212831
0.04680686404648213,0.0293878217740474,-0.1226184766111963,2.020514443909242
0.018130872707311726,0.026337715645040855,-0.13376187004380755,2.067808003472502
0.018964975626607,-0.0063369600507416106,-0.15795037259148545,2.190155031098664
0.032986086959191696,0.0185007611960146,-0.13219896061421024,2.067413577853465
0.026217070419272577,0.017413247560593464,-0.14496559615322216,2.147820305443576
0.014619783106754696,0.037762939049770704,-0.14655275775913712,2.2135998762746296
0.015571016633377408,0.03983312155427849,-0.11898965528959554,1.9631248676008313
0.002972047439684094,0.019495050748737253,-0.13611666648974613,2.04109796103236
0.02792460729451637,0.02668300041049392,-0.1274329596259031,1.9684471087545208
0.00957758916952401,0.03553214020912632,-0.09755981250764054,1.914760330290577
0.018408161471346673,0.0014208889124107834,-0.09965328237483569,1.8494130982627486
0.02040362569289742,0.03872161857203462,-0.09358312806734728,1.8707273963073847
0.021590156791863144,0.03684766830176298,-0.10172242316419657,1.8144080714840736
0.016035611353968582,0.029720038191740204,-0.11426030414748471,1.9578846652603565
0.029645780071957305,0.013998802185483794,-0.129786288014047,2.0304797398214673
0.03894291955387809,0.03136884872787907,-0.09199826900452268,1.836443749258041
0.013900844748796702,0.049618826031649785,-0.09945682612006522,1.824817284794871
-0.001939020213153742,0.024326615559079456,-0.13267459483905295,2.0792159527372243
-0.023249968356358165,0.02385027735314578,-0.10744365656778582,1.91903096042694
0.003731212221146316,0.02410776352944995,-0.13160096146551808,2.0086060721352195
-0.024278559733733433,0.043945732191063736,-0.12397917181579246,2.0430371073765055
0.0322450245635434,0.035472222895169624,-0.10607080503993574,1.94868976420248
-0.01488324657240248,0.032800331693219976,-0.11094371196534497,1.9483412048300826
-0.006066541024133456,0.02863431296525362,-0.10715682732060762,1.9238265569621726
0.006676252852422067,0.036109864932237896,-0.12006185254785834,1.9921462489778126
-0.013133225011562465,0.029001256717930305,-0.08993323081846527,1.8205678506932275
-0.007452143737560455,0.022953746571336055,-0.11748596563059614,1.9133825571899432
0.012642883437277607,0.010124856733305529,-0.10983507611895832,1.9166727910824295
-0.034135753717766205,8.887006352583259e-05,-0.14222186120826927,2.1710206628223983
-0.018184189300594622,0.02634042816444495,-0.11029434864765789,1.9218792715447242
0.0012113654967321565,0.03892743102185986,-0.10321157952325655,1.9107587333970701
-0.008349341187251192,0.03064851271600219,-0.10605542750726063,1.9620081120410044
-0.023099588100028556,0.03001664392452791,-0.1151811069478999,1.9988964462693193
-0.003235614993661593,0.042729459614802366,-0.1058220249639784,1.9007600116788457
-0.02047496860832263,0.03465527075614523,-0.1205009651897241,2.0266435743653104
-0.006926414120799537,0.018230132369799156,-0.12601661941036593,1.9940324502268088
-0.031290728082258974,0.010070839028410635,-0.1304793482245659,2.0745978049986724
-0.022845209657308553,0.016461835719253703,-0.11563214101169518,1.9161803216408657
-0.01149826688073337,0.013632961525404105,-0.12519040069063328,2.0143222002326073
0.017702753031806653,0.025031041133451226,-0.12812425072013647,1.994893637310233
-0.00632201562377927,0.031799896317077816,-0.13438218434828123,2.023065630914855
0.006904885644527887,0.039749572866782594,-0.11481711024398436,1.951888367788887
0.012784964275665408,0.0233777308844552,-0.12407442766908153,1.9957488174736986
-0.014264234283716858,0.0267959549873774,-0.10494013599269739,1.9087747531234929
-0.007165438486170075,0.03412900424294274,-0.0995647979199147,1.9223919937888199
0.0008652933642857244,0.049493887284454335,-0.11077982045565397,1.993174250999494
-0.01449470555181433,0.020891202794117523,-0.1051029297601533,1.9382199972899918
-0.010168449648380781,0.02459969618574845,-0.12614773764122705,2.00072561493723
-0.0028694358111591013,0.014980013919862867,-0.10531811140571459,1.7731102402311656
-0.024681694609148312,0.010441746881224517,-0.11287972975813905,1.9981470663064396
0.009135100835272495,0.024423526760715436,-0.13471573080722607,2.0180962773818116
-0.012755480483930753,0.029158818381368093,-0.1202763651251752,1.9999068684141186
0.012013417225412638,0.01413376936507701,-0.10493971607239884,1.9164056793504987
-0.00014378213387982683,0.017392828984614157,-0.12779160534466982,2.06697876285059
-0.008274480702794261,0.024514994626227422,-0.11163420336197111,1.9515741397768358
-0.00980073020856649,0.020012500643264132,-0.08771144124068726,1.8854701353655616
0.015661535736337516,0.020385787505046903,-0.1245188741609806,1.997403157704907
0.009572342360005728,0.03209578375426618,-0.12260064066486544,2.0089545029118163
0.007478926695588791,0.05212959419993482,-0.11700989771688794,1.9799828885588928
0.01925590079697487,0.023979906501493353,-0.12290317461591024,1.9814396151972975
0.0106470261991742,0.04565610093361377,-0.13008222877528144,1.9402869998913335
0.007309171030195386,0.008146906005234109,-0.11581052879431475,1.8747469834911061
0.0024184431930897635,0.02111849752402594,-0.10047479612474335,1.8240460949290516
0.005353706540764494,0.03493509119704424,-0.12072630780032637,2.066181966290215
0.00184954972223665,0.016661385555977546,-0.130142546584318,1.9928868945284566
0.026254268243959808,0.033912795035219524,-0.12020220162459347,1.9236760896213978
0.0487755685353557,0.04212788464108301,-0.13357772635148688,2.090696112505949
0.012639662244267741,0.025562442689265864,-0.1021338497722735,1.8483782515198868
0.03734736609110626,0.038320647440331826,-0.10378182962192045,1.9319780568519007
0.014350748589081292,0.02013634616639063,-0.13935335253987707,2.0425813116066838
0.020845012058018142,0.017879279578128127,-0.11635779260968362,1.9618660014153857
0.028175231509359557,0.032622030741223045,-0.11098629558484713,1.925714879990818
0.019360283607606242,0.029340919758819455,-0.1286470220031089,1.9874678023491377
0.0003278863669215378,0.03750208174241157,-0.10429144212616863,1.8068123600717476
0.0026972499181971508,0.04028921846287682,-0.10764798558962538,1.8315506081170059
0.026619156982747878,0.037101983714762914,-0.12977060766850024,2.0343699139749956
0.012113377118548053,0.02690939539854485,-0.10202768354030145,1.8208856550383987
-0.006174072300301317,0.04494760175202252,-0.12046653181035695,1.9213188704105577
0.03865150120410847,0.014440354557868507,-0.11732597493588895,1.9378503605071313
0.03770226371895445,0.016609909200857743,-0.1269968117413877,2.0495131347289517
0.04204789951738028,0.01870131690418745,-0.1290566885550638,2.03147418027966
0.03350352723503419,0.024211404782506166,-0.13002786383174653,2.065000905308228
0.027459768878650172,0.014087959203939232,-0.12463827395314399,2.06644444587839
0.04704679655139284,0.03126243952399342,-0.15199339035323348,2.274769155913759
0.01759326457001897,0.02530948539587556,-0.1207038851814558,1.969839785636461
0.006509642848281433,0.017629744553237268,-0.1246037694599491,1.978853055107066
0.009476642613541857,0.0275182176407718,-0.0999081508141844,1.8758066342262587
-0.0011228845518902043,0.025216446183655372,-0.11434611037112344,2.023691908490601
-0.0012823971237186833,0.025574088797397736,-0.13005614496543486,2.0321926262813648
0.030889900856812764,0.02210140301406987,-0.11983241346736352,2.102955223071054
0.0018272877519596845,0.030891364843500753,-0.1334435884539894,2.115115025355675
0.013130137698800108,0.010331769857406355,-0.1338732638707765,2.1088387128346016
0.00434084730752862,0.022680747663306022,-0.1435257014147466,2.146130017568128
0.002041829776000168,0.00911609984478884,-0.13356045771269676,2.0901835104000326
-0.0027315153047146835,0.05230493408207841,-0.12877009538243167,2.2377290446478377
0.009167705692687355,0.030364594079210938,-0.130059190954644,2.1585138637417827
-0.04023401508941648,0.023797864971686063,-0.1303460361560425,2.1555671986160614
-0.016420902227341282,0.037406048318782435,-0.1161661636014404,2.049248299742937
0.018943576371168818,0.041830693645729645,-0.12162486822029496,2.1255427136342098
-0.015951339648161048,0.010803492853466004,-0.13305931096583612,2.1239892605198376
0.0006788842458565419,0.021876346035764802,-0.13647647279841163,2.175070492455693
-0.008188454303259552,0.01833186657725273,-0.1290828743851193,2.0946934192790634
0.004205209147192877,0.025565056469873868,-0.12801462461976446,2.1203642771846765
0.019312969933875043,0.006547186768157624,-0.12729184492591392,2.175734755484346
0.009771046295259475,0.027585973815265584,-0.1507925167318204,2.3066242545967888
-0.004056480813555514,0.03784266362593113,-0.12773090268278411,2.151797405847334
-0.008453666462584962,0.03073577772639375,-0.1424048939376299,2.2194627163598253
-0.009838708106314611,0.02897370644087099,-0.12475153088165364,2.0583252642440897
0.016571031323701812,0.02836461734439391,-0.12254761351589998,2.1009729243294433
-0.00471179565475219,0.029903423291078462,-0.0982785472822331,2.0190470014769963
-0.03484612322683035,0.013238712893414542,-0.11565629122542628,2.1480918314170743
-0.009593829725381023,0.03856357370444956,-0.11017523137601701,2.0711673825566193
-0.026208169224168562,0.0021357549887783445,-0.12442472173132516,2.1293187675447847
-0.018436229289190247,0.01629559168848542,-0.11982600251876795,2.1025523530752843
-0.005468482223797503,0.01717925204758041,-0.1168864646340017,2.1186413670504134
-0.00145004115347091,-0.001685635120742671,-0.12134650837123072,2.039006807542779
-0.027544700957755002,0.013807482434969718,-0.1353162273116702,2.169654583665997
0.0025164172963016485,0.017341978051320914,-0.1068522306399545,1.9999837365656117
0.015529542889978274,-0.00233107873741742,-0.1076042172809067,1.8829473834862924
-0.004971155203747393,0.020846357996419918,-0.11076337610829787,1.9849775483048957
-0.023199853982770257,0.011935278005925514,-0.12099431071072582,2.031055073965597
-0.015440213206661453,0.0049794005283456,-0.11173746463328213,2.0938797086754266
-0.011640285524087806,0.03973106385909014,-0.133797604573405,2.200217436836126
-0.04328084633206781,0.03221323006669322,-0.1192835814561492,2.219222700811735
-0.02937703039575302,0.020582362677922614,-0.11951314321567445,2.2304943557616506
-0.009453081212394552,-0.006988653275301567,-0.12473080031756022,2.210457018571968
-0.020874413813883167,0.018600353142585797,-0.12709999252603746,2.181147339157824
-0.0032691156812426933,-0.0024027738793610666,-0.14272233061307701,2.1991973421777824
-0.0018921866242192509,-0.004843927154412932,-0.1208140383413716,2.0199516574500302
-0.0036218945796133903,0.008145064179810362,-0.12531101166589212,1.9871726210282814
0.002606892279584816,0.011827190592976192,-0.11487060071853433,2.0086630609751657
0.011834489082986042,0.018580202596548762,-0.11407557353677424,2.018002374139034
0.00104611772776235,0.018137353623754127,-0.13168275074070956,2.1471594333174875
-0.0015561461481876679,0.006758024241320154,-0.13520924888518177,2.119703629066574
3.6465749276446346e-05,0.002880701161021641,-0.1087205994458904,2.060000131168562
0.02561883002617806,0.0059050628173969695,-0.11582666693298069,2.0557212959520395
-0.012162897889673719,0.002411642106960957,-0.13751093013118135,2.1729319157252998
-0.03048049322792096,0.019894406057839976,-0.11147388448175982,1.9922572462587762
-0.030393575123755442,0.025594859193418005,-0.12090620474990361,2.093135776289418
-0.02634864742886878,0.01345227281625945,-0.11660523038910925,2.068558275068076
0.0036119508313305045,0.025929530274635463,-0.13129493514493137,2.089806430429192
0.011916145147156951,0.03383175398976049,-0.13741146990129635,2.1661862042881608
0.009039829248219224,0.016830669445595612,-0.0993040049438693,1.9160649134673151
-0.003102749043241461,0.030194381975428695,-0.09094234902141808,1.9473590415930708
0.001181011728527655,0.041419787338993125,-0.10912327619691115,2.0288568549432036
-0.03805194063810583,0.03345729051667508,-0.1213302725924904,2.0873413912977843
-0.012920978436612374,0.026939058673006843,-0.11338154627148454,2.0371086496112523
-0.011715691267594017,0.0355697004308828,-0.10106409008448367,1.918643142553842
-0.008277236540643973,0.038107919089162626,-0.10534357408714431,1.9541296885287758
-0.021969930355285612,0.027411689542433393,-0.11483353093873881,1.94604357502171
-0.009148767123379973,0.036548703476780166,-0.111740163267007,1.970721954999519
0.002195308471128843,0.0599429147792416,-0.10386462208379521,2.0128229843614442
-0.014547101648303556,0.0540267787585976,-0.11935985806245569,2.036706262956642
0.0005312800931941723,0.05129997929343814,-0.0996070809732822,1.9161179055261666
0.0036122668439807406,0.03444350844387105,-0.10817198831346997,1.9329275809855344
0.01720961156149468,0.0405639956872307,-0.102510819452347,1.9055882603776877
0.01962700243250652,0.036558070325654425,-0.1179641121013372,2.109225038415194
0.015773276110791684,0.03113113820425049,-0.13769825870446678,2.1729391384801575
0.027530317912537225,0.027165763348714792,-0.12037321583142827,2.0294823136490425
-0.017522109124603426,0.046741561523775975,-0.11671069073615435,2.0718379908169116
-0.020502127537477474,0.023793896927284137,-0.1006038750817834,1.8828868924420066
0.01064206692347234,0.014333162739693726,-0.12118958042927433,2.0567322620800272
-0.022018827965642015,0.0219287097002238,-0.09609988078932176,1.9086644071441368
0.03030277172319532,0.023567526886571627,-0.0940146454327033,1.913086970973387
-0.00725432574872565,0.027382746410574164,-0.07965362352853687,1.896690127009097
-0.0023376466060468664,0.030075326334649936,-0.10568712179691954,1.9546244325993838
-0.009067942108358337,0.022182808921242296,-0.11405036161146836,2.002816773641393
-0.03956191737310479,0.013440094910595298,-0.10591239489223168,2.123578490852847
-0.011719942152656171,0.02001660087611527,-0.08662368413489517,1.9133193703974571
0.016269600354924446,0.007330867792654015,-0.08787706588848355,1.9110400174530506
0.024628491472197155,0.02585339034273979,-0.11071754385252383,1.969149477109854
0.005747889605864214,0.05722291831312164,-0.10859808029638308,2.0157859213543254
0.003995570963678869,0.019168518905387528,-0.11337375577396595,2.0154568094244603
0.008857937842002233,0.020281183469381795,-0.09831183017798971,2.0362742757061376
0.01190794767452766,0.024346764502654546,-0.11375785038090888,2.016246284012758
0.04743652706759607,0.03295520440695674,-0.12262333518672501,2.190466645669468
0.0133652965715669,0.021432873583214652,-0.09877165877215,1.9117112261098084
0.025969770511504096,0.03579082933355673,-0.09542226664550557,1.8743036318570399
0.029430269235291236,0.02396694432165356,-0.11013487904486506,2.000996191376985
0.0031137041366138757,0.012862096002323601,-0.11695318172495003,2.032932744041089
0.0009476113813687026,0.019956747673186,-0.11084701650555664,1.9445618208996542
-0.007494517059205988,0.041221533720436965,-0.10862396710573329,2.0215363443848573
0.001189748422004268,0.027056825300427103,-0.1206337235734617,1.9853917102203908
0.02695625609913746,0.03611866315495271,-0.12017986023575827,1.9443856009590403
0.03347657772839161,0.050655397353069384,-0.10487523297802996,1.8801594891988564
0.06779786552107996,0.004449334552030109,-0.10824100700838221,2.0625929415824507
0.030740593434609872,0.027455942095486713,-0.09795001221350784,1.915882525111164
0.03800000996955031,0.02751336492146536,-0.1107201362809375,2.0384149751091867
0.015374405297812583,0.039410810189299095,-0.12272587285032904,2.086471843007878
0.023736451426107755,0.030166296351778168,-0.13060845901451376,2.1123726552185103
-0.0017595942757100335,0.008584747196815488,-0.12745412117689583,2.089363554082945
0.021362407941681344,0.008269370551065506,-0.11869005798948613,2.043954966439024
0.023570508227674918,0.02871178819465023,-0.110579925175265,1.940093562527675
0.023380904342661296,0.031485647255116385,-0.1249372348147219,1.9952984989304805
0.026635933344584178,0.025134471768038135,-0.14196734288234805,2.0571216064350497
0.03848738365472167,0.04725035466059115,-0.1267059915601894,2.097540598361403
0.026725522922453438,0.04233436632390082,-0.10020736857619965,1.9045323196687183
0.023686960020223503,0.04515121875604409,-0.0882050929876807,1.783895318078086
0.02070708705033396,0.018326299200728088,-0.12818641780486184,2.0169258958193756
0.02141316112063171,0.03559205495962885,-0.08536230967486842,1.7091168681352575
0.016064724747896556,-0.009478041242807217,-0.12012822567036274,1.8625980815086332
-0.036125337895733085,0.007918611967861082,-0.12513085350639613,1.9727004933133003
0.010651129638308146,0.00940769169026721,-0.10641315516613505,1.8472515861105847
0.014365293082458307,0.058956305980621515,-0.10873773041857554,1.883872109228039
0.02309690881303602,0.03954077161887162,-0.09304647118574648,1.7431146371443058
0.0033044567616295805,0.010136187650057709,-0.10503411301653798,1.7456217492775676
0.03071504953131044,0.05004277800694257,-0.12196383758481527,1.9355751808046027
0.03477374318822386,0.03660108340105363,-0.12794754085608354,1.94189425829895
0.05373713288960232,0.04917919038222933,-0.12203763093443053,1.9617512752839683
0.030206995777220837,0.06615760521839553,-0.1332168235191523,2.0500157224263513
0.046676126225352006,0.03686797142188619,-0.09218328717647176,1.71049144680758
0.02767530559275568,0.04578754463234001,-0.13499540538459445,2.003364873868533
0.07508699256214492,0.029755843285710015,-0.12661419232134138,2.021824353607032
0.033445992800028405,0.05601469623373787,-0.12733373987662108,1.9692736271817912
0.04549603263164206,0.03831654269751598,-0.1267898754990808,1.936027130066305
0.049344376970783914,0.025010101668611475,-0.12613677202615348,1.9850944801685753
0.08267730402893715,0.019650275443944126,-0.10830789877268801,1.9630014907306517
0.06395769865001133,0.052392641673495936,-0.11856931795195735,1.9734795035412558
0.028958459347577816,0.04151242896605253,-0.12748773492251478,1.9928201951072453
0.05418051129714253,0.01626101513838071,-0.14755055726999453,2.1666608637080396
0.04299551797749722,0.009315851054801259,-0.14481648550430884,2.0627849029307095
0.055024155061590786,0.005249553411551506,-0.14829663629604864,2.134441556433444
0.04831308812959089,0.0024916301511756205,-0.12899332711194011,2.025921711695102
0.02094009923971424,0.01876109039743866,-0.1461334854219488,2.076871596299792
0.06485650992008532,0.01828894789389344,-0.1393226643237996,2.2393619373797002
0.062148283021839966,0.01721561861851225,-0.14680942081290543,2.283538215641086
0.02287675367574489,-0.010520317035388216,-0.13208589149449304,2.141988567761738
0.059554239445772594,0.01059357238352296,-0.13893364145359496,2.0899778145727983
0.02270340286227126,0.0128375442730825,-0.12670764126613648,1.9531506241666567
0.036506629166094366,-0.004031834942099885,-0.12619256110191146,1.9404796258776686
0.038897595837822214,0.004040442666680399,-0.13344610195308645,1.965170511872239
0.01614164994331905,-0.0026973227357171953,-0.14651731887932617,1.9755889301100975
0.0011409566620264463,0.013803569134014648,-0.1341041956022027,1.899866272245847
0.02998454109879271,-0.00263790072655335,-0.12990162326147137,2.001161596434503
0.04864532251786606,0.02793777632725578,-0.1795648728261653,2.464707972818203
0.038227670615323346,0.0020263071815383067,-0.14112590272532136,2.125050522057047
0.02516367370509901,0.002766346253084547,-0.163558331271648,2.282784314531409
0.06448674109791853,0.00039534978513483456,-0.1404763768138365,2.2178494972345146
0.054660407664644056,-0.007308383251355804,-0.15920600748127878,2.2321868524555977
0.08436637391070051,-0.00022588391042263178,-0.16878287855110066,2.4282416588190516
0.05177169346371134,0.018472532992671795,-0.14855137249438202,2.2024954989018277
0.024814587921159245,0.014665831523452662,-0.14622231920164583,2.107565704817977
0.03597313973342317,0.015850031729290122,-0.13962277902546064,2.1394331630284995
0.027265348576888174,0.0002270595244040638,-0.14307907092648975,2.126307925964647
0.041167810640917256,0.0007106837876874975,-0.13325809936717392,2.077443280809678
0.0352973267965284,0.010113208706851708,-0.1634637086137908,2.3446680271034315
0.02283497967058314,0.002332850470543815,-0.14641935885142257,2.1710579287801477
0.035801305167270196,0.0005827539986900717,-0.1451616985360661,2.1582329585976163
0.04790776186424306,0.015462664500307435,-0.15873925247903622,2.30384672439726
0.0381969562771272,0.017708947134963092,-0.15304893583246343,2.269222749711099
0.05119101608701075,0.006759767566766107,-0.13653309329751223,2.1579116027092025
0.042005134236262384,-0.009844259648120711,-0.14427867766623884,2.165324032826117
-9.180315987402118e-05,0.02243717206577388,-0.14008840851489063,2.1226042725757153
0.0018703127953898857,0.0259288676892735,-0.127530869185872,1.9759147665099832
0.014221196335942812,0.029547393979413892,-0.16167025502878413,2.2960741749897706
0.014190826712563373,0.006369969411758225,-0.15876913432475656,2.2535933833436266
0.020954917037990337,0.021732022932015076,-0.14580009628884097,2.14979587758006
0.016995763539583666,0.01789727110377336,-0.14909077844467916,2.1817457257866812
0.004543419685851663,0.021851472984549442,-0.154962742109777,2.205342206223153
0.007305133468849609,-9.572413325724201e-05,-0.156839678895232,2.2009932764049074
0.003393470412551379,0.030913605861656684,-0.15309223976555703,2.2006787695697017
0.019902816703901052,0.026820277009767402,-0.14878020706437234,2.1340070302379397
0.027082616467014632,0.026260392999165535,-0.16553597500819595,2.2949527315372906
0.0014941763493166544,0.011385540891953427,-0.16157143734013774,2.190465567871855
-0.0025771089537700376,0.020123835678532712,-0.16122143316498183,2.243391939587116
-0.003017644288223063,0.02796590686929959,-0.14641802793404343,2.1668002008189204
0.025473599455713033,0.03416837341471554,-0.15570637603110207,2.2159408290152136
0.015048502830698099,0.005484431319852758,-0.15024166951328274,2.23367051013982
0.016003038443566542,0.03411721840231806,-0.15456121863368705,2.2513463478278486
0.01528015377178093,0.0449333996295449,-0.15176020364586548,2.278116853867065
0.01813976457675125,0.025957071780324092,-0.14164871351005925,2.1311087950610523
0.02464669525069884,0.01776972358252911,-0.15142025811671364,2.1952322067363523
0.013557746530503454,0.03764582456015441,-0.14904777561355298,2.2495779187360294
0.020903004539305797,0.03150326747852973,-0.1691815063089214,2.3394324534895934
0.0162580973800266,0.017826754468076758,-0.15835710437528208,2.3149398932898944
0.03157911255698727,0.021461552233817245,-0.15798830981895629,2.2839048665715516
0.021608172598810173,0.0019747791862614796,-0.14354949629935868,2.139108171857653
0.004369475246110367,0.031491375059747896,-0.14980189475257683,2.157697903995743
0.025916414413399865,0.011058503847499656,-0.13701085447487982,2.097098550014738
0.026804612453289217,0.026319160378344995,-0.13687752632510672,2.052897291474589
0.029138617590609338,0.020996018502790093,-0.13618716812422257,2.0562118276939882
0.029741823771973545,-0.003597879757219033,-0.16079895988469017,2.195987182038136
-0.010577590044048622,0.013250292734090636,-0.14493572844640704,2.0879078884265123
0.01890595276181835,0.023407897117441616,-0.1501589341839694,2.24459936397913
0.04656452297425929,0.032038283048171294,-0.13927628122264069,2.192872023549212
0.023740337614693716,0.016821009171135333,-0.1524928215565244,2.2791532426610366
0.026204804686358045,0.015275378361784176,-0.13386677301905225,2.1206560734238145
0.013098516030007392,0.03219613152645128,-0.16446920073977497,2.288292065591042
0.020749213266467604,0.03241130920246502,-0.16964991485336361,2.349156783979327
0.03408375164947576,0.028383926242823414,-0.15592052956096922,2.2154008638460025
0.03715801507797131,0.008910305711359437,-0.170021377029628,2.3246508828240726
0.027052824863417407,0.02544166243100081,-0.16618259356453596,2.207668035729724
0.0191880102024986,0.004684945569630428,-0.17931460977546784,2.309513617207303
0.02798500411647479,0.042466157310091596,-0.1615544299126165,2.272509612671347
0.003408205933862066,0.0475661543124199,-0.14580832244055703,2.1562079245879073
0.02928559557787982,0.03324248341059651,-0.1681345202117395,2.3634869853941667
-0.019868662274643557,0.027140252127020176,-0.15891100699576394,2.296596419922172
0.004926888952679611,0.03627072873637511,-0.1613350714751185,2.2927806411145504
0.016694418109002577,0.05610975348491631,-0.16098391940030213,2.3141025558267887
0.06464189112089093,0.044673848483064584,-0.16370097863696076,2.3804790662995683
0.035758405621247415,0.04147528392508429,-0.17194587460476551,2.429904695107994
0.01583786180068183,0.04512038969328073,-0.16960313062537985,2.4219947723515887
0.013027062333564321,0.04515292502393432,-0.1575761175130003,2.293351961327924
0.005355140510489754,0.007093621816588531,-0.15819765261805946,2.309024531229069
0.0013390047342226544,0.026845618429967383,-0.1660934988805985,2.3356413255487345
0.015935630864248058,0.028364943705713554,-0.15634076937989577,2.350299636545373
0.04872768280405672,0.02117705766157332,-0.15539010390029825,2.3568209577185826
0.016234891838460032,0.00863889577133928,-0.15834698920107193,2.315957143664138
0.04866822426566032,0.0027840517214557403,-0.14090914524212445,2.331373750027047
0.03258013305918302,0.01785139891346202,-0.14420195979107456,2.273756618431646
0.019556877826891493,0.028336702569868807,-0.1536133629170581,2.290597461818911
0.032165120371552565,0.027247967942419342,-0.13057112812917218,2.170824119123222
0.0208136376390456,0.035799066302878164,-0.13807206767926522,2.2064968638046687
0.00717088257788656,0.01136294763267205,-0.15121551519651139,2.2585218342629982
0.043052599861184725,0.031046323568155395,-0.154491288194611,2.348740012323126
0.02965955266112473,0.03915745303391953,-0.15299364374551422,2.283096184065922
0.007921611516270528,0.04705150459848835,-0.15985517609681255,2.3506738033827532
0.033693699855975374,0.010981784594160247,-0.16046332866295832,2.3465768762774526
0.014545008560261266,0.0363359303359655,-0.1662801413342353,2.3980206629403265
0.0344365996544579,0.03908722469480291,-0.1700075797335018,2.389919381957137
0.027548207803979322,0.03543496915200683,-0.16929337978800116,2.4190839055249955
0.02687234712468737,0.02200896587450919,-0.1603721244555683,2.2562358401918776
0.02680565505858301,0.01722238531623996,-0.18588020940298974,2.3890730424069946
0.029725093783234166,0.03136453975118371,-0.17686664338515365,2.415922404703974
0.052244190470205516,0.013337118194240454,-0.15056245365381704,2.2933392019046344
0.016193421458280056,0.019628961725326927,-0.1535622057132169,2.206567028217993
0.03514262091938437,0.031324425797204715,-0.13324632971659456,2.121918169798953
-0.00508315151054463,0.026164068684496614,-0.16031593924356383,2.2713684281705357
0.009837720019122134,0.027637035135348254,-0.14938665957834568,2.3228129062715044
0.02236462706663821,0.04286295476784833,-0.1459713040776232,2.1983018512603825
0.03091816225502675,0.03882882385454956,-0.16634774200087482,2.3313873109258054
0.041729228304253935,0.028210969455763443,-0.142698430938605,2.1320126385288862
0.03240159745392412,0.015292162260448662,-0.13012921387031376,2.0251484537194386
0.04711798672998395,0.03890839219445256,-0.15106643133468917,2.304588340892941
0.04837463413734056,0.05827833367965812,-0.15956381789966032,2.3807429671659786
0.022880293506031817,0.05535283915097589,-0.15993693359274183,2.328579877884315
0.039692876645557575,0.04122793623857114,-0.15152092640513487,2.206834826114361
0.027584900593650062,0.03955721278953377,-0.14609850610846203,2.2216875548919717
0.032570584940011665,0.07796513063074878,-0.15910500003364353,2.3390417384670337
0.018811705740986177,0.033116279600604426,-0.14230566387907706,2.1940271694403597
0.034239975857900846,0.030312390876563008,-0.14331314592886876,2.1704028992361772
0.03358652925083305,-0.0020544598258974926,-0.15656707413355525,2.2280252783530465
0.02287091555053205,0.009988032412918164,-0.14986747940674527,2.1983430979084178
0.030118433768432058,0.027363760299251805,-0.16160971750228728,2.3215529219168025
0.017736495721368886,0.02466895447520515,-0.1415034139486119,2.1733895518628876
0.031216601790614338,0.023829880121011063,-0.15762192365476196,2.275411816987659
0.03924423894686168,0.042763105738264515,-0.15170393343759467,2.2393040491418517
0.028055139909000257,0.02343721055207181,-0.16104001875153023,2.2880505408599707
0.008311958808893715,0.03852153139060949,-0.15585348665888862,2.2536262517410064
0.050418210835449256,0.035490440636668986,-0.1598227350915115,2.3509989757396745
0.04623558673723158,0.04173035214113486,-0.1681547187667092,2.4157589677887286
0.023496365122998762,0.01488443822988412,-0.15098042990186653,2.2738181407377156
0.015235853438335256,0.021638634489284832,-0.16379560430764156,2.2811603105369156
0.021744937418439962,0.036487631824317135,-0.19271624202703627,2.5177214408329145
0.03416092598779516,0.020629358613908952,-0.166414951309003,2.286248071790049
0.021315679993319042,0.03149676960887699,-0.1758002224521026,2.4460997781524045
0.04739040615491283,0.02455447023047318,-0.1827150767054892,2.4446758104236874
0.0491326500219318,0.03289912147576323,-0.17988817493096063,2.481790235403613
0.05089637502721957,0.045868365567236793,-0.14826001850228443,2.368692240662945
0.05031504832255758,0.02440749465867262,-0.15447005612594925,2.314561504539292
0.03186595554879328,0.025193519369376697,-0.17803199828637026,2.4636623665117696
-0.0012748320038748113,0.04363472628813985,-0.17614159871472115,2.43270052254168
0.03575346667153926,0.01720915236753023,-0.14797594324150032,2.2746453878439126
0.05403509382329799,0.03421324739246674,-0.1319637484477084,2.184790308752864
0.01511307342668516,0.050773498234164674,-0.1639460878061412,2.3112946658916247
0.047693406322154935,0.05503621249460488,-0.1542108018854844,2.302977101762044
0.05688587577995319,0.03452965618059665,-0.19067933876797954,2.543616391311993
0.05307663329663249,0.027165784714324657,-0.17785127155375588,2.4940040105448573
0.058927730691173845,0.05462360599196641,-0.17443575021485705,2.467680481899661
0.026612542571477257,0.03352230142282575,-0.16179396167925883,2.329600585378911
0.044843572935289226,0.041119111741725244,-0.17829439295980654,2.492292899667279
0.05022402025911626,0.021425881562543016,-0.18075164919096287,2.490985896287012
0.042381670312610406,0.055235721633372536,-0.1440371336350934,2.270849333106807
0.02361182851628828,0.018482032284386985,-0.1541980087184857,2.296477338908971
0.02820558234699195,0.025003430070782345,-0.15395129584338385,2.320120519442301
0.028365437605219843,0.04855810737128304,-0.18340870067250414,2.4777190799243107
0.0373782215559844,0.016495564794301837,-0.15919899445357594,2.2922850932394963
0.041288561933868394,0.010291912718121937,-0.17064350065675113,2.424369408958804
0.03646252865157425,0.04405217739892171,-0.1753325850698431,2.5278157649793225
0.04482051106695197,0.03700725269277032,-0.1633733706295169,2.4483772593482036
0.04162000051872347,0.029350272646412826,-0.15489313258296128,2.3437673866281648
0.02920235681590728,0.009631001056931595,-0.1635232346159669,2.3457688745227863
0.041875729810074286,0.024133939271297897,-0.16291618438677474,2.3807236202141255
0.02888285084261759,0.014639058154828875,-0.1729769073698063,2.375643973696764
0.030119074628935125,0.051663770118684324,-0.18008573059836486,2.432966918488546
0.02232100759193284,0.06303123525919989,-0.16573413352024902,2.3428080042376482
0.04869448923613757,0.027133933979649222,-0.17260460840114783,2.3889661314846817
0.03837520405067142,0.02436051108830733,-0.20158355346719647,2.5854297110086084
0.014342731304258005,0.02559216418414099,-0.19942032445724953,2.5831669718914347
0.0179744416560805,0.025239845566465264,-0.18922684156807526,2.526422337270824
0.018372003385546322,0.03774895097890509,-0.1801992973393738,2.4752023350117325
0.025507031269984933,0.04541342304697194,-0.1763055528782483,2.428408947626604
0.023957916160317103,0.024411009460014364,-0.16667397576833393,2.33853149232904
0.04109755781130589,0.024356389097725407,-0.15690641678623654,2.2942907806760786
0.01867898863136128,0.005285334460174125,-0.17678207715639818,2.4214747814488606
0.030395861518075922,0.0002714834377803365,-0.16982331960077512,2.430081670500085
0.02313306455589056,-0.007369336981980888,-0.1791137572698531,2.480152780126121
-0.006372376977137879,0.00848611807784602,-0.18242466377631228,2.396296915853372
0.02423713067780798,0.005830700694869991,-0.19375985803575838,2.508365161352151
0.03932717513969604,0.03564592023347262,-0.1757377430782499,2.4640075208659566
0.02854781883650529,0.012516970834860905,-0.16882193565824954,2.436937966607534
0.03551640113701307,0.04359570669291847,-0.16993829043377048,2.4701093295842615
0.026813282336599346,0.03922062137597178,-0.14793034283490858,2.2984065854738205
0.05470284105682196,0.04910114287151429,-0.18965324416225282,2.6273909924180487
0.060494561009869184,0.04339022247439556,-0.15746324953427987,2.4002655436794655
0.07217744218874614,0.030482885953993878,-0.1620670534805875,2.4230764712399973
0.04898702004988688,0.0029752277991498518,-0.16734566981847265,2.4093521971359246
0.05327118516052237,0.01603143757100023,-0.1663212491415178,2.448673671732334
0.039914553939181176,0.038793822114365356,-0.16126686293380763,2.379205803055721
0.0388807582899602,0.026634487199161186,-0.1614642575023689,2.4285506121948934
0.057717315576537996,0.034278073167529115,-0.1755832623051299,2.4534119691570573
0.04607926913242158,0.02126342799004526,-0.16493523735483767,2.3656680338198943
0.05399514845389687,0.04387791839778574,-0.16003581726189758,2.388084525498192
0.043709291990734235,0.018992298087220815,-0.17860244784539453,2.4923683829730265
0.0381737515901535,-0.008092921980820303,-0.17272630600541752,2.3813474248418753
0.05675202337448693,0.025316341700530133,-0.17515158568554584,2.488963552667856
0.005446599629651558,-0.0002162395346502028,-0.1982187391274586,2.613093965112409
0.03513296994393725,-0.006349175497584541,-0.18245274725947452,2.5248545422860125
0.023872681640167592,0.014595732205544297,-0.1686435351647272,2.3794074601984327
0.02931350475564903,0.020470908032891918,-0.16799539980564754,2.3609940906056996
0.05259184694888588,0.015603534629550326,-0.16138977485694359,2.378082458929506
0.020611271581236972,0.006439984477365303,-0.17068892542331224,2.342045590288621
0.04538614986919779,0.003114407944693888,-0.15732016497508539,2.2878588064196976
0.04976943443487131,0.017563449045556567,-0.15341149563741105,2.2725672734304667
0.04959969816385275,0.04784566045248388,-0.15823649665488557,2.3541895296076096
0.058689900904766105,0.031743707956285096,-0.16407135577878684,2.4584363556135203
0.052122157556773456,0.010068090279588155,-0.1668018941796629,2.436309029710116
0.030741326637183562,0.019871167036634888,-0.16774331641250254,2.364828079657362
0.039347149067919814,-0.006691314508065356,-0.17222968118555193,2.385741971217386
0.04805735651920646,0.005171231184172476,-0.16530909037490849,2.4221356740219813
0.017548408012882214,0.00030415148167875093,-0.16856872486936458,2.3561015679990565
0.015556403943101,-0.019896179236110277,-0.15964178344246047,2.3707275491707014
0.032465410889264974,0.030657306238808572,-0.16802861066486757,2.399525981905297
0.058320933192510936,0.023338406455078942,-0.1648910477257561,2.4661920969413544
0.04807328220932187,0.02893080054128989,-0.15656901715913177,2.328513558048773
0.0350260200362716,0.01914247964846944,-0.166796440521619,2.347783581157676
0.05307845086537527,0.04638387816334483,-0.1591275108880378,2.3679239401691703
0.03365027336419178,0.03237410781069496,-0.15105454735436716,2.19287922425569
0.024273827534724055,0.026331473759665523,-0.1591716515232468,2.2612261182289917
0.042836382994971625,0.05412188436430453,-0.1711052045181002,2.4657749494369736
0.06056226580431918,0.055655852141621956,-0.16612537716393685,2.4055120281868376
0.03693244509186856,0.02443854853153907,-0.16611261534639118,2.303619285926113
0.06628353237847436,0.02727804801906738,-0.1455339982675546,2.237368567040655
0.05070973057748882,0.03887659800835771,-0.14670994856932756,2.178792718107489
0.061466729451481066,0.016277786957513033,-0.13974891127688033,2.1536984384723175
0.059482674203099585,0.0329115844670384,-0.16275808032445443,2.3515029299161485
0.04036890051387761,0.040176864916487295,-0.15082306057489603,2.164392465558252
0.04993597085453893,0.03743979373570294,-0.15864962928459236,2.2819298091305247
0.05167089494476168,0.032663501190962396,-0.14847499509099568,2.2237842903353857
0.03367769353602975,0.05486175673342292,-0.14702601964815812,2.1747960761097085
0.03669411906831491,0.03301049035596029,-0.1560084866025063,2.167282395165909
0.012379248725530097,0.03358868357462354,-0.13832532630344815,2.0246203011055472
0.03681495192262266,0.0194288602327778,-0.14120767968059933,2.152611441707397
0.03601158412134206,0.05100896731470916,-0.15343467846952877,2.260391091991035
0.03620504362270873,0.02859817561031594,-0.14207119838792767,2.0818852426328736
0.04452084182499872,0.022241655194829492,-0.13401576128047163,2.0141540656799566
0.030271005950912356,0.025343305907097564,-0.15763346081435714,2.2420952314903557
0.023724016963014207,0.019991317323068324,-0.14740568263049028,2.191395850115983
0.01815306341124311,0.005797721404225098,-0.15241034016692923,2.284943910009958
0.023546418836026792,0.02050327056497061,-0.14774343385856095,2.098823569453573
0.03190241490478608,0.011461870028721862,-0.14446624069868835,2.113253819453487
0.04590599246826976,0.002614714577596233,-0.1543684792873078,2.125905644605331
0.03377149980942617,0.02154709096263755,-0.15237153994171454,2.1060193849285933
0.03619082304160293,-0.015893030051643938,-0.1531475110085192,2.1708695292777267
0.01953111929992873,0.005433735962173742,-0.18696360165305345,2.4088312896964177
0.0530367112690697,-0.004585147592013991,-0.17557503470038566,2.409439754883971
0.01510981051943739,0.0010883178735248862,-0.17153111136211724,2.300104372692
0.013321603671687561,0.0019770886685093855,-0.16971702790095475,2.2754773063800577
0.0314962531857313,0.023269434891677373,-0.14871645642723275,2.1448352578114056
0.05799687986554446,0.03311773629558016,-0.17268711799567968,2.387648922097287
0.055028640858481644,0.012342936193416957,-0.14040756441168664,2.1516102147046636
0.030399201632418583,0.01992453317675728,-0.16633763636018503,2.2389189493652477
0.061872987187960436,0.00423586223568217,-0.15717227005920897,2.246118151300565
0.049566048081561266,0.002385892646740255,-0.15423042742136295,2.1665858335142967
0.043462536672220664,0.006034562494091947,-0.1522363162272539,2.179556985820915
0.058759275791573744,0.021288732763470857,-0.1408841596879733,2.157542715806363
0.042520701091996974,0.005479237962141749,-0.15078893412082742,2.243617575136237
0.048466661851924546,0.024706140379112725,-0.1621287723585827,2.3179551700915595
0.03329887054034987,0.021053511149720188,-0.1746085050323426,2.3762655726544835
0.03541686517474006,0.032035480540132354,-0.15889247189587566,2.2930897045427874
0.04791668077166969,0.0004852113340864339,-0.18749622900730845,2.5023098026717503
0.04698803337640918,-0.005848116502173012,-0.17092882120175315,2.455865429059346
0.05482124724899688,0.012991510079696638,-0.15031266333320595,2.2894958160223853
0.019671156744120694,0.019482395379383163,-0.15310190018947412,2.210551244923841
0.011447351089196329,0.015204473957997247,-0.1661990748026785,2.3947089360689575
0.024523121320872553,0.008742466999950738,-0.16667225272211483,2.330986056600124
0.026734896937507243,0.03466524755045532,-0.17437750603275734,2.429340212354507
0.027864072079358468,-0.010899514704384718,-0.18192851561325443,2.4759895802242116
0.016661221992856665,-0.0034313889782852324,-0.1850714864699212,2.467538420307392
0.03031328471840679,0.03563561360057561,-0.17116890008411376,2.4607601326096407
0.02939085592749565,0.007966238946189627,-0.16878519637242115,2.4556607486431763
0.02146282605966534,0.019397205223290245,-0.1721510346405955,2.4361174154507212
0.012962120202541264,0.009895586808205471,-0.20392635191041872,2.7074399321740827
0.03393315151881536,0.039413781393237805,-0.17886812324290044,2.4681382909583647
0.04121955529491843,0.015801109088276893,-0.15867587332816824,2.3474964091577553
0.05860667115103581,0.0149001764035171,-0.1657744208748641,2.352722285245754
0.028345191517352267,-0.004030063392532726,-0.16588379640672932,2.2755720454506516
0.010877220216805391,0.017984469311155153,-0.1730431170113715,2.459368184349432
0.016450996348815503,0.017106766078775915,-0.1757369602818272,2.4550802033923946
0.025945467468555333,0.004147178033443824,-0.17466506852882396,2.449024558307963
0.023196450477738238,-0.001776965560074625,-0.16864161206996323,2.3928341838583016
0.03451424839089591,-0.005960081530291595,-0.1810574427861113,2.5457492133764825
0.033325305235526466,0.008104569014332465,-0.17030312945355933,2.4169028084598936
0.027299179177812074,0.029313454859651176,-0.16294550684020317,2.418182380032221
0.02142544394896228,0.027857887137046414,-0.1697025253463911,2.4299312981648606
0.018514949248050735,0.021598870520098366,-0.16178111203868115,2.3425411197233026
0.027035781991280268,0.03687010000810213,-0.14233210936710403,2.266608895355371
0.014712037880268,0.032811990298963326,-0.16490171937192188,2.3779844993550623
0.033114332520935354,0.02666876825938437,-0.15283983433398907,2.3077960591943825
0.03812243961171194,0.023029749126553974,-0.1481921451705381,2.26996390256483
0.02792838251350471,0.003576597630187579,-0.1388723921159428,2.2076185548832994
0.031933181139224956,0.03555171804977232,-0.14744544303011384,2.2949796888229432
0.0156214415281696,0.0381849041283322,-0.1572669683188034,2.321011586325999
0.03549477414461222,0.035869657886605275,-0.1516235727766923,2.3108662828996005
0.011934239548860826,0.03657701826723755,-0.1470181660762636,2.245070825471892
0.029650977157365265,0.023409964411867535,-0.1443830190194318,2.228213963367377
0.011042064326034301,0.03410149062362598,-0.16506587672295087,2.3475783133357138
0.023390069755713387,0.024209745624815093,-0.1486599593909797,2.2364888977738318
0.04760111459051127,0.011567697637839325,-0.12368426949416494,2.097856028867341
0.012478114367695598,0.01676232416287333,-0.13419441627071327,2.1075618475108286
0.03338172126400628,0.02682662417073607,-0.15588165916767507,2.2885249830354373
0.014148471527430059,0.018000375926925948,-0.19101519150175503,2.529580252630195
0.0018445382111575836,0.016121819479831323,-0.1676867866569275,2.387299280321864
0.009064050911151903,0.001017928956749483,-0.16120307636084977,2.316323907311246
0.011529852708071268,0.003601550538134988,-0.1763486438144388,2.3841009050374384
0.010011514572263297,0.011039272094506577,-0.16360520573486909,2.324880578301275
0.02738086130902737,0.011528643378106062,-0.17362309444587648,2.345747263563456
0.01975828720026091,-0.0009023460415058021,-0.1714441123698253,2.317821428782493
0.020806689859577985,-0.0021957568443241463,-0.16568190880368988,2.27495725574728
0.02757376313957619,0.00751751311279214,-0.17972600326545446,2.416181521342404
0.0179129941781269,-0.011749910704630731,-0.18426169130831346,2.457942120005815
0.040352161722244484,-0.001576951815137288,-0.16464065406398287,2.3424013706643616
0.049776585911684164,0.027348113827319328,-0.16824766362832577,2.3901600717622347
0.05475936739249276,0.013015995586273746,-0.1788731594104935,2.470798693498392
0.04392495953555981,0.02576149667340761,-0.16913331648790653,2.3687699608970147
0.04342312172731451,0.02746137654140674,-0.15989820721351436,2.284888667439775
0.02371255528290894,0.023072606961247202,-0.17046745749668485,2.26575047837361
0.026812669016657697,0.03814907073166022,-0.16909546308606072,2.329668058827489
0.03677390866785207,0.0096708438087006,-0.1541841446646213,2.179678551696787
0.03556979933184839,0.019497328652881372,-0.12916707164710067,2.0201594603092103
0.03708451882083179,0.04389143589584093,-0.150488084317457,2.145032173273936
0.03932848385210088,0.024959005317531164,-0.17600731052884466,2.3148310058454107
0.03202324645280494,0.0041150305811028685,-0.16323557282098206,2.219154353966025
0.01784292438385291,0.006767011318864399,-0.14875616030324063,2.1244203857732322
0.05931565995318807,0.025322135824718473,-0.17683088242341247,2.409166876381334
0.04128711236241892,0.0339021425304619,-0.16646916309839255,2.360083122341438
0.03270594206992666,0.035274151208652425,-0.1499056608636525,2.271827677028073
0.038384798013558784,0.023564424784974117,-0.16804412230383153,2.4064111866396534
0.04376452847936923,0.018936919666262708,-0.15709524452680443,2.2969374598576198
0.05014728672744869,0.05384286962137686,-0.15969235938959406,2.3506595976140363
0.05491108984918363,0.04827651255391786,-0.1690027336155169,2.45271486104374
0.02526725093124374,0.04828232719093462,-0.16513640177977565,2.3439075989448606
0.042044054577555626,0.05146587351320956,-0.15401945695431288,2.3704183500629608
0.03476033948365317,0.041923516631870585,-0.15134600039905902,2.292364087188051
0.03846470042476017,0.04162525844370171,-0.14487284100869008,2.2156054013818607
0.03637919813824642,0.032176749223076326,-0.1464196212256035,2.196869562006943
0.05531671069693171,0.05270975587103851,-0.14082678174737787,2.3566622561205994
0.04582589159644836,0.05449982430199659,-0.1755516390781804,2.487649741398409
0.019792539538672434,0.05463804888484427,-0.15696676816068375,2.354039893898994
0.036779450581999655,0.04538297930404407,-0.1532329104018318,2.2771303106097878
0.025770190347007078,0.027986752147201994,-0.13261557910744298,2.118074912133855
0.0037630511859177438,0.04420240221715843,-0.18158437381701642,2.4408286012620333
0.03178673053327821,0.03982982164286875,-0.1586761580022962,2.3108427237458655
0.0410662415149547,0.042768240111066974,-0.17504971980206643,2.3533202251210357
0.025946857771258183,0.02943370367123738,-0.15218060833010585,2.167124042483306
0.03968474878787745,0.015274202020418896,-0.15386750142823832,2.1710916582181294
0.023655082123144978,0.06033665537848192,-0.15104601882763222,2.2317357914661176
0.04879111549017672,0.03382165372768957,-0.15498562291601084,2.270091780922437
0.013651198761088255,0.03352400903736755,-0.15038469677986582,2.1496234292688925
0.01580787378520378,0.021162508780588393,-0.15628521673615403,2.229672878406088
0.04174518494412893,0.01446268034451978,-0.15074632699966567,2.2705084557701776
0.026366153671525186,0.020316970904715216,-0.14834337241972434,2.1637913609782355
0.06333311195579415,0.003424410265123783,-0.158859929720306,2.3263187247154424
0.04197055092949721,-0.006805214625710286,-0.15493175524280975,2.268776405662178
-0.0016676791264368129,-0.011296079099940824,-0.16577019577118846,2.2927901620723303
0.007219960122426551,0.005968469820909588,-0.15713074066839275,2.1454546650644164
-0.001946446924420375,-0.013309239620599949,-0.16349043294288354,2.2511529119799305
0.018492090794202522,-0.04011382977491185,-0.14999904428441266,2.2453916858102088
0.003992004310183984,-0.022072840416794852,-0.15249650339182075,2.215339494690276
0.0021935591857941347,-0.015718687292271993,-0.15251651699520427,2.1275810269686795
0.016933577516706575,-0.027750222406812127,-0.16772322940252518,2.332619398811621
0.010520399538407683,0.0022629830141732937,-0.13799067899689027,2.0828848555246666
0.010394529067373743,-0.0014618500954140566,-0.15731466334896774,2.2480025146208846
0.03477612068177621,-0.03919784314122773,-0.17402335506142647,2.385635774796849
0.01543265092485503,-0.021604004605202294,-0.1683475478271047,2.271732113263018
0.008017751837886234,-0.016940587604687227,-0.1614339278772807,2.274996829501456
0.01861070761064679,-0.005299640608845292,-0.16094186254809137,2.3116405375660016
0.049193195489103565,0.012869081493276696,-0.14828119984550675,2.2263288602409737
0.030911750963781043,0.002933078700175062,-0.17648794117205338,2.3401256769248464
0.041033879074926394,-0.02489339422701788,-0.17392466371032306,2.4007068550527495
0.01863342467074047,-0.02091719035180513,-0.1839565546851168,2.4586944788340666
0.02478861924348713,-0.010815672639870164,-0.17686670769542995,2.384157844624351
0.0378635953550044,-0.012509332852722436,-0.17805558442661043,2.4511092553569003
0.04450048874538027,-0.014286891168344588,-0.17156215522363896,2.348274515527357
0.029306014643122377,-0.01595443808344067,-0.17572646153009133,2.3895053822744954
0.04087739342953229,0.00817791610486199,-0.17864713005580563,2.3986580988752304
0.02105290663065231,-0.011035174500661975,-0.17970997266330538,2.3480973202898054
0.020903470212468755,-0.011848952054928225,-0.1759327240440172,2.406070871026395
0.033464440502563524,0.01040159155187213,-0.17584941769818158,2.3744206349693404
0.038282275457809774,-0.005666639873646504,-0.17302022051864296,2.4067632992239147
0.02933876283383886,-0.011012924684422474,-0.17055044760429475,2.298467724310969
0.04610575411080844,0.009736701016668287,-0.1512218499367427,2.310623427162932
0.02259575777056015,0.017082268334722848,-0.1671652646216205,2.325743261785733
0.02094529135326112,0.012689074847412673,-0.17850802413808778,2.343121835482679
0.03175536148590149,0.007468930745362052,-0.17178298594454502,2.342638858793707
0.02171952459078821,0.007726979685933384,-0.15626303372522146,2.165554615319103
0.04524133066726979,0.013281144157493076,-0.148501827189119,2.226053784351707
0.06252076813053556,-0.0004766296671048527,-0.1519416435827599,2.2671717083308076
0.03807931047574394,0.01754877778672005,-0.17356787760945996,2.3977183857182442
0.04453902172718974,0.013651955176049294,-0.1563850486418256,2.2526920289983816
0.022206362239001156,0.024518478742107188,-0.1551383294426438,2.216251153669418
0.04737615022581877,0.015504569954137268,-0.16127123797366455,2.2542104080736975
0.011521428508470629,0.0034846636706670057,-0.17099753668218307,2.3307389536880265
0.04305127911241737,-0.00373548030902469,-0.17798604295952067,2.510099799157031
0.03454490562238875,0.00012573691207955692,-0.1748165470340675,2.4570962559209923
0.02368884565677247,0.02102925121923049,-0.172728647889956,2.3927692690351554
0.021835708070668074,0.012630114334286803,-0.1808247627777918,2.411810652399245
0.019599134747982604,0.008986479014725629,-0.17975594973339962,2.4336377627924173
0.02749539145916678,-0.0001285202070438355,-0.18583096026670456,2.500160171056044
0.022221961214933382,0.009212687880852949,-0.16185978405780713,2.30915399357875
0.03854125438873453,0.010047220732071132,-0.1651673569339864,2.3042283923364684
-1.6781810226070106e-06,0.01589879852418818,-0.17966327431665957,2.4471467665107824
0.029846920531965852,0.005648495193480543,-0.1714126184530928,2.424174267931891
0.029985336065304867,0.02386082781673051,-0.1697439032619169,2.4136533805237437
0.025786066413419736,-0.00437507908061018,-0.17065377142545818,2.3388152046730806
0.006867812082979297,0.0031505583545032795,-0.18269666874078963,2.4181500175526973
0.016175166224147306,-0.00911223349954098,-0.18656442677404927,2.4530025299446896
0.015493326385155236,0.010670191967535068,-0.18133765163683124,2.4108624491536674
-0.0003168758569090342,0.02329699127405867,-0.20116049854991536,2.5788701078147005
0.01426914014547153,0.008828361686796982,-0.19633275428211852,2.5198484677802666
0.030715402458283546,-0.0007173969586943013,-0.17876527071802384,2.375723510228828
0.014528151568532731,0.0019003915953435648,-0.16425184508333388,2.2681660415518565
-0.010836691611377366,0.0037321179539813315,-0.15723005662780823,2.217495607975014
0.018961081449567044,0.010901584342177091,-0.15981746999597768,2.2336435402745085
0.02070979730398825,0.011603701432417455,-0.181830473301606,2.447442072697111
-0.01372413705255447,0.0017696415222077328,-0.1656913097743972,2.3364862843056495
0.004728443598571551,0.00330342155563077,-0.16157679067521324,2.2822193228815406
0.016650541786758843,0.014578619224251339,-0.1550284711028194,2.2358249730262085
0.021398445560595107,0.008620853510371743,-0.15167903236906033,2.2926981111442775
0.030745825839960845,0.03370477478052768,-0.19093068565052423,2.534615852389963
0.005152099346213943,0.02404638938184769,-0.17480872285603388,2.4160804063362225
0.009795481424669647,0.0016853019826607641,-0.1831015060572671,2.5327297343210726
0.017161762082368796,0.016719047875091226,-0.18094457710225045,2.431311456234048
-0.007988208158036532,0.013200339158278545,-0.17077823261280392,2.3378631363472673
0.021211680532769003,0.0013106204636411834,-0.17273984333173767,2.3874408897842256
0.0282933322476818,-0.009982207251747107,-0.16970260260606415,2.396453070364129
0.029542175073695724,-0.0008907452180095027,-0.16580536407777435,2.3356661662192306
0.0109084443498468,-0.0065008488629673825,-0.16260607501887145,2.3093606420040094
0.033991242805473075,-0.012104074155190178,-0.16382915244975202,2.281263869788118
0.024814889277000842,-0.008288259916469455,-0.16511394453356137,2.3065625330623236
0.02190965864868185,-0.002922792792511347,-0.18992617262959519,2.4875593566281773
0.01060968345926227,-0.002525325966351778,-0.18024824070233142,2.4090997517339616
0.03412666715632427,0.007522235365968445,-0.15160141168469446,2.220317688082094
0.03573174689721136,-0.01284788087196092,-0.15129397539096665,2.242792154721367
0.018859601932322105,0.006132511722678393,-0.16020884051553352,2.2662969891251143
0.022328421813805656,-0.012107232730795222,-0.1537431359981782,2.202335541447133
0.043346448985813246,-0.007218527409481983,-0.1444268002602018,2.157720943058678
0.013241436017538896,-0.011599042710464951,-0.1646108669988292,2.3141195179082596
0.010170895802411668,-0.017435950201012178,-0.17373547656042676,2.365437492228516
0.023291927476220366,0.010430807365723885,-0.17044716331632978,2.3573928114812643
0.03392788966450198,0.009797509189034386,-0.17734960413747153,2.404432298625606
0.031207187836127456,0.0032857844594079647,-0.15676991534853246,2.361386789019384
0.019905045516724642,-0.015910673575429354,-0.16106546662644616,2.3755226022652964
0.024621180702986488,-0.021022370168537908,-0.16450145627792892,2.3800816460582435
0.012515402304009327,-0.025649942489383876,-0.16888103809985022,2.38593027193692
0.01642473791868322,-0.011557225887357397,-0.18077635576086593,2.4041383673274614
-0.009354965606189584,0.009873578524816745,-0.16539214705083166,2.2673993516349786
-0.003261891420083174,0.015150017050059354,-0.17054303529992504,2.3380295200925
0.017928749104484245,-0.010278846605644569,-0.16947566919930437,2.3286987727477975
0.023845585495895417,0.01854428206220258,-0.17221208474510308,2.303864671365193
-0.000751972125760216,0.01227104852560728,-0.1720569263852543,2.4011377798679443
0.0035264667074526505,-0.01548943583149518,-0.17625484156140403,2.431392365187273
0.01107592904434304,0.0024774739038523307,-0.17483417776081,2.3194139234759668
-0.004068188733031171,0.01190968563611794,-0.1690714847385434,2.291918098934434
0.02107302564544791,-0.02106623129420716,-0.15995970609592117,2.346622484084679
0.02019037153915742,-0.0032664461714745734,-0.1567992649975723,2.148011138656082
0.02792021629946877,-0.022718452800887325,-0.17735849237238202,2.4375824981780494
0.027965273926347286,-0.03929801120737206,-0.1677023003452346,2.3457755871150536
0.005566100591440626,-0.008358479701921532,-0.16565237182386075,2.330711597557864
0.010984552767066811,-0.0026681633622536,-0.15265466803616118,2.21406866655584
-0.012494730694337748,0.009096696448192236,-0.16869097903229838,2.3038587356105062
0.034649185017387854,0.029177909364922112,-0.16868882804030164,2.393139064820729
0.0003204747993032427,0.015500764976832927,-0.1597397580432434,2.30821159108258
0.014922392075364273,0.020508176743532235,-0.17934612204686223,2.3926435220767943
0.024946163446042034,0.012503286947317171,-0.15453461312222636,2.2648445072271306
0.01899051540389729,-0.004727204702176444,-0.1558156010819193,2.3153849131359876
0.03583604906177515,0.002907724607506102,-0.1525000355423622,2.283073005883138
0.024237875576297533,-0.003913168142867367,-0.1541863163943281,2.2442304779345603
0.026338896621830636,0.017338790394357238,-0.15356221834843206,2.254247518420045
0.00807097135447539,-0.002927225841588765,-0.1625475635946787,2.2999722149789705
0.015779004822700424,0.004555940916871421,-0.14570981886874235,2.222932759453482
-0.0035193141505621816,-0.014797465079565407,-0.1564201829069486,2.296175564782527
-0.0005984875018646539,0.010058824759290765,-0.16354861122735875,2.3386259832280425
0.018152187412646955,-0.0009479811613293103,-0.16419829449947165,2.318280540842636
0.0030335666658122904,0.01779877545654897,-0.16500663740510604,2.3084473237783025
-0.00017406467196811045,0.0034906684376395723,-0.17077027281249155,2.3447842192587127
0.023996727375129773,0.014967564075569834,-0.17287346885846347,2.411962618182722
0.023763824712006183,-0.0036997505910657336,-0.1790020315874498,2.4205814669656256
0.014845001770340238,-0.015449091737568059,-0.16631376375055723,2.2775867532805316
-0.005637970021962189,-0.003416520968815495,-0.16250308374350994,2.3093507638325934
-0.02697489608942281,-0.014533241721696706,-0.1741319811394499,2.417727822022602
-0.0022679803940678614,-0.012092350463819894,-0.1549464860396486,2.2156649640692416
0.013709549786966112,-0.016002332820483762,-0.16150876066993955,2.2919726553854285
0.011717312970893443,-0.0038697634585239606,-0.18689168726913621,2.52378982913668
-0.0019772253150232943,-0.007481949000374541,-0.18260133923440208,2.4815133300453653
-0.00719920049834294,0.016929332070074465,-0.16901126301616823,2.437710082270593
0.024988202946016665,0.01608501635695741,-0.1824399755254155,2.4841758263766205
0.011922216266053581,0.007169047089777052,-0.18195857865647613,2.509539342402349
-0.004473316325538799,0.008879476411722315,-0.15896355048286856,2.3617206900831973
0.03487510950290755,0.014808372941472702,-0.17736136776009867,2.460778089890507
0.014282392056551118,-0.000410945661333671,-0.18853096108667575,2.5918179735790368
0.009683426623299364,-0.0007750846925487804,-0.2047831889079556,2.6059080154730365
0.0281913571627685,-0.005005389617922416,-0.18396551550234538,2.5072476731958027
-0.003921583095141995,-0.011897619315966081,-0.1821960086068601,2.3869992258104054
0.00988236628454051,-0.008343027604332125,-0.1530868285785744,2.3051961138934685
0.030867126949665036,-0.024587684055831564,-0.15493558649717348,2.2732315189207974
0.008218345255527833,-0.010799417279876178,-0.1432349854210577,2.273833619944129
0.016726656948573358,0.006474891254874488,-0.15766521723661422,2.3176055184203963
0.03198470849496611,0.010994381021794232,-0.1618807920800824,2.2763345228320397
0.02633872153879612,-0.019750452557647527,-0.1839350394520257,2.442903890040712
0.018594268756360364,0.01808309926030716,-0.1744436272010046,2.384020282302973
0.042123633596689074,-0.013086761577873952,-0.15690590180955044,2.2870579283406123
0.015224800844646348,0.009261802358478262,-0.17029297583438918,2.281266804213361
0.04014101279065102,0.02009891919803129,-0.18418733944162619,2.4240231617926247
0.05657875298578936,-0.009708876293825124,-0.14482433013408397,2.263570937017769
0.051615997387847126,0.004961526825394319,-0.1519340728837452,2.207895738593236
0.03543347789694879,0.0010744425532216058,-0.15443354158338837,2.228302162855939
0.041359375424018824,-0.004052798293582558,-0.17153967064602907,2.3321342536856102
0.03753587625195796,0.0017448080555028018,-0.1798847155082437,2.4116091227164724
0.037795046195608945,-0.008375138085579742,-0.1679045210141622,2.3060568282016733
0.05324246280791035,0.0008277294855092735,-0.1589464055458966,2.319451577723038
0.04787058367629018,0.006530568397894489,-0.15932155999113032,2.283241620856853
0.04861050121138781,-0.006928747450163312,-0.1675077010025749,2.3738319119554796
0.033947159187671556,0.0030773383346594818,-0.14466449617303098,2.2083505865572013
0.03936426679103376,0.01833944901817968,-0.16495569996606685,2.264408004654161
0.03408743179085977,0.002275430673898933,-0.16716841598207172,2.3085662071739623
0.024174265879081242,0.006679869353092913,-0.16748184249825404,2.2995650696845282
0.04465606535574138,-0.002034902963025588,-0.16307335560719619,2.3196541268062876
0.04721774471499331,-0.02751554126442823,-0.1791384982617991,2.50625128818572
0.03530106705063796,-0.007343930507939758,-0.1654592824542777,2.395416495844415
0.018055483385486397,-0.004363741089041436,-0.1531394579408711,2.2494723827321574
0.06020435539810149,-0.02306018523304057,-0.15474787817710933,2.3341684461850174
0.029314968226695787,-0.03211867223438925,-0.1662054658426435,2.327183693590638
0.03426549124930859,-0.028897246569540926,-0.15765054431558673,2.321788854441284
0.03559706178019872,-0.014450231853945278,-0.16704732319517746,2.4290113863509495
0.034993803804718664,-0.010226220252387144,-0.17960048920160004,2.502613913722788
0.01197703969055976,-0.0061858977053435345,-0.17825575625252169,2.4943379983974925
0.01852736845528348,-0.01950400732471937,-0.16010277830248326,2.3383925258145624
0.025984414318160884,-0.022184893687532792,-0.17032330002287807,2.4276437207022186
0.02511736126027019,-0.004896503704327112,-0.16844958422341708,2.3720041647506642
0.04408211802676615,-0.04508023772251111,-0.16164799099286947,2.477743361921961
0.04157277679205625,-0.0008103069416967832,-0.14729995032303742,2.2824702197069207
0.02470525631217158,-0.007980373008704154,-0.14593731541361382,2.269391162845382
0.015641203437843223,0.0034003468981878755,-0.17392636489511368,2.459842380002061
0.02717202737046321,-0.025189334865730863,-0.1632376631321542,2.3647957678451372
0.015741664033670544,-0.0163722099059058,-0.16348051942554226,2.3632729793209126
0.022032722200486302,-0.02462856647447779,-0.17140232597676924,2.4228626656128736
0.026873254914230274,-0.021860536128915323,-0.16046142293917165,2.302842725473127
0.03396034464336604,-0.017984421878682107,-0.16401043192282852,2.32806659137863
0.03762732075351253,-0.003050419954798425,-0.16491755006570008,2.301170661756961
0.030631829650957794,0.005270159652299279,-0.1820010039035655,2.463851603865909
0.031452467573364125,-0.004707437074124134,-0.17635227540044285,2.390315468362704
0.03259336515784488,0.010102102074467004,-0.1816803173163462,2.4611618974856677
0.055070274693660125,-0.005714852880929031,-0.1760518446224709,2.372610707618514
0.059457493977389225,-0.007105934810369559,-0.18451448311049382,2.458203281182484
0.039762589691547445,-0.019764712850625758,-0.17737746679068409,2.450448013755429
0.014714075148230128,-0.025282041161967826,-0.18940370939553156,2.489425565068858
0.03946175543568948,0.001979524607651373,-0.17698394482460872,2.4176054800603186
0.019228190830359284,0.0301044019471491,-0.18406316084214283,2.3889648755407342
0.03679587450641175,-0.012802661179608424,-0.15876570270056853,2.1864131751680955
0.04078840476349081,-0.0015133710471686558,-0.158169402436347,2.2302001328997263
0.037795468154302576,0.021859058195878887,-0.1650503746735062,2.2462006359187208
0.030667499252505163,0.01773901566172642,-0.17403237478701297,2.315901136333472
0.04538679509117223,0.034844590165446256,-0.1509661847425437,2.2095698507508126
0.033998842992101236,-0.029433296663527633,-0.16560492517941677,2.3146575286082354
0.036940312461224256,0.025496098055452217,-0.16537026841453945,2.3574265774419727
0.031127875539722814,0.02414380949285047,-0.15484632430694784,2.3741125119801
0.0424862020426799,0.016824118847661104,-0.154399307156578,2.32965714772092
0.01922067356933207,-0.004425971354327334,-0.15106328866050803,2.218825675440567
0.027361583568067272,0.02354300763360493,-0.1545622324118774,2.2654398730058136
0.0203082306379956,0.01086012803039662,-0.1525526498884486,2.161512373296651
0.036955597974794335,0.02043102603581531,-0.16040630484322158,2.2866163223192997
0.02286533630732906,0.012063480235651357,-0.1830488242569181,2.4479006872139535
0.0507603320099682,0.007716952410913,-0.16398813288356445,2.318026006309223
0.04740598856917342,0.040748239587609605,-0.15023929000253414,2.3087654027752724
0.038398548847289354,0.011012407364467952,-0.16054298307276202,2.3008068935985166
0.0576152862834745,0.030174997761350044,-0.16726327491984577,2.4224651330240863
0.06825512197561713,0.028694393274818535,-0.164743743176923,2.413569664206751
0.060828985320151165,0.041658198889707565,-0.1417854040859996,2.3044312695715496
0.06151203023940125,0.02103184906625372,-0.16969376424610658,2.43953323854177
0.03313147027623927,-0.005063886207078787,-0.1744876167710078,2.462466252289991
0.06580059849247713,0.023799997913491026,-0.16149521259040045,2.398266517608932
0.053365341169574275,0.03960229748919991,-0.151168500848518,2.3012902341550214
0.05701717186296399,0.02829900624502126,-0.147224016090047,2.2557556060045916
0.040321940097424236,0.03980680694252783,-0.15210963671002198,2.2385037754989114
0.06126893870414623,0.05325969171546885,-0.13891635035872196,2.2155178570574887
0.05599158192766374,0.016189988915257445,-0.15982578412458945,2.3091511741041475
0.027860685001011787,0.0363232450884278,-0.1594236932416522,2.316015702374656
0.035241180290827456,0.0044002562875668115,-0.1662506357842726,2.329201207925679
0.030615746136806708,0.018381941385224,-0.16468663764298147,2.272634746579022
0.03214287155636829,0.021585580079435448,-0.14672336074306885,2.1585034783446835
0.03009223924897049,0.025740763917494778,-0.14619716551355233,2.195062832413696
0.040677158644521254,0.04746434848416692,-0.13250199178857058,2.124709011776078
0.03372276961801578,0.05285122605908809,-0.17880910154222707,2.422509052629487
0.0639319779683053,0.02875039796945789,-0.15333504188160788,2.318930406806889
0.027772601826688975,0.013622349371322838,-0.13691508169132066,2.131621325756331
0.03240500771614629,0.04831138742435711,-0.12237752948649233,2.1196792341646877
0.04468889981639921,0.019837975965432204,-0.13959034173576432,2.138241337590706
0.02800850792559573,0.022348383268735412,-0.10126723888185435,1.939896019275102
0.06353378638680487,0.040858563823139626,-0.1167953548989567,2.107733696150809
0.0353292147219783,0.02128345574229267,-0.11435133273768035,2.0500010671717783
0.023894544822463056,0.04606411190596085,-0.1227852516930216,2.123928768803178
0.047828017265826535,0.05651951103040513,-0.09481607286063984,1.8874832481761519
0.012287073460963641,0.04788598311373132,-0.1339203047333323,2.0809847154795764
0.033965616162706026,0.04294275236979777,-0.12085280024531979,2.023521460860589
0.0005856583219764669,0.054662469547359864,-0.10227738371436149,1.863468635745554
0.02983543501484131,0.04863910168327354,-0.09037956083195671,1.9728434531299948
0.022701186729060397,0.04449557478768701,-0.1063228815516425,2.0528638348199526
0.02410405439941169,0.046695135919335565,-0.1204946230379261,2.144707636967743
0.03272017626943311,0.04216848642979416,-0.12841459716548387,2.054014403450954
0.03037924569571795,0.04915709167898081,-0.12078781770293597,2.1259157852060904
0.017286617011811712,0.029888288207426086,-0.13380370276995784,2.1706401726049305
0.010966086022836297,0.05746755633988238,-0.12989180474293677,2.047898729156259
0.00593115810812819,0.04818570590936372,-0.13386284525241013,2.072240909905274
0.044355375327363236,0.03799666463026298,-0.12278869587282457,1.9983674776365719
0.023919409701071856,0.04533072562414689,-0.13580885278702542,2.1203101251914105
0.03367076852313887,0.04558581173100691,-0.13817075191710104,2.085000020210284
0.02197155466273855,0.04943288546309897,-0.15229376258638203,2.2348626856278413
0.022740531811680505,0.043735713217589435,-0.1359815611181151,2.1194773256491177
0.041460742195610495,0.05589016530732843,-0.148453680998637,2.2879072167593693
0.05857461570893929,0.05007087216613011,-0.13038455581180153,2.1485135514546636
0.017724952760814032,0.06251188872398454,-0.12956294042140476,2.0195934226278216
0.06265812645715232,0.04127547882487253,-0.12665681549059182,2.059104312281022
0.04701715727058853,0.04856793768650582,-0.12804313291241223,2.0145914197080783
0.04050146248908578,0.04904375118628393,-0.13982700349253716,2.0829716364106483
0.049797360837673124,0.05871200683064016,-0.14924711584444722,2.2645757877882238
0.06292841301715398,0.05458995468879118,-0.13443154319550524,2.2381239319153408
0.036403787891802944,0.04373951586467361,-0.13678738242246766,2.1187786262736914
0.03358631500461756,0.028632047644098338,-0.12726197151360188,2.0314056084044574
0.04318434189462036,0.05772730119847945,-0.1336298848803345,2.1934365669436873
0.04060884281842321,0.043442653132949836,-0.13362767390582134,2.043239092978961
0.030157644683042623,0.05704638907769869,-0.13253087900088228,2.103693280778309
0.04470364791088826,0.027152133973367864,-0.12877076149654454,1.9799196760405933
-0.0019053966185308602,0.07107888515790396,-0.15364406355442306,2.207042104126738
0.03982096884446284,0.05925905523450628,-0.14296279122645927,2.1685120886627196
0.02687524376933944,0.04853867285419087,-0.1617254673686603,2.235895882226218
0.04179461138751765,0.05489688430979061,-0.12893645248333663,2.0681238980547016
0.06033441625461372,0.03081458010449347,-0.14355692334790768,2.1606181908692172
0.02986055782253329,0.040060541964926324,-0.13768208871587614,2.05757506598542
0.026139911232883818,0.03909374740959485,-0.13020240543235262,1.9954664524851706
0.024994646985578774,0.03601324123933483,-0.1172026700540305,1.9500674897564991
0.01709655163691724,0.04337358885985783,-0.11158148759899407,1.8860546179491078
0.03516212729302546,0.036594257060829465,-0.13033700102863366,1.994997328232256
0.039310362249498174,0.053187200500459594,-0.12531726475315969,2.0595539914053878
0.021560418962678376,0.026785249313941852,-0.1188448394693136,1.8750103690328688
0.04438795545522158,0.0397602194770135,-0.1251717707838909,1.981419126917287
0.021134760021170422,0.03338759583555102,-0.12256571650263531,1.985655712507999
0.05836511170446163,0.052898346170737603,-0.12528621491685052,1.9940547551202452
0.023719293108691048,0.04360247985153565,-0.13011820539144442,2.0000091040503323
0.02911890976758698,0.06263577722485993,-0.12278336223584854,1.9873869369916386
0.029585238258461245,0.058640576787651104,-0.12949430460717973,2.0323760224181524
0.03385711148534601,0.06280938611178866,-0.11149288266062068,1.9890913263168137
0.02303325455400057,0.05292015505610709,-0.12494883274136069,1.9800354321503026
0.024975428420523024,0.0558540970520442,-0.12616846820931976,2.0010778039856723
0.05497483596909542,0.057914557332435355,-0.1058897789169687,1.9807095238525225
0.04029545220047743,0.04583691447293501,-0.1183407845277484,1.9841215608942213
0.015754709299700024,0.07091837373691505,-0.1305858346761329,2.0530354395082573
0.03912311923800242,0.05951601230349959,-0.14478580499730287,2.2175688150954
0.017972061272788376,0.04121840112225913,-0.13531784043168596,2.020281578389822
0.0209419852234991,0.0552812649766206,-0.1254121316293911,1.9383785631678498
0.04276503455747242,0.06404577598565497,-0.1327130613353952,2.0876957738527304
0.03693602312522257,0.05409568400074784,-0.14511334307526505,2.1429953084556423
0.01866882383573224,0.04834992568250025,-0.14868126372592733,2.1505506931155054
-0.028828177549610454,0.028298538084161665,-0.1456633442545232,2.094538760003625
0.006067479477096245,0.06428423059907866,-0.15816189025777527,2.2322864701266214
0.008508127107364606,0.04040014895389596,-0.13721389192235722,2.0584711706386614
-0.01156114672153754,0.04380285299244836,-0.14475892594979012,2.171384236211434
-0.008912842589264494,0.052458616345702494,-0.1542822664123792,2.213954361840189
0.0009686378071659442,0.04817115112336668,-0.14321130211324037,2.1238873066298165
-0.010159410162529707,0.052896428136250985,-0.16309569186860143,2.310006758298286
0.02529361469269724,0.04497593956542043,-0.1406371353642195,2.1892191750372665
0.012878351754745459,0.03840769478150772,-0.1263001199574583,2.030327020913564
-0.014052771708368742,0.05577725012511069,-0.13784900616633824,2.125936123104825
0.01441962096484569,0.07473821653094356,-0.14368312340489453,2.3353218340594912
0.009504019622351253,0.0484167436899701,-0.1363713928953387,2.084693489769645
0.019803147152491388,0.07220105789841962,-0.13582417796955204,2.1995687591002597
0.043688366697152765,0.04450776514202084,-0.14072196372094575,2.166596366532202
0.03899211222335909,0.0655022839103109,-0.15784555884359427,2.312407964236165
0.0467642541154192,0.06461661302498875,-0.11520544994576756,2.0702928490633563
0.04756084536051966,0.05846422546143281,-0.13623052495987664,2.0963385639344243
0.03398501859191655,0.049581894273465675,-0.1370895417126263,2.139396761490867
0.04811200411255982,0.06075322803870461,-0.11479966610117046,2.0286609758382617
0.028423099993460352,0.05506805386061249,-0.11830455386326123,2.0252134146305707
0.03596289832777037,0.04374603343435013,-0.14204291955479206,2.1921368363663825
0.036238901102884274,0.03775695921220646,-0.13996926270367385,2.1269465065162803
0.03722114294154177,0.04815000771731282,-0.14061293030215097,2.1392665983498813
0.01774560295846683,0.049684913061630816,-0.12070920369223352,1.9358728069042357
0.046934128997642065,0.050690893233173676,-0.1415082847052664,2.124474695316568
0.025009599296251222,0.023291404901787785,-0.11935185983491073,1.8512193882898924
0.03088486818650351,0.022448545831512075,-0.13209041982951816,2.037656154487151
0.05917543174827228,0.030752924218451317,-0.15243109868840168,2.275884351705661
0.03196978502174872,0.041977816052339224,-0.14031615279164106,2.1012125702686166
0.040495083369729394,0.05399676036377492,-0.11832205863283506,2.054422653545681
0.037516218247753114,0.06881218078468161,-0.11880496793821844,2.00070043836014
0.02804933723449053,0.04627675645157324,-0.12179020910453633,2.0219471127149427
0.03313205159984762,0.018045188454310204,-0.12806274865391853,1.9750593798039298
0.05320488786454831,0.04581044571850139,-0.1286437720459707,2.0570860179953305
0.051404496506195704,0.06472400042658398,-0.1455383957181285,2.214348207421238
0.06868698551362548,0.032231168836703426,-0.13435792876068384,2.1285249360386453
0.05673397286045204,0.0588124373585618,-0.1321091354925042,2.1616222564642023
0.056440603129573025,0.058290689934051274,-0.13902005639458861,2.1663053370697645
0.037895504546019136,0.03448070026472624,-0.13037714661429495,2.058560342923588
0.04784689166712829,0.05872437773739752,-0.13228855922285884,2.1219402946084602
0.06362275504503995,0.019941139306084224,-0.13195443619989627,2.0679971586409707
0.06626308507410808,0.04134933262976074,-0.12532118143113566,2.0872948157335753
0.05551700980042143,0.002550827779815874,-0.13328700942087285,2.086146842936715
0.043963827966166845,0.04066415606575533,-0.14260186284772708,2.162202853970594
0.02579704266556159,0.04063170892795567,-0.14115589135347106,2.109586812037877
0.030721642505554758,0.05618118833531622,-0.1414274666583218,2.118141091017564
0.040396998177385304,0.05050812554878075,-0.1490545041987576,2.130990157956308
-0.005753797725142391,0.07316868844020309,-0.14167183705235925,2.1802028967552363
0.009428872447350722,0.061294031374647444,-0.14854393621434403,2.190293341761661
0.017535820804765567,0.04016214673959069,-0.1374958819509679,2.1043559153928926
0.04120616186554204,0.05213834596362053,-0.1301105759328213,2.0835234387463872
0.04634479970218771,0.060468815174427946,-0.14130612963142566,2.1701357804972523
0.04574328550271408,0.033037201224373904,-0.11431586461496282,1.9820616929669341
0.030862737715164863,0.026517725238848485,-0.13213582128250256,2.0608474354863855
0.018454649432549916,0.05891364317193413,-0.12243847185480437,1.9969254462205193
0.0499138629152953,0.04769443566796848,-0.146089077712413,2.1941050414754892
0.043087531028443045,0.0425761699732469,-0.14028104332730992,2.1105006343787904
0.05178698899424128,0.028613072171075775,-0.14613470135753756,2.138122080004505
0.04344209883454826,0.05492569896673895,-0.12980388591855477,2.124231414109232
0.03358872011902201,0.04826160612667955,-0.1353291080020507,2.009887084161755
0.02426625504566054,0.03777461934582504,-0.1378072800245042,2.067242680123789
0.03436775494590798,0.047303336310567,-0.12255423446014099,1.9691921757326107
0.02696330616772478,0.04091638193545222,-0.1456658384644066,2.0901548581870575
-0.003947817333906675,0.03987522330972631,-0.13276871146458538,2.0264775743909595
0.006411178296377289,0.05008817152844766,-0.14604096236573946,2.1526920404161802
0.035879859241995764,0.07549114155722392,-0.1305638096340756,2.1750030964681573
0.02971069385105587,0.07583133761225028,-0.12965588429803063,2.1539632188503828
0.020254820044582903,0.0549004716915538,-0.1368215720644216,2.1475382787755746
0.05388951813320092,0.07336800763999457,-0.14430669948988828,2.255313171521139
0.039203177380754774,0.06824682219998367,-0.13867722383001177,2.200041600960991
0.05300136061069226,0.059236639112001166,-0.14993450017631768,2.225339107322127
0.03153829549618645,0.07740386411262931,-0.15290960463529127,2.235284486240295
0.029140443259916538,0.06893699346777843,-0.1471466095550656,2.1739763833750976
0.03535391016216344,0.04094065166900987,-0.14858848454998735,2.2448392297161424
0.049861069708053554,0.05998301313900046,-0.12621664692729412,2.045921358007978
0.045707460496678856,0.05733006910775281,-0.13430869463128467,2.1424009796895374
0.035876376231931364,0.07491471133988631,-0.12585835758025085,2.132669572706076
0.030508660870631157,0.06696742918532159,-0.1350892548533255,2.218166691714958
0.038973331947178134,0.05760582440979858,-0.13915345558914197,2.246828042696883
0.0444945950739076,0.0816314435493555,-0.11739951587188312,2.1303613215679285
0.03980336965550264,0.03224772381860905,-0.1640701109532117,2.320034776579139
0.02227011101355904,0.06782525691706147,-0.14274344363678357,2.221376071044542
0.0009738019303178037,0.071380685928919,-0.13406333647283697,2.180993803575897
0.028313460980390708,0.055098218179955874,-0.13272963385406078,2.1980563422558594
0.023610601763520405,0.06246428975185947,-0.11696232047493452,2.1015122651979454
0.05775561857936792,0.029536440026397923,-0.11617216813750439,2.102907511583295
0.03102135288172224,0.04313871376684966,-0.08969532098561228,1.9038484029990714
0.03279989675521303,0.02277889545570499,-0.11874053203860112,1.9088284258050436
0.022558963181200525,0.049387208695399275,-0.1329439085481919,2.022783620578113
-0.03373796252554894,0.026816301120778277,-0.11607458995583568,1.9332077045130436
0.004657426169124145,0.04976379036668567,-0.11758538369122586,1.9838286249887993
0.028356718866347674,0.06054140706126767,-0.11485101086454794,1.951954971791054
0.046728170217945036,0.07961138946229272,-0.1070751097468653,2.081669161267286
0.017078887099133806,0.06364823194822394,-0.09221324982523671,1.9188376357648373
0.0337646880649176,0.05731214375612176,-0.1098351755344921,2.0429059747800062
0.027485060796952072,0.05423840258528637,-0.11612748365378896,2.0525040731273756
0.0634383770883115,0.026783851722529013,-0.11454511397752315,2.090368016252247
0.01456182309678018,0.04208024125426707,-0.11218671627157749,1.9195464584787896
0.04243761791099667,0.04962178259642034,-0.12409930716781957,2.084249192463011
0.06554643525004689,0.04955997390192964,-0.08361237972598205,1.9264643753358477
0.029752465260578106,0.049032474330165825,-0.11923678484416192,2.008873643004184
0.030394484042165965,0.050924397803764065,-0.1415309617603668,2.1557075764447142
0.04390299649404796,0.02995183186943851,-0.12459434461398797,2.0167782445270563
0.021801884212564456,0.03583892639434028,-0.11908986174719458,2.0051968944584293
0.04956015477345245,0.05954869398862107,-0.11270399610637688,2.025276659240088
0.03659781932144288,0.03473794781138228,-0.13310084722905632,2.151779751098225
0.023277856843823705,0.05828243152690222,-0.1322370181013932,2.09155112958281
0.030043333452338995,0.05071018771964517,-0.12382244614905005,2.1225084054178263
0.058101729058497295,0.048664403513247634,-0.13106926840702454,2.1440184044305015
0.05405812558877903,0.03252447216200968,-0.12788506954360562,2.1406288278140244
0.04510359029664341,0.0670596757660657,-0.12854619761372046,2.1710306166464703
0.050214175033504595,0.08857344195734414,-0.12429668541292886,2.128558836867508
0.05122801975052162,0.06830916497553506,-0.11082249926912315,2.029997881270185
0.015615587031212493,0.04442315737904643,-0.1149590016293177,2.0298531288236887
0.028003228358145567,0.05062417548612995,-0.13646461475118232,2.1113297222555754
0.031031740737081575,0.061899343298391675,-0.12289800978848454,2.1046766308011255
0.04523810495331403,0.03973107641852109,-0.11436805478510587,2.016664162236754
0.021207132873509886,0.0404859987105924,-0.12673432786473263,2.099074054277077
0.011656753983563275,0.04283218657935363,-0.12564164371584752,2.038554784747616
0.012225111804547386,0.025904844897622275,-0.12836596639423892,2.0106766057945356
0.024773456590378457,0.029887394234644378,-0.10893516534177626,2.055399397843022
0.027605902191265092,0.018069628671575095,-0.13224416582432028,2.160455219309723
0.010540453517513669,0.03717807999279972,-0.11184780602583087,1.985890044910429
0.03265866065626021,0.0294003230687276,-0.10726123817977798,1.9613328515273778
0.018372445897831297,0.029875143581333804,-0.13440980182978024,2.060886252332482
0.02927567315571326,0.04796564812625702,-0.1087309812524829,1.9183786311901936
0.05568294038938847,0.042224600910239135,-0.12908130419355904,2.134823567675611
0.04842006694028982,0.04869798118412161,-0.11840314735148269,2.0521831745012458
0.061527087379435484,0.04878946108021082,-0.12424898897969347,2.1032595899681867
0.02406273623196602,0.06339673577448861,-0.1264598901404284,2.1002515310431957
0.040254990966713367,0.05666761306411362,-0.11694875610359293,1.9500509012096834
0.026308011163895313,0.04730028534492242,-0.11948013121265029,2.0420090443641983
0.022549893379221003,0.05814939195064117,-0.12548900950505862,2.069458821361175
0.014499845546679336,0.05752482515446674,-0.14880297424257746,2.1494071679845863
-0.0034792321681360082,0.0293607654728422,-0.14665132863350575,2.109543157492702
0.03304498747949274,0.046213267688639544,-0.14741397095431835,2.1099349439164254
0.05767462662736689,0.04704289612892381,-0.16938885830535655,2.3379768894830537
0.03202511593994643,0.048476018829370734,-0.15773573114899717,2.1565774034808305
0.02867865410551353,0.03218062793236732,-0.1692774003350294,2.265736473548231
0.03655000986426393,0.04047787487908508,-0.15275159253756007,2.19916424659819
0.056332921058096626,0.022418157095715107,-0.13833288483129386,2.0607412678287504
0.035179571886517956,0.0324804353633425,-0.1286653309572235,2.001160235205003
0.056066088638562765,0.028143532966442838,-0.15885852613279436,2.18812633796258
0.04176269835695816,0.016859351946521807,-0.1558037594939728,2.1249781367975507
0.05480511967743456,0.04765500594075158,-0.12996234719751773,2.0888162177341405
0.0740675674515765,0.02876999288386863,-0.14981430087074463,2.2264224435431568
0.07171492879708846,0.04688541827296065,-0.15292097931813595,2.241855338614822
0.05746800482046231,0.021114331895653683,-0.17319593785636386,2.3166840612181687
0.04878567595662051,0.0343571568071684,-0.14893575828384206,2.186426520537719
0.049418479834516,0.01629185066858461,-0.15799430618019392,2.1606338847373654
0.046622378386638116,0.03154749307380561,-0.1492425609539897,2.1424923468544463
0.05089664506432459,0.020609388003455367,-0.1643200223221584,2.198145529187791
0.05243855022520902,0.01629951825189105,-0.17900285144221909,2.3446084477248488
0.04373588515238555,0.03156406846995764,-0.16808656846055103,2.217210690440381
0.02287298155195408,0.022939729292926224,-0.16290075799612264,2.219196713037771
0.012153272801716767,0.013819256154087266,-0.19524930063575138,2.4021694115923333
0.011530326052798353,0.01600050666966105,-0.17127220478144117,2.258358038388218
0.034890846407697004,0.024926038409198825,-0.17472691143827154,2.2474477307474565
0.019406706667709623,0.004626403579666561,-0.1730655120218784,2.1921824485810015
0.026676267319791558,0.001577789600101585,-0.14618219784765146,2.042572888370007
0.011310096619201964,0.0008601253458815747,-0.18304376870875205,2.3422921760631232
0.022986296121660626,-0.014289043367392677,-0.20026985168158348,2.493807163445682
0.03545626176660593,0.023177318274512984,-0.1739820847667955,2.2887115800212623
0.05541828051510401,0.0070609234663002755,-0.17671565686521945,2.3995580108447743
0.05394491886159476,-0.004664589645536874,-0.18098279032406184,2.4039023916332503
0.05243241346100691,0.005777869010639129,-0.16838335413978145,2.2523823705779495
0.061436707654591256,0.0028531389265225742,-0.17172550475740667,2.2816751584609802
0.06230346654411457,0.01618363276756314,-0.17176848769296976,2.312221442712883
0.047397169400856656,0.007215070112415689,-0.17537879868702663,2.3251948647377256
0.03600569831660079,0.021826399022208252,-0.16495944007848717,2.2299413176421448
0.04108348467813762,0.0037911618585310864,-0.1698376061251341,2.31455645610525
0.0358116258982569,0.001447100328855925,-0.1695636858096367,2.2866848846759984
0.03688981397715681,0.02819635720555047,-0.1832536864651743,2.361299990425181
0.011364889018347327,0.041431876851770646,-0.18046998620717425,2.3921537958949117
0.034062408062905475,0.014895892470502093,-0.18307787882632334,2.423696655542719
0.03674506052382927,0.03565857974929207,-0.1564258502376487,2.333310449690268
0.03565737844116389,0.02846336012217581,-0.16038433504348543,2.2276655698405756
0.040386103229466216,0.0203207095951843,-0.16514715194491078,2.247676232756299
0.02264183797019278,0.03533463477436739,-0.1822675199694726,2.4157316093261993
0.032755178501733616,0.010708624893818125,-0.13428778349433634,1.9769369145714535
0.011543814868825258,0.03257817889243551,-0.17380028372414535,2.2489953203611126
0.018606064905249166,0.03160522770330422,-0.17378424177196067,2.372167626874324
0.025901777222725828,0.05016247086098075,-0.16953783709019343,2.388846118756538
0.028038885985223628,0.03475639169503807,-0.1491083068893303,2.1910372033383005
0.005319663509163989,0.015901191450712986,-0.1848267206186964,2.3705829631413717
0.02196997360286058,0.014592676811913953,-0.17566386389723798,2.279343982196752
0.023824392743974382,0.01524405247481408,-0.17894944678497332,2.350573936063856
0.016191348480242455,0.002617642408125064,-0.18582280113154745,2.358458262076507
0.014915882651872641,0.01950629705992861,-0.17293518850647424,2.2509799874153744
0.012854786326784922,0.01252628813778897,-0.17433151422875423,2.340866250455588
0.03931358933018184,0.02894737441313172,-0.18316495922944576,2.4150991616738677
0.026968049627773973,0.01968350283049532,-0.17659583041139393,2.3676399769862813
0.038191367085517375,0.0022715748941163835,-0.17501932433022216,2.3840520599745805
0.058999479324688825,0.022256766657375467,-0.15590764640684668,2.341189418038738
0.04485797609588412,0.010442069152257242,-0.15094722870380642,2.1920016683700525
0.06317969958478468,0.020982178124466712,-0.14149529372867303,2.1350857738530964
0.07153404826921775,0.032433956699262155,-0.1508159361674447,2.2445771858275614
0.05531186253058482,0.001243943901719402,-0.16857030045391025,2.3047613984608173
0.03961238647071906,0.007465067125963666,-0.1389438905637077,2.1150872873949518
0.02999028356901014,0.012330744008988495,-0.14309866786423756,2.1643146773863444
0.03494251741503898,0.02361962207029107,-0.1443262890057648,2.0727282077156115
0.06901183101273724,0.027728107781933686,-0.1346087748906727,2.0988220925569414
0.030158989252960393,0.0069958772637125815,-0.1580273055987697,2.262954608592588
0.047049529176021856,0.011932209462061345,-0.1493376193974259,2.106155512285274
0.04266676811653431,0.0038284788092521737,-0.15339222953058432,2.139223986010494
0.01966394539845419,0.024783622348045067,-0.14705382561794386,2.1370095468979815
0.037803366165361535,0.030030573633248618,-0.1254980285665645,2.07496876440268
0.0698991400311903,0.017623613075014227,-0.1707586758134284,2.3447180384766746
0.026624003093050307,0.0608847208744052,-0.14837980067449652,2.1203848736526107
0.03558756217853776,0.028370834847585902,-0.13207318270232982,2.001277001154689
0.04751788170156808,0.017462441687424838,-0.15174898357725758,2.145133596083179
0.034723687067433534,0.024779879050229946,-0.1344404214905964,2.017864265667894
0.06154478620621724,0.04290678528003614,-0.14162165533370322,2.112863267080438
0.03442440548203618,0.013282116868431141,-0.11688213550437222,1.8398527722825408
0.037554102223191534,-0.0013226003683814492,-0.16153042084989822,2.229220280086269
0.03860497284669149,7.596695880012793e-05,-0.14835666250693785,2.163600535961786
0.020664778374999356,0.0073857897152934,-0.15944992568371677,2.205697935761054
0.025830860696904812,-0.009462669687879744,-0.1369330158317182,2.0008866217698906
0.03438775647470921,6.924069176428986e-05,-0.16008726701542972,2.1651962253376547
0.018839416125436662,0.017079222918179236,-0.14595707986245854,2.1156629554733914
0.03372543358426171,-0.0012589794069526384,-0.15547539204174254,2.127109725944864
0.026177145710459045,-0.0016846064801545873,-0.1521494627966908,2.070804858432418
0.017617473274382293,-0.013539501639222157,-0.1600977771532548,2.2555738706493567
0.03975673865509895,-0.03768344171473976,-0.1484085345002426,2.2111532632711497
0.02830645251574104,-0.009208718960546838,-0.15479289052238918,2.1979939761670875
0.04293070388051507,-0.03005649137826081,-0.18316555748242047,2.3814551493749065
0.022372327881990044,-0.02503133613317889,-0.19071032597367052,2.4656904979995513
0.04849817472219875,-0.00018018524010810275,-0.17639327109048378,2.4030926456562884
0.03351992959891635,0.015251003841219215,-0.16870503511121418,2.3615275290764033
0.04278195884776773,0.002562061137708515,-0.1821026345895283,2.4739435581423432
0.027533862887728296,0.01758240199793843,-0.1695689155204999,2.3606677648544587
0.03942396576836473,0.010774024778678613,-0.16441621224393355,2.305296566390462
0.0626860856960118,-0.012165669730452876,-0.16886721146765452,2.384837969478617
0.03330219731898853,0.018378511779186365,-0.15102577959679817,2.2647554553938236
0.040140481913891746,0.01662188831536864,-0.1660056743860582,2.358303293411051
0.04897510902113115,0.012186845695622636,-0.17819190870150897,2.4042713302315977
0.04801223152361758,-0.017176622713486432,-0.17633439315862062,2.4113008855147076
0.06305789314045777,-0.017556208930347955,-0.16233904663719106,2.3712628232460933
0.03410984646564694,-0.0188824941716424,-0.17064547772931862,2.3643233702682247
0.06871508176018455,0.00891291795847331,-0.14389575572319085,2.2489455466846118
0.047333517536057565,0.005749703283572383,-0.16014726428290513,2.285270591619544
0.053314716810482804,-0.020102959531438494,-0.15807154761205627,2.328374456054755
0.05697186524023574,-0.00393756363128833,-0.17522056236312086,2.4215769762863255
0.03644580772809871,0.014005542069725412,-0.15810590580345424,2.229966121295297
0.04255553641372504,0.0015913996204849174,-0.15374941390192268,2.2328885708819604
0.043367969167499985,0.005870935061608775,-0.159492721770819,2.218016123176581
0.04843251688249095,-0.007683009253226574,-0.15720302025781502,2.1558449666911574
0.03703790170018414,-0.009359811424325825,-0.15950829958697027,2.140123596637764
0.04688171184807487,0.022096868411118523,-0.14365329476148989,2.1720281293583916
0.04854503261690212,0.01591946765880366,-0.14534994993328115,2.15863160899122
0.042944110066904684,0.045601332619894096,-0.17337461641378285,2.3627711167283234
0.031710248953652306,0.0201405469559976,-0.1635966386209421,2.260454023806455
0.0318828914673619,-0.0030052231961504817,-0.15743729508667054,2.2990315602134492
0.013628503967210666,0.008548664091180765,-0.16393517217837078,2.3158161629426313
0.011797362748471764,0.00894821477917775,-0.1533801979786969,2.2771046704888285
0.010156010199733065,-8.002198100154586e-05,-0.17079878682325036,2.270873199101047
0.020124378964000076,-0.023039004543774503,-0.1479284783148796,2.2088721646987084
0.01667422055112917,-0.013765503066192609,-0.17138374168579462,2.404891882206694
0.0295712339881641,0.0006434186948436583,-0.15887075281030413,2.2692398890377574
0.019883761711235164,-0.0029895237712573896,-0.1649184676450453,2.2604187789797887
0.04527082951386451,-0.002936403494997346,-0.16736317222512828,2.325738674974751
0.05065338240543542,0.010698819874813708,-0.15974678577412327,2.331121238965431
0.010677101343808773,-0.009638864305008966,-0.16678779803819244,2.2983989281848856
0.04607003323537355,-0.015751374632165402,-0.16147079087193097,2.3175121041187126
0.03269096265349807,-0.016073128752496283,-0.1872685048893625,2.467472006660817
0.03964213201192097,-0.00949579678604217,-0.20641849878050875,2.6063159663137707
0.040796093513179865,-0.005581621597128281,-0.18577417911374597,2.5305448415893737
0.04532159319035328,-0.009554481580019097,-0.18855195498393945,2.456338562607908
0.03827104828816118,0.0038888475808873564,-0.18237855660424138,2.3637264427159037
0.04352443266282301,0.0036176737052837017,-0.17827079265541002,2.327565113186065
0.027523265819868224,-0.008077069729307104,-0.16418341080204413,2.2938640633124914
0.03219129029453037,0.001331736766345016,-0.1748778747438708,2.3277966175459497
0.034761803758258734,-0.015856082268653822,-0.18152717941627397,2.4297663432632737
0.027791587053045984,0.002418353166009762,-0.17324353238033274,2.340017494633864
0.03596714050976353,0.009206918828836501,-0.18051032968124742,2.4277934619368025
0.05389341664311211,0.004486445016084042,-0.17042916374082018,2.393752810677069
0.0311243726472815,0.002161415287385689,-0.19530038411150275,2.4922206721555202
0.04620768386180367,0.021997936191165024,-0.14622831921630633,2.1321426355938775
0.030556042965467118,0.013952498253582942,-0.15396131693340512,2.2443194448271586
0.034717598353031696,0.020463111431253785,-0.1345923798050493,2.1382749144878264
0.011799057690708315,0.002569460163530809,-0.15825356603854593,2.285953974790307
0.014181647936160575,-0.004391585811829317,-0.13934797048489778,2.1163956933275827
0.03242224494749005,0.017254896354444393,-0.14550034224776226,2.1210416627838624
0.02142359228663537,0.016007206748518396,-0.15582194735843533,2.2256721977662326
0.011651647533317665,0.018361679375604366,-0.15819314499984607,2.233310660224596
0.04077204884389372,0.0015277856782734602,-0.14935682920489707,2.2169518220710693
0.037545250797761526,0.009493873116885222,-0.1342957395240588,2.141747962018759
0.022865808019605614,-0.0004015188286272759,-0.15848262136663058,2.236668525627323
0.03802595584913746,-0.0017470576667456827,-0.16716160833309862,2.3098427318342134
0.042162289674829455,0.0001949108466122846,-0.15683762928986775,2.1970472396953244
0.046357136219276736,-0.012238636691184074,-0.14051396204506172,2.1596154200054536
0.0447167232962819,0.011131815361634146,-0.14831383007392682,2.1553648000908914
0.05229109328620592,-0.006125183863415764,-0.13965080097665725,2.1927249043806145
0.041210476924930246,-0.012101244313048331,-0.15450877760637358,2.197185474972979
0.031274594727342224,0.0016186656234944534,-0.1501768545432136,2.234265833384747
0.04989087203552756,0.010691730083614952,-0.15300906979234177,2.2300925342466016
0.03112954601467039,0.019162291048354676,-0.14077726146553415,2.1206078668811608
0.017086278449181525,0.026323882003438923,-0.14724852103111757,2.1919504871944815
0.042462919098472114,0.008279456556870571,-0.16743100821534945,2.3577843020760567
0.024369303886729487,-0.011770650538526295,-0.17056797162672785,2.400026259356561
0.02871306234275237,0.01318183163909143,-0.1420629245523629,2.160998380304737
0.03323220743867738,0.007859087671694881,-0.1772131064232969,2.4003609945425506
0.05283421588931201,0.023479209807504554,-0.15193616213235725,2.2733546882451305
0.0323584714309037,0.022644078407219194,-0.15271528649468402,2.2187934820409643
0.03574273512425523,0.05639734720472673,-0.14954179272627452,2.252373581605939
0.02435258515915239,0.03554996522457533,-0.16679660325571183,2.3693878438465896
0.05054371237994318,0.024494552196479145,-0.14628324007366628,2.236656556527469
0.018210937687320947,0.020034290788969327,-0.1544245399299477,2.286970427729113
0.010540238362110061,0.0212380236872114,-0.1424798429675412,2.0782881779103364
0.010421551355579012,0.02508284725516522,-0.12848950063442618,2.0383358855037117
0.013573096267914081,0.03354351116354509,-0.14541784269410163,2.1813798003686253
0.02550024742018765,0.008478056394551764,-0.15036637173978665,2.2513863763046382
0.018986137797712157,0.008389914262356548,-0.16177654626003501,2.225895409743476
0.0327076878028749,0.00023241604784536067,-0.15501184644016458,2.22364800344043
0.005845750695156435,0.020786152205903637,-0.144756454547078,2.288908501773113
0.030583936180300933,0.01385609407161728,-0.15473254811144713,2.2275903719627967
0.04123217947774001,0.004760394605597687,-0.14303275917966304,2.245841105863134
0.0511723862426861,0.011776080942807812,-0.16299177860280695,2.3756779971236823
0.018558343786185465,0.01033760127880517,-0.16326967601843836,2.3238654691357503
0.03502612063051398,0.02879178101481903,-0.152851088987837,2.225754632468263
0.040965083987900754,0.0339316110562002,-0.1638786930606719,2.2944515722124676
0.029571194509187056,0.0015294534699861948,-0.15974518650303857,2.265994400448436
0.028521777113945712,-0.004666665523501552,-0.15950427108300513,2.238031429996268
0.03164161001162326,0.014782677043707303,-0.15522636210357232,2.231193472881523
0.03275079848401395,0.008237601063886005,-0.17287419560451722,2.296641752137382
0.03302510409613864,0.008258301381090497,-0.1668839496938156,2.2650073247895532
0.026096797136356514,0.003987674117180424,-0.17379658734460615,2.4155998495081223
0.03712648147195572,0.02324017683524368,-0.16207582079485963,2.3208348127769214
0.033255887824365574,0.025796237090105714,-0.15770338433234063,2.284328008467709
0.034272595590642,-0.005568219897329812,-0.16743282655469394,2.3179958866977843
0.04800432534132153,-0.007850105568229931,-0.16912217893054157,2.362927727287029
0.047654377138399553,0.0003589819088651701,-0.14838345232744246,2.141755874437219
0.04126497398690457,-0.0061486572726289195,-0.16289988938506308,2.254478408928102
0.02236442018286765,-0.014916548187789187,-0.14421899253836418,2.124252363205149
0.006718752314229107,0.01545145310073164,-0.1456415658525221,2.089962321135499
0.029439076965639445,0.013593310861048667,-0.15938699787694377,2.2107486032620365
0.03967230142237777,0.0027091112942930133,-0.15439737377625198,2.1643142744121504
0.033528836547859056,0.016707880968885005,-0.1372992149036083,2.076327349179875
0.027101079712058915,-0.016921798636215866,-0.15056610239909232,2.145400279081993
0.039932850673903675,0.013488595882390209,-0.1407929281299487,2.131039420603108
0.03085733028527767,-0.005687713571579682,-0.15248119250996667,2.1883358569379205
0.014388793787256354,0.012557380236138827,-0.15304802550482208,2.200377964237197
0.032332781463289696,-0.00036610570938091206,-0.1504741933946181,2.179048299522348
0.015541540087584866,0.023585223190429043,-0.1503630714286249,2.1858604870546583
0.04099301601775975,0.016873614340929755,-0.14095499533504918,2.129773263991274
0.03445657383981244,0.025386855543199017,-0.15036466413216018,2.176950775715353
0.027432057654224188,0.023423856637380707,-0.13356343790129416,2.0218554551781156
0.0512600449969803,0.030222630920842642,-0.1361656977509202,2.150596335941619
0.036847237618057416,0.034474007128071554,-0.14585472144924855,2.1819354047175663
0.03522367911556692,0.01972182186415546,-0.13050962557104104,2.0683962673333385
0.023904073132219265,0.013433940856231834,-0.15780663567253708,2.263219261676035
0.014711225580324042,0.022659891075314614,-0.1523973290389564,2.1552945295529597
0.03081461036694352,0.025532136933224227,-0.1399318137604643,2.1423548960486047
0.03911297872789513,0.013643902267456388,-0.1272358850199175,2.178383529251699
0.007263267450168285,0.01743007988854915,-0.15004984917218392,2.19968298456083
0.04316281298944861,0.0039181681424369594,-0.15425788878382635,2.2954984016428432
0.04236227805174078,0.007332596385333862,-0.15300080937610552,2.2697127899906278
0.04530560171631502,0.038321180083919236,-0.13903205575734146,2.2208511730896405
0.035184957390918425,0.03478364271536967,-0.1493856454598985,2.2787409026519727
0.040079965457184,0.02737677577495821,-0.15606840781048342,2.2613010434595027
0.03306299292962772,0.021092810151866034,-0.1495806924961733,2.2306561253607535
0.055958222402600184,0.019447548436927666,-0.15608034930095976,2.333786388258335
0.027565346653644622,0.02696250464719159,-0.14111102387986021,2.1659983807328924
0.044758719980366776,0.02355489089028643,-0.13315274426882132,2.1704903216265894
0.033331556952944055,0.011925852507997952,-0.15080386246055943,2.235819245087099
0.051400430305822725,0.01784161303509176,-0.15132479509483293,2.168193144328434
0.05134355873227022,0.03084733110398488,-0.16397136182179353,2.327751575335669
0.05216404816403991,-0.004020742321009523,-0.1586324196979681,2.269030970285858
0.03603385143719662,0.017542298300152952,-0.15802520308979476,2.260928895960886
0.03576066717663355,0.01118903519899186,-0.1454850284136012,2.2625430997601983
0.05246259453313898,0.01239404925257883,-0.16852016755112306,2.3608762696917593
0.041201489612237484,0.017718665531855353,-0.16192356321716947,2.296880504907746
0.04890011787612502,0.017815134056700252,-0.14951893401101685,2.2649376536759043
0.029131654174038246,0.00438298841615747,-0.14640006347264825,2.095464891942042
0.0283331108907876,0.022929938943786754,-0.13692363510520467,2.060035713546798
0.008138904772754097,0.005880003414361844,-0.16599961542764324,2.2168708180530534
0.010473270261120054,0.058487660607705876,-0.15609445951518602,2.2808488469441444
0.040435459491801724,0.026308131750810995,-0.11116738905953814,1.9703543102387897
0.01774654421537228,0.019872739994402068,-0.13628363939425106,2.0975938491264783
0.015286922047133687,0.01485923666818619,-0.13118386070613836,2.0575025286172486
0.033884377283277964,0.027713480917031522,-0.13203464164786205,2.1273874505060433
0.018135179057816263,0.01977675981162375,-0.14632119290229897,2.1095369640496444
0.022066558509176944,0.0008418542835194558,-0.15303225255931607,2.1504649802047684
0.024136292933491475,0.023813075891036706,-0.13362284833915086,1.9995391887987963
0.02058981205571806,0.02332913497837157,-0.15099929374259974,2.1377547559404446
0.03815257264690645,0.040721992134623575,-0.12817437046098257,2.038110728924118
0.02842604556682598,0.007913631748189863,-0.15908396633016483,2.165430970907985
0.030551156746779624,0.017663348451088627,-0.13124212139755798,1.994702865610458
0.037746365074504,0.009583683438782754,-0.1497704811270382,2.179783718550646
0.03853711074147896,-0.0014579766973821318,-0.16739190565917847,2.2708038306149034
0.03157023778784444,-0.005770850781819243,-0.15527145433420653,2.1953843580173342
0.05227370910934996,0.01034870363469421,-0.14342459065927485,2.2344042990457584
0.04986945325223941,0.008825936396473612,-0.13567773625858626,2.034185311073246
0.015440446299076028,0.014086527087594298,-0.15517432393140573,2.118103258372459
0.024499827564860917,0.021604475598527878,-0.14073836165592563,2.1213603459800683
0.03224660899198197,0.019388569951059163,-0.13114147568829693,2.042296250462329
0.025925790209263354,0.013679567290179872,-0.14515817249925209,2.105006783303763
0.045456866277703636,0.01864591666798615,-0.11459834806651092,1.9093015594773342
0.05263641073744951,0.006767759168391985,-0.13981780135274963,2.1929711383832378
0.040947485610339895,0.0020560940950853914,-0.14606647088709956,2.1390060977940597
0.02051033823285969,-0.005927239636509242,-0.13402830577909025,2.0387641955465687
0.03332453954702689,0.0023144202131706614,-0.13075674790363628,2.0622785468610556
0.0281234892915001,0.00654543578668494,-0.1445354741374096,2.0591772714236147
0.04310365375801332,0.014331268580991902,-0.13481067228006866,2.116103011082078
0.05122045899571764,-0.0047460880333498765,-0.15339704693089257,2.238297782629064
0.040948250042764305,0.002196588826617275,-0.13624114343854446,2.0737873011981836
0.03136844743130776,0.01741691903470157,-0.1395761485927424,2.1127263699713885
0.03754137492688644,0.02789961385404907,-0.14652419251152143,2.212882417369593
0.043553955291111474,-0.005880212641489707,-0.14871453993012984,2.1768911416191923
0.01654675185403089,-0.0008676311950053115,-0.1392395297606756,2.1252441537660913
0.0436130909168797,-0.0034628509663728714,-0.15676292597428987,2.2074428602120806
0.021614143282300848,0.0213159451025786,-0.16512846588673474,2.262864277526955
0.035414074583008985,0.026397593179078194,-0.15082921287822734,2.1864328158580726
0.03826837417649714,0.015415529884179591,-0.14913552003881037,2.1586212863518397
0.017537346231774293,0.03413353739483571,-0.1307613539237969,2.0555992772140295
0.008496810385631616,0.018997414573903366,-0.15117480420809715,2.159077200363615
0.032182607612581834,-0.01391301371637257,-0.14748612802614744,2.1469978109908965
0.021494929483412004,0.0003869859086051625,-0.1669201343036605,2.2603809192645516
0.026805429884069965,0.003992686001232041,-0.15042023455601536,2.058740660143878
0.023919677835262262,0.02105032791967111,-0.13617720429203242,2.04590085838641
0.044068807843813854,0.017053790075087064,-0.1506413271626218,2.1568170335717682
0.048060000365721924,0.018129819172319275,-0.17825686083287431,2.3855587150866366
0.04745485466301398,0.03156580931990661,-0.15848125568501767,2.231212910941449
0.04234857402870996,0.011695296264293682,-0.15233930104583704,2.2171034836424344
0.01675471798827432,0.017649082739821468,-0.15065439047923157,2.1508457070930294
0.03934340428670293,0.002695764314651667,-0.14337126618407303,2.1226183628180286
0.004731928411240458,0.0077261495374443614,-0.14518183151388708,2.1316045837713653
0.020688417666246253,0.010817906366568262,-0.1645012544242794,2.196394156807567
0.023169975733659927,0.01854691173045694,-0.1536747322553986,2.151786350116402
0.03940437482399288,0.01878671437602773,-0.14858194384719903,2.1605428994358835
0.029366445574950235,0.03954129587556104,-0.1581996264281376,2.272097747910574
0.035690758390999326,0.018507655254123255,-0.17028509957995402,2.216997020996227
0.02623020391250626,0.0026318302626858144,-0.1576694892197886,2.120745776011724
0.04640506397368476,0.019390010656526152,-0.1424222992174989,1.9614200124975165
0.041916825144726846,0.01401206224971717,-0.1411539619263395,2.01066526460365
0.030789548796356175,0.028081309026833413,-0.1644802151575788,2.1707227255808568
0.04602877131468295,0.010275121209848663,-0.17088173193937273,2.220936680048347
0.03370359012491033,0.020599150196453194,-0.14546858918579697,1.9570293980171296
0.033799291082921686,0.04671717389571437,-0.1524297286583382,2.0878860048652177
0.035922992128200555,0.06581793575173243,-0.13288223164739174,1.989527270205399
0.02531420290556969,0.03446149640174498,-0.13872753876546132,1.8931365660679438
0.03135297278717264,0.017683667673744623,-0.12055270495875688,1.7444351388561434
0.04001767271423317,0.0348658818733163,-0.11836083794886267,1.9250557889864857
0.03935983971722508,0.023899139181103705,-0.1444516475526989,2.059958187333343
0.03679624263273035,0.035120613795517834,-0.1423605698856673,2.0468515258762667
0.035631246407963744,0.037581173729059225,-0.1734361369146572,2.348641398086771
0.021817800508376676,0.04815516271439232,-0.15938688444027227,2.192961096720615
0.05106773721198267,0.017169904627231572,-0.16966141487774825,2.3117932203567073
0.04525205923938532,0.04657032477425311,-0.1563671432306525,2.2156179956278645
0.005886386096532762,0.057512476440518476,-0.1521897627653126,2.1355602929785995
0.030426158907674198,-0.017869742529283503,-0.15938473471363457,2.159227040469001
0.04042275325915307,0.02873326751963636,-0.1607575322627788,2.1907489196900163
0.0641471834861735,0.014254182040708125,-0.135525038074853,2.115361377040599
0.028302457126058608,0.044752602308575966,-0.14009224525411657,2.1042459489545924
0.04606855749023284,0.03841274301301826,-0.1473676088388577,2.1311961281527454
0.03664260290741716,0.04287737677325955,-0.14482782363894198,2.1572028322123984
0.043710376837858216,0.04509689432503641,-0.1425040504953585,2.2050618118723926
0.061495125745515314,0.017805182942770826,-0.15458909520361636,2.2709650386762195
0.043408960328617865,0.017757914452939588,-0.15943018189777455,2.1980106622962894
0.017679158740391207,0.04022025047764976,-0.15005498747805113,2.135916741494726
0.03127698492470059,0.027014533352226,-0.1475044759540257,2.1151979815573467
0.025165748424764357,0.030097464282546674,-0.15774841438928888,2.0788250631198206
0.05742747870814904,0.021725793603906078,-0.15188794332679026,2.1522438871460534
0.05391736014453057,0.012305180783844846,-0.16487549598062196,2.210541516290143
0.04528371589216258,0.025559476624496084,-0.15061514216678873,2.108138941690712
0.048703646025208394,0.038778902752151415,-0.15200178953234583,2.0986575046403995
0.05330150605960131,0.0022859128139505404,-0.17080452146429934,2.283624402476529
0.05146982918829661,0.039210502180780434,-0.14052170067152278,2.041395090147371
0.011079096652277293,0.02599616609240598,-0.165635986518886,2.126769519677706
0.049354906583466855,0.03648720821841131,-0.1454326576204249,2.1036053086651436
0.034305329920610896,0.03336054775330177,-0.1382159973783806,2.055470987043277
0.036676336979399524,0.02024914569360293,-0.1578607776760618,2.159045871697424
0.04545944318342511,0.032951820902401785,-0.15129057584507946,2.110403802931684
0.0346901889831151,0.03827876762504242,-0.14853102920977534,2.0870251290688633
0.014463585479678546,0.026537860529343923,-0.14076520223734423,1.9663504478679275
0.03720305434136357,0.02488491631047349,-0.14542271317144229,2.0549074327319983
0.017932001796821546,-0.008715199231974882,-0.15490524664708472,2.029423768289193
0.028718336193946904,0.008250406785828966,-0.15630149878548785,2.054502420756491
0.037394528015479066,0.014046060215595315,-0.16703720492240076,2.198612169971119
0.029848426527548197,0.003185084239360115,-0.15734185244533191,2.086640637187527
0.0369663102215424,0.006112065743741093,-0.1697025420261718,2.2421914197024932
0.06826465668983979,0.03764471245221731,-0.1655803122667134,2.298079146593935
0.04185002970486299,0.022603844138840336,-0.1422641341071102,2.098412290197617
0.05715756119174853,0.04070835209142315,-0.1321729280192723,2.032627358763467
0.05503810169463714,0.03627813187093453,-0.1381023616762449,2.035848180275806
0.02332341800910491,0.04469288589366593,-0.1307660614118794,1.9746690731578984
0.024420246697342676,0.03863603534364563,-0.13771456166482074,1.9993985319003174
0.03160816489061752,0.04069658688901196,-0.14942704000805077,2.107857520465118
0.016450739225402702,0.06548923446857786,-0.12153420329483108,1.8795540377674478
0.030857725082600887,0.0387495961182758,-0.10472251707205317,1.7909450458663838
0.017264211111877956,0.05049310674522643,-0.10491692224485653,1.883491793517663
0.027873144610417528,0.07323254999010789,-0.12822846324234388,2.081577174524763
0.029130752250643977,0.03230523264382619,-0.12925470590401525,1.9490388621393089
0.05458067425147444,0.06212160738191175,-0.14891242270783045,2.201101875023702
0.050241115645192604,0.04442850974660439,-0.13389180182822383,2.072895410169912
0.04850900300278176,0.02535597932541181,-0.14634515209306348,2.074178451422945
0.039007505698932944,0.07353542720243304,-0.14086466051522176,2.1579728888633283
0.060283818799176145,0.045347582370166735,-0.15584635957390927,2.187619702057371
0.041832585857943895,0.029937840992649945,-0.13184711051755216,1.9817369443872757
0.047761307322257925,0.042242217150950556,-0.12166905257576402,2.036841918798093
0.045754109424596824,0.04293248973171016,-0.13253037107701102,2.060888232336958
0.042118482213774455,0.03460416930543422,-0.1460726284296736,2.1574733783350255
0.04674117386960442,0.06085497252322909,-0.14388789701166382,2.24672202752905
0.06573921165192305,0.028971438740016918,-0.13120498785572074,2.171514982873162
0.06279286448353126,0.05756632216983572,-0.13969707867097358,2.2378938881171195
0.0653094213392727,0.03400580120999813,-0.1422290726079573,2.272847584027017
0.06297514110337976,0.036870536046920824,-0.15493784050565393,2.336675667662815
0.07852601231748037,0.04867402406399796,-0.12110727079816307,2.100382047879424
0.05528417042662532,0.06047018890627539,-0.1358386274256651,2.070712337093246
0.04669545159421437,0.04491409017400717,-0.13530410033191195,2.008319269333841
0.07010347782990836,0.0522241841053701,-0.12154058853638286,1.9571417593039822
0.04058817148762208,0.06748113508837152,-0.1280696178653616,2.061547501498978
0.06716105685617424,0.03210525051304572,-0.14781794394043676,2.138457498769003
0.06012431147362637,0.030011532160719282,-0.1374489713841063,2.0306050842162335
0.05629234089152745,0.03554041389629485,-0.14899109044363293,2.076157484822893
0.0691401727834541,0.03539060012693713,-0.13839362941668745,2.0373896726631293
0.07199070519838291,0.04362036994884004,-0.1453727219969786,2.1224579985372367
0.05799955246230547,0.05074790381271582,-0.13079784037018788,2.0847871503494146
0.05575644965394489,0.05336989322804567,-0.13969481185813232,2.102038298090741
0.05473192899097837,0.04252152512422052,-0.13959588108363172,2.0280733717403754
0.0599522784055256,0.051479990452765134,-0.12228376632170088,2.0080605456598692
0.04916230579485191,0.038019853994393414,-0.13102340300398646,2.044648200172851
0.04652265820319991,0.07081818227418427,-0.14408469215003455,2.2279753749620848
0.047848696843278596,0.04537129311438819,-0.14935806527692483,2.2726492930775377
0.05767492481157939,0.047396712521606474,-0.1183848591812887,2.0457197965644
0.048644576497989284,0.046819721389982145,-0.11866645495280345,1.996201665909193
0.06083506260965906,0.05677047217319011,-0.12019472513404478,2.0073327589631482
0.060675621532099926,0.049768228074923225,-0.14437304670961526,2.1431150832299934
0.05801562688591064,0.04579157891120626,-0.13183764247243573,2.080057725299817
0.052969201572638736,0.04177606545849809,-0.13829579087384214,2.0226822670073354
0.06635399333770518,0.040167365132046946,-0.13984798754428227,2.1421150574817815
0.047886450683241225,0.06380887780140419,-0.12939603852513754,2.0881650942134504
0.06097599980008022,0.06855101976810318,-0.1269478067088772,2.113356536692347
0.05566611035821216,0.039871115742902474,-0.12699982358310877,2.082866676530391
0.07715273507786675,0.06991047971375383,-0.14218076960223233,2.296319811594668
0.038413606564623184,0.060600432117157495,-0.1267158611873748,2.152723171688206
0.07829220613829972,0.025132333182541978,-0.11225822362134259,2.0433598797453825
0.07564408630994567,0.07529222876630925,-0.11894135809378027,2.202290106644861
0.06134128916138074,0.031905736223347095,-0.13576999766530382,2.162417388444907
0.04446381804289943,0.06196910439199852,-0.11268306590529475,2.0295748627245573
0.06341475091372327,0.04667699069467805,-0.13767914847993426,2.1360799231537646
0.0859870434188042,0.03497878460942161,-0.14704589869475523,2.2837825304132147
0.0730730564394613,0.05431878230113838,-0.1257375273043449,2.179474214709486
0.09224803937937164,0.038901398702590746,-0.12823194323338066,2.1643502389035723
0.056699414707334805,0.04308516777705618,-0.13198116984440436,2.100113192885062
0.06211382377543955,0.04984211200689423,-0.13415730349123053,2.216623715979931
0.06516261231950622,0.039371582625152744,-0.13490842195863886,2.0895627315606085
0.06493597947897589,0.0343002444888599,-0.1417576399753876,2.200606201339466
0.06830248498532306,0.03572060333447381,-0.1238961403768097,2.1025498203573547
0.05885016148708299,0.04644909677233801,-0.15249554232095328,2.2285314839579624
0.055479723081202074,0.05178288140473577,-0.16435197982904118,2.3248561691881497
0.04644445789593861,0.05202618388413417,-0.13622951802801503,2.19307516380716
0.0471438465102715,0.05898595884096073,-0.14212831542386017,2.2066280928090984
0.04956787914605963,0.03765252256791821,-0.13796820399846316,2.155080866309849
0.05534022492530519,0.05282448568156437,-0.142424111668725,2.2540537391092683
0.04172519760315692,0.04572193039787432,-0.1517283493404084,2.2260146357328785
0.05788499478050302,0.06997742849673973,-0.15198800207891583,2.3916674181168758
0.062075484703983004,0.07356097001119472,-0.1381688988903706,2.299680348717777
0.044936382233100314,0.04387016448518849,-0.13460003452135713,2.2120357584121684
0.03805284343119777,0.039916285942858905,-0.14549225376218486,2.218726520350903
0.04960338845220633,0.05490507182943686,-0.16246329696323963,2.300193905036321
0.06303556694494662,0.048654614874119796,-0.14251697037754224,2.2247020652117437
0.06481867823622682,0.039563945063996867,-0.15074061251424153,2.2830992486757387
0.06942212184222746,0.04116739461359705,-0.13165302284811556,2.1996722632328494
0.06502760569520329,0.010249503628772695,-0.13611627660170422,2.0973630906077005
0.042237862259615885,0.053293057752242703,-0.13217507582535581,2.140983955017527
0.06253376849444198,0.03721574972852284,-0.1215004328679932,2.1124335349150094
0.042615857306129934,0.05606813950337576,-0.1052981784362506,2.0376163668282934
0.05648966627433073,0.032144444991888795,-0.13833770369115428,2.218358723775072
0.0468892949531236,0.04357050264749888,-0.135139370916428,2.1440108651914547
0.05649299669595281,0.03723600102989176,-0.13597065294975302,2.1249954795856545
0.06340103686644555,0.05222498165332066,-0.14209118047226998,2.2700351086357595
0.04748900657126938,0.054763200959624024,-0.12829829305060442,2.1122946925439625
0.04466067540427597,0.05670426897656129,-0.1358745150421103,2.1534319732580522
0.06585111528775664,0.037204153691120775,-0.13143900948090936,2.1441607760848953
0.055834437707341006,0.032789018846056214,-0.1326754088795244,2.1244952530804775
0.06928539796645578,0.04594837421962401,-0.12814126520287733,2.2045987029647134
0.0632775983015871,0.02831491115780467,-0.1226567149593412,2.084141403636103
0.09136021707111261,0.02445478035364177,-0.1338444646821927,2.2489280377137173
0.06429704077141189,0.05062488291116311,-0.13796605196165748,2.206720351285474
0.027051458413746232,0.019617825488961953,-0.15058302157791606,2.230846881209979
0.037863261454557325,0.03523659469533199,-0.13495813883840835,2.144400006916238
0.037485836993960346,0.038848106559405855,-0.1538141964319569,2.329982076436679
0.06388021769556299,0.03402560920251617,-0.1279143666775521,2.1598153239269156
0.060179019933767536,0.035073362228060026,-0.14678810448713334,2.2183860126725543
0.05783106695994669,0.023897591869467435,-0.13569802265096437,2.1675352470972142
0.04515702235114448,0.014925846671959928,-0.13959179899212093,2.060979083613747
0.04836283084960454,0.0400782604982287,-0.11544104216573083,1.9815029521038383
0.0576296631688245,0.03729017896455486,-0.13015071275791373,2.138109463007484
0.052045633933952326,0.02233614854264073,-0.12738083214018775,2.1022091491302293
0.0379719821388265,0.03695047181746791,-0.1295567912126235,2.0591663500426978
0.058303369606371606,0.02162645937209372,-0.13261034674562253,2.1117859668850274
0.06659577020097576,0.035986693230316565,-0.12503375846242287,2.1119227738289483
0.07851910398888463,0.025836763825555886,-0.13236413286442097,2.2458266739534993
0.0743260290889515,0.054959559374876926,-0.11750940575587715,2.1207511613314596
0.07078235255914885,0.018498602786852537,-0.12552388106013587,2.153990362015877
0.07419293306977429,0.01641953297027717,-0.12871853228385005,2.1925914370916786
0.05758690977489445,0.04747853842120748,-0.12689995226722228,2.072883753430582
0.0937676742939774,0.036266740507586916,-0.1331792310939948,2.2298932930956186
0.05388243635895986,0.03633811734824916,-0.12254877960898783,2.049362466345446
0.05688964773159613,0.03828047329366935,-0.1356482041845925,2.063311720090642
0.052059284195689066,0.04223588140325812,-0.12939938200430204,2.06290022128126
0.07619720132086152,0.05159481961130789,-0.08562652161015394,1.9195101664039607
0.05961927064421877,0.008325375674215553,-0.11886593380866457,2.0238076799702083
0.07071717517835387,0.009879079699496385,-0.10859704110889298,1.8629235973943197
0.07329161756836108,0.014222371588863646,-0.10461272585567791,1.8822859205104385
0.06596784982871211,0.03434897031789973,-0.12262401225314172,1.9840798424199466
0.06289236142751638,0.04337612330283578,-0.11398067556204211,1.9539549388021844
0.060495688349516664,0.05232908489310794,-0.10738294245244116,1.8548244921075026
0.07628605342420682,0.06530808454223942,-0.10369757407460335,1.9982434612198476
0.052466017556012164,0.03314093878576176,-0.11114868831823749,1.8122283902800111
0.09803458232281498,0.04301968533289386,-0.10118904394847444,1.944920598923437
0.07539830446410517,0.0377986279499541,-0.11313566665963486,1.9561250085273212
0.08525009204568106,0.059871277618810594,-0.12384037796071469,2.0785121864132665
0.08134683421777779,0.038790845763089825,-0.11111161949154168,2.01288172424074
0.07812072034865096,0.010782855012346482,-0.1106863130007209,1.961151140838127
0.07470076356964224,0.022389954836801375,-0.13330852146470704,2.143655667415506
0.08385010715221829,0.020109857232107252,-0.1334308820776957,2.153837933413551
0.0720947342801886,0.04361073539081946,-0.12901333814082486,2.090729697202877
0.07830327378044771,0.05261568066098285,-0.13998081956757655,2.2088035550115186
0.08930675290062433,0.04158709828535264,-0.1158193185371284,2.0726257153927485
0.08376975951435199,0.0601068886470751,-0.12417710656346523,2.1054105228570332
0.10455303356426851,0.03554948726245473,-0.12659913057778155,2.176128842469888
0.07443248395626431,0.02395778264814138,-0.12017555095781594,2.0253314948473586
0.09391059423188483,0.036413215616144815,-0.14145349628446227,2.3756615206949068
0.07547881703688705,0.02959521450368535,-0.09961558382597326,1.92354413150025
0.08967054399049311,0.03255583045140174,-0.12043919950621086,2.1552598670041836
0.10111198956423632,0.04992165674900109,-0.1271337405455171,2.207223244596383
0.06996860558587424,0.046654244735120205,-0.12961725848425806,2.1337294082250677
0.09407033206877496,0.013965810093920158,-0.12342755577263602,2.1641049021527996
0.05029635978150115,0.060049792068535196,-0.11850130801731636,2.044588375654284
0.08628366430681364,0.057011862728539135,-0.11339659879017606,2.080401109743846
0.07825665668337826,0.06572121064311555,-0.11431329034786804,2.174400275064441
0.08143634526027578,0.054501057287090676,-0.11670290266673611,2.0538235294424125
0.0837642675812654,0.07593498731578166,-0.1259760007276965,2.2510279139961717
0.08292356522475922,0.028171711691181427,-0.13336835357268031,2.1276846467032846
0.0839902105331688,0.03719131782727969,-0.1218497133851324,2.126954589735482
0.0872562053644598,0.0645816629301999,-0.11264834857529939,2.065549814712082
0.08428240151663978,0.04908616504318347,-0.1158658571771389,2.0645678230711146
0.08610497616412341,0.0450500990563225,-0.1319583461692209,2.1858373915148386
0.07957343205471396,0.045322673489717503,-0.10501313570644204,1.9237213089398226
0.07859061841138171,0.04771562109091708,-0.11103106023069352,2.006119873666505
0.09306503454552385,0.039797667598994654,-0.11886536678516217,2.072763107373471
0.07390058931192797,0.03399520421521203,-0.10654957850074087,1.9735474013537713
0.1095789831890945,0.06214611495883911,-0.11046255358853738,2.135883520412436
0.09299743618125238,0.05970557376175258,-0.09416514732386908,1.958567319360193
0.08216279359663323,0.04643950741181749,-0.09896540926992153,1.8735940174699897
0.11081551540247346,0.035827295886561215,-0.10400004776627715,2.0513381224606277
0.09147006242739728,0.041389469399587986,-0.11287237091963861,1.9595513408802367
0.08174939365022404,0.058208400749891025,-0.11753663325099777,2.0152782136350598
0.1013433939940732,0.07600462256055403,-0.11893468915886042,2.2054236082216563
0.07841257457868163,0.04753663769065567,-0.11110452499899366,2.0045893947217532
0.08352161840849008,0.04821083237504818,-0.11640141763927499,2.014217906343274
0.08317635410501156,0.05112179531261895,-0.10747599636441194,1.9815179295027836
0.09157540060741845,0.05542682254124393,-0.0993339090812571,2.0172881343357134
0.05103409871056184,0.048480986780920964,-0.10880019541377478,1.948279400829686
0.07380705894771672,0.05506879549070257,-0.1302933219605549,2.0866788533762284
0.05461930729549598,0.06760792678648436,-0.0915059151460471,1.8977629330132533
0.08244010908386505,0.04852142905809956,-0.10525256151868263,2.0803956827057104
0.05972551779957454,0.08912350436028466,-0.11877399034391538,2.2540633684773863
0.04401130395353394,0.02863340907003339,-0.11006604998323725,1.968648987427596
0.029737362252178323,0.032456477217457855,-0.10815059717665704,1.8589623972853804
0.04658314173433814,0.07725324923768213,-0.09978939535672736,1.9979044954472667
0.060121365006771836,0.054150519262730804,-0.09567521207487467,2.004630506744929
0.03473895879334443,0.04249904529960907,-0.09466458581405385,1.8188865565418701
0.06695214047847262,0.0424088011203662,-0.11352436684114536,1.9606343906763517
0.04448556673823704,0.04896931871725945,-0.11265557979496509,1.9793532456743022
0.047877744455000676,0.07227026077621095,-0.1136585863005536,2.0222073741799638
0.0416812306163792,0.04507091646661517,-0.10482480753103426,1.9668602114636888
0.03242127875256548,0.06504178771041678,-0.14351081015033593,2.2071277101816382
0.0600737614191886,0.06452697520574721,-0.13243028259650663,2.1435988421807917
0.05832383062426155,0.05854613112316026,-0.11800397309077763,2.029506946887375
0.06546426025215897,0.055798879710910826,-0.13349374666322109,2.142742220922382
0.06713902345986049,0.05350831538849066,-0.13414483515910064,2.147780593647232
0.03945857258795757,0.04960259888827317,-0.1106256130947752,1.9819730792432062
0.03941921589655951,0.063556137778331,-0.12621368509889258,2.098958311150005
0.05922803810829243,0.041007005885928635,-0.13867573147168308,2.1824411249384466
0.08297926556104042,0.0406666093701362,-0.13393848958902882,2.1459741130036796
0.06107630206567421,0.03348430285205102,-0.14469741494232688,2.225201620626208
0.04926959791475224,0.04205525206443705,-0.13017938384208544,2.118108280779898
0.0711947960398985,0.0495974810684986,-0.12244594000877038,2.1415222717004614
0.07058268585668293,0.0438079784416826,-0.12730303506024307,2.212701536410959
0.0551678787291068,0.042464003117073566,-0.12896561120311645,2.115783819554808
0.07269494600723811,0.04691953701741632,-0.12382976250140096,2.14170268767123
0.07686741534434036,0.04383546408921708,-0.1240436452115343,2.1342274731758493
0.0574208398513771,0.01761445686292724,-0.13264305173670324,2.1761459786357227
0.09518087139183265,0.026404861609210864,-0.13276224106836243,2.2637347151315805
0.028481826547528396,0.021975377370243892,-0.1247375916489601,2.021715435837855
0.09653974991658897,0.03780015055952885,-0.13173413732854092,2.2158757063792622
0.07296082217549581,0.04778581349432614,-0.1421862323882534,2.2313224755328873
0.07309177768453476,0.051336895688373456,-0.14059010965011343,2.2209654578530635
0.05886365671474504,0.04810961335791769,-0.12965447885019335,2.0379275954305984
0.04950682817059655,0.05519418428653944,-0.13625909203832198,2.1031363937166483
0.11025062432230093,0.02477411958697743,-0.13764153972349286,2.2524495152433546
0.059318666190001854,0.0544189812675164,-0.14394767580788742,2.1666253230458015
0.05094035390321897,0.05352858500505877,-0.13063097368646814,2.1215077771601902
0.04773940223620996,0.043133936581286406,-0.1256577261128657,1.9956573645715048
0.0646067797076039,0.04856508081604875,-0.12234055664062164,1.9444518030018367
0.07528109911304637,0.05271809724292236,-0.10690918271744793,1.9369387944407845
0.06565475926552768,0.05063980259677187,-0.11434172263800199,1.9686898846333405
0.055714237952461415,0.04561137086538078,-0.10611570257224343,1.8713014398411132
0.08901457398745961,0.07867893374982757,-0.11529563044057445,2.1275272400245293
0.07315841291392064,0.05960872219007535,-0.09994359189312482,1.9139323235329906
0.08142123369072297,0.03757181622915311,-0.11819893147602356,2.0251926971363345
0.09207339205108465,0.04549130166434365,-0.12211116209133013,2.141402191198853
0.08130132487863616,0.023637167617896453,-0.1409551627586975,2.193777084665942
0.08408202392913336,0.056672906993660455,-0.12741067740935264,2.1444437597179022
0.07957326646281228,0.029069254313598025,-0.12182140265567847,2.0606631459141043
0.10130509705841124,0.03447335496602319,-0.1553902779169104,2.4188678912125448
0.0748621454128947,0.04999721027497855,-0.15558838249379317,2.2051774791184404
0.07519323086436235,0.020745408423184633,-0.12450549764087063,1.9556767453426793
0.0771438045483099,0.03933113896607071,-0.14043233368879715,2.0484770608862304
0.04980794921902382,0.03442779043138392,-0.11873266762696986,1.899253602062569
0.08911791429561156,0.038480808088154544,-0.12227653373456478,1.9904662882362365
0.052287610665729,0.05204910118109813,-0.11934329994040035,1.8968645323850375
0.035291324420166054,0.03538602277851578,-0.10751435138665617,1.754312058409846
0.059321263655360355,0.045758834084578044,-0.12420477100769686,1.9303364472492932
0.045200309917752944,0.06322579688210202,-0.09488753548365196,1.7861459067269505
0.0456793527599867,0.04784518121555438,-0.12030587423655566,1.8367469975748387
0.060542965742517184,0.036209398980778656,-0.1083178108058991,1.9050072270792466
0.031041986604790996,0.011417962460455426,-0.11767865100816535,1.7229021795392891
0.04414907958552286,0.04132447310579113,-0.10165487626892489,1.7374889969922014
0.07265087000855912,0.03387211543755484,-0.10843497291856398,1.8351880810498713
0.0634829351033457,0.05370715867022643,-0.08815914974781935,1.7029707516897103
0.09732793966147055,0.04481850318322061,-0.109944168367723,1.9777940267200238
0.06467032253524932,0.04081717120363569,-0.09531003868954663,1.753668702166678
0.06281391226016209,0.034599595442334395,-0.11539479317844252,1.8449963484781993
0.08747087790211429,0.04820690861878118,-0.10157228035949144,1.8959670300326006
0.03974193235424632,0.03408756300467626,-0.09778782348880752,1.7521427196527493
0.07473901965050377,0.040331012999248426,-0.11755516659809519,1.9194450286552158
0.0615672095297989,0.03655965873460233,-0.09504357980910101,1.7102190170681462
0.07389539587528803,0.023434644509371504,-0.10639569686256711,1.8453161710885044
0.07880110121272184,0.030940305711043795,-0.11049160803196603,1.8958911473185642
0.07917835067249937,0.038124627167002934,-0.10951246686418487,1.8431147153742347
0.07529275662462476,0.021446396988564483,-0.09964777078819559,1.8206396024300946
0.06662886845194055,0.027760851237239755,-0.11308400210884696,1.837980698257545
0.0589776826377615,0.02513044972450284,-0.09370175654914789,1.7310886065518742
0.06425743214143226,0.022459402728347726,-0.09892857994286416,1.7514626831347877
0.059975041265591375,0.05078455808475152,-0.083653018751379,1.727489316592215
0.05335994228911828,0.06260517243292402,-0.06252649448746712,1.6560271113728087
0.018523880704796405,0.05716874026045819,-0.10538117533511424,1.8384361408257208
0.02947295891413163,0.047566274601435525,-0.0856932880227031,1.6755575607472541
0.0291725264821802,0.040646417161131744,-0.09333119724086607,1.661728536378787
0.02491287428295607,0.05204039281416356,-0.07616934166838009,1.6146318621778706
0.03628174859039523,0.0564577561910333,-0.10022324778655567,1.8699129058730233
0.04932488247135055,0.06636790436016297,-0.07054169909697446,1.7626883730600178
0.03219008467412453,0.04264782523868153,-0.08166750812406476,1.653585464876988
0.046564233745166335,0.0399435405624358,-0.09409273092432541,1.8184857615167018
0.043618222171791864,0.05920982437324917,-0.08795534081557801,1.8396791799617134
0.03742860976053936,0.04346704525425044,-0.07557218157085041,1.711463894318119
0.057860506552243375,0.05107276218254394,-0.09572530943901228,1.9384404832686795
0.0238660158755146,0.04955729991550219,-0.112042315356094,1.9102159308828732
0.05487332256612163,0.0587164085108687,-0.08443435239566292,1.9110794717023065
0.04705335435459255,0.027918704414004476,-0.10701447924878903,1.8502779297871783
0.04370636953071132,0.04132545584997944,-0.09507631812281409,1.8383908828733233
0.023090169307183443,0.049603320316196034,-0.1122330635676432,1.9331056069004713
0.03964749900588143,0.05108679405592042,-0.10972068781748648,1.9368362634701206
0.0765149262020158,0.03759433436890822,-0.12547309932350262,2.0862353636444047
0.0648087389982498,0.044937285496049396,-0.09197185941704557,1.824681611843653
0.051685596511858826,0.04099878968707665,-0.10787284856204617,1.860901019119081
0.05457929139714835,0.06524145029690295,-0.08992797744171004,1.8235643677740352
0.05799126457403697,0.0456526310986462,-0.11005348966875533,1.8506612645782081
0.040202866934481676,0.054248154662684435,-0.07920810819611543,1.6666608270097654
0.036272377884277195,0.06108489200077702,-0.08915507785410563,1.7251327721144958
0.03563683394824074,0.015563325835606252,-0.08253376984084093,1.5938823576723553
0.06025039067471226,0.05141784768596157,-0.08533926144816563,1.7356936228580144
0.038387941418084694,0.031151979407476285,-0.1104635887394086,1.7368981170111488
0.0472495880078971,0.04994564640634338,-0.08034380757238756,1.6483384062281685
0.030838122296209334,0.03340389321335418,-0.08684153746719368,1.5754237875921528
0.03461759390814327,0.0589099437148062,-0.09839824393326659,1.7913726610218308
0.06116971011071125,0.05152822389113175,-0.09201749193708089,1.7685035568181326
0.03871481116205065,0.031363329347977024,-0.07974562018971078,1.59682235440696
0.04309778916739337,0.03858016438863939,-0.06451882173009248,1.5895039391534194
0.05940711891916352,0.01669558546536215,-0.07171481847549582,1.5906071096275716
0.040415717014821495,0.018154122580986712,-0.07962411801964409,1.5742248805214587
0.0680438105057797,0.04174093049484719,-0.08797709548991176,1.7156133420378539
0.04445150824437655,0.05825906579085554,-0.09299814359787299,1.7319551991395779
0.043525319008283624,0.031833203942105266,-0.06945929195546698,1.5464676933398958
0.04767029198107993,0.03525592131428231,-0.07847299988991152,1.636469053591202
0.042547202775411096,0.029337155792093082,-0.08351145877238815,1.6056319531774164
0.05549923298264851,0.03088595298638169,-0.08142481389294266,1.6856329476297638
0.03593404211665638,0.03905140042973621,-0.09442379614973187,1.6495514804862894
0.031598229467150345,0.06619855756083982,-0.08296029798363697,1.6702343103568544
0.03069068456032216,0.042278725688779245,-0.08343178896879094,1.587155396613291
0.06159492781433741,0.04050656311392909,-0.08735844560865975,1.657819565382247
0.06463122572861815,0.05388592584251906,-0.08739319114668094,1.7747761975809349
0.0654039630194796,0.04733694751238519,-0.08866774399601694,1.7503915923622693
0.06271829855775504,0.02927677630095075,-0.09675387511082158,1.7742664540884359
0.0721831214290158,0.05406978130444792,-0.09530338485675881,1.8552302489326833
0.05310307401608935,0.03675590314057414,-0.0778263155759834,1.7044139878703473
0.04938910209711386,0.04487534199178246,-0.09110314611954579,1.6769905869363804
0.05377375845725859,0.016287444792163187,-0.09694816907925514,1.7082863655810778
0.06534999446260947,0.028945557160160538,-0.08108480520836128,1.685973845715449
0.061550016958869996,0.05200746577997541,-0.09922906145412418,1.788620800405974
0.04763378549854378,0.027153905989902315,-0.09748493378657047,1.7131069086105597
0.06537676654130886,0.019278476525703536,-0.08890324301116229,1.6953121485040459
0.052837204313577926,0.009349723865354117,-0.10297485747289803,1.6971301570898567
0.04364341216913081,0.03695059275569049,-0.10215964236677127,1.727801702911375
0.060689237319249086,0.018354265669462362,-0.10544728193435596,1.7664588347197154
0.05380007613071722,0.04257770175923353,-0.09424727563448265,1.7050905697319356
0.0555946849453796,0.017712635672889204,-0.09747451371641357,1.7460320326625205
0.0393537552045915,0.03204992453514247,-0.10064672110948616,1.6944367816153798
0.013192899395328651,0.01922980732593189,-0.10863521797720493,1.6980887769909163
0.02708095681131385,0.03194098446633471,-0.07768903168472782,1.6110402103053114
0.0522863602997213,0.014072025713267503,-0.0982618896429971,1.6733684087481226
0.023905442987467513,0.024334605409282853,-0.08908432982570126,1.563311407698721
0.04662488307363979,0.03251777020746553,-0.08224850437733291,1.6297619969065549
0.023353432303341037,0.036772875920961685,-0.09498744561845,1.648267117893498
0.04970561635594857,0.03057758364359007,-0.10940581464827899,1.8253378965069798
0.04282823726574331,0.01870133517112059,-0.09814804896837366,1.632082000162668
0.044186685210569454,0.037095126243991604,-0.08653248280151873,1.6476805706842672
0.03688178041788457,0.056895035052373415,-0.1090159913543516,1.7931906658924563
0.033116097469088196,0.02286729496868514,-0.10669649299718502,1.6816047131807246
0.03842770271855678,0.0164852944721367,-0.09511941405020279,1.6647715119641735
0.041609481907332546,0.01823202791143776,-0.08746792992145654,1.650787263919888
0.057201264437950705,0.03176836078414355,-0.08554049852254218,1.6773328631331748
0.0229054491853906,0.029312107750831807,-0.0691326697771486,1.5444003077651285
0.009982641809949278,0.01018228508242805,-0.0635146303111896,1.4026331736306357
0.026617383409733866,0.042168736573444346,-0.0864584037130426,1.6365676534211508
0.029738408235135835,0.029300576505030457,-0.09038420547639242,1.5975235294516676
0.037723004315747946,0.026341531804654424,-0.08000579145919724,1.5766841840393448
0.048602650023982244,0.03445900962805079,-0.08127773172091851,1.6013850581046676
0.01703224772150212,0.032523781194216915,-0.09170570957681617,1.572638015765149
0.052278758235245595,0.030024650885112924,-0.08998815428800225,1.658676820568628
0.02814247493862565,0.018307060258601862,-0.10989537495637473,1.6881974685941106
0.0379530114018699,0.04022358362227448,-0.0854887858593897,1.6826064091242237
0.0038911437912445964,0.02907830659045403,-0.08654340753150656,1.5492407145505591
0.04899649079701663,0.04896520386878789,-0.08518323582691818,1.6834556143501116
0.015559693427303319,0.055864956316470656,-0.08654808110696297,1.6171694991029304
0.034152475321604224,0.04486645230538452,-0.09524078616448398,1.7472423556376593
0.04738844617925719,0.048238520479683494,-0.08730591770937404,1.6480894171678078
-0.013849744538789767,0.026127650557620424,-0.0866041832177789,1.610129107956144
0.04780906352280783,0.04331403569639322,-0.08056573194907878,1.6384700655572804
0.018404921792791816,0.030701935375188272,-0.08277873907589961,1.5617474298114025
0.02783826966608774,0.05075147008566403,-0.09049914624009378,1.6764909331130022
0.04447707319428259,0.03785449848707382,-0.07914058744186181,1.6332000637761537
0.05222465516603301,0.048916944153031626,-0.09410249063196288,1.7129899752436375
0.05201793329768324,0.03382294618134243,-0.11012776925251574,1.7748188876140425
0.05525675406226585,0.05340469899299843,-0.11043000052849673,1.8212719731870683
0.06493193912010051,0.05207108052419391,-0.09001522870383895,1.7147807778232025
0.047448353167307125,0.017439986575465676,-0.08733710964925753,1.5817061321847656
0.02696111765607432,0.016712319057604216,-0.11350542182351472,1.6963577223680792
0.05222495137828002,0.02921234699931291,-0.10994997969980946,1.7445741955405938
0.03662076887176483,-0.004365561486011806,-0.07572012575768561,1.538668575478799
0.058771159490002604,0.03262875448690544,-0.10364223866521503,1.7540214298203098
0.060581450655993824,0.03485219370785304,-0.10012264787282611,1.7937220237539193
0.05679769751304237,0.03782951859631052,-0.09326627435655443,1.7368404136999611
0.04942019135571323,0.020832868195402632,-0.08760517835358489,1.6516447391514997
0.07485355443082194,0.022891464994175353,-0.10258316025736519,1.84835906532653
0.050580141641367454,0.046424251175893765,-0.09072759033343843,1.701232359069286
0.0628544525662573,0.035806406487231573,-0.10940906768187518,1.822982100264757
0.05922367237656925,0.0620584074635435,-0.11018829896865252,1.9097927161279185
0.05475560524002515,0.04968842540838047,-0.10357594273139947,1.7844336749498453
0.06243960330709508,0.06183810187348848,-0.09608609561585497,1.7906964301264934
0.0648992713658416,0.04943558430201299,-0.09710554904425338,1.8173801638917249
0.052227497853368256,0.030638118842030958,-0.10642714246452205,1.7553620387449727
0.062300385791519246,0.03671606070915725,-0.08656874839634111,1.7593216195545995
0.03639672603152432,0.029302258293726513,-0.09274721577490119,1.6728076443214435
0.055124862944555195,0.02807117172289115,-0.0827473884141379,1.6411732119919453
0.03510170193723586,0.022367719925470396,-0.10073538749957289,1.6651935533522546
0.04447991955087798,0.05115806704208299,-0.10014222191182409,1.7139729523886416
0.05875442496353353,0.042773153835670895,-0.10593295388530567,1.7665521804129523
0.06131593420534017,0.06688086706575692,-0.08483179995683948,1.7907907099747424
0.04417587112709086,0.04580445413586788,-0.10989595829214743,1.7930180131532802
0.02716341595153123,0.03416375148962648,-0.09622086908526409,1.6337963469194916
0.05498504090295058,0.052865269708873855,-0.08641629398257976,1.6729028980274994
0.05152273499310116,0.03535900241312091,-0.07383633110136639,1.6104309149677334
0.07475305718580251,0.03813376718461714,-0.09304998092144101,1.748183250381424
0.0870719323589636,0.052322846722034515,-0.08966749281082845,1.8387737346735749
0.07238080300366885,0.04677176004805504,-0.089254924689852,1.7873830074438264
0.06877124071334188,0.0595787284676491,-0.09419853050874838,1.8673729773141259
0.03274013160077769,0.051623264057342445,-0.0926709870378269,1.6976828124882286
0.06100411142573668,0.029209330536831238,-0.09329316161600572,1.757544848242946
0.06202160646696459,0.029151576606939365,-0.08996158401995807,1.7176061187320522
0.04114129789131639,0.04120605366502912,-0.08261280012031327,1.747493177092411
0.05892771796823528,0.04697679265808219,-0.09262979147866864,1.764203180918369
0.07497271805808686,0.04915524234673627,-0.10569876499172395,1.9077327727711326
0.08439368204581453,0.03259666403075568,-0.09347988168548355,1.838332937059188
0.05950308157557462,0.05432126778985097,-0.11034067302309977,1.860749923479537
0.06639829366250098,0.05936150821355703,-0.11334286358175581,1.92846286459375
0.05878511448324876,0.04292119736623886,-0.07954249766858046,1.6802688541228024
0.07074842326961919,0.07253728243403021,-0.09821074562358688,1.922731995431394
0.06844198539286592,0.07208496977134134,-0.10032789612718936,1.9240839803140033
0.04949703253364838,0.05709494342731278,-0.1024126397630908,1.7898878572664219
0.03303018871013026,0.06282746638542891,-0.07908433980209098,1.664749513460174
0.033706000516828816,0.05290346026671711,-0.09321608088885601,1.698431942720529
0.06392824624124491,0.060986489149083445,-0.10141883322147625,1.850901219550507
0.052700929029950556,0.055253394996862173,-0.09431160812802071,1.7635240513922021
0.05769932804870417,0.05728412398922199,-0.10717727805695137,1.8663416950830924
0.05087365020542771,0.06029148301624153,-0.08781546648339687,1.7439464642976403
0.07730433859385558,0.0639127433876543,-0.10776929177205406,1.936283251786734
0.07300051355448219,0.05105910151583284,-0.09635729216665474,1.8236969038617594
0.06670656082071884,0.05579694015639008,-0.10114232721078704,1.8322454301030275
0.05458455861887543,0.0364459880571912,-0.10127283142016294,1.7846384988780644
0.0632930492268659,0.06803769230402791,-0.10799821769601715,1.9228430321919465
0.046203091890148346,0.036420669151018124,-0.09888816228277604,1.741514120011239
0.06956371195761304,0.056166868471762145,-0.08038289583923376,1.7696872504572903
0.051359841508792546,0.05528858181371358,-0.09129673030440291,1.7289877109443734
0.05757472314265775,0.06514465226902225,-0.09474250066291681,1.8718053153959167
0.05588987694475073,0.05049562678380082,-0.09113086259546009,1.7767235270721515
0.05256360782154046,0.04599876471954621,-0.07915275692498604,1.661790314083684
0.04479001155240267,0.05724930676424007,-0.0919679651169149,1.7641238104005863
0.033332188839828324,0.05776940519983988,-0.08212034768910033,1.6590376251479912
0.05475926622819404,0.04365429081099731,-0.06993534794678134,1.5947804978455833
0.02477421827483691,0.03390007953158452,-0.08887089121728628,1.6014958703627415
0.07039277436306039,0.046974491611272706,-0.09954733893481096,1.807596004519197
0.07491979283108438,0.05029623272130703,-0.10033597763729395,1.8253318953818378
0.030987324668354372,0.054136767392502845,-0.10712781684076811,1.7584205839147518
0.04540911728699726,0.04208891394610663,-0.09996044970968956,1.76723124636651
0.04184032999097913,0.05748799731802263,-0.09063106156357818,1.7140154592642192
0.04868492332634382,0.046210566055177094,-0.07973623890108551,1.6457855577744367
0.04537061588371827,0.06244180583396002,-0.09972652328039926,1.7715593876476616
0.06621970472311292,0.07445356488113211,-0.09457234412140991,1.81950387308886
0.053085151131200596,0.07115067980067932,-0.08178193969661011,1.756031159104956
0.0493038271506504,0.048385335533638156,-0.08072932129589172,1.6841831313093358
0.004824789056312711,0.047107159461629,-0.0809611677558507,1.583132602312555
0.023444205599581817,0.08063826460349785,-0.06157542365913775,1.6482398371797038
0.025288526902439015,0.06547529985120867,-0.059051529046144795,1.602243680800546
0.02732108414745429,0.04661621177168264,-0.08109340687958251,1.590737843000714
0.0049642819089411,0.07421767526417385,-0.0803588312532784,1.6642669992986774
0.037768770505739804,0.052867208825575204,-0.07985118821777541,1.5943030070610478
0.022486094875552372,0.07214084740137934,-0.07860333445441506,1.6437119867370593
0.015261032653781308,0.07365572890725092,-0.0717128377222142,1.6148471027472096
0.027342602892815128,0.07319738779869008,-0.0847608148673513,1.682532879520611
0.008337788262521854,0.06118267962026216,-0.07962294643579751,1.617476660500326
0.05029170587942901,0.06296440318067485,-0.07222303219468969,1.699096902803126
0.021087708428095667,0.056174151330706266,-0.059635903271484186,1.5281597188866651
0.04084322415737365,0.03446501269511177,-0.06727318939376649,1.5229490530202354
0.025595338000271372,0.055608695925374235,-0.07181876695425231,1.6530427600027233
0.06472837401248743,0.022734464759981757,-0.07878563035795404,1.6184683941751106
0.044915234841910706,0.014244797678470696,-0.07305789781513247,1.531465021789179
0.04329724975379934,0.03784435701388832,-0.08119061240662946,1.5631831731280381
0.020989445255147555,0.014258218249050403,-0.07614041090144219,1.5078633441418932
0.02513083309934405,0.02880730928556459,-0.059888124235315816,1.5598324766783824
0.018243574011150194,0.03380696687749027,-0.08305333740258325,1.6141947134804862
0.04467238519730044,0.0600875661139299,-0.08591630850773845,1.724552775844604
0.060475066500303744,0.03416786023666451,-0.09608170508528986,1.7624561681489572
0.06852211543523087,0.02474668906594211,-0.08117947609636927,1.6841828728429864
0.04144969235772817,0.03177443695262231,-0.05913282568977537,1.447887179562802
0.015343623458671138,0.05475837159279704,-0.07755527022100582,1.5544437639101731
0.032100270348292645,0.050702407357112525,-0.0760061937022811,1.5707720418814466
0.03519431581260459,0.0472785607135428,-0.08265709114328672,1.5898937754022198
0.038185889831198985,0.04159561795301443,-0.08620391099002946,1.5930636664186215
0.024939460159174136,0.04033929622436171,-0.0943994081710771,1.6229554075803543
0.03289940265415323,0.03636037256506998,-0.07307345891902023,1.5831399318049784
0.04190397336937034,0.023556373793892645,-0.09247752402792318,1.6160075685167148
0.05205021690368323,0.04133304859935973,-0.10375875074567528,1.7829369148491454
0.033715208249366066,0.01661151119167347,-0.0912090870545672,1.6211081695479308
0.05033185324674931,-0.002856604865066036,-0.10565651458668116,1.741126943388539
0.05835736547588918,0.02327440507081488,-0.08024801894120837,1.654809275851135
0.06317940507338499,0.025919042702648578,-0.07749763369651871,1.6878237234941194
0.07058823642266492,0.01702264056197128,-0.08472985560353083,1.6503223034434584
0.042580370099359076,0.030130273018384966,-0.08147964735946411,1.633553303833891
0.0382100011389996,0.021070273217765265,-0.09561584800111561,1.6592115351379548
0.0630333629190996,0.026719088705149992,-0.06866773069230409,1.5836149563252366
0.04394035219163328,0.032837007095904626,-0.08595418862484569,1.6689956474313536
0.061327482886712754,0.040996950065613734,-0.07435777579315572,1.652393994717992
0.05746841652118893,0.037109148868631876,-0.09303564185146163,1.681716719060743
0.08701894536091366,0.022236201767554472,-0.08589087018218262,1.7424883113572656
0.06567679151974691,0.02117138856580394,-0.0802216990553619,1.5488236338788808
0.06870093144923516,0.0412318096331711,-0.059332536775843145,1.622610055807418
0.06618243722281092,0.05732354700257512,-0.08302924094739035,1.7454775961251672
0.04262393683649062,0.040019796891571896,-0.09194629273624401,1.6476732394672067
0.02898904105356334,0.03066053912989729,-0.09686807536465256,1.6472414362620649
0.027573441291389066,0.03632468111136315,-0.10151189717733834,1.662116825888795
0.0348590203320567,0.06298429825365141,-0.08699206680959223,1.639013694017803
0.048621200487156305,0.07302158354532197,-0.09433106074584761,1.789501611382834
0.040114638013469706,0.04334267730752423,-0.0841744787892523,1.6030695116927969
0.012274458496032802,0.0620868397231193,-0.07062562005289114,1.611396411738112
0.03943742518354914,0.04785254739196575,-0.08991622017476152,1.6964635881368868
0.06163036605859846,0.07174544457940261,-0.07967551699956378,1.76629617363571
0.06485170013162565,0.056941238581673714,-0.08657501070347198,1.7768238523074074
0.04221087933311434,0.023668670593788875,-0.07317070759313897,1.6059905929272569
0.056121431594700205,0.03351060887190581,-0.06617801575810961,1.637873729797714
0.05364586833004423,0.04905562004507385,-0.1007964112280729,1.7646331419099064
0.03300438901447464,0.07717944263126929,-0.09294271274117609,1.7648665864376758
0.04468544028913109,0.06611083488785055,-0.09542601060714782,1.8411509237623431
0.05812882347000967,0.06442234166245499,-0.09537909861276582,1.8170375361727131
0.0255082153071808,0.05958286755939205,-0.09692441005708671,1.7199539287797885
0.06992433410181507,0.04445322344679058,-0.10601453955535274,1.7896168259948988
0.05615598349899912,0.041739319015811245,-0.1068412911709262,1.7500263262472218
0.02203502347265227,0.03864946759779843,-0.09169209173073645,1.708532595489243
0.0582287998272334,0.029673765741753483,-0.09537260418823115,1.7499276909855794
0.08295659369783762,0.02648963807401579,-0.07243778181148765,1.6978485346272647
0.05254095778660103,0.02809555673454908,-0.08245717352651048,1.6267183274929176
0.06234498242445839,0.05117826736581701,-0.07067769395744217,1.6669477032140796
0.04930550766593112,0.038697888947710396,-0.09195443262131951,1.6953511948138453
0.05995002927375215,0.0433053522767427,-0.09656195383941178,1.7076635312569446
0.06962918317174678,0.04061496285390074,-0.10228527836321358,1.8102372438622645
0.050627148920307986,0.035459366133606465,-0.09757351343279247,1.7087422191364954
0.05227514617522611,0.057140071558367096,-0.09320027030077699,1.8152991539518528
0.028036905377450034,0.01052160383493419,-0.10443697992621938,1.653362165819155
0.01380101577882216,0.014724992585507343,-0.1093553348099435,1.743926166120385
0.032128341960024724,0.007827985814756414,-0.102074453634537,1.7197086223250415
0.05224544227164389,0.011735625198291175,-0.08661484992931992,1.666497067301135
0.023655091128303954,0.06248947051620835,-0.11194580567062928,1.8403055171884468
0.04831153853513835,0.04850462237972567,-0.10247472163936966,1.7756300486410779
0.05870543367970334,0.04345493339787539,-0.11110504732604505,1.8667395977254917
0.03935237853216238,0.05121206608679235,-0.10956190734995416,1.7941642536571532
0.053586663613649714,0.02368208351438978,-0.12547019725301992,1.8950587519628828
0.04318414510903495,0.023271970745728645,-0.10509278301953529,1.756085373115412
0.024038999435519705,0.04700208115278765,-0.08340362827736172,1.5858491098402066
0.02417702834988872,0.0445197421981253,-0.09003476268260578,1.648671959123717
0.026423872807067005,0.03681682678220832,-0.09451212617827817,1.6258016844163163
0.06040369266785101,0.020196389819237083,-0.08589628109910606,1.673666164758187
0.04368928262023124,0.04521635859175169,-0.10651673579349295,1.7691147327568904
0.04857925254763365,0.04800600716193345,-0.0953414516614735,1.7163716520662788
0.05981380759860388,0.03445577051697294,-0.11055911587960002,1.8275334866648303
0.06734322946994807,0.056535785091323586,-0.12029152404881086,1.9747883266471569
0.048466334605265796,0.03926702298336757,-0.10987733181746785,1.768951241662198
0.01749556209038664,0.048927947902097556,-0.10963658400022977,1.731010048183034
0.040901669394330764,0.03332307847997939,-0.11068616547764971,1.7699289589258451
0.013802658153964042,0.03749592478813679,-0.10848042821218457,1.7664620695464757
0.029245385863814054,0.046075048836487185,-0.10421852628317611,1.7462878743119472
0.033331942972972414,0.037243532803443495,-0.09934068887891231,1.7128037002413237
0.06248931377556523,0.026868065175458564,-0.1050371089275779,1.7808854546201638
0.056247264011899854,0.022922765621215424,-0.12458951050250734,1.9021629934702347
0.05119055880442624,0.04483478489113905,-0.11530331612155624,1.856782002628934
0.052887556810151094,0.03374744625994465,-0.1282727068693618,1.939467290260406
0.056058606086388775,0.038873027481096147,-0.12290374375838846,1.892993989204204
0.07908645596070414,0.03387284483524046,-0.1260391221620889,1.981866344426137
0.07308387188990326,0.04588079311283594,-0.11964814556206943,1.948158587646581
0.05638667681728643,0.041545729742939554,-0.11875258556953575,1.875582343326869
0.060991231541672665,0.020633544834288604,-0.11297665084260668,1.8473906017432533
0.04244272299841667,0.03118205037031944,-0.07841284494253885,1.6711084626623427
0.05782540067591907,0.00984788099961445,-0.1057913466152539,1.719033293831876
0.04844264531044897,0.023446719518584656,-0.11667851545062892,1.8141737483447846
0.0578997038451096,0.00030180890706843,-0.11199357100009853,1.7597756969045395
0.05561813805568662,0.01743132407476707,-0.10745149614743624,1.7596489962100539
0.044183956943514645,0.007304912604539399,-0.11948559869654522,1.8248004391985786
0.03915700239819327,0.015648416458978995,-0.13402005706183573,1.901760658660963
0.06069536940070085,0.016674952325019414,-0.09162377265877841,1.6962655449778852
0.036718272263538965,0.03629349083176361,-0.10366456232986523,1.6729980750317148
0.0707109422241111,0.05412382386918038,-0.10748759459868597,1.8579700728870945
0.08344093166684587,0.024264634552642477,-0.09577643051975492,1.8055123126983328
0.0756908684019623,0.03746528381882553,-0.08803060971325133,1.7833377301750897
0.05829842607664989,0.02908319725629882,-0.09233085198709937,1.7407861891316663
0.0909326030979538,0.03662367902556362,-0.09712933821937973,1.849306460691667
0.05842880451083013,0.05150677315923986,-0.11912179581973381,1.9244334184849767
0.08101608375120195,0.02938205144753445,-0.07790388173352623,1.7237148410077932
0.0982161918873404,0.02668367680764066,-0.08371545979365139,1.8093423317825599
0.05832661610660718,0.04685903402798971,-0.09736646738998771,1.7572299625313774
0.04923646696334265,0.05803788390667944,-0.102515917998343,1.8309554305822553
0.06555661258980135,0.03807420672014151,-0.09942325395563639,1.7747395241804202
0.04267413223825693,0.03001686763456074,-0.08519083186389358,1.60036244047965
0.06515693197122398,0.033397601081798484,-0.08619648046370991,1.6515367234503227
0.06172401272110557,0.04153576932483831,-0.07732415878878755,1.6785638075638318
0.08213592017432272,0.011597186685328777,-0.08072272510831126,1.7383566450720895
0.050219344679280215,0.029656975892569725,-0.09031249779887489,1.6339403344180554
0.06442192099460953,0.039565632475975734,-0.07403829715490369,1.6453385546246149
0.05581299865888218,0.03843600575070512,-0.1017855146168664,1.697079130322516
0.09702116751049403,0.01705914894648432,-0.09331870000332064,1.799416084137859
0.08958242201403299,0.021914394997945265,-0.08985498110375345,1.7797458534575519
0.049456906143298666,0.023702958912356447,-0.12075918143794485,1.8444760506362172
0.061372886235538146,0.04135792455415616,-0.10265229103125828,1.796443225710288
0.060855600413006444,0.027962900203542838,-0.10316698227985278,1.6959333967040495
0.05353050489786911,0.027438004165217456,-0.09795090181439452,1.6651450298601478
0.0743144933076901,0.005922991710900745,-0.10024027030109289,1.7583076763987455
0.06740418952527412,0.017965475516049764,-0.09859161421368463,1.7479148885521754
0.05385278449329208,0.026605254011708115,-0.07206636965644064,1.5901872518801219
0.07390890840131667,0.02075571026755183,-0.09244265496111082,1.6833930657025609
0.040363440636726276,0.028432304234707873,-0.07988878609102909,1.5396382413840504
0.09230322051963048,0.03895669309229659,-0.09514342472016771,1.829201277319079
0.042086357152194866,0.05630514804052941,-0.09842423813880044,1.703414826496754
0.059027975905272596,0.017290312817788128,-0.09655057149331948,1.6533728830373595
0.07937476676637553,0.03169039740942368,-0.08264051908813816,1.6959318962306689
0.0702996232363024,0.0562109779022037,-0.08262818244262524,1.7268407795840703
0.06169671768577569,0.018401351807068252,-0.08585710667996038,1.5870826416310704
0.06285258431806864,0.02338226377499352,-0.08338321747091824,1.5733143860371857
0.06950617652591859,0.04477717538374422,-0.07792455788727554,1.6676376755486997
0.04655061758671467,0.01526105541721079,-0.07582077363083348,1.5235355411450409
0.06262717708875618,0.010209181611018607,-0.08932011143085283,1.693988689882791
0.08784808341345501,0.051562826676850713,-0.1056414540463633,1.929309670525472
0.0651085571227489,0.01575808722364205,-0.08497088543734138,1.6916233820603586
0.06868663993225725,0.027963489954413476,-0.1070442465644427,1.7850477676333112
0.07906071320560182,0.04013011413420071,-0.09480987151009763,1.800018142265605
0.07175950021772674,0.038253213171139056,-0.10840003774325664,1.8219783141919526
0.05317730785555329,0.0282593569694025,-0.07788843565780075,1.6128622726357278
0.060086526087231716,0.05447530592227483,-0.0818354905467961,1.7129652967621778
0.08669899013015253,0.027912209539987284,-0.08595667942718682,1.8098445850224056
0.06840433550031001,0.024473132631647875,-0.06436873097192519,1.640720987003275
0.06377111534484478,0.02001589779443905,-0.10943806773644006,1.8592828746270456
0.0629426764716686,0.01623854246323206,-0.09421071090540799,1.7362573747126604
0.055089463809243115,0.05077259462793648,-0.08738958848651494,1.7648441215255717
0.08525952612843324,0.049612026619327954,-0.09270440038123726,1.931886187872366
0.06784308527725036,0.04035049905959488,-0.07191147083830922,1.6951132523958221
0.0513879630516454,0.019097260184398942,-0.08175751991346301,1.6464784851538568
0.07367538074387847,0.002766478865782752,-0.0990886367927882,1.7659456439010677
0.07467778378103052,0.030213548796142475,-0.09717506727194067,1.8357268000247091
0.05503984664221619,0.0343901880543175,-0.10203370795086938,1.7903504003705202
0.0798717802751617,0.013145948579146118,-0.09362358034044631,1.7787334431522939
0.04201517243907836,0.017832146455557755,-0.1208861269395758,1.8171755953563844
0.07196099482481406,0.025896815361549932,-0.1222000638842661,1.9084381402364163
0.0527075808778097,0.006005852518998634,-0.10419603819441693,1.7753952670397573
0.061745006257508436,0.02730725955243119,-0.1330086603803527,1.960221367817107
0.0661818243484085,-0.002449246979935496,-0.13977886029980413,2.0235320632869835
0.07469672513345689,0.019833060552753266,-0.11957636330589316,1.943216706406238
0.0730824403540036,0.011725707352176847,-0.12128360572855562,1.9682916751854342
0.048219432960536865,0.006255422152719262,-0.12305037036404197,1.908191878859569
0.059469664600515795,0.029633414759235144,-0.12103871944033838,1.9386246835592265
0.04757670003911342,0.035888442617685805,-0.0970977651862781,1.7918456938078846
0.07010068546046819,0.020548500456247735,-0.09580624722273792,1.8033713603797028
0.07539890029799445,0.039277756619359686,-0.09752540610799536,1.7908879191927773
0.06004030392033504,0.018315460566688514,-0.09218670372030802,1.6845203993407334
0.07194485779900636,0.008265808038682614,-0.09996469177041625,1.7791577532600538
0.05079246851081254,0.02911048842404098,-0.0923064047098479,1.698750772053803
0.0550459161759009,0.032324316785070216,-0.0838594358243737,1.6683865567597378
0.05822572288368979,0.023585364219336696,-0.08642483358934533,1.6964243020433618
0.07538861226602896,0.027089508513614025,-0.09753881548848962,1.7767194899316003
0.0751983797611407,0.011156884897727528,-0.09974372878208262,1.8092396751833877
0.06942540454580447,0.01415394724792196,-0.09811672097432836,1.753099244465281
0.0472479850020142,0.020769015750341936,-0.08918686378475184,1.6595843951436622
0.0721500488537562,0.03696582328809135,-0.08338838640314804,1.7390825604795663
0.08568699820275855,0.021448274343794257,-0.09416901712632539,1.7763918146099027
0.05845785271263768,0.011227533252520135,-0.08708434832303527,1.6753726697380085
0.05931339111203566,0.03720874099594291,-0.10866210301637476,1.7608437391295741
0.04316979632157742,0.02847540497970826,-0.09488230707321758,1.6785511414278138
0.082169970785452,0.006450158039085478,-0.10825356069964563,1.7987942484894655
0.06547247512310556,0.030080385914648757,-0.11366874918567975,1.823416176018079
0.08827934207798839,0.03300984194901798,-0.1022409763940039,1.8663494405127168
0.05085208280365347,0.022952247828584134,-0.1015738547599848,1.7013771884570428
0.06049161033911421,0.03226725353005117,-0.11284669133474941,1.8055046630477323
0.052586975993343055,0.006544111331422299,-0.11950578719201047,1.81151860869347
0.05252469176962562,0.03866827090686803,-0.11410003944082603,1.7626288377394566
0.07297702973873434,0.002968938473828971,-0.11112192244785556,1.8342615760184364
0.09507625396890705,0.0064126361590932,-0.11291102465188609,1.8852427224812374
0.08041904605992749,0.016794151746699057,-0.12046257277434391,1.8986807753754593
0.0743960569902355,0.03683219811723767,-0.12235233353078465,1.9180663086976002
0.07586638100310956,0.02034881058479195,-0.11781221462921194,1.8567803543080375
0.062440132793300886,0.010853323870892224,-0.12449762411695237,1.856657046246031
0.07610826324762893,0.02860697918087511,-0.1060637188988653,1.8180421491923453
0.06701346337434208,0.023036433232094013,-0.10722587892688863,1.826533115268834
0.08687130180964937,0.028441754995243367,-0.09958854040807151,1.8593886239246114
0.06328397847744703,0.03328913406179984,-0.09730622401086578,1.7514902301458546
0.09084033210677571,0.00289647030811896,-0.08503141158780428,1.7926025497255977
0.08518208670137802,0.037431166544890156,-0.09868346512582934,1.9150227213237498
0.05120330797404024,0.02460007323813825,-0.07365903342541291,1.609527220983761
0.0630156231926562,0.04606682372535716,-0.11335404947713112,1.897447672901239
0.08637365364155665,0.06723885672605484,-0.10907828838507444,1.9894854020902661
0.07290900063270994,0.053997208302850125,-0.11460753807135758,1.9216098330872842
0.08363687959562893,0.03898014836380954,-0.09236405289770998,1.86122544031817
0.06464119530849424,0.04262426094657657,-0.11759898161255605,1.9282262519051994
0.09992927307684003,0.030004477353364412,-0.09912938208789158,1.9730775033941854
0.08935956423396872,0.014043526123197555,-0.134705724066733,2.1169710303822473
0.09965180677988407,0.014248525821396065,-0.12404074374206396,2.074070629707913
0.09009713767119838,-0.008134298818109443,-0.09552832873297049,1.930058279036132
0.06407547449406908,0.016035963022857334,-0.12857028076655846,1.90025148969845
0.06513383340550322,0.018805398355712245,-0.1358639887426787,2.0177690851505132
0.07097771948497612,0.01050442486066934,-0.12174755609384959,1.9089222681914795
0.07768938582315608,0.030472546362390916,-0.09614275022636307,1.805092607712314
0.08095529254220042,0.027399637119022806,-0.10401319251579827,1.8841733143636434
0.08527192463988197,0.015705607029823033,-0.07636717536191544,1.728753376376672
0.07445403696733817,0.0044791135329999695,-0.06894325014108328,1.6191746128085163
0.08513926228084344,0.0013867310733627044,-0.085928455552013,1.8053357529868437
0.09224790000844302,0.017431493150799005,-0.08755761946245007,1.8564557043656449
0.08703859334373645,0.0006790536458336698,-0.08055793123197369,1.7598932932792424
0.07434406861216088,0.013718122718392326,-0.10561678731858842,1.8235322824438531
0.07636844535278511,-0.01520911953687544,-0.07245875664427656,1.646997145789998
0.08799335284457262,-0.008566847845458447,-0.07619973975647969,1.7346976836256687
0.09064724974988272,-0.009028072489176916,-0.06535670136320285,1.7073516287806318
0.09238812217565681,0.0010980770599713766,-0.08759649106234885,1.886994026633262
0.08223340144012907,-0.009604776840445566,-0.05183051877471546,1.649526625489048
0.07098682814998115,-0.029045641556611445,-0.0744943143477159,1.701314777598181
0.0683585607162657,-0.009285858405848797,-0.08993812305587581,1.7745326100512215
0.12568070371536236,0.010794779170068314,-0.08859759839720635,2.0082906802667835
0.10191648169994684,-0.005739486698416086,-0.06560860617564211,1.7757945798711448
0.09869664257447819,-0.004822561895486264,-0.07423282822963716,1.8509543418430883
0.10559847394009836,0.00948385747919039,-0.08058172650797245,1.851841063955462
0.10136623052570938,0.0012673535835370116,-0.08577403353105496,1.8312023187173143
0.0642407731467721,0.0015042165458128967,-0.09553194394267296,1.7813721542639593
0.06771256253838931,0.013209188119905587,-0.11614892366863619,1.8706716102718135
0.0661312207532319,-0.00903351121871126,-0.10953308441902583,1.904063575318875
0.05450823642101356,-0.000853089699712304,-0.09637253628985137,1.7855908804619391
0.06710449475875212,0.021152715143855666,-0.09542879603432622,1.7852286112098268
0.07228453966790988,-0.011389343412638999,-0.05877613111423717,1.6931596345303879
0.08453138912535706,-0.02250821999162755,-0.055256449035528836,1.7386975138838847
0.07178098934273479,0.018778095854362468,-0.08158172275821783,1.709067423996002
0.10342613159363429,0.020535700359771477,-0.08536919463497238,1.9003825535603882
0.08920309130751117,0.011008976683199688,-0.07157091131288991,1.730033890902039
0.07095208465517971,-0.004640381306805827,-0.03918313728155729,1.567431289235717
0.06545958848761357,-0.016800017746156408,-0.04033643421676031,1.5140317886884431
0.1337523123973138,-0.011030270418232499,-0.05821314055421005,1.9839128899642116
0.07168654713046838,0.005142039016860202,-0.0354839291277933,1.5695124152074362
0.08406794564997158,-0.008717950622255477,-0.0522655547620296,1.6798843111675166
0.09164969944125005,-0.010408992333804067,-0.036125803362263585,1.6516144580210395
0.06439497068519073,-0.005000152422089779,-0.06820967325593649,1.5805894836560643
0.09721358745536321,-0.0017230031456746853,-0.0398059077818102,1.7184350998018176
0.09227219498271808,0.02869002498127872,-0.03246165239512181,1.6802893378144428
0.11445186933735983,0.019266770611273073,-0.017498049598727455,1.7802894862488374
0.1319046252318264,0.020686791179787313,-0.0077967635250465505,1.9434131335931615
0.14016579233609183,-0.012291703350842259,-0.03561718683556315,2.0496134322000574
0.11183098470706677,0.018678556436370446,-0.041747766800430956,1.726096004841561
0.08611864684360562,-0.021910356045623525,-0.04507598578146227,1.6210849183753948
0.09645445940400614,-0.003553347150413616,-0.058035526206469686,1.7402128102819305
0.09288214751575445,-0.03160156758577423,-0.049567596002025135,1.7075901643873095
0.10378476234195651,-0.0005929624901667986,-0.055143195369387346,1.7762897408104947
0.0975143758227999,-0.01709759254839665,-0.05766625929139969,1.773172246930144
0.08561379012203205,-0.013540270156649714,-0.04625783811319428,1.647293464475041
0.09050314154307718,0.005212194573876379,-0.03631816139064713,1.6081643928777982
0.07668752592651518,-0.007011061683700713,-0.044518746892466494,1.5697850542768923
0.11088220572651153,-0.004899356617764179,-0.016892862824124767,1.7324448747794632
0.08902314988198784,-0.023404901099518843,-0.03344697100169865,1.651876075431594
0.15388620981829101,-0.01956598371656175,-0.05717187045190136,2.100428217329707
0.08478177910973278,-0.005484911808155309,-0.05236185643181154,1.6424054193492257
0.07395573057562176,-0.001642864548693986,-0.04301699633976068,1.5746832040476313
0.0947263467082408,-0.01246676546863653,-0.04509517598021515,1.7293039939212973
0.08247466635196243,-0.016486345659023537,-0.04096188071406052,1.6806906916931912
0.11516821034357237,-0.005818417699793456,-0.044556169588579976,1.8182933210869296
0.1304317282451937,-0.0008703105074762572,-0.03752889694640014,1.8251973335921123
0.1025647350158964,-0.008922794672640582,-0.0614068194295443,1.7832820745998301
0.11010464146275886,0.003998064830754517,-0.051944044830812275,1.7809819043245305
0.09620762238646656,-0.005588608329631683,-0.05271368153710848,1.7069075159840952
0.10578589477654986,-0.0075102159683052465,-0.03620902869718739,1.7039696655869883
0.12807643067230992,-0.02169461260246702,-0.054099917282523335,1.877910887051426
0.1096553216275881,-0.015135742205394372,-0.05617572582981944,1.7547556632625412
0.10057256437398036,-0.013118121225608837,-0.045807648241285914,1.651832965802313
0.11906049651536245,-0.01636843174314622,-0.04141933030986868,1.7651164774370198
0.10325869674520716,-0.010746032778405372,-0.059528659123629236,1.727756612505492
0.10259179413279762,0.014268878944183338,-0.053579124615332874,1.680999074413901
0.07392922357265604,0.0046009626642184095,-0.04654177211601342,1.527527883736298
0.09924264956991508,0.00442873015830514,-0.04431959492501168,1.7284013517932995
0.08801738262003152,0.028017156702470097,-0.051699780182246226,1.6152386101378184
0.08777542320335374,-0.02730460517963166,-0.05340057229687158,1.640007404826317
0.10183655524033072,-0.006666863425930671,-0.056217302859278534,1.7569853366742922
0.06248571212314443,0.01007115085023575,-0.04225199677948009,1.5422995340119603
0.09505404973442629,0.00734355813846743,-0.05702119789952615,1.7061490368509804
0.0660982332151256,0.009727490297873098,-0.037613968787614194,1.5316619753011278
0.07149838104560663,-0.007958391008746318,-0.0437734321169211,1.5757007840369501
0.07090558423904439,0.0009456322543396096,-0.05607368291330074,1.6381836426558676
0.08807662173880959,0.009062225710440451,-0.07335005012862818,1.6905120871494606
0.06400935926504984,0.02096033465525243,-0.04859520231187686,1.5854864124081174
0.0926786680785324,0.03417159376932512,-0.058294573287141195,1.7064225965224948
0.0906074060330132,0.006437783796313025,-0.055192535931483884,1.6543175612206356
0.05409301309721732,0.026256596862615604,-0.03975096141114066,1.5188077393046435
0.061499964752978066,0.018912834435947018,-0.05638493799195864,1.631208572832439
0.0627628649854171,-0.01670681498953162,-0.04832953829826491,1.5262164668387692
0.03815771190085126,0.006805257613357583,-0.018804238963026517,1.3976921763386325
0.031941284554678186,-0.011443777411994946,-0.012252620157435947,1.4585521941319601
0.059359289754085734,0.004334877438910953,-0.04110644848063281,1.4874045049112974
0.046552804770215006,-0.02291479652967731,-0.04957336340740235,1.5613272046372606
0.01595616825739204,-0.0038736468309115784,-0.026975854759503214,1.4027361678481098
0.038592436846348874,-0.0018594076278803902,-0.03255188531545563,1.691725645684557
0.05612806324902245,-0.012306866404302154,-0.01567500413839549,1.4725109017418248
0.056953319982686955,-0.02916779252633389,-0.005587317344170787,1.5739099771989848
0.09178970045195779,0.01319313766268814,0.030158091734985203,1.860721509046456
0.06705638351581152,-0.018237239757644134,0.035391591558635596,1.7366992369978587
0.05073399157583177,-0.0803253388770346,0.06459609286979731,1.9543504953591224
0.0878605988575894,-0.061547047828203694,0.055276816486998434,2.104883348591611
0.030522110918152972,-0.026137031470965293,0.05875403352078033,1.8998254485912311
0.06477100175195705,-0.03812990464913525,0.07085788567662991,2.157177672021791
0.018679521022900783,-0.045990996942204515,0.05614115073785075,1.9201987619913827
0.06431701620380366,-0.018055540965927135,0.04787878713335243,1.8862542209489015
0.1367334675381776,-0.031070718691211398,0.034443975693311014,2.250891855708242
0.0896055525058177,-0.019796854683403215,0.08632545022939687,2.02183670084549
0.11862089064122382,-0.022777932095550603,0.059895110117325526,2.1925645685919295
0.07945523874190331,-0.0504584885834177,0.06184489003837085,2.0909685984081348
0.0706428892470381,-0.02892991345399488,0.011049843643408405,2.0618781784444087
0.08690399196715386,-0.004804015887135236,0.011147119287411675,1.8548193993535198
0.052303988347473795,0.014861595467875303,0.026068546431007485,1.6660089067447799
0.08701180588307665,-0.022469822655015414,0.023986001858771783,1.8259192985508244
0.05128358193110137,-0.03656206543969303,-0.00515268774167136,1.6171214258010007
0.024603560234433924,-0.032853834241987796,0.0002484494547397778,1.738405801146797
0.057982746081977,-0.016517736924310848,0.026889827382898374,1.6578076911910353
0.03668410079287194,-0.009721371636499972,0.016315132972461517,1.7272045513710488
0.04869876125492386,-0.015577106661157056,0.0316498237986829,1.8739565032402963
0.022228134809208003,0.0056132076802607655,0.012585257760031525,1.8007928475284474
0.017764128454185797,-0.0056333819344593465,0.016572772698596257,1.597938146501433
0.08148784342628558,-0.010389813016245728,-0.023944210561023062,1.7252796171439697
0.043765813919104515,-0.014543115568718646,0.01708571499812442,1.6576880623519028
0.04804023675279774,0.01802697621084178,0.007709637651343088,1.5289141622995552
0.07560097889506374,0.02848746976445886,0.014746455921150037,1.7621518314614844
0.09212376728297605,0.014609483441819058,0.020664070308582742,1.7528956961566406
0.06392646734299806,0.030291307960314547,0.023660433879105068,1.7548615313354747
0.04046819634871072,-0.008926145925496808,0.009341042960852761,1.7166492074973687
0.030792945852437748,0.03104605058047091,0.0015020707746405283,1.7158345080042101
-0.009468178728483862,0.03378808199379343,0.03596960677894329,1.7741230281011802
0.02659394564044918,-0.019512832823498492,0.02935709047789634,1.913432727925535
0.03841275202482829,-0.01917697961210781,-0.007657696698173294,1.8655100901477295
0.032096264415769515,-0.014030226076289195,-0.017965664104848532,1.8313445312899799
0.039502956772688454,0.0071750355433387,-0.031166435978691676,2.059037368499106
0.05008573672575709,-0.020641113458169796,-0.012388436843230722,2.0879617306691296
0.04275644106674422,0.003255974079083216,-0.04095616459258454,2.2739802546714447
0.04697580951786053,-0.02005337971249436,-0.026193232715893203,2.3869801322540636
0.0954496767091015,-0.03147582559719008,-0.029755770750873555,2.4682272177737468
0.06690826408569162,-0.011720576280982239,-0.02556808862804793,2.1791232250409274
0.06658838185060621,-0.012070156378127493,-0.03801562137024436,2.164388735799002
0.030626064938325166,-0.012772892267322984,-0.043656607620804797,2.1889787332053188
0.04576921069886303,-0.02919782545040101,-0.04986708467346699,2.1564884823673105
0.047896107176808506,-0.03778996792923529,-0.01833212158489307,2.0496824092570614
0.03619942811181499,-0.046224981912424884,-0.007104168718941937,1.9579989644091411
0.02269621609500458,-0.014466193142746152,-0.007012313508890491,1.8311399607428145
0.003239776738375803,-0.03752259381685833,-0.03719766727333131,1.762629728525588
0.030451134067573028,-0.016117431235560354,-0.04089773620510663,1.7134035379815455
3.67087571851233e-05,-0.007300806062597501,0.005227977990329395,1.5670133864038147
0.02643562110315469,-0.03906403058761801,-0.008276635511729797,1.8271134827166642
0.05333195605197897,-0.04801814668733095,-0.003057495538718349,1.8605716421592753
0.08096755722692024,-0.04504452129998958,0.02943327728222653,2.046447312022017
0.08842931253839668,-0.07216287324177052,0.03497490333302763,2.1405656988898127
0.05906606473310342,-0.06529671401872798,0.02706388241852127,2.1717823959132363
0.032618763232644135,-0.02190262224626591,0.003909405498661109,1.9083256835891818
0.06384677178035254,-0.006344517622690024,-0.031011447947238424,1.8353970739652037
0.07269767283149071,0.0030202697723265065,-0.0075608209943230035,1.7751176720928061
0.03826797399596448,-0.02716763604910497,-0.008008228640405821,1.6885361336668843
0.053966286138466026,-0.02016525523403318,-0.01902151151455762,1.6427952216526802
0.05105267210735392,-0.029175815491442908,0.008038237802555631,1.6383621056568647
0.05600849146503292,-0.026782660307681793,-0.02246852769684246,1.9755389938563634
0.0677847198768749,-0.01457481041000391,-0.01304881234692774,1.9751518590641273
0.07594513798671873,-0.02559298129369807,-0.0005238308292520698,2.0339040349388484
0.047396468254152356,-0.042689054651708594,0.001184017365554734,2.031648591698431
0.039133911288787765,-0.01266361592663581,0.0058085066829294705,1.8952990778124619
0.08544708855670977,-0.01960735037163994,-0.0008594305658578966,2.0177933807267214
0.053415499396383716,-0.02855089972750904,0.010278894393443943,1.937986195717585
0.06854158291135545,-0.05585917675296804,0.02761532328534296,2.104031309347244
0.07840084623922572,-0.03140576289544861,0.02415366538149425,2.0046014440585207
0.04798294330927557,-0.04899516682127481,-0.0023751821744026633,1.871520353252966
0.03154182068514331,-0.027068676204935062,-0.009511251325238319,1.8433714467375322
0.06524399060119174,-0.016994460289073407,0.0011948083159028927,1.9484023557640668
0.07113785750916846,-0.02482680706152049,0.012298026184299555,1.8390295979931353
0.0451324775957429,-0.03267398689828253,-0.007275002009233672,1.781874313431742
0.021730347459605358,-0.027414709818634066,0.019410621865439345,1.7498060989498898
0.062057022443864567,-0.021803401292646032,0.0026008665426122653,1.821400655887577
0.04867497152205071,-0.026904236003133727,0.0415217631061525,1.800249488462486
0.04133228381663214,-0.016132117798381935,0.026622292980104042,1.859388767498397
0.023674330980835157,-0.03834063027540746,0.032285153067428185,1.885441392575607
0.0512689516661042,-0.03447075262033134,0.018638621749655405,1.8865562865794587
0.028036821746573036,-0.006742795179587303,0.037122998224683734,1.8965501817436798
0.017995427385954416,0.0018705467571316894,0.03273735755220875,1.7915693033773221
0.0005016902338539995,0.012314028168385713,0.0729170494708714,2.0960513144825197
-0.011197211775196707,0.0063535256620127845,0.06658906243692451,2.0436475511746357
-0.01837678937270097,-0.009719408074605126,0.06389923366148681,2.0463187286988864
-0.0008861612345982005,0.006530228123269789,0.06630438187797107,1.9499542800153544
-0.008112118612427976,0.0013372945545482946,0.0417965600580184,1.8570099670871052
-0.005679309502289886,-0.00788165861296219,0.07144804367085283,1.9450546533586452
-0.0020354987713701845,0.005229200185900204,0.044781999072807284,1.8054400643285906
-0.021048727171765275,0.019335333044566777,0.05315574326542935,1.8816023118326284
0.02637287800725344,0.01459682935506158,0.052146226739139705,1.9027131904276058
0.012274616364713945,-0.002993785869158918,0.05946753389866688,1.8044133805132203
0.03965685336638819,-0.009125118833569411,0.07756679662817646,2.0563198772423656
0.01655690186676804,0.02152570422399687,0.06141699610901088,1.9482565273386219
-0.0035752600176761004,0.0022386113544835074,0.03727850839843891,1.8009465155063935
-0.02032243590639172,0.010143465354682926,0.07677220853388589,1.9195139034126467
0.005323856917108788,0.0002733792401358046,0.07247883873096568,2.0343463505731365
0.01990329779466826,0.007840595271843748,0.09143802377739935,2.1021746768165075
-0.009052524376031195,0.0033270766177943703,0.06421997071189146,1.8278733006864873
0.04432036787476318,0.033479938752344195,0.052340942454079276,1.9328041219484475
-0.00814518941564525,0.019654040266779915,0.045978654917033096,2.066014811132505
0.03909048314896191,0.0019250779567428259,0.05002651504708331,2.0327267017761237
0.056395830149115714,0.00971350345480556,0.04999484020215455,2.028907562760573
0.02357753892759177,-0.011549651778133647,0.06873929351629864,1.979453508416096
0.073523285321019,-0.0042819169482776805,0.07787425725416752,2.492850872839941
0.003590665208299584,0.019842148419308495,0.0222734641894421,1.9548721001300575
0.04742815248896752,-0.012502323443685308,0.004610824772201292,2.155282267156095
0.030179927535592593,-0.01393423572537842,-0.02634322855089559,1.8435038107142228
0.04977086110615227,-0.004740217302292503,0.025915128041548174,2.01263978870159
0.05126744451568364,-0.020487196360674052,0.0034032192844311773,1.8988954737750618
0.028093739756367888,0.030551909554808312,0.021502242714955478,2.0018716799338323
0.05564786738505022,-0.020060647938292354,0.020974012911991198,2.0282886579602386
0.05674297564530438,-0.011230255387485745,0.0010153824434374628,1.9524306403568323
0.06823829863513624,-0.008302892104749205,0.01660125352139373,2.1498257294238337
0.037764525871770725,0.008370741933680412,0.024918423072454156,1.995816318598366
0.07005545389945492,-0.0255049616495999,0.007846320118809235,2.080150921715186
0.04199378159893331,-0.0034479619997675095,-0.0048550682768086165,1.9967068881402597
0.050221647939952804,-0.011943418976567005,-0.006485909216969881,1.8835233657717572
0.03336460228517959,-0.004443181260782335,0.01679582786420103,1.8825295820527865
0.05122784914242367,-0.009592282400240931,-0.026985980809281492,2.082476779640304
0.051120660388995466,-0.043642469978241116,0.01227375288773613,2.0196570887264707
0.02229122968581315,-0.018894146783932433,0.04014647079346532,1.9789614389929366
0.04946137555583141,-0.012379332735483407,0.027442277362666138,2.0442137867198946
0.040274144306891115,0.01211081473406599,0.028192394528345346,1.968679984735351
0.0437784187558095,-0.003683591488345258,-0.007470879695849654,2.000655944115757
0.05526456282203777,0.012705755406739827,0.026721506255430932,2.3726151017515287
0.05291981727832431,-0.04627365893091388,0.013331153923902729,2.4492304286023
0.078827175880227,0.002251214962117908,-0.007072692333774595,2.4603270875801795
0.0820419675020335,-0.017235001296431598,0.008109802949998917,2.4102239261063927
0.0662128693574747,0.007060656727234857,0.027304534295505507,2.4374080246423717
0.0847413933034736,-0.022913823276712476,0.03427905350854468,2.3581086737048143
0.06504594928271341,-0.00805790625760263,0.041409890175511437,2.249788818367314
0.027778407828508288,-0.02187609293373756,0.004756922716248003,2.08544368955292
0.06314487434648093,0.0012310288902369604,0.012094194310955588,2.2425486876137755
0.05252474624145265,-0.009137744650671666,0.006690723152876374,2.327805955888586
0.029101259864697412,-0.020937480497667544,-0.020949431992574156,1.9673271524789473
0.02150306152900666,-0.004919670639217356,-0.007898956599105403,1.9352462291061867
0.03289047803000718,0.009107420512107329,0.000621545680452597,1.934160540428366
0.04855817046174107,0.015269571501294798,0.002471667393033621,1.7613454211473916
0.06480050732519517,0.00884093902824988,0.0041599437561960035,2.0730627274596243
0.046356208213884434,0.012410101428146523,0.0021358805115941197,2.180516140540918
0.04272974307566737,-0.019680850763665457,-0.012143818951504421,2.2241797821517686
0.057406282087492946,0.010170361587980042,-0.003255591964045558,2.2922499070433426
0.06136504725993444,-0.021425288599744442,-0.022309554981452467,2.4284109672491567
0.060554102441314574,0.0006010212063146835,-0.040453828420873084,2.3391705136057763
0.0699724868879299,-0.005810188597517967,-0.012553801332320296,2.4300495211464033
0.04902270639723876,0.008991934134374609,-0.014920588538418562,2.1313555921391165
0.04033040259152946,0.023379460314199067,-0.011977202270476531,2.089431050272205
0.058090013715290933,0.015003389457062363,-0.0543369172622755,2.1117756334562583
0.04130087739883695,0.02611753649590775,-0.04492256127839711,2.0396810670301817
0.06721633719999674,0.028842432990880316,-0.023326828465596992,2.0781903227763343
0.10262412023704949,0.010816431629897162,-0.021431579245048734,2.1525634620747516
0.057174030062743096,0.012303891431413498,-0.033385008879735945,1.9156662031357934
0.005300830716839651,0.0495829334991064,-0.026868386623267418,1.853867097840467
0.03164606293681742,0.04489511160805318,0.020009988096421943,1.651406793346193
0.030627565353605675,0.017805976365891308,0.0029603238722961047,1.7937394499182715
0.04990686140858477,0.0023295328255859677,0.0035170042165573352,1.9031432771775678
0.05336788678466218,0.025009123106126078,-0.01825258183599459,2.513084159223096
0.015486939534187855,0.012140299447358307,-0.02948377071244847,2.5508584107808248
0.07154218454751195,-0.0015504357931514243,-0.009133796599010674,2.3480724804791193
0.03309905984084007,0.0032287851456633525,-0.006124418465529256,2.092287376426766
0.05932230651110674,-0.006520418540076643,-0.015490695655744962,2.3650609612535325
0.00856922584047616,0.019254513683559963,-0.012581151603707938,2.156183403787476
0.037004190770318086,-0.00028707074343377065,-0.00817433883167357,2.2633788116259166
0.04048651437994358,-0.002049792863701697,0.017606465359121855,2.1880232466319653
0.07039944020900935,-0.01506079719667106,-0.029473789492014908,2.1790820177992107
0.014667464342725475,-0.003285264488987241,-0.03135644177140013,1.934373864827308
0.033924251648908964,0.0022137872142778407,0.0017987923279310556,2.271280364322542
0.06089003578346705,-0.027161605445899892,0.005504447960381906,2.22834709192587
0.05611201008552781,-0.013854627790310754,-0.004690081387028461,2.406832560044344
0.06386219078178673,-0.002999938037243413,0.0068151757365785565,2.4604363116594663
0.05513172070578421,-0.011353502224383652,0.013902890338211465,2.343994881597759
0.07385607208567148,-0.0282199853737865,-0.014450607353840288,2.2989564532147964
0.07102659985072575,-0.014897103432979321,0.016948919922902126,2.311462417453139
0.07353821197750214,0.00905222271690053,0.0051035629761630105,2.5465278625071597
0.1060163049660956,-0.0008675946036489754,0.060809369526375126,2.6333804343287817
0.04606224265348936,0.033385064461269764,0.03568169879516017,2.267825381487187
0.09775987316327042,0.04259575059594978,0.08414362665863774,2.396110110926409
0.04999078629561466,0.019162360635830124,0.07687684694528846,2.327314293164301
0.06625579468242644,-0.0034881367305216768,0.06318046614550085,2.4290001225669076
0.05061250156674348,0.023796583078886307,0.02727303930922195,2.4753994564771133
0.027159644391432158,-0.04031175667768177,0.11875534662382672,2.730277922639851
0.03805299196607123,-0.015319049856583064,0.12282435986516746,2.509902228458973
0.0943503081201339,0.006424819724687673,0.13598287777910345,2.895016969599347
0.08538938862858572,-0.0012875355673111508,0.15397231912736303,3.0542277149224906
0.18533599902161213,0.001434781358625057,0.14015258600928354,3.336026658377796
0.1275191165265397,-0.006525180906000244,0.1387214660396964,3.19437764663341
0.09372359233209548,-0.0032084374868170573,0.14630017862340666,3.036168877586514
0.13163265260084026,-0.02171038242229736,0.17168451169095864,3.256279413247069
0.12385009763198655,-0.025944570246371965,0.16354380558550125,3.349944876222056
0.09691018284806051,-0.04147915986845631,0.178413133201775,3.281621969554506
0.12038788360746494,-0.03532631216983459,0.14983549292741238,3.4567190939323242
0.17405451982975279,-0.006706409005587866,0.1877745828332272,3.8935338102704655
0.12079993049210114,-0.036965826282230545,0.14696513820490203,3.387914289396638
0.13702563463145231,-0.038159719886463064,0.1600009722433167,3.463246581796982
0.09534060007402838,-0.016697961831396074,0.12324551820576127,3.201510431115964
0.1153769166913153,-0.049154228683170535,0.16342195927611886,3.3858957374205403
0.11887790121195474,-0.0038716796649540908,0.17559702764834945,3.2021907544847767
0.06968349995096053,-0.003749728022766533,0.18763251906286252,3.0589565275333395
0.06290416725963278,0.026829934691744172,0.18311807356194573,3.285665328668695
0.04953255132326064,-0.00749946366969152,0.1430146547214751,2.947434450016405
0.08433736710109344,-0.016552240684858662,0.14710058231773152,3.0095561075313175
0.11662654239918836,-0.021785572449322985,0.138010743576719,3.121277123953939
0.12978591298936193,-0.037248566176144055,0.11718383280686928,3.05460501833122
0.1503481744485088,-0.031115185217778663,0.11644717256151998,3.2477078406416457
0.11983695650997599,-0.02374622372719235,0.1079474918008272,2.796540005186641
0.07878625751874122,-0.018780081102533902,0.15423149592730231,2.8196622408381318
0.11638976248971575,-0.05841189472529808,0.11563300219517895,2.928374964690261
0.16084682080281254,-0.038965272001062354,0.08429959993966034,3.126660442478575
0.14405555579120755,-0.048879389745352726,0.09346179818154576,3.1150271363096427
0.14189197199470524,-0.014236671803171,0.13273176828273522,3.215875451717618
0.143013877094574,-0.04331104196054148,0.0970892845858822,3.1467378720437127
0.17435727257943487,-0.030023324652097425,0.14414291454542055,3.6379259650531037
0.14847737442793157,-0.011165522882121274,0.1360682342965488,3.3579849245471327
0.14680822940678354,-0.0143344674429016,0.13472236322574316,3.354066366175499
0.14067183096944386,-0.0728412295248702,0.14142697062948742,3.3765603347825954
0.19169554394769162,-0.07669407159567389,0.11334594953338319,3.470822627475689
0.15297288872891032,-0.03286694073112268,0.11461026132422157,3.1041175275190165
0.1451904549314412,-0.06990382337531834,0.107531116616469,3.224469853009315
0.10353655480917527,-0.0603055573852863,0.08734326000877093,2.947781518902801
0.12731258314247268,-0.04668979464193125,0.08145757550900021,3.1329199969377575
0.130005828513328,-0.038627240281726434,0.0657887757381281,2.918611309043335
0.1244554216553419,-0.02270277028187181,0.06257824587557048,2.7712640763996084
0.1373967250041116,-0.03459410400344305,0.07669775583540205,3.051584927829052
0.13821686874523592,-0.056450208484600896,0.09328679903235203,3.1596948342326647
0.13362916847630982,-0.03814980372329964,0.12504808167871737,3.1803391775690204
0.1477836461442943,-0.05995137405531724,0.137823494327129,3.624150287156633
0.10620519077805703,-0.07033907607194165,0.11745436623928729,3.237414881294819
0.10776392737041984,-0.03757148811113466,0.11207870983269887,2.8899739552631343
0.07982286891501529,-0.01868755164594537,0.11430354717113618,2.8876609204864265
0.10926351079914681,-0.040577130664649484,0.14461730271385637,3.069787920998096
0.1362976204565801,-0.05889611903579266,0.1183405773572814,3.1736032004032584
0.08605155059748955,-0.06096710813364528,0.11219122308646995,3.0836789211193807
0.08715829345599052,-0.04649718281958729,0.1107064068907658,2.797338367907698
0.11343227671688681,-0.044643740059254464,0.05139468696183163,2.8000874262579716
0.11185802535999977,-0.061763818548282036,0.06500653005923304,2.744753947585345
0.13101318340091414,-0.04351815630255882,0.0974319847032289,3.100643071093723
0.11707078137725066,-0.04031552574087247,0.10948801787140272,3.0436916940948415
0.1475577595594731,-0.021346559431455362,0.08093234045777298,3.0500879414176514
0.10530239152734193,-0.02907702397877573,0.06170401187510543,2.697532973082566
0.10317249395862808,-0.04105260062168923,0.06928432490424283,2.84350007509884
0.11399619131345035,-0.027688176404900865,0.11057597106194786,3.0164071367763388
0.17311552172963976,-0.02768681107509123,0.08375306688318711,3.1001141898361873
0.15839957055964235,-0.00617860365941879,0.03698024096227208,2.978859144710501
0.16950415368693234,0.013826154036472221,0.05744739909869761,2.9208362397995913
0.13937030724904811,-0.02344023240229535,0.0885546311560556,2.8510369934589055
0.12924826767634104,-0.01818463274750457,0.05345773121335699,2.9210760802051023
0.1738321632057384,0.016404940886519295,0.04306213811822642,3.122727880896925
0.19775299544426342,-0.010109798367198877,0.05089773306911477,3.2596445108827297
0.19072617288884244,-0.009960561634194738,0.08008838743422445,3.245544821443779
0.19033994661331968,-0.034145093082275084,0.040330866676768946,3.0996875294749677
0.20902761606940562,-0.016988157952768524,0.040078927811443704,3.2573989522666635
0.19033344275265301,-0.01263531594452326,0.04598601157352354,3.1588940541217414
0.17745369958948246,-0.027847326342536918,0.04452647807979798,3.0465645147485754
0.18745452682624494,-0.030872419954042954,0.03926962294952811,3.0842792837691677
0.2266588997211743,-0.015827662848953015,0.04092269923622798,3.469237552750703
0.17058442216388237,-0.008111417726104736,0.02799625146158982,3.076489668026181
0.1869078248492514,-0.002537077322747386,0.042064425091815336,3.155152318057564
0.2297330566613827,-0.017707521104366773,0.007498189031658599,3.4712393576984537
0.22560578855905855,-0.017331790900911418,0.014717035287804603,3.83414562291043
0.2412911474832759,-0.006381887084855482,0.02253333134968766,3.7822166821266725
0.2432381101927587,0.023890870676770568,0.04478810219295036,3.740604111667378
0.21784796821424288,-0.01880672954618909,0.047079793178427615,3.7094013943834367
0.24696673800261096,0.0016050611073795795,0.05634586027962536,3.7779037382295586
0.2324797887386486,-0.030591671574339157,0.04862886837351928,3.601948933608475
0.20974084636157556,-0.01969654204017026,0.07835514839458535,3.5299109834728886
0.23258013855959286,-0.006616267093688932,0.08246543031635827,3.4143476941134416
0.2844185663353918,0.01316320181268069,0.06119553625966477,3.9344281829533676
0.2723517812799606,-0.035685118811145715,0.08810534011710021,4.003445600005252
0.251422306684682,0.02614540876505413,0.06369241329441774,3.8000052678350045
0.21047901764716687,-0.0006464444628202738,0.043455278955064944,3.330487553881737
0.20719824931252953,-0.02104787023408766,0.08376317588713007,3.46686189197737
0.22825683159001003,-0.021356438961674447,0.06677399039050817,3.401986851258709
0.26936521030319144,-0.02982347008960233,0.07650600297195419,3.9751919482270024
0.25875150369803784,0.0018391084262088964,0.0330570626053736,3.8563549656182055
0.25137158020725386,-0.04033222958300962,0.06662700038473615,4.052383065070695
0.24439460538288357,-0.023579309595160625,0.07566584507507837,3.5705643354517442
0.21636848584339116,0.009898065614130236,0.05245805807923429,3.2658313853689873
0.23497736918192413,-0.0013168192786494326,0.09129109965711266,3.5083557680824593
0.25061954717067425,0.007478174549938881,0.10355469894972753,3.871281355252412
0.22996644568766966,-0.051241805176026715,0.09094530646569822,4.086335291000597
0.2747057438446849,-0.039007596290224524,0.08043430152255643,4.121583683280904
0.2031514838543052,0.004853914257639883,0.045568925722532155,3.3660792685595355
0.25402162188531496,-0.0031435921167659153,0.061058419005067345,3.766068382584763
0.2218851606673866,0.0015687766668036206,0.03169856872924757,3.486155607119765
0.2251262112609326,-0.019400054817145972,0.08790333714664703,3.699909072616163
0.2111756690231602,0.018340038830228677,0.06697212423042675,3.483199790930263
0.20564490126144636,-0.03417789021464449,0.06620092439344573,3.34514261136403
0.2175489251947729,-0.018820318449113072,0.03292510775642686,3.5406391259431547
0.2540597725335217,-0.0313411879729905,-0.00134274545793638,3.7693001529009584
0.2588660823338139,-0.03419412880714706,0.0017175135764137487,3.871362393668292
0.26840929341068664,-0.04419425784312918,-0.003187655885918584,4.161157419759772
0.24963600099522537,-0.04556382868702884,0.008201438311590984,3.898292675974356
0.2189073132877316,-0.03433483534976308,0.004771487902682499,3.568364854849425
0.25400442594088124,-0.03775833172093977,0.01931394368096978,3.6618741141925373
0.2146316008436886,-0.015416770586640028,0.01652592143747057,3.344680538199134
0.252237662351076,-0.01003539861672045,-0.005262646553239858,3.7221536598464926
0.24284116495479594,-0.024224731587803944,0.02800042943381126,3.554069649989771
0.2456873556913212,-0.040167917769587176,0.020046785346163654,3.6302770927858785
0.27045427090675445,-0.016335262287749182,-0.0033695846241566774,3.964872353637735
0.26367637595574234,0.0117227821213942,-0.013949432853718463,3.575800871236376
0.26321929185229503,-0.0105899555183369,-0.021439905668492708,3.5288718591278023
0.26519979420526246,-0.04439509566083851,-0.0037358019520000382,3.685349404307519
0.29198904470560666,-0.017764254962358315,0.032752690247305205,4.13513076519013
0.2515743632909795,-0.016036874402079772,0.010310442241728009,3.743082405616646
0.21530383325483182,0.015174432350802734,0.008162235437246654,3.387803998853874
0.2142177643777167,-0.052101040148628285,-0.017650003812272268,3.584458840895198
0.2208391332357341,-0.04170519743612359,0.0187698621189378,3.6326456326554113
0.2608936758689238,-0.04283082297855783,0.00638622403470726,3.9924984370435346
0.2096942085572783,-0.033653425744410374,0.0522673327904856,3.5166286442736796
0.1955590485773682,-0.03227083825587223,0.06004300410681136,3.3100231989459363
0.21114616212945694,0.007676550561029094,0.05548988062277292,3.306405731080579
0.21841221611606196,-0.0008570341389048834,0.06092566607158526,3.3957397979666406
0.2422486966634146,-0.039284403394591716,0.020751222973208507,3.6407537633643803
0.19409177230917513,-0.000435450755211893,-0.007034953218966797,3.0742860332849142
0.21059410236601492,0.002252657177921427,0.03883397485284932,3.358297084181447
0.2674591872142904,0.0022652027439698076,0.06726344348133324,3.9726073885468436
0.21125563356562385,-0.005270312720913418,0.06043300265306181,3.649404271963038
0.2336313777478834,-0.011339495897689305,0.07636023137042464,3.751885350633464
0.2437309489592697,0.01566201839214474,0.09709783534813259,4.081626168055955
0.1817651712265477,0.01689537904606068,0.04452927062975419,3.3671729692025463
0.2030736996672704,0.021704266605733803,0.07225535836503795,3.4293598375378105
0.20044423229349134,0.01724566762763422,0.0698698705942083,3.7047034580197655
0.22303453548216062,0.00739875298180386,0.10645855994849515,4.08140850194099
0.268032044174933,-0.02037584743316991,0.0858542322674073,4.309122122636414
0.2645441463569791,0.005975258317616566,0.04356257211482461,4.190149992618767
0.23040854128166338,-0.0028483231291050216,0.07757821093143462,3.908387827433526
0.20727444246516386,-0.007207118491625006,0.08701364492414725,3.6380792244627256
0.22423660176791216,-0.04078644363220991,0.05504447322672064,3.5461939412366563
0.24982137945465102,-0.04013587305495446,0.05070072743195049,3.8726894827433744
0.24263928993639658,-0.020164358548151393,0.07630050049600298,3.8300472728413206
0.2104728735850147,0.018331996459882687,0.07125789639286012,3.706828582563079
0.20958468841480501,0.006643234389326317,0.05108647329788258,3.6265499204907274
0.2192082747772319,-0.0025596629986684625,0.07886665529689922,3.782505229646942
0.2088222427427534,-0.02084812168915079,0.11317785569862254,3.8557649165491794
0.2295798674748587,-0.008632191916198212,0.10928552202249069,3.8672867107310624
0.2266711878891283,-0.004650256002459796,0.06234635789938011,3.7007148502016753
0.23157121593754135,0.0360113963086669,0.04493084398461988,3.3137988963600167
0.23068645073203115,0.0250705278316583,0.030585859317232015,3.296898641737616
0.2606127559281175,0.005886570680704669,0.05856925143574915,3.7817290250967246
0.2771708083346264,-0.007607831747556819,0.08023921937715076,4.0929752379725235
0.23929994386389353,-0.0022133742198166394,0.07155532241268901,3.538704101272083
0.23852064894411182,-0.008314693607895779,0.08552138310926241,3.7751438542284514
0.2899368770812381,0.0072680218434383725,0.0869002289297416,4.063014690614383
0.2619770080053687,0.004786945094810938,0.10283048644802693,3.954073910567973
0.24798970019871946,-0.0069765134608427695,0.1073633609222081,4.286427937636331
0.21119498643083126,0.04799842898189987,0.14210071204658853,4.057380459355881
0.23231135589006974,-0.005896164919057925,0.14134919193386827,4.267937229575872
0.19213665004037034,0.0284789889440365,0.13944506215126165,3.918530430299123
0.216039998989189,0.003890755602371034,0.11121496492083047,3.9656548408337295
0.21122035160016037,0.031926320122367714,0.08007654252506628,3.8305528941133975
0.21592720785379454,0.006034769790990695,0.1485852306571213,3.874543985885067
0.1789304020321441,-0.010229527391812512,0.173366348042718,3.5277262122173383
0.13906952119074345,-0.010727686790431474,0.14125681341858248,3.06117048093141
0.1616392185501121,-0.0031918995873114102,0.11093061805173632,3.2196260519578614
0.18051475539838788,0.014473236477862037,0.10222295333878145,3.1525819878631287
0.19067206466350298,0.01290652427046338,0.1078587487475396,3.1249818272363776
0.20651789614997512,-6.757268706350178e-05,0.12742875610392815,3.5145315955284304
0.1748585397592386,-0.0163726842549185,0.17339006969843473,3.8319796216979363
0.17864689382215734,-0.022668640649943436,0.14640936957280107,3.645852325852424
0.16206377093442398,0.009833902289183155,0.1264972714042261,3.660720587628841
0.13039937913805696,0.039985067132759365,0.09151979003377826,3.2305679130385863
0.1899707111650424,0.07553087004103659,0.10800087761125231,3.900717322784454
0.20898264075809067,0.04367087814661685,0.10356247082677657,3.911976786121142
0.24932664104088834,-0.0001323062355899763,0.07650070799755708,4.031550431280353
0.24644724860506687,-0.010593796107051908,0.08010201471831653,3.9328236888242674
0.1955122576243435,0.015285881923655858,0.12739106501477343,3.8574461255538135
0.2607198229391067,0.02161249671026485,0.11842848211146094,4.140726276705684
0.18764007253132647,0.0016752493935229369,0.0894804677165886,3.4868069366998293
0.19085317991751657,0.010337426711794289,0.10644918313365702,3.6921547704636772
0.18952553899014485,0.008914571925582246,0.06528411444601422,3.280640369096491
0.1933601105090275,0.00726325844460409,0.09662412416085489,3.7037273483736795
0.2420762102282944,-0.005673045351480648,0.11787898008633191,4.0924331707322885
0.28298934523185487,0.035724870860620185,0.10061884774637216,4.156755050311536
0.2715203856595182,0.01702663081999755,0.10757104262333238,3.9587790844873627
0.24192867560027628,0.009856222086181372,0.09247433796928607,3.934777146535197
0.27093257318661446,0.015878875542111988,0.09343657276715274,4.299435079925384
0.14503777995332925,0.06883508606531458,0.11677396104065435,3.612123302194214
0.15213521907587596,0.04326732370503879,0.17827240707205205,3.98756335794379
0.1546243121190526,0.0224062825265398,0.16574425256105227,3.860478907357803
0.11379093110682888,0.05440961622377037,0.16179750440596036,3.595404558089769
0.19178073929198905,0.00979096520574294,0.1770662797976606,3.967254448659808
0.20108539688171595,0.018383083039031647,0.12521376307484103,3.6003260702261506
0.1718905906469852,-0.0165803631493507,0.16936512661891473,3.805200725811355
0.14192907750522338,0.02583130999531141,0.17280319585624998,3.898253739796479
0.13918581781952832,0.08092988685206827,0.2142549915948263,4.529798201944265
0.12352371070975668,0.04380543118437023,0.2051319007296429,4.235102796414825
0.1619929725119511,0.0787270545778725,0.1979519918675527,4.259429851492374
0.14837706150596192,0.10712551714726122,0.19547242079823665,4.097061935787689
0.14550058427737128,0.07338099414203171,0.20691922087519485,4.15241827761533
0.14624549562368006,0.1213951345054112,0.19609092645954954,4.223437100073818
0.15741365173352173,0.09923209024225588,0.2104519752424018,4.1918110241077695
0.16562525660184743,0.13293561825168101,0.24447568471471132,4.762893789742102
0.15425578213003086,0.07520295689801149,0.28178784117271927,5.052162404683719
0.1831391186666745,0.1492066657850899,0.24246782977956377,5.153318461965418
0.20177256912638025,0.1803299705704021,0.2702561677637254,5.363302851271342
0.1631170755792101,0.164625941639539,0.2398951740741646,4.84955951282538
0.16329420151176993,0.1503860738500447,0.21502062492564772,4.563390640079791
0.2217106194847264,0.09609446398162011,0.2230964148907586,4.508737903483475
0.0974152058469887,0.11509079563770412,0.21761825369716117,3.981181362095925
0.1796991193418883,0.11684703753600093,0.2599000545741932,4.797455609580214
0.1485363583407892,0.11130841884881859,0.24533226396152863,4.539456002718873
0.26672268713878355,0.11802295852204742,0.18221791671181845,4.580353025253151
0.2037494285849303,0.1631158151168506,0.20677107510123582,4.712061473052508
0.23482547436849832,0.15375199194573866,0.21563334090179387,4.912391790192482
0.23946315338103424,0.1688656116373077,0.21643231628536244,4.978237213964641
0.2688046471030751,0.15446183498752028,0.1929190390466883,4.906473760930459
0.3067258413855557,0.15171435798929717,0.18321264939803292,5.2008695639410645
0.23990200264196657,0.08031435590471969,0.19513386747816358,4.678465740211248
0.22719499341512003,0.11201718928364433,0.20558710272737046,4.690620655176914
0.1221221627659634,0.10354926008328327,0.20225839052851163,4.326887417356258
0.17337633191172228,0.09584438075212516,0.19917237279491543,4.5485790127880215
0.1951116112146819,0.1268681418460608,0.19062622135944535,4.614733158501588
0.24053530151839925,0.13287308868864559,0.15011615033919667,4.554814702908495
0.23650033262685669,0.07172730981321378,0.14082582356549692,4.353894146915809
0.2761359866171259,0.06444302762166627,0.21089047965424598,4.990002009882289
0.29535020795744316,0.06114886625685575,0.13110464642658864,4.8458753250119395
0.24294009579131726,0.03749595209983354,0.12877902314731754,4.274974683737657
0.20051820572236972,0.07969208766619613,0.11523093482313605,3.8994119763813124
0.21660556820798246,0.02924527278000916,0.0783133703291825,3.603117337760817
0.15407607637336096,0.05148801063771794,0.08028103216306387,3.5316304455877305
0.21303099913100054,0.007193135984702201,0.1299083266851966,4.0732215967970715
0.2252969440882299,0.09534442780886407,0.12936118796559734,3.9933058806588
0.21999782795478273,0.09248579895486045,0.18742355277317393,4.556064528629031
0.22184446064962723,0.09404430582573271,0.2069318728041656,4.684249459998296
0.22977707261194638,0.14438898592339197,0.21593862258300703,5.026236033774251
0.2890563141561294,0.08159749773016015,0.17593618771614014,5.1318870217322035
0.3117391667583858,0.09524955662026575,0.21479151580608938,5.442647662302337
0.28130506771831437,0.09047126146253714,0.20802219080194753,5.164898848111712
0.23235603061283258,0.05101586844072261,0.18129076216818746,4.468797932079481
0.27608503306055476,0.05600967711711853,0.17511310659642854,4.794572100105461
0.2133798781743175,0.058531963098463716,0.12169637572574281,4.0085510905719755
0.1895139547697319,0.05942883622573956,0.13197743930035588,3.986876440337402
0.1915724609300734,0.023244501095977324,0.10436190981288972,3.9096382106339056
0.178565780236958,0.04045335220633375,0.10993292353298836,3.878380272918062
0.2150206913750582,0.017327240864410908,0.08602190894545841,3.9516324571161454
0.18693108565007696,0.01794707647251443,0.046711694412451564,3.82409127016787
0.14940350928653523,0.03460610381759685,0.0881107290495087,3.6160774750464326
0.1812425255594294,0.016911875922580564,0.06974918022389993,3.521254041091225
0.1657808707904935,0.04366610869680284,0.06965371232108115,3.558225621886316
0.15706332089719968,0.06852750576300763,0.08920797931436454,3.6130643998621252
0.18056087009941604,0.0953519387226032,0.10094957233582567,3.958917250106031
0.13548500566252525,0.163554409391396,0.13193514937002532,3.856545270619715
0.2589822815482252,0.12121409805594527,0.1123502937834402,4.438812877281797
0.1911987581059537,0.1140648039874446,0.1226303916290294,3.8807121137842273
0.20861018740220985,0.13028810279003314,0.16427122704707398,4.414845107060294
0.2481845760002495,0.1275693546526909,0.14887399247069039,4.677270383143956
0.24087380489042653,0.07379456563662984,0.12657769590788878,4.208625104875654
0.2396205067702751,0.08697716994685369,0.15723688709072864,4.442339927456011
0.2140779250499617,0.1509946459803174,0.09456529301692262,4.154599324905035
0.17517036777917133,0.06951819181796799,0.03796666560630411,3.693630931868209
0.2562588314664961,0.0875212196255374,0.08361485207029148,4.391773199461352
0.2491544005114777,0.0965685492793014,0.0643481399737924,4.2643736250400055
0.27042231479704504,0.06274082207961237,0.10877583058615115,4.463113810811155
0.24516726889752463,0.024949349840359143,0.07618412693619613,4.284884742327083
0.22142415093052337,0.053609220778083805,0.06507955478090707,4.1200240671496715
0.21347398926017905,0.0971293491052827,0.10052096784189621,3.9374780161420944
0.2111884142667782,0.10084841502324518,0.10340729326244615,3.8570133600707237
0.23185516985858798,0.09981714314125655,0.08321800250308059,4.177490394877731
0.1927647767467996,0.07685860785615958,0.0963574863207172,4.191202296556591
0.2307607703949364,0.08717551442138434,0.06630170187693654,4.0978485536243
0.17593422829868383,0.08122358623159863,0.06548253915540293,3.840358320901854
0.19267158011669117,0.08384396650719576,0.023009862715340317,3.8204441708864945
0.2593871920103167,0.08202839202995792,0.025879519749039813,4.17810813714039
0.2355693559466545,0.09357674849995122,0.03358165109955869,3.946823167534519
0.227886011918097,0.08539790402562215,0.02669828815834924,3.8820802468747355
0.19866866548671908,0.05944849410598234,0.03165625910438152,3.6342136674009065
0.23062628091197812,0.052263168222157104,0.02711175943881586,3.967599854628029
0.25350787338066216,0.06500990798124258,0.03830937179346847,4.173267425186146
0.2323328223496303,0.09020498221845756,0.029460526514640883,4.252937528445181
0.2176711076213126,0.07248637954423902,0.09804075496239363,4.143742341581915
0.20933360250864136,0.07510105646033523,0.09433423745227387,4.047739759870669
0.25052212240637733,0.11587829160111535,0.08606671940867207,4.422736172196789
0.24718545630724828,0.13044888147082903,0.09025946537082456,4.280311230171378
0.2527018436108298,0.10459790514112963,0.09701186791976787,4.399131958331556
0.24627671990485908,0.10017119979580845,0.07456397732526002,4.181525480003036
0.280812978048557,0.12697469990738358,0.10215154634055074,4.605116367737073
0.2767784636405265,0.1100379860571342,0.11101780324016695,4.77098458181791
0.17929558082655025,0.07073541581653302,0.1116081093367832,4.062453909772221
0.22519687447988587,0.08474065372430069,0.0449410011922198,4.022850772011081
0.24509398506781677,0.11296285743657952,-0.006687239850148245,4.101597023647339
0.23662106211970027,0.11780084660312737,0.005097408054483793,4.125700538257499
0.2327281217934714,0.10409895556204096,0.03669220747764687,3.970152469203771
0.2831216491785204,0.09689350543918351,0.05058489086167008,4.3592038539630975
0.28396007701224213,0.14341020920907258,0.030851628806811526,4.454624233619049
0.2277435429469753,0.15113741706046918,0.012476463992967588,4.037991153221143
0.2192850369178454,0.1550986464930135,-0.006979268185640557,4.193668489471303
0.250516447599332,0.09266742256694026,0.003698685229659498,4.085464196754462
0.21466596300074456,0.1183227987112769,0.01751353819850319,3.9940736797958154
0.2142844651760016,0.13277541044266705,0.03909062414291305,3.987925017164161
0.2451675858590202,0.08901812760566737,0.04498667332474741,4.162199366679621
0.19881868326167157,0.07696759447648716,0.00956277627035894,3.73543628284293
0.18367613541672195,0.11544396453480513,0.008907406561251139,3.8011037235238807
0.23919197778189444,0.13138805926789746,0.07034203174260528,4.295151753750065
0.1974569041617929,0.08388866250168388,0.0029209497623571474,3.853555660340279
0.2179433170216379,0.08281257932397008,0.03772936237954834,3.996555210822044
0.22692366284068763,0.11635542705498346,0.05319203842277007,4.190542063157286
0.17738090992102754,0.10587634220534552,-0.011551192786021937,3.8762308827758925
0.20056510216324594,0.11337060983870309,-0.008461179911689522,3.7217959020366145
0.1588615263452667,0.11551846567453664,0.0009549943042844742,3.322768523251513
0.18602335790600333,0.13014667865919743,0.007464943114738192,3.6175115046031077
0.23332435769509627,0.17711173423757012,0.016584901692052043,4.120175908087898
0.24951042956063213,0.13915784503935172,0.030930850128135446,4.204253673341699
0.23441381612996615,0.17521714375578248,0.009727871913729815,4.25249613671517
0.21933559241970518,0.18196062624115153,0.05257961747364591,4.1665727423186025
0.28304608134428705,0.1817419270222557,0.08218581734517959,4.810906418241648
0.2560654017256771,0.1899050824377168,0.0485556088774887,4.637954538860308
0.3085153304359433,0.1509031961729604,0.0047184429762849875,4.661326584581725
0.272603160924762,0.19714744695490255,0.0243127964698658,4.757083464139725
0.26068323598070464,0.17044541763536789,0.0137709162962419,4.589815635313995
0.24341669773578617,0.13541792643606324,0.06711929924590232,4.316557641435571
0.19060159003982494,0.094396383457959,0.05960125937931737,3.985783744723957
0.19527818283639325,0.13865030457744104,0.07500088873428308,4.231979893337326
0.1959239032679731,0.10898416380181979,0.08545420734370393,4.047529597475895
0.2040142837748258,0.13912348179729536,0.07189539306514119,4.176293060100389
0.20987773623809836,0.103183695360913,0.03847992002050826,3.9881361577760517
0.232903006174255,0.12551940316820487,0.04801491587982812,4.3043115197636315
0.25311861244111966,0.13049554201350946,0.0366702963812862,4.291035410870377
0.2222750665663397,0.09347208689196843,0.05679398320828599,3.944788757490958
0.174020772563505,0.08693860002691595,0.04555928146937456,3.410061950063303
0.20822148725980075,0.03682762448090563,0.04769237188169103,3.6841233419844657
0.2627466368814374,0.05741407689202831,0.04624286884868958,4.142191216184484
0.21792968587270223,0.07380723361819548,0.02707310149742198,3.9581770107948433
0.2137971626833029,0.08482979560668152,0.035566124504734495,3.675657986108316
0.2022752665546714,0.06806055892437933,0.04525452313844143,3.749570881806156
0.1774647273197159,0.04603075399139492,0.01615857330728072,3.4354872491719823
0.19590670345235894,0.02354443838807913,0.0253720899800538,3.5491552382656697
0.19535005628532365,0.060153486962030475,0.048987187698961814,3.517390965355416
0.2457520939999567,0.11807891218731283,0.0142974813821703,3.974632934881196
0.2372306179007017,0.06797326936419126,-0.006012493546265642,3.8911127806828256
0.19402092022175516,0.0891093578449231,0.020349874682918902,3.5862289919283583
0.22056070024018987,0.07825715250957463,0.025998916357672725,3.6057761308375
0.22724492289277218,0.06111322574673065,0.04234411018685561,3.617886687984553
0.20685540361327684,0.07417048917322516,0.04716579794606984,3.6099339951171685
0.2115971185553541,0.0706842719712748,0.037436062811479404,3.803260225993975
0.23264081321377467,0.07333969479497633,0.07363755622823367,3.7706344752093175
0.19758079553750307,0.0640879598106171,-0.015608097080431281,3.6167257081696604
0.19391876968447988,0.07292133663985859,0.018072821151323935,3.6265566860727434
0.1590497587378593,0.05889615478178922,0.008839675041848554,3.2000898453077085
0.1891025992010393,0.0542869678291378,0.02272081894530832,3.4375583950671458
0.22388161011538585,0.07277870418822316,0.007757513125530651,3.770218911882717
0.2011203262690525,0.054466113247787176,0.03198951574901951,3.505620784392432
0.2074860486263065,0.07448414936840142,0.017218444900443854,3.7225862468776043
0.22777973434748888,0.050193971110710375,0.04948180180371056,3.699474194027938
0.19259362038565195,0.09280554754172528,0.03444520212572595,3.5453395378935633
0.20619233513831148,0.06303303447979221,0.053557881459329965,3.6856739010589967
0.14982344637348186,0.05864000724952964,0.022957135535474456,3.230975037538975
0.17565666564321442,0.022838946562788613,0.018040073442047125,3.321831618866718
0.20324718022596175,0.033129754304494295,0.007462551901119126,3.5810260695522436
0.21187899106208835,0.045304070480534114,0.052161332510743987,3.5976484965728375
0.23128609712881767,0.05192971178501304,0.05741450839663372,3.8851397242949943
0.21077384289694415,0.05876246469454357,0.0384643610135352,3.7981977250811174
0.19585704843469,0.03464615007104908,0.09194282959111214,3.723588649686315
0.2244287614904405,0.02626612540351664,0.04672543052596879,3.858671120509722
0.23254432834331143,0.04699134857256527,0.061689554118792185,3.7827873981576317
0.2147438711708804,0.06978907778226189,0.06860391358814252,3.5857424411631955
0.16126629655887004,0.05693067063576341,0.03450494772372778,3.092478767345993
0.19908216349309174,0.0755965530558543,0.02074186318664956,3.661125879542451
0.19092464535830553,0.08457800028082794,0.017910927704826687,3.41320380435829
0.21398584422477884,0.06009439102493635,0.03991874336591839,3.510431439240866
0.2158278080816105,0.0715843478478247,0.007092272933494955,3.574827853510814
0.21561358049653667,0.03434262314350273,0.018370952404557495,3.485532092278805
0.16058519204951263,0.0761228483436303,0.03077620568662051,3.268870975081658
0.21538664586211737,0.0639975646741426,-0.03032166653143355,3.7175713252703835
0.23206366374141638,0.05952212427235818,-0.0002802190283623127,3.603894181555576
0.23557729475822553,0.04899870270292965,0.03491908767670289,3.5948950390135055
0.24201381490312956,0.058492243725917874,0.04885727041067243,3.8294257575642447
0.26129363208169476,0.06707577233319408,0.029324323552625674,4.029166568814429
0.23462818285117207,0.06581785408291349,0.03384690359162359,3.7868857859439027
0.17408275084120764,0.0429866253403674,0.03691650352161885,3.3173915168818655
0.17243710714083568,0.09435298105083548,0.020090200555406237,3.2897750352422066
0.2022939155760535,0.05040619698331704,0.022241448214516537,3.4569040576031824
0.1714188398409691,0.08509012778429853,0.058976956648363894,3.339017601701698
0.19654212986980227,0.08676762272214694,0.053836749433698476,3.5255523073303907
0.19562910489109955,0.11566351661771859,0.043278333796097045,3.5932362994990408
0.1760719005105477,0.0718488423942041,0.03250920043632093,3.382593368223746
0.18305598471434031,0.08359250895664523,0.05888926340317568,3.3307662082980323
0.22838500187878855,0.06889419522415087,0.03238003814844183,3.5659716307946474
0.15064895485844165,0.03128392245440895,0.024483813564635516,2.9363774900295856
0.1772231134735201,0.05790550763740513,0.004828827682419049,3.454224240497594
0.1636745300172086,0.09662218148672023,0.021168632282274447,3.4328969226034016
0.15418005159634413,0.08701572986187119,0.03813798945866274,3.342401654070791
0.18441718904083643,0.09073560382465806,0.023526178377502826,3.56142212185854
0.20468704658784648,0.08710441342894222,0.03913629355051393,3.521188119624601
0.15161336558686309,0.05605559278104243,0.005019062989414275,3.191363054534479
0.17246773584035832,0.056860807013904044,0.03358051824172924,3.1102731787346856
0.1781744446744697,0.10829224734275547,0.024139911502082678,3.4038299193431163
0.21501497505053357,0.11686841117971633,0.03208706980516423,3.8195875121905054
0.15798189720608105,0.11849547494027891,0.03370438128072539,3.5322491683563837
0.1858233087546908,0.11339515100104032,0.02498193455304804,3.5431332466431416
0.19180359925424306,0.07590640714651152,0.04577947334237626,3.5504681831390075
0.1864783201300402,0.06732172638450652,0.03803801304400138,3.4199278791549714
0.1807706856440894,0.10305209481988334,0.07205869102736027,3.458252206337751
0.16431906604278287,0.08635777564320059,0.024942280922777924,3.2146887628364382
0.18128982297769647,0.07341196209099468,0.02955065886505871,3.468353552336664
0.15409312611383164,0.09158332978166861,0.03015471733979262,3.298467575146205
0.19209519894383884,0.1118833513975166,0.05394367350041804,3.5238428601826435
0.15654972207092235,0.09107412149449888,0.026594424158049808,2.9984471956878296
0.1569194146690213,0.11073188605537061,0.02762852786689854,3.129224922252377
0.14769999377604012,0.08246553230516822,0.036664567338073946,3.0813283278834747
0.14876065001417518,0.09887811987356172,0.033137628287488785,3.0003368874326344
0.17676906631663816,0.08544828920470812,0.06863068079728289,3.244234907559189
0.1542144215191188,0.07728431590321992,0.026931147715970643,3.2228737899547464
0.1743071979547597,0.06913618199791471,0.06596467592428346,3.1535286232604203
0.18808718959032275,0.10691570240685226,0.04550629191977387,3.2807975618855933
0.21100801236487254,0.0943117675258758,0.06581645796888581,3.5891984637435455
0.17463023710599965,0.06059249784093047,0.05813016475275569,3.1472468450343185
0.2026585538524154,0.05128388704483396,0.0686410246008736,3.243330312932592
0.20640068967268013,0.06934203112292962,0.07220614865642792,3.352657051720281
0.18049880665377313,0.060310876949500686,0.05764465509161767,3.1236754598830094
0.16540100249866824,0.09289886080928238,0.08427933198847866,3.1131330535739035
0.24624388439470082,0.0929990176804332,0.05710707330144476,3.78257995813856
0.21650041456288066,0.05730814120584869,0.04843252535984493,3.567311556603408
0.2190302862660603,0.07712114032491524,0.062445744365239086,3.7850318684077595
0.1606833290851296,0.07109704060828374,0.03997639193743655,3.1458435151514106
0.20024897399823816,0.08581019124319791,0.03550904816909102,3.4060205817073688
0.19875903401685685,0.07979310603169171,0.01585783030396569,3.306355920558863
0.21244267173722703,0.09106529183912088,0.055735784390155585,3.433833970443043
0.16856707036011054,0.06874760218330758,0.04908681602571641,3.117960858393629
0.1501165166113952,0.07199313711271786,0.03343091998862755,3.105103930812516
0.19447422834176822,0.09771852127093221,0.021165655317852097,3.602151880896794
0.19199362633472958,0.07152071597755744,0.01229968685568708,3.3810941555663527
0.15774957110569363,0.0611012821689677,0.013032068623753777,2.9612777941198902
0.18702978822854088,0.0641154295357919,0.03429775809807588,3.149661997863473
0.1485617994944763,0.04022335685028291,0.012508529365223967,3.0462510346591847
0.167337859840561,0.07186187293458347,0.0174734500240374,3.222011694675617
0.1805167096516774,0.07935788339070499,0.02570645044802008,3.4318408455281144
0.1547456754637531,0.11358180370386446,0.007004812547488255,3.40692383424164
0.15465107773895748,0.0667007231591031,0.03758438941115379,3.1087639477997038
0.10482852994445807,0.05837694058483926,0.05578149264900169,2.820701664569953
0.16222984603465163,0.09899964919576319,0.05081395444387012,3.30041051350648
0.14119051502164542,0.05937576518495274,0.05992887671332058,3.079723988451848
0.17504212161796,0.03602806630304314,0.05020268236035265,3.312339816768766
0.1864635042890212,0.04762185916798493,0.00945921108740407,3.2364211579839677
0.18962255429439298,0.11061339924495199,0.006080721063661911,3.3196515911117914
0.2094564720375381,0.11362797477403305,0.052110163373841736,3.615519797988726
0.1753348690516075,0.09413155311081003,0.013359822441275208,3.2094300580471637
0.17324336675814872,0.09971366581743925,0.01979717089984416,3.1576217099872776
0.19495093766793276,0.11923121840267101,0.027269390465909888,3.344437834211457
0.1843008500453722,0.06642360001639522,0.030265228464281545,3.185694057145971
0.20995865490398757,0.09829748696267485,0.011332391074092776,3.372960565967686
0.1959558115683094,0.11477593729004293,0.006751698097374161,3.302737757011205
0.19428263636625429,0.10872700846833455,0.022317313053133492,3.238423876028925
0.192516212338828,0.0795844048279857,0.024323779136655028,3.441252000367926
0.16807003037756027,0.09158701441976275,0.013401228613809626,3.3712401553494398
0.20110170065886307,0.0925713770476698,0.03691675567633054,3.694491059410128
0.19598951953541993,0.1325387090465671,0.02947791251525408,3.6887527791805175
0.17918118839203878,0.1416569771374203,0.0424237675142574,3.728977342500422
0.2149185000515841,0.11448326773634106,0.02424570177128684,3.812662805815955
0.20175432061235166,0.11479035004573081,0.05870635719409818,3.7250710404068923
0.17263262209886457,0.15653017916037024,0.0202133970848691,3.62931558033467
0.17952681358530198,0.14199502731663183,0.03208271983553475,3.582994022266712
0.19713820760692422,0.16015667257415717,0.04928602882849751,3.8254939439888616
0.1825683899119017,0.15104948683940167,0.06377655868356494,3.618692670026621
0.18836485790659235,0.15473312201695105,0.03482963961654771,3.7047475760394537
0.18716136314940854,0.15675109378174185,0.04807941878377944,3.6527155781166742
0.19325907360840708,0.12490097066809616,0.041919182227496875,3.7279141847036272
0.1645581228827581,0.14170958078770168,0.028076993545588326,3.4692766699313915
0.14029182023940096,0.12217667055817101,0.017195370352695853,3.371477098216317
0.1847768692358031,0.15177953398222813,0.01577690050449969,3.5984194575170094
0.1903172056609682,0.14360489516346256,0.0425466361572355,3.6944257565726266
0.21936090381967302,0.13002199506738474,0.0519323220175796,3.76709609468376
0.1343643601592856,0.14368812886766802,0.003645583726780621,3.2917464818601188
0.15247759392676147,0.15156341736781778,0.005923191305363108,3.4023720346914748
0.14739143990765438,0.14877078769892332,0.04507177985390358,3.504327144091184
0.14902402185856917,0.1500750552043321,0.011176655112589823,3.29469961042977
0.2192988059089872,0.13628384702726126,0.02668195215363712,3.7675967229394987
0.2308245028793179,0.15499887694411665,0.06775750742756084,3.9660558260669565
0.2288234667765337,0.1112610309233538,0.0625476597148188,3.7636661264344857
0.24312401237043138,0.10043774460505364,0.03597896782990455,3.8371811764403607
0.2358870123217022,0.13849650026551705,0.022305175465999014,3.891562210943725
0.23068730200190946,0.11808726239139283,0.0447045302941007,3.85279215116595
0.219046937172611,0.11865303413051913,1.7503723603933487e-06,3.6258655486019395
0.22819489237053797,0.1570328636215023,0.05952313046922203,3.9198031396587996
0.19895344712698113,0.13638330377778968,0.006259787323361763,3.7314085600252453
0.2018685955384815,0.12759863822507808,0.00632667667348329,3.615585409165566
0.20742878031938486,0.15132625586657153,0.014558827945657415,3.7698759568299343
0.21063880360365655,0.1282592805395902,0.027252392231314353,3.6834652060519857
0.18019786119946615,0.150336787956371,0.027334357538936635,3.6325148744477573
0.18801032913955376,0.13456421846039296,0.028313711624641465,3.545256334040086
0.2116129318056291,0.14144245882919418,0.01097770738896378,3.750130484125488
0.19508637519773606,0.11656940389543927,0.035318998150644126,3.5237279931441585
0.17571888874384825,0.14479416601100695,0.007247001835962652,3.500840664594902
0.17855114266799532,0.11291902832747644,0.0008724351095929363,3.4572312155676057
0.17544298633658642,0.14304463004715012,0.02253528116595536,3.515611469643807
0.17267665773920848,0.12385655817633485,0.010180790225524627,3.504819259259463
0.16107024357382316,0.09938653465902542,0.0067120309969519575,3.303300535947524
0.2172299262016236,0.14087030319224478,0.027108345973598916,3.7104736351805534
0.1708298469086228,0.11882247350018459,0.021408452594048367,3.3633917675445066
0.18651552992300413,0.15331938514165772,0.060093659158886176,3.6327141571556703
0.19028534455412027,0.1632134129344382,0.03857021161602616,3.684084843933132
0.17298354996924248,0.1092132027303843,0.02211465492452871,3.3477672762694364
0.17257840133500602,0.15420125780955485,0.07824060211187013,3.7045476836093347
0.1356275836201062,0.14217551567835388,0.054188244314873756,3.4447588113817136
0.16820654869619708,0.15053798561328854,0.0764915699602327,3.673584934458947
0.15695314972565866,0.14405823764626596,0.03760071690639566,3.367797147149566
0.1616945136173202,0.13001200076606048,0.03100200526323692,3.350401390422822
0.20515517318025137,0.10279762430674776,0.002865977247288703,3.557047752657146
0.19393402108465566,0.1165689131226575,0.00710384129580492,3.4862091207006327
0.16575006656553345,0.15052199167594715,0.03368530929248432,3.468925639464579
0.19262661295726494,0.10916810118099679,0.03379076670323083,3.501323108438779
0.1892335892148499,0.1494214794724142,0.04045303109961452,3.551719708571229
0.20240578524283365,0.13259627267617596,0.045310311071605235,3.5978162236622526
0.1882404007778828,0.14625740720100835,0.04185858677995373,3.6982783098466925
0.2015437826815511,0.13609642489749046,0.04036800825879382,3.709041446687697
0.21501830129276892,0.17362786736879227,0.01870416391073304,3.782302363211081
0.1628797901752075,0.147600515312572,0.03472905163895415,3.5533007833890897
0.19038778598130565,0.170178162821118,0.02173016714892734,3.7434219855014823
0.15743357667178667,0.17697951219566777,0.02347750909305176,3.5584165786277406
0.12021609351592472,0.15843020075798925,0.06887816358580971,3.440650459033832
0.1352336312707915,0.21076114611879196,0.06704339162909398,3.8042349898904155
0.087437886983061,0.19967485298922644,0.05353825987089296,3.5063353414547294
0.09384124881606176,0.19018126518514628,0.04916499898530587,3.4612392720584033
0.10396403634377305,0.20415139392814294,0.10191281655825776,3.7457512104184114
0.12519285331327648,0.2341983241936588,0.10085600437155756,3.8422749111621766
0.1006665683143032,0.19413302026767526,0.11516063947616503,3.474612664706687
0.08871213524505113,0.18946538632497784,0.1178204141802873,3.4271744576476246
0.13016504380851548,0.19693538110853384,0.15957854643886527,3.956264479654701
0.11268292282417035,0.15036284710568643,0.13442741856834461,3.6074526917878043
0.18810406764122226,0.14630551242234727,0.1538744526243397,4.037721773706115
0.18330456843551585,0.17494911064203822,0.13958327235246024,3.876481297850109
0.14242300778972752,0.144083735892502,0.1746417339192201,3.7569038966539816
0.11398978113875388,0.19103479461638437,0.13603866293571468,3.6770105884271023
0.10730758668777504,0.17291900746434102,0.14966536859280272,3.579145004032947
0.16137216068474816,0.13710704800174559,0.1551030863457591,3.6979543887380166
0.14993545295728847,0.19414531012930136,0.12361550463534081,3.8365789172862326
0.17893088778358412,0.19007728938032595,0.14543547105908325,4.223477056766342
0.243908673128118,0.17037108740493037,0.13301053251792713,4.26717150736001
0.26453227318566375,0.10713117548922113,0.14528162327300406,4.369936600613711
0.2132149453459272,0.10942965483329344,0.16542725444034323,4.050399588231049
0.22582986988628834,0.10144678962514345,0.17252920811670538,4.202327035781655
0.2339646256930088,0.1439902660625743,0.12261506409241005,4.008601818760287
0.2060731487283476,0.18164591001073727,0.09767234453961247,4.03401667240548
0.21356258922854338,0.1445409078893975,0.0675999505688523,3.7446158178937305
0.21055380397286413,0.1583815006903005,0.08489434291517409,3.966269863754394
0.21125450339379678,0.17434998741293142,0.09316956496786875,4.047893878641971
0.16548056083079968,0.14294289999392426,0.10381302665275853,3.6656202175515125
0.22681105523573228,0.1594666844505913,0.08388109823918222,3.9797916695514535
0.19727915209735583,0.16464017278268464,0.05180867244415074,3.726642035412445
0.15709503024099497,0.149504237516145,0.028765771220282593,3.4125819213837327
0.15724077906496306,0.18138676778108875,0.02579117722192001,3.419493586340477
0.21621327151676759,0.17662675909792885,0.06014867634417837,3.8235884014213903
0.14971791090065273,0.17834846295050152,0.015042782471295315,3.450449095427268
0.1710214619249618,0.1972965803118917,0.04509049512751547,3.687915922664066
0.15686014878604282,0.18590158580299684,0.05527103568086419,3.6153391520394607
0.14807192188694374,0.17772943468628982,0.05033702497381766,3.4620131609053635
0.15732032142431063,0.14939428213114048,0.03458521850313191,3.361734101379753
0.17153294453246584,0.1603480033359395,0.01728413304307645,3.4409444135411986
0.16966536290476966,0.16395904561023875,0.03872262399830914,3.463192999254805
0.16314648939040813,0.16713780493207228,0.08662747018547454,3.7299173380446344
0.15165393464045923,0.16643310975763795,0.07898073015590062,3.6091737519535805
0.16077027506330588,0.13515866119756667,0.08994799431363064,3.5140876046692484
0.18787763216455855,0.1743348291760861,0.13441345960336412,4.02484202835678
0.21146425585811504,0.13997029926599572,0.11259408488285336,3.9529953790230867
0.21015783155204215,0.15127394914222975,0.10151635417951713,3.9723511837475907
0.1955168152559037,0.13329267224745228,0.10576364815046813,3.7636023653299384
0.18283728320982706,0.11785336580020407,0.08463139500903481,3.6156497105298357
0.1730323717238189,0.1587782062884503,0.04818433274349486,3.7347683320302107
0.24317694291027014,0.1303754741686103,0.07215122118355953,4.049754175720051
0.1871305615334926,0.14637327400563016,0.07435687332631635,3.766510346755325
0.1652483306920106,0.12595491777219478,0.06562262608365287,3.596758993882585
0.18458615358158742,0.1643074174752141,0.07580062194170092,3.8547321456850394
0.17081717341834213,0.15744923857760457,0.07050964498776288,3.76501379879436
0.17028246204135664,0.13776732766426994,0.04977602010657853,3.547230955762822
0.19969328342563655,0.1306610152459517,0.02183763147261728,3.8167508395339116
0.20599662979749941,0.122366269754272,0.046424588942260744,3.873227085636984
0.19201125812204273,0.14312508233353796,0.04093374743239265,3.775002947153787
0.18982971596474663,0.1719126989912507,0.07988544300127887,4.0115379153133
0.19513523500053498,0.15332882824751784,0.07608558738212479,3.9732403918046986
0.21943323845757814,0.15654416438422464,0.08822556256514784,4.05366096312531
0.18913678748402016,0.15156746831835335,0.07870670692801442,3.7248595752942224
0.2271751819348154,0.15261867293070605,0.10695269197377819,4.040320167310005
0.1865850353721753,0.13544587287206133,0.12745164134759346,3.8888236224395323
0.25792286695439504,0.14810961020842198,0.1448806805921193,4.372375542581423
0.21634945231703337,0.13376201668085871,0.11602285906319741,3.9302496309327055
0.21305343548032232,0.12921698478647115,0.11313960390484093,4.020025265162999
0.19621747409843698,0.12388572505457635,0.14039526753414674,3.9943308079684487
0.215934437974965,0.14187945138109676,0.07306343662067394,3.953535440246784
0.20599068726701947,0.14750937948111548,0.07141930691190741,3.781185823535501
0.20879187906288144,0.1680417484956275,0.08072496416470652,3.9249415162548282
0.2244330746763038,0.13965112822189243,0.06430636195114431,3.881695605461176
0.21266269241244865,0.14533494663626353,0.04955100874683965,3.7341396752367406
0.18094582199849035,0.1401109631743027,0.06362599027338137,3.612956024529654
0.21224569129166695,0.13539803569835399,0.05040847775421845,3.704499583235376
0.23209015363956872,0.1547272509825994,0.031839957140435735,3.8456407117216473
0.21478467803706874,0.12636446149723612,0.04043506469408164,3.7678478961443482
0.22602491436561775,0.11755884772165041,0.018950505831278986,3.7506244000501896
0.2150740602821785,0.1521379661857694,0.03523618805354584,3.8462970759147335
0.2402518217538142,0.09883488150837716,0.04282053291529438,3.7979605413070763
0.19256260224870517,0.10190512065315933,0.04229737073839025,3.604008245150809
0.24086424718857957,0.07447739258200285,0.02616526231273503,3.7413314994615177
0.2222650883214463,0.12182234077385097,0.018269455123218203,3.7655295779232145
0.2138510216274165,0.13193766374294985,0.03707826354496832,3.6418668673010695
0.18408833338434685,0.1347259375921656,0.021084359414972442,3.5048629640377498
0.22300954956805583,0.14850430484717286,0.05178651503696047,3.932510415078689
0.2098275219704956,0.16520400030963125,0.06327578851505487,4.092401617641865
0.2545368221220451,0.14809614642710595,0.08841497861545618,4.339603659306248
0.23521651240172423,0.13869130022999002,0.09285326289860205,4.132830918333319
0.2523272506375546,0.15500055815990477,0.10639426898572468,4.3387269157736315
0.16662972253001335,0.16350839767364597,0.07734866309754351,3.8117788086636573
0.19808164897078342,0.1648868658992078,0.06618064504256696,3.8504929048163006
0.22936965020114125,0.12891812361171906,0.0362336614283566,3.9221100063762404
0.20211920680287856,0.13517165894253735,0.02962664474120022,3.680013978511278
0.2362407103607729,0.1372509901600519,0.057925243549874994,3.9261977655727804
0.2177013899325394,0.17023461835574888,0.015276283585422126,3.9426235402028187
0.20201296703283833,0.165348948350538,0.03968982493621331,3.91760625878006
0.17296555024637766,0.1290782650629184,0.03515057028292402,3.5362969853516306
0.20749409191172308,0.15005073848984962,0.03460542598912667,3.729529744705152
0.1950243378561324,0.14672119903396158,0.05141456421363802,3.6597609752549123
0.21136631894830266,0.12997057426972142,0.014173677565214392,3.510706436609271
0.21302379360494844,0.1417118732606049,0.04616000917144942,3.726053424116668
0.21475794695894185,0.15323203836442198,0.055153609069698406,3.753806306169566
0.26023808059155684,0.19902084969121656,0.07295123446385673,4.319878001861788
0.21187125346276925,0.18581890221884126,0.09160672011757066,4.045207018722595
0.2334805230761809,0.16349911758082072,0.12256655218334385,4.245405323415812
0.2051997503630642,0.15939141386255073,0.1175222946552393,3.986288790322903
0.22818642873313022,0.18444005373010808,0.1418297986856633,4.5257956255345695
0.23572768641747643,0.16610774871602657,0.06251153232677699,4.217905221845442
0.2241216594274985,0.13948930748668711,0.11341177608651798,4.276617786503824
0.2576055787868527,0.16760139882386432,0.07890933369004426,4.389445942290404
0.25754534065004553,0.19259459329453804,0.04133220755667468,4.383266466932782
0.20745328701721752,0.1973894192479118,0.04822478671559842,4.080312131027716
0.20275715556579763,0.1611021695718202,0.09233183443516299,4.014816992395825
0.19843281066995352,0.15374174912217267,0.07981498512222338,3.8234666336668526
0.24504520100843497,0.12050368674830265,0.07907013349145263,3.9092775087623344
0.25704086835633977,0.12632083203162026,0.051943021161342036,4.107479493636819
0.22828023195632136,0.13380812391058666,0.041217288383019274,3.9585990127470065
0.17967999951692243,0.14058997761951567,0.06588560516857439,3.7279781513097237
0.14508518659958805,0.15048617049086585,0.06863307282207287,3.6575501825428303
0.18908607987389067,0.13297770080778518,0.048312688336123434,3.94414735373311
0.232304026731157,0.15972587400573424,0.08694817502037386,4.072390106978072
0.22581819815560542,0.15399445779631074,0.07830237904177305,4.0634338710759925
0.15828054773705208,0.12546714448164573,0.07019759742617766,3.603192707525394
0.1870511598539999,0.13105028378547873,0.029578518510847383,3.692188585038344
0.20708880441442476,0.14288806373680293,0.03550326193626997,3.7847614194257235
0.1873759261802086,0.1675701743677092,0.06397151500415474,3.8223577270537423
0.15818620995162463,0.1409732556756175,0.0821288495715028,3.7154104784329216
0.18885841868460984,0.16110901095704802,0.0775546076887338,3.843374432308391
0.21141452230658359,0.13733999112492332,0.06511312681585303,3.815859149586726
0.23671923181866597,0.07459230853540372,0.08584997739491002,3.7926913132253044
0.22288045264277292,0.09717811412931862,0.06467985901125609,3.923422098707267
0.21826160414081955,0.13913898404064043,0.0493279503343529,3.9564567544040514
0.14028746119260876,0.11394599549466439,0.03189175204914492,3.5035500649539113
0.20577069339882623,0.14083967803078928,0.02968626943898231,3.863542564148612
0.19977679070084395,0.1297938806289425,0.044604253013403095,3.747868644802114
0.245893900609443,0.1297714896199053,0.06165629476014801,4.074485107113196
0.2091078315438949,0.08343313882172756,0.05904467868568998,3.7878082239583617
0.1813745655572098,0.13846959037107506,0.0506423133953477,3.535550914173506
0.17070682223553926,0.14194112944868714,0.03240402656456799,3.631764252610745
0.23319185360286218,0.14517680116019216,0.05579561841374046,3.993253614599475
0.21405475450890726,0.15884381190970892,0.1232964287560884,4.1309849484143975
0.19037464956366942,0.13632987580938663,0.0981625911380961,4.019025145260913
0.2623272821505139,0.14522472751516238,0.1278665028740849,4.533422617873592
0.23103439582786667,0.137832960883141,0.11803651886361947,4.328449468215047
0.20595927856794255,0.15365026106155652,0.0998914039360886,4.2333694876755965
0.21983504600398565,0.1460610246854259,0.11063575210606262,4.361225416831713
0.26028189609905056,0.12846912799628674,0.12279524516777855,4.2160760019206736
0.2084489160406818,0.1588084796513972,0.12199493397555242,4.066689207115995
0.23132166961924958,0.1524564165647407,0.09727119080249141,4.189574313165728
0.19906910140145004,0.16336852489679937,0.1251084640142811,4.284448484997983
0.2561459577744233,0.15391029303832587,0.1255057765241532,4.52745034445074
0.26026739026587037,0.1529223739417787,0.126194468755255,4.597628188481649
0.24106007610745178,0.1312416538201261,0.14953664432532324,4.4644086768545295
0.20179323977705954,0.14363942606169547,0.1321334235206412,4.194429394704801
0.24066099603614644,0.1573437484043641,0.13703053287363182,4.48635024732633
0.19772395079081068,0.14995120352703858,0.08943424511425808,3.890089680392991
0.20556993642824503,0.1961419792867103,0.12867555339874914,4.461329569130222
0.20482150481711203,0.19253934560944772,0.1094945569250852,4.3232221180618975
0.21017356323934328,0.13760887699381272,0.0828336821448927,4.244573254472436
0.1919653713355977,0.1680983182233408,0.11959156396519348,4.235216880996588
0.21775172237219323,0.18095787094247728,0.0830254122624037,4.273673217346416
0.24376487853722645,0.23904051318904793,0.1546749544842186,4.8400180984413135
0.20873572217072944,0.17199710653437852,0.1514515656629177,4.295684519533397
0.17697804697102376,0.16964621550186348,0.12312813586079353,4.052387188706234
0.2260109011457816,0.17694501997781256,0.14114510009300998,4.415842730195297
0.216748035808061,0.19510610145249815,0.09666345294934606,4.40230319171012
0.2015879668321661,0.24035744776794785,0.17026284299357486,4.791357097850255
0.19776615448078017,0.23211534787029636,0.13931668258449587,4.708700870233722
0.18413709832712852,0.22877655568829752,0.13485385727362725,4.684207485331288
0.17607627885144383,0.19172978069920277,0.10203824848353567,4.329895758447891
0.18093586800117084,0.19687219921552823,0.13993806540416406,4.384587641073943
0.1808381594344153,0.24775322414593343,0.15081857690523026,4.559679830304454
0.22019288871486842,0.18273893191981114,0.10544942827865679,4.275641585957832
0.17764018470660642,0.14792335672669907,0.06776294184625857,3.796988859983239
0.1942910986081822,0.17345488900541373,0.026031067989597423,3.9280245498225588
0.18244642551532977,0.17872067576219514,0.11210150032741294,4.0954497644570855
0.15082130594331652,0.18299880838933075,0.09114984605513894,4.053352931155107
0.1521439524214115,0.1732584460418198,0.04940801109651194,3.8550401139759884
0.18644995533480316,0.14464190578663488,0.07291345657313664,3.873564428084482
0.1683748313823531,0.18942283799127255,0.06078782663860371,3.8805036102159574
0.20638215384909397,0.17767087419079736,0.051216637028488034,4.024283535893284
0.17187082700697953,0.18945499024934867,0.045406728462675995,3.8625571429209025
0.1843983107180931,0.18506276721230827,0.05437642334884792,3.9515519320654438
0.1620248592585131,0.2224306614742552,0.061829838932989656,4.065780091494351
0.18769604553138586,0.22489334963911994,0.07396027032637453,4.2430502478291645
0.1260384666753781,0.23144148944109044,0.08108745630701235,3.9731519680470875
0.16414519054204618,0.23843270742498207,0.09548161538492246,4.287608926164519
0.1878741101100466,0.22107279962807216,0.1075719894978644,4.321538887840071
0.1743744603450112,0.215134573342984,0.08477613021564431,4.095386777675068
0.19836345640660452,0.20054207315752445,0.07715841616633916,4.318093321640438
0.15705307314987207,0.19655531461234282,0.07872540127238467,3.8904668665249877
0.14977073291457696,0.19143279701188742,0.08018603034617663,3.8499722736588677
0.15769750205777291,0.2274799625681424,0.11334333880796287,4.197442987291687
0.14596033148788293,0.23009597587299896,0.10877554723353532,4.074801357287536
0.17890704155576356,0.27152900843475597,0.10590619533942669,4.425921150884851
0.16202743812559203,0.2687636922620654,0.10718165122624629,4.410773198624166
0.1954576429581267,0.2829496288424013,0.12089027430893677,4.7182851347423505
0.17353659388118878,0.26546120289934283,0.1328902496044693,4.6077359390385455
0.16904355660531212,0.24390364628468325,0.14197436084957646,4.507476429002682
0.20147506281812616,0.23039886308634605,0.10791258794907335,4.499981792583105
0.21129261680799633,0.2907530465369457,0.16668743437344524,5.083076656503783
0.19360168570465638,0.28205804888776675,0.16007339828138092,4.8877326325088655
0.21399859700338336,0.24066042945373178,0.17000214899261512,4.980106651392094
0.19492715685885825,0.2475046892462092,0.1602904533095175,4.635364578673495
0.22803988384462887,0.29345729676596116,0.16401251339275733,5.153871921328169
0.2274818481281458,0.33057424838055116,0.17581932516183332,5.443000689925737
0.24274134019536675,0.32768372004803403,0.19529525718233978,5.596757371611258
0.24805590501937522,0.3162161990191275,0.17134562271081386,5.397141141427581
0.1728167545832615,0.2868838247114073,0.17721530502934957,5.0464100416092865
0.19584414409173334,0.31219902626673185,0.1852171457502941,5.233356942151481
0.17281456158014238,0.24324109611286465,0.19019528686373402,4.682922696073531
0.1804147994582634,0.2586611581193937,0.1269614299704932,4.502775405889465
0.19712414146914864,0.2585898928670439,0.18152071824322114,4.788552386688285
0.23383769964392867,0.30642825555449454,0.22698489846313452,5.510246081658305
0.2300673488545412,0.25791812061511665,0.22844248753696986,5.320422630821843
0.2193814252175204,0.21723837780870547,0.24796393531767122,5.236641229499799
0.2001305141717717,0.2695833024083896,0.22760475395612173,5.26205016374836
0.2799163874521282,0.21839001121650395,0.21143863799107546,5.276455435116236
0.3004274516569128,0.3027348332505065,0.1939316750990727,5.755916341493821
0.20565299193631156,0.2973274291696333,0.16939875257816622,5.188856958818846
0.22436090616846557,0.24800497205112493,0.18309608875351938,4.97407833041736
0.2035699749354948,0.20997504349398496,0.161408190914631,4.546067644516954
0.19569403656737888,0.19886203074843284,0.1535076515034976,4.431324580537982
0.19432194327138555,0.22858602639586537,0.18443148508441032,4.755992785987842
0.19073960548981722,0.2208826067278044,0.19327575768089436,4.885453733676979
0.18461869065984707,0.2567482528449679,0.15929903656934452,4.963141267491042
0.20905625785541124,0.2333707482343193,0.16277932073479268,4.775259575190072
0.269863589214143,0.22471923300782312,0.20432012599811875,5.363659116127983
0.20483025236865965,0.23317733160788148,0.16395670134053061,4.75578832778788
0.20527055570902217,0.21110840362229938,0.1470593590860594,4.473472916480669
0.20323271623638522,0.2001099699718533,0.14846517655591732,4.379763913045653
0.21883983244091448,0.18358871285918843,0.16821080652671092,4.436285574356939
0.1576753751273835,0.26364956483410007,0.17157087457271672,4.758489104409865
0.1372551433963825,0.25096213488176455,0.12444864963480337,4.495279156844196
0.20381311228636054,0.23623160261011716,0.1695166422679504,4.842613344553219
0.1932551001390579,0.2370091361107367,0.2243011598668934,5.01690901432145
0.14983831095158215,0.25895213816631707,0.20279854313777074,4.889186488855183
0.14988667467461056,0.256321972911486,0.15630435478551025,4.604219650999639
0.21766676810374155,0.1867200500374886,0.16997821487345274,4.5999739716228225
0.1851175484765394,0.21036053300393673,0.1176387079179737,4.399554690822921
0.19910613927644746,0.19235206853913567,0.1254269913969151,4.375461870761437
0.25678346227810733,0.1699335099450574,0.12736141716925767,4.631446990924841
0.25022084806272255,0.18473000819013025,0.13187458071670455,4.6174447442481155
0.26010410112927923,0.1779925944917277,0.16058414637654053,4.832287866164744
0.2604848400674845,0.2042044231252997,0.1364314015454682,4.841909392769697
0.21711853479561635,0.19475898656767524,0.1486431726990757,4.501253793757499
0.2169418384380733,0.18808552256242184,0.10623692606874748,4.29419570443104
0.2187033347922529,0.17464649774896263,0.09505461778562481,4.32411720094907
0.21993677370697504,0.20599714575460878,0.13994473936557802,4.740621477582899
0.23624705342844607,0.224236109768166,0.16193401782214784,4.835119073678856
0.25189634413994805,0.19187557083232626,0.14130899278534598,4.783197231449134
0.2270570875894831,0.19079385923706546,0.13572156778409214,4.635794573533298
0.25202153330540095,0.16413003868738776,0.13590463377263334,4.7771129377842
0.23367685257720405,0.17552138884564253,0.1456094057203178,4.597671837073856
0.2770105013810211,0.18276738116880786,0.17947115777924194,5.025676979092512
0.29655062591488507,0.16933365447558038,0.10642703226903032,4.77319459946135
0.22989920631992639,0.12629738004576024,0.1280019249197252,4.40925006829233
0.23845386371678315,0.12962578759238283,0.12182494374443564,4.480082937966299
0.19298085655669656,0.12588948760990132,0.12853911594850534,4.126341951732984
0.14134584283586796,0.1930876693331363,0.14727628799035686,4.256176015068189
0.14278787634513035,0.15225125408619442,0.12363639445614596,4.103691256157744
0.1755902779530997,0.18148855074120013,0.15498710076705088,4.4785175458687
0.19765237847817152,0.17831307976855737,0.19046533631048804,4.693624679631546
0.13016215979319629,0.19029707744044286,0.16819835179999082,4.335367438917187
0.1633660384356931,0.18042107467782853,0.1800185225096627,4.548957201920991
0.16349203918705837,0.2052273286645371,0.15263036587553874,4.4361669413503835
0.13030249201394953,0.17452764717222416,0.1916103434658705,4.435165594160177
0.1291889279298654,0.18538141591735252,0.1827593394502473,4.378993042840599
0.22897355649836504,0.19308799624903833,0.19253986441370438,4.829530582961605
0.18549946737681905,0.17735617013641944,0.13020606743645696,4.408411411603721
0.16433888397643978,0.1902694669719912,0.12952930274995533,4.367822679068638
0.1629528624158079,0.19893501994388874,0.12846602060831053,4.350478956670135
0.1457300461676672,0.1950749557566189,0.12131606372903318,4.274839127941946
0.13132637475461706,0.18006643447250695,0.06018375314053209,3.9448769247785993
0.13852029799587454,0.2286155057260808,0.08133142955650415,4.158778365282654
0.14136283669072894,0.18874247553142762,0.07935984238266322,3.974601297926529
0.16780044781513925,0.19904879005850273,0.120072528807894,4.34687802472462
0.19600986599883283,0.17878584216184654,0.08433534213486896,4.1940706180075775
0.15683651330849416,0.1950741522159194,0.09054970070589446,4.198687344717773
0.15794870653149287,0.2309255300547489,0.11796554972786212,4.479590115297802
0.10979903767391191,0.2624477109328982,0.12078233567590835,4.515055979792447
0.14285810350241496,0.2655185237388426,0.15741269796110222,4.769930478431901
0.15461794970901985,0.25156066052483617,0.1641709531466631,4.806645474544203
0.15072191490057563,0.2834428752767432,0.1779227413647789,5.0507403490021145
0.16506698986039883,0.27141445312267143,0.21782785725541454,5.253233403807108
0.14021451464277024,0.2723629530705083,0.21280003772029765,5.1893354321900285
0.15870703747775305,0.2751599958881808,0.19434222264342785,5.296326892017731
0.1495922277253428,0.2643725050045418,0.17460022703541958,5.12601504616117
0.1174014357436715,0.2561952546397953,0.1860113286089348,4.872063832053945
0.1983678827515683,0.2472894396354568,0.1872700298252225,5.1393048707589495
0.20071157168447515,0.23182450439273794,0.16645695638380276,4.871620179048449
0.19234345262597735,0.23825158532042026,0.193410771029191,5.024704121259079
0.20535438521971883,0.27720845148580425,0.1911442875035511,5.325346734247301
0.15105854021346177,0.26657085336134295,0.1894290203235815,5.12849593880905
0.16003794914673544,0.28265558467251395,0.21816489767185349,5.4730244296277375
0.23747633621081762,0.25074651906582546,0.20762135842049642,5.498170608625987
0.28816686882953046,0.22262348022453643,0.2165308123671346,5.579728652247198
0.3124092993939647,0.24388735451015048,0.2098014335149844,5.949666741196257
0.26678461024829986,0.2207530052304738,0.19635243761276056,5.410533920404802
0.2291256779973389,0.19784004821071594,0.20520371880496105,5.13770409062708
0.21586958262263894,0.24343620091623683,0.20712795641169487,5.355273922487942
0.17651197137846175,0.223383802880394,0.19988026694737787,5.010751610595349
0.17208582000589612,0.2477287901288718,0.20934169740627437,5.1870288556771085
0.15107421487988723,0.23594886433196507,0.20096419486582326,4.861914375547039
0.18992802219624708,0.19086175597391106,0.184293853752611,4.825666205170942
0.15261612425118726,0.26347082477522915,0.23013581002694497,5.323989965654382
0.18740563104392446,0.2377366785181641,0.24510998000793816,5.505653229586831
0.19772487751509354,0.22908330414051167,0.2068636583970179,5.222632815124717
0.18586088665532113,0.22682277439710286,0.202907566444807,5.107988515444828
0.20626145120704792,0.2472403223532011,0.22061821833864242,5.493379544997978
0.20941356817539697,0.21743889600772998,0.23671534734308206,5.293375472257747
0.12181543006876519,0.21455247745690123,0.30049059798651373,5.418452037326423
0.1605344805035547,0.24842437681162327,0.22512593213304627,5.321463080050231
0.19844100802828107,0.2617189386170819,0.2630771114461012,5.722144608552751
0.166969148206942,0.27589416485868545,0.31042270382271653,6.00475616429523
0.18511801670206343,0.322568072901121,0.2939359639029936,6.367650156404189
0.2388915178570909,0.28192707310412224,0.27895533816239193,6.182190087101085
0.20590057812928023,0.2625215075150148,0.2687720774274646,5.79872379943321
0.21020602339313635,0.27310026543272037,0.23943016952803178,5.756636723326913
0.19773279266698177,0.22735485712886425,0.26357544967775265,5.509243134889304
0.2494717656880771,0.2152094148068104,0.21889860245139625,5.545318675285223
0.24348950524533244,0.19591413287485215,0.20070903208735774,5.331706976303301
0.20261499517700524,0.19644030990012668,0.1855185787328383,4.952864387051969
0.15899722869664,0.23878234647111143,0.23674478525563186,5.330261991478714
0.16304424960223315,0.23677236173325786,0.16388891738611747,4.813447125742105
0.21001236620077898,0.21588115387999213,0.16739293677009598,4.9838291381359445
0.15645674508991722,0.22952131863562616,0.17739632616687814,4.849707565766258
0.18039807097358215,0.1719763854385141,0.12495449698400744,4.475770271037471
0.16555869599194903,0.22277241823814303,0.1263200753675503,4.639210091935534
0.1174145793360544,0.21707868578529954,0.19409236036243632,4.747401990145949
0.16244764415142868,0.18989751547465533,0.17706690675517503,4.705677215839782
0.1643959922580197,0.1969343408048181,0.1626751866109679,4.569950309141028
0.17704743230257386,0.18861337006686024,0.14359113068977222,4.570777820856881
0.16398156643578765,0.16673555039624685,0.15253214843737706,4.320162656243814
0.14536578791342886,0.12846205094618351,0.11003552874422018,4.037495839387723
0.1893761188954067,0.17210663640790103,0.12589731258401415,4.4229457105415655
0.16402961327494833,0.14798023967599758,0.13517583655343152,4.180739548313061
0.16634902527554996,0.1563321726462257,0.14709015800217976,4.198750970250955
0.14432406640052653,0.16936023928572258,0.1138486687255688,4.123722929143469
0.16993277804115564,0.14846515769810997,0.08382730075621712,4.158167204395215
0.17018665203648392,0.16435370655004988,0.16154832510895425,4.302696581077253
0.14731680223079938,0.18044186528382458,0.1110367759974857,4.150955294329109
0.10691650537725209,0.14574409253730408,0.13418525839859052,3.9868953994188985
0.14993527438249457,0.2040558482214363,0.11981178184430832,4.294057385516405
0.14839728674401634,0.21198341923925892,0.14036025280164202,4.53353871618331
0.21821238854150196,0.18943051448311854,0.14896714594303295,4.721354122079012
0.1846596194235093,0.18369186800359705,0.1603008535413569,4.539637789459725
0.18722985041290466,0.18473742853902053,0.17061486420226554,4.609599539583704
0.16501896158157517,0.14776871523926052,0.18977811114617463,4.3410385198236305
0.19022540727623843,0.1658445151957054,0.17513986504577822,4.5466530436963755
0.14532833010387003,0.1807538344111407,0.15998952154877655,4.380258431988547
0.17966307741116408,0.20097947742993802,0.1736502563678253,4.723863873985664
0.1843289429629091,0.1825829914129372,0.18510524536374112,4.645089909542432
0.16538532979977433,0.15166397670384943,0.130044480510742,4.2251529619648025
0.14788554278565047,0.17349602231380798,0.11927854129561749,4.006919269242009
0.11242206895900399,0.16880055950598127,0.1536610727329173,4.206287199255227
0.10122032760390594,0.19625313580767503,0.1221778893450642,4.0975897017294205
0.14109805988168905,0.18090290247748808,0.09821512010996646,4.050043720798137
0.16679863992980784,0.14572961242680812,0.10726526735924032,3.994896408544137
0.16317803803030728,0.1658625733132995,0.13360821638501197,4.211828215339068
0.1953280175993477,0.13186004318155398,0.10898472630691061,4.2204070202008666
0.1398533217478627,0.1471531963562106,0.11812847026895415,4.033729652220449
0.13641718364789202,0.174835886919767,0.13035637079238863,4.1734147737910545
0.17667612125247456,0.16742044338622278,0.1249001795526415,4.257709868148362
0.18860354958032816,0.17289843697678534,0.11910190368050777,4.350562551427421
0.14626162392070333,0.15876312768569062,0.1461557934316662,4.199955924623171
0.1892456835229246,0.13482367831630312,0.08555071985849011,4.269993470815421
0.2152666695273809,0.13414435977140776,0.1231104075705647,4.363135304986577
0.13909721049106538,0.16613532166595735,0.07452977444897577,4.125977924170691
0.1096615545594683,0.12813428713510483,0.09211465272595762,4.037721675684678
0.16100457417877712,0.14908916275064504,0.10984665710156195,4.265572967636824
0.19220501997690476,0.13683884495390664,0.1355784781159562,4.46573937632104
0.13046745746641397,0.1554949587912828,0.09167958907523448,4.193394346638785
0.16695113044054205,0.13878983657364252,0.09406568853044649,4.0392807821915495
0.16237082632247501,0.13210048118369014,0.11586646674093751,4.060274565545661
0.1506669359292754,0.13374259741841454,0.09635556376764849,4.047614105388157
0.16134308878888257,0.16386485752679655,0.09571770898206924,4.159360860075952
0.14381214346851723,0.15475056769313753,0.10398390757187793,4.214711356564287
0.11641942833567985,0.16265754551079226,0.09889239833393143,4.107193877919603
0.13565668748854412,0.14644449944574714,0.11126124995795664,4.134155496629428
0.15114395133293126,0.1478159027432121,0.13082611565522415,4.194970777176765
0.17024728410415832,0.1859674211213971,0.1292397703703125,4.35885871189415
0.13952130048159167,0.15198374997701314,0.14270004158748129,4.309724347103213
0.14835652853976014,0.15147710683691212,0.15696037665428594,4.436987507581919
0.2247201625150759,0.17974477259133953,0.17123985892989782,4.761852969595853
0.16235369890166723,0.16220223728967986,0.14564765909394567,4.302940416703426
0.17874267598686244,0.12750454936590727,0.11568863221181787,4.22394321484969
0.185582103832878,0.10562971878437782,0.09743946650888101,4.102373948713425
0.1728591723919478,0.09468480754187882,0.11655656360286443,4.044559421633998
0.17493853475248766,0.14865682805671912,0.13163471360665457,4.208127798773135
0.19586638698868264,0.09780966580707683,0.1670204206150564,4.4029423319620715
0.26899934313847973,0.11373811053076333,0.09921439353280245,4.622234149996346
0.2504667227506088,0.12983896732538522,0.10860775468467038,4.437400062563027
0.21714874765833034,0.1336163809727966,0.15222130649211382,4.460135895063491
0.2286695260775213,0.11608240190323128,0.1385557383032653,4.466405571729287
0.2846498696322652,0.12458366149742224,0.10409564767983333,4.672757415852802
0.19448064626762615,0.15025751189263445,0.0739369901235784,4.08960326436148
0.2405892407875139,0.09866507122116001,0.10803681596887171,4.269121459583742
0.23947808125858397,0.10658550637283254,0.09002789900787038,4.292054446880002
0.23374388551463915,0.12162660859187369,0.11301594764887404,4.231344839890192
0.2554771914553441,0.14017751773069095,0.15177154509531623,4.652086331078489
0.24376401894674035,0.10891809363208867,0.13162342232321544,4.509951974487423
0.25582665173832375,0.11363118620856663,0.17000878309169487,4.774235859654336
0.26170239677127266,0.07560988173584382,0.13604008305151713,4.520014284237123
0.21175377764299355,0.14577038460169325,0.17709953796092645,4.488089111189766
0.232724925136852,0.13675114585477538,0.18497314740225168,4.777403905018411
0.19101854282332975,0.12339668007203293,0.1880384431701414,4.5086945139061525
0.16723450305530307,0.11572065147111675,0.1829881846809225,4.500219574157254
0.18019088384897342,0.12974243939238128,0.1655052099541605,4.510697423685957
0.1906884122394507,0.11360224535644171,0.10620116639956773,4.274182197557492
0.21219145501423783,0.1394542814610664,0.14312198684644958,4.501289634311802
0.2400636150987888,0.12034512717355822,0.1537417604944425,4.66676299944835
0.2710945736147241,0.12044960095378608,0.09484165914280271,4.623560210764679
0.22782145053801936,0.09487572065018446,0.16641512695479338,4.619603434764886
0.20294251277413133,0.12977399067045692,0.13813546032952792,4.469053905468663
0.19683361595845147,0.12740837668252128,0.09112264027927591,4.362149642189273
0.20733295814727187,0.13618237389653776,0.13082640641469634,4.405883579854372
0.2110106084358907,0.15114791981100623,0.0881749209989039,4.418334322138033
0.20906728243890607,0.14649634284658183,0.10809061760156843,4.4187689441416
0.22231427749648966,0.13463298929791467,0.1344919189851291,4.440855208434594
0.23498908959658454,0.13875450357505273,0.12703935826531546,4.492083319546244
0.2498690460336501,0.13659195988265488,0.13381209424431909,4.595832778117915
0.24977716641423045,0.10688630381551112,0.17666594605154906,4.74459143407189
0.27932875540968694,0.18864319376941835,0.14720161508681598,5.116265529931682
0.18088640057488997,0.22525940405470146,0.1429669272191309,4.761666666311506
0.15315240260649343,0.22162827172329133,0.1314354765905373,4.716455208547372
0.21029575058714636,0.2130113152103336,0.13629236334158928,4.992100334581849
0.2735496798675484,0.20252490879573354,0.19106576853873225,5.449251432611125
0.2460364221017337,0.16595141184622267,0.2056806388292675,5.276571097405969
0.24557059658088506,0.16633427566841655,0.20803772511575094,5.139674813457285
0.22651672583295007,0.1207011335041044,0.21569271540737922,5.026044278976619
0.22696180240496863,0.12071894410439535,0.15946245262156866,4.747448989142688
0.2019323804725838,0.10684637371540265,0.14400554991017528,4.466830052706153
0.2021393750513383,0.10880054434464412,0.13448828996969217,4.3150556828404225
0.19321163235542507,0.12961401716546903,0.18357791112553637,4.654848023608097
0.25318446062707467,0.09652786815409861,0.1369522842479689,4.676441879383468
0.3015732261677684,0.06273490569833794,0.14796358209697252,4.908900341248214
0.2763975332632786,0.1024599834463084,0.1371088864197774,4.721463174406393
0.32192263765955315,0.15098161606147545,0.17325362145094048,5.320327667713999
0.29044338995524666,0.12125997181974635,0.16450513833288677,4.93772202165454
0.2628557422499777,0.11009849090829005,0.16705663038482887,4.7592769937067025
0.21328016867080035,0.10612836615531707,0.13839353899699325,4.29139842724507
0.20418425399955162,0.10670357456060134,0.1494180981664126,4.109821848001075
0.25916857823360495,0.12754981906429758,0.14283433520067265,4.529147473501342
0.23626437974902562,0.14599545868498237,0.13099684508219267,4.560147297756286
0.20678001915892308,0.14051805240004853,0.13883902538262455,4.283537892812712
0.28363390888599715,0.10133322965143607,0.09864400256601048,4.467506020027964
0.3027558071318107,0.08557314902321082,0.09241253704673613,4.615345529675253
0.34906112437773573,0.08685753630831482,0.11417620339580657,5.017738817976179
0.3019835582948691,0.10370496147240857,0.10403492588657956,4.81074144116081
0.24906141816849228,0.10147357724886104,0.09367351214364075,4.434383779686768
0.2939769299822473,0.12152797989499597,0.08005899295639617,4.75653628927471
0.27764800240698684,0.1349707166715146,0.0957598372508683,4.69100264118448
0.27315994864656845,0.13756577798107145,0.07394566793403891,4.634996265834951
0.24911432787933732,0.17413072224866194,0.10026273805387037,4.808964711876312
0.2688032702975478,0.16935643276261464,0.11696839005676728,4.96628615935397
0.28689372947037445,0.1539072700583641,0.09068987213987448,4.854739463297464
0.2798559009692118,0.1650351627167394,0.03534183485113197,4.794802446159139
0.2966118226790749,0.15751502733439976,-0.018198922148903812,4.899907907982743
0.24161061557073032,0.15828267704160634,0.012720594485384339,4.556796705250545
0.31340972186470756,0.15761401948594733,0.013163260521357245,4.942285069531047
0.2993057935267278,0.15968559800720378,-0.017984596779731073,4.726904579703333
0.307817262101267,0.09986488254670697,-0.0017905301704231533,4.688698555487684
0.29579263474923856,0.14142509830854524,0.007255113349732851,4.706835788908806
0.32815942593241415,0.1504890763419041,-0.05550816306677525,4.931464779679376
0.3421123651117191,0.1526718240751693,-0.008430918895018128,5.116226158705598
0.41267203742802433,0.15267383911504337,-0.03167865626639011,5.701355022565411
0.2978958014949248,0.18968863150190915,0.020270679081288854,4.927580398014788
0.25439693372696315,0.1634956779971641,0.05390072473166878,4.699549533293579
0.31842955879726226,0.18094097186236413,0.0010755367609317046,5.1668723656588735
0.28404388482630705,0.16363027066442024,0.05915859103788862,4.8669670307648545
0.29128439722170957,0.1408908930689948,0.03144534444970823,4.75936202761107
0.31083763375349843,0.16061552271486354,0.030125353846049186,4.889841507709806
0.3191730461248294,0.13456753798089205,0.0319312440495296,4.880593810566355
0.3163689712562668,0.15051264151997026,0.08263555228697006,5.049024669119837
0.3177427190127534,0.11895399604149486,0.08336365098404042,4.917435736231897
0.2959585911367478,0.16675824386862442,0.09725409517830971,4.850925065400451
0.3119955415615035,0.17667509896651237,0.0981047906019032,5.150386192915365
0.28568366933803835,0.18033064913521338,0.0682331095761255,4.893357015641978
0.26528182013175805,0.14628584498170005,0.0956070961303642,4.80811354197499
0.3157987254197919,0.17570275306144545,0.0811978466969801,5.302492373776569
0.35007830035466553,0.1667426588978763,0.07189701038520695,5.331735679128379
0.3003292477493374,0.17458552133733532,0.08731166368708988,4.976537250221392
0.2929195161363545,0.14092606990447462,0.11049542955151988,4.989337615317126
0.28582761774718773,0.1629582589605939,0.05981406104384888,4.876634348956598
0.3164602060042241,0.16464927363764653,0.0798038646325918,5.150043976757959
0.3070645510964383,0.18128017219972273,0.07951255648435164,5.059169613729227
0.27759400685653435,0.14196417164241648,0.09818614147079179,4.7327212230655675
0.23604112891627013,0.14198399287715302,0.1040740502110159,4.536354431118552
0.19351149140865878,0.15257755845764254,0.10958930899849446,4.37432771545349
0.19437304756626111,0.15261608031884416,0.08924462963015675,4.376192201194966
0.1742900244129048,0.1814466399005842,0.11077204023913041,4.4601842938276235
0.180585184468709,0.18251019393191953,0.10628306820142067,4.389886944918047
0.17699055947424508,0.18559335404903604,0.12519707756472634,4.495188889231139
0.25673934618341737,0.1762086056864196,0.11955466277555521,4.921368075323736
0.27605270567135853,0.18716404296248257,0.1790596982642102,5.238182967728984
0.2749371787463071,0.23792870353437426,0.1985969491146403,5.541492574118742
0.2750346950826946,0.2441992178081441,0.15551016230638087,5.373213747941547
0.2764057049481248,0.23635368308840343,0.1964022990958108,5.648200085856755
0.31130571343469376,0.25013135076057746,0.2106825580542415,6.020918201619755
0.2830677757656982,0.20990775143616355,0.23069152961376627,5.66960027687059
0.3191963637039976,0.2381745953052891,0.1857991932409615,5.796095245040925
0.3674782586483708,0.24863309881782802,0.20849778250107273,6.476919469568839
0.33187295460716604,0.21250708161875162,0.16945505964775356,5.860512032175133
0.2837564476651244,0.1700765766292921,0.14550232643309388,5.1552680120270304
0.31813332725617427,0.23342824349471544,0.12145167027499665,5.499402849508481
0.2723067487609534,0.19257404565697073,0.14069599221930754,5.0678609468469595
0.27427883503802164,0.17545426099509032,0.09287074286903656,4.887263172634339
0.25875494383502196,0.16609207171235735,0.08998466981537047,4.697591171846431
0.2911401307462508,0.15446837015187853,0.10390909125364245,4.951107169169846
0.24999940138927906,0.19671639239435304,0.062106246282156816,4.825397587842726
0.2990091710286093,0.16667910681684542,0.05072459564240515,4.925115554964072
0.2460245985261156,0.13316339042763925,0.06500019687260977,4.544017969150724
0.2619988075699082,0.20141438675922588,0.05154546820632313,4.784628002037814
0.19973334901260564,0.18101208181458475,0.04808463785659992,4.369050155795922
0.23554886234525563,0.15396311223938466,0.059380099875108935,4.5538890035401485
0.2529948303572446,0.1616560126889003,0.08251999037782466,4.639396950691165
0.23352474288309777,0.15195569264740544,0.06506895770021062,4.496405807035623
0.2580240411339307,0.14886122389458958,0.04979445698478675,4.520964014793198
0.25779749321160067,0.1709282011418514,0.07082304648263825,4.649570314346308
0.20888631727326404,0.17084712727386936,0.08087918427984463,4.396191536049424
0.1929245951368369,0.13451404105319953,0.0894487490885296,4.366772071114114
0.28679718377769464,0.17389576064028,0.116731218999717,5.184294165085922
0.3100543199517666,0.16537484678673403,0.15062920807146576,5.259786943278456
0.2966460155302834,0.0840193493606185,0.17486134978923978,5.2298776618522655
0.25789088806911203,0.12169188270389372,0.06161242713990537,4.563067513304561
0.2516685294608405,0.11480979980384082,0.0751377374861948,4.4555886500587265
0.26712252716097357,0.08442962331830509,0.09272303051556546,4.581683127894107
0.23719520579264117,0.08783297301804656,0.11068108307163682,4.387438786487487
0.2140525991063651,0.048502034895096725,0.15208868332198272,4.2433650830932255
0.16806859580705008,0.02302871765739903,0.13531503674399595,3.802175801393099
0.20579735921306072,0.06409943138111217,0.16573930798409373,4.153174100653576
0.17648066952371497,0.07381665850689548,0.1590848158119063,4.03552446547397
0.19419772160320373,0.054266609618932274,0.12869583269912013,4.063895391175793
0.21546875727692985,0.03488859665755187,0.11425874369380376,4.055978274291948
0.2521999510907149,0.011034112465889187,0.1168025128448661,4.276244767549539
0.21248924638342276,0.02631554777694103,0.10973342268091406,3.9638103428164224
0.206841363818138,0.05805186575865833,0.08216422602105763,3.918708802546666
0.2303791451666069,0.010999829034593348,0.051522271514951826,3.926228359482773
0.19992273324008766,0.02462425814019247,0.0446883213592724,3.681359443579239
0.18376027737007916,0.0351639364228895,0.04462621571501186,3.5719944325111657
0.2320415416189924,0.0369945046437532,0.04213395458222527,3.7162142248272376
0.1957383345185255,0.009064816883380199,0.03219444690918633,3.5373682752424953
0.23032161309306168,0.05170674217209254,0.020096943644774115,3.719359281871706
0.20900665974053506,-0.009551049072440079,0.028127888516622134,3.6122693390000467
0.2249737103588129,0.015771535514737683,0.00032653952007558523,3.6819306661596753
0.20325230340773226,0.037838345024691376,0.012845748450687222,3.622499274227253
0.23144364536502568,0.04438907738923675,-0.03342167678872126,3.8393608256193277
0.21993498545109308,0.01402380023425388,-0.0157678322422256,3.6830838286117986
0.21232843803287615,0.02284676446439097,0.011183610617584334,3.6569374015723453
0.2191200148800028,0.01760541726823522,-0.004697242656431266,3.6419393685373596
0.23270020513402936,0.03958785433613993,0.01682236405926618,3.67926976804856
0.2179737218237235,0.05638667463323658,-0.026729367887600643,3.6669816750424618
0.20689108188324637,0.05908973179621695,-0.027548955532802892,3.65171027741275
0.20954876459364113,0.09695637280378121,-0.037794925864224324,3.7086866030131715
0.2106386405655775,0.0785712834604848,-0.02939324962250191,3.6459240025537216
0.22916017124839516,0.06812353240619648,-0.04522441947285948,3.748114577952801
0.2197337817467373,0.07991370036883663,-0.06202018514240721,3.701604247067104
0.20123725002535345,0.10168161532769929,-0.0728072749911089,3.741780225223403
0.23298765125102974,0.0670085339599436,-0.06939225405707686,3.8585789669180888
0.19996364444325743,0.07593164315801064,-0.08578141640694147,3.653594386391863
0.18374114911896272,0.06755824914832824,-0.08724726097969313,3.6426804698122055
0.16416149883691247,0.0726231583576179,-0.0715525404581076,3.4507444102090203
0.17917636480452906,0.10237310037779554,-0.034989715150420035,3.5543692596174803
0.24591055517279123,0.10846145476281766,-0.04257972037950418,3.9373394773886283
0.25284354545369647,0.0825419549123324,-0.0590080585056935,3.9788862327110306
0.23246431742270424,0.10371590368741827,-0.05711766721953526,3.89572637880661
0.2329224862454792,0.07521838041063846,-0.09081903189511198,4.025226568555847
0.2159433033705264,0.07025910772013272,-0.06860958033090894,3.817106748916404
0.2184647362901632,0.06305738655751858,-0.05982057506348368,3.8691179464139704
0.21817967793910498,0.07006318125927023,-0.05794913256572741,3.7790268434693908
0.2304505730729789,0.07297672390203706,-0.04121463386227353,3.81201632172501
0.24611029125405617,0.07173969532021,-0.06550383810993535,3.9700988013076723
0.2524049581299523,0.058868230109705794,-0.07871518342368024,3.94671082717529
0.24367788717624325,0.07087008176982625,-0.05652431254998125,3.8629105382084776
0.21754889568026944,0.06610730784673562,-0.0442750019385054,3.674280803676095
0.23149626739421886,0.03580082346107855,-0.05314518297808994,3.8847026415340458
0.2494312479307882,0.04520609910359678,-0.08389390416786982,3.9017893702409
0.2292077663915749,0.0627337433116166,-0.04818459456760191,3.771101908676396
0.2459393004773944,0.07544651991515117,-0.08077656736674504,4.013950296949303
0.22008044682448455,0.0820650014189194,-0.08170954706621812,3.9562209529288164
0.25033099512369983,0.03592692239206404,-0.08007705055798157,4.02968241423475
0.2296065739762217,0.03511538256118312,-0.0746036411037143,3.848296977081649
0.23267647176694195,0.05639252836274704,-0.08861339496845848,4.013460036563854
0.2206245202445125,0.06732937186962333,-0.08605264527695132,3.8929027956889204
0.2448471411374918,0.05198134653412107,-0.1050847395217641,4.118036778747734
0.23468362786004685,0.06203231676839669,-0.0786931437861292,4.024641411223663
0.21638052519589812,0.0367326306203778,-0.07095228516330566,3.7820102396522515
0.20925544990286482,0.06514720268828471,-0.06141324917281863,3.7272630930464197
0.18265583434467186,0.043781977462650765,-0.06599005472255302,3.6049874440932688
0.23204360642703076,0.04734371998453786,-0.08944946038357245,3.957377764736166
0.2617482161287637,0.033341198130025736,-0.08469055824284,4.1245086135232665
0.23769364069665094,0.035903637150476626,-0.0774737346338632,4.023650195034436
0.2440016800424442,0.05079386887101194,-0.08188570009871812,3.9673284790646863
0.24580875371491354,0.057671477156987706,-0.09491670643392701,4.038723207387041
0.23537372842774157,0.056184651304013865,-0.09365069780334676,3.9202513098767833
0.2207357573582138,0.059834098289783436,-0.09399907840943425,3.8097806679196653
0.2020402653520918,0.08403240624982568,-0.1140790119052781,3.7505432843686606
0.21053096608460733,0.06849859363835299,-0.07870642434169622,3.7230448158560323
0.1895357991690137,0.05728744916448873,-0.08798036753547639,3.7296451517681675
0.19957787165443208,0.07616133657416135,-0.11823338182928463,3.818169871085387
0.221880004130409,0.039349934591367326,-0.06860114848048002,3.743214108163944
0.19418214796951513,0.059263120178602,-0.0963412287004841,3.5291459171565602
0.20126972827334835,0.0688393704242615,-0.0981790548684457,3.7051082214406716
0.18430476238001114,0.040812354499872715,-0.08558539704934225,3.5021692058230363
0.20784220130984055,0.05801972490637044,-0.1072626447389453,3.5571118130017174
0.2024120344831159,0.04513682653802946,-0.07595246480398801,3.416653360478644
0.2119282430074427,0.03145526053905443,-0.10340289640020282,3.679846697997518
0.19634479506230357,0.029852263990014127,-0.08020691960637083,3.426534026345497
0.2180452170866445,0.055406596588453504,-0.1021094611955199,3.818907783541757
0.2004917785714498,0.05588514051822058,-0.0933112215317504,3.7287714664579283
0.21679820647670345,0.057125147746994016,-0.10535166805129907,3.9128627651572563
0.24671596092174544,0.07677091904812067,-0.09752141286127994,4.1032537491894905
0.2362584172926252,0.08191284715776198,-0.09610728575297094,4.066661786788039
0.22591530372453228,0.05573424503117831,-0.11040088433810409,3.9714975387250964
0.24781177480697836,0.09851595771680155,-0.11020703203528777,4.217429378855955
0.21770344065778838,0.09904580041631789,-0.11752197091834582,4.049072644351632
0.21375933602582664,0.10662133218070448,-0.08724571418358712,3.8660667343816364
0.1998062331535004,0.10283338075279048,-0.10358989521921283,3.7766191367181445
0.2170381312016083,0.07797177499879795,-0.10640149307573372,3.8167361829916904
0.21175251712443133,0.06945654285144992,-0.10562520611994738,3.8129195010630386
0.16467419159524582,0.06880037212050324,-0.11286458627802742,3.6078340015581474
0.19763787074794506,0.0731174859247354,-0.10281020805672081,3.6696358866222445
0.17835295030419968,0.08380902810503893,-0.09760469979892686,3.560368035075368
0.22275271994106946,0.10517666853165418,-0.10730927481151727,3.899803932149026
0.20340847896440892,0.08604489354520103,-0.10024320471007725,3.7578957428494246
0.17359558174805098,0.06705790834005991,-0.11779875422444866,3.544533806333437
0.17458524891169513,0.10146259827124032,-0.1150114181046097,3.7247686134455775
0.17037041699327188,0.08691575971207277,-0.09361214799095881,3.56398913836944
0.1733212595221369,0.08256540173165833,-0.09306248769232328,3.593336358234926
0.1871549090275453,0.06893847731707722,-0.08507468640227651,3.660674610077581
0.19799559615524862,0.04682645612805839,-0.08588651530625867,3.6726537716391907
0.19833764991299166,0.043922516931349104,-0.08630064185316147,3.6713791196927263
0.20161488889677448,0.07220354342692704,-0.10443956850687212,3.784099473251968
0.22855828187961524,0.07939718439648064,-0.09290158877739225,3.914290623799497
0.21065674893375355,0.07165805711583158,-0.07932134684544949,3.806565810426282
0.2179485790556641,0.07294725213608971,-0.10999215548737376,3.989065593961422
0.24364333426728546,0.07680216358408436,-0.10474944716493505,4.1773852217855065
0.2266072927864744,0.08542928403337771,-0.12893657857004162,4.102687387790099
0.25321108918454693,0.10195021996840845,-0.10331429793717384,4.259353480666762
0.24092323013891329,0.09537879608803901,-0.11245643199261979,4.223548067524947
0.24228740608603538,0.07148553089574225,-0.10266983624772455,4.161930553708155
0.2314649298275061,0.06238269765324097,-0.06595274412799872,3.9926449651288682
0.23470337708023317,0.08577435725317736,-0.09918026660239605,4.204420951947465
0.24533651029321613,0.04537670373848968,-0.08623592251708753,4.138214926384264
0.19346253084223744,0.0762476579129677,-0.11547162808611965,3.9244799020933088
0.22576215858667323,0.0647817604167708,-0.10271982872159736,4.096408447798608
0.2554387680792623,0.06540562505336922,-0.08480768754668948,4.2443357529644
0.2706539315630812,0.09309664907475533,-0.08386918224270606,4.3152442720036985
0.2988915077117121,0.10059390277095323,-0.08394616847045623,4.627417489342848
0.2909679337266735,0.09960029931123757,-0.10022602085777775,4.52166146799993
0.26884930183373534,0.09511493217496943,-0.09786336575339614,4.463704889181997
0.2731011319536337,0.07429758182917182,-0.10560416159133554,4.4845190830843515
0.2711821019317551,0.08118110218773321,-0.11369733418393835,4.421698280957146
0.2896862950637108,0.07814341311160294,-0.11705702670825235,4.569276186183428
0.2723404761557961,0.06375136423492668,-0.10531141357143496,4.401205835207447
0.2602867160214962,0.0635533839194113,-0.06257215080774696,4.137462826335604
0.29798017414733613,0.0675265931553721,-0.06719054691379789,4.36696253069092
0.278080168037225,0.08077151956566264,-0.07302489555031161,4.261822204903719
0.304326325306567,0.09514889925194611,-0.11219835568395659,4.527804015657587
0.3183202140421863,0.09265570516965349,-0.12435922115905187,4.6488025574868885
0.27103298420360133,0.09551798686043521,-0.08559801246848263,4.223367251531002
0.2556473574810889,0.11062448938258312,-0.1294463587680241,4.207413381050795
0.2634146734827463,0.08749795047190616,-0.07599566276652772,4.143924961730574
0.2579119935955114,0.06653283480317991,-0.1098016077305024,4.236092612199876
0.25517902437384943,0.05693418903592324,-0.08644328279845173,4.288877954541599
0.25656098866792587,0.07190650074381776,-0.09057894245147122,4.4788462749645115
0.25639660084763083,0.08092848674613717,-0.09461822896222427,4.375011354742563
0.2638110556894579,0.13133644367578345,-0.12567324664511517,4.640099213921107
0.2899417794662375,0.12462142817984023,-0.139412192261073,4.802094036233563
0.30441844841600296,0.0962110050002834,-0.12462622630834692,4.794642755536007
0.3061736134983373,0.059107035807079294,-0.09283464904025955,4.463405308159707
0.2731252153450664,0.08034329464776119,-0.09095292886148175,4.439542204661653
0.2991704886089941,0.08204416443436967,-0.08309389747071978,4.561205412140815
0.30274454734967227,0.08969344187335279,-0.0848057905444999,4.669911024154276
0.27606723774978137,0.09741955413963693,-0.09666714989732542,4.4885995965764485
0.25852522034849906,0.09687811475411291,-0.08963389404673563,4.131016832509782
0.25975517925914415,0.0936692132814962,-0.12379387135995447,4.320246570109716
0.21699389435326488,0.10577494012786148,-0.09499998735129371,3.97029802846226
0.2792566410634155,0.07976266935342276,-0.08528724465570643,4.17071197709465
0.2728193715318498,0.10540703871500788,-0.10834861178123352,4.254246970148047
0.27825217964161364,0.06809415313041366,-0.11552950494868794,4.238611361846358
0.25676956698177067,0.04649611173777697,-0.07212539998768501,4.116273679734497
0.24922769173376633,0.0979376885519407,-0.07199374844952829,4.0166057557793495
0.2597547642927228,0.0874923318777913,-0.09714206697979844,4.212301759163961
0.2628967371346657,0.05507224010944477,-0.09071331261657202,4.292172887479011
0.26100191816383805,0.04671145047624977,-0.08471157589129018,4.142167224986873
0.25100532976407314,0.058439623366689154,-0.09124061037357642,4.049636965817214
0.24312119566049026,0.05543213236387384,-0.08657025321537254,4.021792580744948
0.279386340943472,0.08221433232193914,-0.11979098466004244,4.382826989160626
0.28990062396250355,0.06233762628783414,-0.1044889706953985,4.434337256746111
0.27198358217610763,0.08741703055068707,-0.08479788050112808,4.083178764210826
0.2709655653791289,0.08956948310922322,-0.08413869677538671,4.212454107626737
0.26001007303576384,0.07730945638898828,-0.07470661872705339,4.068047184227787
0.2617518568583857,0.05649077048115212,-0.07945788451021174,3.7874123016916315
0.25809697039188706,0.048576789212738204,-0.08195112281760424,3.9070721568372027
0.2524004264021592,0.08577564227441728,-0.06874040891469865,3.880376496638587
0.2666381454055149,0.05912947448113498,-0.07850516242561194,3.9487792528219128
0.23244414390041837,0.07042828232140566,-0.0818490162828555,3.709153852409839
0.2495804783252604,0.05154601548665962,-0.08323858023778341,3.7622813888971507
0.25511237733927,0.053792525238512544,-0.09172680862301465,3.791719249100936
0.24872634431816393,0.06412819439176377,-0.0812418281878014,3.726922248259391
0.24666785825838433,0.047276327111623745,-0.08989224488158376,3.7894621171936187
0.2007699094189471,0.030165346973110314,-0.08723399003868408,3.4682709905686693
0.23897631905285474,0.07437365202352551,-0.07083359863634288,3.6305887992248076
0.22564270181365906,0.0884839819230456,-0.06782687232205806,3.454020296787703
0.1740127381823368,0.08040913451420012,-0.04242677314794361,3.109406933554821
0.2239172471284163,0.10054201534258583,-0.11502480398044498,3.7542310667067462
0.24467095233771483,0.10046021643845858,-0.11250486961751512,4.037379920948131
0.2043262821167171,0.12752539231809343,-0.0922007089394905,3.8234278902598375
0.23183899233475616,0.1014619940322956,-0.11398304780481837,4.1255839649185875
0.23852307436999923,0.08733619555269691,-0.14677693005816506,4.149973690087457
0.2566296380994376,0.1085190409868994,-0.11581412650305473,4.152203774596045
0.21360536604276137,0.11007947896098093,-0.10653131916601741,3.9608448593424637
0.2549686200568524,0.10558531405658488,-0.11429026164243238,4.1353888378624655
0.23247983668181604,0.08568752299486845,-0.12862919091008115,4.23419470564471
0.2787623222755124,0.13811005213479796,-0.11835050782790538,4.41657813297364
0.2213981023926629,0.08400589762489352,-0.12571898403255094,4.108633922371025
0.2108041499387546,0.08182450071921167,-0.135407615147284,3.9657106982145014
0.21736103600313073,0.10141552533031868,-0.1169413860356231,4.006346315086254
0.22892160730230612,0.1202752920678767,-0.12385359207266548,4.132099865655229
0.2142966798951236,0.13503574057854195,-0.09467427682351456,4.035188583213314
0.20081324448177568,0.08850214683968277,-0.06676126307782998,3.807183787644042
0.21858619661621245,0.09487010682104167,-0.07365291274031796,3.818295871565089
0.21215389468128418,0.12289175729220338,-0.07734302856622169,3.9223858520034063
0.2273909961644306,0.10547134805664314,-0.08288965540664085,3.9753199061783313
0.22425052594401976,0.07552044114375944,-0.08801276470809537,3.8742142459693043
0.24959378278897848,0.08746011542220808,-0.08626282890274169,4.093464928117736
0.25760418761035175,0.0912124171334086,-0.09144020409861787,4.1528070153237975
0.23797102201212575,0.06905139452605903,-0.0746409285691196,3.7832127411087817
0.26292650585722604,0.04444013387135851,-0.05566737865102444,3.9272594630565436
0.26727382538992006,0.06174331793296032,-0.05225549829295385,4.1191034838112
0.2729768359434066,0.06003526746024171,-0.04558978981933574,4.060730057566234
0.2324522277775941,0.06968677540337935,-0.041955377057080134,3.92893126771626
0.26407283762612305,0.06602688571195356,-0.06660375630279707,3.9935860051350596
0.263058237279384,0.08685740964467095,-0.04463632986342457,4.121028574918861
0.23052395361570077,0.09274956491112088,-0.037007407138949816,3.9386022365552233
0.23961578544679535,0.09549167130550552,-0.0341449901085407,3.915758313558189
0.23064298209751485,0.09408793527721854,-0.023951187101694877,3.9399602464286616
0.28110990857764256,0.07420898415448275,-0.0532398587218773,4.232615554312644
0.2699630722087121,0.06683209734437298,-0.016676452522821558,4.2096589395862045
0.26888875880217905,0.07131410130965103,-0.024717608100599565,4.141084656562483
0.2417632100735877,0.10185493636045924,-0.02663279410425919,3.9649855344743905
0.23989761378154556,0.09384049821883327,-0.03440632349211763,3.9872410445815163
0.21453579877551504,0.08489469635371731,-0.05826955891160616,3.8610339041368933
0.21349522425739764,0.0901775689904479,-0.03632462192668663,3.8683023093372193
0.21257060854495974,0.07991525942608921,-0.055906915273138784,4.01711399483199
0.23340090936975005,0.0914674775326709,-0.023740627522004124,3.987735985365544
0.2476566422802171,0.0864700555035551,-0.03173239932649247,4.068281750881917
0.2355806473698318,0.11073985059843794,-0.0401799792800085,4.045068262387778
0.21040605696482323,0.08422441002424337,-0.035898202203520926,3.953306355513568
0.23260547612075913,0.07889424197672405,-0.05510719692887435,3.9738806442635113
0.21877028543890525,0.08638107901892082,-0.02036144300058755,4.040863017471078
0.23236146302350966,0.10634839770644881,-0.005287635826024528,4.12494731494181
0.21637782143243575,0.07405176479144651,-0.013253654159015804,3.952951797369507
0.23302553399627687,0.10036389382382206,-0.04518118424073785,4.209224912356403
0.25086688969078436,0.12438376746282301,-0.06406977463831774,4.3674009519713985
0.24191791245800695,0.10586115563437123,-0.032632470916454964,4.264704626070839
0.20720635762965417,0.12937624878584628,-0.01692720356225563,4.058531649532028
0.201759780325162,0.08732222896804828,-0.0455311526384844,4.130891053069617
0.1881309056167581,0.09589293556837504,-0.027797996244747544,3.923940538484747
0.2161878112506917,0.1047896437320113,-0.04383731286423467,4.05350230678157
0.23295677730993303,0.10665936348529807,-0.023848136439189135,4.103095934792761
0.22359680007082927,0.10751002859863748,-0.031904466456474566,4.189633154769269
0.23552831217592807,0.11254131875718446,-0.021149630125189275,4.189690484353905
0.2160024735002805,0.12721286036421878,-0.022820437640595336,4.129739136850095
0.21336722220886942,0.1074421303801509,-0.047795489214553843,4.085279804735264
0.20763586087805844,0.09666208411701925,-0.03270147030505096,4.1124111891625645
0.18931400623548955,0.07235276425363037,-0.044680349077937165,3.9732879873901745
0.20220212338602028,0.10331645411970306,-0.04362560617210256,4.124665737823197
0.18770982160592875,0.0940476338088626,-0.04081109984040296,4.0407601455102
0.20380248870896636,0.10915277477098342,-0.047588094173692905,4.134344893033791
0.19652510645078716,0.10731185074521207,-0.05331922084345922,4.129469895072102
0.2072956254270052,0.1275561085607356,-0.05336459059092048,4.255067584414756
0.22440579665688334,0.10305201439528351,-0.04575225614206786,4.122859903420765
0.20226759244443787,0.08961945853629667,-0.032766071892506,4.044517172750958
0.20788819938165123,0.09502395073980992,-0.038262203699053886,4.208298064914514
0.2229278930115957,0.11365257339572352,-0.01800369886318895,4.201993251089177
0.21039320096061576,0.09337220604566572,-0.058622861821744525,4.225273961247966
0.19746211862040478,0.07819120247829646,-0.06486538493141611,4.163077085536912
0.20688890334100235,0.07978103949876003,-0.06593468835127443,4.164630440895949
0.19731649501289678,0.07410281582161228,-0.06727460721763578,3.9498176003627354
0.2043533440364401,0.0771538161022451,-0.053534580809263474,3.9909977853418726
0.2115070449812757,0.08368786754234346,-0.027094116714591446,3.8742714654076535
0.23156530548148802,0.07043211447766692,-0.052259635508647956,4.119400504937865
0.22973988527125036,0.07421362551537872,-0.02818077473531609,4.095699799998522
0.27070168077440554,0.06773320845901949,-0.020631261320976545,4.3924143877160535
0.2298734430043972,0.04534260528550373,-0.012176371188974707,4.137968032398251
0.2572615522998167,0.07355360154185381,-0.032340236124153945,4.311739221631525
0.2383152141365069,0.08685650798924688,-0.0395117633603381,4.203013876538295
0.2496224804348605,0.08013535553572974,-0.002579216412811791,4.137261983882094
0.2610871202751154,0.06948146935853676,-0.020547941635251157,4.257768652591506
0.21370421142064022,0.07592189302649335,-0.03410864437056099,4.044105597491096
0.23617342401167607,0.07470552979547908,-0.0022706074654990703,3.9656264849956786
0.252739884200452,0.0944805637363687,0.0017867113270156967,4.2270000946749064
0.24074598299163635,0.08700485393764532,-0.02592490086962823,4.125630362342338
0.24941041364610886,0.06595090684998314,-0.0006005007809647932,4.078503523562829
0.2294176120579805,0.08439061855155419,-0.005247745167974702,4.072824177287465
0.22197767267707097,0.0837847123237923,-0.04055753963018601,4.082646410593847
0.2396896871809647,0.07587313471865409,-0.02309788071527456,4.033116108967079
0.23151040342166399,0.09795498172941818,-0.04314627774934483,4.1704936671473405
0.25073254059362854,0.10131105327978161,-0.014501793326253056,4.261256108949684
0.25188064694219464,0.10760351674735741,-0.00809316406957533,4.30827765276752
0.21487423433391112,0.10097125776307818,-0.024249947814601595,4.1605377235723
0.21316954147756612,0.07336274882360382,-0.0428575267436628,4.119484292850708
0.2328514812648732,0.08286115387005362,-0.04235903180324966,4.2453250277307175
0.2271403508861718,0.10330559019048259,-0.05364917813327846,4.245184079460594
0.23912394821544142,0.1365808906505227,-0.0634342282280257,4.41793043081363
0.2359358624087793,0.08138603808325282,-0.06462607763228936,4.215125325984705
0.22114387124599902,0.11643429373517432,-0.060557841660008535,4.251394564280862
0.20057696492955032,0.11484878572054669,-0.07013096281847012,4.204640681888766
0.21104894472578783,0.09511252592674757,-0.07999457215064416,4.198736676050282
0.2605543734551585,0.10366552159476149,-0.046121073865200826,4.390132760105004
0.26448254300764273,0.12504502509664817,-0.05246178191231897,4.500620692067937
0.2739601542939947,0.09799217395261609,-0.016159048005921016,4.526307826109662
0.269530592659882,0.09139517261688206,-0.0025409972237317563,4.37653018118677
0.26905446217360257,0.10839851668360388,0.022574365332162886,4.615311181980534
0.2691103215196828,0.10761865435158319,0.0391448135342735,4.476257540319653
0.3193456536805769,0.06537367980732083,0.028367561849013997,4.6271682450402345
0.2997427770017887,0.09945809306605832,0.03127120278168928,4.833938356166397
0.279542412529337,0.060158350379706946,0.03893256022111103,4.683430664324844
0.28280184761775434,0.03346752318532827,0.042299324518024234,4.465377981121021
0.2851314346979844,0.07471710228367603,0.03205426362360877,4.607390010514566
0.2866393681507891,0.08318449337665736,0.031419464083773524,4.700799828180688
0.24929806697318738,0.0489442810361751,0.017825405737311686,4.359715101379085
0.283433050456512,0.036702055538320094,0.023215097065737145,4.7038659333576724
0.273272500237487,0.06234297308326684,0.07512220214900076,4.6601505649029
0.1888040298142179,0.04145456286591191,0.06294238931897268,3.996409125065114
0.2175217381777782,0.039015076636034055,0.055594603235014424,4.065411550252893
0.2437457833419409,0.01876039483934902,0.003587768668087495,4.228879698172011
0.25128986343553916,0.014615221297499498,0.05063401294518514,4.367427241175961
0.28591888312123875,0.04008405129730214,0.04442522515134902,4.483437041335055
0.2641691705047313,0.02833965491610234,0.09332772514137166,4.413038760372432
0.2566620472846681,0.03631118073015599,0.07502705618134121,4.298744638766045
0.2522054433513275,0.05596795023089222,0.08610944456460413,4.383223812572353
0.23218664850407275,0.041004875825009994,0.08772120430854714,4.09023390374899
0.2799993671165812,0.022765244111806384,0.11276975141262983,4.8108717342328005
0.26907538116128477,0.0507216653613385,0.10325788387287486,4.659860326699246
0.2870836799775964,0.00807934438749294,0.1313883562739689,4.8625678665032686
0.21653473549640057,0.029513537807042044,0.11715866393952667,4.266439006428793
0.179506781685725,-0.00047954106684809715,0.11773252745325347,4.206324263554898
0.1914225575254648,0.021454446499448287,0.059640636596836306,3.9886882681418054
0.21274851268826941,0.027842473993966513,0.03596551339877793,4.225132376815221
0.25717727424926173,0.06519148144556972,0.07501386341390265,4.603174901382937
0.24244122813952576,0.09716245851363814,0.07920384041038912,4.532515010835364
0.2325172753291929,0.11262635059750564,0.0825177326665056,4.371725605493974
0.2089237591639443,0.10938921837043016,0.08923018496156641,4.497267542670456
0.1997834104889947,0.11646023827807386,0.08989976129935578,4.2405473853625235
0.23648318464083748,0.104895074702933,0.11076204860093489,4.425225800078857
0.2585101198769622,0.12878279015473804,0.050983452535962086,4.636016351524207
0.23928974766954125,0.1292442565819429,0.0398455255058055,4.504994386658507
0.2371298589521978,0.1090450030324728,0.06447001976457707,4.461965671089336
0.23107696225362168,0.1078229986435609,0.07013485615293832,4.23864996452237
0.23866760578547797,0.1439616656679119,0.07715334894366413,4.606616045926133
0.27622389543608067,0.1676503707397964,0.04349484005341042,4.776266734606224
0.22101954267465904,0.1759046936604042,0.09159834748806717,4.624839344422429
0.17087813527764914,0.16192919493561003,0.10177710572305247,4.658374437753592
0.22245669930060022,0.20735997901553221,0.11212673824368553,4.976755786782755
0.2354997122972963,0.15865414408955117,0.09465920179312362,4.816339999058633
0.22130855520146966,0.17751627544940488,0.059247038573438666,4.655049586557439
0.19631734298919354,0.17420227810452785,0.07811921764650487,4.547495394952787
0.19347650693769677,0.18387449126925157,0.09535717999857908,4.53222756671184
0.20056468753419077,0.2039426633095873,0.06354949544336683,4.603870934112728
0.1653851362903365,0.16875443134608234,0.09509578875354315,4.4708498086745
0.10991182657005716,0.1669788784239995,0.12663119698734415,4.567245964804213
0.11580969626293798,0.14049378322972303,0.1193152871757025,4.593987377952962
0.10358322269022459,0.14517633520649068,0.06826883713030137,4.265474334148254
0.09022493583547493,0.15236045853106686,0.09079503102005532,4.334984433918553
0.15162869832289583,0.1576523729227113,0.11141324786076719,4.422804729776788
0.12242861026812302,0.181682664814713,0.06277776084679086,4.276108052353556
0.12478199384965483,0.15307133934951855,0.07790400298486037,4.208358170124954
0.12965649027952816,0.15643842796796667,0.1398088939449567,4.549434753685934
0.19875028146164236,0.14792711097877767,0.1550378960434264,4.756530097975015
0.18001207807955474,0.16726182528577252,0.1443271516972649,4.71458355770896
0.09860572425475901,0.14250012803950424,0.16555012009597497,4.530283319076677
0.11948101829679011,0.13050728358793143,0.1547950184205954,4.396019071932875
0.07314433119811227,0.09057863901850435,0.1197582717401995,4.228126313993227
0.11582339797775186,0.11298138002851776,0.1521419964477717,4.539998445461738
0.17794518734084622,0.1528040949782648,0.1732479007012203,4.769962698453991
0.1558919669077937,0.17338466825096466,0.1145801289906624,4.419643825584724
0.17669250826814833,0.18278851445682176,0.0978071737217293,4.510380650489458
0.14409627082372728,0.13338303714632269,0.07889167072595779,4.179898053082044
0.17884887100312763,0.1445373470092273,0.10947553733871171,4.434782104527251
0.11518478592934493,0.18630593559637448,0.19093035988524368,5.026358371421242
0.1731090844731589,0.1652081610201761,0.17778068898903976,4.840668213430551
0.17544207845900112,0.1893586241328101,0.1791017930585606,5.12259187018129
0.23204522736564429,0.18869711682776666,0.16685371542935748,5.2008858243544545
0.23157140373567675,0.2084379181415025,0.1368777996419202,5.228032484401534
0.2286093251994014,0.22706614988300924,0.16188602703740138,5.355466215186867
0.20234525258021563,0.24553116369939051,0.16485906076644366,5.323084616378853
0.20895262492190467,0.20151769228548555,0.17286920778965725,5.021508646892674
0.15261526869065598,0.16851777006119478,0.16102801752018492,4.867882928071059
0.1297127661902604,0.22501681673540505,0.15612288881682215,5.077091709555374
0.12812930257564695,0.19420082957722098,0.14565706621462268,4.741573518258441
0.1542587222335707,0.19862685819423326,0.11625704048852202,4.629381310950607
0.13846317208183545,0.23150083889965006,0.13656828480357963,4.888461116268684
0.16703729190909752,0.1925607715016727,0.11795634877576464,4.697956023813661
0.18618382508182904,0.2023500917059897,0.09564441229805201,4.678836405288814
0.15863673765870284,0.2177842090238662,0.13912324522979108,4.847024192036083
0.08444493037861166,0.23169982797750083,0.1587207399791873,4.998050287943903
0.13058490685142965,0.2362272121012669,0.11494720047821098,4.866516709788076
0.17537472418098568,0.22233233745917919,0.12789080896867389,4.907021608559329
0.15247839585637132,0.22932661882814187,0.1589752380915302,5.026092666200305
0.19229155555147376,0.21327105644580652,0.16792447402429642,5.089110005389553
0.17432037513398618,0.23455367292561252,0.19393394897000268,5.2651229697271384
0.25875330803928204,0.25164672380732367,0.16867146807095942,5.665035661989352
0.17637784278798932,0.22328592532597236,0.21373651127140644,5.286847504601032
0.16926069472285457,0.22509198593209126,0.1271371209602882,4.81305623030688
0.19564858844623673,0.2184544199015233,0.11675707516741142,4.9075920214560105
0.1594012767768259,0.1827335028947146,0.10935393050318815,4.556656144884474
0.20105827998691878,0.20805949904272228,0.17212299641276185,5.059339573275804
0.18558691324108106,0.2101512320025112,0.1700806381719637,5.052829921534221
0.13438224946964872,0.2603916461235908,0.15164582562111215,5.209613886391179
0.14123892210794178,0.21841255074358729,0.15760234499179854,4.969810348240352
0.17445522709903294,0.1876060425727435,0.1459154746282914,4.875085404619699
0.15660498395696282,0.2319074725628982,0.15898103669782399,5.138815590809329
0.15740779857299153,0.20978332572041794,0.15300774580021798,4.927398660261347
0.1756420367427779,0.23953949609944214,0.15201701072720322,5.084754499974154
0.13510967241719263,0.24918494739430508,0.14533291686392713,5.242288383754015
0.16911995605596228,0.22541383922185063,0.1343371471169646,4.985359119504698
0.2423618038013146,0.279501284580875,0.15961043657902171,5.634466016961063
0.22697570931091648,0.2535852393614347,0.12736287340706007,5.220132806947802
0.19654563749733295,0.2690312967268791,0.1327525580128814,5.373957154104321
0.21196478264194651,0.30675868469096335,0.12353684887884674,5.589331737855421
0.15194434683493177,0.2922579232632696,0.13619247818949412,5.536542773214762
0.19029230632414604,0.2726639785976416,0.15343072373179184,5.304447505908148
0.1737489502940679,0.2524255926998346,0.16238101568652544,5.115987373439563
0.15987445767927522,0.21863961245353747,0.122920957845241,4.843412990147298
0.1757790628930907,0.23011162332007873,0.11960257683663605,4.850610885632588
0.19747759832781533,0.21424629901641232,0.10784948353869742,4.806591186951968
0.19635758205118967,0.2270749894516117,0.08352537659646167,4.840747179412569
0.2277968474783879,0.2506586932685351,0.11427484670625435,5.276314662352909
0.23112315546401926,0.26129007516306,0.13267910020296456,5.26599510534375
0.19880706245761437,0.22609799153485044,0.10783660418732366,4.878787684697259
0.18936800564259554,0.2244093489458384,0.1191757366878979,4.950479261695283
0.18062994625842585,0.2423965623462801,0.1737318628096656,5.262850455272215
0.1899100250341024,0.25937686024093204,0.14016154002488562,5.200800658319179
0.15408019965672395,0.2047635322438273,0.15299458796132423,4.84664460913493
0.18988077222209526,0.17293873246783542,0.1330535150565768,4.7282314219932235
0.1817638548741145,0.20684486801569105,0.14558884140495215,4.880163872344918
0.24050536114521145,0.2377038926950038,0.13281923790443884,5.23935770167583
0.19738698668202814,0.25050003751089783,0.1784577192059936,5.319622470213391
0.19300423776449585,0.22104276640738663,0.16469224577439934,5.087848774591845
0.23720616485616366,0.19976680567934668,0.18161699971590434,5.275000524826944
0.21327920079678736,0.24026393531978124,0.13285073960795052,5.178095256277757
0.21080622029002666,0.27924415744335557,0.17198667569011175,5.632603191149431
0.22966874641630378,0.24663721740380545,0.19582012699089596,5.601180608783625
0.24705257353978982,0.22788773092742515,0.16959778792371505,5.511858017218707
0.21363592058496159,0.2500100920847959,0.15470800233272558,5.427451258591388
0.18590744476588905,0.2974241861472151,0.11747766395347602,5.3234999548146025
0.2541825613446453,0.2229606323263167,0.1054025047825377,5.123410011549787
0.2003442921621977,0.22487142995250797,0.12636409523483844,4.920342510049399
0.23097622335563317,0.21240115876756427,0.14515563017235456,5.100134023655077
0.23488389513720132,0.24566936342974027,0.14981044059628193,5.46871664562499
0.24657718354417138,0.22333774298792802,0.1417821416127392,5.166057727954516
0.21539537520355356,0.2209570317160868,0.11655407939224195,5.011021183071374
0.20464235734945857,0.2228932096359934,0.13651765219072473,5.2627844937627275
0.21307518066694706,0.21846720034270004,0.13552389926479347,5.139046721567143
0.14454301281602303,0.23491204668050683,0.12582349810610946,4.9669965628488955
0.18989128496349128,0.22069451721416058,0.1151391077534689,4.932564231315284
0.203735598022868,0.23048304322692198,0.12136550470798312,5.0697216642713645
0.22340694231576702,0.2522084146468099,0.15368033344726728,5.343612206991349
0.21904416392873424,0.2487580242041955,0.10141985438742973,5.23573509662149
0.2281737025009952,0.28775960544670914,0.12856687225628047,5.596172786867752
0.2349130578036705,0.29360333524785803,0.10951720675350131,5.480434559841216
0.23556886925411424,0.28199439513311236,0.12867589953365766,5.499609601963239
0.2272023189633852,0.27605235622818236,0.13278751824748894,5.358771727366773
0.21298847211590788,0.2584411964400257,0.1665296710540917,5.480677595788699
0.23992291165652974,0.26886459885917924,0.17055021320927333,5.670157605247365
0.21579397770038275,0.2606888163059653,0.1662520567466959,5.5956227670213865
0.22618040169609305,0.2795745812399975,0.09723584030939937,5.384030184836238
0.22970360152539843,0.24183638279513384,0.1431626849301976,5.315873399873425
0.25342474248577557,0.22613373763714475,0.1139054616033362,5.289425460922322
0.18161642601890815,0.23277745203433697,0.11202784034267824,4.976024470363308
0.19589038923602797,0.24320401535776398,0.07417683415028532,5.013119226419968
0.19428606114992353,0.22082727066066216,0.10580678252861432,5.038466989198211
0.22995843633883706,0.19642386540116322,0.12485041964481668,4.969284819140556
0.22802188363495032,0.23469086034555553,0.14050549266556842,5.271676704642741
0.1706267002710831,0.18329146196430537,0.17443364921441107,4.8404522518797615
0.1526071433391897,0.19149409222289568,0.16426472414457965,4.82355716851935
0.20361053299420234,0.19160923627228993,0.16154824862796205,4.996700509536839
0.13839811062765014,0.14541732872745153,0.1417619416392942,4.448931446352231
0.13672103703997093,0.11490896539628633,0.11358638532829438,4.34079338598698
0.1138255998799613,0.18273310146819025,0.10663662102145546,4.529263512273712
0.08496685734162036,0.21413868670784855,0.09433449766486766,4.541100519518704
0.02476270642020573,0.19856980351547276,0.1051949095708776,4.614350117169264
0.05071090288927762,0.1688801119454556,0.12834416479650446,4.405156474243557
0.13349335611224264,0.20095661708938797,0.09528318458683667,4.563416368642875
0.14388452815344607,0.17644541566842825,0.12337228033952151,4.5310883028478806
0.16657912703598557,0.19477207207452685,0.11250891821077072,4.611207208628933
0.19850510907981703,0.18622436478579302,0.12164051237321644,4.943326234931231
0.14118256753986894,0.1581036753998566,0.11721292027022219,4.451476939773799
0.16649554596507468,0.1601074851901491,0.1191481559516022,4.495266910626689
0.19616502821061935,0.18369959880569053,0.12635147044755515,4.635003426956379
0.22380502709853814,0.15828276419086093,0.12088209441490787,4.683186924191241
0.16770141197519434,0.15222120613561596,0.13777097906560223,4.541996253618463
0.15168109981287833,0.179361726291647,0.14092915524791547,4.709155688413751
0.1475036612022055,0.1959882632249935,0.09031773056064762,4.532618031312143
0.19162655139517606,0.18850032638252726,0.08889647139826376,4.601009847397459
0.14985947028749477,0.13331602032984105,0.1333567342701682,4.393261037017056
0.15531297264546204,0.12424777871434563,0.11374599089202364,4.483782454805897
0.18621191139002793,0.18528009721438196,0.10093239869039808,4.958189805479358
0.19451772824447314,0.19486612603757203,0.16556081070403242,5.1737488866846295
0.16288384076342846,0.20487392514137379,0.1564147135578903,4.841838787089848
0.10607290743007818,0.18584326474204427,0.13784654794498322,4.557079423535488
0.1331065973387205,0.18613632358922466,0.14727897674028168,4.684552721857168
0.09334963293265193,0.1768897640294054,0.12486304841108754,4.342552306834922
0.059921823378223014,0.16330205549457688,0.11913167791020783,4.338023729286005
0.10136719899966987,0.19525899390902648,0.1270037640256367,4.563007050634651
0.12330390419721747,0.16463565672390368,0.07318023700847465,4.390922811586681
0.10191904321827325,0.20024052430708636,0.11872749045721631,4.6009689095499295
0.10741223423811283,0.2422232378665355,0.12376887316650631,4.739543288534179
0.1135951156803563,0.2293799747580103,0.16769125155144557,4.943922287882448
0.11292640326765432,0.1718462415496517,0.15414612466003155,4.640126133315832
0.04385215681647188,0.17470933779376616,0.15107830151697507,4.4932699611506015
0.05412005145510863,0.16088182424248118,0.11581124255568713,4.325209520290367
0.03523429364376385,0.1205596558730505,0.08479113719170656,4.125401026542057
0.11138238900171932,0.12120455191417887,0.1376294488929998,4.329522873489648
0.11342622787542739,0.14599998399706465,0.09843923650172823,4.244128508725549
0.11718440873119326,0.18968753325359047,0.10656117579020828,4.440329286776383
0.14582071220961623,0.2021418579865201,0.1310451379732388,4.741221247160444
0.13004387641835288,0.19894351744399705,0.13578119767150854,4.722893653861764
0.08323711982663697,0.19754990376932355,0.11800779530945045,4.744188193404718
0.09879471981431595,0.20104691932754515,0.14158550420581748,4.679733831407632
0.08912359721662347,0.20741862517975868,0.13688338062336056,4.759296236911331
0.11038741057836945,0.19550097977734962,0.24138573956702997,5.352114514326885
0.086414347843199,0.19860527424781776,0.1747491767401052,4.795002042086637
0.12255604457669295,0.21381213116999093,0.17235598418898113,4.826024429099414
0.11546870955795187,0.2509147657164591,0.15884488691876614,5.048486262199497
0.11507080458299898,0.24517780394787095,0.16273208195213587,5.005892541244805
0.12067308790307794,0.21977934292336726,0.13941612735037606,4.8385005759221
0.09237893226018962,0.21368257342753882,0.15969377389011793,4.703972156527351
0.1441872753736845,0.1991493135463252,0.17509028547727012,4.855535241367538
0.17535097526608345,0.24030523993958278,0.19031433553909738,5.179254344900682
0.17836909804866777,0.17767551917912486,0.222573223982654,5.298316147437412
0.23274648575000537,0.16281479529174253,0.21180617114895725,5.193566019540636
0.21268085652704788,0.14349002177594172,0.20819124611870893,5.0367910072237185
0.18097164615432648,0.15710633515566158,0.2088419032161068,4.983374809029284
0.14349233067414674,0.15305646981834356,0.13295352204218064,4.564480002718513
0.1531626897329634,0.20817101529356818,0.14569841526625463,4.943186731232624
0.15107701127047526,0.19652548455362848,0.17811331181957177,5.02827892714731
0.11666886545164783,0.1888254168968305,0.16080189104057868,4.534915322630109
0.1516300221940383,0.14476958679659457,0.19084675503908013,4.701861157392946
0.21843339584627872,0.15344585931900626,0.17679090151459909,4.927802776079062
0.2048897633677905,0.1457654539906043,0.14764390916042477,4.620785553662024
0.1379254443057163,0.17971347150285286,0.14383186317915428,4.48047037352805
0.09639261078488806,0.18392555724779405,0.09110067834379552,4.1747504263686315
0.09214895755880304,0.16055202725465365,0.11767245305731157,4.252031367450243
0.13592101909641044,0.18417031808045242,0.11269780341855949,4.217057905173806
0.10359452580683202,0.18205153137830304,0.10711888888031475,4.1428587590606325
0.06413737629191073,0.16123094458415532,0.04709188039929341,3.8512475111358846
0.06457043862747758,0.14605778884782095,0.08155224161907562,4.016520515551581
0.058954958139543136,0.1403546369437529,0.055705259422103165,4.011215527280969
0.04080579182251856,0.17517714153435743,0.06475536245770748,4.072359974101759
0.06247241710293751,0.18180903115303393,0.09538702790244867,4.432270329402167
0.019454620047374898,0.15226008580782072,0.08730039200679023,4.137808920263858
0.019736342998865786,0.16113356371695467,0.07391514757875947,4.0813063439652
-0.015345093602585827,0.17606906495849,0.0997615737712763,4.230503295850878
-0.029334882415452082,0.15103327473475053,0.08614595573221767,4.240044135800632
0.010734859271719419,0.13433258203349469,0.10385726620581308,4.181111861956536
0.03669670248144129,0.18614592313423634,0.10026306657698038,4.347918611533078
0.011535611639131724,0.1612809648727921,0.10193236886984218,4.22268164691365
-0.012820015278170829,0.15177638773208812,0.068541829019835,4.088439179954803
-0.011384275024168972,0.13704447426267144,0.07537841364709819,4.0745817778345925
-0.016274653773374392,0.1616957447475216,0.10797904316087675,4.232203964789523
0.03365691067680405,0.16184372555669987,0.10580874668929165,4.242375544062254
0.0120417638972334,0.18866724606618537,0.07517371775178606,4.308777353104515
0.08660404346300965,0.13542930469403053,0.09658173828828677,4.1317681369086365
0.004563757331051109,0.1600413426828305,0.11695004802477914,4.132420539996267
0.045329090606226696,0.17571164422984817,0.06770137140258851,3.995405515624471
0.07397634576774043,0.18004736332457721,0.07953260466752081,3.979285253980239
0.09025406347604076,0.16883926320067133,0.10675185922284809,4.200914766865368
0.03642785449533997,0.19073617379683055,0.11272164829290836,4.126564940003767
0.04432112597387542,0.1846469289374173,0.07069115415466042,4.025613215441331
0.04722178492348143,0.18377384534907298,0.09980756227531798,4.307991522419154
0.06401981428142081,0.24273983762726806,0.1022450218464013,4.678451173355181
0.07165233846604326,0.23707207838667158,0.11342977608408593,4.577479121153444
0.08237021860737354,0.2242350618763521,0.09808799931370486,4.468193803238525
0.05983729283221497,0.23566311534607665,0.09985541641960877,4.588781447779221
0.0887114152038573,0.25840306304296085,0.16430160754047832,4.917195269340899
0.14475362537069375,0.25416228518842976,0.12695846355763987,4.913317807506222
0.13163447020176122,0.24119322258794565,0.11291890612944687,4.783072414371301
0.12232218127813738,0.2152815115866867,0.12475009793827654,4.582010782868023
0.11227990901659685,0.23961502387160005,0.13290675017289988,4.797403477183579
0.1366505418707528,0.2427783494426791,0.15921082891430444,5.028696498605799
0.09144413203421066,0.26585504957533845,0.13731607884326827,4.933818127241201
0.1130666935182117,0.27480617165227633,0.14755400641603963,4.9862531976233635
0.09081828721914137,0.2848384693686938,0.1360401094172126,4.993423738818194
0.11996299388613671,0.26791202547403103,0.14085691488153657,4.9557559453469775
0.0878720069564583,0.27840682706598685,0.1498658076899117,5.020257072945209
0.11929938401726167,0.30555334017019026,0.16036893948140607,5.297169848933695
0.15157838428397363,0.29310881896563873,0.17393219440271945,5.32343532743171
0.10867069261048265,0.2584631576827973,0.15997547849773247,4.989033741679815
0.09704566210230399,0.2796665511842373,0.15092109031152898,5.016992863252509
0.10727640652738857,0.28181551832198726,0.13349282054860698,4.912537608688153
0.13148531401527186,0.2673280693649119,0.12975099836043713,5.011282442281355
0.10378610082564059,0.24601782439855932,0.10205479927100866,4.580351642462409
0.09172838509700439,0.24607718641100426,0.12391915467022734,4.6879597722006245
0.07992087997922358,0.23265704822471767,0.1355824076422012,4.586452379206011
0.10355643133032102,0.25516181220968637,0.06146279253586102,4.503471690799279
0.13535132913157708,0.23110631285220862,0.10021089727349558,4.662418110750199
0.13566168824288907,0.17272776209117643,0.0781350846961763,4.4408518160016595
0.09400217767069065,0.19156908539113537,0.12143372042371979,4.496275060168549
0.13206859846356353,0.2114259498561647,0.10493859136115301,4.593655976684384
0.056357399786511456,0.20474271318751766,0.0871801723455537,4.464487183836069
0.04865410033954244,0.2301302525135662,0.09940633036866364,4.435597598430597
0.06798864728194905,0.18925502860842602,0.07421375069646326,4.278946512972955
0.07994806733320421,0.16371048866759066,0.09018193975866347,4.0544809450813455
0.044284084886364816,0.13394166278570488,0.14878325651279828,3.958216012288369
0.08987624587402215,0.15893007236102083,0.1354310743429752,4.158373310501578
0.10362174331975293,0.18820835747415188,0.11986141664437285,4.493564336860197
0.11883144729474367,0.17860329692190596,0.10694859365067448,4.349340818891495
0.14984630920249847,0.22921341833540868,0.11594714528406366,4.611588264124668
0.18534488222074605,0.21258638028830226,0.09608485417620281,4.537813443668116
0.17611285624984843,0.2288002797976156,0.13416465219361964,4.668200412868936
0.13394661438610606,0.24831782532206606,0.13403912950009617,4.695383812449323
0.12911446893685122,0.2562609423364999,0.1758529587908995,4.994478327446592
0.17828804777495505,0.2373676294899083,0.16598657673506922,4.998977863825513
0.16017383677490446,0.20788028938529748,0.17340749696184335,4.879808940701128
0.17033125553030493,0.2296620151036984,0.12125298515786037,4.840032177216731
0.0684730383728534,0.24425355604178783,0.15087417020883245,4.808211682475279
0.1616939205165542,0.2423648351153873,0.133002581784837,4.701294117607213
0.16429087455130548,0.23782529696137372,0.1792407790519556,5.010279181301956
0.13092595806399676,0.22719224285604359,0.1529149588233267,4.6539327401655965
0.13653755672640253,0.26085408690412304,0.13030845620507064,4.824866950944314
0.12704848181988806,0.23657579735710835,0.14294669599079546,4.581345086387289
0.13223697480269572,0.24923337969750978,0.13057734655891742,4.660982221736868
0.09772220487555243,0.2366279358874234,0.09850914524575091,4.561980669735378
0.11307602787393882,0.194473663411075,0.13749491671197112,4.646975203008198
0.20341333089897196,0.29061235738776653,0.12415396275158569,5.350094982943519
0.13641269907689227,0.23312798069741933,0.12122953203121843,4.6835750547865
0.08696812047509189,0.23494685860329326,0.12947670019276644,4.773336676695797
0.1659250254638706,0.2938001669033856,0.2189281909136952,5.573646295002907
0.13480270187060792,0.28618595152155835,0.14997536733538144,5.060021134338838
0.118717498111738,0.2721322416590344,0.14089001281812652,4.888691729334975
0.14186235002258016,0.1890719690111175,0.09272035926110446,4.325973020277335
0.14985788228564195,0.21556652744965993,0.12324883809179966,4.500841921237782
0.19790790167577696,0.21264265845240632,0.12760995491955504,4.744270675158231
0.1777037236123753,0.22001081473653716,0.1592716172981312,4.995554018998893
0.1536019979633825,0.22178660417928986,0.20448685579209316,5.151284502727284
0.18336302228379678,0.2680533846378343,0.17991569191584764,5.241834572888225
0.21460354489330846,0.30439236144146503,0.1691890945346428,5.453766841831337
0.20026578715366827,0.3139913653749205,0.15502416909749978,5.459335626843611
0.2568540203102695,0.29886737557488385,0.1495396873958958,5.647014535326775
0.24615555076829748,0.26946922491768077,0.14609119871337764,5.223020229003163
0.19785399820559715,0.26622846535331507,0.15071236715182504,5.1072351623921675
0.08953025562796875,0.29870514236971113,0.14709283278670968,5.179062307288843
0.18585767775320797,0.30776028278744966,0.08912174316730503,5.2950330531615775
0.1948845353833406,0.30251756152551545,0.133345887581931,5.504413856430635
0.17500405356749865,0.2678881529262702,0.125730129657025,5.105337804889817
0.1849591864087984,0.26214673655774856,0.1434933241856693,5.017187016227379
0.205511962791496,0.28787530747979084,0.17485680424763858,5.435221305571893
0.18642167947162447,0.3260266640921919,0.17594874968666455,5.592883200712078
0.14706658663843453,0.3159753250028772,0.15112141932375128,5.417978306864451
0.16368235157713407,0.29854667249211214,0.12803015171290907,5.140034145577792
0.18945768678164904,0.2859729453404108,0.12716494533207492,5.11048939308102
0.2056308413269701,0.24534577413138844,0.14634318577700967,4.972408863139237
0.17555512515510632,0.23436593226596486,0.1401658513979302,4.789886148012446
0.17227938117074737,0.262035932455101,0.13058671005381095,4.880332060825058
0.18812383067523428,0.2490325346042681,0.14788890269799373,4.961236639888963
0.1585965802753185,0.26566553878290333,0.14223089079317122,4.9179766491659445
0.19421913734692892,0.22708642465361872,0.1301703951783091,4.82795186808656
0.18352653961880477,0.2192805245978352,0.12068639443685983,4.774414883611269
0.14467203239339754,0.20234402286712028,0.12423447736474909,4.576369381266198
0.14993695469651822,0.21558189334388891,0.11364262527403843,4.577407998456754
0.19928255908460038,0.2296329152218022,0.11032605709347426,4.7801715036496
0.16339450615694326,0.2144906431108581,0.12968322935448473,4.817969019508896
0.1781362108933304,0.2195036220450895,0.09478957321127028,4.614913661872819
0.1969101309697175,0.2431674158222842,0.13407014776650744,4.868689627637105
0.13370230582662648,0.23530164866027245,0.11771607749242546,4.644487897021794
0.14415424756253162,0.2338210473239826,0.09135487825502056,4.56442567931
0.12154301882146763,0.243719032974179,0.11150549779719854,4.62306985235911
0.0850402728802576,0.26768513225873647,0.10923908376544657,4.768564740603144
0.13952172064272172,0.2501669087446158,0.10921856548352642,4.6559918301405965
0.11614442026929905,0.2391482178907782,0.12303851924569603,4.669313145607554
0.10050865119925487,0.23690991817592044,0.12927573292859387,4.657284023324319
0.14708113870511427,0.24348327122685332,0.1431988031592774,4.787810337377809
0.0848010094166832,0.2622077746437118,0.17448404767917083,5.075900829666685
0.15173587850531714,0.23691639511251428,0.15135450107159182,4.874314723403118
0.11492183418823007,0.2196653295966878,0.17315004827316768,4.763228426103038
0.17127180706948555,0.21836558846892293,0.14200171187833086,4.729915522522405
0.1443206154807798,0.2582111526996995,0.1569920295996237,4.9492784825870535
0.148091726880145,0.21719866245775576,0.12775081231295915,4.624590492894602
0.15226945697217698,0.23995959916095375,0.10263024032287396,4.661727009802682
0.12978677413091982,0.23518012701447133,0.10336304484545486,4.529875057626896
0.10297020087042855,0.23974942955495696,0.1308334115704491,4.600920573810897
0.12428239149268819,0.25511291678419523,0.14134197350044805,4.864617284160339
0.15548707474251736,0.2237275233282363,0.10868212036735737,4.613407968926526
0.16951995279051935,0.24230493877064505,0.11208219416223372,4.8375027149276
0.23207427468709083,0.2092559162698504,0.15339364225588792,4.992572892639802
0.2628753338819055,0.21320982078823708,0.12722765125501131,5.103818415591788
0.22523806884144768,0.22476984281274684,0.142336792519734,4.9081111853115615
0.17912388057154474,0.23825342632716867,0.13254235338126868,4.691621254619205
0.1702210894633715,0.22562145115767515,0.1726278800871192,5.033510150478044
0.16853388890331986,0.28956054159247185,0.1702432002214001,5.326062794506692
0.13174590043064663,0.2556106148415987,0.16346581178675743,4.879525386030663
0.1478912890891879,0.24725790281949167,0.12195756918536646,4.676408129067704
0.13463690964469152,0.21632263286226386,0.1322882156144484,4.667193189010519
0.11023397771646283,0.21743777682167184,0.12174648640254662,4.534183797636553
0.11677123297528111,0.21310011223970643,0.126289046096945,4.56215695352272
0.11938517644425675,0.2534798474318448,0.11503341946460897,4.7900917564369605
0.13684544632389653,0.24057269610358561,0.09862321137017235,4.626533998616869
0.10680876440500015,0.21415812976528276,0.13323071269779183,4.657064479477953
0.11299695465080137,0.26298815374478907,0.09384227793736219,4.795812014502932
0.12051570408552086,0.2580562713986308,0.1410597386657469,4.969712769166484
0.09684166432425649,0.23946545453173343,0.110748990532172,4.769087288184746
0.11846206418426987,0.2556147559570463,0.13017662025755353,4.791105219413462
0.09264475908684856,0.31042334389187237,0.1413079549570647,5.302418295294098
0.14295070018045647,0.28648506200529805,0.13028504992420908,5.0413104601744685
0.15257749089173525,0.28925897913330845,0.1365411183206326,5.1141854991773315
0.18384954452849725,0.30871161058098034,0.14925252632152639,5.492021868701572
0.12585979035590722,0.2862467483923797,0.1550562721693014,5.17269522688273
0.12091855311657394,0.32714250729273825,0.1671799981549948,5.5162995021581045
0.14855884938057984,0.2935018743289055,0.1535745808434558,5.265224021125112
0.12175671891283864,0.2667095899200594,0.15351236114034195,4.9044544997185495
0.18517615111733168,0.28015242315910716,0.1521796042021236,5.137378752558747
0.15990608890803218,0.24179742341601654,0.11730467332793663,4.728396740138105
0.14165138826101523,0.252833992409301,0.12456385035671025,4.675614523640251
0.12270294885531037,0.24928661404951513,0.15945040023968907,4.681143091989182
0.14146230713191862,0.24087912446668275,0.1799963118118905,4.870866270353326
0.11967926189867549,0.21631592516045045,0.13991582531046914,4.48766369757118
0.0883017756698897,0.1886324381529374,0.09570770831296566,4.106941019914724
0.08331340741796915,0.2033153566188261,0.11024303948602025,4.228274910796273
0.11420444866244622,0.21448984242751004,0.1373584509484187,4.511105623430284
0.1605965568630771,0.20819352088017137,0.11269732418331099,4.483169141606954
0.128351167544036,0.21896559936062984,0.10929484631819,4.6718935414299345
0.14566651477649378,0.21558639606395522,0.10852697415172886,4.553567889571362
0.14170380009504854,0.23580220150391265,0.1517347339845218,4.805701729369231
0.1384916473336732,0.2144005814423436,0.13427821937880552,4.63808889836579
0.13504240612593302,0.21790322108118368,0.10519944050187795,4.504870491785635
0.14749421896997775,0.20449666447784678,0.09552245048705202,4.458244139112679
0.13769277847528236,0.1520619934585884,0.12185376014745891,4.393419863905358
0.13224400490328386,0.20901738124402086,0.0936668761289709,4.552748441239599
0.12735439264352824,0.1907049198153278,0.09846063338973847,4.3731694136079655
0.11340439051334796,0.14520404077505425,0.09016252488136692,3.9681916353749735
0.10793321816688786,0.16381852821180137,0.07801642056765375,4.121667054710595
0.1298194686341842,0.17018604510870328,0.12330217624077251,4.249999311550596
0.143506366198295,0.1365183390025751,0.07609198745267176,4.155611741545446
0.10639113048709828,0.12287773742806866,0.09500972656797754,3.9667588941441547
0.13617935552895946,0.14834553050997668,0.07989175769140426,3.9436018677744937
0.1124519385578925,0.16863153463435196,0.12455041155471477,4.259865019207269
0.1130135623251855,0.18545238738339462,0.10661522704083432,4.194046336544338
0.12951518948487967,0.15000099902188047,0.12190859788600883,4.048184639279711
0.15867872737037098,0.17260650693667173,0.14836390423250395,4.360113616129216
0.2016619537565301,0.13144396559472168,0.14708835751164082,4.466261168996563
0.21865967285787674,0.14097500294280954,0.11951192145554569,4.607675208934074
0.19582166080149696,0.0849506289455392,0.09928168294754283,4.26438390940712
0.16762043380444094,0.12502591425932988,0.13351690639420064,4.482638249333527
0.18794548430718558,0.1911144342406502,0.08441775445785205,4.404995599695037
0.1561210849953621,0.17579578504454485,0.14538481160583103,4.334833535989301
0.16297030844579707,0.17011926008120062,0.1389013648622517,4.506953235253097
0.18514862556250494,0.19416408222787615,0.1284571720742885,4.687395610505954
0.2607420561762583,0.20712946316879366,0.12829761423645158,5.037548018926913
0.2500444009355554,0.20020567811933826,0.09733695434863422,4.881849276639559
0.21456009838288476,0.18878641981981062,0.14912635035345378,4.868025420396163
0.2039386763136513,0.25041574715357884,0.14205641475481898,5.099638716689607
0.15736799862404377,0.23066460856621646,0.16579773365586506,5.065513965138443
0.17629039450948222,0.16107258368248276,0.1627211239487965,4.6192843140122415
0.17270162491672159,0.18311982597700038,0.1441979377651257,4.551855666344527
0.19953260598434772,0.20277517930502215,0.15088504251036083,4.867072056381713
0.30439640558475667,0.25099410892122703,0.1759707490721444,5.771870129954253
0.26182271551100195,0.178333846174801,0.08127837772176597,4.907444951680034
0.2545732882274122,0.14838552034916005,0.13714543002396293,4.820659638117565
0.23681197228216017,0.1479571117763988,0.135756505642315,4.797032218953641
0.20284631596068087,0.1988313462005867,0.12244589899776491,4.778570042868224
0.1776362966330368,0.251126718879524,0.15237915551776726,5.235525279097536
0.17660229737848215,0.21995782095495603,0.17202030044960026,4.8724611678305285
0.20630585830543857,0.20856421842351203,0.17938115281989056,5.130633507146716
0.24114668163037462,0.17256301828289683,0.16869263405423626,5.075532838625186
0.16914596903603918,0.17957145539792024,0.1658687218886059,4.775092409433789
0.18672489449804605,0.1917315615917559,0.16999978311485328,4.979299428910473
0.23132429110111521,0.18764045870547297,0.14137410075947876,5.119258462912871
0.14600003683374604,0.15733166480808253,0.16688522959024607,4.741361431916951
0.16630452684143265,0.16080430706900287,0.13494219628505627,4.6089645082579755
0.1638789990287374,0.22502827653490248,0.16519128425314844,5.0775874513514045
0.15495269994747277,0.19940709783682514,0.12411580884448452,4.657589088486113
0.09684579606847817,0.1935130015729395,0.11283076956072272,4.345680801164222
0.11598351270270822,0.18145185614100193,0.08684766689289745,4.511603373083566
0.07431803404986786,0.2007075908078444,0.08998001184277349,4.1667656117524805
0.09691006453725685,0.2750137894315157,0.11832842588016983,4.5367306630815785
0.06401618138443457,0.2115279109985984,0.13539684269132846,4.520289665997791
0.13679667668146825,0.2317490430419322,0.14915582479555206,4.68424477838827
0.13215810047706011,0.1974668100688576,0.13522823186825528,4.542883912799326
0.12072018651817545,0.18737743613278096,0.14240188252533703,4.432407707995967
0.08775488879395911,0.22436617108280266,0.1407173220410788,4.590721941398631
0.14475009213714665,0.18633648979728462,0.15179419059458815,4.282932632135804
0.1685802177536024,0.12724931196381564,0.15711266633390647,4.468139122643362
0.1378916364049755,0.1491065923790478,0.12712080692954097,4.332152614424163
0.14485900301788254,0.16933070881155546,0.09493050761143111,4.189591290966156
0.1450458181924513,0.14254205172178142,0.10977050015718152,4.034954378387553
0.21033444659988948,0.12467303586286946,0.12191388604755883,4.687344375133268
