#! FIELDS time L0 opes1.bias opes1.rct opes1.zed opes1.neff opes1.nker opes1.nlker opes1.nlsteps
 0.000000 0.000000 -3.000000 -3.000000 1.000000 1.551033 0.000000 0.000000 0.000000
 500.000000 0.000000 -3.000000 -3.000000 0.349812 2.170698 1.000000 1.000000 0.000000
 1000.000000 0.000000 0.001339 -0.307990 0.641323 12.036431 1.000000 1.000000 25002.000000
 1500.000000 0.000000 0.001339 -0.162616 0.667824 22.028955 1.000000 1.000000 25002.000000
 2000.000000 0.000000 0.001339 -0.110213 0.677762 32.026275 1.000000 1.000000 25002.000000
 2500.000000 0.000000 0.001339 -0.083197 0.682967 42.024897 1.000000 1.000000 25002.000000
 3000.000000 0.000000 0.001339 -0.066716 0.686171 52.024057 1.000000 1.000000 25002.000000
 3500.000000 0.000000 0.001339 -0.055613 0.688341 62.023491 1.000000 1.000000 25002.000000
 4000.000000 0.000000 0.001339 -0.047625 0.689908 72.023085 1.000000 1.000000 25002.000000
 4500.000000 0.000000 0.001339 -0.041602 0.691093 82.022779 1.000000 1.000000 25002.000000
 5000.000000 0.000000 0.001339 -0.036899 0.692020 92.022540 1.000000 1.000000 25002.000000
 5500.000000 0.000000 0.001339 -0.033124 0.692766 102.022348 1.000000 1.000000 25002.000000
 6000.000000 0.000000 0.001339 -0.030027 0.693378 112.022190 1.000000 1.000000 25002.000000
 6500.000000 0.000000 0.001339 -0.027441 0.693890 122.022059 1.000000 1.000000 25002.000000
 7000.000000 0.000000 0.001339 -0.025250 0.694325 132.021948 1.000000 1.000000 25002.000000
 7500.000000 0.000000 0.001339 -0.023368 0.694698 142.021852 1.000000 1.000000 25002.000000
 8000.000000 0.000000 0.001339 -0.021735 0.695022 152.021769 1.000000 1.000000 25002.000000
 8500.000000 0.000000 0.001339 -0.020304 0.695306 162.021696 1.000000 1.000000 25002.000000
 9000.000000 0.000000 0.001339 -0.019041 0.695557 172.021632 1.000000 1.000000 25002.000000
 9500.000000 0.000000 0.001339 -0.017917 0.695781 182.021575 1.000000 1.000000 25002.000000
 10000.000000 0.000000 0.001339 -0.016910 0.695981 192.021524 1.000000 1.000000 25002.000000
 10500.000000 0.000000 0.001339 -0.016004 0.696162 202.021478 1.000000 1.000000 25002.000000
 11000.000000 0.000000 0.001339 -0.015183 0.696325 212.021436 1.000000 1.000000 25002.000000
 11500.000000 0.000000 0.001339 -0.014436 0.696474 222.021399 1.000000 1.000000 25002.000000
 12000.000000 0.000000 0.001339 -0.013754 0.696609 232.021364 1.000000 1.000000 25002.000000
 12500.000000 0.000000 0.001339 -0.013129 0.696734 242.021332 1.000000 1.000000 25002.000000
 13000.000000 0.000000 0.001339 -0.012553 0.696849 252.021303 1.000000 1.000000 25002.000000
 13500.000000 0.000000 0.001339 -0.012021 0.696955 262.021276 1.000000 1.000000 25002.000000
 14000.000000 0.000000 0.001339 -0.011529 0.697053 272.021251 1.000000 1.000000 25002.000000
 14500.000000 0.000000 0.001339 -0.011072 0.697144 282.021228 1.000000 1.000000 25002.000000
 15000.000000 0.000000 0.001339 -0.010646 0.697229 292.021206 1.000000 1.000000 25002.000000
 15500.000000 0.000000 0.001339 -0.010248 0.697308 302.021186 1.000000 1.000000 25002.000000
 16000.000000 0.000000 0.001339 -0.009876 0.697383 312.021167 1.000000 1.000000 25002.000000
 16500.000000 0.000000 0.001339 -0.009527 0.697452 322.021149 1.000000 1.000000 25002.000000
 17000.000000 0.000000 0.001339 -0.009199 0.697518 332.021133 1.000000 1.000000 25002.000000
 17500.000000 0.000000 0.001339 -0.008890 0.697579 342.021117 1.000000 1.000000 25002.000000
 18000.000000 0.000000 0.001339 -0.008599 0.697637 352.021102 1.000000 1.000000 25002.000000
 18500.000000 0.000000 0.001339 -0.008324 0.697692 362.021088 1.000000 1.000000 25002.000000
 19000.000000 0.000000 0.001339 -0.008063 0.697744 372.021075 1.000000 1.000000 25002.000000
 19500.000000 0.000000 0.001339 -0.007817 0.697794 382.021063 1.000000 1.000000 25002.000000
 20000.000000 0.000000 0.001339 -0.007583 0.697840 392.021051 1.000000 1.000000 25002.000000
 20500.000000 0.000000 0.001339 -0.007361 0.697885 402.021040 1.000000 1.000000 25002.000000
 21000.000000 0.000000 0.001339 -0.007149 0.697927 412.021029 1.000000 1.000000 25002.000000
 21500.000000 0.000000 0.001339 -0.006948 0.697967 422.021019 1.000000 1.000000 25002.000000
 22000.000000 0.000000 0.001339 -0.006755 0.698005 432.021009 1.000000 1.000000 25002.000000
 22500.000000 0.000000 0.001339 -0.006572 0.698042 442.021000 1.000000 1.000000 25002.000000
 23000.000000 0.000000 0.001339 -0.006397 0.698077 452.020991 1.000000 1.000000 25002.000000
 23500.000000 0.000000 0.001339 -0.006229 0.698111 462.020982 1.000000 1.000000 25002.000000
 24000.000000 0.000000 0.001339 -0.006068 0.698143 472.020974 1.000000 1.000000 25002.000000
 24500.000000 0.045014 0.000621 -0.005932 0.698173 482.020966 1.000000 1.000000 5200.000000
 25000.000000 0.677507 -0.173048 -0.006138 0.698203 492.016517 1.000000 1.000000 100.000000
 25500.000000 0.000000 0.001332 -0.006146 0.698231 502.016209 1.000000 1.000000 28.000000
 26000.000000 0.000000 0.001333 -0.006000 0.698259 512.016199 1.000000 1.000000 28.000000
 26500.000000 0.000000 0.001333 -0.005859 0.698285 522.016189 1.000000 1.000000 28.000000
 27000.000000 0.000000 0.001333 -0.005724 0.698310 532.016179 1.000000 1.000000 28.000000
 27500.000000 0.000000 0.001333 -0.005593 0.698334 542.016170 1.000000 1.000000 28.000000
 28000.000000 0.000000 0.001333 -0.005468 0.698358 552.016161 1.000000 1.000000 25.000000
 28500.000000 0.000000 0.001334 -0.005346 0.698380 562.016152 1.000000 1.000000 25.000000
 29000.000000 0.000000 0.001334 -0.005230 0.698402 572.016143 1.000000 1.000000 25.000000
 29500.000000 0.000000 0.001334 -0.005117 0.698423 582.016135 1.000000 1.000000 25.000000
 30000.000000 0.000000 0.001334 -0.005008 0.698443 592.016127 1.000000 1.000000 25.000000
 30500.000000 0.000000 0.001334 -0.004902 0.698463 602.016120 1.000000 1.000000 25.000000
 31000.000000 0.000000 0.001334 -0.004800 0.698482 612.016113 1.000000 1.000000 25.000000
 31500.000000 0.000000 0.001333 -0.004728 0.698500 622.016078 1.000000 1.000000 61.000000
 32000.000000 0.337554 -0.039262 -0.004696 0.698518 632.015837 1.000000 1.000000 171.000000
 32500.000000 0.000000 0.001307 -0.005510 0.698535 641.902448 1.000000 1.000000 68.000000
 33000.000000 2.681455 -2.694558 -0.007445 0.349276 650.863159 2.000000 2.000000 6.000000
 33500.000000 3.397930 -1.745144 -0.021843 0.169106 658.563819 5.000000 3.000000 27.000000
 34000.000000 0.000000 0.753038 -0.019154 0.154446 667.115240 5.000000 3.000000 782.000000
 34500.000000 0.230559 0.729268 -0.008424 0.157055 676.211478 5.000000 3.000000 49.000000
 35000.000000 0.000000 0.713076 0.000783 0.166534 685.373251 5.000000 3.000000 90.000000
 35500.000000 0.000000 0.713237 0.012481 0.166541 694.403146 5.000000 3.000000 90.000000
 36000.000000 0.962504 0.348635 0.022488 0.176648 703.655057 5.000000 3.000000 175.000000
 36500.000000 0.271350 0.681287 0.022057 0.169518 712.711151 5.000000 3.000000 1193.000000
 37000.000000 0.455820 0.627977 0.025865 0.172479 721.887888 5.000000 4.000000 1821.000000
 37500.000000 0.000000 0.680397 0.034331 0.175371 731.285476 5.000000 3.000000 234.000000
 38000.000000 0.000000 0.680800 0.044123 0.175324 740.543602 5.000000 3.000000 234.000000
 38500.000000 0.000000 0.681224 0.053627 0.175268 749.832356 5.000000 3.000000 234.000000
 39000.000000 0.000000 0.681636 0.062858 0.175213 759.149691 5.000000 3.000000 234.000000
 39500.000000 0.000000 0.682005 0.071826 0.175171 768.493837 5.000000 3.000000 234.000000
 40000.000000 0.000000 0.682188 0.076693 0.174644 777.911070 5.000000 3.000000 5736.000000
 40500.000000 0.000000 0.682482 0.085214 0.174629 787.297168 5.000000 3.000000 5736.000000
 41000.000000 0.000000 0.682812 0.093514 0.174600 796.704572 5.000000 3.000000 5736.000000
 41500.000000 0.000000 0.682997 0.101534 0.174616 806.141818 5.000000 3.000000 5736.000000
 42000.000000 0.000000 0.683269 0.109399 0.174603 815.590806 5.000000 3.000000 5736.000000
 42500.000000 1.190308 0.119704 0.102496 0.177109 824.089915 5.000000 4.000000 120.000000
 43000.000000 5.189679 -1.576554 0.087300 0.110614 830.992513 8.000000 4.000000 110.000000
 43500.000000 4.395594 -1.302768 0.077112 0.111136 839.311180 8.000000 4.000000 23.000000
 44000.000000 11.244856 -2.329940 0.060954 0.088999 845.929034 10.000000 3.000000 39.000000
 44500.000000 8.013923 -1.518881 0.043517 0.055623 851.949620 16.000000 4.000000 11.000000
 45000.000000 9.465274 -1.488752 0.032172 0.062494 860.054145 14.000000 4.000000 57.000000
 45500.000000 23.411517 -1.898695 0.018571 0.054731 867.363667 16.000000 3.000000 17.000000
 46000.000000 28.093957 -1.992870 0.001406 0.041618 873.211570 21.000000 1.000000 3.000000
 46500.000000 25.033852 -2.084425 -0.012162 0.039689 880.444295 22.000000 3.000000 17.000000
 47000.000000 18.471033 -1.272957 -0.022413 0.039617 888.753128 22.000000 3.000000 14.000000
 47500.000000 23.711822 -1.185382 -0.032492 0.039560 897.065447 22.000000 4.000000 6.000000
 48000.000000 62.713643 -3.000000 -0.044366 0.034873 904.593110 25.000000 1.000000 9.000000
 48500.000000 58.832428 -3.000000 -0.059982 0.028091 910.656736 31.000000 1.000000 6.000000
 49000.000000 65.670229 -1.375649 -0.072786 0.026356 917.827713 33.000000 2.000000 1.000000
 49500.000000 47.565130 -1.744343 -0.086873 0.022877 924.367507 38.000000 1.000000 1.000000
 50000.000000 41.884782 -1.170953 -0.097821 0.021179 932.029684 41.000000 2.000000 20.000000
 50500.000000 47.270983 -1.418628 -0.108038 0.020655 940.004473 42.000000 2.000000 3.000000
 51000.000000 32.518869 -1.056953 -0.117291 0.020163 948.150756 43.000000 3.000000 79.000000
 51500.000000 31.113884 -0.846112 -0.125595 0.019672 956.641716 44.000000 4.000000 18.000000
 52000.000000 45.073628 -0.868950 -0.133122 0.020074 965.358323 43.000000 4.000000 23.000000
 52500.000000 59.888778 -1.064114 -0.141730 0.019562 973.622132 44.000000 4.000000 4.000000
 53000.000000 16.915397 -0.560933 -0.146830 0.019530 982.904156 44.000000 4.000000 5.000000
 53500.000000 40.005683 -0.780200 -0.152614 0.018718 991.989097 46.000000 3.000000 12.000000
 54000.000000 42.076435 -0.623300 -0.157042 0.018678 1001.389840 46.000000 3.000000 5.000000
 54500.000000 56.446643 -1.427118 -0.163986 0.019005 1010.117718 45.000000 3.000000 17.000000
 55000.000000 56.576389 -1.182146 -0.170133 0.019375 1019.066741 44.000000 3.000000 22.000000
 55500.000000 54.610073 -0.606267 -0.174953 0.018966 1028.342143 45.000000 3.000000 4.000000
 56000.000000 23.482986 -0.522251 -0.179687 0.018938 1037.624974 45.000000 4.000000 13.000000
 56500.000000 20.057601 -0.769109 -0.183721 0.019261 1047.052211 44.000000 3.000000 24.000000
 57000.000000 22.783993 -0.406468 -0.186616 0.019249 1056.676083 44.000000 4.000000 20.000000
 57500.000000 24.016881 -0.338806 -0.189567 0.019231 1066.285769 44.000000 4.000000 3.000000
 58000.000000 26.551834 -0.805895 -0.192833 0.019189 1075.836669 44.000000 4.000000 13.000000
 58500.000000 38.408590 -0.460534 -0.195715 0.019131 1085.458120 44.000000 3.000000 18.000000
 59000.000000 32.845253 -0.409228 -0.197474 0.019065 1095.251295 44.000000 3.000000 15.000000
 59500.000000 43.934722 -0.664133 -0.199644 0.019004 1104.965416 44.000000 4.000000 24.000000
 60000.000000 37.906188 -0.223889 -0.200839 0.018947 1114.803338 44.000000 3.000000 11.000000
 60500.000000 43.087143 -0.526964 -0.202906 0.018899 1124.518966 44.000000 3.000000 5.000000
 61000.000000 45.013857 -0.511341 -0.206796 0.018857 1133.878968 44.000000 4.000000 5.000000
 61500.000000 41.838444 -0.442841 -0.208828 0.018806 1143.595571 44.000000 4.000000 15.000000
 62000.000000 42.668220 -0.338223 -0.210285 0.018781 1153.402768 44.000000 4.000000 11.000000
 62500.000000 40.266303 -0.313228 -0.211806 0.018755 1163.206439 44.000000 4.000000 8.000000
 63000.000000 28.841217 -0.351130 -0.213281 0.018733 1173.013228 44.000000 4.000000 51.000000
 63500.000000 14.186535 -0.564578 -0.216238 0.019112 1182.552659 43.000000 4.000000 20.000000
 64000.000000 18.766468 -0.493199 -0.218697 0.019107 1192.216596 43.000000 4.000000 8.000000
 64500.000000 4.613561 -0.451841 -0.220883 0.019082 1201.893831 43.000000 3.000000 46.000000
 65000.000000 3.865172 -0.116116 -0.220704 0.019030 1211.838086 43.000000 3.000000 54.000000
 65500.000000 0.379514 1.548237 -0.207836 0.018934 1217.473886 43.000000 3.000000 27.000000
 66000.000000 1.901078 0.110429 -0.197850 0.018747 1224.634896 43.000000 3.000000 126.000000
 66500.000000 0.674637 1.453482 -0.180507 0.018849 1227.914404 43.000000 3.000000 199.000000
 67000.000000 4.418389 -0.189995 -0.175138 0.018749 1236.702257 43.000000 3.000000 53.000000
 67500.000000 0.791267 1.390763 -0.170858 0.018822 1245.448062 43.000000 3.000000 227.000000
 68000.000000 0.987830 1.259505 -0.163719 0.018828 1253.982955 43.000000 4.000000 56.000000
 68500.000000 0.742605 1.411671 -0.150047 0.019103 1259.838327 43.000000 3.000000 108.000000
 69000.000000 3.582960 0.149909 -0.142567 0.016407 1267.589977 42.000000 3.000000 102.000000
 69500.000000 0.179958 1.665065 -0.128558 0.016380 1272.434316 42.000000 2.000000 447.000000
 70000.000000 0.000000 1.663720 -0.109942 0.016353 1274.905800 42.000000 2.000000 447.000000
 70500.000000 0.000000 1.665364 -0.091562 0.016328 1277.635975 42.000000 2.000000 447.000000
 71000.000000 0.000000 1.666991 -0.073551 0.016303 1280.722423 42.000000 2.000000 447.000000
 71500.000000 0.000000 1.668601 -0.055896 0.016279 1284.139021 42.000000 2.000000 447.000000
 72000.000000 0.000000 1.670194 -0.038588 0.016256 1287.862150 42.000000 2.000000 447.000000
 72500.000000 0.000000 1.671770 -0.021614 0.016234 1291.870395 42.000000 2.000000 447.000000
 73000.000000 0.000000 1.673330 -0.004966 0.016212 1296.144298 42.000000 2.000000 447.000000
 73500.000000 0.000000 1.674864 0.011375 0.016192 1300.660109 42.000000 2.000000 447.000000
 74000.000000 0.000000 1.676370 0.027400 0.016171 1305.415688 42.000000 2.000000 447.000000
 74500.000000 0.380811 1.658893 0.043105 0.016152 1310.404643 42.000000 2.000000 447.000000
 75000.000000 0.178398 1.681392 0.058507 0.016133 1315.607129 42.000000 2.000000 447.000000
 75500.000000 0.488640 1.641080 0.073305 0.016115 1321.222953 42.000000 2.000000 254.000000
 76000.000000 0.192167 1.683732 0.088041 0.016098 1326.866702 42.000000 2.000000 254.000000
 76500.000000 0.449577 1.652878 0.102561 0.016081 1332.645807 42.000000 2.000000 254.000000
 77000.000000 0.000000 1.684679 0.116949 0.016065 1338.498832 42.000000 2.000000 254.000000
 77500.000000 1.211567 1.281065 0.129879 0.016049 1345.217121 42.000000 2.000000 379.000000
 78000.000000 2.175367 -0.018295 0.132843 0.016034 1354.326910 42.000000 3.000000 274.000000
 78500.000000 1.337123 1.137487 0.133926 0.018201 1364.062280 43.000000 4.000000 38.000000
 79000.000000 0.320828 1.674065 0.138959 0.016006 1372.935670 42.000000 2.000000 598.000000
 79500.000000 0.403389 1.664620 0.150098 0.015992 1380.395191 42.000000 2.000000 191.000000
 80000.000000 0.054475 1.686737 0.163226 0.015980 1386.803569 42.000000 2.000000 191.000000
 80500.000000 0.000000 1.684921 0.176284 0.015967 1393.237748 42.000000 2.000000 191.000000
 81000.000000 0.000000 1.686348 0.189118 0.015956 1399.796746 42.000000 2.000000 191.000000
 81500.000000 0.000000 1.687760 0.201744 0.015945 1406.466309 42.000000 2.000000 191.000000
 82000.000000 0.000000 1.689158 0.214169 0.015934 1413.240987 42.000000 2.000000 191.000000
 82500.000000 0.000000 1.690542 0.226397 0.015924 1420.115685 42.000000 2.000000 191.000000
 83000.000000 0.000000 1.691911 0.238434 0.015914 1427.085633 42.000000 2.000000 191.000000
 83500.000000 0.000000 1.693267 0.250283 0.015905 1434.146364 42.000000 2.000000 191.000000
 84000.000000 0.000000 1.694609 0.261950 0.015896 1441.293687 42.000000 2.000000 191.000000
 84500.000000 0.000000 1.695938 0.273439 0.015888 1448.523668 42.000000 2.000000 191.000000
 85000.000000 0.000000 1.697254 0.284755 0.015880 1455.832608 42.000000 2.000000 191.000000
 85500.000000 0.000000 1.698557 0.295900 0.015873 1463.217029 42.000000 2.000000 191.000000
 86000.000000 0.000000 1.699846 0.306880 0.015866 1470.673656 42.000000 2.000000 191.000000
 86500.000000 0.000000 1.701123 0.317698 0.015859 1478.199402 42.000000 2.000000 191.000000
 87000.000000 0.000000 1.702388 0.328358 0.015853 1485.791355 42.000000 2.000000 191.000000
 87500.000000 0.000000 1.703640 0.338863 0.015848 1493.446767 42.000000 2.000000 191.000000
 88000.000000 0.000000 1.704879 0.349218 0.015842 1501.163041 42.000000 2.000000 191.000000
 88500.000000 0.000000 1.706107 0.359424 0.015838 1508.937720 42.000000 2.000000 191.000000
 89000.000000 0.000000 1.707323 0.369487 0.015833 1516.768481 42.000000 2.000000 191.000000
 89500.000000 0.000000 1.708527 0.379408 0.015829 1524.653123 42.000000 2.000000 191.000000
 90000.000000 0.000000 1.709720 0.389191 0.015825 1532.589560 42.000000 2.000000 191.000000
 90500.000000 0.000000 1.710901 0.398840 0.015822 1540.575813 42.000000 2.000000 191.000000
 91000.000000 0.000000 1.712070 0.408356 0.015819 1548.610004 42.000000 2.000000 191.000000
 91500.000000 0.000000 1.713229 0.417743 0.015816 1556.690351 42.000000 2.000000 191.000000
 92000.000000 0.000000 1.714376 0.427003 0.015814 1564.815158 42.000000 2.000000 191.000000
 92500.000000 0.000000 1.715513 0.436139 0.015812 1572.982814 42.000000 2.000000 191.000000
 93000.000000 0.000000 1.716639 0.445154 0.015811 1581.191784 42.000000 2.000000 191.000000
 93500.000000 0.000000 1.717754 0.454050 0.015809 1589.440609 42.000000 2.000000 191.000000
 94000.000000 0.000000 1.718858 0.462830 0.015808 1597.727896 42.000000 2.000000 191.000000
 94500.000000 0.000000 1.719953 0.471496 0.015808 1606.052320 42.000000 2.000000 191.000000
 95000.000000 0.000000 1.721037 0.480050 0.015807 1614.412614 42.000000 2.000000 191.000000
 95500.000000 0.000000 1.722111 0.488495 0.015807 1622.807572 42.000000 2.000000 191.000000
 96000.000000 0.000000 1.723175 0.496833 0.015808 1631.236039 42.000000 2.000000 191.000000
 96500.000000 0.000000 1.724229 0.505065 0.015808 1639.696914 42.000000 2.000000 191.000000
 97000.000000 0.000000 1.725273 0.513195 0.015809 1648.189145 42.000000 2.000000 191.000000
 97500.000000 0.000000 1.726308 0.521223 0.015810 1656.711722 42.000000 2.000000 191.000000
 98000.000000 0.000000 1.727333 0.529152 0.015812 1665.263683 42.000000 2.000000 191.000000
 98500.000000 0.000000 1.728348 0.536984 0.015814 1673.844104 42.000000 2.000000 191.000000
 99000.000000 0.000000 1.729355 0.544721 0.015816 1682.452102 42.000000 2.000000 191.000000
 99500.000000 0.000000 1.730352 0.552364 0.015818 1691.086829 42.000000 2.000000 191.000000
 100000.000000 0.000000 1.731340 0.559915 0.015821 1699.747473 42.000000 2.000000 191.000000
 100500.000000 0.000000 1.732319 0.567377 0.015823 1708.433254 42.000000 2.000000 191.000000
 101000.000000 0.000000 1.733289 0.574749 0.015827 1717.143426 42.000000 2.000000 191.000000
 101500.000000 0.000000 1.734251 0.582036 0.015830 1725.877272 42.000000 2.000000 191.000000
 102000.000000 0.000000 1.735204 0.589237 0.015833 1734.634100 42.000000 2.000000 191.000000
 102500.000000 0.000000 1.736148 0.596354 0.015837 1743.413250 42.000000 2.000000 191.000000
 103000.000000 0.000000 1.737083 0.603389 0.015841 1752.214086 42.000000 2.000000 191.000000
 103500.000000 0.000000 1.738007 0.610344 0.015845 1761.036002 42.000000 2.000000 191.000000
 104000.000000 0.000000 1.738920 0.617219 0.015849 1769.878420 42.000000 2.000000 191.000000
 104500.000000 0.000000 1.739822 0.624017 0.015853 1778.740784 42.000000 2.000000 191.000000
 105000.000000 0.000000 1.740712 0.630737 0.015857 1787.622556 42.000000 2.000000 191.000000
 105500.000000 0.000000 1.741593 0.637383 0.015861 1796.523220 42.000000 2.000000 191.000000
 106000.000000 0.000000 1.742463 0.643955 0.015864 1805.442277 42.000000 2.000000 191.000000
 106500.000000 0.000000 1.743323 0.650454 0.015868 1814.379246 42.000000 2.000000 191.000000
 107000.000000 0.000000 1.744172 0.656882 0.015872 1823.333663 42.000000 2.000000 191.000000
 107500.000000 0.000000 1.745012 0.663240 0.015876 1832.305079 42.000000 2.000000 191.000000
 108000.000000 0.000000 1.745842 0.669528 0.015879 1841.293063 42.000000 2.000000 191.000000
 108500.000000 0.000000 1.746663 0.675749 0.015883 1850.297197 42.000000 2.000000 191.000000
 109000.000000 0.000000 1.747474 0.681902 0.015886 1859.317078 42.000000 2.000000 191.000000
 109500.000000 0.000000 1.748276 0.687990 0.015890 1868.352315 42.000000 2.000000 191.000000
 110000.000000 0.000000 1.749069 0.694014 0.015893 1877.402531 42.000000 2.000000 191.000000
 110500.000000 0.000000 1.749853 0.699974 0.015897 1886.467363 42.000000 2.000000 191.000000
 111000.000000 0.000000 1.750629 0.705871 0.015900 1895.546458 42.000000 2.000000 191.000000
 111500.000000 0.000000 1.751395 0.711707 0.015904 1904.639475 42.000000 2.000000 191.000000
 112000.000000 0.000000 1.752154 0.717482 0.015907 1913.746084 42.000000 2.000000 191.000000
 112500.000000 0.000000 1.752904 0.723198 0.015910 1922.865965 42.000000 2.000000 191.000000
 113000.000000 0.000000 1.753646 0.728855 0.015914 1931.998810 42.000000 2.000000 191.000000
 113500.000000 0.000000 1.754379 0.734454 0.015917 1941.144317 42.000000 2.000000 191.000000
 114000.000000 0.000000 1.755105 0.739996 0.015920 1950.302198 42.000000 2.000000 191.000000
 114500.000000 0.000000 1.755824 0.745483 0.015924 1959.472171 42.000000 2.000000 191.000000
 115000.000000 0.000000 1.756534 0.750914 0.015927 1968.653963 42.000000 2.000000 191.000000
 115500.000000 0.000000 1.757237 0.756291 0.015930 1977.847310 42.000000 2.000000 191.000000
 116000.000000 0.000000 1.757932 0.761615 0.015933 1987.051955 42.000000 2.000000 191.000000
 116500.000000 0.000000 1.758621 0.766886 0.015936 1996.267650 42.000000 2.000000 191.000000
 117000.000000 0.000000 1.759302 0.772105 0.015939 2005.494154 42.000000 2.000000 191.000000
 117500.000000 0.000000 1.759976 0.777273 0.015942 2014.731231 42.000000 2.000000 191.000000
 118000.000000 0.000000 1.760643 0.782391 0.015945 2023.978656 42.000000 2.000000 191.000000
 118500.000000 0.000000 1.761303 0.787460 0.015948 2033.236207 42.000000 2.000000 191.000000
 119000.000000 0.000000 1.761956 0.792479 0.015951 2042.503669 42.000000 2.000000 191.000000
 119500.000000 0.000000 1.762603 0.797451 0.015954 2051.780836 42.000000 2.000000 191.000000
 120000.000000 0.000000 1.763243 0.802375 0.015957 2061.067503 42.000000 2.000000 191.000000
 120500.000000 0.000000 1.763877 0.807252 0.015960 2070.363475 42.000000 2.000000 191.000000
 121000.000000 0.000000 1.764505 0.812083 0.015963 2079.668561 42.000000 2.000000 191.000000
 121500.000000 0.000000 1.765126 0.816869 0.015966 2088.982574 42.000000 2.000000 191.000000
 122000.000000 0.000000 1.765741 0.821611 0.015969 2098.305334 42.000000 2.000000 191.000000
 122500.000000 0.000000 1.766350 0.826308 0.015972 2107.636665 42.000000 2.000000 191.000000
 123000.000000 0.000000 1.766953 0.830962 0.015974 2116.976397 42.000000 2.000000 191.000000
 123500.000000 0.000000 1.767550 0.835573 0.015977 2126.324363 42.000000 2.000000 191.000000
 124000.000000 0.000000 1.768142 0.840142 0.015980 2135.680401 42.000000 2.000000 191.000000
 124500.000000 0.000000 1.768727 0.844669 0.015983 2145.044353 42.000000 2.000000 191.000000
 125000.000000 0.000000 1.769307 0.849155 0.015985 2154.416066 42.000000 2.000000 191.000000
 125500.000000 0.000000 1.769882 0.853600 0.015988 2163.795391 42.000000 2.000000 191.000000
 126000.000000 0.000000 1.770451 0.858006 0.015991 2173.182182 42.000000 2.000000 191.000000
 126500.000000 0.000000 1.771014 0.862372 0.015993 2182.576298 42.000000 2.000000 191.000000
 127000.000000 0.000000 1.771572 0.866700 0.015996 2191.977600 42.000000 2.000000 191.000000
 127500.000000 0.000000 1.772125 0.870989 0.015999 2201.385954 42.000000 2.000000 191.000000
 128000.000000 0.000000 1.772673 0.875240 0.016001 2210.801229 42.000000 2.000000 191.000000
 128500.000000 0.000000 1.773216 0.879454 0.016004 2220.223296 42.000000 2.000000 191.000000
 129000.000000 0.000000 1.773754 0.883631 0.016006 2229.652032 42.000000 2.000000 191.000000
 129500.000000 0.000000 1.774287 0.887772 0.016009 2239.087314 42.000000 2.000000 191.000000
 130000.000000 0.000000 1.774815 0.891877 0.016011 2248.529024 42.000000 2.000000 191.000000
 130500.000000 0.000000 1.775338 0.895947 0.016014 2257.977047 42.000000 2.000000 191.000000
 131000.000000 0.000000 1.775856 0.899982 0.016016 2267.431270 42.000000 2.000000 191.000000
 131500.000000 0.000000 1.776370 0.903982 0.016019 2276.891582 42.000000 2.000000 191.000000
 132000.000000 0.000000 1.776879 0.907949 0.016021 2286.357877 42.000000 2.000000 191.000000
 132500.000000 0.000000 1.777383 0.911882 0.016024 2295.830049 42.000000 2.000000 191.000000
 133000.000000 0.000000 1.777883 0.915782 0.016026 2305.307996 42.000000 2.000000 191.000000
 133500.000000 0.000000 1.778379 0.919649 0.016028 2314.791618 42.000000 2.000000 191.000000
 134000.000000 0.000000 1.778870 0.923483 0.016031 2324.280817 42.000000 2.000000 191.000000
 134500.000000 0.000000 1.779357 0.927286 0.016033 2333.775499 42.000000 2.000000 191.000000
 135000.000000 0.000000 1.779839 0.931058 0.016035 2343.275569 42.000000 2.000000 191.000000
 135500.000000 0.000000 1.780318 0.934799 0.016038 2352.780938 42.000000 2.000000 191.000000
 136000.000000 0.000000 1.780792 0.938508 0.016040 2362.291516 42.000000 2.000000 191.000000
 136500.000000 0.000000 1.781262 0.942188 0.016042 2371.807217 42.000000 2.000000 191.000000
 137000.000000 0.000000 1.781728 0.945838 0.016044 2381.327955 42.000000 2.000000 191.000000
 137500.000000 0.000000 1.782190 0.949458 0.016047 2390.853648 42.000000 2.000000 191.000000
 138000.000000 0.000000 1.782648 0.953049 0.016049 2400.384214 42.000000 2.000000 191.000000
 138500.000000 0.000000 1.783102 0.956611 0.016051 2409.919574 42.000000 2.000000 191.000000
 139000.000000 0.000000 1.783553 0.960144 0.016053 2419.459651 42.000000 2.000000 191.000000
 139500.000000 0.000000 1.783999 0.963650 0.016055 2429.004368 42.000000 2.000000 191.000000
 140000.000000 0.000000 1.784442 0.967128 0.016058 2438.553652 42.000000 2.000000 191.000000
 140500.000000 0.000000 1.784881 0.970578 0.016060 2448.107430 42.000000 2.000000 191.000000
 141000.000000 0.000000 1.785317 0.974001 0.016062 2457.665631 42.000000 2.000000 191.000000
 141500.000000 0.000000 1.785749 0.977398 0.016064 2467.228186 42.000000 2.000000 191.000000
 142000.000000 0.000000 1.786177 0.980768 0.016066 2476.795026 42.000000 2.000000 191.000000
 142500.000000 0.000000 1.786602 0.984112 0.016068 2486.366084 42.000000 2.000000 191.000000
 143000.000000 0.000000 1.787023 0.987430 0.016070 2495.941297 42.000000 2.000000 191.000000
 143500.000000 0.000000 1.787441 0.990722 0.016072 2505.520599 42.000000 2.000000 191.000000
 144000.000000 0.000000 1.787855 0.993990 0.016074 2515.103929 42.000000 2.000000 191.000000
 144500.000000 0.000000 1.788267 0.997232 0.016076 2524.691226 42.000000 2.000000 191.000000
 145000.000000 0.000000 1.788674 1.000450 0.016078 2534.282428 42.000000 2.000000 191.000000
 145500.000000 0.000000 1.789079 1.003643 0.016080 2543.877479 42.000000 2.000000 191.000000
 146000.000000 0.000000 1.789480 1.006812 0.016082 2553.476319 42.000000 2.000000 191.000000
 146500.000000 0.000000 1.789879 1.009958 0.016084 2563.078894 42.000000 2.000000 191.000000
 147000.000000 0.000000 1.790274 1.013079 0.016086 2572.685148 42.000000 2.000000 191.000000
 147500.000000 0.000000 1.790665 1.016178 0.016088 2582.295026 42.000000 2.000000 191.000000
 148000.000000 0.000000 1.791054 1.019254 0.016090 2591.908477 42.000000 2.000000 191.000000
 148500.000000 0.000000 1.791440 1.022307 0.016092 2601.525447 42.000000 2.000000 191.000000
 149000.000000 0.000000 1.791823 1.025337 0.016094 2611.145886 42.000000 2.000000 191.000000
 149500.000000 0.000000 1.792203 1.028345 0.016096 2620.769745 42.000000 2.000000 191.000000
 150000.000000 0.000000 1.792579 1.031332 0.016098 2630.396973 42.000000 2.000000 191.000000
 150500.000000 0.000000 1.792953 1.034296 0.016100 2640.027524 42.000000 2.000000 191.000000
 151000.000000 0.000000 1.793324 1.037239 0.016101 2649.661351 42.000000 2.000000 191.000000
 151500.000000 0.000000 1.793693 1.040161 0.016103 2659.298406 42.000000 2.000000 191.000000
 152000.000000 0.000000 1.794058 1.043061 0.016105 2668.938645 42.000000 2.000000 191.000000
 152500.000000 0.000000 1.794421 1.045941 0.016107 2678.582024 42.000000 2.000000 191.000000
 153000.000000 0.000000 1.794781 1.048801 0.016109 2688.228499 42.000000 2.000000 191.000000
 153500.000000 0.000000 1.795138 1.051640 0.016111 2697.878027 42.000000 2.000000 191.000000
 154000.000000 0.000000 1.795492 1.054459 0.016112 2707.530566 42.000000 2.000000 191.000000
 154500.000000 0.000000 1.795844 1.057258 0.016114 2717.186076 42.000000 2.000000 191.000000
 155000.000000 0.000000 1.796194 1.060037 0.016116 2726.844515 42.000000 2.000000 191.000000
 155500.000000 0.000000 1.796540 1.062797 0.016118 2736.505845 42.000000 2.000000 191.000000
 156000.000000 0.000000 1.796884 1.065537 0.016119 2746.170026 42.000000 2.000000 191.000000
 156500.000000 0.000000 1.797226 1.068259 0.016121 2755.837021 42.000000 2.000000 191.000000
 157000.000000 0.000000 1.797565 1.070961 0.016123 2765.506791 42.000000 2.000000 191.000000
 157500.000000 0.000000 1.797902 1.073645 0.016124 2775.179300 42.000000 2.000000 191.000000
 158000.000000 0.000000 1.798236 1.076311 0.016126 2784.854512 42.000000 2.000000 191.000000
 158500.000000 0.000000 1.798568 1.078958 0.016128 2794.532392 42.000000 2.000000 191.000000
 159000.000000 0.000000 1.798897 1.081587 0.016130 2804.212904 42.000000 2.000000 191.000000
 159500.000000 0.000000 1.799224 1.084198 0.016131 2813.896014 42.000000 2.000000 191.000000
 160000.000000 0.000000 1.799549 1.086792 0.016133 2823.581689 42.000000 2.000000 191.000000
 160500.000000 0.000000 1.799871 1.089368 0.016134 2833.269896 42.000000 2.000000 191.000000
 161000.000000 0.000000 1.800191 1.091927 0.016136 2842.960602 42.000000 2.000000 191.000000
 161500.000000 0.000000 1.800509 1.094468 0.016138 2852.653775 42.000000 2.000000 191.000000
 162000.000000 0.000000 1.800824 1.096993 0.016139 2862.349384 42.000000 2.000000 191.000000
 162500.000000 0.000000 1.801137 1.099500 0.016141 2872.047399 42.000000 2.000000 191.000000
 163000.000000 0.000000 1.801448 1.101991 0.016143 2881.747788 42.000000 2.000000 191.000000
 163500.000000 0.000000 1.801757 1.104466 0.016144 2891.450523 42.000000 2.000000 191.000000
 164000.000000 0.000000 1.802064 1.106924 0.016146 2901.155574 42.000000 2.000000 191.000000
 164500.000000 0.000000 1.802369 1.109366 0.016147 2910.862912 42.000000 2.000000 191.000000
 165000.000000 0.000000 1.802671 1.111792 0.016149 2920.572510 42.000000 2.000000 191.000000
 165500.000000 0.000000 1.802972 1.114203 0.016150 2930.284339 42.000000 2.000000 191.000000
 166000.000000 0.000000 1.803270 1.116597 0.016152 2939.998371 42.000000 2.000000 191.000000
 166500.000000 0.000000 1.803566 1.118976 0.016153 2949.714581 42.000000 2.000000 191.000000
 167000.000000 0.000000 1.803861 1.121340 0.016155 2959.432942 42.000000 2.000000 191.000000
 167500.000000 0.115326 1.803453 1.123688 0.016156 2969.153420 42.000000 2.000000 191.000000
 168000.000000 0.183594 1.799361 1.125851 0.016158 2978.929187 42.000000 2.000000 703.000000
 168500.000000 3.974608 -0.313143 1.125506 0.020756 2987.778590 43.000000 3.000000 136.000000
 169000.000000 2.642633 -0.201090 1.122204 0.020738 2995.189447 43.000000 3.000000 27.000000
 169500.000000 7.454802 -1.267311 1.118685 0.020721 3002.290915 43.000000 3.000000 79.000000
 170000.000000 8.113018 -0.989985 1.114810 0.020712 3008.914802 43.000000 4.000000 296.000000
 170500.000000 15.499138 -0.886395 1.110963 0.020706 3015.548174 43.000000 4.000000 34.000000
 171000.000000 10.292050 -0.820379 1.106901 0.020699 3021.878662 43.000000 4.000000 15.000000
 171500.000000 3.603896 -0.062317 1.103701 0.018399 3029.315688 43.000000 4.000000 106.000000
 172000.000000 4.502875 -0.196984 1.103001 0.019024 3038.315758 43.000000 3.000000 70.000000
 172500.000000 2.832643 -0.026094 1.101158 0.018381 3046.910616 43.000000 3.000000 936.000000
 173000.000000 0.568328 1.605163 1.102534 0.019749 3056.857030 43.000000 3.000000 413.000000
 173500.000000 1.002340 1.374114 1.102602 0.019818 3066.496096 43.000000 3.000000 114.000000
 174000.000000 0.831021 1.478799 1.102713 0.020206 3075.824522 43.000000 3.000000 570.000000
 174500.000000 0.205638 1.667590 1.103253 0.020386 3085.363462 43.000000 3.000000 2614.000000
 175000.000000 0.201601 1.668244 1.105082 0.020390 3095.236433 43.000000 3.000000 36.000000
 175500.000000 0.091005 1.674527 1.106885 0.020397 3105.114410 43.000000 3.000000 36.000000
 176000.000000 0.000000 1.671594 1.108565 0.020490 3115.013422 43.000000 3.000000 386.000000
 176500.000000 0.000000 1.671923 1.110359 0.020491 3124.889399 43.000000 3.000000 386.000000
 177000.000000 0.000000 1.672284 1.112142 0.020491 3134.766323 43.000000 3.000000 386.000000
 177500.000000 0.000000 1.672642 1.113915 0.020491 3144.643860 43.000000 3.000000 386.000000
 178000.000000 0.000000 1.672999 1.115679 0.020491 3154.522002 43.000000 3.000000 386.000000
 178500.000000 0.000000 1.673353 1.117432 0.020491 3164.400746 43.000000 3.000000 386.000000
 179000.000000 0.000000 1.673705 1.119175 0.020491 3174.280086 43.000000 3.000000 386.000000
 179500.000000 0.000000 1.674055 1.120909 0.020491 3184.160018 43.000000 3.000000 386.000000
 180000.000000 0.000000 1.674403 1.122633 0.020491 3194.040536 43.000000 3.000000 386.000000
 180500.000000 0.000000 1.674748 1.124348 0.020491 3203.921636 43.000000 3.000000 386.000000
 181000.000000 0.000000 1.675092 1.126053 0.020491 3213.803313 43.000000 3.000000 386.000000
 181500.000000 0.000000 1.675433 1.127749 0.020492 3223.685562 43.000000 3.000000 386.000000
 182000.000000 0.000000 1.675772 1.129435 0.020492 3233.568379 43.000000 3.000000 386.000000
 182500.000000 0.000000 1.676110 1.131112 0.020492 3243.451758 43.000000 3.000000 386.000000
 183000.000000 0.000000 1.676445 1.132780 0.020492 3253.335697 43.000000 3.000000 386.000000
 183500.000000 0.000000 1.676778 1.134439 0.020492 3263.220189 43.000000 3.000000 386.000000
 184000.000000 0.000000 1.677109 1.136089 0.020492 3273.105231 43.000000 3.000000 386.000000
 184500.000000 0.000000 1.677438 1.137730 0.020492 3282.990818 43.000000 3.000000 386.000000
 185000.000000 0.000000 1.677765 1.139362 0.020492 3292.876946 43.000000 3.000000 386.000000
 185500.000000 0.000000 1.678090 1.140985 0.020492 3302.763610 43.000000 3.000000 386.000000
 186000.000000 0.000000 1.678414 1.142600 0.020492 3312.650807 43.000000 3.000000 386.000000
 186500.000000 0.000000 1.678735 1.144206 0.020492 3322.538532 43.000000 3.000000 386.000000
 187000.000000 0.000000 1.679054 1.145803 0.020492 3332.426781 43.000000 3.000000 386.000000
 187500.000000 0.000000 1.679372 1.147392 0.020492 3342.315549 43.000000 3.000000 386.000000
 188000.000000 0.000000 1.679688 1.148973 0.020492 3352.204834 43.000000 3.000000 386.000000
 188500.000000 0.000000 1.680002 1.150545 0.020492 3362.094630 43.000000 3.000000 386.000000
 189000.000000 0.000000 1.680313 1.152109 0.020492 3371.984935 43.000000 3.000000 386.000000
 189500.000000 0.000000 1.680624 1.153664 0.020492 3381.875743 43.000000 3.000000 386.000000
 190000.000000 0.000000 1.680932 1.155212 0.020492 3391.767051 43.000000 3.000000 386.000000
 190500.000000 0.000000 1.681239 1.156751 0.020492 3401.658855 43.000000 3.000000 386.000000
 191000.000000 0.000000 1.681543 1.158282 0.020492 3411.551152 43.000000 3.000000 386.000000
 191500.000000 0.000000 1.681846 1.159806 0.020492 3421.443937 43.000000 3.000000 386.000000
 192000.000000 0.000000 1.682148 1.161321 0.020492 3431.337208 43.000000 3.000000 386.000000
 192500.000000 0.259927 1.667471 1.162756 0.020585 3441.242770 43.000000 3.000000 144.000000
 193000.000000 2.869302 -0.099123 1.161243 0.020375 3449.724837 43.000000 3.000000 17.000000
 193500.000000 2.448679 -0.075313 1.158528 0.020359 3457.396491 43.000000 4.000000 38.000000
 194000.000000 8.839529 -0.808852 1.155446 0.020354 3464.528269 43.000000 4.000000 50.000000
 194500.000000 31.297038 -0.870832 1.151821 0.020343 3470.809879 43.000000 4.000000 22.000000
 195000.000000 28.079369 -0.948712 1.148184 0.020333 3477.050992 43.000000 4.000000 17.000000
 195500.000000 4.782344 -0.296968 1.144757 0.020325 3483.612487 43.000000 3.000000 17.000000
 196000.000000 0.873029 1.444796 1.144399 0.020523 3492.568191 43.000000 3.000000 261.000000
 196500.000000 4.286147 -0.141729 1.142954 0.020423 3501.099199 43.000000 3.000000 56.000000
 197000.000000 0.046771 1.674154 1.143369 0.020500 3510.515045 43.000000 3.000000 36.000000
 197500.000000 0.000000 1.670323 1.144360 0.020617 3520.248292 43.000000 3.000000 1510.000000
 198000.000000 0.000000 1.670565 1.145830 0.020620 3530.146350 43.000000 3.000000 141.000000
 198500.000000 0.000000 1.670856 1.147306 0.020621 3540.041790 43.000000 3.000000 141.000000
 199000.000000 0.000000 1.668470 1.148634 0.020729 3549.969966 43.000000 3.000000 3345.000000
 199500.000000 1.073669 1.292458 1.149490 0.020779 3559.698499 43.000000 4.000000 1512.000000
 200000.000000 2.992727 -0.024411 1.147485 0.020689 3567.809888 43.000000 3.000000 45.000000
 200500.000000 4.989786 -0.295441 1.144637 0.020678 3575.136293 43.000000 3.000000 11.000000
 201000.000000 21.935992 -0.891364 1.141987 0.020570 3582.714887 43.000000 4.000000 5.000000
 201500.000000 39.228062 -0.899932 1.138462 0.020560 3588.940625 43.000000 3.000000 27.000000
 202000.000000 40.510447 -0.868550 1.134996 0.020543 3595.247965 43.000000 4.000000 17.000000
 202500.000000 38.854912 -0.745918 1.131364 0.020537 3601.229648 43.000000 4.000000 8.000000
 203000.000000 32.623959 -0.903047 1.127946 0.020526 3607.578948 43.000000 3.000000 10.000000
 203500.000000 27.227949 -0.945341 1.124559 0.020527 3613.972304 43.000000 4.000000 9.000000
 204000.000000 62.639569 -1.429097 1.120873 0.020513 3619.799456 43.000000 5.000000 11.000000
 204500.000000 67.023155 -1.596686 1.117148 0.020501 3625.536634 43.000000 2.000000 10.000000
 205000.000000 64.716181 -1.426456 1.113044 0.020015 3630.454346 44.000000 2.000000 20.000000
 205500.000000 74.966690 -1.741327 1.109212 0.020003 3635.918870 44.000000 3.000000 4.000000
 206000.000000 57.690472 -1.085328 1.105200 0.019986 3640.985997 44.000000 4.000000 23.000000
 206500.000000 35.976445 -0.660665 1.101825 0.019976 3647.269648 44.000000 3.000000 26.000000
 207000.000000 21.364821 -0.866289 1.098567 0.019970 3653.756581 44.000000 4.000000 73.000000
 207500.000000 41.021022 -0.776366 1.095367 0.019977 3660.329870 44.000000 3.000000 17.000000
 208000.000000 36.455819 -0.627494 1.092237 0.019967 3667.004889 44.000000 3.000000 6.000000
 208500.000000 44.410025 -0.820003 1.089003 0.019957 3673.483252 44.000000 4.000000 5.000000
 209000.000000 56.500119 -1.168654 1.085811 0.019955 3680.016517 44.000000 3.000000 14.000000
 209500.000000 50.768584 -1.089476 1.082301 0.019541 3685.956749 45.000000 4.000000 1.000000
 210000.000000 74.475209 -1.585133 1.078608 0.019537 3691.514547 45.000000 3.000000 20.000000
 210500.000000 81.064794 -1.958818 1.074800 0.019508 3696.819878 45.000000 3.000000 4.000000
 211000.000000 79.913851 -1.693633 1.070485 0.019075 3701.018207 46.000000 2.000000 4.000000
 211500.000000 72.026969 -1.344767 1.066888 0.019086 3706.706896 46.000000 3.000000 3.000000
 212000.000000 94.767875 -2.232844 1.062671 0.017556 3711.055680 50.000000 3.000000 5.000000
 212500.000000 101.119095 -2.725665 1.058229 0.015956 3714.879281 55.000000 3.000000 16.000000
 213000.000000 102.246478 -2.040762 1.054032 0.015134 3719.230763 58.000000 3.000000 9.000000
 213500.000000 119.331048 -1.705648 1.049554 0.013712 3722.911455 64.000000 2.000000 7.000000
 214000.000000 93.631348 -1.432236 1.045420 0.013097 3727.341468 67.000000 4.000000 2.000000
 214500.000000 83.118611 -1.511446 1.041574 0.013095 3732.390976 67.000000 3.000000 11.000000
 215000.000000 111.830117 -1.645565 1.037688 0.012904 3737.329305 68.000000 3.000000 1.000000
 215500.000000 101.289220 -1.321813 1.033975 0.012907 3742.609726 68.000000 5.000000 5.000000
 216000.000000 103.224661 -1.508639 1.030402 0.012917 3748.157779 68.000000 3.000000 29.000000
 216500.000000 114.713721 -1.487224 1.026722 0.013094 3753.462114 67.000000 2.000000 22.000000
 217000.000000 86.707623 -1.551966 1.023144 0.013281 3758.954458 66.000000 2.000000 4.000000
 217500.000000 99.105729 -1.308774 1.019685 0.013274 3764.667215 66.000000 3.000000 2.000000
 218000.000000 123.553735 -2.131960 1.016047 0.013273 3769.984435 66.000000 1.000000 9.000000
 218500.000000 141.336997 -3.000000 1.012358 0.012882 3775.159446 68.000000 1.000000 2.000000
 219000.000000 143.060764 -3.000000 1.007916 0.011522 3778.624712 76.000000 2.000000 4.000000
 219500.000000 132.546832 -1.710986 1.003944 0.011231 3783.167227 78.000000 2.000000 1.000000
 220000.000000 135.297472 -1.885802 1.000070 0.010948 3787.888269 80.000000 3.000000 15.000000
 220500.000000 153.859358 -2.415215 0.996286 0.010677 3792.777627 82.000000 3.000000 24.000000
 221000.000000 141.943678 -1.445949 0.992770 0.010549 3798.229149 83.000000 3.000000 1.000000
 221500.000000 132.691450 -1.072441 0.989263 0.010424 3803.659434 84.000000 3.000000 10.000000
 222000.000000 132.918963 -0.990039 0.986012 0.010542 3809.590937 83.000000 3.000000 15.000000
 222500.000000 125.865515 -1.033398 0.982704 0.010300 3815.405731 85.000000 3.000000 2.000000
 223000.000000 104.994999 -1.065642 0.979605 0.010301 3821.606748 85.000000 4.000000 14.000000
 223500.000000 117.253925 -1.320531 0.976405 0.010297 3827.599883 85.000000 4.000000 49.000000
 224000.000000 136.634269 -1.155856 0.973162 0.010292 3833.473265 85.000000 3.000000 5.000000
 224500.000000 141.022863 -1.127598 0.969865 0.010409 3839.232807 84.000000 3.000000 4.000000
 225000.000000 161.899497 -3.000000 0.966172 0.010166 3844.109517 86.000000 1.000000 20.000000
 225500.000000 141.543445 -0.989864 0.962897 0.010161 3849.870807 86.000000 3.000000 4.000000
 226000.000000 126.543087 -0.833334 0.959870 0.010260 3856.113059 85.000000 3.000000 1.000000
 226500.000000 146.369061 -1.770238 0.956876 0.010259 3862.387973 85.000000 3.000000 9.000000
 227000.000000 144.797622 -1.257793 0.953587 0.010255 3868.078180 85.000000 3.000000 13.000000
 227500.000000 147.708126 -1.326028 0.950168 0.010015 3873.421468 87.000000 3.000000 1.000000
 228000.000000 150.929774 -1.700592 0.946473 0.009788 3878.165370 89.000000 3.000000 2.000000
 228500.000000 153.439231 -1.358733 0.943354 0.009785 3884.137201 89.000000 4.000000 3.000000
 229000.000000 138.818402 -1.014749 0.940449 0.009783 3890.505687 89.000000 3.000000 2.000000
 229500.000000 115.313790 -0.844334 0.937655 0.009779 3897.075494 89.000000 4.000000 2.000000
 230000.000000 112.834475 -0.865793 0.934867 0.009777 3903.641975 89.000000 4.000000 46.000000
 230500.000000 121.259135 -0.747157 0.932077 0.009778 3910.187636 89.000000 4.000000 4.000000
 231000.000000 122.084681 -0.771885 0.929389 0.009781 3916.909790 89.000000 3.000000 4.000000
 231500.000000 131.513577 -0.819209 0.926584 0.009780 3923.399897 89.000000 4.000000 3.000000
 232000.000000 118.376118 -0.700454 0.923836 0.009684 3929.983329 90.000000 4.000000 25.000000
 232500.000000 123.182947 -0.709404 0.921278 0.009681 3936.900531 90.000000 3.000000 38.000000
 233000.000000 112.420072 -0.705767 0.918631 0.009682 3943.644271 90.000000 4.000000 18.000000
 233500.000000 98.385652 -0.840023 0.916014 0.009682 3950.431074 90.000000 3.000000 26.000000
 234000.000000 95.832922 -1.222133 0.913118 0.009583 3956.672843 91.000000 4.000000 3.000000
 234500.000000 106.971277 -0.675554 0.910499 0.009580 3963.427981 91.000000 3.000000 9.000000
 235000.000000 88.861540 -0.968214 0.907667 0.009574 3969.762476 91.000000 3.000000 30.000000
 235500.000000 95.928878 -1.040924 0.904872 0.009573 3976.164908 91.000000 3.000000 61.000000
 236000.000000 93.131055 -0.692171 0.902021 0.009573 3982.442011 91.000000 3.000000 15.000000
 236500.000000 84.856420 -1.031340 0.899283 0.009568 3988.920109 91.000000 3.000000 3.000000
 237000.000000 87.507687 -1.098315 0.896433 0.009566 3995.172818 91.000000 3.000000 4.000000
 237500.000000 77.488527 -1.579351 0.893784 0.009473 4001.787106 92.000000 3.000000 15.000000
 238000.000000 96.777423 -0.824367 0.891094 0.009469 4008.317045 92.000000 4.000000 9.000000
 238500.000000 82.040651 -0.881299 0.888511 0.009553 4015.034920 91.000000 4.000000 3.000000
 239000.000000 73.349633 -0.889626 0.885788 0.009544 4021.476609 91.000000 3.000000 10.000000
 239500.000000 98.401493 -0.678552 0.883379 0.009540 4028.487088 91.000000 4.000000 14.000000
 240000.000000 57.564911 -0.689612 0.880884 0.009539 4035.333181 91.000000 4.000000 33.000000
 240500.000000 49.030743 -0.708056 0.878420 0.009534 4042.229258 91.000000 3.000000 4.000000
 241000.000000 70.149153 -1.227033 0.876062 0.009438 4049.271355 92.000000 4.000000 15.000000
 241500.000000 75.391018 -0.816129 0.873413 0.009434 4055.797481 92.000000 4.000000 9.000000
 242000.000000 52.250739 -0.718350 0.870954 0.009428 4062.664138 92.000000 4.000000 12.000000
 242500.000000 41.091347 -0.378151 0.868654 0.009517 4069.803791 91.000000 3.000000 38.000000
 243000.000000 33.536923 -0.447079 0.866555 0.009513 4077.274444 91.000000 3.000000 3.000000
 243500.000000 31.932694 -0.337982 0.864585 0.009507 4084.947182 91.000000 3.000000 21.000000
 244000.000000 13.491434 -0.809166 0.862444 0.009505 4092.331189 91.000000 4.000000 28.000000
 244500.000000 11.662811 -0.476396 0.860214 0.009500 4099.557060 91.000000 3.000000 40.000000
 245000.000000 8.802476 -0.328919 0.858103 0.009502 4106.973568 91.000000 3.000000 33.000000
 245500.000000 38.585543 -0.243264 0.856054 0.009499 4114.479088 91.000000 3.000000 4.000000
 246000.000000 55.545276 -0.657643 0.853906 0.009496 4121.813511 91.000000 4.000000 4.000000
 246500.000000 39.825932 -0.316577 0.851876 0.009493 4129.337031 91.000000 3.000000 7.000000
 247000.000000 37.991777 -0.186026 0.849997 0.009490 4137.099760 91.000000 3.000000 13.000000
 247500.000000 30.423596 -0.561678 0.848078 0.009487 4144.787767 91.000000 4.000000 14.000000
 248000.000000 30.177984 -0.586729 0.846018 0.009485 4152.242837 91.000000 4.000000 8.000000
 248500.000000 51.399980 -0.590481 0.844181 0.009482 4160.047431 91.000000 3.000000 1.000000
 249000.000000 45.680833 -0.488686 0.842183 0.009478 4167.580812 91.000000 4.000000 8.000000
 249500.000000 28.862036 -0.434443 0.840271 0.009475 4175.253809 91.000000 4.000000 12.000000
 250000.000000 52.017729 -0.608084 0.838334 0.009469 4182.875429 91.000000 3.000000 5.000000
 250500.000000 73.666150 -0.825334 0.836102 0.009464 4189.981835 91.000000 3.000000 2.000000
 251000.000000 53.400464 -0.493266 0.833775 0.009463 4196.909121 91.000000 3.000000 7.000000
 251500.000000 66.072450 -0.590694 0.831515 0.009463 4203.953675 91.000000 3.000000 4.000000
 252000.000000 41.184342 -0.177296 0.829423 0.009459 4211.268148 91.000000 3.000000 5.000000
 252500.000000 56.999150 -0.554410 0.827397 0.009455 4218.696764 91.000000 4.000000 21.000000
 253000.000000 69.261287 -0.664079 0.825224 0.009453 4225.867608 91.000000 3.000000 4.000000
 253500.000000 42.985543 -0.223738 0.823267 0.009449 4233.404781 91.000000 3.000000 7.000000
 254000.000000 27.376924 -0.430600 0.821389 0.009445 4241.068311 91.000000 4.000000 34.000000
 254500.000000 12.300798 -0.574273 0.819388 0.009441 4248.519581 91.000000 4.000000 51.000000
 255000.000000 7.502687 -0.387488 0.817655 0.009436 4256.396632 91.000000 3.000000 59.000000
 255500.000000 12.338819 -0.535025 0.816163 0.009433 4264.579272 91.000000 3.000000 8.000000
 256000.000000 3.539027 0.302636 0.815113 0.009403 4273.386114 91.000000 4.000000 222.000000
 256500.000000 3.734080 0.318642 0.814439 0.009292 4282.434834 91.000000 4.000000 184.000000
 257000.000000 0.405791 1.908356 0.814808 0.009308 4291.638875 91.000000 3.000000 148.000000
 257500.000000 0.671012 1.822525 0.816688 0.009350 4300.833522 91.000000 3.000000 200.000000
 258000.000000 1.353008 1.266656 0.817130 0.009311 4310.328784 91.000000 4.000000 110.000000
 258500.000000 0.608920 1.846506 0.817928 0.009337 4319.556052 91.000000 3.000000 81.000000
 259000.000000 3.095695 0.393393 0.818880 0.009349 4328.915466 91.000000 4.000000 942.000000
 259500.000000 4.265024 0.291611 0.817886 0.009298 4337.734901 91.000000 3.000000 325.000000
 260000.000000 0.066500 1.943284 0.819705 0.009334 4347.142549 91.000000 3.000000 3268.000000
 260500.000000 0.586811 1.854616 0.822285 0.009342 4356.287890 91.000000 3.000000 4382.000000
 261000.000000 0.000000 1.942160 0.824970 0.009343 4365.345839 91.000000 3.000000 4382.000000
 261500.000000 0.000000 1.942582 0.827662 0.009344 4374.389690 91.000000 3.000000 30.000000
 262000.000000 0.000000 1.943042 0.830349 0.009344 4383.433601 91.000000 3.000000 30.000000
 262500.000000 0.000000 1.943499 0.833024 0.009344 4392.483426 91.000000 3.000000 30.000000
 263000.000000 0.000000 1.943960 0.835687 0.009344 4401.539622 91.000000 3.000000 30.000000
 263500.000000 0.044831 1.945719 0.838338 0.009344 4410.601221 91.000000 3.000000 30.000000
 264000.000000 0.000000 1.944874 0.840978 0.009344 4419.668558 91.000000 3.000000 30.000000
 264500.000000 0.000000 1.945334 0.843606 0.009345 4428.742050 91.000000 3.000000 30.000000
 265000.000000 0.000000 1.945792 0.846223 0.009345 4437.821176 91.000000 3.000000 30.000000
 265500.000000 0.000000 1.946251 0.848829 0.009345 4446.905874 91.000000 3.000000 30.000000
 266000.000000 0.000000 1.946708 0.851423 0.009345 4455.996087 91.000000 3.000000 30.000000
 266500.000000 0.000000 1.947165 0.854007 0.009345 4465.091756 91.000000 3.000000 30.000000
 267000.000000 0.000000 1.947622 0.856579 0.009345 4474.192823 91.000000 3.000000 30.000000
 267500.000000 0.000000 1.948077 0.859140 0.009346 4483.299232 91.000000 3.000000 30.000000
 268000.000000 0.000000 1.948533 0.861691 0.009346 4492.410927 91.000000 3.000000 30.000000
 268500.000000 0.000000 1.948987 0.864231 0.009346 4501.527853 91.000000 3.000000 30.000000
 269000.000000 0.000000 1.949441 0.866760 0.009346 4510.649956 91.000000 3.000000 30.000000
 269500.000000 0.000000 1.949894 0.869278 0.009346 4519.777182 91.000000 3.000000 30.000000
 270000.000000 0.000000 1.950347 0.871786 0.009346 4528.909479 91.000000 3.000000 30.000000
 270500.000000 0.000000 1.950799 0.874283 0.009347 4538.046794 91.000000 3.000000 30.000000
 271000.000000 0.000000 1.951250 0.876770 0.009347 4547.189076 91.000000 3.000000 30.000000
 271500.000000 0.000000 1.951701 0.879247 0.009347 4556.336275 91.000000 3.000000 30.000000
 272000.000000 0.000000 1.952151 0.881713 0.009347 4565.488341 91.000000 3.000000 30.000000
 272500.000000 0.000000 1.952601 0.884169 0.009347 4574.645224 91.000000 3.000000 30.000000
 273000.000000 0.000000 1.953050 0.886615 0.009348 4583.806876 91.000000 3.000000 30.000000
 273500.000000 0.000000 1.953498 0.889050 0.009348 4592.973250 91.000000 3.000000 30.000000
 274000.000000 0.000000 1.953946 0.891476 0.009348 4602.144297 91.000000 3.000000 30.000000
 274500.000000 0.000000 1.954393 0.893892 0.009348 4611.319972 91.000000 3.000000 30.000000
 275000.000000 0.000000 1.954839 0.896298 0.009349 4620.500227 91.000000 3.000000 30.000000
 275500.000000 0.000000 1.955285 0.898694 0.009349 4629.685020 91.000000 3.000000 30.000000
 276000.000000 0.000000 1.955730 0.901080 0.009349 4638.874303 91.000000 3.000000 30.000000
 276500.000000 0.000000 1.956175 0.903457 0.009349 4648.068033 91.000000 3.000000 30.000000
 277000.000000 0.000000 1.956619 0.905824 0.009350 4657.266168 91.000000 3.000000 30.000000
 277500.000000 0.000000 1.957062 0.908182 0.009350 4666.468662 91.000000 3.000000 30.000000
 278000.000000 0.000000 1.957505 0.910530 0.009350 4675.675476 91.000000 3.000000 30.000000
 278500.000000 0.000000 1.957947 0.912868 0.009350 4684.886565 91.000000 3.000000 30.000000
 279000.000000 0.000000 1.958380 0.915198 0.009351 4694.101189 91.000000 3.000000 30.000000
 279500.000000 0.000000 1.958809 0.917519 0.009351 4703.320205 91.000000 3.000000 30.000000
 280000.000000 0.000000 1.959231 0.919830 0.009352 4712.542698 91.000000 3.000000 30.000000
 280500.000000 0.000000 1.959671 0.922132 0.009352 4721.770605 91.000000 3.000000 30.000000
 281000.000000 0.000000 1.960110 0.924424 0.009352 4731.002587 91.000000 3.000000 30.000000
 281500.000000 0.000000 1.960548 0.926707 0.009353 4740.238604 91.000000 3.000000 30.000000
 282000.000000 0.000000 1.960986 0.928981 0.009353 4749.478618 91.000000 3.000000 30.000000
 282500.000000 0.000000 1.961423 0.931247 0.009353 4758.722592 91.000000 3.000000 30.000000
 283000.000000 0.000000 1.961860 0.933503 0.009354 4767.970489 91.000000 3.000000 30.000000
 283500.000000 0.000000 1.962296 0.935750 0.009354 4777.222271 91.000000 3.000000 30.000000
 284000.000000 0.000000 1.962732 0.937989 0.009354 4786.477903 91.000000 3.000000 30.000000
 284500.000000 0.000000 1.963166 0.940219 0.009355 4795.737349 91.000000 3.000000 30.000000
 285000.000000 0.000000 1.963601 0.942440 0.009355 4805.000573 91.000000 3.000000 30.000000
 285500.000000 0.000000 1.964034 0.944653 0.009355 4814.267540 91.000000 3.000000 30.000000
 286000.000000 0.000000 1.964467 0.946857 0.009356 4823.538216 91.000000 3.000000 30.000000
 286500.000000 0.000000 1.964900 0.949053 0.009356 4832.812568 91.000000 3.000000 30.000000
 287000.000000 0.000000 1.965331 0.951240 0.009356 4842.090560 91.000000 3.000000 30.000000
 287500.000000 0.000000 1.965762 0.953419 0.009357 4851.372161 91.000000 3.000000 30.000000
 288000.000000 0.000000 1.966193 0.955589 0.009357 4860.657337 91.000000 3.000000 30.000000
 288500.000000 0.000000 1.966623 0.957752 0.009358 4869.946056 91.000000 3.000000 30.000000
 289000.000000 0.000000 1.967052 0.959905 0.009358 4879.238286 91.000000 3.000000 30.000000
 289500.000000 0.000000 1.967481 0.962051 0.009358 4888.533995 91.000000 3.000000 30.000000
 290000.000000 0.000000 1.967909 0.964189 0.009359 4897.833153 91.000000 3.000000 30.000000
 290500.000000 0.000000 1.968337 0.966318 0.009359 4907.135728 91.000000 3.000000 30.000000
 291000.000000 0.000000 1.968764 0.968440 0.009359 4916.441689 91.000000 3.000000 30.000000
 291500.000000 0.000000 1.969190 0.970553 0.009360 4925.751008 91.000000 3.000000 30.000000
 292000.000000 0.000000 1.969616 0.972659 0.009360 4935.063653 91.000000 3.000000 30.000000
 292500.000000 0.000000 1.970041 0.974756 0.009361 4944.379596 91.000000 3.000000 30.000000
 293000.000000 0.000000 1.970466 0.976846 0.009361 4953.698808 91.000000 3.000000 30.000000
 293500.000000 0.000000 1.970890 0.978928 0.009361 4963.021260 91.000000 3.000000 30.000000
 294000.000000 0.000000 1.971313 0.981003 0.009362 4972.346924 91.000000 3.000000 30.000000
 294500.000000 0.000000 1.971734 0.983069 0.009362 4981.675773 91.000000 3.000000 30.000000
 295000.000000 0.000000 1.972154 0.985128 0.009363 4991.007782 91.000000 3.000000 30.000000
 295500.000000 0.000000 1.972572 0.987179 0.009363 5000.342929 91.000000 3.000000 30.000000
 296000.000000 0.000000 1.972988 0.989223 0.009364 5009.681188 91.000000 3.000000 30.000000
 296500.000000 0.000000 1.973403 0.991259 0.009364 5019.022535 91.000000 3.000000 30.000000
 297000.000000 0.000000 1.973816 0.993288 0.009364 5028.366948 91.000000 3.000000 30.000000
 297500.000000 0.000000 1.974227 0.995309 0.009365 5037.714403 91.000000 3.000000 30.000000
 298000.000000 0.000000 1.974636 0.997323 0.009365 5047.064878 91.000000 3.000000 30.000000
 298500.000000 0.000000 1.975043 0.999330 0.009366 5056.418348 91.000000 3.000000 30.000000
 299000.000000 0.000000 1.975449 1.001329 0.009366 5065.774793 91.000000 3.000000 30.000000
 299500.000000 0.000000 1.975853 1.003321 0.009366 5075.134189 91.000000 3.000000 30.000000
 300000.000000 0.000000 1.976255 1.005305 0.009367 5084.496515 91.000000 3.000000 30.000000
 300500.000000 0.000000 1.976656 1.007283 0.009367 5093.861748 91.000000 3.000000 30.000000
 301000.000000 0.000000 1.977055 1.009253 0.009368 5103.229867 91.000000 3.000000 30.000000
 301500.000000 0.000000 1.977452 1.011216 0.009368 5112.600852 91.000000 3.000000 30.000000
 302000.000000 0.000000 1.977848 1.013173 0.009368 5121.974679 91.000000 3.000000 30.000000
 302500.000000 0.000000 1.978242 1.015122 0.009369 5131.351330 91.000000 3.000000 30.000000
 303000.000000 0.000000 1.978634 1.017064 0.009369 5140.730782 91.000000 3.000000 30.000000
 303500.000000 0.000000 1.979025 1.018999 0.009370 5150.113015 91.000000 3.000000 30.000000
 304000.000000 0.000000 1.979414 1.020927 0.009370 5159.498010 91.000000 3.000000 30.000000
 304500.000000 0.000000 1.979802 1.022848 0.009370 5168.885745 91.000000 3.000000 30.000000
 305000.000000 0.000000 1.980188 1.024763 0.009371 5178.276202 91.000000 3.000000 30.000000
 305500.000000 0.000000 1.980572 1.026671 0.009371 5187.669359 91.000000 3.000000 30.000000
 306000.000000 0.000000 1.980955 1.028571 0.009371 5197.065199 91.000000 3.000000 30.000000
 306500.000000 0.000000 1.981336 1.030466 0.009372 5206.463701 91.000000 3.000000 30.000000
 307000.000000 0.000000 1.981716 1.032353 0.009372 5215.864846 91.000000 3.000000 30.000000
 307500.000000 0.000000 1.982094 1.034234 0.009373 5225.268615 91.000000 3.000000 30.000000
 308000.000000 0.000000 1.982470 1.036108 0.009373 5234.674990 91.000000 3.000000 30.000000
 308500.000000 0.000000 1.982845 1.037976 0.009373 5244.083952 91.000000 3.000000 30.000000
 309000.000000 0.000000 1.983204 1.039835 0.009374 5253.497405 91.000000 3.000000 30.000000
 309500.000000 0.000000 1.983577 1.041689 0.009374 5262.911514 91.000000 3.000000 30.000000
 310000.000000 0.000000 1.983947 1.043537 0.009375 5272.328155 91.000000 3.000000 30.000000
 310500.000000 0.000000 1.984316 1.045379 0.009375 5281.747311 91.000000 3.000000 30.000000
 311000.000000 0.000000 1.984684 1.047214 0.009375 5291.168963 91.000000 3.000000 30.000000
 311500.000000 0.241117 1.974288 1.049039 0.009376 5300.596450 91.000000 3.000000 30.000000
 312000.000000 0.063861 1.986168 1.050842 0.009378 5310.041358 91.000000 3.000000 30.000000
 312500.000000 0.000000 1.985632 1.052656 0.009379 5319.472841 91.000000 3.000000 30.000000
 313000.000000 0.000000 1.985991 1.054465 0.009379 5328.904356 91.000000 3.000000 30.000000
 313500.000000 0.000000 1.986352 1.056269 0.009380 5338.338495 91.000000 3.000000 30.000000
 314000.000000 0.000000 1.986711 1.058066 0.009380 5347.775026 91.000000 3.000000 30.000000
 314500.000000 0.000000 1.987069 1.059857 0.009380 5357.213933 91.000000 3.000000 30.000000
 315000.000000 0.000000 1.987425 1.061641 0.009381 5366.655198 91.000000 3.000000 30.000000
 315500.000000 0.000000 1.987780 1.063420 0.009381 5376.098806 91.000000 3.000000 30.000000
 316000.000000 0.000000 1.988122 1.065193 0.009382 5385.544184 91.000000 3.000000 30.000000
 316500.000000 0.000000 1.988474 1.066959 0.009382 5394.992459 91.000000 3.000000 30.000000
 317000.000000 0.240059 1.978030 1.068708 0.009383 5404.454482 91.000000 3.000000 30.000000
 317500.000000 0.157304 1.986380 1.069606 0.009376 5413.825630 91.000000 3.000000 1325.000000
 318000.000000 0.686976 1.851771 1.070910 0.009430 5423.467292 91.000000 4.000000 6095.000000
 318500.000000 5.507341 -0.092077 1.071780 0.009414 5432.646710 91.000000 3.000000 33.000000
 319000.000000 9.487238 -0.430599 1.069980 0.009414 5439.743168 91.000000 3.000000 142.000000
 319500.000000 13.730252 -0.650408 1.068288 0.009414 5447.077200 91.000000 4.000000 100.000000
 320000.000000 25.763999 -0.610861 1.066389 0.009411 5453.920659 91.000000 4.000000 38.000000
 320500.000000 20.730671 -0.598522 1.064523 0.009410 5460.838058 91.000000 4.000000 25.000000
 321000.000000 25.361814 -0.621263 1.062725 0.009406 5467.907614 91.000000 4.000000 71.000000
 321500.000000 24.498146 -0.478607 1.060888 0.009404 5474.874929 91.000000 4.000000 75.000000
 322000.000000 32.938257 -0.355674 1.059142 0.009401 5482.050612 91.000000 3.000000 9.000000
 322500.000000 25.588626 -0.527319 1.057433 0.009398 5489.303785 91.000000 4.000000 9.000000
 323000.000000 19.779422 -0.605175 1.055635 0.009394 5496.343130 91.000000 4.000000 17.000000
 323500.000000 42.898265 -0.289832 1.053933 0.009392 5503.599544 91.000000 3.000000 19.000000
 324000.000000 49.529305 -0.586663 1.052135 0.009391 5510.614526 91.000000 3.000000 35.000000
 324500.000000 21.476655 -0.465016 1.050450 0.009389 5517.895013 91.000000 4.000000 103.000000
 325000.000000 13.579433 -0.573134 1.048662 0.009390 5524.926645 91.000000 3.000000 44.000000
 325500.000000 31.215616 -0.296893 1.046947 0.009387 5532.121592 91.000000 4.000000 4.000000
 326000.000000 30.836010 -0.340717 1.045200 0.009382 5539.235915 91.000000 4.000000 12.000000
 326500.000000 13.917325 -0.467200 1.043478 0.009382 5546.401763 91.000000 4.000000 39.000000
 327000.000000 26.469591 -0.435834 1.041792 0.009377 5553.648095 91.000000 4.000000 14.000000
 327500.000000 16.083122 -0.395300 1.040102 0.009377 5560.869989 91.000000 4.000000 50.000000
 328000.000000 12.849783 -0.605574 1.038427 0.009378 5568.124857 91.000000 3.000000 27.000000
 328500.000000 43.660029 -0.430004 1.036805 0.009375 5575.491803 91.000000 4.000000 14.000000
 329000.000000 28.171901 -0.373198 1.035197 0.009372 5582.887986 91.000000 4.000000 37.000000
 329500.000000 37.155792 -0.175540 1.033612 0.009370 5590.327112 91.000000 3.000000 2.000000
 330000.000000 39.440976 -0.260842 1.032032 0.009369 5597.773969 91.000000 3.000000 31.000000
 330500.000000 40.508066 -0.242296 1.030452 0.009365 5605.210713 91.000000 3.000000 10.000000
 331000.000000 53.828994 -0.562674 1.028730 0.009361 5612.303131 91.000000 3.000000 9.000000
 331500.000000 48.854684 -0.506124 1.027043 0.009358 5619.475993 91.000000 3.000000 26.000000
 332000.000000 30.119719 -0.343581 1.025451 0.009356 5626.866406 91.000000 4.000000 8.000000
 332500.000000 20.490391 -0.400984 1.023892 0.009355 5634.326744 91.000000 4.000000 10.000000
 333000.000000 22.789436 -0.304210 1.022271 0.009353 5641.640278 91.000000 4.000000 23.000000
 333500.000000 10.123778 -0.264225 1.020686 0.009349 5649.025968 91.000000 4.000000 18.000000
 334000.000000 5.073253 -0.072726 1.019159 0.009347 5656.536475 91.000000 4.000000 184.000000
 334500.000000 12.390291 -0.410754 1.017639 0.009344 5664.060232 91.000000 3.000000 29.000000
 335000.000000 7.324726 -0.294012 1.016191 0.009340 5671.738520 91.000000 4.000000 9.000000
 335500.000000 3.402534 0.282432 1.015092 0.009306 5680.057633 91.000000 3.000000 111.000000
 336000.000000 8.199088 -0.171452 1.013987 0.009304 5688.402602 91.000000 4.000000 24.000000
 336500.000000 7.311180 -0.230836 1.012559 0.009300 5696.108837 91.000000 4.000000 49.000000
 337000.000000 13.327406 -0.445289 1.011011 0.009299 5703.544210 91.000000 4.000000 46.000000
 337500.000000 8.760385 -0.152269 1.009521 0.009297 5711.100727 91.000000 3.000000 52.000000
 338000.000000 4.845773 0.099306 1.008401 0.009294 5719.406024 91.000000 2.000000 65.000000
 338500.000000 1.880952 0.268143 1.007300 0.009267 5727.743451 91.000000 3.000000 1192.000000
 339000.000000 8.422928 -0.097175 1.005997 0.009268 5735.672544 91.000000 4.000000 66.000000
 339500.000000 9.181295 -0.176169 1.004678 0.009264 5743.571199 91.000000 3.000000 160.000000
 340000.000000 5.759525 0.026750 1.004105 0.009250 5752.314214 91.000000 3.000000 456.000000
 340500.000000 3.024378 0.359598 1.003211 0.009217 5761.018197 91.000000 4.000000 150.000000
 341000.000000 5.383349 0.095035 1.002083 0.009213 5769.281108 91.000000 3.000000 201.000000
 341500.000000 1.903535 0.297555 1.001059 0.009187 5777.744428 91.000000 4.000000 234.000000
 342000.000000 6.884787 -0.100505 1.000137 0.009185 5786.384462 91.000000 3.000000 39.000000
 342500.000000 7.374419 -0.119088 0.999622 0.009148 5795.283736 91.000000 4.000000 42.000000
 343000.000000 16.065610 -0.276614 0.998422 0.009146 5803.380483 91.000000 4.000000 2.000000
 343500.000000 32.512784 -0.250643 0.996948 0.009146 5810.915787 91.000000 3.000000 6.000000
 344000.000000 29.949438 -0.276400 0.995458 0.009145 5818.408644 91.000000 4.000000 31.000000
 344500.000000 8.981953 -0.101114 0.994006 0.009143 5825.981831 91.000000 3.000000 10.000000
 345000.000000 63.515442 -0.940549 0.992543 0.009140 5833.488459 91.000000 4.000000 11.000000
 345500.000000 54.389078 -0.521987 0.990842 0.009138 5840.436967 91.000000 3.000000 25.000000
 346000.000000 36.288819 -0.235566 0.989383 0.009136 5847.976871 91.000000 3.000000 4.000000
 346500.000000 56.581332 -0.667091 0.987916 0.009134 5855.487432 91.000000 3.000000 21.000000
 347000.000000 46.645367 -0.431503 0.986337 0.009133 5862.723896 91.000000 4.000000 11.000000
 347500.000000 59.055355 -0.507722 0.984608 0.009133 5869.565181 91.000000 4.000000 22.000000
 348000.000000 24.645803 -0.307401 0.983108 0.009134 5876.977404 91.000000 4.000000 4.000000
 348500.000000 53.303108 -0.387756 0.981719 0.009133 5884.650949 91.000000 3.000000 16.000000
 349000.000000 37.134077 -0.159545 0.980348 0.009131 5892.357692 91.000000 3.000000 3.000000
 349500.000000 24.240361 -0.267401 0.978980 0.009133 5900.068721 91.000000 4.000000 14.000000
 350000.000000 39.102345 -0.160131 0.977606 0.009131 5907.760758 91.000000 3.000000 6.000000
 350500.000000 31.133859 -0.165472 0.976199 0.009127 5915.362159 91.000000 3.000000 51.000000
 351000.000000 22.588246 -0.198979 0.974804 0.009127 5922.996087 91.000000 4.000000 7.000000
 351500.000000 27.429181 -0.172909 0.973410 0.009126 5930.623387 91.000000 4.000000 2.000000
 352000.000000 18.398961 -0.371675 0.972012 0.009124 5938.236898 91.000000 3.000000 30.000000
 352500.000000 11.350841 -0.167065 0.970656 0.009123 5945.940102 91.000000 4.000000 31.000000
 353000.000000 2.202673 0.378218 0.969778 0.009079 5954.585061 91.000000 4.000000 314.000000
 353500.000000 4.091083 0.364383 0.968818 0.009050 5963.083819 91.000000 3.000000 55.000000
 354000.000000 3.240319 0.421973 0.967883 0.009048 5971.630657 91.000000 3.000000 109.000000
 354500.000000 1.167885 1.480485 0.968717 0.009094 5981.163323 91.000000 3.000000 321.000000
 355000.000000 1.624109 0.544121 0.968959 0.009078 5990.467602 91.000000 3.000000 256.000000
 355500.000000 3.679665 0.409564 0.968702 0.009090 5999.445707 91.000000 3.000000 238.000000
 356000.000000 2.793748 0.452118 0.967982 0.009088 6008.360977 91.000000 3.000000 191.000000
 356500.000000 2.662922 0.470750 0.967283 0.009065 6017.309806 91.000000 4.000000 303.000000
 357000.000000 0.295937 1.933417 0.968960 0.009067 6026.686993 91.000000 3.000000 300.000000
 357500.000000 0.000000 1.951166 0.970617 0.009069 6036.082217 91.000000 3.000000 300.000000
 358000.000000 0.000000 1.951589 0.972297 0.009070 6045.447741 91.000000 3.000000 300.000000
 358500.000000 0.063049 1.953041 0.973956 0.009071 6054.833443 91.000000 3.000000 300.000000
 359000.000000 0.123464 1.952066 0.975626 0.009072 6064.203716 91.000000 3.000000 300.000000
 359500.000000 0.000000 1.952768 0.977290 0.009072 6073.576044 91.000000 3.000000 300.000000
 360000.000000 0.000000 1.953122 0.978936 0.009074 6082.967116 91.000000 3.000000 300.000000
 360500.000000 0.166675 1.950743 0.980583 0.009075 6092.352840 91.000000 3.000000 300.000000
 361000.000000 0.000000 1.953879 0.982233 0.009075 6101.731881 91.000000 3.000000 300.000000
 361500.000000 0.000000 1.954295 0.983878 0.009076 6111.113316 91.000000 3.000000 300.000000
 362000.000000 0.000000 1.954710 0.985519 0.009076 6120.496869 91.000000 3.000000 300.000000
 362500.000000 0.000000 1.955123 0.987154 0.009076 6129.882528 91.000000 3.000000 300.000000
 363000.000000 0.000000 1.955534 0.988785 0.009077 6139.270280 91.000000 3.000000 300.000000
 363500.000000 0.000000 1.955944 0.990411 0.009077 6148.660116 91.000000 3.000000 300.000000
 364000.000000 0.000000 1.956352 0.992032 0.009077 6158.052021 91.000000 3.000000 300.000000
 364500.000000 0.000000 1.956759 0.993649 0.009078 6167.445986 91.000000 3.000000 300.000000
 365000.000000 0.000000 1.957165 0.995261 0.009078 6176.841999 91.000000 3.000000 300.000000
 365500.000000 0.000000 1.957569 0.996868 0.009078 6186.240049 91.000000 3.000000 300.000000
 366000.000000 0.000000 1.957971 0.998471 0.009079 6195.640124 91.000000 3.000000 300.000000
 366500.000000 0.000000 1.958372 1.000069 0.009079 6205.042213 91.000000 3.000000 300.000000
 367000.000000 0.000000 1.958772 1.001662 0.009079 6214.446305 91.000000 3.000000 300.000000
 367500.000000 0.000000 1.959170 1.003251 0.009079 6223.852390 91.000000 3.000000 300.000000
 368000.000000 0.000000 1.959567 1.004835 0.009080 6233.260455 91.000000 3.000000 300.000000
 368500.000000 0.000000 1.959962 1.006415 0.009080 6242.670491 91.000000 3.000000 300.000000
 369000.000000 0.000000 1.960356 1.007991 0.009080 6252.082487 91.000000 3.000000 300.000000
 369500.000000 0.000000 1.960749 1.009562 0.009081 6261.496432 91.000000 3.000000 300.000000
 370000.000000 0.000000 1.961140 1.011128 0.009081 6270.912316 91.000000 3.000000 300.000000
 370500.000000 0.000000 1.961530 1.012690 0.009081 6280.330127 91.000000 3.000000 300.000000
 371000.000000 0.000000 1.961918 1.014248 0.009082 6289.749856 91.000000 3.000000 300.000000
 371500.000000 0.000000 1.962305 1.015801 0.009082 6299.171492 91.000000 3.000000 300.000000
 372000.000000 0.000000 1.962691 1.017350 0.009082 6308.595026 91.000000 3.000000 300.000000
 372500.000000 0.000000 1.963076 1.018894 0.009082 6318.020446 91.000000 3.000000 300.000000
 373000.000000 0.000000 1.963459 1.020434 0.009083 6327.447743 91.000000 3.000000 300.000000
 373500.000000 0.000000 1.963840 1.021970 0.009083 6336.876906 91.000000 3.000000 300.000000
 374000.000000 0.000000 1.964221 1.023502 0.009083 6346.307927 91.000000 3.000000 300.000000
 374500.000000 0.000000 1.964600 1.025029 0.009084 6355.740794 91.000000 3.000000 300.000000
 375000.000000 0.000000 1.964977 1.026552 0.009084 6365.175498 91.000000 3.000000 300.000000
 375500.000000 0.000000 1.965354 1.028070 0.009084 6374.612029 91.000000 3.000000 300.000000
 376000.000000 0.000000 1.965729 1.029585 0.009084 6384.050378 91.000000 3.000000 300.000000
 376500.000000 0.000000 1.966103 1.031095 0.009085 6393.490535 91.000000 3.000000 300.000000
 377000.000000 0.000000 1.966475 1.032601 0.009085 6402.932491 91.000000 3.000000 300.000000
 377500.000000 0.000000 1.966846 1.034103 0.009085 6412.376236 91.000000 3.000000 300.000000
 378000.000000 0.000000 1.967216 1.035601 0.009086 6421.821760 91.000000 3.000000 300.000000
 378500.000000 0.000000 1.967585 1.037094 0.009086 6431.269054 91.000000 3.000000 300.000000
 379000.000000 0.000000 1.967952 1.038583 0.009086 6440.718110 91.000000 3.000000 300.000000
 379500.000000 0.000000 1.968319 1.040069 0.009086 6450.168917 91.000000 3.000000 300.000000
 380000.000000 0.000000 1.968684 1.041550 0.009087 6459.621468 91.000000 3.000000 300.000000
 380500.000000 0.000000 1.969047 1.043027 0.009087 6469.075751 91.000000 3.000000 300.000000
 381000.000000 0.000000 1.969410 1.044500 0.009087 6478.531760 91.000000 3.000000 300.000000
 381500.000000 0.000000 1.969771 1.045969 0.009088 6487.989484 91.000000 3.000000 300.000000
 382000.000000 0.000000 1.970131 1.047434 0.009088 6497.448915 91.000000 3.000000 300.000000
 382500.000000 0.000000 1.970490 1.048895 0.009088 6506.910045 91.000000 3.000000 300.000000
 383000.000000 0.000000 1.970847 1.050352 0.009088 6516.372863 91.000000 3.000000 300.000000
 383500.000000 0.000000 1.971204 1.051805 0.009089 6525.837363 91.000000 3.000000 300.000000
 384000.000000 0.000000 1.971559 1.053254 0.009089 6535.303534 91.000000 3.000000 300.000000
 384500.000000 0.000000 1.971913 1.054699 0.009089 6544.771369 91.000000 3.000000 300.000000
 385000.000000 0.000000 1.972265 1.056140 0.009090 6554.240859 91.000000 3.000000 300.000000
 385500.000000 0.000000 1.972617 1.057577 0.009090 6563.711995 91.000000 3.000000 300.000000
 386000.000000 0.000000 1.972967 1.059011 0.009090 6573.184770 91.000000 3.000000 300.000000
 386500.000000 0.000000 1.973317 1.060440 0.009090 6582.659174 91.000000 3.000000 300.000000
 387000.000000 0.000000 1.973665 1.061866 0.009091 6592.135200 91.000000 3.000000 300.000000
 387500.000000 0.000000 1.974012 1.063287 0.009091 6601.612840 91.000000 3.000000 300.000000
 388000.000000 0.000000 1.974358 1.064705 0.009091 6611.092084 91.000000 3.000000 300.000000
 388500.000000 0.000000 1.974702 1.066119 0.009091 6620.572926 91.000000 3.000000 300.000000
 389000.000000 0.000000 1.975046 1.067530 0.009092 6630.055357 91.000000 3.000000 300.000000
 389500.000000 0.000000 1.975388 1.068936 0.009092 6639.539370 91.000000 3.000000 300.000000
 390000.000000 0.000000 1.975729 1.070339 0.009092 6649.024955 91.000000 3.000000 300.000000
 390500.000000 0.000000 1.976069 1.071738 0.009092 6658.512106 91.000000 3.000000 300.000000
 391000.000000 0.000000 1.976408 1.073133 0.009093 6668.000814 91.000000 3.000000 300.000000
 391500.000000 0.000000 1.976746 1.074525 0.009093 6677.491073 91.000000 3.000000 300.000000
 392000.000000 0.000000 1.977083 1.075913 0.009093 6686.982873 91.000000 3.000000 300.000000
 392500.000000 0.000000 1.977419 1.077297 0.009094 6696.476208 91.000000 3.000000 300.000000
 393000.000000 0.000000 1.977753 1.078677 0.009094 6705.971069 91.000000 3.000000 300.000000
 393500.000000 0.000000 1.978087 1.080054 0.009094 6715.467450 91.000000 3.000000 300.000000
 394000.000000 0.000000 1.978419 1.081427 0.009094 6724.965343 91.000000 3.000000 300.000000
 394500.000000 0.000000 1.978751 1.082797 0.009095 6734.464740 91.000000 3.000000 300.000000
 395000.000000 0.000000 1.979081 1.084163 0.009095 6743.965634 91.000000 3.000000 300.000000
 395500.000000 0.000000 1.979410 1.085525 0.009095 6753.468018 91.000000 3.000000 300.000000
 396000.000000 0.000000 1.979738 1.086884 0.009095 6762.971884 91.000000 3.000000 300.000000
 396500.000000 0.000000 1.980065 1.088239 0.009096 6772.477225 91.000000 3.000000 300.000000
 397000.000000 0.000000 1.980391 1.089590 0.009096 6781.984034 91.000000 3.000000 300.000000
 397500.000000 0.000000 1.980716 1.090938 0.009096 6791.492304 91.000000 3.000000 300.000000
 398000.000000 0.000000 1.981040 1.092283 0.009096 6801.002028 91.000000 3.000000 300.000000
 398500.000000 0.000000 1.981363 1.093624 0.009097 6810.513198 91.000000 3.000000 300.000000
 399000.000000 0.000000 1.981685 1.094961 0.009097 6820.025807 91.000000 3.000000 300.000000
 399500.000000 0.000000 1.982006 1.096295 0.009097 6829.539850 91.000000 3.000000 300.000000
 400000.000000 0.000000 1.982326 1.097626 0.009097 6839.055318 91.000000 3.000000 300.000000
 400500.000000 0.000000 1.982644 1.098953 0.009098 6848.572205 91.000000 3.000000 300.000000
 401000.000000 0.000000 1.982962 1.100276 0.009098 6858.090504 91.000000 3.000000 300.000000
 401500.000000 0.000000 1.983279 1.101596 0.009098 6867.610208 91.000000 3.000000 300.000000
 402000.000000 0.000000 1.983595 1.102913 0.009098 6877.131310 91.000000 3.000000 300.000000
 402500.000000 0.000000 1.983909 1.104226 0.009099 6886.653805 91.000000 3.000000 300.000000
 403000.000000 0.000000 1.984223 1.105536 0.009099 6896.177685 91.000000 3.000000 300.000000
 403500.000000 0.000000 1.984536 1.106843 0.009099 6905.702943 91.000000 3.000000 300.000000
 404000.000000 0.000000 1.984848 1.108146 0.009099 6915.229573 91.000000 3.000000 300.000000
 404500.000000 0.000000 1.985159 1.109446 0.009100 6924.757569 91.000000 3.000000 300.000000
 405000.000000 0.000000 1.985469 1.110742 0.009100 6934.286924 91.000000 3.000000 300.000000
 405500.000000 0.000000 1.985777 1.112035 0.009100 6943.817632 91.000000 3.000000 300.000000
 406000.000000 0.000000 1.986085 1.113325 0.009100 6953.349686 91.000000 3.000000 300.000000
 406500.000000 0.000000 1.986392 1.114612 0.009101 6962.883080 91.000000 3.000000 300.000000
 407000.000000 0.000000 1.986698 1.115895 0.009101 6972.417807 91.000000 3.000000 300.000000
 407500.000000 0.000000 1.987003 1.117175 0.009101 6981.953862 91.000000 3.000000 300.000000
 408000.000000 0.000000 1.987308 1.118451 0.009101 6991.491238 91.000000 3.000000 300.000000
 408500.000000 0.000000 1.987611 1.119725 0.009102 7001.029929 91.000000 3.000000 300.000000
 409000.000000 0.000000 1.987913 1.120995 0.009102 7010.569929 91.000000 3.000000 300.000000
 409500.000000 0.000000 1.988214 1.122262 0.009102 7020.111231 91.000000 3.000000 300.000000
 410000.000000 0.000000 1.988515 1.123526 0.009102 7029.653831 91.000000 3.000000 300.000000
 410500.000000 0.000000 1.988814 1.124786 0.009103 7039.197720 91.000000 3.000000 300.000000
 411000.000000 0.000000 1.989113 1.126044 0.009103 7048.742895 91.000000 3.000000 300.000000
 411500.000000 0.000000 1.989410 1.127298 0.009103 7058.289348 91.000000 3.000000 300.000000
 412000.000000 0.000000 1.989707 1.128549 0.009103 7067.837074 91.000000 3.000000 300.000000
 412500.000000 0.000000 1.990003 1.129797 0.009103 7077.386067 91.000000 3.000000 300.000000
 413000.000000 0.000000 1.990298 1.131041 0.009104 7086.936321 91.000000 3.000000 300.000000
 413500.000000 0.000000 1.990592 1.132283 0.009104 7096.487830 91.000000 3.000000 300.000000
 414000.000000 0.000000 1.990885 1.133521 0.009104 7106.040589 91.000000 3.000000 300.000000
 414500.000000 0.000000 1.991177 1.134757 0.009104 7115.594592 91.000000 3.000000 300.000000
 415000.000000 0.000000 1.991468 1.135989 0.009105 7125.149833 91.000000 3.000000 300.000000
 415500.000000 0.000000 1.991759 1.137218 0.009105 7134.706306 91.000000 3.000000 300.000000
 416000.000000 0.000000 1.992048 1.138444 0.009105 7144.264007 91.000000 3.000000 300.000000
 416500.000000 0.000000 1.992337 1.139667 0.009105 7153.822928 91.000000 3.000000 300.000000
 417000.000000 0.000000 1.992625 1.140887 0.009106 7163.383066 91.000000 3.000000 300.000000
 417500.000000 0.000000 1.992912 1.142104 0.009106 7172.944413 91.000000 3.000000 300.000000
 418000.000000 0.000000 1.993198 1.143318 0.009106 7182.506966 91.000000 3.000000 300.000000
 418500.000000 0.000000 1.993483 1.144529 0.009106 7192.070718 91.000000 3.000000 300.000000
 419000.000000 0.000000 1.993767 1.145737 0.009106 7201.635663 91.000000 3.000000 300.000000
 419500.000000 0.000000 1.994051 1.146942 0.009107 7211.201798 91.000000 3.000000 300.000000
 420000.000000 0.000000 1.994334 1.148144 0.009107 7220.769115 91.000000 3.000000 300.000000
 420500.000000 0.000000 1.994615 1.149343 0.009107 7230.337611 91.000000 3.000000 300.000000
 421000.000000 0.000000 1.994896 1.150539 0.009107 7239.907279 91.000000 3.000000 300.000000
 421500.000000 0.000000 1.995177 1.151732 0.009108 7249.478114 91.000000 3.000000 300.000000
 422000.000000 0.000000 1.995456 1.152922 0.009108 7259.050112 91.000000 3.000000 300.000000
 422500.000000 0.000000 1.995734 1.154110 0.009108 7268.623267 91.000000 3.000000 300.000000
 423000.000000 0.000000 1.996012 1.155294 0.009108 7278.197574 91.000000 3.000000 300.000000
 423500.000000 0.000000 1.996289 1.156475 0.009108 7287.773027 91.000000 3.000000 300.000000
 424000.000000 0.000000 1.996565 1.157654 0.009109 7297.349623 91.000000 3.000000 300.000000
 424500.000000 0.000000 1.996840 1.158830 0.009109 7306.927355 91.000000 3.000000 300.000000
 425000.000000 0.000000 1.997115 1.160002 0.009109 7316.506218 91.000000 3.000000 300.000000
 425500.000000 0.000000 1.997388 1.161172 0.009109 7326.086208 91.000000 3.000000 300.000000
 426000.000000 0.000000 1.997661 1.162339 0.009110 7335.667320 91.000000 3.000000 300.000000
 426500.000000 0.000000 1.997933 1.163504 0.009110 7345.249549 91.000000 3.000000 300.000000
 427000.000000 0.000000 1.998204 1.164665 0.009110 7354.832889 91.000000 3.000000 300.000000
 427500.000000 0.000000 1.998475 1.165824 0.009110 7364.417337 91.000000 3.000000 300.000000
 428000.000000 0.000000 1.998744 1.166980 0.009110 7374.002887 91.000000 3.000000 300.000000
 428500.000000 0.000000 1.999013 1.168133 0.009111 7383.589534 91.000000 3.000000 300.000000
 429000.000000 0.000000 1.999281 1.169283 0.009111 7393.177273 91.000000 3.000000 300.000000
 429500.000000 0.000000 1.999549 1.170430 0.009111 7402.766101 91.000000 3.000000 300.000000
 430000.000000 0.000000 1.999815 1.171575 0.009111 7412.356011 91.000000 3.000000 300.000000
 430500.000000 0.000000 2.000081 1.172717 0.009111 7421.947000 91.000000 3.000000 300.000000
 431000.000000 0.000000 2.000346 1.173856 0.009112 7431.539063 91.000000 3.000000 300.000000
 431500.000000 0.000000 2.000610 1.174993 0.009112 7441.132195 91.000000 3.000000 300.000000
 432000.000000 0.000000 2.000873 1.176126 0.009112 7450.726391 91.000000 3.000000 300.000000
 432500.000000 0.000000 2.001136 1.177257 0.009112 7460.321648 91.000000 3.000000 300.000000
 433000.000000 0.000000 2.001398 1.178386 0.009113 7469.917959 91.000000 3.000000 300.000000
 433500.000000 0.000000 2.001659 1.179511 0.009113 7479.515322 91.000000 3.000000 300.000000
 434000.000000 0.000000 2.001920 1.180634 0.009113 7489.113731 91.000000 3.000000 300.000000
 434500.000000 0.000000 2.002179 1.181754 0.009113 7498.713181 91.000000 3.000000 300.000000
 435000.000000 0.000000 2.002438 1.182872 0.009113 7508.313669 91.000000 3.000000 300.000000
 435500.000000 0.000000 2.002697 1.183987 0.009114 7517.915191 91.000000 3.000000 300.000000
 436000.000000 0.000000 2.002954 1.185099 0.009114 7527.517740 91.000000 3.000000 300.000000
 436500.000000 0.000000 2.003211 1.186209 0.009114 7537.121314 91.000000 3.000000 300.000000
 437000.000000 0.000000 2.003467 1.187316 0.009114 7546.725908 91.000000 3.000000 300.000000
 437500.000000 0.000000 2.003722 1.188421 0.009114 7556.331518 91.000000 3.000000 300.000000
 438000.000000 0.000000 2.003977 1.189522 0.009115 7565.938138 91.000000 3.000000 300.000000
 438500.000000 0.000000 2.004231 1.190622 0.009115 7575.545766 91.000000 3.000000 300.000000
 439000.000000 0.000000 2.004484 1.191718 0.009115 7585.154397 91.000000 3.000000 300.000000
 439500.000000 0.000000 2.004736 1.192812 0.009115 7594.764026 91.000000 3.000000 300.000000
 440000.000000 0.000000 2.004988 1.193904 0.009115 7604.374649 91.000000 3.000000 300.000000
 440500.000000 0.000000 2.005239 1.194993 0.009116 7613.986263 91.000000 3.000000 300.000000
 441000.000000 0.000000 2.005489 1.196079 0.009116 7623.598862 91.000000 3.000000 300.000000
 441500.000000 0.000000 2.005739 1.197163 0.009116 7633.212444 91.000000 3.000000 300.000000
 442000.000000 0.000000 2.005988 1.198244 0.009116 7642.827003 91.000000 3.000000 300.000000
 442500.000000 0.000000 2.006236 1.199323 0.009116 7652.442536 91.000000 3.000000 300.000000
 443000.000000 0.000000 2.006483 1.200399 0.009117 7662.059039 91.000000 3.000000 300.000000
 443500.000000 0.000000 2.006730 1.201473 0.009117 7671.676508 91.000000 3.000000 300.000000
 444000.000000 0.000000 2.006976 1.202544 0.009117 7681.294938 91.000000 3.000000 300.000000
 444500.000000 0.000000 2.007222 1.203613 0.009117 7690.914326 91.000000 3.000000 300.000000
 445000.000000 0.000000 2.007467 1.204679 0.009117 7700.534667 91.000000 3.000000 300.000000
 445500.000000 0.000000 2.007711 1.205743 0.009118 7710.155959 91.000000 3.000000 300.000000
 446000.000000 0.000000 2.007954 1.206804 0.009118 7719.778196 91.000000 3.000000 300.000000
 446500.000000 0.000000 2.008197 1.207863 0.009118 7729.401376 91.000000 3.000000 300.000000
 447000.000000 0.000000 2.008439 1.208920 0.009118 7739.025493 91.000000 3.000000 300.000000
 447500.000000 0.000000 2.008680 1.209974 0.009118 7748.650545 91.000000 3.000000 300.000000
 448000.000000 0.000000 2.008919 1.211025 0.009119 7758.276427 91.000000 3.000000 300.000000
 448500.000000 0.000000 2.009140 1.212071 0.009119 7767.907928 91.000000 3.000000 300.000000
 449000.000000 0.000000 2.009380 1.213117 0.009119 7777.535788 91.000000 3.000000 300.000000
 449500.000000 0.000000 2.009619 1.214162 0.009120 7787.164567 91.000000 3.000000 300.000000
 450000.000000 0.000000 2.009857 1.215204 0.009120 7796.794262 91.000000 3.000000 300.000000
 450500.000000 0.000000 2.010094 1.216243 0.009120 7806.424868 91.000000 3.000000 300.000000
 451000.000000 0.691456 1.862092 1.216939 0.009150 7816.044856 91.000000 3.000000 922.000000
 451500.000000 0.135901 2.007133 1.217131 0.009128 7825.221468 91.000000 3.000000 165.000000
 452000.000000 0.073131 2.009991 1.218162 0.009129 7834.856088 91.000000 3.000000 165.000000
 452500.000000 0.130760 2.007292 1.219148 0.009140 7844.524540 91.000000 3.000000 165.000000
 453000.000000 0.426472 1.959848 1.220168 0.009140 7854.169056 91.000000 3.000000 165.000000
 453500.000000 0.000000 2.007922 1.221127 0.009173 7863.868470 91.000000 3.000000 57.000000
 454000.000000 0.000000 2.008139 1.222146 0.009174 7873.510306 91.000000 3.000000 57.000000
 454500.000000 0.000000 2.008372 1.223163 0.009174 7883.152420 91.000000 3.000000 57.000000
 455000.000000 0.000000 2.008573 1.224172 0.009175 7892.803100 91.000000 3.000000 57.000000
 455500.000000 0.878698 1.755691 1.225025 0.009185 7902.515162 91.000000 3.000000 145.000000
 456000.000000 1.999914 0.305575 1.224709 0.009136 7911.532293 91.000000 3.000000 3876.000000
 456500.000000 0.458519 1.954185 1.224522 0.009099 7920.538897 91.000000 3.000000 127.000000
 457000.000000 3.975479 0.309679 1.224584 0.009135 7929.794199 91.000000 3.000000 92.000000
 457500.000000 3.752263 0.339382 1.223740 0.009091 7938.150325 91.000000 3.000000 161.000000
 458000.000000 0.311739 1.986270 1.224272 0.009131 7947.872223 91.000000 3.000000 262.000000
 458500.000000 1.558814 0.735580 1.224468 0.009120 7957.211475 91.000000 4.000000 535.000000
 459000.000000 0.982299 1.683685 1.225217 0.009184 7967.076387 91.000000 3.000000 160.000000
 459500.000000 5.240595 0.103947 1.224541 0.009147 7975.677192 91.000000 3.000000 26.000000
 460000.000000 1.272916 1.385388 1.223832 0.009106 7984.247450 91.000000 3.000000 1393.000000
 460500.000000 1.762258 0.368198 1.223767 0.009104 7993.590623 91.000000 3.000000 216.000000
 461000.000000 5.831177 0.078312 1.223882 0.009090 8002.926268 91.000000 3.000000 78.000000
 461500.000000 6.403135 -0.000734 1.223062 0.009089 8011.357120 91.000000 3.000000 40.000000
 462000.000000 0.340758 1.982161 1.223068 0.009079 8020.572991 91.000000 3.000000 116.000000
 462500.000000 1.161789 1.527657 1.223254 0.009066 8030.176384 91.000000 3.000000 417.000000
 463000.000000 0.749170 1.840467 1.223977 0.009081 8039.818241 91.000000 3.000000 1745.000000
 463500.000000 0.572909 1.917375 1.224875 0.009088 8049.539780 91.000000 3.000000 10484.000000
 464000.000000 1.848201 0.432230 1.225217 0.009088 8058.973079 91.000000 3.000000 500.000000
 464500.000000 7.184524 -0.189689 1.224340 0.009067 8067.222502 91.000000 3.000000 42.000000
 465000.000000 8.379672 -0.111103 1.223147 0.009066 8074.544765 91.000000 4.000000 371.000000
 465500.000000 10.670394 -0.192771 1.221965 0.009065 8081.898967 91.000000 4.000000 26.000000
 466000.000000 8.831563 -0.136508 1.220808 0.009064 8089.331807 91.000000 3.000000 50.000000
 466500.000000 8.295737 -0.068082 1.219700 0.009062 8096.910877 91.000000 4.000000 28.000000
 467000.000000 5.028942 0.127533 1.218765 0.009049 8104.997360 91.000000 3.000000 614.000000
 467500.000000 7.785213 -0.040391 1.217638 0.009048 8112.510201 91.000000 3.000000 56.000000
 468000.000000 10.445783 -0.130818 1.216462 0.009048 8119.857387 91.000000 4.000000 70.000000
 468500.000000 18.575225 -0.449741 1.215288 0.009047 8127.204439 91.000000 4.000000 14.000000
 469000.000000 10.728437 -0.110674 1.214152 0.009045 8134.678269 91.000000 4.000000 93.000000
 469500.000000 11.913678 -0.197505 1.213044 0.009045 8142.237209 91.000000 4.000000 75.000000
 470000.000000 12.431624 -0.244859 1.211907 0.009042 8149.690271 91.000000 3.000000 15.000000
 470500.000000 25.378313 -0.461828 1.210692 0.009041 8156.881417 91.000000 3.000000 11.000000
 471000.000000 37.493718 -0.278781 1.209447 0.009039 8163.964589 91.000000 3.000000 15.000000
 471500.000000 24.275099 -0.352131 1.208211 0.009041 8171.075008 91.000000 4.000000 4.000000
 472000.000000 25.070900 -0.452066 1.206986 0.009039 8178.219915 91.000000 4.000000 22.000000
 472500.000000 43.060094 -0.311017 1.205775 0.009038 8185.408155 91.000000 3.000000 15.000000
 473000.000000 70.733941 -1.241532 1.204385 0.009036 8191.905599 91.000000 3.000000 1.000000
 473500.000000 68.375757 -0.837980 1.202916 0.009035 8198.098032 91.000000 3.000000 5.000000
 474000.000000 105.379886 -0.787540 1.201394 0.009032 8204.077058 91.000000 3.000000 2.000000
 474500.000000 98.660170 -0.981260 1.199879 0.009031 8210.072214 91.000000 4.000000 2.000000
 475000.000000 94.661401 -0.886457 1.198361 0.009030 8216.051344 91.000000 4.000000 5.000000
 475500.000000 76.363899 -0.998293 1.196889 0.009029 8222.203471 91.000000 4.000000 17.000000
 476000.000000 64.565542 -0.738213 1.195428 0.009026 8228.397028 91.000000 4.000000 9.000000
 476500.000000 75.749785 -0.952745 1.193994 0.009024 8234.689294 91.000000 3.000000 10.000000
 477000.000000 91.951254 -0.778634 1.192502 0.009024 8240.743133 91.000000 4.000000 3.000000
 477500.000000 94.812194 -0.822582 1.191022 0.009024 8246.837446 91.000000 4.000000 27.000000
 478000.000000 97.379859 -0.961464 1.189545 0.009025 8252.932255 91.000000 4.000000 3.000000
 478500.000000 85.652869 -1.008843 1.188054 0.009024 8258.967441 91.000000 3.000000 8.000000
 479000.000000 114.822465 -0.873440 1.186568 0.009022 8265.012829 91.000000 4.000000 10.000000
 479500.000000 120.366474 -0.919581 1.185089 0.009025 8271.083044 91.000000 4.000000 1.000000
 480000.000000 102.416740 -0.957480 1.183619 0.009023 8277.178229 91.000000 3.000000 11.000000
 480500.000000 94.268197 -0.764997 1.182164 0.009023 8283.328020 91.000000 3.000000 3.000000
 481000.000000 60.673080 -0.707597 1.180722 0.009022 8289.523071 91.000000 4.000000 21.000000
 481500.000000 66.399566 -0.724717 1.179268 0.009020 8295.660128 91.000000 3.000000 1.000000
 482000.000000 55.803671 -0.775764 1.177885 0.009019 8302.071922 91.000000 3.000000 34.000000
 482500.000000 24.266394 -0.334560 1.176629 0.009019 8308.966489 91.000000 4.000000 50.000000
 483000.000000 27.214211 -0.282959 1.175437 0.009017 8316.098622 91.000000 4.000000 66.000000
 483500.000000 19.009627 -0.359041 1.174255 0.009015 8323.260583 91.000000 4.000000 33.000000
 484000.000000 18.770040 -0.355359 1.173089 0.009014 8330.472422 91.000000 4.000000 40.000000
 484500.000000 40.841535 -0.315860 1.171940 0.009013 8337.738615 91.000000 3.000000 13.000000
 485000.000000 22.771060 -0.313943 1.170752 0.009011 8344.858801 91.000000 4.000000 17.000000
 485500.000000 25.859097 -0.298109 1.169601 0.009009 8352.107875 91.000000 4.000000 16.000000
 486000.000000 34.772565 -0.297191 1.168444 0.009008 8359.330863 91.000000 3.000000 30.000000
 486500.000000 58.677605 -0.538659 1.167267 0.009007 8366.474289 91.000000 4.000000 3.000000
 487000.000000 59.459590 -0.640261 1.166054 0.009006 8373.481598 91.000000 4.000000 8.000000
 487500.000000 59.434302 -0.594224 1.164744 0.009006 8380.115945 91.000000 4.000000 11.000000
 488000.000000 43.796105 -0.417105 1.163585 0.009003 8387.310214 91.000000 3.000000 8.000000
 488500.000000 34.764062 -0.262764 1.162417 0.009003 8394.460826 91.000000 3.000000 6.000000
 489000.000000 9.819337 -0.066850 1.161299 0.009001 8401.788397 91.000000 4.000000 28.000000
 489500.000000 14.787500 -0.335578 1.160258 0.008999 8409.369118 91.000000 4.000000 43.000000
 490000.000000 4.869641 0.159375 1.159170 0.008998 8416.783878 91.000000 3.000000 316.000000
 490500.000000 5.900366 0.095617 1.158233 0.008997 8424.684586 91.000000 4.000000 140.000000
 491000.000000 0.459793 1.931250 1.157831 0.008989 8433.562814 91.000000 3.000000 255.000000
 491500.000000 0.590764 1.888457 1.158626 0.008993 8443.314417 91.000000 3.000000 255.000000
 492000.000000 0.651994 1.864207 1.158988 0.009002 8452.739505 91.000000 3.000000 162.000000
 492500.000000 1.134404 1.537301 1.159880 0.009015 8462.442847 91.000000 3.000000 318.000000
 493000.000000 0.164092 1.980571 1.160472 0.009042 8472.152246 91.000000 3.000000 170.000000
 493500.000000 0.120640 1.983275 1.161438 0.009044 8481.797460 91.000000 3.000000 170.000000
 494000.000000 0.000000 1.983906 1.162424 0.009044 8491.414560 91.000000 3.000000 170.000000
 494500.000000 0.000000 1.984167 1.163409 0.009044 8501.032434 91.000000 3.000000 170.000000
 495000.000000 0.000000 1.984428 1.164391 0.009045 8510.651102 91.000000 3.000000 170.000000
 495500.000000 0.000000 1.984689 1.165372 0.009045 8520.270562 91.000000 3.000000 170.000000
 496000.000000 0.000000 1.984948 1.166350 0.009045 8529.890810 91.000000 3.000000 170.000000
 496500.000000 0.000000 1.985207 1.167327 0.009045 8539.511844 91.000000 3.000000 170.000000
 497000.000000 0.000000 1.985466 1.168301 0.009045 8549.133662 91.000000 3.000000 170.000000
 497500.000000 0.000000 1.985723 1.169274 0.009045 8558.756260 91.000000 3.000000 170.000000
 498000.000000 0.000000 1.985980 1.170245 0.009046 8568.379635 91.000000 3.000000 170.000000
 498500.000000 0.000000 1.986236 1.171213 0.009046 8578.003787 91.000000 3.000000 170.000000
 499000.000000 0.000000 1.986492 1.172180 0.009046 8587.628711 91.000000 3.000000 170.000000
 499500.000000 0.000000 1.986747 1.173144 0.009046 8597.254405 91.000000 3.000000 170.000000
 500000.000000 0.000000 1.987002 1.174107 0.009046 8606.880867 91.000000 3.000000 170.000000
 500500.000000 0.000000 1.987255 1.175068 0.009046 8616.508094 91.000000 3.000000 170.000000
 501000.000000 0.000000 1.987508 1.176027 0.009047 8626.136083 91.000000 3.000000 170.000000
 501500.000000 0.000000 1.987761 1.176984 0.009047 8635.764832 91.000000 3.000000 170.000000
 502000.000000 0.000000 1.988013 1.177939 0.009047 8645.394339 91.000000 3.000000 170.000000
 502500.000000 0.000000 1.988264 1.178892 0.009047 8655.024600 91.000000 3.000000 170.000000
 503000.000000 0.000000 1.988514 1.179843 0.009047 8664.655614 91.000000 3.000000 170.000000
 503500.000000 0.000000 1.988764 1.180792 0.009048 8674.287378 91.000000 3.000000 170.000000
 504000.000000 0.000000 1.989014 1.181740 0.009048 8683.919888 91.000000 3.000000 170.000000
 504500.000000 0.000000 1.989262 1.182685 0.009048 8693.553144 91.000000 3.000000 170.000000
 505000.000000 0.000000 1.989510 1.183629 0.009048 8703.187142 91.000000 3.000000 170.000000
 505500.000000 0.000000 1.989758 1.184571 0.009048 8712.821880 91.000000 3.000000 170.000000
 506000.000000 0.000000 1.990004 1.185510 0.009048 8722.457355 91.000000 3.000000 170.000000
 506500.000000 0.000000 1.990251 1.186448 0.009049 8732.093566 91.000000 3.000000 170.000000
 507000.000000 0.000000 1.990496 1.187384 0.009049 8741.730508 91.000000 3.000000 170.000000
 507500.000000 0.000000 1.990741 1.188319 0.009049 8751.368182 91.000000 3.000000 170.000000
 508000.000000 0.000000 1.990986 1.189251 0.009049 8761.006582 91.000000 3.000000 170.000000
 508500.000000 0.000000 1.991229 1.190181 0.009049 8770.645709 91.000000 3.000000 170.000000
 509000.000000 0.000000 1.991472 1.191110 0.009049 8780.285558 91.000000 3.000000 170.000000
 509500.000000 0.000000 1.991715 1.192037 0.009050 8789.926128 91.000000 3.000000 170.000000
 510000.000000 0.000000 1.991957 1.192962 0.009050 8799.567416 91.000000 3.000000 170.000000
 510500.000000 0.000000 1.992198 1.193885 0.009050 8809.209420 91.000000 3.000000 170.000000
 511000.000000 0.000000 1.992439 1.194806 0.009050 8818.852138 91.000000 3.000000 170.000000
 511500.000000 0.000000 1.992679 1.195726 0.009050 8828.495567 91.000000 3.000000 170.000000
 512000.000000 0.000000 1.992919 1.196644 0.009050 8838.139705 91.000000 3.000000 170.000000
 512500.000000 0.000000 1.993157 1.197560 0.009051 8847.784549 91.000000 3.000000 170.000000
 513000.000000 0.000000 1.993396 1.198474 0.009051 8857.430098 91.000000 3.000000 170.000000
 513500.000000 0.000000 1.993634 1.199386 0.009051 8867.076349 91.000000 3.000000 170.000000
 514000.000000 0.000000 1.993871 1.200296 0.009051 8876.723299 91.000000 3.000000 170.000000
 514500.000000 0.072603 1.994795 1.201050 0.009051 8886.270688 91.000000 3.000000 907.000000
 515000.000000 0.060555 1.995141 1.201686 0.009049 8895.827957 91.000000 3.000000 228.000000
 515500.000000 0.062411 1.995329 1.202582 0.009050 8905.488969 91.000000 3.000000 718.000000
 516000.000000 0.630753 1.880534 1.203312 0.009045 8915.053471 91.000000 3.000000 115.000000
 516500.000000 0.000000 1.994800 1.204148 0.009050 8924.763175 91.000000 3.000000 326.000000
 517000.000000 0.000000 1.995035 1.205048 0.009050 8934.413620 91.000000 3.000000 326.000000
 517500.000000 0.209313 1.987965 1.205945 0.009051 8944.067107 91.000000 3.000000 326.000000
 518000.000000 2.377665 0.438812 1.206165 0.009053 8953.301274 91.000000 3.000000 70.000000
 518500.000000 1.176423 1.501014 1.206475 0.009025 8962.767025 91.000000 3.000000 3425.000000
 519000.000000 1.575522 0.719084 1.206618 0.009016 8972.321295 91.000000 3.000000 167.000000
 519500.000000 0.044806 1.997774 1.207005 0.009016 8981.542336 91.000000 3.000000 420.000000
 520000.000000 0.000000 1.996463 1.207882 0.009026 8991.211668 91.000000 3.000000 2957.000000
 520500.000000 0.000000 1.996697 1.208773 0.009026 9000.862866 91.000000 3.000000 2957.000000
 521000.000000 0.000000 1.996930 1.209663 0.009026 9010.514740 91.000000 3.000000 2957.000000
 521500.000000 0.000000 1.997163 1.210551 0.009026 9020.167287 91.000000 3.000000 2957.000000
 522000.000000 0.000000 1.997395 1.211438 0.009027 9029.820506 91.000000 3.000000 2957.000000
 522500.000000 0.000000 1.997626 1.212323 0.009027 9039.474395 91.000000 3.000000 2957.000000
 523000.000000 0.000000 1.997857 1.213206 0.009027 9049.128950 91.000000 3.000000 2957.000000
 523500.000000 0.000000 1.998087 1.214087 0.009027 9058.784171 91.000000 3.000000 2957.000000
 524000.000000 0.000000 1.998317 1.214967 0.009027 9068.440055 91.000000 3.000000 2957.000000
 524500.000000 0.000000 1.998547 1.215845 0.009027 9078.096599 91.000000 3.000000 2957.000000
 525000.000000 0.000000 1.998775 1.216721 0.009027 9087.753803 91.000000 3.000000 2957.000000
 525500.000000 0.000000 1.999003 1.217596 0.009027 9097.411663 91.000000 3.000000 2957.000000
 526000.000000 0.000000 1.999231 1.218469 0.009028 9107.070178 91.000000 3.000000 2957.000000
 526500.000000 0.000000 1.999458 1.219340 0.009028 9116.729345 91.000000 3.000000 2957.000000
 527000.000000 0.000000 1.999685 1.220210 0.009028 9126.389164 91.000000 3.000000 2957.000000
 527500.000000 0.000000 1.999911 1.221078 0.009028 9136.049631 91.000000 3.000000 2957.000000
 528000.000000 0.000000 2.000136 1.221944 0.009028 9145.710744 91.000000 3.000000 2957.000000
 528500.000000 0.000000 2.000361 1.222809 0.009028 9155.372502 91.000000 3.000000 2957.000000
 529000.000000 0.000000 2.000586 1.223672 0.009028 9165.034902 91.000000 3.000000 2957.000000
 529500.000000 0.000000 2.000810 1.224533 0.009028 9174.697943 91.000000 3.000000 2957.000000
 530000.000000 0.000000 2.001033 1.225393 0.009029 9184.361623 91.000000 3.000000 2957.000000
 530500.000000 0.000000 2.001256 1.226251 0.009029 9194.025939 91.000000 3.000000 2957.000000
 531000.000000 0.000000 2.001478 1.227107 0.009029 9203.690890 91.000000 3.000000 2957.000000
 531500.000000 0.000000 2.001700 1.227962 0.009029 9213.356473 91.000000 3.000000 2957.000000
 532000.000000 0.000000 2.001921 1.228816 0.009029 9223.022687 91.000000 3.000000 2957.000000
 532500.000000 0.000000 2.002142 1.229667 0.009029 9232.689529 91.000000 3.000000 2957.000000
 533000.000000 0.000000 2.002362 1.230517 0.009029 9242.356999 91.000000 3.000000 2957.000000
 533500.000000 0.000000 2.002582 1.231366 0.009029 9252.025093 91.000000 3.000000 2957.000000
 534000.000000 0.000000 2.002801 1.232213 0.009030 9261.693810 91.000000 3.000000 2957.000000
 534500.000000 0.000000 2.003020 1.233058 0.009030 9271.363148 91.000000 3.000000 2957.000000
 535000.000000 0.000000 2.003238 1.233901 0.009030 9281.033105 91.000000 3.000000 2957.000000
 535500.000000 0.000000 2.003456 1.234744 0.009030 9290.703680 91.000000 3.000000 2957.000000
 536000.000000 0.000000 2.003673 1.235584 0.009030 9300.374869 91.000000 3.000000 2957.000000
 536500.000000 0.000000 2.003889 1.236423 0.009030 9310.046672 91.000000 3.000000 2957.000000
 537000.000000 0.000000 2.004106 1.237260 0.009030 9319.719087 91.000000 3.000000 2957.000000
 537500.000000 0.000000 2.004321 1.238096 0.009030 9329.392111 91.000000 3.000000 2957.000000
 538000.000000 0.000000 2.004536 1.238930 0.009031 9339.065743 91.000000 3.000000 2957.000000
 538500.000000 0.000000 2.004751 1.239763 0.009031 9348.739980 91.000000 3.000000 2957.000000
 539000.000000 0.000000 2.004965 1.240594 0.009031 9358.414822 91.000000 3.000000 2957.000000
 539500.000000 0.000000 2.005179 1.241424 0.009031 9368.090267 91.000000 3.000000 2957.000000
 540000.000000 0.000000 2.005392 1.242252 0.009031 9377.766311 91.000000 3.000000 2957.000000
 540500.000000 0.000000 2.005605 1.243078 0.009031 9387.442954 91.000000 3.000000 2957.000000
 541000.000000 0.000000 2.005817 1.243903 0.009031 9397.120194 91.000000 3.000000 2957.000000
 541500.000000 0.000000 2.006029 1.244727 0.009031 9406.798029 91.000000 3.000000 2957.000000
 542000.000000 0.000000 2.006240 1.245548 0.009032 9416.476457 91.000000 3.000000 2957.000000
 542500.000000 0.000000 2.006451 1.246369 0.009032 9426.155477 91.000000 3.000000 2957.000000
 543000.000000 0.000000 2.006661 1.247188 0.009032 9435.835086 91.000000 3.000000 2957.000000
 543500.000000 0.000000 2.006871 1.248005 0.009032 9445.515282 91.000000 3.000000 2957.000000
 544000.000000 0.000000 2.007080 1.248821 0.009032 9455.196065 91.000000 3.000000 2957.000000
 544500.000000 0.000000 2.007289 1.249635 0.009032 9464.877433 91.000000 3.000000 2957.000000
 545000.000000 0.000000 2.007497 1.250448 0.009032 9474.559382 91.000000 3.000000 2957.000000
 545500.000000 0.000000 2.007705 1.251259 0.009032 9484.241913 91.000000 3.000000 2957.000000
 546000.000000 0.000000 2.007912 1.252069 0.009033 9493.925022 91.000000 3.000000 2957.000000
 546500.000000 0.000000 2.008119 1.252877 0.009033 9503.608709 91.000000 3.000000 2957.000000
 547000.000000 0.000000 2.008326 1.253684 0.009033 9513.292971 91.000000 3.000000 2957.000000
 547500.000000 0.000000 2.008532 1.254490 0.009033 9522.977807 91.000000 3.000000 2957.000000
 548000.000000 0.000000 2.008737 1.255294 0.009033 9532.663216 91.000000 3.000000 2957.000000
 548500.000000 0.000000 2.008942 1.256096 0.009033 9542.349195 91.000000 3.000000 2957.000000
 549000.000000 0.000000 2.009147 1.256897 0.009033 9552.035742 91.000000 3.000000 2957.000000
 549500.000000 0.000000 2.009351 1.257696 0.009033 9561.722857 91.000000 3.000000 2957.000000
 550000.000000 0.000000 2.009555 1.258495 0.009033 9571.410537 91.000000 3.000000 2957.000000
 550500.000000 0.000000 2.009758 1.259291 0.009034 9581.098780 91.000000 3.000000 2957.000000
 551000.000000 0.000000 2.009961 1.260086 0.009034 9590.787586 91.000000 3.000000 2957.000000
 551500.000000 0.000000 2.010163 1.260880 0.009034 9600.476952 91.000000 3.000000 2957.000000
 552000.000000 0.000000 2.010365 1.261672 0.009034 9610.166876 91.000000 3.000000 2957.000000
 552500.000000 0.000000 2.010566 1.262463 0.009034 9619.857358 91.000000 3.000000 2957.000000
 553000.000000 0.000000 2.010767 1.263252 0.009034 9629.548395 91.000000 3.000000 2957.000000
 553500.000000 0.000000 2.010968 1.264040 0.009034 9639.239986 91.000000 3.000000 2957.000000
 554000.000000 0.000000 2.011168 1.264827 0.009034 9648.932129 91.000000 3.000000 2957.000000
 554500.000000 0.000000 2.011368 1.265612 0.009035 9658.624822 91.000000 3.000000 2957.000000
 555000.000000 0.000000 2.011567 1.266396 0.009035 9668.318065 91.000000 3.000000 2957.000000
 555500.000000 0.000000 2.011766 1.267178 0.009035 9678.011854 91.000000 3.000000 2957.000000
 556000.000000 0.000000 2.011964 1.267959 0.009035 9687.706189 91.000000 3.000000 2957.000000
 556500.000000 0.000000 2.012162 1.268738 0.009035 9697.401069 91.000000 3.000000 2957.000000
 557000.000000 0.000000 2.012359 1.269516 0.009035 9707.096491 91.000000 3.000000 2957.000000
 557500.000000 0.000000 2.012556 1.270293 0.009035 9716.792453 91.000000 3.000000 2957.000000
 558000.000000 0.000000 2.012753 1.271068 0.009035 9726.488955 91.000000 3.000000 2957.000000
 558500.000000 0.000000 2.012949 1.271842 0.009035 9736.185995 91.000000 3.000000 2957.000000
 559000.000000 0.000000 2.013144 1.272614 0.009036 9745.883571 91.000000 3.000000 2957.000000
 559500.000000 0.000000 2.013340 1.273385 0.009036 9755.581682 91.000000 3.000000 2957.000000
 560000.000000 0.000000 2.013535 1.274155 0.009036 9765.280325 91.000000 3.000000 2957.000000
 560500.000000 0.000000 2.013729 1.274923 0.009036 9774.979500 91.000000 3.000000 2957.000000
 561000.000000 0.000000 2.013923 1.275690 0.009036 9784.679206 91.000000 3.000000 2957.000000
 561500.000000 0.000000 2.014116 1.276456 0.009036 9794.379439 91.000000 3.000000 2957.000000
 562000.000000 0.000000 2.014310 1.277220 0.009036 9804.080200 91.000000 3.000000 2957.000000
 562500.000000 0.000000 2.014502 1.277983 0.009036 9813.781485 91.000000 3.000000 2957.000000
 563000.000000 0.000000 2.014695 1.278744 0.009036 9823.483295 91.000000 3.000000 2957.000000
 563500.000000 0.000000 2.014886 1.279504 0.009037 9833.185627 91.000000 3.000000 2957.000000
 564000.000000 0.000000 2.015078 1.280263 0.009037 9842.888480 91.000000 3.000000 2957.000000
 564500.000000 0.000000 2.015269 1.281021 0.009037 9852.591853 91.000000 3.000000 2957.000000
 565000.000000 0.000000 2.015459 1.281777 0.009037 9862.295743 91.000000 3.000000 2957.000000
 565500.000000 0.000000 2.015650 1.282531 0.009037 9872.000149 91.000000 3.000000 2957.000000
 566000.000000 0.000000 2.015839 1.283285 0.009037 9881.705071 91.000000 3.000000 2957.000000
 566500.000000 0.000000 2.016029 1.284037 0.009037 9891.410506 91.000000 3.000000 2957.000000
 567000.000000 0.000000 2.016218 1.284788 0.009037 9901.116453 91.000000 3.000000 2957.000000
 567500.000000 0.000000 2.016406 1.285537 0.009037 9910.822910 91.000000 3.000000 2957.000000
 568000.000000 0.000000 2.016594 1.286285 0.009038 9920.529876 91.000000 3.000000 2957.000000
 568500.000000 0.000000 2.016782 1.287032 0.009038 9930.237350 91.000000 3.000000 2957.000000
 569000.000000 0.000000 2.016970 1.287777 0.009038 9939.945331 91.000000 3.000000 2957.000000
 569500.000000 0.000000 2.017156 1.288521 0.009038 9949.653815 91.000000 3.000000 2957.000000
 570000.000000 0.000000 2.017343 1.289264 0.009038 9959.362804 91.000000 3.000000 2957.000000
 570500.000000 0.000000 2.017529 1.290006 0.009038 9969.072293 91.000000 3.000000 2957.000000
 571000.000000 0.000000 2.017715 1.290746 0.009038 9978.782284 91.000000 3.000000 2957.000000
 571500.000000 0.000000 2.017900 1.291485 0.009038 9988.492773 91.000000 3.000000 2957.000000
 572000.000000 0.000000 2.018085 1.292223 0.009038 9998.203760 91.000000 3.000000 2957.000000
 572500.000000 0.000000 2.018270 1.292959 0.009039 10007.915243 91.000000 3.000000 2957.000000
 573000.000000 0.000000 2.018454 1.293694 0.009039 10017.627221 91.000000 3.000000 2957.000000
 573500.000000 0.000000 2.018638 1.294428 0.009039 10027.339692 91.000000 3.000000 2957.000000
 574000.000000 0.000000 2.018821 1.295160 0.009039 10037.052656 91.000000 3.000000 2957.000000
 574500.000000 0.000000 2.019004 1.295891 0.009039 10046.766109 91.000000 3.000000 2957.000000
 575000.000000 0.000000 2.019186 1.296621 0.009039 10056.480053 91.000000 3.000000 2957.000000
 575500.000000 0.000000 2.019369 1.297350 0.009039 10066.194484 91.000000 3.000000 2957.000000
 576000.000000 0.000000 2.019550 1.298077 0.009039 10075.909401 91.000000 3.000000 2957.000000
 576500.000000 0.000000 2.019732 1.298804 0.009039 10085.624803 91.000000 3.000000 2957.000000
 577000.000000 0.000000 2.019913 1.299529 0.009040 10095.340690 91.000000 3.000000 2957.000000
 577500.000000 0.000000 2.020094 1.300252 0.009040 10105.057058 91.000000 3.000000 2957.000000
 578000.000000 0.000000 2.020274 1.300974 0.009040 10114.773908 91.000000 3.000000 2957.000000
 578500.000000 0.000000 2.020454 1.301696 0.009040 10124.491238 91.000000 3.000000 2957.000000
 579000.000000 0.000000 2.020633 1.302415 0.009040 10134.209046 91.000000 3.000000 2957.000000
 579500.000000 0.000000 2.020812 1.303134 0.009040 10143.927330 91.000000 3.000000 2957.000000
 580000.000000 0.000000 2.020991 1.303851 0.009040 10153.646091 91.000000 3.000000 2957.000000
 580500.000000 0.000000 2.021170 1.304568 0.009040 10163.365326 91.000000 3.000000 2957.000000
 581000.000000 0.000000 2.021348 1.305283 0.009040 10173.085034 91.000000 3.000000 2957.000000
 581500.000000 0.000000 2.021525 1.305996 0.009041 10182.805214 91.000000 3.000000 2957.000000
 582000.000000 0.000000 2.021702 1.306709 0.009041 10192.525864 91.000000 3.000000 2957.000000
 582500.000000 0.000000 2.021879 1.307420 0.009041 10202.246984 91.000000 3.000000 2957.000000
 583000.000000 0.000000 2.022056 1.308130 0.009041 10211.968571 91.000000 3.000000 2957.000000
 583500.000000 0.000000 2.022232 1.308839 0.009041 10221.690625 91.000000 3.000000 2957.000000
 584000.000000 0.000000 2.022408 1.309546 0.009041 10231.413145 91.000000 3.000000 2957.000000
 584500.000000 0.000000 2.022583 1.310253 0.009041 10241.136128 91.000000 3.000000 2957.000000
 585000.000000 0.000000 2.022758 1.310958 0.009041 10250.859574 91.000000 3.000000 2957.000000
 585500.000000 0.000000 2.022933 1.311662 0.009041 10260.583481 91.000000 3.000000 2957.000000
 586000.000000 0.000000 2.023107 1.312365 0.009041 10270.307849 91.000000 3.000000 2957.000000
 586500.000000 0.000000 2.023281 1.313066 0.009042 10280.032675 91.000000 3.000000 2957.000000
 587000.000000 0.000000 2.023455 1.313766 0.009042 10289.757959 91.000000 3.000000 2957.000000
 587500.000000 0.000000 2.023628 1.314466 0.009042 10299.483700 91.000000 3.000000 2957.000000
 588000.000000 0.000000 2.023801 1.315164 0.009042 10309.209896 91.000000 3.000000 2957.000000
 588500.000000 0.000000 2.023974 1.315860 0.009042 10318.936546 91.000000 3.000000 2957.000000
 589000.000000 0.000000 2.024146 1.316556 0.009042 10328.663648 91.000000 3.000000 2957.000000
 589500.000000 0.000000 2.024318 1.317250 0.009042 10338.391202 91.000000 3.000000 2957.000000
 590000.000000 0.000000 2.024489 1.317944 0.009042 10348.119206 91.000000 3.000000 2957.000000
 590500.000000 0.000000 2.024660 1.318636 0.009042 10357.847659 91.000000 3.000000 2957.000000
 591000.000000 0.000000 2.024831 1.319327 0.009042 10367.576560 91.000000 3.000000 2957.000000
 591500.000000 0.000000 2.025001 1.320016 0.009043 10377.305907 91.000000 3.000000 2957.000000
 592000.000000 0.000000 2.025171 1.320705 0.009043 10387.035700 91.000000 3.000000 2957.000000
 592500.000000 0.000000 2.025341 1.321392 0.009043 10396.765937 91.000000 3.000000 2957.000000
 593000.000000 0.000000 2.025511 1.322079 0.009043 10406.496616 91.000000 3.000000 2957.000000
 593500.000000 0.000000 2.025680 1.322764 0.009043 10416.227738 91.000000 3.000000 2957.000000
 594000.000000 0.000000 2.025848 1.323448 0.009043 10425.959300 91.000000 3.000000 2957.000000
 594500.000000 0.000000 2.026017 1.324130 0.009043 10435.691301 91.000000 3.000000 2957.000000
 595000.000000 0.000000 2.026185 1.324812 0.009043 10445.423741 91.000000 3.000000 2957.000000
 595500.000000 0.000000 2.026352 1.325492 0.009043 10455.156618 91.000000 3.000000 2957.000000
 596000.000000 0.000000 2.026520 1.326172 0.009043 10464.889930 91.000000 3.000000 2957.000000
 596500.000000 0.000000 2.026686 1.326850 0.009044 10474.623677 91.000000 3.000000 2957.000000
 597000.000000 0.000000 2.026853 1.327527 0.009044 10484.357858 91.000000 3.000000 2957.000000
 597500.000000 0.000000 2.027019 1.328203 0.009044 10494.092471 91.000000 3.000000 2957.000000
 598000.000000 0.000000 2.027185 1.328878 0.009044 10503.827515 91.000000 3.000000 2957.000000
 598500.000000 0.000000 2.027351 1.329552 0.009044 10513.562989 91.000000 3.000000 2957.000000
 599000.000000 0.000000 2.027516 1.330224 0.009044 10523.298892 91.000000 3.000000 2957.000000
 599500.000000 0.000000 2.027681 1.330896 0.009044 10533.035222 91.000000 3.000000 2957.000000
 600000.000000 0.000000 2.027846 1.331566 0.009044 10542.771979 91.000000 3.000000 2957.000000
 600500.000000 0.000000 2.028010 1.332235 0.009044 10552.509162 91.000000 3.000000 2957.000000
 601000.000000 0.000000 2.028174 1.332903 0.009044 10562.246769 91.000000 3.000000 2957.000000
 601500.000000 0.000000 2.028338 1.333570 0.009045 10571.984799 91.000000 3.000000 2957.000000
 602000.000000 0.000000 2.028501 1.334236 0.009045 10581.723251 91.000000 3.000000 2957.000000
 602500.000000 0.000000 2.028664 1.334901 0.009045 10591.462124 91.000000 3.000000 2957.000000
 603000.000000 0.000000 2.028827 1.335565 0.009045 10601.201417 91.000000 3.000000 2957.000000
 603500.000000 0.000000 2.028989 1.336227 0.009045 10610.941129 91.000000 3.000000 2957.000000
 604000.000000 0.000000 2.029151 1.336889 0.009045 10620.681258 91.000000 3.000000 2957.000000
 604500.000000 0.000000 2.029313 1.337549 0.009045 10630.421803 91.000000 3.000000 2957.000000
 605000.000000 0.000000 2.029474 1.338208 0.009045 10640.162765 91.000000 3.000000 2957.000000
 605500.000000 0.000000 2.029635 1.338866 0.009045 10649.904140 91.000000 3.000000 2957.000000
 606000.000000 0.000000 2.029796 1.339524 0.009045 10659.645928 91.000000 3.000000 2957.000000
 606500.000000 0.000000 2.029956 1.340180 0.009046 10669.388129 91.000000 3.000000 2957.000000
 607000.000000 0.000000 2.030116 1.340835 0.009046 10679.130741 91.000000 3.000000 2957.000000
 607500.000000 0.000000 2.030276 1.341488 0.009046 10688.873763 91.000000 3.000000 2957.000000
 608000.000000 0.000000 2.030435 1.342141 0.009046 10698.617193 91.000000 3.000000 2957.000000
 608500.000000 0.000000 2.030595 1.342793 0.009046 10708.361031 91.000000 3.000000 2957.000000
 609000.000000 0.000000 2.030753 1.343444 0.009046 10718.105276 91.000000 3.000000 2957.000000
 609500.000000 0.000000 2.030912 1.344093 0.009046 10727.849927 91.000000 3.000000 2957.000000
 610000.000000 0.000000 2.031070 1.344742 0.009046 10737.594983 91.000000 3.000000 2957.000000
 610500.000000 0.000000 2.031228 1.345389 0.009046 10747.340441 91.000000 3.000000 2957.000000
 611000.000000 0.000000 2.031385 1.346036 0.009046 10757.086303 91.000000 3.000000 2957.000000
 611500.000000 0.000000 2.031543 1.346681 0.009046 10766.832566 91.000000 3.000000 2957.000000
 612000.000000 0.000000 2.031700 1.347325 0.009047 10776.579229 91.000000 3.000000 2957.000000
 612500.000000 0.000000 2.031856 1.347969 0.009047 10786.326292 91.000000 3.000000 2957.000000
 613000.000000 0.000000 2.032013 1.348611 0.009047 10796.073753 91.000000 3.000000 2957.000000
 613500.000000 0.000000 2.032169 1.349252 0.009047 10805.821611 91.000000 3.000000 2957.000000
 614000.000000 0.000000 2.032324 1.349892 0.009047 10815.569865 91.000000 3.000000 2957.000000
 614500.000000 0.000000 2.032480 1.350531 0.009047 10825.318515 91.000000 3.000000 2957.000000
 615000.000000 0.000000 2.032635 1.351169 0.009047 10835.067559 91.000000 3.000000 2957.000000
 615500.000000 0.000000 2.032790 1.351806 0.009047 10844.816996 91.000000 3.000000 2957.000000
 616000.000000 0.000000 2.032944 1.352442 0.009047 10854.566826 91.000000 3.000000 2957.000000
 616500.000000 0.000000 2.033098 1.353077 0.009047 10864.317046 91.000000 3.000000 2957.000000
 617000.000000 0.000000 2.033252 1.353711 0.009047 10874.067657 91.000000 3.000000 2957.000000
 617500.000000 0.000000 2.033406 1.354344 0.009048 10883.818657 91.000000 3.000000 2957.000000
 618000.000000 0.000000 2.033559 1.354976 0.009048 10893.570045 91.000000 3.000000 2957.000000
 618500.000000 0.000000 2.033712 1.355607 0.009048 10903.321820 91.000000 3.000000 2957.000000
 619000.000000 0.000000 2.033865 1.356237 0.009048 10913.073981 91.000000 3.000000 2957.000000
 619500.000000 0.000000 2.034017 1.356866 0.009048 10922.826528 91.000000 3.000000 2957.000000
 620000.000000 0.000000 2.034169 1.357493 0.009048 10932.579458 91.000000 3.000000 2957.000000
 620500.000000 0.000000 2.034321 1.358120 0.009048 10942.332772 91.000000 3.000000 2957.000000
 621000.000000 0.000000 2.034473 1.358746 0.009048 10952.086468 91.000000 3.000000 2957.000000
 621500.000000 0.000000 2.034624 1.359371 0.009048 10961.840546 91.000000 3.000000 2957.000000
 622000.000000 0.000000 2.034775 1.359995 0.009048 10971.595003 91.000000 3.000000 2957.000000
 622500.000000 0.000000 2.034925 1.360617 0.009049 10981.349840 91.000000 3.000000 2957.000000
 623000.000000 0.000000 2.035076 1.361239 0.009049 10991.105056 91.000000 3.000000 2957.000000
 623500.000000 0.000000 2.035226 1.361860 0.009049 11000.860648 91.000000 3.000000 2957.000000
 624000.000000 0.000000 2.035376 1.362480 0.009049 11010.616617 91.000000 3.000000 2957.000000
 624500.000000 0.000000 2.035525 1.363099 0.009049 11020.372962 91.000000 3.000000 2957.000000
 625000.000000 0.000000 2.035674 1.363716 0.009049 11030.129681 91.000000 3.000000 2957.000000
 625500.000000 0.000000 2.035823 1.364333 0.009049 11039.886774 91.000000 3.000000 2957.000000
 626000.000000 0.000000 2.035972 1.364949 0.009049 11049.644239 91.000000 3.000000 2957.000000
 626500.000000 0.000000 2.036120 1.365564 0.009049 11059.402076 91.000000 3.000000 2957.000000
 627000.000000 0.000000 2.036268 1.366178 0.009049 11069.160283 91.000000 3.000000 2957.000000
 627500.000000 0.000000 2.036416 1.366791 0.009049 11078.918861 91.000000 3.000000 2957.000000
 628000.000000 0.000000 2.036564 1.367403 0.009049 11088.677807 91.000000 3.000000 2957.000000
 628500.000000 0.000000 2.036711 1.368014 0.009050 11098.437121 91.000000 3.000000 2957.000000
 629000.000000 0.000000 2.036858 1.368624 0.009050 11108.196802 91.000000 3.000000 2957.000000
 629500.000000 0.000000 2.037004 1.369233 0.009050 11117.956850 91.000000 3.000000 2957.000000
 630000.000000 0.000000 2.037151 1.369841 0.009050 11127.717262 91.000000 3.000000 2957.000000
 630500.000000 0.000000 2.037297 1.370448 0.009050 11137.478039 91.000000 3.000000 2957.000000
 631000.000000 0.000000 2.037443 1.371054 0.009050 11147.239179 91.000000 3.000000 2957.000000
 631500.000000 0.000000 2.037588 1.371659 0.009050 11157.000682 91.000000 3.000000 2957.000000
 632000.000000 0.000000 2.037734 1.372264 0.009050 11166.762546 91.000000 3.000000 2957.000000
 632500.000000 0.000000 2.037879 1.372867 0.009050 11176.524770 91.000000 3.000000 2957.000000
 633000.000000 0.000000 2.038023 1.373469 0.009050 11186.287355 91.000000 3.000000 2957.000000
 633500.000000 0.000000 2.038168 1.374071 0.009050 11196.050298 91.000000 3.000000 2957.000000
 634000.000000 0.000000 2.038312 1.374671 0.009051 11205.813599 91.000000 3.000000 2957.000000
 634500.000000 0.000000 2.038456 1.375271 0.009051 11215.577257 91.000000 3.000000 2957.000000
 635000.000000 0.000000 2.038600 1.375869 0.009051 11225.341271 91.000000 3.000000 2957.000000
 635500.000000 0.000000 2.038743 1.376467 0.009051 11235.105641 91.000000 3.000000 2957.000000
 636000.000000 0.000000 2.038886 1.377064 0.009051 11244.870365 91.000000 3.000000 2957.000000
 636500.000000 0.000000 2.039029 1.377660 0.009051 11254.635442 91.000000 3.000000 2957.000000
 637000.000000 0.000000 2.039171 1.378254 0.009051 11264.400872 91.000000 3.000000 2957.000000
 637500.000000 0.000000 2.039314 1.378848 0.009051 11274.166654 91.000000 3.000000 2957.000000
 638000.000000 0.000000 2.039456 1.379441 0.009051 11283.932786 91.000000 3.000000 2957.000000
 638500.000000 0.000000 2.039598 1.380033 0.009051 11293.699269 91.000000 3.000000 2957.000000
 639000.000000 0.000000 2.039739 1.380624 0.009051 11303.466101 91.000000 3.000000 2957.000000
 639500.000000 0.000000 2.039880 1.381215 0.009052 11313.233281 91.000000 3.000000 2957.000000
 640000.000000 0.000000 2.040021 1.381804 0.009052 11323.000809 91.000000 3.000000 2957.000000
 640500.000000 0.000000 2.040162 1.382392 0.009052 11332.768683 91.000000 3.000000 2957.000000
 641000.000000 0.000000 2.040302 1.382980 0.009052 11342.536902 91.000000 3.000000 2957.000000
 641500.000000 0.000000 2.040443 1.383566 0.009052 11352.305467 91.000000 3.000000 2957.000000
 642000.000000 0.000000 2.040583 1.384152 0.009052 11362.074376 91.000000 3.000000 2957.000000
 642500.000000 0.000000 2.040722 1.384737 0.009052 11371.843628 91.000000 3.000000 2957.000000
 643000.000000 0.000000 2.040862 1.385321 0.009052 11381.613222 91.000000 3.000000 2957.000000
 643500.000000 0.000000 2.041001 1.385904 0.009052 11391.383158 91.000000 3.000000 2957.000000
 644000.000000 0.000000 2.041140 1.386486 0.009052 11401.153434 91.000000 3.000000 2957.000000
 644500.000000 0.000000 2.041278 1.387067 0.009052 11410.924050 91.000000 3.000000 2957.000000
 645000.000000 0.000000 2.041417 1.387647 0.009052 11420.695006 91.000000 3.000000 2957.000000
 645500.000000 0.048152 2.042066 1.388226 0.009053 11430.466228 91.000000 3.000000 2957.000000
 646000.000000 0.000000 2.041687 1.388804 0.009053 11440.238429 91.000000 3.000000 2957.000000
 646500.000000 0.000000 2.041812 1.389382 0.009053 11450.010849 91.000000 3.000000 2957.000000
 647000.000000 0.000000 2.041949 1.389958 0.009053 11459.783177 91.000000 3.000000 2957.000000
 647500.000000 0.000000 2.042086 1.390534 0.009053 11469.555840 91.000000 3.000000 2957.000000
 648000.000000 0.000000 2.042223 1.391109 0.009053 11479.328837 91.000000 3.000000 2957.000000
 648500.000000 0.000000 2.042360 1.391683 0.009053 11489.102167 91.000000 3.000000 2957.000000
 649000.000000 0.000000 2.042496 1.392256 0.009053 11498.875830 91.000000 3.000000 2957.000000
 649500.000000 0.000000 2.042632 1.392828 0.009054 11508.649824 91.000000 3.000000 2957.000000
 650000.000000 0.000000 2.042768 1.393400 0.009054 11518.424149 91.000000 3.000000 2957.000000
 650500.000000 0.000000 2.042904 1.393970 0.009054 11528.198804 91.000000 3.000000 2957.000000
 651000.000000 0.000000 2.043039 1.394540 0.009054 11537.973788 91.000000 3.000000 2957.000000
 651500.000000 0.000000 2.043174 1.395108 0.009054 11547.749100 91.000000 3.000000 2957.000000
 652000.000000 0.000000 2.043309 1.395676 0.009054 11557.524740 91.000000 3.000000 2957.000000
 652500.000000 0.000000 2.043444 1.396243 0.009054 11567.300707 91.000000 3.000000 2957.000000
 653000.000000 0.000000 2.043578 1.396809 0.009054 11577.077000 91.000000 3.000000 2957.000000
 653500.000000 0.000000 2.043711 1.397375 0.009054 11586.853555 91.000000 3.000000 2957.000000
 654000.000000 0.101576 2.043026 1.397939 0.009054 11596.630612 91.000000 3.000000 2957.000000
 654500.000000 0.000000 2.043975 1.398503 0.009054 11606.407885 91.000000 3.000000 2957.000000
 655000.000000 0.000000 2.044107 1.399065 0.009055 11616.185431 91.000000 3.000000 2957.000000
 655500.000000 0.000000 2.044229 1.399624 0.009055 11625.967222 91.000000 3.000000 2957.000000
 656000.000000 0.114889 2.042900 1.400185 0.009055 11635.745796 91.000000 3.000000 2957.000000
 656500.000000 0.131350 2.041598 1.400714 0.009064 11645.555894 91.000000 3.000000 2957.000000
 657000.000000 0.070860 2.044271 1.401269 0.009064 11655.340791 91.000000 3.000000 400.000000
 657500.000000 5.746038 -0.042488 1.401204 0.009075 11664.503790 91.000000 3.000000 83.000000
 658000.000000 1.710708 0.333938 1.400988 0.009053 11673.638620 91.000000 4.000000 1136.000000
 658500.000000 12.677033 -0.355714 1.400124 0.009051 11680.944006 91.000000 3.000000 54.000000
 659000.000000 1.670847 0.331174 1.399339 0.009044 11688.616377 91.000000 4.000000 1512.000000
 659500.000000 4.915978 0.034135 1.398657 0.009033 11696.609897 91.000000 3.000000 25.000000
 660000.000000 1.935672 0.360736 1.397925 0.009022 11704.522888 91.000000 3.000000 77.000000
 660500.000000 2.384152 0.373236 1.397373 0.008985 11712.955971 91.000000 4.000000 98.000000
 661000.000000 0.904271 1.769013 1.397662 0.009018 11722.715110 91.000000 3.000000 721.000000
 661500.000000 0.344491 2.013238 1.397728 0.009018 11732.290991 91.000000 3.000000 602.000000
 662000.000000 2.210379 0.391097 1.397848 0.009013 11741.635177 91.000000 4.000000 286.000000
 662500.000000 0.319335 2.018063 1.398060 0.009023 11751.205834 91.000000 3.000000 135.000000
 663000.000000 1.305201 1.349100 1.398014 0.009020 11760.418854 91.000000 3.000000 131.000000
 663500.000000 10.739780 -0.207908 1.397302 0.009003 11768.381535 91.000000 3.000000 7.000000
 664000.000000 5.245234 0.044691 1.396432 0.009002 11775.639879 91.000000 3.000000 25.000000
 664500.000000 16.610577 -0.475084 1.395581 0.009001 11782.980132 91.000000 3.000000 3.000000
 665000.000000 20.833478 -0.433755 1.394600 0.009000 11789.657367 91.000000 4.000000 12.000000
 665500.000000 16.008864 -0.346029 1.393653 0.009000 11796.506716 91.000000 4.000000 10.000000
 666000.000000 25.171475 -0.501289 1.392680 0.008998 11803.218212 91.000000 4.000000 17.000000
 666500.000000 13.755901 -0.350310 1.391717 0.008997 11809.974038 91.000000 4.000000 28.000000
 667000.000000 25.413778 -0.437966 1.390768 0.008995 11816.800142 91.000000 4.000000 15.000000
 667500.000000 15.566062 -0.323493 1.389799 0.008995 11823.519674 91.000000 4.000000 33.000000
 668000.000000 16.299375 -0.341980 1.388838 0.008993 11830.274144 91.000000 4.000000 44.000000
 668500.000000 22.095548 -0.372041 1.387884 0.008992 11837.064625 91.000000 4.000000 25.000000
 669000.000000 22.932409 -0.373408 1.386931 0.008991 11843.851326 91.000000 4.000000 57.000000
 669500.000000 35.381761 -0.434291 1.385915 0.008990 11850.280519 91.000000 3.000000 19.000000
 670000.000000 36.747730 -0.385267 1.384965 0.008989 11857.073854 91.000000 3.000000 7.000000
 670500.000000 28.656999 -0.480557 1.384006 0.008988 11863.813028 91.000000 3.000000 6.000000
 671000.000000 26.642802 -0.378000 1.383048 0.008988 11870.556314 91.000000 3.000000 11.000000
 671500.000000 12.784070 -0.320017 1.382121 0.008987 11877.461694 91.000000 3.000000 4.000000
 672000.000000 13.387079 -0.343049 1.381187 0.008985 11884.321513 91.000000 3.000000 6.000000
 672500.000000 13.722038 -0.304577 1.380300 0.008985 11891.423623 91.000000 4.000000 112.000000
 673000.000000 11.533262 -0.234965 1.379445 0.008984 11898.677924 91.000000 3.000000 90.000000
 673500.000000 12.155413 -0.227046 1.378533 0.008982 11905.643196 91.000000 3.000000 12.000000
 674000.000000 9.581571 -0.171741 1.377632 0.008981 11912.663165 91.000000 4.000000 50.000000
 674500.000000 20.182748 -0.412541 1.376718 0.008981 11919.607379 91.000000 4.000000 15.000000
 675000.000000 29.150201 -0.401975 1.375783 0.008981 11926.438330 91.000000 4.000000 27.000000
 675500.000000 41.662777 -0.396408 1.374830 0.008980 11933.166273 91.000000 3.000000 5.000000
 676000.000000 62.183087 -0.842049 1.373789 0.008979 11939.382565 91.000000 4.000000 11.000000
 676500.000000 86.844555 -0.997587 1.372671 0.008978 11945.129810 91.000000 3.000000 24.000000
 677000.000000 92.975928 -0.891940 1.371540 0.008977 11950.792839 91.000000 3.000000 6.000000
 677500.000000 58.712156 -0.657790 1.370464 0.008977 11956.784475 91.000000 3.000000 5.000000
 678000.000000 53.131628 -0.650823 1.369399 0.008976 11962.839833 91.000000 4.000000 12.000000
 678500.000000 51.514642 -0.742828 1.368370 0.008976 11969.103743 91.000000 3.000000 18.000000
 679000.000000 38.578022 -0.310269 1.367300 0.008976 11975.102574 91.000000 3.000000 1.000000
 679500.000000 39.214157 -0.369288 1.366345 0.008974 11981.774410 91.000000 3.000000 1.000000
 680000.000000 32.061098 -0.371755 1.365420 0.008973 11988.615956 91.000000 4.000000 31.000000
 680500.000000 39.228875 -0.357195 1.364492 0.008972 11995.426715 91.000000 3.000000 11.000000
 681000.000000 16.008578 -0.237436 1.363584 0.008972 12002.345448 91.000000 4.000000 27.000000
 681500.000000 47.089171 -0.636666 1.362664 0.008971 12009.192562 91.000000 4.000000 12.000000
 682000.000000 53.505739 -0.630374 1.361663 0.008970 12015.581736 91.000000 3.000000 33.000000
 682500.000000 24.098540 -0.328916 1.360730 0.008969 12022.351640 91.000000 4.000000 35.000000
 683000.000000 33.972345 -0.357695 1.359825 0.008969 12029.267519 91.000000 3.000000 18.000000
 683500.000000 39.692703 -0.384257 1.358919 0.008967 12036.177160 91.000000 3.000000 31.000000
 684000.000000 63.928426 -0.844708 1.357928 0.008966 12042.599556 91.000000 3.000000 3.000000
 684500.000000 52.644734 -0.615456 1.356926 0.008966 12048.960098 91.000000 4.000000 3.000000
 685000.000000 45.348148 -0.476644 1.355923 0.008965 12055.305799 91.000000 4.000000 5.000000
 685500.000000 48.303004 -0.600072 1.354914 0.008964 12061.610494 91.000000 3.000000 2.000000
 686000.000000 31.509426 -0.310486 1.353994 0.008964 12068.420907 91.000000 4.000000 6.000000
 686500.000000 66.753954 -0.880840 1.353004 0.008963 12074.815709 91.000000 3.000000 1.000000
 687000.000000 77.950972 -1.151041 1.351957 0.008962 12080.874466 91.000000 3.000000 1.000000
 687500.000000 61.221946 -0.838817 1.350903 0.008874 12086.889354 92.000000 4.000000 3.000000
 688000.000000 62.006300 -0.756521 1.349925 0.008873 12093.350722 92.000000 4.000000 4.000000
 688500.000000 37.956514 -0.256099 1.348983 0.008872 12100.009986 92.000000 3.000000 8.000000
 689000.000000 30.834637 -0.353017 1.348042 0.008870 12106.671494 92.000000 4.000000 7.000000
 689500.000000 38.831847 -0.286780 1.347159 0.008869 12113.649394 92.000000 3.000000 1.000000
 690000.000000 29.176988 -0.338910 1.346281 0.008869 12120.645823 92.000000 4.000000 28.000000
 690500.000000 31.073617 -0.309547 1.345390 0.008867 12127.573952 92.000000 3.000000 43.000000
 691000.000000 31.634610 -0.274757 1.344484 0.008866 12134.416424 92.000000 3.000000 15.000000
 691500.000000 51.589352 -0.625710 1.343585 0.008866 12141.285473 92.000000 4.000000 4.000000
 692000.000000 45.287740 -0.416840 1.342684 0.008865 12148.139229 92.000000 4.000000 11.000000
 692500.000000 70.884685 -1.092932 1.341702 0.008950 12154.533500 91.000000 3.000000 16.000000
 693000.000000 38.505248 -0.231241 1.340756 0.008949 12161.119948 91.000000 3.000000 25.000000
 693500.000000 53.548324 -0.536388 1.339832 0.008948 12167.832623 91.000000 3.000000 4.000000
 694000.000000 11.537636 -0.218436 1.338962 0.008947 12174.845289 91.000000 4.000000 43.000000
 694500.000000 18.569531 -0.383412 1.338102 0.008947 12181.897439 91.000000 4.000000 22.000000
 695000.000000 22.367361 -0.262140 1.337233 0.008947 12188.906721 91.000000 4.000000 28.000000
 695500.000000 18.215452 -0.437396 1.336360 0.008947 12195.882576 91.000000 4.000000 5.000000
 696000.000000 37.750473 -0.237453 1.335488 0.008946 12202.866716 91.000000 3.000000 10.000000
 696500.000000 20.545212 -0.283117 1.334625 0.008945 12209.894702 91.000000 4.000000 60.000000
 697000.000000 26.211870 -0.264388 1.333773 0.008943 12216.974843 91.000000 4.000000 51.000000
 697500.000000 29.936926 -0.321295 1.332916 0.008943 12224.023209 91.000000 4.000000 7.000000
 698000.000000 38.268527 -0.197140 1.332068 0.008942 12231.119475 91.000000 2.000000 6.000000
 698500.000000 22.297521 -0.241164 1.331208 0.008941 12238.146625 91.000000 4.000000 19.000000
 699000.000000 12.594581 -0.255353 1.330357 0.008940 12245.214406 91.000000 4.000000 14.000000
 699500.000000 6.447193 -0.053757 1.329549 0.008940 12252.500813 91.000000 3.000000 621.000000
 700000.000000 16.430402 -0.257773 1.328771 0.008938 12259.922740 91.000000 4.000000 5.000000
 700500.000000 16.591755 -0.268213 1.327928 0.008938 12267.024154 91.000000 4.000000 11.000000
 701000.000000 21.101925 -0.225127 1.327086 0.008938 12274.127298 91.000000 3.000000 52.000000
 701500.000000 20.086964 -0.304510 1.326235 0.008937 12281.180234 91.000000 3.000000 33.000000
 702000.000000 14.167196 -0.254993 1.325408 0.008937 12288.354229 91.000000 4.000000 40.000000
 702500.000000 15.278022 -0.227423 1.324592 0.008937 12295.582217 91.000000 4.000000 20.000000
 703000.000000 35.704453 -0.319615 1.323751 0.008937 12302.673666 91.000000 3.000000 14.000000
 703500.000000 26.354381 -0.243092 1.322919 0.008936 12309.811820 91.000000 3.000000 72.000000
 704000.000000 21.228260 -0.200560 1.322086 0.008935 12316.938618 91.000000 4.000000 16.000000
 704500.000000 23.263955 -0.296408 1.321257 0.008934 12324.085393 91.000000 3.000000 5.000000
 705000.000000 52.592864 -0.532622 1.320412 0.008932 12331.137433 91.000000 3.000000 7.000000
 705500.000000 42.953825 -0.315822 1.319550 0.008931 12338.095920 91.000000 3.000000 5.000000
 706000.000000 28.516224 -0.325575 1.318710 0.008930 12345.166520 91.000000 4.000000 25.000000
 706500.000000 25.385217 -0.268293 1.317897 0.008930 12352.384927 91.000000 3.000000 7.000000
 707000.000000 22.266296 -0.185055 1.317108 0.008930 12359.716185 91.000000 4.000000 4.000000
 707500.000000 30.184179 -0.311982 1.316292 0.008929 12366.907300 91.000000 3.000000 19.000000
 708000.000000 34.687890 -0.222967 1.315476 0.008928 12374.097014 91.000000 3.000000 6.000000
 708500.000000 10.600491 -0.088031 1.314690 0.008928 12381.430713 91.000000 4.000000 54.000000
 709000.000000 17.133301 -0.188868 1.313888 0.008926 12388.686689 91.000000 4.000000 85.000000
 709500.000000 16.356491 -0.140886 1.313091 0.008926 12395.959420 91.000000 4.000000 40.000000
 710000.000000 15.878686 -0.094245 1.312286 0.008925 12403.191991 91.000000 4.000000 88.000000
 710500.000000 6.903252 -0.112420 1.311509 0.008924 12410.560044 91.000000 3.000000 162.000000
 711000.000000 8.085459 -0.067221 1.310737 0.008923 12417.952666 91.000000 4.000000 45.000000
 711500.000000 11.903428 -0.147706 1.310009 0.008921 12425.557163 91.000000 3.000000 26.000000
 712000.000000 18.202033 -0.302081 1.309242 0.008921 12432.967707 91.000000 3.000000 93.000000
 712500.000000 16.233003 -0.086786 1.308472 0.008921 12440.364028 91.000000 3.000000 28.000000
 713000.000000 13.363250 -0.225389 1.307686 0.008920 12447.671213 91.000000 3.000000 76.000000
 713500.000000 14.977087 -0.203089 1.306911 0.008919 12455.032271 91.000000 3.000000 96.000000
 714000.000000 18.402986 -0.263437 1.306129 0.008918 12462.354313 91.000000 4.000000 10.000000
 714500.000000 11.610060 -0.111754 1.305352 0.008917 12469.700518 91.000000 4.000000 23.000000
 715000.000000 13.028927 -0.207700 1.304579 0.008917 12477.064116 91.000000 3.000000 61.000000
 715500.000000 22.858229 -0.198088 1.303812 0.008918 12484.449567 91.000000 4.000000 28.000000
 716000.000000 20.570649 -0.150722 1.303027 0.008917 12491.746313 91.000000 4.000000 177.000000
 716500.000000 15.002430 -0.157076 1.302264 0.008918 12499.148375 91.000000 4.000000 6.000000
 717000.000000 29.157954 -0.229298 1.301482 0.008917 12506.445651 91.000000 4.000000 2.000000
 717500.000000 22.788781 -0.173830 1.300692 0.008917 12513.707947 91.000000 4.000000 14.000000
 718000.000000 23.075554 -0.216355 1.299898 0.008916 12520.939829 91.000000 4.000000 6.000000
 718500.000000 25.669580 -0.185744 1.299081 0.008915 12528.041460 91.000000 3.000000 10.000000
 719000.000000 12.360895 -0.093571 1.298314 0.008914 12535.405730 91.000000 4.000000 47.000000
 719500.000000 19.585027 -0.123082 1.297564 0.008914 12542.855620 91.000000 4.000000 25.000000
 720000.000000 9.362332 -0.138638 1.296826 0.008913 12550.358940 91.000000 3.000000 111.000000
 720500.000000 12.696989 -0.103764 1.296099 0.008913 12557.921252 91.000000 4.000000 8.000000
 721000.000000 15.943778 -0.001787 1.295384 0.008912 12565.532387 91.000000 4.000000 16.000000
 721500.000000 4.336156 0.175408 1.294664 0.008911 12573.118291 91.000000 3.000000 68.000000
 722000.000000 4.517138 0.157669 1.294046 0.008910 12581.179491 91.000000 3.000000 188.000000
 722500.000000 4.383749 0.193138 1.293454 0.008900 12589.348503 91.000000 3.000000 258.000000
 723000.000000 0.816766 1.789932 1.293401 0.008914 12598.391641 91.000000 3.000000 700.000000
 723500.000000 2.182528 0.384606 1.293240 0.008918 12607.379716 91.000000 3.000000 362.000000
 724000.000000 0.467439 1.943292 1.293321 0.008933 12616.763729 91.000000 3.000000 39.000000
 724500.000000 1.406893 1.131791 1.293605 0.008945 12626.607774 91.000000 3.000000 2430.000000
 725000.000000 1.087189 1.582551 1.293274 0.008918 12635.385029 91.000000 3.000000 154.000000
 725500.000000 3.004772 0.299764 1.293136 0.008941 12644.482377 91.000000 4.000000 135.000000
 726000.000000 4.719247 0.144519 1.292758 0.008950 12653.040016 91.000000 3.000000 79.000000
 726500.000000 0.217133 1.993551 1.292541 0.008946 12661.827875 91.000000 3.000000 112.000000
 727000.000000 1.245599 1.402459 1.292803 0.008937 12671.386513 91.000000 3.000000 43.000000
 727500.000000 0.000000 2.001917 1.293263 0.008965 12681.246676 91.000000 3.000000 214.000000
 728000.000000 0.272410 1.985488 1.293715 0.008962 12690.870851 91.000000 3.000000 126.000000
 728500.000000 0.168385 1.997215 1.294179 0.008976 12700.711677 91.000000 3.000000 6149.000000
 729000.000000 0.000000 2.001664 1.294736 0.008976 12710.467306 91.000000 3.000000 6149.000000
 729500.000000 0.974199 1.679938 1.295248 0.008986 12720.267187 91.000000 3.000000 61959.000000
 730000.000000 0.000000 2.001370 1.295791 0.008987 12730.041507 91.000000 3.000000 528.000000
 730500.000000 0.000000 2.001286 1.296309 0.008991 12739.834373 91.000000 3.000000 2789.000000
 731000.000000 0.210757 1.993088 1.296799 0.008990 12749.580623 91.000000 3.000000 812.000000
 731500.000000 0.125535 2.000263 1.297354 0.008990 12759.336441 91.000000 3.000000 812.000000
 732000.000000 0.124743 2.000459 1.297910 0.008990 12769.089531 91.000000 3.000000 812.000000
 732500.000000 1.878067 0.414449 1.298359 0.008984 12778.718296 91.000000 3.000000 94799.000000
 733000.000000 0.000000 2.002364 1.298910 0.008985 12788.477171 91.000000 3.000000 60.000000
 733500.000000 0.000000 2.002511 1.299461 0.008985 12798.235478 91.000000 3.000000 60.000000
 734000.000000 0.000000 2.002663 1.300013 0.008985 12807.990792 91.000000 3.000000 60.000000
 734500.000000 0.000000 2.002820 1.300566 0.008985 12817.744703 91.000000 3.000000 60.000000
 735000.000000 0.000000 2.002977 1.301118 0.008986 12827.498721 91.000000 3.000000 60.000000
 735500.000000 0.167469 1.998939 1.301668 0.008986 12837.254452 91.000000 3.000000 60.000000
 736000.000000 0.000000 2.003282 1.302219 0.008986 12847.008903 91.000000 3.000000 60.000000
 736500.000000 0.000000 2.003440 1.302769 0.008986 12856.763746 91.000000 3.000000 60.000000
 737000.000000 0.000000 2.003613 1.303234 0.008985 12866.519640 91.000000 3.000000 794.000000
 737500.000000 0.000000 2.003767 1.303783 0.008985 12876.274926 91.000000 3.000000 794.000000
 738000.000000 0.000000 2.003898 1.304322 0.008986 12886.043953 91.000000 3.000000 794.000000
 738500.000000 0.000000 2.004056 1.304869 0.008986 12895.799905 91.000000 3.000000 794.000000
 739000.000000 0.000000 2.004214 1.305415 0.008986 12905.556133 91.000000 3.000000 794.000000
 739500.000000 0.000000 2.004372 1.305961 0.008986 12915.312638 91.000000 3.000000 794.000000
 740000.000000 0.000000 2.004527 1.306506 0.008986 12925.069341 91.000000 3.000000 794.000000
 740500.000000 0.000000 2.004684 1.307050 0.008987 12934.826401 91.000000 3.000000 794.000000
 741000.000000 0.000000 2.004841 1.307593 0.008987 12944.583735 91.000000 3.000000 794.000000
 741500.000000 0.000000 2.004997 1.308136 0.008987 12954.341344 91.000000 3.000000 794.000000
 742000.000000 0.000000 2.005153 1.308678 0.008987 12964.099227 91.000000 3.000000 794.000000
 742500.000000 0.000000 2.005309 1.309219 0.008987 12973.857383 91.000000 3.000000 794.000000
 743000.000000 0.000000 2.005465 1.309760 0.008987 12983.615813 91.000000 3.000000 794.000000
 743500.000000 0.000000 2.005621 1.310300 0.008987 12993.374515 91.000000 3.000000 794.000000
 744000.000000 0.000000 2.005776 1.310839 0.008987 13003.133489 91.000000 3.000000 794.000000
 744500.000000 0.000000 2.005931 1.311378 0.008988 13012.892735 91.000000 3.000000 794.000000
 745000.000000 0.000000 2.006085 1.311916 0.008988 13022.652251 91.000000 3.000000 794.000000
 745500.000000 0.000000 2.006240 1.312453 0.008988 13032.412039 91.000000 3.000000 794.000000
 746000.000000 0.000000 2.006394 1.312989 0.008988 13042.172096 91.000000 3.000000 794.000000
 746500.000000 0.000000 2.006548 1.313525 0.008988 13051.932424 91.000000 3.000000 794.000000
 747000.000000 0.000000 2.006701 1.314060 0.008988 13061.693020 91.000000 3.000000 794.000000
 747500.000000 0.000000 2.006855 1.314594 0.008988 13071.453885 91.000000 3.000000 794.000000
 748000.000000 0.000000 2.007008 1.315128 0.008988 13081.215018 91.000000 3.000000 794.000000
 748500.000000 0.000000 2.007161 1.315661 0.008988 13090.976419 91.000000 3.000000 794.000000
 749000.000000 0.000000 2.007313 1.316193 0.008989 13100.738088 91.000000 3.000000 794.000000
 749500.000000 0.000000 2.007465 1.316725 0.008989 13110.500023 91.000000 3.000000 794.000000
 750000.000000 0.000000 2.007618 1.317255 0.008989 13120.262224 91.000000 3.000000 794.000000
 750500.000000 0.000000 2.007769 1.317786 0.008989 13130.024691 91.000000 3.000000 794.000000
 751000.000000 0.000000 2.007921 1.318315 0.008989 13139.787424 91.000000 3.000000 794.000000
 751500.000000 0.000000 2.008072 1.318844 0.008989 13149.550421 91.000000 3.000000 794.000000
 752000.000000 0.000000 2.008223 1.319372 0.008989 13159.313683 91.000000 3.000000 794.000000
 752500.000000 0.000000 2.008374 1.319899 0.008989 13169.077209 91.000000 3.000000 794.000000
 753000.000000 0.000000 2.008525 1.320426 0.008989 13178.840998 91.000000 3.000000 794.000000
 753500.000000 0.000000 2.008675 1.320952 0.008990 13188.605051 91.000000 3.000000 794.000000
 754000.000000 0.000000 2.008825 1.321478 0.008990 13198.369365 91.000000 3.000000 794.000000
 754500.000000 0.000000 2.008975 1.322003 0.008990 13208.133942 91.000000 3.000000 794.000000
 755000.000000 0.000000 2.009125 1.322527 0.008990 13217.898781 91.000000 3.000000 794.000000
 755500.000000 0.000000 2.009274 1.323050 0.008990 13227.663880 91.000000 3.000000 794.000000
 756000.000000 0.000000 2.009423 1.323573 0.008990 13237.429241 91.000000 3.000000 794.000000
 756500.000000 0.000000 2.009572 1.324095 0.008990 13247.194861 91.000000 3.000000 794.000000
 757000.000000 0.000000 2.009720 1.324616 0.008990 13256.960742 91.000000 3.000000 794.000000
 757500.000000 0.000000 2.009869 1.325137 0.008990 13266.726881 91.000000 3.000000 794.000000
 758000.000000 0.000000 2.010017 1.325657 0.008991 13276.493280 91.000000 3.000000 794.000000
 758500.000000 0.000000 2.010165 1.326176 0.008991 13286.259937 91.000000 3.000000 794.000000
 759000.000000 0.000000 2.010312 1.326695 0.008991 13296.026852 91.000000 3.000000 794.000000
 759500.000000 0.000000 2.010460 1.327213 0.008991 13305.794024 91.000000 3.000000 794.000000
 760000.000000 0.000000 2.010607 1.327730 0.008991 13315.561453 91.000000 3.000000 794.000000
 760500.000000 0.000000 2.010754 1.328247 0.008991 13325.329139 91.000000 3.000000 794.000000
 761000.000000 0.000000 2.010901 1.328763 0.008991 13335.097081 91.000000 3.000000 794.000000
 761500.000000 0.000000 2.011047 1.329279 0.008991 13344.865279 91.000000 3.000000 794.000000
 762000.000000 0.000000 2.011193 1.329793 0.008991 13354.633732 91.000000 3.000000 794.000000
 762500.000000 0.000000 2.011339 1.330307 0.008992 13364.402440 91.000000 3.000000 794.000000
 763000.000000 0.000000 2.011485 1.330821 0.008992 13374.171402 91.000000 3.000000 794.000000
 763500.000000 0.000000 2.011630 1.331334 0.008992 13383.940617 91.000000 3.000000 794.000000
 764000.000000 0.000000 2.011774 1.331846 0.008992 13393.709998 91.000000 3.000000 794.000000
 764500.000000 0.000000 2.011919 1.332357 0.008992 13403.479722 91.000000 3.000000 794.000000
 765000.000000 0.000000 2.012062 1.332868 0.008992 13413.249617 91.000000 3.000000 794.000000
 765500.000000 0.000000 2.012183 1.333375 0.008993 13423.024526 91.000000 3.000000 794.000000
 766000.000000 0.000000 2.012321 1.333885 0.008993 13432.795141 91.000000 3.000000 794.000000
 766500.000000 0.053065 2.013111 1.334394 0.008993 13442.565583 91.000000 3.000000 794.000000
 767000.000000 0.000000 2.012597 1.334902 0.008993 13452.336510 91.000000 3.000000 794.000000
 767500.000000 0.000000 2.012740 1.335410 0.008993 13462.107709 91.000000 3.000000 794.000000
 768000.000000 0.000000 2.012878 1.335917 0.008994 13471.879050 91.000000 3.000000 794.000000
 768500.000000 0.000000 2.013018 1.336423 0.008994 13481.650573 91.000000 3.000000 794.000000
 769000.000000 1.101572 1.574537 1.336895 0.008996 13491.444207 91.000000 3.000000 257.000000
 769500.000000 0.000000 2.012726 1.337388 0.009004 13501.231845 91.000000 3.000000 257.000000
 770000.000000 0.060771 2.013447 1.337892 0.009004 13511.004633 91.000000 3.000000 257.000000
 770500.000000 0.094262 2.012797 1.338389 0.009005 13520.788231 91.000000 3.000000 257.000000
 771000.000000 0.403145 1.968665 1.338850 0.009020 13530.618656 91.000000 3.000000 257.000000
 771500.000000 0.150592 2.009205 1.339344 0.009021 13540.405245 91.000000 3.000000 257.000000
 772000.000000 0.045781 2.013110 1.339835 0.009022 13550.196429 91.000000 3.000000 257.000000
 772500.000000 0.000000 2.012557 1.340335 0.009022 13559.972227 91.000000 3.000000 257.000000
 773000.000000 0.131800 2.010517 1.340798 0.009027 13569.789757 91.000000 3.000000 257.000000
 773500.000000 0.275104 1.995094 1.341285 0.009028 13579.583716 91.000000 3.000000 257.000000
 774000.000000 0.151499 2.009423 1.341776 0.009029 13589.371976 91.000000 3.000000 257.000000
 774500.000000 0.000000 2.012656 1.342266 0.009030 13599.159383 91.000000 3.000000 257.000000
 775000.000000 0.000000 2.012793 1.342763 0.009030 13608.936748 91.000000 3.000000 257.000000
 775500.000000 0.000000 2.012933 1.343259 0.009030 13618.714527 91.000000 3.000000 257.000000
 776000.000000 1.023905 1.647716 1.343713 0.009034 13628.532091 91.000000 3.000000 257.000000
 776500.000000 0.000000 2.012252 1.344174 0.009047 13638.349811 91.000000 3.000000 161.000000
 777000.000000 0.000000 2.012392 1.344668 0.009047 13648.129497 91.000000 3.000000 161.000000
 777500.000000 0.000000 2.012531 1.345160 0.009047 13657.909418 91.000000 3.000000 161.000000
 778000.000000 0.000000 2.012669 1.345652 0.009047 13667.689575 91.000000 3.000000 161.000000
 778500.000000 0.000000 2.012808 1.346144 0.009047 13677.469966 91.000000 3.000000 161.000000
 779000.000000 0.000000 2.012946 1.346634 0.009047 13687.250591 91.000000 3.000000 161.000000
 779500.000000 0.000000 2.013084 1.347125 0.009047 13697.031451 91.000000 3.000000 161.000000
 780000.000000 0.000000 2.013222 1.347614 0.009047 13706.812543 91.000000 3.000000 161.000000
 780500.000000 0.480166 1.948526 1.348098 0.009048 13716.601605 91.000000 3.000000 161.000000
 781000.000000 0.000000 2.013468 1.348584 0.009048 13726.386378 91.000000 3.000000 161.000000
 781500.000000 0.000000 2.013604 1.349072 0.009048 13736.168100 91.000000 3.000000 161.000000
 782000.000000 0.000000 2.013736 1.349558 0.009048 13745.951299 91.000000 3.000000 161.000000
 782500.000000 0.000000 2.013866 1.350045 0.009049 13755.733678 91.000000 3.000000 161.000000
 783000.000000 0.000000 2.014001 1.350531 0.009049 13765.516148 91.000000 3.000000 161.000000
 783500.000000 0.074522 2.014546 1.351016 0.009049 13775.298766 91.000000 3.000000 161.000000
 784000.000000 0.000000 2.014265 1.351501 0.009049 13785.081673 91.000000 3.000000 161.000000
 784500.000000 0.051292 2.015085 1.351985 0.009049 13794.864791 91.000000 3.000000 161.000000
 785000.000000 0.000000 2.014524 1.352469 0.009049 13804.648373 91.000000 3.000000 161.000000
 785500.000000 0.051425 2.015347 1.352952 0.009050 13814.431989 91.000000 3.000000 161.000000
 786000.000000 0.000000 2.014791 1.353434 0.009050 13824.215744 91.000000 3.000000 161.000000
 786500.000000 0.000000 2.014919 1.353916 0.009050 13833.999814 91.000000 3.000000 161.000000
 787000.000000 0.000000 2.015049 1.354397 0.009050 13843.783972 91.000000 3.000000 161.000000
 787500.000000 0.000000 2.015182 1.354878 0.009050 13853.568429 91.000000 3.000000 161.000000
 788000.000000 0.000000 2.015316 1.355358 0.009050 13863.353303 91.000000 3.000000 161.000000
 788500.000000 0.000000 2.015449 1.355837 0.009051 13873.138310 91.000000 3.000000 161.000000
 789000.000000 0.000000 2.015582 1.356316 0.009051 13882.923556 91.000000 3.000000 161.000000
 789500.000000 0.000000 2.015716 1.356794 0.009051 13892.709112 91.000000 3.000000 161.000000
 790000.000000 0.000000 2.015848 1.357272 0.009051 13902.494833 91.000000 3.000000 161.000000
 790500.000000 0.000000 2.015974 1.357749 0.009051 13912.280795 91.000000 3.000000 161.000000
 791000.000000 0.000000 2.015765 1.358206 0.009057 13922.088586 91.000000 3.000000 70.000000
 791500.000000 0.062755 2.016477 1.358681 0.009057 13931.875445 91.000000 3.000000 70.000000
 792000.000000 0.644303 1.889523 1.359125 0.009070 13941.696861 91.000000 3.000000 70.000000
 792500.000000 0.345641 1.984186 1.359531 0.009086 13951.554338 91.000000 3.000000 299.000000
 793000.000000 0.398132 1.972378 1.359982 0.009088 13961.375861 91.000000 3.000000 299.000000
 793500.000000 0.000000 2.014639 1.360453 0.009088 13971.168087 91.000000 3.000000 299.000000
 794000.000000 0.000000 2.014771 1.360924 0.009088 13980.958280 91.000000 3.000000 299.000000
 794500.000000 0.000000 2.014902 1.361395 0.009088 13990.748692 91.000000 3.000000 299.000000
 795000.000000 0.000000 2.015034 1.361865 0.009089 14000.539321 91.000000 3.000000 299.000000
 795500.000000 0.000000 2.015165 1.362335 0.009089 14010.330167 91.000000 3.000000 299.000000
 796000.000000 0.000000 2.015296 1.362804 0.009089 14020.121231 91.000000 3.000000 299.000000
 796500.000000 0.000000 2.015427 1.363272 0.009089 14029.912511 91.000000 3.000000 299.000000
 797000.000000 0.000000 2.015558 1.363740 0.009089 14039.704007 91.000000 3.000000 299.000000
 797500.000000 0.000000 2.015688 1.364207 0.009089 14049.495719 91.000000 3.000000 299.000000
 798000.000000 0.000000 2.015818 1.364674 0.009089 14059.287647 91.000000 3.000000 299.000000
 798500.000000 0.000000 2.015948 1.365140 0.009089 14069.079789 91.000000 3.000000 299.000000
 799000.000000 0.000000 2.016078 1.365606 0.009089 14078.872147 91.000000 3.000000 299.000000
 799500.000000 0.000000 2.016208 1.366071 0.009089 14088.664719 91.000000 3.000000 299.000000
 800000.000000 0.000000 2.016337 1.366535 0.009090 14098.457505 91.000000 3.000000 299.000000
 800500.000000 0.000000 2.016466 1.366999 0.009090 14108.250505 91.000000 3.000000 299.000000
 801000.000000 0.000000 2.016595 1.367462 0.009090 14118.043719 91.000000 3.000000 299.000000
 801500.000000 0.000000 2.016724 1.367925 0.009090 14127.837145 91.000000 3.000000 299.000000
 802000.000000 0.000000 2.016853 1.368387 0.009090 14137.630784 91.000000 3.000000 299.000000
 802500.000000 0.000000 2.016981 1.368849 0.009090 14147.424636 91.000000 3.000000 299.000000
 803000.000000 0.000000 2.017110 1.369310 0.009090 14157.218699 91.000000 3.000000 299.000000
 803500.000000 0.000000 2.017238 1.369770 0.009090 14167.012975 91.000000 3.000000 299.000000
 804000.000000 0.000000 2.017365 1.370230 0.009090 14176.807461 91.000000 3.000000 299.000000
 804500.000000 0.000000 2.017493 1.370690 0.009091 14186.602158 91.000000 3.000000 299.000000
 805000.000000 0.000000 2.017621 1.371149 0.009091 14196.397066 91.000000 3.000000 299.000000
 805500.000000 0.000000 2.017748 1.371607 0.009091 14206.192185 91.000000 3.000000 299.000000
 806000.000000 0.000000 2.017875 1.372065 0.009091 14215.987513 91.000000 3.000000 299.000000
 806500.000000 0.000000 2.018002 1.372522 0.009091 14225.783051 91.000000 3.000000 299.000000
 807000.000000 0.000000 2.018128 1.372979 0.009091 14235.578798 91.000000 3.000000 299.000000
 807500.000000 0.000000 2.018255 1.373435 0.009091 14245.374754 91.000000 3.000000 299.000000
 808000.000000 0.000000 2.018381 1.373891 0.009091 14255.170918 91.000000 3.000000 299.000000
 808500.000000 0.000000 2.018507 1.374346 0.009091 14264.967291 91.000000 3.000000 299.000000
 809000.000000 0.000000 2.018633 1.374800 0.009092 14274.763872 91.000000 3.000000 299.000000
 809500.000000 0.000000 2.018759 1.375254 0.009092 14284.560660 91.000000 3.000000 299.000000
 810000.000000 0.000000 2.018885 1.375707 0.009092 14294.357655 91.000000 3.000000 299.000000
 810500.000000 0.000000 2.019010 1.376160 0.009092 14304.154857 91.000000 3.000000 299.000000
 811000.000000 0.000000 2.019135 1.376613 0.009092 14313.952266 91.000000 3.000000 299.000000
 811500.000000 0.000000 2.019260 1.377064 0.009092 14323.749881 91.000000 3.000000 299.000000
 812000.000000 0.000000 2.019385 1.377516 0.009092 14333.547701 91.000000 3.000000 299.000000
 812500.000000 0.000000 2.019509 1.377966 0.009092 14343.345727 91.000000 3.000000 299.000000
 813000.000000 0.000000 2.019634 1.378417 0.009092 14353.143959 91.000000 3.000000 299.000000
 813500.000000 0.000000 2.019758 1.378866 0.009092 14362.942395 91.000000 3.000000 299.000000
 814000.000000 0.000000 2.019882 1.379315 0.009093 14372.741036 91.000000 3.000000 299.000000
 814500.000000 0.000000 2.020006 1.379764 0.009093 14382.539880 91.000000 3.000000 299.000000
 815000.000000 0.000000 2.020130 1.380212 0.009093 14392.338929 91.000000 3.000000 299.000000
 815500.000000 0.000000 2.020253 1.380659 0.009093 14402.138181 91.000000 3.000000 299.000000
 816000.000000 0.000000 2.020376 1.381106 0.009093 14411.937637 91.000000 3.000000 299.000000
 816500.000000 0.000000 2.020500 1.381553 0.009093 14421.737295 91.000000 3.000000 299.000000
 817000.000000 0.000000 2.020622 1.381999 0.009093 14431.537156 91.000000 3.000000 299.000000
 817500.000000 0.000000 2.020745 1.382444 0.009093 14441.337218 91.000000 3.000000 299.000000
 818000.000000 0.000000 2.020868 1.382889 0.009093 14451.137483 91.000000 3.000000 299.000000
 818500.000000 0.000000 2.020990 1.383333 0.009094 14460.937950 91.000000 3.000000 299.000000
 819000.000000 0.000000 2.021112 1.383777 0.009094 14470.738617 91.000000 3.000000 299.000000
 819500.000000 0.000000 2.021234 1.384220 0.009094 14480.539485 91.000000 3.000000 299.000000
 820000.000000 0.000000 2.021356 1.384663 0.009094 14490.340554 91.000000 3.000000 299.000000
 820500.000000 0.000000 2.021478 1.385105 0.009094 14500.141824 91.000000 3.000000 299.000000
 821000.000000 0.000000 2.021599 1.385547 0.009094 14509.943293 91.000000 3.000000 299.000000
 821500.000000 0.000000 2.021721 1.385988 0.009094 14519.744961 91.000000 3.000000 299.000000
 822000.000000 0.000000 2.021842 1.386429 0.009094 14529.546829 91.000000 3.000000 299.000000
 822500.000000 0.000000 2.021963 1.386869 0.009094 14539.348896 91.000000 3.000000 299.000000
 823000.000000 0.000000 2.022084 1.387309 0.009094 14549.151162 91.000000 3.000000 299.000000
 823500.000000 0.000000 2.022204 1.387748 0.009095 14558.953626 91.000000 3.000000 299.000000
 824000.000000 0.000000 2.022324 1.388186 0.009095 14568.756287 91.000000 3.000000 299.000000
 824500.000000 0.000000 2.022445 1.388625 0.009095 14578.559147 91.000000 3.000000 299.000000
 825000.000000 0.000000 2.022565 1.389062 0.009095 14588.362204 91.000000 3.000000 299.000000
 825500.000000 0.000000 2.022685 1.389499 0.009095 14598.165457 91.000000 3.000000 299.000000
 826000.000000 0.000000 2.022804 1.389936 0.009095 14607.968908 91.000000 3.000000 299.000000
 826500.000000 0.000000 2.022924 1.390372 0.009095 14617.772555 91.000000 3.000000 299.000000
 827000.000000 0.000000 2.023043 1.390807 0.009095 14627.576398 91.000000 3.000000 299.000000
 827500.000000 0.000000 2.023162 1.391242 0.009095 14637.380437 91.000000 3.000000 299.000000
 828000.000000 0.000000 2.023281 1.391677 0.009095 14647.184671 91.000000 3.000000 299.000000
 828500.000000 0.000000 2.023400 1.392111 0.009096 14656.989100 91.000000 3.000000 299.000000
 829000.000000 0.000000 2.023519 1.392544 0.009096 14666.793725 91.000000 3.000000 299.000000
 829500.000000 0.000000 2.023637 1.392977 0.009096 14676.598543 91.000000 3.000000 299.000000
 830000.000000 0.000000 2.023756 1.393410 0.009096 14686.403556 91.000000 3.000000 299.000000
 830500.000000 0.000000 2.023874 1.393842 0.009096 14696.208763 91.000000 3.000000 299.000000
 831000.000000 0.000000 2.023992 1.394273 0.009096 14706.014164 91.000000 3.000000 299.000000
 831500.000000 0.000000 2.024109 1.394704 0.009096 14715.819757 91.000000 3.000000 299.000000
 832000.000000 0.000000 2.024227 1.395135 0.009096 14725.625544 91.000000 3.000000 299.000000
 832500.000000 0.000000 2.024344 1.395565 0.009096 14735.431523 91.000000 3.000000 299.000000
 833000.000000 0.000000 2.024462 1.395994 0.009097 14745.237695 91.000000 3.000000 299.000000
 833500.000000 0.000000 2.024579 1.396423 0.009097 14755.044059 91.000000 3.000000 299.000000
 834000.000000 0.000000 2.024696 1.396852 0.009097 14764.850614 91.000000 3.000000 299.000000
 834500.000000 0.000000 2.024813 1.397280 0.009097 14774.657361 91.000000 3.000000 299.000000
 835000.000000 0.000000 2.024929 1.397707 0.009097 14784.464299 91.000000 3.000000 299.000000
 835500.000000 0.000000 2.025046 1.398134 0.009097 14794.271428 91.000000 3.000000 299.000000
 836000.000000 0.000000 2.025162 1.398560 0.009097 14804.078747 91.000000 3.000000 299.000000
 836500.000000 0.000000 2.025278 1.398986 0.009097 14813.886257 91.000000 3.000000 299.000000
 837000.000000 0.000000 2.025394 1.399412 0.009097 14823.693956 91.000000 3.000000 299.000000
 837500.000000 0.000000 2.025510 1.399837 0.009097 14833.501846 91.000000 3.000000 299.000000
 838000.000000 0.000000 2.025625 1.400262 0.009097 14843.309924 91.000000 3.000000 299.000000
 838500.000000 0.000000 2.025740 1.400686 0.009098 14853.118191 91.000000 3.000000 299.000000
 839000.000000 0.000000 2.025856 1.401109 0.009098 14862.926648 91.000000 3.000000 299.000000
 839500.000000 0.000000 2.025971 1.401532 0.009098 14872.735292 91.000000 3.000000 299.000000
 840000.000000 0.000000 2.026086 1.401955 0.009098 14882.544125 91.000000 3.000000 299.000000
 840500.000000 0.000000 2.026200 1.402377 0.009098 14892.353145 91.000000 3.000000 299.000000
 841000.000000 0.000000 2.026315 1.402798 0.009098 14902.162354 91.000000 3.000000 299.000000
 841500.000000 0.000000 2.026429 1.403219 0.009098 14911.971749 91.000000 3.000000 299.000000
 842000.000000 0.000000 2.026544 1.403640 0.009098 14921.781331 91.000000 3.000000 299.000000
 842500.000000 0.000000 2.026658 1.404060 0.009098 14931.591100 91.000000 3.000000 299.000000
 843000.000000 0.000000 2.026772 1.404480 0.009098 14941.401055 91.000000 3.000000 299.000000
 843500.000000 0.000000 2.026875 1.404897 0.009099 14951.214792 91.000000 3.000000 299.000000
 844000.000000 0.000000 2.026983 1.405315 0.009099 14961.025712 91.000000 3.000000 299.000000
 844500.000000 0.785906 1.826351 1.405718 0.009105 14970.853409 91.000000 3.000000 13.000000
 845000.000000 0.000000 2.026851 1.406135 0.009105 14980.666372 91.000000 3.000000 13.000000
 845500.000000 0.000000 2.026963 1.406552 0.009105 14990.477623 91.000000 3.000000 13.000000
 846000.000000 0.000000 2.027075 1.406968 0.009106 15000.289058 91.000000 3.000000 13.000000
 846500.000000 0.000000 2.027188 1.407384 0.009106 15010.100752 91.000000 3.000000 13.000000
 847000.000000 0.000000 2.027300 1.407800 0.009106 15019.912629 91.000000 3.000000 13.000000
 847500.000000 0.308422 2.003454 1.408213 0.009106 15029.727423 91.000000 3.000000 13.000000
 848000.000000 0.000000 2.027068 1.408613 0.009114 15039.560175 91.000000 3.000000 13.000000
 848500.000000 0.000000 2.027160 1.409025 0.009114 15049.376103 91.000000 3.000000 13.000000
 849000.000000 0.000000 2.027262 1.409437 0.009115 15059.192010 91.000000 3.000000 13.000000
 849500.000000 0.356950 1.993608 1.409844 0.009115 15069.014424 91.000000 3.000000 13.000000
 850000.000000 0.071157 2.027767 1.410256 0.009115 15078.827880 91.000000 3.000000 13.000000
 850500.000000 0.000000 2.027564 1.410668 0.009116 15088.641767 91.000000 3.000000 13.000000
 851000.000000 0.000000 2.027658 1.411074 0.009116 15098.463354 91.000000 3.000000 13.000000
 851500.000000 0.000000 2.027768 1.411485 0.009116 15108.277427 91.000000 3.000000 13.000000
 852000.000000 1.414458 1.117262 1.411654 0.009127 15117.961355 91.000000 3.000000 784.000000
 852500.000000 0.224577 2.015899 1.411915 0.009135 15127.811738 91.000000 3.000000 2103.000000
 853000.000000 2.656961 0.281093 1.412123 0.009136 15137.304743 91.000000 4.000000 72.000000
 853500.000000 3.761435 0.204316 1.411531 0.009135 15145.077911 91.000000 4.000000 153.000000
 854000.000000 0.051318 2.026334 1.411813 0.009148 15154.932800 91.000000 3.000000 8386.000000
 854500.000000 0.000000 2.025821 1.412220 0.009149 15164.751176 91.000000 3.000000 8386.000000
 855000.000000 0.000000 2.025902 1.412619 0.009149 15174.579661 91.000000 3.000000 8386.000000
 855500.000000 0.074136 2.026311 1.413026 0.009149 15184.396736 91.000000 3.000000 8386.000000
 856000.000000 0.045403 2.026733 1.413431 0.009150 15194.216209 91.000000 3.000000 8386.000000
 856500.000000 0.109541 2.025308 1.413835 0.009150 15204.035797 91.000000 3.000000 8386.000000
 857000.000000 0.282637 2.006493 1.414210 0.009162 15213.886049 91.000000 3.000000 804.000000
 857500.000000 0.000000 2.025120 1.414285 0.009170 15223.519866 91.000000 3.000000 40.000000
 858000.000000 0.000000 2.025226 1.414688 0.009170 15233.339280 91.000000 3.000000 40.000000
 858500.000000 0.000000 2.025305 1.415084 0.009171 15243.168546 91.000000 3.000000 40.000000
 859000.000000 0.099580 2.024983 1.415487 0.009171 15252.988072 91.000000 3.000000 40.000000
 859500.000000 0.067326 2.025967 1.415889 0.009171 15262.808392 91.000000 3.000000 40.000000
 860000.000000 0.760349 1.839924 1.416231 0.009187 15272.687213 91.000000 3.000000 40.000000
 860500.000000 1.029689 1.649638 1.416367 0.009202 15282.385944 91.000000 3.000000 4127.000000
 861000.000000 0.047151 2.023527 1.416557 0.009219 15292.256256 91.000000 3.000000 6812.000000
 861500.000000 0.376648 1.985195 1.416882 0.009225 15302.123188 91.000000 3.000000 209.000000
 862000.000000 0.430185 1.971310 1.417224 0.009235 15312.007907 91.000000 3.000000 60.000000
 862500.000000 0.000000 2.022170 1.417541 0.009235 15321.850539 91.000000 3.000000 60.000000
 863000.000000 0.000000 2.022277 1.417938 0.009235 15331.675359 91.000000 3.000000 60.000000
 863500.000000 0.638855 1.898187 1.418322 0.009243 15341.517663 91.000000 3.000000 60.000000
 864000.000000 0.000000 2.022053 1.418706 0.009244 15351.360080 91.000000 3.000000 60.000000
 864500.000000 0.058837 2.022798 1.419099 0.009244 15361.189093 91.000000 3.000000 60.000000
 865000.000000 0.000000 2.022242 1.419493 0.009244 15371.016297 91.000000 3.000000 60.000000
 865500.000000 0.246829 2.009100 1.419876 0.009245 15380.859241 91.000000 3.000000 60.000000
 866000.000000 0.000000 2.022394 1.420269 0.009246 15390.685312 91.000000 3.000000 60.000000
 866500.000000 0.000000 2.022501 1.420663 0.009246 15400.511921 91.000000 3.000000 60.000000
 867000.000000 0.000000 2.022606 1.421055 0.009246 15410.338529 91.000000 3.000000 60.000000
 867500.000000 0.000000 2.022709 1.421448 0.009246 15420.165379 91.000000 3.000000 60.000000
 868000.000000 0.221357 2.012899 1.421839 0.009246 15429.994107 91.000000 3.000000 60.000000
 868500.000000 0.000000 2.022898 1.422229 0.009247 15439.822453 91.000000 3.000000 60.000000
 869000.000000 0.000000 2.023004 1.422620 0.009247 15449.649895 91.000000 3.000000 60.000000
 869500.000000 0.000000 2.023106 1.423011 0.009247 15459.477303 91.000000 3.000000 60.000000
 870000.000000 0.000000 2.023206 1.423401 0.009247 15469.305186 91.000000 3.000000 60.000000
 870500.000000 0.134896 2.021274 1.423790 0.009247 15479.133901 91.000000 3.000000 60.000000
 871000.000000 0.000000 2.023404 1.424179 0.009248 15488.961871 91.000000 3.000000 60.000000
 871500.000000 0.542475 1.936313 1.424506 0.009273 15498.869278 91.000000 3.000000 60.000000
 872000.000000 1.801767 0.363776 1.424691 0.009282 15508.577612 91.000000 3.000000 137.000000
 872500.000000 0.138942 2.018640 1.425021 0.009297 15518.466225 91.000000 3.000000 733.000000
 873000.000000 0.093990 2.020875 1.425401 0.009298 15528.306570 91.000000 3.000000 733.000000
 873500.000000 0.298395 1.999887 1.425784 0.009298 15538.142234 91.000000 3.000000 733.000000
 874000.000000 0.236523 2.009412 1.426165 0.009299 15547.980708 91.000000 3.000000 733.000000
 874500.000000 0.000000 2.021120 1.426544 0.009300 15557.821359 91.000000 3.000000 733.000000
 875000.000000 0.079521 2.021599 1.426928 0.009300 15567.654098 91.000000 3.000000 733.000000
 875500.000000 0.000000 2.021311 1.427311 0.009301 15577.487196 91.000000 3.000000 733.000000
 876000.000000 0.207764 2.012888 1.427676 0.009308 15587.343205 91.000000 3.000000 733.000000
 876500.000000 0.000000 2.020763 1.428050 0.009314 15597.187646 91.000000 3.000000 733.000000
 877000.000000 0.000000 2.020854 1.428431 0.009315 15607.022623 91.000000 3.000000 733.000000
 877500.000000 0.000000 2.020948 1.428812 0.009315 15616.856333 91.000000 3.000000 733.000000
 878000.000000 0.000000 2.021052 1.429193 0.009315 15626.690631 91.000000 3.000000 733.000000
 878500.000000 0.000000 2.021155 1.429574 0.009315 15636.525079 91.000000 3.000000 733.000000
 879000.000000 0.000000 2.021257 1.429954 0.009315 15646.359590 91.000000 3.000000 733.000000
 879500.000000 0.000000 2.021360 1.430333 0.009316 15656.194337 91.000000 3.000000 733.000000
 880000.000000 0.000000 2.021463 1.430712 0.009316 15666.029233 91.000000 3.000000 733.000000
 880500.000000 0.000000 2.021566 1.431091 0.009316 15675.864278 91.000000 3.000000 733.000000
 881000.000000 0.000000 2.021669 1.431469 0.009316 15685.699472 91.000000 3.000000 733.000000
 881500.000000 0.000000 2.021772 1.431847 0.009316 15695.534813 91.000000 3.000000 733.000000
 882000.000000 0.000000 2.021874 1.432225 0.009316 15705.370303 91.000000 3.000000 733.000000
 882500.000000 0.000000 2.021975 1.432602 0.009316 15715.205897 91.000000 3.000000 733.000000
 883000.000000 0.000000 2.022071 1.432978 0.009316 15725.041678 91.000000 3.000000 733.000000
 883500.000000 0.158682 2.018590 1.433354 0.009317 15734.877866 91.000000 3.000000 733.000000
 884000.000000 0.195443 2.015359 1.433720 0.009318 15744.728749 91.000000 3.000000 733.000000
 884500.000000 0.074892 2.022742 1.434075 0.009319 15754.592823 91.000000 3.000000 733.000000
 885000.000000 0.062564 2.023019 1.434450 0.009319 15764.429657 91.000000 3.000000 733.000000
 885500.000000 0.304550 2.000476 1.434732 0.009316 15774.113515 91.000000 3.000000 73.000000
 886000.000000 1.620828 0.367033 1.434403 0.009287 15782.798042 91.000000 4.000000 200.000000
 886500.000000 1.328201 1.294021 1.433977 0.009271 15791.224100 91.000000 3.000000 190.000000
 887000.000000 11.403505 -0.218845 1.433481 0.009249 15799.311221 91.000000 3.000000 3.000000
 887500.000000 9.471908 -0.210756 1.432852 0.009248 15806.729832 91.000000 3.000000 46.000000
 888000.000000 3.727574 0.205178 1.432265 0.009247 15814.405566 91.000000 3.000000 96.000000
 888500.000000 2.106511 0.382597 1.431791 0.009212 15822.707193 91.000000 4.000000 400.000000
 889000.000000 1.336751 1.285736 1.431549 0.009194 15831.633244 91.000000 3.000000 114.000000
 889500.000000 3.038384 0.240384 1.431304 0.009176 15840.485349 91.000000 3.000000 91.000000
 890000.000000 6.244233 -0.074615 1.430756 0.009169 15848.386089 91.000000 3.000000 359.000000
 890500.000000 6.744002 -0.122810 1.430119 0.009169 15855.740709 91.000000 3.000000 101.000000
 891000.000000 9.645549 -0.156549 1.429466 0.009168 15862.988488 91.000000 3.000000 18.000000
 891500.000000 12.478505 -0.185267 1.428803 0.009166 15870.162884 91.000000 3.000000 43.000000
 892000.000000 12.925760 -0.233153 1.428142 0.009166 15877.348250 91.000000 4.000000 31.000000
 892500.000000 19.270262 -0.211591 1.427466 0.009165 15884.429840 91.000000 4.000000 19.000000
 893000.000000 21.387317 -0.276920 1.426782 0.009165 15891.452781 91.000000 4.000000 25.000000
 893500.000000 12.765802 -0.189407 1.426118 0.009164 15898.611433 91.000000 3.000000 46.000000
 894000.000000 4.356981 0.155297 1.425493 0.009163 15906.021797 91.000000 3.000000 353.000000
 894500.000000 4.279860 0.179638 1.424929 0.009162 15913.810704 91.000000 3.000000 55.000000
 895000.000000 6.691012 -0.085257 1.424362 0.009161 15921.576782 91.000000 3.000000 142.000000
 895500.000000 3.909783 0.242312 1.423814 0.009160 15929.451793 91.000000 3.000000 58.000000
 896000.000000 1.099400 1.591234 1.423586 0.009167 15938.184510 91.000000 3.000000 1089.000000
 896500.000000 0.922710 1.742496 1.423356 0.009149 15947.270092 91.000000 3.000000 3475.000000
 897000.000000 1.252563 1.417511 1.423044 0.009111 15956.168457 91.000000 3.000000 210.000000
 897500.000000 1.209874 1.474390 1.422754 0.009097 15965.095709 91.000000 3.000000 296.000000
 898000.000000 1.357127 1.257269 1.423008 0.009119 15975.000244 91.000000 3.000000 408.000000
 898500.000000 1.028929 1.662231 1.422598 0.009097 15983.467924 91.000000 3.000000 557.000000
 899000.000000 1.564238 0.696633 1.422227 0.009080 15992.100316 91.000000 3.000000 126.000000
 899500.000000 5.542694 0.044436 1.421775 0.009079 16000.321545 91.000000 3.000000 29.000000
 900000.000000 2.085951 0.455269 1.421689 0.009077 16009.513762 91.000000 4.000000 300.000000
 900500.000000 6.586370 -0.059467 1.421262 0.009075 16017.903979 91.000000 3.000000 38.000000
 901000.000000 1.387486 1.207545 1.420749 0.009074 16025.886031 91.000000 4.000000 65.000000
 901500.000000 3.131638 0.308082 1.420280 0.009064 16034.188116 91.000000 4.000000 28.000000
 902000.000000 1.507534 0.920737 1.419836 0.009056 16042.604284 91.000000 4.000000 29.000000
 902500.000000 1.927596 0.491706 1.419517 0.009032 16051.393598 91.000000 3.000000 302.000000
 903000.000000 0.589299 1.927918 1.419767 0.009058 16061.323985 91.000000 3.000000 100.000000
 903500.000000 2.210022 0.478973 1.419660 0.009055 16070.622769 91.000000 4.000000 170.000000
 904000.000000 1.781043 0.509693 1.419397 0.009039 16079.561022 91.000000 3.000000 260.000000
 904500.000000 1.356923 1.273339 1.419294 0.009026 16088.758290 91.000000 3.000000 10709.000000
 905000.000000 1.778026 0.518984 1.419459 0.009031 16098.513928 91.000000 4.000000 270.000000
 905500.000000 0.850766 1.799080 1.419334 0.009030 16107.792071 91.000000 3.000000 313.000000
 906000.000000 4.211370 0.255132 1.418895 0.009015 16116.137552 91.000000 3.000000 230.000000
 906500.000000 5.728953 0.052416 1.418287 0.009014 16123.605002 91.000000 3.000000 70.000000
 907000.000000 2.261274 0.498208 1.417746 0.009013 16131.472660 91.000000 3.000000 323.000000
 907500.000000 8.218454 -0.062906 1.417127 0.009012 16138.856230 91.000000 3.000000 37.000000
 908000.000000 5.553901 0.086330 1.416506 0.009011 16146.231505 91.000000 3.000000 126.000000
 908500.000000 4.936910 0.119736 1.415944 0.009010 16153.972732 91.000000 3.000000 166.000000
 909000.000000 6.487954 0.021029 1.415349 0.009010 16161.505775 91.000000 3.000000 18.000000
 909500.000000 9.787066 -0.089454 1.414765 0.009009 16169.102813 91.000000 4.000000 108.000000
 910000.000000 11.026651 -0.118815 1.414136 0.009008 16176.414244 91.000000 3.000000 26.000000
 910500.000000 8.232151 -0.032736 1.413523 0.009007 16183.829723 91.000000 4.000000 12.000000
 911000.000000 7.011201 -0.061325 1.412922 0.009006 16191.316842 91.000000 3.000000 24.000000
 911500.000000 12.375523 -0.115671 1.412289 0.009005 16198.589093 91.000000 3.000000 42.000000
 912000.000000 12.871110 -0.185290 1.411639 0.009005 16205.739078 91.000000 3.000000 9.000000
 912500.000000 22.945701 -0.288493 1.410975 0.009004 16212.796049 91.000000 4.000000 14.000000
 913000.000000 10.842101 -0.066537 1.410323 0.009003 16219.927415 91.000000 3.000000 40.000000
 913500.000000 10.131484 -0.023787 1.409697 0.009002 16227.235658 91.000000 3.000000 32.000000
 914000.000000 12.120654 -0.079276 1.409078 0.009002 16234.591672 91.000000 3.000000 53.000000
 914500.000000 10.033622 -0.020630 1.408458 0.009001 16241.932869 91.000000 3.000000 204.000000
 915000.000000 12.259912 -0.068059 1.407836 0.009001 16249.261394 91.000000 3.000000 40.000000
 915500.000000 4.116975 0.285462 1.407252 0.009000 16256.828987 91.000000 3.000000 290.000000
 916000.000000 2.053374 0.522123 1.406807 0.008988 16265.211498 91.000000 3.000000 2064.000000
 916500.000000 1.716321 0.533056 1.406474 0.008982 16273.920658 91.000000 4.000000 872.000000
 917000.000000 10.236667 -0.000403 1.405989 0.008977 16282.013875 91.000000 3.000000 167.000000
 917500.000000 4.076413 0.303978 1.405412 0.008976 16289.620516 91.000000 3.000000 47.000000
 918000.000000 4.168634 0.298546 1.404872 0.008976 16297.456402 91.000000 3.000000 93.000000
 918500.000000 18.660989 -0.200902 1.404269 0.008975 16304.891999 91.000000 4.000000 20.000000
 919000.000000 21.568276 -0.309732 1.403649 0.008974 16312.210558 91.000000 3.000000 16.000000
 919500.000000 13.150042 -0.160727 1.403024 0.008973 16319.496061 91.000000 4.000000 21.000000
 920000.000000 17.633218 -0.168965 1.402395 0.008972 16326.749474 91.000000 4.000000 5.000000
 920500.000000 25.307660 -0.329174 1.401722 0.008971 16333.691988 91.000000 4.000000 7.000000
 921000.000000 21.864947 -0.309771 1.401047 0.008971 16340.619625 91.000000 3.000000 74.000000
 921500.000000 23.531343 -0.320106 1.400387 0.008970 16347.648261 91.000000 4.000000 24.000000
 922000.000000 17.904706 -0.197161 1.399752 0.008970 16354.846441 91.000000 4.000000 53.000000
 922500.000000 18.865253 -0.156164 1.399105 0.008969 16361.961345 91.000000 4.000000 25.000000
 923000.000000 27.995747 -0.313133 1.398443 0.008968 16368.965391 91.000000 4.000000 39.000000
 923500.000000 32.345609 -0.333946 1.397762 0.008967 16375.825858 91.000000 3.000000 3.000000
 924000.000000 31.764160 -0.332149 1.397076 0.008967 16382.652585 91.000000 3.000000 7.000000
 924500.000000 29.864939 -0.345309 1.396397 0.008966 16389.524023 91.000000 4.000000 131.000000
 925000.000000 36.349091 -0.398140 1.395719 0.008965 16396.399486 91.000000 3.000000 6.000000
 925500.000000 39.983556 -0.429139 1.395015 0.008964 16403.075009 91.000000 3.000000 4.000000
 926000.000000 69.013488 -0.898694 1.394221 0.008964 16409.034929 91.000000 3.000000 15.000000
 926500.000000 65.196613 -0.788187 1.393381 0.008962 16414.590786 91.000000 3.000000 12.000000
 927000.000000 67.480024 -1.054160 1.392543 0.008876 16420.156913 92.000000 4.000000 8.000000
 927500.000000 78.177784 -1.180209 1.391687 0.008876 16425.557337 92.000000 3.000000 6.000000
 928000.000000 44.057558 -0.515434 1.390893 0.008876 16431.484337 92.000000 3.000000 7.000000
 928500.000000 58.738741 -0.699866 1.390147 0.008876 16437.808705 92.000000 4.000000 10.000000
 929000.000000 74.463001 -0.994743 1.389367 0.008875 16443.846534 92.000000 3.000000 3.000000
 929500.000000 67.948099 -0.892793 1.388536 0.008876 16449.456267 92.000000 4.000000 3.000000
 930000.000000 82.003867 -1.057596 1.387694 0.008876 16454.959719 92.000000 4.000000 6.000000
 930500.000000 75.765195 -1.011210 1.386885 0.008875 16460.746979 92.000000 3.000000 2.000000
 931000.000000 98.440672 -1.112226 1.386060 0.008876 16466.389362 92.000000 4.000000 10.000000
 931500.000000 102.699634 -1.204145 1.385214 0.008876 16471.846518 92.000000 4.000000 25.000000
 932000.000000 102.172600 -1.174382 1.384365 0.008876 16477.276466 92.000000 3.000000 3.000000
 932500.000000 80.980807 -1.164615 1.383532 0.008877 16482.835531 92.000000 3.000000 11.000000
 933000.000000 81.276611 -1.039284 1.382698 0.008877 16488.383298 92.000000 3.000000 2.000000
 933500.000000 65.109507 -0.754460 1.381877 0.008878 16494.041120 92.000000 3.000000 5.000000
 934000.000000 65.507615 -0.724644 1.381079 0.008962 16499.887950 91.000000 3.000000 2.000000
 934500.000000 62.652596 -0.809332 1.380283 0.008961 16505.750222 91.000000 4.000000 12.000000
 935000.000000 62.693948 -0.802905 1.379517 0.008961 16511.855883 91.000000 4.000000 9.000000
 935500.000000 68.868242 -0.769726 1.378745 0.008961 16517.919265 91.000000 3.000000 15.000000
 936000.000000 67.253544 -1.014341 1.377966 0.008960 16523.909600 91.000000 3.000000 8.000000
 936500.000000 90.663211 -1.069852 1.377146 0.008960 16529.547214 91.000000 3.000000 4.000000
 937000.000000 104.578541 -0.990145 1.376283 0.008959 16534.795168 91.000000 4.000000 2.000000
 937500.000000 117.806828 -1.300408 1.375405 0.008959 16539.900140 91.000000 4.000000 22.000000
 938000.000000 112.513306 -1.066613 1.374542 0.008959 16545.135341 91.000000 4.000000 3.000000
 938500.000000 126.912292 -1.104990 1.373667 0.008958 16550.252676 91.000000 4.000000 8.000000
 939000.000000 94.819213 -1.070859 1.372818 0.008958 16555.610111 91.000000 3.000000 7.000000
 939500.000000 79.548970 -1.194489 1.371987 0.008957 16561.122348 91.000000 4.000000 10.000000
 940000.000000 90.589369 -1.048808 1.371172 0.008956 16566.766124 91.000000 3.000000 3.000000
 940500.000000 72.787079 -0.799944 1.370366 0.008955 16572.485834 91.000000 3.000000 3.000000
 941000.000000 78.638758 -0.936309 1.369560 0.008954 16578.208200 91.000000 4.000000 18.000000
 941500.000000 80.672528 -1.054847 1.368756 0.008953 16583.935661 91.000000 3.000000 3.000000
 942000.000000 73.112913 -0.816671 1.367968 0.008953 16589.798012 91.000000 3.000000 12.000000
 942500.000000 61.305933 -0.843434 1.367178 0.008953 16595.642653 91.000000 4.000000 21.000000
 943000.000000 74.318242 -0.827997 1.366406 0.008953 16601.639496 91.000000 3.000000 14.000000
 943500.000000 85.510207 -1.040857 1.365596 0.008951 16607.295734 91.000000 3.000000 6.000000
 944000.000000 60.148650 -0.831115 1.364825 0.008951 16613.286138 91.000000 4.000000 22.000000
 944500.000000 132.268667 -1.327055 1.364047 0.008950 16619.209723 91.000000 3.000000 5.000000
 945000.000000 105.189006 -0.886124 1.363229 0.008950 16624.785853 91.000000 3.000000 36.000000
 945500.000000 95.473527 -1.239753 1.362433 0.008949 16630.549207 91.000000 3.000000 9.000000
 946000.000000 91.938453 -0.862781 1.361633 0.008949 16636.267353 91.000000 4.000000 14.000000
 946500.000000 95.214592 -1.103025 1.360824 0.008860 16641.908931 92.000000 4.000000 3.000000
 947000.000000 107.504646 -1.115067 1.359994 0.008860 16647.352791 92.000000 3.000000 2.000000
 947500.000000 93.991011 -0.962577 1.359181 0.008859 16652.948448 92.000000 4.000000 4.000000
 948000.000000 73.234920 -0.740883 1.358427 0.008859 16659.047354 92.000000 3.000000 13.000000
 948500.000000 80.694111 -0.890489 1.357660 0.008858 16665.028931 92.000000 3.000000 4.000000
 949000.000000 68.274644 -0.651255 1.356867 0.008859 16670.789857 92.000000 3.000000 16.000000
 949500.000000 66.561152 -0.732279 1.356129 0.008858 16677.010188 92.000000 3.000000 1.000000
 950000.000000 50.709178 -0.576583 1.355395 0.008857 16683.257189 92.000000 4.000000 35.000000
 950500.000000 63.322654 -0.844904 1.354657 0.008857 16689.465118 92.000000 3.000000 8.000000
 951000.000000 54.833221 -0.682134 1.353915 0.008856 16695.647706 92.000000 3.000000 13.000000
 951500.000000 46.822552 -0.585121 1.353184 0.008856 16701.907606 92.000000 4.000000 10.000000
 952000.000000 55.191401 -0.682702 1.352502 0.008855 16708.548609 92.000000 3.000000 5.000000
 952500.000000 45.430593 -0.533924 1.351800 0.008855 16715.040286 92.000000 3.000000 17.000000
 953000.000000 52.680816 -0.588159 1.351113 0.008854 16721.633936 92.000000 3.000000 5.000000
 953500.000000 41.987719 -0.377026 1.350440 0.008853 16728.341323 92.000000 3.000000 16.000000
 954000.000000 39.115067 -0.344854 1.349765 0.008852 16735.027436 92.000000 3.000000 5.000000
 954500.000000 59.460406 -0.705289 1.349077 0.008852 16741.610039 92.000000 4.000000 4.000000
 955000.000000 71.238774 -0.701840 1.348356 0.008851 16747.925122 92.000000 3.000000 8.000000
 955500.000000 37.460297 -0.336325 1.347652 0.008850 16754.376351 92.000000 3.000000 6.000000
 956000.000000 32.776606 -0.317543 1.347010 0.008850 16761.303730 92.000000 3.000000 2.000000
 956500.000000 39.809622 -0.396770 1.346373 0.008850 16768.266171 92.000000 3.000000 14.000000
 957000.000000 36.221114 -0.338177 1.345738 0.008849 16775.235031 92.000000 3.000000 5.000000
 957500.000000 27.808504 -0.274563 1.345109 0.008849 16782.249239 92.000000 4.000000 49.000000
 958000.000000 28.123975 -0.299991 1.344492 0.008848 16789.352633 92.000000 4.000000 14.000000
 958500.000000 46.596618 -0.549853 1.343852 0.008847 16796.275549 92.000000 3.000000 8.000000
 959000.000000 41.101685 -0.413747 1.343218 0.008847 16803.245047 92.000000 3.000000 24.000000
 959500.000000 44.356786 -0.427603 1.342530 0.008846 16809.794279 92.000000 3.000000 9.000000
 960000.000000 45.704604 -0.567861 1.341838 0.008845 16816.307201 92.000000 3.000000 68.000000
 960500.000000 48.941470 -0.493386 1.341141 0.008845 16822.783769 92.000000 2.000000 7.000000
 961000.000000 49.903939 -0.468212 1.340457 0.008844 16829.353294 92.000000 3.000000 14.000000
 961500.000000 50.978906 -0.481077 1.339755 0.008844 16835.779506 92.000000 3.000000 46.000000
 962000.000000 51.054989 -0.471504 1.339094 0.008844 16842.518582 92.000000 3.000000 1.000000
 962500.000000 47.354737 -0.540632 1.338442 0.008843 16849.329036 92.000000 3.000000 11.000000
 963000.000000 43.404445 -0.393205 1.337800 0.008843 16856.213215 92.000000 3.000000 35.000000
 963500.000000 49.506853 -0.468829 1.337154 0.008842 16863.068021 92.000000 3.000000 33.000000
 964000.000000 55.911094 -0.672249 1.336460 0.008841 16869.536982 92.000000 3.000000 6.000000
 964500.000000 48.413319 -0.507534 1.335762 0.008841 16875.970260 92.000000 3.000000 3.000000
 965000.000000 52.452388 -0.513092 1.335081 0.008840 16882.534311 92.000000 3.000000 39.000000
 965500.000000 47.234639 -0.481778 1.334423 0.008840 16889.281978 92.000000 4.000000 8.000000
 966000.000000 48.045754 -0.526470 1.333761 0.008839 16895.996040 92.000000 3.000000 14.000000
 966500.000000 31.138770 -0.293451 1.333137 0.008838 16902.989142 92.000000 3.000000 10.000000
 967000.000000 45.094638 -0.378077 1.332494 0.008837 16909.841949 92.000000 3.000000 14.000000
 967500.000000 45.177622 -0.377283 1.331869 0.008836 16916.825170 92.000000 3.000000 39.000000
 968000.000000 45.099981 -0.360100 1.331251 0.008835 16923.857851 92.000000 3.000000 24.000000
 968500.000000 48.829298 -0.437315 1.330606 0.008835 16930.686801 92.000000 2.000000 39.000000
 969000.000000 51.179113 -0.408135 1.329956 0.008834 16937.472713 92.000000 3.000000 10.000000
 969500.000000 53.386390 -0.504072 1.329297 0.008834 16944.182775 92.000000 3.000000 37.000000
 970000.000000 70.250122 -0.744706 1.328581 0.008832 16950.433005 92.000000 3.000000 3.000000
 970500.000000 83.611711 -0.807092 1.327815 0.008832 16956.241891 92.000000 4.000000 2.000000
 971000.000000 58.573601 -0.586797 1.327073 0.008832 16962.260026 92.000000 4.000000 12.000000
 971500.000000 39.671883 -0.322096 1.326425 0.008831 16969.036573 92.000000 3.000000 7.000000
 972000.000000 37.285007 -0.263875 1.325816 0.008831 16976.115784 92.000000 3.000000 24.000000
 972500.000000 43.870986 -0.411876 1.325204 0.008830 16983.162905 92.000000 3.000000 8.000000
 973000.000000 39.427889 -0.278863 1.324591 0.008829 16990.204789 92.000000 3.000000 34.000000
 973500.000000 43.021486 -0.297009 1.323972 0.008828 16997.196272 92.000000 3.000000 5.000000
 974000.000000 38.002035 -0.223694 1.323361 0.008828 17004.245986 92.000000 3.000000 45.000000
 974500.000000 38.859977 -0.242619 1.322750 0.008827 17011.288975 92.000000 3.000000 7.000000
 975000.000000 43.273534 -0.306805 1.322135 0.008826 17018.305075 92.000000 2.000000 38.000000
 975500.000000 29.766573 -0.281390 1.321528 0.008826 17025.375807 92.000000 4.000000 39.000000
 976000.000000 33.871851 -0.231150 1.320927 0.008825 17032.485820 92.000000 3.000000 18.000000
 976500.000000 36.020377 -0.226779 1.320328 0.008824 17039.610830 92.000000 3.000000 5.000000
 977000.000000 26.290981 -0.246629 1.319732 0.008824 17046.750030 92.000000 3.000000 115.000000
 977500.000000 41.572303 -0.237509 1.319132 0.008823 17053.865708 92.000000 3.000000 35.000000
 978000.000000 56.950566 -0.584657 1.318503 0.008822 17060.747127 92.000000 4.000000 8.000000
 978500.000000 44.961006 -0.296378 1.317873 0.008822 17067.629044 92.000000 4.000000 4.000000
 979000.000000 49.975625 -0.350902 1.317222 0.008821 17074.339878 92.000000 3.000000 4.000000
 979500.000000 41.290254 -0.256463 1.316614 0.008821 17081.376702 92.000000 2.000000 15.000000
 980000.000000 47.116002 -0.394786 1.315934 0.008820 17087.851025 92.000000 3.000000 5.000000
 980500.000000 44.788608 -0.269799 1.315250 0.008820 17094.281441 92.000000 4.000000 4.000000
 981000.000000 42.357264 -0.216585 1.314630 0.008819 17101.224018 92.000000 3.000000 20.000000
 981500.000000 47.309975 -0.393712 1.314014 0.008819 17108.190198 92.000000 3.000000 17.000000
 982000.000000 55.784087 -0.593386 1.313377 0.008818 17114.987582 92.000000 3.000000 3.000000
 982500.000000 70.991507 -0.722263 1.312712 0.008818 17121.572136 92.000000 3.000000 7.000000
 983000.000000 36.115418 -0.223465 1.312050 0.008818 17128.153682 92.000000 3.000000 53.000000
 983500.000000 40.478000 -0.265999 1.311461 0.008817 17135.311607 92.000000 2.000000 5.000000
 984000.000000 35.723828 -0.208098 1.310875 0.008816 17142.493695 92.000000 2.000000 21.000000
 984500.000000 35.300815 -0.212884 1.310281 0.008815 17149.604186 92.000000 3.000000 3.000000
 985000.000000 28.327552 -0.308304 1.309694 0.008815 17156.773052 92.000000 4.000000 25.000000
 985500.000000 36.023676 -0.193684 1.309110 0.008814 17163.956106 92.000000 3.000000 6.000000
 986000.000000 35.675418 -0.185074 1.308528 0.008813 17171.152991 92.000000 3.000000 10.000000
 986500.000000 24.935813 -0.287542 1.307936 0.008812 17178.271595 92.000000 4.000000 26.000000
 987000.000000 50.218783 -0.351632 1.307351 0.008812 17185.441874 92.000000 3.000000 8.000000
 987500.000000 56.746636 -0.539558 1.306715 0.008811 17192.217702 92.000000 4.000000 11.000000
 988000.000000 31.199312 -0.224863 1.306134 0.008811 17199.407128 92.000000 3.000000 17.000000
 988500.000000 19.965705 -0.255554 1.305552 0.008811 17206.590280 92.000000 4.000000 4.000000
 989000.000000 13.628184 -0.146267 1.304977 0.008810 17213.825762 92.000000 4.000000 34.000000
 989500.000000 6.592422 0.030168 1.304453 0.008809 17221.410829 92.000000 3.000000 20.000000
 990000.000000 3.708088 0.306414 1.304002 0.008808 17229.376823 92.000000 3.000000 949.000000
 990500.000000 6.749365 0.023150 1.303508 0.008807 17237.154724 92.000000 3.000000 20.000000
 991000.000000 8.047798 0.013934 1.303015 0.008806 17244.934998 92.000000 3.000000 81.000000
 991500.000000 1.408115 1.151265 1.302551 0.008805 17252.817610 92.000000 3.000000 1038.000000
 992000.000000 1.160688 1.510855 1.302399 0.008795 17261.997373 92.000000 3.000000 2300.000000
 992500.000000 0.133741 1.994778 1.302782 0.008800 17271.808108 92.000000 3.000000 2300.000000
 993000.000000 0.248533 1.983790 1.303101 0.008808 17281.686082 92.000000 3.000000 88.000000
 993500.000000 0.000000 1.995565 1.303498 0.008809 17291.473267 92.000000 3.000000 2988.000000
 994000.000000 0.049849 1.996730 1.303900 0.008809 17301.251193 92.000000 3.000000 2988.000000
 994500.000000 0.000000 1.995799 1.304298 0.008809 17311.035591 92.000000 3.000000 2988.000000
 995000.000000 0.000000 1.995922 1.304697 0.008809 17320.816036 92.000000 3.000000 2988.000000
 995500.000000 0.778660 1.809525 1.305067 0.008821 17330.643188 92.000000 3.000000 2988.000000
 996000.000000 0.000000 1.995479 1.305463 0.008821 17340.429392 92.000000 3.000000 91.000000
 996500.000000 0.000000 1.995610 1.305862 0.008821 17350.209400 92.000000 3.000000 91.000000
 997000.000000 0.000000 1.995741 1.306261 0.008821 17359.989564 92.000000 3.000000 91.000000
 997500.000000 0.000000 1.995871 1.306659 0.008822 17369.769884 92.000000 3.000000 91.000000
 998000.000000 0.000000 1.996002 1.307057 0.008822 17379.550358 92.000000 3.000000 91.000000
 998500.000000 0.000000 1.996132 1.307454 0.008822 17389.330988 92.000000 3.000000 91.000000
 999000.000000 0.000000 1.996262 1.307851 0.008822 17399.111772 92.000000 3.000000 91.000000
 999500.000000 0.000000 1.996392 1.308248 0.008822 17408.892712 92.000000 3.000000 91.000000
 1000000.000000 0.000000 1.996522 1.308644 0.008822 17418.673805 92.000000 3.000000 91.000000
 1000500.000000 0.000000 1.996652 1.309040 0.008822 17428.455054 92.000000 3.000000 91.000000
 1001000.000000 0.000000 1.996781 1.309436 0.008822 17438.236456 92.000000 3.000000 91.000000
 1001500.000000 0.000000 1.996911 1.309831 0.008822 17448.018013 92.000000 3.000000 91.000000
 1002000.000000 0.000000 1.997040 1.310226 0.008822 17457.799724 92.000000 3.000000 91.000000
 1002500.000000 0.000000 1.997169 1.310621 0.008822 17467.581588 92.000000 3.000000 91.000000
 1003000.000000 0.000000 1.997298 1.311015 0.008822 17477.363606 92.000000 3.000000 91.000000
 1003500.000000 0.000000 1.997426 1.311409 0.008822 17487.145778 92.000000 3.000000 91.000000
 1004000.000000 0.000000 1.997555 1.311802 0.008823 17496.928103 92.000000 3.000000 91.000000
 1004500.000000 0.000000 1.997683 1.312195 0.008823 17506.710582 92.000000 3.000000 91.000000
 1005000.000000 0.000000 1.997811 1.312588 0.008823 17516.493213 92.000000 3.000000 91.000000
 1005500.000000 0.000000 1.997939 1.312980 0.008823 17526.275997 92.000000 3.000000 91.000000
 1006000.000000 0.000000 1.998066 1.313372 0.008823 17536.058796 92.000000 3.000000 91.000000
 1006500.000000 0.000000 1.998180 1.313762 0.008823 17545.846437 92.000000 3.000000 91.000000
 1007000.000000 0.000000 1.998235 1.314128 0.008824 17555.674565 92.000000 3.000000 91.000000
 1007500.000000 0.340888 1.970830 1.314358 0.008834 17565.504916 92.000000 3.000000 17.000000
 1008000.000000 4.986414 0.118531 1.314071 0.008836 17573.872469 92.000000 3.000000 139.000000
 1008500.000000 1.815337 0.514685 1.313653 0.008824 17582.074410 92.000000 4.000000 1139.000000
 1009000.000000 15.648224 -0.107078 1.313162 0.008823 17589.819016 92.000000 4.000000 19.000000
 1009500.000000 13.785046 -0.141968 1.312614 0.008823 17597.171501 92.000000 4.000000 9.000000
 1010000.000000 19.857194 -0.215883 1.312050 0.008822 17604.402349 92.000000 3.000000 30.000000
 1010500.000000 16.531208 -0.194748 1.311518 0.008822 17611.862689 92.000000 3.000000 10.000000
 1011000.000000 24.563057 -0.233299 1.310954 0.008821 17619.083794 92.000000 4.000000 41.000000
 1011500.000000 6.063333 0.104580 1.310431 0.008821 17626.604652 92.000000 3.000000 60.000000
 1012000.000000 8.484467 0.023540 1.309925 0.008821 17634.239152 92.000000 3.000000 78.000000
 1012500.000000 7.629374 0.003083 1.309478 0.008820 17642.255577 92.000000 4.000000 19.000000
 1013000.000000 6.471435 0.088581 1.309004 0.008819 17650.100736 92.000000 3.000000 70.000000
 1013500.000000 0.844619 1.770937 1.308673 0.008826 17658.309807 92.000000 3.000000 495.000000
 1014000.000000 5.277002 0.156355 1.308315 0.008820 17666.562087 92.000000 3.000000 160.000000
 1014500.000000 2.681348 0.413669 1.307992 0.008821 17675.079452 92.000000 3.000000 190.000000
 1015000.000000 6.869930 0.049524 1.307651 0.008815 17683.575233 92.000000 3.000000 11.000000
 1015500.000000 6.267314 0.130979 1.307174 0.008814 17691.394490 92.000000 4.000000 45.000000
 1016000.000000 3.441047 0.316111 1.306789 0.008814 17699.669173 92.000000 3.000000 18.000000
 1016500.000000 3.591641 0.326736 1.306707 0.008826 17708.869328 92.000000 3.000000 671.000000
 1017000.000000 10.072268 0.031730 1.306229 0.008825 17716.668767 92.000000 3.000000 27.000000
 1017500.000000 12.992046 -0.163067 1.305754 0.008824 17724.488085 92.000000 3.000000 113.000000
 1018000.000000 5.601669 0.156442 1.305255 0.008823 17732.145237 92.000000 3.000000 34.000000
 1018500.000000 10.276842 0.045299 1.304795 0.008823 17740.060969 92.000000 4.000000 123.000000
 1019000.000000 11.586574 -0.043826 1.304301 0.008822 17747.756574 92.000000 4.000000 40.000000
 1019500.000000 9.962201 0.049993 1.303790 0.008822 17755.323205 92.000000 3.000000 17.000000
 1020000.000000 25.602656 -0.239207 1.303244 0.008821 17762.639502 92.000000 4.000000 6.000000
 1020500.000000 21.174716 -0.195894 1.302743 0.008820 17770.274132 92.000000 4.000000 10.000000
 1021000.000000 18.995288 -0.134655 1.302189 0.008820 17777.532955 92.000000 4.000000 17.000000
 1021500.000000 20.721224 -0.154389 1.301640 0.008820 17784.819129 92.000000 4.000000 12.000000
 1022000.000000 15.084468 -0.167009 1.301095 0.008820 17792.133692 92.000000 4.000000 118.000000
 1022500.000000 28.138966 -0.261557 1.300550 0.008819 17799.453033 92.000000 4.000000 17.000000
 1023000.000000 17.543990 -0.127217 1.300008 0.008818 17806.784161 92.000000 4.000000 29.000000
 1023500.000000 19.385065 -0.106197 1.299482 0.008818 17814.237314 92.000000 4.000000 9.000000
 1024000.000000 17.114169 -0.117635 1.298943 0.008818 17821.587491 92.000000 3.000000 38.000000
 1024500.000000 11.150223 -0.056755 1.298449 0.008817 17829.254738 92.000000 4.000000 198.000000
 1025000.000000 14.280079 -0.108430 1.297948 0.008816 17836.877036 92.000000 4.000000 35.000000
 1025500.000000 12.376065 -0.023497 1.297440 0.008816 17844.446346 92.000000 4.000000 30.000000
 1026000.000000 5.873718 0.169043 1.296960 0.008815 17852.200724 92.000000 3.000000 29.000000
 1026500.000000 4.997142 0.178917 1.296509 0.008815 17860.147328 92.000000 3.000000 78.000000
 1027000.000000 3.047778 0.340851 1.296119 0.008811 17868.466703 92.000000 3.000000 54.000000
 1027500.000000 5.715161 0.175846 1.295669 0.008810 17876.416616 92.000000 3.000000 353.000000
 1028000.000000 3.691794 0.340080 1.295240 0.008809 17884.497099 92.000000 3.000000 114.000000
 1028500.000000 6.860932 0.109138 1.294832 0.008805 17892.693881 92.000000 3.000000 268.000000
 1029000.000000 8.692452 0.101539 1.294367 0.008805 17900.547264 92.000000 3.000000 29.000000
 1029500.000000 6.015694 0.186795 1.293926 0.008804 17908.550724 92.000000 3.000000 26.000000
 1030000.000000 16.927320 -0.131980 1.293448 0.008803 17916.310866 92.000000 3.000000 185.000000
 1030500.000000 9.625113 0.052245 1.292962 0.008803 17924.014130 92.000000 3.000000 13.000000
 1031000.000000 8.409654 0.142941 1.292529 0.008802 17932.058155 92.000000 3.000000 88.000000
 1031500.000000 10.410668 0.093589 1.292035 0.008802 17939.696917 92.000000 3.000000 7.000000
 1032000.000000 9.296633 0.016096 1.291556 0.008801 17947.443700 92.000000 3.000000 151.000000
 1032500.000000 4.443683 0.304219 1.291125 0.008800 17955.498414 92.000000 3.000000 1358.000000
 1033000.000000 16.335507 -0.099725 1.290628 0.008800 17963.110903 92.000000 3.000000 62.000000
 1033500.000000 16.165979 -0.067032 1.290104 0.008799 17970.532247 92.000000 3.000000 48.000000
 1034000.000000 7.128629 0.116879 1.289649 0.008798 17978.429435 92.000000 3.000000 49.000000
 1034500.000000 1.383994 1.193878 1.289353 0.008793 17987.051142 92.000000 3.000000 481.000000
 1035000.000000 8.601242 0.146686 1.289046 0.008791 17995.562516 92.000000 3.000000 143.000000
 1035500.000000 13.997079 -0.055872 1.288542 0.008791 18003.118152 92.000000 4.000000 45.000000
 1036000.000000 8.971217 0.097489 1.288082 0.008790 18010.976595 92.000000 3.000000 18.000000
 1036500.000000 15.503621 -0.048451 1.287606 0.008790 18018.721746 92.000000 4.000000 8.000000
 1037000.000000 13.500891 -0.055931 1.287144 0.008790 18026.567397 92.000000 3.000000 52.000000
 1037500.000000 11.326336 0.020452 1.286663 0.008789 18034.273883 92.000000 4.000000 27.000000
 1038000.000000 10.770430 0.099711 1.286198 0.008789 18042.093693 92.000000 3.000000 23.000000
 1038500.000000 3.401057 0.339587 1.285771 0.008788 18050.158383 92.000000 3.000000 345.000000
 1039000.000000 1.523582 0.868206 1.285702 0.008788 18059.474181 92.000000 3.000000 741.000000
 1039500.000000 2.355587 0.495184 1.285310 0.008783 18067.749482 92.000000 3.000000 1400.000000
 1040000.000000 14.193037 -0.053674 1.284882 0.008779 18075.787725 92.000000 4.000000 27.000000
 1040500.000000 5.289985 0.237091 1.284462 0.008779 18083.894707 92.000000 3.000000 109.000000
 1041000.000000 0.643254 1.865793 1.284256 0.008776 18092.815544 92.000000 3.000000 1615.000000
 1041500.000000 0.955737 1.687330 1.284440 0.008777 18102.476604 92.000000 3.000000 326.000000
 1042000.000000 1.211531 1.447559 1.284241 0.008768 18111.458275 92.000000 3.000000 1003.000000
 1042500.000000 0.217346 1.977821 1.284527 0.008767 18121.173416 92.000000 3.000000 4205.000000
 1043000.000000 0.585298 1.889546 1.284716 0.008775 18130.940744 92.000000 3.000000 3500.000000
 1043500.000000 0.908262 1.721809 1.285015 0.008784 18140.806879 92.000000 3.000000 1484.000000
 1044000.000000 0.671727 1.853392 1.285195 0.008796 18150.656503 92.000000 3.000000 339.000000
 1044500.000000 1.800456 0.551132 1.285398 0.008796 18160.338441 92.000000 3.000000 7070.000000
 1045000.000000 2.897499 0.398873 1.285074 0.008787 18168.969861 92.000000 4.000000 86.000000
 1045500.000000 0.620573 1.875658 1.285224 0.008788 18178.573590 92.000000 3.000000 9766.000000
 1046000.000000 0.184605 1.980001 1.285597 0.008788 18188.370142 92.000000 3.000000 9766.000000
 1046500.000000 0.000000 1.984172 1.285983 0.008789 18198.142856 92.000000 3.000000 9766.000000
 1047000.000000 0.000000 1.984306 1.286368 0.008789 18207.915714 92.000000 3.000000 9766.000000
 1047500.000000 0.000000 1.984440 1.286752 0.008789 18217.688716 92.000000 3.000000 9766.000000
 1048000.000000 0.000000 1.984573 1.287136 0.008789 18227.461862 92.000000 3.000000 9766.000000
 1048500.000000 0.000000 1.984707 1.287520 0.008789 18237.235152 92.000000 3.000000 9766.000000
 1049000.000000 0.000000 1.984841 1.287904 0.008789 18247.008585 92.000000 3.000000 9766.000000
 1049500.000000 0.000000 1.984974 1.288287 0.008789 18256.782161 92.000000 3.000000 9766.000000
 1050000.000000 0.000000 1.985107 1.288670 0.008789 18266.555881 92.000000 3.000000 9766.000000
 1050500.000000 0.000000 1.985240 1.289053 0.008789 18276.329744 92.000000 3.000000 9766.000000
 1051000.000000 0.000000 1.985373 1.289435 0.008789 18286.103750 92.000000 3.000000 9766.000000
 1051500.000000 0.000000 1.985506 1.289817 0.008789 18295.877899 92.000000 3.000000 9766.000000
 1052000.000000 0.000000 1.985638 1.290198 0.008789 18305.652191 92.000000 3.000000 9766.000000
 1052500.000000 0.000000 1.985770 1.290579 0.008790 18315.426625 92.000000 3.000000 9766.000000
 1053000.000000 0.000000 1.985903 1.290960 0.008790 18325.201202 92.000000 3.000000 9766.000000
 1053500.000000 0.000000 1.986035 1.291341 0.008790 18334.975922 92.000000 3.000000 9766.000000
 1054000.000000 0.000000 1.986166 1.291721 0.008790 18344.750784 92.000000 3.000000 9766.000000
 1054500.000000 0.000000 1.986298 1.292101 0.008790 18354.525788 92.000000 3.000000 9766.000000
 1055000.000000 0.000000 1.986430 1.292480 0.008790 18364.300934 92.000000 3.000000 9766.000000
 1055500.000000 0.000000 1.986561 1.292859 0.008790 18374.076223 92.000000 3.000000 9766.000000
 1056000.000000 0.000000 1.986692 1.293238 0.008790 18383.851653 92.000000 3.000000 9766.000000
 1056500.000000 0.000000 1.986823 1.293617 0.008790 18393.627225 92.000000 3.000000 9766.000000
 1057000.000000 0.000000 1.986954 1.293995 0.008790 18403.402939 92.000000 3.000000 9766.000000
 1057500.000000 0.000000 1.987085 1.294373 0.008790 18413.178794 92.000000 3.000000 9766.000000
 1058000.000000 0.000000 1.987215 1.294750 0.008790 18422.954791 92.000000 3.000000 9766.000000
 1058500.000000 0.000000 1.987346 1.295127 0.008790 18432.730929 92.000000 3.000000 9766.000000
 1059000.000000 0.000000 1.987476 1.295504 0.008791 18442.507209 92.000000 3.000000 9766.000000
 1059500.000000 0.000000 1.987606 1.295881 0.008791 18452.283629 92.000000 3.000000 9766.000000
 1060000.000000 0.000000 1.987736 1.296257 0.008791 18462.060191 92.000000 3.000000 9766.000000
 1060500.000000 0.000000 1.987866 1.296633 0.008791 18471.836893 92.000000 3.000000 9766.000000
 1061000.000000 0.000000 1.987995 1.297008 0.008791 18481.613736 92.000000 3.000000 9766.000000
 1061500.000000 0.000000 1.988125 1.297384 0.008791 18491.390720 92.000000 3.000000 9766.000000
 1062000.000000 0.000000 1.988254 1.297758 0.008791 18501.167844 92.000000 3.000000 9766.000000
 1062500.000000 0.000000 1.988383 1.298133 0.008791 18510.945109 92.000000 3.000000 9766.000000
 1063000.000000 0.000000 1.988512 1.298507 0.008791 18520.722514 92.000000 3.000000 9766.000000
 1063500.000000 0.000000 1.988641 1.298881 0.008791 18530.500059 92.000000 3.000000 9766.000000
 1064000.000000 0.000000 1.988770 1.299254 0.008791 18540.277745 92.000000 3.000000 9766.000000
 1064500.000000 0.000000 1.988898 1.299628 0.008791 18550.055570 92.000000 3.000000 9766.000000
 1065000.000000 0.000000 1.989026 1.300001 0.008791 18559.833535 92.000000 3.000000 9766.000000
 1065500.000000 0.000000 1.989155 1.300373 0.008792 18569.611640 92.000000 3.000000 9766.000000
 1066000.000000 0.000000 1.989283 1.300745 0.008792 18579.389884 92.000000 3.000000 9766.000000
 1066500.000000 0.000000 1.989410 1.301117 0.008792 18589.168268 92.000000 3.000000 9766.000000
 1067000.000000 0.000000 1.989538 1.301489 0.008792 18598.946791 92.000000 3.000000 9766.000000
 1067500.000000 0.000000 1.989666 1.301860 0.008792 18608.725454 92.000000 3.000000 9766.000000
 1068000.000000 0.000000 1.989793 1.302231 0.008792 18618.504256 92.000000 3.000000 9766.000000
 1068500.000000 0.000000 1.989920 1.302602 0.008792 18628.283197 92.000000 3.000000 9766.000000
 1069000.000000 0.000000 1.990047 1.302972 0.008792 18638.062276 92.000000 3.000000 9766.000000
 1069500.000000 0.000000 1.990174 1.303342 0.008792 18647.841495 92.000000 3.000000 9766.000000
 1070000.000000 0.000000 1.990301 1.303712 0.008792 18657.620852 92.000000 3.000000 9766.000000
 1070500.000000 0.000000 1.990428 1.304081 0.008792 18667.400348 92.000000 3.000000 9766.000000
 1071000.000000 0.000000 1.990554 1.304450 0.008792 18677.179982 92.000000 3.000000 9766.000000
 1071500.000000 0.000000 1.990681 1.304819 0.008792 18686.959755 92.000000 3.000000 9766.000000
 1072000.000000 0.000000 1.990807 1.305187 0.008793 18696.739666 92.000000 3.000000 9766.000000
 1072500.000000 0.000000 1.990933 1.305555 0.008793 18706.519715 92.000000 3.000000 9766.000000
 1073000.000000 0.000000 1.991059 1.305923 0.008793 18716.299902 92.000000 3.000000 9766.000000
 1073500.000000 0.000000 1.991185 1.306290 0.008793 18726.080227 92.000000 3.000000 9766.000000
 1074000.000000 0.000000 1.991310 1.306657 0.008793 18735.860690 92.000000 3.000000 9766.000000
 1074500.000000 0.000000 1.991436 1.307024 0.008793 18745.641290 92.000000 3.000000 9766.000000
 1075000.000000 0.000000 1.991561 1.307390 0.008793 18755.422028 92.000000 3.000000 9766.000000
 1075500.000000 0.000000 1.991686 1.307756 0.008793 18765.202903 92.000000 3.000000 9766.000000
 1076000.000000 0.000000 1.991811 1.308122 0.008793 18774.983916 92.000000 3.000000 9766.000000
 1076500.000000 0.000000 1.991936 1.308488 0.008793 18784.765066 92.000000 3.000000 9766.000000
 1077000.000000 0.000000 1.992060 1.308853 0.008793 18794.546353 92.000000 3.000000 9766.000000
 1077500.000000 0.000000 1.992185 1.309218 0.008793 18804.327777 92.000000 3.000000 9766.000000
 1078000.000000 0.000000 1.992309 1.309582 0.008793 18814.109338 92.000000 3.000000 9766.000000
 1078500.000000 0.000000 1.992434 1.309947 0.008794 18823.891036 92.000000 3.000000 9766.000000
 1079000.000000 0.000000 1.992558 1.310310 0.008794 18833.672870 92.000000 3.000000 9766.000000
 1079500.000000 0.000000 1.992682 1.310674 0.008794 18843.454841 92.000000 3.000000 9766.000000
 1080000.000000 0.000000 1.992805 1.311037 0.008794 18853.236948 92.000000 3.000000 9766.000000
 1080500.000000 0.000000 1.992929 1.311400 0.008794 18863.019192 92.000000 3.000000 9766.000000
 1081000.000000 0.000000 1.993053 1.311763 0.008794 18872.801572 92.000000 3.000000 9766.000000
 1081500.000000 0.000000 1.993176 1.312125 0.008794 18882.584088 92.000000 3.000000 9766.000000
 1082000.000000 0.000000 1.993299 1.312487 0.008794 18892.366740 92.000000 3.000000 9766.000000
 1082500.000000 0.000000 1.993422 1.312849 0.008794 18902.149527 92.000000 3.000000 9766.000000
 1083000.000000 0.000000 1.993545 1.313210 0.008794 18911.932451 92.000000 3.000000 9766.000000
 1083500.000000 0.000000 1.993668 1.313572 0.008794 18921.715510 92.000000 3.000000 9766.000000
 1084000.000000 0.000000 1.993791 1.313932 0.008794 18931.498704 92.000000 3.000000 9766.000000
 1084500.000000 0.000000 1.993913 1.314293 0.008794 18941.282034 92.000000 3.000000 9766.000000
 1085000.000000 0.000000 1.994035 1.314653 0.008794 18951.065500 92.000000 3.000000 9766.000000
 1085500.000000 0.000000 1.994158 1.315013 0.008795 18960.849100 92.000000 3.000000 9766.000000
 1086000.000000 0.000000 1.994280 1.315372 0.008795 18970.632836 92.000000 3.000000 9766.000000
 1086500.000000 0.000000 1.994401 1.315732 0.008795 18980.416706 92.000000 3.000000 9766.000000
 1087000.000000 0.000000 1.994523 1.316090 0.008795 18990.200712 92.000000 3.000000 9766.000000
 1087500.000000 0.000000 1.994645 1.316449 0.008795 18999.984852 92.000000 3.000000 9766.000000
 1088000.000000 0.000000 1.994766 1.316807 0.008795 19009.769126 92.000000 3.000000 9766.000000
 1088500.000000 0.000000 1.994888 1.317165 0.008795 19019.553535 92.000000 3.000000 9766.000000
 1089000.000000 0.000000 1.995009 1.317523 0.008795 19029.338079 92.000000 3.000000 9766.000000
 1089500.000000 0.000000 1.995130 1.317880 0.008795 19039.122757 92.000000 3.000000 9766.000000
 1090000.000000 0.000000 1.995251 1.318238 0.008795 19048.907569 92.000000 3.000000 9766.000000
 1090500.000000 0.000000 1.995371 1.318594 0.008795 19058.692515 92.000000 3.000000 9766.000000
 1091000.000000 0.000000 1.995492 1.318951 0.008795 19068.477595 92.000000 3.000000 9766.000000
 1091500.000000 0.000000 1.995613 1.319307 0.008795 19078.262809 92.000000 3.000000 9766.000000
 1092000.000000 0.000000 1.995733 1.319663 0.008796 19088.048156 92.000000 3.000000 9766.000000
 1092500.000000 0.000000 1.995853 1.320018 0.008796 19097.833637 92.000000 3.000000 9766.000000
 1093000.000000 0.000000 1.995973 1.320374 0.008796 19107.619252 92.000000 3.000000 9766.000000
 1093500.000000 0.000000 1.996093 1.320729 0.008796 19117.405000 92.000000 3.000000 9766.000000
 1094000.000000 0.000000 1.996213 1.321083 0.008796 19127.190881 92.000000 3.000000 9766.000000
 1094500.000000 0.000000 1.996332 1.321437 0.008796 19136.976895 92.000000 3.000000 9766.000000
 1095000.000000 0.000000 1.996452 1.321792 0.008796 19146.763043 92.000000 3.000000 9766.000000
 1095500.000000 0.000000 1.996571 1.322145 0.008796 19156.549323 92.000000 3.000000 9766.000000
 1096000.000000 0.000000 1.996690 1.322499 0.008796 19166.335736 92.000000 3.000000 9766.000000
 1096500.000000 0.000000 1.996810 1.322852 0.008796 19176.122282 92.000000 3.000000 9766.000000
 1097000.000000 0.000000 1.996928 1.323205 0.008796 19185.908961 92.000000 3.000000 9766.000000
 1097500.000000 0.000000 1.997047 1.323557 0.008796 19195.695772 92.000000 3.000000 9766.000000
 1098000.000000 0.000000 1.997166 1.323909 0.008796 19205.482715 92.000000 3.000000 9766.000000
 1098500.000000 0.000000 1.997284 1.324261 0.008796 19215.269791 92.000000 3.000000 9766.000000
 1099000.000000 0.000000 1.997403 1.324613 0.008797 19225.056999 92.000000 3.000000 9766.000000
 1099500.000000 0.000000 1.997521 1.324964 0.008797 19234.844338 92.000000 3.000000 9766.000000
 1100000.000000 0.000000 1.997639 1.325315 0.008797 19244.631810 92.000000 3.000000 9766.000000
 1100500.000000 0.000000 1.997757 1.325666 0.008797 19254.419414 92.000000 3.000000 9766.000000
 1101000.000000 0.000000 1.997875 1.326016 0.008797 19264.207149 92.000000 3.000000 9766.000000
 1101500.000000 0.000000 1.997993 1.326367 0.008797 19273.995016 92.000000 3.000000 9766.000000
 1102000.000000 0.000000 1.998110 1.326716 0.008797 19283.783014 92.000000 3.000000 9766.000000
 1102500.000000 0.000000 1.998228 1.327066 0.008797 19293.571144 92.000000 3.000000 9766.000000
 1103000.000000 0.000000 1.998345 1.327415 0.008797 19303.359405 92.000000 3.000000 9766.000000
 1103500.000000 0.000000 1.998462 1.327764 0.008797 19313.147797 92.000000 3.000000 9766.000000
 1104000.000000 0.000000 1.998579 1.328113 0.008797 19322.936320 92.000000 3.000000 9766.000000
 1104500.000000 0.000000 1.998696 1.328461 0.008797 19332.724974 92.000000 3.000000 9766.000000
 1105000.000000 0.000000 1.998813 1.328809 0.008797 19342.513759 92.000000 3.000000 9766.000000
 1105500.000000 0.000000 1.998929 1.329157 0.008797 19352.302675 92.000000 3.000000 9766.000000
 1106000.000000 0.000000 1.999046 1.329505 0.008798 19362.091721 92.000000 3.000000 9766.000000
 1106500.000000 0.000000 1.999162 1.329852 0.008798 19371.880897 92.000000 3.000000 9766.000000
 1107000.000000 0.000000 1.999278 1.330199 0.008798 19381.670204 92.000000 3.000000 9766.000000
 1107500.000000 0.000000 1.999394 1.330545 0.008798 19391.459642 92.000000 3.000000 9766.000000
 1108000.000000 0.000000 1.999510 1.330892 0.008798 19401.249209 92.000000 3.000000 9766.000000
 1108500.000000 0.000000 1.999626 1.331238 0.008798 19411.038907 92.000000 3.000000 9766.000000
 1109000.000000 0.000000 1.999739 1.331583 0.008798 19420.828679 92.000000 3.000000 9766.000000
 1109500.000000 0.495063 1.933661 1.331923 0.008798 19430.630807 92.000000 3.000000 99.000000
 1110000.000000 0.140424 1.998240 1.332258 0.008803 19440.440442 92.000000 3.000000 99.000000
 1110500.000000 9.641554 0.065439 1.331890 0.008802 19448.436496 92.000000 4.000000 35.000000
 1111000.000000 13.091438 -0.104900 1.331425 0.008801 19456.065002 92.000000 3.000000 4.000000
 1111500.000000 3.214202 0.342838 1.331129 0.008804 19464.474158 92.000000 3.000000 91.000000
 1112000.000000 2.692924 0.428870 1.330892 0.008793 19473.379939 92.000000 3.000000 99.000000
 1112500.000000 0.942865 1.708468 1.330889 0.008793 19482.916984 92.000000 3.000000 145.000000
 1113000.000000 1.229634 1.434671 1.330653 0.008783 19491.768836 92.000000 3.000000 113.000000
 1113500.000000 0.059257 2.000698 1.330609 0.008782 19500.983585 92.000000 3.000000 234.000000
 1114000.000000 0.000000 1.999744 1.330954 0.008782 19510.772125 92.000000 3.000000 234.000000
 1114500.000000 0.000000 1.999860 1.331298 0.008782 19520.560839 92.000000 3.000000 234.000000
 1115000.000000 7.859911 0.156773 1.331281 0.008782 19529.565847 92.000000 3.000000 31.000000
 1115500.000000 1.858771 0.546458 1.330924 0.008777 19537.926806 92.000000 4.000000 45.000000
 1116000.000000 0.048058 2.000930 1.330771 0.008774 19546.841117 92.000000 3.000000 27.000000
 1116500.000000 9.234693 0.023812 1.330609 0.008770 19555.660043 92.000000 3.000000 35.000000
 1117000.000000 3.661914 0.357731 1.330272 0.008768 19564.050551 92.000000 3.000000 371.000000
 1117500.000000 2.549692 0.483330 1.329846 0.008767 19571.935277 92.000000 4.000000 145.000000
 1118000.000000 0.401730 1.959751 1.329821 0.008767 19581.116756 92.000000 3.000000 1120.000000
 1118500.000000 3.399833 0.359512 1.329640 0.008760 19589.929761 92.000000 4.000000 160.000000
 1119000.000000 9.857222 0.093715 1.329262 0.008759 19598.152203 92.000000 3.000000 23.000000
 1119500.000000 23.400178 -0.320691 1.328792 0.008758 19605.708678 92.000000 4.000000 45.000000
 1120000.000000 35.073257 -0.251753 1.328267 0.008758 19612.825905 92.000000 3.000000 13.000000
 1120500.000000 45.704569 -0.421891 1.327732 0.008757 19619.860485 92.000000 3.000000 8.000000
 1121000.000000 53.070521 -0.464131 1.327146 0.008757 19626.422250 92.000000 4.000000 6.000000
 1121500.000000 57.770187 -0.668167 1.326593 0.008757 19633.288954 92.000000 3.000000 5.000000
 1122000.000000 51.109483 -0.405727 1.326046 0.008756 19640.206781 92.000000 3.000000 11.000000
 1122500.000000 78.471623 -0.840571 1.325420 0.008757 19646.389861 92.000000 4.000000 5.000000
 1123000.000000 98.813437 -1.078602 1.324728 0.008757 19651.896639 92.000000 4.000000 3.000000
 1123500.000000 120.008126 -1.157987 1.324038 0.008757 19657.423475 92.000000 4.000000 9.000000
 1124000.000000 160.092939 -2.557377 1.323275 0.008663 19662.129203 93.000000 4.000000 2.000000
 1124500.000000 158.718914 -1.942211 1.322422 0.008481 19665.760990 95.000000 3.000000 7.000000
 1125000.000000 167.387023 -1.950089 1.321568 0.008305 19669.367997 97.000000 3.000000 15.000000
 1125500.000000 163.502179 -2.531131 1.320742 0.008220 19673.323827 98.000000 3.000000 3.000000
 1126000.000000 174.976525 -2.519464 1.319909 0.008056 19677.166442 100.000000 2.000000 6.000000
 1126500.000000 190.834110 -2.715335 1.319081 0.008056 19681.095331 100.000000 1.000000 11.000000
 1127000.000000 181.814547 -2.426313 1.318211 0.007746 19684.469671 104.000000 1.000000 8.000000
 1127500.000000 168.680222 -1.792131 1.317356 0.007599 19688.041124 106.000000 2.000000 4.000000
 1128000.000000 161.444463 -1.814119 1.316560 0.007528 19692.325357 107.000000 4.000000 11.000000
 1128500.000000 163.212714 -1.730474 1.315756 0.007528 19696.520285 107.000000 4.000000 2.000000
 1129000.000000 160.872741 -1.743361 1.314922 0.007390 19700.340437 109.000000 4.000000 14.000000
 1129500.000000 120.969393 -1.101241 1.314189 0.007389 19705.342808 109.000000 3.000000 2.000000
 1130000.000000 161.342077 -1.621345 1.313453 0.007390 19710.299245 109.000000 4.000000 1.000000
 1130500.000000 149.293800 -1.839511 1.312679 0.007390 19714.830704 109.000000 3.000000 1.000000
 1131000.000000 153.369863 -1.613763 1.311923 0.007390 19719.569967 109.000000 4.000000 1.000000
 1131500.000000 171.601389 -1.996949 1.311114 0.007389 19723.659937 109.000000 3.000000 3.000000
 1132000.000000 207.601474 -2.287732 1.310255 0.007191 19727.130733 112.000000 1.000000 1.000000
 1132500.000000 222.731240 -2.637313 1.309364 0.006768 19730.197368 119.000000 2.000000 6.000000
 1133000.000000 200.366054 -2.938836 1.308495 0.006495 19733.523292 124.000000 3.000000 5.000000
 1133500.000000 222.738070 -2.236444 1.307681 0.006344 19737.540986 127.000000 3.000000 4.000000
 1134000.000000 199.256056 -2.320239 1.306869 0.006344 19741.576851 127.000000 3.000000 3.000000
 1134500.000000 162.482779 -1.331409 1.306097 0.006343 19746.081763 127.000000 4.000000 24.000000
 1135000.000000 155.952721 -1.504983 1.305368 0.006343 19751.089054 127.000000 3.000000 3.000000
 1135500.000000 204.190295 -1.921625 1.304590 0.006294 19755.522583 128.000000 3.000000 1.000000
 1136000.000000 196.753513 -1.840866 1.303808 0.006294 19759.904464 128.000000 4.000000 3.000000
 1136500.000000 165.413882 -1.500646 1.303048 0.006294 19764.534398 128.000000 3.000000 15.000000
 1137000.000000 202.214439 -2.058470 1.302299 0.006391 19769.287600 126.000000 3.000000 9.000000
 1137500.000000 201.869700 -1.861717 1.301506 0.006391 19773.515668 126.000000 3.000000 8.000000
 1138000.000000 194.324187 -1.893367 1.300711 0.006390 19777.725555 126.000000 3.000000 1.000000
 1138500.000000 207.473425 -1.511879 1.299932 0.006441 19782.110376 125.000000 3.000000 14.000000
 1139000.000000 227.434014 -2.594348 1.299087 0.006241 19785.685584 129.000000 2.000000 3.000000
 1139500.000000 220.101837 -2.194927 1.298282 0.006147 19789.740658 131.000000 3.000000 2.000000
 1140000.000000 223.525169 -1.684881 1.297467 0.006100 19793.669279 132.000000 3.000000 1.000000
 1140500.000000 236.779356 -2.205540 1.296639 0.006053 19797.444404 133.000000 2.000000 1.000000
 1141000.000000 230.420855 -1.768004 1.295849 0.006053 19801.675550 133.000000 3.000000 14.000000
 1141500.000000 221.553337 -1.805401 1.295036 0.005963 19805.622836 135.000000 3.000000 9.000000
 1142000.000000 224.039974 -1.508187 1.294241 0.005877 19809.769615 137.000000 4.000000 5.000000
 1142500.000000 251.416785 -2.143302 1.293396 0.005751 19813.302432 140.000000 3.000000 10.000000
 1143000.000000 227.239340 -1.851078 1.292585 0.005670 19817.245959 142.000000 3.000000 1.000000
 1143500.000000 199.926910 -1.591903 1.291821 0.005669 19821.765163 142.000000 3.000000 1.000000
 1144000.000000 214.024554 -1.685160 1.291064 0.005669 19826.361473 142.000000 3.000000 9.000000
 1144500.000000 232.062056 -1.779257 1.290307 0.005669 19830.958365 142.000000 3.000000 4.000000
 1145000.000000 259.514594 -2.265967 1.289510 0.005591 19835.051580 144.000000 2.000000 3.000000
 1145500.000000 243.205317 -2.309274 1.288676 0.005476 19838.676364 147.000000 3.000000 1.000000
 1146000.000000 225.360269 -1.549922 1.287908 0.005476 19843.124467 147.000000 3.000000 7.000000
 1146500.000000 227.731253 -1.377140 1.287178 0.005440 19848.005333 148.000000 4.000000 18.000000
 1147000.000000 211.041175 -1.566786 1.286452 0.005475 19852.932743 147.000000 3.000000 13.000000
 1147500.000000 211.867159 -1.511797 1.285723 0.005404 19857.826106 149.000000 5.000000 7.000000
 1148000.000000 190.512676 -1.441468 1.284999 0.005404 19862.771354 149.000000 3.000000 8.000000
 1148500.000000 218.775175 -1.345465 1.284268 0.005404 19867.626208 149.000000 2.000000 13.000000
 1149000.000000 187.259166 -1.519783 1.283532 0.005404 19872.413500 149.000000 3.000000 2.000000
 1149500.000000 175.616947 -1.345194 1.282806 0.005370 19877.322042 150.000000 3.000000 3.000000
 1150000.000000 178.615188 -1.462425 1.282086 0.005370 19882.293756 150.000000 5.000000 3.000000
 1150500.000000 177.821541 -1.383782 1.281355 0.005405 19887.124704 149.000000 4.000000 2.000000
 1151000.000000 203.832248 -1.315073 1.280633 0.005404 19892.063201 149.000000 3.000000 2.000000
 1151500.000000 177.408901 -1.288449 1.279919 0.005405 19897.095755 149.000000 5.000000 2.000000
 1152000.000000 196.790233 -1.256180 1.279209 0.005405 19902.160680 149.000000 4.000000 12.000000
 1152500.000000 188.775092 -1.483323 1.278501 0.005405 19907.248264 149.000000 3.000000 7.000000
 1153000.000000 190.161199 -1.351067 1.277790 0.005405 19912.295046 149.000000 3.000000 16.000000
 1153500.000000 200.593573 -1.432971 1.277090 0.005405 19917.456054 149.000000 2.000000 1.000000
 1154000.000000 208.440618 -1.062442 1.276388 0.005371 19922.590095 150.000000 4.000000 1.000000
 1154500.000000 232.347586 -1.688985 1.275670 0.005441 19927.544850 148.000000 3.000000 2.000000
 1155000.000000 227.244446 -1.240358 1.274931 0.005440 19932.248674 148.000000 3.000000 3.000000
 1155500.000000 243.978193 -1.904885 1.274212 0.005405 19937.179656 149.000000 3.000000 2.000000
 1156000.000000 225.041302 -1.360637 1.273482 0.005404 19941.972402 149.000000 3.000000 4.000000
 1156500.000000 237.591749 -1.333240 1.272743 0.005404 19946.660076 149.000000 3.000000 1.000000
 1157000.000000 233.251961 -1.506793 1.272008 0.005404 19951.384421 149.000000 4.000000 7.000000
 1157500.000000 222.921681 -1.139188 1.271328 0.005404 19956.736349 149.000000 4.000000 1.000000
 1158000.000000 231.394288 -1.285658 1.270644 0.005404 19962.049782 149.000000 3.000000 2.000000
 1158500.000000 238.573700 -1.275126 1.269940 0.005404 19967.116667 149.000000 3.000000 1.000000
 1159000.000000 210.912309 -1.213100 1.269261 0.005404 19972.470191 149.000000 4.000000 20.000000
 1159500.000000 227.242843 -1.085703 1.268594 0.005404 19977.950372 149.000000 3.000000 11.000000
 1160000.000000 223.054291 -1.121907 1.267924 0.005404 19983.389429 149.000000 4.000000 12.000000
 1160500.000000 229.390592 -1.162409 1.267243 0.005404 19988.708854 149.000000 3.000000 4.000000
 1161000.000000 236.486982 -1.168915 1.266547 0.005405 19993.851755 149.000000 4.000000 2.000000
 1161500.000000 231.617635 -1.147548 1.265853 0.005405 19999.004506 149.000000 3.000000 6.000000
 1162000.000000 207.101689 -1.281061 1.265152 0.005404 20004.073637 149.000000 3.000000 11.000000
 1162500.000000 193.558557 -1.305740 1.264476 0.005404 20009.428329 149.000000 4.000000 2.000000
 1163000.000000 200.291787 -1.195608 1.263814 0.005404 20014.938142 149.000000 2.000000 2.000000
 1163500.000000 223.981028 -0.986730 1.263154 0.005404 20020.452866 149.000000 4.000000 3.000000
 1164000.000000 224.376409 -0.964162 1.262484 0.005403 20025.868794 149.000000 4.000000 2.000000
 1164500.000000 237.819941 -1.122698 1.261814 0.005403 20031.267389 149.000000 3.000000 2.000000
 1165000.000000 244.761755 -1.551649 1.261097 0.005403 20036.130564 149.000000 3.000000 11.000000
 1165500.000000 268.436447 -3.000000 1.260293 0.005262 20039.922000 153.000000 1.000000 3.000000
 1166000.000000 258.381512 -2.365040 1.259491 0.005128 20043.744478 157.000000 4.000000 1.000000
 1166500.000000 288.621194 -2.130824 1.258684 0.005032 20047.504036 160.000000 1.000000 1.000000
 1167000.000000 313.049560 -2.416761 1.257858 0.004909 20051.025308 164.000000 1.000000 5.000000
 1167500.000000 255.048233 -1.931015 1.257042 0.004792 20054.664202 168.000000 4.000000 5.000000
 1168000.000000 276.811212 -1.956772 1.256301 0.004793 20059.230627 168.000000 3.000000 2.000000
 1168500.000000 283.060760 -2.553335 1.255514 0.004736 20063.219946 170.000000 3.000000 5.000000
 1169000.000000 248.941519 -1.325719 1.254773 0.004736 20067.765628 170.000000 4.000000 1.000000
 1169500.000000 263.753717 -1.502865 1.254002 0.004708 20071.939845 171.000000 3.000000 12.000000
 1170000.000000 232.488870 -1.059382 1.253323 0.004708 20077.206826 171.000000 3.000000 2.000000
 1170500.000000 254.359238 -1.666385 1.252650 0.004708 20082.521457 171.000000 4.000000 1.000000
 1171000.000000 221.308573 -0.988587 1.251984 0.004708 20087.908804 171.000000 3.000000 5.000000
 1171500.000000 197.819352 -1.208554 1.251355 0.004709 20093.696682 171.000000 4.000000 3.000000
 1172000.000000 202.498622 -0.993248 1.250715 0.004709 20099.363575 171.000000 3.000000 5.000000
 1172500.000000 165.565345 -1.245617 1.250049 0.004709 20104.756510 171.000000 3.000000 3.000000
 1173000.000000 193.928796 -1.281178 1.249379 0.004709 20110.093562 171.000000 4.000000 2.000000
 1173500.000000 172.719270 -1.307268 1.248718 0.004709 20115.528378 171.000000 3.000000 3.000000
 1174000.000000 184.565613 -1.260691 1.248061 0.004709 20120.997515 171.000000 3.000000 1.000000
 1174500.000000 182.712906 -1.140170 1.247422 0.004709 20126.666208 171.000000 4.000000 4.000000
 1175000.000000 193.393877 -1.028953 1.246782 0.004710 20132.314333 171.000000 4.000000 2.000000
 1175500.000000 179.633746 -1.361501 1.246136 0.004710 20137.889781 171.000000 4.000000 15.000000
 1176000.000000 186.122993 -1.072878 1.245498 0.004710 20143.547359 171.000000 3.000000 5.000000
 1176500.000000 219.235623 -0.965568 1.244864 0.004710 20149.245252 171.000000 3.000000 13.000000
 1177000.000000 203.748820 -1.012807 1.244238 0.004710 20155.031689 171.000000 4.000000 8.000000
 1177500.000000 200.345360 -0.994268 1.243613 0.004710 20160.827843 171.000000 3.000000 18.000000
 1178000.000000 188.684807 -1.126189 1.242980 0.004710 20166.524745 171.000000 3.000000 1.000000
 1178500.000000 216.437993 -0.929817 1.242348 0.004710 20172.230202 171.000000 3.000000 6.000000
 1179000.000000 199.800617 -0.897693 1.241729 0.004710 20178.071765 171.000000 3.000000 2.000000
 1179500.000000 165.599832 -1.156875 1.241090 0.004710 20183.701856 171.000000 3.000000 1.000000
 1180000.000000 158.884762 -1.303897 1.240414 0.004709 20188.929188 171.000000 4.000000 19.000000
 1180500.000000 174.097003 -1.265124 1.239754 0.004709 20194.316341 171.000000 4.000000 2.000000
 1181000.000000 183.130018 -1.077087 1.239118 0.004709 20199.964124 171.000000 3.000000 2.000000
 1181500.000000 189.463364 -0.984640 1.238499 0.004709 20205.792697 171.000000 3.000000 17.000000
 1182000.000000 214.847340 -0.881972 1.237882 0.004709 20211.632241 171.000000 3.000000 14.000000
 1182500.000000 235.060148 -1.155996 1.237262 0.004709 20217.438812 171.000000 4.000000 2.000000
 1183000.000000 229.157457 -0.995038 1.236660 0.004709 20223.430726 171.000000 3.000000 1.000000
 1183500.000000 239.464949 -1.066250 1.236019 0.004709 20229.013754 171.000000 3.000000 3.000000
 1184000.000000 263.441755 -1.323777 1.235344 0.004709 20234.209005 171.000000 2.000000 2.000000
 1184500.000000 253.156887 -1.543810 1.234678 0.004709 20239.507468 171.000000 3.000000 9.000000
 1185000.000000 250.389031 -1.248541 1.233979 0.004682 20244.414518 172.000000 4.000000 1.000000
 1185500.000000 247.914987 -1.125263 1.233297 0.004709 20249.510234 171.000000 4.000000 1.000000
 1186000.000000 251.710832 -1.253809 1.232630 0.004709 20254.768058 171.000000 4.000000 4.000000
 1186500.000000 232.250076 -0.923115 1.231985 0.004709 20260.277661 171.000000 3.000000 7.000000
 1187000.000000 195.639087 -0.889970 1.231379 0.004709 20266.205700 171.000000 4.000000 4.000000
 1187500.000000 217.602049 -0.842806 1.230788 0.004710 20272.280556 171.000000 3.000000 3.000000
 1188000.000000 220.347601 -0.878430 1.230180 0.004710 20278.170517 171.000000 4.000000 1.000000
 1188500.000000 217.725606 -0.817089 1.229565 0.004710 20283.995895 171.000000 3.000000 3.000000
 1189000.000000 221.846012 -0.969393 1.228968 0.004710 20289.995416 171.000000 4.000000 4.000000
 1189500.000000 220.663958 -0.795997 1.228369 0.004710 20295.976706 171.000000 4.000000 1.000000
 1190000.000000 208.442809 -0.605483 1.227782 0.004710 20302.081141 171.000000 4.000000 4.000000
 1190500.000000 188.730538 -0.927272 1.227163 0.004710 20307.835001 171.000000 3.000000 6.000000
 1191000.000000 154.893641 -1.160484 1.226519 0.004710 20313.326308 171.000000 4.000000 5.000000
 1191500.000000 155.684802 -1.158753 1.225885 0.004710 20318.921948 171.000000 3.000000 4.000000
 1192000.000000 167.965619 -0.911997 1.225240 0.004710 20324.389510 171.000000 3.000000 29.000000
 1192500.000000 184.586752 -1.123366 1.224619 0.004710 20330.124821 171.000000 3.000000 4.000000
 1193000.000000 183.993199 -0.971651 1.224013 0.004709 20336.012281 171.000000 4.000000 13.000000
 1193500.000000 162.471398 -0.980343 1.223376 0.004709 20341.557057 171.000000 4.000000 2.000000
 1194000.000000 181.551890 -0.914500 1.222753 0.004709 20347.251239 171.000000 4.000000 7.000000
 1194500.000000 196.344628 -0.803935 1.222159 0.004709 20353.252919 171.000000 3.000000 3.000000
 1195000.000000 201.924870 -0.698395 1.221566 0.004708 20359.259003 171.000000 3.000000 4.000000
 1195500.000000 186.491544 -0.829168 1.220980 0.004708 20365.334911 171.000000 4.000000 2.000000
 1196000.000000 222.816012 -0.826197 1.220400 0.004708 20371.478194 171.000000 4.000000 2.000000
 1196500.000000 203.665562 -0.856689 1.219815 0.004708 20377.549477 171.000000 3.000000 6.000000
 1197000.000000 209.040576 -0.603664 1.219230 0.004708 20383.631225 171.000000 4.000000 2.000000
 1197500.000000 215.813424 -0.815687 1.218649 0.004707 20389.745740 171.000000 4.000000 3.000000
 1198000.000000 223.330485 -0.785858 1.218069 0.004707 20395.866686 171.000000 3.000000 3.000000
 1198500.000000 207.348893 -0.795423 1.217494 0.004707 20402.041306 171.000000 3.000000 2.000000
 1199000.000000 224.164388 -0.692943 1.216941 0.004708 20408.421004 171.000000 4.000000 1.000000
 1199500.000000 194.660926 -0.862669 1.216367 0.004707 20414.593099 171.000000 4.000000 3.000000
 1200000.000000 202.640713 -0.709509 1.215802 0.004707 20420.862034 171.000000 3.000000 1.000000
 1200500.000000 223.206063 -0.769847 1.215239 0.004707 20427.140303 171.000000 3.000000 9.000000
 1201000.000000 214.940749 -0.662288 1.214684 0.004707 20433.497709 171.000000 3.000000 5.000000
 1201500.000000 196.757678 -0.692690 1.214102 0.004707 20439.569871 171.000000 4.000000 3.000000
 1202000.000000 214.624416 -0.670182 1.213538 0.004707 20445.836523 171.000000 3.000000 3.000000
 1202500.000000 200.013863 -0.678763 1.212945 0.004707 20451.778759 171.000000 3.000000 1.000000
 1203000.000000 196.098533 -0.697974 1.212359 0.004707 20457.812598 171.000000 3.000000 1.000000
 1203500.000000 195.733882 -0.706054 1.211775 0.004707 20463.854814 171.000000 4.000000 33.000000
 1204000.000000 225.051168 -0.857097 1.211214 0.004707 20470.133089 171.000000 3.000000 9.000000
 1204500.000000 213.388727 -0.630497 1.210647 0.004707 20476.350381 171.000000 4.000000 2.000000
 1205000.000000 164.550756 -0.944540 1.210070 0.004707 20482.453361 171.000000 4.000000 5.000000
 1205500.000000 186.466362 -0.788358 1.209503 0.004707 20488.659224 171.000000 3.000000 10.000000
 1206000.000000 183.225573 -0.886994 1.208915 0.004707 20494.650461 171.000000 3.000000 13.000000
 1206500.000000 209.433648 -0.565148 1.208354 0.004707 20500.913930 171.000000 4.000000 9.000000
 1207000.000000 257.701856 -1.333340 1.207715 0.004707 20506.330688 171.000000 3.000000 7.000000
 1207500.000000 238.559679 -0.949302 1.207082 0.004680 20511.811046 172.000000 4.000000 8.000000
 1208000.000000 233.895144 -0.941653 1.206491 0.004680 20517.759320 172.000000 3.000000 5.000000
 1208500.000000 254.567255 -1.344297 1.205902 0.004680 20523.717246 172.000000 3.000000 10.000000
 1209000.000000 230.698844 -0.832731 1.205279 0.004679 20529.306403 172.000000 4.000000 3.000000
 1209500.000000 245.220406 -1.043062 1.204685 0.004679 20535.202412 172.000000 3.000000 20.000000
 1210000.000000 252.813181 -1.237569 1.204072 0.004679 20540.903033 172.000000 3.000000 2.000000
 1210500.000000 242.373956 -0.987465 1.203428 0.004679 20546.244144 172.000000 3.000000 5.000000
 1211000.000000 231.117804 -0.718903 1.202837 0.004680 20552.166967 172.000000 3.000000 2.000000
 1211500.000000 279.811647 -2.062221 1.202186 0.004680 20557.402159 172.000000 4.000000 2.000000
 1212000.000000 268.877835 -1.483192 1.201549 0.004680 20562.820777 172.000000 3.000000 3.000000
 1212500.000000 249.855305 -0.967127 1.200950 0.004680 20568.651374 172.000000 4.000000 11.000000
 1213000.000000 236.596969 -0.768549 1.200385 0.004680 20574.831873 172.000000 4.000000 10.000000
 1213500.000000 234.433228 -0.825992 1.199823 0.004680 20581.045433 172.000000 4.000000 3.000000
 1214000.000000 253.709360 -1.031754 1.199250 0.004680 20587.136691 172.000000 3.000000 3.000000
 1214500.000000 251.821608 -0.930278 1.198635 0.004680 20592.775749 172.000000 4.000000 5.000000
 1215000.000000 248.169890 -0.910217 1.198008 0.004680 20598.272624 172.000000 4.000000 1.000000
 1215500.000000 281.194276 -1.749452 1.197384 0.004680 20603.794534 172.000000 3.000000 20.000000
 1216000.000000 307.241650 -3.000000 1.196624 0.004626 20607.695297 174.000000 2.000000 9.000000
 1216500.000000 301.338408 -2.523135 1.195851 0.004599 20611.429889 175.000000 2.000000 1.000000
 1217000.000000 292.847911 -1.953356 1.195070 0.004521 20615.042788 178.000000 3.000000 3.000000
 1217500.000000 288.972515 -1.780422 1.194351 0.004496 20619.459043 179.000000 4.000000 2.000000
 1218000.000000 284.171292 -2.161325 1.193653 0.004472 20624.125743 180.000000 4.000000 7.000000
 1218500.000000 314.734915 -1.942024 1.192938 0.004472 20628.581973 180.000000 3.000000 15.000000
 1219000.000000 308.793642 -2.083840 1.192184 0.004399 20632.528765 183.000000 2.000000 8.000000
 1219500.000000 307.621358 -1.977945 1.191411 0.004351 20636.225336 185.000000 3.000000 1.000000
 1220000.000000 329.214951 -3.000000 1.190667 0.004281 20640.296297 188.000000 2.000000 4.000000
 1220500.000000 303.323753 -3.000000 1.189930 0.004236 20644.441719 190.000000 3.000000 3.000000
 1221000.000000 299.201000 -1.503623 1.189219 0.004237 20648.921098 190.000000 4.000000 4.000000
 1221500.000000 286.619366 -1.539312 1.188521 0.004259 20653.545175 189.000000 4.000000 16.000000
 1222000.000000 315.757960 -1.656662 1.187833 0.004259 20658.294075 189.000000 2.000000 1.000000
 1222500.000000 297.072695 -1.825400 1.187106 0.004214 20662.549623 191.000000 4.000000 2.000000
 1223000.000000 291.992608 -1.668501 1.186432 0.004214 20667.470252 191.000000 4.000000 1.000000
 1223500.000000 276.254051 -1.942850 1.185768 0.004215 20672.494320 191.000000 3.000000 3.000000
 1224000.000000 272.010176 -1.595217 1.185162 0.004214 20678.153993 191.000000 3.000000 3.000000
 1224500.000000 334.288235 -2.358370 1.184461 0.004192 20682.727619 192.000000 2.000000 11.000000
 1225000.000000 271.391814 -1.528792 1.183739 0.004128 20687.015149 195.000000 4.000000 2.000000
 1225500.000000 316.431115 -1.337035 1.183076 0.004128 20692.028823 195.000000 3.000000 2.000000
 1226000.000000 320.830038 -1.589352 1.182367 0.004108 20696.485184 196.000000 3.000000 20.000000
 1226500.000000 320.219742 -1.545021 1.181686 0.004108 20701.278992 196.000000 4.000000 8.000000
 1227000.000000 317.181502 -1.307159 1.181015 0.004067 20706.183864 198.000000 4.000000 6.000000
 1227500.000000 303.326545 -1.686803 1.180339 0.004107 20711.030970 196.000000 3.000000 8.000000
 1228000.000000 308.663942 -1.239388 1.179698 0.004107 20716.287478 196.000000 3.000000 3.000000
 1228500.000000 307.676089 -1.484302 1.179049 0.004086 20721.447684 197.000000 3.000000 2.000000
 1229000.000000 295.632751 -1.137764 1.178403 0.004107 20726.623333 196.000000 4.000000 19.000000
 1229500.000000 309.027020 -1.144884 1.177757 0.004107 20731.801146 196.000000 3.000000 5.000000
 1230000.000000 296.585880 -1.193106 1.177120 0.004107 20737.086963 196.000000 4.000000 3.000000
 1230500.000000 287.482741 -1.346610 1.176496 0.004107 20742.524582 196.000000 4.000000 6.000000
 1231000.000000 273.462554 -1.394585 1.175841 0.004107 20747.588940 196.000000 4.000000 4.000000
 1231500.000000 305.220736 -1.089031 1.175227 0.004107 20753.124822 196.000000 3.000000 2.000000
 1232000.000000 293.945624 -1.273730 1.174593 0.004107 20758.434808 196.000000 3.000000 9.000000
 1232500.000000 276.382316 -1.607342 1.173963 0.004107 20763.788129 196.000000 3.000000 2.000000
 1233000.000000 274.754272 -1.550349 1.173343 0.004107 20769.241307 196.000000 4.000000 5.000000
 1233500.000000 231.978014 -0.604327 1.172754 0.004107 20775.022854 196.000000 3.000000 1.000000
 1234000.000000 247.426636 -0.872774 1.172199 0.004107 20781.174395 196.000000 4.000000 2.000000
 1234500.000000 226.692595 -0.642454 1.171656 0.004107 20787.453651 196.000000 3.000000 3.000000
 1235000.000000 258.317879 -1.095725 1.171112 0.004106 20793.706049 196.000000 3.000000 4.000000
 1235500.000000 241.245415 -0.675762 1.170555 0.004106 20799.830478 196.000000 3.000000 3.000000
 1236000.000000 244.771131 -0.763051 1.170008 0.004106 20806.054008 196.000000 3.000000 4.000000
 1236500.000000 284.179259 -1.117129 1.169403 0.004106 20811.647947 196.000000 4.000000 12.000000
 1237000.000000 273.125755 -1.241201 1.168777 0.004106 20816.991986 196.000000 3.000000 7.000000
 1237500.000000 259.890036 -0.800644 1.168160 0.004106 20822.453333 196.000000 4.000000 5.000000
 1238000.000000 229.865240 -0.666504 1.167608 0.004106 20828.611911 196.000000 3.000000 2.000000
 1238500.000000 209.292799 -0.493870 1.167084 0.004106 20835.045994 196.000000 4.000000 2.000000
 1239000.000000 195.782836 -0.621091 1.166552 0.004106 20841.408606 196.000000 4.000000 3.000000
 1239500.000000 158.420154 -1.138068 1.165992 0.004106 20847.469921 196.000000 4.000000 4.000000
 1240000.000000 183.455281 -0.772720 1.165404 0.004106 20853.236329 196.000000 4.000000 11.000000
 1240500.000000 159.335301 -0.986325 1.164834 0.004106 20859.190566 196.000000 4.000000 1.000000
 1241000.000000 176.706036 -0.817315 1.164288 0.004106 20865.392961 196.000000 4.000000 1.000000
 1241500.000000 213.571888 -0.499346 1.163767 0.004106 20871.852747 196.000000 4.000000 13.000000
 1242000.000000 240.837509 -0.621467 1.163249 0.004106 20878.334911 196.000000 3.000000 2.000000
 1242500.000000 196.780606 -0.559807 1.162734 0.004106 20884.843786 196.000000 4.000000 4.000000
 1243000.000000 181.974607 -0.720555 1.162220 0.004106 20891.363435 196.000000 4.000000 2.000000
 1243500.000000 202.110744 -0.468095 1.161720 0.004107 20898.022027 196.000000 3.000000 11.000000
 1244000.000000 193.722382 -0.705918 1.161212 0.004107 20904.591063 196.000000 4.000000 9.000000
 1244500.000000 207.220979 -0.610981 1.160687 0.004107 20910.993972 196.000000 3.000000 2.000000
 1245000.000000 196.617525 -0.481908 1.160178 0.004107 20917.548610 196.000000 4.000000 6.000000
 1245500.000000 237.512085 -0.621392 1.159661 0.004107 20924.022300 196.000000 3.000000 1.000000
 1246000.000000 255.050349 -0.943425 1.159118 0.004106 20930.233706 196.000000 3.000000 7.000000
 1246500.000000 260.590336 -0.826895 1.158507 0.004106 20935.695413 196.000000 4.000000 3.000000
 1247000.000000 238.032704 -0.593910 1.157965 0.004106 20941.895022 196.000000 3.000000 7.000000
 1247500.000000 220.282514 -0.569570 1.157457 0.004106 20948.456789 196.000000 3.000000 6.000000
 1248000.000000 241.148270 -0.626352 1.156941 0.004106 20954.933512 196.000000 3.000000 13.000000
 1248500.000000 248.154780 -0.665131 1.156427 0.004106 20961.420748 196.000000 4.000000 1.000000
 1249000.000000 239.708417 -0.649046 1.155903 0.004106 20967.807663 196.000000 3.000000 2.000000
 1249500.000000 249.232190 -0.637356 1.155377 0.004106 20974.169774 196.000000 4.000000 7.000000
 1250000.000000 248.856633 -0.634231 1.154817 0.004106 20980.170515 196.000000 4.000000 2.000000
 1250500.000000 261.803980 -1.045028 1.154245 0.004106 20986.037924 196.000000 3.000000 11.000000
 1251000.000000 259.470653 -0.724421 1.153671 0.004106 20991.885182 196.000000 4.000000 17.000000
 1251500.000000 250.870312 -0.658372 1.153130 0.004106 20998.084684 196.000000 4.000000 1.000000
 1252000.000000 218.762953 -0.617037 1.152631 0.004106 21004.712950 196.000000 4.000000 2.000000
 1252500.000000 222.421862 -0.558169 1.152135 0.004106 21011.357432 196.000000 4.000000 5.000000
 1253000.000000 201.894089 -0.409664 1.151648 0.004106 21018.091708 196.000000 3.000000 1.000000
 1253500.000000 198.443178 -0.594742 1.151145 0.004106 21024.670777 196.000000 3.000000 2.000000
 1254000.000000 165.771081 -0.882243 1.150627 0.004106 21031.090303 196.000000 4.000000 14.000000
 1254500.000000 179.075298 -0.922228 1.150098 0.004106 21037.393513 196.000000 4.000000 3.000000
 1255000.000000 151.372202 -1.163627 1.149540 0.004106 21043.394672 196.000000 4.000000 2.000000
 1255500.000000 137.993126 -1.000661 1.148966 0.004105 21049.224595 196.000000 3.000000 14.000000
 1256000.000000 101.691839 -0.733913 1.148405 0.004106 21055.187185 196.000000 3.000000 17.000000
 1256500.000000 140.949038 -0.783970 1.147838 0.004106 21061.082221 196.000000 3.000000 2.000000
 1257000.000000 147.466965 -1.067635 1.147263 0.004106 21066.898360 196.000000 4.000000 4.000000
 1257500.000000 154.517506 -0.937014 1.146692 0.004106 21072.743464 196.000000 4.000000 10.000000
 1258000.000000 187.113663 -0.549279 1.146152 0.004106 21078.913744 196.000000 3.000000 2.000000
 1258500.000000 151.408942 -1.022126 1.145595 0.004106 21084.907644 196.000000 4.000000 16.000000
 1259000.000000 199.087084 -0.557831 1.145060 0.004106 21091.118093 196.000000 3.000000 4.000000
 1259500.000000 244.463244 -0.706642 1.144572 0.004106 21097.810609 196.000000 4.000000 7.000000
 1260000.000000 224.769417 -0.539522 1.144080 0.004106 21104.471053 196.000000 3.000000 7.000000
 1260500.000000 213.856310 -0.432950 1.143599 0.004106 21111.217227 196.000000 4.000000 2.000000
 1261000.000000 221.075113 -0.484257 1.143111 0.004106 21117.904649 196.000000 4.000000 15.000000
 1261500.000000 236.369273 -0.644548 1.142604 0.004105 21124.405344 196.000000 4.000000 4.000000
 1262000.000000 209.448149 -0.389351 1.142130 0.004105 21131.216753 196.000000 4.000000 11.000000
 1262500.000000 211.629235 -0.617592 1.141643 0.004106 21137.911475 196.000000 5.000000 8.000000
 1263000.000000 203.291114 -0.534462 1.141159 0.004105 21144.629642 196.000000 3.000000 3.000000
 1263500.000000 204.523936 -0.512696 1.140667 0.004105 21151.265425 196.000000 3.000000 2.000000
 1264000.000000 206.276115 -0.643870 1.140187 0.004105 21158.008103 196.000000 4.000000 4.000000
 1264500.000000 175.719435 -0.809584 1.139698 0.004105 21164.673657 196.000000 4.000000 7.000000
 1265000.000000 188.898869 -0.625171 1.139198 0.004105 21171.219184 196.000000 3.000000 3.000000
 1265500.000000 174.639082 -0.920757 1.138687 0.004105 21177.646395 196.000000 4.000000 15.000000
 1266000.000000 162.986007 -0.717596 1.138134 0.004105 21183.643998 196.000000 4.000000 10.000000
 1266500.000000 158.493253 -0.885635 1.137591 0.004105 21189.747567 196.000000 3.000000 6.000000
 1267000.000000 165.858438 -0.779661 1.137051 0.004105 21195.874680 196.000000 3.000000 2.000000
 1267500.000000 145.349678 -1.002372 1.136494 0.004104 21201.817822 196.000000 3.000000 1.000000
 1268000.000000 137.303149 -0.937991 1.135928 0.004085 21207.652980 197.000000 3.000000 5.000000
 1268500.000000 173.199362 -0.991908 1.135381 0.004085 21213.698294 197.000000 4.000000 6.000000
 1269000.000000 149.362641 -1.109227 1.134843 0.004085 21219.837544 197.000000 3.000000 2.000000
 1269500.000000 170.206478 -0.724121 1.134314 0.004085 21226.065501 197.000000 4.000000 12.000000
 1270000.000000 185.221943 -0.753443 1.133804 0.004085 21232.494215 197.000000 3.000000 4.000000
 1270500.000000 180.563266 -0.683489 1.133306 0.004085 21239.031859 197.000000 4.000000 12.000000
 1271000.000000 197.011249 -0.422526 1.132827 0.004085 21245.754692 197.000000 4.000000 1.000000
 1271500.000000 199.450922 -0.463977 1.132345 0.004085 21252.457143 197.000000 3.000000 23.000000
 1272000.000000 194.069425 -0.641521 1.131838 0.004085 21258.901186 197.000000 3.000000 3.000000
 1272500.000000 172.159510 -0.802690 1.131329 0.004085 21265.318905 197.000000 4.000000 10.000000
 1273000.000000 188.212291 -0.509065 1.130830 0.004085 21271.833609 197.000000 3.000000 6.000000
 1273500.000000 202.918602 -0.430805 1.130364 0.004086 21278.677925 197.000000 3.000000 1.000000
 1274000.000000 192.043703 -0.598286 1.129870 0.004086 21285.245636 197.000000 3.000000 1.000000
 1274500.000000 160.310327 -0.837836 1.129356 0.004086 21291.604109 197.000000 4.000000 3.000000
 1275000.000000 166.014090 -0.660593 1.128862 0.004086 21298.164285 197.000000 3.000000 3.000000
 1275500.000000 184.994478 -0.737363 1.128343 0.004086 21304.468385 197.000000 3.000000 2.000000
 1276000.000000 168.617568 -0.636836 1.127850 0.004086 21311.035843 197.000000 3.000000 1.000000
 1276500.000000 137.666563 -0.881817 1.127310 0.004086 21317.103099 197.000000 4.000000 2.000000
 1277000.000000 123.145717 -0.916408 1.126771 0.004085 21323.192424 197.000000 3.000000 9.000000
 1277500.000000 140.945638 -0.674545 1.126251 0.004085 21329.472712 197.000000 4.000000 6.000000
 1278000.000000 143.200946 -0.904482 1.125712 0.004104 21335.553778 196.000000 3.000000 1.000000
 1278500.000000 177.672495 -0.648665 1.125200 0.004104 21341.902279 196.000000 5.000000 2.000000
 1279000.000000 177.747552 -0.615508 1.124725 0.004104 21348.634828 196.000000 4.000000 18.000000
 1279500.000000 147.807168 -0.991030 1.124211 0.004104 21354.971691 196.000000 2.000000 1.000000
 1280000.000000 155.720659 -0.832640 1.123692 0.004104 21361.249697 196.000000 3.000000 2.000000
 1280500.000000 166.635522 -0.596658 1.123192 0.004104 21367.728397 196.000000 3.000000 10.000000
 1281000.000000 147.020846 -0.859845 1.122687 0.004104 21374.145694 196.000000 3.000000 9.000000
 1281500.000000 167.151011 -0.618323 1.122190 0.004104 21380.645269 196.000000 3.000000 49.000000
 1282000.000000 188.201576 -0.501239 1.121697 0.004104 21387.187452 196.000000 3.000000 2.000000
 1282500.000000 149.902231 -0.891351 1.121205 0.004103 21393.728976 196.000000 4.000000 4.000000
 1283000.000000 216.436224 -0.504557 1.120734 0.004103 21400.475838 196.000000 3.000000 4.000000
 1283500.000000 211.735090 -0.611569 1.120277 0.004103 21407.362853 196.000000 5.000000 2.000000
 1284000.000000 166.410540 -0.547584 1.119806 0.004103 21414.108425 196.000000 4.000000 3.000000
 1284500.000000 160.433544 -0.707140 1.119335 0.004103 21420.852594 196.000000 3.000000 4.000000
 1285000.000000 165.781486 -0.572938 1.118850 0.004103 21427.462158 196.000000 3.000000 7.000000
 1285500.000000 152.862484 -0.867518 1.118347 0.004103 21433.866288 196.000000 4.000000 5.000000
 1286000.000000 87.403968 -0.799248 1.117820 0.004103 21440.030056 196.000000 4.000000 13.000000
 1286500.000000 145.114062 -0.946082 1.117298 0.004103 21446.246572 196.000000 3.000000 1.000000
 1287000.000000 144.943359 -0.969532 1.116771 0.004084 21452.400949 197.000000 4.000000 4.000000
 1287500.000000 169.069856 -0.592315 1.116275 0.004084 21458.879666 197.000000 3.000000 5.000000
 1288000.000000 222.924732 -0.546045 1.115808 0.004084 21465.646155 197.000000 4.000000 4.000000
 1288500.000000 194.147053 -0.610770 1.115347 0.004084 21472.468219 197.000000 3.000000 4.000000
 1289000.000000 178.332716 -0.580633 1.114889 0.004084 21479.320382 197.000000 4.000000 8.000000
 1289500.000000 182.998727 -0.554833 1.114436 0.004084 21486.221427 197.000000 3.000000 16.000000
 1290000.000000 215.152142 -0.411613 1.113973 0.004084 21493.020212 197.000000 4.000000 3.000000
 1290500.000000 210.183753 -0.484600 1.113515 0.004084 21499.866806 197.000000 5.000000 9.000000
 1291000.000000 202.707380 -0.355936 1.113075 0.004084 21506.883891 197.000000 3.000000 10.000000
 1291500.000000 222.751267 -0.494167 1.112614 0.004084 21513.691200 197.000000 4.000000 1.000000
 1292000.000000 164.472008 -0.561013 1.112154 0.004084 21520.512804 197.000000 4.000000 24.000000
 1292500.000000 191.837051 -0.501012 1.111698 0.004083 21527.375293 197.000000 3.000000 7.000000
 1293000.000000 198.517763 -0.445880 1.111250 0.004083 21534.306694 197.000000 3.000000 17.000000
 1293500.000000 186.005947 -0.359977 1.110803 0.004083 21541.242106 197.000000 3.000000 6.000000
 1294000.000000 176.687518 -0.480033 1.110334 0.004083 21547.964792 197.000000 4.000000 5.000000
 1294500.000000 174.788419 -0.572632 1.109860 0.004083 21554.639675 197.000000 4.000000 6.000000
 1295000.000000 201.449838 -0.309087 1.109419 0.004082 21561.632126 197.000000 3.000000 5.000000
 1295500.000000 156.986075 -0.908960 1.108947 0.004082 21568.310581 197.000000 3.000000 3.000000
 1296000.000000 182.495924 -0.409038 1.108462 0.004082 21574.859321 197.000000 4.000000 3.000000
 1296500.000000 195.396284 -0.379403 1.108008 0.004082 21581.722556 197.000000 4.000000 7.000000
 1297000.000000 193.199791 -0.478677 1.107561 0.004082 21588.646375 197.000000 4.000000 1.000000
 1297500.000000 228.774156 -0.608860 1.107091 0.004082 21595.341438 197.000000 3.000000 2.000000
 1298000.000000 228.387175 -0.553021 1.106623 0.004082 21602.061287 197.000000 3.000000 4.000000
 1298500.000000 211.275330 -0.563982 1.106152 0.004082 21608.740833 197.000000 4.000000 18.000000
 1299000.000000 248.825909 -0.616504 1.105697 0.004081 21615.581702 197.000000 4.000000 15.000000
 1299500.000000 243.004458 -0.794631 1.105237 0.004081 21622.370437 197.000000 3.000000 7.000000
 1300000.000000 263.360679 -0.948267 1.104716 0.004081 21628.519101 197.000000 4.000000 9.000000
 1300500.000000 292.173081 -1.383943 1.104150 0.004081 21634.172645 197.000000 4.000000 2.000000
 1301000.000000 309.034753 -0.995301 1.103575 0.004081 21639.717811 197.000000 3.000000 5.000000
 1301500.000000 279.585187 -1.200578 1.102988 0.004101 21645.130645 196.000000 4.000000 5.000000
 1302000.000000 287.816426 -1.185987 1.102427 0.004101 21650.830300 196.000000 4.000000 1.000000
 1302500.000000 303.245638 -1.367718 1.101860 0.004101 21656.456918 196.000000 3.000000 2.000000
 1303000.000000 275.006907 -1.097859 1.101297 0.004101 21662.143042 196.000000 4.000000 5.000000
 1303500.000000 301.917322 -1.030302 1.100726 0.004101 21667.711957 196.000000 3.000000 3.000000
 1304000.000000 265.034506 -1.119891 1.100163 0.004101 21673.381510 196.000000 4.000000 10.000000
 1304500.000000 299.179158 -1.059019 1.099615 0.004101 21679.221144 196.000000 4.000000 6.000000
 1305000.000000 293.395448 -1.198387 1.099057 0.004101 21684.946689 196.000000 3.000000 2.000000
 1305500.000000 304.806890 -1.006642 1.098473 0.004122 21690.351402 195.000000 3.000000 24.000000
 1306000.000000 300.658291 -0.998314 1.097919 0.004122 21696.112484 195.000000 4.000000 4.000000
 1306500.000000 314.401225 -1.010224 1.097356 0.004121 21701.752520 195.000000 3.000000 1.000000
 1307000.000000 313.299622 -1.131841 1.096808 0.004121 21707.568647 195.000000 3.000000 2.000000
 1307500.000000 306.517309 -0.848616 1.096275 0.004121 21713.561137 195.000000 3.000000 2.000000
 1308000.000000 337.160670 -1.737777 1.095677 0.004121 21718.777633 195.000000 2.000000 2.000000
 1308500.000000 314.368683 -0.945956 1.095048 0.004120 21723.602268 195.000000 3.000000 5.000000
 1309000.000000 332.802021 -1.645705 1.094496 0.004120 21729.359839 195.000000 2.000000 2.000000
 1309500.000000 274.625475 -1.071251 1.093922 0.004120 21734.854202 195.000000 3.000000 2.000000
 1310000.000000 277.074553 -1.095448 1.093369 0.004120 21740.603031 195.000000 3.000000 20.000000
 1310500.000000 256.006963 -0.907982 1.092840 0.004119 21746.617480 195.000000 3.000000 1.000000
 1311000.000000 261.793945 -1.016313 1.092306 0.004119 21752.570428 195.000000 3.000000 17.000000
 1311500.000000 240.854369 -0.513189 1.091820 0.004119 21759.033662 195.000000 3.000000 26.000000
 1312000.000000 288.880409 -1.137137 1.091286 0.004119 21764.974806 195.000000 3.000000 3.000000
 1312500.000000 285.342562 -0.935650 1.090747 0.004119 21770.870737 195.000000 4.000000 8.000000
 1313000.000000 287.519423 -0.995353 1.090205 0.004119 21776.724079 195.000000 4.000000 3.000000
 1313500.000000 316.732350 -1.002074 1.089671 0.004119 21782.663869 195.000000 3.000000 5.000000
 1314000.000000 307.478155 -0.892704 1.089045 0.004077 21787.473751 197.000000 3.000000 2.000000
 1314500.000000 321.224478 -1.025025 1.088496 0.004077 21793.235379 197.000000 3.000000 3.000000
 1315000.000000 334.359879 -1.372891 1.087905 0.004077 21798.488073 197.000000 4.000000 3.000000
 1315500.000000 324.123577 -1.257500 1.087248 0.004036 21802.908766 199.000000 2.000000 2.000000
 1316000.000000 335.365510 -1.381385 1.086624 0.003996 21807.725103 201.000000 3.000000 1.000000
 1316500.000000 296.457843 -0.892995 1.086052 0.003996 21813.185833 201.000000 4.000000 3.000000
 1317000.000000 311.203220 -1.062289 1.085512 0.003996 21819.037559 201.000000 3.000000 3.000000
 1317500.000000 307.629303 -0.850934 1.084998 0.003996 21825.184017 201.000000 3.000000 2.000000
 1318000.000000 282.782836 -0.962525 1.084490 0.003996 21831.382292 201.000000 4.000000 8.000000
 1318500.000000 293.093201 -1.012439 1.083969 0.003996 21837.441124 201.000000 4.000000 3.000000
 1319000.000000 302.798281 -0.889692 1.083443 0.003996 21843.433288 201.000000 3.000000 10.000000
 1319500.000000 266.280784 -0.903586 1.082917 0.003996 21849.431065 201.000000 5.000000 3.000000
 1320000.000000 242.730905 -0.704094 1.082422 0.003995 21855.758394 201.000000 3.000000 7.000000
 1320500.000000 267.787398 -0.958089 1.081931 0.003995 21862.131647 201.000000 3.000000 4.000000
 1321000.000000 251.223322 -0.628622 1.081436 0.003995 21868.453191 201.000000 4.000000 3.000000
 1321500.000000 279.537293 -1.000690 1.080938 0.003995 21874.739304 201.000000 3.000000 2.000000
 1322000.000000 255.633626 -0.806034 1.080420 0.003995 21880.808291 201.000000 3.000000 8.000000
 1322500.000000 293.124166 -0.971987 1.079897 0.003995 21886.820138 201.000000 4.000000 5.000000
 1323000.000000 340.853592 -1.771645 1.079349 0.003995 21892.531469 201.000000 3.000000 3.000000
 1323500.000000 323.814975 -1.061882 1.078764 0.003994 21897.808929 201.000000 3.000000 3.000000
 1324000.000000 329.794861 -1.408250 1.078198 0.003976 21903.281352 202.000000 3.000000 23.000000
 1324500.000000 323.270322 -1.180263 1.077625 0.003976 21908.701085 202.000000 3.000000 2.000000
 1325000.000000 331.980380 -1.176397 1.077018 0.003956 21913.672321 203.000000 4.000000 5.000000
 1325500.000000 313.660742 -0.781561 1.076448 0.003937 21919.086486 204.000000 3.000000 1.000000
 1326000.000000 313.488812 -0.766441 1.075949 0.003936 21925.343347 204.000000 3.000000 10.000000
 1326500.000000 300.173148 -0.823773 1.075449 0.003936 21931.586910 204.000000 3.000000 6.000000
 1327000.000000 288.369535 -0.883046 1.074934 0.003936 21937.665203 204.000000 4.000000 4.000000
 1327500.000000 252.373371 -0.699909 1.074439 0.003936 21943.950245 204.000000 4.000000 1.000000
 1328000.000000 228.984960 -0.562049 1.073985 0.003935 21950.666399 204.000000 3.000000 1.000000
 1328500.000000 215.499650 -0.378859 1.073550 0.003935 21957.579667 204.000000 4.000000 2.000000
 1329000.000000 228.355827 -0.496290 1.073115 0.003935 21964.474257 204.000000 3.000000 3.000000
 1329500.000000 214.351604 -0.360808 1.072680 0.003935 21971.378678 204.000000 4.000000 2.000000
 1330000.000000 202.842117 -0.324063 1.072237 0.003934 21978.199029 204.000000 4.000000 8.000000
 1330500.000000 234.412906 -0.565493 1.071801 0.003934 21985.087817 204.000000 3.000000 5.000000
 1331000.000000 233.739626 -0.492465 1.071358 0.003934 21991.900024 204.000000 3.000000 8.000000
 1331500.000000 246.839529 -0.632847 1.070879 0.003934 21998.343567 204.000000 3.000000 1.000000
 1332000.000000 258.123449 -0.884209 1.070403 0.003934 22004.807480 204.000000 3.000000 5.000000
 1332500.000000 204.123991 -0.457242 1.069985 0.003934 22011.866514 204.000000 3.000000 2.000000
 1333000.000000 214.262129 -0.344171 1.069567 0.003934 22018.919996 204.000000 4.000000 3.000000
 1333500.000000 196.840144 -0.330625 1.069154 0.003934 22026.019356 204.000000 4.000000 1.000000
 1334000.000000 181.826385 -0.420907 1.068714 0.003934 22032.850266 204.000000 3.000000 11.000000
 1334500.000000 170.785603 -0.570136 1.068275 0.003934 22039.692183 204.000000 3.000000 1.000000
 1335000.000000 172.608816 -0.603875 1.067789 0.003934 22046.041151 204.000000 3.000000 1.000000
 1335500.000000 146.809038 -0.776187 1.067288 0.003934 22052.237233 204.000000 3.000000 13.000000
 1336000.000000 159.482490 -0.648092 1.066826 0.003933 22058.834502 204.000000 4.000000 3.000000
 1336500.000000 154.394038 -0.611451 1.066377 0.003933 22065.566005 204.000000 4.000000 6.000000
 1337000.000000 137.584327 -0.796613 1.065909 0.003933 22072.098429 204.000000 4.000000 19.000000
 1337500.000000 213.030247 -0.480224 1.065476 0.003933 22078.981547 204.000000 4.000000 12.000000
 1338000.000000 226.586423 -0.486161 1.065056 0.003933 22085.998400 204.000000 3.000000 22.000000
 1338500.000000 186.535600 -0.323506 1.064645 0.003933 22093.093771 204.000000 3.000000 7.000000
 1339000.000000 232.611440 -0.505701 1.064232 0.003933 22100.170949 204.000000 3.000000 7.000000
 1339500.000000 234.023905 -0.514853 1.063802 0.003933 22107.077403 204.000000 3.000000 8.000000
 1340000.000000 270.510820 -0.815315 1.063329 0.003933 22113.546692 204.000000 3.000000 8.000000
 1340500.000000 277.400531 -0.898372 1.062837 0.003933 22119.819170 204.000000 3.000000 2.000000
 1341000.000000 242.706563 -0.652196 1.062356 0.003933 22126.196749 204.000000 3.000000 14.000000
 1341500.000000 245.864766 -0.477399 1.061889 0.003932 22132.725231 204.000000 4.000000 14.000000
 1342000.000000 231.712903 -0.359199 1.061452 0.003932 22139.553615 204.000000 4.000000 5.000000
 1342500.000000 200.448678 -0.274172 1.061033 0.003932 22146.557729 204.000000 3.000000 4.000000
 1343000.000000 205.514861 -0.483681 1.060623 0.003932 22153.652937 204.000000 3.000000 10.000000
 1343500.000000 158.658304 -0.712796 1.060216 0.003932 22160.764250 204.000000 3.000000 9.000000
 1344000.000000 209.451583 -0.277515 1.059803 0.003932 22167.817657 204.000000 4.000000 8.000000
 1344500.000000 198.101840 -0.410872 1.059411 0.003932 22175.080110 204.000000 3.000000 1.000000
 1345000.000000 198.665229 -0.324768 1.058999 0.003932 22182.147893 204.000000 4.000000 3.000000
 1345500.000000 218.551128 -0.434912 1.058603 0.003932 22189.355823 204.000000 3.000000 5.000000
 1346000.000000 225.226628 -0.478153 1.058187 0.003932 22196.381974 204.000000 3.000000 1.000000
 1346500.000000 232.895749 -0.431210 1.057759 0.003931 22203.292580 204.000000 3.000000 13.000000
 1347000.000000 240.515539 -0.433264 1.057334 0.003931 22210.227311 204.000000 4.000000 12.000000
 1347500.000000 250.811913 -0.497241 1.056910 0.003931 22217.163177 204.000000 4.000000 1.000000
 1348000.000000 240.364720 -0.424194 1.056476 0.003931 22223.995367 204.000000 4.000000 8.000000
 1348500.000000 255.748600 -0.709467 1.056040 0.003931 22230.808984 204.000000 4.000000 2.000000
 1349000.000000 230.567307 -0.436796 1.055602 0.003931 22237.604568 204.000000 3.000000 5.000000
 1349500.000000 215.113856 -0.312084 1.055201 0.003931 22244.755208 204.000000 4.000000 9.000000
 1350000.000000 204.010137 -0.430437 1.054793 0.003931 22251.841822 204.000000 3.000000 3.000000
 1350500.000000 215.083585 -0.306641 1.054384 0.003931 22258.921072 204.000000 4.000000 1.000000
 1351000.000000 225.982544 -0.429689 1.053978 0.003930 22266.021060 204.000000 4.000000 29.000000
 1351500.000000 231.650671 -0.323668 1.053561 0.003930 22273.016192 204.000000 4.000000 1.000000
 1352000.000000 235.454481 -0.490262 1.053145 0.003930 22280.018508 204.000000 4.000000 2.000000
 1352500.000000 220.872573 -0.333745 1.052727 0.003930 22286.999990 204.000000 4.000000 1.000000
 1353000.000000 211.551171 -0.491849 1.052299 0.003930 22293.874703 204.000000 5.000000 2.000000
 1353500.000000 203.914058 -0.432278 1.051880 0.003930 22300.837397 204.000000 3.000000 13.000000
 1354000.000000 201.330574 -0.217778 1.051479 0.003930 22307.968466 204.000000 3.000000 4.000000
 1354500.000000 245.563245 -0.472835 1.051079 0.003930 22315.125399 204.000000 3.000000 2.000000
 1355000.000000 213.745385 -0.298789 1.050676 0.003930 22322.241497 204.000000 4.000000 13.000000
 1355500.000000 233.249208 -0.375525 1.050278 0.003930 22329.402463 204.000000 4.000000 7.000000
 1356000.000000 234.606388 -0.399105 1.049870 0.003930 22336.470753 204.000000 4.000000 3.000000
 1356500.000000 236.854309 -0.377176 1.049464 0.003930 22343.555006 204.000000 4.000000 2.000000
 1357000.000000 239.996573 -0.364476 1.049052 0.003929 22350.580254 204.000000 3.000000 2.000000
 1357500.000000 276.007430 -0.920149 1.048623 0.003929 22357.425781 204.000000 3.000000 4.000000
 1358000.000000 246.107228 -0.438219 1.048169 0.003929 22364.012796 204.000000 4.000000 3.000000
 1358500.000000 230.387639 -0.363843 1.047747 0.003929 22370.933762 204.000000 3.000000 3.000000
 1359000.000000 252.012072 -0.483975 1.047335 0.003929 22377.942548 204.000000 4.000000 6.000000
 1359500.000000 235.053987 -0.367429 1.046907 0.003929 22384.792138 204.000000 4.000000 6.000000
 1360000.000000 241.340280 -0.393476 1.046512 0.003929 22391.971627 204.000000 3.000000 17.000000
 1360500.000000 257.831967 -0.665431 1.046070 0.003929 22398.676459 204.000000 3.000000 20.000000
 1361000.000000 268.518447 -0.807885 1.045617 0.003929 22405.262853 204.000000 4.000000 3.000000
 1361500.000000 264.206992 -0.749628 1.045138 0.003929 22411.575915 204.000000 4.000000 1.000000
 1362000.000000 267.496854 -0.781105 1.044671 0.003929 22418.008545 204.000000 4.000000 3.000000
 1362500.000000 264.035014 -0.695920 1.044208 0.003929 22424.496409 204.000000 4.000000 1.000000
 1363000.000000 333.173020 -1.263742 1.043710 0.003929 22430.577806 204.000000 4.000000 10.000000
 1363500.000000 319.138433 -0.881502 1.043214 0.003929 22436.676724 204.000000 3.000000 2.000000
 1364000.000000 295.442527 -0.787608 1.042731 0.003929 22442.945162 204.000000 4.000000 1.000000
 1364500.000000 289.418867 -0.960234 1.042277 0.003928 22449.499002 204.000000 4.000000 3.000000
 1365000.000000 281.928576 -0.879813 1.041795 0.003929 22455.762176 204.000000 4.000000 7.000000
 1365500.000000 296.176024 -0.759692 1.041316 0.003929 22462.054749 204.000000 4.000000 1.000000
 1366000.000000 301.090079 -0.730378 1.040847 0.003929 22468.457665 204.000000 3.000000 3.000000
 1366500.000000 273.900185 -0.676023 1.040374 0.003929 22474.814704 204.000000 3.000000 1.000000
 1367000.000000 281.400264 -0.872834 1.039900 0.003929 22481.165041 204.000000 4.000000 1.000000
 1367500.000000 277.411292 -0.805306 1.039434 0.003929 22487.589720 204.000000 3.000000 4.000000
 1368000.000000 260.039180 -0.605675 1.038976 0.003929 22494.100194 204.000000 3.000000 9.000000
 1368500.000000 235.826247 -0.488961 1.038559 0.003929 22501.026228 204.000000 3.000000 9.000000
 1369000.000000 254.014299 -0.549208 1.038137 0.003929 22507.905552 204.000000 4.000000 5.000000
 1369500.000000 229.894382 -0.306191 1.037746 0.003929 22515.081359 204.000000 4.000000 5.000000
 1370000.000000 216.302757 -0.379980 1.037336 0.003929 22522.076807 204.000000 3.000000 3.000000
 1370500.000000 254.161470 -0.530361 1.036922 0.003930 22529.031778 204.000000 4.000000 4.000000
 1371000.000000 285.250976 -0.701523 1.036479 0.003930 22535.677255 204.000000 4.000000 21.000000
 1371500.000000 259.474493 -0.580466 1.036023 0.003929 22542.200822 204.000000 4.000000 3.000000
 1372000.000000 285.351546 -0.691260 1.035570 0.003929 22548.739777 204.000000 5.000000 3.000000
 1372500.000000 240.752430 -0.291832 1.035129 0.003929 22555.397086 204.000000 3.000000 3.000000
 1373000.000000 278.773340 -0.704604 1.034711 0.003929 22562.299727 204.000000 4.000000 19.000000
 1373500.000000 264.115512 -0.640145 1.034299 0.003929 22569.265277 204.000000 4.000000 8.000000
 1374000.000000 248.657110 -0.442134 1.033894 0.003929 22576.287922 204.000000 4.000000 4.000000
 1374500.000000 284.568201 -0.673725 1.033470 0.003930 22583.123802 204.000000 4.000000 2.000000
 1375000.000000 272.565868 -0.714574 1.033030 0.003930 22589.794317 204.000000 3.000000 2.000000
 1375500.000000 248.841752 -0.431454 1.032608 0.003930 22596.642422 204.000000 4.000000 1.000000
 1376000.000000 250.032255 -0.435601 1.032193 0.003930 22603.567594 204.000000 5.000000 1.000000
 1376500.000000 255.547650 -0.542118 1.031784 0.003929 22610.543897 204.000000 4.000000 7.000000
 1377000.000000 236.865752 -0.304923 1.031397 0.003929 22617.742192 204.000000 4.000000 2.000000
 1377500.000000 234.567508 -0.358851 1.031008 0.003929 22624.913899 204.000000 4.000000 1.000000
 1378000.000000 244.552581 -0.354923 1.030620 0.003929 22632.102194 204.000000 4.000000 6.000000
 1378500.000000 248.296889 -0.394225 1.030237 0.003929 22639.332811 204.000000 4.000000 1.000000
 1379000.000000 266.000241 -0.647445 1.029851 0.003929 22646.522679 204.000000 5.000000 4.000000
 1379500.000000 239.809574 -0.266678 1.029460 0.003929 22653.676702 204.000000 3.000000 10.000000
 1380000.000000 246.584796 -0.408866 1.029068 0.003928 22660.804516 204.000000 4.000000 11.000000
 1380500.000000 257.491848 -0.540731 1.028667 0.003929 22667.849893 204.000000 4.000000 8.000000
 1381000.000000 238.200998 -0.274787 1.028274 0.003929 22674.975094 204.000000 4.000000 4.000000
 1381500.000000 231.481789 -0.230784 1.027893 0.003929 22682.213539 204.000000 4.000000 3.000000
 1382000.000000 253.762596 -0.431198 1.027497 0.003929 22689.300859 204.000000 4.000000 2.000000
 1382500.000000 246.697724 -0.401417 1.027103 0.003929 22696.410897 204.000000 4.000000 1.000000
 1383000.000000 215.381626 -0.253418 1.026738 0.003929 22703.800982 204.000000 4.000000 2.000000
 1383500.000000 185.477789 -0.390754 1.026351 0.003929 22710.977852 204.000000 4.000000 4.000000
 1384000.000000 198.681608 -0.305419 1.025963 0.003928 22718.137867 204.000000 4.000000 6.000000
 1384500.000000 209.685273 -0.262980 1.025591 0.003929 22725.456149 204.000000 4.000000 1.000000
 1385000.000000 150.410136 -0.818616 1.025190 0.003928 22732.480868 204.000000 3.000000 20.000000
 1385500.000000 164.229928 -0.464098 1.024738 0.003928 22738.977505 204.000000 4.000000 14.000000
 1386000.000000 146.344148 -0.774326 1.024262 0.003928 22745.220998 204.000000 3.000000 10.000000
 1386500.000000 128.336923 -0.962445 1.023785 0.003928 22751.439717 204.000000 4.000000 18.000000
 1387000.000000 136.764649 -0.774333 1.023326 0.003928 22757.861897 204.000000 4.000000 1.000000
 1387500.000000 126.198759 -0.838255 1.022852 0.003928 22764.108848 204.000000 3.000000 17.000000
 1388000.000000 145.639693 -0.734287 1.022381 0.003928 22770.397992 204.000000 3.000000 1.000000
 1388500.000000 182.731719 -0.396621 1.021949 0.003928 22777.094221 204.000000 4.000000 2.000000
 1389000.000000 180.399024 -0.471649 1.021546 0.003927 22784.092468 204.000000 4.000000 7.000000
 1389500.000000 210.255249 -0.333772 1.021160 0.003928 22791.255938 204.000000 5.000000 1.000000
 1390000.000000 182.342481 -0.346822 1.020782 0.003928 22798.496735 204.000000 4.000000 2.000000
 1390500.000000 210.335994 -0.331015 1.020409 0.003928 22805.785284 204.000000 5.000000 12.000000
 1391000.000000 175.203083 -0.439213 1.020032 0.003928 22813.032775 204.000000 4.000000 1.000000
 1391500.000000 198.659143 -0.270094 1.019653 0.003928 22820.254830 204.000000 3.000000 5.000000
 1392000.000000 192.191171 -0.403348 1.019281 0.003928 22827.544311 204.000000 3.000000 5.000000
 1392500.000000 192.848315 -0.425620 1.018908 0.003928 22834.830575 204.000000 3.000000 9.000000
 1393000.000000 207.591467 -0.274590 1.018539 0.003928 22842.147662 204.000000 4.000000 4.000000
 1393500.000000 200.987904 -0.205999 1.018159 0.003928 22849.351886 204.000000 2.000000 1.000000
 1394000.000000 254.042498 -0.412545 1.017776 0.003928 22856.531197 204.000000 4.000000 3.000000
 1394500.000000 232.600104 -0.331350 1.017408 0.003927 22863.853229 204.000000 3.000000 4.000000
 1395000.000000 232.175888 -0.272262 1.017045 0.003927 22871.226207 204.000000 3.000000 17.000000
 1395500.000000 214.370583 -0.238849 1.016676 0.003927 22878.537634 204.000000 4.000000 4.000000
 1396000.000000 240.141285 -0.217538 1.016311 0.003927 22885.885128 204.000000 3.000000 9.000000
 1396500.000000 266.933973 -0.597625 1.015933 0.003927 22893.106989 204.000000 4.000000 1.000000
 1397000.000000 259.388232 -0.529200 1.015560 0.003927 22900.366221 204.000000 4.000000 18.000000
 1397500.000000 277.666330 -0.805805 1.015123 0.003927 22906.987846 204.000000 3.000000 1.000000
 1398000.000000 245.698994 -0.344867 1.014694 0.003927 22913.686704 204.000000 4.000000 2.000000
 1398500.000000 247.135247 -0.457075 1.014312 0.003927 22920.854445 204.000000 4.000000 8.000000
 1399000.000000 255.160108 -0.471452 1.013931 0.003927 22928.037985 204.000000 3.000000 2.000000
 1399500.000000 235.813009 -0.414485 1.013538 0.003927 22935.102051 204.000000 3.000000 2.000000
 1400000.000000 249.330817 -0.366155 1.013162 0.003927 22942.328919 204.000000 4.000000 2.000000
 1400500.000000 249.282302 -0.353499 1.012789 0.003927 22949.587244 204.000000 4.000000 6.000000
 1401000.000000 219.950308 -0.340948 1.012426 0.003927 22956.939443 204.000000 3.000000 9.000000
 1401500.000000 220.914098 -0.225657 1.012066 0.003927 22964.310847 204.000000 4.000000 1.000000
 1402000.000000 190.917965 -0.339324 1.011701 0.003927 22971.643810 204.000000 3.000000 11.000000
 1402500.000000 221.218995 -0.250148 1.011344 0.003927 22979.044963 204.000000 3.000000 5.000000
 1403000.000000 206.873364 -0.273527 1.010976 0.003927 22986.344925 204.000000 4.000000 6.000000
 1403500.000000 214.718887 -0.232682 1.010618 0.003926 22993.739357 204.000000 3.000000 9.000000
 1404000.000000 193.787557 -0.387095 1.010250 0.003926 23001.029249 204.000000 4.000000 5.000000
 1404500.000000 220.627234 -0.210669 1.009888 0.003926 23008.380705 204.000000 4.000000 8.000000
 1405000.000000 203.506974 -0.318049 1.009525 0.003926 23015.718377 204.000000 3.000000 10.000000
 1405500.000000 193.234518 -0.334740 1.009166 0.003926 23023.095254 204.000000 3.000000 13.000000
 1406000.000000 188.987533 -0.400448 1.008790 0.003925 23030.306460 204.000000 3.000000 1.000000
 1406500.000000 144.919795 -0.784166 1.008357 0.003925 23036.930922 204.000000 3.000000 3.000000
 1407000.000000 117.798484 -0.980192 1.007898 0.003925 23043.270116 204.000000 4.000000 8.000000
 1407500.000000 153.818594 -0.674713 1.007434 0.003925 23049.543813 204.000000 4.000000 2.000000
 1408000.000000 150.340154 -0.791940 1.006984 0.003925 23055.975370 204.000000 3.000000 3.000000
 1408500.000000 163.139934 -0.467820 1.006554 0.003925 23062.623457 204.000000 4.000000 8.000000
 1409000.000000 151.648008 -0.747799 1.006137 0.003925 23069.409444 204.000000 4.000000 2.000000
 1409500.000000 154.993346 -0.565676 1.005705 0.003925 23076.038220 204.000000 4.000000 3.000000
 1410000.000000 182.619640 -0.333697 1.005302 0.003925 23082.964125 204.000000 4.000000 4.000000
 1410500.000000 189.461250 -0.345081 1.004922 0.003925 23090.114575 204.000000 3.000000 5.000000
 1411000.000000 174.495533 -0.527516 1.004547 0.003925 23097.319493 204.000000 4.000000 4.000000
 1411500.000000 175.752989 -0.407354 1.004143 0.003925 23104.227362 204.000000 4.000000 2.000000
 1412000.000000 148.335775 -0.748885 1.003711 0.003924 23110.843216 204.000000 3.000000 8.000000
 1412500.000000 123.796579 -0.762848 1.003260 0.003924 23117.242593 204.000000 4.000000 4.000000
 1413000.000000 143.706805 -0.682703 1.002826 0.003924 23123.841436 204.000000 4.000000 1.000000
 1413500.000000 145.189302 -0.681291 1.002389 0.003924 23130.392594 204.000000 3.000000 2.000000
 1414000.000000 139.254076 -0.864584 1.001959 0.003924 23137.016111 204.000000 3.000000 2.000000
 1414500.000000 151.265514 -0.678269 1.001524 0.003924 23143.591850 204.000000 4.000000 8.000000
 1415000.000000 158.258380 -0.625889 1.001119 0.003924 23150.480736 204.000000 4.000000 10.000000
 1415500.000000 152.011492 -0.686257 1.000687 0.003924 23157.076257 204.000000 4.000000 16.000000
 1416000.000000 187.311562 -0.232404 1.000290 0.003924 23164.045008 204.000000 3.000000 3.000000
 1416500.000000 213.015899 -0.346422 0.999940 0.003924 23171.468205 204.000000 4.000000 2.000000
 1417000.000000 161.603544 -0.500875 0.999571 0.003924 23178.710996 204.000000 4.000000 5.000000
 1417500.000000 200.768175 -0.170156 0.999217 0.003924 23186.096855 204.000000 2.000000 1.000000
 1418000.000000 166.717089 -0.439262 0.998856 0.003924 23193.417631 204.000000 4.000000 3.000000
 1418500.000000 192.413800 -0.331363 0.998505 0.003924 23200.831740 204.000000 3.000000 1.000000
 1419000.000000 198.929539 -0.193435 0.998137 0.003924 23208.072779 204.000000 3.000000 6.000000
 1419500.000000 187.857318 -0.265498 0.997768 0.003924 23215.305978 204.000000 3.000000 6.000000
 1420000.000000 143.709483 -0.614310 0.997401 0.003923 23222.562702 204.000000 4.000000 7.000000
 1420500.000000 172.797459 -0.546287 0.997001 0.003923 23229.482073 204.000000 3.000000 16.000000
 1421000.000000 204.276807 -0.311027 0.996639 0.003923 23236.780291 204.000000 3.000000 3.000000
 1421500.000000 221.377715 -0.267063 0.996293 0.003923 23244.234793 204.000000 3.000000 1.000000
 1422000.000000 241.175340 -0.259078 0.995939 0.003923 23251.614682 204.000000 3.000000 9.000000
 1422500.000000 279.720099 -0.720140 0.995532 0.003923 23258.448832 204.000000 4.000000 5.000000
 1423000.000000 291.644891 -0.793779 0.995092 0.003923 23264.936318 204.000000 3.000000 7.000000
 1423500.000000 292.016266 -0.842150 0.994642 0.003922 23271.306636 204.000000 3.000000 9.000000
 1424000.000000 295.114887 -0.734553 0.994209 0.003922 23277.865620 204.000000 4.000000 2.000000
 1424500.000000 309.596156 -0.612963 0.993778 0.003922 23284.446216 204.000000 3.000000 1.000000
 1425000.000000 290.701332 -0.779766 0.993334 0.003922 23290.880698 204.000000 3.000000 10.000000
 1425500.000000 273.012924 -0.563392 0.992923 0.003922 23297.669141 204.000000 4.000000 2.000000
 1426000.000000 266.691746 -0.546881 0.992502 0.003922 23304.339900 204.000000 4.000000 6.000000
 1426500.000000 291.189739 -0.716969 0.992066 0.003922 23310.861692 204.000000 4.000000 3.000000
 1427000.000000 267.339253 -0.568545 0.991667 0.003922 23317.759268 204.000000 4.000000 16.000000
 1427500.000000 275.470354 -0.646928 0.991271 0.003922 23324.697636 204.000000 4.000000 2.000000
 1428000.000000 286.142741 -0.677119 0.990867 0.003922 23331.550406 204.000000 4.000000 8.000000
 1428500.000000 263.292888 -0.534132 0.990484 0.003922 23338.620897 204.000000 4.000000 1.000000
 1429000.000000 286.256479 -0.672286 0.990060 0.003922 23345.257349 204.000000 4.000000 13.000000
 1429500.000000 306.986805 -0.651632 0.989610 0.003922 23351.597591 204.000000 3.000000 4.000000
 1430000.000000 289.918994 -0.822935 0.989101 0.003902 23357.189147 205.000000 3.000000 6.000000
 1430500.000000 316.849608 -0.839168 0.988640 0.003902 23363.405539 205.000000 3.000000 7.000000
 1431000.000000 299.254787 -0.684932 0.988191 0.003902 23369.744117 205.000000 4.000000 1.000000
 1431500.000000 275.755440 -0.640710 0.987753 0.003902 23376.225772 205.000000 4.000000 8.000000
 1432000.000000 277.856132 -0.775804 0.987339 0.003902 23382.951081 205.000000 4.000000 5.000000
 1432500.000000 295.368046 -0.661213 0.986913 0.003902 23389.553281 205.000000 4.000000 9.000000
 1433000.000000 300.984978 -0.624691 0.986479 0.003902 23396.062667 205.000000 4.000000 3.000000
 1433500.000000 315.313823 -0.707389 0.986043 0.003901 23402.547014 205.000000 3.000000 3.000000
 1434000.000000 284.051668 -0.693252 0.985586 0.003901 23408.780620 205.000000 5.000000 1.000000
 1434500.000000 263.083902 -0.532155 0.985200 0.003901 23415.793762 205.000000 3.000000 2.000000
 1435000.000000 241.494317 -0.274414 0.984818 0.003901 23422.840543 205.000000 3.000000 3.000000
 1435500.000000 268.974772 -0.649113 0.984413 0.003901 23429.656990 205.000000 4.000000 7.000000
 1436000.000000 283.489560 -0.658672 0.984011 0.003901 23436.510136 205.000000 4.000000 1.000000
 1436500.000000 248.383899 -0.334179 0.983619 0.003901 23443.454840 205.000000 5.000000 34.000000
 1437000.000000 254.946541 -0.411234 0.983249 0.003901 23450.626661 205.000000 3.000000 1.000000
 1437500.000000 265.343800 -0.499805 0.982889 0.003901 23457.891157 205.000000 4.000000 1.000000
 1438000.000000 260.340131 -0.486213 0.982501 0.003901 23464.872538 205.000000 4.000000 4.000000
 1438500.000000 250.709845 -0.311992 0.982118 0.003901 23471.913688 205.000000 4.000000 3.000000
 1439000.000000 281.646736 -0.694608 0.981714 0.003901 23478.723868 205.000000 4.000000 6.000000
 1439500.000000 278.648810 -0.575899 0.981309 0.003901 23485.524217 205.000000 4.000000 18.000000
 1440000.000000 297.840671 -0.657605 0.980898 0.003901 23492.263868 205.000000 4.000000 9.000000
 1440500.000000 279.100975 -0.567771 0.980486 0.003901 23498.984605 205.000000 4.000000 1.000000
 1441000.000000 312.953102 -0.845243 0.980063 0.003901 23505.588064 205.000000 3.000000 6.000000
 1441500.000000 323.446626 -0.978463 0.979626 0.003901 23512.027365 205.000000 3.000000 10.000000
 1442000.000000 313.562754 -0.713942 0.979201 0.003901 23518.607836 205.000000 3.000000 6.000000
 1442500.000000 277.783522 -0.675256 0.978732 0.003883 23524.651735 206.000000 3.000000 10.000000
 1443000.000000 313.708160 -0.652298 0.978311 0.003882 23531.267669 206.000000 4.000000 4.000000
 1443500.000000 333.337377 -1.204523 0.977821 0.003883 23537.060901 206.000000 4.000000 8.000000
 1444000.000000 343.745707 -1.463208 0.977291 0.003863 23542.316073 207.000000 4.000000 3.000000
 1444500.000000 322.628806 -0.953585 0.976790 0.003844 23547.932685 208.000000 3.000000 13.000000
 1445000.000000 338.919929 -1.523071 0.976302 0.003844 23553.749291 208.000000 3.000000 1.000000
 1445500.000000 352.624008 -2.122418 0.975768 0.003844 23558.951601 208.000000 4.000000 2.000000
 1446000.000000 315.945350 -0.632825 0.975259 0.003844 23564.466657 208.000000 4.000000 6.000000
 1446500.000000 309.099049 -0.594001 0.974809 0.003843 23570.728276 208.000000 3.000000 1.000000
 1447000.000000 297.236982 -0.598432 0.974393 0.003843 23577.384824 208.000000 5.000000 8.000000
 1447500.000000 318.100664 -0.713706 0.973977 0.003843 23584.025896 208.000000 3.000000 7.000000
 1448000.000000 333.705343 -1.100081 0.973516 0.003859 23590.152411 207.000000 3.000000 1.000000
 1448500.000000 307.535815 -0.631783 0.973064 0.003859 23596.382264 207.000000 3.000000 2.000000
 1449000.000000 317.764529 -0.652621 0.972637 0.003858 23602.898489 207.000000 3.000000 3.000000
 1449500.000000 297.735094 -0.610886 0.972232 0.003858 23609.665235 207.000000 4.000000 1.000000
 1450000.000000 325.234295 -0.870367 0.971821 0.003858 23616.354032 207.000000 3.000000 7.000000
 1450500.000000 329.219357 -1.012342 0.971300 0.003858 23621.743259 207.000000 3.000000 8.000000
 1451000.000000 320.350800 -0.756288 0.970863 0.003858 23628.136973 207.000000 3.000000 7.000000
 1451500.000000 351.208031 -1.699099 0.970366 0.003858 23633.769673 207.000000 2.000000 1.000000
 1452000.000000 321.185266 -0.703862 0.969878 0.003857 23639.536861 207.000000 3.000000 3.000000
 1452500.000000 335.695192 -1.080786 0.969391 0.003857 23645.317123 207.000000 4.000000 9.000000
 1453000.000000 329.622471 -0.977221 0.968930 0.003857 23651.387447 207.000000 3.000000 1.000000
 1453500.000000 311.637006 -0.624299 0.968497 0.003857 23657.795961 207.000000 3.000000 24.000000
 1454000.000000 334.964836 -0.871282 0.968012 0.003838 23663.569865 208.000000 3.000000 1.000000
 1454500.000000 334.898494 -0.845125 0.967594 0.003838 23670.178030 208.000000 4.000000 2.000000
 1455000.000000 322.180174 -0.678131 0.967105 0.003856 23675.904904 207.000000 3.000000 4.000000
 1455500.000000 291.365888 -0.582808 0.966683 0.003856 23682.449959 207.000000 4.000000 1.000000
 1456000.000000 322.680939 -0.762610 0.966271 0.003856 23689.111605 207.000000 3.000000 3.000000
 1456500.000000 360.213011 -2.098741 0.965736 0.003855 23694.262206 207.000000 3.000000 1.000000
 1457000.000000 359.070636 -1.774817 0.965162 0.003855 23698.880383 207.000000 3.000000 2.000000
 1457500.000000 320.479220 -0.690847 0.964667 0.003836 23704.510174 208.000000 3.000000 3.000000
 1458000.000000 315.640988 -0.562615 0.964247 0.003836 23711.051690 208.000000 4.000000 4.000000
 1458500.000000 306.445847 -0.489519 0.963850 0.003836 23717.869213 208.000000 4.000000 3.000000
 1459000.000000 277.354758 -0.579924 0.963454 0.003836 23724.692534 208.000000 3.000000 8.000000
 1459500.000000 286.398516 -0.605515 0.963062 0.003836 23731.561562 208.000000 4.000000 16.000000
 1460000.000000 276.044325 -0.554721 0.962672 0.003836 23738.442783 208.000000 3.000000 2.000000
 1460500.000000 304.108473 -0.638296 0.962287 0.003836 23745.380882 208.000000 4.000000 6.000000
 1461000.000000 326.382932 -0.823526 0.961883 0.003836 23752.112975 208.000000 4.000000 2.000000
 1461500.000000 335.898885 -1.008121 0.961484 0.003836 23758.890219 208.000000 4.000000 3.000000
 1462000.000000 341.571486 -1.294390 0.961072 0.003835 23765.525849 208.000000 4.000000 1.000000
 1462500.000000 317.330586 -0.551681 0.960656 0.003835 23772.104152 208.000000 3.000000 9.000000
 1463000.000000 301.209351 -0.563975 0.960229 0.003835 23778.569211 208.000000 3.000000 2.000000
 1463500.000000 308.801001 -0.456758 0.959809 0.003835 23785.102301 208.000000 3.000000 6.000000
 1464000.000000 330.023089 -0.806235 0.959400 0.003834 23791.754780 208.000000 3.000000 3.000000
 1464500.000000 286.410108 -0.573861 0.959000 0.003834 23798.514052 208.000000 4.000000 2.000000
 1465000.000000 321.776345 -0.577071 0.958608 0.003834 23805.369966 208.000000 3.000000 17.000000
 1465500.000000 306.630956 -0.476135 0.958192 0.003834 23811.946344 208.000000 3.000000 1.000000
 1466000.000000 325.856703 -0.720946 0.957787 0.003834 23818.638230 208.000000 3.000000 2.000000
 1466500.000000 335.026077 -0.789050 0.957342 0.003815 23824.838792 209.000000 4.000000 9.000000
 1467000.000000 302.273889 -0.506691 0.956927 0.003815 23831.405501 209.000000 4.000000 5.000000
 1467500.000000 307.323920 -0.523695 0.956541 0.003815 23838.315391 209.000000 3.000000 2.000000
 1468000.000000 279.157734 -0.544943 0.956153 0.003815 23845.189408 209.000000 4.000000 2.000000
 1468500.000000 264.756661 -0.472221 0.955788 0.003815 23852.305048 209.000000 5.000000 2.000000
 1469000.000000 283.083804 -0.598186 0.955432 0.003815 23859.510783 209.000000 4.000000 1.000000
 1469500.000000 306.448901 -0.429595 0.955055 0.003815 23866.508789 209.000000 4.000000 7.000000
 1470000.000000 327.694112 -0.712671 0.954676 0.003815 23873.469784 209.000000 3.000000 12.000000
 1470500.000000 335.474826 -0.843077 0.954263 0.003814 23880.058445 209.000000 3.000000 8.000000
 1471000.000000 354.165711 -1.673179 0.953788 0.003814 23885.890669 209.000000 3.000000 4.000000
 1471500.000000 349.650175 -1.196567 0.953344 0.003814 23892.116312 209.000000 3.000000 1.000000
 1472000.000000 352.533369 -1.210254 0.952875 0.003814 23898.014261 209.000000 3.000000 1.000000
 1472500.000000 348.890927 -1.099325 0.952350 0.003796 23903.183928 210.000000 3.000000 3.000000
 1473000.000000 347.203937 -1.151380 0.951810 0.003795 23908.186195 210.000000 3.000000 1.000000
 1473500.000000 357.695722 -1.660496 0.951292 0.003777 23913.453585 211.000000 3.000000 9.000000
 1474000.000000 342.733292 -1.272166 0.950772 0.003760 23918.693948 212.000000 4.000000 3.000000
 1474500.000000 358.259431 -1.574345 0.950250 0.003759 23923.924850 212.000000 3.000000 2.000000
 1475000.000000 332.310317 -0.785095 0.949830 0.003759 23930.418198 212.000000 4.000000 4.000000
 1475500.000000 333.233392 -0.757985 0.949434 0.003759 23937.182571 212.000000 3.000000 5.000000
 1476000.000000 304.273265 -0.491347 0.949044 0.003758 23944.001091 212.000000 4.000000 9.000000
 1476500.000000 311.708423 -0.491154 0.948658 0.003758 23950.875212 212.000000 4.000000 4.000000
 1477000.000000 332.548004 -0.725423 0.948263 0.003758 23957.650147 212.000000 4.000000 6.000000
 1477500.000000 326.673977 -0.635445 0.947865 0.003757 23964.380586 212.000000 3.000000 5.000000
 1478000.000000 340.601003 -1.101749 0.947449 0.003757 23970.901973 212.000000 3.000000 2.000000
 1478500.000000 329.828195 -0.630319 0.947047 0.003757 23977.585965 212.000000 3.000000 7.000000
 1479000.000000 296.737096 -0.501299 0.946672 0.003757 23984.561997 212.000000 5.000000 5.000000
 1479500.000000 310.649558 -0.422315 0.946305 0.003757 23991.625066 212.000000 3.000000 9.000000
 1480000.000000 296.654446 -0.490598 0.945932 0.003756 23998.622487 212.000000 5.000000 2.000000
 1480500.000000 300.347834 -0.455850 0.945562 0.003756 24005.652217 212.000000 4.000000 10.000000
 1481000.000000 271.727986 -0.462312 0.945195 0.003756 24012.709308 212.000000 4.000000 4.000000
 1481500.000000 292.956054 -0.602051 0.944828 0.003756 24019.762361 212.000000 4.000000 3.000000
 1482000.000000 286.270780 -0.506244 0.944457 0.003756 24026.776158 212.000000 4.000000 3.000000
 1482500.000000 317.234248 -0.423266 0.944087 0.003756 24033.801751 212.000000 3.000000 14.000000
 1483000.000000 317.782327 -0.387255 0.943727 0.003756 24040.919478 212.000000 4.000000 1.000000
 1483500.000000 283.653399 -0.527867 0.943353 0.003756 24047.903968 212.000000 4.000000 7.000000
 1484000.000000 279.028984 -0.495550 0.942981 0.003756 24054.894592 212.000000 4.000000 1.000000
 1484500.000000 274.266943 -0.519148 0.942617 0.003756 24061.974692 212.000000 3.000000 11.000000
 1485000.000000 271.888248 -0.423926 0.942248 0.003756 24069.002491 212.000000 4.000000 16.000000
 1485500.000000 296.800659 -0.448759 0.941887 0.003756 24076.108067 212.000000 5.000000 3.000000
 1486000.000000 287.561662 -0.501325 0.941522 0.003756 24083.166019 212.000000 4.000000 4.000000
 1486500.000000 299.952759 -0.477652 0.941162 0.003756 24090.278929 212.000000 3.000000 2.000000
 1487000.000000 302.021011 -0.438346 0.940792 0.003756 24097.291440 212.000000 3.000000 20.000000
 1487500.000000 282.196165 -0.582390 0.940428 0.003756 24104.361214 212.000000 4.000000 2.000000
 1488000.000000 321.586279 -0.469587 0.940065 0.003756 24111.437415 212.000000 3.000000 2.000000
 1488500.000000 285.438325 -0.430499 0.939702 0.003756 24118.515646 212.000000 5.000000 6.000000
 1489000.000000 297.632769 -0.446720 0.939348 0.003756 24125.684713 212.000000 4.000000 6.000000
 1489500.000000 295.756459 -0.408874 0.938989 0.003756 24132.796024 212.000000 4.000000 2.000000
 1490000.000000 337.031404 -0.910326 0.938623 0.003756 24139.836604 212.000000 4.000000 1.000000
 1490500.000000 329.786496 -0.615143 0.938227 0.003755 24146.528124 212.000000 3.000000 7.000000
 1491000.000000 309.984475 -0.320612 0.937873 0.003755 24153.689102 212.000000 4.000000 2.000000
 1491500.000000 329.782264 -0.585076 0.937510 0.003755 24160.756340 212.000000 3.000000 11.000000
 1492000.000000 324.720388 -0.545029 0.937137 0.003755 24167.713768 212.000000 4.000000 4.000000
 1492500.000000 311.451164 -0.435668 0.936771 0.003755 24174.743175 212.000000 3.000000 1.000000
 1493000.000000 312.730380 -0.402511 0.936422 0.003755 24181.948633 212.000000 3.000000 2.000000
 1493500.000000 305.576668 -0.433592 0.936043 0.003754 24188.835711 212.000000 3.000000 16.000000
 1494000.000000 341.235196 -1.073395 0.935660 0.003754 24195.653574 212.000000 4.000000 3.000000
 1494500.000000 327.018875 -0.581713 0.935245 0.003754 24202.142917 212.000000 3.000000 1.000000
 1495000.000000 336.839541 -0.776990 0.934825 0.003754 24208.545241 212.000000 4.000000 7.000000
 1495500.000000 323.331124 -0.614193 0.934398 0.003753 24214.870948 212.000000 3.000000 6.000000
 1496000.000000 337.830278 -0.796425 0.934022 0.003753 24221.783617 212.000000 4.000000 2.000000
 1496500.000000 331.908815 -0.674814 0.933591 0.003735 24227.997845 213.000000 3.000000 2.000000
 1497000.000000 337.906569 -0.781161 0.933158 0.003735 24234.246305 213.000000 4.000000 3.000000
 1497500.000000 340.188244 -0.989946 0.932733 0.003735 24240.578896 213.000000 4.000000 5.000000
 1498000.000000 353.001145 -1.106128 0.932333 0.003735 24247.211321 213.000000 4.000000 19.000000
 1498500.000000 350.512061 -0.982168 0.931893 0.003735 24253.383466 213.000000 3.000000 4.000000
 1499000.000000 329.523401 -0.519432 0.931526 0.003734 24260.379084 213.000000 3.000000 4.000000
 1499500.000000 358.192517 -1.370984 0.931118 0.003734 24266.903010 213.000000 3.000000 1.000000
 1500000.000000 343.776875 -0.919102 0.930658 0.003734 24272.794445 213.000000 4.000000 2.000000
 1500500.000000 348.815563 -0.902557 0.930183 0.003734 24278.519718 213.000000 4.000000 2.000000
 1501000.000000 347.547608 -1.026100 0.929710 0.003716 24284.227752 214.000000 3.000000 7.000000
 1501500.000000 342.723025 -1.000170 0.929255 0.003716 24290.186188 214.000000 4.000000 3.000000
 1502000.000000 334.016199 -0.526926 0.928818 0.003716 24296.350901 214.000000 4.000000 12.000000
 1502500.000000 340.144798 -0.904855 0.928402 0.003716 24302.774283 214.000000 4.000000 1.000000
 1503000.000000 352.990842 -0.954219 0.928035 0.003715 24309.750967 214.000000 4.000000 4.000000
 1503500.000000 358.898450 -1.155920 0.927579 0.003715 24315.699077 214.000000 4.000000 1.000000
 1504000.000000 367.073704 -1.581428 0.927105 0.003715 24321.401879 214.000000 4.000000 2.000000
 1504500.000000 357.319287 -1.207419 0.926625 0.003697 24326.991095 215.000000 4.000000 4.000000
 1505000.000000 318.183372 -0.334332 0.926221 0.003697 24333.534757 215.000000 3.000000 1.000000
 1505500.000000 345.863505 -0.847174 0.925815 0.003697 24340.054529 215.000000 3.000000 13.000000
 1506000.000000 376.622858 -2.742072 0.925373 0.003680 24346.114554 216.000000 3.000000 2.000000
 1506500.000000 329.583172 -0.453423 0.924986 0.003680 24352.848454 216.000000 3.000000 5.000000
 1507000.000000 324.792388 -0.491385 0.924606 0.003679 24359.665254 216.000000 3.000000 4.000000
 1507500.000000 315.412261 -0.413320 0.924258 0.003679 24366.837429 216.000000 4.000000 9.000000
 1508000.000000 329.946651 -0.428600 0.923908 0.003679 24373.986674 216.000000 3.000000 3.000000
 1508500.000000 344.462973 -0.760671 0.923532 0.003679 24380.852614 216.000000 4.000000 2.000000
 1509000.000000 310.116703 -0.271292 0.923188 0.003678 24388.064792 216.000000 3.000000 3.000000
 1509500.000000 329.866994 -0.392875 0.922801 0.003678 24394.777762 216.000000 3.000000 2.000000
 1510000.000000 298.701029 -0.390062 0.922423 0.003678 24401.603011 216.000000 5.000000 18.000000
 1510500.000000 295.510664 -0.359763 0.922068 0.003678 24408.693399 216.000000 4.000000 2.000000
 1511000.000000 310.273689 -0.263493 0.921726 0.003678 24415.914679 216.000000 4.000000 1.000000
 1511500.000000 294.784600 -0.351748 0.921390 0.003678 24423.206002 216.000000 4.000000 2.000000
 1512000.000000 311.921018 -0.301698 0.921050 0.003678 24430.441995 216.000000 4.000000 20.000000
 1512500.000000 282.876281 -0.519052 0.920705 0.003678 24437.627211 216.000000 4.000000 5.000000
 1513000.000000 257.569072 -0.389451 0.920368 0.003678 24444.901140 216.000000 4.000000 1.000000
 1513500.000000 242.869603 -0.298142 0.920046 0.003678 24452.318377 216.000000 3.000000 1.000000
 1514000.000000 218.762510 -0.263016 0.919724 0.003677 24459.746524 216.000000 4.000000 2.000000
 1514500.000000 225.098961 -0.322113 0.919414 0.003677 24467.280763 216.000000 3.000000 2.000000
 1515000.000000 215.040836 -0.181891 0.919105 0.003677 24474.828563 216.000000 4.000000 2.000000
 1515500.000000 171.730806 -0.513781 0.918788 0.003677 24482.287901 216.000000 4.000000 1.000000
 1516000.000000 219.206348 -0.250307 0.918456 0.003677 24489.602445 216.000000 4.000000 2.000000
 1516500.000000 216.313850 -0.322497 0.918146 0.003677 24497.136205 216.000000 3.000000 3.000000
 1517000.000000 257.517930 -0.379317 0.917834 0.003677 24504.648306 216.000000 4.000000 4.000000
 1517500.000000 239.364431 -0.294619 0.917523 0.003677 24512.168670 216.000000 3.000000 6.000000
 1518000.000000 222.790710 -0.228133 0.917211 0.003677 24519.680343 216.000000 4.000000 6.000000
 1518500.000000 254.085109 -0.323714 0.916895 0.003677 24527.150865 216.000000 4.000000 8.000000
 1519000.000000 236.311760 -0.281212 0.916576 0.003677 24534.593297 216.000000 4.000000 12.000000
 1519500.000000 210.825584 -0.352919 0.916268 0.003677 24542.134877 216.000000 4.000000 8.000000
 1520000.000000 225.845347 -0.252152 0.915971 0.003677 24549.786436 216.000000 4.000000 7.000000
 1520500.000000 197.385212 -0.267402 0.915660 0.003677 24557.298736 216.000000 4.000000 17.000000
 1521000.000000 192.380544 -0.309942 0.915325 0.003676 24564.573500 216.000000 3.000000 1.000000
 1521500.000000 211.054763 -0.346183 0.915016 0.003676 24572.099495 216.000000 4.000000 3.000000
 1522000.000000 233.793598 -0.219633 0.914716 0.003676 24579.720908 216.000000 3.000000 2.000000
 1522500.000000 243.365874 -0.269454 0.914411 0.003676 24587.293548 216.000000 3.000000 2.000000
 1523000.000000 199.212353 -0.155965 0.914112 0.003676 24594.911864 216.000000 3.000000 1.000000
 1523500.000000 166.493930 -0.419038 0.913776 0.003675 24602.167879 216.000000 4.000000 4.000000
 1524000.000000 197.496653 -0.278030 0.913463 0.003675 24609.651892 216.000000 3.000000 8.000000
 1524500.000000 196.302237 -0.250319 0.913158 0.003675 24617.216757 216.000000 3.000000 9.000000
 1525000.000000 208.605095 -0.148186 0.912860 0.003675 24624.844582 216.000000 4.000000 1.000000
 1525500.000000 208.572414 -0.132700 0.912565 0.003675 24632.507133 216.000000 4.000000 3.000000
 1526000.000000 212.830072 -0.342814 0.912260 0.003675 24640.063425 216.000000 4.000000 8.000000
 1526500.000000 213.750438 -0.168742 0.911957 0.003675 24647.642851 216.000000 4.000000 1.000000
 1527000.000000 201.732020 -0.144243 0.911661 0.003675 24655.295056 216.000000 3.000000 2.000000
 1527500.000000 182.380237 -0.241250 0.911343 0.003675 24662.720438 216.000000 4.000000 2.000000
 1528000.000000 207.285982 -0.235759 0.911029 0.003675 24670.181326 216.000000 3.000000 1.000000
 1528500.000000 171.730742 -0.489213 0.910706 0.003675 24677.556698 216.000000 4.000000 5.000000
 1529000.000000 147.226974 -0.678681 0.910366 0.003675 24684.747335 216.000000 3.000000 6.000000
 1529500.000000 179.066558 -0.458867 0.910036 0.003675 24692.053672 216.000000 4.000000 1.000000
 1530000.000000 158.826784 -0.587008 0.909688 0.003675 24699.161162 216.000000 4.000000 3.000000
 1530500.000000 156.158228 -0.562015 0.909329 0.003675 24706.155612 216.000000 4.000000 1.000000
 1531000.000000 152.408034 -0.673970 0.908963 0.003675 24713.069245 216.000000 3.000000 2.000000
 1531500.000000 177.572104 -0.400980 0.908642 0.003675 24720.451139 216.000000 5.000000 2.000000
 1532000.000000 195.139923 -0.259508 0.908323 0.003675 24727.854218 216.000000 4.000000 27.000000
 1532500.000000 161.087231 -0.428870 0.907980 0.003675 24735.007830 216.000000 4.000000 7.000000
 1533000.000000 181.846605 -0.267740 0.907643 0.003675 24742.232025 216.000000 4.000000 15.000000
 1533500.000000 179.950206 -0.401200 0.907316 0.003675 24749.552267 216.000000 4.000000 3.000000
 1534000.000000 184.343665 -0.368130 0.906995 0.003676 24756.935646 216.000000 4.000000 7.000000
 1534500.000000 199.362223 -0.142522 0.906662 0.003675 24764.182932 216.000000 3.000000 8.000000
 1535000.000000 178.254849 -0.408343 0.906348 0.003675 24771.633371 216.000000 4.000000 1.000000
 1535500.000000 176.972179 -0.322774 0.906027 0.003676 24779.002553 216.000000 5.000000 3.000000
 1536000.000000 144.045599 -0.591820 0.905666 0.003676 24785.954627 216.000000 3.000000 3.000000
 1536500.000000 160.803245 -0.446337 0.905315 0.003676 24793.015220 216.000000 4.000000 2.000000
 1537000.000000 165.399514 -0.526850 0.904953 0.003675 24799.955064 216.000000 3.000000 7.000000
 1537500.000000 172.398608 -0.440763 0.904616 0.003675 24807.160027 216.000000 4.000000 16.000000
 1538000.000000 161.397105 -0.389666 0.904293 0.003675 24814.507819 216.000000 4.000000 1.000000
 1538500.000000 195.603573 -0.239765 0.903981 0.003675 24821.976890 216.000000 4.000000 12.000000
 1539000.000000 169.032989 -0.359730 0.903677 0.003675 24829.515925 216.000000 3.000000 5.000000
 1539500.000000 140.702278 -0.512939 0.903349 0.003676 24836.811779 216.000000 4.000000 2.000000
 1540000.000000 168.092647 -0.363487 0.903010 0.003675 24843.986387 216.000000 4.000000 3.000000
 1540500.000000 181.998370 -0.219853 0.902714 0.003675 24851.598285 216.000000 4.000000 2.000000
 1541000.000000 178.162225 -0.361181 0.902412 0.003675 24859.158092 216.000000 4.000000 3.000000
 1541500.000000 186.995232 -0.155982 0.902112 0.003675 24866.729816 216.000000 3.000000 6.000000
 1542000.000000 200.352071 -0.118912 0.901802 0.003675 24874.201568 216.000000 3.000000 5.000000
 1542500.000000 152.867880 -0.566125 0.901488 0.003675 24881.627950 216.000000 4.000000 7.000000
 1543000.000000 152.796242 -0.567258 0.901161 0.003675 24888.918680 216.000000 4.000000 4.000000
 1543500.000000 153.215543 -0.499844 0.900839 0.003675 24896.274336 216.000000 4.000000 3.000000
 1544000.000000 150.072396 -0.602089 0.900497 0.003675 24903.408667 216.000000 4.000000 7.000000
 1544500.000000 209.504210 -0.170782 0.900195 0.003675 24910.952555 216.000000 4.000000 2.000000
 1545000.000000 251.714705 -0.301799 0.899889 0.003675 24918.457648 216.000000 4.000000 2.000000
 1545500.000000 223.001055 -0.234194 0.899582 0.003675 24925.960104 216.000000 4.000000 1.000000
 1546000.000000 201.144233 -0.103562 0.899297 0.003675 24933.667824 216.000000 3.000000 6.000000
 1546500.000000 191.074834 -0.193012 0.899006 0.003675 24941.315998 216.000000 3.000000 5.000000
 1547000.000000 188.588269 -0.266499 0.898716 0.003675 24948.976226 216.000000 3.000000 2.000000
 1547500.000000 160.845503 -0.407243 0.898410 0.003675 24956.477824 216.000000 4.000000 2.000000
 1548000.000000 178.283485 -0.352726 0.898095 0.003675 24963.896988 216.000000 4.000000 8.000000
 1548500.000000 145.887293 -0.578146 0.897739 0.003675 24970.864940 216.000000 4.000000 6.000000
 1549000.000000 141.169772 -0.530842 0.897391 0.003675 24977.920196 216.000000 4.000000 6.000000
 1549500.000000 164.787160 -0.346285 0.897067 0.003675 24985.227558 216.000000 4.000000 4.000000
 1550000.000000 155.611542 -0.493153 0.896722 0.003675 24992.318759 216.000000 3.000000 37.000000
 1550500.000000 206.392350 -0.234821 0.896412 0.003675 24999.775741 216.000000 4.000000 1.000000
 1551000.000000 154.197095 -0.449975 0.896095 0.003675 25007.152788 216.000000 4.000000 4.000000
 1551500.000000 168.087787 -0.330331 0.895750 0.003675 25014.237324 216.000000 4.000000 2.000000
 1552000.000000 131.276807 -0.833596 0.895376 0.003675 25020.998370 216.000000 4.000000 2.000000
 1552500.000000 143.317432 -0.595786 0.895054 0.003675 25028.318655 216.000000 3.000000 1.000000
 1553000.000000 124.528101 -0.796166 0.894677 0.003675 25035.041948 216.000000 4.000000 8.000000
 1553500.000000 81.520832 -0.559948 0.894303 0.003675 25041.795703 216.000000 4.000000 10.000000
 1554000.000000 92.773176 -0.621813 0.893921 0.003675 25048.466721 216.000000 3.000000 29.000000
 1554500.000000 93.819142 -0.643875 0.893534 0.003675 25055.071008 216.000000 3.000000 2.000000
 1555000.000000 65.889063 -0.360320 0.893163 0.003675 25061.844853 216.000000 3.000000 11.000000
 1555500.000000 60.223192 -0.461979 0.892826 0.003674 25069.006446 216.000000 4.000000 2.000000
 1556000.000000 50.200875 -0.119974 0.892532 0.003674 25076.601183 216.000000 3.000000 2.000000
 1556500.000000 51.325414 -0.144981 0.892219 0.003674 25084.012034 216.000000 3.000000 21.000000
 1557000.000000 58.829382 -0.297138 0.891924 0.003673 25091.598373 216.000000 4.000000 5.000000
 1557500.000000 49.303256 -0.148551 0.891626 0.003673 25099.155588 216.000000 3.000000 53.000000
 1558000.000000 46.212290 -0.081716 0.891347 0.003673 25106.895098 216.000000 3.000000 9.000000
 1558500.000000 55.229025 -0.253331 0.891092 0.003673 25114.858552 216.000000 3.000000 12.000000
 1559000.000000 59.049855 -0.293087 0.890808 0.003672 25122.544419 216.000000 3.000000 13.000000
 1559500.000000 48.620585 -0.138273 0.890513 0.003672 25130.128915 216.000000 3.000000 26.000000
 1560000.000000 40.425284 -0.006424 0.890249 0.003672 25138.012202 216.000000 3.000000 11.000000
 1560500.000000 35.794775 0.044430 0.890013 0.003671 25146.146682 216.000000 3.000000 9.000000
 1561000.000000 31.550234 0.026967 0.889773 0.003671 25154.240860 216.000000 4.000000 1.000000
 1561500.000000 29.587879 0.024776 0.889537 0.003671 25162.370807 216.000000 4.000000 15.000000
 1562000.000000 31.439122 0.038687 0.889302 0.003671 25170.516075 216.000000 4.000000 25.000000
 1562500.000000 23.625151 -0.016538 0.889067 0.003671 25178.650327 216.000000 4.000000 12.000000
 1563000.000000 26.970278 -0.057580 0.888827 0.003671 25186.745557 216.000000 3.000000 52.000000
 1563500.000000 20.023421 0.036904 0.888598 0.003670 25194.929864 216.000000 4.000000 6.000000
 1564000.000000 7.190869 0.402659 0.888424 0.003670 25203.554975 216.000000 3.000000 45.000000
 1564500.000000 10.124503 0.393315 0.888251 0.003670 25212.189395 216.000000 3.000000 28.000000
 1565000.000000 22.323178 0.077805 0.888036 0.003670 25220.495583 216.000000 4.000000 17.000000
 1565500.000000 12.611274 0.269140 0.887815 0.003670 25228.748962 216.000000 3.000000 36.000000
 1566000.000000 14.994686 0.115774 0.887616 0.003670 25237.179673 216.000000 3.000000 51.000000
 1566500.000000 11.162196 0.294288 0.887423 0.003669 25245.659669 216.000000 3.000000 43.000000
 1567000.000000 6.828766 0.426758 0.887253 0.003669 25254.317416 216.000000 3.000000 15.000000
 1567500.000000 2.869031 0.689410 0.887126 0.003669 25263.261723 216.000000 3.000000 38.000000
 1568000.000000 3.925079 0.639557 0.887190 0.003669 25272.545336 216.000000 3.000000 145.000000
 1568500.000000 3.866766 0.643831 0.887224 0.003667 25282.057447 216.000000 3.000000 14.000000
 1569000.000000 1.829795 0.837535 0.887193 0.003662 25291.543496 216.000000 3.000000 69.000000
 1569500.000000 4.997434 0.499423 0.887133 0.003662 25300.683226 216.000000 3.000000 68.000000
 1570000.000000 1.452926 1.341508 0.887374 0.003663 25309.850017 216.000000 3.000000 694.000000
 1570500.000000 0.490037 2.205926 0.887895 0.003664 25318.646940 216.000000 3.000000 9569.000000
 1571000.000000 0.491687 2.205307 0.888413 0.003666 25327.476615 216.000000 3.000000 208.000000
 1571500.000000 0.405226 2.228925 0.888988 0.003667 25335.955779 216.000000 3.000000 208.000000
 1572000.000000 0.000000 2.269371 0.889573 0.003667 25344.348472 216.000000 3.000000 2021.000000
 1572500.000000 0.191786 2.264481 0.890145 0.003667 25352.842770 216.000000 3.000000 386.000000
 1573000.000000 1.078094 1.871415 0.890583 0.003669 25361.907838 216.000000 3.000000 131.000000
 1573500.000000 1.930671 0.844939 0.890641 0.003669 25371.426824 216.000000 3.000000 169.000000
 1574000.000000 1.747470 0.846510 0.890999 0.003670 25380.651668 216.000000 3.000000 721.000000
 1574500.000000 0.947359 1.978859 0.891358 0.003670 25389.904431 216.000000 4.000000 435.000000
 1575000.000000 2.703585 0.754819 0.891425 0.003668 25399.405789 216.000000 4.000000 257.000000
 1575500.000000 2.068291 0.849471 0.891453 0.003667 25408.693287 216.000000 4.000000 61.000000
 1576000.000000 3.288800 0.666833 0.891401 0.003667 25418.073444 216.000000 4.000000 175.000000
 1576500.000000 1.163509 1.788552 0.891435 0.003666 25427.532221 216.000000 3.000000 254.000000
 1577000.000000 0.598428 2.169132 0.891681 0.003666 25436.859326 216.000000 3.000000 187.000000
 1577500.000000 1.691978 0.863124 0.891842 0.003666 25446.227086 216.000000 3.000000 200.000000
 1578000.000000 0.298687 2.250889 0.892147 0.003665 25455.324343 216.000000 3.000000 3102.000000
 1578500.000000 0.000000 2.269267 0.892726 0.003665 25463.742943 216.000000 3.000000 3102.000000
 1579000.000000 0.652183 2.147888 0.893293 0.003666 25472.250791 216.000000 3.000000 45.000000
 1579500.000000 0.447315 2.218883 0.893750 0.003667 25481.398836 216.000000 3.000000 80.000000
 1580000.000000 1.081176 1.872120 0.894137 0.003669 25490.687213 216.000000 3.000000 186.000000
 1580500.000000 4.129972 0.650004 0.894412 0.003669 25500.157372 216.000000 3.000000 83.000000
 1581000.000000 0.251100 2.257839 0.894814 0.003669 25509.039896 216.000000 3.000000 120.000000
 1581500.000000 1.008535 1.934826 0.895205 0.003672 25518.254201 216.000000 3.000000 95.000000
 1582000.000000 3.669384 0.672695 0.895571 0.003675 25527.440872 216.000000 3.000000 32.000000
 1582500.000000 1.688980 0.880236 0.895802 0.003675 25536.880578 216.000000 3.000000 52.000000
 1583000.000000 3.294073 0.676673 0.896035 0.003675 25546.291815 216.000000 4.000000 349.000000
 1583500.000000 1.810841 0.887743 0.895961 0.003674 25555.552941 216.000000 3.000000 640.000000
 1584000.000000 0.909951 2.007729 0.896353 0.003676 25564.759721 216.000000 3.000000 235.000000
 1584500.000000 0.963483 1.970015 0.896848 0.003679 25573.723204 216.000000 3.000000 47.000000
 1585000.000000 3.429849 0.670333 0.897033 0.003678 25583.061554 216.000000 3.000000 274.000000
 1585500.000000 3.827552 0.681994 0.896973 0.003676 25592.398475 216.000000 3.000000 571.000000
 1586000.000000 2.471253 0.842389 0.896988 0.003676 25601.897404 216.000000 4.000000 618.000000
 1586500.000000 2.735454 0.791874 0.897085 0.003674 25611.270120 216.000000 4.000000 43.000000
 1587000.000000 0.000000 2.267840 0.897410 0.003674 25620.170765 216.000000 3.000000 5162.000000
 1587500.000000 0.128508 2.267811 0.897983 0.003674 25628.603617 216.000000 3.000000 5162.000000
 1588000.000000 0.232311 2.259555 0.898543 0.003675 25637.129358 216.000000 3.000000 5162.000000
 1588500.000000 0.157092 2.266391 0.899117 0.003675 25645.549710 216.000000 3.000000 5162.000000
 1589000.000000 0.000000 2.268172 0.899691 0.003675 25653.969946 216.000000 3.000000 5162.000000
 1589500.000000 0.000000 2.268291 0.900265 0.003675 25662.390341 216.000000 3.000000 5162.000000
 1590000.000000 0.000000 2.268409 0.900838 0.003675 25670.812610 216.000000 3.000000 5162.000000
 1590500.000000 0.000000 2.268528 0.901410 0.003675 25679.236751 216.000000 3.000000 5162.000000
 1591000.000000 0.000000 2.268646 0.901983 0.003675 25687.662758 216.000000 3.000000 5162.000000
 1591500.000000 0.000000 2.268765 0.902555 0.003675 25696.090628 216.000000 3.000000 5162.000000
 1592000.000000 0.000000 2.268883 0.903126 0.003675 25704.520357 216.000000 3.000000 5162.000000
 1592500.000000 0.000000 2.269001 0.903697 0.003675 25712.951941 216.000000 3.000000 5162.000000
 1593000.000000 0.000000 2.269120 0.904268 0.003675 25721.385377 216.000000 3.000000 5162.000000
 1593500.000000 0.000000 2.269238 0.904838 0.003675 25729.820660 216.000000 3.000000 5162.000000
 1594000.000000 0.000000 2.269356 0.905408 0.003675 25738.257787 216.000000 3.000000 5162.000000
 1594500.000000 0.000000 2.269474 0.905977 0.003675 25746.696753 216.000000 3.000000 5162.000000
 1595000.000000 0.000000 2.269593 0.906546 0.003675 25755.137556 216.000000 3.000000 5162.000000
 1595500.000000 0.000000 2.269711 0.907114 0.003675 25763.580191 216.000000 3.000000 5162.000000
 1596000.000000 0.000000 2.269829 0.907682 0.003675 25772.024655 216.000000 3.000000 5162.000000
 1596500.000000 0.000000 2.269947 0.908250 0.003675 25780.470944 216.000000 3.000000 5162.000000
 1597000.000000 0.000000 2.270065 0.908817 0.003675 25788.919053 216.000000 3.000000 5162.000000
 1597500.000000 0.000000 2.270183 0.909384 0.003675 25797.368980 216.000000 3.000000 5162.000000
 1598000.000000 0.000000 2.270301 0.909951 0.003675 25805.820721 216.000000 3.000000 5162.000000
 1598500.000000 0.000000 2.270419 0.910517 0.003675 25814.274271 216.000000 3.000000 5162.000000
 1599000.000000 0.000000 2.270537 0.911082 0.003675 25822.729627 216.000000 3.000000 5162.000000
 1599500.000000 0.000000 2.270655 0.911647 0.003675 25831.186786 216.000000 3.000000 5162.000000
 1600000.000000 0.000000 2.270773 0.912212 0.003675 25839.645744 216.000000 3.000000 5162.000000
 1600500.000000 0.000000 2.270890 0.912776 0.003675 25848.106497 216.000000 3.000000 5162.000000
 1601000.000000 0.000000 2.271008 0.913340 0.003675 25856.569041 216.000000 3.000000 5162.000000
 1601500.000000 0.000000 2.271126 0.913904 0.003675 25865.033374 216.000000 3.000000 5162.000000
 1602000.000000 0.000000 2.271244 0.914467 0.003675 25873.499490 216.000000 3.000000 5162.000000
 1602500.000000 0.000000 2.271361 0.915029 0.003675 25881.967386 216.000000 3.000000 5162.000000
 1603000.000000 0.000000 2.271479 0.915591 0.003675 25890.437060 216.000000 3.000000 5162.000000
 1603500.000000 0.000000 2.271596 0.916153 0.003675 25898.908507 216.000000 3.000000 5162.000000
 1604000.000000 0.000000 2.271714 0.916715 0.003675 25907.381723 216.000000 3.000000 5162.000000
 1604500.000000 0.000000 2.271831 0.917276 0.003675 25915.856706 216.000000 3.000000 5162.000000
 1605000.000000 0.000000 2.271949 0.917836 0.003675 25924.333451 216.000000 3.000000 5162.000000
 1605500.000000 0.000000 2.272066 0.918396 0.003676 25932.811955 216.000000 3.000000 5162.000000
 1606000.000000 0.000000 2.272184 0.918956 0.003676 25941.292214 216.000000 3.000000 5162.000000
 1606500.000000 0.000000 2.272301 0.919515 0.003676 25949.774225 216.000000 3.000000 5162.000000
 1607000.000000 0.000000 2.272419 0.920074 0.003676 25958.257984 216.000000 3.000000 5162.000000
 1607500.000000 0.000000 2.272536 0.920633 0.003676 25966.743488 216.000000 3.000000 5162.000000
 1608000.000000 0.000000 2.272653 0.921191 0.003676 25975.230733 216.000000 3.000000 5162.000000
 1608500.000000 0.000000 2.272770 0.921749 0.003676 25983.719716 216.000000 3.000000 5162.000000
 1609000.000000 0.000000 2.272888 0.922306 0.003676 25992.210433 216.000000 3.000000 5162.000000
 1609500.000000 0.000000 2.273005 0.922863 0.003676 26000.702880 216.000000 3.000000 5162.000000
 1610000.000000 0.000000 2.273122 0.923419 0.003676 26009.197055 216.000000 3.000000 5162.000000
 1610500.000000 0.000000 2.273239 0.923975 0.003676 26017.692953 216.000000 3.000000 5162.000000
 1611000.000000 0.000000 2.273356 0.924531 0.003676 26026.190572 216.000000 3.000000 5162.000000
 1611500.000000 0.000000 2.273473 0.925086 0.003676 26034.689907 216.000000 3.000000 5162.000000
 1612000.000000 0.000000 2.273590 0.925641 0.003676 26043.190956 216.000000 3.000000 5162.000000
 1612500.000000 0.000000 2.273707 0.926195 0.003676 26051.693714 216.000000 3.000000 5162.000000
 1613000.000000 0.000000 2.273824 0.926749 0.003676 26060.198179 216.000000 3.000000 5162.000000
 1613500.000000 0.000000 2.273941 0.927303 0.003676 26068.704347 216.000000 3.000000 5162.000000
 1614000.000000 0.000000 2.274058 0.927856 0.003676 26077.212215 216.000000 3.000000 5162.000000
 1614500.000000 0.000000 2.274175 0.928409 0.003676 26085.721779 216.000000 3.000000 5162.000000
 1615000.000000 0.000000 2.274291 0.928962 0.003676 26094.233035 216.000000 3.000000 5162.000000
 1615500.000000 0.000000 2.274408 0.929514 0.003676 26102.745981 216.000000 3.000000 5162.000000
 1616000.000000 0.000000 2.274525 0.930065 0.003676 26111.260613 216.000000 3.000000 5162.000000
 1616500.000000 0.000000 2.274641 0.930616 0.003676 26119.776928 216.000000 3.000000 5162.000000
 1617000.000000 0.000000 2.274758 0.931167 0.003676 26128.294922 216.000000 3.000000 5162.000000
 1617500.000000 0.000000 2.274875 0.931718 0.003676 26136.814592 216.000000 3.000000 5162.000000
 1618000.000000 0.000000 2.274991 0.932268 0.003676 26145.335935 216.000000 3.000000 5162.000000
 1618500.000000 0.000000 2.275108 0.932817 0.003676 26153.858947 216.000000 3.000000 5162.000000
 1619000.000000 0.000000 2.275224 0.933366 0.003676 26162.383625 216.000000 3.000000 5162.000000
 1619500.000000 0.000000 2.275341 0.933915 0.003676 26170.909966 216.000000 3.000000 5162.000000
 1620000.000000 0.000000 2.275457 0.934464 0.003676 26179.437966 216.000000 3.000000 5162.000000
 1620500.000000 0.000000 2.275574 0.935012 0.003676 26187.967622 216.000000 3.000000 5162.000000
 1621000.000000 0.000000 2.275690 0.935559 0.003676 26196.498931 216.000000 3.000000 5162.000000
 1621500.000000 0.000000 2.275806 0.936106 0.003676 26205.031890 216.000000 3.000000 5162.000000
 1622000.000000 0.000000 2.275923 0.936653 0.003676 26213.566495 216.000000 3.000000 5162.000000
 1622500.000000 0.000000 2.276039 0.937200 0.003676 26222.102743 216.000000 3.000000 5162.000000
 1623000.000000 0.000000 2.276155 0.937746 0.003676 26230.640631 216.000000 3.000000 5162.000000
 1623500.000000 0.000000 2.276271 0.938291 0.003676 26239.180155 216.000000 3.000000 5162.000000
 1624000.000000 0.000000 2.276387 0.938837 0.003676 26247.721313 216.000000 3.000000 5162.000000
 1624500.000000 0.000000 2.276504 0.939382 0.003676 26256.264100 216.000000 3.000000 5162.000000
 1625000.000000 0.000000 2.276620 0.939926 0.003676 26264.808515 216.000000 3.000000 5162.000000
 1625500.000000 0.000000 2.276736 0.940470 0.003676 26273.354553 216.000000 3.000000 5162.000000
 1626000.000000 0.000000 2.276852 0.941014 0.003676 26281.902212 216.000000 3.000000 5162.000000
 1626500.000000 0.000000 2.276968 0.941557 0.003676 26290.451488 216.000000 3.000000 5162.000000
 1627000.000000 0.000000 2.277084 0.942100 0.003676 26299.002378 216.000000 3.000000 5162.000000
 1627500.000000 0.000000 2.277199 0.942642 0.003676 26307.554879 216.000000 3.000000 5162.000000
 1628000.000000 0.000000 2.277315 0.943184 0.003676 26316.108988 216.000000 3.000000 5162.000000
 1628500.000000 0.000000 2.277431 0.943726 0.003676 26324.664702 216.000000 3.000000 5162.000000
 1629000.000000 0.000000 2.277547 0.944268 0.003676 26333.222017 216.000000 3.000000 5162.000000
 1629500.000000 0.000000 2.277663 0.944808 0.003677 26341.780930 216.000000 3.000000 5162.000000
 1630000.000000 0.000000 2.277778 0.945349 0.003677 26350.341439 216.000000 3.000000 5162.000000
 1630500.000000 0.000000 2.277894 0.945889 0.003677 26358.903540 216.000000 3.000000 5162.000000
 1631000.000000 0.000000 2.278010 0.946429 0.003677 26367.467230 216.000000 3.000000 5162.000000
 1631500.000000 0.000000 2.278125 0.946968 0.003677 26376.032505 216.000000 3.000000 5162.000000
 1632000.000000 0.000000 2.278241 0.947507 0.003677 26384.599364 216.000000 3.000000 5162.000000
 1632500.000000 0.000000 2.278356 0.948046 0.003677 26393.167802 216.000000 3.000000 5162.000000
 1633000.000000 0.000000 2.278472 0.948584 0.003677 26401.737817 216.000000 3.000000 5162.000000
 1633500.000000 0.000000 2.278587 0.949122 0.003677 26410.309405 216.000000 3.000000 5162.000000
 1634000.000000 0.000000 2.278703 0.949660 0.003677 26418.882564 216.000000 3.000000 5162.000000
 1634500.000000 0.000000 2.278818 0.950197 0.003677 26427.457291 216.000000 3.000000 5162.000000
 1635000.000000 0.000000 2.278934 0.950733 0.003677 26436.033582 216.000000 3.000000 5162.000000
 1635500.000000 0.000000 2.279049 0.951270 0.003677 26444.611434 216.000000 3.000000 5162.000000
 1636000.000000 0.000000 2.279164 0.951806 0.003677 26453.190845 216.000000 3.000000 5162.000000
 1636500.000000 0.000000 2.279279 0.952341 0.003677 26461.771811 216.000000 3.000000 5162.000000
 1637000.000000 0.000000 2.279395 0.952876 0.003677 26470.354329 216.000000 3.000000 5162.000000
 1637500.000000 0.000000 2.279510 0.953411 0.003677 26478.938397 216.000000 3.000000 5162.000000
 1638000.000000 0.000000 2.279625 0.953945 0.003677 26487.524011 216.000000 3.000000 5162.000000
 1638500.000000 0.000000 2.279740 0.954479 0.003677 26496.111169 216.000000 3.000000 5162.000000
 1639000.000000 0.000000 2.279855 0.955013 0.003677 26504.699866 216.000000 3.000000 5162.000000
 1639500.000000 0.000000 2.279970 0.955546 0.003677 26513.290102 216.000000 3.000000 5162.000000
 1640000.000000 0.000000 2.280085 0.956079 0.003677 26521.881871 216.000000 3.000000 5162.000000
 1640500.000000 0.000000 2.280200 0.956612 0.003677 26530.475172 216.000000 3.000000 5162.000000
 1641000.000000 0.000000 2.280315 0.957144 0.003677 26539.070002 216.000000 3.000000 5162.000000
 1641500.000000 0.000000 2.280430 0.957676 0.003677 26547.666357 216.000000 3.000000 5162.000000
 1642000.000000 0.000000 2.280545 0.958207 0.003677 26556.264235 216.000000 3.000000 5162.000000
 1642500.000000 0.000000 2.280660 0.958738 0.003677 26564.863633 216.000000 3.000000 5162.000000
 1643000.000000 0.000000 2.280774 0.959269 0.003677 26573.464547 216.000000 3.000000 5162.000000
 1643500.000000 0.000000 2.280889 0.959799 0.003677 26582.066976 216.000000 3.000000 5162.000000
 1644000.000000 0.000000 2.281004 0.960329 0.003677 26590.670915 216.000000 3.000000 5162.000000
 1644500.000000 0.000000 2.281119 0.960858 0.003677 26599.276363 216.000000 3.000000 5162.000000
 1645000.000000 0.000000 2.281233 0.961387 0.003677 26607.883315 216.000000 3.000000 5162.000000
 1645500.000000 0.000000 2.281348 0.961916 0.003677 26616.491770 216.000000 3.000000 5162.000000
 1646000.000000 0.000000 2.281462 0.962444 0.003677 26625.101725 216.000000 3.000000 5162.000000
 1646500.000000 0.000000 2.281577 0.962972 0.003677 26633.713176 216.000000 3.000000 5162.000000
 1647000.000000 0.000000 2.281691 0.963500 0.003677 26642.326121 216.000000 3.000000 5162.000000
 1647500.000000 0.000000 2.281806 0.964027 0.003677 26650.940557 216.000000 3.000000 5162.000000
 1648000.000000 0.000000 2.281920 0.964554 0.003677 26659.556481 216.000000 3.000000 5162.000000
 1648500.000000 0.000000 2.282035 0.965081 0.003677 26668.173890 216.000000 3.000000 5162.000000
 1649000.000000 0.000000 2.282149 0.965607 0.003677 26676.792781 216.000000 3.000000 5162.000000
 1649500.000000 0.000000 2.282263 0.966132 0.003677 26685.413153 216.000000 3.000000 5162.000000
 1650000.000000 0.000000 2.282378 0.966658 0.003677 26694.035000 216.000000 3.000000 5162.000000
 1650500.000000 0.000000 2.282492 0.967183 0.003677 26702.658322 216.000000 3.000000 5162.000000
 1651000.000000 0.000000 2.282606 0.967707 0.003677 26711.283115 216.000000 3.000000 5162.000000
 1651500.000000 0.000000 2.282720 0.968232 0.003677 26719.909377 216.000000 3.000000 5162.000000
 1652000.000000 0.000000 2.282834 0.968756 0.003677 26728.537104 216.000000 3.000000 5162.000000
 1652500.000000 0.000000 2.282948 0.969279 0.003677 26737.166294 216.000000 3.000000 5162.000000
 1653000.000000 0.000000 2.283062 0.969802 0.003677 26745.796944 216.000000 3.000000 5162.000000
 1653500.000000 0.000000 2.283176 0.970325 0.003677 26754.429051 216.000000 3.000000 5162.000000
 1654000.000000 0.000000 2.283290 0.970848 0.003677 26763.062613 216.000000 3.000000 5162.000000
 1654500.000000 0.000000 2.283404 0.971370 0.003677 26771.697626 216.000000 3.000000 5162.000000
 1655000.000000 0.000000 2.283518 0.971891 0.003677 26780.334089 216.000000 3.000000 5162.000000
 1655500.000000 0.000000 2.283632 0.972413 0.003677 26788.971998 216.000000 3.000000 5162.000000
 1656000.000000 0.000000 2.283746 0.972934 0.003677 26797.611351 216.000000 3.000000 5162.000000
 1656500.000000 0.000000 2.283860 0.973454 0.003677 26806.252144 216.000000 3.000000 5162.000000
 1657000.000000 0.000000 2.283974 0.973974 0.003678 26814.894376 216.000000 3.000000 5162.000000
 1657500.000000 0.000000 2.284087 0.974494 0.003678 26823.538043 216.000000 3.000000 5162.000000
 1658000.000000 0.000000 2.284201 0.975014 0.003678 26832.183143 216.000000 3.000000 5162.000000
 1658500.000000 0.000000 2.284315 0.975533 0.003678 26840.829673 216.000000 3.000000 5162.000000
 1659000.000000 0.000000 2.284428 0.976052 0.003678 26849.477630 216.000000 3.000000 5162.000000
 1659500.000000 0.000000 2.284542 0.976570 0.003678 26858.127012 216.000000 3.000000 5162.000000
 1660000.000000 0.000000 2.284656 0.977088 0.003678 26866.777817 216.000000 3.000000 5162.000000
 1660500.000000 0.000000 2.284769 0.977606 0.003678 26875.430040 216.000000 3.000000 5162.000000
 1661000.000000 0.000000 2.284883 0.978123 0.003678 26884.083681 216.000000 3.000000 5162.000000
 1661500.000000 0.000000 2.284996 0.978640 0.003678 26892.738735 216.000000 3.000000 5162.000000
 1662000.000000 0.000000 2.285109 0.979157 0.003678 26901.395201 216.000000 3.000000 5162.000000
 1662500.000000 0.000000 2.285223 0.979673 0.003678 26910.053076 216.000000 3.000000 5162.000000
 1663000.000000 0.000000 2.285336 0.980189 0.003678 26918.712356 216.000000 3.000000 5162.000000
 1663500.000000 0.000000 2.285449 0.980705 0.003678 26927.373041 216.000000 3.000000 5162.000000
 1664000.000000 0.000000 2.285563 0.981220 0.003678 26936.035126 216.000000 3.000000 5162.000000
 1664500.000000 0.000000 2.285676 0.981735 0.003678 26944.698610 216.000000 3.000000 5162.000000
 1665000.000000 0.000000 2.285789 0.982249 0.003678 26953.363489 216.000000 3.000000 5162.000000
 1665500.000000 0.000000 2.285902 0.982763 0.003678 26962.029762 216.000000 3.000000 5162.000000
 1666000.000000 0.000000 2.286015 0.983277 0.003678 26970.697425 216.000000 3.000000 5162.000000
 1666500.000000 0.000000 2.286128 0.983790 0.003678 26979.366476 216.000000 3.000000 5162.000000
 1667000.000000 0.000000 2.286241 0.984303 0.003678 26988.036913 216.000000 3.000000 5162.000000
 1667500.000000 0.000000 2.286355 0.984816 0.003678 26996.708732 216.000000 3.000000 5162.000000
 1668000.000000 0.000000 2.286467 0.985328 0.003678 27005.381932 216.000000 3.000000 5162.000000
 1668500.000000 0.000000 2.286580 0.985840 0.003678 27014.056509 216.000000 3.000000 5162.000000
 1669000.000000 0.000000 2.286693 0.986352 0.003678 27022.732461 216.000000 3.000000 5162.000000
 1669500.000000 0.000000 2.286806 0.986863 0.003678 27031.409787 216.000000 3.000000 5162.000000
 1670000.000000 0.000000 2.286919 0.987374 0.003678 27040.088482 216.000000 3.000000 5162.000000
 1670500.000000 0.000000 2.287032 0.987884 0.003678 27048.768545 216.000000 3.000000 5162.000000
 1671000.000000 0.000000 2.287145 0.988395 0.003678 27057.449972 216.000000 3.000000 5162.000000
 1671500.000000 0.000000 2.287257 0.988905 0.003678 27066.132763 216.000000 3.000000 5162.000000
 1672000.000000 0.000000 2.287370 0.989414 0.003678 27074.816913 216.000000 3.000000 5162.000000
 1672500.000000 0.000000 2.287483 0.989923 0.003678 27083.502421 216.000000 3.000000 5162.000000
 1673000.000000 0.000000 2.287595 0.990432 0.003678 27092.189284 216.000000 3.000000 5162.000000
 1673500.000000 0.000000 2.287708 0.990940 0.003678 27100.877499 216.000000 3.000000 5162.000000
 1674000.000000 0.000000 2.287820 0.991448 0.003678 27109.567064 216.000000 3.000000 5162.000000
 1674500.000000 0.000000 2.287933 0.991956 0.003678 27118.257977 216.000000 3.000000 5162.000000
 1675000.000000 0.000000 2.288045 0.992464 0.003678 27126.950235 216.000000 3.000000 5162.000000
 1675500.000000 0.000000 2.288158 0.992971 0.003678 27135.643836 216.000000 3.000000 5162.000000
 1676000.000000 0.000000 2.288270 0.993477 0.003678 27144.338776 216.000000 3.000000 5162.000000
 1676500.000000 0.000000 2.288383 0.993984 0.003678 27153.035055 216.000000 3.000000 5162.000000
 1677000.000000 0.000000 2.288495 0.994490 0.003678 27161.732669 216.000000 3.000000 5162.000000
 1677500.000000 0.000000 2.288607 0.994995 0.003678 27170.431615 216.000000 3.000000 5162.000000
 1678000.000000 0.000000 2.288719 0.995501 0.003678 27179.131892 216.000000 3.000000 5162.000000
 1678500.000000 0.000000 2.288832 0.996005 0.003678 27187.833497 216.000000 3.000000 5162.000000
 1679000.000000 0.000000 2.288944 0.996510 0.003678 27196.536427 216.000000 3.000000 5162.000000
 1679500.000000 0.000000 2.289056 0.997014 0.003678 27205.240681 216.000000 3.000000 5162.000000
 1680000.000000 0.000000 2.289168 0.997518 0.003678 27213.946255 216.000000 3.000000 5162.000000
 1680500.000000 0.000000 2.289280 0.998022 0.003678 27222.653147 216.000000 3.000000 5162.000000
 1681000.000000 0.000000 2.289392 0.998525 0.003678 27231.361355 216.000000 3.000000 5162.000000
 1681500.000000 0.000000 2.289504 0.999028 0.003678 27240.070877 216.000000 3.000000 5162.000000
 1682000.000000 0.000000 2.289616 0.999530 0.003678 27248.781710 216.000000 3.000000 5162.000000
 1682500.000000 0.000000 2.289728 1.000033 0.003678 27257.493852 216.000000 3.000000 5162.000000
 1683000.000000 0.000000 2.289840 1.000534 0.003678 27266.207300 216.000000 3.000000 5162.000000
 1683500.000000 0.000000 2.289952 1.001036 0.003678 27274.922052 216.000000 3.000000 5162.000000
 1684000.000000 0.000000 2.290064 1.001537 0.003678 27283.638105 216.000000 3.000000 5162.000000
 1684500.000000 0.000000 2.290175 1.002038 0.003678 27292.355458 216.000000 3.000000 5162.000000
 1685000.000000 0.000000 2.290287 1.002538 0.003678 27301.074108 216.000000 3.000000 5162.000000
 1685500.000000 0.000000 2.290399 1.003038 0.003678 27309.794052 216.000000 3.000000 5162.000000
 1686000.000000 0.000000 2.290510 1.003538 0.003678 27318.515289 216.000000 3.000000 5162.000000
 1686500.000000 0.000000 2.290622 1.004038 0.003678 27327.237815 216.000000 3.000000 5162.000000
 1687000.000000 0.000000 2.290734 1.004537 0.003678 27335.961629 216.000000 3.000000 5162.000000
 1687500.000000 0.000000 2.290845 1.005036 0.003679 27344.686729 216.000000 3.000000 5162.000000
 1688000.000000 0.000000 2.290957 1.005534 0.003679 27353.413111 216.000000 3.000000 5162.000000
 1688500.000000 0.000000 2.291068 1.006032 0.003679 27362.140774 216.000000 3.000000 5162.000000
 1689000.000000 0.000000 2.291180 1.006530 0.003679 27370.869715 216.000000 3.000000 5162.000000
 1689500.000000 0.000000 2.291291 1.007027 0.003679 27379.599932 216.000000 3.000000 5162.000000
 1690000.000000 0.000000 2.291402 1.007524 0.003679 27388.331423 216.000000 3.000000 5162.000000
 1690500.000000 0.000000 2.291514 1.008021 0.003679 27397.064185 216.000000 3.000000 5162.000000
 1691000.000000 0.000000 2.291625 1.008517 0.003679 27405.798216 216.000000 3.000000 5162.000000
 1691500.000000 0.000000 2.291736 1.009013 0.003679 27414.533515 216.000000 3.000000 5162.000000
 1692000.000000 0.000000 2.291848 1.009509 0.003679 27423.270078 216.000000 3.000000 5162.000000
 1692500.000000 0.000000 2.291959 1.010005 0.003679 27432.007903 216.000000 3.000000 5162.000000
 1693000.000000 0.000000 2.292070 1.010500 0.003679 27440.746988 216.000000 3.000000 5162.000000
 1693500.000000 0.000000 2.292181 1.010994 0.003679 27449.487331 216.000000 3.000000 5162.000000
 1694000.000000 0.000000 2.292292 1.011489 0.003679 27458.228930 216.000000 3.000000 5162.000000
 1694500.000000 0.000000 2.292403 1.011983 0.003679 27466.971782 216.000000 3.000000 5162.000000
 1695000.000000 0.000000 2.292514 1.012476 0.003679 27475.715885 216.000000 3.000000 5162.000000
 1695500.000000 0.000000 2.292625 1.012970 0.003679 27484.461237 216.000000 3.000000 5162.000000
 1696000.000000 0.000000 2.292736 1.013463 0.003679 27493.207836 216.000000 3.000000 5162.000000
 1696500.000000 0.000000 2.292847 1.013955 0.003679 27501.955679 216.000000 3.000000 5162.000000
 1697000.000000 0.000000 2.292958 1.014448 0.003679 27510.704764 216.000000 3.000000 5162.000000
 1697500.000000 0.000000 2.293069 1.014940 0.003679 27519.455089 216.000000 3.000000 5162.000000
 1698000.000000 0.000000 2.293180 1.015432 0.003679 27528.206652 216.000000 3.000000 5162.000000
 1698500.000000 0.000000 2.293290 1.015923 0.003679 27536.959450 216.000000 3.000000 5162.000000
 1699000.000000 0.000000 2.293401 1.016414 0.003679 27545.713482 216.000000 3.000000 5162.000000
 1699500.000000 0.000000 2.293512 1.016905 0.003679 27554.468745 216.000000 3.000000 5162.000000
 1700000.000000 0.000000 2.293622 1.017395 0.003679 27563.225238 216.000000 3.000000 5162.000000
 1700500.000000 0.000000 2.293733 1.017885 0.003679 27571.982957 216.000000 3.000000 5162.000000
 1701000.000000 0.000000 2.293844 1.018375 0.003679 27580.741900 216.000000 3.000000 5162.000000
 1701500.000000 0.000000 2.293954 1.018864 0.003679 27589.502066 216.000000 3.000000 5162.000000
 1702000.000000 0.000000 2.294065 1.019353 0.003679 27598.263453 216.000000 3.000000 5162.000000
 1702500.000000 0.000000 2.294175 1.019842 0.003679 27607.026057 216.000000 3.000000 5162.000000
 1703000.000000 0.000000 2.294286 1.020330 0.003679 27615.789878 216.000000 3.000000 5162.000000
 1703500.000000 0.000000 2.294396 1.020818 0.003679 27624.554912 216.000000 3.000000 5162.000000
 1704000.000000 0.000000 2.294506 1.021306 0.003679 27633.321159 216.000000 3.000000 5162.000000
 1704500.000000 0.000000 2.294617 1.021794 0.003679 27642.088615 216.000000 3.000000 5162.000000
 1705000.000000 0.000000 2.294727 1.022281 0.003679 27650.857278 216.000000 3.000000 5162.000000
 1705500.000000 0.000000 2.294837 1.022767 0.003679 27659.627146 216.000000 3.000000 5162.000000
 1706000.000000 0.000000 2.294948 1.023254 0.003679 27668.398218 216.000000 3.000000 5162.000000
 1706500.000000 0.000000 2.295058 1.023740 0.003679 27677.170491 216.000000 3.000000 5162.000000
 1707000.000000 0.000000 2.295168 1.024226 0.003679 27685.943963 216.000000 3.000000 5162.000000
 1707500.000000 0.000000 2.295278 1.024711 0.003679 27694.718632 216.000000 3.000000 5162.000000
 1708000.000000 0.000000 2.295388 1.025196 0.003679 27703.494496 216.000000 3.000000 5162.000000
 1708500.000000 0.000000 2.295498 1.025681 0.003679 27712.271552 216.000000 3.000000 5162.000000
 1709000.000000 0.000000 2.295608 1.026166 0.003679 27721.049799 216.000000 3.000000 5162.000000
 1709500.000000 0.000000 2.295718 1.026650 0.003679 27729.829234 216.000000 3.000000 5162.000000
 1710000.000000 0.000000 2.295828 1.027134 0.003679 27738.609856 216.000000 3.000000 5162.000000
 1710500.000000 0.000000 2.295938 1.027617 0.003679 27747.391663 216.000000 3.000000 5162.000000
 1711000.000000 0.000000 2.296048 1.028100 0.003679 27756.174651 216.000000 3.000000 5162.000000
 1711500.000000 0.000000 2.296158 1.028583 0.003679 27764.958820 216.000000 3.000000 5162.000000
 1712000.000000 0.000000 2.296267 1.029066 0.003679 27773.744167 216.000000 3.000000 5162.000000
 1712500.000000 0.000000 2.296377 1.029548 0.003679 27782.530690 216.000000 3.000000 5162.000000
 1713000.000000 0.000000 2.296487 1.030030 0.003679 27791.318387 216.000000 3.000000 5162.000000
 1713500.000000 0.000000 2.296596 1.030512 0.003679 27800.107256 216.000000 3.000000 5162.000000
 1714000.000000 0.000000 2.296706 1.030993 0.003679 27808.897295 216.000000 3.000000 5162.000000
 1714500.000000 0.000000 2.296816 1.031474 0.003679 27817.688502 216.000000 3.000000 5162.000000
 1715000.000000 0.000000 2.296925 1.031954 0.003679 27826.480875 216.000000 3.000000 5162.000000
 1715500.000000 0.000000 2.297035 1.032435 0.003679 27835.274412 216.000000 3.000000 5162.000000
 1716000.000000 0.000000 2.297144 1.032915 0.003679 27844.069111 216.000000 3.000000 5162.000000
 1716500.000000 0.000000 2.297254 1.033394 0.003679 27852.864969 216.000000 3.000000 5162.000000
 1717000.000000 0.000000 2.297363 1.033874 0.003679 27861.661986 216.000000 3.000000 5162.000000
 1717500.000000 0.000000 2.297473 1.034353 0.003679 27870.460158 216.000000 3.000000 5162.000000
 1718000.000000 0.000000 2.297582 1.034831 0.003679 27879.259484 216.000000 3.000000 5162.000000
 1718500.000000 0.000000 2.297691 1.035310 0.003679 27888.059962 216.000000 3.000000 5162.000000
 1719000.000000 0.000000 2.297801 1.035788 0.003679 27896.861590 216.000000 3.000000 5162.000000
 1719500.000000 0.000000 2.297910 1.036266 0.003680 27905.664365 216.000000 3.000000 5162.000000
 1720000.000000 0.000000 2.298019 1.036743 0.003680 27914.468287 216.000000 3.000000 5162.000000
 1720500.000000 0.000000 2.298128 1.037220 0.003680 27923.273352 216.000000 3.000000 5162.000000
 1721000.000000 0.000000 2.298237 1.037697 0.003680 27932.079559 216.000000 3.000000 5162.000000
 1721500.000000 0.000000 2.298346 1.038173 0.003680 27940.886907 216.000000 3.000000 5162.000000
 1722000.000000 0.000000 2.298455 1.038650 0.003680 27949.695392 216.000000 3.000000 5162.000000
 1722500.000000 0.000000 2.298565 1.039125 0.003680 27958.505013 216.000000 3.000000 5162.000000
 1723000.000000 0.000000 2.298674 1.039601 0.003680 27967.315768 216.000000 3.000000 5162.000000
 1723500.000000 0.000000 2.298782 1.040076 0.003680 27976.127656 216.000000 3.000000 5162.000000
 1724000.000000 0.000000 2.298891 1.040551 0.003680 27984.940673 216.000000 3.000000 5162.000000
 1724500.000000 0.000000 2.299000 1.041026 0.003680 27993.754819 216.000000 3.000000 5162.000000
 1725000.000000 0.000000 2.299109 1.041500 0.003680 28002.570091 216.000000 3.000000 5162.000000
 1725500.000000 0.000000 2.299218 1.041974 0.003680 28011.386488 216.000000 3.000000 5162.000000
 1726000.000000 0.000000 2.299327 1.042448 0.003680 28020.204007 216.000000 3.000000 5162.000000
 1726500.000000 0.000000 2.299435 1.042921 0.003680 28029.022646 216.000000 3.000000 5162.000000
 1727000.000000 0.000000 2.299544 1.043394 0.003680 28037.842404 216.000000 3.000000 5162.000000
 1727500.000000 0.000000 2.299653 1.043867 0.003680 28046.663279 216.000000 3.000000 5162.000000
 1728000.000000 0.000000 2.299761 1.044339 0.003680 28055.485269 216.000000 3.000000 5162.000000
 1728500.000000 0.000000 2.299870 1.044811 0.003680 28064.308371 216.000000 3.000000 5162.000000
 1729000.000000 0.000000 2.299979 1.045283 0.003680 28073.132584 216.000000 3.000000 5162.000000
 1729500.000000 0.000000 2.300087 1.045755 0.003680 28081.957907 216.000000 3.000000 5162.000000
 1730000.000000 0.000000 2.300196 1.046226 0.003680 28090.784336 216.000000 3.000000 5162.000000
 1730500.000000 0.000000 2.300304 1.046697 0.003680 28099.611871 216.000000 3.000000 5162.000000
 1731000.000000 0.000000 2.300413 1.047167 0.003680 28108.440510 216.000000 3.000000 5162.000000
 1731500.000000 0.000000 2.300521 1.047638 0.003680 28117.270250 216.000000 3.000000 5162.000000
 1732000.000000 0.000000 2.300629 1.048107 0.003680 28126.101089 216.000000 3.000000 5162.000000
 1732500.000000 0.000000 2.300738 1.048577 0.003680 28134.933027 216.000000 3.000000 5162.000000
 1733000.000000 0.000000 2.300846 1.049046 0.003680 28143.766060 216.000000 3.000000 5162.000000
 1733500.000000 0.000000 2.300954 1.049515 0.003680 28152.600187 216.000000 3.000000 5162.000000
 1734000.000000 0.000000 2.301062 1.049984 0.003680 28161.435407 216.000000 3.000000 5162.000000
 1734500.000000 0.000000 2.301170 1.050453 0.003680 28170.271717 216.000000 3.000000 5162.000000
 1735000.000000 0.000000 2.301279 1.050921 0.003680 28179.109116 216.000000 3.000000 5162.000000
 1735500.000000 0.000000 2.301387 1.051388 0.003680 28187.947601 216.000000 3.000000 5162.000000
 1736000.000000 0.000000 2.301495 1.051856 0.003680 28196.787171 216.000000 3.000000 5162.000000
 1736500.000000 0.000000 2.301603 1.052323 0.003680 28205.627824 216.000000 3.000000 5162.000000
 1737000.000000 0.000000 2.301711 1.052790 0.003680 28214.469558 216.000000 3.000000 5162.000000
 1737500.000000 0.000000 2.301819 1.053257 0.003680 28223.312371 216.000000 3.000000 5162.000000
 1738000.000000 0.000000 2.301927 1.053723 0.003680 28232.156263 216.000000 3.000000 5162.000000
 1738500.000000 0.000000 2.302035 1.054189 0.003680 28241.001229 216.000000 3.000000 5162.000000
 1739000.000000 0.000000 2.302142 1.054654 0.003680 28249.847270 216.000000 3.000000 5162.000000
 1739500.000000 0.000000 2.302250 1.055120 0.003680 28258.694383 216.000000 3.000000 5162.000000
 1740000.000000 0.000000 2.302358 1.055585 0.003680 28267.542566 216.000000 3.000000 5162.000000
 1740500.000000 0.000000 2.302466 1.056050 0.003680 28276.391817 216.000000 3.000000 5162.000000
 1741000.000000 0.000000 2.302573 1.056514 0.003680 28285.242136 216.000000 3.000000 5162.000000
 1741500.000000 0.000000 2.302681 1.056978 0.003680 28294.093519 216.000000 3.000000 5162.000000
 1742000.000000 0.000000 2.302789 1.057442 0.003680 28302.945965 216.000000 3.000000 5162.000000
 1742500.000000 0.000000 2.302896 1.057906 0.003680 28311.799473 216.000000 3.000000 5162.000000
 1743000.000000 0.000000 2.303004 1.058369 0.003680 28320.654040 216.000000 3.000000 5162.000000
 1743500.000000 0.000000 2.303111 1.058832 0.003680 28329.509665 216.000000 3.000000 5162.000000
 1744000.000000 0.000000 2.303219 1.059294 0.003680 28338.366345 216.000000 3.000000 5162.000000
 1744500.000000 0.000000 2.303326 1.059757 0.003680 28347.224080 216.000000 3.000000 5162.000000
 1745000.000000 0.000000 2.303434 1.060219 0.003680 28356.082868 216.000000 3.000000 5162.000000
 1745500.000000 0.000000 2.303541 1.060681 0.003680 28364.942706 216.000000 3.000000 5162.000000
 1746000.000000 0.000000 2.303648 1.061142 0.003680 28373.803594 216.000000 3.000000 5162.000000
 1746500.000000 0.000000 2.303756 1.061603 0.003680 28382.665528 216.000000 3.000000 5162.000000
 1747000.000000 0.000000 2.303863 1.062064 0.003680 28391.528508 216.000000 3.000000 5162.000000
 1747500.000000 0.000000 2.303970 1.062525 0.003680 28400.392531 216.000000 3.000000 5162.000000
 1748000.000000 0.000000 2.304077 1.062985 0.003680 28409.257597 216.000000 3.000000 5162.000000
 1748500.000000 0.000000 2.304185 1.063445 0.003680 28418.123703 216.000000 3.000000 5162.000000
 1749000.000000 0.000000 2.304292 1.063904 0.003680 28426.990847 216.000000 3.000000 5162.000000
 1749500.000000 0.000000 2.304399 1.064364 0.003680 28435.859028 216.000000 3.000000 5162.000000
 1750000.000000 0.000000 2.304506 1.064823 0.003680 28444.728244 216.000000 3.000000 5162.000000
 1750500.000000 0.000000 2.304613 1.065282 0.003680 28453.598494 216.000000 3.000000 5162.000000
 1751000.000000 0.000000 2.304720 1.065740 0.003680 28462.469775 216.000000 3.000000 5162.000000
 1751500.000000 0.000000 2.304827 1.066198 0.003680 28471.342086 216.000000 3.000000 5162.000000
 1752000.000000 0.000000 2.304934 1.066656 0.003680 28480.215425 216.000000 3.000000 5162.000000
 1752500.000000 0.000000 2.305041 1.067114 0.003680 28489.089791 216.000000 3.000000 5162.000000
 1753000.000000 0.000000 2.305148 1.067571 0.003681 28497.965181 216.000000 3.000000 5162.000000
 1753500.000000 0.000000 2.305254 1.068028 0.003681 28506.841595 216.000000 3.000000 5162.000000
 1754000.000000 0.000000 2.305361 1.068485 0.003681 28515.719030 216.000000 3.000000 5162.000000
 1754500.000000 0.000000 2.305468 1.068941 0.003681 28524.597484 216.000000 3.000000 5162.000000
 1755000.000000 0.000000 2.305575 1.069397 0.003681 28533.476957 216.000000 3.000000 5162.000000
 1755500.000000 0.000000 2.305681 1.069853 0.003681 28542.357446 216.000000 3.000000 5162.000000
 1756000.000000 0.000000 2.305788 1.070308 0.003681 28551.238950 216.000000 3.000000 5162.000000
 1756500.000000 0.000000 2.305894 1.070764 0.003681 28560.121467 216.000000 3.000000 5162.000000
 1757000.000000 0.000000 2.306001 1.071219 0.003681 28569.004995 216.000000 3.000000 5162.000000
 1757500.000000 0.000000 2.306108 1.071673 0.003681 28577.889533 216.000000 3.000000 5162.000000
 1758000.000000 0.000000 2.306214 1.072128 0.003681 28586.775078 216.000000 3.000000 5162.000000
 1758500.000000 0.000000 2.306321 1.072582 0.003681 28595.661631 216.000000 3.000000 5162.000000
 1759000.000000 0.000000 2.306427 1.073035 0.003681 28604.549188 216.000000 3.000000 5162.000000
 1759500.000000 0.000000 2.306533 1.073489 0.003681 28613.437747 216.000000 3.000000 5162.000000
 1760000.000000 0.000000 2.306640 1.073942 0.003681 28622.327309 216.000000 3.000000 5162.000000
 1760500.000000 0.000000 2.306746 1.074395 0.003681 28631.217870 216.000000 3.000000 5162.000000
 1761000.000000 0.000000 2.306852 1.074848 0.003681 28640.109429 216.000000 3.000000 5162.000000
 1761500.000000 0.000000 2.306959 1.075300 0.003681 28649.001985 216.000000 3.000000 5162.000000
 1762000.000000 0.000000 2.307065 1.075752 0.003681 28657.895535 216.000000 3.000000 5162.000000
 1762500.000000 0.000000 2.307171 1.076204 0.003681 28666.790079 216.000000 3.000000 5162.000000
 1763000.000000 0.000000 2.307277 1.076655 0.003681 28675.685614 216.000000 3.000000 5162.000000
 1763500.000000 0.000000 2.307383 1.077106 0.003681 28684.582140 216.000000 3.000000 5162.000000
 1764000.000000 0.000000 2.307489 1.077557 0.003681 28693.479653 216.000000 3.000000 5162.000000
 1764500.000000 0.000000 2.307595 1.078008 0.003681 28702.378154 216.000000 3.000000 5162.000000
 1765000.000000 0.000000 2.307701 1.078458 0.003681 28711.277640 216.000000 3.000000 5162.000000
 1765500.000000 0.000000 2.307807 1.078908 0.003681 28720.178109 216.000000 3.000000 5162.000000
 1766000.000000 0.000000 2.307913 1.079358 0.003681 28729.079560 216.000000 3.000000 5162.000000
 1766500.000000 0.000000 2.308019 1.079807 0.003681 28737.981991 216.000000 3.000000 5162.000000
 1767000.000000 0.000000 2.308125 1.080256 0.003681 28746.885401 216.000000 3.000000 5162.000000
 1767500.000000 0.000000 2.308231 1.080705 0.003681 28755.789789 216.000000 3.000000 5162.000000
 1768000.000000 0.000000 2.308337 1.081154 0.003681 28764.695152 216.000000 3.000000 5162.000000
 1768500.000000 0.000000 2.308442 1.081602 0.003681 28773.601488 216.000000 3.000000 5162.000000
 1769000.000000 0.000000 2.308548 1.082050 0.003681 28782.508798 216.000000 3.000000 5162.000000
 1769500.000000 0.000000 2.308654 1.082498 0.003681 28791.417078 216.000000 3.000000 5162.000000
 1770000.000000 0.000000 2.308759 1.082945 0.003681 28800.326327 216.000000 3.000000 5162.000000
 1770500.000000 0.000000 2.308865 1.083392 0.003681 28809.236544 216.000000 3.000000 5162.000000
 1771000.000000 0.000000 2.308970 1.083839 0.003681 28818.147727 216.000000 3.000000 5162.000000
 1771500.000000 0.000000 2.309076 1.084286 0.003681 28827.059875 216.000000 3.000000 5162.000000
 1772000.000000 0.000000 2.309182 1.084732 0.003681 28835.972985 216.000000 3.000000 5162.000000
 1772500.000000 0.000000 2.309287 1.085178 0.003681 28844.887057 216.000000 3.000000 5162.000000
 1773000.000000 0.000000 2.309392 1.085624 0.003681 28853.802089 216.000000 3.000000 5162.000000
 1773500.000000 0.000000 2.309498 1.086069 0.003681 28862.718079 216.000000 3.000000 5162.000000
 1774000.000000 0.000000 2.309603 1.086515 0.003681 28871.635026 216.000000 3.000000 5162.000000
 1774500.000000 0.000000 2.309709 1.086960 0.003681 28880.552929 216.000000 3.000000 5162.000000
 1775000.000000 0.000000 2.309814 1.087404 0.003681 28889.471784 216.000000 3.000000 5162.000000
 1775500.000000 0.000000 2.309919 1.087848 0.003681 28898.391593 216.000000 3.000000 5162.000000
 1776000.000000 0.000000 2.310023 1.088293 0.003681 28907.312076 216.000000 3.000000 5162.000000
 1776500.000000 0.000000 2.310128 1.088736 0.003681 28916.233790 216.000000 3.000000 5162.000000
 1777000.000000 0.000000 2.310233 1.089180 0.003681 28925.156451 216.000000 3.000000 5162.000000
 1777500.000000 0.000000 2.310338 1.089623 0.003681 28934.080058 216.000000 3.000000 5162.000000
 1778000.000000 0.000000 2.310443 1.090066 0.003681 28943.004610 216.000000 3.000000 5162.000000
 1778500.000000 0.000000 2.310548 1.090509 0.003681 28951.930105 216.000000 3.000000 5162.000000
 1779000.000000 0.000000 2.310653 1.090951 0.003681 28960.856541 216.000000 3.000000 5162.000000
 1779500.000000 0.000000 2.310758 1.091393 0.003681 28969.783917 216.000000 3.000000 5162.000000
 1780000.000000 0.000000 2.310863 1.091835 0.003681 28978.712232 216.000000 3.000000 5162.000000
 1780500.000000 0.000000 2.310968 1.092276 0.003681 28987.641483 216.000000 3.000000 5162.000000
 1781000.000000 0.000000 2.311073 1.092718 0.003681 28996.571670 216.000000 3.000000 5162.000000
 1781500.000000 0.000000 2.311178 1.093159 0.003681 29005.502791 216.000000 3.000000 5162.000000
 1782000.000000 0.000000 2.311283 1.093599 0.003681 29014.434845 216.000000 3.000000 5162.000000
 1782500.000000 0.000000 2.311387 1.094040 0.003681 29023.367830 216.000000 3.000000 5162.000000
 1783000.000000 0.000000 2.311492 1.094480 0.003681 29032.301744 216.000000 3.000000 5162.000000
 1783500.000000 0.000000 2.311597 1.094920 0.003681 29041.236586 216.000000 3.000000 5162.000000
 1784000.000000 0.000000 2.311702 1.095359 0.003681 29050.172355 216.000000 3.000000 5162.000000
 1784500.000000 0.000000 2.311806 1.095799 0.003681 29059.109048 216.000000 3.000000 5162.000000
 1785000.000000 0.000000 2.311911 1.096238 0.003681 29068.046666 216.000000 3.000000 5162.000000
 1785500.000000 0.000000 2.312015 1.096677 0.003682 29076.985205 216.000000 3.000000 5162.000000
 1786000.000000 0.494459 2.249311 1.097103 0.003682 29086.008756 216.000000 3.000000 48.000000
 1786500.000000 0.000000 2.311742 1.097467 0.003685 29095.285904 216.000000 3.000000 4894.000000
 1787000.000000 0.000000 2.311845 1.097905 0.003685 29104.228374 216.000000 3.000000 4894.000000
 1787500.000000 0.858601 2.091374 1.098333 0.003685 29113.232144 216.000000 3.000000 4894.000000
 1788000.000000 0.000000 2.311963 1.098770 0.003685 29122.176474 216.000000 3.000000 4894.000000
 1788500.000000 0.000000 2.312068 1.099207 0.003685 29131.122022 216.000000 3.000000 4894.000000
 1789000.000000 0.000000 2.312172 1.099644 0.003685 29140.068480 216.000000 3.000000 4894.000000
 1789500.000000 0.000000 2.312275 1.100080 0.003685 29149.015620 216.000000 3.000000 4894.000000
 1790000.000000 0.000000 2.312380 1.100516 0.003685 29157.963898 216.000000 3.000000 4894.000000
 1790500.000000 0.000000 2.312484 1.100952 0.003685 29166.913081 216.000000 3.000000 4894.000000
 1791000.000000 0.000000 2.312588 1.101388 0.003685 29175.863168 216.000000 3.000000 4894.000000
 1791500.000000 0.000000 2.312692 1.101823 0.003685 29184.814159 216.000000 3.000000 4894.000000
 1792000.000000 0.000000 2.312796 1.102258 0.003685 29193.766051 216.000000 3.000000 4894.000000
 1792500.000000 0.000000 2.312900 1.102692 0.003685 29202.718843 216.000000 3.000000 4894.000000
 1793000.000000 0.000000 2.313004 1.103127 0.003685 29211.672534 216.000000 3.000000 4894.000000
 1793500.000000 0.000000 2.313106 1.103561 0.003686 29220.627754 216.000000 3.000000 4894.000000
 1794000.000000 0.000000 2.313210 1.103995 0.003686 29229.583243 216.000000 3.000000 4894.000000
 1794500.000000 0.000000 2.313314 1.104429 0.003686 29238.539626 216.000000 3.000000 4894.000000
 1795000.000000 0.000000 2.313418 1.104862 0.003686 29247.496902 216.000000 3.000000 4894.000000
 1795500.000000 0.000000 2.313522 1.105295 0.003686 29256.455070 216.000000 3.000000 4894.000000
 1796000.000000 0.000000 2.313626 1.105728 0.003686 29265.414129 216.000000 3.000000 4894.000000
 1796500.000000 0.000000 2.313729 1.106160 0.003686 29274.374076 216.000000 3.000000 4894.000000
 1797000.000000 0.000000 2.313833 1.106593 0.003686 29283.334910 216.000000 3.000000 4894.000000
 1797500.000000 0.000000 2.313937 1.107025 0.003686 29292.296631 216.000000 3.000000 4894.000000
 1798000.000000 0.000000 2.314040 1.107457 0.003686 29301.259236 216.000000 3.000000 4894.000000
 1798500.000000 0.000000 2.314144 1.107888 0.003686 29310.222725 216.000000 3.000000 4894.000000
 1799000.000000 0.000000 2.314248 1.108319 0.003686 29319.187096 216.000000 3.000000 4894.000000
 1799500.000000 0.000000 2.314351 1.108750 0.003686 29328.152347 216.000000 3.000000 4894.000000
 1800000.000000 0.000000 2.314455 1.109181 0.003686 29337.118477 216.000000 3.000000 4894.000000
 1800500.000000 0.000000 2.314558 1.109611 0.003686 29346.085486 216.000000 3.000000 4894.000000
 1801000.000000 0.000000 2.314662 1.110041 0.003686 29355.053370 216.000000 3.000000 4894.000000
 1801500.000000 0.000000 2.314765 1.110471 0.003686 29364.022130 216.000000 3.000000 4894.000000
 1802000.000000 0.000000 2.314868 1.110901 0.003686 29372.991763 216.000000 3.000000 4894.000000
 1802500.000000 0.000000 2.314884 1.111318 0.003686 29382.035467 216.000000 3.000000 295.000000
 1803000.000000 0.000000 2.314986 1.111748 0.003686 29391.006788 216.000000 3.000000 295.000000
 1803500.000000 0.046554 2.315947 1.112176 0.003686 29399.978582 216.000000 3.000000 295.000000
 1804000.000000 0.000000 2.315189 1.112605 0.003686 29408.951950 216.000000 3.000000 295.000000
 1804500.000000 0.000000 2.315292 1.113033 0.003686 29417.926184 216.000000 3.000000 295.000000
 1805000.000000 0.000000 2.315395 1.113461 0.003687 29426.901283 216.000000 3.000000 295.000000
 1805500.000000 0.000000 2.315498 1.113889 0.003687 29435.877246 216.000000 3.000000 295.000000
 1806000.000000 0.000000 2.315601 1.114316 0.003687 29444.854072 216.000000 3.000000 295.000000
 1806500.000000 0.000000 2.315705 1.114744 0.003687 29453.831759 216.000000 3.000000 295.000000
 1807000.000000 0.000000 2.315808 1.115171 0.003687 29462.810306 216.000000 3.000000 295.000000
 1807500.000000 0.000000 2.315911 1.115597 0.003687 29471.789712 216.000000 3.000000 295.000000
 1808000.000000 0.000000 2.316013 1.116024 0.003687 29480.769975 216.000000 3.000000 295.000000
 1808500.000000 0.000000 2.316116 1.116450 0.003687 29489.751094 216.000000 3.000000 295.000000
 1809000.000000 0.000000 2.316219 1.116876 0.003687 29498.733067 216.000000 3.000000 295.000000
 1809500.000000 0.000000 2.316322 1.117301 0.003687 29507.715894 216.000000 3.000000 295.000000
 1810000.000000 0.000000 2.316425 1.117727 0.003687 29516.699573 216.000000 3.000000 295.000000
 1810500.000000 0.000000 2.316528 1.118152 0.003687 29525.684102 216.000000 3.000000 295.000000
 1811000.000000 0.000000 2.316630 1.118577 0.003687 29534.669481 216.000000 3.000000 295.000000
 1811500.000000 0.000000 2.316733 1.119001 0.003687 29543.655707 216.000000 3.000000 295.000000
 1812000.000000 0.000000 2.316836 1.119425 0.003687 29552.642781 216.000000 3.000000 295.000000
 1812500.000000 0.000000 2.316938 1.119850 0.003687 29561.630700 216.000000 3.000000 295.000000
 1813000.000000 0.000000 2.317041 1.120273 0.003687 29570.619463 216.000000 3.000000 295.000000
 1813500.000000 0.000000 2.317144 1.120697 0.003687 29579.609069 216.000000 3.000000 295.000000
 1814000.000000 0.000000 2.317246 1.121120 0.003687 29588.599516 216.000000 3.000000 295.000000
 1814500.000000 0.000000 2.317349 1.121543 0.003687 29597.590804 216.000000 3.000000 295.000000
 1815000.000000 0.000000 2.317451 1.121966 0.003687 29606.582930 216.000000 3.000000 295.000000
 1815500.000000 0.000000 2.317554 1.122388 0.003687 29615.575895 216.000000 3.000000 295.000000
 1816000.000000 0.000000 2.317656 1.122811 0.003687 29624.569695 216.000000 3.000000 295.000000
 1816500.000000 0.000000 2.317758 1.123233 0.003687 29633.564331 216.000000 3.000000 295.000000
 1817000.000000 0.000000 2.317861 1.123654 0.003687 29642.559800 216.000000 3.000000 295.000000
 1817500.000000 0.000000 2.317963 1.124076 0.003687 29651.556103 216.000000 3.000000 295.000000
 1818000.000000 0.000000 2.318065 1.124497 0.003687 29660.553236 216.000000 3.000000 295.000000
 1818500.000000 0.000000 2.318167 1.124918 0.003687 29669.551199 216.000000 3.000000 295.000000
 1819000.000000 0.000000 2.318270 1.125339 0.003687 29678.549991 216.000000 3.000000 295.000000
 1819500.000000 0.000000 2.318372 1.125759 0.003687 29687.549611 216.000000 3.000000 295.000000
 1820000.000000 0.000000 2.318474 1.126179 0.003687 29696.550057 216.000000 3.000000 295.000000
 1820500.000000 0.000000 2.318576 1.126599 0.003687 29705.551327 216.000000 3.000000 295.000000
 1821000.000000 0.000000 2.318678 1.127019 0.003687 29714.553422 216.000000 3.000000 295.000000
 1821500.000000 0.000000 2.318780 1.127438 0.003687 29723.556339 216.000000 3.000000 295.000000
 1822000.000000 0.000000 2.318882 1.127857 0.003687 29732.560077 216.000000 3.000000 295.000000
 1822500.000000 0.000000 2.318984 1.128276 0.003687 29741.564634 216.000000 3.000000 295.000000
 1823000.000000 0.000000 2.319086 1.128695 0.003687 29750.570011 216.000000 3.000000 295.000000
 1823500.000000 0.000000 2.319188 1.129113 0.003687 29759.576205 216.000000 3.000000 295.000000
 1824000.000000 0.000000 2.319290 1.129532 0.003687 29768.583215 216.000000 3.000000 295.000000
 1824500.000000 0.000000 2.319392 1.129949 0.003687 29777.591041 216.000000 3.000000 295.000000
 1825000.000000 0.000000 2.319493 1.130367 0.003687 29786.599679 216.000000 3.000000 295.000000
 1825500.000000 0.000000 2.319595 1.130784 0.003687 29795.609131 216.000000 3.000000 295.000000
 1826000.000000 0.000000 2.319697 1.131202 0.003687 29804.619393 216.000000 3.000000 295.000000
 1826500.000000 0.000000 2.319798 1.131618 0.003687 29813.630466 216.000000 3.000000 295.000000
 1827000.000000 0.000000 2.319900 1.132035 0.003687 29822.642348 216.000000 3.000000 295.000000
 1827500.000000 0.000000 2.320002 1.132451 0.003687 29831.655037 216.000000 3.000000 295.000000
 1828000.000000 0.000000 2.320103 1.132867 0.003687 29840.668532 216.000000 3.000000 295.000000
 1828500.000000 0.000000 2.320205 1.133283 0.003687 29849.682833 216.000000 3.000000 295.000000
 1829000.000000 0.000000 2.320306 1.133699 0.003687 29858.697937 216.000000 3.000000 295.000000
 1829500.000000 0.000000 2.320408 1.134114 0.003687 29867.713844 216.000000 3.000000 295.000000
 1830000.000000 0.000000 2.320509 1.134529 0.003687 29876.730553 216.000000 3.000000 295.000000
 1830500.000000 0.000000 2.320611 1.134944 0.003687 29885.748062 216.000000 3.000000 295.000000
 1831000.000000 0.000000 2.320712 1.135359 0.003687 29894.766370 216.000000 3.000000 295.000000
 1831500.000000 0.000000 2.320813 1.135773 0.003687 29903.785476 216.000000 3.000000 295.000000
 1832000.000000 0.000000 2.320915 1.136187 0.003687 29912.805378 216.000000 3.000000 295.000000
 1832500.000000 0.000000 2.321016 1.136601 0.003687 29921.826077 216.000000 3.000000 295.000000
 1833000.000000 0.000000 2.321117 1.137015 0.003687 29930.847569 216.000000 3.000000 295.000000
 1833500.000000 0.000000 2.321218 1.137428 0.003687 29939.869854 216.000000 3.000000 295.000000
 1834000.000000 0.000000 2.321320 1.137841 0.003687 29948.892932 216.000000 3.000000 295.000000
 1834500.000000 0.000000 2.321421 1.138254 0.003687 29957.916800 216.000000 3.000000 295.000000
 1835000.000000 0.000000 2.321522 1.138667 0.003688 29966.941457 216.000000 3.000000 295.000000
 1835500.000000 0.000000 2.321623 1.139079 0.003688 29975.966903 216.000000 3.000000 295.000000
 1836000.000000 0.000000 2.321724 1.139491 0.003688 29984.993136 216.000000 3.000000 295.000000
 1836500.000000 0.000000 2.321825 1.139903 0.003688 29994.020155 216.000000 3.000000 295.000000
 1837000.000000 0.000000 2.321926 1.140315 0.003688 30003.047959 216.000000 3.000000 295.000000
 1837500.000000 0.000000 2.322027 1.140726 0.003688 30012.076547 216.000000 3.000000 295.000000
 1838000.000000 0.000000 2.322128 1.141137 0.003688 30021.105917 216.000000 3.000000 295.000000
 1838500.000000 0.000000 2.322229 1.141548 0.003688 30030.136068 216.000000 3.000000 295.000000
 1839000.000000 0.000000 2.322330 1.141959 0.003688 30039.166999 216.000000 3.000000 295.000000
 1839500.000000 0.000000 2.322430 1.142369 0.003688 30048.198710 216.000000 3.000000 295.000000
 1840000.000000 0.000000 2.322531 1.142779 0.003688 30057.231198 216.000000 3.000000 295.000000
 1840500.000000 0.000000 2.322632 1.143189 0.003688 30066.264463 216.000000 3.000000 295.000000
 1841000.000000 0.000000 2.322733 1.143599 0.003688 30075.298503 216.000000 3.000000 295.000000
 1841500.000000 0.000000 2.322833 1.144008 0.003688 30084.333318 216.000000 3.000000 295.000000
 1842000.000000 0.000000 2.322934 1.144417 0.003688 30093.368905 216.000000 3.000000 295.000000
 1842500.000000 0.000000 2.323035 1.144826 0.003688 30102.405265 216.000000 3.000000 295.000000
 1843000.000000 0.000000 2.323135 1.145235 0.003688 30111.442396 216.000000 3.000000 295.000000
 1843500.000000 0.000000 2.323236 1.145643 0.003688 30120.480296 216.000000 3.000000 295.000000
 1844000.000000 0.000000 2.323336 1.146051 0.003688 30129.518965 216.000000 3.000000 295.000000
 1844500.000000 0.000000 2.323437 1.146459 0.003688 30138.558402 216.000000 3.000000 295.000000
 1845000.000000 0.000000 2.323537 1.146867 0.003688 30147.598605 216.000000 3.000000 295.000000
 1845500.000000 0.000000 2.323637 1.147274 0.003688 30156.639572 216.000000 3.000000 295.000000
 1846000.000000 0.000000 2.323738 1.147681 0.003688 30165.681304 216.000000 3.000000 295.000000
 1846500.000000 0.000000 2.323838 1.148088 0.003688 30174.723799 216.000000 3.000000 295.000000
 1847000.000000 0.000000 2.323938 1.148495 0.003688 30183.767056 216.000000 3.000000 295.000000
 1847500.000000 0.000000 2.324039 1.148901 0.003688 30192.811073 216.000000 3.000000 295.000000
 1848000.000000 0.000000 2.324139 1.149308 0.003688 30201.855850 216.000000 3.000000 295.000000
 1848500.000000 0.000000 2.324239 1.149714 0.003688 30210.901386 216.000000 3.000000 295.000000
 1849000.000000 0.000000 2.324339 1.150119 0.003688 30219.947678 216.000000 3.000000 295.000000
 1849500.000000 0.000000 2.324440 1.150525 0.003688 30228.994727 216.000000 3.000000 295.000000
 1850000.000000 0.000000 2.324540 1.150930 0.003688 30238.042531 216.000000 3.000000 295.000000
 1850500.000000 0.000000 2.324640 1.151335 0.003688 30247.091088 216.000000 3.000000 295.000000
 1851000.000000 0.000000 2.324740 1.151740 0.003688 30256.140399 216.000000 3.000000 295.000000
 1851500.000000 0.000000 2.324840 1.152144 0.003688 30265.190461 216.000000 3.000000 295.000000
 1852000.000000 0.000000 2.324940 1.152549 0.003688 30274.241274 216.000000 3.000000 295.000000
 1852500.000000 0.000000 2.325040 1.152953 0.003688 30283.292837 216.000000 3.000000 295.000000
 1853000.000000 0.000000 2.325140 1.153356 0.003688 30292.345148 216.000000 3.000000 295.000000
 1853500.000000 0.000000 2.325239 1.153760 0.003688 30301.398206 216.000000 3.000000 295.000000
 1854000.000000 0.000000 2.325339 1.154163 0.003688 30310.452010 216.000000 3.000000 295.000000
 1854500.000000 0.000000 2.325439 1.154566 0.003688 30319.506560 216.000000 3.000000 295.000000
 1855000.000000 0.000000 2.325539 1.154969 0.003688 30328.561854 216.000000 3.000000 295.000000
 1855500.000000 0.000000 2.325639 1.155372 0.003688 30337.617890 216.000000 3.000000 295.000000
 1856000.000000 0.000000 2.325738 1.155774 0.003688 30346.674668 216.000000 3.000000 295.000000
 1856500.000000 0.000000 2.325838 1.156176 0.003688 30355.732188 216.000000 3.000000 295.000000
 1857000.000000 0.000000 2.325938 1.156578 0.003688 30364.790446 216.000000 3.000000 295.000000
 1857500.000000 0.000000 2.326037 1.156980 0.003688 30373.849444 216.000000 3.000000 295.000000
 1858000.000000 0.000000 2.326137 1.157381 0.003688 30382.909179 216.000000 3.000000 295.000000
 1858500.000000 0.000000 2.326236 1.157782 0.003688 30391.969650 216.000000 3.000000 295.000000
 1859000.000000 0.000000 2.326336 1.158183 0.003688 30401.030857 216.000000 3.000000 295.000000
 1859500.000000 0.000000 2.326435 1.158584 0.003688 30410.092798 216.000000 3.000000 295.000000
 1860000.000000 0.000000 2.326535 1.158985 0.003688 30419.155472 216.000000 3.000000 295.000000
 1860500.000000 0.000000 2.326634 1.159385 0.003688 30428.218879 216.000000 3.000000 295.000000
 1861000.000000 0.000000 2.326734 1.159785 0.003688 30437.283017 216.000000 3.000000 295.000000
 1861500.000000 0.000000 2.326833 1.160184 0.003688 30446.347884 216.000000 3.000000 295.000000
 1862000.000000 0.000000 2.326932 1.160584 0.003688 30455.413481 216.000000 3.000000 295.000000
 1862500.000000 0.000000 2.327032 1.160983 0.003688 30464.479805 216.000000 3.000000 295.000000
 1863000.000000 0.000000 2.327131 1.161382 0.003689 30473.546856 216.000000 3.000000 295.000000
 1863500.000000 0.000000 2.327230 1.161781 0.003689 30482.614634 216.000000 3.000000 295.000000
 1864000.000000 0.000000 2.327329 1.162180 0.003689 30491.683135 216.000000 3.000000 295.000000
 1864500.000000 0.000000 2.327428 1.162578 0.003689 30500.752361 216.000000 3.000000 295.000000
 1865000.000000 0.000000 2.327527 1.162976 0.003689 30509.822309 216.000000 3.000000 295.000000
 1865500.000000 0.000000 2.327627 1.163374 0.003689 30518.892979 216.000000 3.000000 295.000000
 1866000.000000 0.000000 2.327726 1.163772 0.003689 30527.964369 216.000000 3.000000 295.000000
 1866500.000000 0.000000 2.327825 1.164169 0.003689 30537.036479 216.000000 3.000000 295.000000
 1867000.000000 0.000000 2.327924 1.164566 0.003689 30546.109307 216.000000 3.000000 295.000000
 1867500.000000 0.000000 2.328023 1.164963 0.003689 30555.182853 216.000000 3.000000 295.000000
 1868000.000000 0.000000 2.328121 1.165360 0.003689 30564.257115 216.000000 3.000000 295.000000
 1868500.000000 0.000000 2.328220 1.165756 0.003689 30573.332093 216.000000 3.000000 295.000000
 1869000.000000 0.000000 2.328319 1.166153 0.003689 30582.407785 216.000000 3.000000 295.000000
 1869500.000000 0.000000 2.328418 1.166548 0.003689 30591.484190 216.000000 3.000000 295.000000
 1870000.000000 0.000000 2.328517 1.166944 0.003689 30600.561307 216.000000 3.000000 295.000000
 1870500.000000 0.000000 2.328616 1.167340 0.003689 30609.639136 216.000000 3.000000 295.000000
 1871000.000000 0.000000 2.328714 1.167735 0.003689 30618.717674 216.000000 3.000000 295.000000
 1871500.000000 0.000000 2.328813 1.168130 0.003689 30627.796922 216.000000 3.000000 295.000000
 1872000.000000 0.000000 2.328912 1.168525 0.003689 30636.876878 216.000000 3.000000 295.000000
 1872500.000000 0.000000 2.329010 1.168920 0.003689 30645.957542 216.000000 3.000000 295.000000
 1873000.000000 0.000000 2.329109 1.169314 0.003689 30655.038911 216.000000 3.000000 295.000000
 1873500.000000 0.000000 2.329207 1.169708 0.003689 30664.120986 216.000000 3.000000 295.000000
 1874000.000000 0.000000 2.329306 1.170102 0.003689 30673.203764 216.000000 3.000000 295.000000
 1874500.000000 0.000000 2.329404 1.170496 0.003689 30682.287246 216.000000 3.000000 295.000000
 1875000.000000 0.000000 2.329503 1.170889 0.003689 30691.371430 216.000000 3.000000 295.000000
 1875500.000000 0.000000 2.329601 1.171282 0.003689 30700.456315 216.000000 3.000000 295.000000
 1876000.000000 0.000000 2.329700 1.171675 0.003689 30709.541900 216.000000 3.000000 295.000000
 1876500.000000 0.000000 2.329798 1.172068 0.003689 30718.628184 216.000000 3.000000 295.000000
 1877000.000000 0.000000 2.329896 1.172461 0.003689 30727.715166 216.000000 3.000000 295.000000
 1877500.000000 0.000000 2.329995 1.172853 0.003689 30736.802845 216.000000 3.000000 295.000000
 1878000.000000 0.000000 2.330093 1.173245 0.003689 30745.891220 216.000000 3.000000 295.000000
 1878500.000000 0.000000 2.330191 1.173637 0.003689 30754.980291 216.000000 3.000000 295.000000
 1879000.000000 0.000000 2.330289 1.174029 0.003689 30764.070055 216.000000 3.000000 295.000000
 1879500.000000 0.000000 2.330388 1.174420 0.003689 30773.160513 216.000000 3.000000 295.000000
 1880000.000000 0.000000 2.330486 1.174811 0.003689 30782.251662 216.000000 3.000000 295.000000
 1880500.000000 0.000000 2.330584 1.175202 0.003689 30791.343503 216.000000 3.000000 295.000000
 1881000.000000 0.000000 2.330682 1.175593 0.003689 30800.436034 216.000000 3.000000 295.000000
 1881500.000000 0.000000 2.330780 1.175983 0.003689 30809.529254 216.000000 3.000000 295.000000
 1882000.000000 0.000000 2.330878 1.176373 0.003689 30818.623162 216.000000 3.000000 295.000000
 1882500.000000 0.000000 2.330976 1.176763 0.003689 30827.717758 216.000000 3.000000 295.000000
 1883000.000000 0.000000 2.331074 1.177153 0.003689 30836.813040 216.000000 3.000000 295.000000
 1883500.000000 0.000000 2.331172 1.177543 0.003689 30845.909006 216.000000 3.000000 295.000000
 1884000.000000 0.000000 2.331270 1.177932 0.003689 30855.005658 216.000000 3.000000 295.000000
 1884500.000000 0.000000 2.331368 1.178321 0.003689 30864.102992 216.000000 3.000000 295.000000
 1885000.000000 0.000000 2.331465 1.178710 0.003689 30873.201009 216.000000 3.000000 295.000000
 1885500.000000 0.000000 2.331563 1.179099 0.003689 30882.299707 216.000000 3.000000 295.000000
 1886000.000000 0.000000 2.331661 1.179487 0.003689 30891.399086 216.000000 3.000000 295.000000
 1886500.000000 0.000000 2.331759 1.179875 0.003689 30900.499144 216.000000 3.000000 295.000000
 1887000.000000 0.000000 2.331856 1.180263 0.003689 30909.599880 216.000000 3.000000 295.000000
 1887500.000000 0.000000 2.331954 1.180651 0.003689 30918.701294 216.000000 3.000000 295.000000
 1888000.000000 0.000000 2.332052 1.181039 0.003689 30927.803385 216.000000 3.000000 295.000000
 1888500.000000 0.000000 2.332149 1.181426 0.003689 30936.906151 216.000000 3.000000 295.000000
 1889000.000000 0.000000 2.332247 1.181813 0.003689 30946.009592 216.000000 3.000000 295.000000
 1889500.000000 0.000000 2.332344 1.182200 0.003689 30955.113707 216.000000 3.000000 295.000000
 1890000.000000 0.000000 2.332441 1.182587 0.003690 30964.218268 216.000000 3.000000 295.000000
 1890500.000000 0.000000 2.332539 1.182973 0.003690 30973.323729 216.000000 3.000000 295.000000
 1891000.000000 0.000000 2.332636 1.183359 0.003690 30982.429860 216.000000 3.000000 295.000000
 1891500.000000 0.000000 2.332734 1.183745 0.003690 30991.536662 216.000000 3.000000 295.000000
 1892000.000000 0.000000 2.332831 1.184131 0.003690 31000.644132 216.000000 3.000000 295.000000
 1892500.000000 0.000000 2.332928 1.184517 0.003690 31009.752044 216.000000 3.000000 295.000000
 1893000.000000 0.000000 2.333025 1.184902 0.003690 31018.860851 216.000000 3.000000 295.000000
 1893500.000000 0.000000 2.333122 1.185287 0.003690 31027.970324 216.000000 3.000000 295.000000
 1894000.000000 0.000000 2.333220 1.185672 0.003690 31037.080463 216.000000 3.000000 295.000000
 1894500.000000 0.000000 2.333317 1.186057 0.003690 31046.191265 216.000000 3.000000 295.000000
 1895000.000000 0.000000 2.333414 1.186441 0.003690 31055.302732 216.000000 3.000000 295.000000
 1895500.000000 0.000000 2.333511 1.186825 0.003690 31064.414860 216.000000 3.000000 295.000000
 1896000.000000 0.000000 2.333608 1.187209 0.003690 31073.527650 216.000000 3.000000 295.000000
 1896500.000000 0.000000 2.333705 1.187593 0.003690 31082.641101 216.000000 3.000000 295.000000
 1897000.000000 0.000000 2.333802 1.187976 0.003690 31091.755211 216.000000 3.000000 295.000000
 1897500.000000 0.000000 2.333899 1.188360 0.003690 31100.869980 216.000000 3.000000 295.000000
 1898000.000000 0.000000 2.333996 1.188743 0.003690 31109.985406 216.000000 3.000000 295.000000
 1898500.000000 0.000000 2.334093 1.189126 0.003690 31119.101490 216.000000 3.000000 295.000000
 1899000.000000 0.000000 2.334190 1.189508 0.003690 31128.218229 216.000000 3.000000 295.000000
 1899500.000000 0.000000 2.334287 1.189891 0.003690 31137.335624 216.000000 3.000000 295.000000
 1900000.000000 0.000000 2.334384 1.190273 0.003690 31146.453672 216.000000 3.000000 295.000000
 1900500.000000 0.000000 2.334481 1.190655 0.003690 31155.572374 216.000000 3.000000 295.000000
 1901000.000000 0.000000 2.334578 1.191037 0.003690 31164.691728 216.000000 3.000000 295.000000
 1901500.000000 0.000000 2.334674 1.191418 0.003690 31173.811734 216.000000 3.000000 295.000000
 1902000.000000 0.000000 2.334771 1.191800 0.003690 31182.932390 216.000000 3.000000 295.000000
 1902500.000000 0.000000 2.334868 1.192181 0.003690 31192.053695 216.000000 3.000000 295.000000
 1903000.000000 0.000000 2.334965 1.192562 0.003690 31201.175649 216.000000 3.000000 295.000000
 1903500.000000 0.000000 2.335061 1.192942 0.003690 31210.298251 216.000000 3.000000 295.000000
 1904000.000000 0.000000 2.335158 1.193323 0.003690 31219.421500 216.000000 3.000000 295.000000
 1904500.000000 0.000000 2.335254 1.193703 0.003690 31228.545395 216.000000 3.000000 295.000000
 1905000.000000 0.000000 2.335351 1.194083 0.003690 31237.669935 216.000000 3.000000 295.000000
 1905500.000000 0.000000 2.335447 1.194463 0.003690 31246.795119 216.000000 3.000000 295.000000
 1906000.000000 0.000000 2.335544 1.194842 0.003690 31255.920946 216.000000 3.000000 295.000000
 1906500.000000 0.000000 2.335640 1.195222 0.003690 31265.047415 216.000000 3.000000 295.000000
 1907000.000000 0.000000 2.335737 1.195601 0.003690 31274.174527 216.000000 3.000000 295.000000
 1907500.000000 0.000000 2.335833 1.195980 0.003690 31283.302278 216.000000 3.000000 295.000000
 1908000.000000 0.000000 2.335929 1.196359 0.003690 31292.430670 216.000000 3.000000 295.000000
 1908500.000000 0.000000 2.336026 1.196737 0.003690 31301.559700 216.000000 3.000000 295.000000
 1909000.000000 0.000000 2.336122 1.197116 0.003690 31310.689368 216.000000 3.000000 295.000000
 1909500.000000 0.000000 2.336218 1.197494 0.003690 31319.819674 216.000000 3.000000 295.000000
 1910000.000000 0.000000 2.336315 1.197871 0.003690 31328.950615 216.000000 3.000000 295.000000
 1910500.000000 0.000000 2.336411 1.198249 0.003690 31338.082192 216.000000 3.000000 295.000000
 1911000.000000 0.000000 2.336507 1.198627 0.003690 31347.214404 216.000000 3.000000 295.000000
 1911500.000000 0.000000 2.336603 1.199004 0.003690 31356.347248 216.000000 3.000000 295.000000
 1912000.000000 0.000000 2.336699 1.199381 0.003690 31365.480726 216.000000 3.000000 295.000000
 1912500.000000 0.000000 2.336795 1.199758 0.003690 31374.614835 216.000000 3.000000 295.000000
 1913000.000000 0.000000 2.336891 1.200134 0.003690 31383.749576 216.000000 3.000000 295.000000
 1913500.000000 0.000000 2.336987 1.200510 0.003690 31392.884946 216.000000 3.000000 295.000000
 1914000.000000 0.000000 2.337083 1.200887 0.003690 31402.020946 216.000000 3.000000 295.000000
 1914500.000000 0.000000 2.337179 1.201263 0.003690 31411.157574 216.000000 3.000000 295.000000
 1915000.000000 0.000000 2.337275 1.201638 0.003690 31420.294829 216.000000 3.000000 295.000000
 1915500.000000 0.000000 2.337371 1.202014 0.003691 31429.432711 216.000000 3.000000 295.000000
 1916000.000000 0.000000 2.337467 1.202389 0.003691 31438.571219 216.000000 3.000000 295.000000
 1916500.000000 0.000000 2.337563 1.202764 0.003691 31447.710352 216.000000 3.000000 295.000000
 1917000.000000 0.000000 2.337658 1.203139 0.003691 31456.850108 216.000000 3.000000 295.000000
 1917500.000000 0.000000 2.337754 1.203514 0.003691 31465.990488 216.000000 3.000000 295.000000
 1918000.000000 0.000000 2.337850 1.203888 0.003691 31475.131491 216.000000 3.000000 295.000000
 1918500.000000 0.000000 2.337946 1.204262 0.003691 31484.273115 216.000000 3.000000 295.000000
 1919000.000000 0.000000 2.338041 1.204636 0.003691 31493.415359 216.000000 3.000000 295.000000
 1919500.000000 0.000000 2.338137 1.205010 0.003691 31502.558223 216.000000 3.000000 295.000000
 1920000.000000 0.000000 2.338232 1.205384 0.003691 31511.701706 216.000000 3.000000 295.000000
 1920500.000000 0.000000 2.338328 1.205757 0.003691 31520.845808 216.000000 3.000000 295.000000
 1921000.000000 0.000000 2.338424 1.206130 0.003691 31529.990526 216.000000 3.000000 295.000000
 1921500.000000 0.000000 2.338519 1.206503 0.003691 31539.135861 216.000000 3.000000 295.000000
 1922000.000000 0.000000 2.338615 1.206876 0.003691 31548.281812 216.000000 3.000000 295.000000
 1922500.000000 0.000000 2.338710 1.207249 0.003691 31557.428377 216.000000 3.000000 295.000000
 1923000.000000 0.000000 2.338805 1.207621 0.003691 31566.575556 216.000000 3.000000 295.000000
 1923500.000000 0.000000 2.338901 1.207993 0.003691 31575.723348 216.000000 3.000000 295.000000
 1924000.000000 0.000000 2.338996 1.208365 0.003691 31584.871753 216.000000 3.000000 295.000000
 1924500.000000 0.000000 2.339091 1.208737 0.003691 31594.020769 216.000000 3.000000 295.000000
 1925000.000000 0.000000 2.339187 1.209108 0.003691 31603.170395 216.000000 3.000000 295.000000
 1925500.000000 0.000000 2.339282 1.209479 0.003691 31612.320631 216.000000 3.000000 295.000000
 1926000.000000 0.000000 2.339377 1.209851 0.003691 31621.471476 216.000000 3.000000 295.000000
 1926500.000000 0.000000 2.339472 1.210221 0.003691 31630.622929 216.000000 3.000000 295.000000
 1927000.000000 0.000000 2.339568 1.210592 0.003691 31639.774990 216.000000 3.000000 295.000000
 1927500.000000 0.000000 2.339663 1.210963 0.003691 31648.927657 216.000000 3.000000 295.000000
 1928000.000000 0.000000 2.339758 1.211333 0.003691 31658.080929 216.000000 3.000000 295.000000
 1928500.000000 0.000000 2.339853 1.211703 0.003691 31667.234806 216.000000 3.000000 295.000000
 1929000.000000 0.000000 2.339948 1.212073 0.003691 31676.389287 216.000000 3.000000 295.000000
 1929500.000000 0.000000 2.340043 1.212442 0.003691 31685.544372 216.000000 3.000000 295.000000
 1930000.000000 0.000000 2.340138 1.212812 0.003691 31694.700058 216.000000 3.000000 295.000000
 1930500.000000 0.000000 2.340233 1.213181 0.003691 31703.856346 216.000000 3.000000 295.000000
 1931000.000000 0.000000 2.340328 1.213550 0.003691 31713.013235 216.000000 3.000000 295.000000
 1931500.000000 0.000000 2.340423 1.213919 0.003691 31722.170724 216.000000 3.000000 295.000000
 1932000.000000 0.000000 2.340518 1.214287 0.003691 31731.328812 216.000000 3.000000 295.000000
 1932500.000000 0.000000 2.340612 1.214656 0.003691 31740.487498 216.000000 3.000000 295.000000
 1933000.000000 0.000000 2.340707 1.215024 0.003691 31749.646782 216.000000 3.000000 295.000000
 1933500.000000 0.000000 2.340802 1.215392 0.003691 31758.806662 216.000000 3.000000 295.000000
 1934000.000000 0.000000 2.340897 1.215759 0.003691 31767.967138 216.000000 3.000000 295.000000
 1934500.000000 0.000000 2.340991 1.216127 0.003691 31777.128209 216.000000 3.000000 295.000000
 1935000.000000 0.000000 2.341086 1.216494 0.003691 31786.289875 216.000000 3.000000 295.000000
 1935500.000000 0.000000 2.341181 1.216861 0.003691 31795.452134 216.000000 3.000000 295.000000
 1936000.000000 0.000000 2.341275 1.217228 0.003691 31804.614985 216.000000 3.000000 295.000000
 1936500.000000 0.000000 2.341370 1.217595 0.003691 31813.778429 216.000000 3.000000 295.000000
 1937000.000000 0.000000 2.341464 1.217962 0.003691 31822.942463 216.000000 3.000000 295.000000
 1937500.000000 0.000000 2.341559 1.218328 0.003691 31832.107088 216.000000 3.000000 295.000000
 1938000.000000 0.000000 2.341653 1.218694 0.003691 31841.272303 216.000000 3.000000 295.000000
 1938500.000000 0.000000 2.341748 1.219060 0.003691 31850.438106 216.000000 3.000000 295.000000
 1939000.000000 0.000000 2.341842 1.219426 0.003691 31859.604496 216.000000 3.000000 295.000000
 1939500.000000 0.000000 2.341937 1.219791 0.003691 31868.771475 216.000000 3.000000 295.000000
 1940000.000000 0.000000 2.342031 1.220157 0.003692 31877.939039 216.000000 3.000000 295.000000
 1940500.000000 0.000000 2.342125 1.220522 0.003692 31887.107189 216.000000 3.000000 295.000000
 1941000.000000 0.000000 2.342220 1.220886 0.003692 31896.275924 216.000000 3.000000 295.000000
 1941500.000000 0.000000 2.342314 1.221251 0.003692 31905.445242 216.000000 3.000000 295.000000
 1942000.000000 0.000000 2.342408 1.221616 0.003692 31914.615144 216.000000 3.000000 295.000000
 1942500.000000 0.000000 2.342502 1.221980 0.003692 31923.785629 216.000000 3.000000 295.000000
 1943000.000000 0.000000 2.342597 1.222344 0.003692 31932.956695 216.000000 3.000000 295.000000
 1943500.000000 0.000000 2.342691 1.222708 0.003692 31942.128341 216.000000 3.000000 295.000000
 1944000.000000 0.000000 2.342785 1.223072 0.003692 31951.300568 216.000000 3.000000 295.000000
 1944500.000000 0.000000 2.342879 1.223435 0.003692 31960.473375 216.000000 3.000000 295.000000
 1945000.000000 0.000000 2.342973 1.223798 0.003692 31969.646760 216.000000 3.000000 295.000000
 1945500.000000 0.000000 2.343067 1.224161 0.003692 31978.820722 216.000000 3.000000 295.000000
 1946000.000000 0.000000 2.343161 1.224524 0.003692 31987.995262 216.000000 3.000000 295.000000
 1946500.000000 0.000000 2.343255 1.224887 0.003692 31997.170378 216.000000 3.000000 295.000000
 1947000.000000 0.000000 2.343349 1.225249 0.003692 32006.346069 216.000000 3.000000 295.000000
 1947500.000000 0.000000 2.343443 1.225612 0.003692 32015.522335 216.000000 3.000000 295.000000
 1948000.000000 0.000000 2.343537 1.225974 0.003692 32024.699176 216.000000 3.000000 295.000000
 1948500.000000 0.000000 2.343631 1.226336 0.003692 32033.876589 216.000000 3.000000 295.000000
 1949000.000000 0.000000 2.343724 1.226697 0.003692 32043.054575 216.000000 3.000000 295.000000
 1949500.000000 0.000000 2.343818 1.227059 0.003692 32052.233132 216.000000 3.000000 295.000000
 1950000.000000 0.000000 2.343912 1.227420 0.003692 32061.412260 216.000000 3.000000 295.000000
 1950500.000000 0.000000 2.344006 1.227781 0.003692 32070.591959 216.000000 3.000000 295.000000
 1951000.000000 0.000000 2.344099 1.228142 0.003692 32079.772227 216.000000 3.000000 295.000000
 1951500.000000 0.000000 2.344193 1.228503 0.003692 32088.953063 216.000000 3.000000 295.000000
 1952000.000000 0.000000 2.344287 1.228863 0.003692 32098.134468 216.000000 3.000000 295.000000
 1952500.000000 0.000000 2.344380 1.229223 0.003692 32107.316440 216.000000 3.000000 295.000000
 1953000.000000 0.000000 2.344474 1.229583 0.003692 32116.498978 216.000000 3.000000 295.000000
 1953500.000000 0.000000 2.344567 1.229943 0.003692 32125.682081 216.000000 3.000000 295.000000
 1954000.000000 0.000000 2.344661 1.230303 0.003692 32134.865750 216.000000 3.000000 295.000000
 1954500.000000 0.000000 2.344754 1.230662 0.003692 32144.049983 216.000000 3.000000 295.000000
 1955000.000000 0.000000 2.344848 1.231022 0.003692 32153.234779 216.000000 3.000000 295.000000
 1955500.000000 0.000000 2.344941 1.231381 0.003692 32162.419954 216.000000 3.000000 295.000000
 1956000.000000 0.000000 2.345034 1.231740 0.003692 32171.605876 216.000000 3.000000 295.000000
 1956500.000000 0.000000 2.345128 1.232098 0.003692 32180.792360 216.000000 3.000000 295.000000
 1957000.000000 0.000000 2.345221 1.232457 0.003692 32189.979404 216.000000 3.000000 295.000000
 1957500.000000 0.000000 2.345314 1.232815 0.003692 32199.167008 216.000000 3.000000 295.000000
 1958000.000000 0.000000 2.345407 1.233173 0.003692 32208.355171 216.000000 3.000000 295.000000
 1958500.000000 0.000000 2.345501 1.233531 0.003692 32217.543892 216.000000 3.000000 295.000000
 1959000.000000 0.000000 2.345594 1.233889 0.003692 32226.733171 216.000000 3.000000 295.000000
 1959500.000000 0.000000 2.345687 1.234246 0.003692 32235.923006 216.000000 3.000000 295.000000
 1960000.000000 0.000000 2.345780 1.234603 0.003692 32245.113397 216.000000 3.000000 295.000000
 1960500.000000 0.000000 2.345873 1.234961 0.003692 32254.304344 216.000000 3.000000 295.000000
 1961000.000000 0.000000 2.345967 1.235317 0.003692 32263.495846 216.000000 3.000000 295.000000
 1961500.000000 0.000000 2.346060 1.235674 0.003692 32272.687901 216.000000 3.000000 295.000000
 1962000.000000 0.000000 2.346153 1.236031 0.003692 32281.880509 216.000000 3.000000 295.000000
 1962500.000000 0.000000 2.346246 1.236387 0.003692 32291.073670 216.000000 3.000000 295.000000
 1963000.000000 0.000000 2.346339 1.236743 0.003693 32300.267383 216.000000 3.000000 295.000000
 1963500.000000 0.000000 2.346432 1.237099 0.003693 32309.461646 216.000000 3.000000 295.000000
 1964000.000000 0.000000 2.346524 1.237455 0.003693 32318.656460 216.000000 3.000000 295.000000
 1964500.000000 0.000000 2.346617 1.237810 0.003693 32327.851823 216.000000 3.000000 295.000000
 1965000.000000 0.000000 2.346710 1.238166 0.003693 32337.047736 216.000000 3.000000 295.000000
 1965500.000000 0.000000 2.346803 1.238521 0.003693 32346.244196 216.000000 3.000000 295.000000
 1966000.000000 0.000000 2.346896 1.238876 0.003693 32355.441204 216.000000 3.000000 295.000000
 1966500.000000 0.000000 2.346989 1.239230 0.003693 32364.638758 216.000000 3.000000 295.000000
 1967000.000000 0.000000 2.347081 1.239585 0.003693 32373.836858 216.000000 3.000000 295.000000
 1967500.000000 0.000000 2.347174 1.239939 0.003693 32383.035504 216.000000 3.000000 295.000000
 1968000.000000 0.000000 2.347267 1.240294 0.003693 32392.234694 216.000000 3.000000 295.000000
 1968500.000000 0.000000 2.347359 1.240648 0.003693 32401.434428 216.000000 3.000000 295.000000
 1969000.000000 0.000000 2.347452 1.241001 0.003693 32410.634706 216.000000 3.000000 295.000000
 1969500.000000 0.000000 2.347545 1.241355 0.003693 32419.835525 216.000000 3.000000 295.000000
 1970000.000000 0.000000 2.347637 1.241708 0.003693 32429.036886 216.000000 3.000000 295.000000
 1970500.000000 0.000000 2.347730 1.242062 0.003693 32438.238789 216.000000 3.000000 295.000000
 1971000.000000 0.000000 2.347822 1.242415 0.003693 32447.441232 216.000000 3.000000 295.000000
 1971500.000000 0.000000 2.347915 1.242767 0.003693 32456.644214 216.000000 3.000000 295.000000
 1972000.000000 0.000000 2.348007 1.243120 0.003693 32465.847735 216.000000 3.000000 295.000000
 1972500.000000 0.000000 2.348100 1.243472 0.003693 32475.051795 216.000000 3.000000 295.000000
 1973000.000000 0.000000 2.348192 1.243825 0.003693 32484.256392 216.000000 3.000000 295.000000
 1973500.000000 0.000000 2.348284 1.244177 0.003693 32493.461525 216.000000 3.000000 295.000000
 1974000.000000 0.000000 2.348377 1.244529 0.003693 32502.667195 216.000000 3.000000 295.000000
 1974500.000000 0.000000 2.348469 1.244880 0.003693 32511.873401 216.000000 3.000000 295.000000
 1975000.000000 0.000000 2.348561 1.245232 0.003693 32521.080141 216.000000 3.000000 295.000000
 1975500.000000 0.000000 2.348653 1.245583 0.003693 32530.287415 216.000000 3.000000 295.000000
 1976000.000000 0.000000 2.348746 1.245934 0.003693 32539.495223 216.000000 3.000000 295.000000
 1976500.000000 0.000000 2.348838 1.246285 0.003693 32548.703563 216.000000 3.000000 295.000000
 1977000.000000 0.000000 2.348930 1.246636 0.003693 32557.912435 216.000000 3.000000 295.000000
 1977500.000000 0.000000 2.349022 1.246986 0.003693 32567.121839 216.000000 3.000000 295.000000
 1978000.000000 0.000000 2.349114 1.247337 0.003693 32576.331773 216.000000 3.000000 295.000000
 1978500.000000 0.000000 2.349206 1.247687 0.003693 32585.542238 216.000000 3.000000 295.000000
 1979000.000000 0.000000 2.349298 1.248037 0.003693 32594.753231 216.000000 3.000000 295.000000
 1979500.000000 0.000000 2.349390 1.248387 0.003693 32603.964753 216.000000 3.000000 295.000000
 1980000.000000 0.000000 2.349482 1.248736 0.003693 32613.176803 216.000000 3.000000 295.000000
 1980500.000000 0.000000 2.349574 1.249085 0.003693 32622.389380 216.000000 3.000000 295.000000
 1981000.000000 0.000000 2.349666 1.249435 0.003693 32631.602484 216.000000 3.000000 295.000000
 1981500.000000 0.000000 2.349758 1.249784 0.003693 32640.816114 216.000000 3.000000 295.000000
 1982000.000000 0.000000 2.349850 1.250133 0.003693 32650.030268 216.000000 3.000000 295.000000
 1982500.000000 0.000000 2.349942 1.250481 0.003693 32659.244948 216.000000 3.000000 295.000000
 1983000.000000 0.000000 2.350033 1.250830 0.003693 32668.460151 216.000000 3.000000 295.000000
 1983500.000000 0.000000 2.350125 1.251178 0.003693 32677.675877 216.000000 3.000000 295.000000
 1984000.000000 0.000000 2.350217 1.251526 0.003693 32686.892126 216.000000 3.000000 295.000000
 1984500.000000 0.000000 2.350309 1.251874 0.003693 32696.108897 216.000000 3.000000 295.000000
 1985000.000000 0.000000 2.350400 1.252221 0.003693 32705.326189 216.000000 3.000000 295.000000
 1985500.000000 0.000000 2.350492 1.252569 0.003694 32714.544001 216.000000 3.000000 295.000000
 1986000.000000 0.000000 2.350584 1.252916 0.003694 32723.762334 216.000000 3.000000 295.000000
 1986500.000000 0.000000 2.350675 1.253263 0.003694 32732.981185 216.000000 3.000000 295.000000
 1987000.000000 0.000000 2.350767 1.253610 0.003694 32742.200555 216.000000 3.000000 295.000000
 1987500.000000 0.000000 2.350858 1.253957 0.003694 32751.420443 216.000000 3.000000 295.000000
 1988000.000000 0.000000 2.350950 1.254304 0.003694 32760.640848 216.000000 3.000000 295.000000
 1988500.000000 0.000000 2.351041 1.254650 0.003694 32769.861769 216.000000 3.000000 295.000000
 1989000.000000 0.000000 2.351133 1.254996 0.003694 32779.083207 216.000000 3.000000 295.000000
 1989500.000000 0.000000 2.351224 1.255342 0.003694 32788.305160 216.000000 3.000000 295.000000
 1990000.000000 0.000000 2.351316 1.255688 0.003694 32797.527627 216.000000 3.000000 295.000000
 1990500.000000 0.000000 2.351407 1.256034 0.003694 32806.750608 216.000000 3.000000 295.000000
 1991000.000000 0.000000 2.351498 1.256379 0.003694 32815.974102 216.000000 3.000000 295.000000
 1991500.000000 0.000000 2.351589 1.256724 0.003694 32825.198109 216.000000 3.000000 295.000000
 1992000.000000 0.000000 2.351681 1.257070 0.003694 32834.422628 216.000000 3.000000 295.000000
 1992500.000000 0.000000 2.351772 1.257414 0.003694 32843.647659 216.000000 3.000000 295.000000
 1993000.000000 0.000000 2.351863 1.257759 0.003694 32852.873199 216.000000 3.000000 295.000000
 1993500.000000 0.000000 2.351954 1.258104 0.003694 32862.099250 216.000000 3.000000 295.000000
 1994000.000000 0.000000 2.352046 1.258448 0.003694 32871.325811 216.000000 3.000000 295.000000
 1994500.000000 0.000000 2.352137 1.258792 0.003694 32880.552880 216.000000 3.000000 295.000000
 1995000.000000 0.000000 2.352228 1.259136 0.003694 32889.780457 216.000000 3.000000 295.000000
 1995500.000000 0.000000 2.352319 1.259480 0.003694 32899.008541 216.000000 3.000000 295.000000
 1996000.000000 0.000000 2.352410 1.259824 0.003694 32908.237132 216.000000 3.000000 295.000000
 1996500.000000 0.000000 2.352501 1.260167 0.003694 32917.466230 216.000000 3.000000 295.000000
 1997000.000000 0.000000 2.352592 1.260510 0.003694 32926.695833 216.000000 3.000000 295.000000
 1997500.000000 0.000000 2.352683 1.260853 0.003694 32935.925941 216.000000 3.000000 295.000000
 1998000.000000 0.000000 2.352774 1.261196 0.003694 32945.156553 216.000000 3.000000 295.000000
 1998500.000000 0.000000 2.352865 1.261539 0.003694 32954.387668 216.000000 3.000000 295.000000
 1999000.000000 0.000000 2.352956 1.261881 0.003694 32963.619287 216.000000 3.000000 295.000000
 1999500.000000 0.000000 2.353046 1.262224 0.003694 32972.851408 216.000000 3.000000 295.000000
 2000000.000000 0.000000 2.353137 1.262566 0.003694 32982.084030 216.000000 3.000000 295.000000
 2000500.000000 0.000000 2.353228 1.262908 0.003694 32991.317154 216.000000 3.000000 295.000000
 2001000.000000 0.000000 2.353319 1.263249 0.003694 33000.550778 216.000000 3.000000 295.000000
 2001500.000000 0.000000 2.353409 1.263591 0.003694 33009.784902 216.000000 3.000000 295.000000
 2002000.000000 0.000000 2.353500 1.263932 0.003694 33019.019525 216.000000 3.000000 295.000000
 2002500.000000 0.000000 2.353591 1.264274 0.003694 33028.254646 216.000000 3.000000 295.000000
 2003000.000000 0.000000 2.353681 1.264615 0.003694 33037.490266 216.000000 3.000000 295.000000
 2003500.000000 0.000000 2.353772 1.264956 0.003694 33046.726383 216.000000 3.000000 295.000000
 2004000.000000 0.000000 2.353863 1.265296 0.003694 33055.962996 216.000000 3.000000 295.000000
 2004500.000000 0.000000 2.353953 1.265637 0.003694 33065.200106 216.000000 3.000000 295.000000
 2005000.000000 0.000000 2.354044 1.265977 0.003694 33074.437710 216.000000 3.000000 295.000000
 2005500.000000 0.000000 2.354134 1.266317 0.003694 33083.675810 216.000000 3.000000 295.000000
 2006000.000000 0.000000 2.354225 1.266657 0.003694 33092.914404 216.000000 3.000000 295.000000
 2006500.000000 0.000000 2.354315 1.266997 0.003694 33102.153491 216.000000 3.000000 295.000000
 2007000.000000 0.000000 2.354406 1.267336 0.003695 33111.393072 216.000000 3.000000 295.000000
 2007500.000000 0.000000 2.354496 1.267676 0.003695 33120.633144 216.000000 3.000000 295.000000
 2008000.000000 0.000000 2.354586 1.268015 0.003695 33129.873709 216.000000 3.000000 295.000000
 2008500.000000 0.000000 2.354677 1.268354 0.003695 33139.114764 216.000000 3.000000 295.000000
 2009000.000000 0.000000 2.354767 1.268693 0.003695 33148.356310 216.000000 3.000000 295.000000
 2009500.000000 0.000000 2.354857 1.269032 0.003695 33157.598346 216.000000 3.000000 295.000000
 2010000.000000 0.000000 2.354947 1.269370 0.003695 33166.840871 216.000000 3.000000 295.000000
 2010500.000000 0.000000 2.355038 1.269708 0.003695 33176.083885 216.000000 3.000000 295.000000
 2011000.000000 0.000000 2.355128 1.270047 0.003695 33185.327386 216.000000 3.000000 295.000000
 2011500.000000 0.000000 2.355218 1.270385 0.003695 33194.571375 216.000000 3.000000 295.000000
 2012000.000000 0.000000 2.355308 1.270722 0.003695 33203.815851 216.000000 3.000000 295.000000
 2012500.000000 0.000000 2.355398 1.271060 0.003695 33213.060814 216.000000 3.000000 295.000000
 2013000.000000 0.000000 2.355488 1.271397 0.003695 33222.306261 216.000000 3.000000 295.000000
 2013500.000000 0.000000 2.355578 1.271735 0.003695 33231.552194 216.000000 3.000000 295.000000
 2014000.000000 0.000000 2.355668 1.272072 0.003695 33240.798611 216.000000 3.000000 295.000000
 2014500.000000 0.000000 2.355758 1.272409 0.003695 33250.045512 216.000000 3.000000 295.000000
 2015000.000000 0.000000 2.355848 1.272745 0.003695 33259.292896 216.000000 3.000000 295.000000
 2015500.000000 0.000000 2.355938 1.273082 0.003695 33268.540763 216.000000 3.000000 295.000000
 2016000.000000 0.000000 2.356028 1.273418 0.003695 33277.789112 216.000000 3.000000 295.000000
 2016500.000000 0.000000 2.356118 1.273754 0.003695 33287.037942 216.000000 3.000000 295.000000
 2017000.000000 0.000000 2.356208 1.274090 0.003695 33296.287253 216.000000 3.000000 295.000000
 2017500.000000 0.000000 2.356298 1.274426 0.003695 33305.537044 216.000000 3.000000 295.000000
 2018000.000000 0.000000 2.356387 1.274762 0.003695 33314.787315 216.000000 3.000000 295.000000
 2018500.000000 0.000000 2.356477 1.275097 0.003695 33324.038065 216.000000 3.000000 295.000000
 2019000.000000 0.000000 2.356567 1.275433 0.003695 33333.289293 216.000000 3.000000 295.000000
 2019500.000000 0.000000 2.356657 1.275768 0.003695 33342.540999 216.000000 3.000000 295.000000
 2020000.000000 0.000000 2.356746 1.276103 0.003695 33351.793182 216.000000 3.000000 295.000000
 2020500.000000 0.000000 2.356836 1.276438 0.003695 33361.045842 216.000000 3.000000 295.000000
 2021000.000000 0.000000 2.356926 1.276772 0.003695 33370.298978 216.000000 3.000000 295.000000
 2021500.000000 0.000000 2.357015 1.277107 0.003695 33379.552589 216.000000 3.000000 295.000000
 2022000.000000 0.000000 2.357105 1.277441 0.003695 33388.806676 216.000000 3.000000 295.000000
 2022500.000000 0.000000 2.357194 1.277775 0.003695 33398.061236 216.000000 3.000000 295.000000
 2023000.000000 0.000000 2.357284 1.278109 0.003695 33407.316271 216.000000 3.000000 295.000000
 2023500.000000 0.000000 2.357373 1.278442 0.003695 33416.571778 216.000000 3.000000 295.000000
 2024000.000000 0.000000 2.357463 1.278776 0.003695 33425.827758 216.000000 3.000000 295.000000
 2024500.000000 0.000000 2.357552 1.279109 0.003695 33435.084210 216.000000 3.000000 295.000000
 2025000.000000 0.000000 2.357642 1.279443 0.003695 33444.341134 216.000000 3.000000 295.000000
 2025500.000000 0.000000 2.357731 1.279776 0.003695 33453.598528 216.000000 3.000000 295.000000
 2026000.000000 0.000000 2.357820 1.280108 0.003695 33462.856392 216.000000 3.000000 295.000000
 2026500.000000 0.000000 2.357910 1.280441 0.003695 33472.114726 216.000000 3.000000 295.000000
 2027000.000000 0.000000 2.357999 1.280774 0.003695 33481.373529 216.000000 3.000000 295.000000
 2027500.000000 0.000000 2.358088 1.281106 0.003695 33490.632801 216.000000 3.000000 295.000000
 2028000.000000 0.000000 2.358177 1.281438 0.003696 33499.892541 216.000000 3.000000 295.000000
 2028500.000000 0.000000 2.358267 1.281770 0.003696 33509.152748 216.000000 3.000000 295.000000
 2029000.000000 0.000000 2.358356 1.282102 0.003696 33518.413421 216.000000 3.000000 295.000000
 2029500.000000 0.000000 2.358445 1.282433 0.003696 33527.674561 216.000000 3.000000 295.000000
 2030000.000000 0.000000 2.358534 1.282765 0.003696 33536.936167 216.000000 3.000000 295.000000
 2030500.000000 0.000000 2.358623 1.283096 0.003696 33546.198237 216.000000 3.000000 295.000000
 2031000.000000 0.000000 2.358712 1.283427 0.003696 33555.460772 216.000000 3.000000 295.000000
 2031500.000000 0.000000 2.358801 1.283758 0.003696 33564.723771 216.000000 3.000000 295.000000
 2032000.000000 0.000000 2.358890 1.284089 0.003696 33573.987234 216.000000 3.000000 295.000000
 2032500.000000 0.000000 2.358979 1.284419 0.003696 33583.251159 216.000000 3.000000 295.000000
 2033000.000000 0.000000 2.359068 1.284750 0.003696 33592.515546 216.000000 3.000000 295.000000
 2033500.000000 0.000000 2.359157 1.285080 0.003696 33601.780395 216.000000 3.000000 295.000000
 2034000.000000 0.000000 2.359246 1.285410 0.003696 33611.045705 216.000000 3.000000 295.000000
 2034500.000000 0.000000 2.359335 1.285740 0.003696 33620.311476 216.000000 3.000000 295.000000
 2035000.000000 0.000000 2.359424 1.286070 0.003696 33629.577706 216.000000 3.000000 295.000000
 2035500.000000 0.000000 2.359512 1.286399 0.003696 33638.844396 216.000000 3.000000 295.000000
 2036000.000000 0.000000 2.359601 1.286729 0.003696 33648.111545 216.000000 3.000000 295.000000
 2036500.000000 0.000000 2.359690 1.287058 0.003696 33657.379153 216.000000 3.000000 295.000000
 2037000.000000 0.000000 2.359779 1.287387 0.003696 33666.647217 216.000000 3.000000 295.000000
 2037500.000000 0.000000 2.359867 1.287716 0.003696 33675.915740 216.000000 3.000000 295.000000
 2038000.000000 0.000000 2.359956 1.288044 0.003696 33685.184718 216.000000 3.000000 295.000000
 2038500.000000 0.000000 2.360045 1.288373 0.003696 33694.454153 216.000000 3.000000 295.000000
 2039000.000000 0.000000 2.360133 1.288701 0.003696 33703.724043 216.000000 3.000000 295.000000
 2039500.000000 0.000000 2.360222 1.289029 0.003696 33712.994389 216.000000 3.000000 295.000000
 2040000.000000 0.000000 2.360311 1.289357 0.003696 33722.265188 216.000000 3.000000 295.000000
 2040500.000000 0.000000 2.360399 1.289685 0.003696 33731.536442 216.000000 3.000000 295.000000
 2041000.000000 0.000000 2.360488 1.290013 0.003696 33740.808149 216.000000 3.000000 295.000000
 2041500.000000 0.000000 2.360576 1.290340 0.003696 33750.080308 216.000000 3.000000 295.000000
 2042000.000000 0.000000 2.360665 1.290668 0.003696 33759.352920 216.000000 3.000000 295.000000
 2042500.000000 0.000000 2.360753 1.290995 0.003696 33768.625984 216.000000 3.000000 295.000000
 2043000.000000 0.000000 2.360841 1.291322 0.003696 33777.899498 216.000000 3.000000 295.000000
 2043500.000000 0.000000 2.360930 1.291649 0.003696 33787.173463 216.000000 3.000000 295.000000
 2044000.000000 0.000000 2.361018 1.291975 0.003696 33796.447879 216.000000 3.000000 295.000000
 2044500.000000 0.000000 2.361106 1.292302 0.003696 33805.722743 216.000000 3.000000 295.000000
 2045000.000000 0.000000 2.361195 1.292628 0.003696 33814.998057 216.000000 3.000000 295.000000
 2045500.000000 0.000000 2.361283 1.292954 0.003696 33824.273819 216.000000 3.000000 295.000000
 2046000.000000 0.000000 2.361371 1.293280 0.003696 33833.550029 216.000000 3.000000 295.000000
 2046500.000000 0.000000 2.361459 1.293606 0.003696 33842.826686 216.000000 3.000000 295.000000
 2047000.000000 0.000000 2.361548 1.293932 0.003696 33852.103790 216.000000 3.000000 295.000000
 2047500.000000 0.000000 2.361636 1.294257 0.003696 33861.381340 216.000000 3.000000 295.000000
 2048000.000000 0.000000 2.361724 1.294582 0.003697 33870.659336 216.000000 3.000000 295.000000
 2048500.000000 0.000000 2.361812 1.294907 0.003697 33879.937777 216.000000 3.000000 295.000000
 2049000.000000 0.000000 2.361900 1.295232 0.003697 33889.216663 216.000000 3.000000 295.000000
 2049500.000000 0.000000 2.361988 1.295557 0.003697 33898.495993 216.000000 3.000000 295.000000
 2050000.000000 0.000000 2.362076 1.295882 0.003697 33907.775766 216.000000 3.000000 295.000000
 2050500.000000 0.000000 2.362164 1.296206 0.003697 33917.055982 216.000000 3.000000 295.000000
 2051000.000000 0.000000 2.362252 1.296531 0.003697 33926.336641 216.000000 3.000000 295.000000
 2051500.000000 0.000000 2.362340 1.296855 0.003697 33935.617742 216.000000 3.000000 295.000000
 2052000.000000 0.000000 2.362428 1.297179 0.003697 33944.899284 216.000000 3.000000 295.000000
 2052500.000000 0.000000 2.362516 1.297502 0.003697 33954.181268 216.000000 3.000000 295.000000
 2053000.000000 0.000000 2.362604 1.297826 0.003697 33963.463691 216.000000 3.000000 295.000000
 2053500.000000 0.000000 2.362691 1.298149 0.003697 33972.746554 216.000000 3.000000 295.000000
 2054000.000000 0.000000 2.362779 1.298473 0.003697 33982.029857 216.000000 3.000000 295.000000
 2054500.000000 0.000000 2.362867 1.298796 0.003697 33991.313599 216.000000 3.000000 295.000000
 2055000.000000 0.000000 2.362955 1.299119 0.003697 34000.597779 216.000000 3.000000 295.000000
 2055500.000000 0.000000 2.363042 1.299442 0.003697 34009.882396 216.000000 3.000000 295.000000
 2056000.000000 0.000000 2.363130 1.299764 0.003697 34019.167451 216.000000 3.000000 295.000000
 2056500.000000 0.000000 2.363218 1.300087 0.003697 34028.452942 216.000000 3.000000 295.000000
 2057000.000000 0.000000 2.363305 1.300409 0.003697 34037.738870 216.000000 3.000000 295.000000
 2057500.000000 0.000000 2.363393 1.300731 0.003697 34047.025233 216.000000 3.000000 295.000000
 2058000.000000 0.000000 2.363481 1.301053 0.003697 34056.312032 216.000000 3.000000 295.000000
 2058500.000000 0.000000 2.363568 1.301375 0.003697 34065.599265 216.000000 3.000000 295.000000
 2059000.000000 0.000000 2.363656 1.301696 0.003697 34074.886932 216.000000 3.000000 295.000000
 2059500.000000 0.000000 2.363743 1.302018 0.003697 34084.175033 216.000000 3.000000 295.000000
 2060000.000000 0.000000 2.363831 1.302339 0.003697 34093.463566 216.000000 3.000000 295.000000
 2060500.000000 0.000000 2.363918 1.302660 0.003697 34102.752533 216.000000 3.000000 295.000000
 2061000.000000 0.000000 2.364006 1.302981 0.003697 34112.041931 216.000000 3.000000 295.000000
 2061500.000000 0.000000 2.364093 1.303302 0.003697 34121.331761 216.000000 3.000000 295.000000
 2062000.000000 0.000000 2.364180 1.303623 0.003697 34130.622022 216.000000 3.000000 295.000000
 2062500.000000 0.000000 2.364268 1.303943 0.003697 34139.912713 216.000000 3.000000 295.000000
 2063000.000000 0.000000 2.364355 1.304263 0.003697 34149.203835 216.000000 3.000000 295.000000
 2063500.000000 0.000000 2.364442 1.304584 0.003697 34158.495386 216.000000 3.000000 295.000000
 2064000.000000 0.000000 2.364530 1.304904 0.003697 34167.787365 216.000000 3.000000 295.000000
 2064500.000000 0.000000 2.364617 1.305223 0.003697 34177.079774 216.000000 3.000000 295.000000
 2065000.000000 0.000000 2.364704 1.305543 0.003697 34186.372610 216.000000 3.000000 295.000000
 2065500.000000 0.000000 2.364791 1.305862 0.003697 34195.665874 216.000000 3.000000 295.000000
 2066000.000000 0.000000 2.364878 1.306182 0.003697 34204.959564 216.000000 3.000000 295.000000
 2066500.000000 0.000000 2.364966 1.306501 0.003697 34214.253681 216.000000 3.000000 295.000000
 2067000.000000 0.000000 2.365053 1.306820 0.003697 34223.548224 216.000000 3.000000 295.000000
 2067500.000000 0.000000 2.365140 1.307139 0.003698 34232.843193 216.000000 3.000000 295.000000
 2068000.000000 0.000000 2.365227 1.307457 0.003698 34242.138586 216.000000 3.000000 295.000000
 2068500.000000 0.000000 2.365314 1.307776 0.003698 34251.434404 216.000000 3.000000 295.000000
 2069000.000000 0.000000 2.365401 1.308094 0.003698 34260.730645 216.000000 3.000000 295.000000
 2069500.000000 0.000000 2.365488 1.308412 0.003698 34270.027310 216.000000 3.000000 295.000000
 2070000.000000 0.000000 2.365575 1.308731 0.003698 34279.324398 216.000000 3.000000 295.000000
 2070500.000000 0.000000 2.365662 1.309048 0.003698 34288.621909 216.000000 3.000000 295.000000
 2071000.000000 0.000000 2.365748 1.309366 0.003698 34297.919841 216.000000 3.000000 295.000000
 2071500.000000 0.000000 2.365835 1.309684 0.003698 34307.218195 216.000000 3.000000 295.000000
 2072000.000000 0.000000 2.365922 1.310001 0.003698 34316.516969 216.000000 3.000000 295.000000
 2072500.000000 0.000000 2.366009 1.310318 0.003698 34325.816164 216.000000 3.000000 295.000000
 2073000.000000 0.000000 2.366096 1.310635 0.003698 34335.115779 216.000000 3.000000 295.000000
 2073500.000000 0.000000 2.366183 1.310952 0.003698 34344.415814 216.000000 3.000000 295.000000
 2074000.000000 0.000000 2.366269 1.311269 0.003698 34353.716267 216.000000 3.000000 295.000000
 2074500.000000 0.000000 2.366356 1.311585 0.003698 34363.017139 216.000000 3.000000 295.000000
 2075000.000000 0.000000 2.366443 1.311902 0.003698 34372.318429 216.000000 3.000000 295.000000
 2075500.000000 0.000000 2.366529 1.312218 0.003698 34381.620136 216.000000 3.000000 295.000000
 2076000.000000 0.000000 2.366616 1.312534 0.003698 34390.922260 216.000000 3.000000 295.000000
 2076500.000000 0.000000 2.366703 1.312850 0.003698 34400.224801 216.000000 3.000000 295.000000
 2077000.000000 0.000000 2.366789 1.313166 0.003698 34409.527758 216.000000 3.000000 295.000000
 2077500.000000 0.000000 2.366876 1.313481 0.003698 34418.831130 216.000000 3.000000 295.000000
 2078000.000000 0.000000 2.366962 1.313797 0.003698 34428.134917 216.000000 3.000000 295.000000
 2078500.000000 0.000000 2.367049 1.314112 0.003698 34437.439119 216.000000 3.000000 295.000000
 2079000.000000 0.000000 2.367135 1.314427 0.003698 34446.743735 216.000000 3.000000 295.000000
 2079500.000000 0.000000 2.367222 1.314742 0.003698 34456.048764 216.000000 3.000000 295.000000
 2080000.000000 0.000000 2.367308 1.315057 0.003698 34465.354207 216.000000 3.000000 295.000000
 2080500.000000 0.000000 2.367394 1.315372 0.003698 34474.660062 216.000000 3.000000 295.000000
 2081000.000000 0.000000 2.367481 1.315686 0.003698 34483.966329 216.000000 3.000000 295.000000
 2081500.000000 0.000000 2.367567 1.316001 0.003698 34493.273008 216.000000 3.000000 295.000000
 2082000.000000 0.000000 2.367653 1.316315 0.003698 34502.580098 216.000000 3.000000 295.000000
 2082500.000000 0.000000 2.367740 1.316629 0.003698 34511.887599 216.000000 3.000000 295.000000
 2083000.000000 0.000000 2.367826 1.316943 0.003698 34521.195510 216.000000 3.000000 295.000000
 2083500.000000 0.000000 2.367912 1.317256 0.003698 34530.503830 216.000000 3.000000 295.000000
 2084000.000000 0.000000 2.367998 1.317570 0.003698 34539.812560 216.000000 3.000000 295.000000
 2084500.000000 0.000000 2.368085 1.317883 0.003698 34549.121699 216.000000 3.000000 295.000000
 2085000.000000 0.000000 2.368171 1.318196 0.003698 34558.431246 216.000000 3.000000 295.000000
 2085500.000000 0.000000 2.368257 1.318509 0.003698 34567.741201 216.000000 3.000000 295.000000
 2086000.000000 0.000000 2.368343 1.318822 0.003698 34577.051563 216.000000 3.000000 295.000000
 2086500.000000 0.000000 2.368429 1.319135 0.003699 34586.362332 216.000000 3.000000 295.000000
 2087000.000000 0.000000 2.368515 1.319448 0.003699 34595.673507 216.000000 3.000000 295.000000
 2087500.000000 0.000000 2.368601 1.319760 0.003699 34604.985088 216.000000 3.000000 295.000000
 2088000.000000 0.000000 2.368687 1.320072 0.003699 34614.297075 216.000000 3.000000 295.000000
 2088500.000000 0.000000 2.368773 1.320384 0.003699 34623.609467 216.000000 3.000000 295.000000
 2089000.000000 0.000000 2.368859 1.320696 0.003699 34632.922263 216.000000 3.000000 295.000000
 2089500.000000 0.000000 2.368945 1.321008 0.003699 34642.235463 216.000000 3.000000 295.000000
 2090000.000000 0.000000 2.369031 1.321320 0.003699 34651.549067 216.000000 3.000000 295.000000
 2090500.000000 0.000000 2.369117 1.321631 0.003699 34660.863074 216.000000 3.000000 295.000000
 2091000.000000 0.000000 2.369202 1.321943 0.003699 34670.177484 216.000000 3.000000 295.000000
 2091500.000000 0.000000 2.369288 1.322254 0.003699 34679.492295 216.000000 3.000000 295.000000
 2092000.000000 0.000000 2.369374 1.322565 0.003699 34688.807509 216.000000 3.000000 295.000000
 2092500.000000 0.000000 2.369460 1.322876 0.003699 34698.123124 216.000000 3.000000 295.000000
 2093000.000000 0.000000 2.369546 1.323186 0.003699 34707.439139 216.000000 3.000000 295.000000
 2093500.000000 0.000000 2.369631 1.323497 0.003699 34716.755555 216.000000 3.000000 295.000000
 2094000.000000 0.000000 2.369717 1.323807 0.003699 34726.072370 216.000000 3.000000 295.000000
 2094500.000000 0.000000 2.369803 1.324118 0.003699 34735.389586 216.000000 3.000000 295.000000
 2095000.000000 0.000000 2.369888 1.324428 0.003699 34744.707200 216.000000 3.000000 295.000000
 2095500.000000 0.000000 2.369974 1.324738 0.003699 34754.025212 216.000000 3.000000 295.000000
 2096000.000000 0.000000 2.370059 1.325047 0.003699 34763.343622 216.000000 3.000000 295.000000
 2096500.000000 0.000000 2.370145 1.325357 0.003699 34772.662430 216.000000 3.000000 295.000000
 2097000.000000 0.000000 2.370230 1.325666 0.003699 34781.981636 216.000000 3.000000 295.000000
 2097500.000000 0.000000 2.370316 1.325976 0.003699 34791.301237 216.000000 3.000000 295.000000
 2098000.000000 0.000000 2.370401 1.326285 0.003699 34800.621235 216.000000 3.000000 295.000000
 2098500.000000 0.000000 2.370487 1.326594 0.003699 34809.941629 216.000000 3.000000 295.000000
 2099000.000000 0.000000 2.370572 1.326903 0.003699 34819.262418 216.000000 3.000000 295.000000
 2099500.000000 0.000000 2.370658 1.327211 0.003699 34828.583602 216.000000 3.000000 295.000000
 2100000.000000 0.000000 2.370743 1.327520 0.003699 34837.905180 216.000000 3.000000 295.000000
 2100500.000000 0.000000 2.370828 1.327828 0.003699 34847.227152 216.000000 3.000000 295.000000
 2101000.000000 0.000000 2.370914 1.328137 0.003699 34856.549517 216.000000 3.000000 295.000000
 2101500.000000 0.000000 2.370999 1.328445 0.003699 34865.872276 216.000000 3.000000 295.000000
 2102000.000000 0.000000 2.371084 1.328753 0.003699 34875.195427 216.000000 3.000000 295.000000
 2102500.000000 0.000000 2.371169 1.329060 0.003699 34884.518970 216.000000 3.000000 295.000000
 2103000.000000 0.000000 2.371255 1.329368 0.003699 34893.842905 216.000000 3.000000 295.000000
 2103500.000000 0.000000 2.371340 1.329675 0.003699 34903.167231 216.000000 3.000000 295.000000
 2104000.000000 0.000000 2.371425 1.329983 0.003699 34912.491949 216.000000 3.000000 295.000000
 2104500.000000 0.000000 2.371510 1.330290 0.003699 34921.817057 216.000000 3.000000 295.000000
 2105000.000000 0.000000 2.371595 1.330597 0.003700 34931.142556 216.000000 3.000000 295.000000
 2105500.000000 0.000000 2.371679 1.330904 0.003700 34940.468445 216.000000 3.000000 295.000000
 2106000.000000 0.000000 2.371764 1.331210 0.003700 34949.794723 216.000000 3.000000 295.000000
 2106500.000000 0.000000 2.371849 1.331517 0.003700 34959.121390 216.000000 3.000000 295.000000
 2107000.000000 0.000000 2.371934 1.331823 0.003700 34968.448447 216.000000 3.000000 295.000000
 2107500.000000 0.000000 2.372018 1.332130 0.003700 34977.775892 216.000000 3.000000 295.000000
 2108000.000000 0.000000 2.372103 1.332436 0.003700 34987.103725 216.000000 3.000000 295.000000
 2108500.000000 0.000000 2.372187 1.332742 0.003700 34996.431946 216.000000 3.000000 295.000000
 2109000.000000 0.000000 2.372272 1.333047 0.003700 35005.760554 216.000000 3.000000 295.000000
 2109500.000000 0.000000 2.372356 1.333353 0.003700 35015.089549 216.000000 3.000000 295.000000
 2110000.000000 0.000000 2.372441 1.333658 0.003700 35024.418931 216.000000 3.000000 295.000000
 2110500.000000 0.000000 2.372525 1.333964 0.003700 35033.748700 216.000000 3.000000 295.000000
 2111000.000000 0.000000 2.372609 1.334269 0.003700 35043.078854 216.000000 3.000000 295.000000
 2111500.000000 0.000000 2.372693 1.334574 0.003700 35052.409394 216.000000 3.000000 295.000000
 2112000.000000 0.000000 2.372778 1.334879 0.003700 35061.740319 216.000000 3.000000 295.000000
 2112500.000000 0.000000 2.372862 1.335184 0.003700 35071.071629 216.000000 3.000000 295.000000
 2113000.000000 0.000000 2.372946 1.335488 0.003700 35080.403324 216.000000 3.000000 295.000000
 2113500.000000 0.000000 2.373030 1.335792 0.003700 35089.735403 216.000000 3.000000 295.000000
 2114000.000000 0.000000 2.373114 1.336097 0.003700 35099.067865 216.000000 3.000000 295.000000
 2114500.000000 0.000000 2.373198 1.336401 0.003700 35108.400711 216.000000 3.000000 295.000000
 2115000.000000 0.000000 2.373281 1.336705 0.003700 35117.733941 216.000000 3.000000 295.000000
 2115500.000000 0.000000 2.373365 1.337009 0.003700 35127.067552 216.000000 3.000000 295.000000
 2116000.000000 0.000000 2.373449 1.337312 0.003700 35136.401547 216.000000 3.000000 295.000000
 2116500.000000 0.000000 2.373532 1.337616 0.003700 35145.735923 216.000000 3.000000 295.000000
 2117000.000000 0.000000 2.373616 1.337919 0.003700 35155.070681 216.000000 3.000000 295.000000
 2117500.000000 0.000000 2.373700 1.338222 0.003700 35164.405820 216.000000 3.000000 295.000000
 2118000.000000 0.000000 2.373783 1.338525 0.003700 35173.741340 216.000000 3.000000 295.000000
 2118500.000000 0.000000 2.373867 1.338828 0.003700 35183.077241 216.000000 3.000000 295.000000
 2119000.000000 0.000000 2.373950 1.339131 0.003700 35192.413522 216.000000 3.000000 295.000000
 2119500.000000 0.000000 2.374033 1.339434 0.003700 35201.750183 216.000000 3.000000 295.000000
 2120000.000000 0.000000 2.374116 1.339736 0.003700 35211.087223 216.000000 3.000000 295.000000
 2120500.000000 0.000000 2.374200 1.340038 0.003700 35220.424643 216.000000 3.000000 295.000000
 2121000.000000 0.000000 2.374283 1.340341 0.003700 35229.762441 216.000000 3.000000 295.000000
 2121500.000000 0.000000 2.374366 1.340643 0.003700 35239.100618 216.000000 3.000000 295.000000
 2122000.000000 0.000000 2.374449 1.340944 0.003700 35248.439173 216.000000 3.000000 295.000000
 2122500.000000 0.000000 2.374532 1.341246 0.003700 35257.778106 216.000000 3.000000 295.000000
 2123000.000000 0.000000 2.374615 1.341548 0.003700 35267.117416 216.000000 3.000000 295.000000
 2123500.000000 0.000000 2.374698 1.341849 0.003701 35276.457103 216.000000 3.000000 295.000000
#! FIELDS time L0 opes1.bias opes1.rct opes1.zed opes1.neff opes1.nker opes1.nlker opes1.nlsteps
 2124000.000000 0.000000 2.374158 1.339887 0.003700 35215.755886 216.000000 3.000000 1.000000
 2124500.000000 0.000000 2.374241 1.340190 0.003700 35225.093495 216.000000 3.000000 1.000000
 2125000.000000 0.000000 2.374324 1.340492 0.003700 35234.431482 216.000000 3.000000 1.000000
 2125500.000000 0.000000 2.374408 1.340794 0.003700 35243.769848 216.000000 3.000000 1.000000
 2126000.000000 0.000000 2.374491 1.341095 0.003700 35253.108592 216.000000 3.000000 1.000000
 2126500.000000 0.000000 2.374574 1.341397 0.003700 35262.447714 216.000000 3.000000 1.000000
 2127000.000000 0.000000 2.374656 1.341698 0.003700 35271.787212 216.000000 3.000000 1.000000
 2127500.000000 0.000000 2.374739 1.342000 0.003701 35281.127088 216.000000 3.000000 1.000000
 2128000.000000 0.000000 2.374822 1.342301 0.003701 35290.467340 216.000000 3.000000 1.000000
 2128500.000000 0.000000 2.374905 1.342602 0.003701 35299.807968 216.000000 3.000000 1.000000
 2129000.000000 0.000000 2.374988 1.342903 0.003701 35309.148972 216.000000 3.000000 1.000000
 2129500.000000 0.000000 2.375070 1.343204 0.003701 35318.490352 216.000000 3.000000 1.000000
 2130000.000000 0.000000 2.375153 1.343504 0.003701 35327.832107 216.000000 3.000000 1.000000
 2130500.000000 0.000000 2.375235 1.343805 0.003701 35337.174236 216.000000 3.000000 1.000000
 2131000.000000 0.000000 2.375318 1.344105 0.003701 35346.516740 216.000000 3.000000 1.000000
 2131500.000000 0.000000 2.375400 1.344405 0.003701 35355.859618 216.000000 3.000000 1.000000
 2132000.000000 0.000000 2.375483 1.344705 0.003701 35365.202870 216.000000 3.000000 1.000000
 2132500.000000 0.000000 2.375565 1.345005 0.003701 35374.546496 216.000000 3.000000 1.000000
 2133000.000000 0.000000 2.375647 1.345305 0.003701 35383.890494 216.000000 3.000000 1.000000
 2133500.000000 0.000000 2.375730 1.345604 0.003701 35393.234865 216.000000 3.000000 1.000000
 2134000.000000 0.000000 2.375812 1.345904 0.003701 35402.579608 216.000000 3.000000 1.000000
 2134500.000000 0.000000 2.375894 1.346203 0.003701 35411.924724 216.000000 3.000000 1.000000
 2135000.000000 0.000000 2.375976 1.346502 0.003701 35421.270211 216.000000 3.000000 1.000000
 2135500.000000 0.000000 2.376058 1.346801 0.003701 35430.616069 216.000000 3.000000 1.000000
 2136000.000000 0.000000 2.376139 1.347100 0.003701 35439.962229 216.000000 3.000000 1.000000
 2136500.000000 0.000000 2.376221 1.347399 0.003701 35449.308830 216.000000 3.000000 1.000000
 2137000.000000 0.000000 2.376303 1.347697 0.003701 35458.655699 216.000000 3.000000 1.000000
 2137500.000000 0.000000 2.376384 1.347995 0.003701 35468.003042 216.000000 3.000000 1.000000
 2138000.000000 0.000000 2.376466 1.348294 0.003701 35477.350667 216.000000 3.000000 1.000000
 2138500.000000 0.000000 2.376546 1.348592 0.003701 35486.698606 216.000000 3.000000 1.000000
 2139000.000000 0.047163 2.377084 1.348890 0.003701 35496.046723 216.000000 3.000000 1.000000
 2139500.000000 0.646722 2.253791 1.349176 0.003703 35505.467836 216.000000 3.000000 131.000000
 2140000.000000 0.000000 2.376361 1.349463 0.003704 35514.883496 216.000000 3.000000 131.000000
 2140500.000000 0.920365 2.105165 1.349750 0.003705 35524.291170 216.000000 3.000000 131.000000
 2141000.000000 0.070482 2.376428 1.350040 0.003706 35533.688152 216.000000 3.000000 131.000000
 2141500.000000 0.000000 2.376384 1.350300 0.003706 35543.041246 216.000000 3.000000 5101.000000
 2142000.000000 0.000000 2.376461 1.350596 0.003706 35552.397229 216.000000 3.000000 5101.000000
 2142500.000000 0.118836 2.374961 1.350893 0.003706 35561.750212 216.000000 3.000000 5101.000000
 2143000.000000 0.000000 2.376620 1.351190 0.003706 35571.103047 216.000000 3.000000 5101.000000
 2143500.000000 0.117528 2.375186 1.351486 0.003706 35580.457876 216.000000 3.000000 5101.000000
 2144000.000000 0.246519 2.363300 1.351778 0.003706 35589.836572 216.000000 3.000000 5101.000000
 2144500.000000 0.000000 2.376848 1.352075 0.003706 35599.190310 216.000000 3.000000 5101.000000
 2145000.000000 0.000000 2.376929 1.352371 0.003706 35608.544628 216.000000 3.000000 5101.000000
 2145500.000000 0.000000 2.377010 1.352666 0.003706 35617.899310 216.000000 3.000000 5101.000000
 2146000.000000 0.000000 2.377089 1.352962 0.003706 35627.253955 216.000000 3.000000 5101.000000
 2146500.000000 0.485835 2.311747 1.353233 0.003709 35636.763091 216.000000 3.000000 677.000000
 2147000.000000 1.066688 1.992450 1.353453 0.003713 35646.506815 216.000000 3.000000 40.000000
 2147500.000000 1.300121 1.735828 1.353572 0.003715 35656.371638 216.000000 3.000000 1382.000000
 2148000.000000 2.192781 0.738521 1.353527 0.003710 35665.476410 216.000000 4.000000 104.000000
 2148500.000000 1.456563 1.470722 1.353637 0.003712 35675.088116 216.000000 3.000000 539.000000
 2149000.000000 2.680742 0.656999 1.353505 0.003712 35683.709255 216.000000 4.000000 73.000000
 2149500.000000 2.736718 0.647619 1.353437 0.003707 35692.780026 216.000000 4.000000 226.000000
 2150000.000000 1.505836 1.356962 1.353373 0.003704 35701.910529 216.000000 4.000000 642.000000
 2150500.000000 1.423877 1.541013 1.353346 0.003701 35711.208633 216.000000 3.000000 43.000000
 2151000.000000 2.835103 0.632705 1.353254 0.003697 35720.188261 216.000000 4.000000 121.000000
 2151500.000000 2.233396 0.760513 1.353111 0.003696 35728.794309 216.000000 4.000000 645.000000
 2152000.000000 3.778517 0.553548 1.353051 0.003692 35737.848177 216.000000 3.000000 33.000000
 2152500.000000 3.534275 0.560999 1.352921 0.003691 35746.542530 216.000000 3.000000 87.000000
 2153000.000000 5.058768 0.354342 1.352870 0.003691 35755.497541 216.000000 3.000000 212.000000
 2153500.000000 2.100677 0.783413 1.352706 0.003691 35763.860506 216.000000 3.000000 348.000000
 2154000.000000 3.820278 0.567089 1.352620 0.003691 35772.731905 216.000000 3.000000 1151.000000
 2154500.000000 13.615554 0.089988 1.352419 0.003691 35780.638943 216.000000 3.000000 126.000000
 2155000.000000 9.919140 0.237914 1.352197 0.003691 35788.271983 216.000000 3.000000 22.000000
 2155500.000000 6.440029 0.318963 1.351985 0.003691 35796.035866 216.000000 3.000000 20.000000
 2156000.000000 8.020884 0.293884 1.351783 0.003691 35803.933677 216.000000 3.000000 31.000000
 2156500.000000 8.668034 0.268480 1.351562 0.003691 35811.582407 216.000000 3.000000 19.000000
 2157000.000000 31.928378 -0.124381 1.351323 0.003691 35818.953217 216.000000 3.000000 6.000000
 2157500.000000 25.371203 -0.144585 1.351059 0.003691 35825.962201 216.000000 4.000000 58.000000
 2158000.000000 27.622421 -0.106440 1.350797 0.003691 35832.997745 216.000000 4.000000 15.000000
 2158500.000000 28.539288 -0.201074 1.350539 0.003691 35840.092063 216.000000 4.000000 5.000000
 2159000.000000 32.747468 -0.136262 1.350279 0.003691 35847.155318 216.000000 3.000000 19.000000
 2159500.000000 45.884864 -0.272282 1.350018 0.003690 35854.202047 216.000000 3.000000 8.000000
 2160000.000000 38.986098 -0.118784 1.349758 0.003690 35861.267671 216.000000 3.000000 3.000000
 2160500.000000 53.258759 -0.320709 1.349496 0.003690 35868.300916 216.000000 4.000000 4.000000
 2161000.000000 42.184822 -0.103866 1.349229 0.003690 35875.235505 216.000000 3.000000 20.000000
 2161500.000000 49.257631 -0.281799 1.348964 0.003690 35882.218949 216.000000 3.000000 11.000000
 2162000.000000 46.097034 -0.214079 1.348697 0.003690 35889.171193 216.000000 3.000000 45.000000
 2162500.000000 41.147215 -0.135196 1.348443 0.003690 35896.309835 216.000000 3.000000 10.000000
 2163000.000000 44.945977 -0.128864 1.348184 0.003690 35903.379586 216.000000 3.000000 4.000000
 2163500.000000 35.267021 -0.101180 1.347929 0.003690 35910.517636 216.000000 3.000000 27.000000
 2164000.000000 47.284091 -0.225688 1.347672 0.003689 35917.610702 216.000000 3.000000 17.000000
 2164500.000000 37.703946 -0.067304 1.347419 0.003689 35924.782325 216.000000 3.000000 22.000000
 2165000.000000 41.113047 -0.091103 1.347165 0.003689 35931.916130 216.000000 3.000000 16.000000
 2165500.000000 38.902041 -0.057922 1.346910 0.003689 35939.041995 216.000000 3.000000 20.000000
 2166000.000000 48.448698 -0.263566 1.346645 0.003689 35946.007289 216.000000 3.000000 16.000000
 2166500.000000 40.978950 -0.067029 1.346386 0.003689 35953.075693 216.000000 3.000000 60.000000
 2167000.000000 32.603842 -0.107422 1.346132 0.003689 35960.207335 216.000000 3.000000 24.000000
 2167500.000000 29.187723 -0.094570 1.345877 0.003689 35967.335658 216.000000 3.000000 3.000000
 2168000.000000 24.421547 -0.094674 1.345622 0.003689 35974.454666 216.000000 4.000000 55.000000
 2168500.000000 32.270296 -0.080383 1.345368 0.003688 35981.598020 216.000000 3.000000 4.000000
 2169000.000000 26.884026 -0.194042 1.345111 0.003688 35988.682417 216.000000 3.000000 98.000000
 2169500.000000 31.806135 -0.071357 1.344859 0.003688 35995.840114 216.000000 3.000000 5.000000
 2170000.000000 13.410706 0.081356 1.344611 0.003688 36003.071931 216.000000 3.000000 14.000000
 2170500.000000 23.942016 -0.088807 1.344369 0.003688 36010.382162 216.000000 4.000000 55.000000
 2171000.000000 20.061888 -0.101268 1.344119 0.003688 36017.574690 216.000000 4.000000 5.000000
 2171500.000000 23.477104 -0.157616 1.343872 0.003688 36024.807088 216.000000 3.000000 25.000000
 2172000.000000 26.938720 -0.172570 1.343618 0.003688 36031.939531 216.000000 3.000000 13.000000
 2172500.000000 43.203720 -0.106136 1.343366 0.003688 36039.099397 216.000000 3.000000 24.000000
 2173000.000000 39.257157 -0.035885 1.343113 0.003687 36046.232835 216.000000 3.000000 8.000000
 2173500.000000 29.477508 -0.061695 1.342866 0.003687 36053.467827 216.000000 4.000000 4.000000
 2174000.000000 36.070544 -0.059104 1.342619 0.003687 36060.693397 216.000000 3.000000 10.000000
 2174500.000000 33.752589 -0.064724 1.342368 0.003687 36067.865662 216.000000 3.000000 62.000000
 2175000.000000 35.048271 -0.048365 1.342120 0.003687 36075.086440 216.000000 3.000000 27.000000
 2175500.000000 32.057555 -0.062645 1.341872 0.003687 36082.299413 216.000000 3.000000 17.000000
 2176000.000000 28.114489 -0.065633 1.341621 0.003687 36089.468858 216.000000 4.000000 53.000000
 2176500.000000 28.190932 -0.066214 1.341374 0.003687 36096.695127 216.000000 4.000000 34.000000
 2177000.000000 31.204657 -0.045065 1.341127 0.003687 36103.921346 216.000000 3.000000 17.000000
 2177500.000000 28.429472 -0.087155 1.340879 0.003687 36111.132966 216.000000 4.000000 21.000000
 2178000.000000 31.812584 -0.030055 1.340633 0.003687 36118.371372 216.000000 3.000000 7.000000
 2178500.000000 27.641321 -0.015692 1.340389 0.003687 36125.635808 216.000000 4.000000 5.000000
 2179000.000000 37.624083 -0.036600 1.340144 0.003687 36132.892024 216.000000 3.000000 12.000000
 2179500.000000 44.859548 -0.105353 1.339889 0.003686 36139.978436 216.000000 3.000000 29.000000
 2180000.000000 45.782441 -0.219026 1.339627 0.003686 36146.958547 216.000000 4.000000 27.000000
 2180500.000000 61.724652 -0.521210 1.339355 0.003686 36153.784330 216.000000 3.000000 2.000000
 2181000.000000 62.312599 -0.480613 1.339051 0.003686 36160.059380 216.000000 4.000000 26.000000
 2181500.000000 38.189150 -0.006251 1.338776 0.003686 36166.815594 216.000000 2.000000 28.000000
 2182000.000000 31.729139 -0.017273 1.338532 0.003686 36174.081504 216.000000 3.000000 42.000000
 2182500.000000 37.054942 -0.007997 1.338290 0.003686 36181.371223 216.000000 3.000000 18.000000
 2183000.000000 30.710336 -0.074385 1.338047 0.003686 36188.642958 216.000000 3.000000 5.000000
 2183500.000000 25.175688 -0.104348 1.337804 0.003686 36195.913204 216.000000 4.000000 5.000000
 2184000.000000 31.316775 0.000441 1.337562 0.003685 36203.199871 216.000000 3.000000 7.000000
 2184500.000000 34.641239 0.022231 1.337323 0.003685 36210.538461 216.000000 3.000000 15.000000
 2185000.000000 37.398089 -0.020963 1.337080 0.003685 36217.815547 216.000000 3.000000 19.000000
 2185500.000000 30.277781 -0.080836 1.336837 0.003685 36225.084499 216.000000 4.000000 5.000000
 2186000.000000 25.718394 -0.019205 1.336594 0.003685 36232.351410 216.000000 4.000000 44.000000
 2186500.000000 26.362799 -0.025845 1.336355 0.003685 36239.673093 216.000000 4.000000 16.000000
 2187000.000000 30.344911 -0.077754 1.336116 0.003685 36247.002572 216.000000 3.000000 7.000000
 2187500.000000 18.781781 0.019658 1.335876 0.003685 36254.312526 216.000000 4.000000 16.000000
 2188000.000000 23.430542 -0.113903 1.335635 0.003685 36261.607477 216.000000 4.000000 13.000000
 2188500.000000 27.355892 0.000867 1.335395 0.003685 36268.919156 216.000000 4.000000 8.000000
 2189000.000000 30.943478 -0.006328 1.335157 0.003685 36276.245103 216.000000 3.000000 3.000000
 2189500.000000 26.316492 0.001904 1.334920 0.003685 36283.603850 216.000000 4.000000 46.000000
 2190000.000000 25.728521 0.020753 1.334682 0.003684 36290.938447 216.000000 4.000000 3.000000
 2190500.000000 19.371354 0.043151 1.334442 0.003684 36298.246784 216.000000 4.000000 52.000000
 2191000.000000 16.298345 0.031199 1.334206 0.003684 36305.604387 216.000000 3.000000 58.000000
 2191500.000000 20.530985 0.002281 1.333967 0.003684 36312.931854 216.000000 4.000000 13.000000
 2192000.000000 20.193327 -0.027102 1.333731 0.003684 36320.289930 216.000000 3.000000 9.000000
 2192500.000000 22.771682 0.001898 1.333488 0.003684 36327.537790 216.000000 4.000000 43.000000
 2193000.000000 21.947821 -0.046513 1.333248 0.003684 36334.841156 216.000000 3.000000 39.000000
 2193500.000000 13.397467 0.081513 1.333016 0.003684 36342.265594 216.000000 4.000000 22.000000
 2194000.000000 15.646388 0.089233 1.332784 0.003684 36349.671612 216.000000 4.000000 17.000000
 2194500.000000 21.597376 -0.061915 1.332566 0.003683 36357.301073 216.000000 3.000000 6.000000
 2195000.000000 12.481985 0.150637 1.332344 0.003683 36364.857134 216.000000 4.000000 21.000000
 2195500.000000 9.691388 0.231335 1.332127 0.003683 36372.483124 216.000000 3.000000 18.000000
 2196000.000000 6.755300 0.290991 1.331928 0.003683 36380.361533 216.000000 3.000000 101.000000
 2196500.000000 10.847026 0.219622 1.331727 0.003683 36388.217366 216.000000 4.000000 67.000000
 2197000.000000 8.795407 0.269807 1.331524 0.003683 36396.044083 216.000000 3.000000 175.000000
 2197500.000000 6.071349 0.352708 1.331336 0.003683 36404.070840 216.000000 3.000000 53.000000
 2198000.000000 6.894743 0.291389 1.331147 0.003683 36412.077067 216.000000 3.000000 145.000000
 2198500.000000 11.238544 0.161023 1.330966 0.003683 36420.177516 216.000000 3.000000 43.000000
 2199000.000000 9.498055 0.226327 1.330773 0.003682 36428.134001 216.000000 3.000000 65.000000
 2199500.000000 7.108207 0.271040 1.330575 0.003682 36436.021747 216.000000 3.000000 177.000000
 2200000.000000 5.825844 0.371935 1.330398 0.003682 36444.175773 216.000000 3.000000 146.000000
 2200500.000000 4.755849 0.445834 1.330210 0.003682 36452.202062 216.000000 3.000000 334.000000
 2201000.000000 4.697367 0.464354 1.330036 0.003682 36460.389071 216.000000 3.000000 90.000000
 2201500.000000 4.775379 0.452787 1.329887 0.003681 36468.876265 216.000000 3.000000 22.000000
 2202000.000000 5.996230 0.394866 1.329709 0.003681 36477.019470 216.000000 3.000000 235.000000
 2202500.000000 4.951674 0.424180 1.329548 0.003681 36485.376496 216.000000 3.000000 33.000000
 2203000.000000 0.851858 2.142391 1.329488 0.003683 36494.102120 216.000000 3.000000 1028.000000
 2203500.000000 1.948360 0.790097 1.329639 0.003684 36503.808423 216.000000 3.000000 1946.000000
 2204000.000000 3.924755 0.572560 1.329561 0.003680 36512.921344 216.000000 3.000000 466.000000
 2204500.000000 1.482228 1.414875 1.329614 0.003682 36522.389268 216.000000 3.000000 173.000000
 2205000.000000 0.568956 2.276208 1.329850 0.003684 36531.953141 216.000000 3.000000 114.000000
 2205500.000000 0.069629 2.367551 1.330130 0.003685 36541.371053 216.000000 3.000000 114.000000
 2206000.000000 0.057934 2.367793 1.330422 0.003685 36550.709200 216.000000 3.000000 114.000000
 2206500.000000 0.285668 2.348327 1.330657 0.003688 36560.367437 216.000000 3.000000 194.000000
 2207000.000000 0.756842 2.194891 1.330860 0.003692 36570.103031 216.000000 3.000000 167.000000
 2207500.000000 0.750618 2.197667 1.331009 0.003696 36579.710461 216.000000 3.000000 217.000000
 2208000.000000 1.990772 0.801271 1.331108 0.003694 36588.947354 216.000000 4.000000 399.000000
 2208500.000000 0.146334 2.363291 1.331395 0.003694 36598.312665 216.000000 3.000000 2045.000000
 2209000.000000 1.135124 1.924772 1.331670 0.003694 36607.732481 216.000000 3.000000 79.000000
 2209500.000000 0.288240 2.347141 1.331942 0.003696 36617.198290 216.000000 3.000000 196.000000
 2210000.000000 0.064779 2.366370 1.332224 0.003697 36626.599130 216.000000 3.000000 196.000000
 2210500.000000 0.000000 2.366006 1.332514 0.003697 36635.941247 216.000000 3.000000 196.000000
 2211000.000000 0.000000 2.366089 1.332804 0.003697 36645.283816 216.000000 3.000000 196.000000
 2211500.000000 0.000000 2.366172 1.333094 0.003697 36654.626737 216.000000 3.000000 196.000000
 2212000.000000 0.000000 2.366255 1.333384 0.003697 36663.970009 216.000000 3.000000 196.000000
 2212500.000000 0.000000 2.366338 1.333674 0.003698 36673.313631 216.000000 3.000000 196.000000
 2213000.000000 0.000000 2.366421 1.333964 0.003698 36682.657605 216.000000 3.000000 196.000000
 2213500.000000 0.000000 2.366504 1.334253 0.003698 36692.001928 216.000000 3.000000 196.000000
 2214000.000000 0.000000 2.366587 1.334542 0.003698 36701.346602 216.000000 3.000000 196.000000
 2214500.000000 0.000000 2.366670 1.334832 0.003698 36710.691625 216.000000 3.000000 196.000000
 2215000.000000 0.000000 2.366752 1.335121 0.003698 36720.036997 216.000000 3.000000 196.000000
 2215500.000000 0.000000 2.366835 1.335409 0.003698 36729.382719 216.000000 3.000000 196.000000
 2216000.000000 0.000000 2.366918 1.335698 0.003698 36738.728789 216.000000 3.000000 196.000000
 2216500.000000 0.000000 2.367000 1.335987 0.003698 36748.075208 216.000000 3.000000 196.000000
 2217000.000000 0.000000 2.367083 1.336275 0.003698 36757.421975 216.000000 3.000000 196.000000
 2217500.000000 0.000000 2.367165 1.336564 0.003698 36766.769090 216.000000 3.000000 196.000000
 2218000.000000 0.000000 2.367248 1.336852 0.003698 36776.116552 216.000000 3.000000 196.000000
 2218500.000000 0.000000 2.367330 1.337140 0.003698 36785.464362 216.000000 3.000000 196.000000
 2219000.000000 0.000000 2.367413 1.337428 0.003698 36794.812518 216.000000 3.000000 196.000000
 2219500.000000 0.000000 2.367495 1.337716 0.003698 36804.161021 216.000000 3.000000 196.000000
 2220000.000000 0.000000 2.367577 1.338003 0.003698 36813.509871 216.000000 3.000000 196.000000
 2220500.000000 0.000000 2.367659 1.338291 0.003698 36822.859067 216.000000 3.000000 196.000000
 2221000.000000 0.000000 2.367741 1.338578 0.003698 36832.208608 216.000000 3.000000 196.000000
 2221500.000000 0.000000 2.367823 1.338866 0.003698 36841.558495 216.000000 3.000000 196.000000
 2222000.000000 0.000000 2.367905 1.339153 0.003698 36850.908727 216.000000 3.000000 196.000000
 2222500.000000 0.000000 2.367987 1.339440 0.003698 36860.259304 216.000000 3.000000 196.000000
 2223000.000000 0.000000 2.368069 1.339727 0.003698 36869.610226 216.000000 3.000000 196.000000
 2223500.000000 0.000000 2.368151 1.340013 0.003698 36878.961491 216.000000 3.000000 196.000000
 2224000.000000 0.000000 2.368233 1.340300 0.003698 36888.313101 216.000000 3.000000 196.000000
 2224500.000000 0.000000 2.368315 1.340586 0.003698 36897.665055 216.000000 3.000000 196.000000
 2225000.000000 0.000000 2.368397 1.340873 0.003698 36907.017352 216.000000 3.000000 196.000000
 2225500.000000 0.000000 2.368478 1.341159 0.003698 36916.369991 216.000000 3.000000 196.000000
 2226000.000000 0.000000 2.368560 1.341445 0.003698 36925.722974 216.000000 3.000000 196.000000
 2226500.000000 0.000000 2.368641 1.341731 0.003698 36935.076299 216.000000 3.000000 196.000000
 2227000.000000 0.000000 2.368723 1.342017 0.003698 36944.429967 216.000000 3.000000 196.000000
 2227500.000000 0.000000 2.368804 1.342302 0.003698 36953.783976 216.000000 3.000000 196.000000
 2228000.000000 0.000000 2.368886 1.342588 0.003698 36963.138327 216.000000 3.000000 196.000000
 2228500.000000 0.000000 2.368967 1.342873 0.003698 36972.493020 216.000000 3.000000 196.000000
 2229000.000000 0.000000 2.369049 1.343159 0.003698 36981.848053 216.000000 3.000000 196.000000
 2229500.000000 0.000000 2.369130 1.343444 0.003698 36991.203427 216.000000 3.000000 196.000000
 2230000.000000 0.000000 2.369211 1.343729 0.003698 37000.559142 216.000000 3.000000 196.000000
 2230500.000000 0.000000 2.369291 1.344013 0.003698 37009.915386 216.000000 3.000000 196.000000
 2231000.000000 0.000000 2.369372 1.344298 0.003699 37019.271783 216.000000 3.000000 196.000000
 2231500.000000 0.000000 2.369453 1.344583 0.003699 37028.628379 216.000000 3.000000 196.000000
 2232000.000000 0.000000 2.369534 1.344867 0.003699 37037.985456 216.000000 3.000000 196.000000
 2232500.000000 0.000000 2.369615 1.345152 0.003699 37047.342872 216.000000 3.000000 196.000000
 2233000.000000 0.000000 2.369696 1.345436 0.003699 37056.700627 216.000000 3.000000 196.000000
 2233500.000000 0.000000 2.369777 1.345720 0.003699 37066.058720 216.000000 3.000000 196.000000
 2234000.000000 0.000000 2.369858 1.346004 0.003699 37075.417152 216.000000 3.000000 196.000000
 2234500.000000 0.000000 2.369938 1.346288 0.003699 37084.775921 216.000000 3.000000 196.000000
 2235000.000000 0.000000 2.370019 1.346571 0.003699 37094.135027 216.000000 3.000000 196.000000
 2235500.000000 0.000000 2.370100 1.346855 0.003699 37103.494471 216.000000 3.000000 196.000000
 2236000.000000 0.000000 2.370180 1.347138 0.003699 37112.854252 216.000000 3.000000 196.000000
 2236500.000000 0.000000 2.370261 1.347421 0.003699 37122.214370 216.000000 3.000000 196.000000
 2237000.000000 0.000000 2.370341 1.347705 0.003699 37131.574824 216.000000 3.000000 196.000000
 2237500.000000 0.000000 2.370422 1.347988 0.003699 37140.935614 216.000000 3.000000 196.000000
 2238000.000000 0.000000 2.370502 1.348270 0.003699 37150.296740 216.000000 3.000000 196.000000
 2238500.000000 0.000000 2.370583 1.348553 0.003699 37159.658202 216.000000 3.000000 196.000000
 2239000.000000 0.000000 2.370663 1.348836 0.003699 37169.019999 216.000000 3.000000 196.000000
 2239500.000000 0.000000 2.370743 1.349118 0.003699 37178.382131 216.000000 3.000000 196.000000
 2240000.000000 0.000000 2.370823 1.349401 0.003699 37187.744597 216.000000 3.000000 196.000000
 2240500.000000 0.000000 2.370904 1.349683 0.003699 37197.107398 216.000000 3.000000 196.000000
 2241000.000000 0.000000 2.370984 1.349965 0.003699 37206.470533 216.000000 3.000000 196.000000
 2241500.000000 0.000000 2.371064 1.350247 0.003699 37215.834002 216.000000 3.000000 196.000000
 2242000.000000 0.000000 2.371144 1.350529 0.003699 37225.197804 216.000000 3.000000 196.000000
 2242500.000000 0.000000 2.371224 1.350810 0.003699 37234.561940 216.000000 3.000000 196.000000
 2243000.000000 0.000000 2.371304 1.351092 0.003699 37243.926409 216.000000 3.000000 196.000000
 2243500.000000 0.000000 2.371384 1.351373 0.003699 37253.291210 216.000000 3.000000 196.000000
 2244000.000000 0.000000 2.371463 1.351655 0.003699 37262.656344 216.000000 3.000000 196.000000
 2244500.000000 0.000000 2.371543 1.351936 0.003699 37272.021810 216.000000 3.000000 196.000000
 2245000.000000 0.000000 2.371623 1.352217 0.003699 37281.387607 216.000000 3.000000 196.000000
 2245500.000000 0.000000 2.371703 1.352498 0.003699 37290.753737 216.000000 3.000000 196.000000
 2246000.000000 0.000000 2.371782 1.352779 0.003699 37300.120197 216.000000 3.000000 196.000000
 2246500.000000 0.000000 2.371862 1.353059 0.003699 37309.486989 216.000000 3.000000 196.000000
 2247000.000000 0.000000 2.371941 1.353340 0.003699 37318.854111 216.000000 3.000000 196.000000
 2247500.000000 0.000000 2.372021 1.353620 0.003699 37328.221564 216.000000 3.000000 196.000000
 2248000.000000 0.000000 2.372100 1.353900 0.003699 37337.589347 216.000000 3.000000 196.000000
 2248500.000000 0.000000 2.372180 1.354181 0.003699 37346.957460 216.000000 3.000000 196.000000
 2249000.000000 0.000000 2.372259 1.354461 0.003699 37356.325903 216.000000 3.000000 196.000000
 2249500.000000 0.000000 2.372338 1.354740 0.003699 37365.694675 216.000000 3.000000 196.000000
 2250000.000000 0.000000 2.372417 1.355020 0.003699 37375.063776 216.000000 3.000000 196.000000
 2250500.000000 0.000000 2.372497 1.355300 0.003700 37384.433205 216.000000 3.000000 196.000000
 2251000.000000 0.000000 2.372576 1.355579 0.003700 37393.802963 216.000000 3.000000 196.000000
 2251500.000000 0.000000 2.372655 1.355859 0.003700 37403.173050 216.000000 3.000000 196.000000
 2252000.000000 0.000000 2.372734 1.356138 0.003700 37412.543464 216.000000 3.000000 196.000000
 2252500.000000 0.000000 2.372813 1.356417 0.003700 37421.914206 216.000000 3.000000 196.000000
 2253000.000000 0.000000 2.372892 1.356696 0.003700 37431.285276 216.000000 3.000000 196.000000
 2253500.000000 0.000000 2.372971 1.356975 0.003700 37440.656672 216.000000 3.000000 196.000000
 2254000.000000 0.000000 2.373050 1.357254 0.003700 37450.028395 216.000000 3.000000 196.000000
 2254500.000000 0.000000 2.373128 1.357532 0.003700 37459.400445 216.000000 3.000000 196.000000
 2255000.000000 0.000000 2.373207 1.357811 0.003700 37468.772822 216.000000 3.000000 196.000000
 2255500.000000 0.000000 2.373285 1.358089 0.003700 37478.145446 216.000000 3.000000 196.000000
 2256000.000000 0.000000 2.373358 1.358367 0.003700 37487.519404 216.000000 3.000000 196.000000
 2256500.000000 0.262026 2.358215 1.358642 0.003700 37496.914794 216.000000 3.000000 196.000000
 2257000.000000 0.134829 2.371226 1.358916 0.003700 37506.317102 216.000000 3.000000 196.000000
 2257500.000000 0.093030 2.373253 1.359193 0.003700 37515.695967 216.000000 3.000000 196.000000
 2258000.000000 0.392901 2.333936 1.359469 0.003700 37525.087453 216.000000 3.000000 196.000000
 2258500.000000 0.000000 2.373697 1.359746 0.003700 37534.462219 216.000000 3.000000 196.000000
 2259000.000000 0.000000 2.373775 1.360024 0.003700 37543.837309 216.000000 3.000000 196.000000
 2259500.000000 0.000000 2.373854 1.360301 0.003700 37553.212722 216.000000 3.000000 196.000000
 2260000.000000 0.000000 2.373932 1.360578 0.003700 37562.588459 216.000000 3.000000 196.000000
 2260500.000000 0.000000 2.374010 1.360855 0.003700 37571.964520 216.000000 3.000000 196.000000
 2261000.000000 0.000000 2.374088 1.361132 0.003700 37581.340770 216.000000 3.000000 196.000000
 2261500.000000 0.273163 2.357309 1.361405 0.003701 37590.746858 216.000000 3.000000 196.000000
 2262000.000000 0.418349 2.328283 1.361674 0.003702 37600.171838 216.000000 3.000000 196.000000
 2262500.000000 0.510707 2.302339 1.361943 0.003702 37609.601439 216.000000 3.000000 196.000000
 2263000.000000 0.569250 2.282721 1.362214 0.003702 37619.021863 216.000000 3.000000 93.000000
 2263500.000000 0.109627 2.373216 1.362439 0.003703 37628.411159 216.000000 3.000000 409.000000
 2264000.000000 0.000000 2.374206 1.362714 0.003703 37637.794466 216.000000 3.000000 409.000000
 2264500.000000 0.000000 2.374282 1.362990 0.003703 37647.173307 216.000000 3.000000 409.000000
 2265000.000000 0.618117 2.264470 1.363262 0.003703 37656.576576 216.000000 3.000000 409.000000
 2265500.000000 0.000000 2.374420 1.363535 0.003703 37665.976768 216.000000 3.000000 409.000000
 2266000.000000 0.000000 2.374495 1.363811 0.003703 37675.356835 216.000000 3.000000 409.000000
 2266500.000000 0.062974 2.374994 1.364086 0.003703 37684.738468 216.000000 3.000000 409.000000
 2267000.000000 0.000000 2.374637 1.364358 0.003703 37694.140742 216.000000 3.000000 409.000000
 2267500.000000 0.197307 2.367455 1.364632 0.003703 37703.533008 216.000000 3.000000 409.000000
 2268000.000000 0.089701 2.374557 1.364893 0.003704 37712.979771 216.000000 3.000000 409.000000
 2268500.000000 0.255978 2.360355 1.365141 0.003705 37722.509837 216.000000 3.000000 409.000000
 2269000.000000 0.288073 2.355502 1.365369 0.003706 37732.099254 216.000000 3.000000 88.000000
 2269500.000000 0.063035 2.375052 1.365642 0.003706 37741.491758 216.000000 3.000000 88.000000
 2270000.000000 0.230226 2.363749 1.365900 0.003706 37750.972936 216.000000 3.000000 88.000000
 2270500.000000 0.489285 2.309528 1.366163 0.003708 37760.433786 216.000000 3.000000 88.000000
 2271000.000000 0.049343 2.375160 1.366434 0.003708 37769.839701 216.000000 3.000000 88.000000
 2271500.000000 0.000000 2.374664 1.366708 0.003708 37779.227740 216.000000 3.000000 88.000000
 2272000.000000 0.128123 2.372944 1.366980 0.003708 37788.624952 216.000000 3.000000 88.000000
 2272500.000000 0.000000 2.374803 1.367254 0.003708 37798.010482 216.000000 3.000000 88.000000
 2273000.000000 0.234924 2.363458 1.367523 0.003708 37807.425330 216.000000 3.000000 88.000000
 2273500.000000 0.067993 2.375315 1.367796 0.003708 37816.816027 216.000000 3.000000 88.000000
 2274000.000000 0.000000 2.375011 1.368069 0.003708 37826.203722 216.000000 3.000000 88.000000
 2274500.000000 0.534597 2.295715 1.368331 0.003709 37835.665226 216.000000 3.000000 88.000000
 2275000.000000 0.290060 2.355732 1.368595 0.003709 37845.118530 216.000000 3.000000 88.000000
 2275500.000000 0.000000 2.375076 1.368867 0.003709 37854.510197 216.000000 3.000000 88.000000
 2276000.000000 0.000000 2.375152 1.369140 0.003709 37863.898340 216.000000 3.000000 88.000000
 2276500.000000 0.000000 2.375229 1.369413 0.003709 37873.286941 216.000000 3.000000 88.000000
 2277000.000000 0.000000 2.375304 1.369685 0.003710 37882.675793 216.000000 3.000000 88.000000
 2277500.000000 0.000000 2.375380 1.369958 0.003710 37892.065024 216.000000 3.000000 88.000000
 2278000.000000 0.289081 2.356324 1.370229 0.003710 37901.459394 216.000000 3.000000 88.000000
 2278500.000000 0.000000 2.375521 1.370500 0.003710 37910.861579 216.000000 3.000000 88.000000
 2279000.000000 0.752147 2.205523 1.370758 0.003711 37920.341196 216.000000 3.000000 88.000000
 2279500.000000 0.060434 2.375924 1.371025 0.003711 37929.763347 216.000000 3.000000 88.000000
 2280000.000000 0.059008 2.376009 1.371296 0.003712 37939.157001 216.000000 3.000000 88.000000
 2280500.000000 0.000000 2.375575 1.371568 0.003712 37948.548675 216.000000 3.000000 88.000000
 2281000.000000 0.000000 2.375650 1.371840 0.003712 37957.940387 216.000000 3.000000 88.000000
 2281500.000000 0.000000 2.375727 1.372111 0.003712 37967.332683 216.000000 3.000000 88.000000
 2282000.000000 0.000000 2.375803 1.372382 0.003712 37976.725288 216.000000 3.000000 88.000000
 2282500.000000 0.000000 2.375879 1.372653 0.003712 37986.118203 216.000000 3.000000 88.000000
 2283000.000000 0.000000 2.375955 1.372924 0.003712 37995.511426 216.000000 3.000000 88.000000
 2283500.000000 0.000000 2.376031 1.373195 0.003712 38004.904958 216.000000 3.000000 88.000000
 2284000.000000 0.000000 2.376107 1.373466 0.003712 38014.298799 216.000000 3.000000 88.000000
 2284500.000000 0.000000 2.376183 1.373736 0.003712 38023.692947 216.000000 3.000000 88.000000
 2285000.000000 0.000000 2.376259 1.374007 0.003712 38033.087404 216.000000 3.000000 88.000000
 2285500.000000 0.000000 2.376335 1.374277 0.003712 38042.482168 216.000000 3.000000 88.000000
 2286000.000000 0.052429 2.376969 1.374547 0.003712 38051.877102 216.000000 3.000000 88.000000
 2286500.000000 0.000000 2.376486 1.374817 0.003712 38061.272482 216.000000 3.000000 88.000000
 2287000.000000 0.000000 2.376562 1.375087 0.003712 38070.668169 216.000000 3.000000 88.000000
 2287500.000000 0.000000 2.376638 1.375357 0.003712 38080.064162 216.000000 3.000000 88.000000
 2288000.000000 0.000000 2.376714 1.375627 0.003712 38089.460462 216.000000 3.000000 88.000000
 2288500.000000 0.000000 2.376789 1.375897 0.003712 38098.857068 216.000000 3.000000 88.000000
 2289000.000000 0.000000 2.376865 1.376166 0.003712 38108.253979 216.000000 3.000000 88.000000
 2289500.000000 0.000000 2.376940 1.376435 0.003712 38117.651196 216.000000 3.000000 88.000000
 2290000.000000 0.000000 2.377016 1.376705 0.003712 38127.048719 216.000000 3.000000 88.000000
 2290500.000000 0.000000 2.377091 1.376974 0.003712 38136.446547 216.000000 3.000000 88.000000
 2291000.000000 0.000000 2.377167 1.377243 0.003712 38145.844679 216.000000 3.000000 88.000000
 2291500.000000 0.000000 2.377239 1.377512 0.003712 38155.243497 216.000000 3.000000 88.000000
 2292000.000000 0.000000 2.377315 1.377780 0.003712 38164.642246 216.000000 3.000000 88.000000
 2292500.000000 0.000000 2.377389 1.378049 0.003712 38174.041180 216.000000 3.000000 88.000000
 2293000.000000 0.000000 2.377464 1.378318 0.003712 38183.440397 216.000000 3.000000 88.000000
 2293500.000000 0.000000 2.377539 1.378586 0.003712 38192.839924 216.000000 3.000000 88.000000
 2294000.000000 0.000000 2.377614 1.378854 0.003712 38202.239769 216.000000 3.000000 88.000000
 2294500.000000 0.000000 2.377689 1.379122 0.003712 38211.640040 216.000000 3.000000 88.000000
 2295000.000000 0.000000 2.377764 1.379390 0.003712 38221.040614 216.000000 3.000000 88.000000
 2295500.000000 0.000000 2.377839 1.379658 0.003712 38230.441491 216.000000 3.000000 88.000000
 2296000.000000 0.000000 2.377914 1.379926 0.003712 38239.842669 216.000000 3.000000 88.000000
 2296500.000000 0.000000 2.377989 1.380194 0.003712 38249.244150 216.000000 3.000000 88.000000
 2297000.000000 0.000000 2.378063 1.380461 0.003712 38258.645933 216.000000 3.000000 88.000000
 2297500.000000 0.000000 2.378138 1.380729 0.003712 38268.048018 216.000000 3.000000 88.000000
 2298000.000000 0.000000 2.378213 1.380996 0.003712 38277.450404 216.000000 3.000000 88.000000
 2298500.000000 0.000000 2.378288 1.381263 0.003712 38286.853090 216.000000 3.000000 88.000000
 2299000.000000 0.000000 2.378362 1.381530 0.003713 38296.256078 216.000000 3.000000 88.000000
 2299500.000000 0.000000 2.378437 1.381797 0.003713 38305.659367 216.000000 3.000000 88.000000
 2300000.000000 0.000000 2.378509 1.382064 0.003713 38315.063828 216.000000 3.000000 88.000000
 2300500.000000 0.000000 2.378583 1.382331 0.003713 38324.468006 216.000000 3.000000 88.000000
 2301000.000000 0.052460 2.379198 1.382597 0.003713 38333.872210 216.000000 3.000000 88.000000
 2301500.000000 0.000000 2.378728 1.382863 0.003713 38343.278019 216.000000 3.000000 88.000000
 2302000.000000 0.070764 2.379113 1.383130 0.003713 38352.682629 216.000000 3.000000 88.000000
 2302500.000000 0.000000 2.378876 1.383396 0.003713 38362.087736 216.000000 3.000000 88.000000
 2303000.000000 0.083784 2.378960 1.383662 0.003713 38371.497163 216.000000 3.000000 88.000000
 2303500.000000 0.106551 2.378245 1.383926 0.003713 38380.910988 216.000000 3.000000 88.000000
 2304000.000000 0.000000 2.379085 1.384192 0.003713 38390.317231 216.000000 3.000000 88.000000
 2304500.000000 0.060546 2.379621 1.384457 0.003713 38399.730426 216.000000 3.000000 88.000000
 2305000.000000 0.151051 2.375953 1.384723 0.003713 38409.137825 216.000000 3.000000 88.000000
 2305500.000000 0.000000 2.379295 1.384988 0.003713 38418.545182 216.000000 3.000000 88.000000
 2306000.000000 0.000000 2.379369 1.385253 0.003713 38427.952428 216.000000 3.000000 88.000000
 2306500.000000 0.000000 2.379439 1.385518 0.003713 38437.366801 216.000000 3.000000 88.000000
 2307000.000000 0.000000 2.379513 1.385783 0.003713 38446.774517 216.000000 3.000000 88.000000
 2307500.000000 0.000000 2.379587 1.386048 0.003713 38456.182662 216.000000 3.000000 88.000000
 2308000.000000 0.000000 2.379660 1.386313 0.003713 38465.591103 216.000000 3.000000 88.000000
 2308500.000000 0.000000 2.379734 1.386577 0.003713 38474.999840 216.000000 3.000000 88.000000
 2309000.000000 0.000000 2.379808 1.386842 0.003713 38484.408874 216.000000 3.000000 88.000000
 2309500.000000 0.000000 2.379882 1.387107 0.003713 38493.818202 216.000000 3.000000 88.000000
 2310000.000000 0.000000 2.379956 1.387371 0.003713 38503.227827 216.000000 3.000000 88.000000
 2310500.000000 0.000000 2.380029 1.387635 0.003713 38512.637746 216.000000 3.000000 88.000000
 2311000.000000 0.000000 2.380103 1.387899 0.003713 38522.047961 216.000000 3.000000 88.000000
 2311500.000000 0.000000 2.380177 1.388164 0.003713 38531.458470 216.000000 3.000000 88.000000
 2312000.000000 0.000000 2.380248 1.388428 0.003713 38540.869085 216.000000 3.000000 88.000000
 2312500.000000 0.000000 2.380317 1.388691 0.003713 38550.283696 216.000000 3.000000 88.000000
 2313000.000000 0.156351 2.376712 1.388954 0.003714 38559.695727 216.000000 3.000000 88.000000
 2313500.000000 0.055428 2.380972 1.389218 0.003714 38569.107028 216.000000 3.000000 88.000000
 2314000.000000 0.000000 2.380528 1.389481 0.003714 38578.520333 216.000000 3.000000 88.000000
 2314500.000000 0.000000 2.380587 1.389742 0.003714 38587.951807 216.000000 3.000000 88.000000
 2315000.000000 0.050494 2.381206 1.390004 0.003714 38597.375826 216.000000 3.000000 88.000000
 2315500.000000 0.000000 2.380712 1.390264 0.003714 38606.812337 216.000000 3.000000 47.000000
 2316000.000000 0.000000 2.380784 1.390527 0.003714 38616.225978 216.000000 3.000000 47.000000
 2316500.000000 0.238961 2.368734 1.390704 0.003714 38625.704591 216.000000 3.000000 66.000000
 2317000.000000 0.486611 2.316301 1.390961 0.003715 38635.158447 216.000000 3.000000 66.000000
 2317500.000000 0.064336 2.381297 1.391224 0.003715 38644.572236 216.000000 3.000000 66.000000
 2318000.000000 0.062637 2.381391 1.391487 0.003715 38653.986652 216.000000 3.000000 66.000000
 2318500.000000 0.000000 2.381016 1.391749 0.003715 38663.401797 216.000000 3.000000 66.000000
 2319000.000000 0.073888 2.381332 1.392006 0.003715 38672.850042 216.000000 3.000000 66.000000
 2319500.000000 0.059956 2.381623 1.392268 0.003715 38682.266705 216.000000 3.000000 66.000000
 2320000.000000 0.000000 2.381209 1.392528 0.003715 38691.694647 216.000000 3.000000 66.000000
 2320500.000000 0.000000 2.381276 1.392790 0.003715 38701.114329 216.000000 3.000000 66.000000
 2321000.000000 0.458915 2.324826 1.393048 0.003715 38710.558981 216.000000 3.000000 66.000000
 2321500.000000 0.000000 2.381288 1.393281 0.003716 38720.091787 216.000000 3.000000 14536.000000
 2322000.000000 0.047148 2.381933 1.393543 0.003716 38729.508971 216.000000 3.000000 14536.000000
 2322500.000000 0.968503 2.076943 1.393735 0.003718 38739.218019 216.000000 3.000000 100.000000
 2323000.000000 0.000000 2.381077 1.393991 0.003719 38748.674515 216.000000 3.000000 11093.000000
 2323500.000000 0.897485 2.126362 1.394242 0.003719 38758.152709 216.000000 3.000000 39570.000000
 2324000.000000 0.256299 2.366671 1.394464 0.003721 38767.754081 216.000000 3.000000 75.000000
 2324500.000000 0.062595 2.381443 1.394724 0.003721 38777.180091 216.000000 3.000000 75.000000
 2325000.000000 0.000000 2.381043 1.394984 0.003721 38786.599788 216.000000 3.000000 75.000000
 2325500.000000 0.000000 2.381112 1.395245 0.003721 38796.020168 216.000000 3.000000 75.000000
 2326000.000000 0.129907 2.379308 1.395503 0.003721 38805.456395 216.000000 3.000000 75.000000
 2326500.000000 0.064996 2.381558 1.395744 0.003722 38815.000174 216.000000 3.000000 75.000000
 2327000.000000 0.309046 2.358695 1.395997 0.003722 38824.474686 216.000000 3.000000 75.000000
 2327500.000000 0.047012 2.381810 1.396250 0.003722 38833.945370 216.000000 3.000000 75.000000
 2328000.000000 0.000000 2.381280 1.396510 0.003722 38843.367163 216.000000 3.000000 75.000000
 2328500.000000 0.000000 2.381349 1.396769 0.003722 38852.791014 216.000000 3.000000 75.000000
 2329000.000000 0.048402 2.382014 1.397029 0.003722 38862.213369 216.000000 3.000000 75.000000
 2329500.000000 0.000000 2.381486 1.397288 0.003722 38871.637943 216.000000 3.000000 75.000000
 2330000.000000 0.305956 2.359630 1.397546 0.003723 38881.078802 216.000000 3.000000 4347.000000
 2330500.000000 0.629370 2.267102 1.397782 0.003725 38890.652206 216.000000 3.000000 4347.000000
 2331000.000000 0.627791 2.267822 1.397991 0.003725 38900.099696 216.000000 3.000000 197.000000
 2331500.000000 0.351610 2.350895 1.398156 0.003726 38909.663498 216.000000 3.000000 664.000000
 2332000.000000 0.962899 2.082329 1.398179 0.003724 38918.858877 216.000000 4.000000 600.000000
 2332500.000000 0.316034 2.357639 1.398351 0.003726 38928.588000 216.000000 3.000000 351.000000
 2333000.000000 0.000000 2.380996 1.398588 0.003728 38938.146447 216.000000 3.000000 351.000000
 2333500.000000 0.241948 2.368955 1.398845 0.003728 38947.585216 216.000000 3.000000 351.000000
 2334000.000000 0.319505 2.357013 1.399097 0.003728 38957.051711 216.000000 3.000000 351.000000
 2334500.000000 0.000000 2.381178 1.399356 0.003728 38966.479462 216.000000 3.000000 351.000000
 2335000.000000 0.000000 2.381242 1.399612 0.003728 38975.921658 216.000000 3.000000 351.000000
 2335500.000000 0.000000 2.381312 1.399869 0.003728 38985.350911 216.000000 3.000000 351.000000
 2336000.000000 0.000000 2.381378 1.400125 0.003728 38994.792899 216.000000 3.000000 351.000000
 2336500.000000 0.000000 2.381450 1.400383 0.003728 39004.221174 216.000000 3.000000 351.000000
 2337000.000000 0.000000 2.381521 1.400641 0.003728 39013.649583 216.000000 3.000000 351.000000
 2337500.000000 0.000000 2.381592 1.400898 0.003728 39023.078574 216.000000 3.000000 351.000000
 2338000.000000 0.000000 2.381662 1.401156 0.003728 39032.507559 216.000000 3.000000 351.000000
 2338500.000000 0.518834 2.307864 1.401411 0.003728 39041.952623 216.000000 3.000000 351.000000
 2339000.000000 0.000000 2.381784 1.401664 0.003729 39051.408478 216.000000 3.000000 351.000000
 2339500.000000 0.045487 2.382349 1.401913 0.003730 39060.890087 216.000000 3.000000 351.000000
 2340000.000000 0.069004 2.382006 1.402133 0.003731 39070.511040 216.000000 3.000000 221.000000
 2340500.000000 0.000000 2.381495 1.402380 0.003732 39080.003338 216.000000 3.000000 221.000000
 2341000.000000 0.000000 2.381563 1.402637 0.003732 39089.435674 216.000000 3.000000 221.000000
 2341500.000000 0.000000 2.381634 1.402893 0.003732 39098.867648 216.000000 3.000000 221.000000
 2342000.000000 0.065154 2.382201 1.403150 0.003732 39108.301184 216.000000 3.000000 221.000000
 2342500.000000 0.000000 2.381770 1.403406 0.003732 39117.733874 216.000000 3.000000 221.000000
 2343000.000000 0.000000 2.381841 1.403662 0.003732 39127.166840 216.000000 3.000000 221.000000
 2343500.000000 0.000000 2.381910 1.403918 0.003732 39136.600809 216.000000 3.000000 221.000000
 2344000.000000 0.053773 2.382589 1.404174 0.003732 39146.034007 216.000000 3.000000 221.000000
 2344500.000000 0.000000 2.381935 1.404423 0.003733 39155.505787 216.000000 3.000000 221.000000
 2345000.000000 0.000000 2.382005 1.404679 0.003733 39164.940119 216.000000 3.000000 221.000000
 2345500.000000 0.000000 2.382076 1.404935 0.003733 39174.374727 216.000000 3.000000 221.000000
 2346000.000000 0.000000 2.382147 1.405190 0.003733 39183.809464 216.000000 3.000000 221.000000
 2346500.000000 0.000000 2.382217 1.405445 0.003733 39193.244623 216.000000 3.000000 221.000000
 2347000.000000 0.000000 2.382288 1.405700 0.003733 39202.680056 216.000000 3.000000 221.000000
 2347500.000000 0.000000 2.382358 1.405955 0.003733 39212.115659 216.000000 3.000000 221.000000
 2348000.000000 0.000000 2.382429 1.406210 0.003733 39221.551643 216.000000 3.000000 221.000000
 2348500.000000 0.000000 2.382499 1.406465 0.003733 39230.987900 216.000000 3.000000 221.000000
 2349000.000000 0.062174 2.383102 1.406720 0.003733 39240.424176 216.000000 3.000000 221.000000
 2349500.000000 0.000000 2.382638 1.406975 0.003733 39249.860583 216.000000 3.000000 221.000000
 2350000.000000 0.000000 2.382708 1.407229 0.003733 39259.297667 216.000000 3.000000 221.000000
 2350500.000000 0.000000 2.382779 1.407483 0.003733 39268.735025 216.000000 3.000000 221.000000
 2351000.000000 0.000000 2.382849 1.407738 0.003733 39278.172655 216.000000 3.000000 221.000000
 2351500.000000 0.000000 2.382919 1.407992 0.003734 39287.610557 216.000000 3.000000 221.000000
 2352000.000000 0.000000 2.382990 1.408246 0.003734 39297.048733 216.000000 3.000000 221.000000
 2352500.000000 0.000000 2.383060 1.408500 0.003734 39306.487180 216.000000 3.000000 221.000000
 2353000.000000 0.000000 2.383130 1.408754 0.003734 39315.925900 216.000000 3.000000 221.000000
 2353500.000000 0.000000 2.383200 1.409007 0.003734 39325.364891 216.000000 3.000000 221.000000
 2354000.000000 0.000000 2.383270 1.409261 0.003734 39334.804154 216.000000 3.000000 221.000000
 2354500.000000 0.000000 2.383341 1.409514 0.003734 39344.243688 216.000000 3.000000 221.000000
 2355000.000000 0.000000 2.383411 1.409768 0.003734 39353.683494 216.000000 3.000000 221.000000
 2355500.000000 0.000000 2.383481 1.410021 0.003734 39363.123570 216.000000 3.000000 221.000000
 2356000.000000 0.000000 2.383551 1.410274 0.003734 39372.563918 216.000000 3.000000 221.000000
 2356500.000000 0.000000 2.383620 1.410527 0.003734 39382.004535 216.000000 3.000000 221.000000
 2357000.000000 0.000000 2.383690 1.410780 0.003734 39391.445423 216.000000 3.000000 221.000000
 2357500.000000 0.000000 2.383760 1.411033 0.003734 39400.886582 216.000000 3.000000 221.000000
 2358000.000000 0.000000 2.383830 1.411286 0.003734 39410.328010 216.000000 3.000000 221.000000
 2358500.000000 0.000000 2.383900 1.411538 0.003734 39419.769708 216.000000 3.000000 221.000000
 2359000.000000 0.000000 2.383970 1.411791 0.003734 39429.211675 216.000000 3.000000 221.000000
 2359500.000000 0.000000 2.384039 1.412043 0.003734 39438.653911 216.000000 3.000000 221.000000
 2360000.000000 0.000000 2.384109 1.412295 0.003734 39448.096417 216.000000 3.000000 221.000000
 2360500.000000 0.000000 2.384178 1.412548 0.003734 39457.539192 216.000000 3.000000 221.000000
 2361000.000000 0.000000 2.384248 1.412800 0.003734 39466.982235 216.000000 3.000000 221.000000
 2361500.000000 0.000000 2.384318 1.413052 0.003734 39476.425546 216.000000 3.000000 221.000000
 2362000.000000 0.000000 2.384387 1.413303 0.003734 39485.869126 216.000000 3.000000 221.000000
 2362500.000000 0.000000 2.384456 1.413555 0.003734 39495.312974 216.000000 3.000000 221.000000
 2363000.000000 0.000000 2.384526 1.413807 0.003734 39504.757089 216.000000 3.000000 221.000000
 2363500.000000 0.000000 2.384595 1.414058 0.003734 39514.201472 216.000000 3.000000 221.000000
 2364000.000000 0.000000 2.384665 1.414310 0.003734 39523.646123 216.000000 3.000000 221.000000
 2364500.000000 0.000000 2.384734 1.414561 0.003734 39533.091041 216.000000 3.000000 221.000000
 2365000.000000 0.000000 2.384803 1.414812 0.003734 39542.536225 216.000000 3.000000 221.000000
 2365500.000000 0.000000 2.384872 1.415063 0.003734 39551.981677 216.000000 3.000000 221.000000
 2366000.000000 0.000000 2.384941 1.415314 0.003734 39561.427394 216.000000 3.000000 221.000000
 2366500.000000 0.000000 2.385011 1.415565 0.003734 39570.873379 216.000000 3.000000 221.000000
 2367000.000000 0.000000 2.385080 1.415815 0.003734 39580.319629 216.000000 3.000000 221.000000
 2367500.000000 0.000000 2.385149 1.416066 0.003734 39589.766145 216.000000 3.000000 221.000000
 2368000.000000 0.000000 2.385218 1.416317 0.003734 39599.212927 216.000000 3.000000 221.000000
 2368500.000000 0.000000 2.385287 1.416567 0.003734 39608.659975 216.000000 3.000000 221.000000
 2369000.000000 0.000000 2.385356 1.416817 0.003734 39618.107287 216.000000 3.000000 221.000000
 2369500.000000 0.000000 2.385425 1.417067 0.003734 39627.554865 216.000000 3.000000 221.000000
 2370000.000000 0.000000 2.385493 1.417317 0.003734 39637.002708 216.000000 3.000000 221.000000
 2370500.000000 0.000000 2.385562 1.417567 0.003734 39646.450815 216.000000 3.000000 221.000000
 2371000.000000 0.000000 2.385631 1.417817 0.003734 39655.899187 216.000000 3.000000 221.000000
 2371500.000000 0.000000 2.385700 1.418067 0.003734 39665.347823 216.000000 3.000000 221.000000
 2372000.000000 0.000000 2.385768 1.418317 0.003735 39674.796723 216.000000 3.000000 221.000000
 2372500.000000 0.000000 2.385837 1.418566 0.003735 39684.245887 216.000000 3.000000 221.000000
 2373000.000000 0.000000 2.385906 1.418816 0.003735 39693.695315 216.000000 3.000000 221.000000
 2373500.000000 0.000000 2.385974 1.419065 0.003735 39703.145006 216.000000 3.000000 221.000000
 2374000.000000 0.000000 2.386043 1.419314 0.003735 39712.594960 216.000000 3.000000 221.000000
 2374500.000000 0.000000 2.386111 1.419563 0.003735 39722.045178 216.000000 3.000000 221.000000
 2375000.000000 0.000000 2.386180 1.419812 0.003735 39731.495658 216.000000 3.000000 221.000000
 2375500.000000 0.000000 2.386248 1.420061 0.003735 39740.946401 216.000000 3.000000 221.000000
 2376000.000000 0.000000 2.386317 1.420310 0.003735 39750.397406 216.000000 3.000000 221.000000
 2376500.000000 0.000000 2.386385 1.420558 0.003735 39759.848673 216.000000 3.000000 221.000000
 2377000.000000 0.000000 2.386453 1.420807 0.003735 39769.300202 216.000000 3.000000 221.000000
 2377500.000000 0.000000 2.386521 1.421055 0.003735 39778.751994 216.000000 3.000000 221.000000
 2378000.000000 0.000000 2.386590 1.421304 0.003735 39788.204046 216.000000 3.000000 221.000000
 2378500.000000 0.000000 2.386658 1.421552 0.003735 39797.656360 216.000000 3.000000 221.000000
 2379000.000000 0.000000 2.386726 1.421800 0.003735 39807.108936 216.000000 3.000000 221.000000
 2379500.000000 0.000000 2.386794 1.422048 0.003735 39816.561772 216.000000 3.000000 221.000000
 2380000.000000 0.000000 2.386862 1.422296 0.003735 39826.014869 216.000000 3.000000 221.000000
 2380500.000000 0.000000 2.386930 1.422544 0.003735 39835.468227 216.000000 3.000000 221.000000
 2381000.000000 0.000000 2.386998 1.422791 0.003735 39844.921845 216.000000 3.000000 221.000000
 2381500.000000 0.000000 2.387066 1.423039 0.003735 39854.375723 216.000000 3.000000 221.000000
 2382000.000000 0.000000 2.387134 1.423286 0.003735 39863.829861 216.000000 3.000000 221.000000
 2382500.000000 0.000000 2.387202 1.423534 0.003735 39873.284259 216.000000 3.000000 221.000000
 2383000.000000 0.000000 2.387270 1.423781 0.003735 39882.738917 216.000000 3.000000 221.000000
 2383500.000000 0.000000 2.387338 1.424028 0.003735 39892.193834 216.000000 3.000000 221.000000
 2384000.000000 0.000000 2.387405 1.424275 0.003735 39901.649010 216.000000 3.000000 221.000000
 2384500.000000 0.000000 2.387473 1.424522 0.003735 39911.104445 216.000000 3.000000 221.000000
 2385000.000000 0.000000 2.387541 1.424769 0.003735 39920.560138 216.000000 3.000000 221.000000
 2385500.000000 0.000000 2.387609 1.425015 0.003735 39930.016091 216.000000 3.000000 221.000000
 2386000.000000 0.000000 2.387676 1.425262 0.003735 39939.472301 216.000000 3.000000 221.000000
 2386500.000000 0.000000 2.387744 1.425509 0.003735 39948.928770 216.000000 3.000000 221.000000
 2387000.000000 0.000000 2.387811 1.425755 0.003735 39958.385497 216.000000 3.000000 221.000000
 2387500.000000 0.000000 2.387879 1.426001 0.003735 39967.842482 216.000000 3.000000 221.000000
 2388000.000000 0.000000 2.387946 1.426247 0.003735 39977.299724 216.000000 3.000000 221.000000
 2388500.000000 0.000000 2.388014 1.426493 0.003735 39986.757224 216.000000 3.000000 221.000000
 2389000.000000 0.000000 2.388081 1.426739 0.003735 39996.214980 216.000000 3.000000 221.000000
 2389500.000000 0.000000 2.388148 1.426985 0.003735 40005.672994 216.000000 3.000000 221.000000
 2390000.000000 0.000000 2.388216 1.427231 0.003735 40015.131264 216.000000 3.000000 221.000000
 2390500.000000 0.000000 2.388283 1.427477 0.003735 40024.589791 216.000000 3.000000 221.000000
 2391000.000000 0.000000 2.388350 1.427722 0.003735 40034.048575 216.000000 3.000000 221.000000
 2391500.000000 0.000000 2.388417 1.427968 0.003735 40043.507615 216.000000 3.000000 221.000000
 2392000.000000 0.000000 2.388485 1.428213 0.003735 40052.966910 216.000000 3.000000 221.000000
 2392500.000000 0.000000 2.388552 1.428458 0.003735 40062.426461 216.000000 3.000000 221.000000
 2393000.000000 0.000000 2.388619 1.428703 0.003736 40071.886268 216.000000 3.000000 221.000000
 2393500.000000 0.000000 2.388686 1.428948 0.003736 40081.346331 216.000000 3.000000 221.000000
 2394000.000000 0.000000 2.388753 1.429193 0.003736 40090.806648 216.000000 3.000000 221.000000
 2394500.000000 0.000000 2.388820 1.429438 0.003736 40100.267221 216.000000 3.000000 221.000000
 2395000.000000 0.000000 2.388887 1.429683 0.003736 40109.728048 216.000000 3.000000 221.000000
 2395500.000000 0.000000 2.388954 1.429927 0.003736 40119.189130 216.000000 3.000000 221.000000
 2396000.000000 0.000000 2.389020 1.430172 0.003736 40128.650466 216.000000 3.000000 221.000000
 2396500.000000 0.000000 2.389087 1.430416 0.003736 40138.112057 216.000000 3.000000 221.000000
 2397000.000000 0.000000 2.389154 1.430660 0.003736 40147.573901 216.000000 3.000000 221.000000
 2397500.000000 0.000000 2.389221 1.430904 0.003736 40157.036000 216.000000 3.000000 221.000000
 2398000.000000 0.000000 2.389287 1.431148 0.003736 40166.498352 216.000000 3.000000 221.000000
 2398500.000000 0.000000 2.389354 1.431392 0.003736 40175.960957 216.000000 3.000000 221.000000
 2399000.000000 0.000000 2.389421 1.431636 0.003736 40185.423816 216.000000 3.000000 221.000000
 2399500.000000 0.000000 2.389487 1.431880 0.003736 40194.886928 216.000000 3.000000 221.000000
 2400000.000000 0.000000 2.389554 1.432124 0.003736 40204.350292 216.000000 3.000000 221.000000
 2400500.000000 0.000000 2.389620 1.432367 0.003736 40213.813910 216.000000 3.000000 221.000000
 2401000.000000 0.000000 2.389687 1.432611 0.003736 40223.277779 216.000000 3.000000 221.000000
 2401500.000000 0.000000 2.389753 1.432854 0.003736 40232.741901 216.000000 3.000000 221.000000
 2402000.000000 0.000000 2.389820 1.433097 0.003736 40242.206275 216.000000 3.000000 221.000000
 2402500.000000 0.000000 2.389886 1.433340 0.003736 40251.670901 216.000000 3.000000 221.000000
 2403000.000000 0.000000 2.389952 1.433583 0.003736 40261.135779 216.000000 3.000000 221.000000
 2403500.000000 0.000000 2.390019 1.433826 0.003736 40270.600908 216.000000 3.000000 221.000000
 2404000.000000 0.000000 2.390085 1.434069 0.003736 40280.066288 216.000000 3.000000 221.000000
 2404500.000000 0.000000 2.390151 1.434312 0.003736 40289.531920 216.000000 3.000000 221.000000
 2405000.000000 0.000000 2.390217 1.434554 0.003736 40298.997802 216.000000 3.000000 221.000000
 2405500.000000 0.000000 2.390284 1.434797 0.003736 40308.463935 216.000000 3.000000 221.000000
 2406000.000000 0.000000 2.390350 1.435039 0.003736 40317.930319 216.000000 3.000000 221.000000
 2406500.000000 0.000000 2.390416 1.435281 0.003736 40327.396953 216.000000 3.000000 221.000000
 2407000.000000 0.000000 2.390482 1.435523 0.003736 40336.863837 216.000000 3.000000 221.000000
 2407500.000000 0.000000 2.390548 1.435765 0.003736 40346.330971 216.000000 3.000000 221.000000
 2408000.000000 0.000000 2.390614 1.436007 0.003736 40355.798355 216.000000 3.000000 221.000000
 2408500.000000 0.000000 2.390680 1.436249 0.003736 40365.265988 216.000000 3.000000 221.000000
 2409000.000000 0.000000 2.390746 1.436491 0.003736 40374.733871 216.000000 3.000000 221.000000
 2409500.000000 0.000000 2.390811 1.436733 0.003736 40384.202003 216.000000 3.000000 221.000000
 2410000.000000 0.000000 2.390877 1.436974 0.003736 40393.670384 216.000000 3.000000 221.000000
 2410500.000000 0.000000 2.390943 1.437216 0.003736 40403.139014 216.000000 3.000000 221.000000
 2411000.000000 0.000000 2.391009 1.437457 0.003736 40412.607893 216.000000 3.000000 221.000000
 2411500.000000 0.000000 2.391074 1.437698 0.003736 40422.077020 216.000000 3.000000 221.000000
 2412000.000000 0.000000 2.391140 1.437939 0.003736 40431.546395 216.000000 3.000000 221.000000
 2412500.000000 0.000000 2.391206 1.438180 0.003736 40441.016018 216.000000 3.000000 221.000000
 2413000.000000 0.000000 2.391271 1.438421 0.003736 40450.485889 216.000000 3.000000 221.000000
 2413500.000000 0.000000 2.391337 1.438662 0.003736 40459.956008 216.000000 3.000000 221.000000
 2414000.000000 0.000000 2.391402 1.438903 0.003737 40469.426374 216.000000 3.000000 221.000000
 2414500.000000 0.000000 2.391468 1.439143 0.003737 40478.896988 216.000000 3.000000 221.000000
 2415000.000000 0.000000 2.391533 1.439384 0.003737 40488.367848 216.000000 3.000000 221.000000
 2415500.000000 0.000000 2.391599 1.439624 0.003737 40497.838956 216.000000 3.000000 221.000000
 2416000.000000 0.000000 2.391664 1.439865 0.003737 40507.310310 216.000000 3.000000 221.000000
 2416500.000000 0.000000 2.391730 1.440105 0.003737 40516.781911 216.000000 3.000000 221.000000
 2417000.000000 0.000000 2.391795 1.440345 0.003737 40526.253758 216.000000 3.000000 221.000000
 2417500.000000 0.000000 2.391860 1.440585 0.003737 40535.725852 216.000000 3.000000 221.000000
 2418000.000000 0.000000 2.391925 1.440825 0.003737 40545.198191 216.000000 3.000000 221.000000
 2418500.000000 0.000000 2.391991 1.441065 0.003737 40554.670776 216.000000 3.000000 221.000000
 2419000.000000 0.000000 2.392056 1.441304 0.003737 40564.143607 216.000000 3.000000 221.000000
 2419500.000000 0.000000 2.392121 1.441544 0.003737 40573.616684 216.000000 3.000000 221.000000
 2420000.000000 0.000000 2.392186 1.441783 0.003737 40583.090005 216.000000 3.000000 221.000000
 2420500.000000 0.000000 2.392251 1.442023 0.003737 40592.563572 216.000000 3.000000 221.000000
 2421000.000000 0.000000 2.392316 1.442262 0.003737 40602.037383 216.000000 3.000000 221.000000
 2421500.000000 0.000000 2.392381 1.442501 0.003737 40611.511439 216.000000 3.000000 221.000000
 2422000.000000 0.000000 2.392446 1.442740 0.003737 40620.985740 216.000000 3.000000 221.000000
 2422500.000000 0.000000 2.392511 1.442979 0.003737 40630.460285 216.000000 3.000000 221.000000
 2423000.000000 0.000000 2.392576 1.443218 0.003737 40639.935074 216.000000 3.000000 221.000000
 2423500.000000 0.000000 2.392641 1.443457 0.003737 40649.410107 216.000000 3.000000 221.000000
 2424000.000000 0.000000 2.392705 1.443695 0.003737 40658.885383 216.000000 3.000000 221.000000
 2424500.000000 0.000000 2.392770 1.443934 0.003737 40668.360904 216.000000 3.000000 221.000000
 2425000.000000 0.000000 2.392835 1.444172 0.003737 40677.836667 216.000000 3.000000 221.000000
 2425500.000000 0.000000 2.392900 1.444411 0.003737 40687.312674 216.000000 3.000000 221.000000
 2426000.000000 0.000000 2.392964 1.444649 0.003737 40696.788924 216.000000 3.000000 221.000000
 2426500.000000 0.000000 2.393029 1.444887 0.003737 40706.265417 216.000000 3.000000 221.000000
 2427000.000000 0.000000 2.393093 1.445125 0.003737 40715.742152 216.000000 3.000000 221.000000
 2427500.000000 0.000000 2.393158 1.445363 0.003737 40725.219130 216.000000 3.000000 221.000000
 2428000.000000 0.000000 2.393223 1.445601 0.003737 40734.696350 216.000000 3.000000 221.000000
 2428500.000000 0.000000 2.393287 1.445839 0.003737 40744.173812 216.000000 3.000000 221.000000
 2429000.000000 0.000000 2.393351 1.446076 0.003737 40753.651517 216.000000 3.000000 221.000000
 2429500.000000 0.000000 2.393416 1.446314 0.003737 40763.129463 216.000000 3.000000 221.000000
 2430000.000000 0.000000 2.393480 1.446551 0.003737 40772.607650 216.000000 3.000000 221.000000
 2430500.000000 0.000000 2.393545 1.446789 0.003737 40782.086079 216.000000 3.000000 221.000000
 2431000.000000 0.000000 2.393609 1.447026 0.003737 40791.564749 216.000000 3.000000 221.000000
 2431500.000000 0.000000 2.393673 1.447263 0.003737 40801.043660 216.000000 3.000000 221.000000
 2432000.000000 0.000000 2.393737 1.447500 0.003737 40810.522812 216.000000 3.000000 221.000000
 2432500.000000 0.000000 2.393802 1.447737 0.003737 40820.002204 216.000000 3.000000 221.000000
 2433000.000000 0.000000 2.393866 1.447974 0.003737 40829.481837 216.000000 3.000000 221.000000
 2433500.000000 0.000000 2.393930 1.448211 0.003737 40838.961710 216.000000 3.000000 221.000000
 2434000.000000 0.000000 2.393994 1.448447 0.003737 40848.441824 216.000000 3.000000 221.000000
 2434500.000000 0.000000 2.394058 1.448684 0.003737 40857.922177 216.000000 3.000000 221.000000
 2435000.000000 0.000000 2.394122 1.448920 0.003737 40867.402770 216.000000 3.000000 221.000000
 2435500.000000 0.000000 2.394186 1.449157 0.003737 40876.883603 216.000000 3.000000 221.000000
 2436000.000000 0.000000 2.394250 1.449393 0.003738 40886.364675 216.000000 3.000000 221.000000
 2436500.000000 0.000000 2.394314 1.449629 0.003738 40895.845986 216.000000 3.000000 221.000000
 2437000.000000 0.000000 2.394378 1.449865 0.003738 40905.327536 216.000000 3.000000 221.000000
 2437500.000000 0.000000 2.394442 1.450101 0.003738 40914.809325 216.000000 3.000000 221.000000
 2438000.000000 0.000000 2.394505 1.450337 0.003738 40924.291353 216.000000 3.000000 221.000000
 2438500.000000 0.000000 2.394569 1.450573 0.003738 40933.773619 216.000000 3.000000 221.000000
 2439000.000000 0.000000 2.394633 1.450808 0.003738 40943.256123 216.000000 3.000000 221.000000
 2439500.000000 0.000000 2.394697 1.451044 0.003738 40952.738866 216.000000 3.000000 221.000000
 2440000.000000 0.000000 2.394760 1.451279 0.003738 40962.221846 216.000000 3.000000 221.000000
 2440500.000000 0.000000 2.394824 1.451514 0.003738 40971.705064 216.000000 3.000000 221.000000
 2441000.000000 0.000000 2.394888 1.451750 0.003738 40981.188520 216.000000 3.000000 221.000000
 2441500.000000 0.000000 2.394951 1.451985 0.003738 40990.672214 216.000000 3.000000 221.000000
 2442000.000000 0.000000 2.395015 1.452220 0.003738 41000.156144 216.000000 3.000000 221.000000
 2442500.000000 0.000000 2.395078 1.452455 0.003738 41009.640312 216.000000 3.000000 221.000000
 2443000.000000 0.000000 2.395142 1.452690 0.003738 41019.124716 216.000000 3.000000 221.000000
 2443500.000000 0.000000 2.395205 1.452924 0.003738 41028.609357 216.000000 3.000000 221.000000
 2444000.000000 0.000000 2.395268 1.453159 0.003738 41038.094235 216.000000 3.000000 221.000000
 2444500.000000 0.000000 2.395332 1.453394 0.003738 41047.579349 216.000000 3.000000 221.000000
 2445000.000000 0.000000 2.395395 1.453628 0.003738 41057.064699 216.000000 3.000000 221.000000
 2445500.000000 0.000000 2.395458 1.453862 0.003738 41066.550285 216.000000 3.000000 221.000000
 2446000.000000 0.000000 2.395522 1.454097 0.003738 41076.036107 216.000000 3.000000 221.000000
 2446500.000000 0.000000 2.395585 1.454331 0.003738 41085.522165 216.000000 3.000000 221.000000
 2447000.000000 0.000000 2.395648 1.454565 0.003738 41095.008458 216.000000 3.000000 221.000000
 2447500.000000 0.000000 2.395711 1.454799 0.003738 41104.494986 216.000000 3.000000 221.000000
 2448000.000000 0.000000 2.395774 1.455033 0.003738 41113.981749 216.000000 3.000000 221.000000
 2448500.000000 0.000000 2.395837 1.455266 0.003738 41123.468748 216.000000 3.000000 221.000000
 2449000.000000 0.000000 2.395901 1.455500 0.003738 41132.955981 216.000000 3.000000 221.000000
 2449500.000000 0.000000 2.395964 1.455733 0.003738 41142.443448 216.000000 3.000000 221.000000
 2450000.000000 0.000000 2.396027 1.455967 0.003738 41151.931151 216.000000 3.000000 221.000000
 2450500.000000 0.000000 2.396089 1.456200 0.003738 41161.419087 216.000000 3.000000 221.000000
 2451000.000000 0.000000 2.396152 1.456434 0.003738 41170.907257 216.000000 3.000000 221.000000
 2451500.000000 0.000000 2.396215 1.456667 0.003738 41180.395662 216.000000 3.000000 221.000000
 2452000.000000 0.000000 2.396278 1.456900 0.003738 41189.884299 216.000000 3.000000 221.000000
 2452500.000000 0.000000 2.396341 1.457133 0.003738 41199.373171 216.000000 3.000000 221.000000
 2453000.000000 0.000000 2.396404 1.457366 0.003738 41208.862276 216.000000 3.000000 221.000000
 2453500.000000 0.000000 2.396466 1.457598 0.003738 41218.351614 216.000000 3.000000 221.000000
 2454000.000000 0.000000 2.396529 1.457831 0.003738 41227.841185 216.000000 3.000000 221.000000
 2454500.000000 0.000000 2.396592 1.458064 0.003738 41237.330989 216.000000 3.000000 221.000000
 2455000.000000 0.000000 2.396654 1.458296 0.003738 41246.821025 216.000000 3.000000 221.000000
 2455500.000000 0.000000 2.396717 1.458528 0.003738 41256.311294 216.000000 3.000000 221.000000
 2456000.000000 0.000000 2.396780 1.458761 0.003738 41265.801796 216.000000 3.000000 221.000000
 2456500.000000 0.000000 2.396842 1.458993 0.003738 41275.292529 216.000000 3.000000 221.000000
 2457000.000000 0.000000 2.396905 1.459225 0.003738 41284.783495 216.000000 3.000000 221.000000
 2457500.000000 0.000000 2.396967 1.459457 0.003738 41294.274692 216.000000 3.000000 221.000000
 2458000.000000 0.000000 2.397030 1.459689 0.003739 41303.766121 216.000000 3.000000 221.000000
 2458500.000000 0.000000 2.397092 1.459921 0.003739 41313.257781 216.000000 3.000000 221.000000
 2459000.000000 0.000000 2.397154 1.460152 0.003739 41322.749673 216.000000 3.000000 221.000000
 2459500.000000 0.000000 2.397217 1.460384 0.003739 41332.241796 216.000000 3.000000 221.000000
 2460000.000000 0.000000 2.397279 1.460615 0.003739 41341.734149 216.000000 3.000000 221.000000
 2460500.000000 0.000000 2.397341 1.460847 0.003739 41351.226734 216.000000 3.000000 221.000000
 2461000.000000 0.000000 2.397403 1.461078 0.003739 41360.719549 216.000000 3.000000 221.000000
 2461500.000000 0.000000 2.397466 1.461309 0.003739 41370.212594 216.000000 3.000000 221.000000
 2462000.000000 0.000000 2.397528 1.461540 0.003739 41379.705870 216.000000 3.000000 221.000000
 2462500.000000 0.000000 2.397590 1.461771 0.003739 41389.199376 216.000000 3.000000 221.000000
 2463000.000000 0.000000 2.397652 1.462002 0.003739 41398.693111 216.000000 3.000000 221.000000
 2463500.000000 0.000000 2.397714 1.462233 0.003739 41408.187077 216.000000 3.000000 221.000000
 2464000.000000 0.000000 2.397776 1.462464 0.003739 41417.681272 216.000000 3.000000 221.000000
 2464500.000000 0.000000 2.397838 1.462694 0.003739 41427.175696 216.000000 3.000000 221.000000
 2465000.000000 0.000000 2.397900 1.462925 0.003739 41436.670350 216.000000 3.000000 221.000000
 2465500.000000 0.000000 2.397962 1.463155 0.003739 41446.165233 216.000000 3.000000 221.000000
 2466000.000000 0.000000 2.398024 1.463386 0.003739 41455.660344 216.000000 3.000000 221.000000
 2466500.000000 0.000000 2.398086 1.463616 0.003739 41465.155685 216.000000 3.000000 221.000000
 2467000.000000 0.000000 2.398148 1.463846 0.003739 41474.651253 216.000000 3.000000 221.000000
 2467500.000000 0.000000 2.398209 1.464076 0.003739 41484.147051 216.000000 3.000000 221.000000
 2468000.000000 0.000000 2.398271 1.464306 0.003739 41493.643076 216.000000 3.000000 221.000000
 2468500.000000 0.000000 2.398333 1.464536 0.003739 41503.139330 216.000000 3.000000 221.000000
 2469000.000000 0.000000 2.398395 1.464766 0.003739 41512.635811 216.000000 3.000000 221.000000
 2469500.000000 0.000000 2.398456 1.464995 0.003739 41522.132520 216.000000 3.000000 221.000000
 2470000.000000 0.000000 2.398518 1.465225 0.003739 41531.629457 216.000000 3.000000 221.000000
 2470500.000000 0.000000 2.398580 1.465454 0.003739 41541.126621 216.000000 3.000000 221.000000
 2471000.000000 0.000000 2.398641 1.465684 0.003739 41550.624012 216.000000 3.000000 221.000000
 2471500.000000 0.000000 2.398703 1.465913 0.003739 41560.121631 216.000000 3.000000 221.000000
 2472000.000000 0.000000 2.398764 1.466142 0.003739 41569.619476 216.000000 3.000000 221.000000
 2472500.000000 0.000000 2.398826 1.466371 0.003739 41579.117548 216.000000 3.000000 221.000000
 2473000.000000 0.000000 2.398887 1.466600 0.003739 41588.615846 216.000000 3.000000 221.000000
 2473500.000000 0.000000 2.398948 1.466829 0.003739 41598.114371 216.000000 3.000000 221.000000
 2474000.000000 0.000000 2.399010 1.467058 0.003739 41607.613122 216.000000 3.000000 221.000000
 2474500.000000 0.000000 2.399071 1.467287 0.003739 41617.112099 216.000000 3.000000 221.000000
 2475000.000000 0.000000 2.399132 1.467515 0.003739 41626.611302 216.000000 3.000000 221.000000
 2475500.000000 0.000000 2.399194 1.467744 0.003739 41636.110730 216.000000 3.000000 221.000000
 2476000.000000 0.000000 2.399255 1.467972 0.003739 41645.610384 216.000000 3.000000 221.000000
 2476500.000000 0.000000 2.399316 1.468200 0.003739 41655.110264 216.000000 3.000000 221.000000
 2477000.000000 0.000000 2.399377 1.468429 0.003739 41664.610368 216.000000 3.000000 221.000000
 2477500.000000 0.000000 2.399439 1.468657 0.003739 41674.110698 216.000000 3.000000 221.000000
 2478000.000000 0.000000 2.399500 1.468885 0.003739 41683.611253 216.000000 3.000000 221.000000
 2478500.000000 0.000000 2.399561 1.469113 0.003739 41693.112032 216.000000 3.000000 221.000000
 2479000.000000 0.000000 2.399622 1.469340 0.003739 41702.613036 216.000000 3.000000 221.000000
 2479500.000000 0.000000 2.399683 1.469568 0.003739 41712.114264 216.000000 3.000000 221.000000
 2480000.000000 0.000000 2.399744 1.469796 0.003739 41721.615717 216.000000 3.000000 221.000000
 2480500.000000 0.000000 2.399805 1.470023 0.003740 41731.117393 216.000000 3.000000 221.000000
 2481000.000000 0.000000 2.399866 1.470251 0.003740 41740.619293 216.000000 3.000000 221.000000
 2481500.000000 0.000000 2.399926 1.470478 0.003740 41750.121417 216.000000 3.000000 221.000000
 2482000.000000 0.000000 2.399987 1.470706 0.003740 41759.623765 216.000000 3.000000 221.000000
 2482500.000000 0.000000 2.400048 1.470933 0.003740 41769.126336 216.000000 3.000000 221.000000
 2483000.000000 0.000000 2.400109 1.471160 0.003740 41778.629130 216.000000 3.000000 221.000000
 2483500.000000 0.000000 2.400170 1.471387 0.003740 41788.132148 216.000000 3.000000 221.000000
 2484000.000000 0.000000 2.400230 1.471614 0.003740 41797.635388 216.000000 3.000000 221.000000
 2484500.000000 0.000000 2.400291 1.471840 0.003740 41807.138851 216.000000 3.000000 221.000000
 2485000.000000 0.000000 2.400352 1.472067 0.003740 41816.642537 216.000000 3.000000 221.000000
 2485500.000000 0.000000 2.400412 1.472294 0.003740 41826.146444 216.000000 3.000000 221.000000
 2486000.000000 0.000000 2.400473 1.472520 0.003740 41835.650575 216.000000 3.000000 221.000000
 2486500.000000 0.000000 2.400533 1.472747 0.003740 41845.154927 216.000000 3.000000 221.000000
 2487000.000000 0.000000 2.400594 1.472973 0.003740 41854.659501 216.000000 3.000000 221.000000
 2487500.000000 0.000000 2.400654 1.473199 0.003740 41864.164297 216.000000 3.000000 221.000000
 2488000.000000 0.000000 2.400715 1.473425 0.003740 41873.669315 216.000000 3.000000 221.000000
 2488500.000000 0.000000 2.400775 1.473651 0.003740 41883.174554 216.000000 3.000000 221.000000
 2489000.000000 0.000000 2.400836 1.473877 0.003740 41892.680014 216.000000 3.000000 221.000000
 2489500.000000 0.000000 2.400896 1.474103 0.003740 41902.185695 216.000000 3.000000 221.000000
 2490000.000000 0.000000 2.400956 1.474329 0.003740 41911.691598 216.000000 3.000000 221.000000
 2490500.000000 0.000000 2.401017 1.474555 0.003740 41921.197721 216.000000 3.000000 221.000000
 2491000.000000 0.000000 2.401077 1.474780 0.003740 41930.704065 216.000000 3.000000 221.000000
 2491500.000000 0.000000 2.401137 1.475006 0.003740 41940.210629 216.000000 3.000000 221.000000
 2492000.000000 0.000000 2.401197 1.475231 0.003740 41949.717413 216.000000 3.000000 221.000000
 2492500.000000 0.000000 2.401258 1.475456 0.003740 41959.224418 216.000000 3.000000 221.000000
 2493000.000000 0.000000 2.401318 1.475682 0.003740 41968.731643 216.000000 3.000000 221.000000
 2493500.000000 0.000000 2.401378 1.475907 0.003740 41978.239087 216.000000 3.000000 221.000000
 2494000.000000 0.000000 2.401438 1.476132 0.003740 41987.746751 216.000000 3.000000 221.000000
 2494500.000000 0.000000 2.401498 1.476357 0.003740 41997.254635 216.000000 3.000000 221.000000
 2495000.000000 0.000000 2.401558 1.476582 0.003740 42006.762738 216.000000 3.000000 221.000000
 2495500.000000 0.000000 2.401618 1.476806 0.003740 42016.271060 216.000000 3.000000 221.000000
 2496000.000000 0.000000 2.401678 1.477031 0.003740 42025.779601 216.000000 3.000000 221.000000
 2496500.000000 0.000000 2.401738 1.477255 0.003740 42035.288361 216.000000 3.000000 221.000000
 2497000.000000 0.000000 2.401798 1.477480 0.003740 42044.797340 216.000000 3.000000 221.000000
 2497500.000000 0.000000 2.401857 1.477704 0.003740 42054.306538 216.000000 3.000000 221.000000
 2498000.000000 0.000000 2.401917 1.477929 0.003740 42063.815953 216.000000 3.000000 221.000000
 2498500.000000 0.000000 2.401977 1.478153 0.003740 42073.325587 216.000000 3.000000 221.000000
 2499000.000000 0.000000 2.402037 1.478377 0.003740 42082.835439 216.000000 3.000000 221.000000
 2499500.000000 0.000000 2.402097 1.478601 0.003740 42092.345509 216.000000 3.000000 221.000000
 2500000.000000 0.000000 2.402156 1.478825 0.003740 42101.855797 216.000000 3.000000 221.000000
 2500500.000000 0.000000 2.402216 1.479049 0.003740 42111.366302 216.000000 3.000000 221.000000
 2501000.000000 0.000000 2.402276 1.479272 0.003740 42120.877025 216.000000 3.000000 221.000000
 2501500.000000 0.000000 2.402335 1.479496 0.003740 42130.387965 216.000000 3.000000 221.000000
 2502000.000000 0.000000 2.402395 1.479719 0.003740 42139.899122 216.000000 3.000000 221.000000
 2502500.000000 0.000000 2.402454 1.479943 0.003740 42149.410496 216.000000 3.000000 221.000000
 2503000.000000 0.000000 2.402514 1.480166 0.003740 42158.922087 216.000000 3.000000 221.000000
 2503500.000000 0.000000 2.402573 1.480389 0.003740 42168.433894 216.000000 3.000000 221.000000
 2504000.000000 0.000000 2.402633 1.480613 0.003741 42177.945918 216.000000 3.000000 221.000000
 2504500.000000 0.000000 2.402692 1.480836 0.003741 42187.458159 216.000000 3.000000 221.000000
 2505000.000000 0.000000 2.402751 1.481059 0.003741 42196.970615 216.000000 3.000000 221.000000
 2505500.000000 0.000000 2.402811 1.481282 0.003741 42206.483288 216.000000 3.000000 221.000000
 2506000.000000 0.000000 2.402870 1.481504 0.003741 42215.996176 216.000000 3.000000 221.000000
 2506500.000000 0.000000 2.402929 1.481727 0.003741 42225.509280 216.000000 3.000000 221.000000
 2507000.000000 0.000000 2.402989 1.481950 0.003741 42235.022600 216.000000 3.000000 221.000000
 2507500.000000 0.000000 2.403048 1.482172 0.003741 42244.536135 216.000000 3.000000 221.000000
 2508000.000000 0.000000 2.403107 1.482395 0.003741 42254.049886 216.000000 3.000000 221.000000
 2508500.000000 0.000000 2.403166 1.482617 0.003741 42263.563851 216.000000 3.000000 221.000000
 2509000.000000 0.000000 2.403225 1.482839 0.003741 42273.078031 216.000000 3.000000 221.000000
 2509500.000000 0.000000 2.403284 1.483061 0.003741 42282.592426 216.000000 3.000000 221.000000
 2510000.000000 0.000000 2.403343 1.483283 0.003741 42292.107036 216.000000 3.000000 221.000000
 2510500.000000 0.000000 2.403403 1.483505 0.003741 42301.621860 216.000000 3.000000 221.000000
 2511000.000000 0.000000 2.403462 1.483727 0.003741 42311.136899 216.000000 3.000000 221.000000
 2511500.000000 0.000000 2.403521 1.483949 0.003741 42320.652151 216.000000 3.000000 221.000000
 2512000.000000 0.000000 2.403579 1.484171 0.003741 42330.167618 216.000000 3.000000 221.000000
 2512500.000000 0.000000 2.403638 1.484392 0.003741 42339.683299 216.000000 3.000000 221.000000
 2513000.000000 0.000000 2.403697 1.484614 0.003741 42349.199193 216.000000 3.000000 221.000000
 2513500.000000 0.000000 2.403756 1.484835 0.003741 42358.715301 216.000000 3.000000 221.000000
 2514000.000000 0.000000 2.403815 1.485057 0.003741 42368.231622 216.000000 3.000000 221.000000
 2514500.000000 0.000000 2.403874 1.485278 0.003741 42377.748156 216.000000 3.000000 221.000000
 2515000.000000 0.000000 2.403932 1.485499 0.003741 42387.264903 216.000000 3.000000 221.000000
 2515500.000000 0.000000 2.403991 1.485720 0.003741 42396.781864 216.000000 3.000000 221.000000
 2516000.000000 0.000000 2.404050 1.485941 0.003741 42406.299037 216.000000 3.000000 221.000000
 2516500.000000 0.000000 2.404109 1.486162 0.003741 42415.816423 216.000000 3.000000 221.000000
 2517000.000000 0.000000 2.404167 1.486383 0.003741 42425.334021 216.000000 3.000000 221.000000
 2517500.000000 0.000000 2.404226 1.486603 0.003741 42434.851831 216.000000 3.000000 221.000000
 2518000.000000 0.000000 2.404284 1.486824 0.003741 42444.369854 216.000000 3.000000 221.000000
 2518500.000000 0.000000 2.404343 1.487045 0.003741 42453.888088 216.000000 3.000000 221.000000
 2519000.000000 0.000000 2.404401 1.487265 0.003741 42463.406535 216.000000 3.000000 221.000000
 2519500.000000 0.000000 2.404460 1.487485 0.003741 42472.925193 216.000000 3.000000 221.000000
 2520000.000000 0.000000 2.404518 1.487706 0.003741 42482.444063 216.000000 3.000000 221.000000
 2520500.000000 0.000000 2.404577 1.487926 0.003741 42491.963144 216.000000 3.000000 221.000000
 2521000.000000 0.000000 2.404635 1.488146 0.003741 42501.482436 216.000000 3.000000 221.000000
 2521500.000000 0.000000 2.404693 1.488366 0.003741 42511.001940 216.000000 3.000000 221.000000
 2522000.000000 0.000000 2.404752 1.488586 0.003741 42520.521654 216.000000 3.000000 221.000000
 2522500.000000 0.000000 2.404810 1.488806 0.003741 42530.041579 216.000000 3.000000 221.000000
 2523000.000000 0.000000 2.404868 1.489025 0.003741 42539.561715 216.000000 3.000000 221.000000
 2523500.000000 0.000000 2.404927 1.489245 0.003741 42549.082062 216.000000 3.000000 221.000000
 2524000.000000 0.000000 2.404985 1.489464 0.003741 42558.602618 216.000000 3.000000 221.000000
 2524500.000000 0.000000 2.405043 1.489684 0.003741 42568.123385 216.000000 3.000000 221.000000
 2525000.000000 0.000000 2.405101 1.489903 0.003741 42577.644362 216.000000 3.000000 221.000000
 2525500.000000 0.000000 2.405159 1.490122 0.003741 42587.165549 216.000000 3.000000 221.000000
 2526000.000000 0.000000 2.405217 1.490342 0.003741 42596.686945 216.000000 3.000000 221.000000
 2526500.000000 0.000000 2.405275 1.490561 0.003741 42606.208551 216.000000 3.000000 221.000000
 2527000.000000 0.000000 2.405333 1.490780 0.003741 42615.730367 216.000000 3.000000 221.000000
 2527500.000000 0.000000 2.405391 1.490999 0.003742 42625.252391 216.000000 3.000000 221.000000
 2528000.000000 0.000000 2.405449 1.491217 0.003742 42634.774625 216.000000 3.000000 221.000000
 2528500.000000 0.000000 2.405507 1.491436 0.003742 42644.297068 216.000000 3.000000 221.000000
 2529000.000000 0.000000 2.405565 1.491655 0.003742 42653.819720 216.000000 3.000000 221.000000
 2529500.000000 0.000000 2.405623 1.491873 0.003742 42663.342580 216.000000 3.000000 221.000000
 2530000.000000 0.000000 2.405681 1.492092 0.003742 42672.865649 216.000000 3.000000 221.000000
 2530500.000000 0.000000 2.405739 1.492310 0.003742 42682.388926 216.000000 3.000000 221.000000
 2531000.000000 0.000000 2.405796 1.492528 0.003742 42691.912412 216.000000 3.000000 221.000000
 2531500.000000 0.000000 2.405854 1.492747 0.003742 42701.436105 216.000000 3.000000 221.000000
 2532000.000000 0.000000 2.405912 1.492965 0.003742 42710.960007 216.000000 3.000000 221.000000
 2532500.000000 0.000000 2.405970 1.493183 0.003742 42720.484116 216.000000 3.000000 221.000000
 2533000.000000 0.000000 2.406027 1.493401 0.003742 42730.008433 216.000000 3.000000 221.000000
 2533500.000000 0.000000 2.406085 1.493618 0.003742 42739.532958 216.000000 3.000000 221.000000
 2534000.000000 0.000000 2.406143 1.493836 0.003742 42749.057690 216.000000 3.000000 221.000000
 2534500.000000 0.000000 2.406200 1.494054 0.003742 42758.582629 216.000000 3.000000 221.000000
 2535000.000000 0.000000 2.406258 1.494271 0.003742 42768.107775 216.000000 3.000000 221.000000
 2535500.000000 0.000000 2.406315 1.494489 0.003742 42777.633128 216.000000 3.000000 221.000000
 2536000.000000 0.000000 2.406373 1.494706 0.003742 42787.158687 216.000000 3.000000 221.000000
 2536500.000000 0.000000 2.406430 1.494924 0.003742 42796.684454 216.000000 3.000000 221.000000
 2537000.000000 0.000000 2.406488 1.495141 0.003742 42806.210426 216.000000 3.000000 221.000000
 2537500.000000 0.000000 2.406545 1.495358 0.003742 42815.736606 216.000000 3.000000 221.000000
 2538000.000000 0.000000 2.406602 1.495575 0.003742 42825.262991 216.000000 3.000000 221.000000
 2538500.000000 0.000000 2.406660 1.495792 0.003742 42834.789582 216.000000 3.000000 221.000000
 2539000.000000 0.000000 2.406717 1.496009 0.003742 42844.316379 216.000000 3.000000 221.000000
 2539500.000000 0.000000 2.406774 1.496225 0.003742 42853.843382 216.000000 3.000000 221.000000
 2540000.000000 0.000000 2.406831 1.496442 0.003742 42863.370591 216.000000 3.000000 221.000000
 2540500.000000 0.000000 2.406889 1.496659 0.003742 42872.898004 216.000000 3.000000 221.000000
 2541000.000000 0.000000 2.406946 1.496875 0.003742 42882.425624 216.000000 3.000000 221.000000
 2541500.000000 0.000000 2.407003 1.497092 0.003742 42891.953448 216.000000 3.000000 221.000000
 2542000.000000 0.000000 2.407060 1.497308 0.003742 42901.481477 216.000000 3.000000 221.000000
 2542500.000000 0.000000 2.407117 1.497524 0.003742 42911.009711 216.000000 3.000000 221.000000
 2543000.000000 0.000000 2.407174 1.497740 0.003742 42920.538150 216.000000 3.000000 221.000000
 2543500.000000 0.000000 2.407231 1.497957 0.003742 42930.066794 216.000000 3.000000 221.000000
 2544000.000000 0.000000 2.407288 1.498172 0.003742 42939.595641 216.000000 3.000000 221.000000
 2544500.000000 0.000000 2.407345 1.498388 0.003742 42949.124693 216.000000 3.000000 221.000000
 2545000.000000 0.000000 2.407402 1.498604 0.003742 42958.653950 216.000000 3.000000 221.000000
 2545500.000000 0.000000 2.407459 1.498820 0.003742 42968.183410 216.000000 3.000000 221.000000
 2546000.000000 0.000000 2.407516 1.499036 0.003742 42977.713074 216.000000 3.000000 221.000000
 2546500.000000 0.000000 2.407573 1.499251 0.003742 42987.242942 216.000000 3.000000 221.000000
 2547000.000000 0.000000 2.407630 1.499467 0.003742 42996.773013 216.000000 3.000000 221.000000
 2547500.000000 0.000000 2.407687 1.499682 0.003742 43006.303287 216.000000 3.000000 221.000000
 2548000.000000 0.000000 2.407743 1.499897 0.003742 43015.833765 216.000000 3.000000 221.000000
 2548500.000000 0.000000 2.407800 1.500112 0.003742 43025.364446 216.000000 3.000000 221.000000
 2549000.000000 0.000000 2.407857 1.500327 0.003742 43034.895330 216.000000 3.000000 221.000000
 2549500.000000 0.000000 2.407913 1.500543 0.003742 43044.426417 216.000000 3.000000 221.000000
 2550000.000000 0.000000 2.407970 1.500757 0.003742 43053.957707 216.000000 3.000000 221.000000
 2550500.000000 0.000000 2.408027 1.500972 0.003742 43063.489199 216.000000 3.000000 221.000000
 2551000.000000 0.000000 2.408083 1.501187 0.003742 43073.020893 216.000000 3.000000 221.000000
 2551500.000000 0.000000 2.408140 1.501402 0.003743 43082.552790 216.000000 3.000000 221.000000
 2552000.000000 0.000000 2.408196 1.501616 0.003743 43092.084888 216.000000 3.000000 221.000000
 2552500.000000 0.000000 2.408253 1.501831 0.003743 43101.617189 216.000000 3.000000 221.000000
 2553000.000000 0.000000 2.408309 1.502045 0.003743 43111.149692 216.000000 3.000000 221.000000
 2553500.000000 0.000000 2.408366 1.502260 0.003743 43120.682396 216.000000 3.000000 221.000000
 2554000.000000 0.000000 2.408422 1.502474 0.003743 43130.215302 216.000000 3.000000 221.000000
 2554500.000000 0.000000 2.408479 1.502688 0.003743 43139.748409 216.000000 3.000000 221.000000
 2555000.000000 0.000000 2.408535 1.502902 0.003743 43149.281717 216.000000 3.000000 221.000000
 2555500.000000 0.000000 2.408591 1.503116 0.003743 43158.815227 216.000000 3.000000 221.000000
 2556000.000000 0.000000 2.408648 1.503330 0.003743 43168.348937 216.000000 3.000000 221.000000
 2556500.000000 0.000000 2.408704 1.503544 0.003743 43177.882849 216.000000 3.000000 221.000000
 2557000.000000 0.000000 2.408760 1.503757 0.003743 43187.416961 216.000000 3.000000 221.000000
 2557500.000000 0.000000 2.408817 1.503971 0.003743 43196.951273 216.000000 3.000000 221.000000
 2558000.000000 0.000000 2.408873 1.504185 0.003743 43206.485786 216.000000 3.000000 221.000000
 2558500.000000 0.000000 2.408929 1.504398 0.003743 43216.020500 216.000000 3.000000 221.000000
 2559000.000000 0.000000 2.408985 1.504611 0.003743 43225.555413 216.000000 3.000000 221.000000
 2559500.000000 0.000000 2.409041 1.504825 0.003743 43235.090526 216.000000 3.000000 221.000000
 2560000.000000 0.000000 2.409097 1.505038 0.003743 43244.625839 216.000000 3.000000 221.000000
 2560500.000000 0.000000 2.409153 1.505251 0.003743 43254.161352 216.000000 3.000000 221.000000
 2561000.000000 0.000000 2.409209 1.505464 0.003743 43263.697065 216.000000 3.000000 221.000000
 2561500.000000 0.000000 2.409265 1.505677 0.003743 43273.232977 216.000000 3.000000 221.000000
 2562000.000000 0.000000 2.409320 1.505890 0.003743 43282.770240 216.000000 3.000000 221.000000
 2562500.000000 0.282940 2.390020 1.506102 0.003743 43292.313568 216.000000 3.000000 221.000000
 2563000.000000 0.000000 2.409407 1.506275 0.003743 43301.719588 216.000000 3.000000 107.000000
 2563500.000000 0.413626 2.362751 1.506454 0.003745 43311.421603 216.000000 3.000000 856.000000
 2564000.000000 0.092320 2.408448 1.506634 0.003747 43321.112520 216.000000 3.000000 2193.000000
 2564500.000000 2.312553 0.697781 1.506650 0.003747 43330.162153 216.000000 3.000000 89.000000
 2565000.000000 12.281989 0.095613 1.506547 0.003744 43338.699083 216.000000 3.000000 6.000000
 2565500.000000 3.330494 0.498672 1.506349 0.003744 43346.213626 216.000000 4.000000 303.000000
 2566000.000000 0.759940 2.229190 1.506414 0.003747 43355.756321 216.000000 3.000000 5234.000000
 2566500.000000 0.000000 2.408641 1.506622 0.003748 43365.320371 216.000000 3.000000 36.000000
 2567000.000000 0.000000 2.408688 1.506833 0.003748 43374.871049 216.000000 3.000000 36.000000
 2567500.000000 0.000000 2.408744 1.507045 0.003748 43384.409758 216.000000 3.000000 36.000000
 2568000.000000 0.000000 2.408797 1.507257 0.003748 43393.948336 216.000000 3.000000 36.000000
 2568500.000000 0.000000 2.408852 1.507468 0.003748 43403.487275 216.000000 3.000000 36.000000
 2569000.000000 0.000000 2.408904 1.507679 0.003748 43413.030970 216.000000 3.000000 36.000000
 2569500.000000 0.000000 2.408957 1.507891 0.003748 43422.571249 216.000000 3.000000 36.000000
 2570000.000000 0.000000 2.409012 1.508102 0.003748 43432.110867 216.000000 3.000000 36.000000
 2570500.000000 0.000000 2.409068 1.508314 0.003748 43441.650677 216.000000 3.000000 36.000000
 2571000.000000 0.000000 2.409123 1.508525 0.003748 43451.190686 216.000000 3.000000 36.000000
 2571500.000000 0.000000 2.409178 1.508736 0.003748 43460.730988 216.000000 3.000000 36.000000
 2572000.000000 0.000000 2.409234 1.508948 0.003748 43470.271485 216.000000 3.000000 36.000000
 2572500.000000 0.000000 2.409289 1.509159 0.003748 43479.812179 216.000000 3.000000 36.000000
 2573000.000000 0.000000 2.409345 1.509370 0.003748 43489.353068 216.000000 3.000000 36.000000
 2573500.000000 0.000000 2.409400 1.509580 0.003748 43498.894152 216.000000 3.000000 36.000000
 2574000.000000 0.000000 2.409456 1.509791 0.003748 43508.435433 216.000000 3.000000 36.000000
 2574500.000000 0.000000 2.409511 1.510002 0.003748 43517.976908 216.000000 3.000000 36.000000
 2575000.000000 0.000000 2.409567 1.510213 0.003748 43527.518578 216.000000 3.000000 36.000000
 2575500.000000 0.000000 2.409622 1.510423 0.003748 43537.060444 216.000000 3.000000 36.000000
 2576000.000000 0.000000 2.409677 1.510634 0.003748 43546.602505 216.000000 3.000000 36.000000
 2576500.000000 0.000000 2.409732 1.510844 0.003748 43556.144760 216.000000 3.000000 36.000000
 2577000.000000 0.000000 2.409788 1.511054 0.003748 43565.687210 216.000000 3.000000 36.000000
 2577500.000000 0.000000 2.409843 1.511265 0.003748 43575.229854 216.000000 3.000000 36.000000
 2578000.000000 0.000000 2.409898 1.511475 0.003748 43584.772693 216.000000 3.000000 36.000000
 2578500.000000 0.605917 2.301032 1.511659 0.003750 43594.463450 216.000000 3.000000 77.000000
 2579000.000000 1.157839 1.926262 1.511809 0.003752 43604.044776 216.000000 3.000000 271.000000
 2579500.000000 3.922327 0.492173 1.511812 0.003750 43613.207769 216.000000 4.000000 187.000000
 2580000.000000 3.091600 0.505328 1.511728 0.003748 43621.887274 216.000000 3.000000 16.000000
 2580500.000000 4.258591 0.472107 1.511558 0.003748 43629.856432 216.000000 3.000000 221.000000
 2581000.000000 6.924002 0.229893 1.511390 0.003747 43637.847038 216.000000 3.000000 439.000000
 2581500.000000 0.109725 2.408780 1.511409 0.003746 43646.890136 216.000000 3.000000 843.000000
 2582000.000000 0.318864 2.384565 1.511504 0.003746 43656.251654 216.000000 3.000000 180.000000
 2582500.000000 6.219817 0.313873 1.511517 0.003745 43665.253554 216.000000 3.000000 45.000000
 2583000.000000 0.252044 2.395280 1.511493 0.003747 43673.988179 216.000000 3.000000 1407.000000
 2583500.000000 0.112030 2.408531 1.511701 0.003747 43683.547072 216.000000 3.000000 1407.000000
 2584000.000000 0.000000 2.409814 1.511910 0.003747 43693.090200 216.000000 3.000000 1407.000000
 2584500.000000 0.000000 2.409869 1.512120 0.003747 43702.633516 216.000000 3.000000 1407.000000
 2585000.000000 0.000000 2.409921 1.512329 0.003747 43712.178210 216.000000 3.000000 1407.000000
 2585500.000000 0.000000 2.409975 1.512538 0.003747 43721.722625 216.000000 3.000000 1407.000000
 2586000.000000 0.000000 2.410030 1.512747 0.003747 43731.266529 216.000000 3.000000 1407.000000
 2586500.000000 0.000000 2.410085 1.512956 0.003747 43740.810625 216.000000 3.000000 1407.000000
 2587000.000000 0.000000 2.410140 1.513165 0.003747 43750.354914 216.000000 3.000000 1407.000000
 2587500.000000 0.000000 2.410195 1.513374 0.003747 43759.899396 216.000000 3.000000 1407.000000
 2588000.000000 0.000000 2.410250 1.513583 0.003747 43769.444070 216.000000 3.000000 1407.000000
 2588500.000000 0.000000 2.410305 1.513792 0.003747 43778.988936 216.000000 3.000000 1407.000000
 2589000.000000 0.000000 2.410360 1.514001 0.003747 43788.533994 216.000000 3.000000 1407.000000
 2589500.000000 0.000000 2.410415 1.514209 0.003747 43798.079244 216.000000 3.000000 1407.000000
 2590000.000000 0.000000 2.410469 1.514418 0.003747 43807.624685 216.000000 3.000000 1407.000000
 2590500.000000 0.000000 2.410524 1.514626 0.003747 43817.170319 216.000000 3.000000 1407.000000
 2591000.000000 0.000000 2.410579 1.514835 0.003747 43826.716144 216.000000 3.000000 1407.000000
 2591500.000000 0.000000 2.410634 1.515043 0.003747 43836.262160 216.000000 3.000000 1407.000000
 2592000.000000 0.000000 2.410689 1.515251 0.003747 43845.808368 216.000000 3.000000 1407.000000
 2592500.000000 0.000000 2.410743 1.515459 0.003747 43855.354766 216.000000 3.000000 1407.000000
 2593000.000000 0.000000 2.410798 1.515667 0.003747 43864.901356 216.000000 3.000000 1407.000000
 2593500.000000 0.000000 2.410853 1.515875 0.003747 43874.448136 216.000000 3.000000 1407.000000
 2594000.000000 0.000000 2.410907 1.516083 0.003747 43883.995108 216.000000 3.000000 1407.000000
 2594500.000000 0.000000 2.410962 1.516291 0.003747 43893.542269 216.000000 3.000000 1407.000000
 2595000.000000 0.000000 2.411016 1.516498 0.003747 43903.089622 216.000000 3.000000 1407.000000
 2595500.000000 0.000000 2.411071 1.516706 0.003747 43912.637164 216.000000 3.000000 1407.000000
 2596000.000000 0.000000 2.411125 1.516913 0.003747 43922.184897 216.000000 3.000000 1407.000000
 2596500.000000 0.000000 2.411180 1.517121 0.003747 43931.732820 216.000000 3.000000 1407.000000
 2597000.000000 0.000000 2.411234 1.517328 0.003748 43941.280933 216.000000 3.000000 1407.000000
 2597500.000000 0.000000 2.411289 1.517535 0.003748 43950.829236 216.000000 3.000000 1407.000000
 2598000.000000 0.000000 2.411343 1.517743 0.003748 43960.377728 216.000000 3.000000 1407.000000
 2598500.000000 0.000000 2.411398 1.517950 0.003748 43969.926410 216.000000 3.000000 1407.000000
 2599000.000000 0.000000 2.411452 1.518157 0.003748 43979.475281 216.000000 3.000000 1407.000000
 2599500.000000 0.000000 2.411506 1.518364 0.003748 43989.024342 216.000000 3.000000 1407.000000
 2600000.000000 0.000000 2.411561 1.518571 0.003748 43998.573591 216.000000 3.000000 1407.000000
 2600500.000000 0.000000 2.411615 1.518777 0.003748 44008.123030 216.000000 3.000000 1407.000000
 2601000.000000 0.000000 2.411669 1.518984 0.003748 44017.672658 216.000000 3.000000 1407.000000
 2601500.000000 0.000000 2.411723 1.519191 0.003748 44027.222474 216.000000 3.000000 1407.000000
 2602000.000000 0.000000 2.411778 1.519397 0.003748 44036.772479 216.000000 3.000000 1407.000000
 2602500.000000 0.000000 2.411832 1.519604 0.003748 44046.322673 216.000000 3.000000 1407.000000
 2603000.000000 0.000000 2.411886 1.519810 0.003748 44055.873055 216.000000 3.000000 1407.000000
 2603500.000000 0.000000 2.411940 1.520016 0.003748 44065.423625 216.000000 3.000000 1407.000000
 2604000.000000 0.000000 2.411990 1.520222 0.003748 44074.976459 216.000000 3.000000 1407.000000
 2604500.000000 0.000000 2.412042 1.520428 0.003748 44084.527802 216.000000 3.000000 1407.000000
 2605000.000000 0.000000 2.412096 1.520634 0.003748 44094.078947 216.000000 3.000000 1407.000000
 2605500.000000 0.000000 2.412149 1.520840 0.003748 44103.630106 216.000000 3.000000 1407.000000
 2606000.000000 0.000000 2.412203 1.521046 0.003748 44113.181629 216.000000 3.000000 1407.000000
 2606500.000000 0.000000 2.412257 1.521252 0.003748 44122.733339 216.000000 3.000000 1407.000000
 2607000.000000 0.000000 2.412311 1.521458 0.003748 44132.285237 216.000000 3.000000 1407.000000
 2607500.000000 0.000000 2.412365 1.521663 0.003748 44141.837322 216.000000 3.000000 1407.000000
 2608000.000000 0.000000 2.412419 1.521869 0.003748 44151.389593 216.000000 3.000000 1407.000000
 2608500.000000 0.000000 2.412473 1.522074 0.003748 44160.942052 216.000000 3.000000 1407.000000
 2609000.000000 0.000000 2.412527 1.522280 0.003748 44170.494698 216.000000 3.000000 1407.000000
 2609500.000000 0.000000 2.412580 1.522485 0.003748 44180.047530 216.000000 3.000000 1407.000000
 2610000.000000 0.000000 2.412634 1.522690 0.003748 44189.600549 216.000000 3.000000 1407.000000
 2610500.000000 0.000000 2.412688 1.522896 0.003748 44199.153755 216.000000 3.000000 1407.000000
 2611000.000000 0.000000 2.412742 1.523101 0.003748 44208.707146 216.000000 3.000000 1407.000000
 2611500.000000 0.000000 2.412795 1.523306 0.003748 44218.260724 216.000000 3.000000 1407.000000
 2612000.000000 0.000000 2.412849 1.523511 0.003748 44227.814488 216.000000 3.000000 1407.000000
 2612500.000000 0.000000 2.412903 1.523715 0.003748 44237.368438 216.000000 3.000000 1407.000000
 2613000.000000 0.000000 2.412956 1.523920 0.003748 44246.922574 216.000000 3.000000 1407.000000
 2613500.000000 0.000000 2.413010 1.524125 0.003748 44256.476895 216.000000 3.000000 1407.000000
 2614000.000000 0.000000 2.413063 1.524329 0.003748 44266.031402 216.000000 3.000000 1407.000000
 2614500.000000 0.000000 2.413117 1.524534 0.003748 44275.586094 216.000000 3.000000 1407.000000
 2615000.000000 0.000000 2.413170 1.524738 0.003748 44285.140972 216.000000 3.000000 1407.000000
 2615500.000000 0.000000 2.413224 1.524943 0.003748 44294.696035 216.000000 3.000000 1407.000000
 2616000.000000 0.000000 2.413277 1.525147 0.003748 44304.251282 216.000000 3.000000 1407.000000
 2616500.000000 0.000000 2.413331 1.525351 0.003748 44313.806715 216.000000 3.000000 1407.000000
 2617000.000000 0.000000 2.413384 1.525555 0.003748 44323.362333 216.000000 3.000000 1407.000000
 2617500.000000 0.000000 2.413438 1.525759 0.003748 44332.918135 216.000000 3.000000 1407.000000
 2618000.000000 0.000000 2.413491 1.525963 0.003748 44342.474122 216.000000 3.000000 1407.000000
 2618500.000000 0.000000 2.413544 1.526167 0.003748 44352.030293 216.000000 3.000000 1407.000000
 2619000.000000 0.083885 2.413407 1.526371 0.003748 44361.587063 216.000000 3.000000 1407.000000
 2619500.000000 0.000000 2.413638 1.526571 0.003749 44371.169171 216.000000 3.000000 1407.000000
 2620000.000000 0.000000 2.413691 1.526774 0.003749 44380.725911 216.000000 3.000000 1407.000000
 2620500.000000 0.000000 2.413743 1.526978 0.003749 44390.282909 216.000000 3.000000 1407.000000
 2621000.000000 0.000000 2.413792 1.527180 0.003749 44399.850377 216.000000 3.000000 1407.000000
 2621500.000000 0.000000 2.413663 1.527365 0.003750 44409.507930 216.000000 3.000000 56.000000
 2622000.000000 0.050392 2.414160 1.527568 0.003750 44419.066623 216.000000 3.000000 56.000000
 2622500.000000 1.403623 1.578674 1.527659 0.003750 44428.411508 216.000000 4.000000 136.000000
 2623000.000000 3.641365 0.507804 1.527522 0.003749 44436.428762 216.000000 3.000000 15.000000
 2623500.000000 0.899001 2.150244 1.527391 0.003749 44444.705382 216.000000 3.000000 53.000000
 2624000.000000 0.000000 2.413702 1.527592 0.003749 44454.278293 216.000000 3.000000 327.000000
 2624500.000000 0.083606 2.413505 1.527787 0.003750 44463.885337 216.000000 3.000000 327.000000
 2625000.000000 0.684195 2.271369 1.527918 0.003751 44473.508158 216.000000 3.000000 149.000000
 2625500.000000 0.000000 2.413616 1.528121 0.003751 44483.066814 216.000000 3.000000 149.000000
 2626000.000000 0.000000 2.413669 1.528324 0.003751 44492.625606 216.000000 3.000000 149.000000
 2626500.000000 0.000000 2.413722 1.528526 0.003751 44502.184580 216.000000 3.000000 149.000000
 2627000.000000 0.000000 2.413775 1.528729 0.003751 44511.743736 216.000000 3.000000 149.000000
 2627500.000000 0.000000 2.413827 1.528931 0.003751 44521.303074 216.000000 3.000000 149.000000
 2628000.000000 0.000000 2.413880 1.529134 0.003751 44530.862594 216.000000 3.000000 149.000000
 2628500.000000 0.000000 2.413933 1.529336 0.003751 44540.422295 216.000000 3.000000 149.000000
 2629000.000000 0.000000 2.413986 1.529538 0.003751 44549.982179 216.000000 3.000000 149.000000
 2629500.000000 0.000000 2.414039 1.529741 0.003751 44559.542244 216.000000 3.000000 149.000000
 2630000.000000 0.000000 2.414092 1.529943 0.003751 44569.102490 216.000000 3.000000 149.000000
 2630500.000000 0.000000 2.414145 1.530145 0.003751 44578.662918 216.000000 3.000000 149.000000
 2631000.000000 0.000000 2.414197 1.530347 0.003751 44588.223527 216.000000 3.000000 149.000000
 2631500.000000 0.000000 2.414250 1.530548 0.003751 44597.784317 216.000000 3.000000 149.000000
 2632000.000000 0.000000 2.414303 1.530750 0.003751 44607.345288 216.000000 3.000000 149.000000
 2632500.000000 0.000000 2.414356 1.530952 0.003751 44616.906440 216.000000 3.000000 149.000000
 2633000.000000 0.000000 2.414408 1.531154 0.003751 44626.467772 216.000000 3.000000 149.000000
 2633500.000000 0.000000 2.414461 1.531355 0.003751 44636.029285 216.000000 3.000000 149.000000
 2634000.000000 0.000000 2.414513 1.531557 0.003751 44645.590979 216.000000 3.000000 149.000000
 2634500.000000 0.000000 2.414566 1.531758 0.003751 44655.152852 216.000000 3.000000 149.000000
 2635000.000000 0.000000 2.414619 1.531959 0.003751 44664.714907 216.000000 3.000000 149.000000
 2635500.000000 0.000000 2.414671 1.532161 0.003751 44674.277141 216.000000 3.000000 149.000000
 2636000.000000 0.000000 2.414724 1.532362 0.003751 44683.839555 216.000000 3.000000 149.000000
 2636500.000000 0.000000 2.414776 1.532563 0.003751 44693.402149 216.000000 3.000000 149.000000
 2637000.000000 0.000000 2.414829 1.532764 0.003751 44702.964923 216.000000 3.000000 149.000000
 2637500.000000 0.000000 2.414881 1.532965 0.003751 44712.527876 216.000000 3.000000 149.000000
 2638000.000000 0.000000 2.414933 1.533165 0.003751 44722.091009 216.000000 3.000000 149.000000
 2638500.000000 0.000000 2.414986 1.533366 0.003751 44731.654321 216.000000 3.000000 149.000000
 2639000.000000 0.000000 2.415038 1.533567 0.003751 44741.217812 216.000000 3.000000 149.000000
 2639500.000000 0.000000 2.415090 1.533768 0.003751 44750.781483 216.000000 3.000000 149.000000
 2640000.000000 0.000000 2.415143 1.533968 0.003751 44760.345333 216.000000 3.000000 149.000000
 2640500.000000 0.000000 2.415195 1.534168 0.003751 44769.909361 216.000000 3.000000 149.000000
 2641000.000000 0.000000 2.415247 1.534369 0.003751 44779.473568 216.000000 3.000000 149.000000
 2641500.000000 0.000000 2.415299 1.534569 0.003751 44789.037954 216.000000 3.000000 149.000000
 2642000.000000 0.000000 2.415352 1.534769 0.003751 44798.602519 216.000000 3.000000 149.000000
 2642500.000000 0.000000 2.415404 1.534969 0.003751 44808.167262 216.000000 3.000000 149.000000
 2643000.000000 0.000000 2.415456 1.535170 0.003751 44817.732183 216.000000 3.000000 149.000000
 2643500.000000 0.000000 2.415508 1.535370 0.003751 44827.297282 216.000000 3.000000 149.000000
 2644000.000000 0.000000 2.415560 1.535569 0.003751 44836.862559 216.000000 3.000000 149.000000
 2644500.000000 0.000000 2.415612 1.535769 0.003751 44846.428015 216.000000 3.000000 149.000000
 2645000.000000 0.000000 2.415664 1.535969 0.003751 44855.993648 216.000000 3.000000 149.000000
 2645500.000000 0.000000 2.415716 1.536169 0.003751 44865.559458 216.000000 3.000000 149.000000
 2646000.000000 0.000000 2.415768 1.536368 0.003751 44875.125447 216.000000 3.000000 149.000000
 2646500.000000 0.000000 2.415820 1.536568 0.003751 44884.691612 216.000000 3.000000 149.000000
 2647000.000000 0.000000 2.415872 1.536767 0.003751 44894.257956 216.000000 3.000000 149.000000
 2647500.000000 0.000000 2.415924 1.536967 0.003751 44903.824476 216.000000 3.000000 149.000000
 2648000.000000 0.000000 2.415976 1.537166 0.003751 44913.391173 216.000000 3.000000 149.000000
 2648500.000000 0.000000 2.416028 1.537365 0.003752 44922.958048 216.000000 3.000000 149.000000
 2649000.000000 0.000000 2.416080 1.537564 0.003752 44932.525099 216.000000 3.000000 149.000000
 2649500.000000 0.000000 2.416132 1.537763 0.003752 44942.092327 216.000000 3.000000 149.000000
 2650000.000000 0.000000 2.416183 1.537962 0.003752 44951.659732 216.000000 3.000000 149.000000
 2650500.000000 0.000000 2.416235 1.538161 0.003752 44961.227313 216.000000 3.000000 149.000000
 2651000.000000 0.000000 2.416287 1.538360 0.003752 44970.795070 216.000000 3.000000 149.000000
 2651500.000000 0.000000 2.416339 1.538559 0.003752 44980.363004 216.000000 3.000000 149.000000
 2652000.000000 0.000000 2.416390 1.538757 0.003752 44989.931114 216.000000 3.000000 149.000000
 2652500.000000 0.000000 2.416442 1.538956 0.003752 44999.499400 216.000000 3.000000 149.000000
 2653000.000000 0.000000 2.416494 1.539154 0.003752 45009.067862 216.000000 3.000000 149.000000
 2653500.000000 0.000000 2.416545 1.539353 0.003752 45018.636499 216.000000 3.000000 149.000000
 2654000.000000 0.000000 2.416597 1.539551 0.003752 45028.205313 216.000000 3.000000 149.000000
 2654500.000000 0.000000 2.416648 1.539749 0.003752 45037.774302 216.000000 3.000000 149.000000
 2655000.000000 0.000000 2.416700 1.539948 0.003752 45047.343466 216.000000 3.000000 149.000000
 2655500.000000 0.000000 2.416751 1.540146 0.003752 45056.912806 216.000000 3.000000 149.000000
 2656000.000000 0.000000 2.416803 1.540344 0.003752 45066.482321 216.000000 3.000000 149.000000
 2656500.000000 0.000000 2.416854 1.540542 0.003752 45076.052011 216.000000 3.000000 149.000000
 2657000.000000 0.000000 2.416906 1.540740 0.003752 45085.621876 216.000000 3.000000 149.000000
 2657500.000000 0.000000 2.416957 1.540938 0.003752 45095.191915 216.000000 3.000000 149.000000
 2658000.000000 0.000000 2.417009 1.541135 0.003752 45104.762130 216.000000 3.000000 149.000000
 2658500.000000 0.000000 2.417060 1.541333 0.003752 45114.332519 216.000000 3.000000 149.000000
 2659000.000000 0.000000 2.417111 1.541530 0.003752 45123.903083 216.000000 3.000000 149.000000
 2659500.000000 0.000000 2.417163 1.541728 0.003752 45133.473821 216.000000 3.000000 149.000000
 2660000.000000 0.000000 2.417214 1.541925 0.003752 45143.044733 216.000000 3.000000 149.000000
 2660500.000000 0.000000 2.417265 1.542123 0.003752 45152.615820 216.000000 3.000000 149.000000
 2661000.000000 0.000000 2.417316 1.542320 0.003752 45162.187081 216.000000 3.000000 149.000000
 2661500.000000 0.000000 2.417368 1.542517 0.003752 45171.758515 216.000000 3.000000 149.000000
 2662000.000000 0.000000 2.417419 1.542714 0.003752 45181.330124 216.000000 3.000000 149.000000
 2662500.000000 0.000000 2.417470 1.542911 0.003752 45190.901906 216.000000 3.000000 149.000000
 2663000.000000 0.000000 2.417521 1.543108 0.003752 45200.473861 216.000000 3.000000 149.000000
 2663500.000000 0.000000 2.417572 1.543305 0.003752 45210.045990 216.000000 3.000000 149.000000
 2664000.000000 0.000000 2.417622 1.543502 0.003752 45219.618190 216.000000 3.000000 149.000000
 2664500.000000 0.000000 2.417673 1.543699 0.003752 45229.190956 216.000000 3.000000 149.000000
 2665000.000000 0.000000 2.417724 1.543896 0.003752 45238.763608 216.000000 3.000000 149.000000
 2665500.000000 0.000000 2.417775 1.544092 0.003752 45248.336433 216.000000 3.000000 149.000000
 2666000.000000 0.000000 2.417811 1.544254 0.003752 45257.770682 216.000000 3.000000 503.000000
 2666500.000000 0.000000 2.417858 1.544450 0.003752 45267.347983 216.000000 3.000000 503.000000
 2667000.000000 0.109462 2.416691 1.544646 0.003752 45276.921403 216.000000 3.000000 503.000000
 2667500.000000 0.000000 2.417953 1.544841 0.003752 45286.501752 216.000000 3.000000 503.000000
 2668000.000000 0.000000 2.418004 1.545038 0.003752 45296.075434 216.000000 3.000000 503.000000
 2668500.000000 0.000000 2.418054 1.545234 0.003752 45305.649288 216.000000 3.000000 503.000000
 2669000.000000 0.000000 2.418105 1.545430 0.003752 45315.223314 216.000000 3.000000 503.000000
 2669500.000000 0.000000 2.418156 1.545626 0.003752 45324.797512 216.000000 3.000000 503.000000
 2670000.000000 0.000000 2.418207 1.545822 0.003752 45334.371882 216.000000 3.000000 503.000000
 2670500.000000 0.000000 2.418258 1.546018 0.003752 45343.946424 216.000000 3.000000 503.000000
 2671000.000000 0.000000 2.418308 1.546213 0.003752 45353.521137 216.000000 3.000000 503.000000
 2671500.000000 0.000000 2.418359 1.546409 0.003752 45363.096022 216.000000 3.000000 503.000000
 2672000.000000 0.000000 2.418410 1.546605 0.003752 45372.671079 216.000000 3.000000 503.000000
 2672500.000000 0.000000 2.418460 1.546800 0.003753 45382.246231 216.000000 3.000000 503.000000
 2673000.000000 0.296168 2.396797 1.546995 0.003753 45391.825945 216.000000 3.000000 503.000000
 2673500.000000 0.124369 2.416542 1.547188 0.003753 45401.423225 216.000000 3.000000 462.000000
 2674000.000000 0.405314 2.373923 1.547382 0.003753 45411.007217 216.000000 3.000000 462.000000
 2674500.000000 0.000000 2.418451 1.547559 0.003754 45420.688745 216.000000 3.000000 769.000000
 2675000.000000 0.000000 2.418377 1.547749 0.003755 45430.293459 216.000000 3.000000 102.000000
 2675500.000000 0.000000 2.418417 1.547942 0.003755 45439.886976 216.000000 3.000000 102.000000
 2676000.000000 0.000000 2.418411 1.548126 0.003755 45449.516169 216.000000 3.000000 102.000000
 2676500.000000 0.000000 2.418460 1.548320 0.003755 45459.093756 216.000000 3.000000 102.000000
 2677000.000000 0.056451 2.418876 1.548515 0.003755 45468.671144 216.000000 3.000000 102.000000
 2677500.000000 0.000000 2.418560 1.548710 0.003756 45478.248718 216.000000 3.000000 102.000000
 2678000.000000 0.000000 2.418611 1.548905 0.003756 45487.826521 216.000000 3.000000 102.000000
 2678500.000000 1.108586 1.982606 1.549086 0.003756 45497.462508 216.000000 3.000000 102.000000
 2679000.000000 1.115085 1.976234 1.549152 0.003757 45506.987595 216.000000 3.000000 424.000000
 2679500.000000 2.472929 0.671047 1.549128 0.003758 45515.975728 216.000000 4.000000 14.000000
 2680000.000000 0.181429 2.411703 1.549167 0.003760 45525.322034 216.000000 3.000000 319.000000
 2680500.000000 0.606889 2.308372 1.549286 0.003761 45534.834288 216.000000 3.000000 1060.000000
 2681000.000000 0.490029 2.349590 1.549402 0.003762 45544.430123 216.000000 3.000000 70.000000
 2681500.000000 0.052470 2.417788 1.549488 0.003764 45553.822833 216.000000 3.000000 1579.000000
 2682000.000000 0.176434 2.411479 1.549616 0.003765 45563.479624 216.000000 3.000000 153.000000
 2682500.000000 0.000000 2.417302 1.549810 0.003765 45573.060872 216.000000 3.000000 153.000000
 2683000.000000 0.000000 2.417350 1.550003 0.003765 45582.644244 216.000000 3.000000 153.000000
 2683500.000000 0.000000 2.417400 1.550196 0.003765 45592.225831 216.000000 3.000000 153.000000
 2684000.000000 0.000000 2.417450 1.550390 0.003765 45601.807584 216.000000 3.000000 153.000000
 2684500.000000 0.000000 2.417500 1.550583 0.003765 45611.389505 216.000000 3.000000 153.000000
 2685000.000000 0.000000 2.417550 1.550777 0.003765 45620.971593 216.000000 3.000000 153.000000
 2685500.000000 0.000000 2.417600 1.550970 0.003765 45630.553848 216.000000 3.000000 153.000000
 2686000.000000 0.000000 2.417650 1.551163 0.003766 45640.136269 216.000000 3.000000 153.000000
 2686500.000000 0.000000 2.417700 1.551356 0.003766 45649.718857 216.000000 3.000000 153.000000
 2687000.000000 0.000000 2.417750 1.551549 0.003766 45659.301612 216.000000 3.000000 153.000000
 2687500.000000 0.000000 2.417800 1.551742 0.003766 45668.884533 216.000000 3.000000 153.000000
 2688000.000000 0.000000 2.417850 1.551935 0.003766 45678.467620 216.000000 3.000000 153.000000
 2688500.000000 0.000000 2.417900 1.552128 0.003766 45688.050874 216.000000 3.000000 153.000000
 2689000.000000 0.000000 2.417950 1.552321 0.003766 45697.634294 216.000000 3.000000 153.000000
 2689500.000000 0.000000 2.418000 1.552514 0.003766 45707.217879 216.000000 3.000000 153.000000
 2690000.000000 0.000000 2.418050 1.552706 0.003766 45716.801631 216.000000 3.000000 153.000000
 2690500.000000 0.000000 2.418100 1.552899 0.003766 45726.385548 216.000000 3.000000 153.000000
 2691000.000000 0.000000 2.418150 1.553091 0.003766 45735.969631 216.000000 3.000000 153.000000
 2691500.000000 0.000000 2.418199 1.553283 0.003766 45745.553880 216.000000 3.000000 153.000000
 2692000.000000 0.000000 2.418249 1.553476 0.003766 45755.138294 216.000000 3.000000 153.000000
 2692500.000000 0.000000 2.418299 1.553668 0.003766 45764.722873 216.000000 3.000000 153.000000
 2693000.000000 0.000000 2.418348 1.553860 0.003766 45774.307617 216.000000 3.000000 153.000000
 2693500.000000 0.000000 2.418398 1.554052 0.003766 45783.892527 216.000000 3.000000 153.000000
 2694000.000000 0.000000 2.418448 1.554244 0.003766 45793.477602 216.000000 3.000000 153.000000
 2694500.000000 0.000000 2.418497 1.554436 0.003766 45803.062841 216.000000 3.000000 153.000000
 2695000.000000 0.000000 2.418547 1.554628 0.003766 45812.648246 216.000000 3.000000 153.000000
 2695500.000000 0.000000 2.418597 1.554820 0.003766 45822.233815 216.000000 3.000000 153.000000
 2696000.000000 0.000000 2.418646 1.555012 0.003766 45831.819549 216.000000 3.000000 153.000000
 2696500.000000 0.000000 2.418696 1.555203 0.003766 45841.405447 216.000000 3.000000 153.000000
 2697000.000000 0.000000 2.418745 1.555395 0.003766 45850.991509 216.000000 3.000000 153.000000
 2697500.000000 0.000000 2.418795 1.555586 0.003766 45860.577736 216.000000 3.000000 153.000000
 2698000.000000 0.000000 2.418844 1.555778 0.003766 45870.164127 216.000000 3.000000 153.000000
 2698500.000000 0.000000 2.418894 1.555969 0.003766 45879.750682 216.000000 3.000000 153.000000
 2699000.000000 0.000000 2.418943 1.556161 0.003766 45889.337401 216.000000 3.000000 153.000000
 2699500.000000 0.000000 2.418992 1.556352 0.003766 45898.924284 216.000000 3.000000 153.000000
 2700000.000000 0.000000 2.419042 1.556543 0.003766 45908.511330 216.000000 3.000000 153.000000
 2700500.000000 0.000000 2.419091 1.556734 0.003766 45918.098541 216.000000 3.000000 153.000000
 2701000.000000 0.000000 2.419141 1.556925 0.003766 45927.685914 216.000000 3.000000 153.000000
 2701500.000000 0.000000 2.419190 1.557116 0.003766 45937.273451 216.000000 3.000000 153.000000
 2702000.000000 0.000000 2.419239 1.557307 0.003766 45946.861152 216.000000 3.000000 153.000000
 2702500.000000 0.000000 2.419288 1.557498 0.003766 45956.449015 216.000000 3.000000 153.000000
 2703000.000000 0.000000 2.419338 1.557688 0.003766 45966.037042 216.000000 3.000000 153.000000
 2703500.000000 0.000000 2.419387 1.557879 0.003766 45975.625232 216.000000 3.000000 153.000000
 2704000.000000 0.000000 2.419436 1.558069 0.003766 45985.213584 216.000000 3.000000 153.000000
 2704500.000000 0.000000 2.419485 1.558260 0.003766 45994.802100 216.000000 3.000000 153.000000
 2705000.000000 0.000000 2.419534 1.558450 0.003766 46004.390778 216.000000 3.000000 153.000000
 2705500.000000 0.000000 2.419583 1.558641 0.003766 46013.979618 216.000000 3.000000 153.000000
 2706000.000000 0.000000 2.419633 1.558831 0.003766 46023.568621 216.000000 3.000000 153.000000
 2706500.000000 0.000000 2.419682 1.559021 0.003766 46033.157787 216.000000 3.000000 153.000000
 2707000.000000 0.000000 2.419731 1.559211 0.003766 46042.747114 216.000000 3.000000 153.000000
 2707500.000000 0.000000 2.419780 1.559401 0.003766 46052.336604 216.000000 3.000000 153.000000
 2708000.000000 0.000000 2.419829 1.559591 0.003766 46061.926256 216.000000 3.000000 153.000000
 2708500.000000 0.000000 2.419878 1.559781 0.003766 46071.516070 216.000000 3.000000 153.000000
 2709000.000000 0.000000 2.419927 1.559971 0.003766 46081.106045 216.000000 3.000000 153.000000
 2709500.000000 0.000000 2.419976 1.560161 0.003766 46090.696183 216.000000 3.000000 153.000000
 2710000.000000 0.000000 2.420024 1.560351 0.003766 46100.286482 216.000000 3.000000 153.000000
 2710500.000000 0.000000 2.420073 1.560540 0.003766 46109.876942 216.000000 3.000000 153.000000
 2711000.000000 0.000000 2.420122 1.560730 0.003766 46119.467564 216.000000 3.000000 153.000000
 2711500.000000 0.000000 2.420171 1.560919 0.003767 46129.058347 216.000000 3.000000 153.000000
 2712000.000000 0.000000 2.420220 1.561109 0.003767 46138.649292 216.000000 3.000000 153.000000
 2712500.000000 0.000000 2.420269 1.561298 0.003767 46148.240397 216.000000 3.000000 153.000000
 2713000.000000 0.000000 2.420317 1.561487 0.003767 46157.831664 216.000000 3.000000 153.000000
 2713500.000000 0.000000 2.420366 1.561676 0.003767 46167.423091 216.000000 3.000000 153.000000
 2714000.000000 0.000000 2.420415 1.561866 0.003767 46177.014679 216.000000 3.000000 153.000000
 2714500.000000 0.000000 2.420464 1.562055 0.003767 46186.606428 216.000000 3.000000 153.000000
 2715000.000000 0.000000 2.420512 1.562244 0.003767 46196.198338 216.000000 3.000000 153.000000
 2715500.000000 0.000000 2.420561 1.562433 0.003767 46205.790408 216.000000 3.000000 153.000000
 2716000.000000 0.000000 2.420609 1.562621 0.003767 46215.382638 216.000000 3.000000 153.000000
 2716500.000000 0.000000 2.420658 1.562810 0.003767 46224.975029 216.000000 3.000000 153.000000
 2717000.000000 0.000000 2.420707 1.562999 0.003767 46234.567579 216.000000 3.000000 153.000000
 2717500.000000 0.000000 2.420755 1.563188 0.003767 46244.160290 216.000000 3.000000 153.000000
 2718000.000000 0.000000 2.420804 1.563376 0.003767 46253.753161 216.000000 3.000000 153.000000
 2718500.000000 0.000000 2.420852 1.563565 0.003767 46263.346191 216.000000 3.000000 153.000000
 2719000.000000 0.000000 2.420901 1.563753 0.003767 46272.939382 216.000000 3.000000 153.000000
 2719500.000000 0.000000 2.420949 1.563941 0.003767 46282.532732 216.000000 3.000000 153.000000
 2720000.000000 0.000000 2.420998 1.564130 0.003767 46292.126242 216.000000 3.000000 153.000000
 2720500.000000 0.000000 2.421046 1.564318 0.003767 46301.719911 216.000000 3.000000 153.000000
 2721000.000000 0.000000 2.421095 1.564506 0.003767 46311.313739 216.000000 3.000000 153.000000
 2721500.000000 0.000000 2.421143 1.564694 0.003767 46320.907727 216.000000 3.000000 153.000000
 2722000.000000 0.000000 2.421191 1.564882 0.003767 46330.501873 216.000000 3.000000 153.000000
 2722500.000000 0.000000 2.421240 1.565070 0.003767 46340.096179 216.000000 3.000000 153.000000
 2723000.000000 0.000000 2.421288 1.565258 0.003767 46349.690644 216.000000 3.000000 153.000000
 2723500.000000 0.000000 2.421336 1.565446 0.003767 46359.285267 216.000000 3.000000 153.000000
 2724000.000000 0.000000 2.421384 1.565633 0.003767 46368.880050 216.000000 3.000000 153.000000
 2724500.000000 0.000000 2.421433 1.565821 0.003767 46378.474991 216.000000 3.000000 153.000000
 2725000.000000 0.000000 2.421481 1.566008 0.003767 46388.070090 216.000000 3.000000 153.000000
 2725500.000000 0.000000 2.421529 1.566196 0.003767 46397.665348 216.000000 3.000000 153.000000
 2726000.000000 0.000000 2.421577 1.566383 0.003767 46407.260764 216.000000 3.000000 153.000000
 2726500.000000 0.000000 2.421625 1.566571 0.003767 46416.856339 216.000000 3.000000 153.000000
 2727000.000000 0.000000 2.421674 1.566758 0.003767 46426.452071 216.000000 3.000000 153.000000
 2727500.000000 0.000000 2.421722 1.566945 0.003767 46436.047962 216.000000 3.000000 153.000000
 2728000.000000 0.000000 2.421770 1.567132 0.003767 46445.644010 216.000000 3.000000 153.000000
 2728500.000000 0.000000 2.421818 1.567319 0.003767 46455.240217 216.000000 3.000000 153.000000
 2729000.000000 0.000000 2.421866 1.567506 0.003767 46464.836581 216.000000 3.000000 153.000000
 2729500.000000 0.000000 2.421914 1.567693 0.003767 46474.433102 216.000000 3.000000 153.000000
 2730000.000000 0.000000 2.421962 1.567880 0.003767 46484.029781 216.000000 3.000000 153.000000
 2730500.000000 0.000000 2.422010 1.568067 0.003767 46493.626618 216.000000 3.000000 153.000000
 2731000.000000 0.000000 2.422058 1.568254 0.003767 46503.223612 216.000000 3.000000 153.000000
 2731500.000000 0.000000 2.422106 1.568440 0.003767 46512.820763 216.000000 3.000000 153.000000
 2732000.000000 0.000000 2.422154 1.568627 0.003767 46522.418071 216.000000 3.000000 153.000000
 2732500.000000 0.000000 2.422201 1.568814 0.003767 46532.015536 216.000000 3.000000 153.000000
 2733000.000000 0.000000 2.422249 1.569000 0.003767 46541.613158 216.000000 3.000000 153.000000
 2733500.000000 0.000000 2.422297 1.569186 0.003767 46551.210937 216.000000 3.000000 153.000000
 2734000.000000 0.000000 2.422345 1.569373 0.003767 46560.808873 216.000000 3.000000 153.000000
 2734500.000000 0.000000 2.422393 1.569559 0.003767 46570.406965 216.000000 3.000000 153.000000
 2735000.000000 0.000000 2.422440 1.569745 0.003767 46580.005214 216.000000 3.000000 153.000000
 2735500.000000 0.000000 2.422488 1.569931 0.003767 46589.603619 216.000000 3.000000 153.000000
 2736000.000000 0.000000 2.422536 1.570117 0.003767 46599.202180 216.000000 3.000000 153.000000
 2736500.000000 0.000000 2.422584 1.570303 0.003767 46608.800898 216.000000 3.000000 153.000000
 2737000.000000 0.000000 2.422631 1.570489 0.003767 46618.399772 216.000000 3.000000 153.000000
 2737500.000000 0.000000 2.422679 1.570675 0.003767 46627.998802 216.000000 3.000000 153.000000
 2738000.000000 0.000000 2.422727 1.570861 0.003768 46637.597987 216.000000 3.000000 153.000000
 2738500.000000 0.000000 2.422774 1.571046 0.003768 46647.197329 216.000000 3.000000 153.000000
 2739000.000000 0.000000 2.422822 1.571232 0.003768 46656.796826 216.000000 3.000000 153.000000
 2739500.000000 0.000000 2.422869 1.571417 0.003768 46666.396479 216.000000 3.000000 153.000000
 2740000.000000 0.000000 2.422917 1.571603 0.003768 46675.996287 216.000000 3.000000 153.000000
 2740500.000000 0.000000 2.422964 1.571788 0.003768 46685.596251 216.000000 3.000000 153.000000
 2741000.000000 0.000000 2.423012 1.571974 0.003768 46695.196370 216.000000 3.000000 153.000000
 2741500.000000 0.000000 2.423059 1.572159 0.003768 46704.796644 216.000000 3.000000 153.000000
 2742000.000000 0.000000 2.423107 1.572344 0.003768 46714.397074 216.000000 3.000000 153.000000
 2742500.000000 0.000000 2.423154 1.572529 0.003768 46723.997658 216.000000 3.000000 153.000000
 2743000.000000 0.000000 2.423202 1.572714 0.003768 46733.598398 216.000000 3.000000 153.000000
 2743500.000000 0.000000 2.423249 1.572899 0.003768 46743.199292 216.000000 3.000000 153.000000
 2744000.000000 0.000000 2.423296 1.573084 0.003768 46752.800341 216.000000 3.000000 153.000000
 2744500.000000 0.000000 2.423344 1.573269 0.003768 46762.401544 216.000000 3.000000 153.000000
 2745000.000000 0.000000 2.423391 1.573454 0.003768 46772.002902 216.000000 3.000000 153.000000
 2745500.000000 0.000000 2.423438 1.573638 0.003768 46781.604415 216.000000 3.000000 153.000000
 2746000.000000 0.000000 2.423486 1.573823 0.003768 46791.206081 216.000000 3.000000 153.000000
 2746500.000000 0.000000 2.423533 1.574008 0.003768 46800.807902 216.000000 3.000000 153.000000
 2747000.000000 0.000000 2.423580 1.574192 0.003768 46810.409878 216.000000 3.000000 153.000000
 2747500.000000 0.000000 2.423627 1.574377 0.003768 46820.012007 216.000000 3.000000 153.000000
 2748000.000000 0.000000 2.423674 1.574561 0.003768 46829.614290 216.000000 3.000000 153.000000
 2748500.000000 0.000000 2.423722 1.574745 0.003768 46839.216727 216.000000 3.000000 153.000000
 2749000.000000 0.000000 2.423769 1.574929 0.003768 46848.819318 216.000000 3.000000 153.000000
 2749500.000000 0.000000 2.423816 1.575114 0.003768 46858.422062 216.000000 3.000000 153.000000
 2750000.000000 0.000000 2.423863 1.575298 0.003768 46868.024960 216.000000 3.000000 153.000000
 2750500.000000 0.000000 2.423910 1.575482 0.003768 46877.628011 216.000000 3.000000 153.000000
 2751000.000000 0.000000 2.423957 1.575666 0.003768 46887.231216 216.000000 3.000000 153.000000
 2751500.000000 0.000000 2.424004 1.575850 0.003768 46896.834574 216.000000 3.000000 153.000000
 2752000.000000 0.000000 2.424051 1.576033 0.003768 46906.438085 216.000000 3.000000 153.000000
 2752500.000000 0.000000 2.424098 1.576217 0.003768 46916.041749 216.000000 3.000000 153.000000
 2753000.000000 0.000000 2.424145 1.576401 0.003768 46925.645566 216.000000 3.000000 153.000000
 2753500.000000 0.000000 2.424192 1.576584 0.003768 46935.249536 216.000000 3.000000 153.000000
 2754000.000000 0.000000 2.424239 1.576768 0.003768 46944.853659 216.000000 3.000000 153.000000
 2754500.000000 0.000000 2.424286 1.576951 0.003768 46954.457935 216.000000 3.000000 153.000000
 2755000.000000 0.000000 2.424333 1.577135 0.003768 46964.062363 216.000000 3.000000 153.000000
 2755500.000000 0.000000 2.424380 1.577318 0.003768 46973.666943 216.000000 3.000000 153.000000
 2756000.000000 0.000000 2.424426 1.577501 0.003768 46983.271676 216.000000 3.000000 153.000000
 2756500.000000 0.000000 2.424473 1.577685 0.003768 46992.876561 216.000000 3.000000 153.000000
 2757000.000000 0.000000 2.424520 1.577868 0.003768 47002.481599 216.000000 3.000000 153.000000
 2757500.000000 0.000000 2.424567 1.578051 0.003768 47012.086788 216.000000 3.000000 153.000000
 2758000.000000 0.000000 2.424614 1.578234 0.003768 47021.692129 216.000000 3.000000 153.000000
 2758500.000000 0.000000 2.424660 1.578417 0.003768 47031.297623 216.000000 3.000000 153.000000
 2759000.000000 0.000000 2.424707 1.578600 0.003768 47040.903268 216.000000 3.000000 153.000000
 2759500.000000 0.000000 2.424753 1.578782 0.003768 47050.508983 216.000000 3.000000 153.000000
 2760000.000000 0.000000 2.424800 1.578965 0.003768 47060.114858 216.000000 3.000000 153.000000
 2760500.000000 0.000000 2.424846 1.579148 0.003768 47069.721215 216.000000 3.000000 153.000000
 2761000.000000 0.000000 2.424892 1.579330 0.003768 47079.327469 216.000000 3.000000 153.000000
 2761500.000000 0.000000 2.424939 1.579513 0.003768 47088.933874 216.000000 3.000000 153.000000
 2762000.000000 0.000000 2.424985 1.579695 0.003768 47098.540431 216.000000 3.000000 153.000000
 2762500.000000 0.000000 2.425032 1.579878 0.003768 47108.147139 216.000000 3.000000 153.000000
 2763000.000000 0.000000 2.425078 1.580060 0.003768 47117.753998 216.000000 3.000000 153.000000
 2763500.000000 0.000000 2.425125 1.580242 0.003768 47127.361008 216.000000 3.000000 153.000000
 2764000.000000 0.000000 2.425171 1.580424 0.003768 47136.968168 216.000000 3.000000 153.000000
 2764500.000000 0.000000 2.425218 1.580607 0.003768 47146.575480 216.000000 3.000000 153.000000
 2765000.000000 0.000000 2.425264 1.580789 0.003769 47156.182942 216.000000 3.000000 153.000000
 2765500.000000 0.000000 2.425311 1.580971 0.003769 47165.790555 216.000000 3.000000 153.000000
 2766000.000000 0.000000 2.425357 1.581152 0.003769 47175.398318 216.000000 3.000000 153.000000
 2766500.000000 0.000000 2.425404 1.581334 0.003769 47185.006231 216.000000 3.000000 153.000000
 2767000.000000 0.000000 2.425450 1.581516 0.003769 47194.614295 216.000000 3.000000 153.000000
 2767500.000000 0.000000 2.425495 1.581698 0.003769 47204.223467 216.000000 3.000000 153.000000
 2768000.000000 0.000000 2.425540 1.581879 0.003769 47213.832489 216.000000 3.000000 153.000000
 2768500.000000 0.000000 2.425586 1.582061 0.003769 47223.441008 216.000000 3.000000 153.000000
 2769000.000000 0.197934 2.417449 1.582240 0.003769 47233.065418 216.000000 3.000000 153.000000
 2769500.000000 0.000000 2.425666 1.582421 0.003769 47242.676831 216.000000 3.000000 153.000000
 2770000.000000 0.000000 2.425712 1.582603 0.003769 47252.285816 216.000000 3.000000 153.000000
 2770500.000000 0.000000 2.425759 1.582784 0.003769 47261.894951 216.000000 3.000000 153.000000
 2771000.000000 0.000000 2.425805 1.582965 0.003769 47271.504236 216.000000 3.000000 153.000000
 2771500.000000 0.000000 2.425851 1.583146 0.003769 47281.113670 216.000000 3.000000 153.000000
 2772000.000000 0.000000 2.425897 1.583327 0.003769 47290.723279 216.000000 3.000000 153.000000
 2772500.000000 0.000000 2.425943 1.583508 0.003769 47300.333012 216.000000 3.000000 153.000000
 2773000.000000 0.000000 2.425989 1.583689 0.003769 47309.942895 216.000000 3.000000 153.000000
 2773500.000000 0.000000 2.426035 1.583870 0.003769 47319.552926 216.000000 3.000000 153.000000
 2774000.000000 0.000000 2.426081 1.584051 0.003769 47329.163107 216.000000 3.000000 153.000000
 2774500.000000 0.000000 2.426127 1.584232 0.003769 47338.773436 216.000000 3.000000 153.000000
 2775000.000000 0.000000 2.426173 1.584413 0.003769 47348.383914 216.000000 3.000000 153.000000
 2775500.000000 0.000000 2.426219 1.584593 0.003769 47357.994541 216.000000 3.000000 153.000000
 2776000.000000 0.000000 2.426263 1.584773 0.003769 47367.609294 216.000000 3.000000 153.000000
 2776500.000000 0.180683 2.419867 1.584954 0.003769 47377.221430 216.000000 3.000000 153.000000
 2777000.000000 0.000000 2.426353 1.585134 0.003769 47386.832436 216.000000 3.000000 153.000000
 2777500.000000 0.707694 2.270669 1.585289 0.003771 47396.548984 216.000000 3.000000 304.000000
 2778000.000000 0.000000 2.426211 1.585432 0.003771 47406.042749 216.000000 3.000000 2590.000000
 2778500.000000 0.160268 2.421593 1.585566 0.003771 47415.590112 216.000000 3.000000 36.000000
 2779000.000000 0.000000 2.426241 1.585744 0.003771 47425.217457 216.000000 3.000000 36.000000
 2779500.000000 0.373503 2.388652 1.585919 0.003772 47434.857922 216.000000 3.000000 54.000000
 2780000.000000 0.107775 2.424817 1.586013 0.003773 47444.342097 216.000000 3.000000 210.000000
 2780500.000000 0.060614 2.426111 1.586148 0.003774 47453.860107 216.000000 3.000000 545.000000
 2781000.000000 0.000000 2.425875 1.586326 0.003775 47463.486155 216.000000 3.000000 545.000000
 2781500.000000 0.370621 2.389087 1.586476 0.003775 47473.182721 216.000000 3.000000 5247.000000
 2782000.000000 1.963288 0.737140 1.586595 0.003774 47482.709203 216.000000 4.000000 26.000000
 2782500.000000 1.018459 2.068923 1.586563 0.003775 47491.609200 216.000000 3.000000 382.000000
 2783000.000000 4.842261 0.347979 1.586499 0.003775 47500.302831 216.000000 4.000000 52.000000
 2783500.000000 2.533816 0.648420 1.586324 0.003775 47507.999436 216.000000 3.000000 160.000000
 2784000.000000 11.287594 0.041667 1.586176 0.003775 47515.780893 216.000000 3.000000 25.000000
 2784500.000000 2.803982 0.575571 1.586006 0.003775 47523.579551 216.000000 4.000000 79.000000
 2785000.000000 9.306969 0.096682 1.585820 0.003774 47531.059769 216.000000 3.000000 10.000000
 2785500.000000 9.427578 0.105191 1.585634 0.003774 47538.555292 216.000000 4.000000 17.000000
 2786000.000000 1.372464 1.637989 1.585623 0.003774 47547.713388 216.000000 3.000000 1023.000000
 2786500.000000 1.421078 1.543537 1.585504 0.003773 47556.145572 216.000000 3.000000 125.000000
 2787000.000000 6.041845 0.304978 1.585388 0.003773 47564.403347 216.000000 3.000000 32.000000
 2787500.000000 5.235766 0.337243 1.585207 0.003773 47571.985230 216.000000 3.000000 93.000000
 2788000.000000 0.604359 2.315950 1.585197 0.003773 47580.942642 216.000000 3.000000 355.000000
 2788500.000000 0.557259 2.333617 1.585212 0.003776 47590.053752 216.000000 3.000000 284.000000
 2789000.000000 0.000000 2.424940 1.585311 0.003775 47599.434559 216.000000 3.000000 321.000000
 2789500.000000 0.210005 2.415520 1.585485 0.003776 47609.079235 216.000000 3.000000 321.000000
 2790000.000000 0.055479 2.425297 1.585659 0.003776 47618.726865 216.000000 3.000000 321.000000
 2790500.000000 0.000000 2.424960 1.585837 0.003776 47628.351171 216.000000 3.000000 2816.000000
 2791000.000000 0.000000 2.424919 1.586010 0.003776 47637.995851 216.000000 3.000000 2816.000000
 2791500.000000 0.000000 2.424964 1.586189 0.003776 47647.610490 216.000000 3.000000 2816.000000
 2792000.000000 0.091638 2.424530 1.586368 0.003776 47657.227219 216.000000 3.000000 2816.000000
 2792500.000000 2.055695 0.744305 1.586404 0.003776 47666.639811 216.000000 3.000000 3233.000000
 2793000.000000 0.760225 2.243378 1.586366 0.003777 47675.557779 216.000000 3.000000 710.000000
 2793500.000000 5.153265 0.341055 1.586242 0.003776 47683.975523 216.000000 3.000000 37.000000
 2794000.000000 5.914605 0.317688 1.586055 0.003776 47691.435811 216.000000 3.000000 99.000000
 2794500.000000 14.601156 -0.085966 1.585854 0.003776 47698.637634 216.000000 3.000000 41.000000
 2795000.000000 7.435939 0.211252 1.585655 0.003776 47705.860701 216.000000 4.000000 15.000000
 2795500.000000 3.008121 0.517344 1.585486 0.003776 47713.666756 216.000000 3.000000 571.000000
 2796000.000000 3.452548 0.507694 1.585369 0.003774 47722.131640 216.000000 3.000000 66.000000
 2796500.000000 6.781619 0.244157 1.585201 0.003774 47729.935537 216.000000 3.000000 78.000000
 2797000.000000 11.361141 0.052198 1.585006 0.003774 47737.236801 216.000000 4.000000 16.000000
 2797500.000000 6.911042 0.229244 1.584819 0.003773 47744.705481 216.000000 3.000000 8.000000
 2798000.000000 4.970825 0.349810 1.584646 0.003773 47752.426016 216.000000 3.000000 20.000000
 2798500.000000 2.663875 0.640017 1.584490 0.003773 47760.442254 216.000000 3.000000 31.000000
 2799000.000000 2.440151 0.697030 1.584381 0.003771 47769.022944 216.000000 4.000000 90.000000
 2799500.000000 8.391639 0.238134 1.584218 0.003771 47776.922321 216.000000 3.000000 21.000000
 2800000.000000 10.833714 0.132683 1.584016 0.003771 47784.091579 216.000000 3.000000 13.000000
 2800500.000000 21.705843 -0.198328 1.583811 0.003771 47791.177344 216.000000 4.000000 12.000000
 2801000.000000 20.757243 -0.085582 1.583590 0.003771 47797.948205 216.000000 4.000000 11.000000
 2801500.000000 27.753312 -0.089597 1.583370 0.003771 47804.735618 216.000000 4.000000 21.000000
 2802000.000000 32.066944 -0.125830 1.583148 0.003771 47811.471914 216.000000 3.000000 53.000000
 2802500.000000 33.806649 -0.110400 1.582927 0.003771 47818.219349 216.000000 3.000000 12.000000
 2803000.000000 38.313222 -0.132340 1.582698 0.003771 47824.795352 216.000000 3.000000 16.000000
 2803500.000000 40.801120 -0.171837 1.582467 0.003771 47831.334260 216.000000 3.000000 5.000000
 2804000.000000 44.714214 -0.209844 1.582234 0.003771 47837.828354 216.000000 4.000000 7.000000
 2804500.000000 41.020982 -0.166575 1.582011 0.003771 47844.535917 216.000000 3.000000 2.000000
 2805000.000000 34.835056 -0.092487 1.581792 0.003770 47851.324072 216.000000 3.000000 45.000000
 2805500.000000 33.751572 -0.088544 1.581570 0.003770 47858.071354 216.000000 3.000000 6.000000
 2806000.000000 22.187428 -0.124898 1.581350 0.003770 47864.833757 216.000000 4.000000 13.000000
 2806500.000000 34.119038 -0.094028 1.581131 0.003770 47871.639613 216.000000 3.000000 31.000000
 2807000.000000 36.093765 -0.140157 1.580913 0.003770 47878.444283 216.000000 3.000000 16.000000
 2807500.000000 25.171833 -0.174573 1.580693 0.003770 47885.223019 216.000000 3.000000 12.000000
 2808000.000000 29.570253 -0.068764 1.580474 0.003770 47892.021310 216.000000 4.000000 8.000000
 2808500.000000 31.223648 -0.063039 1.580256 0.003770 47898.833016 216.000000 4.000000 24.000000
 2809000.000000 31.904669 -0.065202 1.580039 0.003770 47905.660111 216.000000 3.000000 36.000000
 2809500.000000 29.015124 -0.081210 1.579823 0.003770 47912.505043 216.000000 4.000000 48.000000
 2810000.000000 26.429186 -0.115950 1.579605 0.003770 47919.309738 216.000000 3.000000 13.000000
 2810500.000000 33.013954 -0.066782 1.579387 0.003770 47926.116599 216.000000 4.000000 60.000000
 2811000.000000 30.801633 -0.077657 1.579170 0.003769 47932.944980 216.000000 4.000000 31.000000
 2811500.000000 33.075882 -0.055443 1.578952 0.003769 47939.756107 216.000000 3.000000 66.000000
 2812000.000000 30.343487 -0.110045 1.578735 0.003769 47946.593793 216.000000 4.000000 12.000000
 2812500.000000 19.526564 -0.068596 1.578518 0.003769 47953.422451 216.000000 4.000000 5.000000
 2813000.000000 20.978329 -0.079188 1.578300 0.003769 47960.212909 216.000000 4.000000 15.000000
 2813500.000000 19.581751 -0.063630 1.578082 0.003769 47967.015803 216.000000 4.000000 46.000000
 2814000.000000 12.996140 -0.040901 1.577863 0.003769 47973.790974 216.000000 4.000000 44.000000
 2814500.000000 19.217647 -0.036144 1.577650 0.003769 47980.697183 216.000000 4.000000 43.000000
 2815000.000000 12.311982 0.076706 1.577444 0.003769 47987.755649 216.000000 3.000000 23.000000
 2815500.000000 10.852369 0.139654 1.577239 0.003768 47994.825359 216.000000 3.000000 89.000000
 2816000.000000 6.368842 0.305259 1.577051 0.003768 48002.243417 216.000000 3.000000 28.000000
 2816500.000000 4.411270 0.470573 1.576885 0.003768 48010.059119 216.000000 4.000000 1463.000000
 2817000.000000 4.932142 0.372667 1.576719 0.003768 48017.887248 216.000000 3.000000 194.000000
 2817500.000000 2.861609 0.589271 1.576555 0.003768 48025.739543 216.000000 4.000000 142.000000
 2818000.000000 3.054581 0.539030 1.576416 0.003768 48034.022831 216.000000 4.000000 77.000000
 2818500.000000 6.638022 0.290142 1.576243 0.003768 48041.713050 216.000000 3.000000 30.000000
 2819000.000000 6.331015 0.329359 1.576065 0.003768 48049.312650 216.000000 3.000000 184.000000
 2819500.000000 6.961200 0.250653 1.575883 0.003768 48056.849039 216.000000 4.000000 41.000000
 2820000.000000 10.178820 0.209969 1.575702 0.003768 48064.384672 216.000000 3.000000 35.000000
 2820500.000000 9.585391 0.178472 1.575508 0.003768 48071.682489 216.000000 3.000000 70.000000
 2821000.000000 14.125802 0.011180 1.575302 0.003767 48078.722813 216.000000 4.000000 87.000000
 2821500.000000 18.320915 -0.130630 1.575092 0.003767 48085.675199 216.000000 3.000000 7.000000
 2822000.000000 14.776237 -0.101168 1.574879 0.003767 48092.559312 216.000000 4.000000 27.000000
 2822500.000000 14.334234 -0.001119 1.574670 0.003767 48099.545996 216.000000 4.000000 20.000000
 2823000.000000 6.652060 0.309261 1.574485 0.003767 48106.998788 216.000000 3.000000 90.000000
 2823500.000000 4.839752 0.410099 1.574317 0.003767 48114.770976 216.000000 3.000000 310.000000
 2824000.000000 2.839326 0.606721 1.574172 0.003767 48122.957730 216.000000 4.000000 1294.000000
 2824500.000000 0.990052 2.088408 1.574107 0.003766 48131.979819 216.000000 3.000000 5548.000000
 2825000.000000 1.334096 1.702002 1.574164 0.003764 48141.373051 216.000000 3.000000 118.000000
 2825500.000000 2.282051 0.740416 1.574088 0.003761 48150.349655 216.000000 4.000000 510.000000
 2826000.000000 1.755783 0.785035 1.574005 0.003759 48159.144616 216.000000 3.000000 493.000000
 2826500.000000 3.340098 0.544720 1.573881 0.003757 48167.538756 216.000000 4.000000 330.000000
 2827000.000000 1.360767 1.659890 1.573857 0.003757 48176.639359 216.000000 3.000000 10183.000000
 2827500.000000 4.764836 0.428718 1.573801 0.003756 48185.589154 216.000000 3.000000 157.000000
 2828000.000000 2.115792 0.774600 1.573713 0.003754 48194.334617 216.000000 3.000000 1177.000000
 2828500.000000 1.326495 1.717702 1.573701 0.003752 48203.709947 216.000000 3.000000 497.000000
 2829000.000000 0.569757 2.326642 1.573826 0.003754 48213.528309 216.000000 3.000000 497.000000
 2829500.000000 0.615617 2.308719 1.573960 0.003756 48223.333245 216.000000 3.000000 96.000000
 2830000.000000 0.346195 2.390609 1.574106 0.003756 48232.992091 216.000000 3.000000 96.000000
 2830500.000000 0.000000 2.421495 1.574283 0.003756 48242.601604 216.000000 3.000000 96.000000
 2831000.000000 0.789649 2.224986 1.574456 0.003757 48252.243975 216.000000 3.000000 96.000000
 2831500.000000 0.286210 2.401625 1.574610 0.003758 48261.997401 216.000000 3.000000 96.000000
 2832000.000000 0.979139 2.098994 1.574753 0.003762 48271.814027 216.000000 3.000000 96.000000
 2832500.000000 1.947243 0.796103 1.574781 0.003763 48281.360714 216.000000 3.000000 303.000000
 2833000.000000 0.990183 2.090910 1.574713 0.003760 48290.328191 216.000000 3.000000 231.000000
 2833500.000000 2.831966 0.630445 1.574590 0.003758 48298.790797 216.000000 4.000000 131.000000
 2834000.000000 2.930233 0.601610 1.574460 0.003756 48307.212214 216.000000 4.000000 136.000000
 2834500.000000 4.737426 0.438580 1.574328 0.003753 48315.527831 216.000000 4.000000 40.000000
 2835000.000000 4.873345 0.409257 1.574195 0.003752 48323.840383 216.000000 3.000000 111.000000
 2835500.000000 2.111166 0.796037 1.574054 0.003750 48332.062107 216.000000 3.000000 839.000000
 2836000.000000 1.139342 1.957831 1.574040 0.003748 48341.497635 216.000000 3.000000 1417.000000
 2836500.000000 1.795250 0.823218 1.573968 0.003745 48350.458603 216.000000 4.000000 93.000000
 2837000.000000 2.202145 0.794898 1.573859 0.003742 48359.133700 216.000000 4.000000 38.000000
 2837500.000000 1.643599 0.827100 1.573796 0.003740 48368.069491 216.000000 3.000000 1150.000000
 2838000.000000 1.329558 1.719452 1.573826 0.003741 48377.578751 216.000000 3.000000 2091.000000
 2838500.000000 1.923656 0.828878 1.573762 0.003741 48386.411272 216.000000 3.000000 254.000000
 2839000.000000 0.903602 2.157247 1.573770 0.003741 48395.965879 216.000000 3.000000 82.000000
 2839500.000000 2.332958 0.784183 1.573779 0.003739 48405.301581 216.000000 4.000000 113.000000
 2840000.000000 1.831882 0.841426 1.573680 0.003736 48414.107705 216.000000 4.000000 985.000000
 2840500.000000 1.880079 0.842019 1.573582 0.003735 48422.834742 216.000000 3.000000 197.000000
 2841000.000000 4.254080 0.529221 1.573469 0.003734 48431.286785 216.000000 3.000000 4884.000000
 2841500.000000 2.612253 0.734803 1.573356 0.003731 48439.922810 216.000000 4.000000 179.000000
 2842000.000000 5.737959 0.386500 1.573279 0.003729 48448.794884 216.000000 4.000000 64.000000
 2842500.000000 12.262670 0.106023 1.573129 0.003729 48456.753985 216.000000 3.000000 12.000000
 2843000.000000 5.744691 0.391356 1.572949 0.003729 48464.276965 216.000000 3.000000 336.000000
 2843500.000000 7.649915 0.249474 1.572786 0.003729 48472.134120 216.000000 3.000000 73.000000
 2844000.000000 4.102846 0.554522 1.572620 0.003729 48479.925125 216.000000 3.000000 85.000000
 2844500.000000 4.540639 0.494388 1.572598 0.003730 48489.062461 216.000000 3.000000 84.000000
 2845000.000000 10.207529 0.224686 1.572421 0.003730 48496.648298 216.000000 4.000000 72.000000
 2845500.000000 14.818370 -0.103453 1.572251 0.003730 48504.362935 216.000000 4.000000 16.000000
 2846000.000000 9.674140 0.204907 1.572073 0.003730 48511.919785 216.000000 3.000000 118.000000
 2846500.000000 11.374272 0.097419 1.571879 0.003729 48519.171006 216.000000 4.000000 28.000000
 2847000.000000 9.563398 0.192586 1.571702 0.003729 48526.753022 216.000000 3.000000 11.000000
 2847500.000000 11.137908 0.105842 1.571516 0.003729 48534.170874 216.000000 3.000000 189.000000
 2848000.000000 3.463042 0.582406 1.571425 0.003729 48542.671148 216.000000 3.000000 79.000000
 2848500.000000 7.270169 0.291118 1.571262 0.003728 48550.499838 216.000000 3.000000 13.000000
 2849000.000000 6.006230 0.402386 1.571086 0.003728 48558.095312 216.000000 3.000000 19.000000
 2849500.000000 5.705194 0.411883 1.570926 0.003728 48565.990178 216.000000 4.000000 28.000000
 2850000.000000 16.428873 -0.063534 1.570745 0.003728 48573.506255 216.000000 4.000000 64.000000
 2850500.000000 15.311775 -0.009619 1.570538 0.003728 48580.475227 216.000000 4.000000 28.000000
 2851000.000000 5.367792 0.429920 1.570365 0.003728 48588.140738 216.000000 3.000000 103.000000
 2851500.000000 2.283908 0.812621 1.570267 0.003726 48596.911512 216.000000 4.000000 51.000000
 2852000.000000 1.725920 0.857895 1.570339 0.003728 48606.579951 216.000000 3.000000 12401.000000
 2852500.000000 0.173975 2.416911 1.570440 0.003729 48616.018185 216.000000 3.000000 187.000000
 2853000.000000 0.000000 2.422096 1.570616 0.003729 48625.626525 216.000000 3.000000 187.000000
 2853500.000000 0.000000 2.422131 1.570792 0.003729 48635.243166 216.000000 3.000000 187.000000
 2854000.000000 0.000000 2.422179 1.570970 0.003729 48644.840815 216.000000 3.000000 187.000000
 2854500.000000 0.127099 2.420440 1.571147 0.003729 48654.445769 216.000000 3.000000 187.000000
 2855000.000000 0.138736 2.419787 1.571325 0.003729 48664.044728 216.000000 3.000000 187.000000
 2855500.000000 0.197985 2.414773 1.571484 0.003730 48673.736658 216.000000 3.000000 187.000000
 2856000.000000 1.274870 1.801567 1.571638 0.003731 48683.433905 216.000000 3.000000 175892.000000
 2856500.000000 6.213468 0.402328 1.571499 0.003731 48691.653761 216.000000 3.000000 181.000000
 2857000.000000 14.879179 -0.090559 1.571355 0.003729 48699.808747 216.000000 4.000000 185.000000
 2857500.000000 9.796963 0.236863 1.571177 0.003729 48707.348689 216.000000 3.000000 25.000000
 2858000.000000 15.699644 0.025295 1.570987 0.003729 48714.676924 216.000000 4.000000 5.000000
 2858500.000000 11.849628 0.143556 1.570780 0.003729 48721.640338 216.000000 3.000000 22.000000
 2859000.000000 22.864184 -0.092224 1.570573 0.003729 48728.589270 216.000000 4.000000 43.000000
 2859500.000000 17.438687 -0.013006 1.570369 0.003729 48735.626522 216.000000 4.000000 11.000000
 2860000.000000 19.270004 -0.011538 1.570167 0.003729 48742.681136 216.000000 4.000000 19.000000
 2860500.000000 23.904751 -0.092292 1.569960 0.003729 48749.650612 216.000000 4.000000 3.000000
 2861000.000000 29.233224 -0.040080 1.569752 0.003729 48756.580890 216.000000 3.000000 34.000000
 2861500.000000 24.730840 -0.086726 1.569540 0.003729 48763.445144 216.000000 4.000000 91.000000
 2862000.000000 27.747521 -0.042716 1.569330 0.003729 48770.331238 216.000000 4.000000 43.000000
 2862500.000000 33.089622 -0.048214 1.569119 0.003729 48777.207231 216.000000 3.000000 31.000000
 2863000.000000 38.651957 -0.132410 1.568900 0.003729 48783.892972 216.000000 3.000000 2.000000
 2863500.000000 48.680169 -0.346059 1.568680 0.003729 48790.568567 216.000000 3.000000 2.000000
 2864000.000000 55.298925 -0.554343 1.568447 0.003729 48796.917419 216.000000 3.000000 7.000000
 2864500.000000 37.481386 -0.130204 1.568228 0.003729 48803.606381 216.000000 3.000000 8.000000
 2865000.000000 19.658068 -0.037743 1.568017 0.003729 48810.484071 216.000000 4.000000 29.000000
 2865500.000000 24.654778 -0.065197 1.567812 0.003728 48817.480299 216.000000 4.000000 2.000000
 2866000.000000 23.398414 -0.144536 1.567605 0.003728 48824.412483 216.000000 4.000000 12.000000
 2866500.000000 28.259616 -0.060734 1.567395 0.003728 48831.314216 216.000000 4.000000 25.000000
 2867000.000000 43.980667 -0.262582 1.567177 0.003728 48838.016445 216.000000 3.000000 26.000000
 2867500.000000 50.124097 -0.341338 1.566957 0.003728 48844.674868 216.000000 3.000000 3.000000
 2868000.000000 39.463087 -0.121070 1.566734 0.003728 48851.268131 216.000000 3.000000 10.000000
 2868500.000000 36.258907 -0.115528 1.566523 0.003728 48858.122205 216.000000 3.000000 10.000000
 2869000.000000 39.335885 -0.112607 1.566312 0.003728 48864.973361 216.000000 3.000000 5.000000
 2869500.000000 53.040104 -0.422232 1.566079 0.003728 48871.314067 216.000000 4.000000 18.000000
 2870000.000000 58.484858 -0.579062 1.565823 0.003728 48877.101864 216.000000 4.000000 8.000000
 2870500.000000 53.462940 -0.447182 1.565576 0.003728 48883.122258 216.000000 3.000000 3.000000
 2871000.000000 58.938174 -0.553325 1.565334 0.003728 48889.243307 216.000000 4.000000 29.000000
 2871500.000000 58.166656 -0.594386 1.565090 0.003728 48895.335256 216.000000 3.000000 13.000000
 2872000.000000 53.145611 -0.395866 1.564844 0.003728 48901.370343 216.000000 4.000000 36.000000
 2872500.000000 41.086370 -0.140339 1.564618 0.003728 48907.866488 216.000000 3.000000 7.000000
 2873000.000000 40.842579 -0.131211 1.564382 0.003728 48914.129705 216.000000 3.000000 6.000000
 2873500.000000 60.781208 -0.657073 1.564147 0.003727 48920.415115 216.000000 4.000000 13.000000
 2874000.000000 41.294364 -0.126182 1.563926 0.003727 48927.057306 216.000000 3.000000 5.000000
 2874500.000000 21.528968 -0.124347 1.563717 0.003727 48933.936994 216.000000 4.000000 7.000000
 2875000.000000 17.223505 0.003364 1.563514 0.003727 48940.948898 216.000000 4.000000 11.000000
 2875500.000000 16.973322 -0.016276 1.563307 0.003727 48947.879153 216.000000 3.000000 62.000000
 2876000.000000 21.218667 -0.055395 1.563101 0.003727 48954.845461 216.000000 4.000000 27.000000
 2876500.000000 31.509661 -0.007795 1.562893 0.003727 48961.744416 216.000000 4.000000 3.000000
 2877000.000000 28.709442 -0.088288 1.562687 0.003727 48968.696924 216.000000 4.000000 8.000000
 2877500.000000 25.054908 -0.109185 1.562479 0.003727 48975.615755 216.000000 4.000000 12.000000
 2878000.000000 25.236530 -0.095433 1.562274 0.003727 48982.579800 216.000000 3.000000 23.000000
 2878500.000000 31.247235 -0.001458 1.562067 0.003726 48989.505973 216.000000 4.000000 13.000000
 2879000.000000 30.237757 -0.055936 1.561852 0.003726 48996.250956 216.000000 3.000000 24.000000
 2879500.000000 25.687072 -0.035941 1.561646 0.003726 49003.208994 216.000000 4.000000 4.000000
 2880000.000000 28.195891 -0.022048 1.561440 0.003726 49010.153999 216.000000 4.000000 18.000000
 2880500.000000 23.689811 -0.079054 1.561232 0.003726 49017.052057 216.000000 4.000000 14.000000
 2881000.000000 34.494145 -0.038877 1.561027 0.003726 49024.004475 216.000000 3.000000 5.000000
 2881500.000000 32.362424 -0.015011 1.560821 0.003726 49030.954322 216.000000 3.000000 5.000000
 2882000.000000 34.119757 -0.042604 1.560612 0.003726 49037.837381 216.000000 3.000000 6.000000
 2882500.000000 32.900092 -0.030167 1.560402 0.003726 49044.686974 216.000000 3.000000 23.000000
 2883000.000000 34.695731 -0.018352 1.560197 0.003726 49051.637043 216.000000 3.000000 8.000000
 2883500.000000 29.055444 0.013224 1.559993 0.003725 49058.638342 216.000000 4.000000 22.000000
 2884000.000000 26.938058 -0.101572 1.559788 0.003725 49065.586671 216.000000 4.000000 104.000000
 2884500.000000 24.061147 -0.017589 1.559583 0.003725 49072.547864 216.000000 4.000000 59.000000
 2885000.000000 26.590310 -0.060032 1.559377 0.003725 49079.476674 216.000000 3.000000 11.000000
 2885500.000000 30.415340 -0.038213 1.559173 0.003725 49086.472259 216.000000 3.000000 22.000000
 2886000.000000 19.056184 0.020909 1.558970 0.003725 49093.460659 216.000000 4.000000 10.000000
 2886500.000000 26.741832 -0.090569 1.558767 0.003725 49100.457253 216.000000 4.000000 85.000000
 2887000.000000 27.973195 0.037847 1.558565 0.003725 49107.482173 216.000000 4.000000 38.000000
 2887500.000000 19.751169 -0.031908 1.558362 0.003725 49114.474896 216.000000 4.000000 9.000000
 2888000.000000 22.234991 -0.019064 1.558158 0.003725 49121.444497 216.000000 4.000000 31.000000
 2888500.000000 18.617258 -0.007710 1.557956 0.003725 49128.457361 216.000000 4.000000 5.000000
 2889000.000000 22.839731 -0.001540 1.557753 0.003725 49135.456405 216.000000 4.000000 47.000000
 2889500.000000 27.753271 0.044746 1.557552 0.003724 49142.503594 216.000000 4.000000 19.000000
 2890000.000000 22.496813 0.016906 1.557350 0.003724 49149.507398 216.000000 4.000000 9.000000
 2890500.000000 9.634345 0.224279 1.557163 0.003724 49156.823864 216.000000 3.000000 97.000000
 2891000.000000 8.891338 0.244120 1.556999 0.003724 49164.606642 216.000000 3.000000 34.000000
 2891500.000000 14.581272 0.003910 1.556812 0.003724 49171.912693 216.000000 4.000000 12.000000
 2892000.000000 13.924396 0.077654 1.556615 0.003724 49179.044025 216.000000 4.000000 33.000000
 2892500.000000 14.716747 -0.014028 1.556420 0.003724 49186.194817 216.000000 4.000000 42.000000
 2893000.000000 14.881554 -0.035648 1.556221 0.003724 49193.259331 216.000000 3.000000 7.000000
 2893500.000000 12.937615 0.031880 1.556023 0.003724 49200.362335 216.000000 4.000000 50.000000
 2894000.000000 17.756807 0.026266 1.555827 0.003724 49207.484633 216.000000 4.000000 25.000000
 2894500.000000 15.116594 0.020260 1.555632 0.003724 49214.653412 216.000000 3.000000 35.000000
 2895000.000000 14.452047 0.060727 1.555435 0.003724 49221.764184 216.000000 4.000000 98.000000
 2895500.000000 9.314269 0.190484 1.555245 0.003724 49229.009905 216.000000 3.000000 10.000000
 2896000.000000 12.355817 0.142366 1.555053 0.003724 49236.225620 216.000000 3.000000 89.000000
 2896500.000000 15.140383 0.046116 1.554865 0.003724 49243.525638 216.000000 4.000000 9.000000
 2897000.000000 26.681885 -0.054095 1.554663 0.003723 49250.524479 216.000000 4.000000 18.000000
 2897500.000000 23.786128 -0.009684 1.554462 0.003723 49257.546855 216.000000 4.000000 98.000000
 2898000.000000 26.059817 0.037637 1.554261 0.003723 49264.559582 216.000000 4.000000 22.000000
 2898500.000000 24.136334 0.035053 1.554062 0.003723 49271.641783 216.000000 4.000000 9.000000
 2899000.000000 19.768746 -0.006256 1.553862 0.003723 49278.676708 216.000000 3.000000 29.000000
 2899500.000000 21.894170 -0.051158 1.553661 0.003723 49285.692303 216.000000 4.000000 16.000000
 2900000.000000 22.069315 -0.008041 1.553464 0.003723 49292.791293 216.000000 4.000000 7.000000
 2900500.000000 21.223233 0.003760 1.553265 0.003723 49299.849597 216.000000 4.000000 92.000000
 2901000.000000 28.159803 0.039599 1.553067 0.003723 49306.932066 216.000000 4.000000 5.000000
 2901500.000000 31.700901 0.020317 1.552872 0.003723 49314.081446 216.000000 3.000000 9.000000
 2902000.000000 21.170473 0.010635 1.552675 0.003723 49321.178788 216.000000 4.000000 55.000000
 2902500.000000 21.648179 -0.064128 1.552478 0.003723 49328.285119 216.000000 4.000000 23.000000
 2903000.000000 18.329809 -0.034735 1.552279 0.003722 49335.321691 216.000000 4.000000 10.000000
 2903500.000000 14.710500 0.030552 1.552087 0.003722 49342.539405 216.000000 4.000000 22.000000
 2904000.000000 23.852464 0.030669 1.551893 0.003722 49349.686353 216.000000 4.000000 16.000000
 2904500.000000 12.191460 0.156953 1.551699 0.003722 49356.841338 216.000000 4.000000 100.000000
 2905000.000000 18.736939 0.051357 1.551509 0.003722 49364.079726 216.000000 4.000000 15.000000
 2905500.000000 16.778796 0.003324 1.551314 0.003722 49371.216178 216.000000 4.000000 36.000000
 2906000.000000 17.809938 0.063068 1.551120 0.003722 49378.390130 216.000000 4.000000 24.000000
 2906500.000000 16.017821 0.115605 1.550928 0.003722 49385.572015 216.000000 4.000000 24.000000
 2907000.000000 18.223442 0.007142 1.550732 0.003722 49392.698060 216.000000 4.000000 23.000000
 2907500.000000 10.336753 0.259288 1.550544 0.003722 49399.977213 216.000000 3.000000 66.000000
 2908000.000000 15.988762 0.127265 1.550358 0.003722 49407.281500 216.000000 4.000000 93.000000
 2908500.000000 13.012309 0.071588 1.550169 0.003722 49414.547452 216.000000 4.000000 56.000000
 2909000.000000 13.433593 0.110346 1.549979 0.003722 49421.785573 216.000000 4.000000 74.000000
 2909500.000000 10.593793 0.244961 1.549800 0.003722 49429.247752 216.000000 4.000000 13.000000
 2910000.000000 9.771242 0.261696 1.549628 0.003722 49436.830490 216.000000 4.000000 137.000000
 2910500.000000 9.850691 0.273490 1.549450 0.003721 49444.308824 216.000000 3.000000 80.000000
 2911000.000000 8.916824 0.262649 1.549281 0.003721 49451.958887 216.000000 3.000000 25.000000
 2911500.000000 9.624880 0.259122 1.549105 0.003721 49459.484289 216.000000 4.000000 14.000000
 2912000.000000 9.293046 0.225301 1.548928 0.003721 49466.976233 216.000000 4.000000 33.000000
 2912500.000000 15.815131 0.148867 1.548740 0.003721 49474.248790 216.000000 4.000000 29.000000
 2913000.000000 10.909991 0.207276 1.548554 0.003721 49481.558246 216.000000 3.000000 21.000000
 2913500.000000 14.420529 0.127120 1.548372 0.003721 49488.951041 216.000000 4.000000 20.000000
 2914000.000000 10.761809 0.244593 1.548189 0.003721 49496.311017 216.000000 3.000000 23.000000
 2914500.000000 8.542077 0.317812 1.548020 0.003721 49503.972072 216.000000 4.000000 13.000000
 2915000.000000 9.804101 0.288074 1.547850 0.003721 49511.591244 216.000000 3.000000 49.000000
 2915500.000000 10.105574 0.303986 1.547680 0.003721 49519.220612 216.000000 3.000000 14.000000
 2916000.000000 7.400735 0.325591 1.547518 0.003721 49526.987590 216.000000 3.000000 87.000000
 2916500.000000 13.183499 0.104480 1.547340 0.003721 49534.473332 216.000000 4.000000 30.000000
 2917000.000000 4.411568 0.528694 1.547181 0.003721 49542.282446 216.000000 3.000000 183.000000
 2917500.000000 5.395683 0.432889 1.547049 0.003720 49550.588129 216.000000 3.000000 44.000000
 2918000.000000 2.305658 0.807838 1.546948 0.003719 49559.277959 216.000000 4.000000 103.000000
 2918500.000000 6.192661 0.414095 1.546814 0.003719 49567.547767 216.000000 3.000000 924.000000
 2919000.000000 1.703609 0.854377 1.546664 0.003718 49575.499437 216.000000 4.000000 44.000000
 2919500.000000 5.128113 0.443188 1.546526 0.003717 49583.702534 216.000000 3.000000 28.000000
 2920000.000000 5.211570 0.450997 1.546382 0.003717 49591.799643 216.000000 3.000000 126.000000
 2920500.000000 2.114863 0.839279 1.546256 0.003715 49600.188571 216.000000 4.000000 700.000000
 2921000.000000 4.440493 0.541862 1.546120 0.003715 49608.416476 216.000000 3.000000 100.000000
 2921500.000000 1.622979 0.858076 1.546023 0.003715 49616.976800 216.000000 4.000000 99.000000
 2922000.000000 1.630281 0.856603 1.545914 0.003714 49625.607177 216.000000 4.000000 408.000000
 2922500.000000 2.367859 0.810560 1.545780 0.003714 49633.854989 216.000000 4.000000 1123.000000
 2923000.000000 4.990060 0.447832 1.545638 0.003713 49641.991514 216.000000 3.000000 75.000000
 2923500.000000 5.332439 0.461206 1.545495 0.003713 49650.091114 216.000000 3.000000 45.000000
 2924000.000000 4.428025 0.559613 1.545352 0.003713 49658.206880 216.000000 3.000000 47.000000
 2924500.000000 6.475843 0.403861 1.545209 0.003713 49666.313915 216.000000 3.000000 62.000000
 2925000.000000 5.918515 0.453391 1.545058 0.003713 49674.279323 216.000000 3.000000 26.000000
 2925500.000000 5.107563 0.479801 1.544911 0.003713 49682.311527 216.000000 3.000000 41.000000
 2926000.000000 8.565963 0.338403 1.544746 0.003713 49690.031311 216.000000 4.000000 13.000000
 2926500.000000 1.171643 1.917976 1.544607 0.003713 49698.023313 216.000000 3.000000 952.000000
 2927000.000000 2.738362 0.731818 1.544612 0.003714 49707.442684 216.000000 4.000000 2055.000000
 2927500.000000 2.752526 0.729660 1.544580 0.003712 49716.715583 216.000000 4.000000 195.000000
 2928000.000000 5.120470 0.484129 1.544452 0.003710 49725.062853 216.000000 3.000000 31.000000
 2928500.000000 7.098424 0.333319 1.544303 0.003710 49733.055585 216.000000 3.000000 55.000000
 2929000.000000 10.368071 0.305355 1.544133 0.003710 49740.658377 216.000000 3.000000 16.000000
 2929500.000000 2.601301 0.772650 1.543988 0.003710 49748.718120 216.000000 4.000000 363.000000
 2930000.000000 0.570372 2.318948 1.544008 0.003708 49758.200405 216.000000 3.000000 197.000000
 2930500.000000 3.573815 0.631891 1.543960 0.003707 49767.225452 216.000000 3.000000 780.000000
 2931000.000000 1.636396 0.870287 1.543884 0.003705 49776.097889 216.000000 3.000000 4400.000000
 2931500.000000 1.321064 1.729880 1.543819 0.003705 49785.013841 216.000000 4.000000 6829.000000
 2932000.000000 3.689358 0.637883 1.543846 0.003706 49794.422877 216.000000 3.000000 17.000000
 2932500.000000 6.568803 0.411441 1.543704 0.003706 49802.525507 216.000000 3.000000 36.000000
 2933000.000000 4.528005 0.567243 1.543554 0.003706 49810.513447 216.000000 3.000000 340.000000
 2933500.000000 4.175657 0.615595 1.543441 0.003705 49819.043955 216.000000 4.000000 2334.000000
 2934000.000000 6.101544 0.462976 1.543305 0.003705 49827.267108 216.000000 3.000000 1300.000000
 2934500.000000 5.057144 0.497989 1.543164 0.003705 49835.405517 216.000000 3.000000 403.000000
 2935000.000000 0.912999 2.142751 1.543118 0.003706 49844.292383 216.000000 3.000000 84.000000
 2935500.000000 0.707971 2.260873 1.543191 0.003706 49853.938146 216.000000 3.000000 3895.000000
 2936000.000000 0.915793 2.140890 1.543356 0.003707 49863.603277 216.000000 3.000000 3895.000000
 2936500.000000 0.214081 2.402866 1.543531 0.003707 49873.201258 216.000000 3.000000 3895.000000
 2937000.000000 0.000000 2.411853 1.543708 0.003707 49882.783056 216.000000 3.000000 3895.000000
 2937500.000000 0.050791 2.412523 1.543884 0.003707 49892.367031 216.000000 3.000000 3895.000000
 2938000.000000 0.078454 2.412101 1.544055 0.003708 49901.991856 216.000000 3.000000 3895.000000
 2938500.000000 0.060650 2.412446 1.544232 0.003708 49911.577402 216.000000 3.000000 3895.000000
 2939000.000000 0.000000 2.411940 1.544408 0.003708 49921.165547 216.000000 3.000000 3895.000000
 2939500.000000 0.000000 2.411989 1.544585 0.003708 49930.748480 216.000000 3.000000 3895.000000
 2940000.000000 0.000000 2.412039 1.544761 0.003708 49940.331631 216.000000 3.000000 3895.000000
 2940500.000000 0.119785 2.410820 1.544934 0.003708 49949.942697 216.000000 3.000000 3895.000000
 2941000.000000 0.135950 2.409965 1.545109 0.003708 49959.540125 216.000000 3.000000 3895.000000
 2941500.000000 0.000000 2.412158 1.545286 0.003708 49969.125042 216.000000 3.000000 3895.000000
 2942000.000000 0.729656 2.250632 1.545452 0.003709 49978.776225 216.000000 3.000000 3895.000000
 2942500.000000 0.114260 2.411082 1.545627 0.003710 49988.375792 216.000000 3.000000 112.000000
 2943000.000000 0.000000 2.412107 1.545803 0.003710 49997.959725 216.000000 3.000000 112.000000
 2943500.000000 0.125797 2.410594 1.545979 0.003710 50007.547906 216.000000 3.000000 112.000000
 2944000.000000 0.475037 2.350605 1.546152 0.003710 50017.150739 216.000000 3.000000 112.000000
 2944500.000000 0.000000 2.412291 1.546267 0.003709 50026.616040 216.000000 3.000000 816.000000
 2945000.000000 1.158129 1.934846 1.546415 0.003711 50036.364489 216.000000 3.000000 816.000000
 2945500.000000 1.014562 2.067589 1.546553 0.003714 50046.174815 216.000000 3.000000 410.000000
 2946000.000000 1.113929 1.979601 1.546613 0.003714 50055.962687 216.000000 3.000000 903.000000
 2946500.000000 4.474552 0.584279 1.546605 0.003715 50065.293445 216.000000 3.000000 164.000000
 2947000.000000 3.525899 0.646602 1.546576 0.003717 50074.222244 216.000000 4.000000 23.000000
 2947500.000000 1.909985 0.884175 1.546473 0.003716 50082.851249 216.000000 4.000000 1786.000000
 2948000.000000 4.000228 0.642063 1.546500 0.003716 50092.367377 216.000000 3.000000 65.000000
 2948500.000000 2.676372 0.772647 1.546415 0.003716 50101.098526 216.000000 3.000000 2429.000000
 2949000.000000 1.077773 2.013646 1.546409 0.003716 50110.489184 216.000000 3.000000 6268.000000
 2949500.000000 0.184661 2.405037 1.546524 0.003718 50120.174268 216.000000 3.000000 101.000000
 2950000.000000 0.278330 2.393511 1.546696 0.003718 50129.783200 216.000000 3.000000 60.000000
 2950500.000000 0.000000 2.410852 1.546870 0.003718 50139.377874 216.000000 3.000000 60.000000
 2951000.000000 0.048684 2.411403 1.547038 0.003719 50149.018567 216.000000 3.000000 60.000000
 2951500.000000 0.308409 2.388508 1.547204 0.003719 50158.671976 216.000000 3.000000 60.000000
 2952000.000000 0.000000 2.410775 1.547374 0.003720 50168.303863 216.000000 3.000000 60.000000
 2952500.000000 0.205951 2.403002 1.547548 0.003720 50177.900699 216.000000 3.000000 60.000000
 2953000.000000 0.198807 2.403787 1.547721 0.003720 50187.498156 216.000000 3.000000 60.000000
 2953500.000000 2.243393 0.859845 1.547835 0.003719 50196.966321 216.000000 3.000000 2853.000000
 2954000.000000 3.264199 0.654752 1.547732 0.003718 50205.652071 216.000000 4.000000 74.000000
 2954500.000000 0.246088 2.398470 1.547824 0.003718 50215.101748 216.000000 3.000000 385.000000
 2955000.000000 0.242362 2.398638 1.547944 0.003720 50224.917389 216.000000 3.000000 250.000000
 2955500.000000 0.691148 2.268833 1.548068 0.003721 50234.569564 216.000000 3.000000 107.000000
 2956000.000000 1.544416 1.255080 1.547987 0.003721 50243.281312 216.000000 3.000000 3505.000000
 2956500.000000 3.814665 0.658055 1.547838 0.003721 50251.270160 216.000000 3.000000 331.000000
 2957000.000000 2.280764 0.860724 1.547767 0.003720 50260.119557 216.000000 4.000000 445.000000
 2957500.000000 0.882531 2.163760 1.547678 0.003720 50268.830496 216.000000 3.000000 2789.000000
 2958000.000000 0.704107 2.262736 1.547803 0.003721 50278.473540 216.000000 3.000000 385.000000
 2958500.000000 0.419745 2.364466 1.547963 0.003722 50288.169010 216.000000 3.000000 385.000000
 2959000.000000 0.250310 2.397213 1.548131 0.003723 50297.806936 216.000000 3.000000 385.000000
 2959500.000000 2.519374 0.821236 1.548133 0.003722 50307.110020 216.000000 4.000000 62.000000
 2960000.000000 0.582634 2.313835 1.548142 0.003722 50316.430929 216.000000 3.000000 183.000000
 2960500.000000 0.066204 2.410688 1.548307 0.003723 50326.085985 216.000000 3.000000 183.000000
 2961000.000000 0.000000 2.410135 1.548481 0.003723 50335.676103 216.000000 3.000000 183.000000
 2961500.000000 0.000000 2.410185 1.548655 0.003723 50345.266644 216.000000 3.000000 183.000000
 2962000.000000 0.000000 2.410234 1.548829 0.003723 50354.857323 216.000000 3.000000 183.000000
 2962500.000000 0.000000 2.410283 1.549003 0.003723 50364.448142 216.000000 3.000000 183.000000
 2963000.000000 0.050838 2.411051 1.549177 0.003723 50374.038959 216.000000 3.000000 183.000000
 2963500.000000 0.000000 2.410379 1.549351 0.003723 50383.630994 216.000000 3.000000 183.000000
 2964000.000000 0.000000 2.410426 1.549524 0.003723 50393.225472 216.000000 3.000000 183.000000
 2964500.000000 0.593153 2.310186 1.549695 0.003723 50402.837594 216.000000 3.000000 183.000000
 2965000.000000 1.837423 0.905025 1.549748 0.003724 50412.361681 216.000000 4.000000 316.000000
 2965500.000000 0.708215 2.261078 1.549775 0.003725 50421.920550 216.000000 3.000000 164.000000
 2966000.000000 0.771649 2.228946 1.549850 0.003727 50431.695844 216.000000 3.000000 200.000000
 2966500.000000 1.596532 1.059666 1.549879 0.003727 50441.377633 216.000000 4.000000 373.000000
 2967000.000000 5.041368 0.499552 1.549764 0.003726 50449.909465 216.000000 4.000000 62.000000
 2967500.000000 2.348085 0.863093 1.549695 0.003726 50458.834095 216.000000 4.000000 135.000000
 2968000.000000 6.072482 0.467599 1.549567 0.003725 50467.153019 216.000000 3.000000 14.000000
 2968500.000000 7.477822 0.349645 1.549413 0.003725 50475.035940 216.000000 3.000000 15.000000
 2969000.000000 18.113845 0.034930 1.549234 0.003725 50482.414436 216.000000 4.000000 10.000000
 2969500.000000 7.080009 0.338836 1.549057 0.003725 50489.826667 216.000000 3.000000 62.000000
 2970000.000000 7.764661 0.365126 1.548900 0.003725 50497.663117 216.000000 3.000000 15.000000
 2970500.000000 6.487565 0.435703 1.548753 0.003725 50505.649054 216.000000 3.000000 231.000000
 2971000.000000 4.892954 0.519298 1.548617 0.003725 50513.850559 216.000000 3.000000 24.000000
 2971500.000000 8.257332 0.376129 1.548455 0.003725 50521.575417 216.000000 3.000000 61.000000
 2972000.000000 4.447822 0.611091 1.548311 0.003725 50529.636121 216.000000 3.000000 93.000000
 2972500.000000 3.297667 0.669609 1.548203 0.003725 50538.174299 216.000000 3.000000 101.000000
 2973000.000000 5.745371 0.499174 1.548086 0.003723 50546.675128 216.000000 3.000000 241.000000
 2973500.000000 4.836179 0.544367 1.547993 0.003723 50555.304865 216.000000 4.000000 472.000000
 2974000.000000 0.376156 2.374099 1.548072 0.003723 50564.874337 216.000000 3.000000 77.000000
 2974500.000000 0.324811 2.384536 1.548238 0.003723 50574.520754 216.000000 3.000000 77.000000
 2975000.000000 0.683465 2.271769 1.548302 0.003725 50583.898241 216.000000 3.000000 643.000000
 2975500.000000 0.181045 2.403964 1.548341 0.003724 50593.404352 216.000000 3.000000 871.000000
 2976000.000000 0.409770 2.366188 1.548466 0.003725 50603.038549 216.000000 3.000000 265.000000
 2976500.000000 1.365118 1.669893 1.548458 0.003724 50612.359798 216.000000 3.000000 277.000000
 2977000.000000 3.567817 0.683000 1.548378 0.003722 50621.288975 216.000000 3.000000 218.000000
 2977500.000000 1.041963 2.046896 1.548308 0.003723 50630.113653 216.000000 3.000000 878.000000
 2978000.000000 1.457855 1.497432 1.548340 0.003724 50639.759100 216.000000 3.000000 690.000000
 2978500.000000 1.361906 1.676269 1.548397 0.003725 50649.385561 216.000000 3.000000 35.000000
 2979000.000000 0.140924 2.406654 1.548528 0.003725 50659.002692 216.000000 3.000000 135.000000
 2979500.000000 0.049457 2.409537 1.548672 0.003725 50668.538925 216.000000 3.000000 1139.000000
 2980000.000000 0.000000 2.408799 1.548844 0.003725 50678.130596 216.000000 3.000000 1139.000000
 2980500.000000 0.051929 2.409625 1.549017 0.003725 50687.724296 216.000000 3.000000 1139.000000
 2981000.000000 0.699560 2.264786 1.549149 0.003726 50697.501221 216.000000 3.000000 291.000000
 2981500.000000 1.542709 1.278231 1.549286 0.003726 50707.172880 216.000000 3.000000 131.000000
 2982000.000000 3.673919 0.686249 1.549265 0.003727 50716.227496 216.000000 3.000000 77.000000
 2982500.000000 0.786563 2.220847 1.549262 0.003728 50725.583487 216.000000 3.000000 414.000000
 2983000.000000 1.538142 1.294286 1.549241 0.003728 50734.873856 216.000000 3.000000 1583.000000
 2983500.000000 3.227158 0.688117 1.549131 0.003728 50743.259400 216.000000 4.000000 93.000000
 2984000.000000 0.481145 2.346676 1.549267 0.003729 50752.952894 216.000000 3.000000 739.000000
 2984500.000000 0.450324 2.355167 1.549330 0.003730 50762.558112 216.000000 3.000000 400.000000
 2985000.000000 1.058180 2.033399 1.549470 0.003732 50772.330575 216.000000 3.000000 115.000000
 2985500.000000 0.145561 2.405542 1.549634 0.003732 50781.984393 216.000000 3.000000 20785.000000
 2986000.000000 0.000000 2.407800 1.549805 0.003732 50791.581716 216.000000 3.000000 20785.000000
 2986500.000000 0.241696 2.396494 1.549976 0.003732 50801.178641 216.000000 3.000000 20785.000000
 2987000.000000 0.000000 2.407897 1.550148 0.003732 50810.773536 216.000000 3.000000 20785.000000
 2987500.000000 0.000000 2.407946 1.550320 0.003732 50820.368566 216.000000 3.000000 20785.000000
 2988000.000000 0.225087 2.398569 1.550487 0.003733 50829.994791 216.000000 3.000000 208.000000
 2988500.000000 0.000000 2.407945 1.550658 0.003733 50839.593945 216.000000 3.000000 208.000000
 2989000.000000 0.000000 2.407994 1.550829 0.003733 50849.189560 216.000000 3.000000 208.000000
 2989500.000000 0.000000 2.408043 1.551001 0.003733 50858.785309 216.000000 3.000000 208.000000
 2990000.000000 0.000000 2.408092 1.551172 0.003733 50868.381193 216.000000 3.000000 208.000000
 2990500.000000 0.000000 2.408136 1.551342 0.003733 50877.986454 216.000000 3.000000 208.000000
 2991000.000000 0.000000 2.408185 1.551513 0.003733 50887.582611 216.000000 3.000000 208.000000
 2991500.000000 0.000000 2.408234 1.551684 0.003733 50897.178902 216.000000 3.000000 208.000000
 2992000.000000 0.000000 2.408283 1.551855 0.003733 50906.775328 216.000000 3.000000 208.000000
 2992500.000000 0.000000 2.408332 1.552026 0.003733 50916.371887 216.000000 3.000000 208.000000
 2993000.000000 0.000000 2.408381 1.552197 0.003733 50925.968580 216.000000 3.000000 208.000000
 2993500.000000 0.000000 2.408430 1.552368 0.003733 50935.565407 216.000000 3.000000 208.000000
 2994000.000000 0.000000 2.408479 1.552539 0.003733 50945.162368 216.000000 3.000000 208.000000
 2994500.000000 0.000000 2.408528 1.552709 0.003733 50954.759462 216.000000 3.000000 208.000000
 2995000.000000 0.000000 2.408577 1.552880 0.003733 50964.356690 216.000000 3.000000 208.000000
 2995500.000000 0.000000 2.408625 1.553051 0.003733 50973.954052 216.000000 3.000000 208.000000
 2996000.000000 0.000000 2.408674 1.553221 0.003733 50983.551547 216.000000 3.000000 208.000000
 2996500.000000 0.000000 2.408723 1.553392 0.003733 50993.149176 216.000000 3.000000 208.000000
 2997000.000000 0.000000 2.408772 1.553562 0.003733 51002.746937 216.000000 3.000000 208.000000
 2997500.000000 0.243623 2.397177 1.553731 0.003733 51012.359035 216.000000 3.000000 208.000000
 2998000.000000 0.000000 2.408858 1.553901 0.003733 51021.957235 216.000000 3.000000 208.000000
 2998500.000000 0.000000 2.408906 1.554072 0.003733 51031.555106 216.000000 3.000000 208.000000
 2999000.000000 0.000000 2.408954 1.554242 0.003733 51041.153263 216.000000 3.000000 208.000000
 2999500.000000 0.000000 2.409003 1.554412 0.003733 51050.751708 216.000000 3.000000 208.000000
 3000000.000000 0.000000 2.409052 1.554582 0.003733 51060.350287 216.000000 3.000000 208.000000
 3000500.000000 0.074861 2.409695 1.554752 0.003733 51069.948572 216.000000 3.000000 208.000000
 3001000.000000 0.000000 2.409148 1.554922 0.003733 51079.547418 216.000000 3.000000 208.000000
 3001500.000000 0.107418 2.408894 1.555092 0.003733 51089.146455 216.000000 3.000000 208.000000
 3002000.000000 0.000000 2.409244 1.555262 0.003733 51098.745568 216.000000 3.000000 208.000000
 3002500.000000 0.000000 2.409293 1.555432 0.003733 51108.344813 216.000000 3.000000 208.000000
 3003000.000000 0.000000 2.409341 1.555602 0.003734 51117.944191 216.000000 3.000000 208.000000
 3003500.000000 0.000000 2.409389 1.555771 0.003734 51127.543701 216.000000 3.000000 208.000000
 3004000.000000 0.000000 2.409438 1.555941 0.003734 51137.143344 216.000000 3.000000 208.000000
 3004500.000000 0.000000 2.409486 1.556111 0.003734 51146.743119 216.000000 3.000000 208.000000
 3005000.000000 0.000000 2.409535 1.556280 0.003734 51156.343026 216.000000 3.000000 208.000000
 3005500.000000 0.000000 2.409583 1.556450 0.003734 51165.943065 216.000000 3.000000 208.000000
 3006000.000000 0.000000 2.409631 1.556619 0.003734 51175.543236 216.000000 3.000000 208.000000
 3006500.000000 0.000000 2.409680 1.556788 0.003734 51185.143539 216.000000 3.000000 208.000000
 3007000.000000 0.000000 2.409728 1.556958 0.003734 51194.743974 216.000000 3.000000 208.000000
 3007500.000000 0.045090 2.410565 1.557125 0.003734 51204.361801 216.000000 3.000000 208.000000
 3008000.000000 0.067324 2.410507 1.557293 0.003734 51213.968016 216.000000 3.000000 208.000000
 3008500.000000 0.982667 2.095791 1.557452 0.003734 51223.635938 216.000000 3.000000 208.000000
 3009000.000000 0.439800 2.359628 1.557547 0.003736 51233.466738 216.000000 3.000000 55.000000
 3009500.000000 4.022903 0.669195 1.557487 0.003735 51242.370964 216.000000 4.000000 56.000000
 3010000.000000 1.117996 1.980581 1.557494 0.003735 51251.777581 216.000000 3.000000 53.000000
 3010500.000000 0.858673 2.180693 1.557532 0.003735 51261.569831 216.000000 3.000000 1500.000000
 3011000.000000 1.474538 1.465572 1.557622 0.003737 51271.430845 216.000000 4.000000 7627.000000
 3011500.000000 2.670056 0.809319 1.557612 0.003736 51280.753600 216.000000 4.000000 186.000000
 3012000.000000 2.607959 0.826677 1.557601 0.003737 51289.976772 216.000000 4.000000 233.000000
 3012500.000000 5.737714 0.499892 1.557495 0.003737 51298.464236 216.000000 3.000000 954.000000
 3013000.000000 5.382160 0.517769 1.557343 0.003737 51306.339284 216.000000 3.000000 13.000000
 3013500.000000 7.172550 0.366463 1.557194 0.003737 51314.282193 216.000000 3.000000 143.000000
 3014000.000000 4.280383 0.650292 1.557065 0.003737 51322.566663 216.000000 4.000000 576.000000
 3014500.000000 1.365951 1.673401 1.556956 0.003737 51331.097724 216.000000 4.000000 509.000000
 3015000.000000 9.211714 0.247019 1.556827 0.003737 51339.377751 216.000000 3.000000 24.000000
 3015500.000000 6.248199 0.478313 1.556683 0.003737 51347.405300 216.000000 3.000000 353.000000
 3016000.000000 6.867594 0.389087 1.556536 0.003736 51355.372652 216.000000 3.000000 157.000000
 3016500.000000 4.812432 0.567905 1.556397 0.003736 51363.491155 216.000000 3.000000 186.000000
 3017000.000000 2.730981 0.798555 1.556256 0.003736 51371.564365 216.000000 4.000000 241.000000
 3017500.000000 5.630384 0.527673 1.556137 0.003735 51380.008706 216.000000 3.000000 86.000000
 3018000.000000 4.508023 0.631947 1.556004 0.003735 51388.229767 216.000000 3.000000 86.000000
 3018500.000000 3.444800 0.694600 1.555870 0.003735 51396.413046 216.000000 3.000000 161.000000
 3019000.000000 2.532971 0.854016 1.555748 0.003735 51404.811155 216.000000 4.000000 307.000000
 3019500.000000 9.684149 0.296147 1.555589 0.003735 51412.554622 216.000000 3.000000 45.000000
 3020000.000000 7.301541 0.396620 1.555439 0.003735 51420.465516 216.000000 3.000000 19.000000
 3020500.000000 4.279720 0.668116 1.555312 0.003733 51428.776475 216.000000 3.000000 296.000000
 3021000.000000 1.655223 0.942408 1.555193 0.003733 51437.219782 216.000000 4.000000 288.000000
 3021500.000000 2.277330 0.906087 1.555081 0.003732 51445.779052 216.000000 4.000000 123.000000
 3022000.000000 1.629672 0.944381 1.554985 0.003730 51454.560031 216.000000 3.000000 689.000000
 3022500.000000 5.948575 0.535620 1.554905 0.003730 51463.427340 216.000000 3.000000 1100.000000
 3023000.000000 4.573184 0.634628 1.554825 0.003730 51472.170933 216.000000 3.000000 98.000000
 3023500.000000 7.627220 0.390687 1.554695 0.003729 51480.420230 216.000000 3.000000 144.000000
 3024000.000000 10.294781 0.313187 1.554530 0.003729 51488.045757 216.000000 3.000000 34.000000
 3024500.000000 1.776693 0.952059 1.554430 0.003728 51496.669066 216.000000 4.000000 29.000000
 3025000.000000 2.424960 0.888633 1.554318 0.003728 51505.137367 216.000000 4.000000 13.000000
 3025500.000000 0.342520 2.380915 1.554387 0.003727 51514.543496 216.000000 3.000000 894.000000
 3026000.000000 1.786157 0.955203 1.554354 0.003727 51523.811155 216.000000 3.000000 450.000000
 3026500.000000 2.212189 0.927569 1.554331 0.003726 51532.994956 216.000000 4.000000 33.000000
 3027000.000000 1.222148 1.871443 1.554405 0.003727 51542.606328 216.000000 3.000000 96.000000
 3027500.000000 0.152320 2.405535 1.554480 0.003728 51552.261671 216.000000 3.000000 1252.000000
 3028000.000000 0.712757 2.259159 1.554626 0.003730 51562.008601 216.000000 3.000000 1252.000000
 3028500.000000 1.074681 2.021288 1.554714 0.003730 51571.641602 216.000000 3.000000 1042.000000
 3029000.000000 0.972194 2.103902 1.554796 0.003733 51581.464937 216.000000 3.000000 225.000000
 3029500.000000 2.784309 0.804918 1.554885 0.003733 51591.031872 216.000000 4.000000 26.000000
 3030000.000000 3.592207 0.719122 1.554859 0.003733 51600.195752 216.000000 3.000000 292.000000
 3030500.000000 2.505957 0.880926 1.554765 0.003733 51608.922991 216.000000 4.000000 122.000000
 3031000.000000 1.466285 1.492112 1.554762 0.003732 51618.354962 216.000000 4.000000 48.000000
 3031500.000000 0.112416 2.406827 1.554900 0.003733 51628.132885 216.000000 3.000000 738.000000
 3032000.000000 1.083089 2.014248 1.555034 0.003733 51637.715547 216.000000 3.000000 73.000000
 3032500.000000 0.479021 2.347296 1.555191 0.003734 51647.391924 216.000000 3.000000 77.000000
 3033000.000000 0.000000 2.407155 1.555356 0.003734 51657.014739 216.000000 3.000000 77.000000
 3033500.000000 0.133412 2.405933 1.555522 0.003734 51666.623420 216.000000 3.000000 77.000000
 3034000.000000 0.299470 2.387966 1.555688 0.003734 51676.239550 216.000000 3.000000 77.000000
 3034500.000000 0.074733 2.408009 1.555852 0.003734 51685.863540 216.000000 3.000000 77.000000
 3035000.000000 0.000000 2.407313 1.556020 0.003734 51695.465080 216.000000 3.000000 77.000000
 3035500.000000 0.106837 2.407288 1.556187 0.003734 51705.066158 216.000000 3.000000 77.000000
 3036000.000000 0.060930 2.408287 1.556355 0.003734 51714.666609 216.000000 3.000000 77.000000
 3036500.000000 0.000000 2.407454 1.556522 0.003734 51724.267945 216.000000 3.000000 77.000000
 3037000.000000 0.000000 2.407502 1.556689 0.003734 51733.869578 216.000000 3.000000 77.000000
 3037500.000000 0.208233 2.400441 1.556856 0.003734 51743.472419 216.000000 3.000000 77.000000
 3038000.000000 0.000000 2.407595 1.557023 0.003734 51753.074607 216.000000 3.000000 77.000000
 3038500.000000 0.057121 2.408538 1.557190 0.003734 51762.676462 216.000000 3.000000 77.000000
 3039000.000000 0.000000 2.407690 1.557357 0.003734 51772.278675 216.000000 3.000000 77.000000
 3039500.000000 0.000000 2.407739 1.557524 0.003735 51781.880960 216.000000 3.000000 77.000000
 3040000.000000 0.000000 2.407787 1.557691 0.003735 51791.483374 216.000000 3.000000 77.000000
 3040500.000000 0.000000 2.407835 1.557858 0.003735 51801.085916 216.000000 3.000000 77.000000
 3041000.000000 0.000000 2.407883 1.558024 0.003735 51810.688586 216.000000 3.000000 77.000000
 3041500.000000 0.000000 2.407932 1.558191 0.003735 51820.291384 216.000000 3.000000 77.000000
 3042000.000000 0.000000 2.407980 1.558358 0.003735 51829.894311 216.000000 3.000000 77.000000
 3042500.000000 0.000000 2.408028 1.558524 0.003735 51839.497365 216.000000 3.000000 77.000000
 3043000.000000 0.000000 2.408076 1.558691 0.003735 51849.100547 216.000000 3.000000 77.000000
 3043500.000000 0.000000 2.408124 1.558857 0.003735 51858.703857 216.000000 3.000000 77.000000
 3044000.000000 0.000000 2.408173 1.559024 0.003735 51868.307295 216.000000 3.000000 77.000000
 3044500.000000 0.000000 2.408221 1.559190 0.003735 51877.910861 216.000000 3.000000 77.000000
 3045000.000000 0.000000 2.408269 1.559356 0.003735 51887.514554 216.000000 3.000000 77.000000
 3045500.000000 0.000000 2.408317 1.559523 0.003735 51897.118375 216.000000 3.000000 77.000000
 3046000.000000 0.000000 2.408365 1.559689 0.003735 51906.722323 216.000000 3.000000 77.000000
 3046500.000000 0.000000 2.408413 1.559855 0.003735 51916.326399 216.000000 3.000000 77.000000
 3047000.000000 0.000000 2.408461 1.560021 0.003735 51925.930602 216.000000 3.000000 77.000000
 3047500.000000 0.000000 2.408509 1.560187 0.003735 51935.534932 216.000000 3.000000 77.000000
 3048000.000000 0.000000 2.408557 1.560353 0.003735 51945.139390 216.000000 3.000000 77.000000
 3048500.000000 0.000000 2.408605 1.560519 0.003735 51954.743975 216.000000 3.000000 77.000000
 3049000.000000 0.000000 2.408653 1.560685 0.003735 51964.348687 216.000000 3.000000 77.000000
 3049500.000000 0.000000 2.408701 1.560851 0.003735 51973.953526 216.000000 3.000000 77.000000
 3050000.000000 0.000000 2.408748 1.561016 0.003735 51983.558492 216.000000 3.000000 77.000000
 3050500.000000 0.000000 2.408796 1.561182 0.003735 51993.163585 216.000000 3.000000 77.000000
 3051000.000000 0.000000 2.408844 1.561348 0.003735 52002.768805 216.000000 3.000000 77.000000
 3051500.000000 0.000000 2.408892 1.561513 0.003735 52012.374152 216.000000 3.000000 77.000000
 3052000.000000 0.000000 2.408940 1.561679 0.003735 52021.979625 216.000000 3.000000 77.000000
 3052500.000000 0.000000 2.408988 1.561844 0.003735 52031.585225 216.000000 3.000000 77.000000
 3053000.000000 0.000000 2.409035 1.562010 0.003735 52041.190952 216.000000 3.000000 77.000000
 3053500.000000 0.000000 2.409083 1.562175 0.003735 52050.796805 216.000000 3.000000 77.000000
 3054000.000000 0.000000 2.409131 1.562340 0.003735 52060.402785 216.000000 3.000000 77.000000
 3054500.000000 0.000000 2.409178 1.562506 0.003735 52070.008891 216.000000 3.000000 77.000000
 3055000.000000 0.000000 2.409226 1.562671 0.003735 52079.615123 216.000000 3.000000 77.000000
 3055500.000000 0.000000 2.409274 1.562836 0.003735 52089.221482 216.000000 3.000000 77.000000
 3056000.000000 0.000000 2.409321 1.563001 0.003735 52098.827967 216.000000 3.000000 77.000000
 3056500.000000 0.000000 2.409369 1.563166 0.003735 52108.434578 216.000000 3.000000 77.000000
 3057000.000000 0.000000 2.409417 1.563331 0.003735 52118.041315 216.000000 3.000000 77.000000
 3057500.000000 0.000000 2.409464 1.563496 0.003735 52127.648178 216.000000 3.000000 77.000000
 3058000.000000 0.000000 2.409512 1.563661 0.003735 52137.255167 216.000000 3.000000 77.000000
 3058500.000000 0.000000 2.409559 1.563826 0.003735 52146.862282 216.000000 3.000000 77.000000
 3059000.000000 0.000000 2.409607 1.563991 0.003735 52156.469522 216.000000 3.000000 77.000000
 3059500.000000 0.000000 2.409654 1.564155 0.003735 52166.076889 216.000000 3.000000 77.000000
 3060000.000000 0.000000 2.409702 1.564320 0.003735 52175.684381 216.000000 3.000000 77.000000
 3060500.000000 0.000000 2.409749 1.564485 0.003735 52185.291998 216.000000 3.000000 77.000000
 3061000.000000 0.000000 2.409797 1.564649 0.003735 52194.899742 216.000000 3.000000 77.000000
 3061500.000000 0.000000 2.409844 1.564814 0.003735 52204.507611 216.000000 3.000000 77.000000
 3062000.000000 0.000000 2.409891 1.564978 0.003735 52214.115605 216.000000 3.000000 77.000000
 3062500.000000 0.000000 2.409939 1.565143 0.003735 52223.723724 216.000000 3.000000 77.000000
 3063000.000000 0.000000 2.409986 1.565307 0.003735 52233.331969 216.000000 3.000000 77.000000
 3063500.000000 0.000000 2.410034 1.565471 0.003735 52242.940339 216.000000 3.000000 77.000000
 3064000.000000 0.000000 2.410081 1.565636 0.003735 52252.548835 216.000000 3.000000 77.000000
 3064500.000000 0.000000 2.410128 1.565800 0.003735 52262.157455 216.000000 3.000000 77.000000
 3065000.000000 0.000000 2.410175 1.565964 0.003735 52271.766200 216.000000 3.000000 77.000000
 3065500.000000 0.000000 2.410223 1.566128 0.003735 52281.375071 216.000000 3.000000 77.000000
 3066000.000000 0.000000 2.410270 1.566292 0.003735 52290.984066 216.000000 3.000000 77.000000
 3066500.000000 0.000000 2.410317 1.566456 0.003735 52300.593186 216.000000 3.000000 77.000000
 3067000.000000 0.000000 2.410364 1.566620 0.003735 52310.202431 216.000000 3.000000 77.000000
 3067500.000000 0.000000 2.410411 1.566784 0.003735 52319.811801 216.000000 3.000000 77.000000
 3068000.000000 0.000000 2.410459 1.566948 0.003735 52329.421295 216.000000 3.000000 77.000000
 3068500.000000 0.000000 2.410506 1.567111 0.003735 52339.030914 216.000000 3.000000 77.000000
 3069000.000000 0.000000 2.410553 1.567275 0.003735 52348.640657 216.000000 3.000000 77.000000
 3069500.000000 0.000000 2.410600 1.567439 0.003735 52358.250525 216.000000 3.000000 77.000000
 3070000.000000 0.000000 2.410647 1.567602 0.003735 52367.860517 216.000000 3.000000 77.000000
 3070500.000000 0.000000 2.410694 1.567766 0.003735 52377.470634 216.000000 3.000000 77.000000
 3071000.000000 0.000000 2.410741 1.567930 0.003735 52387.080875 216.000000 3.000000 77.000000
 3071500.000000 0.000000 2.410788 1.568093 0.003735 52396.691240 216.000000 3.000000 77.000000
 3072000.000000 0.000000 2.410835 1.568256 0.003735 52406.301729 216.000000 3.000000 77.000000
 3072500.000000 0.000000 2.410882 1.568420 0.003735 52415.912342 216.000000 3.000000 77.000000
 3073000.000000 0.000000 2.410929 1.568583 0.003735 52425.523079 216.000000 3.000000 77.000000
 3073500.000000 0.000000 2.410976 1.568746 0.003735 52435.133940 216.000000 3.000000 77.000000
 3074000.000000 0.000000 2.411023 1.568909 0.003735 52444.744926 216.000000 3.000000 77.000000
 3074500.000000 0.000000 2.411070 1.569073 0.003735 52454.356035 216.000000 3.000000 77.000000
 3075000.000000 0.000000 2.411117 1.569236 0.003735 52463.967267 216.000000 3.000000 77.000000
 3075500.000000 0.000000 2.411163 1.569399 0.003736 52473.578624 216.000000 3.000000 77.000000
 3076000.000000 0.000000 2.411210 1.569562 0.003736 52483.190104 216.000000 3.000000 77.000000
 3076500.000000 0.000000 2.411257 1.569724 0.003736 52492.801707 216.000000 3.000000 77.000000
 3077000.000000 0.000000 2.411304 1.569887 0.003736 52502.413434 216.000000 3.000000 77.000000
 3077500.000000 0.000000 2.411351 1.570050 0.003736 52512.025285 216.000000 3.000000 77.000000
 3078000.000000 0.000000 2.411397 1.570213 0.003736 52521.637259 216.000000 3.000000 77.000000
 3078500.000000 0.000000 2.411444 1.570376 0.003736 52531.249356 216.000000 3.000000 77.000000
 3079000.000000 0.000000 2.411491 1.570538 0.003736 52540.861576 216.000000 3.000000 77.000000
 3079500.000000 0.000000 2.411537 1.570701 0.003736 52550.473920 216.000000 3.000000 77.000000
 3080000.000000 0.000000 2.411584 1.570863 0.003736 52560.086387 216.000000 3.000000 77.000000
 3080500.000000 0.000000 2.411631 1.571026 0.003736 52569.698977 216.000000 3.000000 77.000000
 3081000.000000 0.000000 2.411677 1.571188 0.003736 52579.311689 216.000000 3.000000 77.000000
 3081500.000000 0.000000 2.411724 1.571351 0.003736 52588.924525 216.000000 3.000000 77.000000
 3082000.000000 0.000000 2.411771 1.571513 0.003736 52598.537484 216.000000 3.000000 77.000000
 3082500.000000 0.000000 2.411817 1.571675 0.003736 52608.150565 216.000000 3.000000 77.000000
 3083000.000000 0.000000 2.411864 1.571838 0.003736 52617.763769 216.000000 3.000000 77.000000
 3083500.000000 0.000000 2.411910 1.572000 0.003736 52627.377096 216.000000 3.000000 77.000000
 3084000.000000 0.000000 2.411957 1.572162 0.003736 52636.990546 216.000000 3.000000 77.000000
 3084500.000000 0.000000 2.412003 1.572324 0.003736 52646.604118 216.000000 3.000000 77.000000
 3085000.000000 0.000000 2.412050 1.572486 0.003736 52656.217813 216.000000 3.000000 77.000000
 3085500.000000 0.000000 2.412096 1.572648 0.003736 52665.831630 216.000000 3.000000 77.000000
 3086000.000000 0.000000 2.412143 1.572810 0.003736 52675.445569 216.000000 3.000000 77.000000
 3086500.000000 0.000000 2.412189 1.572972 0.003736 52685.059631 216.000000 3.000000 77.000000
 3087000.000000 0.000000 2.412235 1.573133 0.003736 52694.673815 216.000000 3.000000 77.000000
 3087500.000000 0.000000 2.412282 1.573295 0.003736 52704.288121 216.000000 3.000000 77.000000
 3088000.000000 0.000000 2.412328 1.573457 0.003736 52713.902549 216.000000 3.000000 77.000000
 3088500.000000 0.000000 2.412374 1.573619 0.003736 52723.517099 216.000000 3.000000 77.000000
 3089000.000000 0.000000 2.412421 1.573780 0.003736 52733.131771 216.000000 3.000000 77.000000
 3089500.000000 0.000000 2.412467 1.573942 0.003736 52742.746566 216.000000 3.000000 77.000000
 3090000.000000 0.000000 2.412513 1.574103 0.003736 52752.361482 216.000000 3.000000 77.000000
 3090500.000000 0.000000 2.412560 1.574265 0.003736 52761.976520 216.000000 3.000000 77.000000
 3091000.000000 0.000000 2.412606 1.574426 0.003736 52771.591679 216.000000 3.000000 77.000000
 3091500.000000 0.000000 2.412652 1.574587 0.003736 52781.206961 216.000000 3.000000 77.000000
 3092000.000000 0.000000 2.412698 1.574749 0.003736 52790.822364 216.000000 3.000000 77.000000
 3092500.000000 0.000000 2.412744 1.574910 0.003736 52800.437888 216.000000 3.000000 77.000000
 3093000.000000 0.000000 2.412791 1.575071 0.003736 52810.053534 216.000000 3.000000 77.000000
 3093500.000000 0.000000 2.412837 1.575232 0.003736 52819.669302 216.000000 3.000000 77.000000
 3094000.000000 0.000000 2.412883 1.575393 0.003736 52829.285191 216.000000 3.000000 77.000000
 3094500.000000 0.000000 2.412929 1.575554 0.003736 52838.901201 216.000000 3.000000 77.000000
 3095000.000000 0.000000 2.412975 1.575715 0.003736 52848.517332 216.000000 3.000000 77.000000
 3095500.000000 0.000000 2.413021 1.575876 0.003736 52858.133585 216.000000 3.000000 77.000000
 3096000.000000 0.000000 2.413067 1.576037 0.003736 52867.749958 216.000000 3.000000 77.000000
 3096500.000000 0.000000 2.413113 1.576198 0.003736 52877.366453 216.000000 3.000000 77.000000
 3097000.000000 0.000000 2.413159 1.576359 0.003736 52886.983069 216.000000 3.000000 77.000000
 3097500.000000 0.000000 2.413205 1.576519 0.003736 52896.599806 216.000000 3.000000 77.000000
 3098000.000000 0.000000 2.413251 1.576680 0.003736 52906.216663 216.000000 3.000000 77.000000
 3098500.000000 0.000000 2.413297 1.576841 0.003736 52915.833642 216.000000 3.000000 77.000000
 3099000.000000 0.000000 2.413343 1.577001 0.003736 52925.450741 216.000000 3.000000 77.000000
 3099500.000000 0.000000 2.413389 1.577162 0.003736 52935.067961 216.000000 3.000000 77.000000
 3100000.000000 0.000000 2.413435 1.577322 0.003736 52944.685302 216.000000 3.000000 77.000000
 3100500.000000 0.000000 2.413481 1.577483 0.003736 52954.302763 216.000000 3.000000 77.000000
 3101000.000000 0.000000 2.413526 1.577643 0.003736 52963.920344 216.000000 3.000000 77.000000
 3101500.000000 0.000000 2.413572 1.577803 0.003736 52973.538046 216.000000 3.000000 77.000000
 3102000.000000 0.000000 2.413618 1.577963 0.003736 52983.155869 216.000000 3.000000 77.000000
 3102500.000000 0.000000 2.413664 1.578124 0.003736 52992.773812 216.000000 3.000000 77.000000
 3103000.000000 0.000000 2.413710 1.578284 0.003736 53002.391875 216.000000 3.000000 77.000000
 3103500.000000 0.000000 2.413755 1.578444 0.003736 53012.010058 216.000000 3.000000 77.000000
 3104000.000000 0.000000 2.413801 1.578604 0.003736 53021.628361 216.000000 3.000000 77.000000
 3104500.000000 0.000000 2.413847 1.578764 0.003736 53031.246785 216.000000 3.000000 77.000000
 3105000.000000 0.000000 2.413892 1.578924 0.003736 53040.865329 216.000000 3.000000 77.000000
 3105500.000000 0.000000 2.413938 1.579084 0.003736 53050.483992 216.000000 3.000000 77.000000
 3106000.000000 0.000000 2.413984 1.579244 0.003736 53060.102775 216.000000 3.000000 77.000000
 3106500.000000 0.000000 2.414029 1.579403 0.003736 53069.721679 216.000000 3.000000 77.000000
 3107000.000000 0.000000 2.414075 1.579563 0.003736 53079.340702 216.000000 3.000000 77.000000
 3107500.000000 0.000000 2.414121 1.579723 0.003736 53088.959844 216.000000 3.000000 77.000000
 3108000.000000 0.000000 2.414166 1.579882 0.003736 53098.579107 216.000000 3.000000 77.000000
 3108500.000000 0.000000 2.414212 1.580042 0.003736 53108.198489 216.000000 3.000000 77.000000
 3109000.000000 0.000000 2.414257 1.580201 0.003736 53117.817990 216.000000 3.000000 77.000000
 3109500.000000 0.000000 2.414303 1.580361 0.003736 53127.437611 216.000000 3.000000 77.000000
 3110000.000000 0.000000 2.414348 1.580520 0.003736 53137.057352 216.000000 3.000000 77.000000
 3110500.000000 0.000000 2.414394 1.580680 0.003736 53146.677212 216.000000 3.000000 77.000000
 3111000.000000 0.000000 2.414439 1.580839 0.003736 53156.297191 216.000000 3.000000 77.000000
 3111500.000000 0.000000 2.414485 1.580998 0.003736 53165.917289 216.000000 3.000000 77.000000
 3112000.000000 0.000000 2.414530 1.581158 0.003736 53175.537507 216.000000 3.000000 77.000000
 3112500.000000 0.000000 2.414576 1.581317 0.003737 53185.157843 216.000000 3.000000 77.000000
 3113000.000000 0.000000 2.414621 1.581476 0.003737 53194.778299 216.000000 3.000000 77.000000
 3113500.000000 0.000000 2.414666 1.581635 0.003737 53204.398874 216.000000 3.000000 77.000000
 3114000.000000 0.000000 2.414712 1.581794 0.003737 53214.019567 216.000000 3.000000 77.000000
 3114500.000000 0.000000 2.414757 1.581953 0.003737 53223.640380 216.000000 3.000000 77.000000
 3115000.000000 0.000000 2.414802 1.582112 0.003737 53233.261311 216.000000 3.000000 77.000000
 3115500.000000 0.000000 2.414848 1.582271 0.003737 53242.882361 216.000000 3.000000 77.000000
 3116000.000000 0.000000 2.414893 1.582429 0.003737 53252.503530 216.000000 3.000000 77.000000
 3116500.000000 0.000000 2.414938 1.582588 0.003737 53262.124817 216.000000 3.000000 77.000000
 3117000.000000 0.000000 2.414983 1.582747 0.003737 53271.746223 216.000000 3.000000 77.000000
 3117500.000000 0.000000 2.415029 1.582906 0.003737 53281.367748 216.000000 3.000000 77.000000
 3118000.000000 0.000000 2.415074 1.583064 0.003737 53290.989391 216.000000 3.000000 77.000000
 3118500.000000 0.000000 2.415119 1.583223 0.003737 53300.611152 216.000000 3.000000 77.000000
 3119000.000000 0.000000 2.415164 1.583381 0.003737 53310.233032 216.000000 3.000000 77.000000
 3119500.000000 0.000000 2.415209 1.583540 0.003737 53319.855030 216.000000 3.000000 77.000000
 3120000.000000 0.000000 2.415254 1.583698 0.003737 53329.477146 216.000000 3.000000 77.000000
 3120500.000000 0.000000 2.415300 1.583856 0.003737 53339.099380 216.000000 3.000000 77.000000
 3121000.000000 0.000000 2.415345 1.584015 0.003737 53348.721732 216.000000 3.000000 77.000000
 3121500.000000 0.000000 2.415390 1.584173 0.003737 53358.344203 216.000000 3.000000 77.000000
 3122000.000000 0.000000 2.415435 1.584331 0.003737 53367.966791 216.000000 3.000000 77.000000
 3122500.000000 0.000000 2.415480 1.584489 0.003737 53377.589498 216.000000 3.000000 77.000000
 3123000.000000 0.000000 2.415525 1.584647 0.003737 53387.212322 216.000000 3.000000 77.000000
 3123500.000000 0.000000 2.415570 1.584805 0.003737 53396.835264 216.000000 3.000000 77.000000
 3124000.000000 0.000000 2.415615 1.584963 0.003737 53406.458323 216.000000 3.000000 77.000000
 3124500.000000 0.000000 2.415660 1.585121 0.003737 53416.081501 216.000000 3.000000 77.000000
 3125000.000000 0.000000 2.415705 1.585279 0.003737 53425.704796 216.000000 3.000000 77.000000
 3125500.000000 0.000000 2.415750 1.585437 0.003737 53435.328208 216.000000 3.000000 77.000000
 3126000.000000 0.000000 2.415794 1.585595 0.003737 53444.951739 216.000000 3.000000 77.000000
 3126500.000000 0.000000 2.415839 1.585753 0.003737 53454.575386 216.000000 3.000000 77.000000
 3127000.000000 0.000000 2.415884 1.585910 0.003737 53464.199151 216.000000 3.000000 77.000000
 3127500.000000 0.000000 2.415929 1.586068 0.003737 53473.823033 216.000000 3.000000 77.000000
 3128000.000000 0.000000 2.415974 1.586226 0.003737 53483.447033 216.000000 3.000000 77.000000
 3128500.000000 0.000000 2.416019 1.586383 0.003737 53493.071149 216.000000 3.000000 77.000000
 3129000.000000 0.000000 2.416063 1.586541 0.003737 53502.695383 216.000000 3.000000 77.000000
 3129500.000000 0.000000 2.416108 1.586698 0.003737 53512.319734 216.000000 3.000000 77.000000
 3130000.000000 0.000000 2.416153 1.586855 0.003737 53521.944202 216.000000 3.000000 77.000000
 3130500.000000 0.000000 2.416198 1.587013 0.003737 53531.568787 216.000000 3.000000 77.000000
 3131000.000000 0.000000 2.416242 1.587170 0.003737 53541.193489 216.000000 3.000000 77.000000
 3131500.000000 0.000000 2.416287 1.587327 0.003737 53550.818308 216.000000 3.000000 77.000000
 3132000.000000 0.000000 2.416332 1.587485 0.003737 53560.443243 216.000000 3.000000 77.000000
 3132500.000000 0.000000 2.416376 1.587642 0.003737 53570.068295 216.000000 3.000000 77.000000
 3133000.000000 0.000000 2.416421 1.587799 0.003737 53579.693464 216.000000 3.000000 77.000000
 3133500.000000 0.000000 2.416466 1.587956 0.003737 53589.318750 216.000000 3.000000 77.000000
 3134000.000000 0.000000 2.416510 1.588113 0.003737 53598.944152 216.000000 3.000000 77.000000
 3134500.000000 0.000000 2.416555 1.588270 0.003737 53608.569670 216.000000 3.000000 77.000000
 3135000.000000 0.000000 2.416599 1.588427 0.003737 53618.195305 216.000000 3.000000 77.000000
 3135500.000000 0.000000 2.416644 1.588583 0.003737 53627.821057 216.000000 3.000000 77.000000
 3136000.000000 0.000000 2.416689 1.588740 0.003737 53637.446924 216.000000 3.000000 77.000000
 3136500.000000 0.000000 2.416733 1.588897 0.003737 53647.072908 216.000000 3.000000 77.000000
 3137000.000000 0.000000 2.416778 1.589054 0.003737 53656.699009 216.000000 3.000000 77.000000
 3137500.000000 0.000000 2.416822 1.589210 0.003737 53666.325225 216.000000 3.000000 77.000000
 3138000.000000 0.000000 2.416866 1.589367 0.003737 53675.951557 216.000000 3.000000 77.000000
 3138500.000000 0.000000 2.416911 1.589523 0.003737 53685.578006 216.000000 3.000000 77.000000
 3139000.000000 0.000000 2.416955 1.589680 0.003737 53695.204570 216.000000 3.000000 77.000000
 3139500.000000 0.000000 2.417000 1.589836 0.003737 53704.831251 216.000000 3.000000 77.000000
 3140000.000000 0.000000 2.417044 1.589993 0.003737 53714.458047 216.000000 3.000000 77.000000
 3140500.000000 0.000000 2.417088 1.590149 0.003737 53724.084959 216.000000 3.000000 77.000000
 3141000.000000 0.000000 2.417133 1.590305 0.003737 53733.711987 216.000000 3.000000 77.000000
 3141500.000000 0.000000 2.417177 1.590462 0.003737 53743.339130 216.000000 3.000000 77.000000
 3142000.000000 0.000000 2.417221 1.590618 0.003737 53752.966389 216.000000 3.000000 77.000000
 3142500.000000 0.000000 2.417266 1.590774 0.003737 53762.593764 216.000000 3.000000 77.000000
 3143000.000000 0.000000 2.417310 1.590930 0.003737 53772.221254 216.000000 3.000000 77.000000
 3143500.000000 0.000000 2.417354 1.591086 0.003737 53781.848860 216.000000 3.000000 77.000000
 3144000.000000 0.000000 2.417398 1.591242 0.003737 53791.476581 216.000000 3.000000 77.000000
 3144500.000000 0.000000 2.417443 1.591398 0.003737 53801.104417 216.000000 3.000000 77.000000
 3145000.000000 0.000000 2.417487 1.591554 0.003737 53810.732369 216.000000 3.000000 77.000000
 3145500.000000 0.000000 2.417531 1.591710 0.003737 53820.360435 216.000000 3.000000 77.000000
 3146000.000000 0.000000 2.417575 1.591866 0.003737 53829.988617 216.000000 3.000000 77.000000
 3146500.000000 0.000000 2.417619 1.592021 0.003737 53839.616914 216.000000 3.000000 77.000000
 3147000.000000 0.000000 2.417663 1.592177 0.003737 53849.245327 216.000000 3.000000 77.000000
 3147500.000000 0.000000 2.417708 1.592333 0.003737 53858.873854 216.000000 3.000000 77.000000
 3148000.000000 0.000000 2.417752 1.592488 0.003737 53868.502496 216.000000 3.000000 77.000000
 3148500.000000 0.000000 2.417796 1.592644 0.003737 53878.131253 216.000000 3.000000 77.000000
 3149000.000000 0.000000 2.417840 1.592799 0.003737 53887.760124 216.000000 3.000000 77.000000
 3149500.000000 0.000000 2.417884 1.592955 0.003737 53897.389111 216.000000 3.000000 77.000000
 3150000.000000 0.000000 2.417928 1.593110 0.003737 53907.018212 216.000000 3.000000 77.000000
 3150500.000000 0.000000 2.417972 1.593265 0.003737 53916.647428 216.000000 3.000000 77.000000
 3151000.000000 0.000000 2.418016 1.593421 0.003738 53926.276759 216.000000 3.000000 77.000000
 3151500.000000 0.000000 2.418060 1.593576 0.003738 53935.906204 216.000000 3.000000 77.000000
 3152000.000000 0.000000 2.418104 1.593731 0.003738 53945.535763 216.000000 3.000000 77.000000
 3152500.000000 0.000000 2.418148 1.593886 0.003738 53955.165437 216.000000 3.000000 77.000000
 3153000.000000 0.000000 2.418192 1.594041 0.003738 53964.795225 216.000000 3.000000 77.000000
 3153500.000000 0.000000 2.418235 1.594196 0.003738 53974.425128 216.000000 3.000000 77.000000
 3154000.000000 0.000000 2.418279 1.594351 0.003738 53984.055145 216.000000 3.000000 77.000000
 3154500.000000 0.000000 2.418323 1.594506 0.003738 53993.685275 216.000000 3.000000 77.000000
 3155000.000000 0.000000 2.418367 1.594661 0.003738 54003.315521 216.000000 3.000000 77.000000
 3155500.000000 0.000000 2.418411 1.594816 0.003738 54012.945880 216.000000 3.000000 77.000000
 3156000.000000 0.000000 2.418455 1.594971 0.003738 54022.576353 216.000000 3.000000 77.000000
 3156500.000000 0.000000 2.418498 1.595126 0.003738 54032.206940 216.000000 3.000000 77.000000
 3157000.000000 0.000000 2.418542 1.595280 0.003738 54041.837641 216.000000 3.000000 77.000000
 3157500.000000 0.000000 2.418586 1.595435 0.003738 54051.468456 216.000000 3.000000 77.000000
 3158000.000000 0.000000 2.418630 1.595590 0.003738 54061.099385 216.000000 3.000000 77.000000
 3158500.000000 0.000000 2.418673 1.595744 0.003738 54070.730427 216.000000 3.000000 77.000000
 3159000.000000 0.000000 2.418717 1.595899 0.003738 54080.361583 216.000000 3.000000 77.000000
 3159500.000000 0.000000 2.418761 1.596053 0.003738 54089.992853 216.000000 3.000000 77.000000
 3160000.000000 0.000000 2.418804 1.596208 0.003738 54099.624236 216.000000 3.000000 77.000000
 3160500.000000 0.000000 2.418848 1.596362 0.003738 54109.255733 216.000000 3.000000 77.000000
 3161000.000000 0.000000 2.418892 1.596516 0.003738 54118.887344 216.000000 3.000000 77.000000
 3161500.000000 0.000000 2.418935 1.596671 0.003738 54128.519067 216.000000 3.000000 77.000000
 3162000.000000 0.000000 2.418979 1.596825 0.003738 54138.150904 216.000000 3.000000 77.000000
 3162500.000000 0.000000 2.419022 1.596979 0.003738 54147.782854 216.000000 3.000000 77.000000
 3163000.000000 0.000000 2.419066 1.597133 0.003738 54157.414918 216.000000 3.000000 77.000000
 3163500.000000 0.000000 2.419109 1.597287 0.003738 54167.047095 216.000000 3.000000 77.000000
 3164000.000000 0.000000 2.419153 1.597441 0.003738 54176.679384 216.000000 3.000000 77.000000
 3164500.000000 0.000000 2.419196 1.597595 0.003738 54186.311787 216.000000 3.000000 77.000000
 3165000.000000 0.000000 2.419240 1.597749 0.003738 54195.944303 216.000000 3.000000 77.000000
 3165500.000000 0.000000 2.419283 1.597903 0.003738 54205.576932 216.000000 3.000000 77.000000
 3166000.000000 0.000000 2.419327 1.598057 0.003738 54215.209674 216.000000 3.000000 77.000000
 3166500.000000 0.000000 2.419370 1.598211 0.003738 54224.842528 216.000000 3.000000 77.000000
 3167000.000000 0.000000 2.419414 1.598364 0.003738 54234.475495 216.000000 3.000000 77.000000
 3167500.000000 0.000000 2.419457 1.598518 0.003738 54244.108575 216.000000 3.000000 77.000000
 3168000.000000 0.000000 2.419500 1.598672 0.003738 54253.741768 216.000000 3.000000 77.000000
 3168500.000000 0.000000 2.419544 1.598825 0.003738 54263.375073 216.000000 3.000000 77.000000
 3169000.000000 0.000000 2.419587 1.598979 0.003738 54273.008491 216.000000 3.000000 77.000000
 3169500.000000 0.000000 2.419630 1.599132 0.003738 54282.642021 216.000000 3.000000 77.000000
 3170000.000000 0.000000 2.419674 1.599286 0.003738 54292.275664 216.000000 3.000000 77.000000
 3170500.000000 0.000000 2.419717 1.599439 0.003738 54301.909419 216.000000 3.000000 77.000000
 3171000.000000 0.000000 2.419760 1.599592 0.003738 54311.543287 216.000000 3.000000 77.000000
 3171500.000000 0.000000 2.419803 1.599746 0.003738 54321.177267 216.000000 3.000000 77.000000
 3172000.000000 0.000000 2.419847 1.599899 0.003738 54330.811358 216.000000 3.000000 77.000000
 3172500.000000 0.000000 2.419890 1.600052 0.003738 54340.445563 216.000000 3.000000 77.000000
 3173000.000000 0.000000 2.419933 1.600205 0.003738 54350.079879 216.000000 3.000000 77.000000
 3173500.000000 0.000000 2.419976 1.600358 0.003738 54359.714307 216.000000 3.000000 77.000000
 3174000.000000 0.000000 2.420019 1.600512 0.003738 54369.348847 216.000000 3.000000 77.000000
 3174500.000000 0.000000 2.420063 1.600665 0.003738 54378.983500 216.000000 3.000000 77.000000
 3175000.000000 0.000000 2.420106 1.600818 0.003738 54388.618264 216.000000 3.000000 77.000000
 3175500.000000 0.000000 2.420149 1.600970 0.003738 54398.253140 216.000000 3.000000 77.000000
 3176000.000000 0.000000 2.420192 1.601123 0.003738 54407.888127 216.000000 3.000000 77.000000
 3176500.000000 0.000000 2.420235 1.601276 0.003738 54417.523227 216.000000 3.000000 77.000000
 3177000.000000 0.000000 2.420278 1.601429 0.003738 54427.158438 216.000000 3.000000 77.000000
 3177500.000000 0.000000 2.420321 1.601582 0.003738 54436.793760 216.000000 3.000000 77.000000
 3178000.000000 0.000000 2.420364 1.601734 0.003738 54446.429195 216.000000 3.000000 77.000000
 3178500.000000 0.000000 2.420407 1.601887 0.003738 54456.064740 216.000000 3.000000 77.000000
 3179000.000000 0.000000 2.420450 1.602039 0.003738 54465.700398 216.000000 3.000000 77.000000
 3179500.000000 0.000000 2.420493 1.602192 0.003738 54475.336166 216.000000 3.000000 77.000000
 3180000.000000 0.000000 2.420536 1.602344 0.003738 54484.972046 216.000000 3.000000 77.000000
 3180500.000000 0.000000 2.420579 1.602497 0.003738 54494.608037 216.000000 3.000000 77.000000
 3181000.000000 0.000000 2.420622 1.602649 0.003738 54504.244140 216.000000 3.000000 77.000000
 3181500.000000 0.000000 2.420665 1.602802 0.003738 54513.880353 216.000000 3.000000 77.000000
 3182000.000000 0.000000 2.420708 1.602954 0.003738 54523.516678 216.000000 3.000000 77.000000
 3182500.000000 0.000000 2.420750 1.603106 0.003738 54533.153113 216.000000 3.000000 77.000000
 3183000.000000 0.000000 2.420793 1.603258 0.003738 54542.789660 216.000000 3.000000 77.000000
 3183500.000000 0.000000 2.420836 1.603410 0.003738 54552.426318 216.000000 3.000000 77.000000
 3184000.000000 0.000000 2.420879 1.603563 0.003738 54562.063086 216.000000 3.000000 77.000000
 3184500.000000 0.000000 2.420922 1.603715 0.003738 54571.699966 216.000000 3.000000 77.000000
 3185000.000000 0.000000 2.420965 1.603867 0.003738 54581.336956 216.000000 3.000000 77.000000
 3185500.000000 0.000000 2.421007 1.604019 0.003738 54590.974057 216.000000 3.000000 77.000000
 3186000.000000 0.000000 2.421050 1.604170 0.003738 54600.611268 216.000000 3.000000 77.000000
 3186500.000000 0.000000 2.421093 1.604322 0.003738 54610.248590 216.000000 3.000000 77.000000
 3187000.000000 0.000000 2.421135 1.604474 0.003738 54619.886023 216.000000 3.000000 77.000000
 3187500.000000 0.000000 2.421178 1.604626 0.003738 54629.523566 216.000000 3.000000 77.000000
 3188000.000000 0.000000 2.421221 1.604778 0.003738 54639.161220 216.000000 3.000000 77.000000
 3188500.000000 0.000000 2.421263 1.604929 0.003738 54648.798984 216.000000 3.000000 77.000000
 3189000.000000 0.000000 2.421306 1.605081 0.003738 54658.436859 216.000000 3.000000 77.000000
 3189500.000000 0.000000 2.421349 1.605232 0.003738 54668.074843 216.000000 3.000000 77.000000
 3190000.000000 0.000000 2.421391 1.605384 0.003739 54677.712938 216.000000 3.000000 77.000000
 3190500.000000 0.000000 2.421434 1.605535 0.003739 54687.351144 216.000000 3.000000 77.000000
 3191000.000000 0.000000 2.421476 1.605687 0.003739 54696.989459 216.000000 3.000000 77.000000
 3191500.000000 0.000000 2.421519 1.605838 0.003739 54706.627884 216.000000 3.000000 77.000000
 3192000.000000 0.000000 2.421562 1.605990 0.003739 54716.266420 216.000000 3.000000 77.000000
 3192500.000000 0.000000 2.421604 1.606141 0.003739 54725.905065 216.000000 3.000000 77.000000
 3193000.000000 0.000000 2.421647 1.606292 0.003739 54735.543820 216.000000 3.000000 77.000000
 3193500.000000 0.000000 2.421689 1.606443 0.003739 54745.182685 216.000000 3.000000 77.000000
 3194000.000000 0.000000 2.421731 1.606594 0.003739 54754.821660 216.000000 3.000000 77.000000
 3194500.000000 0.000000 2.421774 1.606746 0.003739 54764.460745 216.000000 3.000000 77.000000
 3195000.000000 0.000000 2.421816 1.606897 0.003739 54774.099939 216.000000 3.000000 77.000000
 3195500.000000 0.000000 2.421859 1.607048 0.003739 54783.739243 216.000000 3.000000 77.000000
 3196000.000000 0.000000 2.421901 1.607199 0.003739 54793.378657 216.000000 3.000000 77.000000
 3196500.000000 0.000000 2.421944 1.607349 0.003739 54803.018180 216.000000 3.000000 77.000000
 3197000.000000 0.000000 2.421986 1.607500 0.003739 54812.657812 216.000000 3.000000 77.000000
 3197500.000000 0.000000 2.422028 1.607651 0.003739 54822.297555 216.000000 3.000000 77.000000
 3198000.000000 0.000000 2.422071 1.607802 0.003739 54831.937406 216.000000 3.000000 77.000000
 3198500.000000 0.000000 2.422113 1.607953 0.003739 54841.577367 216.000000 3.000000 77.000000
 3199000.000000 0.000000 2.422155 1.608103 0.003739 54851.217437 216.000000 3.000000 77.000000
 3199500.000000 0.000000 2.422197 1.608254 0.003739 54860.857616 216.000000 3.000000 77.000000
 3200000.000000 0.000000 2.422240 1.608405 0.003739 54870.497904 216.000000 3.000000 77.000000
 3200500.000000 0.000000 2.422282 1.608555 0.003739 54880.138301 216.000000 3.000000 77.000000
 3201000.000000 0.000000 2.422324 1.608706 0.003739 54889.778808 216.000000 3.000000 77.000000
 3201500.000000 0.000000 2.422366 1.608856 0.003739 54899.419423 216.000000 3.000000 77.000000
 3202000.000000 0.000000 2.422409 1.609006 0.003739 54909.060148 216.000000 3.000000 77.000000
 3202500.000000 0.000000 2.422451 1.609157 0.003739 54918.700981 216.000000 3.000000 77.000000
 3203000.000000 0.000000 2.422493 1.609307 0.003739 54928.341923 216.000000 3.000000 77.000000
 3203500.000000 0.000000 2.422535 1.609457 0.003739 54937.982974 216.000000 3.000000 77.000000
 3204000.000000 0.000000 2.422577 1.609607 0.003739 54947.624134 216.000000 3.000000 77.000000
 3204500.000000 0.000000 2.422619 1.609758 0.003739 54957.265402 216.000000 3.000000 77.000000
 3205000.000000 0.000000 2.422661 1.609908 0.003739 54966.906779 216.000000 3.000000 77.000000
 3205500.000000 0.000000 2.422703 1.610058 0.003739 54976.548265 216.000000 3.000000 77.000000
 3206000.000000 0.000000 2.422745 1.610208 0.003739 54986.189859 216.000000 3.000000 77.000000
 3206500.000000 0.000000 2.422788 1.610358 0.003739 54995.831561 216.000000 3.000000 77.000000
 3207000.000000 0.000000 2.422830 1.610508 0.003739 55005.473372 216.000000 3.000000 77.000000
 3207500.000000 0.000000 2.422872 1.610658 0.003739 55015.115291 216.000000 3.000000 77.000000
 3208000.000000 0.000000 2.422914 1.610807 0.003739 55024.757319 216.000000 3.000000 77.000000
 3208500.000000 0.000000 2.422956 1.610957 0.003739 55034.399455 216.000000 3.000000 77.000000
 3209000.000000 0.000000 2.422997 1.611107 0.003739 55044.041699 216.000000 3.000000 77.000000
 3209500.000000 0.000000 2.423039 1.611257 0.003739 55053.684051 216.000000 3.000000 77.000000
 3210000.000000 0.000000 2.423081 1.611406 0.003739 55063.326511 216.000000 3.000000 77.000000
 3210500.000000 0.000000 2.423123 1.611556 0.003739 55072.969079 216.000000 3.000000 77.000000
 3211000.000000 0.000000 2.423165 1.611705 0.003739 55082.611756 216.000000 3.000000 77.000000
 3211500.000000 0.000000 2.423207 1.611855 0.003739 55092.254540 216.000000 3.000000 77.000000
 3212000.000000 0.000000 2.423249 1.612004 0.003739 55101.897432 216.000000 3.000000 77.000000
 3212500.000000 0.000000 2.423291 1.612154 0.003739 55111.540432 216.000000 3.000000 77.000000
 3213000.000000 0.000000 2.423332 1.612303 0.003739 55121.183539 216.000000 3.000000 77.000000
 3213500.000000 0.000000 2.423374 1.612452 0.003739 55130.826755 216.000000 3.000000 77.000000
 3214000.000000 0.000000 2.423416 1.612602 0.003739 55140.470078 216.000000 3.000000 77.000000
 3214500.000000 0.000000 2.423458 1.612751 0.003739 55150.113508 216.000000 3.000000 77.000000
 3215000.000000 0.000000 2.423500 1.612900 0.003739 55159.757047 216.000000 3.000000 77.000000
 3215500.000000 0.000000 2.423541 1.613049 0.003739 55169.400692 216.000000 3.000000 77.000000
 3216000.000000 0.000000 2.423583 1.613198 0.003739 55179.044446 216.000000 3.000000 77.000000
 3216500.000000 0.000000 2.423625 1.613347 0.003739 55188.688306 216.000000 3.000000 77.000000
 3217000.000000 0.000000 2.423666 1.613496 0.003739 55198.332274 216.000000 3.000000 77.000000
 3217500.000000 0.000000 2.423708 1.613645 0.003739 55207.976349 216.000000 3.000000 77.000000
 3218000.000000 0.000000 2.423750 1.613794 0.003739 55217.620532 216.000000 3.000000 77.000000
 3218500.000000 0.000000 2.423791 1.613943 0.003739 55227.264822 216.000000 3.000000 77.000000
 3219000.000000 0.000000 2.423833 1.614092 0.003739 55236.909218 216.000000 3.000000 77.000000
 3219500.000000 0.000000 2.423875 1.614241 0.003739 55246.553722 216.000000 3.000000 77.000000
 3220000.000000 0.000000 2.423916 1.614389 0.003739 55256.198333 216.000000 3.000000 77.000000
 3220500.000000 0.000000 2.423958 1.614538 0.003739 55265.843051 216.000000 3.000000 77.000000
 3221000.000000 0.000000 2.423999 1.614687 0.003739 55275.487876 216.000000 3.000000 77.000000
 3221500.000000 0.000000 2.424041 1.614835 0.003739 55285.132808 216.000000 3.000000 77.000000
 3222000.000000 0.000000 2.424082 1.614984 0.003739 55294.777847 216.000000 3.000000 77.000000
 3222500.000000 0.000000 2.424124 1.615132 0.003739 55304.422992 216.000000 3.000000 77.000000
 3223000.000000 0.000000 2.424165 1.615281 0.003739 55314.068244 216.000000 3.000000 77.000000
 3223500.000000 0.000000 2.424207 1.615429 0.003739 55323.713603 216.000000 3.000000 77.000000
 3224000.000000 0.000000 2.424248 1.615577 0.003739 55333.359068 216.000000 3.000000 77.000000
 3224500.000000 0.000000 2.424290 1.615726 0.003739 55343.004640 216.000000 3.000000 77.000000
 3225000.000000 0.000000 2.424331 1.615874 0.003739 55352.650319 216.000000 3.000000 77.000000
 3225500.000000 0.000000 2.424373 1.616022 0.003739 55362.296104 216.000000 3.000000 77.000000
 3226000.000000 0.000000 2.424414 1.616170 0.003739 55371.941995 216.000000 3.000000 77.000000
 3226500.000000 0.000000 2.424455 1.616318 0.003739 55381.587993 216.000000 3.000000 77.000000
 3227000.000000 0.000000 2.424497 1.616466 0.003739 55391.234097 216.000000 3.000000 77.000000
 3227500.000000 0.000000 2.424538 1.616615 0.003739 55400.880307 216.000000 3.000000 77.000000
 3228000.000000 0.000000 2.424579 1.616762 0.003739 55410.526624 216.000000 3.000000 77.000000
 3228500.000000 0.000000 2.424621 1.616910 0.003739 55420.173046 216.000000 3.000000 77.000000
 3229000.000000 0.000000 2.424662 1.617058 0.003739 55429.819575 216.000000 3.000000 77.000000
 3229500.000000 0.000000 2.424703 1.617206 0.003739 55439.466210 216.000000 3.000000 77.000000
 3230000.000000 0.000000 2.424744 1.617354 0.003740 55449.112951 216.000000 3.000000 77.000000
 3230500.000000 0.000000 2.424786 1.617502 0.003740 55458.759797 216.000000 3.000000 77.000000
 3231000.000000 0.000000 2.424827 1.617649 0.003740 55468.406750 216.000000 3.000000 77.000000
 3231500.000000 0.000000 2.424868 1.617797 0.003740 55478.053808 216.000000 3.000000 77.000000
 3232000.000000 0.000000 2.424909 1.617945 0.003740 55487.700973 216.000000 3.000000 77.000000
 3232500.000000 0.000000 2.424950 1.618092 0.003740 55497.348243 216.000000 3.000000 77.000000
 3233000.000000 0.000000 2.424992 1.618240 0.003740 55506.995618 216.000000 3.000000 77.000000
 3233500.000000 0.000000 2.425033 1.618387 0.003740 55516.643100 216.000000 3.000000 77.000000
 3234000.000000 0.000000 2.425074 1.618535 0.003740 55526.290687 216.000000 3.000000 77.000000
 3234500.000000 0.000000 2.425115 1.618682 0.003740 55535.938379 216.000000 3.000000 77.000000
 3235000.000000 0.000000 2.425156 1.618829 0.003740 55545.586177 216.000000 3.000000 77.000000
 3235500.000000 0.000000 2.425197 1.618977 0.003740 55555.234081 216.000000 3.000000 77.000000
 3236000.000000 0.000000 2.425238 1.619124 0.003740 55564.882089 216.000000 3.000000 77.000000
 3236500.000000 0.000000 2.425279 1.619271 0.003740 55574.530204 216.000000 3.000000 77.000000
 3237000.000000 0.000000 2.425320 1.619418 0.003740 55584.178423 216.000000 3.000000 77.000000
 3237500.000000 0.000000 2.425361 1.619565 0.003740 55593.826748 216.000000 3.000000 77.000000
 3238000.000000 0.000000 2.425402 1.619712 0.003740 55603.475177 216.000000 3.000000 77.000000
 3238500.000000 0.000000 2.425443 1.619859 0.003740 55613.123712 216.000000 3.000000 77.000000
 3239000.000000 0.000000 2.425484 1.620006 0.003740 55622.772352 216.000000 3.000000 77.000000
 3239500.000000 0.000000 2.425525 1.620153 0.003740 55632.421098 216.000000 3.000000 77.000000
 3240000.000000 0.000000 2.425566 1.620300 0.003740 55642.069948 216.000000 3.000000 77.000000
 3240500.000000 0.000000 2.425607 1.620447 0.003740 55651.718903 216.000000 3.000000 77.000000
 3241000.000000 0.000000 2.425648 1.620594 0.003740 55661.367962 216.000000 3.000000 77.000000
 3241500.000000 0.000000 2.425689 1.620741 0.003740 55671.017127 216.000000 3.000000 77.000000
 3242000.000000 0.000000 2.425730 1.620887 0.003740 55680.666396 216.000000 3.000000 77.000000
 3242500.000000 0.000000 2.425771 1.621034 0.003740 55690.315771 216.000000 3.000000 77.000000
 3243000.000000 0.000000 2.425811 1.621181 0.003740 55699.965249 216.000000 3.000000 77.000000
 3243500.000000 0.000000 2.425852 1.621327 0.003740 55709.614833 216.000000 3.000000 77.000000
 3244000.000000 0.000000 2.425893 1.621474 0.003740 55719.264521 216.000000 3.000000 77.000000
 3244500.000000 0.000000 2.425934 1.621620 0.003740 55728.914313 216.000000 3.000000 77.000000
 3245000.000000 0.000000 2.425975 1.621767 0.003740 55738.564210 216.000000 3.000000 77.000000
 3245500.000000 0.000000 2.426015 1.621913 0.003740 55748.214212 216.000000 3.000000 77.000000
 3246000.000000 0.000000 2.426056 1.622059 0.003740 55757.864318 216.000000 3.000000 77.000000
 3246500.000000 0.000000 2.426097 1.622206 0.003740 55767.514528 216.000000 3.000000 77.000000
 3247000.000000 0.000000 2.426137 1.622352 0.003740 55777.164842 216.000000 3.000000 77.000000
 3247500.000000 0.000000 2.426178 1.622498 0.003740 55786.815261 216.000000 3.000000 77.000000
 3248000.000000 0.000000 2.426219 1.622644 0.003740 55796.465783 216.000000 3.000000 77.000000
 3248500.000000 0.000000 2.426259 1.622790 0.003740 55806.116410 216.000000 3.000000 77.000000
 3249000.000000 0.000000 2.426300 1.622936 0.003740 55815.767141 216.000000 3.000000 77.000000
 3249500.000000 0.000000 2.426341 1.623083 0.003740 55825.417976 216.000000 3.000000 77.000000
 3250000.000000 0.000000 2.426381 1.623228 0.003740 55835.068915 216.000000 3.000000 77.000000
 3250500.000000 0.000000 2.426422 1.623374 0.003740 55844.719958 216.000000 3.000000 77.000000
 3251000.000000 0.000000 2.426462 1.623520 0.003740 55854.371104 216.000000 3.000000 77.000000
 3251500.000000 0.000000 2.426503 1.623666 0.003740 55864.022355 216.000000 3.000000 77.000000
 3252000.000000 0.000000 2.426544 1.623812 0.003740 55873.673709 216.000000 3.000000 77.000000
 3252500.000000 0.000000 2.426584 1.623958 0.003740 55883.325167 216.000000 3.000000 77.000000
 3253000.000000 0.000000 2.426625 1.624103 0.003740 55892.976729 216.000000 3.000000 77.000000
 3253500.000000 0.000000 2.426665 1.624249 0.003740 55902.628394 216.000000 3.000000 77.000000
 3254000.000000 0.000000 2.426706 1.624395 0.003740 55912.280163 216.000000 3.000000 77.000000
 3254500.000000 0.000000 2.426746 1.624540 0.003740 55921.932035 216.000000 3.000000 77.000000
 3255000.000000 0.000000 2.426786 1.624686 0.003740 55931.584011 216.000000 3.000000 77.000000
 3255500.000000 0.000000 2.426827 1.624831 0.003740 55941.236090 216.000000 3.000000 77.000000
 3256000.000000 0.000000 2.426867 1.624977 0.003740 55950.888273 216.000000 3.000000 77.000000
 3256500.000000 0.000000 2.426908 1.625122 0.003740 55960.540559 216.000000 3.000000 77.000000
 3257000.000000 0.000000 2.426948 1.625268 0.003740 55970.192948 216.000000 3.000000 77.000000
 3257500.000000 0.000000 2.426988 1.625413 0.003740 55979.845440 216.000000 3.000000 77.000000
 3258000.000000 0.000000 2.427029 1.625558 0.003740 55989.498036 216.000000 3.000000 77.000000
 3258500.000000 0.000000 2.427069 1.625703 0.003740 55999.150734 216.000000 3.000000 77.000000
 3259000.000000 0.000000 2.427109 1.625849 0.003740 56008.803536 216.000000 3.000000 77.000000
 3259500.000000 0.000000 2.427150 1.625994 0.003740 56018.456441 216.000000 3.000000 77.000000
 3260000.000000 0.000000 2.427190 1.626139 0.003740 56028.109448 216.000000 3.000000 77.000000
 3260500.000000 0.000000 2.427230 1.626284 0.003740 56037.762559 216.000000 3.000000 77.000000
 3261000.000000 0.000000 2.427271 1.626429 0.003740 56047.415772 216.000000 3.000000 77.000000
 3261500.000000 0.000000 2.427311 1.626574 0.003740 56057.069089 216.000000 3.000000 77.000000
 3262000.000000 0.000000 2.427351 1.626719 0.003740 56066.722508 216.000000 3.000000 77.000000
 3262500.000000 0.000000 2.427391 1.626864 0.003740 56076.376029 216.000000 3.000000 77.000000
 3263000.000000 0.000000 2.427431 1.627008 0.003740 56086.029654 216.000000 3.000000 77.000000
 3263500.000000 0.000000 2.427472 1.627153 0.003740 56095.683381 216.000000 3.000000 77.000000
 3264000.000000 0.000000 2.427512 1.627298 0.003740 56105.337211 216.000000 3.000000 77.000000
 3264500.000000 0.000000 2.427552 1.627443 0.003740 56114.991143 216.000000 3.000000 77.000000
 3265000.000000 0.000000 2.427592 1.627587 0.003740 56124.645177 216.000000 3.000000 77.000000
 3265500.000000 0.000000 2.427632 1.627732 0.003740 56134.299314 216.000000 3.000000 77.000000
 3266000.000000 0.000000 2.427672 1.627876 0.003740 56143.953554 216.000000 3.000000 77.000000
 3266500.000000 0.000000 2.427712 1.628021 0.003740 56153.607896 216.000000 3.000000 77.000000
 3267000.000000 0.000000 2.427752 1.628165 0.003740 56163.262340 216.000000 3.000000 77.000000
 3267500.000000 0.000000 2.427792 1.628310 0.003740 56172.916886 216.000000 3.000000 77.000000
 3268000.000000 0.000000 2.427833 1.628454 0.003740 56182.571534 216.000000 3.000000 77.000000
 3268500.000000 0.000000 2.427873 1.628598 0.003740 56192.226285 216.000000 3.000000 77.000000
 3269000.000000 0.000000 2.427913 1.628743 0.003740 56201.881138 216.000000 3.000000 77.000000
 3269500.000000 0.000000 2.427953 1.628887 0.003740 56211.536092 216.000000 3.000000 77.000000
 3270000.000000 0.000000 2.427992 1.629031 0.003740 56221.191149 216.000000 3.000000 77.000000
 3270500.000000 0.000000 2.428032 1.629175 0.003740 56230.846307 216.000000 3.000000 77.000000
 3271000.000000 0.000000 2.428072 1.629319 0.003741 56240.501568 216.000000 3.000000 77.000000
 3271500.000000 0.000000 2.428112 1.629464 0.003741 56250.156930 216.000000 3.000000 77.000000
 3272000.000000 0.000000 2.428152 1.629608 0.003741 56259.812394 216.000000 3.000000 77.000000
 3272500.000000 0.000000 2.428192 1.629752 0.003741 56269.467960 216.000000 3.000000 77.000000
 3273000.000000 0.000000 2.428232 1.629896 0.003741 56279.123628 216.000000 3.000000 77.000000
 3273500.000000 0.000000 2.428272 1.630039 0.003741 56288.779397 216.000000 3.000000 77.000000
 3274000.000000 0.000000 2.428312 1.630183 0.003741 56298.435267 216.000000 3.000000 77.000000
 3274500.000000 0.000000 2.428352 1.630327 0.003741 56308.091240 216.000000 3.000000 77.000000
 3275000.000000 0.000000 2.428391 1.630471 0.003741 56317.747313 216.000000 3.000000 77.000000
 3275500.000000 0.000000 2.428431 1.630615 0.003741 56327.403489 216.000000 3.000000 77.000000
 3276000.000000 0.000000 2.428471 1.630758 0.003741 56337.059765 216.000000 3.000000 77.000000
 3276500.000000 0.000000 2.428511 1.630902 0.003741 56346.716143 216.000000 3.000000 77.000000
 3277000.000000 0.000000 2.428550 1.631045 0.003741 56356.372623 216.000000 3.000000 77.000000
 3277500.000000 0.000000 2.428590 1.631189 0.003741 56366.029203 216.000000 3.000000 77.000000
 3278000.000000 0.000000 2.428630 1.631333 0.003741 56375.685885 216.000000 3.000000 77.000000
 3278500.000000 0.000000 2.428670 1.631476 0.003741 56385.342668 216.000000 3.000000 77.000000
 3279000.000000 0.000000 2.428709 1.631619 0.003741 56394.999552 216.000000 3.000000 77.000000
 3279500.000000 0.000000 2.428749 1.631763 0.003741 56404.656537 216.000000 3.000000 77.000000
 3280000.000000 0.000000 2.428789 1.631906 0.003741 56414.313623 216.000000 3.000000 77.000000
 3280500.000000 0.000000 2.428828 1.632049 0.003741 56423.970810 216.000000 3.000000 77.000000
 3281000.000000 0.000000 2.428868 1.632193 0.003741 56433.628098 216.000000 3.000000 77.000000
 3281500.000000 0.000000 2.428908 1.632336 0.003741 56443.285486 216.000000 3.000000 77.000000
 3282000.000000 0.000000 2.428947 1.632479 0.003741 56452.942976 216.000000 3.000000 77.000000
 3282500.000000 0.000000 2.428987 1.632622 0.003741 56462.600566 216.000000 3.000000 77.000000
 3283000.000000 0.000000 2.429026 1.632765 0.003741 56472.258257 216.000000 3.000000 77.000000
 3283500.000000 0.000000 2.429066 1.632908 0.003741 56481.916049 216.000000 3.000000 77.000000
 3284000.000000 0.000000 2.429105 1.633051 0.003741 56491.573941 216.000000 3.000000 77.000000
 3284500.000000 0.000000 2.429145 1.633194 0.003741 56501.231934 216.000000 3.000000 77.000000
 3285000.000000 0.000000 2.429184 1.633337 0.003741 56510.890028 216.000000 3.000000 77.000000
 3285500.000000 0.000000 2.429224 1.633480 0.003741 56520.548222 216.000000 3.000000 77.000000
 3286000.000000 0.000000 2.429263 1.633623 0.003741 56530.206516 216.000000 3.000000 77.000000
 3286500.000000 0.000000 2.429303 1.633765 0.003741 56539.864911 216.000000 3.000000 77.000000
 3287000.000000 0.000000 2.429342 1.633908 0.003741 56549.523283 216.000000 3.000000 77.000000
 3287500.000000 0.000000 2.429381 1.634051 0.003741 56559.181879 216.000000 3.000000 77.000000
 3288000.000000 0.000000 2.429421 1.634193 0.003741 56568.840575 216.000000 3.000000 77.000000
 3288500.000000 0.000000 2.429450 1.634334 0.003741 56578.517874 216.000000 3.000000 3057.000000
 3289000.000000 0.349144 2.399402 1.634476 0.003741 56588.182038 216.000000 3.000000 3057.000000
 3289500.000000 0.784198 2.239208 1.634526 0.003742 56597.707629 216.000000 3.000000 148.000000
 3290000.000000 6.134555 0.480450 1.634541 0.003742 56606.897065 216.000000 3.000000 70.000000
 3290500.000000 9.378450 0.218506 1.634428 0.003743 56615.028620 216.000000 3.000000 13.000000
 3291000.000000 3.150846 0.684017 1.634279 0.003743 56622.743940 216.000000 4.000000 38.000000
 3291500.000000 1.614411 0.939972 1.634205 0.003743 56631.449079 216.000000 3.000000 65.000000
 3292000.000000 14.160826 0.094447 1.634079 0.003743 56639.379970 216.000000 4.000000 91.000000
 3292500.000000 7.124530 0.353521 1.634000 0.003742 56648.104631 216.000000 3.000000 65.000000
 3293000.000000 0.073806 2.429491 1.634059 0.003742 56657.493580 216.000000 3.000000 961.000000
 3293500.000000 0.000000 2.429067 1.634201 0.003742 56667.152694 216.000000 3.000000 961.000000
 3294000.000000 0.000000 2.429106 1.634343 0.003742 56676.811849 216.000000 3.000000 961.000000
 3294500.000000 0.000000 2.429145 1.634485 0.003742 56686.471138 216.000000 3.000000 961.000000
 3295000.000000 0.000000 2.429182 1.634627 0.003742 56696.132955 216.000000 3.000000 961.000000
 3295500.000000 0.000000 2.429218 1.634769 0.003742 56705.795059 216.000000 3.000000 961.000000
 3296000.000000 0.000000 2.429257 1.634911 0.003742 56715.454623 216.000000 3.000000 961.000000
 3296500.000000 0.000000 2.429296 1.635053 0.003742 56725.114285 216.000000 3.000000 961.000000
 3297000.000000 0.000000 2.429336 1.635195 0.003742 56734.774048 216.000000 3.000000 961.000000
 3297500.000000 0.000000 2.429375 1.635337 0.003742 56744.433909 216.000000 3.000000 961.000000
 3298000.000000 0.000000 2.429414 1.635479 0.003742 56754.093870 216.000000 3.000000 961.000000
 3298500.000000 0.000000 2.429454 1.635621 0.003742 56763.753931 216.000000 3.000000 961.000000
 3299000.000000 0.000000 2.429493 1.635763 0.003742 56773.414090 216.000000 3.000000 961.000000
 3299500.000000 0.000000 2.429532 1.635905 0.003742 56783.074349 216.000000 3.000000 961.000000
 3300000.000000 0.000000 2.429571 1.636046 0.003742 56792.734707 216.000000 3.000000 961.000000
 3300500.000000 0.000000 2.429610 1.636188 0.003742 56802.395165 216.000000 3.000000 961.000000
 3301000.000000 0.000000 2.429650 1.636330 0.003742 56812.055721 216.000000 3.000000 961.000000
 3301500.000000 0.000000 2.429689 1.636471 0.003742 56821.716376 216.000000 3.000000 961.000000
 3302000.000000 0.000000 2.429728 1.636613 0.003742 56831.377130 216.000000 3.000000 961.000000
 3302500.000000 0.000000 2.429767 1.636755 0.003742 56841.037984 216.000000 3.000000 961.000000
 3303000.000000 0.000000 2.429806 1.636896 0.003742 56850.698936 216.000000 3.000000 961.000000
 3303500.000000 0.000000 2.429845 1.637038 0.003742 56860.359987 216.000000 3.000000 961.000000
 3304000.000000 0.000000 2.429884 1.637179 0.003742 56870.021137 216.000000 3.000000 961.000000
 3304500.000000 0.000000 2.429923 1.637320 0.003742 56879.682385 216.000000 3.000000 961.000000
 3305000.000000 0.000000 2.429963 1.637462 0.003742 56889.343732 216.000000 3.000000 961.000000
 3305500.000000 0.000000 2.430002 1.637603 0.003742 56899.005178 216.000000 3.000000 961.000000
 3306000.000000 0.000000 2.430041 1.637744 0.003742 56908.666723 216.000000 3.000000 961.000000
 3306500.000000 0.000000 2.430080 1.637885 0.003742 56918.328366 216.000000 3.000000 961.000000
 3307000.000000 0.000000 2.430119 1.638027 0.003742 56927.990108 216.000000 3.000000 961.000000
 3307500.000000 0.000000 2.430158 1.638168 0.003742 56937.651948 216.000000 3.000000 961.000000
 3308000.000000 0.000000 2.430197 1.638309 0.003742 56947.313886 216.000000 3.000000 961.000000
 3308500.000000 0.000000 2.430236 1.638450 0.003742 56956.975923 216.000000 3.000000 961.000000
 3309000.000000 0.000000 2.430274 1.638591 0.003742 56966.638058 216.000000 3.000000 961.000000
 3309500.000000 0.000000 2.430313 1.638732 0.003742 56976.300292 216.000000 3.000000 961.000000
 3310000.000000 0.000000 2.430352 1.638873 0.003742 56985.962624 216.000000 3.000000 961.000000
 3310500.000000 0.000000 2.430391 1.639013 0.003742 56995.625054 216.000000 3.000000 961.000000
 3311000.000000 0.000000 2.430430 1.639154 0.003742 57005.287582 216.000000 3.000000 961.000000
 3311500.000000 0.000000 2.430469 1.639295 0.003742 57014.950208 216.000000 3.000000 961.000000
 3312000.000000 0.000000 2.430508 1.639436 0.003742 57024.612932 216.000000 3.000000 961.000000
 3312500.000000 0.000000 2.430547 1.639576 0.003742 57034.275755 216.000000 3.000000 961.000000
 3313000.000000 0.000000 2.430585 1.639717 0.003742 57043.938675 216.000000 3.000000 961.000000
 3313500.000000 0.000000 2.430624 1.639858 0.003742 57053.601693 216.000000 3.000000 961.000000
 3314000.000000 0.000000 2.430663 1.639998 0.003742 57063.264809 216.000000 3.000000 961.000000
 3314500.000000 0.000000 2.430702 1.640139 0.003742 57072.928023 216.000000 3.000000 961.000000
 3315000.000000 0.000000 2.430741 1.640279 0.003742 57082.591335 216.000000 3.000000 961.000000
 3315500.000000 0.000000 2.430779 1.640420 0.003742 57092.254744 216.000000 3.000000 961.000000
 3316000.000000 0.000000 2.430818 1.640560 0.003742 57101.918251 216.000000 3.000000 961.000000
 3316500.000000 0.000000 2.430857 1.640700 0.003742 57111.581856 216.000000 3.000000 961.000000
 3317000.000000 0.000000 2.430895 1.640841 0.003742 57121.245558 216.000000 3.000000 961.000000
 3317500.000000 0.000000 2.430934 1.640981 0.003742 57130.909358 216.000000 3.000000 961.000000
 3318000.000000 0.000000 2.430973 1.641121 0.003742 57140.573256 216.000000 3.000000 961.000000
 3318500.000000 0.000000 2.431011 1.641261 0.003742 57150.237250 216.000000 3.000000 961.000000
 3319000.000000 0.000000 2.431050 1.641402 0.003742 57159.901343 216.000000 3.000000 961.000000
 3319500.000000 0.000000 2.431089 1.641542 0.003742 57169.565532 216.000000 3.000000 961.000000
 3320000.000000 0.000000 2.431127 1.641682 0.003742 57179.229819 216.000000 3.000000 961.000000
 3320500.000000 0.000000 2.431166 1.641822 0.003742 57188.894204 216.000000 3.000000 961.000000
 3321000.000000 0.000000 2.431204 1.641962 0.003742 57198.558685 216.000000 3.000000 961.000000
 3321500.000000 0.000000 2.431243 1.642102 0.003742 57208.223264 216.000000 3.000000 961.000000
 3322000.000000 0.000000 2.431282 1.642242 0.003742 57217.887939 216.000000 3.000000 961.000000
 3322500.000000 0.000000 2.431320 1.642381 0.003742 57227.552712 216.000000 3.000000 961.000000
 3323000.000000 0.000000 2.431359 1.642521 0.003742 57237.217582 216.000000 3.000000 961.000000
 3323500.000000 0.000000 2.431397 1.642661 0.003742 57246.882549 216.000000 3.000000 961.000000
 3324000.000000 0.000000 2.431436 1.642801 0.003742 57256.547613 216.000000 3.000000 961.000000
 3324500.000000 0.000000 2.431474 1.642940 0.003742 57266.212774 216.000000 3.000000 961.000000
 3325000.000000 0.000000 2.431513 1.643080 0.003742 57275.878031 216.000000 3.000000 961.000000
 3325500.000000 0.000000 2.431551 1.643220 0.003742 57285.543386 216.000000 3.000000 961.000000
 3326000.000000 0.000000 2.431589 1.643359 0.003742 57295.208837 216.000000 3.000000 961.000000
 3326500.000000 0.000000 2.431628 1.643499 0.003742 57304.874385 216.000000 3.000000 961.000000
 3327000.000000 0.000000 2.431666 1.643638 0.003742 57314.540030 216.000000 3.000000 961.000000
 3327500.000000 0.000000 2.431705 1.643778 0.003742 57324.205771 216.000000 3.000000 961.000000
 3328000.000000 0.000000 2.431743 1.643917 0.003742 57333.871609 216.000000 3.000000 961.000000
 3328500.000000 0.000000 2.431781 1.644056 0.003742 57343.537543 216.000000 3.000000 961.000000
 3329000.000000 0.000000 2.431820 1.644196 0.003742 57353.203574 216.000000 3.000000 961.000000
 3329500.000000 0.000000 2.431858 1.644335 0.003742 57362.869702 216.000000 3.000000 961.000000
 3330000.000000 0.000000 2.431896 1.644474 0.003742 57372.535926 216.000000 3.000000 961.000000
 3330500.000000 0.000000 2.431935 1.644613 0.003742 57382.202246 216.000000 3.000000 961.000000
 3331000.000000 0.000000 2.431973 1.644752 0.003742 57391.868662 216.000000 3.000000 961.000000
 3331500.000000 0.000000 2.432011 1.644891 0.003742 57401.535175 216.000000 3.000000 961.000000
 3332000.000000 0.000000 2.432049 1.645031 0.003743 57411.201784 216.000000 3.000000 961.000000
 3332500.000000 0.000000 2.432088 1.645170 0.003743 57420.868489 216.000000 3.000000 961.000000
 3333000.000000 0.000000 2.432126 1.645308 0.003743 57430.535290 216.000000 3.000000 961.000000
 3333500.000000 0.000000 2.432164 1.645447 0.003743 57440.202188 216.000000 3.000000 961.000000
 3334000.000000 0.000000 2.432202 1.645586 0.003743 57449.869181 216.000000 3.000000 961.000000
 3334500.000000 0.000000 2.432241 1.645725 0.003743 57459.536271 216.000000 3.000000 961.000000
 3335000.000000 0.095016 2.432146 1.645864 0.003743 57469.203479 216.000000 3.000000 961.000000
 3335500.000000 0.000000 2.432316 1.646003 0.003743 57478.870761 216.000000 3.000000 961.000000
 3336000.000000 0.000000 2.432354 1.646141 0.003743 57488.538140 216.000000 3.000000 961.000000
 3336500.000000 0.000000 2.432393 1.646280 0.003743 57498.205614 216.000000 3.000000 961.000000
 3337000.000000 0.255851 2.418311 1.646418 0.003743 57507.875572 216.000000 3.000000 961.000000
 3337500.000000 0.000000 2.432462 1.646556 0.003743 57517.550406 216.000000 3.000000 961.000000
 3338000.000000 4.362466 0.625752 1.646587 0.003743 57526.763987 216.000000 3.000000 67.000000
 3338500.000000 6.237628 0.470056 1.646572 0.003745 57535.709211 216.000000 3.000000 30.000000
 3339000.000000 5.208661 0.526885 1.646449 0.003744 57543.920904 216.000000 4.000000 71.000000
 3339500.000000 19.233791 0.023078 1.646273 0.003744 57550.956549 216.000000 4.000000 26.000000
 3340000.000000 16.811145 -0.015375 1.646103 0.003744 57558.148272 216.000000 4.000000 16.000000
 3340500.000000 19.145048 0.029323 1.645918 0.003744 57564.963878 216.000000 4.000000 4.000000
 3341000.000000 8.282279 0.352687 1.645760 0.003744 57572.445661 216.000000 4.000000 62.000000
 3341500.000000 21.533675 -0.089508 1.645613 0.003744 57580.131459 216.000000 4.000000 12.000000
 3342000.000000 44.655939 -0.243650 1.645419 0.003744 57586.690393 216.000000 3.000000 3.000000
 3342500.000000 57.452659 -0.614917 1.645206 0.003744 57592.722566 216.000000 3.000000 2.000000
 3343000.000000 63.914777 -0.725212 1.644985 0.003744 57598.512342 216.000000 3.000000 2.000000
 3343500.000000 55.764808 -0.611256 1.644764 0.003744 57604.318242 216.000000 3.000000 5.000000
 3344000.000000 74.812261 -0.943013 1.644532 0.003743 57609.763130 216.000000 3.000000 32.000000
 3344500.000000 69.924952 -0.837890 1.644300 0.003743 57615.228737 216.000000 3.000000 10.000000
 3345000.000000 71.615324 -0.788400 1.644074 0.003743 57620.888653 216.000000 3.000000 3.000000
 3345500.000000 56.003342 -0.569418 1.643852 0.003743 57626.660865 216.000000 3.000000 11.000000
 3346000.000000 64.120527 -0.666080 1.643628 0.003743 57632.353474 216.000000 3.000000 32.000000
 3346500.000000 68.030023 -0.724856 1.643405 0.003743 57638.072294 216.000000 3.000000 4.000000
 3347000.000000 90.207612 -1.096763 1.643164 0.003743 57643.265864 216.000000 4.000000 5.000000
 3347500.000000 83.543413 -0.939826 1.642915 0.003743 57648.166734 216.000000 4.000000 2.000000
 3348000.000000 84.647901 -1.055882 1.642671 0.003743 57653.228946 216.000000 4.000000 2.000000
 3348500.000000 81.435313 -0.944034 1.642424 0.003743 57658.219797 216.000000 4.000000 32.000000
 3349000.000000 86.225075 -1.027392 1.642180 0.003743 57663.279300 216.000000 3.000000 8.000000
 3349500.000000 85.707321 -1.023326 1.641936 0.003743 57668.350305 216.000000 3.000000 6.000000
 3350000.000000 75.990237 -0.899077 1.641702 0.003743 57673.728468 216.000000 3.000000 5.000000
 3350500.000000 62.779066 -0.668398 1.641476 0.003743 57679.383129 216.000000 4.000000 5.000000
 3351000.000000 57.095880 -0.537658 1.641250 0.003743 57684.989002 216.000000 3.000000 11.000000
 3351500.000000 54.693168 -0.545482 1.641038 0.003743 57691.052774 216.000000 3.000000 16.000000
 3352000.000000 46.144745 -0.308973 1.640823 0.003743 57697.007284 216.000000 4.000000 4.000000
 3352500.000000 69.987466 -0.806713 1.640601 0.003742 57702.754861 216.000000 3.000000 3.000000
 3353000.000000 81.033517 -0.973673 1.640361 0.003742 57707.940094 216.000000 4.000000 11.000000
 3353500.000000 57.020407 -0.513401 1.640149 0.003742 57713.986955 216.000000 4.000000 2.000000
 3354000.000000 73.641819 -0.825932 1.639924 0.003742 57719.616696 216.000000 3.000000 4.000000
 3354500.000000 105.262610 -0.990619 1.639679 0.003742 57724.649860 216.000000 3.000000 11.000000
 3355000.000000 80.045418 -0.977791 1.639434 0.003742 57729.671122 216.000000 4.000000 3.000000
 3355500.000000 78.261554 -0.882373 1.639194 0.003742 57734.861900 216.000000 4.000000 16.000000
 3356000.000000 69.406775 -0.778239 1.638959 0.003742 57740.194904 216.000000 3.000000 16.000000
 3356500.000000 97.973364 -1.005049 1.638722 0.003742 57745.462914 216.000000 4.000000 4.000000
 3357000.000000 73.062564 -0.763594 1.638490 0.003742 57750.890524 216.000000 3.000000 4.000000
 3357500.000000 61.544437 -0.632128 1.638272 0.003742 57756.733755 216.000000 4.000000 4.000000
 3358000.000000 76.526244 -0.827757 1.638033 0.003742 57761.943532 216.000000 3.000000 3.000000
 3358500.000000 81.921117 -0.812521 1.637796 0.003742 57767.228083 216.000000 4.000000 3.000000
 3359000.000000 89.264098 -0.987340 1.637557 0.003742 57772.424822 216.000000 4.000000 6.000000
 3359500.000000 94.865718 -1.004157 1.637314 0.003742 57777.512495 216.000000 4.000000 11.000000
 3360000.000000 62.651999 -0.605793 1.637081 0.003742 57782.894888 216.000000 4.000000 5.000000
 3360500.000000 37.362902 -0.145141 1.636864 0.003742 57788.751712 216.000000 3.000000 14.000000
 3361000.000000 27.536638 -0.009193 1.636675 0.003742 57795.441535 216.000000 4.000000 12.000000
 3361500.000000 35.110025 -0.128204 1.636493 0.003742 57802.287442 216.000000 3.000000 18.000000
 3362000.000000 33.948835 -0.083168 1.636308 0.003742 57809.048887 216.000000 3.000000 4.000000
 3362500.000000 31.445725 -0.031933 1.636122 0.003741 57815.818501 216.000000 3.000000 5.000000
 3363000.000000 41.240653 -0.191604 1.635937 0.003741 57822.566383 216.000000 3.000000 43.000000
 3363500.000000 23.705958 -0.063234 1.635742 0.003741 57829.077166 216.000000 4.000000 4.000000
 3364000.000000 15.924331 0.091155 1.635562 0.003741 57835.988139 216.000000 4.000000 22.000000
 3364500.000000 7.449642 0.357811 1.635396 0.003741 57843.227536 216.000000 3.000000 171.000000
 3365000.000000 8.169562 0.360597 1.635226 0.003741 57850.358028 216.000000 3.000000 69.000000
 3365500.000000 4.710508 0.565793 1.635076 0.003741 57857.979680 216.000000 3.000000 93.000000
 3366000.000000 0.458334 2.371733 1.635058 0.003741 57866.912909 216.000000 3.000000 1600.000000
 3366500.000000 1.218943 1.879598 1.635107 0.003741 57876.493827 216.000000 3.000000 971.000000
 3367000.000000 0.522982 2.351667 1.635188 0.003743 57886.276559 216.000000 3.000000 154.000000
 3367500.000000 6.653925 0.415523 1.635089 0.003743 57894.732721 216.000000 3.000000 60.000000
 3368000.000000 2.363105 0.868921 1.634996 0.003741 57903.355209 216.000000 3.000000 1702.000000
 3368500.000000 0.201655 2.420899 1.635095 0.003742 57913.144629 216.000000 3.000000 586.000000
 3369000.000000 1.301322 1.772086 1.635162 0.003742 57922.704602 216.000000 3.000000 13887.000000
 3369500.000000 0.479418 2.365439 1.635149 0.003742 57932.052056 216.000000 3.000000 64.000000
 3370000.000000 0.236904 2.416751 1.635286 0.003742 57941.729228 216.000000 3.000000 64.000000
 3370500.000000 2.942413 0.714698 1.635278 0.003742 57950.918932 216.000000 4.000000 47.000000
 3371000.000000 3.837511 0.678244 1.635186 0.003741 57959.589040 216.000000 3.000000 100.000000
 3371500.000000 5.691389 0.508275 1.635048 0.003741 57967.468229 216.000000 3.000000 305.000000
 3372000.000000 3.373023 0.674506 1.634925 0.003741 57975.656144 216.000000 3.000000 1324.000000
 3372500.000000 5.942468 0.504106 1.634823 0.003741 57984.011145 216.000000 3.000000 153.000000
 3373000.000000 9.430124 0.233431 1.634678 0.003741 57991.726341 216.000000 3.000000 15.000000
 3373500.000000 15.233484 0.070851 1.634507 0.003741 57998.842528 216.000000 3.000000 80.000000
 3374000.000000 3.614402 0.687232 1.634362 0.003741 58006.552747 216.000000 3.000000 35.000000
 3374500.000000 3.901518 0.681626 1.634227 0.003741 58014.493556 216.000000 3.000000 18.000000
 3375000.000000 2.138429 0.909047 1.634105 0.003740 58022.672079 216.000000 4.000000 678.000000
 3375500.000000 0.373616 2.392548 1.634158 0.003740 58032.258539 216.000000 3.000000 262.000000
 3376000.000000 0.692554 2.284089 1.634277 0.003742 58042.058632 216.000000 3.000000 94.000000
 3376500.000000 4.125972 0.667066 1.634157 0.003742 58050.269527 216.000000 3.000000 455.000000
 3377000.000000 2.450970 0.861885 1.634117 0.003741 58059.191896 216.000000 3.000000 847.000000
 3377500.000000 12.553838 0.120476 1.634025 0.003740 58067.690943 216.000000 3.000000 12.000000
 3378000.000000 6.753326 0.410750 1.633865 0.003740 58075.064256 216.000000 3.000000 20.000000
 3378500.000000 2.607546 0.827503 1.633734 0.003740 58083.058299 216.000000 3.000000 67.000000
 3379000.000000 4.186010 0.666390 1.633614 0.003739 58091.298385 216.000000 3.000000 1345.000000
 3379500.000000 1.721829 0.936380 1.633508 0.003739 58099.793123 216.000000 4.000000 39.000000
 3380000.000000 1.105605 2.002210 1.633605 0.003740 58109.622893 216.000000 3.000000 960.000000
 3380500.000000 0.000000 2.427352 1.633744 0.003740 58119.288938 216.000000 3.000000 960.000000
 3381000.000000 0.110235 2.426776 1.633880 0.003740 58128.972492 216.000000 3.000000 960.000000
 3381500.000000 0.137931 2.425384 1.634017 0.003740 58138.642587 216.000000 3.000000 960.000000
 3382000.000000 1.012444 2.084475 1.634138 0.003741 58148.418624 216.000000 3.000000 260.000000
 3382500.000000 0.073010 2.427884 1.634275 0.003741 58158.092912 216.000000 3.000000 260.000000
 3383000.000000 0.000000 2.427411 1.634413 0.003741 58167.758184 216.000000 3.000000 260.000000
 3383500.000000 0.000000 2.427450 1.634551 0.003741 58177.423676 216.000000 3.000000 260.000000
 3384000.000000 0.000000 2.427489 1.634689 0.003741 58187.089263 216.000000 3.000000 260.000000
 3384500.000000 0.000000 2.427528 1.634827 0.003741 58196.754943 216.000000 3.000000 260.000000
 3385000.000000 0.000000 2.427566 1.634965 0.003741 58206.420716 216.000000 3.000000 260.000000
 3385500.000000 0.000000 2.427605 1.635103 0.003741 58216.086584 216.000000 3.000000 260.000000
 3386000.000000 0.000000 2.427644 1.635241 0.003741 58225.752545 216.000000 3.000000 260.000000
 3386500.000000 0.000000 2.427682 1.635379 0.003741 58235.418619 216.000000 3.000000 260.000000
 3387000.000000 0.000000 2.427720 1.635517 0.003741 58245.084768 216.000000 3.000000 260.000000
 3387500.000000 0.000000 2.427759 1.635655 0.003741 58254.751010 216.000000 3.000000 260.000000
 3388000.000000 0.000000 2.427798 1.635792 0.003741 58264.417346 216.000000 3.000000 260.000000
 3388500.000000 0.000000 2.427836 1.635930 0.003741 58274.083775 216.000000 3.000000 260.000000
 3389000.000000 0.000000 2.427875 1.636068 0.003741 58283.750297 216.000000 3.000000 260.000000
 3389500.000000 0.000000 2.427913 1.636205 0.003741 58293.416912 216.000000 3.000000 260.000000
 3390000.000000 0.000000 2.427952 1.636343 0.003741 58303.083621 216.000000 3.000000 260.000000
 3390500.000000 0.000000 2.427990 1.636480 0.003741 58312.750422 216.000000 3.000000 260.000000
 3391000.000000 0.000000 2.428029 1.636618 0.003741 58322.417317 216.000000 3.000000 260.000000
 3391500.000000 0.000000 2.428067 1.636755 0.003741 58332.084305 216.000000 3.000000 260.000000
 3392000.000000 0.000000 2.428106 1.636893 0.003741 58341.751386 216.000000 3.000000 260.000000
 3392500.000000 0.000000 2.428144 1.637030 0.003741 58351.418560 216.000000 3.000000 260.000000
 3393000.000000 0.000000 2.428183 1.637168 0.003741 58361.085827 216.000000 3.000000 260.000000
 3393500.000000 0.000000 2.428221 1.637305 0.003741 58370.753187 216.000000 3.000000 260.000000
 3394000.000000 0.000000 2.428260 1.637442 0.003741 58380.420639 216.000000 3.000000 260.000000
 3394500.000000 0.000000 2.428298 1.637580 0.003741 58390.088059 216.000000 3.000000 260.000000
 3395000.000000 0.000000 2.428336 1.637717 0.003741 58399.755698 216.000000 3.000000 260.000000
 3395500.000000 0.000000 2.428375 1.637854 0.003741 58409.423429 216.000000 3.000000 260.000000
 3396000.000000 0.000000 2.428413 1.637991 0.003741 58419.091254 216.000000 3.000000 260.000000
 3396500.000000 0.000000 2.428451 1.638128 0.003741 58428.759170 216.000000 3.000000 260.000000
 3397000.000000 0.000000 2.428490 1.638265 0.003741 58438.427180 216.000000 3.000000 260.000000
 3397500.000000 0.000000 2.428528 1.638402 0.003741 58448.095282 216.000000 3.000000 260.000000
 3398000.000000 0.000000 2.428566 1.638539 0.003741 58457.763476 216.000000 3.000000 260.000000
 3398500.000000 0.000000 2.428605 1.638676 0.003741 58467.431763 216.000000 3.000000 260.000000
 3399000.000000 0.000000 2.428643 1.638813 0.003741 58477.100143 216.000000 3.000000 260.000000
 3399500.000000 0.000000 2.428681 1.638950 0.003741 58486.768615 216.000000 3.000000 260.000000
 3400000.000000 0.000000 2.428719 1.639086 0.003741 58496.437179 216.000000 3.000000 260.000000
 3400500.000000 0.000000 2.428758 1.639223 0.003741 58506.105835 216.000000 3.000000 260.000000
 3401000.000000 0.000000 2.428796 1.639360 0.003741 58515.774584 216.000000 3.000000 260.000000
 3401500.000000 0.000000 2.428834 1.639497 0.003741 58525.443425 216.000000 3.000000 260.000000
 3402000.000000 0.000000 2.428872 1.639633 0.003741 58535.112358 216.000000 3.000000 260.000000
 3402500.000000 0.000000 2.428911 1.639770 0.003742 58544.781384 216.000000 3.000000 260.000000
 3403000.000000 0.000000 2.428949 1.639906 0.003742 58554.450501 216.000000 3.000000 260.000000
 3403500.000000 0.000000 2.428987 1.640043 0.003742 58564.119711 216.000000 3.000000 260.000000
 3404000.000000 0.000000 2.429025 1.640179 0.003742 58573.789012 216.000000 3.000000 260.000000
 3404500.000000 0.000000 2.429063 1.640316 0.003742 58583.458406 216.000000 3.000000 260.000000
 3405000.000000 0.000000 2.429101 1.640452 0.003742 58593.127891 216.000000 3.000000 260.000000
 3405500.000000 0.000000 2.429139 1.640589 0.003742 58602.797469 216.000000 3.000000 260.000000
 3406000.000000 0.000000 2.429177 1.640725 0.003742 58612.467138 216.000000 3.000000 260.000000
 3406500.000000 0.000000 2.429215 1.640861 0.003742 58622.136899 216.000000 3.000000 260.000000
 3407000.000000 0.000000 2.429254 1.640997 0.003742 58631.806752 216.000000 3.000000 260.000000
 3407500.000000 0.000000 2.429292 1.641134 0.003742 58641.476697 216.000000 3.000000 260.000000
 3408000.000000 0.000000 2.429330 1.641270 0.003742 58651.146733 216.000000 3.000000 260.000000
 3408500.000000 0.000000 2.429368 1.641406 0.003742 58660.816861 216.000000 3.000000 260.000000
 3409000.000000 0.000000 2.429406 1.641542 0.003742 58670.487081 216.000000 3.000000 260.000000
 3409500.000000 0.000000 2.429444 1.641678 0.003742 58680.157392 216.000000 3.000000 260.000000
 3410000.000000 0.000000 2.429482 1.641814 0.003742 58689.827794 216.000000 3.000000 260.000000
 3410500.000000 0.000000 2.429520 1.641950 0.003742 58699.498288 216.000000 3.000000 260.000000
 3411000.000000 0.000000 2.429557 1.642086 0.003742 58709.168874 216.000000 3.000000 260.000000
 3411500.000000 0.000000 2.429595 1.642222 0.003742 58718.839551 216.000000 3.000000 260.000000
 3412000.000000 0.000000 2.429633 1.642358 0.003742 58728.510320 216.000000 3.000000 260.000000
 3412500.000000 0.000000 2.429671 1.642493 0.003742 58738.181179 216.000000 3.000000 260.000000
 3413000.000000 0.000000 2.429709 1.642629 0.003742 58747.852130 216.000000 3.000000 260.000000
 3413500.000000 0.000000 2.429747 1.642765 0.003742 58757.523173 216.000000 3.000000 260.000000
 3414000.000000 0.000000 2.429785 1.642900 0.003742 58767.194306 216.000000 3.000000 260.000000
 3414500.000000 0.000000 2.429823 1.643036 0.003742 58776.865531 216.000000 3.000000 260.000000
 3415000.000000 0.000000 2.429860 1.643172 0.003742 58786.536846 216.000000 3.000000 260.000000
 3415500.000000 0.000000 2.429898 1.643307 0.003742 58796.208253 216.000000 3.000000 260.000000
 3416000.000000 0.000000 2.429936 1.643443 0.003742 58805.879751 216.000000 3.000000 260.000000
 3416500.000000 0.000000 2.429974 1.643578 0.003742 58815.551340 216.000000 3.000000 260.000000
 3417000.000000 0.000000 2.430012 1.643714 0.003742 58825.223020 216.000000 3.000000 260.000000
 3417500.000000 0.000000 2.430049 1.643849 0.003742 58834.894790 216.000000 3.000000 260.000000
 3418000.000000 0.000000 2.430087 1.643984 0.003742 58844.566652 216.000000 3.000000 260.000000
 3418500.000000 0.000000 2.430125 1.644120 0.003742 58854.238604 216.000000 3.000000 260.000000
 3419000.000000 0.000000 2.430163 1.644255 0.003742 58863.910648 216.000000 3.000000 260.000000
 3419500.000000 0.000000 2.430200 1.644390 0.003742 58873.582782 216.000000 3.000000 260.000000
 3420000.000000 0.000000 2.430238 1.644526 0.003742 58883.255006 216.000000 3.000000 260.000000
 3420500.000000 0.000000 2.430276 1.644661 0.003742 58892.927322 216.000000 3.000000 260.000000
 3421000.000000 0.000000 2.430313 1.644796 0.003742 58902.599728 216.000000 3.000000 260.000000
 3421500.000000 0.000000 2.430351 1.644931 0.003742 58912.272224 216.000000 3.000000 260.000000
 3422000.000000 0.000000 2.430389 1.645066 0.003742 58921.944811 216.000000 3.000000 260.000000
 3422500.000000 0.000000 2.430426 1.645201 0.003742 58931.617489 216.000000 3.000000 260.000000
 3423000.000000 0.000000 2.430464 1.645336 0.003742 58941.290257 216.000000 3.000000 260.000000
 3423500.000000 0.000000 2.430501 1.645471 0.003742 58950.963116 216.000000 3.000000 260.000000
 3424000.000000 0.000000 2.430539 1.645606 0.003742 58960.636065 216.000000 3.000000 260.000000
 3424500.000000 0.000000 2.430577 1.645741 0.003742 58970.309104 216.000000 3.000000 260.000000
 3425000.000000 0.000000 2.430614 1.645875 0.003742 58979.982234 216.000000 3.000000 260.000000
 3425500.000000 0.000000 2.430652 1.646010 0.003742 58989.655454 216.000000 3.000000 260.000000
 3426000.000000 0.000000 2.430689 1.646145 0.003742 58999.328764 216.000000 3.000000 260.000000
 3426500.000000 0.000000 2.430727 1.646280 0.003742 59009.002164 216.000000 3.000000 260.000000
 3427000.000000 0.000000 2.430764 1.646414 0.003742 59018.675654 216.000000 3.000000 260.000000
 3427500.000000 0.000000 2.430802 1.646549 0.003742 59028.349235 216.000000 3.000000 260.000000
 3428000.000000 0.000000 2.430839 1.646683 0.003742 59038.022905 216.000000 3.000000 260.000000
 3428500.000000 0.110753 2.430182 1.646818 0.003742 59047.696785 216.000000 3.000000 260.000000
 3429000.000000 0.058123 2.431569 1.646953 0.003742 59057.370405 216.000000 3.000000 260.000000
 3429500.000000 0.000000 2.430949 1.647087 0.003742 59067.044002 216.000000 3.000000 260.000000
 3430000.000000 0.000000 2.430987 1.647221 0.003742 59076.718037 216.000000 3.000000 260.000000
 3430500.000000 0.121565 2.429816 1.647355 0.003742 59086.395689 216.000000 3.000000 260.000000
 3431000.000000 0.000000 2.431053 1.647490 0.003742 59096.069884 216.000000 3.000000 260.000000
 3431500.000000 0.000000 2.431090 1.647624 0.003742 59105.743853 216.000000 3.000000 260.000000
 3432000.000000 0.000000 2.431125 1.647758 0.003742 59115.418242 216.000000 3.000000 260.000000
 3432500.000000 0.142418 2.428760 1.647893 0.003742 59125.093032 216.000000 3.000000 260.000000
 3433000.000000 0.046537 2.431902 1.648027 0.003742 59134.767238 216.000000 3.000000 260.000000
 3433500.000000 0.168077 2.426889 1.648158 0.003743 59144.464460 216.000000 3.000000 260.000000
 3434000.000000 0.048169 2.431902 1.648292 0.003743 59154.140257 216.000000 3.000000 260.000000
 3434500.000000 0.000000 2.431228 1.648425 0.003743 59163.822307 216.000000 3.000000 260.000000
 3435000.000000 0.000000 2.431256 1.648557 0.003743 59173.510639 216.000000 3.000000 260.000000
 3435500.000000 0.000000 2.431294 1.648691 0.003743 59183.185822 216.000000 3.000000 260.000000
 3436000.000000 0.000000 2.431331 1.648825 0.003743 59192.861094 216.000000 3.000000 260.000000
 3436500.000000 0.000000 2.431368 1.648959 0.003743 59202.536456 216.000000 3.000000 260.000000
 3437000.000000 0.000000 2.431405 1.649093 0.003743 59212.211906 216.000000 3.000000 260.000000
 3437500.000000 0.000000 2.431443 1.649227 0.003743 59221.887446 216.000000 3.000000 260.000000
 3438000.000000 0.000000 2.431480 1.649361 0.003743 59231.563076 216.000000 3.000000 260.000000
 3438500.000000 0.000000 2.431517 1.649494 0.003743 59241.238794 216.000000 3.000000 260.000000
 3439000.000000 0.000000 2.431554 1.649628 0.003743 59250.914602 216.000000 3.000000 260.000000
 3439500.000000 0.000000 2.431591 1.649762 0.003743 59260.590498 216.000000 3.000000 260.000000
 3440000.000000 0.000000 2.431628 1.649895 0.003743 59270.266484 216.000000 3.000000 260.000000
 3440500.000000 0.000000 2.431666 1.650029 0.003743 59279.942559 216.000000 3.000000 260.000000
 3441000.000000 0.000000 2.431703 1.650162 0.003743 59289.618722 216.000000 3.000000 260.000000
 3441500.000000 0.000000 2.431740 1.650296 0.003743 59299.294975 216.000000 3.000000 260.000000
 3442000.000000 0.000000 2.431777 1.650429 0.003743 59308.971316 216.000000 3.000000 260.000000
 3442500.000000 0.000000 2.431814 1.650563 0.003743 59318.647746 216.000000 3.000000 260.000000
 3443000.000000 0.000000 2.431851 1.650696 0.003743 59328.324265 216.000000 3.000000 260.000000
 3443500.000000 0.000000 2.431888 1.650830 0.003743 59338.000873 216.000000 3.000000 260.000000
 3444000.000000 0.000000 2.431925 1.650963 0.003743 59347.677569 216.000000 3.000000 260.000000
 3444500.000000 0.000000 2.431962 1.651096 0.003743 59357.354355 216.000000 3.000000 260.000000
 3445000.000000 0.000000 2.431999 1.651229 0.003743 59367.031228 216.000000 3.000000 260.000000
 3445500.000000 0.000000 2.432036 1.651363 0.003743 59376.708191 216.000000 3.000000 260.000000
 3446000.000000 0.000000 2.432073 1.651496 0.003743 59386.385242 216.000000 3.000000 260.000000
 3446500.000000 0.000000 2.432110 1.651629 0.003743 59396.062381 216.000000 3.000000 260.000000
 3447000.000000 0.000000 2.432147 1.651762 0.003743 59405.739609 216.000000 3.000000 260.000000
 3447500.000000 0.000000 2.432184 1.651895 0.003743 59415.416925 216.000000 3.000000 260.000000
 3448000.000000 0.000000 2.432221 1.652028 0.003743 59425.094330 216.000000 3.000000 260.000000
 3448500.000000 0.000000 2.432258 1.652161 0.003743 59434.771823 216.000000 3.000000 260.000000
 3449000.000000 0.000000 2.432294 1.652294 0.003743 59444.449405 216.000000 3.000000 260.000000
 3449500.000000 0.000000 2.432331 1.652427 0.003743 59454.127074 216.000000 3.000000 260.000000
 3450000.000000 0.000000 2.432368 1.652560 0.003743 59463.804832 216.000000 3.000000 260.000000
 3450500.000000 0.000000 2.432405 1.652693 0.003743 59473.482679 216.000000 3.000000 260.000000
 3451000.000000 0.000000 2.432442 1.652825 0.003743 59483.160613 216.000000 3.000000 260.000000
 3451500.000000 0.000000 2.432479 1.652958 0.003743 59492.838635 216.000000 3.000000 260.000000
 3452000.000000 0.000000 2.432515 1.653091 0.003743 59502.516746 216.000000 3.000000 260.000000
 3452500.000000 0.000000 2.432552 1.653223 0.003743 59512.194944 216.000000 3.000000 260.000000
 3453000.000000 0.000000 2.432589 1.653356 0.003743 59521.873231 216.000000 3.000000 260.000000
 3453500.000000 0.000000 2.432626 1.653489 0.003743 59531.551606 216.000000 3.000000 260.000000
 3454000.000000 0.000000 2.432663 1.653621 0.003743 59541.230068 216.000000 3.000000 260.000000
 3454500.000000 0.000000 2.432699 1.653754 0.003743 59550.908619 216.000000 3.000000 260.000000
 3455000.000000 0.000000 2.432736 1.653886 0.003743 59560.587257 216.000000 3.000000 260.000000
 3455500.000000 0.000000 2.432773 1.654019 0.003743 59570.265983 216.000000 3.000000 260.000000
 3456000.000000 0.000000 2.432809 1.654151 0.003743 59579.944797 216.000000 3.000000 260.000000
 3456500.000000 0.000000 2.432846 1.654283 0.003743 59589.623698 216.000000 3.000000 260.000000
 3457000.000000 0.000000 2.432883 1.654416 0.003743 59599.302688 216.000000 3.000000 260.000000
 3457500.000000 0.000000 2.432919 1.654548 0.003743 59608.981765 216.000000 3.000000 260.000000
 3458000.000000 0.000000 2.432956 1.654680 0.003744 59618.660929 216.000000 3.000000 260.000000
 3458500.000000 0.000000 2.432993 1.654812 0.003744 59628.340181 216.000000 3.000000 260.000000
 3459000.000000 0.000000 2.433029 1.654945 0.003744 59638.019521 216.000000 3.000000 260.000000
 3459500.000000 0.000000 2.433066 1.655077 0.003744 59647.698948 216.000000 3.000000 260.000000
 3460000.000000 0.000000 2.433103 1.655209 0.003744 59657.378463 216.000000 3.000000 260.000000
 3460500.000000 0.000000 2.433139 1.655341 0.003744 59667.058065 216.000000 3.000000 260.000000
 3461000.000000 0.000000 2.433176 1.655473 0.003744 59676.737754 216.000000 3.000000 260.000000
 3461500.000000 0.000000 2.433212 1.655605 0.003744 59686.417531 216.000000 3.000000 260.000000
 3462000.000000 0.000000 2.433249 1.655737 0.003744 59696.097395 216.000000 3.000000 260.000000
 3462500.000000 0.071465 2.433745 1.655868 0.003744 59705.782737 216.000000 3.000000 260.000000
 3463000.000000 0.261514 2.418367 1.655998 0.003744 59715.474876 216.000000 3.000000 260.000000
 3463500.000000 0.647323 2.309163 1.656124 0.003745 59725.197679 216.000000 3.000000 260.000000
 3464000.000000 3.609458 0.685902 1.656088 0.003745 59734.190486 216.000000 4.000000 38.000000
 3464500.000000 11.503736 0.131856 1.656065 0.003745 59743.149993 216.000000 3.000000 34.000000
 3465000.000000 1.869733 0.925806 1.655949 0.003744 59751.418041 216.000000 4.000000 157.000000
 3465500.000000 2.013234 0.918322 1.655837 0.003743 59759.746927 216.000000 4.000000 648.000000
 3466000.000000 3.353629 0.678485 1.655755 0.003742 59768.413125 216.000000 3.000000 122.000000
 3466500.000000 8.734514 0.306692 1.655606 0.003742 59775.940759 216.000000 3.000000 29.000000
 3467000.000000 18.598810 0.004182 1.655436 0.003742 59782.981740 216.000000 4.000000 5.000000
 3467500.000000 21.373249 -0.068930 1.655258 0.003742 59789.805821 216.000000 4.000000 17.000000
 3468000.000000 22.137641 -0.048654 1.655082 0.003742 59796.675019 216.000000 4.000000 74.000000
 3468500.000000 33.561635 -0.072135 1.654902 0.003742 59803.455235 216.000000 3.000000 20.000000
 3469000.000000 20.542221 -0.032252 1.654724 0.003742 59810.267106 216.000000 4.000000 36.000000
 3469500.000000 6.480237 0.449427 1.654552 0.003742 59817.250837 216.000000 3.000000 56.000000
 3470000.000000 27.013549 -0.090879 1.654390 0.003742 59824.492771 216.000000 4.000000 16.000000
 3470500.000000 10.050124 0.285361 1.654223 0.003742 59831.582756 216.000000 3.000000 86.000000
 3471000.000000 1.827755 0.928517 1.654085 0.003742 59839.354770 216.000000 4.000000 64.000000
 3471500.000000 1.073611 2.034864 1.654085 0.003742 59848.667369 216.000000 3.000000 279.000000
 3472000.000000 3.270859 0.688014 1.654106 0.003742 59857.991677 216.000000 3.000000 40.000000
 3472500.000000 0.284541 2.414079 1.654099 0.003742 59867.092872 216.000000 3.000000 259.000000
 3473000.000000 1.779884 0.933867 1.654035 0.003740 59875.993368 216.000000 4.000000 160.000000
 3473500.000000 5.579214 0.516347 1.653920 0.003740 59883.991684 216.000000 3.000000 43.000000
 3474000.000000 4.318129 0.648237 1.653830 0.003739 59892.353924 216.000000 3.000000 269.000000
 3474500.000000 0.963777 2.126039 1.653900 0.003740 59901.894200 216.000000 3.000000 394.000000
 3475000.000000 1.493889 1.405931 1.654009 0.003740 59911.598544 216.000000 3.000000 23997.000000
 3475500.000000 2.060142 0.922692 1.654035 0.003741 59920.956556 216.000000 4.000000 70.000000
 3476000.000000 1.630284 0.934053 1.653935 0.003740 59929.528038 216.000000 3.000000 2798.000000
 3476500.000000 0.742659 2.264025 1.654009 0.003741 59939.288228 216.000000 3.000000 965.000000
 3477000.000000 1.518957 1.336968 1.653987 0.003741 59948.436671 216.000000 3.000000 981.000000
 3477500.000000 0.527890 2.354181 1.653977 0.003742 59957.609505 216.000000 3.000000 4030.000000
 3478000.000000 0.104724 2.431704 1.654095 0.003742 59967.359601 216.000000 3.000000 250.000000
 3478500.000000 0.839818 2.209934 1.654116 0.003742 59976.775441 216.000000 3.000000 1078.000000
 3479000.000000 2.402014 0.881833 1.654100 0.003741 59985.869189 216.000000 4.000000 27.000000
 3479500.000000 3.940640 0.690277 1.653984 0.003741 59994.105723 216.000000 3.000000 67.000000
 3480000.000000 9.595356 0.262753 1.653849 0.003740 60001.970378 216.000000 3.000000 35.000000
 3480500.000000 7.458992 0.367654 1.653716 0.003740 60009.854149 216.000000 3.000000 48.000000
 3481000.000000 7.963592 0.376314 1.653573 0.003740 60017.535622 216.000000 3.000000 78.000000
 3481500.000000 13.792978 0.097581 1.653425 0.003740 60025.107391 216.000000 4.000000 23.000000
 3482000.000000 14.953741 -0.000739 1.653257 0.003740 60032.170545 216.000000 4.000000 82.000000
 3482500.000000 5.643686 0.524713 1.653102 0.003740 60039.547545 216.000000 3.000000 315.000000
 3483000.000000 14.682644 0.017078 1.652953 0.003740 60047.072179 216.000000 4.000000 31.000000
 3483500.000000 14.184826 0.091203 1.652783 0.003740 60054.078084 216.000000 4.000000 13.000000
 3484000.000000 4.494610 0.630497 1.652632 0.003740 60061.546866 216.000000 3.000000 301.000000
 3484500.000000 19.268239 0.037511 1.652461 0.003740 60068.526276 216.000000 3.000000 4.000000
 3485000.000000 21.908815 -0.077294 1.652284 0.003740 60075.364070 216.000000 4.000000 7.000000
 3485500.000000 13.922605 0.106688 1.652113 0.003740 60082.348148 216.000000 3.000000 41.000000
 3486000.000000 21.381047 -0.046692 1.651939 0.003740 60089.240528 216.000000 4.000000 16.000000
 3486500.000000 25.066708 -0.082220 1.651772 0.003740 60096.327369 216.000000 3.000000 73.000000
 3487000.000000 7.352309 0.382960 1.651602 0.003740 60103.346548 216.000000 3.000000 34.000000
 3487500.000000 9.777009 0.288943 1.651444 0.003740 60110.651246 216.000000 3.000000 17.000000
 3488000.000000 33.884024 -0.081674 1.651268 0.003740 60117.515112 216.000000 3.000000 14.000000
 3488500.000000 22.648872 0.000118 1.651088 0.003739 60124.248810 216.000000 4.000000 8.000000
 3489000.000000 16.417331 0.027188 1.650915 0.003739 60131.173341 216.000000 4.000000 90.000000
 3489500.000000 44.790653 -0.252528 1.650739 0.003739 60138.014491 216.000000 4.000000 8.000000
 3490000.000000 33.299596 -0.061502 1.650562 0.003739 60144.817040 216.000000 3.000000 10.000000
 3490500.000000 27.690834 0.007327 1.650381 0.003739 60151.527180 216.000000 4.000000 8.000000
 3491000.000000 12.926223 0.069240 1.650214 0.003739 60158.607676 216.000000 4.000000 36.000000
 3491500.000000 24.958812 -0.055778 1.650040 0.003739 60165.501458 216.000000 4.000000 40.000000
 3492000.000000 34.251712 -0.095887 1.649859 0.003739 60172.205079 216.000000 3.000000 3.000000
 3492500.000000 46.618903 -0.286420 1.649669 0.003739 60178.678590 216.000000 3.000000 17.000000
 3493000.000000 37.184779 -0.121446 1.649485 0.003739 60185.271113 216.000000 3.000000 4.000000
 3493500.000000 36.404481 -0.164597 1.649306 0.003739 60192.049476 216.000000 3.000000 2.000000
 3494000.000000 27.430531 0.002634 1.649130 0.003739 60198.882889 216.000000 4.000000 5.000000
 3494500.000000 35.925160 -0.135761 1.648957 0.003739 60205.782238 216.000000 3.000000 8.000000
 3495000.000000 39.246767 -0.169636 1.648782 0.003739 60212.645844 216.000000 3.000000 12.000000
 3495500.000000 37.849469 -0.142726 1.648603 0.003739 60219.410729 216.000000 3.000000 3.000000
 3496000.000000 25.300387 -0.040615 1.648419 0.003739 60226.023116 216.000000 3.000000 39.000000
 3496500.000000 20.960364 0.006340 1.648246 0.003739 60232.945288 216.000000 3.000000 7.000000
 3497000.000000 24.759946 -0.017549 1.648077 0.003739 60239.969388 216.000000 4.000000 10.000000
 3497500.000000 17.737999 0.060630 1.647910 0.003739 60247.027662 216.000000 4.000000 33.000000
 3498000.000000 19.237739 0.069683 1.647738 0.003739 60253.964220 216.000000 4.000000 14.000000
 3498500.000000 18.594076 0.056779 1.647567 0.003739 60260.932401 216.000000 4.000000 32.000000
 3499000.000000 22.978995 -0.015065 1.647395 0.003739 60267.862760 216.000000 4.000000 62.000000
 3499500.000000 23.876962 -0.013396 1.647225 0.003739 60274.867947 216.000000 3.000000 58.000000
 3500000.000000 24.735694 0.000439 1.647056 0.003739 60281.863232 216.000000 4.000000 46.000000
 3500500.000000 19.994170 -0.056179 1.646888 0.003738 60288.921232 216.000000 4.000000 40.000000
 3501000.000000 10.822249 0.216926 1.646719 0.003738 60295.941241 216.000000 4.000000 47.000000
 3501500.000000 4.734149 0.584071 1.646578 0.003738 60303.625089 216.000000 3.000000 194.000000
 3502000.000000 5.169353 0.549403 1.646431 0.003738 60311.196393 216.000000 3.000000 252.000000
 3502500.000000 5.510678 0.524127 1.646314 0.003737 60319.417929 216.000000 3.000000 50.000000
 3503000.000000 2.327983 0.894335 1.646185 0.003737 60327.353198 216.000000 4.000000 123.000000
 3503500.000000 0.247513 2.416409 1.646284 0.003738 60337.093741 216.000000 3.000000 576.000000
 3504000.000000 0.169038 2.424913 1.646413 0.003738 60346.786751 216.000000 3.000000 576.000000
 3504500.000000 1.725855 0.942588 1.646449 0.003737 60356.144879 216.000000 4.000000 301.000000
 3505000.000000 1.275113 1.810115 1.646480 0.003738 60365.608124 216.000000 3.000000 563.000000
 3505500.000000 1.625978 0.941623 1.646432 0.003737 60374.691105 216.000000 3.000000 698.000000
 3506000.000000 1.335982 1.723124 1.646468 0.003738 60384.290211 216.000000 3.000000 179.000000
 3506500.000000 0.267600 2.413370 1.646512 0.003740 60393.766786 216.000000 3.000000 23.000000
 3507000.000000 0.890242 2.175335 1.646600 0.003740 60403.481048 216.000000 3.000000 430.000000
 3507500.000000 2.636178 0.834834 1.646550 0.003739 60412.515063 216.000000 4.000000 2480.000000
 3508000.000000 5.610155 0.527965 1.646424 0.003739 60420.518011 216.000000 3.000000 200.000000
 3508500.000000 12.247025 0.172519 1.646276 0.003739 60428.056430 216.000000 4.000000 61.000000
 3509000.000000 4.114641 0.682271 1.646145 0.003739 60435.962657 216.000000 3.000000 93.000000
 3509500.000000 8.313859 0.379785 1.645997 0.003739 60443.499511 216.000000 3.000000 61.000000
 3510000.000000 2.117932 0.931684 1.645925 0.003738 60452.269243 216.000000 4.000000 88.000000
 3510500.000000 1.756826 0.952683 1.645948 0.003737 60461.710221 216.000000 4.000000 93.000000
 3511000.000000 1.510824 1.365914 1.645969 0.003737 60471.224571 216.000000 3.000000 151.000000
 3511500.000000 1.327081 1.738199 1.645931 0.003737 60480.264218 216.000000 3.000000 322.000000
 3512000.000000 0.452982 2.374092 1.646013 0.003737 60489.918636 216.000000 3.000000 6475.000000
 3512500.000000 0.816379 2.221353 1.646138 0.003738 60499.637058 216.000000 3.000000 6475.000000
 3513000.000000 0.000000 2.428658 1.646268 0.003738 60509.325035 216.000000 3.000000 6475.000000
 3513500.000000 0.000000 2.428695 1.646399 0.003738 60519.001409 216.000000 3.000000 6475.000000
 3514000.000000 0.000000 2.428732 1.646530 0.003738 60528.677868 216.000000 3.000000 6475.000000
 3514500.000000 0.000000 2.428769 1.646660 0.003738 60538.354508 216.000000 3.000000 6475.000000
 3515000.000000 0.000000 2.428806 1.646791 0.003738 60548.031140 216.000000 3.000000 6475.000000
 3515500.000000 0.000000 2.428843 1.646922 0.003738 60557.707856 216.000000 3.000000 6475.000000
 3516000.000000 0.000000 2.428880 1.647053 0.003738 60567.384659 216.000000 3.000000 6475.000000
 3516500.000000 0.000000 2.428917 1.647183 0.003738 60577.061546 216.000000 3.000000 6475.000000
 3517000.000000 0.000000 2.428954 1.647314 0.003738 60586.738519 216.000000 3.000000 6475.000000
 3517500.000000 0.000000 2.428991 1.647445 0.003738 60596.415328 216.000000 3.000000 6475.000000
 3518000.000000 0.000000 2.429028 1.647575 0.003738 60606.092472 216.000000 3.000000 6475.000000
 3518500.000000 0.000000 2.429065 1.647706 0.003738 60615.769702 216.000000 3.000000 6475.000000
 3519000.000000 0.000000 2.429102 1.647837 0.003738 60625.447017 216.000000 3.000000 6475.000000
 3519500.000000 0.000000 2.429139 1.647967 0.003738 60635.124417 216.000000 3.000000 6475.000000
 3520000.000000 0.000000 2.429176 1.648097 0.003738 60644.801902 216.000000 3.000000 6475.000000
 3520500.000000 0.000000 2.429213 1.648228 0.003738 60654.479472 216.000000 3.000000 6475.000000
 3521000.000000 0.000000 2.429250 1.648358 0.003738 60664.157127 216.000000 3.000000 6475.000000
 3521500.000000 0.000000 2.429287 1.648489 0.003738 60673.834867 216.000000 3.000000 6475.000000
 3522000.000000 0.000000 2.429323 1.648619 0.003738 60683.512646 216.000000 3.000000 6475.000000
 3522500.000000 0.000000 2.429360 1.648749 0.003738 60693.190558 216.000000 3.000000 6475.000000
 3523000.000000 0.000000 2.429397 1.648879 0.003738 60702.868554 216.000000 3.000000 6475.000000
 3523500.000000 0.000000 2.429434 1.649010 0.003738 60712.546635 216.000000 3.000000 6475.000000
 3524000.000000 0.000000 2.429471 1.649140 0.003738 60722.224801 216.000000 3.000000 6475.000000
 3524500.000000 0.000000 2.429508 1.649270 0.003738 60731.903052 216.000000 3.000000 6475.000000
 3525000.000000 0.000000 2.429545 1.649400 0.003738 60741.581274 216.000000 3.000000 6475.000000
 3525500.000000 0.000000 2.429580 1.649530 0.003738 60751.260457 216.000000 3.000000 6475.000000
 3526000.000000 0.125102 2.428380 1.649660 0.003738 60760.940166 216.000000 3.000000 6475.000000
 3526500.000000 0.764242 2.250989 1.649786 0.003738 60770.644605 216.000000 3.000000 6475.000000
 3527000.000000 1.681430 0.953988 1.649743 0.003736 60779.651609 216.000000 4.000000 107.000000
 3527500.000000 11.540269 0.169192 1.649638 0.003736 60787.943767 216.000000 3.000000 34.000000
 3528000.000000 12.942618 0.070566 1.649487 0.003736 60795.384891 216.000000 4.000000 31.000000
 3528500.000000 3.990308 0.695430 1.649348 0.003736 60803.090296 216.000000 3.000000 249.000000
 3529000.000000 2.387640 0.896860 1.649235 0.003735 60811.303014 216.000000 3.000000 173.000000
 3529500.000000 3.242540 0.710494 1.649215 0.003735 60820.445436 216.000000 3.000000 54.000000
 3530000.000000 4.023920 0.695608 1.649101 0.003735 60828.720735 216.000000 3.000000 34.000000
 3530500.000000 6.932533 0.397632 1.648985 0.003735 60836.939512 216.000000 3.000000 107.000000
 3531000.000000 5.942296 0.526940 1.648884 0.003734 60845.289510 216.000000 3.000000 121.000000
 3531500.000000 1.513752 1.360162 1.648904 0.003733 60854.696018 216.000000 3.000000 1058.000000
 3532000.000000 0.000000 2.429689 1.648913 0.003733 60863.745833 216.000000 3.000000 75.000000
 3532500.000000 0.000000 2.429718 1.649042 0.003733 60873.433871 216.000000 3.000000 75.000000
 3533000.000000 0.000000 2.429654 1.649097 0.003734 60882.746814 216.000000 3.000000 88.000000
 3533500.000000 0.349140 2.400095 1.649226 0.003734 60892.428988 216.000000 3.000000 88.000000
 3534000.000000 0.181732 2.424428 1.649348 0.003735 60902.163790 216.000000 3.000000 88.000000
 3534500.000000 0.000000 2.429632 1.649478 0.003735 60911.842671 216.000000 3.000000 826.000000
 3535000.000000 0.000000 2.429669 1.649607 0.003735 60921.520634 216.000000 3.000000 826.000000
 3535500.000000 0.000000 2.429698 1.649735 0.003735 60931.218353 216.000000 3.000000 238.000000
 3536000.000000 0.000000 2.429735 1.649864 0.003735 60940.896491 216.000000 3.000000 238.000000
 3536500.000000 0.000000 2.429772 1.649994 0.003735 60950.574713 216.000000 3.000000 238.000000
 3537000.000000 0.000000 2.429809 1.650123 0.003735 60960.253020 216.000000 3.000000 238.000000
 3537500.000000 0.000000 2.429846 1.650253 0.003735 60969.931410 216.000000 3.000000 238.000000
 3538000.000000 0.000000 2.429883 1.650382 0.003735 60979.609885 216.000000 3.000000 238.000000
 3538500.000000 0.000000 2.429920 1.650512 0.003735 60989.288444 216.000000 3.000000 238.000000
 3539000.000000 0.000000 2.429957 1.650641 0.003735 60998.967087 216.000000 3.000000 238.000000
 3539500.000000 0.000000 2.429993 1.650771 0.003735 61008.645814 216.000000 3.000000 238.000000
 3540000.000000 0.000000 2.430030 1.650900 0.003735 61018.324625 216.000000 3.000000 238.000000
 3540500.000000 0.000000 2.430067 1.651029 0.003735 61028.003520 216.000000 3.000000 238.000000
 3541000.000000 0.000000 2.430104 1.651159 0.003735 61037.682500 216.000000 3.000000 238.000000
 3541500.000000 0.000000 2.430140 1.651288 0.003735 61047.361563 216.000000 3.000000 238.000000
 3542000.000000 0.000000 2.430177 1.651417 0.003735 61057.040710 216.000000 3.000000 238.000000
 3542500.000000 0.000000 2.430214 1.651546 0.003735 61066.719941 216.000000 3.000000 238.000000
 3543000.000000 0.000000 2.430251 1.651675 0.003735 61076.399256 216.000000 3.000000 238.000000
 3543500.000000 0.000000 2.430287 1.651804 0.003735 61086.078654 216.000000 3.000000 238.000000
 3544000.000000 0.000000 2.430324 1.651933 0.003735 61095.758136 216.000000 3.000000 238.000000
 3544500.000000 0.000000 2.430361 1.652062 0.003735 61105.437703 216.000000 3.000000 238.000000
 3545000.000000 0.000000 2.430397 1.652191 0.003735 61115.117352 216.000000 3.000000 238.000000
 3545500.000000 0.000000 2.430434 1.652320 0.003735 61124.797086 216.000000 3.000000 238.000000
 3546000.000000 0.000000 2.430471 1.652449 0.003735 61134.476903 216.000000 3.000000 238.000000
 3546500.000000 0.000000 2.430507 1.652578 0.003735 61144.156804 216.000000 3.000000 238.000000
 3547000.000000 0.000000 2.430544 1.652707 0.003735 61153.836788 216.000000 3.000000 238.000000
 3547500.000000 0.000000 2.430581 1.652836 0.003735 61163.516856 216.000000 3.000000 238.000000
 3548000.000000 0.000000 2.430617 1.652965 0.003735 61173.197007 216.000000 3.000000 238.000000
 3548500.000000 0.000000 2.430654 1.653093 0.003735 61182.877242 216.000000 3.000000 238.000000
 3549000.000000 0.000000 2.430690 1.653222 0.003735 61192.557560 216.000000 3.000000 238.000000
 3549500.000000 0.000000 2.430727 1.653351 0.003735 61202.237961 216.000000 3.000000 238.000000
 3550000.000000 0.000000 2.430763 1.653479 0.003735 61211.918446 216.000000 3.000000 238.000000
 3550500.000000 0.000000 2.430800 1.653608 0.003735 61221.599015 216.000000 3.000000 238.000000
 3551000.000000 0.000000 2.430837 1.653736 0.003735 61231.279666 216.000000 3.000000 238.000000
 3551500.000000 0.000000 2.430873 1.653865 0.003735 61240.960401 216.000000 3.000000 238.000000
 3552000.000000 0.000000 2.430909 1.653993 0.003735 61250.641219 216.000000 3.000000 238.000000
 3552500.000000 0.000000 2.430946 1.654122 0.003735 61260.322120 216.000000 3.000000 238.000000
 3553000.000000 0.000000 2.430982 1.654250 0.003735 61270.003104 216.000000 3.000000 238.000000
 3553500.000000 0.000000 2.431019 1.654379 0.003735 61279.684171 216.000000 3.000000 238.000000
 3554000.000000 0.000000 2.431055 1.654507 0.003735 61289.365322 216.000000 3.000000 238.000000
 3554500.000000 0.000000 2.431092 1.654635 0.003735 61299.046555 216.000000 3.000000 238.000000
 3555000.000000 0.000000 2.431128 1.654764 0.003735 61308.727872 216.000000 3.000000 238.000000
 3555500.000000 0.000000 2.431165 1.654892 0.003735 61318.409271 216.000000 3.000000 238.000000
 3556000.000000 0.000000 2.431201 1.655020 0.003735 61328.090754 216.000000 3.000000 238.000000
 3556500.000000 0.000000 2.431237 1.655148 0.003735 61337.772319 216.000000 3.000000 238.000000
 3557000.000000 0.000000 2.431274 1.655276 0.003735 61347.453967 216.000000 3.000000 238.000000
 3557500.000000 0.000000 2.431310 1.655404 0.003735 61357.135698 216.000000 3.000000 238.000000
 3558000.000000 0.000000 2.431346 1.655532 0.003735 61366.817512 216.000000 3.000000 238.000000
 3558500.000000 0.000000 2.431383 1.655660 0.003735 61376.499408 216.000000 3.000000 238.000000
 3559000.000000 0.000000 2.431419 1.655788 0.003735 61386.181388 216.000000 3.000000 238.000000
 3559500.000000 0.000000 2.431455 1.655916 0.003735 61395.863450 216.000000 3.000000 238.000000
 3560000.000000 0.000000 2.431492 1.656044 0.003735 61405.545594 216.000000 3.000000 238.000000
 3560500.000000 0.000000 2.431528 1.656172 0.003735 61415.227821 216.000000 3.000000 238.000000
 3561000.000000 0.000000 2.431564 1.656300 0.003735 61424.910131 216.000000 3.000000 238.000000
 3561500.000000 0.000000 2.431600 1.656428 0.003735 61434.592523 216.000000 3.000000 238.000000
 3562000.000000 0.000000 2.431637 1.656555 0.003735 61444.274998 216.000000 3.000000 238.000000
 3562500.000000 0.000000 2.431673 1.656683 0.003735 61453.957556 216.000000 3.000000 238.000000
 3563000.000000 0.000000 2.431709 1.656811 0.003735 61463.640195 216.000000 3.000000 238.000000
 3563500.000000 0.000000 2.431745 1.656939 0.003735 61473.322918 216.000000 3.000000 238.000000
 3564000.000000 0.000000 2.431781 1.657066 0.003735 61483.005722 216.000000 3.000000 238.000000
 3564500.000000 0.000000 2.431817 1.657194 0.003735 61492.688609 216.000000 3.000000 238.000000
 3565000.000000 0.000000 2.431854 1.657321 0.003735 61502.371578 216.000000 3.000000 238.000000
 3565500.000000 0.000000 2.431890 1.657449 0.003735 61512.054630 216.000000 3.000000 238.000000
 3566000.000000 0.000000 2.431926 1.657576 0.003735 61521.737763 216.000000 3.000000 238.000000
 3566500.000000 0.000000 2.431962 1.657704 0.003735 61531.420979 216.000000 3.000000 238.000000
 3567000.000000 0.000000 2.431998 1.657831 0.003735 61541.104277 216.000000 3.000000 238.000000
 3567500.000000 0.000000 2.432034 1.657959 0.003735 61550.787658 216.000000 3.000000 238.000000
 3568000.000000 0.000000 2.432070 1.658086 0.003735 61560.471120 216.000000 3.000000 238.000000
 3568500.000000 0.000000 2.432106 1.658213 0.003735 61570.154664 216.000000 3.000000 238.000000
 3569000.000000 0.000000 2.432142 1.658340 0.003735 61579.838291 216.000000 3.000000 238.000000
 3569500.000000 0.000000 2.432178 1.658468 0.003735 61589.521999 216.000000 3.000000 238.000000
 3570000.000000 0.000000 2.432214 1.658595 0.003735 61599.205790 216.000000 3.000000 238.000000
 3570500.000000 0.000000 2.432250 1.658722 0.003735 61608.889662 216.000000 3.000000 238.000000
 3571000.000000 0.000000 2.432286 1.658849 0.003735 61618.573616 216.000000 3.000000 238.000000
 3571500.000000 0.000000 2.432322 1.658976 0.003735 61628.257652 216.000000 3.000000 238.000000
 3572000.000000 0.000000 2.432358 1.659103 0.003735 61637.941770 216.000000 3.000000 238.000000
 3572500.000000 0.000000 2.432394 1.659230 0.003735 61647.625970 216.000000 3.000000 238.000000
 3573000.000000 0.000000 2.432430 1.659357 0.003735 61657.310251 216.000000 3.000000 238.000000
 3573500.000000 0.000000 2.432466 1.659484 0.003735 61666.994615 216.000000 3.000000 238.000000
 3574000.000000 0.000000 2.432502 1.659611 0.003735 61676.678938 216.000000 3.000000 238.000000
 3574500.000000 0.069215 2.433120 1.659735 0.003735 61686.389833 216.000000 3.000000 293.000000
 3575000.000000 0.604794 2.326849 1.659789 0.003736 61696.060819 216.000000 3.000000 231.000000
 3575500.000000 0.450746 2.378265 1.659835 0.003736 61705.741935 216.000000 3.000000 149.000000
 3576000.000000 0.690924 2.290046 1.659921 0.003736 61715.336653 216.000000 3.000000 600.000000
 3576500.000000 0.501895 2.363257 1.660045 0.003736 61725.046457 216.000000 3.000000 600.000000
 3577000.000000 0.000000 2.432467 1.660168 0.003736 61734.760594 216.000000 3.000000 600.000000
 3577500.000000 0.000000 2.432503 1.660294 0.003736 61744.445688 216.000000 3.000000 600.000000
 3578000.000000 0.439106 2.381597 1.660420 0.003736 61754.138634 216.000000 3.000000 600.000000
 3578500.000000 0.000000 2.432500 1.660544 0.003737 61763.846716 216.000000 3.000000 426.000000
 3579000.000000 0.000000 2.432448 1.660658 0.003737 61773.597000 216.000000 3.000000 272.000000
 3579500.000000 0.000000 2.432484 1.660785 0.003737 61783.282659 216.000000 3.000000 272.000000
 3580000.000000 0.000000 2.432518 1.660911 0.003738 61792.972508 216.000000 3.000000 272.000000
 3580500.000000 0.000000 2.432552 1.661037 0.003738 61802.658621 216.000000 3.000000 272.000000
 3581000.000000 1.684549 0.955853 1.661063 0.003738 61811.981081 216.000000 3.000000 7.000000
 3581500.000000 0.000000 2.432395 1.661161 0.003739 61821.619171 216.000000 3.000000 127.000000
 3582000.000000 3.400844 0.702981 1.661228 0.003740 61831.275235 216.000000 4.000000 85.000000
 3582500.000000 1.392539 1.632972 1.661174 0.003739 61840.236036 216.000000 3.000000 157.000000
 3583000.000000 0.875177 2.188783 1.661270 0.003740 61849.995977 216.000000 3.000000 260.000000
 3583500.000000 0.220266 2.423010 1.661330 0.003740 61859.698690 216.000000 3.000000 82.000000
 3584000.000000 3.642856 0.712472 1.661263 0.003740 61868.279150 216.000000 3.000000 89.000000
 3584500.000000 0.000000 2.432044 1.661331 0.003741 61877.783233 216.000000 3.000000 578.000000
 3585000.000000 0.408414 2.389232 1.661425 0.003740 61887.417040 216.000000 3.000000 100.000000
 3585500.000000 0.049797 2.432784 1.661528 0.003741 61897.222330 216.000000 3.000000 192.000000
 3586000.000000 0.490160 2.366700 1.661566 0.003741 61906.753962 216.000000 3.000000 272.000000
 3586500.000000 0.533666 2.352787 1.661501 0.003741 61915.509561 216.000000 3.000000 91.000000
 3587000.000000 13.306644 0.074413 1.661376 0.003739 61923.474106 216.000000 3.000000 11.000000
 3587500.000000 2.148515 0.940033 1.661235 0.003739 61931.090804 216.000000 4.000000 149.000000
 3588000.000000 2.467606 0.887370 1.661222 0.003740 61940.396273 216.000000 4.000000 1423.000000
 3588500.000000 18.052712 0.028704 1.661058 0.003740 61947.456717 216.000000 3.000000 75.000000
 3589000.000000 15.275987 0.101702 1.660899 0.003740 61954.614190 216.000000 4.000000 13.000000
 3589500.000000 27.777201 0.017739 1.660731 0.003740 61961.552276 216.000000 4.000000 5.000000
 3590000.000000 31.156339 -0.026822 1.660549 0.003740 61968.112208 216.000000 3.000000 32.000000
 3590500.000000 19.929615 -0.037041 1.660379 0.003740 61974.971347 216.000000 4.000000 8.000000
 3591000.000000 46.342619 -0.300357 1.660198 0.003740 61981.545933 216.000000 3.000000 16.000000
 3591500.000000 42.512450 -0.173580 1.660012 0.003740 61987.953684 216.000000 3.000000 7.000000
 3592000.000000 49.172563 -0.399993 1.659826 0.003739 61994.380457 216.000000 3.000000 28.000000
 3592500.000000 41.229583 -0.195337 1.659642 0.003739 62000.851351 216.000000 3.000000 7.000000
 3593000.000000 43.327494 -0.260049 1.659465 0.003739 62007.541750 216.000000 3.000000 84.000000
 3593500.000000 72.038648 -0.753771 1.659254 0.003739 62013.156226 216.000000 3.000000 16.000000
 3594000.000000 50.692914 -0.373415 1.659042 0.003739 62018.748532 216.000000 3.000000 30.000000
 3594500.000000 47.822153 -0.347459 1.658844 0.003739 62024.804577 216.000000 3.000000 40.000000
 3595000.000000 43.353758 -0.258180 1.658651 0.003739 62030.987516 216.000000 3.000000 34.000000
 3595500.000000 51.235409 -0.408681 1.658462 0.003739 62037.312020 216.000000 3.000000 7.000000
 3596000.000000 47.125490 -0.293688 1.658266 0.003739 62043.430885 216.000000 3.000000 3.000000
 3596500.000000 26.972815 -0.071189 1.658094 0.003739 62050.240760 216.000000 4.000000 29.000000
 3597000.000000 36.065004 -0.131053 1.657915 0.003739 62056.859915 216.000000 2.000000 10.000000
 3597500.000000 49.013499 -0.371573 1.657733 0.003739 62063.378754 216.000000 3.000000 60.000000
 3598000.000000 50.523213 -0.346900 1.657545 0.003739 62069.723478 216.000000 3.000000 4.000000
 3598500.000000 63.879776 -0.644632 1.657339 0.003738 62075.485464 216.000000 3.000000 2.000000
 3599000.000000 79.545925 -0.989500 1.657118 0.003754 62080.768148 215.000000 3.000000 45.000000
 3599500.000000 98.728448 -1.057590 1.656891 0.003754 62085.847502 215.000000 4.000000 2.000000
 3600000.000000 96.620297 -1.216043 1.656662 0.003754 62090.850915 215.000000 4.000000 1.000000
 3600500.000000 87.304006 -1.066014 1.656434 0.003754 62095.899778 215.000000 2.000000 11.000000
 3601000.000000 61.901036 -0.585944 1.656217 0.003754 62101.292207 215.000000 4.000000 3.000000
 3601500.000000 79.615465 -0.957244 1.655992 0.003754 62106.447550 215.000000 4.000000 3.000000
 3602000.000000 65.692608 -0.619084 1.655776 0.003754 62111.892546 215.000000 3.000000 21.000000
 3602500.000000 64.265100 -0.598138 1.655574 0.003754 62117.798552 215.000000 3.000000 9.000000
 3603000.000000 75.456512 -0.888800 1.655368 0.003754 62123.554242 215.000000 3.000000 2.000000
 3603500.000000 79.226827 -0.957302 1.655152 0.003754 62129.016267 215.000000 4.000000 24.000000
 3604000.000000 71.833225 -0.723751 1.654937 0.003738 62134.473053 216.000000 3.000000 12.000000
 3604500.000000 64.987794 -0.565576 1.654727 0.003738 62140.126591 216.000000 3.000000 14.000000
 3605000.000000 61.055831 -0.609076 1.654518 0.003738 62145.787787 216.000000 3.000000 18.000000
 3605500.000000 89.586985 -0.924148 1.654304 0.003738 62151.282177 216.000000 5.000000 7.000000
 3606000.000000 57.770797 -0.609751 1.654087 0.003753 62156.695556 215.000000 4.000000 19.000000
 3606500.000000 47.963402 -0.346849 1.653887 0.003753 62162.655896 215.000000 3.000000 8.000000
 3607000.000000 60.984309 -0.585620 1.653684 0.003753 62168.525866 215.000000 4.000000 4.000000
 3607500.000000 59.585244 -0.645133 1.653482 0.003753 62174.416933 215.000000 4.000000 5.000000
 3608000.000000 70.455686 -0.756548 1.653273 0.003753 62180.062768 215.000000 3.000000 22.000000
 3608500.000000 66.019790 -0.598081 1.653062 0.003753 62185.691092 215.000000 4.000000 1.000000
 3609000.000000 86.119588 -0.876286 1.652847 0.003753 62191.129032 215.000000 3.000000 9.000000
 3609500.000000 62.876238 -0.589750 1.652634 0.003753 62196.653101 215.000000 3.000000 18.000000
 3610000.000000 74.635812 -0.753107 1.652424 0.003753 62202.301952 215.000000 4.000000 25.000000
 3610500.000000 89.791506 -0.909453 1.652208 0.003753 62207.703321 215.000000 3.000000 2.000000
 3611000.000000 97.893871 -1.015481 1.651983 0.003753 62212.825114 215.000000 4.000000 2.000000
 3611500.000000 91.930228 -0.833325 1.651753 0.003753 62217.764123 215.000000 4.000000 26.000000
 3612000.000000 105.155744 -0.941500 1.651526 0.003753 62222.804949 215.000000 4.000000 4.000000
 3612500.000000 87.413077 -0.968265 1.651300 0.003753 62227.896815 215.000000 2.000000 19.000000
 3613000.000000 83.621021 -0.810420 1.651080 0.003753 62233.168669 215.000000 4.000000 8.000000
 3613500.000000 88.286525 -1.024663 1.650858 0.003753 62238.379043 215.000000 3.000000 3.000000
 3614000.000000 82.107531 -0.731941 1.650642 0.003753 62243.789833 215.000000 4.000000 6.000000
 3614500.000000 70.822611 -0.699222 1.650429 0.003752 62249.336024 215.000000 3.000000 13.000000
 3615000.000000 102.132439 -1.071984 1.650215 0.003752 62254.804689 215.000000 3.000000 1.000000
 3615500.000000 61.169727 -0.588845 1.650000 0.003752 62260.258181 215.000000 4.000000 20.000000
 3616000.000000 74.554832 -0.710889 1.649790 0.003752 62265.859131 215.000000 4.000000 6.000000
 3616500.000000 112.144561 -1.119975 1.649565 0.003752 62270.965584 215.000000 4.000000 4.000000
 3617000.000000 90.287322 -0.872608 1.649341 0.003752 62276.098701 215.000000 3.000000 13.000000
 3617500.000000 99.954099 -0.970891 1.649122 0.003752 62281.418162 215.000000 4.000000 4.000000
 3618000.000000 101.777826 -0.985412 1.648900 0.003752 62286.590891 215.000000 3.000000 1.000000
 3618500.000000 96.012217 -1.162894 1.648671 0.003752 62291.559719 215.000000 3.000000 17.000000
 3619000.000000 80.105583 -0.821899 1.648452 0.003752 62296.850279 215.000000 4.000000 2.000000
 3619500.000000 92.459991 -0.839294 1.648237 0.003752 62302.306697 215.000000 3.000000 12.000000
 3620000.000000 124.341033 -1.212321 1.648005 0.003752 62307.131023 215.000000 3.000000 4.000000
 3620500.000000 112.351403 -1.060276 1.647785 0.003752 62312.410938 215.000000 4.000000 1.000000
 3621000.000000 107.501237 -1.240137 1.647559 0.003752 62317.438464 215.000000 3.000000 13.000000
 3621500.000000 105.552094 -0.870161 1.647332 0.003752 62322.467669 215.000000 3.000000 3.000000
 3622000.000000 110.313811 -1.193500 1.647096 0.003752 62327.153596 215.000000 3.000000 7.000000
 3622500.000000 99.401986 -0.929624 1.646873 0.003752 62332.329657 215.000000 3.000000 2.000000
 3623000.000000 115.590298 -1.156572 1.646642 0.003752 62337.191868 215.000000 4.000000 3.000000
 3623500.000000 112.876426 -1.034129 1.646410 0.003752 62342.035427 215.000000 3.000000 14.000000
 3624000.000000 102.370122 -1.008750 1.646180 0.003752 62346.935033 215.000000 3.000000 9.000000
 3624500.000000 101.166795 -0.870204 1.645959 0.003752 62352.148780 215.000000 4.000000 4.000000
 3625000.000000 99.301336 -0.914413 1.645731 0.003752 62357.121047 215.000000 3.000000 4.000000
 3625500.000000 100.945231 -0.867179 1.645504 0.003752 62362.144131 215.000000 4.000000 4.000000
 3626000.000000 80.766790 -0.786806 1.645285 0.003752 62367.423519 215.000000 3.000000 16.000000
 3626500.000000 70.102100 -0.682677 1.645072 0.003737 62372.901492 216.000000 3.000000 3.000000
 3627000.000000 79.642945 -0.856102 1.644864 0.003737 62378.553333 216.000000 3.000000 9.000000
 3627500.000000 79.219645 -0.885911 1.644649 0.003751 62383.976567 215.000000 3.000000 20.000000
 3628000.000000 61.281765 -0.600348 1.644438 0.003751 62389.521813 215.000000 4.000000 3.000000
 3628500.000000 81.559997 -0.659141 1.644225 0.003751 62395.016920 215.000000 4.000000 12.000000
 3629000.000000 53.171083 -0.421481 1.644020 0.003751 62400.750904 215.000000 3.000000 5.000000
 3629500.000000 33.072787 -0.061796 1.643829 0.003751 62406.932392 215.000000 3.000000 16.000000
 3630000.000000 35.824922 -0.118012 1.643648 0.003751 62413.428818 215.000000 2.000000 7.000000
 3630500.000000 63.942689 -0.556124 1.643461 0.003751 62419.732950 215.000000 3.000000 5.000000
 3631000.000000 58.000755 -0.616233 1.643256 0.003751 62425.463699 215.000000 3.000000 15.000000
 3631500.000000 63.597391 -0.592164 1.643059 0.003751 62431.480853 215.000000 3.000000 4.000000
 3632000.000000 38.124426 -0.137119 1.642873 0.003751 62437.820853 215.000000 3.000000 10.000000
 3632500.000000 28.106302 -0.001007 1.642700 0.003751 62444.544665 215.000000 4.000000 74.000000
 3633000.000000 32.301125 -0.052868 1.642531 0.003751 62451.359395 215.000000 4.000000 17.000000
 3633500.000000 51.671176 -0.461265 1.642354 0.003750 62457.965524 215.000000 3.000000 14.000000
 3634000.000000 23.784338 -0.036455 1.642177 0.003750 62464.557152 215.000000 4.000000 23.000000
 3634500.000000 30.293133 -0.056169 1.642008 0.003750 62471.383970 215.000000 3.000000 10.000000
 3635000.000000 53.104846 -0.389981 1.641824 0.003750 62477.766278 215.000000 4.000000 8.000000
 3635500.000000 71.240011 -0.636537 1.641627 0.003750 62483.782719 215.000000 3.000000 6.000000
 3636000.000000 73.009470 -0.631472 1.641422 0.003750 62489.500128 215.000000 3.000000 5.000000
 3636500.000000 66.245496 -0.561513 1.641218 0.003750 62495.278122 215.000000 3.000000 3.000000
 3637000.000000 82.947284 -0.812603 1.641006 0.003750 62500.756067 215.000000 3.000000 10.000000
 3637500.000000 61.814848 -0.510912 1.640801 0.003750 62506.483423 215.000000 3.000000 20.000000
 3638000.000000 74.830437 -0.671891 1.640594 0.003750 62512.135487 215.000000 3.000000 19.000000
 3638500.000000 88.343486 -0.923479 1.640381 0.003750 62517.626066 215.000000 3.000000 10.000000
 3639000.000000 69.973621 -0.645975 1.640175 0.003750 62523.298009 215.000000 3.000000 26.000000
 3639500.000000 67.912829 -0.578463 1.639974 0.003750 62529.153920 215.000000 3.000000 5.000000
 3640000.000000 62.401752 -0.468973 1.639775 0.003750 62535.077067 215.000000 4.000000 17.000000
 3640500.000000 71.880798 -0.571370 1.639573 0.003750 62540.895978 215.000000 3.000000 9.000000
 3641000.000000 91.883107 -0.721578 1.639363 0.003750 62546.439964 215.000000 4.000000 7.000000
 3641500.000000 97.061543 -0.994624 1.639147 0.003750 62551.794496 215.000000 4.000000 1.000000
 3642000.000000 96.218249 -0.992675 1.638928 0.003750 62557.051054 215.000000 4.000000 4.000000
 3642500.000000 100.971226 -0.846509 1.638716 0.003750 62562.533738 215.000000 4.000000 8.000000
 3643000.000000 97.759019 -0.911431 1.638498 0.003750 62567.799563 215.000000 4.000000 4.000000
 3643500.000000 104.089976 -1.000422 1.638279 0.003750 62573.063829 215.000000 3.000000 7.000000
 3644000.000000 99.021392 -0.907953 1.638062 0.003750 62578.352335 215.000000 4.000000 3.000000
 3644500.000000 104.889848 -0.818923 1.637844 0.003750 62583.627344 215.000000 4.000000 1.000000
 3645000.000000 115.049492 -1.115589 1.637618 0.003750 62588.607563 215.000000 4.000000 4.000000
 3645500.000000 110.633498 -1.050133 1.637400 0.003749 62593.897540 215.000000 4.000000 2.000000
 3646000.000000 97.368544 -0.917600 1.637182 0.003749 62599.181842 215.000000 3.000000 1.000000
 3646500.000000 91.926478 -0.695448 1.636966 0.003749 62604.508472 215.000000 4.000000 3.000000
 3647000.000000 84.324755 -0.778759 1.636754 0.003749 62609.990932 215.000000 4.000000 3.000000
 3647500.000000 94.541016 -0.739469 1.636542 0.003749 62615.463201 215.000000 4.000000 38.000000
 3648000.000000 71.046582 -0.600560 1.636334 0.003749 62621.061484 215.000000 3.000000 15.000000
 3648500.000000 76.979997 -0.690954 1.636127 0.003749 62626.679117 215.000000 3.000000 3.000000
 3649000.000000 73.722549 -0.627070 1.635923 0.003749 62632.420642 215.000000 3.000000 6.000000
 3649500.000000 73.868767 -0.634285 1.635720 0.003749 62638.207309 215.000000 3.000000 2.000000
 3650000.000000 79.106844 -0.801104 1.635513 0.003749 62643.821859 215.000000 3.000000 3.000000
 3650500.000000 59.919878 -0.616659 1.635311 0.003749 62649.620467 215.000000 4.000000 13.000000
 3651000.000000 41.339234 -0.154723 1.635121 0.003749 62655.793423 215.000000 3.000000 5.000000
 3651500.000000 22.508275 0.005799 1.634955 0.003749 62662.689721 215.000000 4.000000 1.000000
 3652000.000000 21.903828 -0.061971 1.634791 0.003749 62669.617310 215.000000 4.000000 11.000000
 3652500.000000 22.564861 0.010380 1.634626 0.003749 62676.533115 215.000000 4.000000 10.000000
 3653000.000000 4.319849 0.653030 1.634485 0.003749 62684.055869 215.000000 3.000000 112.000000
 3653500.000000 0.713389 2.269034 1.634460 0.003750 62693.131460 215.000000 3.000000 985.000000
 3654000.000000 3.439680 0.702078 1.634324 0.003750 62700.771226 215.000000 3.000000 100.000000
 3654500.000000 2.582949 0.852075 1.634190 0.003750 62708.457350 215.000000 4.000000 54.000000
 3655000.000000 1.355337 1.687755 1.634168 0.003750 62717.657064 215.000000 3.000000 694.000000
 3655500.000000 0.279042 2.404360 1.634143 0.003749 62726.683545 215.000000 3.000000 105.000000
 3656000.000000 0.151388 2.418542 1.634147 0.003749 62736.026298 215.000000 3.000000 66.000000
 3656500.000000 10.175229 0.291983 1.634147 0.003750 62745.102254 215.000000 4.000000 65.000000
 3657000.000000 24.425054 0.011417 1.633990 0.003750 62752.224100 215.000000 4.000000 81.000000
 3657500.000000 10.589154 0.254534 1.633848 0.003750 62759.730726 215.000000 3.000000 153.000000
 3658000.000000 10.541528 0.263508 1.633695 0.003750 62766.953165 215.000000 4.000000 70.000000
 3658500.000000 6.129508 0.506137 1.633558 0.003750 62774.599672 215.000000 3.000000 53.000000
 3659000.000000 7.616993 0.386717 1.633447 0.003749 62782.806862 215.000000 3.000000 16.000000
 3659500.000000 6.083352 0.512574 1.633361 0.003749 62791.388166 215.000000 3.000000 48.000000
 3660000.000000 8.266302 0.386599 1.633225 0.003749 62799.027590 215.000000 3.000000 115.000000
 3660500.000000 10.091822 0.301779 1.633093 0.003749 62806.782460 215.000000 4.000000 26.000000
 3661000.000000 6.168098 0.508465 1.632952 0.003749 62814.308190 215.000000 3.000000 28.000000
 3661500.000000 12.249566 0.176182 1.632815 0.003749 62821.931946 215.000000 3.000000 9.000000
 3662000.000000 0.960621 2.119044 1.632738 0.003749 62830.472907 215.000000 4.000000 31.000000
 3662500.000000 7.102689 0.391147 1.632622 0.003749 62838.591547 215.000000 3.000000 143.000000
 3663000.000000 20.267002 -0.022375 1.632486 0.003749 62846.233347 215.000000 4.000000 12.000000
 3663500.000000 22.750238 0.004065 1.632321 0.003749 62853.125936 215.000000 4.000000 42.000000
 3664000.000000 21.037070 0.010115 1.632159 0.003749 62860.116089 215.000000 4.000000 5.000000
 3664500.000000 21.335472 -0.018004 1.631995 0.003749 62867.050508 215.000000 3.000000 35.000000
 3665000.000000 20.409990 0.007921 1.631837 0.003749 62874.125707 215.000000 4.000000 3.000000
 3665500.000000 14.861319 0.012447 1.631679 0.003749 62881.222066 215.000000 3.000000 105.000000
 3666000.000000 16.343781 0.071497 1.631534 0.003749 62888.620905 215.000000 4.000000 57.000000
 3666500.000000 14.642578 0.052077 1.631372 0.003748 62895.593777 215.000000 3.000000 22.000000
 3667000.000000 21.585754 -0.062630 1.631210 0.003749 62902.589054 215.000000 4.000000 27.000000
 3667500.000000 28.649786 -0.060605 1.631048 0.003748 62909.545338 215.000000 3.000000 27.000000
 3668000.000000 15.982631 0.133269 1.630887 0.003748 62916.541225 215.000000 4.000000 17.000000
 3668500.000000 11.121190 0.153278 1.630735 0.003748 62923.805217 215.000000 4.000000 16.000000
 3669000.000000 1.858754 0.958402 1.630620 0.003748 62931.897920 215.000000 4.000000 372.000000
 3669500.000000 7.487571 0.403851 1.630494 0.003748 62939.782280 215.000000 3.000000 44.000000
 3670000.000000 11.522758 0.175446 1.630360 0.003748 62947.469429 215.000000 3.000000 44.000000
 3670500.000000 20.444961 0.018949 1.630199 0.003748 62954.462908 215.000000 4.000000 46.000000
 3671000.000000 18.339075 0.035293 1.630044 0.003748 62961.625223 215.000000 3.000000 25.000000
 3671500.000000 21.513846 -0.038755 1.629882 0.003748 62968.601439 215.000000 4.000000 37.000000
 3672000.000000 28.142893 0.011506 1.629723 0.003748 62975.635080 215.000000 4.000000 22.000000
 3672500.000000 23.465026 -0.082458 1.629562 0.003748 62982.636940 215.000000 4.000000 26.000000
 3673000.000000 20.604715 0.034880 1.629399 0.003748 62989.586376 215.000000 4.000000 39.000000
 3673500.000000 37.934732 -0.120463 1.629235 0.003748 62996.466848 215.000000 3.000000 10.000000
 3674000.000000 56.000861 -0.456960 1.629050 0.003748 63002.767177 215.000000 3.000000 31.000000
 3674500.000000 13.024521 0.098278 1.628879 0.003747 63009.443080 215.000000 4.000000 171.000000
 3675000.000000 24.516119 0.029474 1.628723 0.003747 63016.574022 215.000000 4.000000 16.000000
 3675500.000000 15.906151 0.150124 1.628565 0.003747 63023.641836 215.000000 4.000000 37.000000
 3676000.000000 20.833139 0.046205 1.628408 0.003747 63030.739154 215.000000 4.000000 88.000000
 3676500.000000 11.410427 0.166530 1.628253 0.003747 63037.896018 215.000000 4.000000 52.000000
 3677000.000000 16.863015 0.056070 1.628094 0.003747 63044.944557 215.000000 4.000000 55.000000
 3677500.000000 12.140492 0.202995 1.627952 0.003747 63052.444017 215.000000 3.000000 11.000000
 3678000.000000 17.458581 0.110430 1.627795 0.003747 63059.539205 215.000000 4.000000 65.000000
 3678500.000000 11.565064 0.190884 1.627656 0.003747 63067.093653 215.000000 4.000000 48.000000
 3679000.000000 1.821308 0.958704 1.627529 0.003746 63074.900090 215.000000 3.000000 159.000000
 3679500.000000 0.267124 2.403384 1.627568 0.003747 63084.441817 215.000000 3.000000 717.000000
 3680000.000000 1.463798 1.479832 1.627550 0.003747 63093.445140 215.000000 3.000000 509.000000
 3680500.000000 3.471202 0.710354 1.627515 0.003746 63102.615091 215.000000 3.000000 113.000000
 3681000.000000 0.451978 2.364479 1.627544 0.003747 63111.899907 215.000000 3.000000 786.000000
 3681500.000000 0.071490 2.419032 1.627667 0.003747 63121.609832 215.000000 3.000000 76.000000
 3682000.000000 0.000000 2.418409 1.627792 0.003747 63131.308184 215.000000 3.000000 76.000000
 3682500.000000 0.000000 2.418446 1.627918 0.003747 63140.989865 215.000000 3.000000 76.000000
 3683000.000000 0.236548 2.407590 1.628044 0.003747 63150.675507 215.000000 3.000000 76.000000
 3683500.000000 1.973439 0.955828 1.628096 0.003747 63160.045448 215.000000 4.000000 26.000000
 3684000.000000 0.056271 2.419281 1.628219 0.003747 63169.758925 215.000000 3.000000 426.000000
 3684500.000000 0.048144 2.419328 1.628344 0.003747 63179.450784 215.000000 3.000000 426.000000
 3685000.000000 0.155266 2.415622 1.628468 0.003747 63189.151842 215.000000 3.000000 426.000000
 3685500.000000 0.509334 2.347689 1.628557 0.003748 63198.805095 215.000000 3.000000 743.000000
 3686000.000000 0.747839 2.249356 1.628668 0.003749 63208.593574 215.000000 3.000000 743.000000
 3686500.000000 1.503888 1.382694 1.628623 0.003749 63217.551923 215.000000 4.000000 118.000000
 3687000.000000 1.831276 0.964493 1.628546 0.003748 63226.208864 215.000000 3.000000 135.000000
 3687500.000000 0.000000 2.418346 1.628578 0.003748 63235.473705 215.000000 3.000000 809.000000
 3688000.000000 0.000000 2.418381 1.628704 0.003748 63245.156829 215.000000 3.000000 809.000000
 3688500.000000 0.386869 2.381059 1.628830 0.003748 63254.846880 215.000000 3.000000 809.000000
 3689000.000000 0.000000 2.418449 1.628956 0.003748 63264.531414 215.000000 3.000000 809.000000
 3689500.000000 0.000000 2.418486 1.629082 0.003748 63274.214393 215.000000 3.000000 809.000000
 3690000.000000 0.000000 2.418523 1.629207 0.003748 63283.897448 215.000000 3.000000 809.000000
 3690500.000000 0.000000 2.418560 1.629333 0.003748 63293.580579 215.000000 3.000000 809.000000
 3691000.000000 0.000000 2.418598 1.629459 0.003748 63303.263787 215.000000 3.000000 809.000000
 3691500.000000 0.000000 2.418635 1.629585 0.003748 63312.947071 215.000000 3.000000 809.000000
 3692000.000000 0.000000 2.418672 1.629711 0.003748 63322.630432 215.000000 3.000000 809.000000
 3692500.000000 0.000000 2.418709 1.629837 0.003748 63332.313869 215.000000 3.000000 809.000000
 3693000.000000 0.000000 2.418746 1.629963 0.003748 63341.997382 215.000000 3.000000 809.000000
 3693500.000000 0.000000 2.418783 1.630088 0.003748 63351.680972 215.000000 3.000000 809.000000
 3694000.000000 0.000000 2.418820 1.630214 0.003748 63361.364638 215.000000 3.000000 809.000000
 3694500.000000 0.000000 2.418857 1.630340 0.003748 63371.048380 215.000000 3.000000 809.000000
 3695000.000000 0.000000 2.418894 1.630465 0.003748 63380.732198 215.000000 3.000000 809.000000
 3695500.000000 0.000000 2.418931 1.630591 0.003748 63390.416093 215.000000 3.000000 809.000000
 3696000.000000 0.000000 2.418968 1.630717 0.003748 63400.100063 215.000000 3.000000 809.000000
 3696500.000000 0.000000 2.419005 1.630842 0.003748 63409.784110 215.000000 3.000000 809.000000
 3697000.000000 0.000000 2.419042 1.630968 0.003748 63419.468233 215.000000 3.000000 809.000000
 3697500.000000 0.000000 2.419079 1.631093 0.003748 63429.152432 215.000000 3.000000 809.000000
 3698000.000000 0.000000 2.419116 1.631218 0.003748 63438.836708 215.000000 3.000000 809.000000
 3698500.000000 0.000000 2.419153 1.631344 0.003748 63448.521059 215.000000 3.000000 809.000000
 3699000.000000 0.000000 2.419190 1.631469 0.003748 63458.205486 215.000000 3.000000 809.000000
 3699500.000000 0.000000 2.419227 1.631595 0.003748 63467.889989 215.000000 3.000000 809.000000
 3700000.000000 0.000000 2.419264 1.631720 0.003748 63477.574568 215.000000 3.000000 809.000000
 3700500.000000 0.000000 2.419301 1.631845 0.003748 63487.259223 215.000000 3.000000 809.000000
 3701000.000000 0.000000 2.419338 1.631970 0.003748 63496.943954 215.000000 3.000000 809.000000
 3701500.000000 0.000000 2.419375 1.632096 0.003748 63506.628760 215.000000 3.000000 809.000000
 3702000.000000 0.000000 2.419412 1.632221 0.003748 63516.313643 215.000000 3.000000 809.000000
 3702500.000000 0.000000 2.419448 1.632346 0.003748 63525.998601 215.000000 3.000000 809.000000
 3703000.000000 0.000000 2.419485 1.632471 0.003748 63535.683635 215.000000 3.000000 809.000000
 3703500.000000 0.000000 2.419522 1.632596 0.003749 63545.368745 215.000000 3.000000 809.000000
 3704000.000000 0.000000 2.419559 1.632721 0.003749 63555.053930 215.000000 3.000000 809.000000
 3704500.000000 0.000000 2.419596 1.632846 0.003749 63564.739191 215.000000 3.000000 809.000000
 3705000.000000 0.000000 2.419633 1.632971 0.003749 63574.424528 215.000000 3.000000 809.000000
 3705500.000000 0.000000 2.419669 1.633096 0.003749 63584.109940 215.000000 3.000000 809.000000
 3706000.000000 0.000000 2.419706 1.633221 0.003749 63593.795428 215.000000 3.000000 809.000000
 3706500.000000 0.000000 2.419743 1.633346 0.003749 63603.480992 215.000000 3.000000 809.000000
 3707000.000000 0.000000 2.419780 1.633471 0.003749 63613.166631 215.000000 3.000000 809.000000
 3707500.000000 0.000000 2.419816 1.633595 0.003749 63622.852345 215.000000 3.000000 809.000000
 3708000.000000 0.000000 2.419853 1.633720 0.003749 63632.538135 215.000000 3.000000 809.000000
 3708500.000000 0.000000 2.419890 1.633845 0.003749 63642.224000 215.000000 3.000000 809.000000
 3709000.000000 0.000000 2.419926 1.633970 0.003749 63651.909941 215.000000 3.000000 809.000000
 3709500.000000 0.000000 2.419963 1.634094 0.003749 63661.595957 215.000000 3.000000 809.000000
 3710000.000000 0.000000 2.420000 1.634219 0.003749 63671.282049 215.000000 3.000000 809.000000
 3710500.000000 0.000000 2.420036 1.634343 0.003749 63680.968216 215.000000 3.000000 809.000000
 3711000.000000 0.000000 2.420073 1.634468 0.003749 63690.654458 215.000000 3.000000 809.000000
 3711500.000000 0.000000 2.420110 1.634593 0.003749 63700.340776 215.000000 3.000000 809.000000
 3712000.000000 0.000000 2.420146 1.634717 0.003749 63710.027168 215.000000 3.000000 809.000000
 3712500.000000 0.000000 2.420183 1.634842 0.003749 63719.713636 215.000000 3.000000 809.000000
 3713000.000000 0.000000 2.420219 1.634966 0.003749 63729.400179 215.000000 3.000000 809.000000
 3713500.000000 0.000000 2.420256 1.635090 0.003749 63739.086797 215.000000 3.000000 809.000000
 3714000.000000 0.000000 2.420293 1.635215 0.003749 63748.773491 215.000000 3.000000 809.000000
 3714500.000000 0.000000 2.420329 1.635339 0.003749 63758.460259 215.000000 3.000000 809.000000
 3715000.000000 0.000000 2.420366 1.635463 0.003749 63768.147103 215.000000 3.000000 809.000000
 3715500.000000 0.000000 2.420402 1.635588 0.003749 63777.834021 215.000000 3.000000 809.000000
 3716000.000000 0.000000 2.420439 1.635712 0.003749 63787.521015 215.000000 3.000000 809.000000
 3716500.000000 0.000000 2.420475 1.635836 0.003749 63797.208083 215.000000 3.000000 809.000000
 3717000.000000 0.000000 2.420512 1.635960 0.003749 63806.895227 215.000000 3.000000 809.000000
 3717500.000000 0.000000 2.420548 1.636084 0.003749 63816.582445 215.000000 3.000000 809.000000
 3718000.000000 0.000000 2.420585 1.636209 0.003749 63826.269739 215.000000 3.000000 809.000000
 3718500.000000 0.000000 2.420621 1.636333 0.003749 63835.957107 215.000000 3.000000 809.000000
 3719000.000000 0.000000 2.420657 1.636457 0.003749 63845.644550 215.000000 3.000000 809.000000
 3719500.000000 0.000000 2.420694 1.636581 0.003749 63855.332068 215.000000 3.000000 809.000000
 3720000.000000 0.000000 2.420730 1.636705 0.003749 63865.019660 215.000000 3.000000 809.000000
 3720500.000000 0.000000 2.420767 1.636829 0.003749 63874.707328 215.000000 3.000000 809.000000
 3721000.000000 0.000000 2.420803 1.636953 0.003749 63884.395070 215.000000 3.000000 809.000000
 3721500.000000 0.000000 2.420839 1.637076 0.003749 63894.082887 215.000000 3.000000 809.000000
 3722000.000000 0.000000 2.420876 1.637200 0.003749 63903.770778 215.000000 3.000000 809.000000
 3722500.000000 0.000000 2.420912 1.637324 0.003749 63913.458744 215.000000 3.000000 809.000000
 3723000.000000 0.000000 2.420948 1.637448 0.003749 63923.146785 215.000000 3.000000 809.000000
 3723500.000000 0.000000 2.420985 1.637572 0.003749 63932.834900 215.000000 3.000000 809.000000
 3724000.000000 0.000000 2.421021 1.637695 0.003749 63942.523090 215.000000 3.000000 809.000000
 3724500.000000 0.000000 2.421057 1.637819 0.003749 63952.211354 215.000000 3.000000 809.000000
 3725000.000000 0.000000 2.421094 1.637943 0.003749 63961.899693 215.000000 3.000000 809.000000
 3725500.000000 0.000000 2.421130 1.638066 0.003749 63971.588107 215.000000 3.000000 809.000000
 3726000.000000 0.000000 2.421166 1.638190 0.003749 63981.276594 215.000000 3.000000 809.000000
 3726500.000000 0.000000 2.421202 1.638313 0.003749 63990.965157 215.000000 3.000000 809.000000
 3727000.000000 0.000000 2.421239 1.638437 0.003749 64000.653793 215.000000 3.000000 809.000000
 3727500.000000 0.000000 2.421275 1.638560 0.003749 64010.342504 215.000000 3.000000 809.000000
 3728000.000000 0.000000 2.421311 1.638684 0.003749 64020.031289 215.000000 3.000000 809.000000
 3728500.000000 0.000000 2.421347 1.638807 0.003749 64029.720149 215.000000 3.000000 809.000000
 3729000.000000 0.000000 2.421383 1.638931 0.003749 64039.409083 215.000000 3.000000 809.000000
 3729500.000000 0.000000 2.421420 1.639054 0.003749 64049.098091 215.000000 3.000000 809.000000
 3730000.000000 0.000000 2.421456 1.639177 0.003749 64058.787173 215.000000 3.000000 809.000000
 3730500.000000 0.000000 2.421492 1.639301 0.003749 64068.476330 215.000000 3.000000 809.000000
 3731000.000000 0.000000 2.421528 1.639424 0.003749 64078.165560 215.000000 3.000000 809.000000
 3731500.000000 0.000000 2.421564 1.639547 0.003749 64087.854865 215.000000 3.000000 809.000000
 3732000.000000 0.000000 2.421600 1.639670 0.003749 64097.544244 215.000000 3.000000 809.000000
 3732500.000000 0.000000 2.421636 1.639793 0.003749 64107.233697 215.000000 3.000000 809.000000
 3733000.000000 0.000000 2.421672 1.639917 0.003749 64116.923224 215.000000 3.000000 809.000000
 3733500.000000 0.000000 2.421709 1.640040 0.003749 64126.612825 215.000000 3.000000 809.000000
 3734000.000000 0.000000 2.421745 1.640163 0.003749 64136.302500 215.000000 3.000000 809.000000
 3734500.000000 0.000000 2.421781 1.640286 0.003749 64145.992249 215.000000 3.000000 809.000000
 3735000.000000 0.000000 2.421817 1.640409 0.003749 64155.682072 215.000000 3.000000 809.000000
 3735500.000000 0.000000 2.421853 1.640532 0.003749 64165.371969 215.000000 3.000000 809.000000
 3736000.000000 0.000000 2.421889 1.640655 0.003749 64175.061939 215.000000 3.000000 809.000000
 3736500.000000 0.000000 2.421925 1.640778 0.003749 64184.751984 215.000000 3.000000 809.000000
 3737000.000000 0.000000 2.421961 1.640900 0.003749 64194.442102 215.000000 3.000000 809.000000
 3737500.000000 0.000000 2.421997 1.641023 0.003749 64204.132294 215.000000 3.000000 809.000000
 3738000.000000 0.000000 2.422033 1.641146 0.003749 64213.822560 215.000000 3.000000 809.000000
 3738500.000000 0.000000 2.422069 1.641269 0.003749 64223.512900 215.000000 3.000000 809.000000
 3739000.000000 0.000000 2.422104 1.641392 0.003749 64233.203313 215.000000 3.000000 809.000000
 3739500.000000 0.000000 2.422140 1.641514 0.003749 64242.893800 215.000000 3.000000 809.000000
 3740000.000000 0.000000 2.422176 1.641637 0.003749 64252.584361 215.000000 3.000000 809.000000
 3740500.000000 0.000000 2.422212 1.641760 0.003749 64262.274996 215.000000 3.000000 809.000000
 3741000.000000 0.000000 2.422248 1.641882 0.003749 64271.965704 215.000000 3.000000 809.000000
 3741500.000000 0.000000 2.422284 1.642005 0.003749 64281.656485 215.000000 3.000000 809.000000
 3742000.000000 0.000000 2.422320 1.642127 0.003749 64291.347340 215.000000 3.000000 809.000000
 3742500.000000 0.000000 2.422356 1.642250 0.003749 64301.038269 215.000000 3.000000 809.000000
 3743000.000000 0.000000 2.422392 1.642372 0.003749 64310.729271 215.000000 3.000000 809.000000
 3743500.000000 0.000000 2.422427 1.642495 0.003749 64320.420346 215.000000 3.000000 809.000000
 3744000.000000 0.000000 2.422463 1.642617 0.003749 64330.111495 215.000000 3.000000 809.000000
 3744500.000000 0.000000 2.422499 1.642740 0.003749 64339.802718 215.000000 3.000000 809.000000
 3745000.000000 0.000000 2.422535 1.642862 0.003749 64349.494013 215.000000 3.000000 809.000000
 3745500.000000 0.000000 2.422570 1.642984 0.003749 64359.185382 215.000000 3.000000 809.000000
 3746000.000000 0.000000 2.422606 1.643107 0.003749 64368.876825 215.000000 3.000000 809.000000
 3746500.000000 0.000000 2.422642 1.643229 0.003749 64378.568341 215.000000 3.000000 809.000000
 3747000.000000 0.000000 2.422678 1.643351 0.003749 64388.259930 215.000000 3.000000 809.000000
 3747500.000000 0.000000 2.422713 1.643473 0.003749 64397.951592 215.000000 3.000000 809.000000
 3748000.000000 0.000000 2.422749 1.643595 0.003749 64407.643327 215.000000 3.000000 809.000000
 3748500.000000 0.000000 2.422785 1.643718 0.003749 64417.335136 215.000000 3.000000 809.000000
 3749000.000000 0.000000 2.422821 1.643840 0.003749 64427.027018 215.000000 3.000000 809.000000
 3749500.000000 0.000000 2.422856 1.643962 0.003749 64436.718973 215.000000 3.000000 809.000000
 3750000.000000 0.000000 2.422892 1.644084 0.003749 64446.411001 215.000000 3.000000 809.000000
 3750500.000000 0.000000 2.422928 1.644206 0.003750 64456.103102 215.000000 3.000000 809.000000
 3751000.000000 0.000000 2.422963 1.644328 0.003750 64465.795276 215.000000 3.000000 809.000000
 3751500.000000 0.000000 2.422999 1.644450 0.003750 64475.487523 215.000000 3.000000 809.000000
 3752000.000000 0.000000 2.423034 1.644572 0.003750 64485.179843 215.000000 3.000000 809.000000
 3752500.000000 0.000000 2.423070 1.644693 0.003750 64494.872236 215.000000 3.000000 809.000000
 3753000.000000 0.000000 2.423106 1.644815 0.003750 64504.564702 215.000000 3.000000 809.000000
 3753500.000000 0.000000 2.423141 1.644937 0.003750 64514.257241 215.000000 3.000000 809.000000
 3754000.000000 0.000000 2.423177 1.645059 0.003750 64523.949853 215.000000 3.000000 809.000000
 3754500.000000 0.000000 2.423212 1.645181 0.003750 64533.642537 215.000000 3.000000 809.000000
 3755000.000000 0.000000 2.423248 1.645302 0.003750 64543.335295 215.000000 3.000000 809.000000
 3755500.000000 0.000000 2.423283 1.645424 0.003750 64553.028125 215.000000 3.000000 809.000000
 3756000.000000 0.000000 2.423319 1.645546 0.003750 64562.721028 215.000000 3.000000 809.000000
 3756500.000000 0.000000 2.423354 1.645667 0.003750 64572.414004 215.000000 3.000000 809.000000
 3757000.000000 0.000000 2.423390 1.645789 0.003750 64582.107053 215.000000 3.000000 809.000000
 3757500.000000 0.000000 2.423425 1.645910 0.003750 64591.800174 215.000000 3.000000 809.000000
 3758000.000000 0.000000 2.423461 1.646032 0.003750 64601.493368 215.000000 3.000000 809.000000
 3758500.000000 0.000000 2.423496 1.646153 0.003750 64611.186634 215.000000 3.000000 809.000000
 3759000.000000 0.000000 2.423532 1.646275 0.003750 64620.879973 215.000000 3.000000 809.000000
 3759500.000000 0.000000 2.423567 1.646396 0.003750 64630.573385 215.000000 3.000000 809.000000
 3760000.000000 0.000000 2.423603 1.646518 0.003750 64640.266869 215.000000 3.000000 809.000000
 3760500.000000 0.000000 2.423638 1.646639 0.003750 64649.960426 215.000000 3.000000 809.000000
 3761000.000000 0.000000 2.423673 1.646760 0.003750 64659.654055 215.000000 3.000000 809.000000
 3761500.000000 0.000000 2.423709 1.646882 0.003750 64669.347757 215.000000 3.000000 809.000000
 3762000.000000 0.000000 2.423744 1.647003 0.003750 64679.041531 215.000000 3.000000 809.000000
 3762500.000000 0.000000 2.423779 1.647124 0.003750 64688.735378 215.000000 3.000000 809.000000
 3763000.000000 0.000000 2.423815 1.647245 0.003750 64698.429297 215.000000 3.000000 809.000000
 3763500.000000 0.000000 2.423850 1.647366 0.003750 64708.123288 215.000000 3.000000 809.000000
 3764000.000000 0.000000 2.423885 1.647488 0.003750 64717.817352 215.000000 3.000000 809.000000
 3764500.000000 0.000000 2.423921 1.647609 0.003750 64727.511487 215.000000 3.000000 809.000000
 3765000.000000 0.000000 2.423956 1.647730 0.003750 64737.205696 215.000000 3.000000 809.000000
 3765500.000000 0.000000 2.423991 1.647851 0.003750 64746.899976 215.000000 3.000000 809.000000
 3766000.000000 0.000000 2.424027 1.647972 0.003750 64756.594329 215.000000 3.000000 809.000000
 3766500.000000 0.000000 2.424062 1.648093 0.003750 64766.288754 215.000000 3.000000 809.000000
 3767000.000000 0.000000 2.424097 1.648214 0.003750 64775.983251 215.000000 3.000000 809.000000
 3767500.000000 0.000000 2.424132 1.648335 0.003750 64785.677820 215.000000 3.000000 809.000000
 3768000.000000 0.000000 2.424168 1.648456 0.003750 64795.372461 215.000000 3.000000 809.000000
 3768500.000000 0.000000 2.424203 1.648576 0.003750 64805.067175 215.000000 3.000000 809.000000
 3769000.000000 0.000000 2.424238 1.648697 0.003750 64814.761960 215.000000 3.000000 809.000000
 3769500.000000 0.000000 2.424273 1.648818 0.003750 64824.456818 215.000000 3.000000 809.000000
 3770000.000000 0.000000 2.424308 1.648939 0.003750 64834.151747 215.000000 3.000000 809.000000
 3770500.000000 0.000000 2.424344 1.649060 0.003750 64843.846749 215.000000 3.000000 809.000000
 3771000.000000 0.000000 2.424379 1.649180 0.003750 64853.541822 215.000000 3.000000 809.000000
 3771500.000000 0.000000 2.424414 1.649301 0.003750 64863.236968 215.000000 3.000000 809.000000
 3772000.000000 0.000000 2.424449 1.649422 0.003750 64872.932185 215.000000 3.000000 809.000000
 3772500.000000 0.000000 2.424484 1.649542 0.003750 64882.627474 215.000000 3.000000 809.000000
 3773000.000000 0.000000 2.424519 1.649663 0.003750 64892.322835 215.000000 3.000000 809.000000
 3773500.000000 0.000000 2.424554 1.649783 0.003750 64902.018268 215.000000 3.000000 809.000000
 3774000.000000 0.000000 2.424589 1.649904 0.003750 64911.713773 215.000000 3.000000 809.000000
 3774500.000000 0.000000 2.424624 1.650024 0.003750 64921.409349 215.000000 3.000000 809.000000
 3775000.000000 0.000000 2.424660 1.650145 0.003750 64931.104997 215.000000 3.000000 809.000000
 3775500.000000 0.000000 2.424695 1.650265 0.003750 64940.800717 215.000000 3.000000 809.000000
 3776000.000000 0.000000 2.424730 1.650385 0.003750 64950.496508 215.000000 3.000000 809.000000
 3776500.000000 0.000000 2.424765 1.650506 0.003750 64960.192372 215.000000 3.000000 809.000000
 3777000.000000 0.000000 2.424800 1.650626 0.003750 64969.888306 215.000000 3.000000 809.000000
 3777500.000000 0.000000 2.424835 1.650746 0.003750 64979.584313 215.000000 3.000000 809.000000
 3778000.000000 0.000000 2.424870 1.650867 0.003750 64989.280391 215.000000 3.000000 809.000000
 3778500.000000 0.000000 2.424905 1.650987 0.003750 64998.976540 215.000000 3.000000 809.000000
 3779000.000000 0.000000 2.424940 1.651107 0.003750 65008.672761 215.000000 3.000000 809.000000
 3779500.000000 0.000000 2.424975 1.651227 0.003750 65018.369054 215.000000 3.000000 809.000000
 3780000.000000 0.000000 2.425009 1.651347 0.003750 65028.065418 215.000000 3.000000 809.000000
 3780500.000000 0.000000 2.425044 1.651467 0.003750 65037.761853 215.000000 3.000000 809.000000
 3781000.000000 0.000000 2.425079 1.651588 0.003750 65047.458360 215.000000 3.000000 809.000000
 3781500.000000 0.000000 2.425114 1.651708 0.003750 65057.154938 215.000000 3.000000 809.000000
 3782000.000000 0.000000 2.425149 1.651828 0.003750 65066.851588 215.000000 3.000000 809.000000
 3782500.000000 0.000000 2.425184 1.651948 0.003750 65076.548309 215.000000 3.000000 809.000000
 3783000.000000 0.000000 2.425219 1.652068 0.003750 65086.244976 215.000000 3.000000 809.000000
 3783500.000000 0.152247 2.422359 1.652187 0.003750 65095.942312 215.000000 3.000000 809.000000
 3784000.000000 0.000000 2.425222 1.652305 0.003751 65105.655711 215.000000 3.000000 809.000000
 3784500.000000 0.000000 2.425255 1.652425 0.003751 65115.352577 215.000000 3.000000 809.000000
 3785000.000000 0.000000 2.425288 1.652544 0.003751 65125.052697 215.000000 3.000000 809.000000
 3785500.000000 0.000000 2.425322 1.652664 0.003751 65134.749832 215.000000 3.000000 809.000000
 3786000.000000 0.000000 2.425354 1.652783 0.003751 65144.455322 215.000000 3.000000 95.000000
 3786500.000000 0.000000 2.425388 1.652903 0.003751 65154.152727 215.000000 3.000000 95.000000
 3787000.000000 0.000000 2.425423 1.653022 0.003751 65163.850079 215.000000 3.000000 95.000000
 3787500.000000 0.000000 2.425458 1.653142 0.003751 65173.547626 215.000000 3.000000 95.000000
 3788000.000000 0.000000 2.425492 1.653262 0.003751 65183.245244 215.000000 3.000000 95.000000
 3788500.000000 0.000000 2.425527 1.653381 0.003751 65192.942934 215.000000 3.000000 95.000000
 3789000.000000 0.000000 2.425562 1.653501 0.003751 65202.640694 215.000000 3.000000 95.000000
 3789500.000000 0.000000 2.425597 1.653620 0.003751 65212.338525 215.000000 3.000000 95.000000
 3790000.000000 0.000000 2.425631 1.653740 0.003751 65222.036427 215.000000 3.000000 95.000000
 3790500.000000 0.000000 2.425666 1.653859 0.003751 65231.734400 215.000000 3.000000 95.000000
 3791000.000000 0.000000 2.425701 1.653979 0.003751 65241.432444 215.000000 3.000000 95.000000
 3791500.000000 0.000000 2.425735 1.654098 0.003751 65251.130558 215.000000 3.000000 95.000000
 3792000.000000 0.000000 2.425770 1.654218 0.003751 65260.828744 215.000000 3.000000 95.000000
 3792500.000000 0.000000 2.425805 1.654337 0.003751 65270.527000 215.000000 3.000000 95.000000
 3793000.000000 0.000000 2.425839 1.654456 0.003751 65280.225327 215.000000 3.000000 95.000000
 3793500.000000 0.000000 2.425874 1.654575 0.003751 65289.923724 215.000000 3.000000 95.000000
 3794000.000000 0.000000 2.425908 1.654695 0.003751 65299.622193 215.000000 3.000000 95.000000
 3794500.000000 0.000000 2.425943 1.654814 0.003751 65309.320732 215.000000 3.000000 95.000000
 3795000.000000 0.000000 2.425978 1.654933 0.003751 65319.019341 215.000000 3.000000 95.000000
 3795500.000000 0.000000 2.426012 1.655052 0.003751 65328.718021 215.000000 3.000000 95.000000
 3796000.000000 0.000000 2.426047 1.655171 0.003751 65338.416772 215.000000 3.000000 95.000000
 3796500.000000 0.000000 2.426081 1.655290 0.003751 65348.115593 215.000000 3.000000 95.000000
 3797000.000000 0.000000 2.426116 1.655410 0.003751 65357.814485 215.000000 3.000000 95.000000
 3797500.000000 0.000000 2.426150 1.655529 0.003751 65367.513447 215.000000 3.000000 95.000000
 3798000.000000 0.000000 2.426185 1.655648 0.003751 65377.212480 215.000000 3.000000 95.000000
 3798500.000000 0.000000 2.426219 1.655767 0.003751 65386.911583 215.000000 3.000000 95.000000
 3799000.000000 0.000000 2.426254 1.655885 0.003751 65396.610757 215.000000 3.000000 95.000000
 3799500.000000 0.000000 2.426288 1.656004 0.003751 65406.310001 215.000000 3.000000 95.000000
 3800000.000000 0.000000 2.426323 1.656123 0.003751 65416.009316 215.000000 3.000000 95.000000
 3800500.000000 0.000000 2.426357 1.656242 0.003751 65425.708700 215.000000 3.000000 95.000000
 3801000.000000 0.000000 2.426392 1.656361 0.003751 65435.408155 215.000000 3.000000 95.000000
 3801500.000000 0.000000 2.426426 1.656480 0.003751 65445.107681 215.000000 3.000000 95.000000
 3802000.000000 0.000000 2.426461 1.656598 0.003751 65454.807276 215.000000 3.000000 95.000000
 3802500.000000 0.000000 2.426495 1.656717 0.003751 65464.506942 215.000000 3.000000 95.000000
 3803000.000000 0.000000 2.426529 1.656836 0.003751 65474.206678 215.000000 3.000000 95.000000
 3803500.000000 0.000000 2.426564 1.656955 0.003751 65483.906485 215.000000 3.000000 95.000000
 3804000.000000 0.000000 2.426598 1.657073 0.003751 65493.606361 215.000000 3.000000 95.000000
 3804500.000000 0.000000 2.426632 1.657192 0.003751 65503.306307 215.000000 3.000000 95.000000
 3805000.000000 0.000000 2.426667 1.657310 0.003751 65513.006324 215.000000 3.000000 95.000000
 3805500.000000 0.000000 2.426701 1.657429 0.003751 65522.706411 215.000000 3.000000 95.000000
 3806000.000000 0.000000 2.426735 1.657547 0.003751 65532.406568 215.000000 3.000000 95.000000
 3806500.000000 0.000000 2.426770 1.657666 0.003751 65542.106794 215.000000 3.000000 95.000000
 3807000.000000 0.000000 2.426804 1.657784 0.003751 65551.807091 215.000000 3.000000 95.000000
 3807500.000000 0.000000 2.426838 1.657903 0.003751 65561.507458 215.000000 3.000000 95.000000
 3808000.000000 0.000000 2.426873 1.658021 0.003751 65571.207895 215.000000 3.000000 95.000000
 3808500.000000 0.000000 2.426907 1.658139 0.003751 65580.908401 215.000000 3.000000 95.000000
 3809000.000000 0.000000 2.426941 1.658258 0.003751 65590.608978 215.000000 3.000000 95.000000
 3809500.000000 0.000000 2.426975 1.658376 0.003751 65600.309624 215.000000 3.000000 95.000000
 3810000.000000 0.000000 2.427010 1.658494 0.003751 65610.010341 215.000000 3.000000 95.000000
 3810500.000000 0.000000 2.427044 1.658613 0.003751 65619.711127 215.000000 3.000000 95.000000
 3811000.000000 0.000000 2.427078 1.658731 0.003751 65629.411982 215.000000 3.000000 95.000000
 3811500.000000 0.000000 2.427112 1.658849 0.003751 65639.112908 215.000000 3.000000 95.000000
 3812000.000000 0.000000 2.427147 1.658967 0.003751 65648.813903 215.000000 3.000000 95.000000
 3812500.000000 0.000000 2.427181 1.659085 0.003751 65658.514969 215.000000 3.000000 95.000000
 3813000.000000 0.000000 2.427215 1.659203 0.003751 65668.216103 215.000000 3.000000 95.000000
 3813500.000000 0.000000 2.427249 1.659321 0.003751 65677.917308 215.000000 3.000000 95.000000
 3814000.000000 0.000000 2.427283 1.659439 0.003751 65687.618582 215.000000 3.000000 95.000000
 3814500.000000 0.000000 2.427317 1.659557 0.003751 65697.319926 215.000000 3.000000 95.000000
 3815000.000000 0.000000 2.427351 1.659675 0.003751 65707.021339 215.000000 3.000000 95.000000
 3815500.000000 0.000000 2.427386 1.659793 0.003751 65716.722822 215.000000 3.000000 95.000000
 3816000.000000 0.000000 2.427420 1.659911 0.003751 65726.424374 215.000000 3.000000 95.000000
 3816500.000000 0.000000 2.427454 1.660029 0.003751 65736.125996 215.000000 3.000000 95.000000
 3817000.000000 0.000000 2.427488 1.660147 0.003751 65745.827687 215.000000 3.000000 95.000000
 3817500.000000 0.000000 2.427522 1.660265 0.003751 65755.529448 215.000000 3.000000 95.000000
 3818000.000000 0.000000 2.427556 1.660382 0.003751 65765.231278 215.000000 3.000000 95.000000
 3818500.000000 0.000000 2.427590 1.660500 0.003751 65774.933178 215.000000 3.000000 95.000000
 3819000.000000 0.000000 2.427624 1.660618 0.003751 65784.635147 215.000000 3.000000 95.000000
 3819500.000000 0.000000 2.427658 1.660736 0.003751 65794.337185 215.000000 3.000000 95.000000
 3820000.000000 0.000000 2.427692 1.660853 0.003751 65804.039293 215.000000 3.000000 95.000000
 3820500.000000 0.000000 2.427726 1.660971 0.003751 65813.741470 215.000000 3.000000 95.000000
 3821000.000000 0.000000 2.427760 1.661088 0.003751 65823.443716 215.000000 3.000000 95.000000
 3821500.000000 0.000000 2.427794 1.661206 0.003751 65833.146032 215.000000 3.000000 95.000000
 3822000.000000 0.000000 2.427828 1.661324 0.003752 65842.848417 215.000000 3.000000 95.000000
 3822500.000000 0.000000 2.427862 1.661441 0.003752 65852.550871 215.000000 3.000000 95.000000
 3823000.000000 0.000000 2.427896 1.661558 0.003752 65862.253394 215.000000 3.000000 95.000000
 3823500.000000 0.000000 2.427930 1.661676 0.003752 65871.955986 215.000000 3.000000 95.000000
 3824000.000000 0.000000 2.427964 1.661793 0.003752 65881.658647 215.000000 3.000000 95.000000
 3824500.000000 0.000000 2.427998 1.661911 0.003752 65891.361378 215.000000 3.000000 95.000000
 3825000.000000 0.000000 2.428031 1.662028 0.003752 65901.064177 215.000000 3.000000 95.000000
 3825500.000000 0.000000 2.428065 1.662145 0.003752 65910.767046 215.000000 3.000000 95.000000
 3826000.000000 0.000000 2.428099 1.662263 0.003752 65920.469984 215.000000 3.000000 95.000000
 3826500.000000 0.000000 2.428133 1.662380 0.003752 65930.172990 215.000000 3.000000 95.000000
 3827000.000000 0.000000 2.428167 1.662497 0.003752 65939.876066 215.000000 3.000000 95.000000
 3827500.000000 0.000000 2.428201 1.662614 0.003752 65949.579210 215.000000 3.000000 95.000000
 3828000.000000 0.000000 2.428235 1.662732 0.003752 65959.282424 215.000000 3.000000 95.000000
 3828500.000000 0.000000 2.428268 1.662849 0.003752 65968.985706 215.000000 3.000000 95.000000
 3829000.000000 0.000000 2.428302 1.662966 0.003752 65978.689057 215.000000 3.000000 95.000000
 3829500.000000 0.000000 2.428336 1.663083 0.003752 65988.392477 215.000000 3.000000 95.000000
 3830000.000000 0.000000 2.428370 1.663200 0.003752 65998.095966 215.000000 3.000000 95.000000
 3830500.000000 0.000000 2.428404 1.663317 0.003752 66007.799524 215.000000 3.000000 95.000000
 3831000.000000 0.000000 2.428437 1.663434 0.003752 66017.503150 215.000000 3.000000 95.000000
 3831500.000000 0.000000 2.428471 1.663551 0.003752 66027.206845 215.000000 3.000000 95.000000
 3832000.000000 0.000000 2.428505 1.663668 0.003752 66036.910609 215.000000 3.000000 95.000000
 3832500.000000 0.000000 2.428539 1.663785 0.003752 66046.614442 215.000000 3.000000 95.000000
 3833000.000000 0.000000 2.428572 1.663902 0.003752 66056.318343 215.000000 3.000000 95.000000
 3833500.000000 0.000000 2.428606 1.664018 0.003752 66066.022313 215.000000 3.000000 95.000000
 3834000.000000 0.000000 2.428640 1.664135 0.003752 66075.726351 215.000000 3.000000 95.000000
 3834500.000000 0.000000 2.428673 1.664252 0.003752 66085.430458 215.000000 3.000000 95.000000
 3835000.000000 0.000000 2.428707 1.664369 0.003752 66095.134634 215.000000 3.000000 95.000000
 3835500.000000 0.000000 2.428741 1.664485 0.003752 66104.838878 215.000000 3.000000 95.000000
 3836000.000000 0.000000 2.428774 1.664602 0.003752 66114.543191 215.000000 3.000000 95.000000
 3836500.000000 0.000000 2.428808 1.664719 0.003752 66124.247572 215.000000 3.000000 95.000000
 3837000.000000 0.000000 2.428842 1.664835 0.003752 66133.952021 215.000000 3.000000 95.000000
 3837500.000000 0.000000 2.428875 1.664952 0.003752 66143.656539 215.000000 3.000000 95.000000
 3838000.000000 0.000000 2.428909 1.665069 0.003752 66153.361126 215.000000 3.000000 95.000000
 3838500.000000 0.000000 2.428942 1.665185 0.003752 66163.065780 215.000000 3.000000 95.000000
 3839000.000000 0.000000 2.428976 1.665302 0.003752 66172.770504 215.000000 3.000000 95.000000
 3839500.000000 0.000000 2.429010 1.665418 0.003752 66182.475295 215.000000 3.000000 95.000000
 3840000.000000 0.000000 2.429043 1.665535 0.003752 66192.180155 215.000000 3.000000 95.000000
 3840500.000000 0.000000 2.429077 1.665651 0.003752 66201.885083 215.000000 3.000000 95.000000
 3841000.000000 0.000000 2.429110 1.665767 0.003752 66211.590079 215.000000 3.000000 95.000000
 3841500.000000 0.000000 2.429144 1.665884 0.003752 66221.295144 215.000000 3.000000 95.000000
 3842000.000000 0.000000 2.429177 1.666000 0.003752 66231.000277 215.000000 3.000000 95.000000
 3842500.000000 0.000000 2.429211 1.666116 0.003752 66240.705478 215.000000 3.000000 95.000000
 3843000.000000 0.000000 2.429244 1.666233 0.003752 66250.410747 215.000000 3.000000 95.000000
 3843500.000000 0.000000 2.429278 1.666349 0.003752 66260.116084 215.000000 3.000000 95.000000
 3844000.000000 0.000000 2.429311 1.666465 0.003752 66269.821489 215.000000 3.000000 95.000000
 3844500.000000 0.000000 2.429345 1.666581 0.003752 66279.526963 215.000000 3.000000 95.000000
 3845000.000000 0.000000 2.429378 1.666697 0.003752 66289.232504 215.000000 3.000000 95.000000
 3845500.000000 0.000000 2.429411 1.666814 0.003752 66298.938114 215.000000 3.000000 95.000000
 3846000.000000 0.000000 2.429445 1.666930 0.003752 66308.643791 215.000000 3.000000 95.000000
 3846500.000000 0.000000 2.429478 1.667046 0.003752 66318.349537 215.000000 3.000000 95.000000
 3847000.000000 0.000000 2.429512 1.667162 0.003752 66328.055350 215.000000 3.000000 95.000000
 3847500.000000 0.000000 2.429545 1.667278 0.003752 66337.761231 215.000000 3.000000 95.000000
 3848000.000000 0.000000 2.429578 1.667394 0.003752 66347.467181 215.000000 3.000000 95.000000
 3848500.000000 0.000000 2.429612 1.667510 0.003752 66357.173198 215.000000 3.000000 95.000000
 3849000.000000 0.000000 2.429645 1.667626 0.003752 66366.879283 215.000000 3.000000 95.000000
 3849500.000000 0.000000 2.429679 1.667742 0.003752 66376.585436 215.000000 3.000000 95.000000
 3850000.000000 0.000000 2.429712 1.667857 0.003752 66386.291656 215.000000 3.000000 95.000000
 3850500.000000 0.000000 2.429745 1.667973 0.003752 66395.997945 215.000000 3.000000 95.000000
 3851000.000000 0.000000 2.429778 1.668089 0.003752 66405.704301 215.000000 3.000000 95.000000
 3851500.000000 0.000000 2.429812 1.668205 0.003752 66415.410725 215.000000 3.000000 95.000000
 3852000.000000 0.000000 2.429845 1.668321 0.003752 66425.117216 215.000000 3.000000 95.000000
 3852500.000000 0.000000 2.429878 1.668436 0.003752 66434.823776 215.000000 3.000000 95.000000
 3853000.000000 0.000000 2.429912 1.668552 0.003752 66444.530402 215.000000 3.000000 95.000000
 3853500.000000 0.000000 2.429945 1.668668 0.003752 66454.237097 215.000000 3.000000 95.000000
 3854000.000000 0.000000 2.429978 1.668783 0.003752 66463.943859 215.000000 3.000000 95.000000
 3854500.000000 0.000000 2.430011 1.668899 0.003752 66473.650689 215.000000 3.000000 95.000000
 3855000.000000 0.000000 2.430045 1.669014 0.003752 66483.357586 215.000000 3.000000 95.000000
 3855500.000000 0.000000 2.430078 1.669130 0.003752 66493.064551 215.000000 3.000000 95.000000
 3856000.000000 0.000000 2.430111 1.669245 0.003752 66502.771583 215.000000 3.000000 95.000000
 3856500.000000 0.000000 2.430144 1.669361 0.003752 66512.478683 215.000000 3.000000 95.000000
 3857000.000000 0.000000 2.430177 1.669476 0.003752 66522.185850 215.000000 3.000000 95.000000
 3857500.000000 0.000000 2.430211 1.669592 0.003752 66531.893085 215.000000 3.000000 95.000000
 3858000.000000 0.000000 2.430244 1.669707 0.003752 66541.600387 215.000000 3.000000 95.000000
 3858500.000000 0.000000 2.430277 1.669822 0.003752 66551.307757 215.000000 3.000000 95.000000
 3859000.000000 0.000000 2.430310 1.669938 0.003752 66561.015193 215.000000 3.000000 95.000000
 3859500.000000 0.000000 2.430343 1.670053 0.003752 66570.722698 215.000000 3.000000 95.000000
 3860000.000000 0.000000 2.430376 1.670168 0.003752 66580.430269 215.000000 3.000000 95.000000
 3860500.000000 0.000000 2.430409 1.670284 0.003752 66590.137908 215.000000 3.000000 95.000000
 3861000.000000 0.000000 2.430442 1.670399 0.003752 66599.845614 215.000000 3.000000 95.000000
 3861500.000000 0.000000 2.430476 1.670514 0.003752 66609.553387 215.000000 3.000000 95.000000
 3862000.000000 0.000000 2.430509 1.670629 0.003752 66619.261228 215.000000 3.000000 95.000000
 3862500.000000 0.000000 2.430542 1.670744 0.003752 66628.969135 215.000000 3.000000 95.000000
 3863000.000000 0.000000 2.430575 1.670859 0.003752 66638.677110 215.000000 3.000000 95.000000
 3863500.000000 0.000000 2.430608 1.670974 0.003752 66648.385152 215.000000 3.000000 95.000000
 3864000.000000 0.000000 2.430641 1.671089 0.003752 66658.093261 215.000000 3.000000 95.000000
 3864500.000000 0.000000 2.430674 1.671204 0.003752 66667.801437 215.000000 3.000000 95.000000
 3865000.000000 0.000000 2.430707 1.671319 0.003752 66677.509680 215.000000 3.000000 95.000000
 3865500.000000 0.000000 2.430740 1.671434 0.003752 66687.217990 215.000000 3.000000 95.000000
 3866000.000000 0.000000 2.430773 1.671549 0.003752 66696.926368 215.000000 3.000000 95.000000
 3866500.000000 0.000000 2.430806 1.671664 0.003752 66706.634812 215.000000 3.000000 95.000000
 3867000.000000 0.000000 2.430839 1.671779 0.003752 66716.343323 215.000000 3.000000 95.000000
 3867500.000000 0.000000 2.430872 1.671894 0.003752 66726.051901 215.000000 3.000000 95.000000
 3868000.000000 0.000000 2.430905 1.672009 0.003752 66735.760546 215.000000 3.000000 95.000000
 3868500.000000 0.000000 2.430938 1.672123 0.003752 66745.469258 215.000000 3.000000 95.000000
 3869000.000000 0.000000 2.430970 1.672238 0.003752 66755.178037 215.000000 3.000000 95.000000
 3869500.000000 0.000000 2.431003 1.672353 0.003752 66764.886882 215.000000 3.000000 95.000000
 3870000.000000 0.000000 2.431036 1.672467 0.003752 66774.595795 215.000000 3.000000 95.000000
 3870500.000000 0.000000 2.431069 1.672582 0.003752 66784.304774 215.000000 3.000000 95.000000
 3871000.000000 0.000000 2.431102 1.672697 0.003752 66794.013820 215.000000 3.000000 95.000000
 3871500.000000 0.000000 2.431135 1.672811 0.003752 66803.722932 215.000000 3.000000 95.000000
 3872000.000000 0.000000 2.431168 1.672926 0.003752 66813.432112 215.000000 3.000000 95.000000
 3872500.000000 0.000000 2.431201 1.673040 0.003753 66823.141358 215.000000 3.000000 95.000000
 3873000.000000 0.000000 2.431233 1.673155 0.003753 66832.850671 215.000000 3.000000 95.000000
 3873500.000000 0.000000 2.431266 1.673269 0.003753 66842.560050 215.000000 3.000000 95.000000
 3874000.000000 0.000000 2.431299 1.673384 0.003753 66852.269496 215.000000 3.000000 95.000000
 3874500.000000 0.000000 2.431332 1.673498 0.003753 66861.979009 215.000000 3.000000 95.000000
 3875000.000000 0.000000 2.431365 1.673613 0.003753 66871.688588 215.000000 3.000000 95.000000
 3875500.000000 0.000000 2.431397 1.673727 0.003753 66881.398233 215.000000 3.000000 95.000000
 3876000.000000 0.000000 2.431430 1.673841 0.003753 66891.107946 215.000000 3.000000 95.000000
 3876500.000000 0.000000 2.431463 1.673956 0.003753 66900.817724 215.000000 3.000000 95.000000
 3877000.000000 0.000000 2.431496 1.674070 0.003753 66910.527570 215.000000 3.000000 95.000000
 3877500.000000 0.000000 2.431528 1.674184 0.003753 66920.237481 215.000000 3.000000 95.000000
 3878000.000000 0.000000 2.431561 1.674298 0.003753 66929.947459 215.000000 3.000000 95.000000
 3878500.000000 0.000000 2.431594 1.674413 0.003753 66939.657504 215.000000 3.000000 95.000000
 3879000.000000 0.000000 2.431627 1.674527 0.003753 66949.367615 215.000000 3.000000 95.000000
 3879500.000000 0.000000 2.431659 1.674641 0.003753 66959.077792 215.000000 3.000000 95.000000
 3880000.000000 0.000000 2.431692 1.674755 0.003753 66968.788035 215.000000 3.000000 95.000000
 3880500.000000 0.000000 2.431725 1.674869 0.003753 66978.498345 215.000000 3.000000 95.000000
 3881000.000000 0.000000 2.431757 1.674983 0.003753 66988.208721 215.000000 3.000000 95.000000
 3881500.000000 0.000000 2.431790 1.675097 0.003753 66997.919164 215.000000 3.000000 95.000000
 3882000.000000 0.000000 2.431823 1.675211 0.003753 67007.629672 215.000000 3.000000 95.000000
 3882500.000000 0.000000 2.431855 1.675325 0.003753 67017.340247 215.000000 3.000000 95.000000
 3883000.000000 0.000000 2.431888 1.675439 0.003753 67027.050888 215.000000 3.000000 95.000000
 3883500.000000 0.000000 2.431920 1.675553 0.003753 67036.761595 215.000000 3.000000 95.000000
 3884000.000000 0.000000 2.431953 1.675667 0.003753 67046.472368 215.000000 3.000000 95.000000
 3884500.000000 0.000000 2.431986 1.675781 0.003753 67056.183207 215.000000 3.000000 95.000000
 3885000.000000 0.000000 2.432018 1.675894 0.003753 67065.894113 215.000000 3.000000 95.000000
 3885500.000000 0.000000 2.432051 1.676008 0.003753 67075.605084 215.000000 3.000000 95.000000
 3886000.000000 0.000000 2.432083 1.676122 0.003753 67085.316122 215.000000 3.000000 95.000000
 3886500.000000 0.000000 2.432116 1.676236 0.003753 67095.027225 215.000000 3.000000 95.000000
 3887000.000000 0.000000 2.432148 1.676349 0.003753 67104.738395 215.000000 3.000000 95.000000
 3887500.000000 0.000000 2.432181 1.676463 0.003753 67114.449630 215.000000 3.000000 95.000000
 3888000.000000 0.000000 2.432213 1.676577 0.003753 67124.160932 215.000000 3.000000 95.000000
 3888500.000000 0.000000 2.432246 1.676690 0.003753 67133.872299 215.000000 3.000000 95.000000
 3889000.000000 0.000000 2.432278 1.676804 0.003753 67143.583732 215.000000 3.000000 95.000000
 3889500.000000 0.000000 2.432311 1.676917 0.003753 67153.295231 215.000000 3.000000 95.000000
 3890000.000000 0.000000 2.432343 1.677031 0.003753 67163.006796 215.000000 3.000000 95.000000
 3890500.000000 0.000000 2.432376 1.677144 0.003753 67172.718427 215.000000 3.000000 95.000000
 3891000.000000 0.000000 2.432408 1.677258 0.003753 67182.430123 215.000000 3.000000 95.000000
 3891500.000000 0.000000 2.432441 1.677371 0.003753 67192.141886 215.000000 3.000000 95.000000
 3892000.000000 0.000000 2.432473 1.677485 0.003753 67201.853714 215.000000 3.000000 95.000000
 3892500.000000 0.000000 2.432506 1.677598 0.003753 67211.565607 215.000000 3.000000 95.000000
 3893000.000000 0.000000 2.432538 1.677711 0.003753 67221.277567 215.000000 3.000000 95.000000
 3893500.000000 0.000000 2.432570 1.677825 0.003753 67230.989592 215.000000 3.000000 95.000000
 3894000.000000 0.000000 2.432603 1.677938 0.003753 67240.701683 215.000000 3.000000 95.000000
 3894500.000000 0.000000 2.432635 1.678051 0.003753 67250.413839 215.000000 3.000000 95.000000
 3895000.000000 0.000000 2.432667 1.678164 0.003753 67260.126061 215.000000 3.000000 95.000000
 3895500.000000 0.000000 2.432700 1.678278 0.003753 67269.838349 215.000000 3.000000 95.000000
 3896000.000000 0.000000 2.432732 1.678391 0.003753 67279.550702 215.000000 3.000000 95.000000
 3896500.000000 0.000000 2.432764 1.678504 0.003753 67289.263120 215.000000 3.000000 95.000000
 3897000.000000 0.000000 2.432797 1.678617 0.003753 67298.975605 215.000000 3.000000 95.000000
 3897500.000000 0.000000 2.432829 1.678730 0.003753 67308.688154 215.000000 3.000000 95.000000
 3898000.000000 0.000000 2.432861 1.678843 0.003753 67318.400769 215.000000 3.000000 95.000000
 3898500.000000 0.000000 2.432894 1.678956 0.003753 67328.113450 215.000000 3.000000 95.000000
 3899000.000000 0.000000 2.432926 1.679069 0.003753 67337.826196 215.000000 3.000000 95.000000
 3899500.000000 0.000000 2.432958 1.679182 0.003753 67347.539007 215.000000 3.000000 95.000000
 3900000.000000 0.000000 2.432991 1.679295 0.003753 67357.251884 215.000000 3.000000 95.000000
 3900500.000000 0.000000 2.433023 1.679408 0.003753 67366.964826 215.000000 3.000000 95.000000
 3901000.000000 0.000000 2.433055 1.679521 0.003753 67376.677833 215.000000 3.000000 95.000000
 3901500.000000 0.000000 2.433087 1.679634 0.003753 67386.390906 215.000000 3.000000 95.000000
 3902000.000000 0.000000 2.433119 1.679747 0.003753 67396.104044 215.000000 3.000000 95.000000
 3902500.000000 0.000000 2.433152 1.679860 0.003753 67405.817247 215.000000 3.000000 95.000000
 3903000.000000 0.000000 2.433184 1.679972 0.003753 67415.530515 215.000000 3.000000 95.000000
 3903500.000000 0.000000 2.433216 1.680085 0.003753 67425.243849 215.000000 3.000000 95.000000
 3904000.000000 0.000000 2.433248 1.680198 0.003753 67434.957247 215.000000 3.000000 95.000000
 3904500.000000 0.000000 2.433280 1.680311 0.003753 67444.670711 215.000000 3.000000 95.000000
 3905000.000000 0.000000 2.433313 1.680423 0.003753 67454.384240 215.000000 3.000000 95.000000
 3905500.000000 0.000000 2.433345 1.680536 0.003753 67464.097834 215.000000 3.000000 95.000000
 3906000.000000 0.000000 2.433377 1.680648 0.003753 67473.811493 215.000000 3.000000 95.000000
 3906500.000000 0.000000 2.433409 1.680761 0.003753 67483.525218 215.000000 3.000000 95.000000
 3907000.000000 0.000000 2.433441 1.680874 0.003753 67493.239007 215.000000 3.000000 95.000000
 3907500.000000 0.000000 2.433473 1.680986 0.003753 67502.952861 215.000000 3.000000 95.000000
 3908000.000000 0.000000 2.433505 1.681099 0.003753 67512.666780 215.000000 3.000000 95.000000
 3908500.000000 0.000000 2.433537 1.681211 0.003753 67522.380764 215.000000 3.000000 95.000000
 3909000.000000 0.000000 2.433569 1.681323 0.003753 67532.094814 215.000000 3.000000 95.000000
 3909500.000000 0.000000 2.433601 1.681436 0.003753 67541.808928 215.000000 3.000000 95.000000
 3910000.000000 0.000000 2.433633 1.681548 0.003753 67551.523106 215.000000 3.000000 95.000000
 3910500.000000 0.000000 2.433665 1.681661 0.003753 67561.237350 215.000000 3.000000 95.000000
 3911000.000000 0.000000 2.433698 1.681773 0.003753 67570.951659 215.000000 3.000000 95.000000
 3911500.000000 0.000000 2.433730 1.681885 0.003753 67580.666032 215.000000 3.000000 95.000000
 3912000.000000 0.000000 2.433762 1.681998 0.003753 67590.380471 215.000000 3.000000 95.000000
 3912500.000000 0.000000 2.433794 1.682110 0.003753 67600.094974 215.000000 3.000000 95.000000
 3913000.000000 0.000000 2.433826 1.682222 0.003753 67609.809541 215.000000 3.000000 95.000000
 3913500.000000 0.000000 2.433858 1.682334 0.003753 67619.524174 215.000000 3.000000 95.000000
 3914000.000000 0.000000 2.433889 1.682446 0.003753 67629.238871 215.000000 3.000000 95.000000
 3914500.000000 0.000000 2.433921 1.682558 0.003753 67638.953633 215.000000 3.000000 95.000000
 3915000.000000 0.000000 2.433953 1.682671 0.003753 67648.668459 215.000000 3.000000 95.000000
 3915500.000000 0.000000 2.433985 1.682783 0.003753 67658.383350 215.000000 3.000000 95.000000
 3916000.000000 0.000000 2.434017 1.682895 0.003753 67668.098306 215.000000 3.000000 95.000000
 3916500.000000 0.000000 2.434049 1.683007 0.003753 67677.813326 215.000000 3.000000 95.000000
 3917000.000000 0.000000 2.434081 1.683119 0.003753 67687.528411 215.000000 3.000000 95.000000
 3917500.000000 0.000000 2.434113 1.683231 0.003753 67697.243561 215.000000 3.000000 95.000000
 3918000.000000 0.000000 2.434145 1.683343 0.003753 67706.958774 215.000000 3.000000 95.000000
 3918500.000000 0.000000 2.434177 1.683454 0.003753 67716.674053 215.000000 3.000000 95.000000
 3919000.000000 0.000000 2.434209 1.683566 0.003753 67726.389396 215.000000 3.000000 95.000000
 3919500.000000 0.000000 2.434240 1.683678 0.003753 67736.104803 215.000000 3.000000 95.000000
 3920000.000000 0.000000 2.434272 1.683790 0.003753 67745.820275 215.000000 3.000000 95.000000
 3920500.000000 0.000000 2.434304 1.683902 0.003753 67755.535811 215.000000 3.000000 95.000000
 3921000.000000 0.000000 2.434336 1.684014 0.003753 67765.251411 215.000000 3.000000 95.000000
 3921500.000000 0.000000 2.434368 1.684125 0.003753 67774.967076 215.000000 3.000000 95.000000
 3922000.000000 0.000000 2.434400 1.684237 0.003753 67784.682805 215.000000 3.000000 95.000000
 3922500.000000 0.000000 2.434431 1.684349 0.003753 67794.398599 215.000000 3.000000 95.000000
 3923000.000000 0.000000 2.434463 1.684460 0.003753 67804.114456 215.000000 3.000000 95.000000
 3923500.000000 0.000000 2.434495 1.684572 0.003753 67813.830378 215.000000 3.000000 95.000000
 3924000.000000 0.000000 2.434527 1.684684 0.003753 67823.546365 215.000000 3.000000 95.000000
 3924500.000000 0.000000 2.434558 1.684795 0.003754 67833.262415 215.000000 3.000000 95.000000
 3925000.000000 0.000000 2.434590 1.684907 0.003754 67842.978530 215.000000 3.000000 95.000000
 3925500.000000 0.000000 2.434622 1.685018 0.003754 67852.694708 215.000000 3.000000 95.000000
 3926000.000000 0.000000 2.434654 1.685130 0.003754 67862.410951 215.000000 3.000000 95.000000
 3926500.000000 0.000000 2.434685 1.685241 0.003754 67872.127258 215.000000 3.000000 95.000000
 3927000.000000 0.000000 2.434717 1.685352 0.003754 67881.843629 215.000000 3.000000 95.000000
 3927500.000000 0.000000 2.434749 1.685464 0.003754 67891.560065 215.000000 3.000000 95.000000
 3928000.000000 0.000000 2.434780 1.685575 0.003754 67901.276564 215.000000 3.000000 95.000000
 3928500.000000 0.000000 2.434812 1.685687 0.003754 67910.993127 215.000000 3.000000 95.000000
 3929000.000000 0.000000 2.434844 1.685798 0.003754 67920.709754 215.000000 3.000000 95.000000
 3929500.000000 0.000000 2.434875 1.685909 0.003754 67930.426445 215.000000 3.000000 95.000000
 3930000.000000 0.000000 2.434907 1.686020 0.003754 67940.143201 215.000000 3.000000 95.000000
 3930500.000000 0.000000 2.434939 1.686132 0.003754 67949.860020 215.000000 3.000000 95.000000
 3931000.000000 0.000000 2.434970 1.686243 0.003754 67959.576903 215.000000 3.000000 95.000000
 3931500.000000 0.000000 2.435002 1.686354 0.003754 67969.293850 215.000000 3.000000 95.000000
 3932000.000000 0.000000 2.435033 1.686465 0.003754 67979.010860 215.000000 3.000000 95.000000
 3932500.000000 0.000000 2.435065 1.686576 0.003754 67988.727935 215.000000 3.000000 95.000000
 3933000.000000 0.000000 2.435097 1.686687 0.003754 67998.445073 215.000000 3.000000 95.000000
 3933500.000000 0.000000 2.435128 1.686798 0.003754 68008.162275 215.000000 3.000000 95.000000
 3934000.000000 0.000000 2.435160 1.686910 0.003754 68017.879541 215.000000 3.000000 95.000000
 3934500.000000 0.000000 2.435191 1.687021 0.003754 68027.596871 215.000000 3.000000 95.000000
 3935000.000000 0.000000 2.435223 1.687132 0.003754 68037.314264 215.000000 3.000000 95.000000
 3935500.000000 0.000000 2.435254 1.687242 0.003754 68047.031722 215.000000 3.000000 95.000000
 3936000.000000 0.000000 2.435286 1.687353 0.003754 68056.749242 215.000000 3.000000 95.000000
 3936500.000000 0.000000 2.435317 1.687464 0.003754 68066.466827 215.000000 3.000000 95.000000
 3937000.000000 0.000000 2.435349 1.687575 0.003754 68076.184475 215.000000 3.000000 95.000000
 3937500.000000 0.000000 2.435380 1.687686 0.003754 68085.902186 215.000000 3.000000 95.000000
 3938000.000000 0.000000 2.435412 1.687797 0.003754 68095.619962 215.000000 3.000000 95.000000
 3938500.000000 0.000000 2.435443 1.687908 0.003754 68105.337800 215.000000 3.000000 95.000000
 3939000.000000 0.000000 2.435475 1.688018 0.003754 68115.055703 215.000000 3.000000 95.000000
 3939500.000000 0.000000 2.435506 1.688129 0.003754 68124.773669 215.000000 3.000000 95.000000
 3940000.000000 0.000000 2.435538 1.688240 0.003754 68134.491698 215.000000 3.000000 95.000000
 3940500.000000 0.000000 2.435569 1.688350 0.003754 68144.209791 215.000000 3.000000 95.000000
 3941000.000000 0.000000 2.435600 1.688461 0.003754 68153.927947 215.000000 3.000000 95.000000
 3941500.000000 0.000000 2.435632 1.688572 0.003754 68163.646167 215.000000 3.000000 95.000000
 3942000.000000 0.000000 2.435663 1.688682 0.003754 68173.364450 215.000000 3.000000 95.000000
 3942500.000000 0.000000 2.435695 1.688793 0.003754 68183.082796 215.000000 3.000000 95.000000
 3943000.000000 0.000000 2.435726 1.688903 0.003754 68192.801206 215.000000 3.000000 95.000000
 3943500.000000 0.000000 2.435757 1.689014 0.003754 68202.519679 215.000000 3.000000 95.000000
 3944000.000000 0.000000 2.435789 1.689124 0.003754 68212.238216 215.000000 3.000000 95.000000
 3944500.000000 0.000000 2.435820 1.689235 0.003754 68221.956815 215.000000 3.000000 95.000000
 3945000.000000 0.000000 2.435851 1.689345 0.003754 68231.675478 215.000000 3.000000 95.000000
 3945500.000000 0.000000 2.435883 1.689456 0.003754 68241.394205 215.000000 3.000000 95.000000
 3946000.000000 0.000000 2.435914 1.689566 0.003754 68251.112994 215.000000 3.000000 95.000000
 3946500.000000 0.000000 2.435945 1.689676 0.003754 68260.831847 215.000000 3.000000 95.000000
 3947000.000000 0.000000 2.435977 1.689787 0.003754 68270.550762 215.000000 3.000000 95.000000
 3947500.000000 0.000000 2.436008 1.689897 0.003754 68280.269741 215.000000 3.000000 95.000000
 3948000.000000 0.000000 2.436039 1.690007 0.003754 68289.988784 215.000000 3.000000 95.000000
 3948500.000000 0.000000 2.436070 1.690118 0.003754 68299.707889 215.000000 3.000000 95.000000
 3949000.000000 0.000000 2.436102 1.690228 0.003754 68309.427057 215.000000 3.000000 95.000000
 3949500.000000 0.000000 2.436133 1.690338 0.003754 68319.146288 215.000000 3.000000 95.000000
 3950000.000000 0.000000 2.436164 1.690448 0.003754 68328.865583 215.000000 3.000000 95.000000
 3950500.000000 0.000000 2.436195 1.690558 0.003754 68338.584940 215.000000 3.000000 95.000000
 3951000.000000 0.000000 2.436227 1.690668 0.003754 68348.304360 215.000000 3.000000 95.000000
 3951500.000000 0.000000 2.436258 1.690778 0.003754 68358.023844 215.000000 3.000000 95.000000
 3952000.000000 0.000000 2.436289 1.690888 0.003754 68367.743390 215.000000 3.000000 95.000000
 3952500.000000 0.000000 2.436320 1.690998 0.003754 68377.462999 215.000000 3.000000 95.000000
 3953000.000000 0.000000 2.436351 1.691108 0.003754 68387.182671 215.000000 3.000000 95.000000
 3953500.000000 0.000000 2.436382 1.691218 0.003754 68396.902406 215.000000 3.000000 95.000000
 3954000.000000 0.000000 2.436414 1.691328 0.003754 68406.622204 215.000000 3.000000 95.000000
 3954500.000000 0.000000 2.436445 1.691438 0.003754 68416.342065 215.000000 3.000000 95.000000
 3955000.000000 0.000000 2.436476 1.691548 0.003754 68426.061988 215.000000 3.000000 95.000000
 3955500.000000 0.000000 2.436507 1.691658 0.003754 68435.781974 215.000000 3.000000 95.000000
 3956000.000000 0.000000 2.436538 1.691768 0.003754 68445.502023 215.000000 3.000000 95.000000
 3956500.000000 0.000000 2.436569 1.691878 0.003754 68455.222135 215.000000 3.000000 95.000000
 3957000.000000 0.000000 2.436600 1.691987 0.003754 68464.942309 215.000000 3.000000 95.000000
 3957500.000000 0.000000 2.436631 1.692097 0.003754 68474.662547 215.000000 3.000000 95.000000
 3958000.000000 0.000000 2.436662 1.692207 0.003754 68484.382846 215.000000 3.000000 95.000000
 3958500.000000 0.000000 2.436694 1.692316 0.003754 68494.103209 215.000000 3.000000 95.000000
 3959000.000000 0.000000 2.436725 1.692426 0.003754 68503.823634 215.000000 3.000000 95.000000
 3959500.000000 0.000000 2.436756 1.692536 0.003754 68513.544122 215.000000 3.000000 95.000000
 3960000.000000 0.000000 2.436787 1.692645 0.003754 68523.264672 215.000000 3.000000 95.000000
 3960500.000000 0.000000 2.436818 1.692755 0.003754 68532.985285 215.000000 3.000000 95.000000
 3961000.000000 0.000000 2.436849 1.692864 0.003754 68542.705960 215.000000 3.000000 95.000000
 3961500.000000 0.000000 2.436880 1.692974 0.003754 68552.426698 215.000000 3.000000 95.000000
 3962000.000000 0.000000 2.436911 1.693083 0.003754 68562.147498 215.000000 3.000000 95.000000
 3962500.000000 0.000000 2.436942 1.693193 0.003754 68571.868361 215.000000 3.000000 95.000000
 3963000.000000 0.000000 2.436973 1.693302 0.003754 68581.589287 215.000000 3.000000 95.000000
 3963500.000000 0.000000 2.437004 1.693412 0.003754 68591.310274 215.000000 3.000000 95.000000
 3964000.000000 0.000000 2.437035 1.693521 0.003754 68601.031324 215.000000 3.000000 95.000000
 3964500.000000 0.000000 2.437066 1.693631 0.003754 68610.752437 215.000000 3.000000 95.000000
 3965000.000000 0.000000 2.437096 1.693740 0.003754 68620.473612 215.000000 3.000000 95.000000
 3965500.000000 0.000000 2.437127 1.693849 0.003754 68630.194849 215.000000 3.000000 95.000000
 3966000.000000 0.000000 2.437158 1.693958 0.003754 68639.916149 215.000000 3.000000 95.000000
 3966500.000000 0.000000 2.437189 1.694068 0.003754 68649.637510 215.000000 3.000000 95.000000
 3967000.000000 0.000000 2.437220 1.694177 0.003754 68659.358934 215.000000 3.000000 95.000000
 3967500.000000 0.000000 2.437251 1.694286 0.003754 68669.080421 215.000000 3.000000 95.000000
 3968000.000000 0.000000 2.437282 1.694395 0.003754 68678.801969 215.000000 3.000000 95.000000
 3968500.000000 0.000000 2.437313 1.694504 0.003754 68688.523580 215.000000 3.000000 95.000000
 3969000.000000 0.000000 2.437344 1.694614 0.003754 68698.245253 215.000000 3.000000 95.000000
 3969500.000000 0.000000 2.437374 1.694723 0.003754 68707.966988 215.000000 3.000000 95.000000
 3970000.000000 0.000000 2.437405 1.694832 0.003754 68717.688785 215.000000 3.000000 95.000000
 3970500.000000 0.000000 2.437436 1.694941 0.003754 68727.410645 215.000000 3.000000 95.000000
 3971000.000000 0.000000 2.437467 1.695050 0.003754 68737.132566 215.000000 3.000000 95.000000
 3971500.000000 0.000000 2.437498 1.695159 0.003754 68746.854549 215.000000 3.000000 95.000000
 3972000.000000 0.000000 2.437529 1.695268 0.003754 68756.576595 215.000000 3.000000 95.000000
 3972500.000000 0.000000 2.437559 1.695377 0.003754 68766.298702 215.000000 3.000000 95.000000
 3973000.000000 0.000000 2.437590 1.695486 0.003754 68776.020872 215.000000 3.000000 95.000000
 3973500.000000 0.000000 2.437621 1.695594 0.003754 68785.743104 215.000000 3.000000 95.000000
 3974000.000000 0.000000 2.437652 1.695703 0.003754 68795.465397 215.000000 3.000000 95.000000
 3974500.000000 0.000000 2.437682 1.695812 0.003754 68805.187752 215.000000 3.000000 95.000000
 3975000.000000 0.000000 2.437713 1.695921 0.003754 68814.910170 215.000000 3.000000 95.000000
 3975500.000000 0.000000 2.437744 1.696030 0.003754 68824.632649 215.000000 3.000000 95.000000
 3976000.000000 0.000000 2.437775 1.696138 0.003754 68834.355190 215.000000 3.000000 95.000000
 3976500.000000 0.000000 2.437805 1.696247 0.003754 68844.077793 215.000000 3.000000 95.000000
 3977000.000000 0.000000 2.437836 1.696356 0.003754 68853.800458 215.000000 3.000000 95.000000
 3977500.000000 0.000000 2.437867 1.696464 0.003754 68863.523184 215.000000 3.000000 95.000000
 3978000.000000 0.000000 2.437897 1.696573 0.003755 68873.245973 215.000000 3.000000 95.000000
 3978500.000000 0.000000 2.437928 1.696682 0.003755 68882.968823 215.000000 3.000000 95.000000
 3979000.000000 0.000000 2.437959 1.696790 0.003755 68892.691734 215.000000 3.000000 95.000000
 3979500.000000 0.000000 2.437989 1.696899 0.003755 68902.414708 215.000000 3.000000 95.000000
 3980000.000000 0.000000 2.438020 1.697007 0.003755 68912.137743 215.000000 3.000000 95.000000
 3980500.000000 0.000000 2.438051 1.697116 0.003755 68921.860840 215.000000 3.000000 95.000000
 3981000.000000 0.000000 2.438081 1.697224 0.003755 68931.583999 215.000000 3.000000 95.000000
 3981500.000000 0.000000 2.438112 1.697333 0.003755 68941.307219 215.000000 3.000000 95.000000
 3982000.000000 0.000000 2.438142 1.697441 0.003755 68951.030501 215.000000 3.000000 95.000000
 3982500.000000 0.000000 2.438173 1.697550 0.003755 68960.753844 215.000000 3.000000 95.000000
 3983000.000000 0.000000 2.438204 1.697658 0.003755 68970.477249 215.000000 3.000000 95.000000
 3983500.000000 0.000000 2.438234 1.697766 0.003755 68980.200715 215.000000 3.000000 95.000000
 3984000.000000 0.000000 2.438265 1.697875 0.003755 68989.924243 215.000000 3.000000 95.000000
 3984500.000000 0.000000 2.438295 1.697983 0.003755 68999.647833 215.000000 3.000000 95.000000
 3985000.000000 0.000000 2.438326 1.698091 0.003755 69009.371484 215.000000 3.000000 95.000000
 3985500.000000 0.000000 2.438356 1.698199 0.003755 69019.095196 215.000000 3.000000 95.000000
 3986000.000000 0.000000 2.438387 1.698308 0.003755 69028.818970 215.000000 3.000000 95.000000
 3986500.000000 0.000000 2.438417 1.698416 0.003755 69038.542805 215.000000 3.000000 95.000000
 3987000.000000 0.000000 2.438448 1.698524 0.003755 69048.266701 215.000000 3.000000 95.000000
 3987500.000000 0.000000 2.438478 1.698632 0.003755 69057.990659 215.000000 3.000000 95.000000
 3988000.000000 0.000000 2.438509 1.698740 0.003755 69067.714679 215.000000 3.000000 95.000000
 3988500.000000 0.000000 2.438539 1.698848 0.003755 69077.438759 215.000000 3.000000 95.000000
 3989000.000000 0.000000 2.438570 1.698956 0.003755 69087.162901 215.000000 3.000000 95.000000
 3989500.000000 0.000000 2.438600 1.699064 0.003755 69096.887104 215.000000 3.000000 95.000000
 3990000.000000 0.000000 2.438631 1.699172 0.003755 69106.611369 215.000000 3.000000 95.000000
 3990500.000000 0.000000 2.438661 1.699280 0.003755 69116.335694 215.000000 3.000000 95.000000
 3991000.000000 0.000000 2.438692 1.699388 0.003755 69126.060081 215.000000 3.000000 95.000000
 3991500.000000 0.000000 2.438722 1.699496 0.003755 69135.784529 215.000000 3.000000 95.000000
 3992000.000000 0.000000 2.438752 1.699604 0.003755 69145.509038 215.000000 3.000000 95.000000
 3992500.000000 0.000000 2.438783 1.699712 0.003755 69155.233609 215.000000 3.000000 95.000000
 3993000.000000 0.000000 2.438813 1.699820 0.003755 69164.958240 215.000000 3.000000 95.000000
 3993500.000000 0.000000 2.438844 1.699927 0.003755 69174.682933 215.000000 3.000000 95.000000
 3994000.000000 0.000000 2.438874 1.700035 0.003755 69184.407686 215.000000 3.000000 95.000000
 3994500.000000 0.000000 2.438904 1.700143 0.003755 69194.132501 215.000000 3.000000 95.000000
 3995000.000000 0.000000 2.438935 1.700251 0.003755 69203.857377 215.000000 3.000000 95.000000
 3995500.000000 0.000000 2.438965 1.700358 0.003755 69213.582313 215.000000 3.000000 95.000000
 3996000.000000 0.000000 2.438995 1.700466 0.003755 69223.307311 215.000000 3.000000 95.000000
 3996500.000000 0.000000 2.439026 1.700574 0.003755 69233.032370 215.000000 3.000000 95.000000
 3997000.000000 0.000000 2.439056 1.700681 0.003755 69242.757489 215.000000 3.000000 95.000000
 3997500.000000 0.000000 2.439086 1.700789 0.003755 69252.482670 215.000000 3.000000 95.000000
 3998000.000000 0.000000 2.439117 1.700896 0.003755 69262.207911 215.000000 3.000000 95.000000
 3998500.000000 0.000000 2.439147 1.701004 0.003755 69271.933214 215.000000 3.000000 95.000000
 3999000.000000 0.000000 2.439177 1.701111 0.003755 69281.658577 215.000000 3.000000 95.000000
 3999500.000000 0.000000 2.439207 1.701219 0.003755 69291.383905 215.000000 3.000000 95.000000
 4000000.000000 0.000000 2.439237 1.701326 0.003755 69301.109391 215.000000 3.000000 95.000000
 4000500.000000 0.000000 2.439268 1.701434 0.003755 69310.834937 215.000000 3.000000 95.000000
 4001000.000000 0.000000 2.439298 1.701541 0.003755 69320.560544 215.000000 3.000000 95.000000
 4001500.000000 0.060333 2.439874 1.701647 0.003755 69330.301092 215.000000 3.000000 63.000000
 4002000.000000 0.000000 2.439352 1.701754 0.003755 69340.027872 215.000000 3.000000 63.000000
 4002500.000000 0.000000 2.439383 1.701861 0.003755 69349.753667 215.000000 3.000000 63.000000
 4003000.000000 0.000000 2.439412 1.701969 0.003755 69359.479497 215.000000 3.000000 48.000000
 4003500.000000 0.000000 2.439442 1.702076 0.003755 69369.205413 215.000000 3.000000 48.000000
 4004000.000000 0.000000 2.439472 1.702183 0.003755 69378.931391 215.000000 3.000000 48.000000
 4004500.000000 0.000000 2.439503 1.702290 0.003755 69388.657429 215.000000 3.000000 48.000000
 4005000.000000 0.000000 2.439533 1.702398 0.003755 69398.383528 215.000000 3.000000 48.000000
 4005500.000000 0.000000 2.439563 1.702505 0.003755 69408.109687 215.000000 3.000000 48.000000
 4006000.000000 0.000000 2.439593 1.702612 0.003755 69417.835907 215.000000 3.000000 48.000000
 4006500.000000 0.000000 2.439623 1.702719 0.003755 69427.562012 215.000000 3.000000 48.000000
 4007000.000000 0.000000 2.439651 1.702826 0.003755 69437.291554 215.000000 3.000000 48.000000
 4007500.000000 0.000000 2.439680 1.702933 0.003755 69447.017939 215.000000 3.000000 48.000000
 4008000.000000 0.000000 2.439709 1.703040 0.003755 69456.744502 215.000000 3.000000 48.000000
 4008500.000000 0.058140 2.440170 1.703139 0.003756 69466.533872 215.000000 3.000000 1653.000000
 4009000.000000 0.000000 2.439625 1.703245 0.003756 69476.263435 215.000000 3.000000 1653.000000
 4009500.000000 0.000000 2.439654 1.703352 0.003756 69485.990256 215.000000 3.000000 1653.000000
 4010000.000000 0.000000 2.439684 1.703459 0.003756 69495.717173 215.000000 3.000000 1653.000000
 4010500.000000 0.000000 2.439714 1.703566 0.003756 69505.444150 215.000000 3.000000 1653.000000
 4011000.000000 0.000000 2.439744 1.703673 0.003756 69515.171187 215.000000 3.000000 1653.000000
 4011500.000000 0.000000 2.439775 1.703780 0.003756 69524.898285 215.000000 3.000000 1653.000000
 4012000.000000 0.000000 2.439805 1.703887 0.003756 69534.625443 215.000000 3.000000 1653.000000
 4012500.000000 0.000000 2.439834 1.703993 0.003756 69544.352911 215.000000 3.000000 1653.000000
 4013000.000000 0.000000 2.439864 1.704100 0.003756 69554.080091 215.000000 3.000000 1653.000000
 4013500.000000 0.000000 2.439894 1.704207 0.003756 69563.807431 215.000000 3.000000 1653.000000
 4014000.000000 0.000000 2.439924 1.704314 0.003756 69573.534831 215.000000 3.000000 1653.000000
 4014500.000000 0.000000 2.439950 1.704419 0.003756 69583.269967 215.000000 3.000000 1653.000000
 4015000.000000 0.048763 2.440612 1.704526 0.003756 69592.997392 215.000000 3.000000 1653.000000
 4015500.000000 0.000000 2.440010 1.704633 0.003756 69602.724976 215.000000 3.000000 1653.000000
 4016000.000000 0.000000 2.440040 1.704739 0.003756 69612.452620 215.000000 3.000000 1653.000000
 4016500.000000 0.000000 2.440070 1.704846 0.003756 69622.180324 215.000000 3.000000 1653.000000
 4017000.000000 0.000000 2.440100 1.704952 0.003756 69631.908087 215.000000 3.000000 1653.000000
 4017500.000000 0.000000 2.440130 1.705059 0.003756 69641.635911 215.000000 3.000000 1653.000000
 4018000.000000 0.000000 2.440160 1.705165 0.003756 69651.363795 215.000000 3.000000 1653.000000
 4018500.000000 0.000000 2.440190 1.705272 0.003756 69661.091739 215.000000 3.000000 1653.000000
 4019000.000000 0.000000 2.440220 1.705378 0.003756 69670.819742 215.000000 3.000000 1653.000000
 4019500.000000 0.000000 2.440249 1.705485 0.003756 69680.547806 215.000000 3.000000 1653.000000
 4020000.000000 0.000000 2.440279 1.705591 0.003756 69690.275929 215.000000 3.000000 1653.000000
 4020500.000000 0.000000 2.440309 1.705697 0.003756 69700.004112 215.000000 3.000000 1653.000000
 4021000.000000 0.000000 2.440339 1.705804 0.003756 69709.732355 215.000000 3.000000 1653.000000
 4021500.000000 0.000000 2.440369 1.705910 0.003756 69719.460658 215.000000 3.000000 1653.000000
 4022000.000000 0.000000 2.440399 1.706016 0.003756 69729.189021 215.000000 3.000000 1653.000000
 4022500.000000 0.000000 2.440429 1.706123 0.003756 69738.917443 215.000000 3.000000 1653.000000
 4023000.000000 0.000000 2.440458 1.706229 0.003756 69748.645926 215.000000 3.000000 1653.000000
 4023500.000000 0.000000 2.440488 1.706335 0.003757 69758.374468 215.000000 3.000000 1653.000000
 4024000.000000 0.000000 2.440518 1.706441 0.003757 69768.103069 215.000000 3.000000 1653.000000
 4024500.000000 0.000000 2.440548 1.706547 0.003757 69777.831731 215.000000 3.000000 1653.000000
 4025000.000000 0.000000 2.440578 1.706653 0.003757 69787.560452 215.000000 3.000000 1653.000000
 4025500.000000 0.000000 2.440607 1.706760 0.003757 69797.289233 215.000000 3.000000 1653.000000
 4026000.000000 0.000000 2.440637 1.706866 0.003757 69807.018073 215.000000 3.000000 1653.000000
 4026500.000000 0.000000 2.440667 1.706972 0.003757 69816.746973 215.000000 3.000000 1653.000000
 4027000.000000 0.000000 2.440697 1.707078 0.003757 69826.475932 215.000000 3.000000 1653.000000
 4027500.000000 0.000000 2.440726 1.707184 0.003757 69836.204951 215.000000 3.000000 1653.000000
 4028000.000000 0.000000 2.440756 1.707290 0.003757 69845.934030 215.000000 3.000000 1653.000000
 4028500.000000 0.000000 2.440786 1.707396 0.003757 69855.663168 215.000000 3.000000 1653.000000
 4029000.000000 0.000000 2.440816 1.707501 0.003757 69865.392366 215.000000 3.000000 1653.000000
 4029500.000000 0.000000 2.440845 1.707607 0.003757 69875.121623 215.000000 3.000000 1653.000000
 4030000.000000 0.000000 2.440875 1.707713 0.003757 69884.850940 215.000000 3.000000 1653.000000
 4030500.000000 0.000000 2.440905 1.707819 0.003757 69894.580316 215.000000 3.000000 1653.000000
 4031000.000000 0.000000 2.440934 1.707925 0.003757 69904.309751 215.000000 3.000000 1653.000000
 4031500.000000 0.000000 2.440964 1.708031 0.003757 69914.039246 215.000000 3.000000 1653.000000
 4032000.000000 0.000000 2.440994 1.708136 0.003757 69923.768800 215.000000 3.000000 1653.000000
 4032500.000000 0.000000 2.441023 1.708242 0.003757 69933.498414 215.000000 3.000000 1653.000000
 4033000.000000 0.000000 2.441053 1.708348 0.003757 69943.228087 215.000000 3.000000 1653.000000
 4033500.000000 0.000000 2.441082 1.708454 0.003757 69952.957819 215.000000 3.000000 1653.000000
 4034000.000000 0.000000 2.441112 1.708559 0.003757 69962.687610 215.000000 3.000000 1653.000000
 4034500.000000 0.000000 2.441142 1.708665 0.003757 69972.417461 215.000000 3.000000 1653.000000
 4035000.000000 0.000000 2.441171 1.708770 0.003757 69982.147371 215.000000 3.000000 1653.000000
 4035500.000000 0.000000 2.441201 1.708876 0.003757 69991.877341 215.000000 3.000000 1653.000000
 4036000.000000 0.000000 2.441230 1.708982 0.003757 70001.607369 215.000000 3.000000 1653.000000
 4036500.000000 0.000000 2.441260 1.709087 0.003757 70011.337457 215.000000 3.000000 1653.000000
 4037000.000000 0.000000 2.441290 1.709193 0.003757 70021.067604 215.000000 3.000000 1653.000000
 4037500.000000 0.000000 2.441319 1.709298 0.003757 70030.797810 215.000000 3.000000 1653.000000
 4038000.000000 0.000000 2.441349 1.709404 0.003757 70040.528075 215.000000 3.000000 1653.000000
 4038500.000000 0.000000 2.441378 1.709509 0.003757 70050.258399 215.000000 3.000000 1653.000000
 4039000.000000 0.000000 2.441408 1.709614 0.003757 70059.988782 215.000000 3.000000 1653.000000
 4039500.000000 0.000000 2.441437 1.709720 0.003757 70069.719225 215.000000 3.000000 1653.000000
 4040000.000000 0.000000 2.441467 1.709825 0.003757 70079.449726 215.000000 3.000000 1653.000000
 4040500.000000 0.000000 2.441496 1.709930 0.003757 70089.180286 215.000000 3.000000 1653.000000
 4041000.000000 0.000000 2.441526 1.710036 0.003757 70098.910906 215.000000 3.000000 1653.000000
 4041500.000000 0.000000 2.441555 1.710141 0.003757 70108.641584 215.000000 3.000000 1653.000000
 4042000.000000 0.000000 2.441585 1.710246 0.003757 70118.372322 215.000000 3.000000 1653.000000
 4042500.000000 0.000000 2.441614 1.710352 0.003757 70128.103118 215.000000 3.000000 1653.000000
 4043000.000000 0.000000 2.441644 1.710457 0.003757 70137.833973 215.000000 3.000000 1653.000000
 4043500.000000 0.000000 2.441673 1.710562 0.003757 70147.564887 215.000000 3.000000 1653.000000
 4044000.000000 0.000000 2.441702 1.710667 0.003757 70157.295860 215.000000 3.000000 1653.000000
 4044500.000000 0.000000 2.441732 1.710772 0.003757 70167.026892 215.000000 3.000000 1653.000000
 4045000.000000 0.000000 2.441761 1.710877 0.003757 70176.757983 215.000000 3.000000 1653.000000
 4045500.000000 0.000000 2.441791 1.710982 0.003757 70186.489132 215.000000 3.000000 1653.000000
 4046000.000000 0.000000 2.441820 1.711087 0.003757 70196.220340 215.000000 3.000000 1653.000000
 4046500.000000 0.000000 2.441850 1.711192 0.003757 70205.951607 215.000000 3.000000 1653.000000
 4047000.000000 0.000000 2.441879 1.711297 0.003757 70215.682933 215.000000 3.000000 1653.000000
 4047500.000000 0.000000 2.441908 1.711402 0.003757 70225.414318 215.000000 3.000000 1653.000000
 4048000.000000 0.000000 2.441938 1.711507 0.003757 70235.145761 215.000000 3.000000 1653.000000
 4048500.000000 0.000000 2.441967 1.711612 0.003757 70244.877263 215.000000 3.000000 1653.000000
 4049000.000000 0.000000 2.441996 1.711717 0.003757 70254.608824 215.000000 3.000000 1653.000000
 4049500.000000 0.000000 2.442026 1.711822 0.003757 70264.340443 215.000000 3.000000 1653.000000
 4050000.000000 0.000000 2.442055 1.711927 0.003757 70274.072121 215.000000 3.000000 1653.000000
 4050500.000000 0.000000 2.442084 1.712032 0.003757 70283.803857 215.000000 3.000000 1653.000000
 4051000.000000 0.000000 2.442114 1.712136 0.003757 70293.535652 215.000000 3.000000 1653.000000
 4051500.000000 0.000000 2.442143 1.712241 0.003757 70303.267506 215.000000 3.000000 1653.000000
 4052000.000000 0.000000 2.442172 1.712346 0.003757 70312.999418 215.000000 3.000000 1653.000000
 4052500.000000 0.000000 2.442201 1.712451 0.003757 70322.731389 215.000000 3.000000 1653.000000
 4053000.000000 0.000000 2.442231 1.712555 0.003757 70332.463418 215.000000 3.000000 1653.000000
 4053500.000000 0.000000 2.442260 1.712660 0.003757 70342.195506 215.000000 3.000000 1653.000000
 4054000.000000 0.000000 2.442289 1.712765 0.003757 70351.927652 215.000000 3.000000 1653.000000
 4054500.000000 0.000000 2.442318 1.712869 0.003757 70361.659856 215.000000 3.000000 1653.000000
 4055000.000000 0.000000 2.442348 1.712974 0.003757 70371.392119 215.000000 3.000000 1653.000000
 4055500.000000 0.000000 2.442377 1.713078 0.003757 70381.124441 215.000000 3.000000 1653.000000
 4056000.000000 0.000000 2.442406 1.713183 0.003757 70390.856821 215.000000 3.000000 1653.000000
 4056500.000000 0.000000 2.442435 1.713287 0.003757 70400.589259 215.000000 3.000000 1653.000000
 4057000.000000 0.000000 2.442465 1.713392 0.003757 70410.321755 215.000000 3.000000 1653.000000
 4057500.000000 0.000000 2.442494 1.713496 0.003757 70420.054310 215.000000 3.000000 1653.000000
 4058000.000000 0.000000 2.442523 1.713601 0.003757 70429.786923 215.000000 3.000000 1653.000000
 4058500.000000 0.000000 2.442552 1.713705 0.003757 70439.519594 215.000000 3.000000 1653.000000
 4059000.000000 0.000000 2.442581 1.713810 0.003757 70449.252324 215.000000 3.000000 1653.000000
 4059500.000000 0.000000 2.442610 1.713914 0.003757 70458.985112 215.000000 3.000000 1653.000000
 4060000.000000 0.000000 2.442640 1.714018 0.003757 70468.717958 215.000000 3.000000 1653.000000
 4060500.000000 0.000000 2.442669 1.714123 0.003757 70478.450862 215.000000 3.000000 1653.000000
 4061000.000000 0.000000 2.442698 1.714227 0.003757 70488.183825 215.000000 3.000000 1653.000000
 4061500.000000 0.000000 2.442727 1.714331 0.003757 70497.916845 215.000000 3.000000 1653.000000
 4062000.000000 0.000000 2.442756 1.714435 0.003757 70507.649924 215.000000 3.000000 1653.000000
 4062500.000000 0.000000 2.442785 1.714540 0.003757 70517.383061 215.000000 3.000000 1653.000000
 4063000.000000 0.000000 2.442814 1.714644 0.003757 70527.116256 215.000000 3.000000 1653.000000
 4063500.000000 0.000000 2.442843 1.714748 0.003757 70536.849509 215.000000 3.000000 1653.000000
 4064000.000000 0.000000 2.442872 1.714852 0.003757 70546.582820 215.000000 3.000000 1653.000000
 4064500.000000 0.000000 2.442901 1.714956 0.003757 70556.316189 215.000000 3.000000 1653.000000
 4065000.000000 0.000000 2.442930 1.715060 0.003757 70566.049616 215.000000 3.000000 1653.000000
 4065500.000000 0.000000 2.442960 1.715164 0.003757 70575.783102 215.000000 3.000000 1653.000000
 4066000.000000 0.000000 2.442989 1.715268 0.003757 70585.516645 215.000000 3.000000 1653.000000
 4066500.000000 0.000000 2.443018 1.715372 0.003757 70595.250246 215.000000 3.000000 1653.000000
 4067000.000000 0.000000 2.443047 1.715476 0.003757 70604.983905 215.000000 3.000000 1653.000000
 4067500.000000 0.000000 2.443076 1.715580 0.003757 70614.717622 215.000000 3.000000 1653.000000
 4068000.000000 0.000000 2.443105 1.715684 0.003757 70624.451396 215.000000 3.000000 1653.000000
 4068500.000000 0.000000 2.443134 1.715788 0.003757 70634.185229 215.000000 3.000000 1653.000000
 4069000.000000 0.000000 2.443163 1.715892 0.003757 70643.919120 215.000000 3.000000 1653.000000
 4069500.000000 0.000000 2.443192 1.715996 0.003757 70653.653068 215.000000 3.000000 1653.000000
 4070000.000000 0.000000 2.443221 1.716100 0.003757 70663.387074 215.000000 3.000000 1653.000000
 4070500.000000 0.000000 2.443249 1.716203 0.003757 70673.121138 215.000000 3.000000 1653.000000
 4071000.000000 0.000000 2.443278 1.716307 0.003757 70682.855260 215.000000 3.000000 1653.000000
 4071500.000000 0.000000 2.443307 1.716411 0.003757 70692.589439 215.000000 3.000000 1653.000000
 4072000.000000 0.000000 2.443336 1.716515 0.003757 70702.323676 215.000000 3.000000 1653.000000
 4072500.000000 0.000000 2.443365 1.716618 0.003757 70712.057971 215.000000 3.000000 1653.000000
 4073000.000000 0.000000 2.443394 1.716722 0.003757 70721.792324 215.000000 3.000000 1653.000000
 4073500.000000 0.000000 2.443423 1.716826 0.003757 70731.526734 215.000000 3.000000 1653.000000
 4074000.000000 0.000000 2.443452 1.716929 0.003757 70741.261202 215.000000 3.000000 1653.000000
 4074500.000000 0.000000 2.443481 1.717033 0.003757 70750.995727 215.000000 3.000000 1653.000000
 4075000.000000 0.000000 2.443510 1.717136 0.003757 70760.730311 215.000000 3.000000 1653.000000
 4075500.000000 0.000000 2.443539 1.717240 0.003757 70770.464951 215.000000 3.000000 1653.000000
 4076000.000000 0.000000 2.443567 1.717344 0.003757 70780.199650 215.000000 3.000000 1653.000000
 4076500.000000 0.000000 2.443596 1.717447 0.003757 70789.934405 215.000000 3.000000 1653.000000
 4077000.000000 0.000000 2.443625 1.717551 0.003757 70799.669219 215.000000 3.000000 1653.000000
 4077500.000000 0.000000 2.443654 1.717654 0.003757 70809.404090 215.000000 3.000000 1653.000000
 4078000.000000 0.000000 2.443683 1.717757 0.003757 70819.139018 215.000000 3.000000 1653.000000
 4078500.000000 0.000000 2.443712 1.717861 0.003757 70828.874004 215.000000 3.000000 1653.000000
 4079000.000000 0.000000 2.443740 1.717964 0.003757 70838.609047 215.000000 3.000000 1653.000000
 4079500.000000 0.000000 2.443769 1.718068 0.003758 70848.344148 215.000000 3.000000 1653.000000
 4080000.000000 0.000000 2.443798 1.718171 0.003758 70858.079306 215.000000 3.000000 1653.000000
 4080500.000000 0.000000 2.443827 1.718274 0.003758 70867.814521 215.000000 3.000000 1653.000000
 4081000.000000 0.000000 2.443855 1.718377 0.003758 70877.549794 215.000000 3.000000 1653.000000
 4081500.000000 0.000000 2.443884 1.718481 0.003758 70887.285124 215.000000 3.000000 1653.000000
 4082000.000000 0.000000 2.443913 1.718584 0.003758 70897.020512 215.000000 3.000000 1653.000000
 4082500.000000 0.000000 2.443942 1.718687 0.003758 70906.755957 215.000000 3.000000 1653.000000
 4083000.000000 0.000000 2.443970 1.718790 0.003758 70916.491459 215.000000 3.000000 1653.000000
 4083500.000000 0.000000 2.443999 1.718893 0.003758 70926.227018 215.000000 3.000000 1653.000000
 4084000.000000 0.000000 2.444028 1.718997 0.003758 70935.962635 215.000000 3.000000 1653.000000
 4084500.000000 0.000000 2.444057 1.719100 0.003758 70945.698309 215.000000 3.000000 1653.000000
 4085000.000000 0.000000 2.444085 1.719203 0.003758 70955.434040 215.000000 3.000000 1653.000000
 4085500.000000 0.000000 2.444114 1.719306 0.003758 70965.169828 215.000000 3.000000 1653.000000
 4086000.000000 0.000000 2.444143 1.719409 0.003758 70974.905673 215.000000 3.000000 1653.000000
 4086500.000000 0.000000 2.444171 1.719512 0.003758 70984.641576 215.000000 3.000000 1653.000000
 4087000.000000 0.000000 2.444200 1.719615 0.003758 70994.377536 215.000000 3.000000 1653.000000
 4087500.000000 0.000000 2.444229 1.719718 0.003758 71004.113552 215.000000 3.000000 1653.000000
 4088000.000000 0.000000 2.444257 1.719821 0.003758 71013.849626 215.000000 3.000000 1653.000000
 4088500.000000 0.000000 2.444286 1.719924 0.003758 71023.585757 215.000000 3.000000 1653.000000
 4089000.000000 0.000000 2.444315 1.720027 0.003758 71033.321945 215.000000 3.000000 1653.000000
 4089500.000000 0.000000 2.444343 1.720129 0.003758 71043.058190 215.000000 3.000000 1653.000000
 4090000.000000 0.000000 2.444372 1.720232 0.003758 71052.794492 215.000000 3.000000 1653.000000
 4090500.000000 0.000000 2.444400 1.720335 0.003758 71062.530851 215.000000 3.000000 1653.000000
 4091000.000000 0.000000 2.444429 1.720438 0.003758 71072.267267 215.000000 3.000000 1653.000000
 4091500.000000 0.000000 2.444458 1.720541 0.003758 71082.003740 215.000000 3.000000 1653.000000
 4092000.000000 0.000000 2.444486 1.720643 0.003758 71091.740270 215.000000 3.000000 1653.000000
 4092500.000000 0.000000 2.444515 1.720746 0.003758 71101.476857 215.000000 3.000000 1653.000000
 4093000.000000 0.000000 2.444543 1.720849 0.003758 71111.213501 215.000000 3.000000 1653.000000
 4093500.000000 0.000000 2.444572 1.720951 0.003758 71120.950201 215.000000 3.000000 1653.000000
 4094000.000000 0.000000 2.444600 1.721054 0.003758 71130.686958 215.000000 3.000000 1653.000000
 4094500.000000 0.000000 2.444629 1.721157 0.003758 71140.423773 215.000000 3.000000 1653.000000
 4095000.000000 0.000000 2.444657 1.721259 0.003758 71150.160644 215.000000 3.000000 1653.000000
 4095500.000000 0.000000 2.444686 1.721362 0.003758 71159.897571 215.000000 3.000000 1653.000000
 4096000.000000 0.000000 2.444714 1.721464 0.003758 71169.634556 215.000000 3.000000 1653.000000
 4096500.000000 0.000000 2.444743 1.721567 0.003758 71179.371597 215.000000 3.000000 1653.000000
 4097000.000000 0.000000 2.444771 1.721669 0.003758 71189.108695 215.000000 3.000000 1653.000000
 4097500.000000 0.000000 2.444800 1.721772 0.003758 71198.845850 215.000000 3.000000 1653.000000
 4098000.000000 0.000000 2.444828 1.721874 0.003758 71208.583062 215.000000 3.000000 1653.000000
 4098500.000000 0.000000 2.444857 1.721977 0.003758 71218.320330 215.000000 3.000000 1653.000000
 4099000.000000 0.000000 2.444885 1.722079 0.003758 71228.057654 215.000000 3.000000 1653.000000
 4099500.000000 0.000000 2.444914 1.722181 0.003758 71237.795036 215.000000 3.000000 1653.000000
 4100000.000000 0.000000 2.444942 1.722284 0.003758 71247.532474 215.000000 3.000000 1653.000000
 4100500.000000 0.000000 2.444971 1.722386 0.003758 71257.269968 215.000000 3.000000 1653.000000
 4101000.000000 0.000000 2.444999 1.722488 0.003758 71267.007520 215.000000 3.000000 1653.000000
 4101500.000000 0.000000 2.445027 1.722591 0.003758 71276.745127 215.000000 3.000000 1653.000000
 4102000.000000 0.000000 2.445056 1.722693 0.003758 71286.482792 215.000000 3.000000 1653.000000
 4102500.000000 0.000000 2.445084 1.722795 0.003758 71296.220512 215.000000 3.000000 1653.000000
 4103000.000000 0.000000 2.445113 1.722897 0.003758 71305.958290 215.000000 3.000000 1653.000000
 4103500.000000 0.000000 2.445141 1.722999 0.003758 71315.696123 215.000000 3.000000 1653.000000
 4104000.000000 0.000000 2.445169 1.723102 0.003758 71325.434014 215.000000 3.000000 1653.000000
 4104500.000000 0.000000 2.445198 1.723204 0.003758 71335.171960 215.000000 3.000000 1653.000000
 4105000.000000 0.000000 2.445226 1.723306 0.003758 71344.909963 215.000000 3.000000 1653.000000
 4105500.000000 0.000000 2.445254 1.723408 0.003758 71354.648023 215.000000 3.000000 1653.000000
 4106000.000000 0.000000 2.445283 1.723510 0.003758 71364.386139 215.000000 3.000000 1653.000000
 4106500.000000 0.000000 2.445311 1.723612 0.003758 71374.124311 215.000000 3.000000 1653.000000
 4107000.000000 0.000000 2.445339 1.723714 0.003758 71383.862539 215.000000 3.000000 1653.000000
 4107500.000000 0.000000 2.445368 1.723816 0.003758 71393.600824 215.000000 3.000000 1653.000000
 4108000.000000 0.000000 2.445396 1.723918 0.003758 71403.339165 215.000000 3.000000 1653.000000
 4108500.000000 0.000000 2.445424 1.724020 0.003758 71413.077563 215.000000 3.000000 1653.000000
 4109000.000000 0.000000 2.445452 1.724122 0.003758 71422.816016 215.000000 3.000000 1653.000000
 4109500.000000 0.000000 2.445481 1.724223 0.003758 71432.554526 215.000000 3.000000 1653.000000
 4110000.000000 0.000000 2.445509 1.724325 0.003758 71442.293092 215.000000 3.000000 1653.000000
 4110500.000000 0.000000 2.445537 1.724427 0.003758 71452.031715 215.000000 3.000000 1653.000000
 4111000.000000 0.000000 2.445566 1.724529 0.003758 71461.770393 215.000000 3.000000 1653.000000
 4111500.000000 0.000000 2.445594 1.724631 0.003758 71471.509128 215.000000 3.000000 1653.000000
 4112000.000000 0.000000 2.445622 1.724732 0.003758 71481.247919 215.000000 3.000000 1653.000000
 4112500.000000 0.000000 2.445650 1.724834 0.003758 71490.986765 215.000000 3.000000 1653.000000
 4113000.000000 0.000000 2.445678 1.724936 0.003758 71500.725669 215.000000 3.000000 1653.000000
 4113500.000000 0.000000 2.445707 1.725038 0.003758 71510.464628 215.000000 3.000000 1653.000000
 4114000.000000 0.000000 2.445735 1.725139 0.003758 71520.203643 215.000000 3.000000 1653.000000
 4114500.000000 0.000000 2.445763 1.725241 0.003758 71529.942714 215.000000 3.000000 1653.000000
 4115000.000000 0.000000 2.445791 1.725342 0.003758 71539.681841 215.000000 3.000000 1653.000000
 4115500.000000 0.000000 2.445819 1.725444 0.003758 71549.421025 215.000000 3.000000 1653.000000
 4116000.000000 0.000000 2.445847 1.725546 0.003758 71559.160264 215.000000 3.000000 1653.000000
 4116500.000000 0.000000 2.445876 1.725647 0.003758 71568.899559 215.000000 3.000000 1653.000000
 4117000.000000 0.000000 2.445904 1.725749 0.003758 71578.638910 215.000000 3.000000 1653.000000
 4117500.000000 0.000000 2.445932 1.725850 0.003758 71588.378317 215.000000 3.000000 1653.000000
 4118000.000000 0.000000 2.445960 1.725952 0.003758 71598.117780 215.000000 3.000000 1653.000000
 4118500.000000 0.000000 2.445988 1.726053 0.003758 71607.857299 215.000000 3.000000 1653.000000
 4119000.000000 0.000000 2.446016 1.726154 0.003758 71617.596874 215.000000 3.000000 1653.000000
 4119500.000000 0.000000 2.446044 1.726256 0.003758 71627.336504 215.000000 3.000000 1653.000000
 4120000.000000 0.000000 2.446072 1.726357 0.003758 71637.076191 215.000000 3.000000 1653.000000
 4120500.000000 0.000000 2.446101 1.726459 0.003758 71646.815933 215.000000 3.000000 1653.000000
 4121000.000000 0.000000 2.446129 1.726560 0.003758 71656.555731 215.000000 3.000000 1653.000000
 4121500.000000 0.000000 2.446157 1.726661 0.003758 71666.295585 215.000000 3.000000 1653.000000
 4122000.000000 0.000000 2.446185 1.726762 0.003758 71676.035494 215.000000 3.000000 1653.000000
 4122500.000000 0.000000 2.446213 1.726864 0.003758 71685.775460 215.000000 3.000000 1653.000000
 4123000.000000 0.000000 2.446241 1.726965 0.003758 71695.515481 215.000000 3.000000 1653.000000
 4123500.000000 0.000000 2.446269 1.727066 0.003758 71705.255558 215.000000 3.000000 1653.000000
 4124000.000000 0.000000 2.446297 1.727167 0.003758 71714.995690 215.000000 3.000000 1653.000000
 4124500.000000 0.000000 2.446325 1.727268 0.003758 71724.735878 215.000000 3.000000 1653.000000
 4125000.000000 0.000000 2.446353 1.727370 0.003758 71734.476122 215.000000 3.000000 1653.000000
 4125500.000000 0.000000 2.446381 1.727471 0.003758 71744.216421 215.000000 3.000000 1653.000000
 4126000.000000 0.000000 2.446409 1.727572 0.003758 71753.956776 215.000000 3.000000 1653.000000
 4126500.000000 0.000000 2.446437 1.727673 0.003758 71763.697186 215.000000 3.000000 1653.000000
 4127000.000000 0.000000 2.446465 1.727774 0.003758 71773.437652 215.000000 3.000000 1653.000000
 4127500.000000 0.000000 2.446493 1.727875 0.003758 71783.178174 215.000000 3.000000 1653.000000
 4128000.000000 0.000000 2.446521 1.727976 0.003758 71792.918751 215.000000 3.000000 1653.000000
 4128500.000000 0.000000 2.446549 1.728077 0.003758 71802.659384 215.000000 3.000000 1653.000000
 4129000.000000 0.000000 2.446577 1.728178 0.003758 71812.400072 215.000000 3.000000 1653.000000
 4129500.000000 0.000000 2.446605 1.728279 0.003758 71822.140815 215.000000 3.000000 1653.000000
 4130000.000000 0.000000 2.446633 1.728379 0.003758 71831.881614 215.000000 3.000000 1653.000000
 4130500.000000 0.000000 2.446660 1.728480 0.003758 71841.622469 215.000000 3.000000 1653.000000
 4131000.000000 0.000000 2.446688 1.728581 0.003758 71851.363379 215.000000 3.000000 1653.000000
 4131500.000000 0.000000 2.446716 1.728682 0.003758 71861.104344 215.000000 3.000000 1653.000000
 4132000.000000 0.000000 2.446744 1.728783 0.003758 71870.845364 215.000000 3.000000 1653.000000
 4132500.000000 0.000000 2.446772 1.728883 0.003758 71880.586440 215.000000 3.000000 1653.000000
 4133000.000000 0.000000 2.446800 1.728984 0.003758 71890.327572 215.000000 3.000000 1653.000000
 4133500.000000 0.000000 2.446828 1.729085 0.003758 71900.068758 215.000000 3.000000 1653.000000
 4134000.000000 0.000000 2.446856 1.729186 0.003758 71909.810000 215.000000 3.000000 1653.000000
 4134500.000000 0.000000 2.446883 1.729286 0.003758 71919.551297 215.000000 3.000000 1653.000000
 4135000.000000 0.000000 2.446911 1.729387 0.003758 71929.292650 215.000000 3.000000 1653.000000
 4135500.000000 0.000000 2.446939 1.729488 0.003758 71939.034057 215.000000 3.000000 1653.000000
 4136000.000000 0.000000 2.446967 1.729588 0.003758 71948.775520 215.000000 3.000000 1653.000000
 4136500.000000 0.000000 2.446995 1.729689 0.003758 71958.517038 215.000000 3.000000 1653.000000
 4137000.000000 0.000000 2.447023 1.729789 0.003759 71968.258612 215.000000 3.000000 1653.000000
 4137500.000000 0.000000 2.447050 1.729890 0.003759 71978.000240 215.000000 3.000000 1653.000000
 4138000.000000 0.000000 2.447078 1.729990 0.003759 71987.741924 215.000000 3.000000 1653.000000
 4138500.000000 0.000000 2.447106 1.730091 0.003759 71997.483662 215.000000 3.000000 1653.000000
 4139000.000000 0.000000 2.447134 1.730191 0.003759 72007.225456 215.000000 3.000000 1653.000000
 4139500.000000 0.000000 2.447161 1.730292 0.003759 72016.967305 215.000000 3.000000 1653.000000
 4140000.000000 0.000000 2.447189 1.730392 0.003759 72026.709209 215.000000 3.000000 1653.000000
 4140500.000000 0.000000 2.447217 1.730492 0.003759 72036.451168 215.000000 3.000000 1653.000000
 4141000.000000 0.000000 2.447245 1.730593 0.003759 72046.193182 215.000000 3.000000 1653.000000
 4141500.000000 0.000000 2.447272 1.730693 0.003759 72055.935251 215.000000 3.000000 1653.000000
 4142000.000000 0.000000 2.447300 1.730793 0.003759 72065.677375 215.000000 3.000000 1653.000000
 4142500.000000 0.000000 2.447328 1.730894 0.003759 72075.419554 215.000000 3.000000 1653.000000
 4143000.000000 0.000000 2.447356 1.730994 0.003759 72085.161788 215.000000 3.000000 1653.000000
 4143500.000000 0.000000 2.447383 1.731094 0.003759 72094.904077 215.000000 3.000000 1653.000000
 4144000.000000 0.000000 2.447411 1.731194 0.003759 72104.646421 215.000000 3.000000 1653.000000
 4144500.000000 0.000000 2.447439 1.731295 0.003759 72114.388819 215.000000 3.000000 1653.000000
 4145000.000000 0.000000 2.447466 1.731395 0.003759 72124.131273 215.000000 3.000000 1653.000000
 4145500.000000 0.000000 2.447494 1.731495 0.003759 72133.873781 215.000000 3.000000 1653.000000
 4146000.000000 0.000000 2.447522 1.731595 0.003759 72143.616344 215.000000 3.000000 1653.000000
 4146500.000000 0.000000 2.447549 1.731695 0.003759 72153.358962 215.000000 3.000000 1653.000000
 4147000.000000 0.000000 2.447577 1.731795 0.003759 72163.101635 215.000000 3.000000 1653.000000
 4147500.000000 0.000000 2.447604 1.731895 0.003759 72172.844363 215.000000 3.000000 1653.000000
 4148000.000000 0.000000 2.447632 1.731995 0.003759 72182.587145 215.000000 3.000000 1653.000000
 4148500.000000 0.000000 2.447660 1.732095 0.003759 72192.329983 215.000000 3.000000 1653.000000
 4149000.000000 0.000000 2.447687 1.732195 0.003759 72202.072874 215.000000 3.000000 1653.000000
 4149500.000000 0.000000 2.447715 1.732295 0.003759 72211.815821 215.000000 3.000000 1653.000000
 4150000.000000 0.000000 2.447743 1.732395 0.003759 72221.558822 215.000000 3.000000 1653.000000
 4150500.000000 0.000000 2.447770 1.732495 0.003759 72231.301878 215.000000 3.000000 1653.000000
 4151000.000000 0.000000 2.447798 1.732595 0.003759 72241.044989 215.000000 3.000000 1653.000000
 4151500.000000 0.000000 2.447825 1.732695 0.003759 72250.788154 215.000000 3.000000 1653.000000
 4152000.000000 0.000000 2.447853 1.732795 0.003759 72260.531374 215.000000 3.000000 1653.000000
 4152500.000000 0.000000 2.447880 1.732894 0.003759 72270.274648 215.000000 3.000000 1653.000000
 4153000.000000 0.000000 2.447908 1.732994 0.003759 72280.017977 215.000000 3.000000 1653.000000
 4153500.000000 0.000000 2.447935 1.733094 0.003759 72289.761361 215.000000 3.000000 1653.000000
 4154000.000000 0.000000 2.447963 1.733194 0.003759 72299.504799 215.000000 3.000000 1653.000000
 4154500.000000 0.000000 2.447990 1.733293 0.003759 72309.248292 215.000000 3.000000 1653.000000
 4155000.000000 0.000000 2.448018 1.733393 0.003759 72318.991839 215.000000 3.000000 1653.000000
 4155500.000000 0.000000 2.448045 1.733493 0.003759 72328.735440 215.000000 3.000000 1653.000000
 4156000.000000 0.000000 2.448073 1.733592 0.003759 72338.479096 215.000000 3.000000 1653.000000
 4156500.000000 0.000000 2.448100 1.733692 0.003759 72348.222807 215.000000 3.000000 1653.000000
 4157000.000000 0.000000 2.448128 1.733792 0.003759 72357.966572 215.000000 3.000000 1653.000000
 4157500.000000 0.000000 2.448155 1.733891 0.003759 72367.710391 215.000000 3.000000 1653.000000
 4158000.000000 0.000000 2.448183 1.733991 0.003759 72377.454265 215.000000 3.000000 1653.000000
 4158500.000000 0.000000 2.448210 1.734090 0.003759 72387.198193 215.000000 3.000000 1653.000000
 4159000.000000 0.000000 2.448238 1.734190 0.003759 72396.942175 215.000000 3.000000 1653.000000
 4159500.000000 0.000000 2.448265 1.734289 0.003759 72406.686212 215.000000 3.000000 1653.000000
 4160000.000000 0.000000 2.448293 1.734389 0.003759 72416.430303 215.000000 3.000000 1653.000000
 4160500.000000 0.000000 2.448320 1.734488 0.003759 72426.174449 215.000000 3.000000 1653.000000
 4161000.000000 0.000000 2.448347 1.734588 0.003759 72435.918648 215.000000 3.000000 1653.000000
 4161500.000000 0.000000 2.448375 1.734687 0.003759 72445.662902 215.000000 3.000000 1653.000000
 4162000.000000 0.000000 2.448402 1.734786 0.003759 72455.407210 215.000000 3.000000 1653.000000
 4162500.000000 0.000000 2.448430 1.734886 0.003759 72465.151573 215.000000 3.000000 1653.000000
 4163000.000000 0.000000 2.448457 1.734985 0.003759 72474.895989 215.000000 3.000000 1653.000000
 4163500.000000 0.000000 2.448484 1.735084 0.003759 72484.640460 215.000000 3.000000 1653.000000
 4164000.000000 0.000000 2.448512 1.735184 0.003759 72494.384985 215.000000 3.000000 1653.000000
 4164500.000000 0.000000 2.448539 1.735283 0.003759 72504.129564 215.000000 3.000000 1653.000000
 4165000.000000 0.000000 2.448566 1.735382 0.003759 72513.874197 215.000000 3.000000 1653.000000
 4165500.000000 0.000000 2.448594 1.735481 0.003759 72523.618885 215.000000 3.000000 1653.000000
 4166000.000000 0.000000 2.448621 1.735580 0.003759 72533.363626 215.000000 3.000000 1653.000000
 4166500.000000 0.000000 2.448648 1.735680 0.003759 72543.108422 215.000000 3.000000 1653.000000
 4167000.000000 0.000000 2.448676 1.735779 0.003759 72552.853271 215.000000 3.000000 1653.000000
 4167500.000000 0.000000 2.448703 1.735878 0.003759 72562.598175 215.000000 3.000000 1653.000000
 4168000.000000 0.000000 2.448730 1.735977 0.003759 72572.343132 215.000000 3.000000 1653.000000
 4168500.000000 0.000000 2.448757 1.736076 0.003759 72582.088144 215.000000 3.000000 1653.000000
 4169000.000000 0.000000 2.448785 1.736175 0.003759 72591.833209 215.000000 3.000000 1653.000000
 4169500.000000 0.000000 2.448812 1.736274 0.003759 72601.578329 215.000000 3.000000 1653.000000
 4170000.000000 0.000000 2.448839 1.736373 0.003759 72611.323502 215.000000 3.000000 1653.000000
 4170500.000000 0.000000 2.448867 1.736472 0.003759 72621.068730 215.000000 3.000000 1653.000000
 4171000.000000 0.000000 2.448894 1.736571 0.003759 72630.814011 215.000000 3.000000 1653.000000
 4171500.000000 0.000000 2.448921 1.736670 0.003759 72640.559346 215.000000 3.000000 1653.000000
 4172000.000000 0.000000 2.448948 1.736769 0.003759 72650.304735 215.000000 3.000000 1653.000000
 4172500.000000 0.000000 2.448975 1.736868 0.003759 72660.050178 215.000000 3.000000 1653.000000
 4173000.000000 0.000000 2.449003 1.736966 0.003759 72669.795675 215.000000 3.000000 1653.000000
 4173500.000000 0.000000 2.449030 1.737065 0.003759 72679.541225 215.000000 3.000000 1653.000000
 4174000.000000 0.000000 2.449057 1.737164 0.003759 72689.286830 215.000000 3.000000 1653.000000
 4174500.000000 0.000000 2.449084 1.737263 0.003759 72699.032488 215.000000 3.000000 1653.000000
 4175000.000000 0.000000 2.449111 1.737362 0.003759 72708.778200 215.000000 3.000000 1653.000000
 4175500.000000 0.000000 2.449139 1.737460 0.003759 72718.523965 215.000000 3.000000 1653.000000
 4176000.000000 0.000000 2.449166 1.737559 0.003759 72728.269785 215.000000 3.000000 1653.000000
 4176500.000000 0.000000 2.449193 1.737658 0.003759 72738.015658 215.000000 3.000000 1653.000000
 4177000.000000 0.000000 2.449220 1.737756 0.003759 72747.761584 215.000000 3.000000 1653.000000
 4177500.000000 0.000000 2.449247 1.737855 0.003759 72757.507565 215.000000 3.000000 1653.000000
 4178000.000000 0.000000 2.449274 1.737954 0.003759 72767.253599 215.000000 3.000000 1653.000000
 4178500.000000 0.000000 2.449301 1.738052 0.003759 72776.999687 215.000000 3.000000 1653.000000
 4179000.000000 0.000000 2.449329 1.738151 0.003759 72786.745828 215.000000 3.000000 1653.000000
 4179500.000000 0.000000 2.449356 1.738249 0.003759 72796.492023 215.000000 3.000000 1653.000000
 4180000.000000 0.000000 2.449383 1.738348 0.003759 72806.238271 215.000000 3.000000 1653.000000
 4180500.000000 0.000000 2.449410 1.738446 0.003759 72815.984573 215.000000 3.000000 1653.000000
 4181000.000000 0.000000 2.449437 1.738545 0.003759 72825.730929 215.000000 3.000000 1653.000000
 4181500.000000 0.000000 2.449464 1.738643 0.003759 72835.477338 215.000000 3.000000 1653.000000
 4182000.000000 0.000000 2.449491 1.738742 0.003759 72845.223800 215.000000 3.000000 1653.000000
 4182500.000000 0.000000 2.449518 1.738840 0.003759 72854.970316 215.000000 3.000000 1653.000000
 4183000.000000 0.000000 2.449545 1.738938 0.003759 72864.716886 215.000000 3.000000 1653.000000
 4183500.000000 0.000000 2.449572 1.739037 0.003759 72874.463509 215.000000 3.000000 1653.000000
 4184000.000000 0.000000 2.449599 1.739135 0.003759 72884.210185 215.000000 3.000000 1653.000000
 4184500.000000 0.000000 2.449626 1.739233 0.003759 72893.956915 215.000000 3.000000 1653.000000
 4185000.000000 0.000000 2.449653 1.739332 0.003759 72903.703698 215.000000 3.000000 1653.000000
 4185500.000000 0.000000 2.449680 1.739430 0.003759 72913.450535 215.000000 3.000000 1653.000000
 4186000.000000 0.000000 2.449707 1.739528 0.003759 72923.197425 215.000000 3.000000 1653.000000
 4186500.000000 0.000000 2.449734 1.739626 0.003759 72932.944368 215.000000 3.000000 1653.000000
 4187000.000000 0.000000 2.449760 1.739725 0.003759 72942.691952 215.000000 3.000000 1653.000000
 4187500.000000 0.409792 2.403848 1.739822 0.003759 72952.445179 215.000000 3.000000 1653.000000
 4188000.000000 0.000000 2.449805 1.739919 0.003759 72962.202133 215.000000 3.000000 1653.000000
 4188500.000000 0.000000 2.449831 1.740017 0.003759 72971.950539 215.000000 3.000000 1653.000000
 4189000.000000 0.000000 2.449858 1.740115 0.003759 72981.697762 215.000000 3.000000 1653.000000
 4189500.000000 0.000000 2.449885 1.740213 0.003759 72991.445038 215.000000 3.000000 1653.000000
 4190000.000000 0.000000 2.449912 1.740311 0.003759 73001.192367 215.000000 3.000000 1653.000000
 4190500.000000 0.000000 2.449938 1.740409 0.003759 73010.939749 215.000000 3.000000 1653.000000
 4191000.000000 0.000000 2.449965 1.740507 0.003759 73020.687185 215.000000 3.000000 1653.000000
 4191500.000000 0.000000 2.449992 1.740605 0.003760 73030.434673 215.000000 3.000000 1653.000000
 4192000.000000 0.000000 2.450019 1.740703 0.003760 73040.182215 215.000000 3.000000 1653.000000
 4192500.000000 0.000000 2.450046 1.740801 0.003760 73049.929810 215.000000 3.000000 1653.000000
 4193000.000000 0.000000 2.450073 1.740899 0.003760 73059.677458 215.000000 3.000000 1653.000000
 4193500.000000 0.000000 2.450100 1.740997 0.003760 73069.425159 215.000000 3.000000 1653.000000
 4194000.000000 0.000000 2.450127 1.741095 0.003760 73079.172913 215.000000 3.000000 1653.000000
 4194500.000000 0.000000 2.450154 1.741193 0.003760 73088.920720 215.000000 3.000000 1653.000000
 4195000.000000 0.000000 2.450180 1.741291 0.003760 73098.668580 215.000000 3.000000 1653.000000
 4195500.000000 0.000000 2.450207 1.741388 0.003760 73108.416493 215.000000 3.000000 1653.000000
 4196000.000000 0.000000 2.450234 1.741486 0.003760 73118.164460 215.000000 3.000000 1653.000000
 4196500.000000 0.000000 2.450261 1.741584 0.003760 73127.912479 215.000000 3.000000 1653.000000
 4197000.000000 0.000000 2.450288 1.741682 0.003760 73137.660551 215.000000 3.000000 1653.000000
 4197500.000000 0.000000 2.450315 1.741779 0.003760 73147.408676 215.000000 3.000000 1653.000000
 4198000.000000 0.000000 2.450341 1.741877 0.003760 73157.156854 215.000000 3.000000 1653.000000
 4198500.000000 0.000000 2.450368 1.741975 0.003760 73166.905085 215.000000 3.000000 1653.000000
 4199000.000000 0.000000 2.450395 1.742073 0.003760 73176.653368 215.000000 3.000000 1653.000000
 4199500.000000 0.000000 2.450422 1.742170 0.003760 73186.401705 215.000000 3.000000 1653.000000
 4200000.000000 0.000000 2.450449 1.742268 0.003760 73196.150094 215.000000 3.000000 1653.000000
 4200500.000000 0.000000 2.450475 1.742365 0.003760 73205.898537 215.000000 3.000000 1653.000000
 4201000.000000 0.000000 2.450502 1.742463 0.003760 73215.647032 215.000000 3.000000 1653.000000
 4201500.000000 0.000000 2.450529 1.742560 0.003760 73225.395580 215.000000 3.000000 1653.000000
 4202000.000000 0.000000 2.450556 1.742658 0.003760 73235.144180 215.000000 3.000000 1653.000000
 4202500.000000 0.000000 2.450582 1.742755 0.003760 73244.892834 215.000000 3.000000 1653.000000
 4203000.000000 0.000000 2.450609 1.742853 0.003760 73254.641540 215.000000 3.000000 1653.000000
 4203500.000000 0.000000 2.450636 1.742950 0.003760 73264.390299 215.000000 3.000000 1653.000000
 4204000.000000 0.000000 2.450663 1.743048 0.003760 73274.139110 215.000000 3.000000 1653.000000
 4204500.000000 0.000000 2.450689 1.743145 0.003760 73283.888153 215.000000 3.000000 1653.000000
 4205000.000000 0.000000 2.450714 1.743242 0.003760 73293.637657 215.000000 3.000000 1653.000000
 4205500.000000 0.000000 2.450740 1.743340 0.003760 73303.386704 215.000000 3.000000 1653.000000
 4206000.000000 0.000000 2.450767 1.743437 0.003760 73313.135730 215.000000 3.000000 1653.000000
 4206500.000000 0.000000 2.450790 1.743533 0.003760 73322.893302 215.000000 3.000000 477.000000
 4207000.000000 0.000000 2.450816 1.743631 0.003760 73332.643037 215.000000 3.000000 477.000000
 4207500.000000 0.000000 2.450842 1.743728 0.003760 73342.392225 215.000000 3.000000 477.000000
 4208000.000000 0.000000 2.450867 1.743825 0.003760 73352.143573 215.000000 3.000000 477.000000
 4208500.000000 0.000000 2.450892 1.743922 0.003760 73361.894491 215.000000 3.000000 477.000000
 4209000.000000 0.106766 2.449991 1.744019 0.003760 73371.646716 215.000000 3.000000 477.000000
 4209500.000000 0.372552 2.413863 1.744101 0.003760 73381.470516 215.000000 3.000000 158.000000
 4210000.000000 1.950506 0.892853 1.744101 0.003761 73390.852276 215.000000 3.000000 2168.000000
 4210500.000000 1.693662 0.898377 1.744005 0.003760 73398.798100 215.000000 4.000000 246.000000
 4211000.000000 6.003357 0.463768 1.743892 0.003759 73406.652671 215.000000 3.000000 75.000000
 4211500.000000 9.610770 0.227731 1.743805 0.003758 73414.967408 215.000000 4.000000 51.000000
 4212000.000000 2.831674 0.728199 1.743689 0.003758 73422.737856 215.000000 3.000000 102.000000
 4212500.000000 4.044104 0.632010 1.743577 0.003758 73430.622799 215.000000 3.000000 271.000000
 4213000.000000 17.012393 0.014176 1.743438 0.003758 73437.733865 215.000000 4.000000 17.000000
 4213500.000000 16.106897 0.072061 1.743290 0.003758 73444.546320 215.000000 4.000000 24.000000
 4214000.000000 16.388758 0.017659 1.743146 0.003758 73451.494243 215.000000 4.000000 22.000000
 4214500.000000 25.731864 -0.036377 1.742996 0.003758 73458.265683 215.000000 4.000000 2.000000
 4215000.000000 11.541802 0.127093 1.742845 0.003757 73464.995316 215.000000 3.000000 80.000000
 4215500.000000 13.480164 0.069367 1.742700 0.003757 73471.904153 215.000000 3.000000 30.000000
 4216000.000000 12.670027 0.093375 1.742554 0.003757 73478.780041 215.000000 3.000000 32.000000
 4216500.000000 19.535559 0.033539 1.742405 0.003757 73485.585151 215.000000 3.000000 6.000000
 4217000.000000 15.316324 0.078701 1.742262 0.003757 73492.572631 215.000000 4.000000 37.000000
 4217500.000000 26.057255 -0.032525 1.742108 0.003757 73499.193032 215.000000 4.000000 11.000000
 4218000.000000 25.114217 -0.115996 1.741955 0.003757 73505.816593 215.000000 4.000000 24.000000
 4218500.000000 18.298086 -0.010129 1.741800 0.003757 73512.426824 215.000000 4.000000 4.000000
 4219000.000000 21.394044 -0.060389 1.741651 0.003757 73519.201813 215.000000 4.000000 12.000000
 4219500.000000 36.312472 -0.192327 1.741496 0.003757 73525.764842 215.000000 3.000000 2.000000
 4220000.000000 22.470854 -0.016671 1.741343 0.003757 73532.429865 215.000000 4.000000 49.000000
 4220500.000000 61.909814 -0.533890 1.741187 0.003757 73538.960340 215.000000 3.000000 6.000000
 4221000.000000 44.793897 -0.287379 1.741013 0.003757 73544.862628 215.000000 4.000000 6.000000
 4221500.000000 61.498589 -0.596987 1.740837 0.003757 73550.648556 215.000000 4.000000 19.000000
 4222000.000000 86.812042 -0.727997 1.740653 0.003757 73556.154725 215.000000 3.000000 4.000000
 4222500.000000 88.580233 -0.867341 1.740463 0.003757 73561.446303 215.000000 3.000000 13.000000
 4223000.000000 81.746824 -0.638283 1.740274 0.003757 73566.711140 215.000000 4.000000 17.000000
 4223500.000000 77.838586 -0.752848 1.740088 0.003757 73572.126705 215.000000 3.000000 16.000000
 4224000.000000 64.911614 -0.556593 1.739904 0.003756 73577.623697 215.000000 3.000000 5.000000
 4224500.000000 67.665809 -0.657931 1.739723 0.003756 73583.268434 215.000000 3.000000 22.000000
 4225000.000000 58.068413 -0.651249 1.739546 0.003756 73589.033500 215.000000 3.000000 4.000000
 4225500.000000 43.105958 -0.264242 1.739377 0.003756 73595.100143 215.000000 3.000000 7.000000
 4226000.000000 54.375856 -0.527741 1.739212 0.003756 73601.289681 215.000000 4.000000 6.000000
 4226500.000000 68.074106 -0.592703 1.739032 0.003756 73606.941885 215.000000 3.000000 2.000000
 4227000.000000 87.033057 -0.740566 1.738843 0.003756 73612.246387 215.000000 3.000000 3.000000
 4227500.000000 83.263884 -0.771878 1.738656 0.003756 73617.623795 215.000000 4.000000 23.000000
 4228000.000000 90.258355 -0.798124 1.738467 0.003756 73622.909571 215.000000 3.000000 35.000000
 4228500.000000 96.213137 -0.978091 1.738278 0.003756 73628.172252 215.000000 4.000000 6.000000
 4229000.000000 68.061117 -0.589486 1.738092 0.003756 73633.604451 215.000000 3.000000 11.000000
 4229500.000000 76.718251 -0.683929 1.737914 0.003756 73639.323629 215.000000 3.000000 8.000000
 4230000.000000 82.455019 -0.718475 1.737734 0.003756 73644.964879 215.000000 3.000000 6.000000
 4230500.000000 83.972135 -0.752069 1.737550 0.003756 73650.459504 215.000000 4.000000 2.000000
 4231000.000000 70.887918 -0.618923 1.737366 0.003756 73655.908495 215.000000 3.000000 6.000000
 4231500.000000 56.753768 -0.508237 1.737184 0.003756 73661.492433 215.000000 4.000000 11.000000
 4232000.000000 54.393988 -0.518306 1.737010 0.003756 73667.348993 215.000000 3.000000 67.000000
 4232500.000000 74.385298 -0.643054 1.736836 0.003756 73673.208085 215.000000 3.000000 1.000000
 4233000.000000 83.920818 -0.727660 1.736653 0.003756 73678.750781 215.000000 4.000000 3.000000
 4233500.000000 73.207726 -0.617918 1.736468 0.003756 73684.190842 215.000000 3.000000 4.000000
 4234000.000000 80.549874 -0.692151 1.736285 0.003756 73689.685711 215.000000 3.000000 10.000000
 4234500.000000 72.197513 -0.557790 1.736103 0.003756 73695.263505 215.000000 3.000000 2.000000
 4235000.000000 59.102800 -0.553622 1.735925 0.003755 73700.945338 215.000000 4.000000 2.000000
 4235500.000000 76.890805 -0.678528 1.735745 0.003755 73706.587146 215.000000 3.000000 1.000000
 4236000.000000 66.799732 -0.600740 1.735562 0.003755 73712.099610 215.000000 3.000000 47.000000
 4236500.000000 91.579595 -0.696489 1.735378 0.003755 73717.585582 215.000000 4.000000 5.000000
 4237000.000000 84.935337 -0.764958 1.735193 0.003755 73723.006275 215.000000 3.000000 3.000000
 4237500.000000 77.476563 -0.769052 1.735013 0.003755 73728.640573 215.000000 3.000000 1.000000
 4238000.000000 87.325866 -0.693158 1.734830 0.003755 73734.156627 215.000000 3.000000 1.000000
 4238500.000000 56.535188 -0.497995 1.734654 0.003755 73739.936107 215.000000 3.000000 32.000000
 4239000.000000 78.932525 -0.727713 1.734475 0.003755 73745.593924 215.000000 3.000000 13.000000
 4239500.000000 69.116440 -0.599102 1.734295 0.003755 73751.216790 215.000000 3.000000 1.000000
 4240000.000000 57.059405 -0.502296 1.734117 0.003755 73756.900532 215.000000 3.000000 6.000000
 4240500.000000 51.496038 -0.466927 1.733943 0.003755 73762.757312 215.000000 3.000000 9.000000
 4241000.000000 63.240052 -0.602668 1.733767 0.003755 73768.550936 215.000000 3.000000 4.000000
 4241500.000000 14.870998 -0.016523 1.733601 0.003755 73774.674151 215.000000 4.000000 27.000000
 4242000.000000 35.415045 -0.166154 1.733442 0.003754 73781.076934 215.000000 3.000000 14.000000
 4242500.000000 34.505134 -0.121913 1.733284 0.003754 73787.513309 215.000000 3.000000 19.000000
 4243000.000000 33.813150 -0.106209 1.733127 0.003754 73793.982039 215.000000 3.000000 5.000000
 4243500.000000 43.819482 -0.319306 1.732966 0.003754 73800.305684 215.000000 3.000000 38.000000
 4244000.000000 77.477826 -0.749771 1.732786 0.003754 73805.931084 215.000000 3.000000 6.000000
 4244500.000000 78.851903 -0.692944 1.732605 0.003754 73811.489783 215.000000 3.000000 2.000000
 4245000.000000 69.562841 -0.585537 1.732427 0.003754 73817.202492 215.000000 3.000000 11.000000
 4245500.000000 72.093927 -0.518417 1.732253 0.003754 73823.020173 215.000000 3.000000 3.000000
 4246000.000000 88.108834 -0.730599 1.732070 0.003754 73828.515161 215.000000 3.000000 7.000000
 4246500.000000 107.691308 -1.115829 1.731879 0.003754 73833.688275 215.000000 3.000000 6.000000
 4247000.000000 113.143706 -1.109892 1.731682 0.003754 73838.602909 215.000000 3.000000 20.000000
 4247500.000000 106.752380 -0.916948 1.731481 0.003754 73843.332514 215.000000 3.000000 10.000000
 4248000.000000 112.883703 -1.032183 1.731281 0.003754 73848.114044 215.000000 4.000000 6.000000
 4248500.000000 113.888727 -1.071193 1.731078 0.003754 73852.791946 215.000000 4.000000 9.000000
 4249000.000000 104.680281 -0.877814 1.730886 0.003754 73857.879561 215.000000 4.000000 6.000000
 4249500.000000 105.778523 -0.826825 1.730696 0.003754 73863.103372 215.000000 3.000000 2.000000
 4250000.000000 81.377660 -0.588765 1.730515 0.003754 73868.665569 215.000000 4.000000 2.000000
 4250500.000000 80.893354 -0.661693 1.730335 0.003754 73874.248964 215.000000 4.000000 4.000000
 4251000.000000 86.662023 -0.612381 1.730151 0.003754 73879.696833 215.000000 3.000000 7.000000
 4251500.000000 105.900604 -0.814635 1.729960 0.003754 73884.869226 215.000000 3.000000 3.000000
 4252000.000000 110.950784 -1.060268 1.729763 0.003754 73889.740031 215.000000 3.000000 14.000000
 4252500.000000 104.288615 -0.938360 1.729573 0.003754 73894.956186 215.000000 4.000000 7.000000
 4253000.000000 102.259706 -0.859933 1.729386 0.003754 73900.275925 215.000000 3.000000 6.000000
 4253500.000000 110.403282 -1.020846 1.729194 0.003754 73905.382265 215.000000 4.000000 2.000000
 4254000.000000 91.634231 -0.650551 1.729009 0.003754 73910.786560 215.000000 4.000000 2.000000
 4254500.000000 67.300720 -0.636346 1.728836 0.003754 73916.639831 215.000000 3.000000 19.000000
 4255000.000000 63.440088 -0.566013 1.728661 0.003753 73922.416298 215.000000 4.000000 17.000000
 4255500.000000 39.613459 -0.222861 1.728491 0.003753 73928.394034 215.000000 3.000000 12.000000
 4256000.000000 55.132492 -0.480135 1.728324 0.003753 73934.484308 215.000000 3.000000 2.000000
 4256500.000000 68.274363 -0.502577 1.728149 0.003753 73940.242492 215.000000 4.000000 18.000000
 4257000.000000 64.235822 -0.453816 1.727973 0.003753 73946.014860 215.000000 3.000000 5.000000
 4257500.000000 75.073651 -0.642317 1.727796 0.003753 73951.715039 215.000000 3.000000 3.000000
 4258000.000000 86.803034 -0.595142 1.727615 0.003753 73957.266386 215.000000 3.000000 3.000000
 4258500.000000 99.229290 -0.785391 1.727425 0.003753 73962.442303 215.000000 3.000000 24.000000
 4259000.000000 82.206947 -0.598838 1.727242 0.003753 73967.883790 215.000000 4.000000 2.000000
 4259500.000000 76.820290 -0.614733 1.727059 0.003753 73973.368812 215.000000 4.000000 6.000000
 4260000.000000 73.514188 -0.571716 1.726883 0.003753 73979.085385 215.000000 3.000000 4.000000
 4260500.000000 74.882301 -0.600141 1.726708 0.003753 73984.863485 215.000000 3.000000 8.000000
 4261000.000000 85.547840 -0.657364 1.726532 0.003753 73990.602982 215.000000 2.000000 20.000000
 4261500.000000 68.039211 -0.485540 1.726358 0.003753 73996.426090 215.000000 3.000000 29.000000
 4262000.000000 82.643719 -0.709866 1.726184 0.003753 74002.206487 215.000000 3.000000 1.000000
 4262500.000000 75.871979 -0.597419 1.726006 0.003753 74007.866083 215.000000 3.000000 18.000000
 4263000.000000 96.017906 -0.940372 1.725824 0.003753 74013.380552 215.000000 4.000000 11.000000
 4263500.000000 85.597324 -0.640458 1.725642 0.003752 74018.849780 215.000000 3.000000 3.000000
 4264000.000000 88.418734 -0.703299 1.725459 0.003752 74024.329779 215.000000 3.000000 19.000000
 4264500.000000 91.752572 -0.608945 1.725280 0.003752 74029.913980 215.000000 4.000000 4.000000
 4265000.000000 87.039320 -0.593465 1.725099 0.003752 74035.482732 215.000000 3.000000 3.000000
 4265500.000000 96.179762 -0.874623 1.724916 0.003752 74040.923650 215.000000 4.000000 15.000000
 4266000.000000 87.493779 -0.605330 1.724738 0.003752 74046.549063 215.000000 2.000000 2.000000
 4266500.000000 97.996510 -0.750287 1.724554 0.003752 74051.970589 215.000000 4.000000 6.000000
 4267000.000000 101.154512 -0.764590 1.724364 0.003752 74057.124941 215.000000 4.000000 3.000000
 4267500.000000 121.042269 -1.227338 1.724167 0.003752 74062.006331 215.000000 3.000000 2.000000
 4268000.000000 112.140942 -0.964446 1.723974 0.003752 74067.032279 215.000000 3.000000 3.000000
 4268500.000000 64.658332 -0.430265 1.723792 0.003752 74072.486075 215.000000 3.000000 3.000000
 4269000.000000 91.204154 -0.618341 1.723614 0.003752 74078.155963 215.000000 4.000000 39.000000
 4269500.000000 86.410585 -0.521350 1.723437 0.003752 74083.840066 215.000000 3.000000 28.000000
 4270000.000000 122.757259 -1.320303 1.723247 0.003752 74088.985494 215.000000 3.000000 11.000000
 4270500.000000 111.032217 -0.997285 1.723059 0.003752 74094.223036 215.000000 3.000000 3.000000
 4271000.000000 93.231096 -0.625547 1.722873 0.003752 74099.529874 215.000000 3.000000 8.000000
 4271500.000000 103.494613 -0.805600 1.722686 0.003752 74104.790857 215.000000 4.000000 3.000000
 4272000.000000 90.204486 -0.672343 1.722501 0.003752 74110.172721 215.000000 3.000000 4.000000
 4272500.000000 98.372239 -0.688984 1.722321 0.003752 74115.706187 215.000000 4.000000 34.000000
 4273000.000000 117.073569 -1.294212 1.722134 0.003752 74120.967949 215.000000 4.000000 9.000000
 4273500.000000 107.282206 -0.922327 1.721941 0.003752 74126.000482 215.000000 3.000000 1.000000
 4274000.000000 116.423313 -1.266897 1.721745 0.003752 74130.877396 215.000000 4.000000 26.000000
 4274500.000000 115.263887 -1.017517 1.721549 0.003752 74135.781976 215.000000 4.000000 3.000000
 4275000.000000 117.325068 -1.270171 1.721351 0.003752 74140.570036 215.000000 4.000000 3.000000
 4275500.000000 122.424425 -1.284195 1.721148 0.003752 74145.196231 215.000000 3.000000 8.000000
 4276000.000000 130.828298 -1.374468 1.720943 0.003752 74149.701983 215.000000 3.000000 31.000000
 4276500.000000 112.449212 -0.900724 1.720744 0.003752 74154.420376 215.000000 4.000000 8.000000
 4277000.000000 106.601878 -0.747688 1.720551 0.003752 74159.441638 215.000000 3.000000 6.000000
 4277500.000000 86.925297 -0.520705 1.720372 0.003752 74165.032814 215.000000 3.000000 4.000000
 4278000.000000 68.889388 -0.497584 1.720199 0.003752 74170.853157 215.000000 3.000000 11.000000
 4278500.000000 65.976606 -0.443440 1.720026 0.003752 74176.676165 215.000000 3.000000 3.000000
 4279000.000000 93.527928 -0.623327 1.719851 0.003752 74182.400489 215.000000 4.000000 6.000000
 4279500.000000 82.085125 -0.535382 1.719676 0.003752 74188.133186 215.000000 4.000000 4.000000
 4280000.000000 70.274755 -0.494100 1.719504 0.003751 74193.990983 215.000000 3.000000 2.000000
 4280500.000000 66.760596 -0.499435 1.719335 0.003751 74199.949144 215.000000 3.000000 1.000000
 4281000.000000 57.483399 -0.520577 1.719161 0.003751 74205.747393 215.000000 3.000000 27.000000
 4281500.000000 99.677047 -0.696913 1.718988 0.003751 74211.544169 215.000000 4.000000 3.000000
 4282000.000000 81.272682 -0.543250 1.718811 0.003751 74217.191378 215.000000 4.000000 17.000000
 4282500.000000 90.046785 -0.634788 1.718634 0.003751 74222.843332 215.000000 3.000000 8.000000
 4283000.000000 100.142291 -0.717483 1.718453 0.003751 74228.330643 215.000000 4.000000 6.000000
 4283500.000000 111.963452 -0.921610 1.718262 0.003751 74233.446101 215.000000 4.000000 10.000000
 4284000.000000 105.629460 -0.719189 1.718075 0.003751 74238.682261 215.000000 3.000000 11.000000
 4284500.000000 102.484303 -0.785636 1.717889 0.003751 74243.970035 215.000000 3.000000 34.000000
 4285000.000000 94.705450 -0.659405 1.717708 0.003751 74249.453768 215.000000 3.000000 7.000000
 4285500.000000 101.514051 -0.685901 1.717525 0.003751 74254.873113 215.000000 4.000000 14.000000
 4286000.000000 112.552405 -0.869014 1.717341 0.003751 74260.210301 215.000000 4.000000 9.000000
 4286500.000000 101.267301 -0.660229 1.717158 0.003751 74265.628644 215.000000 4.000000 11.000000
 4287000.000000 111.226885 -0.951583 1.716971 0.003751 74270.872471 215.000000 3.000000 10.000000
 4287500.000000 108.842059 -0.951278 1.716784 0.003751 74276.116323 215.000000 3.000000 13.000000
 4288000.000000 127.007822 -1.100444 1.716594 0.003751 74281.207070 215.000000 4.000000 3.000000
 4288500.000000 112.195226 -0.826672 1.716401 0.003751 74286.194870 215.000000 4.000000 11.000000
 4289000.000000 108.256011 -0.925272 1.716216 0.003751 74291.518113 215.000000 3.000000 14.000000
 4289500.000000 96.631134 -0.717369 1.716034 0.003751 74296.965967 215.000000 4.000000 1.000000
 4290000.000000 119.826535 -1.092015 1.715852 0.003751 74302.404639 215.000000 4.000000 18.000000
 4290500.000000 112.416948 -0.804469 1.715668 0.003751 74307.731683 215.000000 4.000000 8.000000
 4291000.000000 123.815704 -1.164305 1.715473 0.003751 74312.668142 215.000000 4.000000 37.000000
 4291500.000000 118.498631 -1.033495 1.715281 0.003751 74317.680109 215.000000 4.000000 6.000000
 4292000.000000 126.983150 -1.074748 1.715090 0.003751 74322.738849 215.000000 4.000000 2.000000
 4292500.000000 104.906548 -0.650207 1.714901 0.003751 74327.887084 215.000000 3.000000 5.000000
 4293000.000000 104.281092 -0.723954 1.714717 0.003751 74333.247860 215.000000 4.000000 3.000000
 4293500.000000 95.613223 -0.768167 1.714538 0.003751 74338.769452 215.000000 3.000000 12.000000
 4294000.000000 112.623169 -0.774605 1.714358 0.003751 74344.282511 215.000000 4.000000 12.000000
 4294500.000000 93.215398 -0.581440 1.714175 0.003751 74349.700141 215.000000 4.000000 3.000000
 4295000.000000 97.233665 -0.727924 1.713998 0.003751 74355.309412 215.000000 3.000000 10.000000
 4295500.000000 70.070647 -0.487326 1.713823 0.003750 74361.006456 215.000000 3.000000 12.000000
 4296000.000000 82.286395 -0.550033 1.713648 0.003750 74366.734415 215.000000 3.000000 4.000000
 4296500.000000 87.156911 -0.531237 1.713474 0.003750 74372.454664 215.000000 3.000000 7.000000
 4297000.000000 96.311904 -0.712885 1.713297 0.003750 74378.069376 215.000000 4.000000 13.000000
 4297500.000000 87.975236 -0.577269 1.713121 0.003750 74383.754191 215.000000 3.000000 3.000000
 4298000.000000 120.078374 -1.055160 1.712937 0.003750 74389.089754 215.000000 4.000000 3.000000
 4298500.000000 143.020277 -1.150346 1.712746 0.003750 74394.153285 215.000000 4.000000 4.000000
 4299000.000000 132.068915 -1.181964 1.712549 0.003750 74398.915562 215.000000 4.000000 3.000000
 4299500.000000 126.803174 -1.037257 1.712352 0.003750 74403.721266 215.000000 4.000000 3.000000
 4300000.000000 127.784358 -1.145961 1.712156 0.003750 74408.537879 215.000000 4.000000 4.000000
 4300500.000000 137.100700 -1.109395 1.711960 0.003750 74413.375418 215.000000 3.000000 2.000000
 4301000.000000 138.678791 -1.243315 1.711765 0.003750 74418.282188 215.000000 4.000000 2.000000
 4301500.000000 159.421906 -0.921827 1.711570 0.003750 74423.136343 215.000000 4.000000 1.000000
 4302000.000000 178.421209 -0.858856 1.711384 0.003750 74428.386086 215.000000 4.000000 1.000000
 4302500.000000 179.331571 -0.853521 1.711198 0.003750 74433.635359 215.000000 4.000000 1.000000
 4303000.000000 163.433331 -0.864409 1.711013 0.003750 74438.947486 215.000000 3.000000 10.000000
 4303500.000000 207.542484 -0.716004 1.710829 0.003750 74444.255263 215.000000 4.000000 1.000000
 4304000.000000 202.816346 -0.673303 1.710648 0.003750 74449.688467 215.000000 4.000000 8.000000
 4304500.000000 195.019423 -0.764968 1.710468 0.003750 74455.203596 215.000000 4.000000 12.000000
 4305000.000000 223.174563 -0.742725 1.710287 0.003750 74460.657183 215.000000 4.000000 2.000000
 4305500.000000 245.760347 -0.794480 1.710105 0.003750 74466.032892 215.000000 4.000000 1.000000
 4306000.000000 206.064939 -0.791796 1.709924 0.003750 74471.482866 215.000000 4.000000 2.000000
 4306500.000000 182.576884 -0.707555 1.709744 0.003750 74476.990528 215.000000 4.000000 3.000000
 4307000.000000 141.410495 -0.993871 1.709558 0.003750 74482.223930 215.000000 3.000000 1.000000
 4307500.000000 153.866637 -0.945253 1.709367 0.003750 74487.249388 215.000000 4.000000 6.000000
 4308000.000000 152.374713 -1.075592 1.709180 0.003750 74492.431912 215.000000 3.000000 3.000000
 4308500.000000 152.596993 -1.030942 1.708987 0.003750 74497.388418 215.000000 4.000000 24.000000
 4309000.000000 153.269544 -0.905628 1.708799 0.003750 74502.526900 215.000000 4.000000 12.000000
 4309500.000000 140.614952 -0.935804 1.708604 0.003750 74507.394262 215.000000 4.000000 5.000000
 4310000.000000 149.646530 -1.009826 1.708412 0.003750 74512.360360 215.000000 4.000000 2.000000
 4310500.000000 155.762978 -0.976785 1.708217 0.003750 74517.235024 215.000000 4.000000 1.000000
 4311000.000000 127.491425 -1.067206 1.708024 0.003750 74522.153202 215.000000 3.000000 3.000000
 4311500.000000 117.007718 -1.025634 1.707835 0.003750 74527.272053 215.000000 4.000000 7.000000
 4312000.000000 122.134703 -1.058076 1.707647 0.003750 74532.428390 215.000000 3.000000 2.000000
 4312500.000000 141.604891 -0.940107 1.707459 0.003750 74537.541311 215.000000 3.000000 23.000000
 4313000.000000 148.890083 -1.047819 1.707264 0.003750 74542.393020 215.000000 3.000000 3.000000
 4313500.000000 163.945056 -0.813133 1.707074 0.003750 74547.458856 215.000000 3.000000 8.000000
 4314000.000000 143.933994 -0.989753 1.706880 0.003750 74552.338966 215.000000 4.000000 13.000000
 4314500.000000 146.095494 -0.957412 1.706687 0.003750 74557.300385 215.000000 3.000000 1.000000
 4315000.000000 164.127223 -0.791392 1.706500 0.003750 74562.453830 215.000000 4.000000 5.000000
 4315500.000000 157.908117 -0.918072 1.706315 0.003750 74567.734143 215.000000 4.000000 2.000000
 4316000.000000 136.081577 -1.161994 1.706122 0.003750 74572.649025 215.000000 3.000000 13.000000
 4316500.000000 132.270324 -1.066734 1.705931 0.003750 74577.676379 215.000000 4.000000 2.000000
 4317000.000000 142.907004 -1.067654 1.705737 0.003750 74582.537631 215.000000 3.000000 6.000000
 4317500.000000 138.497890 -1.043863 1.705545 0.003750 74587.504157 215.000000 4.000000 1.000000
 4318000.000000 166.284600 -0.781449 1.705357 0.003750 74592.636814 215.000000 4.000000 5.000000
 4318500.000000 162.363657 -0.847272 1.705173 0.003749 74597.948636 215.000000 4.000000 1.000000
 4319000.000000 127.668620 -1.084886 1.704986 0.003749 74603.109574 215.000000 4.000000 4.000000
 4319500.000000 120.583178 -1.078887 1.704793 0.003749 74608.030535 215.000000 4.000000 4.000000
 4320000.000000 136.028533 -1.136586 1.704598 0.003749 74612.865922 215.000000 3.000000 1.000000
 4320500.000000 157.442243 -1.009690 1.704411 0.003749 74618.035631 215.000000 4.000000 5.000000
 4321000.000000 129.810278 -1.213007 1.704220 0.003749 74623.021388 215.000000 4.000000 7.000000
 4321500.000000 124.834100 -1.071016 1.704026 0.003749 74627.907238 215.000000 4.000000 5.000000
 4322000.000000 127.315285 -0.994153 1.703835 0.003749 74632.892489 215.000000 4.000000 3.000000
 4322500.000000 143.962980 -0.927216 1.703642 0.003749 74637.817535 215.000000 4.000000 1.000000
 4323000.000000 150.804331 -1.003760 1.703451 0.003749 74642.792295 215.000000 3.000000 38.000000
 4323500.000000 148.602777 -0.961697 1.703264 0.003749 74647.952873 215.000000 3.000000 17.000000
 4324000.000000 125.587898 -1.076271 1.703073 0.003749 74652.942145 215.000000 3.000000 12.000000
 4324500.000000 154.418714 -0.794564 1.702882 0.003749 74657.940191 215.000000 4.000000 17.000000
 4325000.000000 156.089719 -0.906278 1.702696 0.003749 74663.137784 215.000000 4.000000 3.000000
 4325500.000000 182.630612 -0.699305 1.702512 0.003749 74668.426402 215.000000 4.000000 6.000000
 4326000.000000 198.191362 -0.684297 1.702331 0.003749 74673.818761 215.000000 3.000000 3.000000
 4326500.000000 174.859051 -0.796290 1.702150 0.003749 74679.231851 215.000000 4.000000 25.000000
 4327000.000000 184.484424 -0.852282 1.701969 0.003749 74684.619561 215.000000 4.000000 8.000000
 4327500.000000 175.361031 -0.720390 1.701787 0.003749 74689.991662 215.000000 4.000000 2.000000
 4328000.000000 171.544972 -0.890139 1.701603 0.003749 74695.284385 215.000000 3.000000 2.000000
 4328500.000000 160.838898 -0.849232 1.701419 0.003749 74700.555528 215.000000 4.000000 3.000000
 4329000.000000 159.529476 -0.816722 1.701235 0.003749 74705.833676 215.000000 4.000000 1.000000
 4329500.000000 179.894707 -0.783259 1.701050 0.003749 74711.055010 215.000000 5.000000 2.000000
 4330000.000000 162.037024 -0.870855 1.700866 0.003749 74716.324017 215.000000 3.000000 15.000000
 4330500.000000 134.502777 -1.106119 1.700682 0.003749 74721.585815 215.000000 3.000000 14.000000
 4331000.000000 153.333152 -0.790825 1.700497 0.003749 74726.830591 215.000000 4.000000 5.000000
 4331500.000000 134.819501 -1.060476 1.700308 0.003749 74731.887623 215.000000 4.000000 7.000000
 4332000.000000 145.404002 -0.899445 1.700122 0.003749 74737.063885 215.000000 4.000000 8.000000
 4332500.000000 181.449627 -0.719173 1.699941 0.003749 74742.443823 215.000000 4.000000 3.000000
 4333000.000000 170.912048 -0.822625 1.699761 0.003749 74747.884201 215.000000 3.000000 13.000000
 4333500.000000 198.063478 -0.693027 1.699580 0.003749 74753.284689 215.000000 3.000000 4.000000
 4334000.000000 176.264664 -0.723285 1.699401 0.003749 74758.764547 215.000000 4.000000 10.000000
 4334500.000000 170.019183 -0.697950 1.699221 0.003749 74764.178613 215.000000 4.000000 9.000000
 4335000.000000 177.084906 -0.737553 1.699041 0.003749 74769.612230 215.000000 5.000000 3.000000
 4335500.000000 133.542865 -0.989770 1.698858 0.003749 74774.897623 215.000000 4.000000 1.000000
 4336000.000000 157.987475 -0.835362 1.698672 0.003749 74780.075507 215.000000 4.000000 3.000000
 4336500.000000 117.762933 -1.059086 1.698484 0.003749 74785.163483 215.000000 4.000000 5.000000
 4337000.000000 106.130482 -0.625743 1.698297 0.003749 74790.299151 215.000000 4.000000 3.000000
 4337500.000000 86.284791 -0.506537 1.698119 0.003749 74795.808629 215.000000 3.000000 5.000000
 4338000.000000 108.227698 -0.832273 1.697943 0.003749 74801.366690 215.000000 3.000000 3.000000
 4338500.000000 95.383116 -0.683867 1.697763 0.003749 74806.765663 215.000000 3.000000 6.000000
 4339000.000000 79.965180 -0.552400 1.697592 0.003749 74812.545869 215.000000 4.000000 13.000000
 4339500.000000 82.890135 -0.607595 1.697419 0.003749 74818.245666 215.000000 4.000000 6.000000
 4340000.000000 77.732150 -0.615570 1.697249 0.003749 74824.073075 215.000000 3.000000 1.000000
 4340500.000000 84.069368 -0.569000 1.697081 0.003749 74829.955565 215.000000 3.000000 2.000000
 4341000.000000 68.611386 -0.439704 1.696911 0.003748 74835.758456 215.000000 3.000000 15.000000
 4341500.000000 60.782042 -0.514656 1.696743 0.003748 74841.656231 215.000000 3.000000 26.000000
 4342000.000000 73.265503 -0.509841 1.696576 0.003748 74847.583514 215.000000 3.000000 11.000000
 4342500.000000 92.596479 -0.617791 1.696406 0.003748 74853.394029 215.000000 3.000000 16.000000
 4343000.000000 77.820887 -0.585211 1.696237 0.003748 74859.220911 215.000000 3.000000 4.000000
 4343500.000000 68.770179 -0.427615 1.696069 0.003748 74865.132672 215.000000 4.000000 4.000000
 4344000.000000 90.691374 -0.686685 1.695897 0.003748 74870.860427 215.000000 4.000000 36.000000
 4344500.000000 105.356164 -0.604493 1.695723 0.003748 74876.498900 215.000000 3.000000 6.000000
 4345000.000000 114.850951 -0.895750 1.695537 0.003748 74881.650002 215.000000 3.000000 3.000000
 4345500.000000 111.974901 -0.731839 1.695359 0.003748 74887.129877 215.000000 4.000000 9.000000
 4346000.000000 110.568612 -0.748628 1.695181 0.003748 74892.621864 215.000000 4.000000 3.000000
 4346500.000000 92.382385 -0.635586 1.695007 0.003748 74898.243820 215.000000 4.000000 14.000000
 4347000.000000 111.650923 -0.770095 1.694830 0.003748 74903.767089 215.000000 3.000000 3.000000
 4347500.000000 73.993621 -0.506741 1.694659 0.003748 74909.552189 215.000000 3.000000 44.000000
 4348000.000000 97.682763 -0.648943 1.694490 0.003748 74915.353815 215.000000 4.000000 1.000000
 4348500.000000 90.516906 -0.677523 1.694317 0.003748 74921.060612 215.000000 3.000000 5.000000
 4349000.000000 91.164236 -0.551927 1.694147 0.003748 74926.823560 215.000000 4.000000 25.000000
 4349500.000000 84.486646 -0.578653 1.693976 0.003748 74932.582409 215.000000 4.000000 5.000000
 4350000.000000 97.201636 -0.678415 1.693805 0.003748 74938.345291 215.000000 4.000000 6.000000
 4350500.000000 109.179469 -0.826343 1.693627 0.003748 74943.835161 215.000000 3.000000 7.000000
 4351000.000000 101.826749 -0.619043 1.693454 0.003748 74949.483759 215.000000 4.000000 4.000000
 4351500.000000 83.138448 -0.543707 1.693283 0.003748 74955.255861 215.000000 3.000000 13.000000
 4352000.000000 94.273031 -0.596763 1.693114 0.003748 74961.078866 215.000000 3.000000 7.000000
 4352500.000000 81.159440 -0.509744 1.692945 0.003748 74966.912709 215.000000 3.000000 14.000000
 4353000.000000 85.605817 -0.489586 1.692776 0.003748 74972.728919 215.000000 2.000000 28.000000
 4353500.000000 78.569485 -0.519661 1.692606 0.003748 74978.505687 215.000000 4.000000 2.000000
 4354000.000000 93.619162 -0.528597 1.692435 0.003747 74984.284694 215.000000 3.000000 3.000000
 4354500.000000 109.050889 -0.808394 1.692264 0.003747 74990.013846 215.000000 3.000000 46.000000
 4355000.000000 100.626737 -0.658490 1.692091 0.003747 74995.678286 215.000000 4.000000 4.000000
 4355500.000000 86.937008 -0.437881 1.691919 0.003747 75001.388160 215.000000 3.000000 2.000000
 4356000.000000 83.711295 -0.483045 1.691750 0.003747 75007.207188 215.000000 4.000000 3.000000
 4356500.000000 93.254376 -0.497137 1.691583 0.003747 75013.087058 215.000000 4.000000 7.000000
 4357000.000000 80.154285 -0.496756 1.691414 0.003747 75018.927152 215.000000 4.000000 4.000000
 4357500.000000 89.022121 -0.568278 1.691246 0.003747 75024.764173 215.000000 3.000000 3.000000
 4358000.000000 58.741112 -0.491647 1.691079 0.003747 75030.682719 215.000000 4.000000 11.000000
 4358500.000000 66.867374 -0.490420 1.690913 0.003747 75036.591901 215.000000 3.000000 11.000000
 4359000.000000 64.366792 -0.413139 1.690746 0.003747 75042.482609 215.000000 4.000000 4.000000
 4359500.000000 69.442089 -0.454904 1.690581 0.003747 75048.460567 215.000000 3.000000 6.000000
 4360000.000000 66.186907 -0.414203 1.690416 0.003747 75054.423760 215.000000 3.000000 10.000000
 4360500.000000 53.571058 -0.435366 1.690250 0.003747 75060.382414 215.000000 3.000000 4.000000
 4361000.000000 57.685677 -0.544486 1.690086 0.003747 75066.368039 215.000000 4.000000 32.000000
 4361500.000000 45.177148 -0.308269 1.689921 0.003747 75072.351214 215.000000 3.000000 12.000000
 4362000.000000 41.710392 -0.198125 1.689763 0.003747 75078.563828 215.000000 3.000000 32.000000
 4362500.000000 50.333620 -0.381740 1.689604 0.003747 75084.768232 215.000000 3.000000 3.000000
 4363000.000000 66.891477 -0.477358 1.689445 0.003747 75090.942375 215.000000 3.000000 5.000000
 4363500.000000 64.253433 -0.399526 1.689280 0.003746 75096.891587 215.000000 4.000000 4.000000
 4364000.000000 37.884092 -0.179498 1.689122 0.003746 75103.127489 215.000000 3.000000 17.000000
 4364500.000000 37.385172 -0.164068 1.688971 0.003746 75109.617256 215.000000 3.000000 5.000000
 4365000.000000 42.340868 -0.191792 1.688818 0.003746 75116.003921 215.000000 3.000000 6.000000
 4365500.000000 57.845453 -0.560907 1.688655 0.003746 75122.045351 215.000000 3.000000 33.000000
 4366000.000000 54.164458 -0.465484 1.688491 0.003746 75128.020239 215.000000 3.000000 14.000000
 4366500.000000 48.833022 -0.387766 1.688329 0.003746 75134.111164 215.000000 3.000000 11.000000
 4367000.000000 44.081102 -0.300042 1.688173 0.003746 75140.395349 215.000000 3.000000 17.000000
 4367500.000000 34.826616 -0.128013 1.688024 0.003746 75146.943869 215.000000 3.000000 13.000000
 4368000.000000 41.112612 -0.221887 1.687871 0.003746 75153.340183 215.000000 3.000000 10.000000
 4368500.000000 39.797929 -0.241426 1.687715 0.003746 75159.635875 215.000000 3.000000 22.000000
 4369000.000000 39.761583 -0.225511 1.687563 0.003746 75166.085778 215.000000 3.000000 36.000000
 4369500.000000 45.476114 -0.302433 1.687409 0.003746 75172.416136 215.000000 3.000000 4.000000
 4370000.000000 43.488090 -0.295284 1.687253 0.003746 75178.710881 215.000000 3.000000 36.000000
 4370500.000000 57.279064 -0.464940 1.687092 0.003746 75184.812204 215.000000 3.000000 7.000000
 4371000.000000 54.945325 -0.439415 1.686927 0.003746 75190.763237 215.000000 3.000000 12.000000
 4371500.000000 61.370178 -0.539581 1.686763 0.003746 75196.748328 215.000000 3.000000 5.000000
 4372000.000000 57.180494 -0.437469 1.686601 0.003746 75202.809009 215.000000 3.000000 24.000000
 4372500.000000 43.448853 -0.283376 1.686443 0.003746 75209.011676 215.000000 3.000000 28.000000
 4373000.000000 36.414158 -0.176925 1.686289 0.003746 75215.396160 215.000000 3.000000 3.000000
 4373500.000000 36.282193 -0.164208 1.686140 0.003745 75221.929148 215.000000 3.000000 31.000000
 4374000.000000 35.196241 -0.161960 1.685990 0.003745 75228.428125 215.000000 3.000000 4.000000
 4374500.000000 45.910838 -0.309953 1.685838 0.003745 75234.858699 215.000000 3.000000 4.000000
 4375000.000000 49.933743 -0.340745 1.685680 0.003745 75241.043145 215.000000 3.000000 2.000000
 4375500.000000 48.830621 -0.346622 1.685522 0.003745 75247.271281 215.000000 3.000000 10.000000
 4376000.000000 45.709090 -0.307726 1.685365 0.003745 75253.511534 215.000000 3.000000 10.000000
 4376500.000000 50.168673 -0.336987 1.685210 0.003745 75259.813798 215.000000 3.000000 25.000000
 4377000.000000 41.826151 -0.165739 1.685055 0.003745 75266.119497 215.000000 3.000000 23.000000
 4377500.000000 40.284192 -0.182229 1.684904 0.003745 75272.601856 215.000000 3.000000 1.000000
 4378000.000000 41.397270 -0.162947 1.684754 0.003745 75279.070706 215.000000 3.000000 20.000000
 4378500.000000 54.691347 -0.420520 1.684598 0.003745 75285.342239 215.000000 3.000000 3.000000
 4379000.000000 60.038925 -0.543372 1.684434 0.003745 75291.322004 215.000000 4.000000 21.000000
 4379500.000000 77.892580 -0.534646 1.684269 0.003745 75297.269898 215.000000 3.000000 5.000000
 4380000.000000 62.385145 -0.393443 1.684104 0.003745 75303.212306 215.000000 4.000000 12.000000
 4380500.000000 72.742429 -0.416842 1.683940 0.003745 75309.179603 215.000000 3.000000 11.000000
 4381000.000000 70.514507 -0.426085 1.683777 0.003745 75315.182960 215.000000 3.000000 2.000000
 4381500.000000 67.244834 -0.505801 1.683612 0.003745 75321.099897 215.000000 3.000000 7.000000
 4382000.000000 60.256119 -0.501336 1.683448 0.003745 75327.077397 215.000000 4.000000 14.000000
 4382500.000000 54.801174 -0.408476 1.683286 0.003745 75333.134519 215.000000 3.000000 25.000000
 4383000.000000 72.151727 -0.401798 1.683124 0.003745 75339.161752 215.000000 3.000000 3.000000
 4383500.000000 51.325774 -0.370394 1.682961 0.003745 75345.178918 215.000000 3.000000 1.000000
 4384000.000000 57.906078 -0.525796 1.682799 0.003745 75351.185739 215.000000 3.000000 30.000000
 4384500.000000 58.234652 -0.470942 1.682636 0.003744 75357.205041 215.000000 4.000000 5.000000
 4385000.000000 56.330396 -0.430662 1.682475 0.003745 75363.274095 215.000000 3.000000 10.000000
 4385500.000000 54.363335 -0.396452 1.682313 0.003745 75369.303561 215.000000 4.000000 23.000000
 4386000.000000 63.745148 -0.421799 1.682150 0.003744 75375.315419 215.000000 3.000000 7.000000
 4386500.000000 66.531218 -0.421620 1.681988 0.003744 75381.353103 215.000000 3.000000 9.000000
 4387000.000000 67.412833 -0.500492 1.681825 0.003744 75387.341245 215.000000 3.000000 5.000000
 4387500.000000 74.485281 -0.450231 1.681662 0.003744 75393.340232 215.000000 4.000000 1.000000
 4388000.000000 71.898681 -0.409316 1.681498 0.003744 75399.299508 215.000000 3.000000 4.000000
 4388500.000000 61.230700 -0.441460 1.681337 0.003744 75405.365847 215.000000 4.000000 4.000000
 4389000.000000 62.792883 -0.376828 1.681174 0.003744 75411.371187 215.000000 4.000000 10.000000
 4389500.000000 65.551760 -0.387137 1.681013 0.003744 75417.442665 215.000000 3.000000 6.000000
 4390000.000000 62.837691 -0.379372 1.680852 0.003744 75423.525749 215.000000 3.000000 30.000000
 4390500.000000 60.602251 -0.407122 1.680691 0.003744 75429.589518 215.000000 4.000000 3.000000
 4391000.000000 72.136287 -0.372361 1.680529 0.003744 75435.616845 215.000000 3.000000 21.000000
 4391500.000000 70.574825 -0.385495 1.680368 0.003744 75441.696847 215.000000 3.000000 62.000000
 4392000.000000 74.301068 -0.428433 1.680207 0.003744 75447.731765 215.000000 3.000000 14.000000
 4392500.000000 56.245270 -0.407773 1.680044 0.003744 75453.725557 215.000000 3.000000 25.000000
 4393000.000000 52.867501 -0.337176 1.679884 0.003743 75459.844332 215.000000 4.000000 40.000000
 4393500.000000 47.388930 -0.284387 1.679729 0.003743 75466.126266 215.000000 3.000000 35.000000
 4394000.000000 52.522972 -0.357697 1.679572 0.003743 75472.332149 215.000000 3.000000 8.000000
 4394500.000000 54.359127 -0.379888 1.679418 0.003743 75478.649678 215.000000 3.000000 9.000000
 4395000.000000 41.026683 -0.175519 1.679260 0.003743 75484.827653 215.000000 3.000000 11.000000
 4395500.000000 43.045020 -0.197117 1.679108 0.003743 75491.234148 215.000000 3.000000 21.000000
 4396000.000000 49.105336 -0.324784 1.678949 0.003743 75497.373144 215.000000 3.000000 4.000000
 4396500.000000 46.444223 -0.220224 1.678794 0.003743 75503.634586 215.000000 3.000000 27.000000
 4397000.000000 36.723208 -0.139592 1.678640 0.003743 75509.946816 215.000000 3.000000 64.000000
 4397500.000000 40.321300 -0.165665 1.678490 0.003743 75516.408488 215.000000 3.000000 11.000000
 4398000.000000 47.062541 -0.227476 1.678341 0.003743 75522.920214 215.000000 3.000000 18.000000
 4398500.000000 52.115968 -0.404321 1.678186 0.003743 75529.207138 215.000000 3.000000 3.000000
 4399000.000000 51.181363 -0.301314 1.678030 0.003743 75535.436418 215.000000 3.000000 23.000000
 4399500.000000 49.883253 -0.278685 1.677876 0.003743 75541.744119 215.000000 3.000000 3.000000
 4400000.000000 52.396515 -0.340025 1.677719 0.003743 75547.962549 215.000000 3.000000 14.000000
 4400500.000000 45.839618 -0.263733 1.677561 0.003743 75554.109947 215.000000 3.000000 2.000000
 4401000.000000 62.260481 -0.320903 1.677407 0.003743 75560.412318 215.000000 4.000000 6.000000
 4401500.000000 64.388166 -0.329389 1.677248 0.003743 75566.544681 215.000000 4.000000 6.000000
 4402000.000000 45.124805 -0.184762 1.677092 0.003743 75572.803461 215.000000 3.000000 3.000000
 4402500.000000 42.106024 -0.148789 1.676942 0.003743 75579.247460 215.000000 3.000000 3.000000
 4403000.000000 32.706650 -0.123014 1.676795 0.003742 75585.800571 215.000000 3.000000 3.000000
 4403500.000000 43.245262 -0.205409 1.676648 0.003742 75592.355850 215.000000 3.000000 11.000000
 4404000.000000 35.353537 -0.138429 1.676500 0.003742 75598.906930 215.000000 3.000000 10.000000
 4404500.000000 40.290966 -0.148044 1.676352 0.003742 75605.425835 215.000000 3.000000 6.000000
 4405000.000000 36.920772 -0.110026 1.676205 0.003742 75611.984601 215.000000 3.000000 9.000000
 4405500.000000 43.904230 -0.223994 1.676058 0.003742 75618.536493 215.000000 3.000000 4.000000
 4406000.000000 68.987666 -0.363551 1.675902 0.003742 75624.759449 215.000000 4.000000 5.000000
 4406500.000000 81.487990 -0.424237 1.675739 0.003742 75630.722262 215.000000 4.000000 5.000000
 4407000.000000 59.733222 -0.514980 1.675580 0.003742 75636.833020 215.000000 3.000000 7.000000
 4407500.000000 80.154254 -0.463899 1.675420 0.003742 75642.925077 215.000000 4.000000 9.000000
 4408000.000000 58.902100 -0.368530 1.675262 0.003742 75649.078233 215.000000 4.000000 16.000000
 4408500.000000 55.755677 -0.380668 1.675103 0.003742 75655.181444 215.000000 3.000000 24.000000
 4409000.000000 50.161586 -0.275846 1.674947 0.003742 75661.421050 215.000000 3.000000 17.000000
 4409500.000000 38.590062 -0.146031 1.674797 0.003742 75667.856397 215.000000 3.000000 17.000000
 4410000.000000 64.149969 -0.327673 1.674644 0.003742 75674.180010 215.000000 3.000000 20.000000
 4410500.000000 47.529394 -0.260871 1.674491 0.003742 75680.532023 215.000000 3.000000 5.000000
 4411000.000000 46.239579 -0.191757 1.674339 0.003742 75686.899460 215.000000 3.000000 5.000000
 4411500.000000 29.401160 -0.028249 1.674193 0.003741 75693.475458 215.000000 3.000000 48.000000
 4412000.000000 18.785273 0.049109 1.674051 0.003741 75700.217729 215.000000 4.000000 5.000000
 4412500.000000 18.367109 -0.007526 1.673911 0.003741 75706.993898 215.000000 4.000000 47.000000
 4413000.000000 22.676960 -0.034023 1.673769 0.003741 75713.724169 215.000000 4.000000 23.000000
 4413500.000000 20.662587 -0.021092 1.673628 0.003741 75720.478874 215.000000 4.000000 5.000000
 4414000.000000 20.027004 -0.096975 1.673490 0.003741 75727.333108 215.000000 4.000000 14.000000
 4414500.000000 24.701664 -0.048439 1.673350 0.003741 75734.130901 215.000000 4.000000 8.000000
 4415000.000000 27.719671 -0.030568 1.673210 0.003741 75740.927051 215.000000 4.000000 32.000000
 4415500.000000 14.295454 0.051065 1.673072 0.003741 75747.792832 215.000000 3.000000 55.000000
 4416000.000000 19.216207 0.071775 1.672936 0.003741 75754.712884 215.000000 4.000000 25.000000
 4416500.000000 18.339566 0.005711 1.672797 0.003741 75761.534569 215.000000 3.000000 8.000000
 4417000.000000 13.760546 0.076556 1.672661 0.003741 75768.432943 215.000000 4.000000 40.000000
 4417500.000000 19.817831 -0.014930 1.672531 0.003741 75775.558368 215.000000 3.000000 1.000000
 4418000.000000 9.425482 0.187836 1.672404 0.003741 75782.766658 215.000000 3.000000 45.000000
 4418500.000000 6.972547 0.316168 1.672282 0.003741 75790.161036 215.000000 3.000000 192.000000
 4419000.000000 10.888651 0.153191 1.672162 0.003741 75797.597375 215.000000 3.000000 21.000000
 4419500.000000 1.822082 0.879634 1.672057 0.003741 75805.444684 215.000000 4.000000 428.000000
 4420000.000000 5.392789 0.470350 1.671971 0.003740 75813.766566 215.000000 3.000000 45.000000
 4420500.000000 11.312403 0.092038 1.671850 0.003740 75821.173183 215.000000 3.000000 37.000000
 4421000.000000 9.763545 0.243241 1.671721 0.003739 75828.325092 215.000000 3.000000 67.000000
 4421500.000000 20.225831 -0.044011 1.671589 0.003739 75835.368071 215.000000 4.000000 23.000000
 4422000.000000 9.702159 0.240254 1.671458 0.003739 75842.458607 215.000000 3.000000 48.000000
 4422500.000000 6.355578 0.419679 1.671337 0.003739 75849.864271 215.000000 3.000000 32.000000
 4423000.000000 17.076142 0.034777 1.671206 0.003739 75856.935311 215.000000 4.000000 10.000000
 4423500.000000 19.702867 0.018502 1.671071 0.003739 75863.879822 215.000000 3.000000 20.000000
 4424000.000000 13.417125 0.068600 1.670937 0.003739 75870.870994 215.000000 3.000000 31.000000
 4424500.000000 15.984628 0.095269 1.670804 0.003739 75877.897628 215.000000 4.000000 18.000000
 4425000.000000 11.579177 0.135827 1.670674 0.003739 75884.987818 215.000000 4.000000 211.000000
 4425500.000000 13.365165 0.071623 1.670542 0.003739 75892.060732 215.000000 4.000000 14.000000
 4426000.000000 9.321273 0.204506 1.670412 0.003739 75899.145241 215.000000 3.000000 38.000000
 4426500.000000 12.254238 0.149228 1.670286 0.003739 75906.393336 215.000000 4.000000 137.000000
 4427000.000000 8.393010 0.323745 1.670163 0.003739 75913.726615 215.000000 3.000000 167.000000
 4427500.000000 9.250383 0.212464 1.670040 0.003739 75921.072856 215.000000 3.000000 93.000000
 4428000.000000 10.248047 0.271746 1.669919 0.003739 75928.467016 215.000000 3.000000 42.000000
 4428500.000000 10.884065 0.188901 1.669795 0.003738 75935.763005 215.000000 3.000000 16.000000
 4429000.000000 5.192421 0.481049 1.669673 0.003738 75943.109038 215.000000 3.000000 122.000000
 4429500.000000 3.152504 0.638770 1.669569 0.003738 75951.021867 215.000000 4.000000 220.000000
 4430000.000000 2.871418 0.697586 1.669550 0.003739 75960.157370 215.000000 3.000000 39.000000
 4430500.000000 0.399259 2.384720 1.669485 0.003738 75968.665502 215.000000 3.000000 2275.000000
 4431000.000000 1.822693 0.882741 1.669481 0.003738 75978.091234 215.000000 4.000000 164.000000
 4431500.000000 0.328028 2.400469 1.669463 0.003739 75987.182838 215.000000 3.000000 1900.000000
 4432000.000000 0.955629 2.118758 1.669495 0.003739 75996.845315 215.000000 3.000000 556.000000
 4432500.000000 0.127502 2.425870 1.669484 0.003739 76005.989850 215.000000 3.000000 286.000000
 4433000.000000 0.921438 2.144018 1.669533 0.003739 76015.550169 215.000000 3.000000 184.000000
 4433500.000000 0.046168 2.428251 1.669627 0.003740 76025.333625 215.000000 3.000000 228.000000
 4434000.000000 0.000000 2.427707 1.669727 0.003740 76035.068924 215.000000 3.000000 228.000000
 4434500.000000 0.000000 2.427736 1.669827 0.003740 76044.803309 215.000000 3.000000 228.000000
 4435000.000000 0.000000 2.427765 1.669927 0.003740 76054.537734 215.000000 3.000000 228.000000
 4435500.000000 0.000000 2.427793 1.670027 0.003740 76064.272039 215.000000 3.000000 228.000000
 4436000.000000 0.047944 2.428384 1.670126 0.003740 76074.011931 215.000000 3.000000 228.000000
 4436500.000000 0.000000 2.427849 1.670226 0.003740 76083.746589 215.000000 3.000000 228.000000
 4437000.000000 0.000000 2.427876 1.670326 0.003740 76093.484583 215.000000 3.000000 228.000000
 4437500.000000 0.000000 2.427905 1.670425 0.003740 76103.219110 215.000000 3.000000 228.000000
 4438000.000000 0.000000 2.427934 1.670525 0.003740 76112.953923 215.000000 3.000000 228.000000
 4438500.000000 0.000000 2.427963 1.670625 0.003740 76122.688784 215.000000 3.000000 228.000000
 4439000.000000 0.000000 2.427993 1.670725 0.003740 76132.423696 215.000000 3.000000 228.000000
 4439500.000000 0.000000 2.428022 1.670824 0.003740 76142.158657 215.000000 3.000000 228.000000
 4440000.000000 0.000000 2.428051 1.670924 0.003740 76151.893667 215.000000 3.000000 228.000000
 4440500.000000 0.000000 2.428080 1.671024 0.003740 76161.628727 215.000000 3.000000 228.000000
 4441000.000000 0.000000 2.428110 1.671124 0.003740 76171.363837 215.000000 3.000000 228.000000
 4441500.000000 0.000000 2.428139 1.671223 0.003740 76181.098997 215.000000 3.000000 228.000000
 4442000.000000 0.000000 2.428168 1.671323 0.003740 76190.834206 215.000000 3.000000 228.000000
 4442500.000000 0.000000 2.428198 1.671422 0.003740 76200.569464 215.000000 3.000000 228.000000
 4443000.000000 0.000000 2.428227 1.671522 0.003740 76210.304772 215.000000 3.000000 228.000000
 4443500.000000 0.000000 2.428256 1.671622 0.003740 76220.040130 215.000000 3.000000 228.000000
 4444000.000000 0.000000 2.428285 1.671721 0.003740 76229.775537 215.000000 3.000000 228.000000
 4444500.000000 0.000000 2.428315 1.671821 0.003740 76239.510993 215.000000 3.000000 228.000000
 4445000.000000 0.000000 2.428344 1.671920 0.003740 76249.246499 215.000000 3.000000 228.000000
 4445500.000000 0.000000 2.428373 1.672020 0.003740 76258.982055 215.000000 3.000000 228.000000
 4446000.000000 0.000000 2.428402 1.672119 0.003740 76268.717660 215.000000 3.000000 228.000000
 4446500.000000 0.000000 2.428431 1.672219 0.003740 76278.453314 215.000000 3.000000 228.000000
 4447000.000000 0.000000 2.428461 1.672318 0.003740 76288.189018 215.000000 3.000000 228.000000
 4447500.000000 0.000000 2.428490 1.672417 0.003741 76297.924771 215.000000 3.000000 228.000000
 4448000.000000 0.000000 2.428519 1.672517 0.003741 76307.660574 215.000000 3.000000 228.000000
 4448500.000000 0.000000 2.428548 1.672616 0.003741 76317.396426 215.000000 3.000000 228.000000
 4449000.000000 0.000000 2.428577 1.672715 0.003741 76327.132327 215.000000 3.000000 228.000000
 4449500.000000 0.000000 2.428607 1.672815 0.003741 76336.868278 215.000000 3.000000 228.000000
 4450000.000000 0.000000 2.428636 1.672914 0.003741 76346.604278 215.000000 3.000000 228.000000
 4450500.000000 0.000000 2.428665 1.673013 0.003741 76356.340327 215.000000 3.000000 228.000000
 4451000.000000 0.000000 2.428694 1.673113 0.003741 76366.076425 215.000000 3.000000 228.000000
 4451500.000000 0.000000 2.428723 1.673212 0.003741 76375.812573 215.000000 3.000000 228.000000
 4452000.000000 0.000000 2.428752 1.673311 0.003741 76385.548770 215.000000 3.000000 228.000000
 4452500.000000 0.000000 2.428781 1.673410 0.003741 76395.285017 215.000000 3.000000 228.000000
 4453000.000000 0.135820 2.426343 1.673509 0.003741 76405.027272 215.000000 3.000000 228.000000
 4453500.000000 0.157445 2.424824 1.673608 0.003741 76414.765394 215.000000 3.000000 228.000000
 4454000.000000 0.000000 2.428858 1.673706 0.003741 76424.504556 215.000000 3.000000 228.000000
 4454500.000000 0.000000 2.428886 1.673805 0.003741 76434.241072 215.000000 3.000000 228.000000
 4455000.000000 0.000000 2.428916 1.673905 0.003741 76443.977579 215.000000 3.000000 228.000000
 4455500.000000 0.000000 2.428944 1.674004 0.003741 76453.714033 215.000000 3.000000 228.000000
 4456000.000000 0.000000 2.428973 1.674103 0.003741 76463.450478 215.000000 3.000000 228.000000
 4456500.000000 0.000000 2.429002 1.674202 0.003741 76473.187134 215.000000 3.000000 228.000000
 4457000.000000 0.000000 2.429031 1.674301 0.003741 76482.923839 215.000000 3.000000 228.000000
 4457500.000000 0.000000 2.429060 1.674400 0.003741 76492.660594 215.000000 3.000000 228.000000
 4458000.000000 0.000000 2.429089 1.674499 0.003741 76502.397397 215.000000 3.000000 228.000000
 4458500.000000 0.000000 2.429118 1.674597 0.003741 76512.134250 215.000000 3.000000 228.000000
 4459000.000000 0.000000 2.429147 1.674696 0.003741 76521.871151 215.000000 3.000000 228.000000
 4459500.000000 0.000000 2.429176 1.674795 0.003741 76531.608017 215.000000 3.000000 228.000000
 4460000.000000 0.000000 2.429205 1.674894 0.003741 76541.345017 215.000000 3.000000 228.000000
 4460500.000000 0.052214 2.429761 1.674993 0.003741 76551.081558 215.000000 3.000000 228.000000
 4461000.000000 0.000000 2.429260 1.675092 0.003741 76560.818364 215.000000 3.000000 228.000000
 4461500.000000 0.000000 2.429289 1.675191 0.003741 76570.555515 215.000000 3.000000 228.000000
 4462000.000000 0.000000 2.429318 1.675289 0.003741 76580.292715 215.000000 3.000000 228.000000
 4462500.000000 0.000000 2.429347 1.675388 0.003741 76590.029965 215.000000 3.000000 228.000000
 4463000.000000 0.000000 2.429376 1.675487 0.003741 76599.767263 215.000000 3.000000 228.000000
 4463500.000000 0.000000 2.429405 1.675585 0.003741 76609.504610 215.000000 3.000000 228.000000
 4464000.000000 0.000000 2.429433 1.675684 0.003741 76619.242006 215.000000 3.000000 228.000000
 4464500.000000 0.000000 2.429462 1.675783 0.003741 76628.979451 215.000000 3.000000 228.000000
 4465000.000000 0.000000 2.429491 1.675881 0.003741 76638.716944 215.000000 3.000000 228.000000
 4465500.000000 0.000000 2.429520 1.675980 0.003741 76648.454487 215.000000 3.000000 228.000000
 4466000.000000 0.000000 2.429549 1.676079 0.003741 76658.192078 215.000000 3.000000 228.000000
 4466500.000000 0.000000 2.429578 1.676177 0.003741 76667.929719 215.000000 3.000000 228.000000
 4467000.000000 0.000000 2.429607 1.676276 0.003741 76677.667408 215.000000 3.000000 228.000000
 4467500.000000 0.000000 2.429636 1.676374 0.003741 76687.405146 215.000000 3.000000 228.000000
 4468000.000000 0.000000 2.429664 1.676473 0.003741 76697.142933 215.000000 3.000000 228.000000
 4468500.000000 0.000000 2.429693 1.676571 0.003741 76706.880768 215.000000 3.000000 228.000000
 4469000.000000 0.000000 2.429722 1.676670 0.003741 76716.618501 215.000000 3.000000 228.000000
 4469500.000000 0.000000 2.429750 1.676768 0.003741 76726.356435 215.000000 3.000000 228.000000
 4470000.000000 0.000000 2.429779 1.676867 0.003741 76736.094349 215.000000 3.000000 228.000000
 4470500.000000 0.047536 2.430360 1.676965 0.003741 76745.832297 215.000000 3.000000 228.000000
 4471000.000000 0.118676 2.428355 1.677063 0.003741 76755.570516 215.000000 3.000000 228.000000
 4471500.000000 0.000000 2.429864 1.677162 0.003741 76765.308571 215.000000 3.000000 228.000000
 4472000.000000 0.000000 2.429892 1.677260 0.003741 76775.046992 215.000000 3.000000 228.000000
 4472500.000000 0.000000 2.429920 1.677358 0.003741 76784.784826 215.000000 3.000000 228.000000
 4473000.000000 0.000000 2.429948 1.677457 0.003741 76794.523023 215.000000 3.000000 228.000000
 4473500.000000 0.000000 2.429976 1.677555 0.003741 76804.261771 215.000000 3.000000 228.000000
 4474000.000000 0.000000 2.430004 1.677653 0.003741 76814.000151 215.000000 3.000000 228.000000
 4474500.000000 0.000000 2.430033 1.677751 0.003741 76823.738579 215.000000 3.000000 228.000000
 4475000.000000 0.000000 2.430062 1.677849 0.003741 76833.477056 215.000000 3.000000 228.000000
 4475500.000000 0.000000 2.430091 1.677948 0.003741 76843.215582 215.000000 3.000000 228.000000
 4476000.000000 0.000000 2.430119 1.678046 0.003741 76852.954112 215.000000 3.000000 228.000000
 4476500.000000 0.000000 2.430146 1.678144 0.003741 76862.692767 215.000000 3.000000 228.000000
 4477000.000000 0.047361 2.430726 1.678242 0.003741 76872.431358 215.000000 3.000000 228.000000
 4477500.000000 0.000000 2.430202 1.678340 0.003741 76882.174116 215.000000 3.000000 228.000000
 4478000.000000 0.000000 2.430229 1.678438 0.003741 76891.912834 215.000000 3.000000 228.000000
 4478500.000000 0.123325 2.428517 1.678536 0.003741 76901.653815 215.000000 3.000000 228.000000
 4479000.000000 0.143004 2.427313 1.678634 0.003741 76911.393277 215.000000 3.000000 228.000000
 4479500.000000 0.000000 2.430311 1.678732 0.003741 76921.132204 215.000000 3.000000 228.000000
 4480000.000000 0.253824 2.415503 1.678828 0.003741 76930.889687 215.000000 3.000000 228.000000
 4480500.000000 0.000000 2.430306 1.678922 0.003742 76940.652208 215.000000 3.000000 228.000000
 4481000.000000 0.000000 2.430269 1.679017 0.003742 76950.414751 215.000000 3.000000 228.000000
 4481500.000000 0.000000 2.430297 1.679115 0.003742 76960.153973 215.000000 3.000000 228.000000
 4482000.000000 0.000000 2.430326 1.679213 0.003742 76969.893319 215.000000 3.000000 228.000000
 4482500.000000 0.000000 2.430355 1.679311 0.003742 76979.632714 215.000000 3.000000 228.000000
 4483000.000000 0.000000 2.430383 1.679409 0.003742 76989.372072 215.000000 3.000000 228.000000
 4483500.000000 0.000000 2.430411 1.679507 0.003742 76999.111486 215.000000 3.000000 228.000000
 4484000.000000 0.000000 2.430439 1.679605 0.003742 77008.851044 215.000000 3.000000 228.000000
 4484500.000000 0.000000 2.430467 1.679702 0.003742 77018.590638 215.000000 3.000000 228.000000
 4485000.000000 0.000000 2.430429 1.679787 0.003743 77028.367548 215.000000 3.000000 496.000000
 4485500.000000 0.000000 2.430456 1.679885 0.003743 77038.107084 215.000000 3.000000 496.000000
 4486000.000000 0.000000 2.430483 1.679983 0.003743 77047.847132 215.000000 3.000000 496.000000
 4486500.000000 0.000000 2.430510 1.680080 0.003743 77057.587194 215.000000 3.000000 496.000000
 4487000.000000 0.407602 2.385114 1.680177 0.003743 77067.334720 215.000000 3.000000 496.000000
 4487500.000000 0.044806 2.431122 1.680275 0.003743 77077.075390 215.000000 3.000000 496.000000
 4488000.000000 0.000000 2.430589 1.680372 0.003743 77086.815412 215.000000 3.000000 496.000000
 4488500.000000 0.000000 2.430617 1.680470 0.003743 77096.555404 215.000000 3.000000 496.000000
 4489000.000000 0.000000 2.430646 1.680567 0.003743 77106.295522 215.000000 3.000000 496.000000
 4489500.000000 0.322347 2.404266 1.680661 0.003743 77116.072719 215.000000 3.000000 496.000000
 4490000.000000 0.678530 2.288387 1.680740 0.003744 77125.839662 215.000000 3.000000 4576.000000
 4490500.000000 0.000000 2.430577 1.680826 0.003744 77135.641450 215.000000 3.000000 120.000000
 4491000.000000 0.382182 2.391331 1.680874 0.003745 77145.379908 215.000000 3.000000 107.000000
 4491500.000000 2.417715 0.814680 1.680853 0.003745 77154.530683 215.000000 4.000000 27.000000
 4492000.000000 2.666928 0.758223 1.680786 0.003745 77163.185085 215.000000 3.000000 115.000000
 4492500.000000 0.130025 2.428188 1.680803 0.003745 77172.717600 215.000000 3.000000 101.000000
 4493000.000000 1.633296 0.882243 1.680837 0.003745 77182.108456 215.000000 3.000000 1647.000000
 4493500.000000 2.655385 0.764112 1.680758 0.003744 77190.601891 215.000000 3.000000 200.000000
 4494000.000000 1.314416 1.731489 1.680704 0.003743 77199.513196 215.000000 4.000000 47.000000
 4494500.000000 1.885949 0.887332 1.680622 0.003742 77207.932615 215.000000 4.000000 30.000000
 4495000.000000 0.941293 2.132109 1.680649 0.003743 77217.813593 215.000000 3.000000 2251.000000
 4495500.000000 1.696236 0.891302 1.680657 0.003744 77227.345768 215.000000 4.000000 2099.000000
 4496000.000000 2.107031 0.874622 1.680588 0.003742 77236.040465 215.000000 4.000000 1217.000000
 4496500.000000 2.245690 0.856948 1.680488 0.003742 77243.996546 215.000000 3.000000 27.000000
 4497000.000000 2.723400 0.753715 1.680399 0.003741 77252.264640 215.000000 3.000000 297.000000
 4497500.000000 8.951473 0.251159 1.680295 0.003741 77260.106960 215.000000 3.000000 18.000000
 4498000.000000 10.749258 0.211313 1.680173 0.003741 77267.421205 215.000000 3.000000 16.000000
 4498500.000000 7.498449 0.330159 1.680048 0.003741 77274.625253 215.000000 3.000000 11.000000
 4499000.000000 11.136453 0.127990 1.679926 0.003741 77281.937334 215.000000 3.000000 11.000000
 4499500.000000 20.468378 -0.020211 1.679798 0.003741 77289.060831 215.000000 4.000000 13.000000
 4500000.000000 14.556392 0.039939 1.679660 0.003741 77295.835366 215.000000 4.000000 13.000000
 4500500.000000 17.842803 0.051633 1.679523 0.003741 77302.625090 215.000000 4.000000 20.000000
 4501000.000000 28.521056 -0.134060 1.679385 0.003741 77309.401844 215.000000 4.000000 9.000000
 4501500.000000 26.958472 -0.124203 1.679244 0.003741 77316.062549 215.000000 4.000000 73.000000
 4502000.000000 47.072931 -0.206508 1.679101 0.003741 77322.667330 215.000000 3.000000 58.000000
 4502500.000000 37.614118 -0.149869 1.678960 0.003741 77329.310633 215.000000 3.000000 5.000000
 4503000.000000 32.258325 -0.108059 1.678815 0.003741 77335.831031 215.000000 3.000000 15.000000
 4503500.000000 25.989538 -0.026191 1.678674 0.003741 77342.519901 215.000000 4.000000 23.000000
 4504000.000000 17.130234 0.048172 1.678540 0.003741 77349.423873 215.000000 3.000000 14.000000
 4504500.000000 15.139013 0.052978 1.678409 0.003741 77356.409223 215.000000 3.000000 22.000000
 4505000.000000 12.301307 0.156916 1.678281 0.003741 77363.524678 215.000000 3.000000 21.000000
 4505500.000000 7.941003 0.345584 1.678163 0.003741 77370.959656 215.000000 3.000000 16.000000
 4506000.000000 16.610408 -0.020690 1.678035 0.003740 77378.076620 215.000000 4.000000 31.000000
 4506500.000000 9.659928 0.264868 1.677909 0.003740 77385.226147 215.000000 3.000000 10.000000
 4507000.000000 9.775733 0.279506 1.677787 0.003740 77392.533242 215.000000 3.000000 101.000000
 4507500.000000 13.476691 0.101978 1.677666 0.003740 77399.873683 215.000000 4.000000 34.000000
 4508000.000000 9.840887 0.290930 1.677547 0.003740 77407.265231 215.000000 3.000000 50.000000
 4508500.000000 13.634520 0.114879 1.677422 0.003740 77414.476463 215.000000 3.000000 54.000000
 4509000.000000 10.438039 0.283979 1.677297 0.003740 77421.680116 215.000000 3.000000 121.000000
 4509500.000000 11.609424 0.180028 1.677180 0.003740 77429.142854 215.000000 3.000000 124.000000
 4510000.000000 13.120976 0.082105 1.677056 0.003740 77436.376096 215.000000 3.000000 102.000000
 4510500.000000 21.281289 -0.037845 1.676927 0.003740 77443.451479 215.000000 4.000000 28.000000
 4511000.000000 31.529814 -0.076570 1.676788 0.003740 77450.164312 215.000000 4.000000 7.000000
 4511500.000000 25.045434 -0.098158 1.676647 0.003740 77456.828823 215.000000 4.000000 64.000000
 4512000.000000 12.020630 0.192805 1.676514 0.003740 77463.739794 215.000000 4.000000 6.000000
 4512500.000000 17.995071 0.045388 1.676386 0.003740 77470.846115 215.000000 4.000000 66.000000
 4513000.000000 21.133727 -0.016060 1.676253 0.003740 77477.767896 215.000000 3.000000 8.000000
 4513500.000000 4.912318 0.465750 1.676133 0.003740 77485.126485 215.000000 3.000000 41.000000
 4514000.000000 5.118262 0.482807 1.676027 0.003740 77492.910218 215.000000 3.000000 21.000000
 4514500.000000 3.687401 0.639971 1.675934 0.003739 77501.049055 215.000000 4.000000 18.000000
 4515000.000000 5.033235 0.479152 1.675844 0.003739 77509.279091 215.000000 3.000000 119.000000
 4515500.000000 4.897306 0.473713 1.675763 0.003737 77517.727372 215.000000 3.000000 15.000000
 4516000.000000 1.020410 2.068140 1.675781 0.003738 77527.498430 215.000000 3.000000 589.000000
 4516500.000000 2.239382 0.864312 1.675737 0.003737 77536.504698 215.000000 3.000000 1200.000000
 4517000.000000 3.912891 0.633103 1.675664 0.003736 77545.075306 215.000000 3.000000 229.000000
 4517500.000000 5.494405 0.465210 1.675568 0.003736 77553.127566 215.000000 3.000000 243.000000
 4518000.000000 0.608366 2.317885 1.675537 0.003736 77561.962821 215.000000 3.000000 3940.000000
 4518500.000000 2.222445 0.870631 1.675513 0.003736 77571.142769 215.000000 4.000000 26.000000
 4519000.000000 2.020167 0.894656 1.675469 0.003734 77580.144564 215.000000 4.000000 46.000000
 4519500.000000 1.435971 1.508874 1.675444 0.003734 77589.401345 215.000000 4.000000 834.000000
 4520000.000000 1.909624 0.904351 1.675399 0.003733 77598.469679 215.000000 4.000000 227.000000
 4520500.000000 1.941521 0.903690 1.675347 0.003733 77607.278918 215.000000 4.000000 69.000000
 4521000.000000 2.727742 0.767694 1.675322 0.003733 77616.254049 215.000000 3.000000 133.000000
 4521500.000000 0.875459 2.177909 1.675298 0.003732 77625.472460 215.000000 3.000000 400.000000
 4522000.000000 1.180627 1.911611 1.675290 0.003732 77634.745856 215.000000 3.000000 398.000000
 4522500.000000 0.760072 2.246925 1.675373 0.003733 77644.588816 215.000000 3.000000 1253.000000
 4523000.000000 1.359324 1.661239 1.675439 0.003734 77654.412642 215.000000 3.000000 422.000000
 4523500.000000 1.357993 1.663665 1.675500 0.003735 77664.268686 215.000000 3.000000 363.000000
 4524000.000000 0.727226 2.264071 1.675486 0.003734 77673.536528 215.000000 3.000000 821.000000
 4524500.000000 1.519490 1.287897 1.675547 0.003736 77683.368462 215.000000 3.000000 291.000000
 4525000.000000 0.187614 2.421945 1.675611 0.003737 77693.107176 215.000000 3.000000 20065.000000
 4525500.000000 0.906916 2.156519 1.675629 0.003737 77702.742639 215.000000 3.000000 149.000000
 4526000.000000 0.444469 2.373736 1.675713 0.003738 77712.580078 215.000000 3.000000 246.000000
 4526500.000000 0.138739 2.425746 1.675810 0.003738 77722.320330 215.000000 3.000000 246.000000
 4527000.000000 0.121632 2.426776 1.675907 0.003738 77732.066411 215.000000 3.000000 246.000000
 4527500.000000 0.104172 2.427625 1.676003 0.003738 77741.807013 215.000000 3.000000 246.000000
 4528000.000000 0.051322 2.428886 1.676100 0.003738 77751.546015 215.000000 3.000000 246.000000
 4528500.000000 0.000000 2.428299 1.676196 0.003738 77761.294800 215.000000 3.000000 246.000000
 4529000.000000 0.000000 2.428321 1.676291 0.003739 77771.051817 215.000000 3.000000 246.000000
 4529500.000000 0.241064 2.415727 1.676388 0.003739 77780.793131 215.000000 3.000000 246.000000
 4530000.000000 0.767800 2.242582 1.676470 0.003739 77790.607320 215.000000 3.000000 246.000000
 4530500.000000 2.887102 0.715609 1.676527 0.003740 77800.299409 215.000000 4.000000 170.000000
 4531000.000000 8.888588 0.287877 1.676415 0.003740 77807.903634 215.000000 3.000000 48.000000
 4531500.000000 6.041958 0.455716 1.676309 0.003740 77815.670073 215.000000 3.000000 160.000000
 4532000.000000 6.829853 0.364471 1.676203 0.003740 77823.426377 215.000000 3.000000 100.000000
 4532500.000000 1.543419 1.205753 1.676115 0.003739 77831.674582 215.000000 4.000000 179.000000
 4533000.000000 0.924756 2.143992 1.676071 0.003739 77840.609610 215.000000 3.000000 1068.000000
 4533500.000000 3.622276 0.654903 1.676002 0.003739 77849.179958 215.000000 3.000000 70.000000
 4534000.000000 15.292786 0.088175 1.675893 0.003739 77856.836377 215.000000 4.000000 20.000000
 4534500.000000 11.843312 0.195585 1.675767 0.003739 77863.997192 215.000000 4.000000 16.000000
 4535000.000000 8.869838 0.294914 1.675649 0.003739 77871.411309 215.000000 3.000000 195.000000
 4535500.000000 8.813993 0.306145 1.675536 0.003739 77878.946776 215.000000 4.000000 40.000000
 4536000.000000 14.582987 0.053558 1.675412 0.003739 77886.160769 215.000000 4.000000 40.000000
 4536500.000000 12.008969 0.198307 1.675283 0.003739 77893.227894 215.000000 3.000000 15.000000
 4537000.000000 7.022509 0.333316 1.675170 0.003739 77900.770047 215.000000 3.000000 57.000000
 4537500.000000 6.052787 0.464855 1.675068 0.003739 77908.651385 215.000000 3.000000 351.000000
 4538000.000000 4.517853 0.569152 1.674977 0.003738 77916.853161 215.000000 3.000000 208.000000
 4538500.000000 1.472478 1.426315 1.674911 0.003737 77925.526553 215.000000 4.000000 338.000000
 4539000.000000 2.548453 0.825413 1.674843 0.003736 77934.203625 215.000000 4.000000 44.000000
 4539500.000000 1.862040 0.921813 1.674797 0.003735 77943.034877 215.000000 4.000000 22.000000
 4540000.000000 17.634791 0.081681 1.674689 0.003734 77950.703612 215.000000 4.000000 43.000000
 4540500.000000 14.843277 0.006203 1.674560 0.003734 77957.748011 215.000000 4.000000 15.000000
 4541000.000000 11.440757 0.178750 1.674435 0.003734 77964.922819 215.000000 3.000000 204.000000
 4541500.000000 2.655322 0.800737 1.674342 0.003733 77973.029013 215.000000 4.000000 24.000000
 4542000.000000 3.845485 0.654073 1.674294 0.003733 77981.914578 215.000000 4.000000 732.000000
 4542500.000000 5.469447 0.486227 1.674199 0.003733 77989.986759 215.000000 3.000000 65.000000
 4543000.000000 8.219675 0.366624 1.674090 0.003733 77997.665306 215.000000 3.000000 19.000000
 4543500.000000 9.309912 0.254263 1.673975 0.003732 78005.153072 215.000000 3.000000 26.000000
 4544000.000000 6.635557 0.409353 1.673868 0.003732 78012.890105 215.000000 3.000000 111.000000
 4544500.000000 9.707252 0.305847 1.673752 0.003732 78020.371896 215.000000 4.000000 117.000000
 4545000.000000 2.760535 0.773952 1.673662 0.003732 78028.575727 215.000000 4.000000 1000.000000
 4545500.000000 10.293401 0.315702 1.673552 0.003732 78036.206288 215.000000 3.000000 23.000000
 4546000.000000 13.224347 0.096783 1.673431 0.003732 78043.511365 215.000000 3.000000 14.000000
 4546500.000000 14.425316 0.092576 1.673304 0.003732 78050.599337 215.000000 3.000000 3.000000
 4547000.000000 8.474574 0.362466 1.673181 0.003732 78057.831819 215.000000 3.000000 28.000000
 4547500.000000 4.668448 0.549814 1.673081 0.003732 78065.767150 215.000000 3.000000 253.000000
 4548000.000000 8.368770 0.373101 1.672970 0.003732 78073.371979 215.000000 3.000000 24.000000
 4548500.000000 8.322666 0.378242 1.672855 0.003732 78080.881085 215.000000 3.000000 60.000000
 4549000.000000 5.408681 0.501000 1.672746 0.003731 78088.529189 215.000000 3.000000 84.000000
 4549500.000000 16.996320 0.056378 1.672626 0.003731 78095.843371 215.000000 4.000000 16.000000
 4550000.000000 29.197124 -0.026723 1.672490 0.003731 78102.661536 215.000000 3.000000 22.000000
 4550500.000000 33.572226 -0.102541 1.672348 0.003731 78109.214620 215.000000 2.000000 19.000000
 4551000.000000 23.057589 -0.066106 1.672212 0.003731 78115.985270 215.000000 4.000000 93.000000
 4551500.000000 28.437931 -0.099816 1.672075 0.003731 78122.753994 215.000000 4.000000 10.000000
 4552000.000000 17.281665 0.085047 1.671948 0.003731 78129.855245 215.000000 4.000000 11.000000
 4552500.000000 20.553539 0.009448 1.671816 0.003731 78136.766464 215.000000 4.000000 8.000000
 4553000.000000 23.578848 -0.110908 1.671684 0.003731 78143.678114 215.000000 4.000000 27.000000
 4553500.000000 15.049138 0.061879 1.671553 0.003731 78150.656840 215.000000 3.000000 3.000000
 4554000.000000 24.351031 -0.016455 1.671419 0.003731 78157.488551 215.000000 4.000000 13.000000
 4554500.000000 44.439170 -0.168197 1.671279 0.003731 78164.149509 215.000000 3.000000 44.000000
 4555000.000000 42.684792 -0.138842 1.671135 0.003731 78170.630987 215.000000 3.000000 15.000000
 4555500.000000 40.745267 -0.134021 1.670992 0.003731 78177.141346 215.000000 2.000000 12.000000
 4556000.000000 47.704777 -0.248676 1.670847 0.003731 78183.604869 215.000000 3.000000 14.000000
 4556500.000000 38.720316 -0.153206 1.670703 0.003731 78190.093835 215.000000 3.000000 12.000000
 4557000.000000 46.753925 -0.177140 1.670561 0.003731 78196.653157 215.000000 4.000000 3.000000
 4557500.000000 59.036839 -0.384903 1.670408 0.003731 78202.817387 215.000000 4.000000 6.000000
 4558000.000000 54.018223 -0.356468 1.670255 0.003731 78208.961574 215.000000 3.000000 2.000000
 4558500.000000 61.379022 -0.425159 1.670104 0.003731 78215.168067 215.000000 4.000000 6.000000
 4559000.000000 56.972378 -0.350714 1.669954 0.003730 78221.404278 215.000000 4.000000 4.000000
 4559500.000000 46.900795 -0.176935 1.669805 0.003730 78227.724453 215.000000 4.000000 19.000000
 4560000.000000 52.910981 -0.268676 1.669655 0.003730 78233.953594 215.000000 4.000000 4.000000
 4560500.000000 50.956874 -0.247189 1.669506 0.003730 78240.252591 215.000000 3.000000 25.000000
 4561000.000000 49.037858 -0.258570 1.669355 0.003730 78246.490869 215.000000 3.000000 36.000000
 4561500.000000 53.769857 -0.330314 1.669205 0.003730 78252.743009 215.000000 3.000000 10.000000
 4562000.000000 37.923692 -0.135658 1.669062 0.003730 78259.265050 215.000000 3.000000 13.000000
 4562500.000000 37.455793 -0.132110 1.668922 0.003730 78265.870950 215.000000 3.000000 12.000000
 4563000.000000 27.190439 -0.058638 1.668784 0.003730 78272.587771 215.000000 4.000000 22.000000
 4563500.000000 32.317342 -0.091690 1.668645 0.003730 78279.233875 215.000000 3.000000 15.000000
 4564000.000000 43.936776 -0.202709 1.668505 0.003730 78285.866254 215.000000 3.000000 13.000000
 4564500.000000 43.496368 -0.209874 1.668362 0.003730 78292.370806 215.000000 3.000000 13.000000
 4565000.000000 44.400133 -0.147307 1.668222 0.003730 78298.988215 215.000000 3.000000 12.000000
 4565500.000000 38.316432 -0.119144 1.668081 0.003730 78305.583406 215.000000 3.000000 57.000000
 4566000.000000 46.857184 -0.159421 1.667941 0.003730 78312.195440 215.000000 4.000000 3.000000
 4566500.000000 53.915986 -0.324596 1.667796 0.003730 78318.627001 215.000000 3.000000 2.000000
 4567000.000000 45.583509 -0.219097 1.667646 0.003730 78324.888553 215.000000 3.000000 18.000000
 4567500.000000 36.661467 -0.116170 1.667507 0.003730 78331.534322 215.000000 3.000000 13.000000
 4568000.000000 27.908905 -0.018384 1.667370 0.003730 78338.251737 215.000000 4.000000 51.000000
 4568500.000000 30.545811 -0.115677 1.667232 0.003730 78344.949383 215.000000 3.000000 6.000000
 4569000.000000 31.557944 -0.061478 1.667097 0.003730 78351.766170 215.000000 3.000000 16.000000
 4569500.000000 24.774702 -0.040431 1.666960 0.003730 78358.502071 215.000000 4.000000 44.000000
 4570000.000000 24.288128 -0.015234 1.666825 0.003730 78365.267078 215.000000 4.000000 15.000000
 4570500.000000 29.298031 0.007094 1.666690 0.003729 78372.077536 215.000000 4.000000 13.000000
 4571000.000000 31.695640 -0.055407 1.666552 0.003729 78378.779924 215.000000 3.000000 4.000000
 4571500.000000 43.548228 -0.194329 1.666413 0.003729 78385.422836 215.000000 3.000000 7.000000
 4572000.000000 39.344649 -0.092273 1.666274 0.003729 78392.067876 215.000000 3.000000 6.000000
 4572500.000000 34.089149 -0.096228 1.666135 0.003729 78398.718902 215.000000 3.000000 6.000000
 4573000.000000 41.095125 -0.110007 1.665996 0.003729 78405.374717 215.000000 2.000000 5.000000
 4573500.000000 38.832224 -0.119380 1.665857 0.003729 78412.023868 215.000000 3.000000 14.000000
 4574000.000000 38.577984 -0.101790 1.665717 0.003729 78418.635501 215.000000 2.000000 5.000000
 4574500.000000 33.561096 -0.078193 1.665579 0.003729 78425.313669 215.000000 2.000000 2.000000
 4575000.000000 32.886847 -0.095891 1.665444 0.003729 78432.083825 215.000000 3.000000 23.000000
 4575500.000000 34.534022 -0.069496 1.665308 0.003729 78438.852942 215.000000 3.000000 9.000000
 4576000.000000 36.394466 -0.090515 1.665171 0.003729 78445.555601 215.000000 3.000000 5.000000
 4576500.000000 41.033467 -0.094289 1.665031 0.003729 78452.161870 215.000000 3.000000 13.000000
 4577000.000000 53.110066 -0.258395 1.664889 0.003729 78458.720924 215.000000 4.000000 4.000000
 4577500.000000 47.539541 -0.215347 1.664742 0.003729 78465.034738 215.000000 3.000000 16.000000
 4578000.000000 45.009093 -0.126757 1.664598 0.003729 78471.523102 215.000000 3.000000 10.000000
 4578500.000000 48.446778 -0.226767 1.664459 0.003729 78478.151303 215.000000 3.000000 9.000000
 4579000.000000 49.341740 -0.252070 1.664318 0.003729 78484.711498 215.000000 3.000000 3.000000
 4579500.000000 44.799696 -0.109035 1.664175 0.003729 78491.204576 215.000000 4.000000 22.000000
 4580000.000000 43.715920 -0.147111 1.664036 0.003729 78497.845696 215.000000 3.000000 40.000000
 4580500.000000 33.440084 -0.066072 1.663898 0.003728 78504.521727 215.000000 3.000000 30.000000
 4581000.000000 41.562473 -0.053770 1.663762 0.003728 78511.256951 215.000000 3.000000 98.000000
 4581500.000000 31.351301 -0.030483 1.663625 0.003728 78517.990414 215.000000 3.000000 11.000000
 4582000.000000 29.847188 -0.000230 1.663490 0.003728 78524.748229 215.000000 3.000000 38.000000
 4582500.000000 35.655829 -0.070670 1.663355 0.003728 78531.522823 215.000000 3.000000 12.000000
 4583000.000000 32.484211 -0.050765 1.663220 0.003728 78538.311277 215.000000 3.000000 46.000000
 4583500.000000 28.345164 -0.035855 1.663086 0.003728 78545.132168 215.000000 3.000000 43.000000
 4584000.000000 18.549886 0.071846 1.662952 0.003728 78551.941086 215.000000 4.000000 19.000000
 4584500.000000 17.916493 0.073145 1.662820 0.003728 78558.819374 215.000000 4.000000 27.000000
 4585000.000000 14.837727 0.016628 1.662689 0.003728 78565.755569 215.000000 3.000000 38.000000
 4585500.000000 9.785609 0.322380 1.662571 0.003728 78573.105331 215.000000 3.000000 34.000000
 4586000.000000 9.470072 0.284041 1.662457 0.003728 78580.581242 215.000000 3.000000 444.000000
 4586500.000000 6.993679 0.355970 1.662349 0.003728 78588.263825 215.000000 3.000000 111.000000
 4587000.000000 5.855786 0.487691 1.662252 0.003728 78596.243299 215.000000 3.000000 149.000000
 4587500.000000 8.223070 0.387080 1.662148 0.003728 78604.023223 215.000000 3.000000 101.000000
 4588000.000000 5.755169 0.493726 1.662051 0.003728 78612.001788 215.000000 3.000000 76.000000
 4588500.000000 2.378415 0.864913 1.661963 0.003728 78620.237819 215.000000 4.000000 350.000000
 4589000.000000 1.887051 0.921478 1.661897 0.003727 78628.869680 215.000000 4.000000 1796.000000
 4589500.000000 3.414064 0.666407 1.661814 0.003726 78637.240067 215.000000 3.000000 91.000000
 4590000.000000 1.408530 1.568906 1.661745 0.003726 78645.904244 215.000000 4.000000 802.000000
 4590500.000000 2.154652 0.905285 1.661696 0.003724 78654.864580 215.000000 4.000000 55.000000
 4591000.000000 2.051771 0.916867 1.661613 0.003723 78663.211455 215.000000 4.000000 106.000000
 4591500.000000 3.171842 0.684136 1.661583 0.003722 78672.332838 215.000000 4.000000 82.000000
 4592000.000000 8.822468 0.332554 1.661493 0.003721 78680.498609 215.000000 3.000000 22.000000
 4592500.000000 11.730638 0.216303 1.661372 0.003721 78687.739576 215.000000 3.000000 18.000000
 4593000.000000 18.935696 0.111987 1.661243 0.003721 78694.727061 215.000000 4.000000 52.000000
 4593500.000000 36.218039 -0.069710 1.661108 0.003721 78701.493122 215.000000 3.000000 9.000000
 4594000.000000 31.005930 -0.027424 1.660974 0.003721 78708.275887 215.000000 3.000000 15.000000
 4594500.000000 41.084808 -0.079462 1.660837 0.003721 78714.977888 215.000000 3.000000 16.000000
 4595000.000000 29.848025 0.009246 1.660699 0.003721 78721.629604 215.000000 4.000000 4.000000
 4595500.000000 30.943742 -0.027343 1.660565 0.003721 78728.427553 215.000000 4.000000 3.000000
 4596000.000000 23.135069 -0.067459 1.660430 0.003721 78735.201270 215.000000 3.000000 74.000000
 4596500.000000 25.801812 0.010161 1.660298 0.003721 78742.058167 215.000000 4.000000 7.000000
 4597000.000000 23.403817 -0.115687 1.660164 0.003721 78748.878588 215.000000 4.000000 42.000000
 4597500.000000 21.285840 -0.000881 1.660031 0.003721 78755.717326 215.000000 4.000000 25.000000
 4598000.000000 19.978220 -0.026223 1.659899 0.003721 78762.579765 215.000000 4.000000 16.000000
 4598500.000000 13.856719 0.152699 1.659772 0.003721 78769.628734 215.000000 4.000000 9.000000
 4599000.000000 17.189973 0.094592 1.659651 0.003721 78776.877084 215.000000 3.000000 50.000000
 4599500.000000 7.726197 0.381267 1.659524 0.003721 78783.910584 215.000000 3.000000 108.000000
 4600000.000000 16.798277 0.040274 1.659400 0.003721 78791.032572 215.000000 4.000000 11.000000
 4600500.000000 19.620820 0.071202 1.659270 0.003720 78797.983312 215.000000 4.000000 28.000000
 4601000.000000 13.968567 0.159444 1.659144 0.003720 78805.031462 215.000000 4.000000 38.000000
 4601500.000000 13.827289 0.165406 1.659019 0.003720 78812.167873 215.000000 4.000000 7.000000
 4602000.000000 16.582686 0.023291 1.658892 0.003720 78819.205709 215.000000 4.000000 33.000000
 4602500.000000 15.801023 0.155032 1.658768 0.003720 78826.336367 215.000000 4.000000 21.000000
 4603000.000000 19.031178 0.131142 1.658641 0.003720 78833.377997 215.000000 4.000000 46.000000
 4603500.000000 23.687300 -0.059998 1.658509 0.003720 78840.239433 215.000000 4.000000 10.000000
 4604000.000000 16.086615 0.134175 1.658381 0.003720 78847.224843 215.000000 3.000000 18.000000
 4604500.000000 22.724032 0.016310 1.658254 0.003720 78854.267534 215.000000 4.000000 12.000000
 4605000.000000 10.983821 0.223908 1.658128 0.003720 78861.339037 215.000000 3.000000 31.000000
 4605500.000000 17.000686 0.088450 1.658005 0.003720 78868.512224 215.000000 4.000000 12.000000
 4606000.000000 15.626096 0.165043 1.657881 0.003720 78875.631552 215.000000 4.000000 19.000000
 4606500.000000 19.238388 0.130858 1.657753 0.003720 78882.651160 215.000000 3.000000 16.000000
 4607000.000000 25.667436 0.008930 1.657622 0.003720 78889.534942 215.000000 4.000000 19.000000
 4607500.000000 25.519395 -0.000396 1.657490 0.003720 78896.385877 215.000000 4.000000 33.000000
 4608000.000000 19.334306 0.125378 1.657360 0.003720 78903.305564 215.000000 4.000000 17.000000
 4608500.000000 20.556783 0.058663 1.657233 0.003720 78910.352547 215.000000 4.000000 37.000000
 4609000.000000 10.822630 0.262711 1.657106 0.003720 78917.389273 215.000000 3.000000 48.000000
 4609500.000000 16.981350 0.093287 1.656985 0.003720 78924.600005 215.000000 4.000000 22.000000
 4610000.000000 13.483248 0.172323 1.656863 0.003720 78931.817876 215.000000 4.000000 78.000000
 4610500.000000 10.717177 0.286240 1.656743 0.003720 78939.083326 215.000000 3.000000 107.000000
 4611000.000000 4.647568 0.561756 1.656637 0.003720 78946.782878 215.000000 3.000000 445.000000
 4611500.000000 10.623776 0.302331 1.656530 0.003720 78954.440382 215.000000 3.000000 89.000000
 4612000.000000 7.295035 0.385058 1.656421 0.003719 78962.058955 215.000000 3.000000 26.000000
 4612500.000000 9.572648 0.312742 1.656310 0.003719 78969.613996 215.000000 3.000000 23.000000
 4613000.000000 9.380278 0.281937 1.656194 0.003719 78977.006978 215.000000 3.000000 108.000000
 4613500.000000 1.901077 0.927135 1.656125 0.003718 78985.548138 215.000000 3.000000 705.000000
 4614000.000000 3.101292 0.687479 1.656071 0.003717 78994.462366 215.000000 3.000000 79.000000
 4614500.000000 2.863546 0.754164 1.656002 0.003716 79003.007635 215.000000 4.000000 156.000000
 4615000.000000 5.734399 0.499759 1.655909 0.003716 79011.080581 215.000000 3.000000 24.000000
 4615500.000000 1.476588 1.415261 1.655826 0.003716 79019.376986 215.000000 4.000000 100.000000
 4616000.000000 1.459950 1.457443 1.655811 0.003715 79028.699871 215.000000 3.000000 389.000000
 4616500.000000 1.018697 2.066258 1.655846 0.003717 79038.539781 215.000000 3.000000 287.000000
 4617000.000000 0.786188 2.226727 1.655897 0.003718 79048.337410 215.000000 3.000000 199.000000
 4617500.000000 1.049136 2.039848 1.655959 0.003720 79058.106899 215.000000 4.000000 177.000000
 4618000.000000 1.917818 0.934160 1.655964 0.003720 79067.693996 215.000000 4.000000 59.000000
 4618500.000000 2.151849 0.916071 1.655925 0.003719 79076.691880 215.000000 4.000000 288.000000
 4619000.000000 0.957476 2.114995 1.655885 0.003719 79085.626083 215.000000 4.000000 51.000000
 4619500.000000 1.254021 1.818544 1.655897 0.003719 79095.357468 215.000000 3.000000 972.000000
 4620000.000000 1.269724 1.797313 1.655938 0.003721 79105.282744 215.000000 3.000000 360.000000
 4620500.000000 1.228485 1.851664 1.655990 0.003722 79115.080574 215.000000 3.000000 273.000000
 4621000.000000 1.178482 1.911161 1.656024 0.003723 79124.914563 215.000000 4.000000 109.000000
 4621500.000000 1.209352 1.875595 1.655983 0.003721 79134.024742 215.000000 4.000000 45.000000
 4622000.000000 0.859973 2.182614 1.655969 0.003722 79143.275502 215.000000 3.000000 615.000000
 4622500.000000 0.395140 2.379853 1.656050 0.003723 79153.122675 215.000000 3.000000 2460.000000
 4623000.000000 0.645444 2.296094 1.656122 0.003725 79163.018458 215.000000 3.000000 26.000000
 4623500.000000 1.540565 1.230238 1.656105 0.003724 79172.370070 215.000000 3.000000 957.000000
 4624000.000000 1.558334 1.164380 1.656074 0.003723 79181.548740 215.000000 4.000000 43.000000
 4624500.000000 3.551206 0.682147 1.655987 0.003723 79189.790918 215.000000 3.000000 81.000000
 4625000.000000 4.084400 0.654185 1.655897 0.003723 79197.924145 215.000000 3.000000 370.000000
 4625500.000000 3.867547 0.674566 1.655803 0.003722 79205.969627 215.000000 4.000000 101.000000
 4626000.000000 3.704263 0.683593 1.655704 0.003722 79213.880911 215.000000 3.000000 235.000000
 4626500.000000 6.116243 0.490312 1.655606 0.003722 79221.817214 215.000000 3.000000 8.000000
 4627000.000000 9.843673 0.342376 1.655501 0.003722 79229.522747 215.000000 3.000000 93.000000
 4627500.000000 6.917179 0.389001 1.655389 0.003722 79237.033941 215.000000 3.000000 213.000000
 4628000.000000 10.244966 0.345095 1.655285 0.003722 79244.803589 215.000000 3.000000 35.000000
 4628500.000000 2.889689 0.754333 1.655205 0.003722 79253.140661 215.000000 4.000000 88.000000
 4629000.000000 4.574874 0.588723 1.655120 0.003722 79261.425616 215.000000 3.000000 100.000000
 4629500.000000 2.850425 0.770975 1.655034 0.003722 79269.681592 215.000000 4.000000 78.000000
 4630000.000000 3.005662 0.715378 1.654947 0.003721 79277.922577 215.000000 4.000000 161.000000
 4630500.000000 4.569125 0.593471 1.654896 0.003722 79286.730707 215.000000 3.000000 220.000000
 4631000.000000 7.719234 0.396485 1.654795 0.003722 79294.591182 215.000000 3.000000 258.000000
 4631500.000000 10.937692 0.252760 1.654683 0.003722 79302.080104 215.000000 4.000000 7.000000
 4632000.000000 7.056328 0.379222 1.654582 0.003721 79309.923028 215.000000 3.000000 91.000000
 4632500.000000 9.819048 0.349329 1.654472 0.003721 79317.501444 215.000000 3.000000 81.000000
 4633000.000000 5.470570 0.521004 1.654373 0.003721 79325.409391 215.000000 3.000000 166.000000
 4633500.000000 5.332561 0.538023 1.654274 0.003721 79333.296634 215.000000 3.000000 87.000000
 4634000.000000 1.826228 0.951410 1.654187 0.003721 79341.529136 215.000000 3.000000 620.000000
 4634500.000000 5.064104 0.541924 1.654094 0.003720 79349.562556 215.000000 3.000000 61.000000
 4635000.000000 7.285832 0.407382 1.653985 0.003720 79357.182040 215.000000 3.000000 361.000000
 4635500.000000 5.481759 0.525284 1.653887 0.003720 79365.091309 215.000000 3.000000 36.000000
 4636000.000000 1.851448 0.951572 1.653794 0.003720 79373.163595 215.000000 4.000000 727.000000
 4636500.000000 4.159009 0.665065 1.653752 0.003719 79382.234152 215.000000 3.000000 429.000000
 4637000.000000 6.481929 0.474979 1.653659 0.003719 79390.302474 215.000000 3.000000 15.000000
 4637500.000000 5.072240 0.549779 1.653554 0.003718 79398.012551 215.000000 3.000000 121.000000
 4638000.000000 3.419724 0.697145 1.653465 0.003718 79406.208442 215.000000 4.000000 308.000000
 4638500.000000 4.561748 0.612922 1.653374 0.003718 79414.329093 215.000000 3.000000 191.000000
 4639000.000000 2.202335 0.927119 1.653298 0.003717 79422.834161 215.000000 4.000000 104.000000
 4639500.000000 3.230005 0.710051 1.653233 0.003717 79431.523161 215.000000 4.000000 250.000000
 4640000.000000 1.228268 1.852784 1.653235 0.003718 79440.962922 215.000000 3.000000 574.000000
 4640500.000000 2.313208 0.914613 1.653185 0.003717 79449.857871 215.000000 4.000000 79.000000
 4641000.000000 5.038526 0.550365 1.653103 0.003717 79458.072136 215.000000 3.000000 1040.000000
 4641500.000000 5.494117 0.532425 1.653013 0.003717 79466.244304 215.000000 3.000000 15.000000
 4642000.000000 4.918780 0.541027 1.652925 0.003717 79474.431237 215.000000 3.000000 260.000000
 4642500.000000 1.160145 1.931886 1.652850 0.003717 79482.822932 215.000000 4.000000 215.000000
 4643000.000000 2.338798 0.913471 1.652807 0.003716 79491.852736 215.000000 4.000000 24.000000
 4643500.000000 2.497867 0.884673 1.652728 0.003716 79500.292754 215.000000 3.000000 109.000000
 4644000.000000 1.782648 0.961729 1.652672 0.003715 79509.108197 215.000000 4.000000 21.000000
 4644500.000000 0.590529 2.318120 1.652683 0.003715 79518.576169 215.000000 3.000000 1018.000000
 4645000.000000 1.496460 1.374067 1.652699 0.003715 79528.335338 215.000000 3.000000 3932.000000
 4645500.000000 4.961622 0.550483 1.652612 0.003714 79536.550253 215.000000 3.000000 271.000000
 4646000.000000 1.114034 1.980328 1.652538 0.003715 79544.967074 215.000000 3.000000 141.000000
 4646500.000000 4.582876 0.619239 1.652507 0.003715 79553.858390 215.000000 4.000000 39.000000
 4647000.000000 1.251026 1.824659 1.652434 0.003715 79562.336437 215.000000 4.000000 227.000000
 4647500.000000 5.901733 0.537282 1.652403 0.003715 79571.392859 215.000000 3.000000 134.000000
 4648000.000000 4.331509 0.662951 1.652322 0.003714 79579.751245 215.000000 3.000000 1394.000000
 4648500.000000 4.576034 0.625864 1.652236 0.003714 79588.017019 215.000000 3.000000 506.000000
 4649000.000000 3.792014 0.718182 1.652171 0.003713 79596.651736 215.000000 3.000000 296.000000
 4649500.000000 7.594368 0.402416 1.652079 0.003713 79604.748957 215.000000 3.000000 464.000000
 4650000.000000 1.539909 1.242565 1.652000 0.003713 79613.137616 215.000000 3.000000 3369.000000
 4650500.000000 0.612944 2.309059 1.652028 0.003714 79622.643887 215.000000 3.000000 2678.000000
 4651000.000000 0.346726 2.389478 1.652093 0.003714 79632.372485 215.000000 3.000000 383.000000
 4651500.000000 0.974739 2.102026 1.652141 0.003715 79642.220138 215.000000 3.000000 186.000000
 4652000.000000 2.259214 0.937294 1.652162 0.003716 79651.782024 215.000000 3.000000 70.000000
 4652500.000000 1.558259 1.177728 1.652090 0.003716 79660.289107 215.000000 3.000000 1237.000000
 4653000.000000 1.160203 1.933049 1.652134 0.003717 79670.217794 215.000000 3.000000 124.000000
 4653500.000000 0.363294 2.385556 1.652133 0.003717 79679.585399 215.000000 3.000000 65.000000
 4654000.000000 0.137274 2.416643 1.652212 0.003718 79689.417412 215.000000 3.000000 169.000000
 4654500.000000 1.215677 1.869983 1.652278 0.003718 79699.245109 215.000000 3.000000 207.000000
 4655000.000000 0.120030 2.417446 1.652364 0.003719 79709.046695 215.000000 3.000000 62.000000
 4655500.000000 0.000000 2.418501 1.652460 0.003719 79718.779068 215.000000 3.000000 62.000000
 4656000.000000 0.103423 2.418223 1.652556 0.003719 79728.506784 215.000000 3.000000 62.000000
 4656500.000000 0.171588 2.414105 1.652653 0.003719 79738.234994 215.000000 3.000000 62.000000
 4657000.000000 0.184219 2.412968 1.652745 0.003719 79748.003893 215.000000 3.000000 62.000000
 4657500.000000 0.545467 2.334120 1.652836 0.003720 79757.780837 215.000000 3.000000 100.000000
 4658000.000000 0.304759 2.396926 1.652926 0.003720 79767.567009 215.000000 3.000000 100.000000
 4658500.000000 0.000000 2.418536 1.653012 0.003720 79777.379727 215.000000 3.000000 172.000000
 4659000.000000 0.000000 2.418567 1.653108 0.003720 79787.107945 215.000000 3.000000 172.000000
 4659500.000000 0.072842 2.419140 1.653204 0.003720 79796.836125 215.000000 3.000000 172.000000
 4660000.000000 0.168143 2.414428 1.653296 0.003720 79806.602450 215.000000 3.000000 172.000000
 4660500.000000 0.321676 2.393942 1.653375 0.003720 79816.257877 215.000000 3.000000 172.000000
 4661000.000000 1.247521 1.830644 1.653413 0.003721 79826.050382 215.000000 3.000000 95.000000
 4661500.000000 0.185161 2.412808 1.653473 0.003722 79835.742999 215.000000 3.000000 863.000000
 4662000.000000 1.250514 1.826782 1.653544 0.003723 79845.623663 215.000000 3.000000 364.000000
 4662500.000000 1.508853 1.346269 1.653543 0.003722 79855.110213 215.000000 3.000000 181.000000
 4663000.000000 0.841222 2.193948 1.653563 0.003723 79864.613989 215.000000 3.000000 161.000000
 4663500.000000 0.000000 2.418136 1.653652 0.003724 79874.394891 215.000000 3.000000 726.000000
 4664000.000000 0.000000 2.418158 1.653747 0.003724 79884.136408 215.000000 3.000000 726.000000
 4664500.000000 0.000000 2.418188 1.653843 0.003724 79893.865300 215.000000 3.000000 726.000000
 4665000.000000 0.127310 2.416871 1.653938 0.003724 79903.600867 215.000000 3.000000 726.000000
 4665500.000000 0.000000 2.418243 1.654034 0.003724 79913.330322 215.000000 3.000000 726.000000
 4666000.000000 0.000000 2.418273 1.654130 0.003724 79923.059796 215.000000 3.000000 726.000000
 4666500.000000 0.000000 2.418303 1.654226 0.003724 79932.789316 215.000000 3.000000 726.000000
 4667000.000000 0.000000 2.418333 1.654322 0.003724 79942.518881 215.000000 3.000000 726.000000
 4667500.000000 0.000000 2.418363 1.654418 0.003724 79952.248493 215.000000 3.000000 726.000000
 4668000.000000 0.000000 2.418393 1.654514 0.003724 79961.978150 215.000000 3.000000 726.000000
 4668500.000000 0.000000 2.418423 1.654609 0.003724 79971.707852 215.000000 3.000000 726.000000
 4669000.000000 0.000000 2.418453 1.654705 0.003724 79981.437601 215.000000 3.000000 726.000000
 4669500.000000 0.000000 2.418483 1.654801 0.003724 79991.167395 215.000000 3.000000 726.000000
 4670000.000000 0.000000 2.418513 1.654897 0.003724 80000.897116 215.000000 3.000000 726.000000
 4670500.000000 0.000000 2.418542 1.654992 0.003724 80010.626538 215.000000 3.000000 726.000000
 4671000.000000 0.000000 2.418572 1.655088 0.003724 80020.356355 215.000000 3.000000 726.000000
 4671500.000000 0.000000 2.418602 1.655184 0.003724 80030.086334 215.000000 3.000000 726.000000
 4672000.000000 0.000000 2.418631 1.655280 0.003724 80039.816358 215.000000 3.000000 726.000000
 4672500.000000 0.000000 2.418661 1.655375 0.003724 80049.546427 215.000000 3.000000 726.000000
 4673000.000000 0.000000 2.418691 1.655471 0.003724 80059.276542 215.000000 3.000000 726.000000
 4673500.000000 0.000000 2.418721 1.655566 0.003724 80069.006703 215.000000 3.000000 726.000000
 4674000.000000 0.000000 2.418751 1.655662 0.003724 80078.736909 215.000000 3.000000 726.000000
 4674500.000000 0.000000 2.418781 1.655758 0.003724 80088.467161 215.000000 3.000000 726.000000
 4675000.000000 0.000000 2.418811 1.655853 0.003724 80098.197458 215.000000 3.000000 726.000000
 4675500.000000 0.000000 2.418840 1.655949 0.003724 80107.927682 215.000000 3.000000 726.000000
 4676000.000000 0.000000 2.418870 1.656044 0.003724 80117.658071 215.000000 3.000000 726.000000
 4676500.000000 0.000000 2.418900 1.656140 0.003724 80127.388505 215.000000 3.000000 726.000000
 4677000.000000 0.000000 2.418930 1.656235 0.003724 80137.118984 215.000000 3.000000 726.000000
 4677500.000000 0.000000 2.418960 1.656331 0.003724 80146.849509 215.000000 3.000000 726.000000
 4678000.000000 0.000000 2.418990 1.656426 0.003724 80156.580079 215.000000 3.000000 726.000000
 4678500.000000 0.000000 2.419019 1.656521 0.003724 80166.310695 215.000000 3.000000 726.000000
 4679000.000000 0.000000 2.419049 1.656617 0.003724 80176.041356 215.000000 3.000000 726.000000
 4679500.000000 0.000000 2.419079 1.656712 0.003724 80185.772062 215.000000 3.000000 726.000000
 4680000.000000 0.000000 2.419109 1.656808 0.003724 80195.502814 215.000000 3.000000 726.000000
 4680500.000000 0.000000 2.419139 1.656903 0.003724 80205.233611 215.000000 3.000000 726.000000
 4681000.000000 0.000000 2.419168 1.656998 0.003724 80214.964453 215.000000 3.000000 726.000000
 4681500.000000 0.000000 2.419198 1.657093 0.003724 80224.695341 215.000000 3.000000 726.000000
 4682000.000000 0.000000 2.419228 1.657189 0.003724 80234.426274 215.000000 3.000000 726.000000
 4682500.000000 0.000000 2.419258 1.657284 0.003724 80244.157253 215.000000 3.000000 726.000000
 4683000.000000 0.000000 2.419287 1.657379 0.003724 80253.888277 215.000000 3.000000 726.000000
 4683500.000000 0.000000 2.419317 1.657474 0.003724 80263.619346 215.000000 3.000000 726.000000
 4684000.000000 0.000000 2.419347 1.657570 0.003724 80273.350460 215.000000 3.000000 726.000000
 4684500.000000 0.000000 2.419377 1.657665 0.003724 80283.081620 215.000000 3.000000 726.000000
 4685000.000000 0.000000 2.419406 1.657760 0.003724 80292.812825 215.000000 3.000000 726.000000
 4685500.000000 0.000000 2.419436 1.657855 0.003724 80302.544075 215.000000 3.000000 726.000000
 4686000.000000 0.000000 2.419466 1.657950 0.003724 80312.275371 215.000000 3.000000 726.000000
 4686500.000000 0.000000 2.419495 1.658045 0.003724 80322.006711 215.000000 3.000000 726.000000
 4687000.000000 0.000000 2.419525 1.658140 0.003724 80331.738097 215.000000 3.000000 726.000000
 4687500.000000 0.000000 2.419554 1.658235 0.003724 80341.469601 215.000000 3.000000 726.000000
 4688000.000000 0.000000 2.419584 1.658331 0.003724 80351.200962 215.000000 3.000000 726.000000
 4688500.000000 0.000000 2.419613 1.658426 0.003724 80360.932484 215.000000 3.000000 726.000000
 4689000.000000 0.000000 2.419643 1.658521 0.003724 80370.664052 215.000000 3.000000 726.000000
 4689500.000000 0.000000 2.419673 1.658616 0.003724 80380.395665 215.000000 3.000000 726.000000
 4690000.000000 0.000000 2.419702 1.658710 0.003724 80390.127323 215.000000 3.000000 726.000000
 4690500.000000 0.000000 2.419732 1.658805 0.003724 80399.859026 215.000000 3.000000 726.000000
 4691000.000000 0.000000 2.419761 1.658900 0.003724 80409.591054 215.000000 3.000000 726.000000
 4691500.000000 0.000000 2.419790 1.658995 0.003724 80419.322742 215.000000 3.000000 726.000000
 4692000.000000 0.000000 2.419819 1.659090 0.003724 80429.054709 215.000000 3.000000 726.000000
 4692500.000000 0.000000 2.419849 1.659185 0.003724 80438.786594 215.000000 3.000000 726.000000
 4693000.000000 0.000000 2.419878 1.659280 0.003724 80448.518525 215.000000 3.000000 726.000000
 4693500.000000 0.000000 2.419908 1.659375 0.003724 80458.250501 215.000000 3.000000 726.000000
 4694000.000000 0.000000 2.419938 1.659469 0.003724 80467.982522 215.000000 3.000000 726.000000
 4694500.000000 0.000000 2.419967 1.659564 0.003724 80477.714475 215.000000 3.000000 726.000000
 4695000.000000 0.000000 2.419996 1.659659 0.003724 80487.446480 215.000000 3.000000 726.000000
 4695500.000000 0.000000 2.420025 1.659754 0.003724 80497.178522 215.000000 3.000000 726.000000
 4696000.000000 0.000000 2.420055 1.659848 0.003724 80506.910725 215.000000 3.000000 726.000000
 4696500.000000 0.000000 2.420085 1.659943 0.003724 80516.642972 215.000000 3.000000 726.000000
 4697000.000000 0.000000 2.420114 1.660038 0.003724 80526.375264 215.000000 3.000000 726.000000
 4697500.000000 0.000000 2.420144 1.660133 0.003724 80536.107601 215.000000 3.000000 726.000000
 4698000.000000 0.000000 2.420173 1.660227 0.003724 80545.839755 215.000000 3.000000 726.000000
 4698500.000000 0.000000 2.420202 1.660322 0.003724 80555.572183 215.000000 3.000000 726.000000
 4699000.000000 0.000000 2.420232 1.660416 0.003724 80565.304656 215.000000 3.000000 726.000000
 4699500.000000 0.000000 2.420261 1.660511 0.003724 80575.037173 215.000000 3.000000 726.000000
 4700000.000000 0.000000 2.420290 1.660606 0.003724 80584.769736 215.000000 3.000000 726.000000
 4700500.000000 0.000000 2.420320 1.660700 0.003724 80594.502343 215.000000 3.000000 726.000000
 4701000.000000 0.000000 2.420349 1.660795 0.003724 80604.234996 215.000000 3.000000 726.000000
 4701500.000000 0.000000 2.420379 1.660889 0.003724 80613.967693 215.000000 3.000000 726.000000
 4702000.000000 0.000000 2.420408 1.660984 0.003724 80623.700435 215.000000 3.000000 726.000000
 4702500.000000 0.000000 2.420438 1.661078 0.003724 80633.433222 215.000000 3.000000 726.000000
 4703000.000000 0.000000 2.420467 1.661173 0.003724 80643.166054 215.000000 3.000000 726.000000
 4703500.000000 0.000000 2.420496 1.661267 0.003724 80652.898930 215.000000 3.000000 726.000000
 4704000.000000 0.000000 2.420526 1.661361 0.003724 80662.631852 215.000000 3.000000 726.000000
 4704500.000000 0.000000 2.420555 1.661456 0.003724 80672.364818 215.000000 3.000000 726.000000
 4705000.000000 0.000000 2.420585 1.661550 0.003724 80682.097829 215.000000 3.000000 726.000000
 4705500.000000 0.000000 2.420614 1.661645 0.003724 80691.830885 215.000000 3.000000 726.000000
 4706000.000000 0.000000 2.420643 1.661739 0.003725 80701.563986 215.000000 3.000000 726.000000
 4706500.000000 0.000000 2.420672 1.661833 0.003725 80711.297046 215.000000 3.000000 726.000000
 4707000.000000 0.000000 2.420701 1.661927 0.003725 80721.030384 215.000000 3.000000 726.000000
 4707500.000000 0.184928 2.415095 1.662022 0.003725 80730.764471 215.000000 3.000000 726.000000
 4708000.000000 0.000000 2.420755 1.662115 0.003725 80740.504990 215.000000 3.000000 726.000000
 4708500.000000 0.000000 2.420784 1.662209 0.003725 80750.238210 215.000000 3.000000 726.000000
 4709000.000000 0.000000 2.420813 1.662304 0.003725 80759.971587 215.000000 3.000000 726.000000
 4709500.000000 0.000000 2.420842 1.662398 0.003725 80769.705009 215.000000 3.000000 726.000000
 4710000.000000 0.000000 2.420872 1.662492 0.003725 80779.438476 215.000000 3.000000 726.000000
 4710500.000000 0.000000 2.420901 1.662586 0.003725 80789.171895 215.000000 3.000000 726.000000
 4711000.000000 0.000000 2.420930 1.662680 0.003725 80798.905346 215.000000 3.000000 726.000000
 4711500.000000 0.047344 2.421713 1.662775 0.003725 80808.638797 215.000000 3.000000 726.000000
 4712000.000000 0.108651 2.420471 1.662853 0.003725 80818.358580 215.000000 3.000000 505.000000
 4712500.000000 0.118170 2.420027 1.662945 0.003725 80828.110263 215.000000 3.000000 505.000000
 4713000.000000 0.000000 2.420989 1.663038 0.003725 80837.853480 215.000000 3.000000 505.000000
 4713500.000000 0.000000 2.421016 1.663132 0.003725 80847.587962 215.000000 3.000000 505.000000
 4714000.000000 0.060130 2.421675 1.663202 0.003725 80857.294521 215.000000 3.000000 1176.000000
 4714500.000000 0.051761 2.421745 1.663295 0.003726 80867.041389 215.000000 3.000000 1176.000000
 4715000.000000 0.095164 2.421008 1.663388 0.003726 80876.775361 215.000000 3.000000 1176.000000
 4715500.000000 0.062473 2.421727 1.663482 0.003726 80886.515168 215.000000 3.000000 1176.000000
 4716000.000000 0.081983 2.421427 1.663576 0.003726 80896.249097 215.000000 3.000000 1176.000000
 4716500.000000 0.425205 2.373316 1.663578 0.003725 80905.558809 215.000000 3.000000 145.000000
 4717000.000000 3.463620 0.716987 1.663510 0.003724 80914.235491 215.000000 4.000000 100.000000
 4717500.000000 3.099659 0.729085 1.663444 0.003724 80922.867288 215.000000 3.000000 57.000000
 4718000.000000 0.732174 2.257171 1.663446 0.003725 80932.220301 215.000000 3.000000 3179.000000
 4718500.000000 0.535385 2.340037 1.663520 0.003726 80942.108486 215.000000 3.000000 378.000000
 4719000.000000 1.538024 1.255346 1.663541 0.003727 80951.856074 215.000000 3.000000 92.000000
 4719500.000000 1.064561 2.029893 1.663532 0.003727 80961.288590 215.000000 4.000000 96.000000
 4720000.000000 1.482424 1.419061 1.663560 0.003727 80970.876539 215.000000 4.000000 380.000000
 4720500.000000 0.863707 2.182309 1.663571 0.003727 80980.256832 215.000000 3.000000 2918.000000
 4721000.000000 0.644132 2.298084 1.663638 0.003728 80990.145128 215.000000 3.000000 2918.000000
 4721500.000000 0.663670 2.289425 1.663711 0.003729 81000.040370 215.000000 3.000000 195.000000
 4722000.000000 1.867692 0.979329 1.663669 0.003728 81009.100382 215.000000 4.000000 195.000000
 4722500.000000 3.727544 0.720798 1.663596 0.003728 81017.622371 215.000000 4.000000 189.000000
 4723000.000000 2.096436 0.964563 1.663515 0.003728 81025.958910 215.000000 4.000000 73.000000
 4723500.000000 1.380327 1.635385 1.663481 0.003728 81035.080543 215.000000 3.000000 324.000000
 4724000.000000 5.274344 0.565458 1.663445 0.003727 81044.154708 215.000000 3.000000 212.000000
 4724500.000000 1.261314 1.815683 1.663425 0.003728 81053.355096 215.000000 3.000000 2691.000000
 4725000.000000 2.280589 0.942811 1.663471 0.003729 81063.144491 215.000000 4.000000 13104.000000
 4725500.000000 3.172459 0.734922 1.663394 0.003729 81071.609958 215.000000 4.000000 180.000000
 4726000.000000 3.584005 0.729102 1.663307 0.003728 81079.785101 215.000000 3.000000 35.000000
 4726500.000000 5.241941 0.569757 1.663211 0.003728 81087.724370 215.000000 3.000000 149.000000
 4727000.000000 7.060660 0.391591 1.663113 0.003728 81095.608937 215.000000 3.000000 97.000000
 4727500.000000 3.006661 0.747667 1.663023 0.003728 81103.703910 215.000000 4.000000 329.000000
 4728000.000000 2.281478 0.945368 1.662952 0.003728 81112.226049 215.000000 4.000000 268.000000
 4728500.000000 2.513218 0.902489 1.662901 0.003727 81121.193843 215.000000 4.000000 146.000000
 4729000.000000 1.232545 1.853117 1.662836 0.003726 81129.832127 215.000000 3.000000 932.000000
 4729500.000000 1.027879 2.062287 1.662872 0.003727 81139.677187 215.000000 3.000000 105.000000
 4730000.000000 0.930369 2.137685 1.662869 0.003727 81149.194133 215.000000 3.000000 926.000000
 4730500.000000 0.694518 2.275204 1.662920 0.003728 81158.992808 215.000000 3.000000 874.000000
 4731000.000000 0.617391 2.308877 1.662974 0.003729 81168.771982 215.000000 3.000000 1547.000000
 4731500.000000 0.000000 2.419658 1.663060 0.003729 81178.569644 215.000000 3.000000 1547.000000
 4732000.000000 0.142233 2.417575 1.663153 0.003729 81188.308869 215.000000 3.000000 1547.000000
 4732500.000000 0.000000 2.419710 1.663247 0.003729 81198.043504 215.000000 3.000000 1547.000000
 4733000.000000 0.082095 2.420185 1.663340 0.003729 81207.777863 215.000000 3.000000 1547.000000
 4733500.000000 0.046142 2.420572 1.663433 0.003729 81217.519182 215.000000 3.000000 1547.000000
 4734000.000000 0.000000 2.419777 1.663521 0.003729 81227.302123 215.000000 3.000000 1547.000000
 4734500.000000 0.887179 2.167304 1.663602 0.003730 81237.131927 215.000000 3.000000 1547.000000
 4735000.000000 1.201984 1.890598 1.663669 0.003730 81246.942163 215.000000 3.000000 800.000000
 4735500.000000 2.513920 0.904119 1.663655 0.003730 81256.276727 215.000000 3.000000 116.000000
 4736000.000000 0.935452 2.134346 1.663653 0.003730 81265.683625 215.000000 3.000000 1472.000000
 4736500.000000 0.667461 2.287725 1.663695 0.003730 81275.482274 215.000000 3.000000 111.000000
 4737000.000000 1.226584 1.861571 1.663738 0.003732 81285.229402 215.000000 3.000000 520.000000
 4737500.000000 0.940524 2.130442 1.663785 0.003734 81295.196246 215.000000 3.000000 88.000000
 4738000.000000 1.579368 1.112692 1.663720 0.003733 81303.899843 215.000000 3.000000 181.000000
 4738500.000000 0.103548 2.419006 1.663803 0.003733 81313.708944 215.000000 3.000000 504.000000
 4739000.000000 0.388152 2.381192 1.663895 0.003733 81323.450500 215.000000 3.000000 504.000000
 4739500.000000 0.120416 2.418322 1.663976 0.003734 81333.276405 215.000000 3.000000 504.000000
 4740000.000000 0.603523 2.314246 1.664041 0.003734 81343.097039 215.000000 3.000000 236.000000
 4740500.000000 0.000000 2.419082 1.664101 0.003734 81352.692388 215.000000 3.000000 1412.000000
 4741000.000000 0.665241 2.288455 1.664187 0.003735 81362.495999 215.000000 3.000000 1412.000000
 4741500.000000 2.823707 0.819092 1.664120 0.003734 81371.211144 215.000000 4.000000 20.000000
 4742000.000000 1.160991 1.937164 1.664108 0.003735 81380.406635 215.000000 3.000000 9875.000000
 4742500.000000 1.492096 1.404407 1.664137 0.003736 81390.269101 215.000000 4.000000 19657.000000
 4743000.000000 1.766352 1.000878 1.664139 0.003735 81399.820944 215.000000 3.000000 622.000000
 4743500.000000 0.656375 2.292264 1.664171 0.003736 81409.611021 215.000000 3.000000 383.000000
 4744000.000000 3.603133 0.732530 1.664141 0.003736 81418.665074 215.000000 4.000000 97.000000
 4744500.000000 6.602126 0.464779 1.664056 0.003736 81426.883805 215.000000 3.000000 27.000000
 4745000.000000 6.365191 0.499688 1.663968 0.003736 81435.065461 215.000000 3.000000 584.000000
 4745500.000000 5.381917 0.564550 1.663925 0.003736 81443.859211 215.000000 3.000000 75.000000
 4746000.000000 2.623134 0.883575 1.663838 0.003736 81452.049535 215.000000 4.000000 332.000000
 4746500.000000 5.947166 0.544998 1.663751 0.003736 81460.239926 215.000000 3.000000 41.000000
 4747000.000000 8.254465 0.404743 1.663648 0.003736 81467.938872 215.000000 3.000000 50.000000
 4747500.000000 6.472644 0.491327 1.663559 0.003736 81476.084021 215.000000 3.000000 16.000000
 4748000.000000 2.484203 0.919310 1.663476 0.003735 81484.346435 215.000000 4.000000 189.000000
 4748500.000000 6.485164 0.491402 1.663400 0.003735 81492.821523 215.000000 3.000000 102.000000
 4749000.000000 6.297898 0.518696 1.663306 0.003735 81500.793040 215.000000 3.000000 245.000000
 4749500.000000 6.642601 0.469793 1.663209 0.003735 81508.681488 215.000000 3.000000 13.000000
 4750000.000000 3.665775 0.738658 1.663113 0.003735 81516.615935 215.000000 3.000000 217.000000
 4750500.000000 1.313349 1.747370 1.663070 0.003733 81525.745635 215.000000 3.000000 827.000000
 4751000.000000 1.703786 1.006500 1.663072 0.003734 81535.313091 215.000000 3.000000 2296.000000
 4751500.000000 5.440009 0.571890 1.663062 0.003734 81544.597525 215.000000 3.000000 176.000000
 4752000.000000 1.994011 0.998962 1.662992 0.003733 81553.148145 215.000000 4.000000 1369.000000
 4752500.000000 1.876997 1.007428 1.662974 0.003732 81562.572026 215.000000 4.000000 100.000000
 4753000.000000 1.070278 2.026794 1.663009 0.003733 81572.335169 215.000000 3.000000 111.000000
 4753500.000000 5.026328 0.583902 1.662978 0.003734 81581.387144 215.000000 4.000000 101.000000
 4754000.000000 1.900202 1.008688 1.662920 0.003733 81590.159408 215.000000 4.000000 100.000000
 4754500.000000 2.068981 0.996919 1.662881 0.003731 81599.173440 215.000000 4.000000 500.000000
 4755000.000000 2.182524 0.983543 1.662814 0.003731 81607.672739 215.000000 3.000000 40.000000
 4755500.000000 4.487961 0.660781 1.662730 0.003731 81615.933239 215.000000 3.000000 57.000000
 4756000.000000 4.235877 0.699775 1.662641 0.003731 81624.057130 215.000000 3.000000 276.000000
 4756500.000000 1.282063 1.792545 1.662595 0.003731 81632.888043 215.000000 4.000000 169.000000
 4757000.000000 1.756570 1.015909 1.662572 0.003730 81642.172280 215.000000 4.000000 268.000000
 4757500.000000 3.394480 0.741936 1.662505 0.003730 81650.692653 215.000000 4.000000 87.000000
 4758000.000000 1.462597 1.482396 1.662438 0.003729 81659.341864 215.000000 4.000000 289.000000
 4758500.000000 13.782098 0.172667 1.662341 0.003729 81667.219407 215.000000 4.000000 34.000000
 4759000.000000 29.250076 0.016249 1.662215 0.003729 81674.161244 215.000000 4.000000 5.000000
 4759500.000000 22.158732 0.009609 1.662088 0.003729 81681.056904 215.000000 4.000000 9.000000
 4760000.000000 25.340537 -0.035652 1.661964 0.003729 81688.055509 215.000000 3.000000 6.000000
 4760500.000000 21.937692 -0.017928 1.661839 0.003729 81695.034544 215.000000 4.000000 12.000000
 4761000.000000 37.435274 -0.094057 1.661709 0.003729 81701.820163 215.000000 3.000000 37.000000
 4761500.000000 37.222009 -0.058835 1.661578 0.003729 81708.558933 215.000000 3.000000 45.000000
 4762000.000000 34.095584 -0.067875 1.661447 0.003729 81715.282608 215.000000 3.000000 11.000000
 4762500.000000 25.870166 0.017961 1.661318 0.003729 81722.117732 215.000000 4.000000 25.000000
 4763000.000000 37.866025 -0.086961 1.661187 0.003729 81728.859009 215.000000 3.000000 7.000000
 4763500.000000 34.082405 -0.062691 1.661056 0.003729 81735.602272 215.000000 3.000000 24.000000
 4764000.000000 37.487450 -0.091167 1.660924 0.003729 81742.307095 215.000000 3.000000 11.000000
 4764500.000000 53.290145 -0.277903 1.660786 0.003729 81748.799099 215.000000 3.000000 1.000000
 4765000.000000 51.666976 -0.342030 1.660645 0.003729 81755.136617 215.000000 3.000000 14.000000
 4765500.000000 48.912711 -0.239710 1.660502 0.003729 81761.410371 215.000000 3.000000 5.000000
 4766000.000000 42.499426 -0.070910 1.660366 0.003729 81767.972928 215.000000 3.000000 4.000000
 4766500.000000 49.427452 -0.261771 1.660231 0.003729 81774.570102 215.000000 3.000000 14.000000
 4767000.000000 41.023378 -0.089428 1.660099 0.003729 81781.247625 215.000000 3.000000 42.000000
 4767500.000000 31.015326 -0.028525 1.659968 0.003729 81787.992519 215.000000 3.000000 7.000000
 4768000.000000 27.184412 -0.026425 1.659839 0.003729 81794.806147 215.000000 3.000000 18.000000
 4768500.000000 51.140684 -0.257041 1.659706 0.003728 81801.486353 215.000000 3.000000 10.000000
 4769000.000000 41.226741 -0.096784 1.659573 0.003728 81808.126978 215.000000 3.000000 35.000000
 4769500.000000 46.400317 -0.140750 1.659440 0.003728 81814.806567 215.000000 3.000000 3.000000
 4770000.000000 36.365850 -0.060340 1.659310 0.003728 81821.551807 215.000000 3.000000 3.000000
 4770500.000000 45.891166 -0.195512 1.659176 0.003728 81828.173203 215.000000 3.000000 11.000000
 4771000.000000 36.474994 -0.062041 1.659045 0.003728 81834.913365 215.000000 3.000000 55.000000
 4771500.000000 35.571534 -0.053005 1.658916 0.003728 81841.719209 215.000000 3.000000 4.000000
 4772000.000000 26.400253 -0.007278 1.658788 0.003728 81848.582661 215.000000 4.000000 14.000000
 4772500.000000 9.773559 0.338253 1.658672 0.003728 81855.835580 215.000000 3.000000 24.000000
 4773000.000000 5.540356 0.571802 1.658570 0.003728 81863.545019 215.000000 3.000000 182.000000
 4773500.000000 5.882431 0.568402 1.658481 0.003728 81871.658339 215.000000 3.000000 71.000000
 4774000.000000 3.126719 0.758050 1.658386 0.003728 81879.597751 215.000000 3.000000 182.000000
 4774500.000000 8.266381 0.411136 1.658288 0.003728 81887.447870 215.000000 3.000000 209.000000
 4775000.000000 13.038068 0.130237 1.658181 0.003728 81895.027314 215.000000 3.000000 28.000000
 4775500.000000 7.109756 0.418687 1.658074 0.003728 81902.564038 215.000000 3.000000 89.000000
 4776000.000000 4.586581 0.653657 1.657979 0.003728 81910.522125 215.000000 3.000000 26.000000
 4776500.000000 5.392734 0.593200 1.657884 0.003728 81918.447733 215.000000 3.000000 149.000000
 4777000.000000 4.735162 0.626744 1.657793 0.003728 81926.506893 215.000000 3.000000 235.000000
 4777500.000000 10.424453 0.338925 1.657685 0.003727 81934.009599 215.000000 4.000000 15.000000
 4778000.000000 4.085285 0.726468 1.657593 0.003727 81942.052422 215.000000 3.000000 39.000000
 4778500.000000 3.994718 0.736259 1.657508 0.003727 81950.272863 215.000000 3.000000 436.000000
 4779000.000000 1.898784 1.012303 1.657459 0.003727 81958.979053 215.000000 3.000000 844.000000
 4779500.000000 5.470433 0.589289 1.657373 0.003727 81967.167788 215.000000 3.000000 823.000000
 4780000.000000 13.288440 0.139894 1.657272 0.003727 81974.900572 215.000000 4.000000 56.000000
 4780500.000000 18.787646 0.125277 1.657154 0.003727 81982.123189 215.000000 4.000000 24.000000
 4781000.000000 23.350211 -0.106924 1.657030 0.003727 81989.073998 215.000000 4.000000 37.000000
 4781500.000000 21.483699 -0.008407 1.656903 0.003727 81995.948668 215.000000 3.000000 47.000000
 4782000.000000 22.479660 0.037777 1.656776 0.003727 82002.826673 215.000000 4.000000 49.000000
 4782500.000000 13.658080 0.177558 1.656652 0.003727 82009.826830 215.000000 4.000000 11.000000
 4783000.000000 12.860919 0.143090 1.656539 0.003727 82017.177051 215.000000 3.000000 43.000000
 4783500.000000 15.805755 0.164660 1.656423 0.003727 82024.418190 215.000000 4.000000 28.000000
 4784000.000000 11.978234 0.240979 1.656307 0.003727 82031.700230 215.000000 4.000000 67.000000
 4784500.000000 14.481061 0.123856 1.656187 0.003727 82038.805881 215.000000 4.000000 48.000000
 4785000.000000 9.453099 0.311184 1.656079 0.003727 82046.337220 215.000000 3.000000 67.000000
 4785500.000000 12.507703 0.209072 1.655979 0.003727 82054.099333 215.000000 3.000000 32.000000
 4786000.000000 13.472577 0.179796 1.655867 0.003727 82061.501380 215.000000 4.000000 31.000000
 4786500.000000 7.317705 0.439240 1.655761 0.003727 82069.078311 215.000000 3.000000 73.000000
 4787000.000000 24.446848 0.006253 1.655644 0.003727 82076.304962 215.000000 4.000000 26.000000
 4787500.000000 15.839740 0.169655 1.655520 0.003727 82083.269721 215.000000 4.000000 25.000000
 4788000.000000 28.249589 -0.008994 1.655395 0.003727 82090.213592 215.000000 3.000000 6.000000
 4788500.000000 24.100439 0.003763 1.655270 0.003727 82097.147634 215.000000 4.000000 36.000000
 4789000.000000 20.339073 0.048546 1.655144 0.003727 82104.046429 215.000000 4.000000 59.000000
 4789500.000000 23.722987 -0.040588 1.655017 0.003727 82110.907126 215.000000 3.000000 3.000000
 4790000.000000 18.581922 0.113614 1.654892 0.003727 82117.864513 215.000000 4.000000 18.000000
 4790500.000000 23.199446 -0.042701 1.654768 0.003726 82124.811070 215.000000 3.000000 29.000000
 4791000.000000 33.771380 -0.042927 1.654640 0.003726 82131.660452 215.000000 3.000000 13.000000
 4791500.000000 28.789468 -0.021849 1.654512 0.003726 82138.468603 215.000000 4.000000 66.000000
 4792000.000000 33.742732 -0.037093 1.654384 0.003726 82145.295368 215.000000 3.000000 24.000000
 4792500.000000 33.912901 -0.036395 1.654255 0.003726 82152.091374 215.000000 3.000000 4.000000
 4793000.000000 19.849882 0.051995 1.654128 0.003726 82158.955012 215.000000 4.000000 24.000000
 4793500.000000 19.099533 0.150861 1.654004 0.003726 82165.917643 215.000000 4.000000 20.000000
 4794000.000000 13.057653 0.159074 1.653889 0.003726 82173.178484 215.000000 4.000000 15.000000
 4794500.000000 9.153335 0.292424 1.653777 0.003726 82180.570073 215.000000 3.000000 39.000000
 4795000.000000 15.836072 0.172429 1.653671 0.003726 82188.164448 215.000000 4.000000 120.000000
 4795500.000000 13.394663 0.180665 1.653560 0.003726 82195.565196 215.000000 4.000000 33.000000
 4796000.000000 16.820881 0.066408 1.653442 0.003726 82202.741516 215.000000 4.000000 30.000000
 4796500.000000 15.627969 0.178090 1.653324 0.003726 82209.913643 215.000000 4.000000 64.000000
 4797000.000000 18.927232 0.153015 1.653206 0.003726 82217.109058 215.000000 3.000000 83.000000
 4797500.000000 19.317362 0.146939 1.653083 0.003726 82224.107114 215.000000 4.000000 54.000000
 4798000.000000 26.398878 0.008245 1.652958 0.003726 82231.015583 215.000000 4.000000 49.000000
 4798500.000000 16.759029 0.062725 1.652835 0.003726 82238.015620 215.000000 4.000000 50.000000
 4799000.000000 29.468559 0.045095 1.652711 0.003726 82244.977444 215.000000 4.000000 17.000000
 4799500.000000 26.209748 0.034589 1.652585 0.003726 82251.857788 215.000000 4.000000 11.000000
 4800000.000000 27.484982 0.030975 1.652459 0.003726 82258.753070 215.000000 4.000000 3.000000
 4800500.000000 29.452965 0.058736 1.652333 0.003725 82265.652958 215.000000 4.000000 34.000000
 4801000.000000 24.022954 0.021532 1.652208 0.003725 82272.577371 215.000000 4.000000 38.000000
 4801500.000000 15.333299 0.159076 1.652086 0.003725 82279.584488 215.000000 4.000000 110.000000
 4802000.000000 6.859476 0.450452 1.651971 0.003725 82286.881504 215.000000 3.000000 93.000000
 4802500.000000 5.460252 0.591341 1.651871 0.003725 82294.616097 215.000000 3.000000 41.000000
 4803000.000000 4.146057 0.724694 1.651794 0.003725 82303.049414 215.000000 4.000000 71.000000
 4803500.000000 4.770521 0.627222 1.651720 0.003725 82311.538570 215.000000 3.000000 56.000000
 4804000.000000 5.447067 0.595644 1.651638 0.003724 82319.831251 215.000000 3.000000 74.000000
 4804500.000000 6.941381 0.434145 1.651541 0.003724 82327.683483 215.000000 3.000000 281.000000
 4805000.000000 12.748752 0.194336 1.651433 0.003724 82335.206173 215.000000 3.000000 60.000000
 4805500.000000 13.018231 0.168719 1.651322 0.003724 82342.610398 215.000000 4.000000 46.000000
 4806000.000000 8.156887 0.436823 1.651223 0.003724 82350.376658 215.000000 3.000000 196.000000
 4806500.000000 7.307705 0.446126 1.651124 0.003724 82358.185804 215.000000 3.000000 77.000000
 4807000.000000 7.661935 0.438291 1.651038 0.003724 82366.367626 215.000000 3.000000 21.000000
 4807500.000000 0.521816 2.339037 1.651049 0.003725 82375.858950 215.000000 3.000000 1082.000000
 4808000.000000 3.783485 0.756108 1.651029 0.003725 82384.907519 215.000000 3.000000 112.000000
 4808500.000000 11.500164 0.247032 1.650940 0.003724 82392.965984 215.000000 3.000000 28.000000
 4809000.000000 8.098179 0.443848 1.650835 0.003724 82400.545384 215.000000 3.000000 17.000000
 4809500.000000 6.404214 0.538676 1.650737 0.003724 82408.378776 215.000000 3.000000 95.000000
 4810000.000000 9.014696 0.331871 1.650634 0.003724 82416.032062 215.000000 3.000000 27.000000
 4810500.000000 7.799807 0.449583 1.650538 0.003724 82423.912036 215.000000 3.000000 38.000000
 4811000.000000 13.113045 0.175972 1.650427 0.003724 82431.305235 215.000000 3.000000 49.000000
 4811500.000000 14.392711 0.160355 1.650314 0.003724 82438.638442 215.000000 4.000000 7.000000
 4812000.000000 18.598997 0.129970 1.650196 0.003724 82445.809749 215.000000 4.000000 18.000000
 4812500.000000 26.080032 0.049581 1.650074 0.003724 82452.833502 215.000000 4.000000 14.000000
 4813000.000000 46.073549 -0.167080 1.649946 0.003724 82459.647415 215.000000 3.000000 38.000000
 4813500.000000 38.571391 -0.077444 1.649817 0.003724 82466.376518 215.000000 3.000000 6.000000
 4814000.000000 33.848107 -0.027866 1.649690 0.003724 82473.219111 215.000000 3.000000 5.000000
 4814500.000000 41.143860 -0.086340 1.649560 0.003724 82479.943919 215.000000 3.000000 8.000000
 4815000.000000 58.032506 -0.475129 1.649422 0.003724 82486.350073 215.000000 3.000000 8.000000
 4815500.000000 57.942635 -0.488927 1.649283 0.003724 82492.740876 215.000000 3.000000 33.000000
 4816000.000000 44.201973 -0.114524 1.649143 0.003724 82499.048600 215.000000 3.000000 29.000000
 4816500.000000 41.391602 -0.057821 1.649014 0.003724 82505.814863 215.000000 3.000000 18.000000
 4817000.000000 31.448253 0.010425 1.648888 0.003724 82512.656375 215.000000 4.000000 2.000000
 4817500.000000 39.496172 -0.048367 1.648762 0.003724 82519.532941 215.000000 3.000000 22.000000
 4818000.000000 29.846249 0.053388 1.648635 0.003723 82526.386886 215.000000 4.000000 4.000000
 4818500.000000 22.226332 0.063918 1.648511 0.003723 82533.312985 215.000000 4.000000 4.000000
 4819000.000000 32.775634 -0.049551 1.648384 0.003723 82540.149319 215.000000 3.000000 17.000000
 4819500.000000 27.726646 0.048917 1.648258 0.003723 82547.003708 215.000000 4.000000 6.000000
 4820000.000000 27.487373 0.042567 1.648134 0.003723 82553.932411 215.000000 4.000000 6.000000
 4820500.000000 38.665642 -0.069001 1.648007 0.003723 82560.771869 215.000000 3.000000 19.000000
 4821000.000000 19.217357 0.159761 1.647887 0.003723 82567.864356 215.000000 4.000000 11.000000
 4821500.000000 14.806886 0.075287 1.647775 0.003723 82575.204405 215.000000 4.000000 11.000000
 4822000.000000 10.747919 0.323814 1.647661 0.003723 82582.489349 215.000000 4.000000 68.000000
 4822500.000000 14.426744 0.165528 1.647547 0.003723 82589.797197 215.000000 4.000000 53.000000
 4823000.000000 14.118200 0.207164 1.647431 0.003723 82596.998212 215.000000 4.000000 94.000000
 4823500.000000 9.148875 0.307686 1.647325 0.003723 82604.574778 215.000000 3.000000 27.000000
 4824000.000000 5.823056 0.593543 1.647228 0.003723 82612.388307 215.000000 3.000000 86.000000
 4824500.000000 19.670548 0.108728 1.647124 0.003723 82620.021842 215.000000 4.000000 44.000000
 4825000.000000 26.684062 -0.028594 1.646999 0.003723 82626.910498 215.000000 4.000000 11.000000
 4825500.000000 34.543409 -0.003054 1.646875 0.003723 82633.821657 215.000000 3.000000 34.000000
 4826000.000000 21.637104 0.005508 1.646755 0.003723 82640.896372 215.000000 4.000000 10.000000
 4826500.000000 32.702949 -0.028456 1.646630 0.003723 82647.802102 215.000000 3.000000 7.000000
 4827000.000000 39.628433 -0.056531 1.646501 0.003723 82654.563646 215.000000 3.000000 3.000000
 4827500.000000 40.146078 -0.060131 1.646376 0.003722 82661.434893 215.000000 3.000000 3.000000
 4828000.000000 52.015854 -0.363052 1.646243 0.003722 82668.017319 215.000000 3.000000 6.000000
 4828500.000000 56.368795 -0.363935 1.646107 0.003722 82674.507484 215.000000 3.000000 13.000000
 4829000.000000 68.591303 -0.366288 1.645964 0.003722 82680.699497 215.000000 3.000000 8.000000
 4829500.000000 86.925624 -0.453376 1.645816 0.003722 82686.670769 215.000000 3.000000 2.000000
 4830000.000000 91.577774 -0.538182 1.645665 0.003722 82692.516227 215.000000 4.000000 2.000000
 4830500.000000 81.845859 -0.455138 1.645513 0.003722 82698.342417 215.000000 4.000000 10.000000
 4831000.000000 72.146595 -0.396626 1.645366 0.003722 82704.378268 215.000000 3.000000 2.000000
 4831500.000000 104.070238 -0.733705 1.645216 0.003722 82710.246545 215.000000 3.000000 4.000000
 4832000.000000 88.513196 -0.627015 1.645065 0.003722 82716.096512 215.000000 3.000000 2.000000
 4832500.000000 63.820552 -0.377430 1.644916 0.003722 82722.052853 215.000000 3.000000 5.000000
 4833000.000000 63.115973 -0.444068 1.644772 0.003722 82728.181921 215.000000 3.000000 8.000000
 4833500.000000 65.551090 -0.371866 1.644628 0.003722 82734.342476 215.000000 4.000000 13.000000
 4834000.000000 78.380528 -0.502313 1.644479 0.003722 82740.276823 215.000000 4.000000 14.000000
 4834500.000000 66.254794 -0.380099 1.644330 0.003722 82746.193337 215.000000 3.000000 3.000000
 4835000.000000 75.948737 -0.498348 1.644185 0.003722 82752.297572 215.000000 3.000000 17.000000
 4835500.000000 64.508259 -0.326363 1.644041 0.003722 82758.440316 215.000000 3.000000 12.000000
 4836000.000000 74.723151 -0.451189 1.643897 0.003722 82764.548640 215.000000 4.000000 18.000000
 4836500.000000 79.567781 -0.533907 1.643750 0.003722 82770.592893 215.000000 3.000000 27.000000
 4837000.000000 73.536458 -0.446546 1.643600 0.003722 82776.477568 215.000000 3.000000 1.000000
 4837500.000000 72.805101 -0.390491 1.643455 0.003722 82782.573425 215.000000 3.000000 3.000000
 4838000.000000 61.086118 -0.381965 1.643311 0.003721 82788.679895 215.000000 4.000000 8.000000
 4838500.000000 86.332296 -0.420943 1.643163 0.003721 82794.684239 215.000000 3.000000 16.000000
 4839000.000000 69.796224 -0.392110 1.643014 0.003721 82800.593080 215.000000 3.000000 11.000000
 4839500.000000 66.381068 -0.370418 1.642869 0.003721 82806.664500 215.000000 3.000000 17.000000
 4840000.000000 63.477747 -0.419310 1.642725 0.003721 82812.805369 215.000000 3.000000 6.000000
 4840500.000000 69.304202 -0.368908 1.642580 0.003721 82818.916898 215.000000 3.000000 3.000000
 4841000.000000 41.480733 -0.045325 1.642445 0.003721 82825.396554 215.000000 3.000000 9.000000
 4841500.000000 45.694887 -0.185719 1.642312 0.003721 82831.969156 215.000000 3.000000 16.000000
 4842000.000000 43.778061 -0.125838 1.642178 0.003721 82838.506723 215.000000 3.000000 17.000000
 4842500.000000 37.717782 -0.042661 1.642043 0.003721 82844.998736 215.000000 2.000000 24.000000
 4843000.000000 56.441743 -0.344484 1.641908 0.003721 82851.467973 215.000000 3.000000 34.000000
 4843500.000000 64.182337 -0.321703 1.641768 0.003721 82857.768147 215.000000 3.000000 5.000000
 4844000.000000 52.814315 -0.250475 1.641627 0.003721 82864.020552 215.000000 4.000000 16.000000
 4844500.000000 33.966906 -0.010452 1.641494 0.003721 82870.563149 215.000000 2.000000 12.000000
 4845000.000000 33.857193 -0.002238 1.641368 0.003721 82877.404068 215.000000 3.000000 8.000000
 4845500.000000 38.678996 -0.055819 1.641237 0.003721 82884.057546 215.000000 3.000000 32.000000
 4846000.000000 47.239915 -0.139752 1.641110 0.003721 82890.853968 215.000000 3.000000 44.000000
 4846500.000000 44.591245 -0.077085 1.640974 0.003721 82897.304708 215.000000 4.000000 5.000000
 4847000.000000 44.330594 -0.083018 1.640839 0.003721 82903.794316 215.000000 3.000000 10.000000
 4847500.000000 55.781554 -0.340648 1.640699 0.003721 82910.074707 215.000000 3.000000 36.000000
 4848000.000000 60.384066 -0.381462 1.640559 0.003720 82916.337281 215.000000 4.000000 2.000000
 4848500.000000 56.778389 -0.309688 1.640418 0.003720 82922.581017 215.000000 3.000000 21.000000
 4849000.000000 57.696967 -0.392148 1.640279 0.003720 82928.891524 215.000000 3.000000 11.000000
 4849500.000000 30.604997 -0.015045 1.640147 0.003720 82935.517486 215.000000 3.000000 17.000000
 4850000.000000 43.558731 -0.127394 1.640021 0.003720 82942.345625 215.000000 3.000000 4.000000
 4850500.000000 40.126993 -0.051083 1.639896 0.003720 82949.197861 215.000000 3.000000 13.000000
 4851000.000000 26.281640 0.042218 1.639772 0.003720 82956.086492 215.000000 4.000000 17.000000
 4851500.000000 42.329007 -0.037221 1.639647 0.003720 82962.958818 215.000000 3.000000 6.000000
 4852000.000000 54.768300 -0.283445 1.639510 0.003720 82969.385643 215.000000 3.000000 8.000000
 4852500.000000 41.381109 -0.042649 1.639380 0.003720 82976.021435 215.000000 3.000000 8.000000
 4853000.000000 48.478776 -0.205833 1.639244 0.003720 82982.490547 215.000000 3.000000 30.000000
 4853500.000000 55.391912 -0.306521 1.639108 0.003720 82988.901506 215.000000 3.000000 41.000000
 4854000.000000 52.313560 -0.265419 1.638970 0.003720 82995.248357 215.000000 3.000000 66.000000
 4854500.000000 51.790904 -0.311954 1.638831 0.003720 83001.566817 215.000000 3.000000 5.000000
 4855000.000000 53.240967 -0.216687 1.638695 0.003720 83008.025791 215.000000 3.000000 18.000000
 4855500.000000 57.038620 -0.289666 1.638555 0.003720 83014.305040 215.000000 3.000000 6.000000
 4856000.000000 46.486814 -0.088425 1.638416 0.003720 83020.616732 215.000000 3.000000 26.000000
 4856500.000000 43.031663 -0.065129 1.638283 0.003720 83027.150010 215.000000 3.000000 73.000000
 4857000.000000 63.313302 -0.440229 1.638148 0.003719 83033.629269 215.000000 4.000000 5.000000
 4857500.000000 65.238815 -0.310271 1.638007 0.003719 83039.862287 215.000000 4.000000 12.000000
 4858000.000000 41.347370 -0.045418 1.637870 0.003719 83046.228497 215.000000 3.000000 45.000000
 4858500.000000 56.385949 -0.285119 1.637734 0.003719 83052.680054 215.000000 3.000000 19.000000
 4859000.000000 35.816935 -0.014983 1.637602 0.003719 83059.261745 215.000000 3.000000 5.000000
 4859500.000000 45.987676 -0.126430 1.637470 0.003719 83065.826299 215.000000 4.000000 11.000000
 4860000.000000 70.481444 -0.372017 1.637332 0.003719 83072.198980 215.000000 3.000000 4.000000
 4860500.000000 25.958696 0.060430 1.637202 0.003719 83078.853275 215.000000 3.000000 4.000000
 4861000.000000 45.366808 -0.108432 1.637074 0.003719 83085.592230 215.000000 4.000000 4.000000
 4861500.000000 41.018589 -0.046014 1.636948 0.003719 83092.390387 215.000000 3.000000 8.000000
 4862000.000000 35.238407 -0.021398 1.636822 0.003719 83099.213276 215.000000 3.000000 3.000000
 4862500.000000 33.939003 0.008619 1.636698 0.003719 83106.112417 215.000000 2.000000 33.000000
 4863000.000000 25.895758 0.061491 1.636576 0.003719 83113.061432 215.000000 4.000000 34.000000
 4863500.000000 31.046193 0.030703 1.636452 0.003719 83119.954375 215.000000 3.000000 56.000000
 4864000.000000 44.782218 -0.061502 1.636327 0.003719 83126.812315 215.000000 4.000000 13.000000
 4864500.000000 22.589086 0.072189 1.636204 0.003719 83133.726530 215.000000 4.000000 4.000000
 4865000.000000 27.336729 0.038905 1.636082 0.003719 83140.665432 215.000000 4.000000 1.000000
 4865500.000000 24.996967 -0.012810 1.635959 0.003719 83147.597102 215.000000 4.000000 8.000000
 4866000.000000 18.974885 0.164475 1.635841 0.003719 83154.718429 215.000000 4.000000 34.000000
 4866500.000000 17.540357 0.147425 1.635723 0.003719 83161.825855 215.000000 4.000000 5.000000
 4867000.000000 35.744511 -0.000884 1.635601 0.003719 83168.752542 215.000000 3.000000 5.000000
 4867500.000000 30.186198 0.024207 1.635477 0.003719 83175.652039 215.000000 4.000000 69.000000
 4868000.000000 45.250249 -0.089547 1.635352 0.003719 83182.510499 215.000000 3.000000 6.000000
 4868500.000000 34.983147 0.015324 1.635229 0.003719 83189.401807 215.000000 3.000000 12.000000
 4869000.000000 24.939548 0.000613 1.635107 0.003718 83196.349734 215.000000 3.000000 32.000000
 4869500.000000 41.250339 -0.041657 1.634983 0.003718 83203.240010 215.000000 3.000000 32.000000
 4870000.000000 45.777862 -0.137879 1.634852 0.003718 83209.853513 215.000000 4.000000 21.000000
 4870500.000000 44.960315 -0.062385 1.634724 0.003718 83216.583265 215.000000 3.000000 20.000000
 4871000.000000 48.888047 -0.184892 1.634585 0.003718 83222.884057 215.000000 3.000000 25.000000
 4871500.000000 50.436579 -0.166214 1.634448 0.003718 83229.245485 215.000000 3.000000 4.000000
 4872000.000000 48.011585 -0.177110 1.634316 0.003718 83235.837758 215.000000 3.000000 17.000000
 4872500.000000 44.942582 -0.058158 1.634190 0.003718 83242.618064 215.000000 3.000000 12.000000
 4873000.000000 32.337719 0.008559 1.634065 0.003718 83249.449447 215.000000 3.000000 71.000000
 4873500.000000 41.744704 -0.001924 1.633938 0.003718 83256.230956 215.000000 3.000000 14.000000
 4874000.000000 32.662933 -0.001277 1.633812 0.003718 83263.002529 215.000000 3.000000 24.000000
 4874500.000000 32.961363 0.003284 1.633690 0.003718 83269.974017 215.000000 3.000000 18.000000
 4875000.000000 39.274728 0.010607 1.633566 0.003718 83276.850643 215.000000 3.000000 21.000000
 4875500.000000 46.800583 -0.054608 1.633443 0.003718 83283.738183 215.000000 4.000000 19.000000
 4876000.000000 35.421117 0.012859 1.633318 0.003718 83290.588871 215.000000 3.000000 15.000000
 4876500.000000 34.567191 0.043965 1.633195 0.003718 83297.486561 215.000000 3.000000 6.000000
 4877000.000000 56.001595 -0.266868 1.633068 0.003718 83304.234081 215.000000 3.000000 50.000000
 4877500.000000 62.896238 -0.345805 1.632928 0.003718 83310.492881 215.000000 4.000000 30.000000
 4878000.000000 61.285019 -0.371132 1.632790 0.003718 83316.799357 215.000000 3.000000 21.000000
 4878500.000000 53.678830 -0.227250 1.632657 0.003718 83323.356710 215.000000 3.000000 11.000000
 4879000.000000 50.320968 -0.162882 1.632530 0.003717 83330.073800 215.000000 3.000000 4.000000
 4879500.000000 48.487881 -0.162966 1.632404 0.003717 83336.876797 215.000000 3.000000 12.000000
 4880000.000000 45.824010 -0.119768 1.632278 0.003717 83343.680565 215.000000 3.000000 37.000000
 4880500.000000 57.812989 -0.379059 1.632149 0.003717 83350.360062 215.000000 3.000000 6.000000
 4881000.000000 35.264689 0.013054 1.632024 0.003717 83357.156415 215.000000 3.000000 4.000000
 4881500.000000 35.155835 0.007759 1.631899 0.003717 83364.010504 215.000000 3.000000 18.000000
 4882000.000000 43.868499 -0.077475 1.631776 0.003717 83370.906305 215.000000 3.000000 3.000000
 4882500.000000 42.883117 -0.009591 1.631654 0.003717 83377.850047 215.000000 3.000000 55.000000
 4883000.000000 39.395592 0.023960 1.631528 0.003717 83384.627744 215.000000 3.000000 45.000000
 4883500.000000 33.918604 0.044418 1.631406 0.003717 83391.579641 215.000000 3.000000 12.000000
 4884000.000000 62.608512 -0.299654 1.631274 0.003717 83398.106810 215.000000 4.000000 11.000000
 4884500.000000 58.050523 -0.386463 1.631138 0.003717 83404.527096 215.000000 3.000000 7.000000
 4885000.000000 66.388436 -0.347961 1.631000 0.003717 83410.813637 215.000000 3.000000 3.000000
 4885500.000000 52.365234 -0.207672 1.630862 0.003717 83417.158137 215.000000 3.000000 33.000000
 4886000.000000 38.182866 0.004731 1.630739 0.003717 83424.059149 215.000000 3.000000 9.000000
 4886500.000000 39.375341 0.028586 1.630617 0.003717 83430.982921 215.000000 3.000000 34.000000
 4887000.000000 27.305413 0.040607 1.630496 0.003717 83437.935344 215.000000 4.000000 18.000000
 4887500.000000 46.566999 -0.040526 1.630374 0.003717 83444.891797 215.000000 3.000000 14.000000
 4888000.000000 33.881242 0.054802 1.630253 0.003717 83451.834443 215.000000 3.000000 10.000000
 4888500.000000 60.282079 -0.346732 1.630124 0.003716 83458.495261 215.000000 4.000000 24.000000
 4889000.000000 42.926987 -0.002030 1.629997 0.003716 83465.252212 215.000000 3.000000 70.000000
 4889500.000000 53.852752 -0.221000 1.629871 0.003716 83472.017989 215.000000 3.000000 32.000000
 4890000.000000 28.207767 0.039574 1.629746 0.003716 83478.864734 215.000000 4.000000 27.000000
 4890500.000000 28.436297 -0.001185 1.629627 0.003716 83485.903591 215.000000 3.000000 12.000000
 4891000.000000 24.403666 0.058520 1.629507 0.003716 83492.884555 215.000000 4.000000 21.000000
 4891500.000000 28.383203 0.014759 1.629386 0.003716 83499.851215 215.000000 4.000000 7.000000
 4892000.000000 34.877944 0.068269 1.629266 0.003716 83506.865597 215.000000 3.000000 5.000000
 4892500.000000 30.078888 0.060015 1.629146 0.003716 83513.874770 215.000000 4.000000 10.000000
 4893000.000000 33.601322 0.059317 1.629025 0.003716 83520.837942 215.000000 2.000000 32.000000
 4893500.000000 33.870379 0.063371 1.628906 0.003716 83527.863872 215.000000 3.000000 6.000000
 4894000.000000 27.721450 0.078563 1.628786 0.003716 83534.859822 215.000000 4.000000 21.000000
 4894500.000000 28.571714 -0.019971 1.628666 0.003716 83541.856676 215.000000 3.000000 6.000000
 4895000.000000 18.934589 0.165535 1.628548 0.003716 83548.940578 215.000000 4.000000 18.000000
 4895500.000000 24.495118 0.063262 1.628430 0.003716 83556.009066 215.000000 3.000000 42.000000
 4896000.000000 19.463678 0.146835 1.628311 0.003716 83563.020660 215.000000 4.000000 13.000000
 4896500.000000 22.699117 0.079577 1.628193 0.003716 83570.108221 215.000000 4.000000 2.000000
 4897000.000000 31.460444 0.060153 1.628074 0.003716 83577.140993 215.000000 4.000000 48.000000
 4897500.000000 39.538398 0.028262 1.627953 0.003716 83584.112379 215.000000 3.000000 10.000000
 4898000.000000 32.344198 0.037176 1.627830 0.003716 83590.990093 215.000000 3.000000 1.000000
 4898500.000000 55.476889 -0.252263 1.627704 0.003716 83597.762441 215.000000 3.000000 15.000000
 4899000.000000 64.105043 -0.299522 1.627570 0.003716 83604.221201 215.000000 3.000000 18.000000
 4899500.000000 44.452276 -0.028877 1.627436 0.003715 83610.657699 215.000000 3.000000 6.000000
 4900000.000000 58.465134 -0.303929 1.627305 0.003715 83617.212691 215.000000 3.000000 8.000000
 4900500.000000 69.844101 -0.373691 1.627165 0.003715 83623.438908 215.000000 3.000000 8.000000
 4901000.000000 57.547254 -0.306618 1.627025 0.003715 83629.642540 215.000000 3.000000 3.000000
 4901500.000000 58.637132 -0.283948 1.626890 0.003715 83636.056962 215.000000 4.000000 16.000000
 4902000.000000 48.077344 -0.156237 1.626760 0.003715 83642.672897 215.000000 3.000000 9.000000
 4902500.000000 51.117659 -0.144927 1.626628 0.003715 83649.193399 215.000000 3.000000 10.000000
 4903000.000000 49.992478 -0.137704 1.626499 0.003715 83655.844839 215.000000 3.000000 5.000000
 4903500.000000 47.550826 -0.117943 1.626373 0.003715 83662.627475 215.000000 3.000000 6.000000
 4904000.000000 64.174498 -0.289511 1.626234 0.003715 83668.883199 215.000000 3.000000 2.000000
 4904500.000000 59.859730 -0.412370 1.626096 0.003715 83675.136280 215.000000 4.000000 17.000000
 4905000.000000 52.686951 -0.147950 1.625963 0.003715 83681.634083 215.000000 3.000000 2.000000
 4905500.000000 79.449930 -0.531571 1.625827 0.003715 83687.987786 215.000000 3.000000 16.000000
 4906000.000000 68.557994 -0.312630 1.625683 0.003715 83694.028443 215.000000 3.000000 18.000000
 4906500.000000 57.868191 -0.363302 1.625541 0.003715 83700.138467 215.000000 4.000000 3.000000
 4907000.000000 62.556460 -0.269683 1.625403 0.003715 83706.434655 215.000000 4.000000 3.000000
 4907500.000000 99.265432 -0.619906 1.625265 0.003715 83712.710723 215.000000 3.000000 9.000000
 4908000.000000 60.793491 -0.290020 1.625117 0.003715 83718.592133 215.000000 4.000000 27.000000
 4908500.000000 83.515393 -0.478154 1.624975 0.003715 83724.693964 215.000000 4.000000 6.000000
 4909000.000000 69.167434 -0.346912 1.624828 0.003715 83730.604276 215.000000 3.000000 8.000000
 4909500.000000 98.501086 -0.569694 1.624680 0.003715 83736.484409 215.000000 4.000000 3.000000
 4910000.000000 56.157620 -0.224712 1.624538 0.003715 83742.595055 215.000000 3.000000 9.000000
 4910500.000000 60.280158 -0.311986 1.624402 0.003715 83748.952478 215.000000 4.000000 6.000000
 4911000.000000 48.099395 -0.152043 1.624265 0.003715 83755.254629 215.000000 3.000000 6.000000
 4911500.000000 98.944462 -0.634826 1.624119 0.003715 83761.219889 215.000000 3.000000 24.000000
 4912000.000000 79.518723 -0.505471 1.623974 0.003715 83767.196807 215.000000 3.000000 2.000000
 4912500.000000 84.473777 -0.527644 1.623834 0.003715 83773.369526 215.000000 4.000000 11.000000
 4913000.000000 99.157862 -0.622262 1.623685 0.003715 83779.184119 215.000000 3.000000 5.000000
 4913500.000000 93.765942 -0.527999 1.623526 0.003715 83784.573106 215.000000 4.000000 5.000000
 4914000.000000 90.874885 -0.601296 1.623375 0.003715 83790.289368 215.000000 4.000000 8.000000
 4914500.000000 101.325541 -0.609505 1.623227 0.003715 83796.141128 215.000000 4.000000 16.000000
 4915000.000000 116.945785 -1.008398 1.623066 0.003715 83801.417765 215.000000 4.000000 2.000000
 4915500.000000 128.242966 -1.117053 1.622910 0.003715 83806.872202 215.000000 4.000000 6.000000
 4916000.000000 99.668577 -0.586144 1.622755 0.003715 83812.407424 215.000000 4.000000 9.000000
 4916500.000000 72.015833 -0.341343 1.622604 0.003715 83818.148688 215.000000 3.000000 4.000000
 4917000.000000 71.095880 -0.383340 1.622461 0.003715 83824.218930 215.000000 3.000000 15.000000
 4917500.000000 79.650196 -0.476087 1.622319 0.003714 83830.303059 215.000000 4.000000 7.000000
 4918000.000000 77.754531 -0.507364 1.622175 0.003715 83836.341346 215.000000 3.000000 2.000000
 4918500.000000 57.894563 -0.363704 1.622038 0.003715 83842.624062 215.000000 3.000000 8.000000
 4919000.000000 55.459767 -0.220848 1.621902 0.003714 83848.970655 215.000000 3.000000 5.000000
 4919500.000000 89.520817 -0.540939 1.621759 0.003714 83855.044102 215.000000 4.000000 8.000000
 4920000.000000 81.523781 -0.407722 1.621612 0.003714 83860.912901 215.000000 4.000000 10.000000
 4920500.000000 95.328416 -0.617269 1.621464 0.003714 83866.768880 215.000000 4.000000 13.000000
 4921000.000000 126.289528 -1.067081 1.621306 0.003714 83872.153236 215.000000 3.000000 7.000000
 4921500.000000 98.977300 -0.611785 1.621153 0.003714 83877.796275 215.000000 4.000000 5.000000
 4922000.000000 91.874781 -0.497523 1.621006 0.003714 83883.660124 215.000000 4.000000 15.000000
 4922500.000000 99.744851 -0.574536 1.620859 0.003714 83889.579809 215.000000 4.000000 6.000000
 4923000.000000 119.156404 -0.989981 1.620708 0.003714 83895.272380 215.000000 3.000000 9.000000
 4923500.000000 98.344981 -0.509552 1.620559 0.003714 83901.049110 215.000000 4.000000 8.000000
 4924000.000000 112.235719 -0.710732 1.620396 0.003714 83906.226819 215.000000 4.000000 4.000000
 4924500.000000 136.760830 -1.009056 1.620234 0.003714 83911.399304 215.000000 3.000000 7.000000
 4925000.000000 140.860648 -0.847633 1.620069 0.003714 83916.494698 215.000000 4.000000 4.000000
 4925500.000000 120.757036 -1.091648 1.619905 0.003714 83921.618431 215.000000 3.000000 11.000000
 4926000.000000 84.041464 -0.463306 1.619756 0.003714 83927.393816 215.000000 3.000000 6.000000
 4926500.000000 91.074852 -0.522426 1.619613 0.003714 83933.436987 215.000000 3.000000 3.000000
 4927000.000000 96.502866 -0.607092 1.619464 0.003714 83939.208682 215.000000 4.000000 8.000000
 4927500.000000 121.442431 -0.994905 1.619311 0.003714 83944.850102 215.000000 4.000000 5.000000
 4928000.000000 98.871554 -0.574751 1.619159 0.003714 83950.468307 215.000000 3.000000 18.000000
 4928500.000000 120.139644 -0.959168 1.619006 0.003714 83956.091611 215.000000 4.000000 2.000000
 4929000.000000 89.421241 -0.505624 1.618859 0.003714 83961.951028 215.000000 4.000000 11.000000
 4929500.000000 68.498276 -0.295438 1.618720 0.003714 83968.158418 215.000000 3.000000 3.000000
 4930000.000000 63.151047 -0.372961 1.618587 0.003714 83974.627115 215.000000 3.000000 10.000000
 4930500.000000 72.022396 -0.327846 1.618457 0.003714 83981.213902 215.000000 3.000000 3.000000
 4931000.000000 65.663308 -0.295318 1.618321 0.003714 83987.509988 215.000000 3.000000 3.000000
 4931500.000000 64.149523 -0.269600 1.618190 0.003714 83994.056611 215.000000 3.000000 4.000000
 4932000.000000 53.915229 -0.194391 1.618055 0.003714 84000.446764 215.000000 3.000000 9.000000
 4932500.000000 41.786673 0.031741 1.617929 0.003714 84007.156585 215.000000 3.000000 22.000000
 4933000.000000 52.140761 -0.212605 1.617797 0.003714 84013.663790 215.000000 3.000000 15.000000
 4933500.000000 50.940016 -0.122105 1.617673 0.003713 84020.430715 215.000000 3.000000 3.000000
 4934000.000000 33.650096 0.065541 1.617553 0.003713 84027.415639 215.000000 2.000000 2.000000
 4934500.000000 41.699073 0.040992 1.617433 0.003713 84034.354818 215.000000 3.000000 5.000000
 4935000.000000 55.838883 -0.216384 1.617308 0.003713 84041.097688 215.000000 3.000000 14.000000
 4935500.000000 68.891512 -0.313573 1.617173 0.003713 84047.492416 215.000000 4.000000 16.000000
 4936000.000000 59.662727 -0.385488 1.617035 0.003713 84053.731552 215.000000 3.000000 5.000000
 4936500.000000 52.604961 -0.141021 1.616903 0.003713 84060.200347 215.000000 3.000000 3.000000
 4937000.000000 59.605472 -0.362690 1.616771 0.003713 84066.684596 215.000000 3.000000 3.000000
 4937500.000000 57.362237 -0.240943 1.616635 0.003713 84073.006048 215.000000 3.000000 3.000000
 4938000.000000 62.365159 -0.229535 1.616502 0.003713 84079.479038 215.000000 4.000000 2.000000
 4938500.000000 76.651590 -0.414132 1.616363 0.003713 84085.639527 215.000000 3.000000 14.000000
 4939000.000000 76.394739 -0.393120 1.616221 0.003713 84091.714612 215.000000 4.000000 15.000000
 4939500.000000 71.365284 -0.323706 1.616081 0.003713 84097.878502 215.000000 3.000000 25.000000
 4940000.000000 66.863717 -0.355395 1.615942 0.003713 84104.095218 215.000000 3.000000 13.000000
 4940500.000000 57.881515 -0.337623 1.615806 0.003713 84110.398273 215.000000 3.000000 14.000000
 4941000.000000 78.861897 -0.470778 1.615669 0.003713 84116.685367 215.000000 4.000000 10.000000
 4941500.000000 76.398584 -0.382417 1.615528 0.003713 84122.805495 215.000000 4.000000 1.000000
 4942000.000000 82.170219 -0.412310 1.615388 0.003713 84128.961677 215.000000 4.000000 46.000000
 4942500.000000 80.304419 -0.411316 1.615250 0.003713 84135.168975 215.000000 4.000000 8.000000
 4943000.000000 89.386705 -0.499135 1.615107 0.003713 84141.211391 215.000000 4.000000 3.000000
 4943500.000000 94.201775 -0.548167 1.614968 0.003713 84147.374311 215.000000 3.000000 11.000000
 4944000.000000 92.042153 -0.509811 1.614826 0.003712 84153.453841 215.000000 4.000000 14.000000
 4944500.000000 83.534223 -0.413117 1.614684 0.003712 84159.517344 215.000000 4.000000 14.000000
 4945000.000000 53.327767 -0.132623 1.614549 0.003712 84165.884230 215.000000 3.000000 7.000000
 4945500.000000 63.106731 -0.332177 1.614419 0.003712 84172.413019 215.000000 3.000000 18.000000
 4946000.000000 76.806588 -0.401311 1.614282 0.003712 84178.712113 215.000000 3.000000 15.000000
 4946500.000000 91.989812 -0.495726 1.614142 0.003712 84184.850269 215.000000 4.000000 1.000000
 4947000.000000 86.051490 -0.419597 1.613995 0.003712 84190.669424 215.000000 3.000000 24.000000
 4947500.000000 93.690447 -0.491297 1.613854 0.003712 84196.777786 215.000000 4.000000 15.000000
 4948000.000000 77.699965 -0.454105 1.613711 0.003712 84202.780597 215.000000 3.000000 11.000000
 4948500.000000 82.698897 -0.499004 1.613571 0.003712 84208.920186 215.000000 3.000000 4.000000
 4949000.000000 106.398511 -0.609428 1.613426 0.003712 84214.884417 215.000000 3.000000 2.000000
 4949500.000000 91.874310 -0.471891 1.613282 0.003712 84220.820313 215.000000 4.000000 11.000000
 4950000.000000 79.155358 -0.493695 1.613141 0.003712 84226.929307 215.000000 3.000000 1.000000
 4950500.000000 76.111267 -0.365763 1.613001 0.003712 84233.065617 215.000000 3.000000 10.000000
 4951000.000000 73.506794 -0.364008 1.612860 0.003712 84239.170952 215.000000 3.000000 15.000000
 4951500.000000 70.143264 -0.296575 1.612727 0.003712 84245.572780 215.000000 3.000000 18.000000
 4952000.000000 77.634251 -0.451130 1.612589 0.003712 84251.799508 215.000000 3.000000 37.000000
 4952500.000000 81.998397 -0.340795 1.612449 0.003712 84257.954359 215.000000 4.000000 6.000000
 4953000.000000 102.547509 -0.671449 1.612303 0.003712 84263.815324 215.000000 3.000000 5.000000
 4953500.000000 75.651808 -0.404499 1.612161 0.003712 84269.884127 215.000000 3.000000 2.000000
 4954000.000000 84.501403 -0.446036 1.612023 0.003712 84276.112467 215.000000 3.000000 7.000000
 4954500.000000 87.846301 -0.435774 1.611884 0.003712 84282.273103 215.000000 3.000000 10.000000
 4955000.000000 91.894619 -0.455408 1.611742 0.003712 84288.302446 215.000000 4.000000 3.000000
 4955500.000000 84.193909 -0.424934 1.611596 0.003712 84294.188532 215.000000 3.000000 14.000000
 4956000.000000 52.377154 -0.156403 1.611463 0.003712 84300.621549 215.000000 3.000000 41.000000
 4956500.000000 49.918884 -0.118505 1.611341 0.003712 84307.462180 215.000000 3.000000 9.000000
 4957000.000000 53.272701 -0.120959 1.611214 0.003712 84314.123288 215.000000 3.000000 72.000000
 4957500.000000 48.772916 -0.122734 1.611088 0.003712 84320.797290 215.000000 3.000000 9.000000
 4958000.000000 47.402609 -0.079439 1.610965 0.003712 84327.603033 215.000000 3.000000 43.000000
 4958500.000000 53.751839 -0.175753 1.610842 0.003712 84334.446449 215.000000 3.000000 11.000000
 4959000.000000 61.650056 -0.273664 1.610708 0.003712 84340.788680 215.000000 3.000000 6.000000
 4959500.000000 62.152794 -0.216289 1.610577 0.003712 84347.293892 215.000000 3.000000 25.000000
 4960000.000000 55.044197 -0.168528 1.610445 0.003711 84353.762751 215.000000 3.000000 42.000000
 4960500.000000 49.202735 -0.134043 1.610315 0.003711 84360.292402 215.000000 3.000000 6.000000
 4961000.000000 71.942953 -0.293140 1.610181 0.003711 84366.655853 215.000000 3.000000 9.000000
 4961500.000000 68.494133 -0.251407 1.610044 0.003711 84372.910663 215.000000 3.000000 4.000000
 4962000.000000 53.580605 -0.143164 1.609912 0.003711 84379.357420 215.000000 3.000000 28.000000
 4962500.000000 67.438100 -0.357082 1.609781 0.003711 84385.840772 215.000000 3.000000 4.000000
 4963000.000000 70.713594 -0.293362 1.609645 0.003711 84392.122426 215.000000 3.000000 36.000000
 4963500.000000 61.373722 -0.290082 1.609510 0.003711 84398.483822 215.000000 3.000000 41.000000
 4964000.000000 60.333418 -0.255527 1.609378 0.003711 84404.934840 215.000000 4.000000 2.000000
 4964500.000000 77.064712 -0.401452 1.609243 0.003711 84411.261296 215.000000 4.000000 4.000000
 4965000.000000 61.651063 -0.246536 1.609108 0.003711 84417.559004 215.000000 3.000000 16.000000
 4965500.000000 56.152413 -0.182896 1.608977 0.003711 84424.065994 215.000000 3.000000 48.000000
 4966000.000000 53.993556 -0.159650 1.608849 0.003711 84430.686380 215.000000 3.000000 4.000000
 4966500.000000 56.203601 -0.182286 1.608721 0.003711 84437.255405 215.000000 3.000000 3.000000
 4967000.000000 52.059928 -0.200198 1.608593 0.003711 84443.886487 215.000000 3.000000 9.000000
 4967500.000000 53.436689 -0.111301 1.608465 0.003711 84450.488588 215.000000 3.000000 2.000000
 4968000.000000 45.187840 -0.038099 1.608339 0.003711 84457.161162 215.000000 3.000000 7.000000
 4968500.000000 52.422376 -0.122383 1.608213 0.003711 84463.860668 215.000000 3.000000 33.000000
 4969000.000000 61.442990 -0.286617 1.608088 0.003711 84470.586554 215.000000 3.000000 13.000000
 4969500.000000 66.255821 -0.253045 1.607958 0.003711 84477.074481 215.000000 3.000000 6.000000
 4970000.000000 38.308665 0.018525 1.607829 0.003711 84483.656645 215.000000 2.000000 101.000000
 4970500.000000 46.034127 -0.058316 1.607711 0.003711 84490.636166 215.000000 3.000000 10.000000
 4971000.000000 57.542598 -0.224022 1.607584 0.003711 84497.259812 215.000000 3.000000 4.000000
 4971500.000000 68.468329 -0.234513 1.607452 0.003711 84503.723851 215.000000 3.000000 24.000000
 4972000.000000 64.006581 -0.219798 1.607321 0.003710 84510.188791 215.000000 4.000000 15.000000
 4972500.000000 62.427150 -0.176398 1.607191 0.003711 84516.717043 215.000000 4.000000 5.000000
 4973000.000000 76.893556 -0.368331 1.607058 0.003710 84523.114374 215.000000 3.000000 8.000000
 4973500.000000 48.097440 -0.124511 1.606926 0.003710 84529.555988 215.000000 3.000000 2.000000
 4974000.000000 41.875240 0.031148 1.606804 0.003710 84536.384268 215.000000 3.000000 12.000000
 4974500.000000 22.923262 0.049764 1.606687 0.003710 84543.379148 215.000000 4.000000 2.000000
 4975000.000000 45.968571 -0.067018 1.606569 0.003710 84550.372510 215.000000 3.000000 10.000000
 4975500.000000 40.952673 0.019282 1.606450 0.003710 84557.300716 215.000000 3.000000 1.000000
 4976000.000000 46.058380 -0.047884 1.606328 0.003710 84564.148651 215.000000 3.000000 27.000000
 4976500.000000 38.566553 0.020004 1.606209 0.003710 84571.080206 215.000000 3.000000 27.000000
 4977000.000000 28.165387 0.057971 1.606093 0.003710 84578.138319 215.000000 4.000000 13.000000
 4977500.000000 19.889287 0.062282 1.605978 0.003710 84585.209456 215.000000 3.000000 89.000000
 4978000.000000 31.521850 0.059826 1.605862 0.003710 84592.281915 215.000000 4.000000 4.000000
 4978500.000000 20.841278 0.107233 1.605746 0.003710 84599.315825 215.000000 3.000000 10.000000
 4979000.000000 45.449575 -0.057049 1.605628 0.003710 84606.313617 215.000000 3.000000 12.000000
 4979500.000000 46.268557 -0.017278 1.605507 0.003710 84613.150178 215.000000 3.000000 8.000000
 4980000.000000 46.187355 -0.023432 1.605383 0.003710 84619.911303 215.000000 3.000000 10.000000
 4980500.000000 41.476533 0.044817 1.605260 0.003710 84626.708626 215.000000 3.000000 11.000000
 4981000.000000 44.733105 0.014963 1.605140 0.003710 84633.606493 215.000000 3.000000 9.000000
 4981500.000000 31.728129 0.054223 1.605024 0.003710 84640.622084 215.000000 3.000000 70.000000
 4982000.000000 47.644238 -0.073738 1.604907 0.003710 84647.630118 215.000000 3.000000 11.000000
 4982500.000000 42.152884 0.048602 1.604786 0.003710 84654.502249 215.000000 3.000000 14.000000
 4983000.000000 32.210061 0.028893 1.604667 0.003710 84661.455842 215.000000 3.000000 14.000000
 4983500.000000 25.691466 0.078778 1.604552 0.003710 84668.507487 215.000000 4.000000 4.000000
 4984000.000000 14.161670 0.195805 1.604438 0.003710 84675.639617 215.000000 4.000000 31.000000
 4984500.000000 5.899301 0.576885 1.604346 0.003710 84683.500978 215.000000 3.000000 36.000000
 4985000.000000 3.194049 0.747814 1.604267 0.003709 84691.744769 215.000000 4.000000 155.000000
 4985500.000000 26.328756 0.064606 1.604159 0.003709 84699.058384 215.000000 4.000000 7.000000
 4986000.000000 28.622839 -0.003661 1.604042 0.003709 84706.065724 215.000000 4.000000 83.000000
 4986500.000000 20.506717 0.097078 1.603927 0.003709 84713.120296 215.000000 4.000000 17.000000
 4987000.000000 27.533161 0.079789 1.603811 0.003709 84720.188679 215.000000 4.000000 33.000000
 4987500.000000 22.494175 0.096703 1.603695 0.003709 84727.238129 215.000000 4.000000 48.000000
 4988000.000000 33.838947 0.071655 1.603581 0.003709 84734.324440 215.000000 3.000000 3.000000
 4988500.000000 28.320836 0.048253 1.603465 0.003709 84741.381588 215.000000 4.000000 71.000000
 4989000.000000 14.446865 0.160457 1.603353 0.003709 84748.567404 215.000000 4.000000 13.000000
 4989500.000000 17.960744 0.118055 1.603238 0.003709 84755.649204 215.000000 4.000000 31.000000
 4990000.000000 12.605798 0.222150 1.603128 0.003709 84762.908305 215.000000 3.000000 72.000000
 4990500.000000 26.573411 0.033545 1.603017 0.003709 84770.124910 215.000000 3.000000 45.000000
 4991000.000000 33.974151 0.071223 1.602902 0.003709 84777.191783 215.000000 3.000000 38.000000
 4991500.000000 26.510571 0.048663 1.602787 0.003709 84784.246582 215.000000 3.000000 18.000000
 4992000.000000 18.956719 0.174199 1.602673 0.003709 84791.357574 215.000000 3.000000 33.000000
 4992500.000000 37.080975 0.070640 1.602557 0.003709 84798.420893 215.000000 3.000000 1.000000
 4993000.000000 21.727395 0.012384 1.602442 0.003709 84805.497660 215.000000 4.000000 18.000000
 4993500.000000 25.554380 0.084632 1.602327 0.003709 84812.540137 215.000000 4.000000 9.000000
 4994000.000000 31.152835 0.086845 1.602211 0.003709 84819.604694 215.000000 4.000000 5.000000
 4994500.000000 19.153370 0.178317 1.602097 0.003709 84826.712440 215.000000 4.000000 13.000000
 4995000.000000 26.611591 0.034888 1.601984 0.003709 84833.843653 215.000000 4.000000 5.000000
 4995500.000000 12.633600 0.219060 1.601876 0.003709 84841.154315 215.000000 3.000000 19.000000
 4996000.000000 8.128774 0.436536 1.601770 0.003709 84848.534584 215.000000 4.000000 46.000000
 4996500.000000 19.967412 0.058489 1.601663 0.003709 84855.894994 215.000000 3.000000 5.000000
 4997000.000000 15.098248 0.144179 1.601552 0.003709 84863.095347 215.000000 4.000000 52.000000
 4997500.000000 17.081716 0.136917 1.601444 0.003709 84870.427478 215.000000 4.000000 14.000000
 4998000.000000 10.419732 0.359885 1.601338 0.003708 84877.821065 215.000000 4.000000 63.000000
 4998500.000000 11.308723 0.229742 1.601235 0.003708 84885.320717 215.000000 3.000000 69.000000
 4999000.000000 13.112461 0.190527 1.601131 0.003708 84892.769610 215.000000 4.000000 73.000000
 4999500.000000 17.894962 0.137393 1.601024 0.003708 84900.119234 215.000000 4.000000 70.000000
 5000000.000000 18.660879 0.159721 1.600916 0.003708 84907.424149 215.000000 3.000000 16.000000
 5000500.000000 14.044588 0.227415 1.600816 0.003708 84915.043700 215.000000 4.000000 94.000000
 5001000.000000 32.218582 0.043761 1.600704 0.003708 84922.191269 215.000000 3.000000 60.000000
 5001500.000000 48.245855 -0.099712 1.600587 0.003708 84929.177852 215.000000 3.000000 19.000000
 5002000.000000 37.274993 0.061894 1.600471 0.003708 84936.204108 215.000000 3.000000 27.000000
 5002500.000000 28.030951 0.095086 1.600356 0.003708 84943.285118 215.000000 4.000000 8.000000
 5003000.000000 35.469790 0.060687 1.600242 0.003708 84950.373527 215.000000 3.000000 4.000000
 5003500.000000 49.610544 -0.118554 1.600123 0.003708 84957.273543 215.000000 3.000000 27.000000
 5004000.000000 31.631658 0.091921 1.600004 0.003708 84964.207740 215.000000 3.000000 22.000000
 5004500.000000 30.697025 0.066996 1.599889 0.003708 84971.257132 215.000000 4.000000 5.000000
 5005000.000000 21.459658 0.064311 1.599775 0.003708 84978.353020 215.000000 4.000000 36.000000
 5005500.000000 28.484307 0.028057 1.599660 0.003708 84985.412052 215.000000 4.000000 5.000000
 5006000.000000 36.028224 0.060299 1.599545 0.003708 84992.485651 215.000000 3.000000 13.000000
 5006500.000000 42.701306 0.052683 1.599430 0.003708 84999.531514 215.000000 3.000000 82.000000
 5007000.000000 48.320386 -0.087955 1.599308 0.003708 85006.316392 215.000000 4.000000 39.000000
 5007500.000000 63.659532 -0.252051 1.599183 0.003708 85013.016051 215.000000 3.000000 1.000000
 5008000.000000 51.280620 -0.093495 1.599061 0.003708 85019.807701 215.000000 3.000000 5.000000
 5008500.000000 58.370696 -0.231329 1.598935 0.003708 85026.418130 215.000000 3.000000 6.000000
 5009000.000000 66.664712 -0.276726 1.598809 0.003708 85033.080336 215.000000 3.000000 3.000000
 5009500.000000 61.156883 -0.233746 1.598682 0.003708 85039.652824 215.000000 3.000000 8.000000
 5010000.000000 49.584387 -0.111744 1.598556 0.003708 85046.307647 215.000000 3.000000 3.000000
 5010500.000000 50.077228 -0.078898 1.598435 0.003708 85053.113191 215.000000 3.000000 37.000000
 5011000.000000 51.544816 -0.118373 1.598314 0.003707 85059.947188 215.000000 3.000000 5.000000
 5011500.000000 23.243784 0.018471 1.598197 0.003707 85066.944422 215.000000 3.000000 50.000000
 5012000.000000 26.295252 0.095890 1.598084 0.003707 85074.056332 215.000000 4.000000 3.000000
 5012500.000000 35.657473 0.068538 1.597970 0.003707 85081.154158 215.000000 2.000000 3.000000
 5013000.000000 44.532958 0.022265 1.597855 0.003707 85088.188261 215.000000 3.000000 24.000000
 5013500.000000 37.081603 0.086584 1.597741 0.003707 85095.265678 215.000000 3.000000 8.000000
 5014000.000000 38.234158 0.043894 1.597626 0.003707 85102.344180 215.000000 3.000000 18.000000
 5014500.000000 27.348374 0.092844 1.597512 0.003707 85109.433048 215.000000 4.000000 8.000000
 5015000.000000 22.015073 0.074997 1.597399 0.003707 85116.541701 215.000000 4.000000 23.000000
 5015500.000000 11.015467 0.264522 1.597291 0.003707 85123.842355 215.000000 3.000000 39.000000
 5016000.000000 14.798634 0.100466 1.597189 0.003707 85131.371819 215.000000 4.000000 22.000000
 5016500.000000 10.571824 0.354486 1.597092 0.003707 85139.024240 215.000000 3.000000 56.000000
 5017000.000000 11.530339 0.262755 1.596992 0.003707 85146.618487 215.000000 3.000000 106.000000
 5017500.000000 11.135164 0.249258 1.596891 0.003707 85154.164685 215.000000 3.000000 34.000000
 5018000.000000 21.074052 0.122604 1.596783 0.003707 85161.436351 215.000000 4.000000 15.000000
 5018500.000000 17.991170 0.129509 1.596671 0.003707 85168.593534 215.000000 4.000000 16.000000
 5019000.000000 33.612357 0.091168 1.596557 0.003707 85175.682165 215.000000 2.000000 55.000000
 5019500.000000 22.378242 0.114294 1.596444 0.003707 85182.801542 215.000000 4.000000 60.000000
 5020000.000000 29.700273 0.139906 1.596332 0.003707 85189.956293 215.000000 3.000000 13.000000
 5020500.000000 29.577579 0.144420 1.596218 0.003707 85197.032698 215.000000 4.000000 17.000000
 5021000.000000 21.948916 0.068629 1.596106 0.003707 85204.183977 215.000000 4.000000 8.000000
 5021500.000000 39.597405 0.055666 1.595992 0.003707 85211.296965 215.000000 3.000000 15.000000
 5022000.000000 45.642442 -0.059314 1.595878 0.003707 85218.366448 215.000000 3.000000 18.000000
 5022500.000000 35.256809 0.079951 1.595765 0.003707 85225.475628 215.000000 3.000000 8.000000
 5023000.000000 21.206129 0.116926 1.595652 0.003706 85232.605377 215.000000 4.000000 14.000000
 5023500.000000 22.894392 0.096737 1.595540 0.003706 85239.750113 215.000000 4.000000 25.000000
 5024000.000000 42.782128 0.055044 1.595426 0.003706 85246.807783 215.000000 3.000000 9.000000
 5024500.000000 36.809334 0.082579 1.595313 0.003706 85253.936075 215.000000 3.000000 8.000000
 5025000.000000 34.726350 0.123165 1.595200 0.003706 85261.047724 215.000000 3.000000 16.000000
 5025500.000000 34.102797 0.100158 1.595088 0.003706 85268.197839 215.000000 2.000000 48.000000
 5026000.000000 34.270685 0.092882 1.594975 0.003706 85275.317402 215.000000 3.000000 13.000000
 5026500.000000 20.739608 0.138397 1.594862 0.003706 85282.437422 215.000000 4.000000 26.000000
 5027000.000000 28.916558 0.100953 1.594749 0.003706 85289.558702 215.000000 4.000000 33.000000
 5027500.000000 42.487325 0.065583 1.594637 0.003706 85296.678935 215.000000 3.000000 2.000000
 5028000.000000 48.324126 -0.073964 1.594516 0.003706 85303.516649 215.000000 3.000000 6.000000
 5028500.000000 42.063380 0.055196 1.594399 0.003706 85310.473378 215.000000 3.000000 14.000000
 5029000.000000 32.043648 0.082176 1.594286 0.003706 85317.589240 215.000000 3.000000 7.000000
 5029500.000000 40.102721 0.057330 1.594171 0.003706 85324.626791 215.000000 3.000000 15.000000
 5030000.000000 32.230847 0.079632 1.594058 0.003706 85331.703531 215.000000 3.000000 5.000000
 5030500.000000 25.998514 0.126923 1.593946 0.003706 85338.872428 215.000000 4.000000 14.000000
 5031000.000000 34.303051 0.099931 1.593835 0.003706 85346.044970 215.000000 3.000000 10.000000
 5031500.000000 48.462276 -0.065946 1.593722 0.003706 85353.134647 215.000000 3.000000 8.000000
 5032000.000000 48.377474 -0.067088 1.593599 0.003706 85359.869470 215.000000 3.000000 4.000000
 5032500.000000 56.206331 -0.150353 1.593473 0.003706 85366.482644 215.000000 3.000000 4.000000
 5033000.000000 59.303742 -0.259422 1.593348 0.003706 85373.146802 215.000000 3.000000 18.000000
 5033500.000000 54.308191 -0.122605 1.593230 0.003706 85380.036517 215.000000 3.000000 12.000000
 5034000.000000 50.284940 -0.071134 1.593108 0.003705 85386.818122 215.000000 3.000000 39.000000
 5034500.000000 63.944691 -0.217464 1.592986 0.003705 85393.563513 215.000000 3.000000 18.000000
 5035000.000000 55.006419 -0.105871 1.592862 0.003705 85400.258268 215.000000 3.000000 23.000000
 5035500.000000 45.442320 -0.033733 1.592741 0.003705 85407.045369 215.000000 3.000000 12.000000
 5036000.000000 41.826931 0.067019 1.592623 0.003705 85413.989676 215.000000 3.000000 26.000000
 5036500.000000 50.894522 -0.045400 1.592505 0.003705 85420.874250 215.000000 3.000000 6.000000
 5037000.000000 38.601466 0.053218 1.592388 0.003705 85427.832443 215.000000 3.000000 6.000000
 5037500.000000 34.974007 0.117968 1.592274 0.003705 85434.913702 215.000000 3.000000 7.000000
 5038000.000000 32.703193 0.075090 1.592162 0.003705 85442.050765 215.000000 3.000000 5.000000
 5038500.000000 30.816159 0.117977 1.592049 0.003705 85449.136950 215.000000 3.000000 20.000000
 5039000.000000 34.143253 0.112884 1.591936 0.003705 85456.257312 215.000000 3.000000 10.000000
 5039500.000000 37.443855 0.065163 1.591824 0.003705 85463.367301 215.000000 3.000000 5.000000
 5040000.000000 32.754694 0.069363 1.591712 0.003705 85470.521362 215.000000 3.000000 25.000000
 5040500.000000 39.475884 0.096525 1.591599 0.003705 85477.615758 215.000000 3.000000 14.000000
 5041000.000000 35.132067 0.101388 1.591486 0.003705 85484.705757 215.000000 3.000000 17.000000
 5041500.000000 43.935871 -0.002613 1.591373 0.003705 85491.798617 215.000000 3.000000 8.000000
 5042000.000000 45.511116 -0.031096 1.591258 0.003705 85498.834525 215.000000 3.000000 29.000000
 5042500.000000 33.726511 0.124867 1.591146 0.003705 85505.947098 215.000000 3.000000 15.000000
 5043000.000000 37.447323 0.075381 1.591033 0.003705 85513.044146 215.000000 3.000000 15.000000
 5043500.000000 41.060847 0.060367 1.590916 0.003705 85520.021860 215.000000 3.000000 12.000000
 5044000.000000 46.876457 0.028299 1.590799 0.003705 85526.962797 215.000000 3.000000 11.000000
 5044500.000000 40.327699 0.086656 1.590685 0.003705 85533.992419 215.000000 3.000000 13.000000
 5045000.000000 39.124199 0.100359 1.590571 0.003704 85541.071269 215.000000 3.000000 6.000000
 5045500.000000 43.585166 0.010308 1.590459 0.003704 85548.201761 215.000000 3.000000 3.000000
 5046000.000000 37.566092 0.071955 1.590346 0.003704 85555.300966 215.000000 3.000000 16.000000
 5046500.000000 30.118984 0.126020 1.590235 0.003704 85562.465830 215.000000 4.000000 6.000000
 5047000.000000 13.570211 0.233199 1.590127 0.003704 85569.714512 215.000000 3.000000 11.000000
 5047500.000000 14.576985 0.162933 1.590018 0.003704 85576.960349 215.000000 4.000000 28.000000
 5048000.000000 12.692923 0.229817 1.589913 0.003704 85584.336117 215.000000 4.000000 64.000000
 5048500.000000 12.236200 0.275512 1.589806 0.003704 85591.641540 215.000000 3.000000 89.000000
 5049000.000000 15.163489 0.175913 1.589699 0.003704 85598.948920 215.000000 4.000000 28.000000
 5049500.000000 13.874170 0.248497 1.589593 0.003704 85606.298939 215.000000 4.000000 21.000000
 5050000.000000 12.684026 0.237519 1.589489 0.003704 85613.711340 215.000000 3.000000 40.000000
 5050500.000000 14.890235 0.114162 1.589387 0.003704 85621.179105 215.000000 4.000000 23.000000
 5051000.000000 5.977472 0.568982 1.589289 0.003704 85628.805078 215.000000 3.000000 258.000000
 5051500.000000 18.172279 0.100824 1.589184 0.003704 85636.158939 215.000000 4.000000 14.000000
 5052000.000000 20.616151 0.142860 1.589074 0.003704 85643.374846 215.000000 4.000000 26.000000
 5052500.000000 15.771515 0.229171 1.588968 0.003704 85650.710041 215.000000 4.000000 16.000000
 5053000.000000 16.420594 0.135489 1.588861 0.003704 85658.033618 215.000000 3.000000 21.000000
 5053500.000000 14.172669 0.242792 1.588755 0.003704 85665.339391 215.000000 4.000000 46.000000
 5054000.000000 14.687502 0.161711 1.588650 0.003704 85672.729227 215.000000 4.000000 40.000000
 5054500.000000 12.663524 0.249952 1.588548 0.003704 85680.206430 215.000000 3.000000 106.000000
 5055000.000000 14.307499 0.234651 1.588446 0.003703 85687.679961 215.000000 3.000000 80.000000
 5055500.000000 9.706381 0.369106 1.588347 0.003703 85695.273674 215.000000 3.000000 26.000000
 5056000.000000 5.498230 0.576887 1.588263 0.003703 85703.303907 215.000000 3.000000 162.000000
 5056500.000000 7.501557 0.436347 1.588168 0.003703 85711.017453 215.000000 3.000000 86.000000
 5057000.000000 4.832381 0.606531 1.588092 0.003703 85719.310673 215.000000 3.000000 364.000000
 5057500.000000 13.996789 0.266058 1.588000 0.003703 85727.128670 215.000000 4.000000 162.000000
 5058000.000000 17.179167 0.171108 1.587898 0.003703 85734.580832 215.000000 4.000000 3.000000
 5058500.000000 27.535601 0.125040 1.587789 0.003703 85741.824689 215.000000 4.000000 3.000000
 5059000.000000 14.900226 0.141835 1.587683 0.003703 85749.163994 215.000000 3.000000 14.000000
 5059500.000000 11.401295 0.260886 1.587579 0.003703 85756.550462 215.000000 3.000000 35.000000
 5060000.000000 14.418409 0.228073 1.587476 0.003703 85764.002027 215.000000 4.000000 8.000000
 5060500.000000 13.742996 0.276188 1.587372 0.003703 85771.393384 215.000000 4.000000 16.000000
 5061000.000000 14.488541 0.221517 1.587265 0.003703 85778.703878 215.000000 3.000000 6.000000
 5061500.000000 16.679464 0.109514 1.587158 0.003703 85786.001324 215.000000 3.000000 81.000000
 5062000.000000 14.796736 0.154555 1.587054 0.003703 85793.386905 215.000000 4.000000 50.000000
 5062500.000000 12.643208 0.265540 1.586948 0.003703 85800.729523 215.000000 3.000000 30.000000
 5063000.000000 18.971588 0.205111 1.586845 0.003703 85808.151675 215.000000 4.000000 70.000000
 5063500.000000 25.895990 0.129277 1.586734 0.003703 85815.330223 215.000000 4.000000 12.000000
 5064000.000000 24.242127 0.111098 1.586624 0.003703 85822.483318 215.000000 4.000000 29.000000
 5064500.000000 20.901352 0.161695 1.586514 0.003703 85829.697360 215.000000 4.000000 9.000000
 5065000.000000 16.247344 0.201348 1.586408 0.003703 85837.013582 215.000000 4.000000 9.000000
 5065500.000000 8.161389 0.440851 1.586309 0.003703 85844.594505 215.000000 3.000000 21.000000
 5066000.000000 6.421596 0.526553 1.586223 0.003703 85852.558995 215.000000 3.000000 140.000000
 5066500.000000 9.925469 0.392196 1.586129 0.003702 85860.299472 215.000000 3.000000 67.000000
 5067000.000000 9.969736 0.395990 1.586031 0.003702 85867.921886 215.000000 4.000000 20.000000
 5067500.000000 14.966478 0.177449 1.585933 0.003702 85875.500182 215.000000 4.000000 99.000000
 5068000.000000 24.170261 0.111064 1.585824 0.003702 85882.743112 215.000000 4.000000 5.000000
 5068500.000000 13.106443 0.236016 1.585719 0.003702 85890.088635 215.000000 3.000000 18.000000
 5069000.000000 14.185791 0.270341 1.585617 0.003702 85897.564451 215.000000 4.000000 25.000000
 5069500.000000 18.058724 0.151298 1.585512 0.003702 85904.933905 215.000000 4.000000 16.000000
 5070000.000000 20.661962 0.166062 1.585408 0.003702 85912.319019 215.000000 4.000000 29.000000
 5070500.000000 18.931004 0.216678 1.585301 0.003702 85919.617957 215.000000 4.000000 26.000000
 5071000.000000 17.368820 0.209367 1.585196 0.003702 85926.977275 215.000000 4.000000 53.000000
 5071500.000000 20.955595 0.169022 1.585091 0.003702 85934.309612 215.000000 4.000000 4.000000
 5072000.000000 15.827882 0.269326 1.584987 0.003702 85941.730394 215.000000 4.000000 74.000000
 5072500.000000 12.065376 0.317606 1.584887 0.003702 85949.259633 215.000000 3.000000 28.000000
 5073000.000000 14.225193 0.273786 1.584789 0.003702 85956.857486 215.000000 4.000000 20.000000
 5073500.000000 17.508681 0.213811 1.584687 0.003702 85964.321870 215.000000 4.000000 34.000000
 5074000.000000 14.355687 0.261546 1.584583 0.003702 85971.716650 215.000000 4.000000 28.000000
 5074500.000000 21.486026 0.104727 1.584479 0.003702 85979.094285 215.000000 3.000000 78.000000
 5075000.000000 22.639159 0.139840 1.584369 0.003702 85986.267446 215.000000 4.000000 12.000000
 5075500.000000 22.533263 0.146507 1.584262 0.003702 85993.540689 215.000000 4.000000 54.000000
 5076000.000000 19.426607 0.212016 1.584156 0.003702 86000.868727 215.000000 4.000000 6.000000
 5076500.000000 16.560807 0.138133 1.584049 0.003702 86008.145114 215.000000 4.000000 25.000000
 5077000.000000 19.592599 0.193892 1.583945 0.003702 86015.534079 215.000000 4.000000 8.000000
 5077500.000000 4.832103 0.606955 1.583845 0.003702 86023.074672 215.000000 3.000000 358.000000
 5078000.000000 9.842758 0.393941 1.583753 0.003702 86030.858879 215.000000 3.000000 240.000000
 5078500.000000 18.670714 0.211029 1.583657 0.003702 86038.536914 215.000000 4.000000 12.000000
 5079000.000000 12.199158 0.323381 1.583556 0.003702 86046.025252 215.000000 4.000000 180.000000
 5079500.000000 11.831246 0.323981 1.583460 0.003702 86053.682766 215.000000 4.000000 27.000000
 5080000.000000 9.933553 0.403371 1.583364 0.003702 86061.319405 215.000000 4.000000 40.000000
 5080500.000000 7.028682 0.430679 1.583275 0.003702 86069.223021 215.000000 3.000000 155.000000
 5081000.000000 7.184622 0.450497 1.583187 0.003702 86077.133347 215.000000 3.000000 69.000000
 5081500.000000 0.194773 2.382840 1.583148 0.003701 86085.792187 215.000000 3.000000 777.000000
 5082000.000000 1.448867 1.484328 1.583183 0.003701 86095.378853 215.000000 3.000000 759.000000
 5082500.000000 0.927279 2.111849 1.583142 0.003701 86104.316190 215.000000 3.000000 5293.000000
 5083000.000000 0.969882 2.080891 1.583172 0.003702 86113.951112 215.000000 3.000000 88.000000
 5083500.000000 0.840883 2.167990 1.583157 0.003702 86123.170345 215.000000 3.000000 492.000000
 5084000.000000 0.572350 2.296728 1.583164 0.003702 86132.750200 215.000000 3.000000 326.000000
 5084500.000000 0.221354 2.379762 1.583221 0.003703 86142.523764 215.000000 3.000000 2228.000000
 5085000.000000 0.438905 2.338606 1.583287 0.003703 86152.300822 215.000000 3.000000 180.000000
 5085500.000000 0.950898 2.094942 1.583335 0.003705 86162.172506 215.000000 3.000000 116.000000
 5086000.000000 1.757375 0.997040 1.583354 0.003706 86171.785272 215.000000 3.000000 356.000000
 5086500.000000 5.138631 0.606837 1.583372 0.003706 86181.008351 215.000000 3.000000 47.000000
 5087000.000000 1.121924 1.950366 1.583336 0.003706 86189.910819 215.000000 3.000000 52.000000
 5087500.000000 5.859340 0.580649 1.583365 0.003707 86199.654769 215.000000 3.000000 128.000000
 5088000.000000 0.991059 2.064832 1.583365 0.003707 86209.073564 215.000000 3.000000 5081.000000
 5088500.000000 1.049576 2.016978 1.583402 0.003708 86218.953216 215.000000 4.000000 188.000000
 5089000.000000 0.731721 2.227609 1.583429 0.003709 86228.601380 215.000000 3.000000 1540.000000
 5089500.000000 3.200720 0.743307 1.583459 0.003709 86238.040255 215.000000 4.000000 418.000000
 5090000.000000 2.791031 0.832643 1.583398 0.003709 86246.704530 215.000000 4.000000 98.000000
 5090500.000000 0.948468 2.096732 1.583434 0.003709 86256.419428 215.000000 3.000000 115.000000
 5091000.000000 0.353759 2.357814 1.583498 0.003710 86266.272027 215.000000 3.000000 115.000000
 5091500.000000 0.288082 2.369758 1.583589 0.003710 86276.005399 215.000000 3.000000 115.000000
 5092000.000000 0.245467 2.375897 1.583677 0.003710 86285.760835 215.000000 3.000000 115.000000
 5092500.000000 0.060490 2.388350 1.583770 0.003710 86295.473481 215.000000 3.000000 115.000000
 5093000.000000 0.649117 2.265734 1.583852 0.003711 86305.274497 215.000000 3.000000 184.000000
 5093500.000000 1.683905 1.002699 1.583886 0.003710 86314.853699 215.000000 4.000000 23.000000
 5094000.000000 7.235012 0.453337 1.583804 0.003710 86322.932607 215.000000 3.000000 38.000000
 5094500.000000 1.459763 1.465999 1.583734 0.003710 86331.307334 215.000000 3.000000 61.000000
 5095000.000000 0.139465 2.385653 1.583811 0.003711 86341.163056 215.000000 3.000000 705.000000
 5095500.000000 0.837004 2.170074 1.583874 0.003712 86351.071309 215.000000 3.000000 211.000000
 5096000.000000 0.368842 2.354390 1.583875 0.003713 86360.376201 215.000000 3.000000 2390.000000
 5096500.000000 3.955258 0.732085 1.583843 0.003713 86369.342424 215.000000 3.000000 61.000000
 5097000.000000 0.477903 2.326727 1.583863 0.003713 86378.802427 215.000000 3.000000 700.000000
 5097500.000000 0.000000 2.386950 1.583916 0.003713 86388.400675 215.000000 3.000000 570.000000
 5098000.000000 0.060296 2.387934 1.584009 0.003713 86398.115996 215.000000 3.000000 570.000000
 5098500.000000 0.329738 2.362232 1.584094 0.003713 86407.905568 215.000000 3.000000 570.000000
 5099000.000000 0.562454 2.299387 1.584174 0.003714 86417.703676 215.000000 3.000000 132.000000
 5099500.000000 0.106493 2.386967 1.584266 0.003714 86427.419482 215.000000 3.000000 132.000000
 5100000.000000 0.659414 2.261203 1.584357 0.003714 86437.155729 215.000000 3.000000 132.000000
 5100500.000000 0.000000 2.386942 1.584449 0.003714 86446.870785 215.000000 3.000000 132.000000
 5101000.000000 0.000000 2.386971 1.584542 0.003714 86456.584123 215.000000 3.000000 132.000000
 5101500.000000 0.000000 2.387004 1.584635 0.003714 86466.295225 215.000000 3.000000 132.000000
 5102000.000000 0.000000 2.387036 1.584728 0.003714 86476.006367 215.000000 3.000000 132.000000
 5102500.000000 0.000000 2.387068 1.584820 0.003714 86485.717549 215.000000 3.000000 132.000000
 5103000.000000 0.000000 2.387100 1.584913 0.003714 86495.428771 215.000000 3.000000 132.000000
 5103500.000000 0.000000 2.387133 1.585006 0.003714 86505.140034 215.000000 3.000000 132.000000
 5104000.000000 0.000000 2.387165 1.585099 0.003714 86514.851336 215.000000 3.000000 132.000000
 5104500.000000 0.000000 2.387197 1.585191 0.003714 86524.562678 215.000000 3.000000 132.000000
 5105000.000000 0.000000 2.387229 1.585284 0.003714 86534.274060 215.000000 3.000000 132.000000
 5105500.000000 0.000000 2.387261 1.585377 0.003714 86543.985482 215.000000 3.000000 132.000000
 5106000.000000 0.000000 2.387294 1.585470 0.003714 86553.696944 215.000000 3.000000 132.000000
 5106500.000000 0.000000 2.387326 1.585562 0.003714 86563.408446 215.000000 3.000000 132.000000
 5107000.000000 0.000000 2.387358 1.585655 0.003714 86573.119988 215.000000 3.000000 132.000000
 5107500.000000 0.000000 2.387390 1.585748 0.003714 86582.831570 215.000000 3.000000 132.000000
 5108000.000000 0.000000 2.387422 1.585840 0.003714 86592.543191 215.000000 3.000000 132.000000
 5108500.000000 0.000000 2.387455 1.585933 0.003714 86602.254853 215.000000 3.000000 132.000000
 5109000.000000 0.000000 2.387486 1.586025 0.003714 86611.966513 215.000000 3.000000 132.000000
 5109500.000000 0.000000 2.387518 1.586118 0.003714 86621.678255 215.000000 3.000000 132.000000
 5110000.000000 0.000000 2.387551 1.586210 0.003714 86631.390037 215.000000 3.000000 132.000000
 5110500.000000 0.000000 2.387580 1.586303 0.003714 86641.106782 215.000000 3.000000 132.000000
 5111000.000000 0.061540 2.388559 1.586395 0.003714 86650.818190 215.000000 3.000000 132.000000
 5111500.000000 0.000000 2.387643 1.586488 0.003714 86660.530177 215.000000 3.000000 132.000000
 5112000.000000 0.000000 2.387674 1.586580 0.003714 86670.241664 215.000000 3.000000 132.000000
 5112500.000000 0.000000 2.387706 1.586673 0.003714 86679.953499 215.000000 3.000000 132.000000
 5113000.000000 0.000000 2.387738 1.586765 0.003714 86689.665376 215.000000 3.000000 132.000000
 5113500.000000 0.000000 2.387770 1.586858 0.003714 86699.377444 215.000000 3.000000 132.000000
 5114000.000000 0.000000 2.387802 1.586950 0.003714 86709.089552 215.000000 3.000000 132.000000
 5114500.000000 0.000000 2.387834 1.587042 0.003714 86718.801700 215.000000 3.000000 132.000000
 5115000.000000 0.000000 2.387866 1.587135 0.003714 86728.513888 215.000000 3.000000 132.000000
 5115500.000000 0.000000 2.387898 1.587227 0.003714 86738.226116 215.000000 3.000000 132.000000
