3.486495231295736927e-153
5.062565579058808147e-34
8.694692663162974732e-74
1.944454346179540780e-72
9.782200080389392298e-99
2.352307086110976032e-121
6.367193073159582180e-92
8.951892553673481598e-120
8.770878135379148438e-118
4.765748295840860518e-178
4.396994452080565998e-109
5.069475696946316464e-113
5.186417741334915117e-25
6.635929761990564703e-89
9.542922358776685968e-100
4.219678546544705152e-61
4.152243672871300090e-90
1.586563190870476746e-74
4.138936777545384353e-57
4.896480864462145419e-46
4.520755301645621134e-74
2.446162070386433330e-128
1.334152506050627713e-132
5.432953080446656565e-96
1.769998023720796415e-103
2.650526887443467319e-78
7.991939823936347311e-100
1.454259229756498072e-70
1.988412216287459459e-90
9.931195444520207587e-104
5.015386778390805130e-125
2.831729130337530585e-121
1.580694088826887081e-74
1.460221544916489834e-111
1.114865478362726494e-107
3.994176215789061162e-72
5.873060463348775350e-70
6.567116110225208344e-48
6.495955498957990659e-90
9.373367440748275093e-71
2.877506651526979937e-22
1.566309718539764159e-06
1.233147305398392552e-24
1.073926021466381775e-46
2.811437380615385728e-44
1.237092973973694502e-26
6.289230111107959788e-94
5.065161522344120557e-33
8.828836845189466767e-81
1.026024201607996049e-47
3.215904372170830275e-37
6.666194273662391248e-43
3.118993165772452024e-89
2.219091520003342277e-84
7.088456961860714799e-27
6.956497644286763093e-58
2.699356805834298449e-46
3.177070090609329105e-111
1.045770682082549889e-58
1.448026475074990959e-45
9.610352436613899110e-93
3.390366336373816597e-73
8.893103375312726562e-74
3.178782183411229576e-97
6.022215442960308992e-115
1.009544444469898012e-105
5.070345788045839516e-119
6.750854763383983639e-148
7.518070058116509212e-157
5.625879498619494376e-111
1.221313319608107108e-82
6.176825753862079687e-86
9.584875546264425504e-102
2.082755763967366250e-57
4.347248783594837114e-45
1.042901657218021290e-37
2.467813165261117263e-28
1.938295056206753450e-22
2.985601687960796069e-15
1.248271849825553054e-22
6.259810457379620616e-26
2.181503674703109825e-48
2.038933777768118714e-40
7.601122584608995806e-10
8.775008111200159690e-13
6.958490192563682047e-34
6.477785262858908840e-12
1.101271606766299548e-10
2.944528718027019501e-43
6.951931267116937272e-11
1.339549864346775758e-11
1.246641158891634260e-36
2.927300114100197874e-35
1.964758068384161657e-04
7.064327853578330792e-06
1.041405352178255933e-08
1.652731463009042730e-03
3.816459138587662849e-04
1.433073398681875996e-12
1.560469086705448495e-07
1.444532168724450004e-26
1.252389875658888952e-03
3.694163436129374351e-04
1.313727903544513074e-03
1.232538414684483620e-03
1.585702062794415532e-03
1.378057085165769642e-03
1.924319043834342696e-03
1.904241885268348955e-03
1.550337637393177457e-03
1.044490773227973101e-04
6.838248732144063587e-04
7.318280964297326212e-06
5.881665401822099362e-04
6.624418724860967060e-52
5.788818451438147236e-41
2.592169931573512822e-28
7.906649733530615795e-11
7.655489243809170819e-25
1.776715119266054315e-80
1.869573372944421999e-53
3.350046462279578658e-87
1.524576094826631566e-65
2.320354845911240986e-68
2.094400885919647499e-60
1.269418708257496877e-47
4.101959651000762349e-31
1.910106717086895130e-82
2.019007563191852248e-33
9.361363662641641655e-24
1.838634842054143141e-47
4.925240111552064889e-47
6.406966304906158067e-84
2.575566617960288217e-56
1.319504452621020860e-79
1.177436820465636545e-112
5.959291851447019304e-70
1.006994531345624974e-91
2.403851825490272009e-85
1.342702685495173815e-52
1.031304247845622851e-58
8.784372965793273580e-20
2.100412903228373819e-31
1.715983499621234184e-43
5.879775348613096210e-50
9.838648029430470718e-65
1.494909149407549147e-61
4.489859993732511951e-26
3.310252130060769578e-29
1.033260363027612434e-51
5.434143589441753567e-54
8.003423968538470273e-47
5.277711135439109343e-21
7.644071719361262105e-07
5.995804073371078233e-25
1.027924405285664458e-59
2.304214435264809200e-46
1.394273458865665536e-29
5.627660226808691678e-42
1.004299377430106034e-25
1.141942016299671224e-15
3.887557270637952706e-15
2.556283618145248670e-09
1.739981780111374108e-21
1.467162594739253604e-53
3.523059438459942079e-14
7.942883608455254096e-16
8.969937964997907159e-22
4.492947226223142174e-10
3.019962719489905940e-37
2.407163394175759503e-15
2.504207329200515597e-31
3.017710552820992545e-32
2.717652540816801044e-32
1.977728242370637348e-48
1.310898526739115884e-29
2.482316434721466034e-31
3.314183837216031046e-33
2.413167906765502560e-73
2.252397245244917696e-35
2.681559854567960566e-91
2.445982601327703391e-73
2.545055141043654036e-19
2.936440427750121253e-04
5.654284620860050727e-08
3.419948415183525926e-04
3.835990358864895345e-06
9.390620221764549630e-06
1.889254967424810023e-08
6.361980320078851990e-09
1.956323975105923046e-16
7.837513131739414039e-07
1.437050559137531956e-11
1.184467208037550765e-20
9.896682044975941498e-05
9.756672073036377381e-04
1.137853397356637262e-03
1.562089199837254097e-05
1.683412704996196163e-08
1.190621650372476874e-10
1.824224367497611710e-03
7.137325482732991021e-09
5.131019296770878823e-04
2.676519865059504857e-04
2.570452232759524850e-04
5.780333907825735386e-07
2.501125030976570469e-04
8.349780545754213312e-04
7.367330067764563985e-04
9.280461938728453201e-05
1.465633979336213962e-06
2.951352619192858468e-05
5.536852779822162748e-05
4.730471084753981375e-04
1.344695661481169586e-14
2.967737288794942534e-32
1.538884182203065937e-32
4.349274557199866043e-49
4.306189137408728567e-42
1.191760361265415502e-08
6.417114177591416164e-30
1.562158196552319539e-36
7.436725875568049166e-45
3.371570792515702613e-10
5.234401273785172602e-30
2.181663510168964416e-14
6.421613523860725465e-37
7.815150906159779059e-31
1.805616086298160588e-26
1.555030860670901366e-17
7.864007824783956821e-29
8.229693579353173469e-14
5.438612440924904673e-11
1.444895534501099583e-07
8.956630612787498929e-26
6.148654026367448292e-27
6.898227754268624429e-20
2.989380739040403896e-14
3.983842976291054860e-08
1.301215119413285502e-10
2.398263173496912029e-14
4.586718766198906395e-08
6.592802520703285994e-06
4.471568125620838883e-05
1.008936926778328480e-11
1.795654356029024313e-07
2.062815450341565866e-04
1.839747670740463472e-03
4.168113470090064406e-05
1.293654246814184418e-06
2.931132019095326929e-09
7.361149724116831048e-12
1.413890717910800426e-11
9.314552278991728112e-23
3.531883617747700107e-07
1.331356365664883908e-03
2.951377080632510922e-16
8.488125453315320716e-06
2.069477773483346217e-06
8.718927231728062317e-04
2.622113803326007813e-11
3.088132600890805210e-05
6.523764866253068664e-04
2.929098341929620999e-04
1.910059498580349508e-03
1.539111597225440451e-03
2.570056364105869660e-06
3.587270927542836199e-04
1.262782978498475442e-03
1.231218848352908825e-03
1.432924074600535511e-05
9.743565293607744059e-04
2.554747152450239750e-05
2.159496785708757069e-04
1.542617048648966645e-06
1.062607417860813079e-08
1.391704361882434975e-10
2.808269605174770705e-13
5.474979796195597347e-07
6.739991573355522427e-45
2.827671415880447547e-107
3.436213448814300945e-69
3.862103832691190533e-68
2.873280782752151158e-46
1.337399098416597679e-31
4.493168916957106445e-08
5.857355199256113709e-48
1.924009135618333464e-68
1.580161293487030081e-23
3.864565895975959052e-32
5.613983921888653033e-27
1.958512556921300925e-37
1.456330266195704905e-73
2.705741635366731159e-56
6.460006784933273408e-79
2.171315325025815975e-29
9.170050751432437566e-48
8.240562436960430436e-39
7.571138486752092877e-60
4.618662087748304531e-19
1.238831607240703376e-25
5.175311478893548545e-63
4.628993960099342886e-31
2.458260606631200574e-56
2.779741932681426830e-74
5.136926448539007455e-72
2.400485147735428279e-41
1.845647157698915974e-14
2.358162023383966805e-08
2.854169485515031056e-06
4.075479849228847376e-12
1.097213128661797023e-03
1.304412779305139028e-08
4.093566382388394904e-11
1.124434217263391448e-07
1.109022708763887019e-05
5.220190817146370522e-08
3.294883511015762305e-10
5.236081942299741912e-05
2.769783073290437683e-04
1.844055331547947641e-13
1.206831169488680591e-07
1.532706550289364151e-32
9.293843138050282085e-18
4.143688900111588014e-17
1.087593522600199872e-31
1.660578882780317245e-18
5.474956766361293691e-24
5.523327198383710258e-15
1.216366485972793936e-09
7.930267913110409209e-14
2.317389915763858813e-45
5.612540212294518109e-67
1.153081276660697304e-54
3.289547436000832350e-20
2.294930775498540822e-16
7.757271079455169041e-29
9.371333838865991846e-18
1.570804406399620208e-27
2.035754765057936077e-62
1.032627070683580693e-57
3.361110544705763043e-61
5.420122765592755087e-26
5.318491816888905550e-54
4.533881501717074226e-77
1.116182119797131874e-100
8.740860687988598056e-66
3.055346567634272213e-51
4.905931350432562419e-59
1.250028013530786598e-52
9.446675462770655124e-85
3.280422771078320426e-98
1.015913352361409853e-57
2.379469783933815372e-64
1.323736350578417971e-59
7.058284392501230615e-47
6.971103645348881371e-53
7.232283449656543875e-13
4.306125172234362896e-25
6.374725130593324480e-20
5.856993704056729599e-73
3.689878435382753915e-44
9.388770438054411266e-64
2.604345914322932230e-30
4.670696122268961344e-28
9.787149848836807049e-40
2.419292168804026283e-42
5.564570701036959826e-20
2.448911803054752736e-20
3.936090121398585490e-20
8.890658630745248574e-16
3.402746578821786448e-18
2.798206767747200017e-41
4.170134047542902972e-21
5.970789741155293058e-25
2.033870579948773836e-27
3.223617078569217732e-09
1.279108707719333691e-14
1.176871804969740512e-17
1.722688691165786826e-17
5.754108860342605430e-14
4.585801008475837206e-27
2.740243681907403478e-44
8.937745139466586027e-40
1.886305846134684546e-15
3.814232290909242650e-27
1.014150908235979425e-49
2.494227508991555282e-15
1.085554868988798711e-38
1.801774309057559942e-30
3.411578110403329854e-23
1.021213473186545616e-26
5.407814539829998381e-25
9.750751136846095030e-46
6.249109176023860682e-33
1.284979027354397944e-81
5.520173059599365475e-62
2.528575773107663341e-68
6.122581258043760017e-35
7.807743570290774947e-47
5.323357136851666678e-59
1.967365536197182760e-53
2.441910046323583340e-43
1.373688415726531415e-27
2.426050866007637890e-21
4.045626334760520913e-24
1.878163373748632601e-17
2.372567201812813114e-06
1.624884950024620126e-21
5.646604766099024914e-11
1.787578827638058914e-50
2.800838521654567910e-72
7.844811786285294042e-44
4.710776360668708854e-27
7.763401486801542396e-35
2.938975199742334963e-48
9.260731943253777685e-39
2.812377854112327141e-42
1.990631348100748641e-48
1.715098343885678628e-25
7.411244309157205199e-39
2.576909693462339541e-35
7.355916663680287606e-16
8.685846656692079442e-22
1.529806269625859118e-26
2.897261727795781969e-17
3.008165848464882128e-14
3.681576905271585428e-11
1.974709215610891789e-21
1.318671087179547503e-21
5.758360766193988589e-20
8.717482023024948290e-10
2.893943931789117569e-47
4.129762574926547324e-23
2.070405507992234698e-23
6.062732003125123980e-18
4.235701315772806145e-16
1.164167138147675460e-30
1.489929483412422997e-19
7.311902647435569675e-39
2.655601350146294013e-14
4.101885037706393291e-34
6.210126405249811518e-39
4.113604941572179986e-05
8.997714761140676338e-05
9.127835423028824975e-37
1.935968469612925389e-16
2.576354461420504031e-12
2.889388105527623356e-06
9.899835436602976053e-04
4.267497971221143445e-05
9.716077617327108533e-04
1.539516840307327962e-05
1.321761240334331285e-03
3.054538530460457115e-04
1.299152519798988766e-09
7.341401009005186690e-11
1.540420854429105620e-03
9.787420245257818563e-08
1.448025853255156554e-03
3.485173915838784176e-08
1.599704449725963254e-03
5.540101145430822303e-27
4.284772841196608469e-05
3.815976257349981444e-05
3.045299391870225298e-04
1.780365054445532696e-13
5.516998065827195541e-10
4.424580899883744060e-08
3.862362165634642438e-04
1.111184183233361158e-34
1.300870024131360082e-03
1.820660686356436733e-03
9.343121341889780452e-08
2.027921814198558380e-12
1.850981181519081902e-19
2.378706096785920062e-04
1.099629187880119623e-13
4.552041531812289462e-04
1.858575851635270448e-03
9.243402750151346148e-17
2.597085462748189872e-04
4.626191503073719982e-47
6.114916442792285634e-33
6.340654486274117033e-15
5.581554319939178299e-27
1.335512848369014160e-13
3.856869186315772953e-13
2.513823787515851372e-15
8.967500224154716043e-11
2.274482047934456246e-08
1.607072911712764634e-22
1.562588441865248504e-20
5.848327444072009748e-05
1.695361042230867491e-15
3.642960237627086196e-07
1.061324756841559569e-36
3.576722409522760434e-09
1.987935219158253492e-14
1.737948689541314899e-03
2.092952400493113419e-04
4.674885047977526929e-141
3.838099072544218421e-155
9.570358577878436192e-146
1.585068764359488526e-128
8.870533818163918555e-92
2.445010465838950071e-96
3.962198040298512498e-50
6.055021990202444315e-74
7.688092676147747093e-28
1.315171312546839240e-100
1.055432461620837182e-100
3.379937815022047383e-122
3.579705998642525625e-133
5.474616441292811212e-100
7.145022165614864673e-76
1.935248649939870309e-66
1.869213265144394214e-143
4.950066827168628853e-96
6.725736752022964628e-66
1.642293898968012593e-140
7.538055230040134811e-140
2.088458862658412748e-119
2.500161522030206593e-104
6.081734429584088220e-144
3.139641716698624117e-155
1.108686692786488942e-136
3.462655222954557968e-100
5.987939767571905672e-129
1.205480034879332404e-90
5.372245888245281664e-84
3.188935080688323219e-99
6.456716574783308016e-90
1.937926339304930080e-101
1.133063037394051408e-122
2.540809633795310072e-159
1.030108121640992301e-129
2.902249000728432749e-126
1.417612171825712549e-122
1.245072214948979644e-147
1.026559343600161257e-102
4.194242671441502163e-133
1.898352118405254100e-73
2.909504049849668465e-93
3.162588757149011895e-147
1.269093103317822671e-139
4.069552345180982027e-138
6.781220136326681842e-60
7.201008874645703410e-77
8.164427817109151244e-36
1.514012700535598225e-65
9.241783575645575035e-32
1.709011624786291991e-57
7.586321899102287730e-43
3.423953651207128209e-56
5.358691869882872143e-54
1.042667419422128560e-44
1.685995605234979880e-101
8.895893606830864737e-106
1.798270120391207181e-62
1.016595988738695721e-122
1.959460927507424108e-52
6.480219139084708562e-57
2.291699733114669019e-75
8.111714514578005364e-55
5.566401552401393852e-50
6.252163770714105243e-67
1.308107005191924262e-86
1.741277818726189903e-62
2.521726732550077209e-31
1.863550693179495155e-16
2.503930117959729771e-53
3.441253767044166794e-54
7.755815903343401273e-44
2.309598251385590955e-33
4.037025622777563292e-36
1.369695714052763448e-71
8.919064760990368688e-51
4.433050854835590230e-86
1.598814180253604746e-47
2.934724212070536246e-89
2.929344919386645689e-73
4.800922793701716322e-19
2.611534402866567399e-54
1.646283211529859524e-51
6.098651777229721697e-50
6.882228184289528964e-91
6.351827105785032546e-126
1.293264905878927361e-92
2.905731449709135184e-65
8.779372823080301070e-80
5.843455536546709196e-119
4.605280621684163094e-94
1.136918493619206852e-149
8.956617239932071515e-148
1.024459587306758804e-160
4.717311252135112503e-146
4.205230232205953754e-124
1.069345463075868725e-88
1.384284512048026465e-48
4.704595475308833664e-106
3.268203165860540064e-140
1.466589690163381749e-131
3.371029812068740467e-125
7.241926332713587111e-176
5.946625733029193932e-127
3.052831440642136386e-75
2.467031661764650994e-96
9.830552789113146146e-127
3.336235053124179947e-137
7.099932778355889142e-95
2.683976952012666180e-126
2.259456031567139689e-117
1.073015969587094689e-100
4.913196881462259315e-113
2.120439087913711393e-126
1.686802355677275314e-104
1.068121328491577591e-109
3.088108966874259327e-74
6.723868244184901662e-102
1.252348152046396095e-113
6.646558483871031374e-149
9.283958288287853603e-110
1.649205353175272924e-132
9.429927819696530339e-127
1.010695462237381160e-140
7.698062006946532717e-109
6.481737685927282157e-153
3.870070169748389178e-120
1.711501969350008780e-100
2.876277540632274008e-95
7.605604020777116760e-100
1.008454564306933077e-119
9.944365821506442543e-125
3.541977017687668352e-164
1.242345054372823099e-175
1.882786638997274603e-78
3.240149554722572217e-98
2.660834129988768130e-122
8.048390712248100149e-105
9.326877926071541871e-129
1.033687402070543866e-129
2.504007075371155621e-144
7.797597688936729822e-156
7.289444143207249546e-161
1.416303317025321163e-129
1.283872247164659587e-158
1.485103240276406174e-153
2.401232612708236902e-120
5.766716889568975112e-75
1.006940180347738972e-80
3.272668846157292420e-121
3.146647991841475680e-93
8.749935642982562600e-139
7.109563539055628646e-69
2.529978297556983452e-69
9.344715314514072756e-108
5.395414675176677827e-147
5.478726597276957766e-71
4.032310784559943055e-103
1.487596027772299909e-127
3.667266019481370765e-123
1.119594358946855761e-116
6.904022476557727906e-149
1.098623441432016776e-95
9.725349069994023508e-101
1.436490737906357988e-129
5.544383229779270704e-90
2.120320901933997458e-105
3.140928700902741310e-161
9.474363349199668819e-156
1.693792837202319664e-103
1.705950828514797732e-121
1.838003552480085790e-133
8.392928974051410657e-42
1.453536855241026269e-46
5.538693386371574876e-75
4.479293355762778170e-108
2.916829905566144732e-98
6.670836282933567053e-95
2.799339820811725651e-138
1.370979829092461066e-149
6.987810515363375551e-104
2.446027185920303786e-69
6.053191766373678520e-131
1.313446651836842687e-137
6.003853239130850845e-144
2.525357676891006412e-106
6.173630152465294472e-140
8.005541674006714906e-86
6.806180368505854974e-151
1.983037590862200862e-152
6.969519362424333047e-77
1.013844640931247716e-80
1.070094171144521122e-150
1.265472761082231368e-141
2.784907230138156875e-135
5.758229232040939161e-134
6.772919517965946166e-152
6.022589076331647849e-110
3.320216673938331508e-102
3.992262546427046726e-142
1.517858802247960617e-115
1.502276629948791629e-61
4.908778809593011227e-75
2.043040674405722556e-90
5.101714921087264184e-55
4.025434972695000762e-53
1.240645597652595950e-48
4.058785718024538380e-73
2.471195279412255510e-51
6.764330909158939087e-105
5.237142786063859156e-116
1.340691531970522527e-83
2.212591342768452346e-45
1.127228515660531908e-52
3.827305923960231481e-76
2.726677739271710746e-77
3.816657994275616399e-53
4.133434019045095027e-35
1.159654363222650062e-37
8.369120313410474402e-68
1.008285715082684470e-53
3.340606442196898342e-20
5.290576378315231916e-47
1.627544296366420848e-55
1.615760008738626421e-52
6.631943242738080949e-47
4.825642056771190286e-30
3.102309746824778282e-43
2.301118566047386663e-07
4.720667384727358942e-08
1.973058094763612021e-26
7.394043334158501101e-17
1.139411330048295719e-30
1.246703124254310170e-29
1.067488897089234536e-33
6.601521816721437643e-38
3.297398643006577584e-61
1.894426943530978471e-49
5.524539542390684715e-40
6.769384896500558557e-05
1.308844478609699605e-20
7.023231594787971663e-11
4.316916603090191571e-04
2.008213878121001402e-07
2.011367330677519421e-16
3.152926752468550622e-08
2.802344468801874852e-50
1.976923414941104661e-19
2.048823063116488298e-33
2.234198080573711959e-15
2.140271242768078819e-14
8.975189112430167167e-09
2.309016332975525355e-09
2.959414475467538568e-22
2.570124533580021264e-24
6.720704448618878456e-14
6.427995059778750163e-18
8.751216293019006928e-14
8.857761023728970547e-10
5.609187285090553533e-22
2.945092589425011392e-24
1.256141637980878421e-09
2.578863236482987237e-51
5.161755704780640195e-42
1.067969400278092899e-19
7.398746649269690671e-40
4.747537098952848946e-32
2.060774719455452816e-61
3.260257619840305962e-46
1.962796576842791610e-132
5.355580942761345963e-146
7.514562477025294281e-66
2.761964167304107208e-62
4.667481968312479241e-75
2.831505678369848417e-83
2.143122727522906064e-104
3.191278097554707328e-96
1.876162584628438366e-100
4.057612871392355077e-105
1.992116019929772275e-72
9.741305102105293892e-122
1.693206184580836853e-132
4.568507778593570677e-77
1.892629164053422600e-81
1.244642293487514132e-165
6.811102096423249029e-120
2.785437176704580455e-158
3.671625311428481620e-129
4.935915416675812915e-148
3.426010435236885361e-111
8.525465948666090230e-90
2.607627807662099665e-155
1.686020153210539841e-73
7.202259477339139711e-144
1.128733620398564578e-112
2.280632401072057989e-99
2.644180427811453941e-65
1.619794488217738716e-85
7.775334099138177304e-71
1.153830830167352562e-35
3.662147590437093650e-121
2.847710939932846362e-89
2.168617575630766063e-128
7.427980705959101479e-128
5.851721727441322751e-164
2.661044142778841291e-82
8.146451510981948092e-89
4.261068680542468288e-126
2.228483197483197164e-132
8.733455279607300135e-81
1.266172577942554573e-121
2.085778949082762292e-134
9.230942865941743758e-98
1.034248932709463347e-65
1.544395407179041476e-109
6.869328207504461066e-128
1.996389026965964183e-73
1.342261881483375956e-70
4.119531604456156662e-95
1.736003326389827398e-44
5.497792320722530471e-98
3.859042781007496865e-48
7.151419260416621067e-121
7.361947102770659117e-98
5.835450039253155581e-94
4.798971195013429808e-52
6.988131679137956850e-134
8.397873725712038264e-116
9.289570360019245672e-73
1.813318511512077578e-107
1.896981188289125292e-139
3.872484962108991622e-135
6.037009775088169455e-147
8.448020033331886330e-99
1.191199014321099455e-136
1.526185753756107074e-150
1.096290481804918891e-149
3.847408320766639482e-107
2.854931431828608810e-103
2.713193836749483236e-141
1.404207011993082656e-61
2.555513824482214858e-130
1.347449778604701652e-141
7.560237019709814051e-128
7.900002744703742789e-141
1.153964503477885475e-89
6.121328755770121032e-139
8.339486049520179755e-141
2.158683899706374950e-126
1.731251095808449537e-140
1.040200888933594379e-98
3.439085494285924443e-72
1.014385449183087524e-146
1.188714042904167755e-114
1.762737989881164558e-82
5.804631396326424261e-92
5.058037731818288550e-117
4.063797421296857734e-98
3.309553034486985393e-101
7.627369331222034057e-129
5.163684699217868060e-129
7.435994298646714033e-148
5.795625619020918724e-124
2.484727680721844933e-96
1.365326156230950818e-154
4.681682534421974395e-143
3.183068561989980460e-125
2.130631204470295497e-140
2.306410282056634847e-65
1.449127385315016420e-103
5.259749620755279279e-112
2.600362064340560647e-93
2.839570233952769522e-92
3.223510980625577784e-68
3.722215212190599918e-76
3.913387503058204934e-116
3.530031940782911174e-122
2.473582897886295739e-148
6.924746924346996155e-121
8.962612889227866165e-148
5.704214200837957205e-132
1.686867141817411271e-119
2.679275424516983077e-90
8.326350229058162875e-167
1.799748442237335572e-115
1.356127874779480428e-118
4.441911466021110285e-103
1.665848227448286744e-174
1.237702837734927949e-105
5.520702580611659151e-119
2.873295738145046908e-144
1.135162475423080111e-138
1.975585030334974202e-130
3.117661260283665624e-134
1.563669968247311283e-108
2.021119873955149591e-70
5.946724901232924620e-107
9.878736891383585838e-88
5.028461243882871964e-154
1.198181334982183785e-132
5.192107632855414420e-115
2.352141774343100840e-64
8.751596882823376284e-147
2.085011009571951872e-127
8.991380249660228398e-107
4.153116977994828594e-116
6.484732483903575503e-133
2.096590272347596648e-112
8.641599627768396259e-121
6.079583388282719047e-123
3.665725626769064350e-93
3.830206639078631654e-85
1.965456048695647735e-114
6.642731380587467857e-45
6.394596497041891307e-124
6.020543840165829187e-135
3.625637876774897141e-107
3.304598909525059625e-143
5.856566610949090252e-163
6.405634147204356490e-100
1.698015760223736455e-78
5.595659206370006246e-100
4.805491462942305637e-116
1.542026152423060272e-117
2.442736758416367181e-119
1.742128333754977760e-97
1.795050884372221919e-110
1.621332567318467236e-109
1.306925388989220896e-147
1.619477461515535938e-66
2.278202025089480031e-68
1.964730672620439346e-151
5.854225003390777289e-113
1.629023190247140196e-90
2.927524811636976312e-115
1.443755845675627162e-142
2.258067040502535088e-158
6.128025070382350822e-120
1.436212089658141031e-143
2.436639016505079812e-141
3.718368243039837569e-129
1.569915842927366725e-115
2.622975974839067733e-136
4.003372766055273327e-113
5.253270066989150702e-151
2.523828046311027119e-158
4.513261601661140948e-175
1.460404673766382471e-149
4.993902553669370737e-78
3.279583403595691023e-107
3.894849614848650294e-70
4.507859110550253698e-59
1.547956648005022433e-47
5.335882699102531953e-38
7.160464719168965985e-56
7.870168570435178918e-55
9.584324126971002712e-76
2.659655631394346602e-77
2.154131484999851055e-84
1.346661454115905443e-132
2.316704413398041611e-140
3.799665833054991807e-116
4.220204167779259043e-84
4.196808790113381483e-122
1.454772994262903084e-141
3.780667702714868730e-87
2.954345566628811176e-92
1.049107833187554240e-115
4.247588969976267541e-64
4.886841886676126817e-71
1.868231578287183999e-63
1.829137572781768467e-50
2.611434729252925172e-95
5.393288547082884833e-90
1.016507041155692118e-97
1.937119002716241287e-83
1.359331695636806722e-121
3.230205963267323552e-109
6.594673571742991272e-74
1.148129472854221441e-76
3.804740498260683426e-57
3.460506043022870480e-46
9.977952787564263875e-41
6.377446421810973250e-50
9.874276075550290345e-136
4.379791276661724755e-103
4.600116930663246082e-101
7.175495751582859116e-125
1.235196420741505403e-102
3.927641463045957718e-39
1.934773528041314266e-74
3.421247978768161689e-93
1.228647694425171593e-134
1.709654176494648272e-137
8.699088524951220730e-104
2.896254832948873811e-93
1.656146031938954852e-64
5.099280932715264268e-74
2.641640450743284284e-47
1.478096546811680370e-110
1.624743135082635590e-115
3.999686083567682845e-150
1.882388176948964637e-143
3.642702936605227129e-157
2.631774077731436376e-147
7.708339999128784906e-145
3.434197541124658709e-131
3.457092982255898316e-151
9.411288023510793340e-85
2.838409871754760210e-138
4.108701523487174512e-134
2.366454607479462466e-137
6.481231193483797337e-168
3.022168146889665406e-81
6.581274053330556238e-141
1.017725430942802835e-151
9.721848611740505244e-140
1.742511205554733943e-124
7.139074379028322707e-134
9.175187167183348256e-115
7.121552643670573086e-185
8.887365169251772856e-120
3.873307539152509466e-77
6.870057392700809550e-88
1.846484685267867285e-92
3.116305943936752050e-136
6.711258697087075524e-134
1.190879765419896446e-111
7.656670037800369823e-137
8.133945006650353632e-134
2.567669202462247533e-150
8.723422823085242500e-135
8.607635669156275252e-150
1.659175082145667206e-112
1.622080503550840258e-113
1.416449892440290903e-130
4.311882501102366459e-158
4.126972600155204177e-145
2.683106379584764225e-154
1.221941462661900780e-153
3.165056611530708836e-122
5.135501711797749767e-131
1.366758665659607403e-135
2.168382737034266029e-150
9.386820342123088451e-128
4.415735088103544778e-123
6.052061431398229586e-123
5.506591140218156175e-120
1.048548425631769968e-134
2.445506080549222870e-108
2.057800493663846777e-110
7.491268486278655669e-134
5.202685763712290131e-151
2.072466415926173636e-124
5.043232291012948677e-121
2.735855928682529546e-104
7.860579208939466580e-148
3.659988371628560238e-157
5.052647627397428801e-93
1.027360134175355900e-131
1.337138792464514193e-138
2.056324735610409561e-150
6.385030445391887243e-120
1.978215356878495059e-121
4.064659368139772699e-77
2.717992939468282609e-113
1.136362627494303306e-142
1.406673311107127708e-143
1.176679966398545585e-116
7.930491371850342122e-130
1.524918208368158788e-141
3.957352143177467750e-138
3.048712989615021963e-133
6.455216810290815235e-158
7.689612758735162096e-131
1.616302967963125437e-150
1.206287988493832715e-121
1.150990310030351326e-158
7.041884102625370905e-148
5.051165368368697674e-147
5.712177698506085572e-161
4.722559660742151007e-134
1.656326817753154757e-110
8.678888358321504258e-87
1.536476617531307016e-95
1.449496918519813419e-124
1.277550743301341677e-83
1.712490715924142568e-109
3.605310214584389610e-123
1.466886890358810860e-83
4.977753783616336963e-109
4.125705899362532635e-145
6.824653456176354936e-113
6.312094043057646100e-127
1.322914951700130660e-120
6.706721822661026231e-161
1.987372179892878134e-94
4.465966320787126526e-162
1.508077826066727355e-144
1.398669647158409216e-110
9.207063415422071943e-124
9.400386690896445997e-193
5.396593724996741818e-116
2.981335199906692689e-128
2.655175553067708584e-99
1.677954114811912216e-56
1.938319999691237373e-100
1.783510894349260637e-146
2.291633800701846522e-141
4.126062844630462217e-169
2.147679525918329903e-127
4.102534210542387980e-149
9.350861676659353168e-155
2.759086527134327954e-117
4.806529356579366294e-100
1.471583506621241317e-142
3.415888182882333712e-157
2.699088548970030801e-145
1.532000570028749442e-135
1.945699407738331687e-143
2.776841691359471851e-114
4.310952033512175126e-63
1.554578249835030134e-33
1.436073249161690356e-106
5.805843230085256632e-89
1.564920334051509166e-122
3.705024026349157710e-119
1.734679358717350797e-144
1.103879549869776783e-122
8.957647046158815583e-158
4.586898192306964321e-87
4.248576386272805449e-150
1.148525962303263660e-117
3.235802750885791184e-87
3.600618611711005968e-108
4.850157054199997258e-128
6.430225701782519349e-149
1.194774544142007557e-104
1.718031053491284657e-70
3.260510270041179805e-122
1.415979551343990354e-73
5.190545251845523384e-106
1.632144084604853855e-66
3.758371872906628470e-96
1.643186577290801819e-140
2.269225236995036849e-164
1.057898421755235637e-160
7.854188314169409666e-167
2.402124517281674815e-153
9.670376391364965792e-121
2.870740629996133857e-166
5.125956056855392722e-162
4.468655097575268708e-135
1.105052642668875338e-143
9.641335770608080897e-92
8.171368971294224431e-109
2.304223910240878906e-69
5.124855744523006749e-81
4.058557247808648003e-70
1.180398241215965559e-54
2.804423067213446590e-98
2.417752055573169984e-64
1.056633991294878699e-71
4.508503378769854286e-65
2.306216629477642385e-75
3.901519402755288912e-63
2.061628866669155601e-148
2.182957260009343050e-77
6.639066961418798380e-147
1.038287446187478647e-104
5.093208284776073994e-111
9.544948216567363029e-153
3.576746297022972019e-145
4.012933550528801704e-80
5.190081496030279738e-105
5.759259625685863760e-154
2.169899596344000390e-155
2.199924101131738452e-132
1.296657004664847526e-90
2.185217286409999040e-67
6.536205414916014558e-46
1.294654504589684703e-23
1.712862433522934800e-70
8.296418937316860241e-78
1.793449383328518145e-66
3.233739768726643461e-78
2.984960201514866024e-62
3.439483250456125255e-27
3.462138278451823359e-64
6.184339645695909653e-51
2.273652642888070120e-111
2.103870532119114755e-156
1.556681821737959301e-150
1.611768276187858070e-99
3.593668154365758364e-82
5.773308497429548610e-72
3.029627658247163073e-61
3.624371682872293239e-72
3.891724213033653811e-83
1.213847405187209475e-81
1.153790015344331257e-97
2.445413722785643285e-131
1.892448425841617927e-175
3.499412403999678681e-98
2.805556188094965961e-97
5.544088908741556208e-104
1.313325937710095144e-88
6.778161996893125623e-75
3.246891636421094396e-116
6.717995330323629360e-114
7.475067053011282850e-156
1.413222556285534482e-140
1.451072026582200588e-142
7.627166779764730786e-120
2.405518041734809903e-92
1.961365452252139439e-95
2.610646925757508677e-150
6.759895736687836548e-90
1.877863885808196527e-93
3.017129101421295670e-137
1.221413767593324826e-135
8.441473627129503590e-99
1.555806736782120441e-115
1.497234974192374483e-120
3.500702807189965208e-115
1.892032037564649003e-78
3.894700313398554006e-86
1.248911797829168214e-137
1.721765250007891548e-134
9.475485036105167740e-91
1.071529640425792861e-125
3.921417359208058730e-171
4.228623448354158408e-154
3.660020479426671902e-177
2.807630444082869331e-120
2.350319698500646491e-87
1.771164377916915986e-93
2.210838895508879861e-150
3.992108264950527947e-109
5.843932963647337738e-151
8.759652231156107275e-142
1.415381188720032495e-142
3.618531950346276594e-125
9.902788531190122842e-131
1.514464894753120620e-124
3.889035284203702611e-64
5.757701713311584795e-147
9.088180854493888021e-139
2.431820262879457539e-133
9.660007344791547326e-139
3.028493295911058170e-148
1.909905667541043438e-81
5.337576302364584128e-154
1.192155793366996338e-97
2.661757585604413642e-149
7.843140277575183883e-126
2.266029994353316620e-158
1.805212410161368073e-144
3.649742440729421815e-112
5.392348771220001713e-128
5.342041584169921480e-134
1.276465449898161956e-153
3.567690636441652957e-142
4.718272436315865291e-100
5.694931128781128224e-133
1.233694974853590183e-159
1.413204510762657741e-151
6.691954654729942913e-81
3.268066648222774734e-96
1.363017363093324468e-96
1.118481199443952776e-160
1.451220626504665235e-155
5.021488178801332964e-102
2.455452253616721762e-112
2.872808239917605049e-139
7.519668635671458830e-123
1.210217730986129784e-111
5.764837526507826383e-119
1.558781372520182570e-140
1.112184121790777946e-128
1.465326708514410463e-136
7.622776705519974543e-116
5.689286113692031625e-107
3.968351239801005953e-109
1.103559769281159155e-150
6.046654387760718931e-55
4.264846335687834861e-57
5.232481910070865894e-55
6.624718235721490983e-46
1.955235054699704825e-81
1.890190806365866330e-88
2.143335535788828174e-60
2.104391868624081709e-68
2.999386139330792600e-57
2.823541092700382100e-46
3.812357055009623198e-83
3.700141136905275986e-56
2.750479105782884421e-49
1.378724143553380978e-54
2.476359437680808189e-48
1.080066338864485493e-57
5.726879292681592070e-34
2.543409353658360064e-16
1.299649912744865074e-67
4.596441249439291646e-46
5.857497087842430370e-79
1.755581521568502475e-105
1.313959013934319220e-73
3.591531360160462048e-108
3.359644458139215661e-63
7.491374251721790817e-66
3.803134983059740324e-83
3.118014215031794722e-84
1.607845095548363607e-67
3.563711914367458231e-139
3.532374496330421407e-151
4.862864115024289071e-176
5.218050767577268397e-84
4.922543012322455549e-108
9.610315929830065928e-125
1.162015796150894591e-143
3.273280058147785826e-143
1.017291794894272481e-86
3.980110622965768564e-131
5.602773188150310955e-107
2.319475924879387191e-103
2.527446632465254288e-129
1.371213224952651111e-99
5.679545445741159314e-59
4.429360076607075450e-39
1.143064311840858328e-55
2.880555064916225423e-32
2.574384133871065714e-55
4.578437960681423389e-65
1.114162363804429475e-93
3.024018570323678865e-81
1.060408411431387509e-144
9.844959662626477562e-142
9.556776864189336336e-127
6.680834515849796534e-145
2.456023305475349946e-136
2.098128319353929937e-117
4.502938411835440929e-86
7.808742007978200523e-166
9.793850102224962802e-99
1.803871661221563212e-148
6.483476348948510017e-151
2.892931200159622307e-153
1.619884207021469767e-97
6.834934288708350075e-171
2.305430866968809382e-133
7.608920886350463084e-133
3.702754428913741632e-140
5.835240838424903675e-135
2.529736947200274478e-122
3.189136658303864284e-161
3.165568107054540518e-131
7.065026032757340366e-165
1.192572625049534594e-156
4.892375546303591437e-154
3.807920533773349570e-166
4.161766128745562054e-82
3.473001345037873939e-138
6.345317023622100049e-116
3.603858808122724765e-119
2.234123288501717586e-82
1.618934609040175880e-162
1.306386525785265701e-74
1.899654333087067728e-115
1.335659130622052160e-133
4.083368079586102550e-149
2.844101014791487966e-140
2.617346770196011004e-135
1.430324995993419884e-115
3.614048868433723558e-96
3.172987978884994247e-103
4.038892649919747156e-97
3.519781089281185877e-133
1.612029910214718349e-119
1.605900662858308469e-152
2.704800406152892770e-131
1.242955301823126522e-138
3.779519340615716891e-153
3.978618451176911921e-156
6.467597057706952021e-72
2.229415049807153441e-155
8.549485898054432571e-124
2.488790766793659502e-168
1.156951887349726108e-138
5.550557992233818564e-152
8.256108862585020688e-157
8.086152055069529921e-114
1.053345110192361434e-113
9.128958048043957215e-92
1.938274955312499312e-88
2.218669001926984324e-71
8.692607644141704466e-123
7.640888515122794932e-171
2.056113739400981799e-126
1.083863680591538835e-112
1.372307164285743350e-73
1.087703999747365304e-112
1.843768168845656364e-156
6.946361623719831332e-144
7.446571141404696031e-139
1.760476653140755282e-158
1.778784188504185629e-66
2.372604126546364468e-85
1.844952228228538173e-101
1.123869136438283476e-88
2.679844314536441752e-84
4.920038709944653010e-138
8.582391380878035998e-103
2.143168607552432063e-99
6.706086115131999103e-173
2.142307927775252932e-168
2.743486217004849026e-103
5.419715812196039435e-104
3.490709839843648681e-132
4.609353402535120614e-106
1.543201669046248578e-169
6.628077063120652566e-147
2.261718605692478624e-128
9.843498121030045976e-70
1.517734670223881369e-88
6.674621913936617881e-106
9.639074305965841235e-124
4.098664750594695751e-153
1.759352528848029713e-153
5.966733043183143670e-62
1.138358468246587990e-131
1.285497929849934194e-112
4.823539371063809715e-158
3.728257488527409153e-184
1.798825626626639288e-106
1.953873524467781893e-148
8.971559672001905924e-136
1.660730122526390308e-114
4.926600417114601846e-114
7.078318548514038511e-117
4.984736683124305715e-140
5.705214808348756185e-140
3.058621379983140678e-158
1.194717888132442024e-132
1.306583430703227451e-123
5.447822367158195229e-99
5.696348533033868393e-64
1.135984392226587351e-88
4.502777313351549401e-115
9.454960186684733149e-54
4.735330345983762817e-130
1.843578939233637945e-79
2.614037119075305619e-89
2.236932561138666357e-99
1.056968176166720973e-61
8.643258913628176335e-103
1.120285851324844057e-140
4.651648811303576515e-151
4.415449655069170720e-94
5.953742915161517855e-95
1.916559044333915806e-99
6.704001698886213618e-84
1.304249102413324150e-138
6.728904756261657831e-121
3.074644803346245428e-82
1.237283775063249607e-109
1.325835855216214078e-80
6.820073577458312142e-72
5.490985176239153432e-77
1.782861774161688235e-105
9.042891022706891548e-101
1.529503585157453694e-122
2.387896082660082853e-127
3.924454513097632537e-149
1.791158320740641400e-109
6.034692138613229137e-138
2.957393524152102477e-120
5.720152014759023896e-105
3.111508280430480451e-140
3.393705147011419185e-96
4.410726780575430583e-151
4.501824070329457847e-108
1.534411723661703571e-77
1.196363203775103341e-152
6.515265870646971550e-142
1.582979209849228686e-102
2.317860819992033301e-47
1.228262388419409085e-91
3.533920058298427809e-119
2.013757583620965195e-142
1.305162882275795763e-120
7.872879681624498956e-142
2.068767128510597255e-87
2.316813754987806541e-145
1.337326544436732203e-93
9.967912850580351512e-66
7.381894060762100132e-74
3.892585938232379001e-81
4.943179936756947747e-102
3.292269646341555634e-75
6.295765067555009452e-61
2.127883203065023544e-104
3.642335734163413604e-19
1.685843388640982500e-67
2.110213840629956587e-49
5.281029766402557983e-81
1.398314209955353027e-134
3.053099481700381753e-151
2.060793760720982633e-96
1.791909177427273586e-139
6.514937656313517392e-110
5.266623156315819141e-131
3.510085078481349754e-154
1.868457967280963136e-75
1.180656295042669715e-136
9.047032177160788019e-131
1.755520955610563248e-123
8.479012915970406794e-108
5.910961565923397104e-126
1.657878016496589085e-158
6.106926411517094561e-172
9.628361399647858466e-150
4.771514364138064478e-99
1.069233610875145426e-146
1.131088388923134567e-134
9.058924416459302489e-159
2.876114875876626797e-102
1.145590141099154720e-116
1.448613019846448424e-86
6.779136559292215580e-130
1.406288991207079944e-127
3.698047779379036962e-144
1.811102006055432398e-58
1.121626037203936357e-100
2.370325373907383508e-81
4.603569797236027708e-100
2.317796531189052968e-89
1.207177772950758330e-152
1.151352908639248972e-141
2.522698276881638350e-106
4.224995242836686467e-76
1.071450847633833666e-90
4.099505654184720508e-124
1.073853557929738362e-53
2.188258958263630631e-55
7.618161965578900542e-89
7.746271590390542493e-79
1.495818214995589835e-100
8.009536101824728770e-84
3.126932376641362989e-101
5.848086889828430253e-96
2.520181474494469815e-124
2.492032444545086709e-86
1.628312941365538798e-113
1.741415118367507496e-96
3.293458350562463707e-103
3.583691541235255657e-84
8.581955839084450553e-77
1.848530781705546744e-69
2.184746336238259772e-66
1.042758165734305918e-43
1.466684379496457821e-37
1.219937924672313240e-46
3.412614622859307421e-64
1.136745436867999517e-50
2.640764713318486433e-47
1.217827987250538081e-51
5.057161439750762312e-59
9.894629405475739968e-66
6.518865806859525188e-65
1.387582771961851015e-71
5.945857988399670410e-60
1.162350160939317342e-44
4.464740967362820246e-69
6.033561362882708893e-56
3.735654572333280305e-73
3.824297881682391009e-108
3.362649042272848458e-99
2.607774553828072855e-101
3.770316282778945349e-105
4.108487751657261245e-128
1.609743215111811188e-153
4.000717729519987001e-138
1.383635476881292897e-147
2.575303670446888092e-115
2.261052519270602786e-126
4.779886593618093706e-149
3.934936639025547136e-160
1.403198118842002530e-149
3.648758662767708690e-155
1.201929582833627154e-121
4.502259718084926562e-140
2.021671341696519328e-115
4.335119252023457791e-140
3.944754465370164873e-152
4.455525411991366532e-130
6.552213402297544014e-115
6.043092285226925373e-166
8.112551970648031837e-153
3.292632623823644563e-123
4.289246534306584959e-147
1.244079993584673708e-149
8.118805009515109924e-101
6.195339806918378134e-135
3.388609081334895109e-116
1.417492205786121043e-129
1.410029888026779053e-132
6.448977117188078204e-113
7.773976342860582599e-99
7.517861477991730527e-93
1.233498251749748417e-87
1.177064369670053502e-100
3.915512300281314756e-177
9.103347002790869268e-108
7.972002177326376760e-136
4.490820367824732187e-170
6.851601696642359340e-141
2.129583276099453767e-148
5.501584751659486732e-109
2.881444711560479674e-78
4.137328252618219341e-27
1.183598608634175803e-74
1.010352894828571709e-108
2.582903189008008021e-111
9.894172757026285597e-169
1.224876246624087170e-79
2.410489976562956566e-89
8.192546929060696725e-80
2.388306235276692894e-109
6.261854218859535999e-98
2.182990956001093513e-64
1.020940565848280739e-93
9.752800388504325289e-34
3.526626288684003306e-53
9.694761230286710610e-52
8.153532257327737153e-51
7.265946690948798451e-95
1.841690147902392817e-126
1.898843619000035428e-27
6.129441214199289202e-97
1.852161135472420863e-72
1.292182141933483315e-71
1.076349100212844051e-69
5.846068264533376890e-126
8.961782038099866905e-45
1.327540998706145756e-83
1.965285378918085231e-81
8.913940114408545654e-27
2.384818465522295579e-73
2.537187207761991560e-64
1.853238549787430658e-44
2.122023499606364951e-33
2.743737919382937110e-34
4.709027008415061692e-23
2.479326167160654186e-62
1.570757255749275155e-49
2.020368407837478888e-64
1.541392473270363600e-39
1.394291095060269775e-51
1.471837916000335769e-95
3.342373117002889146e-83
4.421287451753039494e-60
6.928693153471862771e-82
1.086202316115245104e-74
1.124450017157693663e-48
1.326728958979497066e-59
8.857611242182223033e-50
3.784297377756540583e-51
1.413902516519270246e-48
5.972619196293637238e-28
3.675602453810835469e-61
6.910964128876143655e-30
1.032026655041528146e-31
3.977924816459927174e-31
1.221800984502300928e-64
1.936858374995517924e-82
2.410906877524595117e-49
1.647787130866932345e-62
8.792514702697357739e-47
4.851190645758639058e-58
1.111527524487142377e-28
3.597596928489088912e-47
6.512322323771276136e-38
3.200402619558277599e-58
1.265734860543922860e-49
3.343318953203108097e-53
4.306875994808543517e-41
1.849294189284445772e-79
1.519718196767525629e-89
8.136551747200737890e-45
8.652663244837293491e-40
4.197164035764548795e-51
4.013024494603330258e-44
4.392573744826535179e-51
1.544458182255673133e-60
2.818998202614136443e-59
4.952251212035974236e-52
6.852640182245996990e-61
4.582165747330465351e-52
1.214824907027960842e-57
5.812771272994735605e-74
2.039867804843891518e-55
5.044481587903146983e-47
2.421956969241773672e-33
6.964629285371320466e-26
1.807491220534882853e-55
2.903259097603924508e-89
2.932437963798189973e-57
1.533195198897917229e-127
6.157488304093962629e-133
8.316571779359389190e-65
3.047692266635088683e-58
1.503428437818607830e-105
3.093809685578077388e-117
2.279457975845799521e-153
9.438599669887106445e-140
1.440168050847204076e-142
1.946988432312920057e-140
8.216666150749718426e-147
1.364334628973815752e-74
6.721834755463524365e-140
4.408801667636650428e-116
7.218924717492985266e-93
7.099750516279543477e-153
3.220400026510865430e-142
1.463990002192337078e-151
4.383709762765095511e-160
1.429435998782820504e-150
2.387552670266358738e-128
1.982642090194077075e-86
1.357426733959495100e-124
4.195950395778671511e-85
2.316586084248826407e-80
6.095045749039637864e-48
1.954422254512420405e-55
9.151049305338195008e-51
9.762688700004770733e-40
2.449830752456064649e-61
8.703122714593752048e-50
2.991912637558423896e-98
2.782449035031263275e-42
2.242291036653266675e-52
5.674861818080918371e-58
2.261781742423619929e-76
1.070933754866846791e-54
3.594913909129219404e-49
2.273743625298713112e-107
4.028013653555476624e-96
8.851799592797151766e-70
3.942388308954925947e-137
5.500028709203019350e-112
9.300022501294118093e-68
1.727047571044378778e-81
1.653959161660730142e-97
1.647608219986047335e-104
4.069550408183219308e-122
2.646032833386217695e-130
1.191995779544061747e-68
9.805181216534231532e-41
2.125750529668531390e-55
1.789244891936622004e-37
4.961496602306145493e-57
3.401053340778919188e-82
1.385379322776937554e-57
1.383826492974156945e-153
3.012888831771169123e-140
3.098938885789078735e-115
3.796769908052776015e-105
1.239043869863132265e-64
6.739667663026996836e-81
6.772380725708397072e-89
4.988955046896439265e-63
8.058670603189885577e-35
3.776887309606571838e-31
1.725808553900868850e-100
3.923332590583036338e-75
1.219857896249233795e-101
2.296486256519506535e-108
8.015421550236057040e-97
1.002989308605086822e-52
4.674927006627808673e-95
3.722635850451873020e-88
3.066696348350820555e-75
6.048038885800383631e-69
5.576558387392260393e-113
1.327566529453762997e-97
8.311986902794200057e-147
8.256252073577972076e-103
2.926024439345324004e-143
6.147285297525906983e-135
2.731804535993130261e-91
1.960195960341174247e-144
4.411397587481900711e-131
1.866674614061632122e-74
2.675045826721598668e-89
3.682484695148882933e-72
6.045463745360658238e-158
4.496792450173149141e-140
1.103233050660212651e-95
1.519967380410896396e-148
2.963666198328401504e-132
4.797376817754428601e-132
9.775463896395473471e-157
2.224114657893424759e-116
1.650913301809284028e-159
4.497344291962327311e-84
4.664375064700707900e-93
1.264189715868263367e-82
8.829402987693720438e-77
2.863739099884081201e-59
1.045274707267812211e-127
3.040753116513802772e-93
6.628518047411419428e-142
2.731704895755096938e-67
1.568460667693118348e-88
1.005451440880970220e-59
2.803158661868081782e-105
8.812350183072702819e-50
2.151498443781946413e-58
2.341920924052005790e-78
6.472239214561548244e-31
2.640650681093689925e-21
1.227354323979863627e-47
9.041170630462086877e-21
1.554923930043754736e-23
3.502682993277977626e-31
3.693422493278556857e-47
3.148812536869593277e-08
1.174467077646996448e-33
5.348212334965698551e-31
6.149452612761440234e-74
1.792941158541259650e-45
7.631100228423459212e-46
1.199239337635697014e-28
4.867124548057026850e-17
1.526675297423189885e-08
8.558833488231892227e-55
1.259324021144277552e-03
1.747660478641390398e-41
2.831241878384900389e-42
1.252367164121426714e-05
2.518258537099546249e-09
8.938586910063915566e-27
3.860752502411030793e-09
1.160215338771018806e-06
5.276144817450737173e-05
9.259816738383553603e-17
5.015822791443601703e-04
4.291826605579000521e-26
2.493161219266004858e-10
3.261458652276003588e-67
4.278718222741087461e-29
4.037327997012754512e-26
1.740918492080874755e-34
1.335221338402854882e-14
5.447267234292935799e-29
3.789720911081002102e-57
5.230345624253497357e-31
1.665598254125262075e-70
6.111526516608035280e-52
2.864056585603632321e-55
3.425636195893457471e-48
1.277058867785565872e-27
5.250809138055091110e-31
3.373090226050823603e-53
4.806990304119875366e-15
1.107756651962455671e-120
2.268144999548235339e-84
1.948597600016983878e-65
1.353090004758160014e-101
3.875354620211760713e-71
6.175068147055605812e-68
3.201074389971229280e-84
2.938854306383600623e-85
1.547593071496950514e-54
6.837639418706868810e-106
2.766502081027494285e-109
1.088677163864462975e-82
4.869402373870257612e-105
2.235012059344222988e-90
2.989727111428247804e-35
1.405149934418414228e-61
1.343500080109656991e-87
8.447105700622612564e-78
4.580695577400889109e-84
1.007652619740030075e-103
3.655476457041015788e-53
1.759185046400735430e-59
2.082489392976414682e-53
3.502033369318657904e-50
6.182339490370199569e-66
4.087633942231877111e-43
3.766740333566244609e-73
7.900169085487211849e-53
7.339613458186652629e-59
2.169096110734526988e-45
9.056424195364648234e-32
1.207855237703838320e-102
2.215366329190613788e-43
1.011098416245992652e-75
1.602198080930148257e-103
4.888601144320326946e-103
3.048028354780071879e-70
7.430998208121348596e-69
3.510418344962524780e-93
1.986081107403977500e-39
1.987057805198161421e-68
4.397968574561572091e-69
3.718572246345820498e-28
7.772073305287728547e-12
8.168295768173632975e-33
6.828640727091612287e-43
2.746116556335848914e-12
1.765594876257943051e-22
1.368096169897796753e-11
3.324991834087293815e-45
5.812361366553910014e-29
4.369837653273412490e-55
1.602798522257051876e-31
1.352568599477715963e-23
1.857457566196554653e-80
2.518464483541863288e-33
1.334993905542784786e-40
4.490283131047746123e-68
9.633244583967775836e-20
1.201295349208743078e-32
1.078545569846348000e-28
1.889204240691486568e-21
7.023306809815496340e-24
5.162118344030984312e-61
2.267829820451767278e-91
1.050080762612631930e-104
5.551594252375889418e-130
5.953083240148332374e-87
2.532217490433645086e-69
2.588010121706266847e-47
1.133304729526867589e-57
1.387329631061148417e-52
1.449325234301632788e-133
1.590996643333940705e-151
9.830478098193271105e-80
5.926315692932797422e-97
1.810037096935266469e-45
4.265822533217404545e-67
5.476824068165001610e-67
8.087279115908282057e-80
4.764707204426349739e-95
5.164537423549357662e-39
2.308034940406927032e-32
6.433099259145475830e-79
4.865825905037755053e-118
9.675340776197874188e-54
9.405447113959488574e-33
7.061300713428902168e-77
3.462318236590762035e-79
2.807949526976615855e-98
6.032739446101451103e-122
1.534951025232495318e-118
9.023145163695934953e-85
3.279700889555016081e-128
2.711260067753410868e-150
1.037931146812480480e-149
1.110714771886957155e-145
3.178378181191780191e-87
2.903688171315117911e-146
1.563784132310018282e-127
4.736029555337762101e-143
1.087729956355258277e-150
7.129558204969051718e-131
1.010994779206828342e-126
8.334886983384633953e-82
1.385569215243123402e-111
1.260228965386802810e-106
2.602946991761094700e-148
9.642630044167617147e-141
1.319411020385943810e-132
1.480797814115444870e-126
1.737473701767894232e-113
4.650299612220803128e-86
6.767265949072241677e-58
1.397601653075524618e-75
2.074481531545667172e-76
1.766756453129905539e-90
8.778240631048697589e-108
1.369032979024258485e-130
3.684312973545513826e-107
4.056715614185502847e-144
1.164324172372022334e-112
7.858653568147183127e-124
2.348454327876337731e-157
3.029683382728895761e-79
8.706639562526433669e-96
1.801740956741135435e-118
4.985822179980480473e-116
1.158531504158148045e-88
8.914212435106654541e-52
1.025893014173922588e-64
4.274073359412655456e-129
2.452294095849860370e-87
6.004789644419298243e-146
6.353059880106254322e-100
1.672545239410381360e-97
7.516524206974127817e-85
2.561954355945334774e-84
2.670397874752226618e-98
5.720093332180069035e-34
1.819749428558307977e-62
2.559790145440448139e-40
3.077613222568963088e-26
5.075196913403142197e-75
1.512164861811896368e-14
2.143740305810319103e-47
1.111252412425573795e-79
5.801341001128750237e-16
3.093948085789750792e-88
1.083796623906136854e-68
1.123269026324586595e-32
5.793113248097327474e-14
2.688403775396250525e-15
6.550308218005821557e-12
7.465604202522961502e-10
1.028565598234710841e-23
1.269441773332866116e-46
9.404971154566631210e-19
2.043795218406859383e-45
1.277792765291985758e-14
2.497589718001157211e-11
8.894103456733478593e-38
1.659703062657286971e-26
2.429587502924375646e-17
6.945674366635263610e-15
4.244151194631485835e-11
1.071391395991793332e-20
1.744772177809111154e-15
7.094682944976656071e-09
1.474581756336277000e-42
2.709360470031064847e-18
1.407519543410826868e-09
2.173210848249194097e-07
2.780060983877536502e-07
8.369878215027194039e-10
1.186898216134471348e-21
6.909462785156474850e-19
2.439253927680146671e-15
2.680392411862931333e-11
8.118347982888925938e-14
7.858063589249432866e-26
2.750738611056794476e-07
4.695800815818019721e-15
4.798711621903514909e-18
4.908450695966381316e-34
2.254898434752866864e-08
1.593043110027768104e-07
9.041623889119246925e-32
9.569586648178110168e-44
1.623344210893566954e-17
5.413842271781313572e-14
4.752924515329779194e-07
2.161935085251177624e-26
3.828849810572865225e-11
1.490433552565546859e-05
1.618029572383323622e-06
9.932429303957631146e-09
5.603092822817321772e-06
4.623946937156482518e-15
1.640708300326969513e-28
1.617184185888224137e-22
1.991764047536832409e-18
1.282987122299352334e-09
3.506939243950975010e-38
1.468594144380710181e-23
3.771998505344715566e-50
4.936055004375581925e-69
5.224963063791784851e-28
1.454904875263744429e-29
1.127789496495241678e-21
2.582387449584635887e-26
2.023253703959443749e-27
8.680030966027332158e-44
7.907694726607667740e-30
1.744845651529527724e-36
5.612149417797186787e-64
7.984621681643635305e-54
1.989427518467470170e-25
8.190213557643320613e-18
8.026944916561439039e-18
5.925473500728252864e-20
2.955521446641347914e-32
2.665143032369738933e-22
2.190452669932062543e-52
2.568154764468796508e-15
3.942629621690689782e-10
8.100223037760453099e-22
2.243487149854396603e-08
1.128335642308565530e-29
7.976156708306712377e-14
4.738977233198331034e-09
2.136781044170622507e-18
7.023398441142211443e-39
1.760457697597205261e-41
5.512952859819836306e-38
1.014622129534995372e-27
5.157490736007584577e-10
1.754738789565242008e-05
2.258771419791645153e-07
1.119197916114245334e-04
4.239623706335160730e-11
4.704887863550171357e-10
8.936403651676213078e-24
8.469234641289491678e-37
1.483026089344322900e-16
2.281325357330630145e-34
7.636968091862881791e-10
2.378565453682006939e-16
6.841812761334059376e-15
2.647630356228208922e-23
2.615281217149982560e-05
3.611052422534830270e-04
8.399779557439497976e-38
1.052690801820551841e-40
7.096606758952399480e-40
6.330675950208120673e-33
1.904591858725545615e-84
2.477388706055581618e-33
2.040908352153943024e-36
6.389916273385396646e-36
1.662038229975404780e-30
1.686245329987667749e-45
7.389821313920940781e-38
1.872253708321236922e-13
2.001682451574809626e-09
7.986622382762169064e-25
3.067142368970776404e-31
5.833439674985035811e-34
2.917191824905002110e-23
2.329919843481402221e-30
2.081704771734789814e-10
3.187694522998064214e-23
2.031310581774714447e-40
1.969606596569989869e-18
2.720234789829468132e-23
4.339736334357821787e-23
5.708308251139603538e-07
1.959002339302961467e-20
7.136936667940458499e-06
2.868929411890163556e-11
2.015927946095224580e-36
5.435450691881804736e-37
2.850347369179662916e-09
3.295224584181199475e-39
2.431541008872287179e-38
2.115561132001212433e-27
1.492783064799453354e-52
1.970739759424338730e-41
4.286770296669704456e-19
2.738812223408926581e-34
5.320255100373146545e-50
1.405890564183832653e-35
2.471436925069887191e-31
8.504853921481657523e-25
4.483962167967390050e-39
5.163081257511118034e-43
1.462425925114582564e-46
1.616253251184772346e-54
7.906790365140881785e-26
2.689858162482368759e-31
2.084819447288846043e-36
1.825254951012715817e-28
7.636765148433654345e-41
3.240740386246508285e-04
1.090883438821816545e-09
4.425515188920800815e-08
1.751975115718161182e-41
1.683712025078965383e-36
1.369886798014413854e-18
1.764260230819318678e-25
2.043927198915086994e-25
1.218912275070148828e-09
1.394013091038772566e-13
2.805411509492821791e-21
7.519010871919167008e-13
3.871258622557378928e-11
1.682036634546533092e-11
6.494407201234263930e-13
1.979584605645808100e-19
1.669074247391535556e-29
8.405368791529774814e-16
3.483000248473947149e-16
7.785625207594600619e-19
6.485563559956050949e-26
2.534651908381003620e-42
7.674010591590786328e-29
1.322204031127080481e-33
2.926610128159590641e-53
2.261268354341882534e-51
1.149150171010869355e-14
1.412036790326443788e-46
1.422687168181936189e-13
1.916258766396005553e-19
6.487245727977788562e-23
7.921768451574388020e-43
1.531473520494835921e-39
9.189128311313019033e-26
1.805450215846767041e-37
1.094608478016840616e-24
6.796110310729348143e-14
1.012094818099930495e-09
6.817381567084324948e-22
1.856483195059262371e-09
2.758920654813938420e-11
4.231355454666932640e-40
4.976056229918904920e-39
2.147092837224691287e-09
1.990127738700902240e-19
2.845535377258251459e-30
2.977278651788710066e-73
4.674147453689637931e-10
1.351085213939198218e-25
2.406141721589864026e-10
1.867283196021688625e-06
2.918685089492607091e-30
4.689263410368883560e-12
2.673017707475418538e-05
1.228581001032720983e-13
7.287051767763347493e-07
1.889452960434275094e-03
6.364982243751209036e-04
1.253473178891807967e-05
1.140687612419887898e-04
2.786276525015136908e-04
4.377553064571250972e-04
1.698262963557522478e-03
8.555417344496742821e-04
3.872089242172352566e-07
3.748277998280434804e-12
1.580522800815229609e-23
1.310866514905000100e-14
9.723997822205270661e-13
1.016592457519747836e-04
1.500477889490915509e-35
1.756241044956265541e-35
1.027913587314745783e-05
1.531795849911218281e-19
4.340864254986021091e-05
3.886203258551252342e-05
6.404536792134282083e-17
4.404342391199291576e-05
3.474250104391678967e-15
5.416356297265025605e-21
5.016701213005677479e-06
3.691580975917328897e-17
3.626181327314918708e-05
8.123023499238042918e-12
1.238208315763412611e-20
9.050971857649056915e-23
1.801098138238438935e-24
4.903184157374652096e-27
2.211375036771897516e-17
6.869840298276657784e-28
6.345597766283031692e-17
7.184386944743591154e-11
2.176343764859881539e-19
1.136833493121761784e-04
1.825152424391771749e-03
2.124528638616717209e-13
4.198971968915835712e-04
3.283046079145656847e-05
1.916171771215414770e-09
7.555962310827361257e-16
2.264296360188589342e-06
9.187041028307767018e-13
4.203328296618330006e-12
7.412705679597774685e-18
1.020645898509986521e-54
1.476754157241399870e-28
2.339193265675195514e-38
1.759041515762333556e-18
2.435550987671328484e-15
1.771496501022647419e-14
7.374986692675805355e-17
3.084210867686005276e-14
1.272247563826576864e-07
9.365779585267720337e-22
6.398144326556001421e-23
4.841040112915431675e-14
6.011455471711864776e-42
2.146420840824026532e-34
3.408644059232874697e-32
3.145782175285351136e-25
9.675475565111431956e-22
2.995045980942459773e-28
4.198066365996662314e-31
3.535949207524018130e-40
9.919373214571516937e-14
1.212990757942346628e-68
6.479654930864602347e-21
4.556980625183551410e-42
2.614868992221888096e-34
1.818861729502412467e-10
2.445476560274804031e-27
4.051135828986470438e-30
1.479231161471404736e-51
5.025277238330906828e-63
1.536890414997010506e-39
3.771036859261868621e-14
5.945417775861700769e-28
8.901836957706761141e-34
7.440252549411194891e-33
4.603956104309446942e-47
4.011468636393033306e-52
2.486472602456882256e-42
2.295511576284385469e-19
9.643520540716260005e-06
3.819747277598905816e-62
5.161443190685984386e-60
1.209444571897267804e-27
8.068294221926179412e-44
9.075033004588200920e-16
4.967557828633963830e-19
2.358636298958654332e-30
1.146067088473205081e-34
1.630287277528419984e-40
8.388493503701978097e-54
4.927362769033956438e-50
3.881567886022746944e-46
5.102790258360142920e-33
1.248070517093837705e-38
2.609847656345189035e-21
2.174633996384066069e-30
1.899917858541869974e-10
1.969665933363986390e-40
5.879139332561057553e-46
3.757191160269463991e-13
4.747817252955431580e-55
4.277576743921922843e-17
3.165025379183361674e-08
3.539624986128164778e-17
1.009255182724439402e-40
9.622111873851804446e-30
2.286392607426018639e-15
6.101331236496878445e-30
7.063839723790120398e-37
2.971425334386837526e-34
1.434504138586079899e-22
6.200609544176201438e-28
6.332690805772635775e-24
1.402852167875519030e-33
1.437574755078780323e-15
3.872097351464542004e-32
1.452960131632578789e-21
2.329338184952803657e-43
5.562171833218801216e-11
9.805458373506281410e-34
2.637281938218336686e-21
7.762550774651164576e-10
1.004760293435658501e-14
1.404832706651206296e-20
2.148610501724837736e-13
4.360544338613521719e-14
6.132279092755472550e-21
1.218708454609145287e-11
8.705367127226372976e-22
3.651826320337876259e-70
4.657768634694537155e-59
8.699495271866577392e-23
1.525746940857744874e-30
6.342216909678403008e-16
4.168054260646800667e-26
7.966438344921794275e-18
1.230406950321700619e-11
8.753239863966136934e-13
1.976073320961784931e-31
2.934115194364932027e-36
2.337935169809868213e-19
7.134755454766081750e-24
6.193073064084056425e-31
3.651775821940417523e-23
1.934029818717100200e-06
3.001580554725326675e-24
2.159581671099622489e-17
3.366016491200930281e-13
5.710608006282143713e-19
1.115964229020299975e-22
2.099472956906241830e-12
4.402535763332620878e-30
7.314571011511119476e-38
1.281646053840799925e-18
3.448530827116924162e-25
1.107814237784211877e-34
8.542298696124728130e-19
5.571673511918230041e-22
1.856187883053173655e-06
1.333775817734848628e-04
1.573860449525839138e-03
5.996189277154266973e-06
1.169740731190444839e-03
1.459129849241127706e-03
2.462667241223687599e-04
7.685176430736997879e-04
1.535796501690650691e-03
1.805757108465827097e-03
1.963221135419749852e-12
5.089161593504389632e-26
1.354017340888539398e-07
3.098166987102559104e-07
3.288874368887231532e-04
2.596848913187609053e-06
5.242482829259347953e-04
4.416796377589899303e-04
3.617648837165804914e-05
1.104399057767306001e-12
2.762392843391917636e-08
2.736795952488409200e-04
7.881456044106959142e-05
1.761326298526890832e-03
8.557355174292687484e-04
1.660405632243210040e-03
8.601355434074193671e-04
1.174795891237957530e-07
1.475889151165905508e-03
1.972450079923414816e-11
1.824460695279494254e-05
3.526920464166445119e-05
1.629268519958414238e-06
2.710188007178397124e-07
2.075373918649530811e-06
1.659947279708983347e-04
3.678835241104229020e-08
6.588687000019137997e-12
9.857089459180818345e-05
1.956634510185968115e-07
3.344355723503250764e-23
3.069536692162124924e-19
4.325637023680898054e-20
4.671142360770301851e-04
5.311596536789927854e-04
2.156713882192874690e-05
1.920873220645035904e-03
2.669260303973824858e-04
3.910210964384959378e-04
1.431027790175622635e-22
1.023145084370743285e-21
1.193288005815951405e-17
9.717570760410352984e-04
4.163165508232971200e-05
1.798646790110707970e-04
1.555744925695236047e-16
9.197614528998357766e-05
1.630831328250764368e-06
1.676246188035283467e-03
1.167449864707733364e-09
4.732458696733366139e-05
2.116999592232681824e-10
2.097272218500414228e-04
5.903598784733309475e-05
1.563810109279816724e-09
5.063589141578226401e-07
1.044259033680238350e-08
2.719316228112615627e-07
9.222263604813424645e-09
9.824074683904745467e-05
9.094373312904983425e-07
4.256396773715094560e-08
5.604065625709692887e-05
2.161979318105116155e-07
1.672933840245954700e-12
3.283213281155152432e-05
6.374306591279256317e-08
3.988510705932037568e-11
1.016608538717476134e-10
9.797081540855475670e-38
1.477219294117883367e-34
4.152931340924644159e-24
2.516750048784022229e-17
2.394032468478540580e-19
6.457406566503056098e-15
2.929972694602260621e-09
6.249326753593003091e-09
4.347163212321790302e-12
1.555528845679494730e-13
9.444136521729597422e-23
4.603734355034630255e-12
4.981296567262837777e-16
6.312279758548422926e-04
3.885458357436164192e-08
1.624733977390347071e-11
2.490875758763770364e-17
2.172137948906965188e-08
3.715818837790552420e-08
1.002571613408874266e-05
2.173293972581570593e-17
9.479960028390831551e-19
2.693175156993231771e-07
1.696679189541370139e-26
3.960380154878972795e-12
3.415897790910005128e-55
7.204536069284861260e-31
3.066574962863538664e-25
1.467631574699709580e-38
2.373187676737695700e-14
9.291947149070097089e-27
4.127773135534022652e-39
4.160201057091703090e-16
2.134198803663119504e-61
1.434398894240761402e-60
5.913829886760375424e-64
1.017595506564467892e-17
5.325302618658735211e-10
1.551811869026515218e-05
1.991337862165328326e-14
1.294126172429233099e-16
5.078238053367691981e-09
4.283277857007477501e-15
9.192696307218335168e-07
1.070814255068065407e-05
1.483557263500262123e-04
2.997395325589778380e-05
4.057840990061547706e-07
6.607791852978895099e-09
1.148218167775085793e-42
3.620378057953441461e-21
1.486123810804816789e-24
9.838854528732279489e-04
7.510798260550523542e-08
2.368299249434907857e-29
1.194305363409288396e-58
1.158784390690134830e-33
9.644880427306558090e-20
1.255510966993251322e-19
1.464253180752448707e-35
6.121778468507725366e-27
2.616846350823257426e-31
4.000883737863183645e-64
1.119624717141347761e-31
3.423676050715159449e-64
7.269438951187616582e-72
5.695064442265475375e-18
1.514405893634227615e-63
5.890265507044716183e-99
3.306956278987162027e-79
5.607993927122944862e-74
1.231179998851582492e-73
4.220434987041977447e-31
9.092701091645304715e-92
1.001912441599342936e-48
2.148806596799508399e-72
9.943577946475164066e-50
1.003073191196069734e-54
4.162820132436681162e-60
2.852099156023053785e-84
2.050659700514119076e-82
4.552932665143514474e-97
1.808463255794312101e-68
2.486436035182430812e-103
2.948340360395697123e-91
4.920328424625674624e-69
3.701889024350489074e-68
2.335251001684632916e-70
6.275667006409999147e-109
7.164846343628132934e-37
4.453854631546723921e-62
1.651874371469274765e-101
9.976894785791025764e-83
1.582307450569450067e-110
1.223050943586407808e-108
3.641616581522304669e-62
9.731471557809019122e-83
4.780487900780769788e-64
8.773228231588475487e-86
5.291884341248177505e-40
8.647682588535333027e-40
1.841364251725500539e-52
5.762581281553259359e-78
1.351878039246906730e-44
7.549767067031943274e-53
7.338805314870080308e-64
5.235259482360173148e-37
1.097567357459192806e-51
3.620676009716291792e-28
4.963986161845545315e-25
2.151234145608543524e-25
3.342767148448051807e-81
5.770693865354885455e-39
4.161451184384910500e-37
1.905241272786729153e-42
3.544116065294538074e-81
4.685036877239429092e-42
7.359541793494122267e-83
3.755381437710547154e-54
6.681192628376152810e-47
2.965635183194943232e-31
1.474585519830071063e-19
3.930251831872690807e-18
1.001443019442143484e-16
1.617850680209198739e-16
3.257935817458744271e-27
7.077920014834218001e-27
6.430071862567518811e-27
8.864101219666906326e-44
1.405268918691263370e-91
1.677181439856116181e-97
7.389621058614131271e-79
9.357832783391703157e-23
1.515807002344234795e-79
9.422622889372609799e-88
2.737806078994975114e-68
2.722065445135841952e-73
2.768171221650583559e-64
9.664694162226465674e-62
1.184090933113834261e-144
5.059466067402577074e-65
4.354728102445252378e-59
1.063461185133878960e-39
2.269776987435552630e-68
4.429968797194401225e-33
6.288576391547599654e-38
8.514859828023895029e-49
3.468109685556315266e-30
1.059382015220095495e-46
1.722550116141323397e-28
1.702614096349962651e-62
4.705077290652355753e-55
7.111902457119140516e-23
1.210391675007668621e-51
1.921598453228301067e-31
2.478950891155134491e-54
1.686978607407906553e-43
3.781697289970764657e-80
2.981756535006618362e-31
1.141944575719329786e-72
7.394022688377457846e-32
1.704082608986891629e-42
1.109624848769321117e-63
1.290562595222871479e-44
1.887261462486086892e-85
1.504928228209010842e-66
1.306415475144233123e-86
8.934092446623087002e-39
3.761032710022212538e-22
7.882022812307724083e-39
8.683810961563800620e-10
3.091712372671194063e-30
1.678054490236425572e-27
1.207184407582816564e-29
2.365113096786858603e-41
4.340216753501811720e-42
1.821399869822183324e-26
4.706707173801825221e-53
6.023727161084570379e-32
9.623231375943496227e-35
8.506940020056704240e-29
7.444529411614263622e-51
5.833111789875650291e-42
7.918720181998011180e-37
1.404004849494742192e-50
3.092272667154298270e-70
3.266484346157657002e-91
5.724905613921429300e-62
7.498574642585927717e-59
1.240394098005522224e-61
1.232582657342277602e-57
3.022883365349657229e-58
7.654199651202410093e-44
9.022667381337621059e-45
6.390587720030317198e-32
1.579452583261442074e-26
6.414750790702024465e-38
1.467165476511911127e-46
3.916927607719100798e-71
5.412794348460743220e-66
1.451974664743570637e-43
9.188989277692280669e-21
2.168265196326380736e-51
8.475973960748210734e-76
9.856899510913686166e-50
8.735064558320773684e-68
6.284147820498044353e-114
7.149686392683806868e-90
9.493257719250668724e-50
3.049353513593215643e-22
6.886218433137250510e-117
2.837798325500372624e-22
1.276598263427119924e-57
1.451979932005201813e-28
6.753459159973482815e-26
1.057614837583886926e-23
7.546484663765436683e-68
3.025121086142469398e-38
5.706512718754458113e-17
1.191784359659753633e-13
4.169091850553432315e-72
1.691768794506107274e-94
3.286622164651424205e-22
2.624126881212275074e-45
4.287731076194234911e-24
2.244508776436475336e-36
9.101203453043655934e-41
2.641227108722181522e-23
2.152282695262017797e-47
3.127143946718634088e-42
8.601627922855036118e-27
6.825289257239872727e-12
2.162997416843555250e-24
3.257481582336134950e-11
4.879209200887980838e-17
2.120085754728979813e-15
1.953449888132176357e-16
2.579314807984614673e-35
2.311964726129022290e-30
1.786500236909821695e-19
2.675543828032388720e-27
5.628579227353536540e-25
2.641834333090387053e-27
6.257457238396617948e-21
7.752793192422921915e-41
4.324729012440397277e-50
2.077167224969491919e-54
6.879542426314828738e-48
5.636989953397557179e-51
6.541575621541202890e-25
2.428486122514118564e-13
3.737243069002667066e-20
2.811815189966755396e-08
3.651610720182341256e-39
2.920174181118541925e-39
6.616766188542252036e-09
1.857939245632208479e-25
1.530714117488969929e-44
9.881827740110382134e-10
1.775447979885891782e-22
1.002145796291882794e-38
7.401010884595542400e-60
2.421396692540494299e-38
6.213451842132891137e-59
2.306731106153877089e-18
6.826799248248539591e-68
2.742040818941468114e-41
7.102218564222013149e-50
2.135397623277428809e-48
1.463317624047505765e-37
8.990994312593228672e-08
2.546846878873621969e-24
9.279082055277944958e-74
1.848036902017942658e-59
4.686774845885231017e-57
1.333588346213274532e-37
9.503360034366018830e-57
8.429668226168071028e-41
2.370615851124564709e-50
3.732267914388175385e-50
2.862901242221786744e-72
9.306866013178640970e-26
1.794410627749319028e-23
5.403558064318945430e-26
2.816097875857748694e-34
5.510367128088926624e-52
5.137391365465062410e-25
1.279075415880668439e-25
2.753941957673202893e-27
5.507098736883357135e-60
6.861142630128370146e-69
1.092124784528307563e-35
7.850319517627551267e-49
1.970775638708730490e-70
1.721534126885569752e-70
1.616070388922587929e-41
1.047321154987531861e-56
6.908809813512964500e-46
5.576267197760304311e-65
7.597125309108940646e-115
2.037231606421167636e-116
3.042035366826908543e-120
1.817836148571460648e-85
1.107042019098055945e-96
6.971074756632484948e-52
7.101748378532833705e-80
1.154512460982833068e-106
8.189433669935468013e-89
1.153053224215856552e-53
6.766350039213713429e-42
5.320243685290454147e-17
2.234102298891750695e-05
1.492934121646743125e-28
7.236687007178077183e-24
9.421545008495037103e-07
8.868697882870496730e-24
6.001448097690934976e-22
3.391153833375610058e-16
2.804940493753122166e-12
2.977551654535745719e-05
1.054132801727860107e-14
1.185126927465017028e-05
9.485842978068008500e-04
5.183623428834311698e-05
3.075997320019787589e-39
3.152184322895205360e-07
2.857275020286496361e-06
1.052935101674178202e-17
3.999416748837727611e-14
5.279781764669679928e-21
2.602594065142294589e-07
8.258525431489107966e-04
5.040426380974707867e-05
4.681237343053209503e-42
1.967187766704870455e-07
1.644999334808860189e-30
1.130434505341325401e-06
6.011059951334118436e-05
5.346140743766054786e-09
2.855898286981697731e-10
4.466430230797445832e-06
1.107452815463091456e-03
3.442606323376713203e-05
3.463296258951293994e-26
2.757992975681750023e-05
3.888525168711473027e-17
7.066443936986500484e-04
1.159198875526995629e-06
2.905031514368800885e-10
5.806824187392974371e-35
9.059183937426096990e-57
8.568526945093154430e-27
3.078728865293839252e-10
5.700309219529047956e-13
4.230995707268518159e-18
2.470490378163588143e-32
3.868222818108933607e-21
5.328549969283909164e-09
4.902372000249920535e-17
5.106117453409752118e-19
1.694071348384379820e-16
1.565745073861767145e-15
5.881747888533485449e-18
1.333823961651726643e-23
7.890587589663884644e-16
3.012764156109482556e-08
2.591207357792179076e-27
7.438634597769951096e-45
7.181336397413834325e-41
7.274407699964348175e-69
1.257367991727594536e-10
4.687529659712781512e-19
9.392249974322777044e-22
2.337487112672387182e-15
4.275543692742773747e-09
1.459170965943762802e-08
9.274607802424854894e-04
8.859068937320405164e-15
4.369251954742850745e-38
4.431270878416075706e-17
2.500350581398539683e-32
6.061316764772731220e-30
7.353162642258234907e-25
1.387368228849420576e-10
1.536194407633558428e-11
1.384729514561964513e-57
9.108563657103515163e-06
1.134584735149768830e-11
1.649574320910665466e-22
5.492697830651821545e-09
1.732908774391552916e-11
3.169911858413075377e-09
2.266597183580909395e-09
5.244990586027732798e-13
4.917307126989138759e-09
2.337146511208251651e-13
1.393414893022603352e-14
2.959342408828259266e-26
3.708742705394243392e-15
1.986027035033695038e-17
9.535839930850993294e-14
3.096017587631271918e-29
9.069632471416842472e-16
1.036975138812485257e-07
9.042689831303120697e-18
2.850781344635837378e-04
9.112376896219721906e-09
5.829354104761539366e-07
4.566263589940767059e-06
1.071013043005231891e-06
4.548110890188344796e-07
1.281497220988599508e-18
2.385188809572713014e-10
2.385836294398544074e-04
7.043613260922267667e-14
3.496146208573530864e-06
2.886857602470857759e-04
1.815876709531524802e-03
1.204390434645150300e-08
4.665664726153222219e-05
3.267352495996052290e-06
7.973003655635070727e-12
1.359313283116707826e-03
2.536894783064158805e-04
2.850513235344928474e-08
9.609119215481026588e-07
1.262408229188362102e-03
7.811886542182034168e-04
1.085456373832068388e-08
4.643625126537930911e-07
1.373515133118058636e-16
2.767767041002931754e-18
7.926895301536659296e-21
1.335965940889368131e-08
4.166251048033867148e-10
3.129916640160245101e-05
7.132366306021149918e-16
4.068024734988885825e-12
1.527613803962675180e-40
5.569629321737879209e-08
1.085118564251112978e-10
2.855289006533296277e-28
2.603091232297795336e-39
1.028190783748699909e-12
9.237905391712400232e-14
2.751079166748376447e-20
2.065659971650525931e-25
1.626320417708062775e-18
1.494553437878149669e-12
1.472026582741657247e-14
3.299563946795487718e-07
1.788051157073524009e-14
2.152209655493691173e-28
6.136810584339820531e-19
2.075331125149808223e-20
8.771189178978063514e-23
1.723622178524206526e-10
1.096442736156740690e-74
3.777180204427244323e-16
1.083338341073734563e-20
1.256896077493529882e-31
2.070259355709293720e-36
2.071200354414982542e-07
6.134781016110648960e-05
3.595902286386692867e-07
3.568854046403142195e-09
5.195147602764106646e-23
8.355622883396318652e-53
3.558734955745685560e-08
4.058343743895322941e-27
2.103438009925027937e-27
9.998714900546004647e-05
2.785538705876903519e-06
5.469173904368798434e-05
3.899764037191228021e-12
3.538303196783213276e-14
3.956105300505531771e-32
1.052785280928939654e-09
3.921985599301458410e-13
2.267565098641395018e-23
2.562421222307271241e-26
5.204891107407148584e-43
1.027751663795003683e-11
2.913110065408414672e-36
5.407273322031934253e-24
4.058004392922717475e-21
8.024657841794331736e-10
6.364010154452211061e-26
2.638349457167605541e-04
4.862169886113359760e-26
4.717386992864358336e-06
9.671307280710633526e-17
5.726141584582204184e-20
5.248588471387582779e-40
1.244575702274896496e-18
5.802145307887954252e-41
6.605353135935385620e-19
6.152448981462647516e-16
2.103882842368729309e-28
3.794435391511463956e-04
3.562638673528994447e-36
1.213842607592026889e-11
4.921898626359936153e-23
2.828917667305862979e-19
1.002045200877376265e-28
4.700479084294371234e-53
3.242956678506203588e-12
1.978988575916422017e-45
8.657918536843551844e-26
1.979500078006540409e-18
1.929121567061286558e-18
5.666537159164925862e-38
2.172353352366924560e-36
1.740250251229829459e-49
3.420478903812413376e-49
1.896160312107071956e-18
1.214079757065758207e-56
3.221237285576242157e-29
1.650270113139216567e-19
5.444197861369116865e-28
1.690126358187899815e-63
7.405980586712804627e-34
2.798311254498781794e-22
1.145596361971547156e-39
3.791994171031953431e-10
1.722134741816394611e-15
1.993019749272856504e-47
4.058921417153215000e-30
4.326278335171097814e-11
6.961141735969706904e-26
7.446300918334783819e-29
2.850177368731409036e-06
1.327764641712749838e-11
1.000592452053518564e-12
9.842594624861726194e-59
1.596584034416615713e-21
4.345673391487084914e-06
2.322485261126784118e-17
4.886981684099679842e-10
1.548818540452347296e-15
1.135304031688362460e-17
6.207797499102564454e-14
1.339538444385733893e-18
5.246447504637964529e-05
1.360237938222861562e-07
3.528900715251337672e-66
1.574234152282473079e-103
9.865566821283777519e-103
3.479399566431735430e-24
2.153197816432706464e-101
2.455416462293895067e-81
2.195626303550563597e-51
1.206941796615187655e-28
1.284550270600260877e-14
1.143341537131382962e-100
8.356354496464960661e-75
1.645325913579479643e-97
5.002508431853036761e-156
4.333517417664380892e-91
2.049710964060096789e-42
9.099927792027586842e-45
2.248969204009332562e-60
3.800596518034326403e-86
4.641242708186442902e-57
1.465568791153320889e-85
5.831162248534337006e-55
3.045632769384990809e-63
5.593251354115353395e-83
8.817097226492064074e-111
2.425103807804487804e-84
4.842494769537368411e-112
1.945237099380996607e-114
1.069357149125982230e-115
4.846028783897617495e-123
2.804507842319280217e-138
4.688110346088822688e-90
5.821132884644382113e-175
1.600037089876579172e-129
1.726608730831545130e-130
1.185928973408671801e-142
3.083768355953927923e-170
3.205239653318199153e-162
1.001746253705315470e-139
2.878841937685274470e-139
3.075631419980404346e-170
1.611706434830595820e-169
4.366688047026432389e-105
1.188677276986332026e-135
1.601037359067246574e-150
7.079410961900110599e-166
2.317502244582402916e-139
1.375291934950902895e-129
6.723943851777003918e-136
2.338267885292344072e-158
5.524626073285374905e-144
1.573146230898751837e-100
3.206606822026932414e-102
2.840611703060030689e-143
3.968702038236958298e-168
3.459727740027834908e-71
2.365741928393382992e-141
3.092899898495302154e-116
4.649455902660411240e-131
1.344796491861460439e-119
2.163934781203491377e-95
3.107918522225136631e-118
4.248812504727894380e-172
2.832858911667029280e-97
3.903556459758604357e-144
1.526985598546754992e-151
2.677904123577595799e-160
1.486512771390697081e-107
5.800947888743805241e-182
5.125916796198769420e-169
1.513248120772002534e-108
4.867968388216652337e-166
4.973534381997762306e-146
1.729417631510433651e-161
1.298913059486758641e-143
7.140229255234667817e-186
7.241165157991397530e-145
6.272403988698434785e-151
3.055992551230288332e-90
3.079419139661576345e-162
2.197171510130599267e-165
2.281372248252033113e-131
2.745565288203637197e-147
6.755717313165563530e-133
2.984953826721987162e-86
5.905554467430301960e-96
2.138338446130379391e-122
2.215986567860468780e-116
4.693740965503229637e-151
4.529824622701981648e-140
1.427005105892220996e-106
1.000486672898355951e-108
2.994717213763716307e-128
8.782912873840208926e-121
1.391343896000146355e-137
3.326324878775227165e-128
3.193074103154070748e-169
7.842939547096954785e-164
1.385250833405287809e-140
1.206678760474323990e-160
5.786964614966768859e-150
8.582050141416557469e-128
9.171558928078638053e-143
3.246797657818581254e-153
1.005161087808144502e-121
1.725051407812142800e-102
5.803310115876439359e-89
5.333497158233531278e-98
8.180397140519363439e-107
7.529836200162016239e-87
1.321491895720812159e-142
7.170325956416185648e-156
3.306979461560164232e-80
1.706128283797386228e-148
2.040807432144427025e-144
4.879281152447815432e-84
3.129333042988731731e-67
8.808358931451427317e-45
4.251530583225846093e-129
8.147412995340666204e-45
1.230635346058312335e-80
1.690725819714713128e-117
3.796625500580080048e-104
9.250704640646822235e-107
4.136516374698311627e-147
1.784425308928370359e-155
3.216265635393805090e-75
9.222230081453544805e-164
4.802465672786495695e-142
2.567074874902591047e-101
2.771437157265975246e-146
6.007951502014069947e-132
1.526685422209130804e-120
1.174320627098167077e-112
3.086416933501568782e-165
1.171566150352018022e-66
1.828378253185237868e-121
2.163398443756984450e-88
8.851738694675860179e-112
6.880939229216051040e-91
1.988031479974246899e-139
1.478965185136408772e-84
1.084852524304824819e-115
3.197287697178440230e-113
6.678806893474895139e-123
2.220326827441434690e-114
2.909600930556636486e-87
1.794311719428556613e-129
1.092576773273766391e-140
4.128398313679248290e-100
4.222814512620958571e-68
6.830570770794577650e-81
7.045824781981574431e-129
7.899518574208758834e-123
2.295612178998459164e-89
5.703303688061289413e-120
3.889261972656056913e-117
8.977673866683895003e-70
5.706650015111926225e-72
1.260958303301062916e-128
3.337126119447929045e-169
5.973214729949796674e-141
1.262895123132879967e-72
1.147657548939758940e-146
1.267024741508980300e-106
2.278262221177043818e-100
2.100104982907325394e-159
5.478018702116281392e-71
2.368296690965426748e-150
1.492905611015645941e-122
8.446434813474499343e-147
1.036131835906640548e-164
1.484746356787583370e-158
4.043308699640029679e-98
3.670771739665062757e-130
6.297270151396354153e-130
1.452161940674462665e-121
2.807647616244058348e-117
1.399430796109446251e-137
2.649111725427163569e-132
3.708983818701860751e-101
3.650587565493731918e-117
1.707284515827194594e-104
7.056550779992681575e-81
4.803564243988145532e-132
2.960355915084553530e-87
4.740951129618797412e-85
9.728958853712191452e-96
2.151182856694156758e-68
2.495716118023169920e-161
1.014424992258293651e-45
1.116046609520800296e-103
2.201227719317847288e-105
3.663406500849911874e-139
4.572897046070156269e-114
3.551312049496656924e-126
1.291538013097869251e-156
2.544467554033410799e-120
1.132524026291468445e-88
3.887995138377467986e-105
1.484764872444797575e-87
1.497241423071855223e-92
2.701685852933524557e-119
4.067920425966861067e-117
2.190247295492751288e-129
1.075461946411960543e-109
3.643113817499685628e-118
5.343711266540131410e-118
9.566281416496096811e-150
4.447647262786578364e-118
8.004342397422279031e-141
1.170162119149641826e-77
2.186511729094855361e-123
1.335124736534392367e-110
2.043393133650000950e-86
4.711959289816852391e-124
2.212832602399390045e-60
3.404159131840146922e-84
3.315786401079038186e-102
1.738775896528978897e-93
3.754744821427484736e-128
8.160714100683752587e-94
1.997981409269716484e-143
2.450171909557536080e-131
3.822910210472511176e-172
5.598808944836699163e-111
2.835273385474458160e-162
2.377850362300358934e-115
1.814353672157832092e-96
1.347180253283190268e-102
4.469324173758910301e-129
1.468875074964973847e-140
3.882656429510658897e-82
2.685694172257420630e-150
1.379072802795040512e-152
1.477745944379033391e-51
8.399493544700763618e-50
2.255443250646764574e-117
2.373237272234142727e-57
3.508217810990513149e-96
1.693230255272073961e-99
3.754432691542248914e-131
4.705763168846128460e-50
1.707031241130704150e-65
2.455094286723853172e-77
1.465236448559720186e-78
3.939210211662938768e-35
6.105523639906062676e-57
5.112606773436817623e-110
3.746676559785281931e-65
4.243394736377660839e-60
1.581032861216439644e-51
1.826168055814829369e-45
1.863484561355597877e-29
6.136578559197861173e-30
2.574781897138351342e-36
1.176571077452936181e-24
1.428268924414077278e-34
9.971828950866634053e-19
5.453551318241126869e-04
2.851528632346251557e-05
1.784937178178538268e-06
1.320529800444884701e-20
4.421186867289571584e-17
2.243716474781348285e-19
2.561262493424384270e-45
4.576506257351661188e-15
1.963345594076975727e-06
5.745043364578277180e-38
2.766916761461203965e-11
1.174765885124867035e-06
2.749061812299867063e-05
8.369825894934648355e-06
5.714654957344126622e-13
7.183500791552547259e-07
4.537954450310039703e-11
4.821106592886940562e-06
5.127185873267989908e-05
5.488405413188856381e-17
1.591513330558235420e-14
2.647790129575337009e-05
3.297859558712268172e-04
1.516407474258759974e-11
5.930713770675775171e-06
4.108594533579396348e-15
2.867900934227254862e-08
1.045649486497109569e-13
4.289494510304506904e-19
1.434298186607294840e-73
1.370363234752194587e-16
1.360532973113831882e-04
5.555704919076072087e-10
3.741674567164581747e-05
7.559210413902582450e-28
3.929211741793893349e-16
4.132797491118648424e-25
4.622201059275200580e-21
7.484655027142214636e-35
9.470943223598266375e-26
3.987949138335116650e-47
5.755925777119608724e-43
4.963332772096742866e-24
2.255791738111890690e-26
1.308002320737287614e-11
1.087874367130910424e-52
1.335860015077428638e-46
1.159764427480483505e-26
1.223707653655717639e-38
6.658133214866515108e-116
5.874791000847690537e-88
4.910226651156407100e-73
1.051393005488966816e-31
2.833692029711878884e-85
1.994572306674279284e-75
1.286980109409199525e-60
7.307577677001913759e-128
1.999598546524473510e-85
4.018022037461019647e-110
2.462127374343343683e-97
4.574913353155609683e-72
1.462716820556969302e-76
1.013455183888418402e-126
3.867217575003805564e-78
3.833553563561909782e-51
3.117419472406564501e-170
9.040833173782235263e-138
6.594088345715795550e-122
9.978757959826966206e-128
6.580036862053181314e-104
3.948310712803404518e-130
1.640579048385017938e-137
1.320231357765060504e-149
2.998230641175033350e-85
4.459533520197462943e-116
5.013826088782818353e-56
1.480768143241929133e-63
7.310560554888377052e-126
2.982020036189923156e-78
1.307922421135388316e-98
2.144277894783407336e-101
3.973317621282027858e-90
1.146138329749663967e-59
1.313348659496606351e-112
3.409349294132932767e-110
7.208991295062040185e-125
5.024086012953052775e-111
9.327092320522898508e-78
8.590004819961374623e-85
3.650128459465650052e-132
1.267555134629612272e-148
1.344934589597928880e-135
2.971520212628491403e-146
1.297583498416389158e-146
4.792061353222378255e-138
1.007815616529792265e-77
6.021497590304561501e-157
1.348187500408351767e-74
1.820106185674963212e-91
3.176430880987889695e-95
1.703342539787915956e-148
2.639617777320502555e-125
8.258441540401302516e-106
5.207362668088798661e-127
3.499329906882129861e-124
1.934940191001574007e-162
1.392560581957005979e-149
5.551803063757297774e-133
5.578474939283280164e-107
1.846461635883096784e-107
1.113481821804362622e-132
9.313256958683228343e-155
1.560728197313003557e-96
4.199252437433101378e-116
3.131150362714140321e-128
1.275765818525894418e-125
3.582092610177908928e-92
1.704923036804232091e-96
2.686384738041031605e-70
1.292083438117596721e-108
8.922751834760810058e-88
4.186763414372082059e-113
6.977271786860529239e-103
1.948249144205918086e-60
2.992116671757532031e-67
1.043527649373264356e-108
1.902034752464596791e-142
2.688843286388485671e-136
5.357888032469476525e-81
2.115959826348753372e-52
1.814490019712137950e-63
3.191677567668625496e-127
1.419680176527369892e-78
1.477972209549344717e-114
1.597793619379157322e-77
5.834893181889430324e-110
1.426100773265792551e-47
1.083102302634591167e-110
4.423348394459844191e-96
3.602766713603148608e-94
1.348397825907353548e-69
2.491698494081472366e-16
3.619001663752031581e-59
6.419259573036925710e-121
9.862304035343045619e-69
5.007294545311890262e-73
2.152643594535730930e-95
1.322869516434912903e-138
2.198730392763543598e-136
1.812016138233274208e-90
3.672168346752308691e-98
4.162371065635487964e-66
1.160313722856123735e-156
1.047425900533364748e-106
1.275089136800401044e-141
3.882221649401686268e-172
4.986631621515637161e-166
1.000644735246204154e-103
9.895772802061307582e-120
1.404713510250862758e-119
5.143330368630418269e-98
4.564209447605937043e-147
1.080278062900436458e-171
4.462490171981573693e-144
3.118105639702673431e-136
1.630118431457883578e-119
7.686164805940846488e-89
8.179502159059267099e-67
1.565956438327493925e-53
7.080099035487920591e-46
6.006371430544204995e-52
4.638087139957095867e-83
5.627514157643335792e-101
3.253951971241179964e-85
1.403305392199547107e-100
2.788781802295169549e-156
1.165685000509608232e-137
3.124920283940196113e-137
9.073426787175901752e-137
7.028856334963561948e-56
7.995286914338575875e-81
1.337420719156083719e-112
3.318930495050816552e-131
1.962710837632083411e-127
6.741971975455887554e-120
2.635028018220089725e-100
4.548271991277365719e-71
5.047324452720358779e-134
2.964013397380348782e-126
8.185518493493674898e-137
8.553044497026091390e-139
1.188996860677311197e-134
1.306755954488233599e-133
8.621012519080722142e-112
1.570564704227242171e-97
8.710587194867600986e-151
9.899281104816346618e-123
3.285055091605217206e-138
6.321264028280942735e-141
1.491061704931722546e-161
8.458898754520276824e-154
2.744604137655537351e-171
9.593376987160207639e-154
6.916326054565141556e-205
1.434107112931223061e-146
2.544658256107638701e-129
5.879985658998053442e-165
4.958038679558903510e-160
3.646359145799363319e-157
3.097017507155748777e-125
6.238450868201885451e-155
3.698905235383488591e-114
1.677082078736632540e-165
4.198738142742318229e-179
3.205095686063453621e-113
1.219139657518393365e-149
1.369884620687635160e-153
6.810380870209304671e-131
3.206505956172607287e-164
5.404055839652237186e-148
8.204664119112061322e-132
1.609453135689412415e-157
1.856973734140661807e-175
4.589420687897241977e-147
1.049921838816098453e-119
8.932351536173746341e-163
1.792236037162800865e-175
4.501429641308463490e-155
1.238493876180748391e-143
8.173014976567597105e-149
6.881550256015615473e-137
1.736110566342948323e-136
4.733987208526281191e-60
3.188600803726450647e-101
3.887980652870443552e-119
2.002097330907457068e-135
2.892232093099606578e-170
2.435851680095952188e-104
1.425873837166633490e-90
4.848834383370150027e-118
6.913825329858862346e-136
5.316399979100724069e-94
2.512067069280495377e-75
2.951260112611054189e-34
1.595517658099069566e-07
1.959885434772581255e-06
1.385306246183372313e-11
1.744694698275619331e-10
4.086466684468812760e-54
1.268238148861518024e-78
4.173369113184458986e-98
1.576366764384050004e-103
4.260131870137346998e-22
1.993887253064541028e-78
3.038384418773397854e-70
1.284950887779044019e-74
4.578132975037671517e-66
1.356140012548360980e-82
6.909165717830271841e-68
3.509889281006515748e-67
3.476843701766047268e-64
3.548531137021858625e-38
3.672808736407706036e-33
3.006038125250318977e-30
4.178835564919297132e-47
1.751174917393470979e-33
7.177216964206956513e-13
4.698670687084870137e-07
1.801612400420438308e-28
3.353079507781208704e-43
4.398595529827271619e-20
3.569887726967841434e-28
2.274729849886746830e-63
1.918228046665063531e-32
1.706452915953495227e-91
1.637572400616196511e-26
1.198160992108964223e-36
2.380036668989545257e-90
3.338863871054889790e-30
1.290731839125549444e-56
2.071814921226832125e-11
1.751995016842836846e-40
6.177584978333720373e-78
4.545696777072516182e-83
5.057478299680117815e-121
2.403148972387326123e-108
5.719178154297658674e-99
1.757466162650754881e-146
6.074726578504720273e-76
2.010228554215077156e-95
7.293235087717207031e-145
1.359515917350148847e-96
5.375389795147714621e-82
7.695110362751470438e-82
4.686984604940331138e-107
1.629029617538434546e-92
9.345529667454360680e-103
2.590908264842512897e-68
2.246918769631743830e-67
2.862273312705345000e-76
1.028626685025945556e-58
9.223138607431410762e-114
4.353836288641534490e-126
6.757800309345556840e-112
5.193423747475100058e-81
1.291396121809297548e-132
9.246926261047827416e-82
6.000199034844928428e-135
1.274695876271779572e-127
2.167752839626340452e-131
9.018832635907688012e-85
1.390036369615181680e-54
9.885833228596827889e-107
3.435966134032633296e-95
3.757737658890830206e-137
5.891229249508508090e-107
3.359174491487015548e-112
1.014229665175966368e-128
3.653684399384773079e-110
2.064291240009573350e-141
1.361604195042372898e-113
2.059705079566227271e-115
3.552390417554060835e-70
8.518715521597024597e-115
3.060031259985902258e-66
3.621914646454121120e-44
3.241835352517869906e-75
1.508214397245779424e-69
2.147881537739509425e-98
9.988642903556743565e-79
3.087209586827966426e-96
4.142227477329384535e-91
7.238753001545293722e-113
2.579230257490355740e-113
1.194992867493573381e-118
1.642466004013929784e-89
2.543563804052831186e-109
3.683627356205105514e-171
5.784133467824904189e-122
2.829696358352347499e-66
8.563544835154121462e-110
6.797046069186788803e-59
2.607801522100262918e-77
5.406646387073879093e-82
1.439844956458806994e-86
1.570499542890076966e-86
2.369115994810800836e-48
2.646292947020627258e-91
1.087012932558615382e-129
6.869932503721063190e-147
3.097662219571433231e-98
2.098681260449897546e-118
1.421432439209579473e-112
1.870081309529609325e-41
5.631840257810740473e-164
5.501417495309762852e-79
3.399990381218978449e-103
5.560798431904506195e-154
1.560032528623491351e-131
2.165589567936184758e-150
3.957146443383109690e-164
4.224159369457214458e-179
7.583733814546669026e-140
3.667832208589114016e-116
6.744196799272209914e-165
1.155067234125659500e-117
7.800723083908377272e-114
2.115986774770430270e-66
1.252142859933570894e-105
1.136929773034005982e-139
9.465866512100289217e-152
3.619583498561943180e-147
1.411886594754567824e-124
1.112836314765050737e-118
1.731699247643698496e-93
4.534607213924595455e-124
2.946931813759806811e-65
6.353529780726654058e-44
6.606669756134646220e-73
4.830728248492571312e-109
7.472077779982555127e-94
1.149717874583037454e-106
7.926750343446310980e-112
1.611554068682270309e-119
8.480502997497108003e-72
1.596207195311612001e-151
1.492836851158825427e-91
7.319889801865121085e-157
2.904080472174786006e-98
8.362095976655110166e-95
5.334587426293886460e-155
2.550158693149152720e-132
1.044789397467513658e-153
3.355711591992006882e-150
1.601746791495559883e-105
4.882061453292937311e-143
4.890065834042357677e-134
2.375427015855834470e-95
1.858987400249897022e-71
2.397351573253513281e-153
7.242680313326570562e-87
3.895308474900519276e-83
7.050514484308255222e-56
1.549750639226849339e-80
2.907814364164220752e-109
4.662903385187334734e-103
2.699257039337762715e-78
1.623167274682897867e-90
4.847608298510450340e-136
1.114504199468584632e-76
4.794198862346603680e-141
1.634065141719880815e-71
2.778250569705915806e-89
1.239500226486483699e-114
2.837931246363044324e-73
1.202558679990073638e-47
1.778309552724865450e-107
1.206365114215077992e-88
4.442647018336175020e-125
9.883886940256013265e-121
2.078724740220604255e-89
2.378669556321473612e-92
1.221923494312650470e-50
7.869346448443378635e-67
1.871097837972218186e-80
5.143641084686000651e-110
8.351619868453490553e-72
4.891653980029690702e-106
4.488937932884130251e-101
6.766374310332873499e-91
5.700542512719354938e-61
2.399131894148014926e-58
1.903664371621553963e-76
5.434958553235241621e-69
6.014926876611902709e-91
3.570260803880345625e-75
7.691178885673925133e-109
1.301911182559923505e-100
8.385257149878467775e-105
7.431836628482715128e-96
4.451760622495871616e-150
2.420858352328979625e-142
8.652857872967720640e-145
1.360535202973937402e-125
2.624493147292860196e-131
1.353170963256819672e-134
1.407771188329052613e-88
1.447649140975630742e-120
2.444525574618113545e-116
2.488012401580191708e-161
1.236265129558021465e-110
2.014113090110589861e-97
5.957008967253144579e-110
1.783671179189133855e-82
1.137118743956415288e-105
8.043560053318452605e-85
1.712162764152697667e-98
9.805114455006655191e-127
4.050725067432586772e-145
4.910863138217992694e-103
8.606893818327921836e-130
2.150331037187476969e-150
1.012554549920354708e-110
1.911473114668801480e-145
2.016537222979267169e-131
7.221825090019715193e-136
2.227068022169903180e-83
1.513383845608849905e-79
5.209198982066925841e-108
8.612444706302221676e-45
2.511446071585590213e-55
2.138067775790641542e-67
1.115945938291338718e-67
1.060494582396058971e-31
2.777510870121517218e-49
1.663338414701094717e-78
1.376630202237391395e-59
3.411168311839108713e-36
2.123124313602538019e-103
2.898644607390929070e-41
1.304363112277946415e-81
4.041125727588875736e-63
2.649062662514259453e-66
1.034390297883943781e-62
2.429926510534263059e-91
6.327383910004520952e-88
5.903717514048139538e-52
3.329207844953003837e-70
1.154110122488410446e-76
4.114166352661722254e-82
7.958606158914141518e-71
8.758034694738034357e-79
3.488484175166520497e-108
3.350537088971088844e-139
5.472998611022882015e-123
6.367602340087495165e-72
1.695268259127877147e-82
1.130370231990051928e-50
9.335443300291657911e-83
9.659634578590784817e-67
3.609166022464283758e-146
7.898082048431754889e-119
1.349055232985866811e-90
5.166596653960547482e-74
8.790853332972776217e-134
3.895112112288858447e-137
3.372963125026772606e-123
7.888336696575302428e-88
4.623270809439423195e-145
5.093884047193794237e-167
1.361136215349789480e-151
2.044376964355095006e-134
6.627646682588175263e-92
1.881950485438283173e-146
3.291486340847573212e-149
3.871487221765814483e-56
1.385178856327077477e-93
5.684258758826130723e-91
1.953344996901079900e-41
2.110496524609460314e-109
5.475805672930663012e-101
1.617208937402699861e-72
1.392629736505492825e-155
8.186222231093894425e-124
5.279640319205230142e-134
6.481503980663388932e-115
8.776818223025913337e-104
5.512916818327619682e-71
1.596085833879284554e-106
7.031523961418849510e-169
3.058662024417319755e-103
1.120494261124582046e-123
4.716248592976350486e-138
5.334936538143005488e-178
8.034468465577664571e-132
1.402598728999599109e-101
7.980053709843490521e-159
1.756319596737511306e-129
1.574564230089158629e-120
2.259666325231593882e-110
2.343033471044748037e-153
9.481491528658979404e-159
2.519475088332629624e-123
1.311284471395156441e-116
5.727799649232298933e-129
2.047649319809491220e-106
2.976142501366171345e-77
2.456740376286298575e-83
1.876046729786505342e-132
4.260210571764474167e-144
1.404508956391661712e-117
1.410285327466061944e-63
1.490048066937032464e-78
6.254772945138645194e-87
5.580791881108171580e-52
3.208432293444859476e-118
2.224090098163270857e-90
3.273836317158468316e-76
4.593636742488311933e-111
5.946637146629739653e-148
3.921286613204040754e-72
2.029356958993469607e-113
2.995481529132095251e-129
2.533373579976509701e-100
2.333517422419692449e-104
8.787092584551898526e-117
1.251032425740992327e-97
2.459684826184794316e-117
6.779980320184465764e-72
4.446543359662542781e-76
1.838881120247326128e-65
1.493971689987330459e-72
5.726620822611118067e-67
5.535360203635957723e-97
7.542756880922685375e-104
1.301363840255592706e-113
2.931156452211778281e-139
5.702343737413625758e-76
2.923259113381534357e-75
3.133744135797740030e-71
7.921391370429159608e-61
1.109411063957248333e-39
4.417802990393931515e-55
3.444985280955169911e-38
5.622993843932453103e-66
2.082260909654771046e-32
3.413188511990348219e-61
1.087822757006158405e-149
3.553228856917709285e-88
5.740118773915441648e-79
2.517661198867215443e-104
3.054360372198882128e-85
3.967346418092612650e-88
9.874604991290528239e-104
3.563005840533907484e-85
6.429905363135350781e-78
1.647911534254229749e-91
8.555830163776106819e-62
8.442862293675104128e-32
6.034349906733424637e-43
6.372776428274898052e-65
2.267051136824672050e-38
8.717655526871305114e-59
3.457341008381211195e-67
1.579462864351505827e-129
2.477843575540655965e-39
1.676739992582193524e-66
3.557288490098663354e-78
8.807169639997163879e-103
2.076552636336807705e-87
2.298236734508463871e-44
1.798030362459789569e-99
1.150224830254936752e-49
1.482096495093054896e-46
2.319531028741825902e-81
1.030723260073343965e-124
2.198059180535698003e-126
5.828964231233841361e-111
3.218160794682154133e-140
1.049207294957066320e-120
4.472543407440085063e-89
2.069923198156956723e-108
1.361794413544602115e-124
3.703911807136424038e-116
1.757787257082165063e-154
3.898627406926708472e-125
9.603913122267038682e-86
3.123177586480279197e-140
2.026877149793606796e-123
1.222571324301904283e-129
2.467984349140945731e-141
2.305571429823377599e-131
7.028764229224258829e-92
4.202476582990910606e-139
4.796313895555160440e-158
3.317704533514432843e-161
4.821383339626379119e-156
4.052853641404415302e-152
6.371938282619954775e-135
1.019519278165831696e-149
5.453636194152984351e-115
6.991445278566049019e-127
3.232072433822766169e-149
4.170429485845687375e-99
1.606221399583634472e-129
8.961369172064557386e-147
6.448431483638148840e-156
2.252468496301945816e-84
1.515722590772797649e-188
1.144286149282608376e-151
6.620996498805924941e-134
5.484958931412344946e-142
5.547670500126647995e-154
1.936644000837181731e-161
5.316403383515071056e-138
6.275035997233243976e-123
7.899757002075963158e-153
7.981898440796193623e-141
9.824490109119010209e-136
6.070631894148932236e-160
9.537713043097457170e-151
4.005887617123438412e-128
9.369576676469572522e-145
3.638314629564893340e-121
1.189574168491791651e-108
1.002204736572956568e-131
1.147779017083182661e-159
1.779499823109251188e-87
2.939468567942809521e-68
9.942731893484660720e-88
3.658931703990647304e-82
9.316532326836145490e-100
2.525984166564147705e-92
1.435564766347870452e-71
5.484529755367858958e-91
6.542696119149620015e-79
7.670075105681631819e-39
7.025672473721928567e-57
6.617197421507056888e-70
3.185187810433415895e-44
1.170012268864579610e-86
3.022125568884292599e-154
3.676592893857146837e-43
3.230900760174558516e-49
1.917287173904811568e-53
2.587816592267467369e-25
1.138498507891976610e-45
5.519288224406898624e-55
1.550833918478409650e-61
8.112948727387293951e-115
4.441178215421689324e-82
1.235963772526974691e-107
2.286528451360605710e-96
1.229648839894790249e-110
3.161535918435172579e-97
7.870534646410604164e-123
8.839945807574051212e-43
8.344049625084863953e-88
2.935579439587900797e-45
1.776933890520346508e-37
3.751675921072993850e-88
5.550522247746520728e-63
5.448280368851017162e-43
6.026725744349264319e-79
2.417996237198075988e-101
2.546337849969245440e-70
4.359391816266900327e-55
2.131447929757811850e-66
4.535326863598034006e-66
6.465512567228843474e-83
2.718429591341568918e-90
2.747960135179582852e-112
3.229646109671098010e-114
5.358449772083897210e-116
6.076071831648494773e-108
4.099393771644884349e-106
3.181068902952221704e-94
5.648568266318950291e-106
1.706868876600223902e-128
8.598394495604261175e-115
2.747271997180753279e-55
1.638690209019369278e-60
1.493067813034471521e-76
3.243314499698000874e-60
4.840116782633544554e-75
7.954821795193476378e-86
4.055709663049378612e-80
4.532981013096659588e-81
2.138357790366237949e-56
2.778580148126775100e-70
8.626849365005804548e-115
5.924215575434190843e-77
2.546283722936448164e-105
1.184109415823127570e-50
9.174119595939595987e-60
1.415240033456071495e-20
3.012640739878442454e-06
4.987720441045178623e-36
1.366250649271483446e-31
6.319154154468499722e-69
4.028654876444479887e-34
1.240551828327879889e-66
1.873337194987350617e-28
2.121769638335309786e-49
9.144800404079859531e-10
2.170337374328888937e-46
7.141378350407223135e-56
1.295635175642116836e-39
6.194137775725647936e-71
9.938107218391872557e-12
1.132016641777237919e-03
6.076886127961392105e-06
5.588001284435270441e-05
2.908698905871283862e-06
2.726119241499734820e-11
9.452657321329536923e-04
1.946870166136527780e-03
1.936128389990458831e-03
1.922452246740791052e-03
1.748177620384451124e-04
3.729926888894342030e-12
1.178639877658145819e-06
3.610690742754882408e-16
1.328096451891139201e-06
5.564573436758193532e-09
4.265395485570692654e-05
1.814423166742723183e-07
5.611844558067324145e-06
1.650415931742468031e-03
5.276942245205672411e-09
1.459489621406506992e-04
1.622311488146614689e-03
5.728524556741872902e-04
4.277741942094032395e-04
1.939020597344036497e-03
1.088815116869123892e-03
1.964867992142438433e-03
1.081167601971439287e-04
1.700637130226425415e-03
5.587658476213928005e-04
1.929313177256182163e-03
2.161969562425412268e-05
1.836364250735558886e-03
1.568242133716945210e-05
2.256913448697564420e-07
9.441675997046697008e-04
6.460029333073424561e-18
1.486265728607475420e-03
9.073255436721091270e-04
3.999230699564753349e-10
5.813424352561327767e-04
3.690753301411038123e-04
1.138060639817936029e-03
1.495172048165347161e-04
1.306484915950044661e-03
1.745611280950064639e-03
1.654286721597015035e-03
1.713865722798600666e-03
6.733770509772829017e-04
1.542149996417691883e-03
1.804458901261363169e-03
1.560367188384967569e-03
1.158864380839694317e-03
1.007804332044208835e-04
1.260802984428294844e-03
5.339953699696524609e-04
6.412118225253837789e-04
9.987195579111290966e-04
7.806111427361856750e-04
1.082960442582659106e-03
5.789596149583803991e-05
1.746755075784356664e-03
1.043949867817260608e-06
1.718787405044260551e-03
5.383604208587159165e-11
1.579013009722858140e-03
1.768964216348652575e-03
1.105036240592842953e-03
1.689594048571321219e-03
1.907679227167753157e-03
7.284960047912000152e-04
1.630890748812027216e-03
1.577218291682503531e-04
1.188247185737773817e-03
1.820018324083041072e-03
5.359574349169043484e-04
1.464616531770145894e-03
7.170291447090794925e-06
1.211300987346837976e-03
8.164816458226942375e-09
9.967021832199502006e-11
3.702723277909490554e-04
1.822422863709313463e-03
1.389974151170264170e-04
6.719333815054734989e-06
9.949840162535601024e-04
1.027321783671650453e-03
1.898509180577468390e-03
1.196536025371139476e-07
8.171667751749355554e-04
1.507428242865063673e-03
1.335312086918437144e-06
2.796618969288439723e-04
1.900149356322121180e-03
1.651853627506511381e-03
1.662026671652151499e-12
5.125795025534220101e-17
1.134824901105189763e-10
3.667167072733726833e-06
3.262212552999765253e-10
7.294972326139040529e-10
1.125735326867950551e-08
5.137223728733028572e-04
2.651571146680843701e-06
9.474239354985855783e-04
3.504438507156967133e-08
1.490324172426148348e-03
1.396712908617349152e-03
1.580120691756416867e-03
9.076975714864997857e-04
1.051447171560460341e-03
1.641097769525772890e-07
1.978834873492667581e-03
1.149865183199370519e-03
1.474027039741648598e-04
8.972226052701480579e-04
1.557398900152138360e-03
1.845126444463973973e-03
6.426736690309728668e-14
1.795253252446243506e-03
1.551405042879305633e-03
1.379284495664459065e-03
1.852335945242714705e-03
1.962909548358568283e-03
1.797622951019148220e-03
7.508816993355663539e-04
2.779460202684255402e-05
1.590092225863709010e-03
1.830782905186448782e-03
1.973159791235644216e-03
8.271903219780427519e-04
1.618420043063589775e-03
1.228110557491708969e-03
1.404563614448210360e-03
1.669837355233929916e-03
1.496102782536313548e-03
1.954689978407482813e-04
1.200708212461846711e-03
7.529869327255119286e-04
9.855045160635253574e-04
1.890370947145065227e-03
1.367315853598131221e-03
7.453722356595063455e-04
1.423617448464050252e-03
1.614609169662236873e-03
1.725923004976862756e-03
4.943138794150412786e-06
7.576963846520814311e-04
1.853913892545595377e-03
1.414564297871029590e-03
1.513611352535518132e-03
2.015312913541735402e-05
1.577219750835466431e-03
1.523532250922970521e-03
5.920404360953085768e-04
1.725929931891828422e-03
1.336344295973960128e-03
4.125277932645676836e-04
8.510699991606671599e-04
1.252415229567949498e-03
4.594251572939267510e-06
6.660557172754429891e-08
2.734340094770597990e-12
8.520724123341597055e-04
6.062255054402252135e-04
9.534552399461141640e-04
1.836948595225240547e-03
2.196581528857338478e-04
4.077138529326662441e-08
1.289490326012792624e-04
1.128892444399762694e-17
1.042166348847968175e-05
1.554060776564929452e-03
1.531274678211842809e-03
1.031562793475630227e-03
2.792016629161598147e-08
8.395482854251493012e-04
1.376735317029011141e-03
1.487181723535478126e-16
1.186674592788379908e-09
3.406542944819351696e-04
2.906121140497537870e-10
1.685406337066675756e-03
9.098091012631930783e-11
9.372665412857539248e-05
9.181127453835118199e-11
2.342773906556580436e-05
3.633265281272405219e-14
1.066061883785751922e-03
2.930962628690599755e-12
1.436247904702953049e-03
2.133049885429514248e-04
9.188553133556470243e-10
1.129451716853769318e-28
2.292037291567939800e-12
8.427759175368582498e-22
1.731946084270438377e-55
7.995741090542104316e-19
6.723779410059530915e-07
4.279165885682349715e-08
8.038121824707145855e-15
2.249874051607475651e-09
5.602755862455518206e-22
2.337186842582317492e-12
3.970237974694838072e-34
1.251021098912676803e-46
1.504710831461789865e-36
9.519504632147299544e-14
2.391507079896234820e-29
5.907354127850950802e-08
2.824560193837752250e-17
4.159111714692467951e-46
6.462507223031432363e-35
6.126207634745912846e-18
1.257599511251775851e-55
8.952697681726012985e-30
2.790846794174109632e-22
9.718860859512437735e-14
1.520041364877310461e-24
3.548588479370103461e-27
3.764052806458434282e-37
4.894959642131245778e-84
7.771731511623826345e-76
7.657489174853330499e-56
1.363785486444082927e-46
1.859015800522096574e-48
1.724836080483417616e-60
6.131079601033757251e-46
1.234694810940632677e-101
1.756535922880915605e-37
1.067117828423716326e-30
4.460238321453793696e-64
7.361124958993398341e-43
4.048419068943304412e-51
8.141164600556985984e-56
2.622043732872307757e-57
4.867283284184792886e-39
2.159454518697962204e-35
1.592950589090615716e-47
5.460586386720897551e-10
1.056027577586142659e-43
3.489735321357710346e-45
3.129846240146807929e-104
4.328768331890691526e-38
5.963221022781985091e-41
1.809584729201319914e-42
3.820806417611655753e-38
1.792365733798484068e-60
5.579375206806014416e-52
3.642256195960671918e-32
5.847194600690573893e-28
3.094049275361444822e-13
9.891983438014605237e-47
3.518378890967608351e-46
2.414687566143996317e-72
2.410314334660159221e-81
9.819177268704920476e-47
4.888714969924014749e-48
5.480587785828278958e-21
9.762616837404096411e-67
2.765974283007575650e-78
2.754484368090246767e-66
1.732656770551925217e-30
2.323667731502118063e-13
2.324388671612686551e-39
1.246989036532271238e-82
1.194754211796068778e-27
1.425042158106998141e-64
8.800703349015672827e-55
9.201873262471440169e-13
5.701914071931935848e-34
1.148619405288352914e-39
1.414193543263528572e-20
3.357712930159437926e-25
5.905416825956743712e-12
3.675606835764013901e-06
1.682069917457004592e-37
2.712580228337816834e-05
1.648935266010337554e-49
1.384580985984996339e-30
9.129181778133226169e-29
2.931917105092731836e-06
1.075365162725165879e-11
3.666154930678564171e-19
6.305048921789747343e-04
3.443226868993316727e-04
1.037563065730255885e-06
4.430664642445414235e-07
2.572416051322546074e-09
1.874028009111748660e-09
8.032491435072909233e-04
9.841320588737626137e-69
1.122128039866449354e-17
3.085524821882786032e-34
5.104891236408601399e-13
1.203518943283961168e-36
1.026414882176874644e-29
2.425057976794880956e-26
2.030697665326652998e-30
8.798928125414390606e-14
4.145569099488909924e-10
1.941840306336466263e-22
3.847904911861341539e-22
3.558782786477668984e-13
2.888626787528506992e-07
1.727445201272701730e-09
1.154505604686736910e-11
2.102265520204161753e-11
1.232238468339667487e-08
3.735051332667051459e-39
2.990551943690246024e-23
2.131085944445952661e-05
3.623917824942688099e-04
6.812157444658410966e-07
1.909615878076101952e-11
1.827768142652733579e-08
3.269370634073525062e-05
9.706276122890127496e-32
8.202467214201790543e-05
5.358282019397299714e-39
3.911645069337506746e-28
1.624479139929722781e-26
5.825369426468510255e-27
3.938800712664304885e-25
1.647240155327049621e-43
4.554408726068257122e-61
1.833265462747341426e-46
4.800585931776866088e-32
6.930720832364102439e-42
9.532455565784929047e-18
3.512360569990174934e-14
1.969679313100421972e-26
3.278728422344685103e-19
3.319296891714290876e-15
2.449830928949262007e-14
3.568285154367886985e-07
2.809496296788274898e-26
2.288442655510968022e-09
2.354941397755417761e-36
1.763682269182691239e-48
9.625611269940580530e-37
6.429038922114273771e-45
1.964136726249166196e-30
6.112370863492159280e-31
4.582568693936813422e-30
6.223235112790274942e-35
7.473747601693933881e-84
1.498438443039770799e-63
2.199345025176292362e-77
2.095237759697204216e-34
1.232303478275594420e-57
2.701364405981076759e-45
1.180757167182072141e-38
9.368470599304774080e-29
5.669630414876102626e-45
9.181157316462173878e-31
3.056379735668018792e-47
1.608955015382626392e-37
2.356856504593117163e-54
8.487094485083721536e-44
4.318169217131815292e-55
2.750979986943723338e-58
9.564377292377091390e-66
1.386380084535406952e-27
2.872616589670943849e-46
1.213581403476931138e-14
2.180242930592337085e-15
3.767015449163711273e-06
5.916788224038227548e-23
5.860959654738249393e-15
1.042377565997495432e-27
6.586157940789593034e-23
1.353479271187239793e-14
7.600584856466976658e-08
2.759029760105242045e-23
6.654399602199976659e-07
4.951897559849098805e-09
2.239901675916841251e-17
1.567203211495969117e-14
2.244285926963853289e-29
2.802642676400747396e-21
3.206729918565797139e-10
1.475552177365275928e-06
2.845678843604921735e-04
1.297981812917761272e-13
2.234467492588979532e-22
2.605203228115827900e-12
8.474519178631069444e-14
2.321517800103432018e-18
1.667791399565291203e-18
5.535061628135523856e-16
9.015334331548240827e-07
1.127912243569493348e-11
5.725406050900196792e-15
1.216971384651129808e-09
1.856087738055139874e-16
1.701527498568211695e-18
8.676502227119524879e-22
1.663136800324192334e-19
1.605691341150022989e-36
7.359989922979545584e-27
2.520817251218077397e-30
4.449971542831215812e-35
2.335917698177736304e-50
6.319289556298957123e-28
3.176904450060250986e-27
9.255965214593922004e-31
4.778047369871599247e-14
5.123887780968211953e-37
4.045760931241476093e-11
4.289166741406149835e-13
7.308234952911275866e-17
1.060487479892108423e-13
5.973664812440409235e-12
2.261653679213210949e-11
7.947604443574233804e-23
1.869262255801732174e-10
1.744803469957184849e-14
1.663038222126144820e-27
1.614815679606689204e-15
2.364231691669548427e-19
1.714872777911270657e-11
4.970220698295508924e-13
2.045629051806536475e-19
9.864190642067166113e-09
2.652328312825584634e-13
3.626572589911681903e-09
1.147283777670334355e-11
9.863403296369485652e-21
1.800471104196621456e-09
1.554236505917789220e-05
1.462925032905507536e-25
1.889875006621408896e-30
1.030308900787300573e-08
1.737455985379132796e-12
1.180212264171184530e-04
2.765248506177642107e-26
5.452203726905731693e-10
1.154538866952128885e-03
5.112059935801740719e-09
8.893348810564638578e-20
5.050335579181516704e-42
8.434187345298883766e-29
5.067431978466955983e-14
3.361658065912409430e-18
1.652977000157706515e-20
1.026081079779188545e-10
3.596293853059876784e-07
7.637201339672100003e-22
1.024861279580533350e-18
2.173883716719893218e-27
3.270585695503216193e-16
3.264761813635186121e-06
1.053936745329923844e-12
9.483740976480581850e-07
2.865493850106597239e-14
8.524770727093776646e-53
7.728742416213949158e-26
8.267542490645358380e-44
4.185157447326855965e-31
2.042988201856139369e-19
9.703597078204861832e-23
1.680197663247422730e-19
2.749785572225648641e-17
4.823388255181537368e-18
1.616467980871714755e-27
7.464760875763081238e-25
4.896622580712652017e-74
3.536416660779592686e-33
9.757368255350320655e-25
3.751580162228503393e-25
3.946586643959901644e-29
7.449512213720063257e-36
1.048433989221383909e-18
2.287170771654161157e-14
7.105475292874163140e-21
1.392706767134771001e-20
4.578982681802787074e-28
2.370714934539399021e-33
1.541103597231799068e-21
3.396294393680062904e-41
9.290001525093866622e-46
6.240009700809077030e-21
5.623064572126409257e-22
6.408588717166942973e-43
7.139703152185844592e-40
9.823695551955368372e-20
2.537057011349990516e-88
9.747586586849624878e-59
1.112755170676111236e-85
1.204281413734973401e-30
1.885123130576915787e-35
4.590794568961630561e-47
2.486510538605769557e-09
2.049226973410232893e-19
3.106312481072937339e-15
5.473924131335731138e-36
4.556519969054919278e-47
1.755117245749197985e-102
6.729762198637682727e-47
8.089343889761180745e-144
2.554469489955916835e-100
7.701257475405047234e-97
2.084625947568792867e-60
1.640946573220243189e-77
5.575251314387270869e-58
8.746193459548545592e-27
2.456346199637385806e-30
1.533339294515352467e-32
8.204882386474630394e-16
1.516306713502265337e-62
2.204294455717116937e-54
9.070107407754256712e-24
1.922639163117479006e-35
2.831406558609683596e-14
2.727674120869070506e-19
2.265843166270807089e-20
8.761157592113041860e-05
9.310833762514963781e-07
2.064800366130731481e-64
3.165706649345520126e-29
1.403549259475737867e-15
1.229488820137519520e-14
1.194479419617698434e-22
2.306305408006338791e-16
2.126609105179753190e-34
5.977787748187551698e-33
1.305025153980574658e-19
2.737765280476700204e-07
5.295439721488026640e-10
6.358488798640450144e-10
5.498473086861474579e-22
2.458512095820718955e-08
1.390221723293296574e-21
3.355952893904463209e-18
5.593909400673711918e-10
2.142728549134409650e-35
5.796464513377045594e-10
1.815408859845721070e-33
1.002482404349321197e-24
3.803497170433148876e-26
6.296783569641278010e-15
3.176666342636118509e-09
2.121899121858596680e-04
9.946123267686938810e-06
2.853357490461995396e-49
5.701283936073943516e-10
1.368832135545065384e-14
2.363785857962543222e-16
1.691152402136110921e-19
2.060114995376935618e-19
7.146348812929241878e-09
2.414510736968489110e-19
9.352116483444407240e-07
2.740926317694119150e-23
3.617852804475630258e-26
1.344889912263711767e-15
1.141536917289174537e-07
1.343666970554642872e-05
3.547098052577990769e-10
3.479498705392918852e-40
4.075924880725164296e-11
6.118702687613316108e-24
2.858028900445783476e-23
3.867871060616819143e-10
1.007171608928842345e-09
1.238564359338124159e-05
8.751330274298342491e-10
9.841199304613829446e-06
1.081885343631036160e-07
4.649388777729980739e-21
4.685738023723046969e-07
1.052327148484712387e-29
1.199844683008778339e-16
1.301761042762872520e-09
6.837027562132094515e-14
2.343719409359374162e-09
3.186636738216508164e-06
3.526812650885245256e-27
3.487950436301378200e-27
2.997324811633074881e-14
9.856154575272547831e-11
4.121599379093690922e-09
3.179265431685067445e-08
5.681900384457823990e-28
3.067525836352848838e-35
4.120387509197139843e-05
1.209296886380994244e-07
3.039185350459239399e-09
4.042116969550064605e-35
2.054177804507236274e-20
1.642699204060394070e-93
2.241353549616333089e-94
3.377555098002680311e-41
5.130327732800905012e-75
8.741192895156797852e-70
2.804472052673480554e-76
1.758814368502372752e-72
1.001451262389989610e-95
5.254005202470810856e-72
1.521453618230336109e-91
1.386328893648379558e-111
5.667879354296566284e-62
1.663257847575702112e-87
1.562857571178703369e-34
1.360358864520407026e-121
1.635917907293379152e-87
5.198192459232654686e-75
5.611485769093491890e-64
2.781476185050760620e-52
1.242983137133015661e-45
5.922589402265792303e-60
3.772713755219173596e-59
2.741303476961967123e-94
1.564179934677509297e-35
1.819082387826113887e-39
1.832662830978779972e-31
5.279775406040355342e-37
2.632106440196294269e-16
2.636737983007708771e-09
3.807832895510454076e-30
4.844777236352120984e-65
1.075692744009818734e-08
1.976641999332240429e-14
5.160719677420314075e-24
7.779512338339976926e-24
2.627688747383702740e-18
2.958532733494773388e-05
1.645036180775155946e-10
7.543633588531240464e-12
1.415499434504002011e-13
4.739375009323062268e-53
2.182557520719913265e-11
3.192004480612171080e-18
9.067749229935730661e-25
1.293043140271182306e-34
2.658366474722291522e-60
3.354879822580979891e-32
3.323342852007398529e-15
1.780604271669742983e-24
4.142626777721845107e-17
1.239642670386838270e-39
1.445831688169875375e-04
1.613473724085961182e-11
1.234469871467181099e-06
9.078369427282954637e-32
8.711122370714049843e-49
3.608578993719521103e-53
5.621367242502672374e-28
4.196559716931500110e-25
9.329682538502290314e-32
1.184826958005990888e-15
1.042008277605982883e-55
3.982706010870241688e-55
1.355257217821653069e-62
2.080338358459308661e-38
1.763856115951900207e-37
2.002351150584804307e-53
3.503135320366713383e-34
1.979841377853698710e-33
4.856976786402101623e-42
2.534125168718130320e-29
8.395181264625757993e-50
8.336581700580110741e-19
5.076245502119086448e-20
5.900758005187043141e-08
4.706542918876905391e-08
1.278275198110039938e-17
1.665147385273083118e-28
3.255364874826052853e-57
1.782995078205526594e-73
6.022476073421242065e-41
2.476386950809210912e-55
4.420882462619530588e-57
4.049935523143401202e-11
1.133422324245091038e-15
3.908464797567524776e-04
4.989927990902367592e-21
3.034203792271412094e-112
1.152800302473034767e-20
6.414193192178415556e-19
5.464501159909965627e-09
1.504374163228812774e-25
4.699611072741946966e-55
2.730495124886129889e-21
1.962023952083043046e-22
2.806796022284239203e-48
2.032429972383381850e-34
2.757069561051443471e-43
8.739184854726269515e-42
2.780974029876885171e-30
9.795256441005003260e-16
3.420999116195116105e-26
4.383859035987181317e-28
8.066933882864654688e-25
1.879145868402002479e-28
4.868010815489526093e-11
3.651070869022076323e-20
1.498247421397252022e-03
7.561241130496487977e-08
5.191336818680865076e-22
1.805732190628171461e-21
6.613347885251328387e-49
4.684720464491845163e-79
1.919482839140065837e-50
2.832358639396217819e-04
4.653601598721628152e-33
3.574304501704522378e-11
1.987967136354443392e-19
5.621300782531445216e-65
8.538516886833225259e-10
2.001736803841130155e-31
1.336229978887979412e-33
1.570285115873085330e-19
1.469360415061866542e-36
9.350825858826332919e-20
3.066849361044488712e-48
6.733677945043649968e-52
6.240365608566158750e-88
6.262896627191289516e-94
1.366052899230031474e-75
3.107521575200645414e-92
4.259566475447437191e-48
4.124063657045841081e-121
6.220013625801476904e-105
7.392752289091510277e-81
8.042513944294702683e-128
7.312079956973295392e-94
1.238084217630909180e-85
4.464281897786984285e-127
3.492170938072973872e-96
1.424872831431175040e-106
1.528690230576116042e-131
5.970099734923145869e-124
1.386595734984989558e-131
4.293841040723205612e-97
7.958637416420609336e-116
1.491294473285001416e-81
3.539166233962298462e-148
9.534294327424191260e-71
7.519785192410384453e-70
5.761243060657791327e-164
1.881207671049891388e-168
1.054392028404257770e-151
4.340336474211465414e-73
1.119335417430376785e-39
3.362836686968458342e-134
2.300149499167708809e-143
3.832628709387024741e-60
8.060135687705684807e-96
3.311717138565326181e-95
5.931454606456865832e-122
8.020011821048897450e-92
9.293001075515631853e-188
1.272395318805691454e-86
2.748289561237107460e-94
5.754024897433070182e-57
2.348613656599676359e-54
1.108569371097745817e-54
3.351328970317468370e-28
1.150396632814122684e-46
1.059031938322363136e-36
6.632582980540932271e-26
1.378778744841268324e-29
1.628422756469599252e-56
1.345544146216429134e-29
1.417896670749552999e-43
5.194044833182324281e-126
5.445683468526346698e-47
9.577508425112794469e-76
2.564960488404409276e-145
1.076632801848703987e-90
1.205254833610255238e-143
5.015292700401368433e-120
8.431810191823156043e-60
1.771429075140963531e-64
2.539993891162468800e-34
4.970654142636582846e-42
1.445047123477070727e-51
8.654764543823086255e-74
1.681840148215625117e-61
4.688308348988378174e-87
2.941404975022126855e-33
5.723051950149744501e-93
2.196067843483942303e-92
5.187734106270276473e-50
1.412924344278981066e-53
2.956257894663778990e-40
1.589326359039894506e-60
1.557420599061224899e-47
2.573808981101075442e-115
2.518428470428160992e-141
4.140795585349419762e-133
7.435942407643172640e-81
1.733498050325121058e-65
9.364813095292984228e-114
4.136681343747063204e-101
3.544442219066251266e-49
1.440821374567393629e-102
1.357986437094150760e-81
5.949968929376773008e-131
5.608916382071488149e-165
3.799241585770697531e-65
5.189844825364194605e-95
9.635833274327701874e-121
2.804602278137099731e-70
2.269886250907220060e-124
1.351627879339723488e-78
1.044960562642463045e-138
5.153412052149554038e-124
3.938411804272604584e-75
3.325295583339468176e-75
6.379403597182467591e-119
1.982449939113353418e-89
2.807296241816132787e-115
2.850877756860656781e-104
3.578782077371559047e-115
9.828955952998754365e-147
1.601379401265076212e-114
1.887970990608932907e-84
1.386751468738518893e-89
6.081655783201635928e-89
1.688695084412174557e-99
2.916071376134253630e-152
4.086440249134263251e-100
1.615315024786826340e-125
1.398691644548864404e-155
6.929456177577578370e-108
1.195771547254128644e-155
3.621276137699548828e-126
5.003670139584446238e-139
3.610817712444856653e-108
6.165327327870862026e-112
3.585382779849232140e-112
5.872750919654798094e-123
3.103219487869817728e-194
3.263142983758700373e-85
9.809134285219888376e-128
3.392552362812277615e-80
4.647991459640736561e-82
8.841560069188082110e-165
1.538567408348831541e-112
3.902172660705313670e-112
1.546404868200606469e-105
2.090920124353507607e-126
3.296988309461994931e-86
2.331914440394320277e-128
1.799793886561848022e-95
3.415995123415600480e-153
3.079540763856219626e-133
2.280085272412110075e-109
3.748661748320404041e-127
9.160336784039645910e-169
1.424292542387759399e-167
1.190914133547137550e-161
2.830394758860347215e-147
7.256064173288487625e-71
1.283930065668848938e-112
6.202697437594774710e-111
8.692102025112554695e-151
2.247043865033271400e-90
1.938565474795080653e-63
4.103090174372827807e-83
6.370898132719708319e-60
1.809457898256960996e-68
1.730543035417084410e-69
4.035219910535813231e-50
4.497388862265042711e-47
2.822793006184400847e-74
1.842587241573893553e-96
3.035230207876631925e-64
4.522456346811931806e-78
4.455576136074425635e-59
4.515261313298661033e-64
1.844382246663295536e-94
4.381657386172509469e-57
7.098422424201807328e-64
1.478996556155325786e-77
2.130538272215064073e-156
1.927013007005695715e-114
4.976757211520135097e-105
1.026713138086948762e-97
2.756013698872035624e-99
1.618897563287685259e-84
3.725991943587553779e-88
2.118041971482253824e-99
4.995711527111778937e-100
2.233986754171842653e-39
5.163284593292693592e-75
3.802267941341104051e-118
7.691859136254608604e-48
6.503900072621002160e-107
1.017363712470788466e-78
2.908535634092887810e-144
6.236984467048509622e-139
3.642137262478704943e-158
4.615721696455837058e-173
9.068739284210584637e-146
3.423741606303121585e-71
2.554787411548962427e-114
4.631039060659074221e-103
1.407797506586643582e-54
5.972340929087112350e-91
1.593483069247816813e-86
3.600135988321239465e-119
5.145130763658172409e-96
3.356311038428744525e-67
6.013215567966241598e-111
6.003277797492759778e-65
3.004188097406487479e-103
1.473354187109064682e-66
8.047119178686625709e-73
6.171065843224460215e-92
1.171417062487554479e-81
1.990431530842000291e-58
3.768611493655425151e-92
5.619778690408079260e-39
3.551241321197002824e-57
3.135986498945465923e-83
3.799101725912175299e-60
5.790604827520273273e-105
2.726039719793967602e-43
1.697814722664232828e-42
3.050892770422142337e-87
2.800818529515626130e-70
1.205280503691525951e-155
3.598949488654740127e-48
1.092525507150305656e-32
1.167880139356710503e-55
7.788357547819809035e-18
1.957609745546148208e-45
1.691068903415494476e-122
5.371290047507604497e-65
9.173742875750347242e-53
8.246970668508705345e-76
2.296534983797752893e-104
7.295537915260800241e-49
1.484431769342954361e-21
6.651218763001611647e-141
2.612771222017998472e-49
3.459878071321115438e-65
3.254425227127473409e-33
8.215042526267584191e-59
5.194697489282273097e-39
1.387752740561214007e-15
5.089255908736999970e-78
3.658713572292597244e-58
1.223132858490642458e-40
1.075745952677800165e-45
5.059555797442905410e-60
2.203300535430243054e-69
5.919789027050962152e-44
4.498758302763947058e-34
9.308843643257282560e-33
2.128060514245876462e-61
1.680615306368179501e-25
1.068699523426684704e-43
1.649991575302814701e-39
8.105304135215410622e-95
8.669553630249945878e-48
3.643958641078830820e-72
1.659747049167325854e-40
8.643654899089451869e-63
8.647774306747476021e-49
3.844842810845964043e-55
1.274455591733239056e-28
6.563068177968546286e-65
3.178770540701226419e-78
1.437600828610123062e-71
1.419491491710429850e-71
4.963417277757809476e-62
7.345454392569746366e-62
2.420255782825483813e-58
6.429486795218151833e-70
1.622759315933543087e-71
8.864872046043138812e-80
4.629241381942821896e-54
2.392325018979867854e-43
4.796139341787475945e-63
3.308331208980659364e-55
1.777552502322632877e-34
2.151427781123968996e-27
5.921730665232713987e-47
2.885063209047190001e-43
3.433882025631298283e-50
3.570420065209556594e-38
9.887745537089364858e-48
9.789929999744122235e-23
2.048668672126900187e-06
2.746901189531823190e-15
4.283692596277128600e-42
2.063413493673690054e-08
3.696722522422308467e-06
5.700386791248672410e-18
1.294148770667345148e-10
3.064403370278237328e-39
2.235485729432961494e-30
2.441236809402332927e-08
9.890812666521590035e-12
5.432434211100229768e-21
7.597103632055357974e-23
2.460515705026564262e-27
2.697178215401455950e-34
2.158705629750583448e-87
9.872579609393390366e-33
6.031673789661561034e-22
6.689506689969874894e-15
8.400497306577600742e-14
3.054689803702640204e-18
3.244602457307923679e-09
2.200774697983914332e-05
6.727154886386973876e-10
1.207030100218647812e-07
6.379543295242295803e-12
1.161877717052941291e-03
9.630934786803326388e-05
1.511384696741322137e-03
1.375641053105596022e-03
9.753653441015529800e-07
2.288486915440978667e-05
2.470246659764692692e-04
4.021898028342019333e-07
2.950329439432968626e-06
1.166923765950925347e-14
2.871956260071714990e-05
2.285149751802793364e-05
2.525937677581322023e-11
1.785869243811489439e-11
3.000822107849928852e-04
1.883024726309579187e-07
1.251042609677480546e-03
9.195691219361184555e-08
5.987174402339020140e-10
6.738289825660109898e-04
2.472151394408010931e-04
2.138233546271894870e-04
2.631122383344862126e-11
8.724312279811969727e-04
3.758977776493571167e-07
3.352202747177048166e-09
1.006873086137457119e-03
5.896389430059996168e-05
9.453787974983894572e-04
1.477297884688236543e-03
1.840496702668226832e-03
7.280877693621036581e-05
1.449665920318620238e-06
7.900688656465432436e-17
3.099667633664500585e-09
1.518935881689344389e-05
4.975130504221802789e-10
6.363528908747782261e-06
1.844138866973620094e-18
7.323255220017572823e-04
9.023023101152121642e-04
1.599820009123186643e-03
7.772981593791547617e-06
1.449564628017730675e-03
1.510391342824896977e-03
1.799484730238109197e-03
9.604596858675424351e-04
3.957301373658964430e-04
1.368936335971565089e-03
3.238264437976594691e-04
1.040522644525625684e-03
1.852356474042071103e-03
7.073584404854698759e-04
2.903152111529255222e-04
1.478168755020690039e-03
1.718702727442524957e-03
1.230840888472829948e-04
9.023149890312797813e-06
1.725159813204532339e-03
1.261286029620779922e-03
7.169246776721825525e-04
2.163150921512086117e-04
1.275604188009810316e-05
1.125717269416800538e-03
4.529847330782308384e-06
1.910956432557844474e-03
6.551741787723229125e-04
4.142694525892064964e-04
2.321936320021671845e-04
1.714578242934587833e-03
2.225335036977475116e-04
1.639972720685773169e-03
1.374547796426546726e-03
3.612120382958836076e-13
2.354181506265092242e-12
1.302270978430634850e-17
1.011566728950136999e-03
8.678633033286188635e-05
6.983609251504284627e-04
1.041146721163555043e-03
1.867824532875902717e-04
1.857674608429929562e-04
2.375669102137992853e-07
3.391940915054285605e-10
1.677192681443727114e-04
1.116584429398818044e-03
3.257235535403582037e-12
2.414767237556169922e-05
4.828104553399037627e-16
1.093341584815775205e-07
1.032005692189155481e-10
6.034046629183725040e-12
7.677329375241680545e-05
1.290513181419265882e-06
9.730086855613870702e-07
5.845586313483265876e-04
2.160626479381401300e-11
3.863008283423487068e-12
1.100931609565500599e-12
6.615428101977235528e-15
3.353266379407630921e-13
1.573003248643830239e-08
6.047856937416481299e-05
5.839451286482376695e-08
1.299036475131713559e-11
2.588618516598454100e-31
1.233408703556882146e-05
1.531428720500053210e-10
6.684516107569413756e-15
5.430868411143410016e-13
5.591495239201340956e-11
2.564224816751780207e-05
1.439027780713216518e-04
2.605607340874891450e-16
7.984493345026677576e-07
2.781436984134448958e-14
5.951277806389094113e-09
1.504748362489720152e-18
6.958371127230264009e-05
3.782568112662462151e-15
4.015938074320883716e-07
5.033988205912085298e-05
4.726052818561245152e-13
1.110262577541475076e-05
2.499056516685422083e-12
3.823173461005631843e-14
7.645404170838012984e-13
7.257825400667816959e-10
9.696919903249607762e-29
1.930597870740999475e-11
4.528221165942883855e-34
7.506414900035004740e-04
4.191130384719659858e-22
8.489921652045569060e-28
1.219029358297697217e-10
1.739390802597974113e-11
8.008916608796532779e-08
2.085273941350857781e-15
8.895102217105192331e-04
7.590506827211533658e-07
1.975867849952074576e-24
1.979299137690405447e-27
1.391524721870174308e-04
2.550134477614979080e-08
2.188292193050320051e-10
1.840610735927596880e-07
3.031473322184532970e-12
1.357933699022597175e-05
7.302371752621392284e-04
1.113903386965017610e-03
1.190999338155327185e-03
1.874089006417561151e-03
9.118830357725545661e-04
1.135383523716886273e-03
7.790620481420543038e-06
1.329714712718683836e-03
1.044853523056321230e-03
1.533025386578329170e-03
7.049932736446997859e-04
1.063453335918762002e-03
9.088593627215058667e-06
3.041256274697919071e-10
2.270814748335636256e-04
2.479971953881249206e-05
1.074557397617362282e-06
7.722642904407462597e-04
1.797344263206340656e-04
1.455230694001573288e-04
1.759532869725617763e-03
1.825619355227090261e-03
2.759253427254309922e-08
7.110348910963848210e-07
1.724810835022860117e-03
3.241251932712820396e-04
2.753307842614530259e-11
1.902454453421758510e-03
5.692358486224729326e-04
6.582783525247343269e-04
1.869807368546063251e-05
1.847156186674289713e-03
3.736990029881765612e-04
7.549409757564822123e-07
2.357347654708386755e-05
6.589528293628446522e-04
1.503468325627376184e-03
3.224627203875814685e-08
2.154851566193471181e-09
2.318608151452956689e-07
4.280554749989328128e-04
2.826937347732440446e-06
3.679296272777304031e-05
6.251643103293094544e-07
6.192937552794252881e-09
1.451321846959920808e-03
4.599221037208197260e-04
1.055545026269606069e-07
1.616930047270604028e-03
9.725919396574322193e-06
1.428413530252832866e-03
1.885092115932882878e-05
1.232757991144370693e-03
8.283586539053188489e-04
1.937034145060146425e-03
7.436224612567728380e-05
3.413746958574922618e-04
2.585402684455818728e-04
1.389059572477139475e-03
4.255674003106444688e-05
3.009869825226566377e-06
7.233239091268131275e-14
4.865834729229227601e-05
2.516908485492330534e-05
1.223078275020706568e-03
3.613386548736386632e-05
1.474265573259612807e-12
3.467280676691971027e-19
5.072196610772501755e-04
5.771604522796019234e-05
6.843547940529680798e-22
1.901779661967463312e-09
4.544850875297183281e-13
2.458459759723499968e-05
3.386189726375550264e-05
4.680131024463631126e-04
1.674331215815105735e-04
3.574763792371243875e-05
3.155301490935873528e-05
7.162563167040325411e-04
2.724607491934613078e-06
1.743126986305278125e-03
6.948251720305109735e-04
1.063814780950090302e-11
4.352663610865819350e-09
8.522271540665654611e-13
5.329464232960776309e-32
1.773521572545863768e-16
5.439188370042094371e-04
1.043232943265984625e-14
4.342847582659679688e-19
1.800093003227178056e-31
6.463331804170763252e-20
8.306205385828737800e-09
7.749491685821130779e-24
2.558411499028716146e-07
2.513726798435519118e-06
2.863074134836807000e-12
1.085800518213169203e-06
4.090898790775126192e-04
1.072708806366491933e-03
1.879629001492270171e-07
7.861362667531975436e-04
1.005086353739104718e-03
1.054863680649841678e-03
1.051075793035617672e-04
1.317165752147594774e-03
5.948613668391149883e-04
3.356921233137235010e-05
5.675939335335624016e-11
7.747358972881662146e-04
6.747963300173915757e-11
3.050613846169513855e-12
4.284676428380511577e-04
1.526234925663751588e-07
1.151011678997738393e-21
1.574609450026975516e-23
2.551861016611747476e-18
4.533600815708558105e-10
5.368827573024026871e-17
1.185878003185534104e-03
4.210456240007061640e-14
5.849067432372027695e-24
9.359533395438698563e-05
5.880148336983085749e-05
4.785677260044064025e-19
4.747773826007589856e-12
6.245837723420487753e-04
1.195294592860002584e-03
5.747832326331387071e-04
1.989787582232548031e-05
2.773764964993251173e-10
1.649812474162990351e-04
2.651442490618933774e-04
1.218347192382965728e-03
3.607573051640924162e-05
1.784529004207136684e-17
1.360833631947445189e-06
7.340179163580549775e-04
1.462272038768139878e-03
1.096745687593557710e-03
1.762695391924994732e-03
1.588158079335681575e-03
1.231563711780818719e-03
1.413218902344535186e-03
5.759858432646617612e-04
1.931674900448119908e-03
6.580278586976712847e-04
4.738395596617051914e-05
1.341666932186293790e-06
2.491533194344141460e-04
2.132246318059817767e-07
9.536941332037523296e-04
1.858377543359898991e-03
1.462857077551524363e-03
7.526071373400060934e-04
1.123675961434715022e-03
5.156231103608744465e-17
5.756306804380095831e-06
1.131258934199210030e-07
1.186382259001593324e-03
1.283217854786482866e-09
2.573412885738990873e-07
2.666419477637832773e-04
8.741409623090647119e-04
5.858857928294269400e-07
2.410596158759117901e-07
2.864452854541282078e-08
4.906130452044494791e-09
2.348517315607829430e-06
6.041370511002748655e-09
1.507934308490296079e-03
7.007291108946045672e-04
8.829018194028486963e-04
1.005283524869315373e-03
1.665490277645293631e-03
1.381451223081749807e-03
7.093776265593271552e-06
4.791576685831783699e-04
1.700527072674038083e-03
6.193085271600964458e-05
1.838016379105332672e-03
2.480277881760370256e-04
5.600361649094242808e-05
1.250139661337155116e-03
6.140948416470210988e-04
1.039246923143373556e-03
1.262647375049064384e-06
3.007662575473974118e-07
4.746384092275166244e-05
6.116709693757637993e-05
1.863810987408292099e-03
9.357447437507642315e-09
1.013205532801195146e-14
8.703552814660241643e-04
1.815333003498654629e-03
1.124985323922773808e-03
1.183960086483286638e-03
1.581306826795429417e-03
8.939126931791303767e-04
1.836100541814349044e-03
1.262796359650393942e-03
6.404890999433084067e-06
1.718890702905412956e-03
1.619980287733635994e-03
1.635036040376627907e-03
1.347010798827446388e-09
3.006832436805529436e-05
6.334646305855576526e-04
1.691680790211653367e-03
1.356889759070500912e-03
1.519048458993765469e-04
2.784980927548217995e-14
1.408246535315739369e-03
9.198480745846664792e-04
1.599156282088563894e-03
1.297621499594244256e-06
4.763450067291467034e-06
1.795381119452372012e-03
1.925945381593323000e-03
9.982296035367892574e-05
4.230381544427917100e-04
1.889255565235596450e-03
1.652056838778414400e-03
1.971410559227388618e-03
1.177738144824733280e-11
1.499665813596095612e-06
9.005659973073844434e-04
4.616599886820752112e-12
1.568690644170274038e-18
1.140352587700569704e-34
4.249021745222825414e-61
4.218169223075639825e-17
3.351015221366203754e-25
3.970873613248089633e-12
3.576007508780380291e-05
8.735460778987121132e-05
5.839705644605990948e-09
8.349832252736464630e-07
4.699417009149933073e-17
9.239092577895341198e-10
1.151542452896178906e-10
2.146525836988982859e-08
1.146254212699908103e-13
1.962831827684472089e-09
5.342430994511714742e-05
1.507182327425675793e-09
6.482298551117467700e-11
3.458671381080772500e-06
9.948759133652862810e-04
1.093236287985889648e-20
1.215517933095273942e-14
1.121886764629771854e-28
2.512348655151189725e-25
1.633587029979072226e-17
6.971498932980967067e-33
3.152971018089343286e-30
3.869313092503293038e-21
4.026578314477754447e-27
1.049986586141323560e-48
3.432775890891133118e-33
3.776237661284318258e-28
6.660998823166252546e-63
9.336361931495391723e-37
5.875081307555219433e-29
9.475251010861360495e-18
6.493780566046446049e-21
2.259337304086421536e-29
6.607743390068273524e-20
9.681221400074519195e-05
4.105681881349864575e-26
1.033940240869640060e-10
9.233152576350192873e-38
1.634872439959284089e-20
1.648535081318377840e-32
2.057227773866047104e-09
7.237923508709381174e-72
3.907032834468545336e-32
6.488032761834857694e-23
8.063801457093417245e-34
1.851679040913590440e-40
5.674547245037412435e-44
1.752629220701230399e-31
7.521203152331888019e-40
4.579286199920544737e-36
2.116606494518014873e-57
3.284423748546200698e-61
7.612339759059677990e-62
2.189310813201945027e-55
3.568493107838180208e-60
6.576817634200107046e-88
1.091741991899487567e-58
1.938396982616922020e-40
5.581030244994741186e-79
8.375793342005478218e-37
1.489572649474435158e-26
4.918717048330689896e-39
6.598556789993073528e-18
3.125764928550856582e-94
7.538551481127210744e-30
2.423076237991795170e-59
2.484341635623014522e-27
6.296790420897295358e-34
3.395394238374367375e-33
7.275927958573060951e-41
1.508989170953890486e-24
3.314550644807370573e-19
3.218412999502415829e-14
1.243484747320102921e-13
3.094212503144230341e-21
1.981311917572004539e-39
2.421005695732645832e-08
9.737135360024518071e-06
5.877663253172556433e-18
3.769966561727519265e-11
3.641646720708161392e-32
8.802820908834503039e-17
1.980389888561430729e-14
9.481822797756790910e-53
2.883753644656047235e-09
2.639763176110443045e-22
2.003275233619129931e-19
1.656259875215011425e-16
2.310826485136702436e-37
6.772481494518923765e-34
3.026491595578756062e-123
5.102723211391733412e-78
1.785154480515958718e-89
1.333278819680063019e-84
1.750209396868472297e-75
3.810539243043666693e-15
1.803320274843553566e-06
1.437116194336012778e-03
1.086645292991732887e-03
1.338736317616087386e-03
1.815569260900777495e-03
9.852693398680826675e-04
5.857048596161090227e-04
1.889359584836387395e-03
1.592188960698360731e-03
1.281043155629953524e-03
6.295105660334616845e-06
1.518676007962195627e-03
1.049445073075490314e-06
2.631265305379745561e-06
5.251581223985345203e-04
2.372435840365521482e-08
1.043722247212486026e-06
1.708986025538997632e-04
1.389246889532163610e-06
1.171443393289674874e-04
3.154846225279665171e-05
7.604549233644299815e-05
2.713504283897285762e-08
1.268852338672484824e-14
3.619249069093507040e-05
2.678827608244653391e-13
9.727563028209104875e-12
2.235103448688737850e-34
3.210176909365752855e-20
8.155064170750239701e-40
1.773551035185404680e-30
1.453561498925358687e-40
1.216835780598172631e-11
3.153884028144407668e-28
1.529759021807303664e-28
5.093949979691114884e-56
3.375434208739692140e-32
3.414145857965094787e-21
3.167240654641714399e-23
1.123697698028629207e-17
2.456948304796227628e-12
3.227919471273274916e-13
8.702090730483118369e-16
8.168268440123447506e-06
2.558001408884863123e-14
1.055457862751396219e-04
1.368168329162644439e-39
4.811949566176075916e-27
2.172807505183572221e-12
8.980552434599108191e-27
2.846668532374512007e-21
7.738421140145477902e-18
9.360488515367093955e-24
5.517457571758539836e-35
3.835807306650702824e-19
1.170662799302100748e-34
9.693607798823300386e-30
1.718101129854993793e-48
2.022699107312478625e-40
3.914892622686897761e-05
7.753550052306600568e-07
1.055114446590946205e-07
3.184397352651595840e-12
6.990913513823462075e-14
1.880250300429045378e-12
1.093712506472715731e-10
3.553228784431842092e-25
4.265367638970816591e-11
1.357421137786904835e-13
5.445320849317864904e-07
7.171113524093211474e-12
4.287626679654698112e-09
3.026392602374516514e-04
2.254177070752806029e-05
5.426927802875799382e-05
1.782194754506504730e-10
9.018831428503255123e-25
1.966134894359196453e-06
4.233525064693990683e-06
1.197309570982074288e-34
7.103005602329781990e-78
3.200490020354396766e-28
1.883091299473883379e-36
5.544709454594473211e-42
2.842989916838508793e-34
3.571273599363968363e-16
6.075355375031870201e-17
2.359977339474383071e-12
4.191879621535837650e-18
1.718338678783240934e-28
1.028175123329512825e-22
2.362488960371668143e-37
3.922355494265892890e-27
1.800601388064147257e-20
1.837029916833793420e-33
1.110582948675811061e-44
6.732931374868423332e-32
2.858211577726212707e-29
3.302383467174680971e-72
5.411245845739587380e-78
8.710196391085499735e-27
2.441145646599403503e-76
7.472947348927946767e-94
1.556320941146307903e-41
1.094853510615223509e-65
1.331743835182887552e-65
5.538927005472596603e-65
2.946453506903283830e-22
4.153030145832900943e-41
3.056540811849351994e-18
5.366693822139862112e-51
3.077671953054727501e-11
1.823930874129046008e-11
3.503217840990936333e-31
5.254011981466211581e-14
2.293466979853819312e-04
3.476299992520875348e-09
3.603715904850251042e-12
5.416536530893658267e-09
4.460756237213460552e-08
1.105732619092946780e-10
1.970585066199066906e-33
1.743980051510833920e-24
2.585363492477815289e-15
3.970560625828422054e-19
9.052795885137640751e-44
1.455377953961116261e-25
1.734793815084375393e-29
1.671144366859244168e-22
5.754594008449676294e-08
4.237385894380888708e-11
3.444903425509625880e-05
5.280976395856376348e-05
8.260358773400965937e-20
7.887240053648716518e-08
1.422426496348674873e-06
8.099787605413125624e-10
1.210830250551189200e-11
1.388183548521703155e-19
2.704898497849048495e-14
5.842307514064894116e-18
1.150090952454113854e-06
1.116838346443017058e-03
4.015240292371561644e-07
5.723999151379414063e-09
7.525584375179200955e-12
2.205171032572403540e-34
1.036506169959258061e-13
8.287251623477681267e-07
2.059342012478018269e-04
2.247044206064737117e-14
3.155050001003207355e-37
4.856716956407694247e-09
1.525662910924580501e-13
6.459742340936256881e-07
8.348343291185822463e-10
1.880570731880354960e-03
6.502696111206090644e-04
4.472691920402000702e-04
4.975243316141245741e-07
1.061615866579730405e-06
1.269344873614903450e-03
9.133892453394741790e-05
2.349131306941855349e-10
1.652209037491172245e-03
8.988068059971365990e-07
2.487941247808367905e-08
1.368690831052373535e-06
1.053220410029412146e-04
2.261650610512714404e-18
1.514054497569105535e-11
1.199351357817342104e-05
1.647988320179302300e-39
1.794350648187235625e-29
3.335981811288162959e-12
6.910456491302675004e-33
5.205016519678727311e-12
4.664442710060968742e-10
3.584656013337580243e-27
4.116913957923065062e-22
4.194508110258854391e-15
5.593962542872035896e-17
9.081784621203697741e-12
2.144758410463452699e-06
2.079650305348969591e-12
1.108340907755183586e-21
6.050222809540350429e-05
8.633701428848149420e-32
3.269651203761058131e-36
3.087816963128578473e-04
8.785404158915044269e-16
6.212798239858945701e-04
3.989929524418935840e-08
4.330747011277171291e-08
7.128999334999025463e-08
4.234963763196442244e-06
4.048857359481150805e-38
2.813449293397758618e-35
5.238382240307937338e-49
3.594286424488959234e-54
2.516261936969336122e-27
1.563054632362447883e-15
3.747587882695076534e-17
1.629255772781752841e-06
8.564532356020463688e-16
1.198235320819794438e-18
6.392224492536576254e-11
3.311407303552691943e-36
6.019931307828250460e-20
8.172846164966072052e-34
2.197658522045598030e-22
1.572631781242872917e-80
5.466827292061261922e-24
2.018017365610510587e-20
3.247563080803810559e-10
5.436862833845586798e-06
1.515123324330458496e-13
2.864909628468401370e-12
3.839530886799013447e-38
1.265035916169336875e-92
1.885141323848490665e-78
1.636500295052717887e-17
7.327949081006035588e-85
1.111542902048158636e-57
2.106198243684572998e-74
4.286302200431274233e-63
2.309617362973081869e-71
7.019430575845649995e-22
8.424459552147055093e-47
4.744502728286263726e-29
1.082579725068141068e-19
4.887266598020447026e-12
6.042491140553300284e-28
4.593373329761706639e-28
2.490487832022805159e-40
2.998668665475312132e-22
1.527965679413577316e-33
1.814447809225669191e-51
5.778183766386438652e-20
2.886885147793845824e-41
3.940166060276038831e-52
2.035786708832226827e-41
6.588053118947575931e-62
2.832816166554431553e-33
3.647115217572694960e-96
1.348343449610225252e-32
1.626404442182404304e-16
1.795721578539418399e-48
1.534539042652101746e-24
1.143391656425887384e-51
1.449723651265301302e-42
5.187166331388469964e-91
2.976755569067237796e-27
2.389100119659115138e-46
9.809433175958576105e-37
4.652476512397854580e-54
1.811596247198682985e-20
5.740137695259436252e-121
4.669547058105411340e-40
1.433980684698487509e-39
1.698077944811646607e-52
7.081988856642996420e-28
8.542329678738425142e-29
3.512551845030181295e-11
4.902699797338278724e-26
6.108742101920130986e-22
2.051274939642915586e-19
5.906858333564065300e-26
4.235059978523362826e-29
8.363438693438078256e-44
5.898514489754851104e-57
1.164661541896892493e-51
1.750958976612276740e-47
5.572414637583483800e-35
1.016138315855258265e-30
3.407603433700284230e-08
4.759722295545892874e-15
2.438571658521214217e-19
1.538762625126367858e-33
1.119815172492808298e-37
3.044966620194703234e-34
1.135255871133823651e-14
1.036393090965861643e-04
3.370097845397509633e-21
3.086834292100700266e-44
6.426937246927712013e-44
1.112204922439123163e-28
4.476821331368534866e-32
3.225424939948559472e-17
2.770121934011247965e-04
1.592952736286321272e-10
4.160062407176000102e-10
8.334391622860138117e-07
6.883373066978980282e-10
1.971554013731698301e-19
8.019830359945558403e-12
4.253051084223672656e-13
2.629724259100378745e-11
2.745613703969404359e-09
2.093986931722902002e-04
6.872270932021778492e-15
5.358303617312541713e-07
2.294307663058167818e-08
9.181297731617332286e-26
3.763894626195581567e-21
1.694294881276875924e-16
3.734643345754258064e-06
9.082484355034397138e-21
1.485377424074218661e-17
3.397270747536484077e-32
1.673226775983795968e-29
2.231777880405240461e-39
4.037861085677978529e-54
1.068663457661089686e-30
1.955859658319725747e-24
5.486088205563496222e-24
1.867906770923358038e-59
5.382546268218427167e-60
1.452607487693562555e-26
1.090570501148294853e-29
1.394756775275773374e-33
5.151976545051038567e-17
1.085557862348336270e-26
2.366494508782259667e-41
2.006907656071886265e-14
1.566818897954561486e-25
2.317794668847193305e-35
1.211471576994787746e-05
4.100692942206182940e-04
4.761281429999655876e-19
1.029057102957460554e-07
4.641071061342821223e-15
1.161425633009354400e-10
2.003896956205095791e-35
4.711086379151459968e-08
1.664022677073419544e-38
1.719949908755006067e-59
1.534248995659893176e-44
1.232426340458205080e-26
1.397520214243340841e-52
1.218500362478426111e-25
4.313164644380319794e-15
9.234060905445316180e-128
7.711552086039617752e-40
5.801739698978249684e-55
6.069908992292295270e-95
5.904678188703401715e-80
5.933756828994004094e-84
2.076464079371317368e-61
5.096084200260932930e-35
4.951332451521228880e-25
1.243877262038641626e-28
3.725819929698064710e-37
7.157718407641102540e-29
6.945397438636865162e-25
4.729955781804718972e-08
1.913388312355201299e-04
3.258928830557994830e-06
5.772511410270387181e-12
5.859277569366511100e-23
5.198524174213152921e-33
1.795362722288484925e-09
9.857804486798079204e-15
2.315994790420720209e-09
4.574477344852740518e-08
2.309240058780017048e-10
7.629577688999127173e-21
1.142067770818662542e-19
1.846848004430702961e-17
1.375877541414627094e-34
6.987411983141383470e-31
1.455985027098708569e-12
5.092548127778261249e-16
7.219647651040777216e-20
3.094550152280981718e-04
1.982590038571561619e-08
9.771997754212187841e-08
6.245366467946028463e-14
6.321956365556083012e-05
8.765929095846461556e-08
6.974426387196398194e-12
1.898076367636163976e-03
4.695898504358423731e-04
3.937343284175831896e-04
2.097320020714783350e-09
2.674855072373235912e-15
3.299169080449038748e-27
2.019215115257121479e-09
1.224778948352443954e-05
7.735825829636169739e-16
1.268786870972238970e-09
1.310289785229910429e-11
3.141407270034705071e-06
1.886496983498253322e-16
1.689408777350398993e-03
1.823349818054426866e-03
1.004226638296242674e-03
1.582124847794488030e-10
1.490758033951347738e-10
1.992164365126131648e-06
2.362899824090592698e-16
9.932511350758590346e-04
6.467456989831539928e-05
3.289415102143347069e-09
9.268938483638855488e-23
1.619274738908734071e-08
3.402595887534612222e-05
1.649772435725517861e-05
2.279982294908611100e-06
1.730603927240109393e-03
4.500033436020097811e-04
1.587048808234223148e-05
3.482899049635956550e-06
4.383021563353038019e-06
1.943854002594136128e-03
1.894451348112978235e-03
5.607872887989963102e-04
1.866871190569837887e-03
2.183905168483392883e-05
5.616410228581121741e-06
2.208648555528188080e-04
6.777401122471599440e-04
9.346087368252876536e-05
1.827467624100113323e-03
1.944994769043775946e-03
1.204898373569608661e-03
4.790547757649309970e-04
1.594082579130532730e-03
1.465483882992572442e-06
8.585347454426002153e-04
4.677539795302663294e-09
1.896641995981378660e-03
1.754949707736553829e-03
1.843599095874924121e-03
1.880002606329274090e-03
1.855916749234261861e-03
1.727388881116271148e-03
1.582722996503252910e-03
1.874549598743703799e-03
1.526979551667969909e-03
5.288715473456790739e-04
1.889071677289082003e-03
8.624133764751924086e-04
1.597223778132989729e-03
1.888932317561161584e-05
7.118736512282537654e-14
1.784070419421255823e-04
6.684464720837837559e-21
6.073089844372416652e-04
1.362100210716872370e-05
1.827899173966941780e-03
5.536533787158601108e-05
7.118642255366269332e-13
1.847443736854877073e-03
2.054599393687827483e-09
6.716976691689700166e-15
1.402251900352851060e-03
1.666986945293341725e-03
2.010951404205054341e-11
6.706917950322840892e-06
7.983062169010627946e-04
7.538967608762301787e-04
1.140834763278353480e-05
1.917071326857766557e-03
1.341546819933670540e-03
2.366400327914102504e-04
5.416605929323764978e-04
2.023994970946033930e-05
1.807016082258120176e-04
1.373863415494062728e-04
7.387870105134124600e-05
1.229065595571340180e-03
4.362076138800099316e-09
5.454982470188737267e-04
1.162994095611044647e-05
1.080890255460788740e-03
1.741364470100132018e-03
1.371943276773237826e-03
1.568878446597551587e-03
9.762835784989914306e-04
6.515734167268825115e-04
1.967467440236674459e-03
5.363607112013311657e-04
9.661016154072387036e-05
1.439378785197000790e-03
3.483284017237774696e-04
5.219694312766869461e-04
1.409007358706845792e-03
1.774714070021037813e-05
1.619521681263424648e-03
1.860581155312402302e-03
1.480648517907165278e-03
1.964975845427019817e-05
1.671384773824151175e-04
4.066730056266121268e-23
1.323221845376665538e-09
1.051798363256621020e-03
6.117880971501327104e-04
2.635263301943898805e-04
1.483576597843514183e-03
1.292941323458500578e-03
1.343533193514354117e-03
2.742676295592720323e-10
2.544347164321967267e-19
4.727938230595429888e-26
5.664392334048368054e-25
3.487830301819908797e-72
7.493180965136013607e-17
2.246054740395596021e-31
1.624981478381196777e-34
8.623378738262692798e-24
3.752403704736958065e-22
2.291932879889106769e-32
5.856248748154916012e-65
7.259282987315194941e-64
9.441547889107636389e-31
1.249678750622323835e-52
1.880908017556811620e-38
9.904811512198145141e-35
6.679802565216810274e-79
1.606446851528384408e-67
3.847194796368982903e-95
3.133132600581797704e-61
5.632025432304923752e-59
2.915411117525212594e-19
1.803517165485988936e-106
6.091362144402855978e-82
8.289185323052129598e-50
5.924891476390242234e-37
8.195201589958662577e-44
3.337814104723021126e-52
1.048354918675076498e-17
2.011110971594029534e-25
3.200123420564076616e-46
2.500746341301300481e-34
1.547393753187926620e-63
2.767768618760359804e-23
1.516308820476394661e-78
2.071762609465674462e-61
3.579424211112987463e-44
8.009626551891160368e-52
1.307305506684449152e-117
5.335129833553537795e-86
4.892227637214581753e-70
1.386546739981223611e-101
1.262046940682212348e-51
2.782397652342102971e-11
2.565660901508113592e-04
7.057435018912311392e-09
4.306152076157857576e-07
5.780755416989615949e-12
3.420953500871394938e-35
2.904615638419234249e-36
3.568780668388885611e-26
4.624599973206480037e-08
3.468297270127695273e-14
3.302529270426363497e-04
1.352521593677464568e-13
8.011768748197803521e-05
1.835620570301181584e-05
1.085333083445151621e-13
1.649422857654522961e-09
4.634622567806736993e-12
2.727249445301178819e-18
6.689348248817778127e-12
9.132043226771892016e-05
1.075738932654614326e-09
5.883494332527117770e-06
1.459101825255021293e-21
4.477620059111052576e-49
3.161556386788089934e-14
7.615411879381892696e-14
9.794273853435980876e-06
4.174570932821425221e-14
1.484452193104344564e-24
1.560607720130695716e-11
1.141485690493876155e-14
1.262979990318052208e-12
7.104598752714298939e-15
2.697255685934791852e-22
2.184232760091374805e-05
4.721558521455644840e-22
8.261280915596480721e-08
6.548800636600069465e-19
1.659039032225678509e-47
3.768370885074393522e-26
1.810500626251075656e-13
9.245054471141139404e-34
1.441028678178958482e-43
1.214942110661660981e-09
3.632609459926798045e-23
9.785776827680151139e-18
4.864171107308445122e-05
1.348937619942232568e-06
3.874867843257762587e-06
5.571297717379808605e-16
8.118678522542803397e-23
6.771054394596402530e-18
7.727427533498569294e-26
3.189737362780620584e-10
5.635625036192181561e-15
1.185677557429003225e-16
4.344235733677885287e-26
8.327678070307084159e-14
1.124895496648282614e-21
2.212391687908411256e-24
5.221093266185020858e-04
3.037882761365460175e-10
2.055237491605011272e-08
1.918888321160194680e-03
6.787961810922979065e-04
1.207912744848065609e-03
1.164142348612687717e-03
1.020616427294891758e-03
1.630693376713192658e-03
8.815082483804797349e-04
1.172902033553670746e-04
1.265885377382192145e-07
2.959251498868482638e-04
1.520225104329868361e-03
1.926857412426423661e-03
4.781983591940712876e-04
1.183453678258309435e-03
5.455033373770023369e-04
1.270061693479393765e-03
1.351935555385998765e-03
3.279183611866013932e-06
1.416519846168502218e-03
9.987985532323526844e-04
1.322711143353537660e-03
1.319043249011656775e-03
1.870143333690517167e-03
1.380828101485626666e-04
6.217828194662718350e-04
9.393915472425081771e-04
3.058359958767797111e-05
1.195393172187264770e-03
4.753358772352429037e-04
1.371414792049696282e-03
3.375923643274369692e-05
4.523836809195841673e-04
7.160165862514915086e-05
3.285742168488712048e-04
1.753369594030462527e-06
3.810596266658750606e-05
1.469471269490836790e-04
7.579782876980762296e-09
5.102054774248826257e-04
6.125427315961552840e-04
1.765517763903266249e-03
1.421621016085406744e-03
2.820363769200283323e-04
5.322789568311564771e-04
1.328400822640398070e-05
3.202239896493571335e-05
2.190548506531787766e-04
1.087129072018690971e-03
1.058105328472329354e-04
1.655131264767835267e-04
3.201884681669649016e-06
2.623269923460652469e-05
4.436523711492055455e-07
6.587322522072190266e-07
6.078531574965791422e-04
1.712597671541461058e-03
2.506190830834493480e-04
3.407129170813317327e-05
4.995920048820005758e-05
4.178165618327657482e-04
1.392395162302157590e-07
1.907741555379757553e-04
1.606574778160432511e-03
1.155819605671222798e-03
1.832633167564999869e-04
3.298824798151202722e-07
4.296263569117689208e-04
1.352465054893295653e-04
1.577001343459147127e-06
9.403604495504621742e-12
1.506008431386257965e-03
1.405096635254128156e-03
1.210992000646067478e-05
2.272177158772721106e-04
5.930580335509622871e-04
1.556054618295174465e-03
1.765535699979121523e-07
4.258018077781040205e-04
5.725944805289119869e-10
3.961523357694627918e-07
6.114915230067449314e-05
1.187617672008459857e-26
3.828081940786991154e-34
8.782036540573394650e-04
7.470653136179503117e-05
6.491003376600374655e-05
2.592319387160749362e-04
1.223615117275706670e-03
1.215750557423086672e-03
9.160851738349907493e-06
2.241329206029680859e-04
1.454307441551774696e-03
1.510079679649552797e-05
1.313712251893267395e-04
6.642484887047732779e-05
1.367902086901881141e-03
1.535421368343802863e-03
5.710319003664031260e-05
6.413614400592504742e-05
1.646533707346556049e-03
2.326082844739598570e-04
1.795652272233292561e-03
1.181671595170736286e-03
7.430905938912479901e-04
1.918858455328933043e-04
1.790314312565403779e-03
1.986569194682209685e-03
8.815916941090028418e-04
3.508753538546393333e-05
1.934103887737435162e-03
9.633478175605947758e-04
1.945706157355081610e-03
5.264184809525569108e-08
1.254795512529167805e-07
6.987282291694110928e-11
3.002709163777537321e-04
5.520196893622177287e-05
1.034040102531171880e-03
2.061593514216489449e-04
1.007103954138590914e-03
1.783202923955294877e-04
1.881338840604822272e-03
7.854281165103430560e-04
4.521755334052092435e-04
1.082169823307268727e-03
6.051851323424566010e-04
1.502012984422518814e-03
6.670432355429916629e-04
1.643637493499345431e-03
7.790360613300185240e-06
8.755856325289968585e-04
1.478492014382938287e-03
1.005886534056494515e-05
4.291933187077804786e-06
1.710658267569811460e-03
1.773165360235979659e-03
1.176851671450352375e-03
1.109258400160223652e-03
1.133781343262827389e-03
1.200401857812503513e-04
8.685325742786893658e-04
9.856773007108433676e-05
7.941665243036800470e-05
1.410138211012713829e-03
8.003507100559694451e-04
1.954676107940830996e-03
4.557874800814750403e-04
2.696318120903189178e-16
6.558435889684399115e-04
6.401208162671711216e-09
4.745389606446597814e-07
1.533514187645656970e-03
1.294029191177270121e-03
1.161868979513944221e-04
8.233033355254616746e-09
1.030782098463610576e-06
1.554188267641011046e-04
5.168158889980660302e-04
5.303886623786811111e-04
3.361006610780366514e-06
1.018213201216860899e-03
1.174441940768910825e-05
5.917066275014623610e-04
2.983648371438173390e-04
1.525699210629110009e-03
2.300465794890100703e-08
8.647306706739035255e-09
1.481734224571559658e-03
4.744340550682420448e-05
1.128930411826852568e-11
4.207432646254062299e-04
1.567471052992231014e-03
1.045490087277359433e-03
4.875414850501813080e-04
1.142591108447906997e-03
1.522796681553914089e-03
1.824656622953042904e-03
7.501719607337964434e-04
1.262003250408785977e-03
6.762096651324872660e-09
2.574797644592830386e-05
1.460907741766109694e-03
8.636381078455884850e-05
1.652033943255106852e-03
1.843425314285667468e-03
6.396366026774408586e-09
1.624357532303038120e-03
2.741659045513517715e-05
8.491651077031938354e-04
6.643215202759781212e-07
9.819385899937360662e-04
1.638306481726819585e-04
3.626478874046119372e-04
7.667402985190129158e-04
2.456007660584836900e-05
7.170248244912577357e-04
1.300425839844063830e-19
1.806521961385661353e-03
1.301534955429717788e-03
2.597800231541301801e-04
3.253902643412085767e-05
1.749634240967295074e-03
1.159542040962101717e-03
6.626829306291689162e-08
5.467522723450983737e-09
1.392053975950405054e-07
8.800360844446858649e-05
3.102436749620014148e-04
1.036700094449153523e-07
1.583606501212352969e-04
1.251918101386002217e-04
3.196675024821972905e-05
1.573659546082102102e-03
1.751944947887527871e-03
2.109164354927270300e-07
3.565966431007843080e-04
8.490276890788800305e-04
3.053697966429090071e-06
1.871562826218900596e-03
8.499943769687663903e-04
9.922792449570015053e-04
7.602051648177028241e-05
4.986019345303503410e-04
2.237518838435199713e-04
9.968422406840657643e-06
1.825924130127691645e-03
8.586114654557560873e-04
2.981363892385689002e-04
1.464898658507695923e-03
2.177366570564616671e-07
1.120706620898540657e-03
5.367635460914141647e-04
1.640373944982463487e-06
2.642815691757456867e-06
3.223213619974339065e-04
1.579044295684082838e-03
8.086447309968223911e-04
1.566758551263241819e-06
3.157766595042649931e-06
1.506249932929745261e-03
1.334496007951329411e-08
3.652827319556332334e-04
2.620624699014981098e-04
2.120084670944029175e-04
9.716100063378184905e-06
6.983680702297328288e-04
5.495373424737237241e-06
3.037837574207483013e-05
2.287071546517000646e-11
1.751713752782620105e-03
1.198068806683435811e-03
1.505866901839738323e-03
5.571883913033077009e-04
5.727024239005802392e-04
3.675235838769432928e-04
1.065983447664770731e-07
2.586041666269384902e-04
1.062854560245629665e-05
9.526276694505406552e-05
2.699229572029204641e-05
1.613062999144210686e-03
7.380581536738747459e-05
6.252434345758323955e-04
1.485033288136395999e-05
3.522317127104210039e-04
5.758352732869754031e-07
4.199345201714627693e-05
4.175263837041299813e-07
1.415184770199845628e-03
4.828233863183064006e-04
9.529054192232914174e-07
4.654863909172292868e-04
3.226110137307049868e-04
1.115245493560836079e-08
1.341752341857497433e-05
9.830127107480163008e-27
2.260255069277254962e-05
1.039209354245928087e-03
4.039662789819081557e-07
6.487183647920758258e-14
9.373958668784646926e-10
1.753578407088440751e-04
6.395862020197156568e-07
7.207385222368123173e-05
6.090226469061812628e-04
5.092500397500128073e-08
6.287922083929274597e-04
2.214037894275309686e-05
1.896120921969770053e-06
4.566842027911279726e-04
5.141808134863858109e-05
2.128643358693983203e-04
4.300784635983534669e-06
3.671602811627537337e-06
9.014876731697126169e-07
6.469662039515014789e-05
1.551457709423806060e-04
2.278641873422202813e-05
2.765120537250532488e-10
7.130019954484375462e-05
6.570773391091902174e-18
1.430820949663969898e-05
4.067513058172572461e-08
5.994115788156104801e-06
9.373340103063540599e-07
1.735379883823823374e-03
3.145825272424127133e-08
2.525148812538195535e-04
1.499158305054706501e-06
1.346478596592344976e-06
1.358732033212330542e-09
3.086787779513010102e-25
3.267780951427900551e-48
1.340141287205460351e-29
2.993857556853401772e-09
1.097654592726977842e-05
3.850236231342427472e-18
2.147937653580746425e-21
9.225113942199363873e-08
2.839028627465928642e-09
3.119304927100165554e-11
1.538235311715515751e-04
4.113527760934217073e-04
3.980536204075467801e-04
1.704082259027525306e-05
1.857576452841313900e-47
2.430007188764250113e-14
6.802443500834062288e-50
1.316893010240452259e-37
7.221110463748177037e-78
9.317131372599876160e-74
3.468370437885025543e-92
7.157067125551740336e-68
9.510816865473412765e-30
3.030879127399181035e-46
1.590938383465356275e-24
8.702632215659239528e-33
1.320643675488237591e-24
1.275660955179489523e-33
9.753183588355720217e-16
1.692225130300654099e-28
2.953915981594101631e-23
3.239847828402986362e-20
1.162683661272284836e-03
2.014825140868458959e-06
2.893999334561299635e-04
6.332045756142866764e-34
2.936197034585126385e-08
3.806188000473868426e-43
3.792349967478307523e-20
3.611466654288677104e-07
9.786595402999566152e-23
3.031754391545388600e-06
7.482405619087708648e-10
1.225180717790199688e-97
7.831447928359407363e-10
2.899845115201046484e-21
5.445166929832535940e-10
4.864283109252610242e-26
1.883205816186108979e-04
5.265794600697033483e-18
1.746697757047469693e-39
6.975141750122169365e-27
1.764295761831783381e-10
2.493758853935538057e-04
1.190880357633182904e-05
5.389290131738628561e-15
1.321852139676975641e-10
3.365252504019570212e-17
3.199058236739782920e-07
1.585602919024694222e-15
2.972308679621606339e-13
4.378111679384420723e-11
1.614536393430198606e-07
4.418300005689876753e-10
8.018685201451437202e-06
1.321740001404442785e-05
1.331723125112022456e-03
1.068755026161081394e-04
4.155151171396093617e-12
2.665233297897535724e-15
5.800316176958152513e-09
3.202948380736119195e-07
3.380778789876076526e-09
1.740757722094410166e-11
7.746180173647712087e-13
5.633589611417884117e-17
3.469475527679418510e-06
6.055883256248947100e-38
5.920793308481530150e-43
9.497089218148660259e-48
1.430052795734764795e-29
5.239170670122826582e-40
3.051810421607695113e-55
2.677698746134615405e-47
4.855821325410072854e-61
7.014156673345643079e-21
4.922746247609767931e-60
1.188826045882376319e-71
1.492825227251383623e-32
1.338516014132981247e-59
7.295440570412064934e-54
4.124830909120591471e-34
6.924054750739019523e-05
5.210452878452893837e-39
2.274658586010028521e-27
7.135131145688498123e-07
1.314534780148808757e-18
1.838655029525275592e-08
5.586998858798735651e-29
2.920705870394489514e-60
1.076015591430884658e-18
2.588876129860719324e-06
3.759344352008118929e-11
2.146073511924526090e-25
4.182617919783127291e-19
5.780615110864882577e-58
2.587840216071719616e-30
9.598862658334056008e-71
7.285407544144384088e-70
1.777326439078277141e-68
3.212708770784236866e-104
2.117214465727828650e-78
2.557032955656159481e-80
8.645178081440124219e-65
1.247263292176324790e-93
1.268403670614556255e-75
2.006924165137842722e-135
6.312571531935575717e-68
3.819136514921075466e-37
6.033446716362372694e-45
8.041833891634690114e-92
1.439028405592145757e-77
2.032627077802817296e-79
1.455997995817330107e-51
1.646516073258144853e-106
4.281386815147420145e-78
2.301144922706419464e-91
6.689268976393141256e-63
2.744522120850939133e-57
6.754088703698879816e-52
2.659374003476315215e-109
5.353567343490836809e-90
5.193755193566337163e-55
6.931642765496611818e-73
1.552590381502326300e-17
9.878047605228986942e-43
8.417287187363604025e-37
1.534630980789432349e-32
6.738809794367650610e-39
3.686891088891000339e-99
4.446204532349722421e-42
8.225603070992829129e-36
6.176670343958252860e-28
5.046329945443735201e-21
7.056931569116981232e-43
1.914779303482609989e-26
3.134939651426743773e-15
1.492747249387197418e-29
7.027797109377322199e-71
2.450257424276038041e-35
1.444330016937695551e-37
2.623236621301169976e-16
4.474131213280851554e-56
5.007805419619111668e-50
1.138973842994631868e-64
9.950362438990558527e-69
3.757712324684597383e-56
9.760961562873773753e-55
3.126193159161548086e-60
2.177892633893079805e-66
1.298256027033914060e-71
3.067974961404710844e-54
4.095163453276398123e-50
1.737655031394392854e-44
1.374416222957834634e-86
2.951532446612571369e-76
9.597000339864850411e-41
4.912820327950986067e-53
5.906146107392386723e-76
1.019942098654776430e-48
3.739310683885024973e-87
1.177597032266714238e-47
1.781826468677879473e-65
2.111471617658688475e-69
3.141141655060279017e-42
3.470625973951650416e-38
4.749324336638213052e-57
1.504738735881523527e-37
3.734213163582065517e-62
6.229369880970565612e-76
1.441662655573281910e-55
4.961405084646732858e-45
1.448804863372752367e-22
1.993904831730245952e-50
2.640235816294817179e-61
4.130021910334725434e-29
3.969919078133210742e-55
2.865734641205291104e-66
3.888458916229776818e-37
9.031647748160949383e-73
5.007467853615988132e-34
1.906308876486617208e-53
1.619230717015485315e-45
3.202987738761833241e-34
3.372403261806686352e-59
3.867383249758777004e-59
1.045341649161388749e-50
3.003018890114817065e-57
7.114942014342340884e-45
1.110070114759892975e-39
8.146073868069870688e-37
1.975941866380811612e-45
4.837608147631815547e-79
8.445312199810283919e-65
2.830379035435740683e-84
3.621242574013774594e-106
1.828257683355807654e-63
2.789050701657376921e-33
1.350239886382971139e-62
7.694454445932785297e-95
5.740178161797547513e-60
1.508670901222767035e-88
2.519460278751299925e-46
1.066839181854359362e-45
9.989473790703041418e-87
4.593916221058758469e-86
5.101988466308599540e-88
1.873557131104604691e-81
1.054278489821858195e-59
1.802526674892070878e-87
1.260015981906337635e-112
2.122157512100130205e-95
1.248535713513455644e-60
4.407948799462605721e-79
3.478472505097082049e-110
1.625811018345554218e-98
1.437385546300357126e-95
3.205819890164240208e-75
9.882045506727593235e-91
1.352599321722460704e-84
3.398711643290524321e-55
5.183386201907434030e-150
1.472520832878368758e-133
2.820263768581749387e-93
2.478982259815729399e-122
2.208371110906090597e-79
6.917333696809576611e-118
1.881044268235450359e-51
2.305734732148191507e-79
2.074648153921438219e-66
5.888211730299025381e-83
5.817925559353047695e-51
2.135289740033923534e-107
8.824766573900038271e-130
1.823160453680470329e-81
6.077917677196748452e-88
5.140350509371410866e-94
2.595578261972007024e-96
3.371749807875199042e-38
1.947880875643898005e-66
1.584139760222591511e-67
2.509068997461280299e-44
3.004301851092628224e-52
1.781167130541797302e-58
2.493230530802821121e-89
1.464348976078196571e-37
2.852294030406888566e-98
2.398222026984683419e-98
1.547378794014063989e-106
2.894991630973780362e-105
1.564568599710581262e-106
1.616952169379733845e-79
3.779108912124233565e-78
9.555592442765887683e-78
9.826610714863029430e-117
9.724227067894224326e-109
2.062141556332535952e-69
7.137875068201387033e-105
2.360661623985961168e-67
1.598079749187759830e-83
1.561914344889177880e-112
1.333504234944341246e-131
1.073074383859799600e-140
6.454550816514858248e-124
1.307118636683222847e-133
3.134855435708537721e-174
1.147897094429936270e-107
8.256258989882858460e-119
2.006865951227111830e-119
7.545516010028582881e-150
1.677023737320664858e-112
3.265166301564352853e-132
8.919826596555980339e-88
1.941965583988297374e-112
3.607720885541203104e-98
2.460021038856838802e-110
3.137038880889063153e-164
9.963295735172471240e-100
8.773411660399915966e-76
1.284896035701544347e-73
1.222713049646787250e-42
1.542462988113058638e-104
9.435142603160397515e-73
3.777958159559713919e-81
1.745464060995389630e-78
1.230465799847976777e-100
7.105481763859987472e-149
1.879346353509378880e-65
3.112561199085990822e-70
3.964833066035493101e-112
8.286271672911965026e-79
4.217841514124926737e-105
1.882832478136899031e-180
7.911581414281608091e-140
3.584618551496457987e-123
6.259618267664668837e-145
2.820293551123284981e-62
2.255083811061868707e-131
9.199855743332744885e-88
5.237520177944764327e-121
2.684446825734140589e-133
1.707202074460978662e-109
7.594425791950418444e-130
1.120225008722364855e-127
1.934609502826192444e-97
4.558532844394651023e-122
1.211532899568527834e-125
1.224487157888845158e-168
4.699572665174609015e-136
9.092484225654433859e-117
3.533572840315085425e-117
4.198784202586581326e-145
2.967892810591284882e-126
2.771150175447501265e-89
1.067290474844564843e-101
2.109583457372087462e-94
1.671605421202017284e-126
5.002694345727972828e-90
3.186267276202239258e-162
9.407474060378048232e-102
2.541180618657267879e-114
4.284203633149240029e-141
6.586630725314022060e-127
2.148517568571088134e-119
1.261731661715781569e-91
4.642146229075860424e-143
1.734099785455883932e-107
1.273262565113059463e-158
2.897078872084617079e-154
1.671496137860708386e-41
2.314954199331309122e-88
4.445099244307648526e-66
1.449494249039540765e-133
5.184021075268163388e-108
2.528278301085143036e-40
2.911093292758193725e-60
2.119319574099811218e-162
3.988972509788637046e-109
1.150990617279162755e-65
1.730863710883095299e-71
5.061807225978078550e-110
5.115081934275650401e-125
1.313266067021755475e-104
9.090229769027856689e-76
1.422335399824163156e-88
5.339333376740530592e-84
3.015391996437526180e-81
8.355961948916207025e-88
1.020381139866064408e-40
4.030835179851129481e-73
4.790474034423464343e-83
1.675361088726720389e-143
4.580582900548249432e-96
5.246244131085974790e-97
7.469130889144973059e-66
1.482475773770371302e-119
7.090823805589290629e-148
5.444416985513014786e-146
3.140346079318206216e-160
2.405296454548704319e-151
3.520431114916094758e-85
1.187536602232076779e-118
4.054107512147425212e-141
7.447952227959061519e-127
4.637321207875509794e-111
1.196005754491008954e-118
4.383684500569728973e-91
1.569564153757244506e-76
1.515681289157698978e-97
8.031034099247730027e-116
1.270987732060801824e-125
2.941332675600511387e-132
1.116703256447279062e-93
4.728645499634552293e-52
5.156391999252176760e-85
1.226131215142115381e-87
5.904253875296740871e-73
1.443915710735730822e-121
6.349912711627325041e-116
1.414106960866798038e-124
1.255702924749444760e-44
1.742447508830773486e-70
9.431486988432157752e-105
5.626481336066145800e-136
1.538048355517602264e-149
4.211985610878762412e-118
3.421819025464133984e-176
1.334002873848608292e-147
8.922594172919282881e-104
2.923265666290063130e-169
1.670721017175534943e-148
2.526815373574802312e-183
3.373290978389602471e-135
1.203366817054024622e-128
8.129489289537758445e-134
1.996939214195048520e-111
2.336163606101727024e-127
3.004241681515278857e-151
1.663535543069321039e-81
3.799194149403636674e-57
1.114156583534841028e-64
8.382210622107781538e-88
6.432465390416391898e-141
3.369236667930765385e-148
2.481184993297762035e-103
1.442080031067797948e-88
1.512604956033915471e-85
3.215230342536887929e-72
9.270013815433830128e-67
1.455645017581557075e-101
1.053657368067294395e-74
1.955788255284682174e-87
4.168375468843027501e-99
2.441143444033934835e-86
5.086969889907854739e-78
2.505536719436690293e-104
2.763560314609820609e-133
4.314271328301120874e-173
2.915481961036275917e-61
3.556669728200466202e-103
1.043314385257394482e-148
2.093175676380566909e-130
6.476578020970960510e-155
2.798230085917225460e-114
1.360368871782747000e-133
2.011881071453430376e-152
1.484053587877496760e-118
6.828482619039358387e-88
1.319649192261536776e-161
7.274347481368321317e-117
1.706979857672450286e-13
1.257574280518799037e-124
3.004646373937026439e-163
2.638547569829069662e-130
6.364398004323616254e-104
1.058806036203778665e-159
3.237457195299523256e-156
1.597531275501112142e-153
3.588368763467910555e-158
4.733248717484809972e-130
1.002188559471530267e-126
4.210449517469019304e-162
3.354244779436910093e-145
9.347888127802553963e-155
5.729808807942266004e-179
1.149077003529626079e-129
4.516610611046519951e-153
3.430362021440146236e-139
5.775690631494654319e-104
1.463765955779921419e-150
3.171485583851533374e-136
1.397328679953788137e-149
1.097496046910342659e-127
2.104736770954863238e-120
8.110133257534435595e-129
1.456069187445160556e-86
1.343639875470240324e-140
4.081537030222190627e-107
4.623502300332725560e-105
2.086884045754003427e-129
2.812764842802894269e-135
5.238963006566762845e-129
5.290694545915000025e-131
1.054528030898179591e-129
5.534591718238050210e-133
3.638437773611496871e-186
1.073634080938352092e-84
1.095745187676056047e-107
8.486920582428953319e-87
2.737761089093773033e-106
4.701275485634646194e-108
1.047581105952763614e-131
3.497807566539746687e-142
5.716158206301254072e-141
1.550282050113535176e-154
2.221482219066824603e-111
1.229953840225046220e-126
1.293347898967626642e-57
4.384790849887444581e-84
1.151581050591619560e-119
1.032634980026312798e-124
2.356482687948248751e-82
3.487603585054294383e-128
5.693806869496981725e-55
3.479300362716683659e-46
4.602602796795205064e-64
2.631639439075049597e-59
3.393764189725703555e-32
1.137284048689004244e-156
1.936587935872786242e-46
4.785939345117133585e-56
1.241357912155882980e-47
1.428712576727936451e-94
2.072426587398204068e-71
6.278670068480599013e-124
5.376852180441197999e-102
1.669399407286489051e-101
1.367600331286255165e-62
9.856887009356136554e-48
4.476417223197114403e-61
3.384840577351208586e-124
1.276374505337953869e-67
3.459839420832346582e-75
4.419416230761194781e-128
2.191801186203773625e-67
8.005066498493913589e-158
3.728726941545410904e-92
1.294059946219084348e-124
1.382966073348583723e-147
8.027206331215394289e-100
1.601284378784035695e-117
6.999601578775349024e-122
1.760286489090826082e-74
3.838088171803191324e-114
2.751982982700992576e-161
5.685432015985676323e-158
3.786788035099076568e-142
8.708931757115507300e-160
1.837042018529353258e-123
2.681402540295882497e-156
5.783081925317758029e-124
2.068673102375001931e-142
1.326094230782033331e-147
4.856902728567132944e-133
4.211989524409367519e-73
1.285974968057073296e-62
1.447730269927281500e-65
1.261379054312107673e-49
3.018410115192681980e-32
8.531309540480459138e-27
2.559683125187420771e-15
1.507999345803008110e-30
4.494202288496113881e-29
7.042974888043950187e-26
8.532680802125636016e-23
5.973383901955097862e-26
1.230142990129188162e-107
7.082976925272966310e-108
3.130389955424927596e-106
8.858923446355353194e-55
2.679023403611785190e-06
6.521396036661526323e-10
8.760492989129676751e-04
5.973209387243420227e-15
1.661661238187916918e-12
1.453297513355350083e-20
3.554708204294279060e-08
5.951132835644922870e-04
7.400821799662658783e-06
2.390271158694888743e-11
2.622011194101987351e-04
2.994074120753682279e-05
1.107169394515539890e-03
9.194856255031293776e-04
8.309421451009436172e-04
8.811565303862161456e-06
2.147043640159943957e-08
3.976039398222052764e-06
9.959039147084863605e-23
2.929157332304574691e-48
4.777233346731289562e-34
5.255536732668076593e-74
2.359370428883180566e-43
3.946272789265296550e-36
7.704656298399031702e-51
8.201333965960924352e-26
9.846396090755267171e-20
1.347979917780752349e-07
3.790807895704931796e-12
2.799464220915123065e-22
1.412131685549818969e-05
2.299228010100644688e-11
2.807970301523471864e-07
3.136940793988254042e-11
4.705918697668354391e-05
5.449873849501450290e-09
1.778300839485750099e-05
6.181802061088498973e-04
1.232444397842824727e-10
1.711365555971012349e-03
5.669627007084113894e-05
4.298948097834738917e-13
2.271592922272476880e-06
1.093375872617815371e-06
2.694087454103100144e-09
3.016844784569651287e-16
2.965254606843102333e-30
9.143409879992519445e-18
6.883254322502454813e-13
3.314255713118855884e-48
8.032147268526245293e-18
8.698452633504969942e-12
1.666024542904549332e-03
3.148776718203004821e-04
5.252218285650884498e-07
8.029602982237624403e-04
1.716137379741200641e-05
7.246263363413836535e-07
8.612139709620449200e-04
6.498305753693492826e-04
1.477003323698147449e-03
7.050027582381884959e-07
1.543567048885968003e-03
1.447428206026170077e-07
3.775898201551223572e-05
4.666330437080166641e-11
4.245393775700066711e-07
5.916016274546264362e-14
6.647513610923020741e-09
3.085409764718111212e-05
5.004251172160069115e-13
1.961926470617869961e-18
1.910718651317886148e-06
1.243295112905640506e-06
7.233672690212859883e-33
1.932759352361611540e-05
1.478905688840536808e-28
8.576068558408000454e-04
5.036035734978636299e-19
1.786990359277768766e-28
5.920811427438364001e-23
7.868025538689216664e-32
3.062776416999910627e-11
9.068190091183522504e-18
7.206062421772333144e-30
1.206017489087994697e-36
1.872772206871311953e-14
9.866462863175712875e-24
1.595565930895968548e-16
9.897402062759988275e-19
6.899230139652623516e-21
3.904071096930685604e-28
5.088656213604808459e-53
5.918726897479777119e-25
4.421707229454461439e-49
4.505043603979710304e-32
4.031527055706314173e-22
4.995761636800944461e-64
9.481383952645277942e-41
3.190110683683785155e-53
3.823104123949242762e-57
2.095847038709460452e-55
9.261664886536773794e-55
1.509600909574591579e-39
1.488227343412447529e-31
5.278192448622222070e-41
2.384643976412011313e-22
1.972894020990092081e-93
1.385073222571451377e-54
5.853077261599594475e-46
6.774483275260647461e-37
3.744751836604313508e-55
2.222388789979255015e-83
5.275178820907168053e-32
3.606805428081196246e-90
7.962627966641335886e-47
6.068974813881976013e-39
4.939920641282242238e-79
1.137932919448435975e-85
2.274936687497857098e-75
2.427180891551453547e-60
2.549651995944458975e-60
1.015448916475307104e-59
7.347668687581522402e-49
1.098074190825577256e-22
5.090917109769467607e-69
3.474878581511811975e-75
2.376401587817088842e-46
9.908708270187061353e-66
7.650305792065756981e-48
1.454458431973233712e-35
2.838983263036651150e-37
1.855464932727040490e-37
6.069183383547516827e-06
6.132247796378089092e-24
9.452278461455518791e-18
5.589208607024854687e-42
5.894357893205163862e-41
2.520612360027983971e-04
5.874222545850357295e-07
1.421732285762806965e-12
2.175287417238447954e-16
3.324143071238281071e-08
5.624135412951754169e-26
1.256636061649034791e-21
1.525399348106531960e-61
4.955998585934778875e-23
4.008639966047500706e-18
4.041137630245048389e-13
6.055693421939553489e-18
2.544483977513441553e-09
2.970120069486816739e-19
3.938410118636749313e-06
2.661036966722317526e-21
7.079546210669968417e-19
2.481782291320567827e-49
7.082792721404093358e-11
3.457512988715817150e-13
8.774232237679819840e-14
7.861225543642128746e-22
6.666112520901261587e-07
9.313781515155202494e-04
4.469040647385939199e-06
1.093938917533258330e-06
1.147189476704344107e-59
8.668016540605705710e-55
5.505668200856185361e-41
1.200894720097065164e-43
2.587507515044513913e-33
8.934264026618592289e-49
8.839011501871093491e-32
8.799566622794593791e-51
4.648788879778325206e-41
1.233738042101719583e-19
1.721854262108617235e-21
1.375195396648817612e-73
2.227325207738178005e-18
1.226164785400958791e-08
2.610262091900478505e-53
9.677105154828393072e-48
7.194654583767278327e-23
6.775889935120955796e-24
5.773063004172088625e-34
1.440951262277845214e-12
4.088583095305375700e-18
2.090746995410455929e-19
1.707554556953286214e-31
9.655589054845203259e-09
1.424134489758623714e-20
3.629217893200325855e-20
1.503467590718811246e-17
9.526350369660113769e-06
1.735049981620160383e-04
3.850643579569286660e-35
1.419993380402561010e-18
5.759325364441968140e-22
2.672898916106850860e-19
3.823612935543046560e-22
2.935135505849152979e-45
2.635586261800066142e-21
5.926378568987922589e-29
7.966815586281042444e-32
2.000185139037426474e-30
5.967967748734388397e-13
5.381037402959163765e-06
3.233221692478274966e-15
1.862479213605461708e-08
5.722486142090807196e-52
2.990428447833465803e-37
2.529229524469510271e-09
1.173078254722779813e-65
6.863184342016245981e-18
7.093725379510127591e-45
8.975648434637401321e-10
1.150420706683576226e-20
1.649763803969310288e-18
8.536113522462100221e-38
1.619998732729177892e-38
1.607125911363697658e-37
8.775089078746327136e-31
2.411612423690497003e-12
3.799801016763233345e-13
2.782991681026183890e-08
1.195068723721171222e-09
5.977137170673283450e-20
1.283599078172237800e-14
7.201234507397744206e-31
5.507638902700190904e-16
4.069638512819321521e-46
1.012447923870901937e-24
1.194240219505038853e-10
9.177702773155221124e-17
2.490064641967350471e-05
2.365876699885387781e-16
1.671781178585901162e-19
2.074704861737811394e-18
1.823598034900641524e-20
9.161110991112442140e-34
3.334879749105718345e-06
6.429767765151506236e-40
3.214801764384044403e-13
5.433827981699112873e-11
5.952342820682440537e-07
9.962718526476761194e-16
1.042135679933394765e-24
1.703222815921712540e-47
2.377296291659171977e-18
5.035677880008554280e-23
2.657695730761873589e-47
3.039407760194407506e-36
2.018161485348840615e-31
6.515600466625302134e-21
2.258518229562474191e-28
2.512937772309934335e-19
1.176405506021227675e-13
1.271431354418623026e-44
1.157742524735109610e-17
3.512792566389183986e-28
8.008345053913936366e-11
3.699844440922438500e-15
1.059716164854475629e-10
5.192092206051397437e-10
2.693221414907411688e-04
8.252346796262182522e-04
1.284916780119332322e-23
1.050510940889975382e-10
1.759258538964809690e-17
1.535850937921848695e-23
6.574316846666542224e-20
6.522935713577198852e-06
5.565845413165983937e-25
2.227124457153299055e-18
6.322658425722270988e-13
1.870122916245564789e-11
1.949945947803366559e-30
4.096580027612498012e-11
7.228392628764137933e-25
1.648385427878481534e-21
2.188794950939715378e-16
2.758067643684548858e-33
8.441981396994723655e-15
1.427904990489210493e-26
1.257841858950251201e-21
1.006400638220529904e-18
4.506427105485102693e-19
4.414083405500468255e-19
2.719402584127263312e-17
2.161211194716100022e-12
3.151731036922353189e-28
9.107512363707493282e-10
3.960489751644368839e-18
7.678721649470456974e-27
3.064813820763434916e-10
1.634377584554412684e-09
1.544584237364939329e-18
1.292172328383539619e-26
2.626794451244539763e-33
2.414503924179068100e-11
3.820961379987787683e-29
5.926456898512933065e-08
1.856632542516426361e-13
1.190108628025507047e-46
7.825017568129216390e-06
5.069231175806849001e-32
2.809114795450415872e-30
5.704676610543637114e-65
1.992303622741842139e-35
4.808738591908007765e-17
1.368579641935691376e-30
5.852806757493195777e-24
4.012840432747037188e-11
2.067483031693027614e-20
1.232286395475412277e-42
3.328432699582728470e-69
9.280004708371647155e-31
1.185980522924291886e-51
9.430500583810044414e-12
3.869757649230013728e-28
2.076935709082366340e-47
3.940683516193152950e-10
9.620534242450817601e-25
8.827534589757864316e-69
2.064786356156486236e-68
2.931002075068920681e-44
1.362423611208260900e-10
5.487297751124438297e-33
4.551175481376848500e-24
2.546195983117095901e-27
1.018093196042782146e-42
4.854429386183333071e-20
1.618380731379855113e-58
1.261550919052992966e-18
1.688064320241658680e-28
2.250394663575183973e-24
2.716989918047625517e-27
1.329010482501158136e-22
2.809457900364121957e-17
7.862529625279923953e-06
8.303046478123311051e-09
4.672091497426162067e-53
6.761214899639678242e-17
5.522270181097749288e-56
8.827121030250519492e-28
1.939049734295645916e-25
1.904455383293339026e-07
1.115365764455814608e-33
4.327125402975623845e-30
3.083200175932290648e-25
5.723379303932651492e-12
1.015745118033618476e-10
3.147116784696852919e-23
2.122858087269405757e-14
4.142946173916920913e-41
8.681764776094777689e-59
1.240303072246736926e-81
1.369171058651359228e-83
8.682855684762390567e-40
2.675435646190413868e-19
3.210515215016581865e-61
6.610985209834167361e-48
1.103443126323231087e-56
8.804760086729401369e-25
8.440464190289497677e-38
5.119357197025042117e-36
1.049516003237448754e-34
2.031153213487229279e-25
2.269901544583956122e-15
7.048206352492556137e-26
2.441376809940686010e-04
2.145744205693469939e-15
7.144529644219841054e-26
2.215014189441759110e-06
7.761685572161528633e-09
4.287502526428684717e-04
1.192401470208434742e-15
5.164053875868982856e-06
1.434684749236908648e-05
2.410371340665830071e-11
6.868007427683063374e-12
2.106380409513160689e-30
6.377741427935338903e-21
2.329631451246348425e-23
9.876696114916529074e-25
2.216333575100737455e-40
6.716973405702711662e-18
2.254713247722772771e-09
4.320288734578453531e-19
2.104049600677801567e-35
1.870556161758413673e-41
1.524143753634399035e-70
3.877772721144555721e-28
4.380574753834606171e-28
1.645083700563963734e-06
8.472813108298711811e-25
4.242929570672613282e-31
4.041103120703661919e-15
2.557612831426896476e-21
4.122588735820576787e-35
1.027641401017434750e-20
7.874154493133864482e-20
1.764334062473203155e-81
2.765090144358221206e-19
4.910772159828126539e-20
1.211218351287048713e-34
4.470631715448070270e-35
9.858133562708972852e-27
6.129113619199961917e-38
8.868539903844956455e-21
4.661053350452440831e-30
9.960790196798998104e-22
1.887916212925009249e-31
7.240600985312257382e-50
2.613082332916792773e-09
1.298099994371418810e-35
2.781786703406398074e-32
4.424196697975467861e-49
1.273831851963187166e-52
9.219829282084824036e-42
1.262036563199780624e-35
3.101140026685089720e-35
1.805649831763093937e-56
1.787813781923560516e-34
2.919056131315279430e-51
5.548975232049298661e-54
6.814632570525422697e-42
4.932423191426306619e-28
4.222229323199794563e-60
4.240528796943619165e-37
1.418506408751301327e-18
5.065644848138905491e-56
1.760378653620274771e-66
6.257785520338553226e-27
2.014378317662795241e-35
6.220111017474405881e-49
3.757728369593961638e-62
1.662591049088751133e-26
7.751256447771171201e-28
3.836133473902553555e-31
5.539280462092258439e-61
4.071785461634142631e-65
3.241083442585402503e-70
3.896541308703044233e-72
1.763643657468059648e-43
1.199146029321003757e-69
2.933491285299140102e-121
1.032767625177406484e-103
1.307066024347243017e-83
6.108428276289052823e-85
1.363131905938321519e-95
9.844335127331218070e-58
4.392859904337227381e-59
2.010385497825648649e-85
5.206623435840816661e-130
6.058601917151842643e-103
1.012971269271958832e-98
6.968316078277352807e-109
7.397005821504581504e-77
4.680346904801843789e-54
7.023330505848571142e-86
1.105215023393150578e-81
3.390818134379109728e-152
5.637774539618484156e-175
8.102792502178427861e-152
5.008833239607734996e-85
3.163762547097817254e-105
1.345950284400281448e-154
4.510831789403166301e-53
9.190518703224855606e-63
6.109915014136714349e-128
5.850945866303447792e-91
2.040112319735527344e-135
2.832469253360546316e-86
3.015665962492986655e-54
6.414836490511361019e-90
4.625025580178387470e-34
6.203456277189368631e-21
5.439512636516826310e-98
3.359315610540668694e-126
5.329818175731256834e-106
3.533407664845665721e-81
2.532184505632686890e-115
1.788688188229768978e-94
4.386311490740553314e-40
2.939897394439078810e-70
2.703627525058778078e-21
2.599011573633682189e-61
2.502208172258844176e-65
5.628299100727861510e-39
5.320894487305233334e-34
1.112065129960298426e-71
1.763428799307823962e-93
1.898120712491405584e-57
5.815435634619764226e-120
8.616666690470712367e-144
1.831503406745353308e-68
1.193613771953105636e-124
2.351638473782151724e-86
3.196178777401449233e-115
1.648084609951316161e-76
5.499785143378395783e-75
4.162838755630113131e-32
3.799469362547220334e-105
1.607427535957116952e-123
3.958447457968116511e-134
6.844317777734961869e-149
1.240741355433033386e-144
1.516615620372539176e-141
1.064128173063667439e-125
2.289492700467048088e-128
9.843896813456332312e-174
9.783180932786657505e-106
1.907512106871242750e-91
2.125187593063124957e-158
1.016714244954809645e-99
5.046655035485665177e-82
1.403363472253204153e-117
3.405078909376797330e-145
7.336053091367835926e-104
1.159927530439020124e-137
8.288875840451958894e-149
9.344828235078286277e-126
6.649566227829923508e-133
3.201760144977826052e-113
2.598045350159103945e-152
2.549191147310106722e-123
1.496224533848017163e-134
1.111503026655224661e-86
2.752114051809785091e-15
2.502459631884128418e-30
2.236445206968732748e-22
1.356358362923428318e-50
4.834089723206299934e-12
5.039647852375003165e-16
2.528531746602049067e-27
3.026591913203208623e-25
2.127912976467136305e-32
9.661493780329258943e-12
2.336172677346423119e-08
7.388150378030907377e-72
1.942366190293224210e-88
3.954281377748476925e-49
3.546761049991144381e-103
5.898443027717753402e-79
2.102517416640872880e-56
7.096944538972175655e-137
7.270973045226683144e-119
1.226064292389095861e-117
8.264112656600313382e-107
8.070226578041119930e-154
4.941648478985943564e-121
1.437862696412518110e-101
8.732620817395355388e-119
1.961865878411405791e-115
2.744841927887874481e-142
2.881249243183980064e-134
1.828013575729972543e-113
1.094536278214754679e-126
1.337616044726860523e-124
1.710979707853257017e-129
2.395906845287253688e-133
2.124114011660664110e-158
1.619553936151776375e-112
1.539487129245028626e-28
9.131810685612424051e-101
5.401625561968759131e-85
6.679147784970873252e-120
1.185604311609645563e-135
1.848150473813345499e-103
5.828902257974664585e-90
1.882921892180432708e-104
8.947407982365533639e-104
2.500513915293285821e-143
1.013473038071197069e-105
1.706914711034502699e-123
1.003625799622937607e-112
2.088297059440995744e-120
2.942779434375785026e-130
4.168966148600674393e-62
4.702608422606520667e-106
1.294936206115808061e-113
4.084183637514841315e-48
1.253524425090890299e-62
1.866749181223270232e-52
9.842027103499936244e-130
8.968888255209317020e-87
7.719191368728535576e-158
6.522226921616778258e-152
1.109588743320262180e-153
2.726542060112095013e-107
3.876419347731473482e-148
3.933524390521284884e-150
2.851779501291747130e-137
1.607044369080288264e-154
5.770378416594927921e-107
7.681153490840954436e-41
1.368794767857708037e-117
2.512191056539395225e-79
2.999127117675981857e-111
1.399673602640241406e-153
1.047833769537484555e-122
5.761662478333189999e-143
8.234898434175918298e-178
1.767192810388676556e-115
1.671073329628635906e-138
1.756827756305259090e-132
2.429585896264364099e-84
3.678087765422361395e-138
2.191210438905222691e-129
3.574892345031042111e-107
3.078652699845146058e-80
2.501200282930075308e-137
1.678519228562522978e-61
1.182468504832349169e-32
5.229496994765984051e-56
5.209261453899706372e-24
1.191082621402322229e-100
1.980315880968598347e-99
4.637792274891679374e-77
1.122257140875145884e-62
3.014764681010619108e-75
1.835547847272534309e-98
5.725365503542156675e-73
1.624294717170131423e-70
1.410015790839631639e-71
1.905979261855603569e-42
2.435200034507022559e-91
1.814897034621242928e-143
5.726096766410448246e-48
4.034173667651576228e-56
3.514941505146356495e-58
2.580379350677203208e-64
2.057671469923518673e-58
7.190372703326808985e-96
4.343170868516557694e-75
6.567733675537470712e-63
9.191835373438411185e-45
6.299019812740266067e-38
3.786849537950105793e-69
1.220318532352575577e-39
5.810819678772977089e-54
1.159148398133248031e-58
1.651034638320999684e-66
1.294243175259124405e-58
2.676638665572119831e-61
2.484847128582484969e-26
5.807785039958120098e-44
2.861334069255348214e-49
1.511406358569838058e-22
6.879934083489489325e-61
4.356347327946006458e-46
1.180166863450037174e-37
1.515353286821340634e-34
8.228537185665123861e-105
9.292020447298659337e-96
8.735693280313184759e-59
2.147800771965571475e-52
2.370983610525525275e-36
7.648788322245236942e-65
8.382220059984092922e-64
9.140924060279361157e-74
6.438478587917034435e-32
2.822647672908134783e-58
5.019832337704079832e-51
3.357393402826188305e-77
4.969496120490942715e-63
5.909900301564226672e-68
6.965244663381702582e-54
1.377263146753326369e-53
2.528243922920389102e-75
1.619017139370504322e-81
2.705862083628989970e-81
2.032765524974715971e-132
3.325069069630863016e-102
7.326023087028970153e-79
1.763293972895945382e-133
8.537145363588137674e-89
1.215982993414462290e-77
1.849692407618012996e-77
1.198051308674898680e-109
1.563090469192794632e-116
5.373286906458750866e-70
1.481702480002453690e-161
1.083105090985599127e-119
3.942893780617590066e-95
3.545587305881588046e-129
5.098627818220041524e-69
1.935382630036257309e-98
4.398521759603502492e-126
1.273457861441784248e-125
2.979387771556633738e-157
6.523698689411492457e-86
3.476684184064745724e-136
4.049245770719346023e-169
5.567196599467984361e-156
2.350280677380483968e-131
1.561205147446655665e-123
1.409880393399628339e-123
2.167068152134882207e-121
8.988295529474957289e-86
2.910239865237880962e-122
3.328327678177419295e-146
2.179288621496069827e-138
7.630639357894462951e-124
4.685753720121491887e-121
1.496442539487740781e-133
8.538321521853103727e-98
2.291083235767202555e-109
9.982431941886338115e-93
1.658270329406264657e-69
3.954366478677285803e-119
2.126046613594082791e-154
8.629978773127476040e-84
3.027085264746249155e-84
7.045566046617612725e-46
2.571939990917611373e-72
2.009908462211736118e-127
2.469154111015884458e-104
1.077368849203643034e-22
1.175276128567321732e-132
4.438916606341477725e-109
8.125257523557139185e-74
6.986261575431095150e-82
1.086031429991882035e-91
3.051426716372671258e-70
1.171338139809385546e-81
7.298372082748352986e-123
1.866856960201401237e-70
3.301818437487885192e-97
2.585464258059477124e-164
7.875597605761850006e-142
8.953102538968265602e-83
6.652966147222607666e-60
3.180788925384412558e-64
4.610977994615564315e-94
1.028081806724456651e-48
2.365734170151451729e-54
5.200293863322248408e-64
5.502188056949204997e-39
8.679214632439813408e-71
4.364926616274776635e-63
1.735739902230028744e-35
2.895186679068490817e-51
1.900766529086202449e-99
9.741849119572941797e-60
6.951343789312455787e-46
3.886932687052959879e-59
6.697306937439899321e-64
2.338062544831811943e-67
3.299812800401840036e-121
5.252533419587779922e-58
3.761841292771432916e-106
5.155922965879206980e-61
4.613754609267583371e-93
9.132471531476078291e-46
2.631045479553128403e-42
1.064816668501253143e-97
1.125327895235870140e-64
1.310077945301511176e-68
2.858654491190369774e-55
2.670585724711319632e-87
1.867339854080768504e-120
3.259584865990926710e-78
2.017038884338802371e-77
5.555071889432367127e-77
5.955925950267061618e-64
1.464548303784177329e-132
2.044346811596547347e-63
8.542937089195853804e-89
4.268658073207683513e-86
1.777295374778729001e-127
8.378699949124581576e-116
2.571073618614246122e-81
1.840531402919021778e-122
7.226583879390898295e-129
7.825199992758731595e-121
6.385329853096520175e-98
8.260485627372800124e-59
3.245247018403821580e-98
1.790091140975672325e-50
6.630457125231902172e-71
6.615339518033241373e-122
8.190325510199544935e-88
8.544330655503294576e-98
2.531590312305604862e-124
1.249905011727233897e-135
8.449701020540815542e-61
1.281401414279472497e-93
2.195338309495741281e-103
5.759067146097358685e-81
1.314637859418519179e-117
1.025761601669409339e-84
1.963708217925331891e-103
4.932448357941087809e-94
2.398538620153628600e-162
2.386036917170534449e-125
2.320748089353554953e-139
4.795360375801140779e-143
2.113989522765160013e-116
1.164868532874427822e-73
1.445724383127686705e-111
6.953426802708882987e-103
1.683249477509995163e-137
1.517244643118554587e-76
4.586148344374684857e-72
1.352685247299062922e-61
8.132366614132257919e-97
2.021618694724586710e-60
8.969142078186043175e-75
2.478588804305793633e-50
6.331512220456085485e-64
3.400207634788106391e-74
1.059482318667782832e-111
8.097097415260288879e-109
7.165042261086758233e-85
4.815201641789411000e-51
1.063424320023657901e-56
1.734960611448367483e-100
2.268127292463341753e-46
6.039630913296985171e-134
9.782009621227076018e-91
2.994894352762124745e-117
2.288630776653079449e-108
3.307454765916749637e-138
1.004607154470426625e-144
2.041713719697632281e-99
3.679657484345964017e-151
2.807870393271936676e-93
2.258424391441714343e-102
5.967918894235630460e-100
1.164103865226614105e-131
2.681243150125753862e-138
4.074489445918741606e-89
8.236501372058239296e-107
2.200374347643017247e-49
7.870615891709411842e-111
6.367975399726150140e-81
1.312881539910121208e-116
1.002744471672592278e-178
2.899346489414472358e-128
8.152446590385589333e-158
3.421445031700218538e-141
1.101899476460068124e-139
3.635629237356008860e-136
1.260275882760861194e-101
4.929429888692978165e-137
6.330060862024789264e-154
1.264647684319854579e-117
2.990663708400712279e-161
1.114866853902807774e-169
5.401551420504259807e-154
4.723478134735198878e-61
1.691483697170877159e-120
1.500862723667172102e-79
1.238379877931944604e-120
1.020715878261978029e-98
2.334757730954395840e-60
2.084075772118966828e-51
1.016990265256362154e-104
1.560289488979193473e-72
8.329573367643628241e-88
8.484406446747208271e-124
1.146981135304231961e-73
3.243943761140260966e-101
4.693778840821956452e-57
8.330813800610201994e-94
9.851241484977220848e-44
2.042517430230044294e-45
9.429206615808127604e-39
2.552529148062955480e-49
5.838469375403998841e-44
8.350002680547783454e-76
7.200350123557856653e-65
7.852057864389828034e-42
3.406934667264364297e-107
5.941022466660635114e-94
1.225475127160611904e-141
6.204893210015947082e-69
5.364861459171201828e-30
1.329231254998256080e-80
2.116493339132734577e-115
3.492874284553863322e-127
3.395220376495960022e-67
2.991545076231239716e-74
3.583877430158157674e-89
1.067543586450539901e-74
2.794736633946342348e-52
2.049625562791739840e-56
1.194099724419066194e-17
8.125591365814344052e-10
7.346616198213711201e-16
1.659833388190737305e-13
1.857109480291041614e-74
6.204846027301034996e-95
3.765582150671641320e-72
1.415397291618079402e-40
1.922339196534210542e-18
3.300200862813131391e-48
7.663219751263429462e-53
5.373033448687842219e-52
2.635682789169353462e-59
5.321042716221819108e-72
1.844990440012720882e-36
4.983137927456094908e-47
9.333300108447164697e-38
4.524985300609167400e-65
2.016885003294373863e-68
1.759778472904129530e-56
2.193449848012964192e-102
3.918737387184102604e-88
3.815839539776025302e-84
7.630799711208119706e-63
4.006264888389677838e-38
2.074818722986444940e-41
8.062210125830417116e-79
7.684058287423192823e-71
2.188091747849429186e-82
2.971373154014907279e-121
2.369111352410579719e-58
1.127469827898437544e-91
2.060945981312033890e-85
3.498621237110101499e-114
6.603190677756270218e-74
1.324106356980790197e-81
3.057365407438305731e-41
4.429196942086583888e-64
2.942956682404882506e-92
2.446132450163127283e-90
1.072682327898337280e-80
6.819136514566581649e-145
6.576730028132472406e-110
2.878526955825612732e-114
6.220158212645186645e-91
1.069575597606444496e-94
2.114336236199061440e-138
3.759210828613868364e-81
4.455488290222633740e-125
3.609439839306582576e-100
4.664499343621597667e-91
7.855328171424233748e-94
3.169941720801459979e-87
3.482082365520995410e-118
4.593375795522764592e-108
8.383245195312478793e-83
1.291260154559367457e-66
6.011157859548838151e-78
1.730357414024130360e-64
1.746743965605184196e-37
1.245786922624409236e-92
3.568578302496681004e-87
8.713965372049920244e-104
4.075711955032230065e-46
4.093449333690356371e-94
3.702851953121853618e-79
4.893564476493919988e-47
5.998139816340004015e-60
6.243343692711012670e-49
1.054464282071784938e-39
4.939855682605870685e-38
1.315523234576976109e-60
2.785583801391385464e-89
9.686582076065309049e-46
2.148061649908209729e-41
3.368544864909392027e-62
2.407981241563783089e-117
8.865120801724348575e-111
3.102789063503527758e-68
4.636169273895474985e-34
5.158912600255586592e-48
2.097782208994215149e-78
1.330583655491269056e-25
2.187945166372835584e-64
4.027418455713338149e-41
2.506472826649708449e-57
3.296933921150067462e-103
2.716378622900729518e-102
3.670189402700251486e-130
1.649847184470417862e-100
1.898552049986717228e-140
8.223359110676510584e-98
9.430966930251414927e-132
9.529793638594659898e-150
4.787952633568970692e-68
7.239851115456710554e-133
5.706939328660299170e-89
4.274987636282352727e-89
1.368977447498835158e-93
7.564734229916054748e-117
1.170352809467426148e-108
3.535226895476871386e-118
3.845933495662190540e-154
1.642654071682618779e-167
9.996915193979294444e-116
9.855748374441950857e-65
7.416512873700839470e-88
3.592009102414691303e-64
2.455776608140536097e-81
6.723531953551535765e-142
9.691927240577462039e-74
1.260139660233904751e-53
2.439414404099511697e-49
7.711266533928509381e-22
1.657149207437787524e-68
1.908900319632601737e-28
1.288682575940351728e-60
1.947424903222874600e-54
6.539057967657885000e-62
1.526671973859681105e-47
4.582474405791573441e-41
4.418822475377061748e-80
5.399560670095476089e-95
3.192731319063986785e-38
6.024164413461913363e-53
5.265317947854103019e-56
5.572378401587683063e-73
4.362227472633297214e-52
6.533792234505891097e-109
5.971683241127763466e-91
1.579387975224391601e-49
1.162911452485450598e-43
2.929516316109369679e-113
9.580996979245699167e-66
3.302919689737717344e-109
4.474276293032849297e-164
2.794342977858659576e-84
2.847428983439495956e-119
8.690307727568549280e-96
8.669161325859509162e-152
1.006878203460571799e-145
9.729220966078616729e-09
1.993719098551953610e-11
4.576939671921890945e-06
1.617176293838774501e-04
3.371019935763761793e-23
1.722934955052002441e-11
9.029424381707110571e-142
4.155907734782497006e-77
7.805486300311823926e-106
2.313263594905985429e-68
1.543820545280526276e-99
3.181723922767860149e-101
8.809253841120231035e-65
2.439602045617802187e-131
4.635283978098730694e-105
8.446035522216004744e-101
4.911686706412005350e-31
1.131870607373401985e-65
6.240832568526860367e-51
7.343422781418913973e-92
1.248451857925686678e-55
4.204537523597646393e-61
1.662602694047674585e-57
2.185656000911646434e-65
1.684197435974588961e-69
2.421861096484365673e-59
8.549223899235074115e-65
7.845860138852497676e-46
3.838596855748151992e-49
2.268129087373221260e-64
1.096136285183424190e-60
4.770934674604716785e-58
2.799083517666566216e-25
8.051896290331698258e-30
4.071719099665267157e-57
1.269933334721437433e-52
1.589177977137840294e-61
5.258579221912524485e-14
1.310704041540208537e-18
3.382267560691972615e-07
2.209537580330171041e-06
8.163287327826561777e-07
3.503282873411265843e-05
1.597145731124144223e-06
1.587084072509209456e-08
2.557002629368194894e-07
2.775737100923711106e-33
1.378791966635361459e-14
3.103543796896808765e-23
4.535878912628080900e-46
5.240704465605069725e-33
2.902568533681598758e-20
5.007450893461477419e-44
1.188333890358020970e-79
1.521390492636263273e-130
3.099385328211283747e-95
1.105835820846196373e-102
3.091177422879584515e-43
1.155673297975642854e-50
3.376141315799756473e-59
2.772856407748852944e-78
1.061240588556941150e-40
2.394852060566081422e-42
2.366940054504907160e-90
3.652650429117884815e-28
3.335573075733161245e-33
2.834538027238477103e-64
2.552151452300900727e-127
7.946213300509178344e-111
3.264317103330406847e-46
6.106434816986194869e-40
2.338350479646348912e-36
2.247416820297787705e-52
1.944859264972106653e-91
4.270862482424647034e-101
7.446415480568836862e-61
3.162763282331015687e-54
1.147831987121302042e-61
2.728569995404651107e-49
1.392977981254884831e-37
8.900182709530636710e-52
5.298305358266710272e-38
2.200735444521839651e-39
1.579250368776418156e-73
2.626492705974475076e-86
4.838561291330102451e-24
6.026360840696866419e-31
4.757219094568945077e-58
5.447659186105494339e-78
2.528761749967983342e-51
1.040569090401441435e-62
1.357439517713722879e-52
5.256366957634283399e-33
5.359812783925487331e-38
4.402738847288178450e-27
7.592065470038640829e-38
8.583423550493004622e-09
6.118152773589078770e-25
6.544773014735854848e-30
3.296871988354195463e-59
3.513649905368777338e-23
9.488301546513533902e-20
1.026851883261605611e-23
3.317547872112620102e-32
2.553998651335980782e-50
7.352231764944771855e-29
8.264543411224268760e-07
1.301426075969203317e-38
5.644579716252531104e-12
6.824747583751515737e-26
1.560742935933016682e-06
1.181779106479026061e-21
5.633606154361189126e-25
3.146854414438107387e-12
1.232891973341561286e-22
1.194607266383850511e-19
9.185628664644430689e-26
5.145007821981782042e-16
4.857416487712841671e-29
2.207319098140216016e-19
4.655882143559612404e-09
4.534549395159292026e-32
1.261989008242570366e-17
7.607441671668747645e-18
1.007077639381732229e-33
8.235145674341094686e-06
1.820608486449280754e-32
1.944422569463200213e-05
6.755293322703671412e-06
9.426969765839598839e-35
1.389936430141470225e-19
5.466673962858780700e-18
7.553864991695539571e-13
1.320556392424848116e-03
1.006020662467703127e-16
5.356021312798459026e-34
1.836236815280895751e-34
5.888843998948317179e-34
8.329978200269068881e-22
2.098112612545788152e-07
2.015389246932470776e-19
1.326245847167638237e-05
3.433939963030836315e-08
8.795384982744701460e-20
1.035413328182130778e-03
7.007757058392267459e-04
2.853892195674051185e-05
2.347018391378466058e-05
4.250727401198214125e-04
9.340917656185789644e-15
2.705847824998660058e-08
7.164413232627914879e-04
1.762074273033981901e-03
1.545017939584037734e-10
5.358161847052928403e-08
2.782675581277522099e-05
2.550276417544352417e-12
5.682821485091560815e-06
5.178469564117088010e-12
5.833643846259833708e-16
2.510924652063020811e-25
9.324140774912716115e-48
4.242708884355474240e-37
3.517794223298814302e-15
3.750957151642612066e-21
2.103436661740234629e-16
1.347426840752758684e-77
2.824703367915998106e-29
2.370860468846659880e-40
9.961576193766914931e-34
4.753555846943786241e-15
1.882908833715442313e-44
2.727153460570923358e-36
3.509315529442393810e-33
6.831383694032388689e-32
6.693351076088342209e-42
1.845580923890894334e-63
1.353915420764113255e-58
1.114692625020140301e-33
1.478728006681376300e-51
7.436333893797251559e-59
4.605472589353239960e-16
2.337017425806348345e-09
8.720088441723919388e-61
9.490141910463245542e-64
1.258479864632134717e-29
3.062057503827793685e-33
5.274388567910187519e-42
4.642967781881950576e-20
1.205223666938627159e-63
8.995385613100252639e-72
3.185674406138159322e-37
3.068632752685833131e-32
1.956365124091803366e-56
2.644789956299482696e-24
2.102489043443021091e-31
2.297664773711915322e-69
7.244998408540789137e-55
1.538879212673176074e-31
2.674730916165427161e-44
7.045131496679303333e-56
1.848157948910336932e-62
1.192403253167105031e-69
1.610158293238221066e-60
7.486366794674203101e-51
1.557830267413822651e-44
6.794131732045235246e-35
1.686137196716486450e-91
4.260511590360490553e-41
6.568906049075386740e-75
2.138736651412353005e-63
4.070574413914769944e-49
5.801808454859630066e-48
5.909404960325082239e-25
1.960048658445823517e-94
8.071089689454616386e-62
6.289906624322708923e-73
7.630554042850297487e-57
2.866455322551005552e-10
1.269891409936646629e-20
1.167410379491936552e-16
5.229581807551251984e-62
2.466833245844653543e-80
1.061843481769713841e-57
5.720820354831887871e-67
1.803632832619765357e-39
9.527320145904436807e-114
4.389969956295405221e-107
7.720889541475534564e-69
2.036182975471492372e-41
9.487983171619894403e-44
2.801684094953753682e-79
6.150716731121848801e-59
2.580576970849230342e-34
1.230523047999769068e-61
1.154108377338918515e-58
1.809667454320655798e-56
2.150870643989893479e-77
2.675643511967151081e-46
1.521259407448944148e-22
1.232564991153929040e-39
3.622391467596856844e-73
4.006351741170924442e-71
5.698890458455147195e-32
6.404801723217560477e-35
1.395088399113207154e-62
8.113883769532045986e-72
5.852040166282559544e-15
1.992298976533612265e-66
1.032551124039086537e-44
2.952109281246148885e-41
1.820385580962260600e-27
1.200278202341916134e-36
3.360477588611382895e-55
2.499776952606755753e-62
1.637924727388578419e-41
2.054393652809061985e-35
1.558588630447851604e-44
6.630619875192509819e-42
7.790610035726741867e-40
6.347483091814446239e-36
1.029113920010443369e-54
2.465531793245185202e-25
3.184541352405470323e-19
1.116811575181790852e-13
1.889129333099135126e-41
5.152214119182349250e-17
2.219675769596947238e-19
3.777639918546361947e-35
2.195270579006022495e-62
2.078709614617663426e-39
2.992171762845090525e-17
3.791377963427404246e-35
1.287645365588342965e-31
4.100333141282305766e-40
2.700090472682452142e-39
6.844154382262988327e-28
8.910891866760080990e-36
2.506858660963355897e-39
7.525315057079827975e-24
3.883587892358565586e-27
1.635211474625514279e-74
2.512368629918807192e-33
3.784834655548344360e-76
9.258119375169496648e-43
4.183408899061412648e-49
2.291418497494314153e-32
7.145986847896134625e-22
1.287839704830347248e-51
3.884533292522725915e-35
9.427851513019887716e-37
3.894686261039518148e-51
7.237998911816204197e-16
1.850246202852486107e-72
2.400231687423870173e-46
5.083627634805255961e-29
9.885724680250199990e-33
1.420900588072132110e-66
1.875915591031081997e-32
3.716315370822326313e-55
1.563322796544543050e-56
2.888063895589518912e-64
1.780106777980573860e-77
4.573970854701893521e-56
1.014124882660780557e-26
4.213583017214431084e-29
5.254431618324093053e-22
5.951347779242141769e-28
3.443269989759799884e-24
1.318126139916217803e-62
2.524094388252157166e-50
1.063535825159225682e-51
9.828363492302489061e-27
1.453912497621778766e-57
2.325503198486102291e-49
1.981656443163985620e-28
1.188734784875106922e-56
1.449965544290718169e-34
8.220322303277616394e-40
2.131525874268347001e-23
5.915111014190392158e-46
8.500722401084985385e-51
7.929762834362426221e-43
1.092872040513385839e-36
1.673474869307138976e-25
8.875190691099912607e-41
5.808714579764676819e-76
1.878043135234229108e-19
9.183622330037623195e-33
2.420244972152182321e-35
2.946630033166225123e-60
3.549725425050449969e-43
2.689930558533706597e-37
6.422046754237929046e-32
5.691687985901545969e-42
8.717671660514670604e-29
9.697802446230956613e-10
9.442060059027295437e-38
3.214952938499764872e-10
8.230012907595861882e-12
4.829683329458642207e-50
2.796340351980708473e-36
5.172216261522263239e-59
1.008152964068304867e-26
1.371036530147637609e-15
2.885493717621670261e-22
3.692830575785594815e-28
4.170953089581184561e-49
1.121797884035536425e-40
1.128569523757228095e-40
2.303080708022710255e-64
4.490972180328588069e-52
3.219400149819050618e-38
2.365530957852665818e-50
2.075921627645763548e-35
2.215444848981538865e-32
2.391175870895843667e-42
8.926927760243956622e-51
4.842339363652980609e-42
7.832446151330682711e-70
3.352559196346896541e-50
1.921657668158362380e-51
4.493151272576862498e-51
1.566540199453531567e-46
3.505564185761465414e-56
7.321182281977143007e-55
5.191551800292626209e-93
7.789935853875421594e-100
5.315588339593598672e-67
1.559806082656774133e-75
3.371259721942739857e-46
1.514864983614440205e-24
6.323320526334343269e-37
2.160905012673434632e-40
1.124599498312654825e-52
1.118410929109973396e-42
1.957909188332822230e-42
1.623458990985237615e-20
4.589536325796525340e-37
7.061683349748473128e-41
4.571344327004811681e-47
7.243106107632413457e-57
6.554628073678389973e-51
1.783349947858717231e-49
1.291741188078423037e-65
2.832699636701448458e-49
1.762272686678576167e-22
3.303669507111679055e-47
1.206020719904958402e-47
1.324555410076262773e-26
3.045341126426097167e-39
3.354223647999782612e-52
3.963910373348567607e-44
1.162031616605900434e-20
8.475361711444324910e-37
7.220002304526016465e-38
5.513862391263757164e-35
8.854259043610488906e-37
1.114199461740559860e-48
7.214694387827311054e-36
3.414685924225788626e-22
3.268734858760977340e-28
1.579965029094104009e-40
1.162776234929298369e-41
6.590504181250200535e-53
9.001164765541250607e-62
1.681332056420082699e-90
7.323903704108375143e-38
3.020999215321063726e-27
3.471359274673765724e-46
5.188970805143328045e-36
3.147610166683052515e-34
6.490228124629804480e-56
1.887626282642411547e-14
3.693286895215535807e-36
2.461083768471518767e-44
5.157121044766465122e-23
1.556937629260107833e-62
6.662240426098385908e-54
1.225315345322142514e-33
3.346307273266936622e-17
1.043623726910582369e-41
8.143036451489049579e-41
4.803685086693606688e-72
1.797479519236208180e-17
3.365753712769713753e-57
5.433887436180123355e-64
2.333336348364631757e-30
3.499640782175251612e-33
2.920542736165619420e-31
2.111864013124074347e-50
5.861670902385312068e-32
5.851408950346599807e-07
6.105783542351593401e-22
3.480692270207418297e-24
4.915673247872374348e-34
9.980877008211988758e-24
1.620811606620695336e-05
5.899899330139056155e-05
7.517318817202494211e-06
6.601920298376092153e-08
2.658472364855326244e-05
1.574767986504402097e-08
1.371084047950208468e-17
1.661642841811545082e-29
1.000215937628551832e-35
1.388002293272319934e-31
5.787206173297108082e-22
9.775447598098506205e-19
7.494167560300736344e-12
3.137069439960452142e-36
2.124044346862918057e-36
9.399328418412303357e-34
5.456973937797597065e-57
8.811621365780588019e-29
3.686200079079950217e-24
1.810105945412636744e-37
9.399985612998693035e-47
7.321687309423304172e-24
7.704338009512800528e-16
2.792609755237396919e-15
5.364999499032999423e-10
9.760517043617069928e-07
1.733345740727508377e-24
2.673510739651267600e-26
1.610513164412120349e-40
1.127760364209427538e-46
4.696586936136187920e-22
2.831416460631667841e-20
1.924141595406459068e-06
4.658095387593941049e-17
4.146421966618945294e-41
1.084989478407725291e-28
8.650442238132831527e-28
2.386789189931512538e-34
1.057911914052502305e-36
4.238952233169998768e-29
4.038830648733223325e-59
1.887463535350293041e-31
1.605410174285089076e-37
3.198702729637681615e-42
2.109848964910015114e-40
1.424194365965316615e-53
1.966092989774248978e-66
5.621312386900315967e-55
5.499875319729478006e-49
1.706090704849135800e-45
4.322689877905059445e-28
1.829188413926178870e-73
1.591079638235017298e-25
2.087184438398064741e-62
5.837685116584822272e-30
2.784634027343630495e-37
7.247942153759388026e-27
7.261217438098023227e-17
2.618530883726383487e-14
6.725655561532905665e-27
5.827846429302989013e-46
6.572905590577684018e-52
1.731921526780627669e-62
1.477901830981912516e-74
2.081588172290936157e-07
3.471288876639312983e-72
1.222600015588184496e-76
3.338973194349604494e-114
5.290670657197394699e-30
1.977958849689372307e-48
2.030020473025337963e-60
8.609577715636447303e-86
1.236644879830347584e-85
6.473599335449123631e-83
1.351170412396430693e-67
1.756234287834973818e-68
4.892969878627674222e-32
1.549406331304129198e-13
1.797271391722542877e-08
1.540507237474946650e-04
2.843993408651200507e-04
9.313750617573326807e-15
9.649592470713018010e-05
9.243852166763258686e-04
4.408862764059912282e-05
1.769408153559572810e-04
2.860123342221858487e-07
7.683830706022089113e-13
3.275380680962017096e-10
3.167643737007185410e-28
8.434109906006569836e-12
2.267951770811079282e-04
6.790188930490657785e-04
1.715969467213477077e-04
3.758248150764099287e-04
3.050406375367055364e-06
1.479143073157787212e-04
4.208481166587197104e-09
7.530734310344998961e-06
5.521471712485041063e-26
7.134664588133472892e-04
2.778750846831968342e-04
9.166057412470440502e-07
6.246270860649830701e-05
7.904443569191678962e-04
6.657301031178566209e-06
5.708275983039561374e-06
6.147938077967898202e-18
1.391645847115402512e-03
3.964882035296044276e-04
1.395713154612222796e-03
8.686484436179437796e-04
3.458883131264889094e-04
1.745372556290055011e-09
9.772737466545926115e-04
1.355511023177002417e-03
5.140387609138438426e-06
5.867330368678248548e-04
2.691321539758845575e-04
1.046872881232527661e-13
1.420775490065592696e-03
6.243572220101955726e-04
4.472873381204419423e-06
1.048299020719064301e-19
1.554179105666932943e-16
7.626802190137439447e-04
1.796519530397541753e-03
5.022778869253856490e-04
1.941318015158393986e-05
2.703677111464993695e-05
7.796138676273972274e-07
1.366441430608235515e-04
1.136400326238117984e-03
1.198566746890869061e-05
1.629314655152143670e-03
2.986450401290925384e-17
2.212528444181202408e-04
3.589582818495236121e-09
2.763155356002335901e-13
9.553253021611396240e-07
1.004263948260911772e-04
2.500640090653858489e-04
1.732568291250238482e-11
9.693126566785278012e-08
8.275547328374701031e-16
3.832765428292664140e-12
2.158973746847467690e-11
8.398660059954254314e-10
1.035778779958344951e-26
4.089487616763613167e-14
3.485242268126159383e-11
7.759433779404384133e-06
1.318372515623063667e-09
1.177903913747541716e-03
2.206324205948681963e-05
5.532359707675092502e-04
1.292057670668962755e-06
1.435284007151158206e-14
5.762532557623968165e-04
2.977870902626903750e-05
7.753230473675158155e-07
1.723785220046087068e-03
3.006261930480572812e-07
1.754441584746558119e-14
4.446408051107901235e-11
3.075704217648323521e-23
1.732105747780628118e-13
5.307548494566212461e-07
3.707373494244047734e-04
4.433638595544705426e-17
2.360662261564721312e-25
1.847128833345564599e-13
7.702620969712904324e-06
3.867725022962405023e-12
3.935525433914249578e-13
9.678418821321277539e-15
2.975635101598353665e-04
3.616852103542828110e-04
1.226097909858786614e-03
1.549316071729568662e-08
1.660267002656143459e-17
6.606785305089501264e-06
6.556029147712928526e-06
7.123992374779960968e-11
1.808384969770373184e-12
1.847821342262059748e-06
2.095325941672538517e-13
7.606651886904078038e-04
1.547792461594128739e-14
4.739967113611502473e-10
2.677063270114328505e-07
2.136939957837170487e-27
3.606225396736358875e-07
3.417948898541018905e-04
3.273451378719380186e-05
3.426181102216121566e-04
5.723656785288751487e-04
1.432192764290202779e-12
6.484222397005508019e-13
9.801080873933002960e-46
9.709307503114133636e-17
2.522254232747339851e-28
3.456876811680261139e-33
1.392836762223351963e-15
3.159175381674021177e-11
5.748019541961530751e-24
1.957247063660482871e-39
2.077143834929474334e-28
5.190138930529503062e-08
2.445583604822649331e-14
1.775196413248451041e-18
6.303652139363926026e-13
2.019376468991777216e-43
2.355930685464697515e-18
6.721152350918494487e-21
3.495599008673888160e-15
4.291487191182793234e-06
1.518925653333799978e-06
3.097955292727935543e-41
1.414370901681983485e-34
5.412367500412313815e-16
7.899567122690760463e-05
1.153525527631582992e-14
1.831312918453169942e-03
8.676158040175032769e-11
6.260512343302119728e-06
1.372638847189541397e-06
4.789296655532292465e-09
1.312921897060230665e-03
1.608401893682870668e-31
1.020350830054628696e-08
4.528273035939729932e-45
4.868004179869032767e-50
3.586498615821980728e-11
9.529708808773853422e-27
3.999385307478854654e-12
1.457365461737605578e-03
2.019260626616185961e-06
1.464312206086169002e-06
3.401079881382903695e-16
9.645515430132455288e-06
2.862810524885674721e-32
1.419299683820285074e-30
4.622659006249945391e-25
2.181213878051719236e-58
2.849472495383296108e-65
1.715507731774929160e-76
3.638231919993396654e-44
1.424859323053666849e-28
1.011546962066925351e-47
7.324930714164817227e-47
5.498266735272747020e-43
3.631795511651424042e-30
7.080760164650299104e-21
4.260018957354627539e-59
1.133388790478535683e-56
1.490639033233179957e-20
1.603136683909314248e-28
2.862663609757002247e-19
4.103095897531903898e-72
5.357798032033053737e-48
6.744460444291306649e-51
1.552391185128569803e-87
9.691751613871941752e-23
6.418153201265209980e-38
3.126670828773927934e-31
5.576588016937305062e-22
6.073463368153564924e-57
4.286686456765446343e-15
1.411787533555809344e-08
2.150996104978802768e-72
1.318257260579853573e-25
8.877057084890849032e-58
2.247819267549948262e-31
1.019513206145129209e-67
2.155389152387374214e-18
3.531359760925737957e-29
8.462238227142549970e-10
1.075792642287698584e-23
7.824624929373655691e-32
2.965956339631705357e-19
7.305452201964056674e-37
1.683273050636274730e-10
1.771010050118508153e-43
7.381513458426988043e-47
2.275070627640423940e-15
9.914877218984044940e-22
2.102039047544406092e-26
5.603012958860993333e-34
2.965780882220902636e-28
3.059811356483401330e-15
2.906395895837618110e-10
3.664364063998809539e-12
1.437872171892447243e-11
2.068491304931281440e-21
3.033722748354516477e-22
2.100339805725159393e-04
1.700544666573888981e-03
1.527984368790694407e-03
1.350334881961093153e-06
1.769537998372410533e-09
5.524721380709107824e-17
4.148318401130867369e-10
9.710733102260365874e-13
7.051342867283457326e-09
2.714262493974811185e-12
1.646980052339578662e-32
1.673734019463158809e-12
2.007799587140901679e-05
6.898465947542052262e-10
1.370085690604126822e-19
9.497869771985496606e-08
4.693533079622756106e-09
7.129406084560618412e-16
2.173331323482926015e-17
5.631041199700613997e-06
8.027137415089948957e-05
3.247715542026877066e-08
6.886227750942110985e-04
5.225601634454797604e-06
7.843356838967646702e-06
6.249960415771526950e-04
1.414376295621592536e-17
3.589182534197928630e-12
1.178443002286953334e-03
1.730727116606683107e-18
9.155059183216823120e-04
1.721682072255837038e-09
1.764130996243363069e-10
3.717944279401706926e-08
6.300372261866478201e-06
7.637768640197296766e-10
5.438986499317844223e-06
2.448654867947598861e-15
2.186899960762899438e-13
1.035948763623575987e-13
4.094343900963905865e-09
6.885377268896664599e-16
2.929103558996657922e-09
6.857590356460859992e-06
3.171356878406293372e-17
3.683964018329061976e-05
7.468155956916190026e-13
2.921008488978137074e-06
8.071025395582024503e-05
1.063092563085176433e-03
9.813321992814725788e-05
4.625035650512944799e-11
1.730441318067598086e-18
1.054316035661466928e-25
1.701551543330738940e-11
9.331965720467788959e-19
1.029962111695156574e-44
9.921003959894805946e-32
5.158290032756626703e-62
9.104085436049584678e-08
2.582572700348669773e-17
1.718881329268817235e-07
1.051160557174258105e-03
2.740337458036903135e-04
4.726518984291166617e-08
5.294784937181798678e-16
3.582807702218384808e-36
5.664196287030300097e-38
1.242216044622384435e-04
3.737380874730339034e-11
2.911982934151368132e-06
1.241718299180545945e-13
7.827262859885676254e-32
2.299127499222060565e-24
1.625346785833379396e-12
1.670328566222674305e-32
2.497807337142504004e-13
8.612677350575259839e-46
4.555785334151913418e-12
1.060215713525771799e-33
1.421219072807198359e-34
1.259743202885112184e-19
9.110408474986298735e-04
5.396360075101500658e-14
4.928481083857307161e-09
9.337153978027087431e-04
6.738426160388461130e-07
5.970673075549414281e-07
1.250889860367390433e-03
1.381159069271633597e-15
1.283434354619185665e-05
5.713727535660333826e-06
3.809149187750500733e-06
8.073310782910253699e-09
3.314582449776733028e-05
1.916428569347130011e-04
3.821401572066378264e-13
8.650679480401595226e-05
1.265072783656702125e-05
1.096940371658432353e-03
8.265199764649351199e-04
5.278309506255566592e-05
1.616999276991495970e-03
1.806935218201964005e-12
1.529248678164681725e-03
1.165117876321474707e-05
1.064944150773375516e-03
5.666395767826689018e-04
1.202535384548561578e-04
1.701076146346656732e-03
1.371690631921061547e-03
2.628768820806934945e-07
6.693686813042683649e-04
6.335811175221922045e-04
4.720280412094613347e-10
1.744435074563652254e-03
3.316089445508057497e-07
3.115759567840737060e-04
1.530447823269986138e-04
2.819578005855585582e-05
8.453453054864710310e-04
1.008756420312609346e-03
4.803002984056617621e-07
1.731646036561226582e-03
3.682266270040248529e-04
8.049165158961611706e-07
5.124920797352189143e-05
6.690752151350648362e-09
1.090550700139742785e-04
1.334449327941524769e-03
4.392611278815523879e-04
2.223237667633909452e-04
1.157996897414818567e-03
2.377704093501272224e-04
1.500931838623594883e-03
2.328307278397354269e-04
4.697616982758003176e-04
6.493881239212551853e-04
9.758836626086812285e-04
1.407290423508548169e-03
1.523466226799088332e-05
7.414290025695560399e-07
4.794676079085149060e-08
2.585197366003771879e-08
4.119992333528993108e-04
8.680130889533518239e-11
1.845126463956850064e-09
2.341862200201615938e-06
2.437301885795015280e-05
2.297765317904587692e-06
8.081579087119983344e-10
6.385537062686786704e-13
1.750462200229996536e-16
1.440298743835176842e-03
8.862328148973904381e-08
1.512783176778194696e-03
1.834917760755918152e-08
2.354650708535922251e-07
4.530018478819346145e-25
2.419066694825890747e-08
1.452148260704758853e-08
3.664880964397812827e-05
4.549560007585883953e-05
3.278362055992724644e-14
1.142285430792329408e-08
9.666549062595676935e-05
7.959734575191256551e-08
3.716871196991306943e-19
7.208390351161769455e-06
1.203972550489867212e-14
2.827050163331578414e-06
8.526674988754031319e-34
2.459224377687163954e-29
1.564887425204476278e-03
6.128906788742608590e-30
2.267163779339655152e-23
2.997410174912133302e-27
3.539611687286572368e-31
9.217473024499648988e-40
9.569175026320077785e-26
8.804860737551131521e-16
1.131020935518941107e-32
6.549519446062475292e-09
1.872887586335807530e-05
2.898931832191958077e-12
3.259754821442046005e-16
5.300311392880245453e-07
3.490206935807708038e-11
1.007421706761345988e-12
4.254585306607656912e-10
3.429364808460217001e-38
3.466342879380778035e-24
1.058404388559533317e-38
7.058401109541841788e-26
2.334726545580931670e-29
1.464864381255497191e-03
1.530088980467136060e-03
3.588919946375162872e-05
1.632294348979752830e-16
9.534798691211323500e-31
7.896055252433512074e-11
2.758718392271979124e-19
2.157678320269127968e-10
2.970135971550110919e-04
1.688085236447646113e-06
2.175501541926339471e-09
4.424819837194397449e-29
5.774027821196602262e-31
3.031780874860420554e-11
1.435626307754362739e-30
8.689896775102923248e-23
5.701504934047830641e-14
5.488142123178495072e-04
1.089877280702935668e-04
9.762995105274211325e-13
2.536249086136513689e-06
6.328093319986886015e-17
1.518219953195500800e-16
4.188827203739228518e-14
6.306994147670040904e-10
2.729326456318653335e-10
4.185803672093903570e-11
2.827240697078134068e-05
2.740625333150306799e-05
6.735098781082343245e-04
2.410952726145836923e-09
2.110373763733696470e-22
7.296553030553103994e-04
4.440047812770818661e-23
2.185856493901972576e-10
3.334235136138512744e-04
2.900408402574011348e-05
5.187081284815174426e-33
7.020894266608705128e-05
5.475354184782815770e-04
1.220556467619369036e-03
3.659386741164477271e-04
1.838780634460024377e-03
6.993455244946574462e-06
1.510207553103299624e-06
6.497216103669270900e-08
1.209676137548465914e-03
9.947095634710789117e-04
1.639655550442207285e-03
1.859042884180376904e-03
1.904704272568787321e-03
1.114704940492582032e-03
4.866149261170734514e-04
1.886533902473670581e-03
1.404871828664608748e-03
1.400582687843627367e-03
2.129881463740284861e-05
9.819739921881854780e-04
1.281911923984742178e-03
1.108765822491334426e-03
1.493139973684557342e-03
3.210476567869296159e-04
1.244769790363111717e-03
1.883431904069813451e-03
1.908070186542169941e-03
2.046396490534358923e-04
1.645786170426060627e-03
1.036766778389864229e-03
3.357026481973303974e-04
1.418934891453814146e-03
1.045294260618607638e-03
1.094115942071092681e-03
4.864686406049704118e-06
2.407987246767305642e-05
3.717726148764132171e-04
6.560189010614260680e-04
6.550642452449163856e-39
4.390370325238769201e-23
1.753449961278737154e-60
4.366582676796111401e-40
1.178855206979141853e-79
6.369000771869397703e-41
2.207847902640865281e-46
4.588658895450178602e-56
7.462571404377402823e-13
1.689006115081792140e-10
1.154181405921478163e-23
1.321809086230711653e-17
3.263303681326990380e-09
7.737439144820601840e-13
6.018846712188610093e-05
8.817105118762532732e-50
1.164657129762387026e-19
4.279424844472057420e-09
4.074947493585814429e-12
1.673588102239328924e-03
8.555159976331050300e-05
2.820882714221791660e-04
3.166808246697977465e-35
2.599967185046645061e-49
3.143888175452851141e-50
8.353460683004038876e-43
1.639269714351712889e-40
7.799061986616230764e-106
2.840550890986171625e-88
3.916080271417082101e-82
1.827880663335060267e-47
9.006738392542467374e-57
1.195166115690693345e-46
9.635655295610511895e-71
9.295656940452489369e-13
6.383754680458684640e-49
2.266924784976183820e-40
1.069990052195240193e-44
8.297366905364326786e-54
2.666485462901141427e-64
3.456942076601444708e-38
1.990691920909514516e-86
9.745665656690389618e-90
2.324628571974731894e-38
1.456981438223987266e-39
2.674352160423214559e-34
1.791176610008924095e-60
9.216564554396688128e-29
8.692552493763268796e-16
2.039405691428666748e-26
1.551206552633125166e-26
3.041144661494382510e-27
3.433948927428676546e-53
1.052258082966868245e-21
1.737172550848573342e-05
2.961266287729593891e-08
1.119257503282253621e-18
1.647954407715839463e-08
1.957196213619572171e-18
5.244480736650538084e-11
3.806251257464169463e-08
6.452979324366247570e-06
1.464318719810893867e-08
1.312639139228571861e-04
6.332492084063166265e-22
7.518523794176359175e-14
1.550371893154481832e-07
1.139154782628811846e-23
8.377499781515215511e-10
3.799335463637818892e-11
1.357850695201068424e-13
1.367813871691124204e-18
6.077524095501828951e-08
7.717639530213181413e-08
3.703540831578263492e-10
1.369079090616171285e-15
8.651197012707120075e-06
5.886991226205683174e-05
3.952486047388769228e-06
1.321476299274400631e-06
1.743190004027430247e-11
3.067587171019606500e-06
8.520993096109082696e-16
3.183952453709610458e-07
1.556633894605251263e-05
1.429387691469545358e-10
2.135618132140477339e-10
3.015856481004213142e-25
1.535168228728921554e-11
4.505086156016260634e-13
4.284959457765815338e-11
7.806187252695302483e-24
2.357416573188883614e-14
8.466043546742017000e-21
2.418523093075089781e-17
2.658220805185539940e-13
1.660789330499946538e-17
7.873061573552972103e-39
2.810466290517340604e-09
3.336005776061963255e-09
1.026867500254894797e-20
3.913547246837812370e-16
9.815451464915166467e-25
1.794110206756730840e-06
3.000751034196141103e-14
1.441735984082590246e-10
2.049994898456594574e-05
5.738211673570417884e-07
4.226291383686256230e-16
5.200181986584350195e-05
1.201394243376831242e-18
6.422556718037984749e-26
1.983275639735485997e-25
2.293823389572281851e-21
2.769315816005229252e-06
1.855899821450156858e-03
3.793038959053330038e-05
8.452556510690597191e-04
3.618755837329302793e-05
3.550116972530705819e-09
9.167613505040104593e-04
2.770195569760312343e-16
7.285635408844737967e-13
1.439610362730607105e-07
2.667107447799216504e-11
3.275811854209061348e-18
4.522723969270645087e-05
7.948754270901108096e-10
2.457286012996941346e-05
8.693941790061877223e-11
9.675372248671715842e-12
1.934088381808376831e-06
3.818294827872415468e-06
3.048743582315065146e-08
3.117727638082114314e-04
4.319887087858953652e-23
1.708903726765195688e-18
3.285383592242097915e-42
4.266648382615864222e-40
3.892089120424989465e-58
1.576845604861764071e-65
2.513613410245091411e-68
2.253104909325842090e-27
1.707284033305828311e-26
6.447550893283627199e-73
2.049290240873073418e-49
3.118173365867457885e-23
7.803929207263767234e-07
6.832630483843159806e-15
1.618367472388180692e-19
3.268658350160382948e-38
8.686194825019504503e-20
1.250954255237877919e-06
7.198013059876412006e-10
1.805234815408547620e-19
2.907189940104916173e-23
1.588831582529610258e-20
3.252466668521393332e-49
5.636683148627435184e-29
5.530437830770977189e-22
4.775706726413290120e-11
2.804601617711263464e-79
1.914435452722913587e-15
3.722453213440782762e-38
1.686395892834414652e-25
1.460196027096029091e-14
1.477579625013940501e-32
3.015647318235035407e-22
1.728128290441776802e-04
5.870496436002370093e-17
1.233672067139071904e-19
1.530033841416333886e-09
1.695648650220069639e-04
1.198879450401110827e-06
4.649790397480274178e-06
2.210577921976971098e-06
3.613130424350739270e-13
1.259562174287601888e-05
5.957419234678536204e-11
3.019795522996778048e-28
8.635570570446292886e-39
7.772418678614263769e-21
4.346281924734904877e-04
6.602578826287697662e-08
1.799957146942718229e-11
4.240581803139607151e-12
7.403683150331635440e-07
6.013060854441882431e-05
1.844108849014212439e-06
7.122941547321762151e-10
7.850409345057510741e-06
2.554195948135912426e-07
1.031781037493543285e-09
8.823320278748541598e-06
2.911790404885457278e-10
8.138898738468229100e-17
5.942110241792620981e-41
1.989442502977145730e-04
9.254396106730227703e-05
7.861189449609205205e-29
1.559016747447788460e-09
1.131452785599125379e-04
1.341286694730817781e-19
9.545801852250245788e-19
2.145738635903159621e-18
5.640332236581793031e-55
1.666294755000125228e-13
5.958812331417091146e-10
9.235913535949588064e-38
2.864741668476409265e-07
3.774143957975187124e-13
2.044779632167418398e-10
8.992846209874707123e-06
3.043284633551838361e-06
7.844823828424750357e-04
4.348430026444483781e-04
1.515108402604271789e-03
1.101240561995047796e-03
5.325715463085463480e-06
1.114674548106836028e-04
3.480304733265648286e-17
2.700155492497652197e-07
2.592371780855739550e-04
5.035383140906658704e-07
2.185683358146228381e-15
2.904651389384380164e-04
6.981916168357210956e-06
1.371343825610135399e-05
1.974101659812825559e-08
9.086824976341428351e-04
1.267121207101169301e-10
1.795323236529615665e-10
1.356345834441786405e-04
1.311257427743850240e-04
6.162825880065543248e-15
3.386763081136720997e-06
6.006049648519052112e-04
2.797326816988229554e-08
8.571826185272998579e-11
4.476628142551214831e-08
6.446913590168846266e-09
1.556430102621466521e-18
2.256837438095290573e-06
1.423707452887800254e-04
2.633788839825612277e-07
3.133674606173420421e-06
1.014060662573457259e-03
1.183194220626356203e-03
1.436360830562692648e-03
2.640975179705301037e-04
3.803613765795592137e-08
9.157871785667685144e-04
1.321970058789556577e-08
8.129651881664709002e-07
1.912123187225211410e-03
4.408138404221080277e-09
1.625846672142602825e-04
3.849936383532323498e-06
5.426861580935753052e-10
3.663798988442213769e-14
3.938637119474212438e-05
1.718373139350906528e-05
5.152831679247896668e-05
5.657039061462972254e-07
1.477530774715901440e-05
5.862336455912440207e-11
4.608314490904195622e-04
1.887740809502841226e-03
1.168708292741470244e-03
6.377468670703189887e-05
2.346857381629868326e-06
4.049864663693466529e-04
1.734152681121532312e-03
1.782668783236733719e-04
1.090283233589859705e-05
3.432054983464198197e-06
1.614510193079236140e-10
4.141726451102352597e-12
1.023312984191981021e-24
8.148437591948406734e-15
1.072549428053965443e-13
1.209138620344824347e-03
1.543740849200958510e-03
4.153536464178598516e-05
1.283853733458434560e-04
1.021084012107185301e-04
1.698423072802341966e-03
6.426953348025914498e-10
8.254278589832831521e-13
3.378813778459645854e-04
5.166618086632811593e-04
1.187317590135261638e-03
1.434207894295124776e-03
1.200232509957425107e-03
1.133565384585774190e-05
2.724509478157286619e-04
1.657289387492099477e-10
1.331101566656135866e-09
7.183947504677276184e-16
4.933285544960289413e-74
6.821429730284342499e-42
8.801659706533873391e-42
4.051086831586292044e-20
5.208055504911285163e-42
2.172156358181518335e-47
3.670346418665730277e-26
1.070278615262748492e-37
7.287273173066474568e-23
1.024084034202731795e-06
5.142440447116472803e-09
1.217306231519325632e-04
5.128333203620209716e-09
6.378998914190300778e-14
1.354996176366833486e-03
4.644696338070145239e-13
4.091230835600661899e-10
4.632173839621879518e-05
1.643549765686407566e-06
1.439103214733166653e-06
3.705379295109318483e-07
1.045897381813751902e-06
3.654867443247689056e-06
1.196194915118342465e-03
1.803346826560724538e-03
1.794891554881131342e-03
3.189992574686088123e-06
1.266479864133683271e-03
1.027131490302261482e-08
3.365953525772488445e-14
5.603712726908373086e-08
1.383926487422861961e-17
3.248957564924663404e-13
1.154085426278407928e-09
7.576070116403309763e-11
1.034203223061924569e-11
1.147064190470796679e-50
5.610651640090595557e-81
2.577856518321676645e-47
1.672384063816548795e-20
2.308498270794005176e-10
1.624663950723840534e-17
1.062711248601787988e-17
1.667353893831563914e-08
4.746605314364884866e-06
1.298847827777787180e-04
4.443952811151142494e-04
1.188810137086953040e-05
1.919722900418609516e-16
5.363951720343608017e-14
8.270898800131374236e-12
1.330738343441967063e-06
3.399621317257236537e-05
1.235368768869167478e-04
8.402133111990079798e-07
1.982986025475621032e-14
8.765080519557154641e-04
3.615624608370465393e-09
5.680984198454453642e-04
1.789812090467406570e-03
3.028932383207300240e-10
2.163762815090480954e-09
6.559255894636289270e-10
1.038962646689303445e-07
8.428268870269791822e-04
4.974768426979053036e-08
1.718435741928267015e-03
6.639140841359846478e-12
1.359635670184156531e-03
1.221255965630798929e-03
3.055729860346667849e-06
3.157903649377454822e-10
1.603614002114921253e-04
2.292353256770404538e-04
4.280278077841853356e-24
1.082430920630394526e-13
3.625866925694189429e-04
8.277525582257583349e-06
9.059394866599703393e-07
5.305151310392861507e-04
1.402520249786519702e-18
1.484187030247077180e-05
7.929125060368548360e-07
1.407061553504828492e-35
2.846122015021162036e-12
2.209575670091522455e-22
6.047673438151253899e-09
3.062671966584185946e-04
1.756127957483245967e-45
3.560969991807490447e-12
5.315278884538219099e-26
3.115117888359485600e-24
9.924125977785594305e-23
1.629731938219639899e-30
7.684442181573575237e-21
2.061411050095629971e-14
1.495859387593834855e-11
1.089336809834135149e-21
3.290626527817931654e-11
7.113597006253476076e-17
7.035954319754053836e-26
1.724244483735940166e-12
5.421578574622661008e-07
1.138125082398922568e-03
6.941367007072850981e-07
1.435594255172106207e-03
1.909868523015582778e-03
1.026975664294354400e-03
1.855558715885103358e-03
1.769373750315997567e-03
1.879433403364989211e-03
5.681495350729892221e-10
1.404273121091380349e-03
2.596093566174347935e-07
9.543002530943878897e-05
8.568640570637855959e-05
1.854006612181401643e-05
9.763398146229750919e-04
1.203788979291249128e-03
4.047273182653304477e-04
8.632879319446170891e-04
2.091834666886483781e-08
4.439518831778492048e-04
8.475026041393786923e-04
1.940571656110362964e-03
1.341748724362254832e-04
4.425521430117039775e-07
7.390877833812764203e-09
1.831565463634162371e-03
6.579611494966692599e-04
4.146834791321058443e-04
1.293850173410024439e-03
1.106246765729707471e-03
2.456917709908255747e-04
2.298032000681442920e-20
5.442882218232199069e-13
4.377306588168820878e-16
1.739861574323788925e-19
3.390966821489152678e-07
1.035214314341883265e-03
1.335164516534833222e-11
5.134396426837894974e-08
1.917023443417815648e-05
1.995360236905327757e-09
1.164686128748037333e-04
1.853997314006524221e-06
8.445306366059086766e-12
4.942862824908836892e-04
1.116396732699961537e-05
4.051779815392163330e-04
5.367331899594716136e-04
1.878431590567409279e-03
3.043334566293174906e-07
7.343001597139070709e-05
2.182366650909303539e-24
1.689252940210406303e-03
1.544271723356219495e-06
4.356123091064909351e-04
1.073928069799983879e-08
4.225107743318482234e-31
5.200017283373587238e-05
1.320281107499580390e-03
1.118784766345788098e-03
2.972242285436945658e-10
9.165415075486560765e-08
2.247181076541031940e-05
1.905963654757726004e-04
3.041304770037912607e-07
1.705024624249411865e-15
2.198506523141614041e-04
9.189701071802710514e-07
7.944657431080420791e-08
4.914344079094116820e-07
1.331243110405444735e-03
2.824687064933953711e-10
3.965287988890265455e-10
2.110612508331910953e-04
9.482861048062315609e-07
1.881751312922745056e-15
2.043869867204987497e-08
8.995731129049610747e-22
9.122077884409897645e-25
2.698035847990956386e-08
5.267573916808345608e-04
7.540412469693179103e-19
3.091528738428901992e-38
2.587742922477879142e-14
3.438901737999894004e-35
8.942668546742281723e-50
1.676350287809142767e-29
3.002267215235715414e-56
2.973790436417772585e-48
1.257622791669702292e-17
9.107291884617764658e-06
1.912946303701042888e-04
1.662502729226645866e-04
6.176814231094837562e-06
8.656567468385298762e-06
9.800958020254038269e-04
1.893992698452584555e-03
1.176830133351072175e-03
5.030143996076578613e-07
1.841397256478363296e-07
9.099991979818347679e-09
7.450695638859026028e-04
1.278826344431041031e-03
8.702480031554486739e-04
7.863614671208037161e-07
6.157349306197842747e-05
1.492037633918926300e-31
1.979300687768821266e-44
2.939603408778007501e-46
2.858254915118655726e-04
1.595425652839293211e-56
1.857865874772590580e-66
2.506813312033587210e-29
1.529312357899509895e-65
7.765290920478349173e-44
2.487695209833782786e-29
1.185627995591429061e-43
4.742800954313851029e-48
5.189215309489959147e-27
2.575178567045676552e-22
6.791158281822638242e-07
6.624489941123621593e-06
1.355431573294439925e-06
1.009128791392573333e-16
1.303640790527830837e-37
1.782363907848058989e-22
2.432028437031180799e-24
4.768526357933569553e-38
6.539235890656069390e-25
2.639551974009638217e-19
1.173512075350127021e-27
1.481909704088775178e-25
2.538161635302131667e-15
1.289137890895512841e-13
3.556708264574628897e-62
5.432455232043890572e-56
8.455567931384448611e-98
5.089731532411482593e-64
6.965664535295674458e-90
1.710176988956079966e-62
6.172301463810890372e-93
7.301380193587895707e-48
1.891067683204079098e-59
1.097188254522581826e-48
1.248834948839862837e-36
1.197931408831190838e-27
1.665958957507128884e-15
1.614881432248664622e-59
3.456244329819594254e-27
2.887701429436392809e-16
8.392765158084231200e-05
4.800536794531250223e-05
2.213859089274453750e-09
1.293882730112898861e-43
1.127599058223287499e-29
3.203444362426842445e-27
7.189302307776238366e-70
1.134216838294567958e-84
6.450707803415718478e-127
6.371413908289206800e-142
6.495135434331874601e-34
2.382124253989712516e-80
3.635762339120547308e-115
4.819209026018098230e-97
1.512116276221038478e-98
2.484573590858904057e-96
8.850823662823804181e-88
8.826392285403504586e-129
1.148171040876582375e-90
3.252100597858309115e-107
5.375756478827489981e-106
1.460089256846542160e-126
3.783547682617515912e-69
6.498903488950758977e-85
3.440161892901562642e-52
1.118386398711099280e-86
4.407413231864124466e-109
4.498594354477119354e-88
2.191215009771793776e-97
2.019637056347051636e-91
7.214090358708610579e-76
3.640674170296940423e-99
7.523418465846863719e-76
8.072243498889275810e-75
5.470528396689103386e-88
1.359915607350037921e-55
1.870462067572323828e-77
2.659235313439964897e-98
9.767073969584636488e-70
1.941549613492999730e-54
1.431086516816863324e-64
1.329530061729271450e-86
1.651834317206185920e-95
1.892715204378742484e-65
4.890778588770529415e-50
1.222824486330457625e-63
1.550522689873984616e-67
1.570838049916451587e-86
1.352146145691316473e-63
5.164290037776246044e-71
2.529856873080700470e-71
9.559370474729719938e-103
9.763506243828037561e-86
4.410030623838575653e-40
8.825283928176631021e-81
1.001665635327523717e-43
9.777477990134740350e-111
3.238783095988673101e-114
1.496534356259189312e-83
1.509538230383981455e-94
9.449033175069511818e-75
2.040080745066132487e-77
1.808880541189614153e-151
8.069179646589643153e-85
4.135521645937708803e-82
2.279799575488210542e-158
9.016891826523411105e-139
2.981691048609810579e-106
2.830122225192250840e-89
8.396165576443141523e-108
9.681485925226785066e-127
4.930881706027884766e-127
4.374780071286541285e-84
3.211900198232810377e-152
2.114746701632502347e-73
5.391150185298024264e-80
9.815502396818531998e-135
2.321131846391756576e-136
1.035579574360706530e-135
5.807380188576054588e-129
9.411306160099986134e-148
2.252132114808821106e-103
1.130999880654808554e-146
9.114928581893200476e-66
1.281361599544929751e-122
1.659569329540940371e-122
9.943438958342287131e-108
5.270348023568403137e-103
2.570012747054603965e-95
4.516830307486331807e-131
9.480814778800978996e-119
3.313699085802983839e-67
8.846423287408778664e-108
9.576916951990385917e-125
1.992895483375712201e-96
9.029331956361395751e-158
6.175781268924889702e-148
1.591895103624370097e-77
6.004418653711268135e-68
1.294521841131048688e-100
7.030459427623806446e-118
8.913512076550303362e-152
1.190859551398172389e-84
1.361633643182208146e-102
1.447752969459274772e-112
6.181873098647877021e-116
1.992348844653439884e-131
2.584938695494195383e-108
8.805199713020990950e-88
2.457013131913699405e-109
1.267679111418660795e-131
3.678947504596862202e-105
8.775309793019047323e-106
2.597328170365109188e-114
4.001857289191109010e-127
1.630412264287962759e-118
1.589838519055542231e-88
2.757879110172621267e-131
9.415756734965561705e-113
5.446292138636120636e-76
6.656366756715303485e-128
6.003168295598865888e-136
2.287249760749532339e-113
7.382040811851705225e-87
2.786921871202802707e-110
1.600673108074015768e-121
1.982683957801451229e-145
1.140964438846039618e-130
2.526171880190541515e-148
7.453844954530568173e-113
3.954697002624233024e-165
4.203854816396908465e-157
5.868407141870335435e-130
1.042253742754813306e-139
2.540968085849167344e-124
5.843378465606272365e-137
3.904056057870329134e-88
6.797432597181899841e-139
8.648942972240672096e-116
3.615779772971448454e-139
1.190350788785750391e-121
2.079311242874031660e-165
6.598821287257006475e-156
6.127627067538236787e-162
6.531709482058347980e-103
1.381318953118631118e-186
9.119407062478641664e-121
2.644170387224939390e-139
1.311572400385138778e-84
9.698056617536860568e-89
3.554321324609560970e-150
2.546607250407079089e-135
1.325062455048461627e-173
9.154753461420566044e-158
2.829362045471231522e-139
7.838998005479406507e-137
3.092929253018447050e-163
9.214011340996743633e-107
3.568257502332250176e-76
1.443554415543726927e-78
4.297332900550888313e-113
1.498734072523636055e-123
6.542497163483314526e-52
1.125560752519624627e-64
1.331077261159631970e-103
2.804825588799114989e-137
9.527770553412140580e-110
9.610747253924297742e-114
6.809703649620341805e-147
4.407117384313942215e-135
3.096254665354627875e-174
5.163724337162955199e-133
1.909202385057755568e-144
2.193673081344591487e-68
3.219394084198771674e-66
6.005178478618699494e-55
3.085152234454519619e-68
1.949563366972326962e-92
2.618156774657241940e-126
1.511301408154864018e-89
6.677853541305942627e-77
2.453678291479156070e-108
1.531198678212621618e-133
3.916586601328531472e-142
2.195797154184138172e-88
2.975935848885800261e-159
5.758250360494453344e-139
7.646643051478252993e-112
6.114989496608659997e-154
1.160808499421832219e-111
2.771603436710734586e-132
5.803349058657069908e-138
3.684529172254170292e-87
2.924687990258580388e-62
1.073824478734246532e-86
1.257587751331246687e-75
1.474288025124644386e-144
1.082274276910040604e-128
8.312283571029689224e-149
2.297027123882952233e-158
2.913349952981364593e-123
3.674245468296779036e-112
2.938340735856804067e-142
2.195155253248377740e-120
1.900791737466695456e-106
4.845976377279260540e-135
4.952471597435962243e-137
3.484666528913868077e-117
1.042855438647136204e-130
1.380340018567820168e-83
4.275217403517040689e-83
1.217281580534769353e-143
5.132493586268397418e-144
6.749015679460938965e-73
3.578800823885532731e-82
3.700231987226733783e-69
9.876343453670954491e-102
2.345674115360184230e-86
9.959027909532234828e-126
1.873388571494548593e-158
4.365244849315813059e-159
2.419458698720189373e-111
1.196453989640345023e-159
1.229612616747241638e-106
4.908479574406370258e-118
1.179203494405310881e-129
6.913388501531100317e-152
1.638233081160468588e-140
4.018870841281481667e-130
1.036948674831518935e-163
1.567484522205086793e-155
1.747272972211810804e-138
5.537149192740062680e-137
1.322192769018532492e-146
2.633770668999467519e-131
2.090093858510907718e-87
1.532083186774227166e-132
4.195999821549497421e-93
4.948077678844535350e-103
1.141523742853921473e-98
4.337620280381549473e-126
1.205213097788689957e-95
2.989888592088315058e-157
3.404377213269355638e-103
2.199586255964706748e-122
3.407587959459848383e-95
1.352108549939231419e-142
9.532785144276461120e-139
1.572824847394360497e-105
4.812551094240986275e-97
1.251504720776506132e-83
1.777732559494228846e-113
4.316861482464437036e-65
5.006426944304680715e-121
6.966970157376730899e-141
1.676373410766251565e-84
9.052436982237776531e-122
1.603695983605518788e-126
2.878841479329750117e-65
9.467514890144859547e-77
2.998648183843760213e-142
6.000344889316067358e-80
6.830926511176159010e-96
1.210114046464413822e-85
6.554501308962101171e-98
2.091121761896644696e-84
1.517095697747538872e-77
8.789666073335001656e-87
1.042034032615551185e-88
4.453079686930517596e-97
5.190879457205044579e-117
1.803221902258945193e-82
4.758753732677338035e-48
1.547214124423997103e-51
3.513612517426575769e-59
8.961486418906266751e-173
1.950842564773219235e-160
2.129413022172743400e-100
1.022594811267422675e-106
9.096693634572728535e-80
1.438219530894593734e-91
3.643918886697160013e-149
4.332955577703555934e-102
3.790526372124975707e-109
5.320298062551221485e-62
5.996228281242962818e-69
1.756667695601279252e-94
3.421054964350942427e-76
1.226479676802602327e-129
1.862327616873987005e-92
2.103040062030460657e-55
7.520656910340641844e-84
8.857140291111800295e-79
8.196277209508970899e-68
1.323329408771328680e-56
4.293413311227264306e-85
1.043794794641425786e-37
9.239768227757787128e-62
2.318154284881654594e-71
1.756465232992994573e-27
2.398040237748759687e-49
8.161749937882697958e-38
3.915293491311398977e-09
2.747393374616279808e-09
7.552918467704668746e-45
5.601094517923230885e-50
6.489157682435309685e-47
4.397090355478111689e-50
1.343274775406678211e-91
4.166838736503349596e-70
1.167452689772866202e-23
3.310296343784673773e-39
5.696070024963816891e-50
7.172856676851358840e-36
8.100750786689992292e-38
9.883981424230209136e-63
2.981717098022039680e-79
4.879387986075323693e-74
1.527404328311639992e-75
1.373168932699357333e-46
1.788274518316223522e-68
1.524848081128032641e-50
2.045799084783828957e-42
5.051867921098117890e-79
1.510836800494583743e-42
2.229609510141523807e-69
2.524077470600098196e-69
4.401222676437419115e-92
1.959631581942369176e-33
9.582774575277571413e-56
7.658962975130978840e-35
1.211793512984063405e-46
6.939666758837613476e-92
5.710589829053860365e-93
5.864441824047312437e-120
5.308089356619325772e-61
1.099068502165329732e-81
6.126698996676015260e-67
4.005159252536041084e-69
1.350539758274787916e-76
2.035036492745648773e-73
4.806699450290169576e-72
3.451122602675482882e-50
1.113040692105048733e-26
4.584391863866993276e-35
9.476009392554713997e-31
6.953614453888458519e-46
2.550213094097210911e-36
7.792016122202074610e-61
1.792881232097663333e-53
8.579384303670059867e-57
4.340686300577149045e-60
4.446355914630559847e-79
9.716040630121618098e-52
1.292725285603779989e-69
2.106009755197810857e-62
3.468239249803935742e-84
1.533729633033035973e-78
8.644876309491847535e-55
5.234884734018782191e-50
6.249475766563170968e-57
5.974441652165188070e-75
5.188943581586733489e-35
5.429811698163204365e-77
6.760027973849515246e-48
6.793337641885063819e-57
1.424991187715117594e-56
3.856725076856013182e-65
2.074202610305993753e-50
7.462239445843188239e-53
3.673231164423940584e-58
5.579541688494411594e-49
1.968281736854230885e-31
3.799130070042839681e-91
6.369973869483313734e-46
5.189066807450062105e-64
6.471917971857444206e-63
1.749899264049480978e-63
8.810502889941070663e-48
2.228694713119181179e-44
2.646784047172577434e-76
1.012656529979325041e-20
2.098225812321411888e-43
2.092291746657685167e-53
3.152694691012046303e-63
9.097431391751740186e-73
3.388760942729303642e-35
2.093080569284524111e-42
2.096816092578726339e-126
3.663413023219851048e-62
3.503508745390141690e-45
8.300238055145935825e-66
8.214474648308073926e-50
2.388547102851551799e-85
1.400568587206542376e-57
4.296650320620198446e-59
8.549725131081612075e-100
1.132609026266333944e-53
7.863938394932139613e-62
3.146937609315588126e-44
2.950821126460016493e-38
4.180915781605222803e-68
3.493773670908588960e-75
6.098288090354483799e-83
4.140827905749417057e-52
1.765195637506138336e-70
2.640642777406129206e-70
6.852837515566441834e-80
9.816185960176131083e-66
3.521600941866428995e-95
9.330132379857807435e-69
2.313130203799808203e-64
1.052537379021564451e-127
9.924885478688121672e-87
6.905418972993982468e-86
9.008092475603244310e-69
1.792281793339269645e-98
1.105048473398583930e-111
1.313595757151547628e-112
5.482298615321944870e-93
2.842744397452558638e-57
2.362629820743843321e-143
2.030851435452068250e-64
4.074406441493196304e-90
3.023865508815492919e-104
2.415224209504083488e-91
4.486001783309064211e-96
1.488403929823568611e-98
2.030390637382331741e-90
7.303943646270761133e-71
1.044684223882420792e-58
3.481639104056553869e-31
8.575167423552656138e-43
5.652461373127566299e-92
3.254663045847411870e-33
4.316649754795486160e-50
2.079100683208282843e-49
1.201750461312378660e-76
8.110354502008918166e-84
7.860773666399724727e-68
9.952351339377825416e-87
8.112497016313960400e-80
1.798390992134668757e-91
3.741365265858924553e-73
1.729060273411932992e-83
6.865737983326825264e-72
1.690584282255682647e-92
2.200050098587560610e-68
