1.256988824408741547e-110
1.914285189578526445e-108
7.746126076716747329e-91
1.049457688304807856e-83
2.749105781866783728e-111
9.766967605773004637e-81
9.403005347436236525e-119
4.021000271338065097e-98
1.234403392703415464e-131
8.591591622579051014e-112
3.392048906458660936e-104
2.367426274004464060e-111
7.540183113931181019e-118
3.725148051947883350e-86
1.191549387845602611e-118
2.298158930714386373e-101
2.561243309823879063e-122
8.524618213136562764e-119
1.195862889562411417e-94
1.684730439114526118e-100
2.150593281734168963e-71
4.170811287375563802e-90
4.768712242703845897e-122
9.497117030926040761e-141
4.348050962949492699e-121
1.796376965528058089e-111
8.694072517451535734e-100
3.154360020113970136e-136
2.769782707180352703e-112
1.231420164628011879e-109
3.601360589468374768e-105
1.452475416781914408e-86
2.868283582772753718e-114
7.850064217065708422e-109
6.002262597994126208e-112
1.375805802884679328e-134
4.362288683949415574e-98
4.357282628069988302e-101
1.639705325017963936e-75
3.628652668884464651e-126
2.268768064885877382e-96
1.772716254091324002e-98
1.869156484128216019e-153
6.588607458378836912e-80
5.045793511806662311e-131
2.651223250937285279e-65
1.547264490570901713e-111
3.677264947951213818e-75
1.551366522180223359e-93
9.619371104332623644e-96
2.606059412344838234e-111
2.143217549308337013e-106
1.631691661761683540e-113
6.510272066826635527e-105
9.661104018107799064e-43
6.040930842587432964e-57
1.872251663179747223e-55
7.679454593706402109e-63
2.337158237782982395e-77
5.140338147139027703e-53
7.312164163374150220e-98
5.665046582482755454e-66
8.436590783682552496e-79
1.280736647119399726e-56
9.515940497277428045e-44
3.227444185998975693e-70
8.097012325659437402e-64
2.038442851265369761e-61
2.559878630835262497e-107
1.358104132960257879e-70
1.680396586921749632e-76
3.518574397531731166e-88
1.619940537377133924e-109
7.115469574781933078e-79
1.933786506792106247e-83
3.728593323420531708e-58
2.218495603359106779e-112
1.318002259943920670e-44
1.459461788012961527e-41
2.649922695516160076e-85
7.229650617497619464e-102
1.554594989355590434e-64
4.937945135059708374e-63
1.878865226435578993e-86
2.930950409741366088e-85
8.158598317893371961e-88
1.638175387986544603e-39
1.279873406390609840e-74
1.026731464216706068e-91
4.779976189001046385e-137
8.327836137077583747e-104
6.349796111095465928e-109
2.649093531143670566e-113
6.800936652740965296e-73
6.384116418638359858e-93
1.208404139451054063e-97
2.072707623166563127e-111
7.842137603039020966e-93
1.777216054834622239e-99
4.606538112664532362e-85
2.513319414467863731e-104
9.574122421809222274e-73
1.236985957930011574e-81
8.361032184000566689e-104
1.538098359640774864e-143
2.160249873640368964e-93
2.646071103688713136e-119
1.366931108965717328e-127
3.513171618987203118e-122
7.250363657534872203e-142
1.158158029279161747e-116
6.224752083356293767e-131
5.037886850896133851e-125
7.218966695359711364e-87
6.805583764848851758e-93
1.158165798034913589e-90
2.525203056977862572e-117
3.659257056800390338e-83
3.281449387740352421e-122
4.700068093040752804e-122
1.318687263434450475e-90
7.554500601650247659e-114
9.714704702028812998e-106
3.350237566431882073e-104
6.473662053041539690e-87
2.360964114443367010e-96
1.317452246964304932e-129
2.613846759111010118e-105
1.907258938564231982e-97
6.639609000658182550e-125
1.309273025657049754e-110
1.688533097159141628e-115
3.243598621394975895e-80
9.959522675404919445e-110
3.001987716357430531e-85
2.383983513474598938e-98
6.912793593019094184e-107
3.622706154080457247e-118
9.860133456395602936e-116
1.174187988497870937e-90
7.224203880149284207e-99
1.882271805638390930e-110
3.828406180304720577e-100
1.982954308445181673e-127
1.401665284635398977e-89
9.562962124226549217e-94
4.019874130861800038e-90
1.468691829147451084e-87
1.636389596824280644e-62
1.036979388440081099e-94
1.820957548863201877e-86
2.197837324145320527e-108
3.921485125903595494e-117
2.161742465734033040e-101
2.908840143820677933e-99
2.347688074740340053e-99
4.452778050554885953e-93
2.107714901686438743e-109
1.506273238880568816e-123
3.542244432879265967e-117
4.833875920631114015e-130
1.041923946689586584e-104
3.209836447262983609e-112
1.193789507391385964e-110
2.682306975279860890e-115
1.981003162067090559e-70
1.268440162253863142e-111
2.793818406202926366e-98
2.648686682345858030e-137
1.228405839145116706e-133
1.198895124006327491e-103
4.084363216051538726e-53
2.426996932448903416e-114
2.485806951534905566e-100
4.570169022527553956e-104
2.494294463302397688e-102
2.080047678979986332e-99
7.401509739382975815e-101
5.595456805455798519e-103
4.532128837930630110e-69
1.113920043022604528e-89
1.631493805514740759e-95
4.846392155383891061e-91
1.804433690391307379e-116
8.990438187559989018e-82
3.551624883587596775e-63
3.453939992344053687e-74
7.335506422542090438e-105
2.757573431774104103e-45
3.271160979777355766e-51
2.943726464206935060e-92
6.461235899062029637e-83
2.228635836540872718e-73
2.255863329474080219e-79
1.959477262380200771e-92
8.775517805223480013e-100
6.258823956831957035e-87
3.793750171303272971e-67
6.833121314973248094e-104
1.172964150370244793e-79
2.319299982580852243e-84
1.536032929996463633e-84
2.707702337572348610e-113
1.513118926160204847e-20
6.366928506087256060e-25
1.093896696495651643e-76
9.309243142908427870e-46
4.524321893915964230e-70
1.113089083987005785e-50
1.392164265109368911e-103
4.322482646817920944e-78
8.962439952490730978e-94
7.046591331068123565e-84
1.501862708263350278e-88
2.791420666064579770e-85
1.165686907818705344e-93
9.088970318318975758e-44
2.643759270356037484e-45
1.368553817812571838e-38
6.215285035461547136e-70
9.391743107083847228e-38
2.034524527658532075e-45
3.608496211467936673e-60
2.454036623489529274e-66
1.327625079984008443e-52
1.009687919028657590e-66
4.869492636698327363e-27
1.104467610139986015e-65
6.101352315720032705e-40
8.116642606536945775e-64
1.847720175203198068e-51
1.019449232512691876e-52
1.481157474635712079e-79
1.155756839031678115e-77
8.211604202446833025e-64
3.790561836062314193e-60
3.909331267042747428e-87
2.832279088607261506e-59
3.990197286737018330e-54
7.220341452280451861e-80
3.716985516818422456e-49
9.627736581433161884e-129
1.026017393709167369e-78
2.481155467755709745e-109
9.292442024857099042e-106
2.193600617107367262e-88
9.850581313126275176e-105
1.593620293863147088e-120
3.681524850471501207e-73
6.870331905541006880e-91
1.470057528531542919e-108
5.924334294554317145e-114
2.568883274291610708e-113
1.329927656059562739e-98
3.359728598463785716e-115
4.333340164799836184e-62
3.593800348501193720e-56
1.838730712223518404e-40
1.706965693866265733e-60
8.699265014215518830e-51
2.180899850829050065e-114
9.695092562695739544e-73
7.391155668041558274e-74
1.901470503801628997e-113
6.916323924068080929e-104
4.655242231800590079e-113
3.006659039163093557e-66
1.074967620017890077e-78
1.298789971658198622e-115
1.839834206665457025e-112
9.749985006839505186e-56
1.838513871255120754e-92
5.133328146038296576e-93
2.660691429584904037e-50
1.974183213317425715e-67
9.053312369960397848e-51
1.086133273191160565e-82
1.332413439188578598e-140
1.302874932028410939e-60
1.949587502576591192e-91
1.702805689412557794e-77
1.418781057200558706e-91
1.603641614998002411e-98
6.152236609424393412e-114
1.380075102666131934e-67
2.688768061323716557e-87
3.534607841767957472e-96
5.465002991681567347e-105
9.014905618755720829e-82
7.053647445374934371e-109
5.079825448966471257e-116
3.272006882130905766e-117
8.030402731980460332e-78
3.496022876134952774e-56
1.332078354981612336e-81
1.871405263219178946e-116
1.942241757986954305e-99
1.251445421959603074e-99
2.324301337136384986e-107
8.053380960640466350e-94
1.433772629144364600e-79
1.829389445689500055e-96
8.762066250015046040e-90
1.123828586241644440e-98
2.483160651005958169e-132
9.462492866242611013e-122
4.744947091684633750e-111
2.135491112389278399e-143
3.790740717731203886e-104
5.220652217745977347e-135
8.573441155422602793e-108
9.287458047613208795e-113
5.769186519538510736e-120
5.724789253628717492e-129
7.910385632335111851e-147
2.036115463278220577e-130
3.033285274843352787e-97
2.578608146323713972e-122
1.203812618614748210e-57
4.962586740791578083e-97
2.907654066686854119e-82
2.635712528778159453e-110
9.505293790539611902e-57
2.082445105931568041e-71
1.909505926212933066e-88
4.059987376754066300e-97
8.364847816857333151e-105
9.314101355986134811e-53
3.188432771706328552e-82
3.855933882671047501e-106
3.405307326746036224e-114
3.596588016536060075e-102
8.566156987674464832e-111
9.087548739709350553e-71
3.205577538343042290e-98
9.490754006403544110e-113
1.039152764538451009e-125
5.938985581102094432e-129
2.345053341755688241e-161
5.498366043480527715e-107
6.511426299092143117e-132
4.947039593144512588e-106
6.073513863528428221e-83
1.133654494681453820e-114
2.613405285282536198e-118
2.286036757264354281e-125
1.332668967053581263e-111
1.533295308739925843e-122
5.836648992575632526e-132
1.057384340253403565e-91
1.718621110437113577e-116
1.646507741368503605e-70
1.321176927648307673e-95
5.002404514901650265e-106
1.462237903379838159e-114
8.094958057525771865e-119
4.195034833470917028e-85
5.884082488557633751e-88
1.186085868812315766e-92
1.017801637322716252e-91
1.890367526298336068e-116
4.761253515078904135e-116
3.733659940633245295e-113
3.109038737941406047e-128
8.450122632893061164e-76
5.177386284133831442e-42
6.714039628460326830e-105
3.061760532541921353e-136
9.180722368534290355e-117
3.002127548247201633e-68
1.829104198616803555e-78
1.761454095057002752e-106
3.302978926869060886e-122
2.621586369374110387e-133
4.867301268091049711e-122
1.961341685564064668e-82
2.309559737968269417e-106
2.876624378887372695e-127
2.128403078846567047e-119
1.866611657804541116e-110
2.721659936743016906e-106
3.581176730831681951e-102
7.746414145772055725e-92
1.515371665098783552e-105
2.746631229441791610e-116
1.043094920587321219e-77
6.288838385015070732e-106
4.135404477411523649e-115
1.015250749630729014e-89
2.238425584670831190e-112
1.374376914387380945e-84
2.772577746490386723e-112
1.085145291302060600e-124
1.189476429921949045e-124
4.374401378453013285e-107
3.363622632913725579e-99
6.825829436309506004e-90
2.432347845391758903e-111
1.816650997946630640e-110
1.586916963949091806e-57
7.480159241930173314e-113
9.607705104086354073e-112
3.522897886647797139e-119
1.871608366394198265e-98
2.213446240147175593e-97
2.323430728690831295e-111
9.783342992718426124e-113
7.371884325723686909e-112
3.919120880748265440e-106
4.811677861231563294e-99
8.656521957189553568e-98
6.678330576985464515e-72
1.412628188115161472e-149
5.144513990201117628e-117
6.544567348502231337e-102
3.846085260373826406e-86
1.509067730288757923e-105
5.095387869109989785e-114
3.071334284987390989e-119
1.926340013993749965e-121
7.316589542027017388e-104
2.934854377409052721e-98
1.669287080785077209e-119
1.936986027414051808e-80
1.570427064378238077e-116
1.720398445301181006e-101
3.558437762845788510e-103
1.190352466519491705e-99
1.635562099893352956e-103
5.963439568124555978e-123
3.758917759340137071e-84
1.095443701985078619e-102
2.432491935016992973e-87
2.772960182620409109e-104
1.915287047014486037e-115
9.987460678611340980e-113
4.709045868825757340e-121
7.123125024805347890e-98
3.261851288947522811e-120
9.957317023784985747e-78
2.037903638421917320e-128
1.022150022966265215e-76
5.123433598250246318e-90
5.130000342148924171e-57
7.076392441205720268e-61
1.186542838540350681e-29
3.252526880878818396e-96
2.799007835844820534e-100
1.975931516389311452e-65
9.676757957365073006e-68
1.789036276749699170e-89
4.938717623297473974e-129
4.068230608687097206e-53
6.538895660119059488e-121
4.231653450751547925e-77
3.534127830093820382e-65
2.540773184905441960e-100
2.765889351519631554e-62
4.574420512665044912e-80
2.196548726676370255e-82
1.690255900671336257e-56
4.273282244074256043e-63
5.036697188626513329e-102
3.836898876922358652e-46
2.131394643163850361e-75
2.915963809333394592e-43
2.684628504545235402e-63
3.075309197080019397e-41
1.237770763157268163e-103
7.604864105873900761e-76
3.838773306494242334e-106
2.586963527873167340e-87
4.236388042199840641e-97
2.193978523307873256e-83
5.911844219783589309e-95
1.552782513604748486e-83
3.329331130353885128e-55
4.983830878652312767e-114
9.235443333662848959e-124
3.324998765732726165e-113
3.896713269376831449e-105
9.866333315865662698e-57
1.404565354905830014e-109
5.637167152388794598e-127
6.773519213723016464e-146
3.237572419145425805e-135
3.365445822599509389e-128
3.420218743691501818e-129
3.938099253761234132e-80
1.861079652136892870e-135
9.600213494720703579e-95
1.574457184987358700e-157
1.337026839623595745e-114
5.236440118891276442e-134
6.861729221876630801e-122
1.392985887691185568e-116
1.071895864076946184e-81
2.898210624501685148e-120
1.309261376049624702e-112
1.663191723096498236e-104
3.202597112593117422e-115
5.104269455067569659e-88
1.912974974631654978e-82
1.019892634879847237e-93
2.014275641568207157e-95
1.615955618455543754e-110
1.502232700239609262e-98
9.319843344726994518e-96
2.986155152864240353e-130
6.367624826935935782e-135
5.973661104721159793e-103
2.251558832691125156e-118
1.585553081983366903e-71
6.936840830286274013e-122
4.735668355592162932e-93
1.380005677832656605e-52
1.884252060919932641e-119
1.852284250914620732e-90
1.034812102108814874e-119
1.310646292751201179e-90
1.775622142082027209e-120
3.846203121667914228e-138
7.168403929258805510e-87
1.816127643708026314e-118
1.521199443236956397e-111
1.755355732938029260e-96
4.809839637715695159e-111
1.145120196149605597e-110
5.545909589975245305e-81
2.388038424321687815e-120
1.212474214405852921e-94
3.134867044987159773e-100
8.425053265809478744e-84
1.182438627567101597e-107
5.727757552094907022e-95
9.833850400915381849e-95
9.137481528458889617e-107
3.424743060641139623e-83
1.671237813110380283e-95
2.364427816151184703e-116
4.763528029584768362e-96
1.727710669994620184e-120
7.773794732655091029e-117
1.682705873747325319e-115
3.507302235520290510e-81
6.167787492214817716e-112
1.784199466132292832e-121
3.836912808620984300e-125
8.246795739744156399e-106
1.859353906288401475e-109
1.699096145280412058e-84
1.986072416384669576e-112
4.356043710601395995e-114
1.736241707510838996e-141
4.589082975754320788e-123
1.036622493726707573e-96
2.345338975743183763e-120
1.107515252822280278e-97
4.976200630565247817e-110
1.466849684419323324e-99
1.683378139080182718e-85
5.546403029357061562e-113
1.273110643860227185e-118
1.740497229554394628e-80
2.330223823175268340e-112
3.810191004407026457e-83
2.441591143689594762e-121
8.219953606166353485e-74
1.504544998763635949e-63
1.686784987124513527e-61
5.600953204242664067e-87
1.082038998416935122e-138
8.161861191317723245e-121
6.960529385568907133e-99
2.004449844505056075e-92
6.291852148935685040e-115
1.192396991031534636e-100
5.971957616573332366e-114
1.576824371383593083e-108
1.172821146915948926e-107
1.154033554962079527e-115
2.370281310193981525e-112
5.443939804204471078e-126
1.281947704052845544e-95
2.747237986133841776e-93
6.757262114655708240e-71
1.341472585039756578e-95
8.965101215871815073e-89
2.735701745172255871e-117
4.840048641625675825e-65
9.725478236629414383e-111
2.300617908621162801e-107
1.913073333307212990e-126
1.480633345647415985e-76
1.432280896531903282e-115
2.437801139681254654e-128
1.515672801057319750e-67
6.847584745112025811e-103
2.098444978998717968e-80
8.218104057056554475e-38
1.525526446036437390e-49
5.456157218179293156e-91
1.027235289659049014e-80
5.206202430017964250e-137
1.538081412263483179e-109
2.980338926380003936e-126
3.033867988208063398e-88
5.779077735389191653e-99
5.028879820065539542e-29
4.362300980697360270e-82
9.252486567212789236e-42
1.099351732062261866e-62
3.037778001366804623e-83
5.177338156798346634e-55
3.869060477916242721e-97
1.256778265951488115e-86
5.309260580318815488e-95
6.682580304719929639e-48
1.171727646332638664e-77
7.787066036206321061e-68
8.154072916563761818e-39
1.148345950998803709e-87
1.625226870841925593e-45
1.491540323051050101e-45
2.358012495360927560e-34
1.117730980949804599e-47
9.318733427675095209e-17
1.575785174299216595e-20
5.374405323513926144e-44
6.078107903656471797e-99
5.447519202680866447e-51
1.758047508577620017e-58
6.660622687928112404e-78
1.932662735669570937e-62
2.070146155450121924e-63
2.391993118823103639e-55
5.037267220400914504e-59
2.705770313246595222e-53
1.401277927254652436e-83
8.262926122535593441e-75
1.695421220490663287e-77
3.290235258071451042e-68
1.269937550553859265e-44
2.574364567761292737e-40
1.554512635033402843e-74
8.269682715950881460e-84
2.833752637998608705e-86
4.022577903641487267e-135
9.608779470256026347e-111
4.683660811582634779e-106
2.319320547804124646e-112
2.802290702610266064e-117
1.149379366933224982e-119
6.284179754102756426e-111
7.707703644461497779e-145
4.779072931187548452e-75
2.878613471881872469e-108
2.469182985930618376e-52
1.348356036829455529e-102
1.657380641701051149e-72
2.221185228675089684e-94
2.694897257606183351e-106
1.651133518144233946e-64
1.760843001659466440e-125
8.362671551734059524e-99
4.594746594356841544e-130
2.044212836912979208e-102
4.844054935713886505e-63
2.397161151940761972e-38
1.987703033429369517e-38
1.700193343333988070e-75
1.970698442630559800e-32
4.133639452376761795e-101
1.724536774038006763e-89
9.617740568758749199e-106
1.607968166983477053e-131
7.723863819199288733e-106
3.653669215042297524e-100
5.636325483083700007e-81
1.084212882922285390e-59
1.779585231707726691e-68
7.935403090324643478e-92
1.403048694867573133e-115
3.035311507353191816e-107
1.857135212461969114e-125
5.179340300765762595e-109
9.626133185855248203e-117
7.641254487033411776e-47
1.551368407328349607e-103
8.774367039988544737e-44
8.817068355322436945e-72
5.182725293131174742e-97
3.814151504169447284e-138
5.482757902536824179e-78
1.865633622978548625e-151
7.115669848735632656e-91
4.346510731188274971e-89
3.981656099657386967e-83
2.232559619392925424e-107
2.452019832976025477e-106
1.361570179373079602e-101
1.195418855474170841e-118
1.230197366540005933e-79
1.733152222512520952e-71
3.423414337232654397e-87
6.023857991405320080e-96
9.832796423453848923e-119
8.572128816550197942e-124
8.992179020200796870e-121
2.983868449032355304e-106
3.414644588142467273e-125
3.560374139853954823e-130
3.415861602693789591e-114
1.916816138198329328e-71
1.716516909801288082e-51
7.252300680312593631e-72
7.123513671734093623e-70
7.078297950354201987e-94
3.793221284924756491e-103
2.042751290702412735e-68
4.422122100401948244e-106
7.116941540170142927e-100
4.317618751963576614e-102
1.016450884281865257e-95
4.515999607600611728e-79
7.320731647446557633e-114
2.050996840831410910e-73
3.233396281420106036e-120
1.499139727158758656e-101
5.184618413448713985e-118
1.927225213868886657e-88
2.256704920854817272e-82
4.140113400207262244e-103
9.339098629636304182e-111
2.557009964841634847e-115
8.019644617348656552e-119
2.081290183434260037e-67
2.285665880675765628e-114
1.182932482946676664e-80
1.989063294726051008e-64
8.594654243558938372e-75
1.092168988133270465e-120
5.434532478183821912e-111
1.844415826816342868e-49
1.412488306581390873e-80
1.701799866740200904e-81
7.336487232793251001e-73
2.863134100408957065e-119
3.393877827989747969e-94
4.846013129333364784e-99
4.066251251832818447e-93
2.957007816018858951e-128
1.018968362432326474e-30
4.809661768119383833e-63
8.323552115579444115e-63
2.236436285397679449e-68
3.393784208509539413e-73
4.573907390333783473e-92
2.969034130848493642e-95
2.688780309893906179e-96
2.437750333711971972e-121
1.092115536709077301e-66
1.833742732424624256e-106
1.583963826207627837e-100
8.090414772419969929e-77
2.015910718071114120e-77
2.917505444255552683e-83
1.253760526589893968e-76
2.468133911418443536e-76
1.883994032656593770e-81
1.379399544624093981e-107
3.123666634216414569e-82
6.454255943173865711e-85
6.129854628159784573e-113
2.512054966165534503e-130
7.528971666318373315e-82
2.591308587011253625e-56
1.331558592951575651e-127
3.664857001668624125e-100
3.222753945826541678e-69
4.654031953690284186e-71
2.242513385821408964e-86
9.091382462241770461e-55
8.175349989398760286e-110
4.639588895634096462e-102
7.305325148540867951e-121
2.628526995091597508e-70
1.004850711627330053e-110
1.041041719730459606e-85
1.782469680687944322e-91
3.147103079338033679e-123
5.796948858121291315e-67
5.762532711806504859e-109
8.530000780555166308e-74
1.117114785748656303e-86
1.863554458169219590e-135
3.061128070135671286e-112
6.911359860416827337e-109
9.147461706074123796e-43
2.002943992014321045e-56
2.142748939981675992e-121
5.846029665419486042e-114
5.952528977727596191e-56
2.842934748065891986e-12
1.888404327744187376e-25
3.198956677292513244e-43
7.056912072706438673e-21
7.623438869512105481e-27
1.604494452333649474e-22
8.337343402621822102e-05
5.602873723809418241e-08
4.439577547932247161e-14
3.792757543665172434e-26
5.492401262915925171e-21
8.381798862451172832e-68
1.787577829329543139e-25
2.815793372707326577e-66
9.458347709951695585e-40
7.034530703313916894e-56
2.857943356627429292e-44
8.406316173744753895e-28
1.678080649753036963e-15
1.529403957984894275e-91
1.237947929259821743e-54
1.495296362693923060e-66
1.652578267601981801e-34
4.473346730077152136e-47
3.563674938261228851e-59
7.606627726125394319e-78
1.982286564270570477e-59
2.920782804722232764e-41
8.659340084692756212e-91
1.270525478348984752e-56
2.823459137798518316e-94
2.324154979527838014e-44
4.391494272153938356e-43
8.440841052361484133e-13
4.023137434495165168e-27
2.101245036054485571e-09
2.651815701130925054e-05
1.315356521816593788e-04
9.641283372623754799e-06
5.500826986141144570e-08
4.290091674911689345e-15
1.818842322819609950e-04
2.922877811921994855e-04
4.906410062092157627e-06
9.154364599083944928e-39
3.094435644248052602e-65
3.201658092411135010e-24
3.589036195894798095e-55
1.499661501524618869e-24
1.449266621682208546e-23
2.610741846537978669e-24
1.557942196608965974e-20
1.403723964492347529e-19
2.076189885765836224e-10
2.892270625114600342e-29
4.367388646201643406e-26
2.488837850933610119e-34
3.819574879782424571e-20
1.332232993497704739e-15
1.317104795796194544e-07
3.042944408611990932e-04
8.128830387224389675e-15
1.616954961429582226e-24
2.030353671928058274e-26
2.584077846318274130e-70
5.815804396340732695e-53
6.619531553062399822e-42
1.220649180371914914e-06
6.757084883626314333e-32
3.927336461156611955e-26
4.187748748121767279e-20
1.516919689614957345e-07
4.209985988683285271e-04
3.460111633374196075e-11
3.657872034060829236e-11
9.284250181339278597e-19
3.151989384632409973e-11
3.023708789691391115e-05
5.649189377034237805e-04
1.249891319595826844e-04
2.659574917919664119e-05
6.907114447138886813e-11
2.659034614798450383e-07
3.613015787563516701e-05
2.306315159139915612e-08
2.494534134233764369e-04
4.250712595906801970e-11
3.990004328442041452e-05
3.444456694867591519e-14
2.009183345895438320e-04
5.646527054741651808e-16
1.718508005242115569e-15
8.178350005208959743e-11
1.468034246898828225e-08
5.380315673314910622e-10
2.032198133966496635e-05
4.515686692124467238e-13
3.130184798526631964e-06
3.195357020872528330e-04
2.270375549317074723e-09
2.130432681957532432e-09
9.690806030661933222e-04
1.940424838722769278e-07
9.177486915007289995e-12
1.513906320650565692e-11
1.324650858448013919e-07
8.479866824323434732e-17
1.655414744539929539e-13
6.221588066747596559e-11
8.425283757895338746e-11
1.108980004078769781e-10
1.578237381631556859e-11
2.923462668891835664e-25
8.261771945117631338e-27
6.486173237316749917e-21
1.052430877625629812e-23
3.131664157150336209e-23
2.387989581538400477e-59
1.715387505513441306e-49
1.353380791587184159e-13
2.043956678190308199e-12
3.888951683919109796e-15
2.142072811235159092e-13
1.221727933744022615e-15
1.887164598973742635e-28
2.385296717759819795e-29
8.792088901734162317e-30
9.879229129312289506e-06
1.705709215191924942e-10
4.612898889697986000e-10
2.650395390721638526e-11
4.673748220520459219e-14
8.240587284734469179e-16
1.514799290692479959e-09
4.152390151334697248e-35
9.249638043667188489e-28
4.913090822783302932e-57
3.487727359841869455e-12
7.925576416702746844e-09
4.981076635002561081e-20
4.316878052343749693e-26
2.670315966718780436e-44
5.081702104912115063e-21
6.354986326356291926e-14
1.687296824630355987e-54
4.067413214816618606e-16
5.673471132015743058e-20
6.498576140970216289e-05
7.478283679611808534e-07
1.772312069643499086e-10
2.429016746851657654e-04
1.503191221663658563e-12
4.946136658653230871e-05
1.468231026594951923e-15
9.813053923028471263e-06
1.508237203356579975e-25
1.446818474591976152e-24
1.713028766201321964e-24
2.487118166938648831e-20
4.533866842178884055e-86
7.649268926021715340e-37
3.688637563747493271e-57
7.574779346442318222e-77
1.806489842595658385e-88
3.758576684605325989e-34
1.236029699791721660e-31
5.986443047805844135e-72
1.160110298522205091e-46
4.105257006564619708e-48
8.722592846644995704e-70
1.100552962116690207e-39
1.521500211549900688e-23
8.286291991851278193e-51
1.597164032447802146e-65
4.225051866881702432e-22
7.974431998028835998e-27
5.353073507268994801e-22
3.544066569774847729e-74
6.047590561039811393e-23
1.165988377395087659e-41
4.967958723381198155e-38
4.529486600755211726e-48
1.548667138858834308e-13
5.505210647785060906e-37
1.023560526586630665e-46
2.450134736483809128e-28
1.413662648062013135e-63
3.695987882374851145e-71
9.161870889712728345e-47
4.568237766843858809e-49
2.552741947522960487e-51
3.084503690328013579e-43
2.850352664161917701e-52
8.411506174546767956e-74
8.721878716620381050e-47
4.213686325231189322e-45
3.117144014759764139e-28
8.832943641153228894e-30
1.017214509320981149e-39
1.530695416945491268e-12
6.899346537001354226e-21
1.504594826462534562e-33
5.812541309543303024e-56
9.271195111543014308e-24
6.769201666811641890e-11
4.388248844124986489e-24
1.991055312605169297e-08
2.110145099441729092e-22
2.925770097507087240e-07
5.161794675143536079e-38
2.782315190023075876e-38
1.357588328189741564e-28
2.079540184642012711e-18
4.023146131228542941e-35
1.473071066221704400e-27
2.918818232365794755e-52
1.122369604557246874e-61
1.363334915665050067e-45
3.590942407196467789e-69
2.309205551389422900e-46
2.146692937082463317e-53
1.388143799620812179e-35
1.863956186655607071e-85
7.690728840600657689e-96
2.015653426585010590e-14
1.529041226254845498e-16
7.239999407331202671e-56
8.204940191604218663e-20
2.399090469003253908e-14
6.457552503414347538e-07
9.404824419827978271e-15
9.811672716990769850e-36
1.027008676856109077e-45
2.758251981951575691e-09
4.140757218664861323e-48
6.421354353045426186e-31
1.197266134323079011e-08
2.744271244541255332e-06
3.305540502467439282e-30
2.404376813524149830e-29
5.683624570107002756e-34
7.920254459613260558e-22
2.613634263693335276e-04
1.970485808902170765e-35
1.747629373397742014e-59
4.536910468168644481e-61
2.978739330395039207e-58
2.084368969934569188e-24
1.026607351402194777e-25
1.070422478068417346e-29
1.495308276086702985e-28
4.274061327233851774e-16
2.422761959471790054e-38
4.785485387706844125e-09
1.493291310826427568e-12
1.706926045558798514e-23
6.645237057070521068e-17
4.643790320277229794e-15
4.532726342147946377e-54
3.745892970033055416e-102
8.196617491120523994e-58
1.708418216507217925e-71
6.950970913148656960e-12
6.518025647455664225e-20
8.074828668760894550e-07
9.175397846391733843e-14
1.286901566246933533e-41
1.490389537104878008e-18
1.349690142039416580e-16
2.372750239515157291e-28
1.555265320919865143e-05
3.487259005900394639e-41
4.808629865705259185e-37
4.589021958489258923e-29
7.899214144770588950e-60
3.771102481612579999e-48
1.070184490269319592e-39
3.127507969664634570e-37
3.221462790427564243e-61
6.056910238964546896e-16
1.300768492676830782e-20
1.162333137391043660e-26
1.644835716600058193e-14
3.280826532843441134e-58
7.835504359808789285e-46
2.323362584402410415e-68
9.730504979489025031e-33
5.929988513602029353e-14
8.786908866517842439e-34
8.421680436657940860e-43
1.347913798144908537e-64
4.065151025568738718e-84
2.835786293008531667e-17
7.522185161730265373e-49
2.182621964866477301e-38
9.365839370465916031e-39
4.277304386326026535e-59
2.579513632543639930e-63
1.930158857339053193e-70
5.458166529972255687e-40
2.841588456595124718e-38
1.803468454372847434e-14
3.038429625687377928e-84
5.031402643698745192e-73
2.064491738338602580e-91
2.554620146880702087e-63
5.533659253602485483e-28
4.164768257211477483e-46
1.344558835748574000e-65
3.447033274485363793e-74
7.522541561728562377e-60
1.927530377444614245e-65
1.885203649983485665e-45
2.200075559584996990e-64
1.450523235271695840e-74
7.888758430376305995e-96
1.121983040591781653e-98
2.264493549195341495e-54
1.301230148422292688e-102
1.859901191699730146e-25
2.302396681936309163e-69
1.784944052453214543e-72
9.129659697918219265e-115
5.731491227428144846e-89
1.637740957176595554e-51
4.289373065648205867e-43
4.947391870706898971e-76
4.043852244528481991e-30
6.863496644103846901e-88
2.115596971149205794e-38
1.562299001044080734e-33
1.684392381006776939e-25
4.362655023881967558e-31
7.742877545911459350e-100
1.370930332591167117e-20
3.478807214407441761e-17
5.427062622416257203e-28
4.637387481230060163e-10
2.731977031178079688e-18
3.395127128513806003e-07
3.811211091190853682e-09
6.672198140924752668e-17
7.265966508491874121e-11
1.998782450871066584e-15
2.673905837823418760e-06
2.702745927037091348e-08
1.079351099210022671e-03
1.659766284334736934e-09
1.987268356069368016e-05
4.912191959227750205e-05
4.051710411877149737e-09
7.562344647538875525e-05
7.680535479884552068e-27
3.109274832067171055e-17
4.132619257746630382e-04
8.015346885179251962e-04
6.742287081666189051e-12
5.074753283818753287e-11
7.019318134141841807e-07
2.045292064739760310e-21
1.808626525751882541e-04
3.203545568662574686e-11
1.742291060803399078e-04
6.675460926314878151e-07
4.334133124659498215e-04
4.865162261537905614e-04
7.396391815734925127e-04
1.069977409489796744e-05
4.865478163124182577e-04
2.834121236923590656e-04
6.010176902681268527e-06
5.041549631502796291e-06
9.501681068949761476e-05
4.574049823206493160e-05
5.743056954806669113e-07
4.356233039304997453e-04
1.664522702361769262e-04
3.113004689764334082e-08
5.502645855568382219e-04
8.044641527187102799e-08
3.934575559602154706e-04
9.572309945781028298e-13
5.219180084677920815e-07
1.057223560478018714e-09
1.822287146062658751e-07
1.359576829139020163e-08
9.796635529904664354e-05
7.996718550533800775e-06
2.266394443157997774e-06
1.154893011987754833e-05
3.207341965104835316e-08
6.207944173593374887e-06
1.870630492012131610e-13
2.332161565832751655e-10
2.797038273235630638e-11
4.041547701769733700e-14
2.449962981808109360e-15
6.113426765525485458e-17
2.422978908746910603e-15
1.571054006675140439e-10
1.026576131960216943e-13
4.759960914359713545e-11
1.188345331124618571e-15
2.340555154172886581e-13
5.367045956273309129e-31
1.619114667291310847e-22
1.840142377406137016e-17
6.330110863739782118e-19
1.464653303440640651e-30
7.941454389723338093e-27
3.179113610572660811e-41
3.032410718408960772e-10
1.661204991648335923e-29
2.726839079802984788e-14
3.893284172587094353e-16
2.562415680010440983e-33
1.989557814579334661e-13
3.924457634362945701e-05
2.382477521798484566e-09
6.810263404309177034e-48
4.560661743248460703e-20
4.158863443847118606e-71
3.901763353124500236e-55
1.435732483366844697e-47
3.018337911767123339e-20
2.849691281146720492e-21
5.271861130119521925e-16
6.847147993352454673e-24
2.104369597467563457e-30
1.265372302594534258e-22
2.511768818654622801e-23
3.353325903150822045e-49
4.983671702779521999e-28
7.630049170223544856e-32
1.932175321461754816e-27
3.736215715023596513e-08
2.280690420949778127e-24
6.422594371533721154e-25
2.392977102626738505e-30
2.098572955616499965e-14
1.784687745314393441e-17
2.037833172324930440e-12
4.385802402891324213e-27
1.263570147184416435e-24
2.132840791902744418e-13
9.656512778765834142e-30
8.168952882758981261e-51
2.111420794309513956e-57
3.390307417882821702e-36
4.957885963184887893e-29
8.989550872543444782e-31
5.546414477078639048e-20
2.189458402178404910e-12
3.038784335025523147e-31
2.603763823759296209e-05
1.326646391469684799e-25
4.453239372906603697e-11
2.223249837942825803e-16
2.833916754186617237e-18
3.424533278168485470e-12
9.168265600275432922e-12
2.971681788109886485e-16
5.144138524205381499e-04
1.373360598347762767e-11
2.560655404601599763e-07
1.201180690880990386e-35
2.934077280684973792e-07
1.393701509179669365e-32
5.639272114953717862e-12
6.720252866129193281e-24
5.092439139199052964e-28
1.513213468250900062e-09
1.058338391479248832e-06
4.037762487949288335e-11
5.527796178791176857e-23
1.651804638529915522e-08
1.051433073977893446e-04
5.294748355617798595e-19
2.645214287622122686e-05
2.053579720630225428e-07
2.788976528329778072e-10
4.275511175394835350e-18
1.800498621803806348e-17
2.490676402257689252e-20
4.618208407899973416e-49
1.734808626782662141e-33
6.535587669416196354e-23
7.379885066900016750e-17
1.361630214037763810e-32
1.831139695387531962e-29
1.242908213651795702e-09
1.785584995436287565e-38
3.922948174758694668e-27
3.054688275733607660e-11
2.025026755859595064e-17
1.291149651924377605e-18
6.089304545230003954e-26
7.104330064503545379e-18
2.363063172444064010e-04
1.222314838666923350e-04
1.433835369316148304e-04
2.316030206163526619e-09
5.042621683727001943e-08
6.767316479969116038e-26
2.139662582310699544e-11
1.253579277832450188e-05
4.827562452432559943e-12
4.788272873119797260e-13
2.367948684639437783e-14
6.131307063932095069e-32
3.277021549455370053e-17
4.392456047857443830e-15
1.008503626715001808e-15
1.015701363059851815e-12
3.334935169564518285e-14
5.809840504290623598e-15
2.320219022587729853e-15
2.032099572734119424e-19
2.525733984824540715e-11
1.202313685047524560e-10
2.724756056849431415e-09
4.293574811165129711e-20
1.343881478644111600e-04
6.449843003668525933e-07
2.287182596885247967e-06
4.042552927413894765e-10
2.024747581922920013e-27
5.188968650776643714e-12
5.697433350386064839e-06
4.299890121549903703e-07
8.964153723913725284e-04
1.368046561435582978e-06
3.213470657930236072e-15
7.024285685911102519e-32
8.965848005255577513e-12
5.082012307425796976e-29
2.063125214945130172e-17
8.027942568550290902e-13
1.107177368891242912e-13
3.011547629768240105e-04
1.666183159579559753e-05
6.106258754312534061e-08
5.387721696219409183e-17
8.981872584724509938e-09
3.101559793270240446e-04
9.664329615099634787e-05
5.931718634541620118e-07
1.419939759758015669e-04
7.900134045765902216e-11
8.188251393580701085e-05
7.716203361966832517e-12
4.597971690040877045e-04
2.486833307636353268e-06
3.940391531463884459e-32
3.285569677165715114e-04
9.569306841144776740e-04
4.233056800765386767e-05
3.721704758877681492e-13
1.378452108684675363e-04
2.333380903638402384e-05
3.140344147258681586e-04
7.038228109241412029e-06
6.193364224203724654e-06
2.768735437444302968e-05
2.537925033158837078e-18
2.144211534138748950e-09
5.031473659913418970e-08
7.890922918643159783e-10
1.548799787913693243e-05
9.262344319179528810e-07
2.896969385456343166e-04
5.883742961502276467e-14
2.878318029170780142e-16
2.421303277621067688e-16
3.746796248657731378e-25
2.119979324013278442e-16
3.623032530534202258e-23
2.098778289073517396e-23
5.467797684952477586e-06
9.294750695214644323e-05
9.882284221070397459e-10
7.939109356763114288e-17
6.525920847220316137e-21
3.201313622799880470e-19
6.604366010068207686e-33
7.363559322323228975e-07
1.625161478872926094e-17
7.164009766938495582e-22
9.458102687019635268e-35
1.652754053314848356e-22
3.703766097282795749e-13
7.222631835942193424e-15
6.760502402379133164e-15
6.322061795751086001e-15
1.570947589640915374e-35
4.546511957940710924e-08
3.803989894004228502e-15
4.420313725419664412e-13
1.289303251280687864e-12
7.568923145725717993e-07
6.955068058378555494e-13
1.429426148082172101e-08
3.378264741370182138e-23
3.406556172142590473e-20
1.967921999601855621e-19
4.445550841339532856e-30
5.418724727866500565e-28
6.668320313338432756e-13
8.882521350141584336e-15
1.731053026079414006e-31
5.660626820489713683e-29
1.215889089897787707e-05
6.806543035367630486e-16
2.234396602987185297e-11
7.999459130945460331e-18
3.134869606068772103e-18
2.954389495281488382e-24
1.554183353678074339e-26
1.525715057474996435e-15
9.569554254296622091e-37
1.367184241187052627e-12
1.300521668436646649e-04
3.759453324136936643e-14
3.507831490834958352e-11
1.847690907867995261e-11
1.278558800737039288e-24
1.614598130440155987e-67
4.923473315239282216e-20
1.360422397761785851e-25
1.165496508458807731e-21
1.219716002096709596e-45
1.289167951302980457e-08
5.237530092053986833e-16
1.883628725720281080e-14
1.271347400654873132e-26
8.067385622621726688e-24
1.913835342537917029e-41
3.122660940473072430e-28
2.513037115795155277e-45
1.904659129591422893e-28
1.032350938216061951e-48
2.638199057043783869e-12
7.915960735546424624e-26
1.269476421226341011e-18
2.938759884014166247e-09
1.081761789070197403e-07
2.300873563244034883e-10
1.043729786816303393e-07
7.317511198424216605e-11
5.735667022168724270e-22
3.690607333580323235e-15
1.697016071264911010e-06
1.510277146682609018e-24
2.234084791428521971e-28
2.574798445446572636e-04
9.329611952536651718e-10
6.438305269765658269e-27
1.012623034357869379e-18
7.923501550190850340e-21
2.267996309143920213e-37
2.217161397299381845e-24
2.550101611376860303e-17
1.835619229837669939e-09
7.480454537730298290e-22
3.535702989329956281e-25
6.578440237948408566e-09
5.528557791846449996e-26
5.944716461346436598e-07
1.466400285312043685e-07
1.490998371483514979e-19
9.749967217358295234e-21
1.119836101836562734e-16
1.080478787249365849e-33
8.754887356906958334e-18
1.222699455006725950e-13
6.522928628169185313e-36
1.382267127540461576e-13
6.684213377162621794e-09
6.638400183574356293e-15
7.114897817873542827e-11
2.343441732650798106e-08
2.252911952139677634e-09
6.683387026871386275e-11
6.180143394049130920e-04
1.880177778651558703e-10
7.039918437208947475e-04
1.842935853462136168e-04
1.123244193102338829e-03
2.449620337834910839e-06
7.091819343269923465e-05
1.003990010189212651e-08
5.527910939419523690e-08
1.021632757039608897e-10
2.739436660561200493e-07
1.722974546762942214e-04
2.867355183017326669e-05
1.004446584205347542e-06
3.100274946639533780e-16
8.130509477962854948e-08
6.524757429397108733e-11
2.376251711246829224e-13
2.122591042744663574e-08
1.604913465567103278e-15
4.282127740274559362e-08
1.142216096976222532e-04
8.878594755548523988e-04
7.639633194534434517e-05
1.033684486645444311e-05
1.046339180013752534e-08
5.343285793016200494e-09
1.425954892792245842e-07
2.434426169419880661e-15
1.066854989562440373e-04
2.586726884449286955e-05
3.872464127551294625e-10
5.454615264826913944e-06
1.382611170324669129e-12
4.597612408661866192e-07
7.670152758541451202e-07
1.271861907775255163e-09
7.111217016090593490e-12
1.212296422899782097e-05
1.358519040984405435e-11
6.000549907473167477e-10
1.371158189790516256e-44
4.766501333934055084e-06
3.966523831100121261e-26
3.973608180329918228e-08
1.143898641405674650e-11
1.203932405135471184e-04
1.017609873760049361e-09
2.442398679224624507e-18
1.139693192223936872e-08
4.684232149223919198e-05
7.829766416820501791e-23
2.782543572152933344e-15
1.438510044106117977e-11
1.426075292917976511e-22
1.066054379614363499e-34
1.191516133197325971e-14
3.996218388119375379e-07
5.220512856271290283e-08
1.169000788095998479e-20
1.799685237257512671e-22
2.100614254176659085e-07
1.845569501818013225e-05
2.442519632983903008e-12
7.529881095970521450e-21
2.295590337850136300e-14
1.055906642046452746e-10
2.091767506010378273e-11
1.481011951598251122e-09
2.058574660661632422e-14
1.922738379358213042e-09
7.633467633886426493e-18
1.423670260905257550e-16
2.403324311880143683e-23
4.141350692780890787e-28
4.592400891615701703e-06
2.992914933437656493e-15
1.304259848874788028e-09
5.473562655503039103e-16
2.709850084060858132e-29
3.090537056654208873e-25
2.153614495516857607e-29
2.061068069040971923e-100
1.831812201017828022e-94
1.992433273551843110e-93
2.417737249689644064e-67
1.104770417964801264e-23
2.280255796258597451e-19
3.110426860300815846e-42
6.127052045786516471e-51
1.038376402019157362e-24
8.882346066622685395e-34
1.230918804037371568e-38
3.828126229641187510e-28
1.535787288302872637e-26
5.517599686579799055e-39
1.122328692028021183e-57
4.490587161583733886e-43
2.243663930700011994e-57
9.023609120462617100e-55
8.397714594165099689e-37
1.487812370353371401e-29
6.897871373353977046e-52
1.365869002862662783e-82
3.329256934786301073e-46
3.801957789685142903e-20
4.287677574872006206e-45
4.841220995811524394e-32
6.305561515636972588e-51
2.039387384525051374e-41
3.105572780657087895e-71
1.008882208709285585e-41
2.305486985092726277e-40
2.969235632865563960e-26
6.798950958922360891e-53
5.632752065403347374e-20
9.706993711317864634e-81
3.806551865147191129e-104
2.936013269213166112e-27
5.389213120184921071e-10
4.881111527389396603e-30
9.849751833364331763e-27
1.065539185583575461e-38
3.816406376159897237e-25
4.949530230229578323e-23
4.268690255950605806e-57
8.856613077488853300e-124
3.267019498527824742e-58
2.751908612067796117e-90
2.295454963711002761e-86
9.344785357194812443e-80
2.642515413602046472e-59
3.502018117695521583e-98
5.467234090406254036e-82
2.751173853252644203e-59
7.768830703896834035e-81
9.648773126050892365e-69
1.921687379106032328e-129
1.151228673593743675e-79
1.790049876466955263e-64
1.801727307791717845e-79
1.316211854931128153e-89
2.431472376126177905e-119
3.268511856192236428e-60
5.982882497008186700e-62
4.822853553795555516e-67
8.249313967182880982e-101
8.409002821866711450e-112
5.815333071816536277e-94
1.031702833811200720e-141
4.975961011573791209e-112
9.379711171582897396e-86
3.534689344638875732e-75
2.774448458526155849e-88
4.090263203782205436e-80
2.562725539266717273e-65
6.597623452132788019e-71
3.666946099589967421e-70
4.419208342438558352e-96
2.737950646319247950e-116
5.122128750357607854e-81
5.509554729489204083e-99
1.053687525134546266e-97
3.230535209865798708e-121
1.469849527026561797e-108
2.962404282374852752e-85
2.512288262562681534e-55
1.744729116789763740e-84
8.728334345092655410e-44
7.744787564883952312e-62
7.393925248513258895e-75
2.659314490450534337e-120
2.057130897722693877e-126
1.759990607740087568e-102
1.408825078374797399e-68
1.378187950205780522e-104
7.230644194536068899e-128
3.598577147992007936e-77
7.408173490915097422e-62
7.060561083942442449e-52
3.611866382415616726e-84
1.682923989056173176e-71
6.713508170473299110e-40
9.235748225613262701e-63
1.606390932177460476e-52
3.267216092054858190e-63
2.897558444836519773e-73
3.186022646019748312e-107
2.864766923445312690e-111
7.550560586075688335e-94
7.958242233284914111e-75
4.345922462540037713e-96
3.478636566238579500e-48
7.441286251016695103e-107
3.357996095388220746e-92
1.834127955808247937e-66
4.299016815271732945e-63
4.288596432445572290e-58
1.231198937638174029e-90
1.227427675941659176e-82
1.669051258405608764e-76
8.983414298214867541e-98
1.056630006171232498e-97
1.951171099117119511e-111
5.707311687517204386e-57
8.222399723428052220e-107
3.945672497259221845e-79
1.118187768901812686e-72
9.561350967444394858e-56
3.648115360010266739e-83
2.459601967149656470e-83
2.053273341556970992e-82
1.185588327496230282e-106
1.632893532015374045e-109
5.223927143941480932e-57
4.677881613632594272e-78
2.593361261184229085e-66
1.946957673786112931e-68
9.573641758568331952e-31
1.127325332330629690e-39
1.291334449871477756e-66
1.246708893352936618e-27
4.539242555185498306e-73
6.970323839313046673e-82
5.533580198780975078e-86
8.078221340951283530e-68
2.751677596716454270e-99
3.567063730277200569e-91
1.090555989269109334e-87
8.481486464878899731e-64
2.595103844503323060e-67
1.902115782142967875e-74
8.667317429091212716e-110
6.136442882111668946e-85
4.256482034049386382e-114
6.404159780231954058e-100
2.236650318836509710e-129
1.301222893146363465e-80
1.361061372086077100e-86
9.200563914371554625e-100
4.836640792766139568e-107
1.158031093228414046e-110
3.835355652000128396e-75
5.712586987144206719e-63
2.261557694759243797e-72
9.475469093632334495e-53
4.129219686655686190e-69
1.019650626391624800e-63
2.066119163857294008e-79
1.375749637148046318e-75
2.987878374552344215e-65
2.288612692925624089e-91
1.575311845750856980e-95
7.327504485233252822e-98
4.727718290151485592e-104
3.632435526253407538e-98
3.806646791924140569e-114
3.238545132775762846e-104
4.841972452327688463e-90
8.373838251906975327e-71
6.707747260790318653e-117
3.138298518264329098e-73
8.081914569127137298e-65
2.760197548628866772e-57
6.707942427305789829e-131
4.655290466932010796e-48
9.099904217438005044e-129
7.199605448959696422e-71
2.837622696480362358e-66
1.886873609511984748e-100
1.222620645138215493e-112
6.159666750489566006e-124
1.288906415443667542e-122
1.155923291618595498e-55
9.123839786869319153e-82
2.026515517594268089e-80
7.874210239842414947e-94
2.216146127707992374e-111
3.966997583030944722e-81
1.024707146568264608e-68
4.485767962148068240e-90
1.557241759685425064e-75
4.024851592784192917e-59
4.929792621392050399e-53
4.502474822789497328e-51
7.030181415655012112e-39
3.814965324875505854e-27
8.255316121352712275e-31
1.043178708529372903e-45
4.187644782148741961e-44
6.199082178883563022e-72
1.629646204843350273e-36
7.504550600599555715e-132
4.162485642691465692e-59
6.630445966606272328e-78
1.435169985646443211e-40
1.859490840100638161e-49
2.481333810862895072e-51
4.033508642330734323e-25
2.769985110496202829e-46
5.012258504727368317e-32
8.011555208979612725e-46
8.471325080222106652e-22
1.050302632941565930e-24
3.627167354219639521e-46
1.932181404214417267e-33
5.209715137942291408e-64
5.308313738822634254e-70
1.181703916195497671e-41
5.471868262773178092e-51
4.651931415601057151e-28
6.621927742056884908e-39
3.441784053267474522e-32
3.804524496261236459e-20
4.387660933504387620e-69
2.483950348135529697e-35
7.015883669460029226e-31
9.313381740371437373e-38
9.041477218258597529e-18
4.499444882821897929e-36
1.807390812255432354e-26
5.214243581095629631e-30
1.385502020481873610e-28
2.555602390233925048e-31
4.633394866611255706e-14
4.209675477318732906e-42
1.587430729688213506e-32
6.234986605587948098e-20
4.293228276458925303e-21
1.775589799490479786e-41
3.305847553752205204e-33
1.491816079101269316e-27
5.898867941667282980e-32
4.744646704814638411e-93
7.429915146978986396e-28
3.000522810653259456e-23
3.361613194851811868e-43
1.120556942241441921e-69
2.699799486287528460e-48
3.821640769492194154e-89
8.547440929704205903e-31
5.465718605535154900e-103
2.126530863915236217e-67
6.743337633622178720e-58
1.285991999473801102e-89
1.179003444464413931e-50
1.522722182920931092e-111
6.416066146289348729e-117
5.246182186944891398e-62
6.239468183354733503e-103
1.617717113037062210e-92
3.866062180803545327e-119
3.380770150468464250e-114
1.157267138268391402e-79
2.538775240221262801e-127
2.370155460826670617e-99
1.039339390995205247e-53
7.968269592951813530e-97
1.548171228243485262e-88
9.700046425129301551e-56
4.091119359840699903e-65
1.686557815955433331e-71
4.635503763205147120e-63
1.736407540750772739e-29
1.218370129247288730e-91
4.110329282917744683e-68
3.395604290541519272e-107
1.439922843713755182e-40
1.465250050482754865e-86
4.695431755835432791e-112
3.786641099261211634e-70
6.860035913559531446e-100
7.361489054752038169e-79
1.016016361605826247e-86
1.756619298823587594e-89
4.871419880485763076e-92
4.909032817792593004e-100
3.129545868778518798e-140
2.712160817199140660e-64
1.231555287627071275e-48
1.649974206751047957e-68
9.585047271106058020e-48
3.339385384423203898e-99
4.580596041679448945e-124
2.326436424228761393e-76
6.151102900161268067e-99
1.195838795166141220e-75
2.425455031957329784e-47
1.289522696827334307e-64
1.842064066548352489e-116
2.207264218003197357e-102
8.969624713294897898e-44
1.974805628188916508e-77
6.195535355387584110e-91
1.564772181989197594e-119
1.159448420504813647e-54
2.434819053373557408e-44
1.144796694123394353e-51
8.248806872671201537e-49
1.517087952385240894e-90
1.214608969018473777e-50
5.571129537990757549e-46
2.970660919736079387e-33
3.070484060111433797e-43
9.021082424824517568e-22
9.890579094851748185e-28
8.387642457933976947e-41
1.314969653814055942e-13
1.743387141215006083e-18
6.344551670525135991e-35
5.580233110141439106e-23
7.958528258587280511e-33
1.223978845555546349e-36
4.143793265343606141e-44
1.874754001221237766e-19
3.891055626403898348e-13
1.161454960977816124e-20
9.969952005273867572e-21
7.362771741836664562e-29
2.267113038297901384e-50
3.160773660403001200e-23
6.645312502143983196e-13
1.782614794932368408e-12
4.819850795661414427e-09
7.173324324460458692e-30
3.462199123186823269e-08
2.492079508678174753e-26
1.407478261981878623e-24
2.631923600785905559e-27
3.689342557306875851e-14
3.207043858577867225e-18
1.481599574497968164e-09
1.077599163302184634e-10
1.956397928054404076e-18
1.208603173631069537e-12
1.951615414454129431e-20
8.396160367211148044e-20
1.250925353336128608e-12
4.571837782186539450e-29
9.818476899178970147e-21
6.500011236540548430e-19
8.281928895135119034e-14
9.761362847838135579e-19
5.894849908428793399e-35
6.159734492432011100e-24
2.070210492477982920e-16
4.236419927676766538e-46
1.287894049445246025e-29
7.586580605047295089e-24
2.879481829625004508e-34
2.917542996574746423e-36
7.112875337639937598e-39
9.527572257526470076e-11
1.146722577548419441e-29
2.440484393510835570e-17
4.853207594693338476e-14
9.429733346314370324e-11
1.790706096588669391e-26
1.716799251496037118e-18
4.456871141694782841e-29
2.269221292059659154e-10
1.082254611440407964e-11
8.915752736174857929e-46
9.294906655474585570e-10
9.175466402381202513e-15
6.661513200474365879e-07
7.639124031407131977e-14
4.216359135695267985e-15
1.289765589113636554e-46
5.374728859583993784e-65
5.363797132237722778e-83
2.080716708746298081e-80
2.204417551719760665e-116
6.789332595235009729e-99
3.732034032567940217e-62
4.035885481013334386e-121
1.807010294638726511e-43
4.925080868175765576e-80
1.493457620979950580e-102
1.098095466127547753e-57
9.209216753271542927e-42
1.222339214230380849e-78
1.177348939576837645e-44
4.457509211227397050e-29
2.148261115760509429e-57
3.823257134465063074e-71
2.005989858485160831e-87
5.750034602830616822e-50
1.008779280294855459e-59
1.076860661966494988e-56
1.026395487524511587e-35
2.420114125096208157e-82
4.600272162502601762e-50
2.875216434777068118e-53
2.457832267540074242e-46
7.746523059495759239e-43
2.064522711712712965e-55
2.486670179892349962e-39
1.600425120364024683e-19
5.513692528731937785e-37
2.349297964734036933e-32
5.604280420501057527e-22
1.368981847504216821e-28
2.731574753470557166e-22
3.995479290509473667e-53
8.119219173300285957e-19
2.875882240545737518e-16
1.290053022476043553e-16
1.013531563678774970e-14
4.092884479881616411e-27
6.513834387821444992e-47
2.248673473226845710e-82
1.383661756398454596e-72
6.790253712652248765e-76
3.694355397806606770e-84
1.166289643712066462e-94
6.498905240129645210e-25
3.732455686322602386e-58
3.839451113327299245e-41
5.666533765501186037e-37
7.773076580213178958e-77
2.714115782094858634e-20
3.288872272524255009e-35
2.489797752313378130e-20
4.275442893583456755e-07
1.366502059521306352e-10
1.861219192161597380e-11
4.877529455158711389e-05
8.433934557626942173e-09
1.124050812512166263e-21
1.622051886697798681e-33
6.319269941262536651e-46
6.831911323343213476e-43
8.237196937674194251e-35
1.556622090345396503e-56
2.156629174530350985e-77
2.734297616749945293e-55
3.463036269985846430e-47
1.386088079261037067e-54
1.239759138025910647e-46
3.170598824548048267e-52
2.987522138093039684e-27
5.102981697261620352e-45
2.752030964945346088e-32
3.981022418117375502e-20
2.240117601826427546e-33
7.008412931163098131e-23
1.212208551165546846e-19
1.866841736614747177e-14
8.937998745218398622e-30
3.318506152716142999e-36
2.087496311301960383e-28
1.124688849729355715e-19
1.589350094006630289e-40
4.214949455693408561e-39
1.296084884686014135e-31
1.267693807549684702e-67
9.654730591378587674e-35
1.249774114584384082e-37
8.743976841887605062e-36
4.661730705083679423e-37
1.287325036299264658e-38
9.273421017631841984e-34
1.012795872411868137e-40
6.471834930258416982e-20
4.292771527980789858e-65
5.184430569986361407e-51
6.242355925793381786e-103
8.116641965021802475e-89
1.093966947427429580e-35
8.964931433639568689e-31
4.608010381660133507e-51
4.224733849093908382e-23
1.068936270625233544e-35
1.963340390458988005e-30
1.070675826814177924e-16
1.400166293349574556e-47
2.966013185034197441e-36
1.667957370319715820e-51
3.405653171697991264e-34
1.589730768814650158e-26
1.081217357156963961e-15
9.666092426766247348e-13
1.559048692832249478e-16
2.922092750248547856e-21
1.263780462751619531e-30
1.010404545154282877e-19
4.465641532921039960e-12
1.792678053960669509e-20
5.440087967777013235e-26
2.560216275831314165e-09
1.406645915898022264e-11
1.130799051508950302e-29
4.308642988889035412e-07
1.696137748046353682e-23
1.063877978687757275e-11
6.937207236031480183e-24
1.311427405822869504e-16
3.402945558701146802e-11
5.605453292242972328e-08
3.297085088956968069e-18
2.866794316010770174e-20
5.009578039537356930e-21
1.031738948605008207e-11
2.146162188996724572e-18
2.017896353394210228e-09
1.967929279684229928e-14
7.739131179711040161e-27
4.564376407311050237e-50
5.679987257366730337e-30
1.312425703358770646e-17
4.662850117184738648e-16
1.229992646863965129e-14
5.923687546960338146e-21
1.426455825761432432e-20
2.007934677584812808e-09
4.311339555036753726e-23
6.429742491206154537e-04
9.510897561704283979e-05
1.162346626568172916e-09
1.153357678403458375e-12
3.223238563277537946e-11
4.090692228961741073e-19
1.050028403368632241e-19
1.850187185363171355e-15
1.009554926693789665e-06
2.306479390039392916e-11
1.646672900574029674e-07
8.350504510184653400e-13
3.719551199173567078e-21
3.079312254737259448e-16
9.659301439617155479e-17
8.286263712432318255e-06
1.215305827289968354e-13
7.115959003398296178e-10
1.011950318981020428e-15
2.557082045120296930e-27
1.815325256367232807e-10
9.649280327068619167e-10
1.346112471338928532e-15
4.364930015736320199e-28
7.128942089458689576e-18
2.633493970543255663e-12
2.904362994848766974e-37
9.210502651304513417e-35
2.139303298972797055e-37
2.901162598423644588e-12
7.780808766394989713e-11
6.224397471398123024e-14
5.892471136577394682e-32
6.634815595873014857e-13
6.067143686972520873e-59
3.713661810185412308e-24
1.838222217654726123e-34
1.101556950161795944e-25
5.827843581187983731e-27
4.954566979729566089e-19
1.302921228302207191e-24
2.748695137526570008e-31
2.526082982951841289e-52
6.323176024427786775e-47
1.924292871827143777e-34
6.720141780633914851e-73
1.791038764324723952e-27
1.361671438660401989e-39
1.271491498509824991e-15
6.699994119147371012e-23
6.206335170303634037e-21
1.316158342190832350e-39
7.272260201257863890e-19
6.695808647528441275e-16
6.025399635347504825e-42
3.280250187644024331e-26
8.067499035217952950e-61
1.236579929093194925e-52
1.732615902568223849e-38
2.289121315668488393e-15
2.075655207626057360e-11
6.324224802484421892e-29
1.574112595080959467e-18
1.038406219469404688e-22
1.293192175704116511e-18
2.317583470416300055e-17
4.166358087117316470e-18
1.291081736316981342e-15
1.951176449009449520e-22
1.291510531834044751e-28
2.398636604267166731e-23
2.922118994660531371e-31
1.680872602789339044e-27
1.867441851002933258e-18
1.766563822475007393e-20
1.213753853516907777e-26
8.350320577409860513e-53
1.795001663263793092e-50
7.060809904104361542e-61
8.371979914370884689e-88
5.667018522199363139e-38
5.289529387607879532e-31
3.381696641062306718e-21
2.828115850635381284e-30
1.007320017881475032e-44
7.142100754390203632e-29
3.646047040275351546e-40
3.525142938448582102e-51
2.130816791850717454e-68
1.187903609435757987e-57
5.585697923739409522e-108
1.312513945391984107e-107
2.282995224556718807e-76
5.795189390933234151e-100
2.147442336370463205e-92
4.169163355445266794e-114
2.588596993272824390e-109
6.922746513938082969e-41
1.916698530183665076e-53
4.625567359268130853e-77
2.394228262457826418e-39
4.694462704432564780e-83
1.603263020195148586e-69
3.024726271708744503e-43
5.373387903782061048e-57
4.289204289547586906e-66
1.571931603214495207e-50
5.488349147745006541e-57
6.205350424329499131e-36
6.727917300347221934e-50
4.424004334802240511e-69
1.400589239940294553e-100
3.398156438343943266e-37
2.265329492624695075e-43
2.867669638877904382e-111
1.268517729619610248e-74
1.398883067674897871e-71
9.607326157318302086e-102
3.677861061441040005e-80
7.999571645192307390e-67
1.272798930737605994e-53
3.203418127223184043e-84
1.083454248081632242e-97
1.059175332183375854e-113
4.336941282932222568e-54
1.774881076836513985e-66
1.399042519051969874e-86
3.149906962001493739e-133
1.391018327307902988e-103
1.342731722994052823e-96
2.908684298474439212e-95
3.579863095020861948e-121
1.040361896968868758e-131
1.777875568954926253e-107
6.474756691394378001e-124
6.945747100062144641e-107
2.308485323457461275e-90
2.333317242283744087e-133
5.072213025444482336e-102
3.021859363604450923e-119
8.090013847521639979e-99
1.129304142793616064e-121
1.393523067148118894e-112
9.362450550560039163e-87
1.960736727950714405e-116
3.055858976884917886e-112
1.466344524551969458e-71
1.241477160036573484e-70
1.656731175223570791e-118
1.500632163009700099e-79
4.643794270808647175e-97
2.038721403483295089e-69
1.568115234859136498e-90
3.158339001865663242e-61
7.000770630941097274e-66
1.007687558916308836e-108
9.849201250861308974e-117
2.569805094596016933e-100
2.829992248420161454e-131
1.130076705339420822e-116
6.977712195954642996e-79
1.115984505166406281e-130
2.089755798357055372e-79
3.361414938685939186e-95
3.061016377005613068e-69
6.832086386293436509e-55
4.515310321001201367e-103
2.094890760921373957e-110
1.690950633414833195e-121
9.541387157614491276e-134
1.770247621650464389e-102
1.275317504324563891e-106
2.687755947970730447e-55
8.548224815142690225e-63
2.530541727131001710e-86
4.272569338112876414e-128
1.699428483855577276e-93
5.400256633954713620e-68
6.589931755798185510e-105
8.696926626586164543e-121
1.096975810357487487e-111
2.361290834623050970e-104
3.378144145003574978e-85
1.850864750991326475e-59
1.329870320411146012e-92
8.051548991392282895e-72
4.068019222756685125e-86
7.412404610431072797e-86
3.642054956261763026e-41
1.178009124534315754e-58
5.249924132472041408e-68
2.611268963193905863e-86
9.893175875327543877e-68
1.363465374171879338e-63
4.990523224446926822e-88
5.672139872045137261e-40
3.816710036027832050e-59
3.468448601323180536e-123
1.738850742999063355e-59
7.981073079317177269e-57
1.938112630934409291e-97
7.250565255125280755e-73
8.050517085566913344e-79
2.910145992602731668e-85
5.811133236230351058e-85
1.899315110143912015e-103
4.519244726551368282e-109
1.706677824825122923e-85
5.043882892603368989e-87
6.944513032495706772e-54
1.839749211515892053e-83
1.851417956544522180e-79
7.720625402476887964e-45
8.373395879800458342e-89
8.056456264824686345e-62
3.235429881695775540e-95
3.554389067053012548e-113
7.655876687450810117e-106
3.830368345670533163e-105
5.229713507709326521e-118
2.571167864630488111e-117
3.730319014502981050e-136
1.775075456532367010e-103
3.553654544729978631e-100
5.750346780080476533e-124
2.613308099288695709e-114
9.091315235920388581e-102
3.831455172606053109e-88
5.884445925413816623e-90
3.709252677820964836e-114
6.601853834010707007e-85
1.816340353218472281e-75
8.166967649336166087e-98
1.795501738120007637e-85
1.180089841023810155e-82
3.184330990343489564e-108
4.247076949565986701e-68
8.402674477249317900e-112
3.820002011933077475e-97
2.432619931098351221e-113
1.862218141860576844e-105
1.180817619640666081e-71
6.896775464077944896e-137
4.374123006401471554e-105
3.967503778279783442e-105
2.939085155012380732e-91
1.635543920810151208e-68
3.896076720781612547e-137
1.949324707821039995e-112
1.621407004854179588e-108
1.501057327954118217e-97
5.215858579286324604e-113
2.852604115849779043e-116
1.268373241268489115e-118
1.261550714006697205e-117
1.717009096537864787e-122
1.007179386076933118e-119
1.335381614946338728e-143
3.481980524628174968e-89
1.573128201085181390e-81
1.895159154319990697e-96
7.799523725989582794e-138
1.667672610323319919e-116
5.482501699066634573e-112
1.620825985662334531e-131
9.403150307091764110e-120
2.234763641263055996e-82
5.810533196213094378e-119
5.340528781693569799e-96
1.451433443954536083e-52
1.123589508901289659e-100
3.104018013758594063e-96
2.273106615079269638e-73
1.034897234081658175e-75
2.499421314079358059e-83
1.403626957425627413e-90
4.655660396723571815e-66
5.807082774619013653e-92
4.471903716994326382e-76
2.017711524276934415e-31
8.053658201275547893e-11
1.861525914473933554e-15
1.173368518444930273e-49
9.345951552008009341e-87
5.103974714486582382e-53
8.893902653682791943e-97
2.924744432409330817e-117
1.900763265828739191e-103
1.227139645525741466e-100
6.760940409484629724e-53
3.146794202153007872e-39
1.920987762066802358e-100
7.517858244249408017e-69
2.199447256613279779e-125
9.148006060898040041e-83
1.028834923235410565e-55
7.133762083625927989e-76
2.418274213937152583e-78
7.162958488365148668e-108
4.555407443540873848e-90
1.269432912070530162e-81
2.107562046827777493e-29
1.328634625731851545e-05
7.229421542714206156e-26
4.823871117026445174e-09
2.385351988216313717e-05
3.017032228734949992e-11
4.861620433363417066e-11
2.046276731546116564e-73
7.861743285078817171e-29
2.865119417842962385e-26
9.581293649794588181e-16
4.831053688222109163e-20
4.288795468068433034e-14
2.219933612540672325e-24
1.088741711279805670e-22
4.708799717160691372e-33
3.469875536624697814e-34
7.840291548016467044e-21
4.806664848228881933e-38
3.687738212150257671e-09
8.180322639839530686e-06
5.161457913969689255e-34
8.523244656909714691e-04
3.767892391051089915e-29
5.316886257098027850e-35
2.127629776844229059e-24
1.755228878050020932e-19
1.349504643702068584e-32
1.995519827351427147e-39
1.428801567826439452e-31
8.333762279005113128e-68
3.541333783221453800e-45
1.197612914980561421e-76
1.215017340181247663e-43
5.304415442622341954e-55
5.130662120293149073e-95
2.535183335385354563e-55
7.328761260495032700e-63
5.043850637105675811e-74
1.062318842084621932e-55
4.970229425143676604e-74
3.833987598543405555e-25
1.072741689581050921e-53
2.055985874996321351e-80
1.278559069386842468e-50
7.636612648142471158e-48
2.315953620727581634e-33
2.859135219415524263e-44
1.557611660305510207e-29
1.691286980658194063e-58
1.601681417575970970e-32
5.849504636645200179e-71
1.834406058462671973e-80
3.774864050468405275e-62
1.782900784922108875e-60
1.292227418828614050e-64
2.345161559968408788e-48
4.428402640178501112e-53
3.689316425496891125e-69
6.169185258176767765e-58
8.944735325072413012e-68
3.868359052720397846e-51
4.613964524532857463e-37
5.632301062744171711e-112
1.919585193173102201e-53
1.533888111296888080e-59
2.647069286978631777e-48
6.920597001030201938e-35
6.255358400881568240e-102
1.085829167763240716e-113
2.310573868610177728e-84
1.755934610019523972e-83
6.079585742310939555e-56
2.678063121118836489e-51
1.518265090045690246e-77
8.702012671875079563e-58
3.545861114220544005e-67
1.667164558610491215e-37
5.228393709196125067e-76
1.775791019836688146e-60
4.212482568447069854e-39
1.724395171336489458e-39
5.535180676362926798e-54
1.106294207688304602e-72
1.071292844187950033e-71
6.123352619121653641e-73
2.890615493463440361e-73
1.714780662119270373e-97
1.538612642185346472e-97
3.965935759641368026e-29
4.186194302729150130e-61
1.733598263714150004e-77
2.556278245877076561e-43
4.110600901554801925e-47
2.377276924148210547e-61
2.836370837239039837e-46
7.303518223118974753e-56
1.501998316180034191e-91
4.314545256835847844e-38
7.492588676299677058e-50
1.588616126989275683e-36
1.513128337922919377e-79
4.064872563400923898e-51
1.195678051030161937e-91
1.255631298474101436e-15
2.553650229219566852e-34
1.835644385482656278e-77
1.064097039341341157e-59
4.158572825827822180e-72
1.740073797800457206e-35
2.676784007986115121e-24
5.009840227823000483e-70
9.202142398894846816e-54
7.674791278217812462e-64
1.814422301050394131e-64
6.973027222422732740e-40
3.619398084224540019e-56
1.141444738391980361e-55
5.928126908069165450e-48
3.428376118018535499e-29
4.560931107846177107e-32
2.280646974896605511e-46
4.067421362414716938e-53
3.032289800342622209e-35
3.790752859066993575e-57
9.368872900771631601e-47
1.601714895745398147e-53
1.639932261410982228e-19
3.636575979278276830e-16
7.072765097384185732e-55
5.828595892649435334e-20
3.563007528669709445e-34
8.636722704294113314e-26
2.549202562633280835e-47
1.532775805727332308e-21
1.026107660357150018e-38
1.704631711426295744e-57
1.483964353923970850e-58
4.193310959897688205e-25
3.421266302061741933e-71
3.612791575174792887e-61
9.347657112239166688e-51
4.125678941730632817e-85
7.602596215698743695e-25
1.400406362910693557e-63
4.193077762573777959e-37
3.054633658730606874e-31
2.685781861871323668e-31
2.572264209061504871e-36
3.639611173223278716e-42
3.054814941579755203e-41
3.788909148902125722e-43
7.602736533530539764e-40
2.943182180470692054e-31
6.489088290491088216e-29
1.181283479978957214e-44
3.078511105273471159e-74
5.552422872887152799e-30
1.468694961800625439e-65
9.318675086332019565e-41
5.113221786385270326e-54
5.688219346304129653e-50
1.088911801299497126e-14
2.637718555172603921e-87
2.508047178888372975e-92
7.360519516847941577e-53
2.343707825171751935e-66
1.981738766472284979e-20
4.534318058944492291e-41
3.380212477880223563e-32
1.146804614011067080e-49
1.550331022976464379e-50
7.667970833141002533e-55
8.048845662796306780e-57
8.481906406268202536e-45
1.817133523929762857e-34
5.211053819847269135e-29
2.069915519968771794e-39
2.404866384584989276e-21
6.152925322170437924e-21
5.549353336850319862e-26
1.580537676668374847e-51
2.226494952492098494e-40
3.393407757677376935e-55
2.623610796070972596e-27
1.451293225011700559e-34
9.210466233600056894e-52
9.811499815977275635e-22
6.996410853014664965e-32
3.003063994909705844e-41
8.171254437655855876e-29
3.541125986987461331e-69
2.461960226580913068e-41
1.589266105217706258e-48
9.316905911172809220e-66
8.903344393365059493e-84
9.206690504727164011e-46
3.359952621004797002e-35
2.860164773012315312e-30
7.408937735394527285e-26
1.219389224640101695e-54
8.200244626589085696e-47
1.256342838397589967e-19
1.232836340882384271e-47
2.050913031109174799e-40
2.902887561587518085e-29
3.140296274007410191e-37
1.564765984562074952e-22
1.814652331671743650e-12
2.887512179384291856e-35
6.331112547813561783e-39
7.507733194604839651e-14
2.443285916008781209e-07
1.191340300621445735e-10
1.172841590340348833e-07
3.621928655484022483e-16
2.211259037255969308e-31
1.192691943006309397e-21
1.141193828931826969e-25
2.816752911561902916e-15
7.005184193773132547e-28
2.816359968070959458e-16
2.112183392148216796e-28
2.859445791406066317e-59
3.978499684441710978e-45
6.044244921246888477e-91
3.933112538364735208e-28
6.288729188384213275e-41
1.263159222769228724e-47
9.530171376084354758e-47
4.662613836688417788e-27
1.357982377856244943e-68
7.249871528651281794e-61
1.783537399618320423e-70
4.521320443065298478e-61
5.204407781605628595e-45
7.727509292075158760e-42
7.660765680197121771e-58
3.837059240712345035e-72
3.095220283526533813e-120
2.322854804058373835e-58
5.842227682865582408e-20
9.321621361397955307e-26
2.871380486131276906e-29
2.011405492503006808e-35
4.913988488892656169e-04
1.171330412700140733e-05
4.019414928924446115e-05
7.860675957981428036e-04
2.474455954268085289e-10
6.769490205484903584e-05
5.917756447697505581e-07
2.452553137839068692e-07
8.899610935192570975e-11
5.126994609623677314e-11
3.653198839849850384e-08
4.485679191023708981e-06
5.237072358909304209e-09
9.261891178210262697e-04
8.211474520889103517e-05
1.055415268202859475e-04
3.518880998621021650e-04
2.113361164887080947e-04
1.503545462234135636e-04
8.789773444360132911e-05
1.700395848497315205e-07
5.146769740639994389e-05
9.916252439643128292e-04
4.313776368423740694e-04
7.827803279934278583e-06
2.805190853657253957e-05
1.007397249416247607e-13
6.580699370080185687e-08
1.692362012140000293e-06
4.266819465809136004e-06
4.141378369386488332e-04
1.774177543629238280e-08
5.018319618592738699e-04
1.084065147486185533e-03
1.103179404018853234e-03
1.877018559554823258e-04
8.450145792011676860e-07
6.027559174019808743e-06
2.509798119766205066e-05
2.185632200882790777e-04
1.836911035877776313e-05
4.296584734824323236e-04
8.593395767343453396e-06
1.191257832616363912e-03
1.212042042240748870e-05
8.515381239755848424e-07
4.489708278527317661e-04
1.175154428234752276e-06
7.028223292544558132e-04
6.825142480167619178e-04
8.993666877419031081e-04
2.743133658237705691e-04
3.558860315564775652e-04
1.217297145763305503e-03
9.017870547503983839e-07
9.935546139086470167e-04
1.874335652170407390e-04
1.070845719221180615e-03
6.991301220905468293e-04
1.145633675845982328e-03
1.013487449289870047e-03
1.018503431260290746e-03
8.094558281588645863e-05
3.514337026727406936e-04
4.190362345297919265e-05
2.347346504304272162e-04
1.054466636207409234e-03
1.086239306983698709e-09
1.207269053294612393e-03
1.068517956746951360e-03
6.335685876130409800e-08
8.063872678369821828e-04
3.776104117433379904e-05
3.148844795114835553e-04
1.360163057893544465e-05
4.169395859524635930e-04
4.448694249996735263e-08
1.927735725545276935e-04
7.960481862937340662e-04
1.157389285919747718e-03
1.030554340064210664e-03
1.313752267520335807e-04
2.415438998638963738e-08
9.040862929843763605e-04
1.017847258128402904e-04
4.114904953179228863e-04
7.012893143083543139e-04
3.201350214601026242e-13
1.357175000920708139e-05
8.412989924262081695e-05
5.005923144501818293e-04
8.909317354182177224e-04
8.154814737227583481e-04
9.709140785323279064e-05
7.651424248341697019e-04
6.709438048132388323e-06
1.170634222329941472e-04
2.469265850171982186e-04
7.607794396334871144e-04
1.387855726454050525e-06
5.792445292758419302e-04
4.790400958109842220e-04
4.974872601822077445e-05
2.128568516093572887e-04
4.759090115508643774e-04
1.158383661902501801e-03
1.111529611340456979e-03
1.107672425348261037e-03
5.808984421052874316e-04
4.570961443358244770e-04
1.069927369445118626e-03
4.736912202379725550e-05
6.653228872637996874e-05
4.124933425843397173e-06
9.759577384064306799e-04
2.484096830856569941e-04
9.315943367705903355e-05
5.007344183657663674e-04
1.094032408567149721e-03
1.078231883610610920e-03
3.045988836315833797e-07
2.177112647519332297e-04
3.423130787321709704e-04
1.368706736325729058e-05
6.133477254126626012e-06
9.877613841676119791e-04
8.750538073083167806e-05
3.640445439033622357e-04
9.975491447068386610e-04
1.136316936538805554e-03
5.130820218022311271e-04
1.218458009050709138e-03
1.236723121426950645e-03
2.899689301947975980e-06
9.786149146565711508e-05
1.226118125573310213e-03
1.006245198965542405e-03
1.134745181786497251e-03
1.183767169386653858e-03
1.221244186464440478e-03
1.219888589248569345e-03
8.999918490177849463e-04
1.133770311910672511e-03
1.215763641610756625e-03
1.237291107674897382e-03
1.098973841161681158e-03
1.226935382355674210e-03
9.885306704113020447e-04
4.883550129250284477e-04
8.242619499462472757e-04
6.698431612305311405e-04
1.059636524423723282e-03
9.504852002503934609e-04
2.032144314671912290e-05
1.233599147162746986e-03
4.041383123091236702e-04
1.218420178711058762e-03
1.158322103743248408e-03
1.017033226304473945e-03
1.141096935774417670e-03
4.930753982171494050e-04
8.492416812339000564e-04
6.906197038748547259e-06
3.370250631956622106e-04
2.333383599385539591e-04
7.751999876937299338e-05
4.974482457980777990e-04
9.399733291640808468e-04
1.162424572322005335e-03
8.463578153005056571e-04
1.121988751446359976e-03
1.208122839917533369e-03
1.101607243560327612e-03
1.171945989514457109e-03
9.694516831112594789e-04
1.155962484628853719e-03
1.179092783891158222e-03
8.564709885677448259e-04
2.166566010245965946e-04
2.474776956310332609e-04
3.107108398384823529e-04
2.089906532413575454e-07
8.090906094169259336e-04
1.153526306841893244e-04
1.147947857273573166e-03
3.954677606429845660e-04
7.287114859292055775e-07
1.010465128791198080e-03
3.324410713276075547e-04
7.169440548370224677e-04
1.198231697650974873e-03
1.103946950462329166e-04
5.259330374752771344e-04
1.143529380487655388e-03
2.681549927810848743e-05
7.291682571812927371e-04
1.178904217875621774e-03
1.200011931208327855e-03
1.198820000799144135e-03
1.233407997707660578e-03
1.055983630211841618e-03
3.874090861940410034e-05
1.170028349405867561e-03
6.528119557058999385e-04
1.207133697515190562e-03
1.117158085305170519e-03
2.712862928850821582e-04
1.086989591102674631e-03
1.158086050719745472e-03
9.194084601021757365e-05
1.140518403641532395e-03
1.180531373665391886e-03
1.093107473490577321e-03
8.868376171345689453e-04
8.776061628424296039e-04
9.353819084900161208e-05
1.168181514684537734e-03
1.115974185519976814e-03
1.419840061748239719e-08
8.892925982173833675e-04
1.112829473906701717e-03
2.502163412005781445e-04
1.205170103824291161e-03
1.130475476995284126e-03
3.320038082179076785e-04
1.268856016276721896e-04
6.505746734890013394e-04
8.888176017879695790e-04
8.653960724523362784e-04
1.881109787304811138e-04
1.117898228413639113e-03
1.168195515408103260e-03
2.795400810818325426e-04
2.141524963024478477e-04
1.061148385778429640e-03
1.034853416960187155e-03
9.796590190192925630e-04
1.135797649004954618e-03
2.887668713752968215e-04
7.755464874458860682e-04
1.103916952543130452e-03
1.679145328747003101e-05
1.108478851332645202e-03
1.224374206633659697e-03
5.182966586930199543e-04
4.544122110610647968e-04
1.174600920488572337e-03
3.128849985580752380e-04
3.124546172699608233e-07
8.224419670071948134e-05
6.470111747547957742e-04
8.768405744847914849e-04
9.580260190068391312e-04
1.083068776338647846e-03
1.133769396275653750e-03
1.063889345620115797e-03
8.497349643274914417e-04
1.144967571349852836e-03
5.722361844712451923e-04
2.531571615859416237e-04
5.383836508504921247e-04
6.180459632196952033e-04
1.185455070763910112e-03
3.170499555617655309e-04
6.177389916360640073e-04
1.201804505551252018e-06
8.632227101828682117e-04
8.088396462148685886e-05
9.191800002810099346e-04
7.849299648210763406e-08
7.462289135102488213e-05
1.588242875824382599e-04
2.634145731370007561e-08
1.965289452183057451e-05
3.152707300336010437e-04
1.167834796791313553e-16
3.001711418499123261e-05
1.641687580845930427e-05
2.139182963349134051e-11
3.450724700965657790e-05
9.445642706970574934e-04
8.585015816636619099e-04
7.412487779044288220e-04
2.831861357354138980e-04
9.190070570193147308e-04
6.325915140413182480e-05
9.801591741520276294e-04
1.087503240809661077e-06
7.524585787204122068e-04
4.791388666457154161e-04
1.073871875767375616e-03
1.029226695604619534e-03
1.029835180210940566e-03
1.648060342674794381e-06
9.622388094680239942e-04
3.423538446942902615e-08
3.567606135648230463e-04
2.505029756217668001e-04
1.069397893597711161e-03
7.486731126739156004e-04
1.144949457808280575e-03
9.829954364595086883e-04
9.258975238314937680e-04
4.146183050545523179e-04
9.590290709886323131e-05
1.056436792562165210e-03
5.395044415607883710e-04
2.286990864205554333e-06
1.073097495199446406e-03
1.114298373438601768e-03
9.490229361649544983e-05
3.248844734321492528e-05
9.313519183578901350e-04
1.088555594340016386e-03
1.191731131285375059e-03
1.218414470829230333e-03
3.603714251153411594e-04
8.720533956447388884e-04
1.099459528785640388e-03
9.837815722752237153e-04
3.587734968640777223e-06
5.619529508337687109e-04
1.008767267944617055e-03
7.105239918828584137e-04
4.455113363199035646e-04
9.674416034034082762e-04
2.693453499386579022e-04
8.497878208036157904e-04
5.578187366687039749e-04
4.215175244829163495e-04
1.520239720975738791e-05
2.085232105478250064e-04
3.966139039153821931e-04
8.411833429364128957e-04
8.783912736889884238e-04
8.213952997088059963e-04
8.810800878270958638e-06
3.141319420454179016e-05
9.239080009425952632e-04
9.737889910707986244e-04
1.218453671939013962e-03
9.262770104870754907e-04
7.971409173625443280e-04
9.584382849854568244e-04
7.653705691824929118e-05
5.560601861045930388e-04
1.472037954524380245e-18
4.571089639694143506e-08
1.620898859131402980e-05
2.608316131939121475e-04
1.223850808569396254e-13
1.074137664223751731e-04
5.859268933827201177e-06
3.951106698922746303e-04
1.420510553206997888e-04
4.405442200807942622e-04
1.647355661201087187e-04
6.145709342981651394e-05
1.006914871689301716e-03
2.884572836665262965e-04
1.074313868875046265e-03
1.109443196403881327e-03
1.205167092247779988e-03
4.944847224516946095e-05
1.966374928057804984e-04
4.945886644977061599e-06
4.339839679329661275e-04
5.277667498648101899e-08
4.563016307738957967e-05
9.625736307666031349e-05
6.224805357032459942e-04
4.600135255199720095e-05
6.510760646037704654e-04
8.897902922258901911e-04
1.098974171943861450e-03
5.023480892586803170e-04
1.106712871483480186e-05
9.663469684798775463e-04
7.838282573362368236e-04
5.897091623209062599e-06
9.985986524610845731e-04
7.208739071023360836e-04
1.040105357645096200e-03
4.503697795552471204e-04
1.895418910573430801e-06
1.015952204708543607e-03
6.225319982919878998e-05
7.627890093155523894e-04
5.899064966190973669e-04
5.306340947937361087e-04
2.171766657794247236e-04
9.714109030787754142e-04
1.117586611492412752e-03
8.211188466766250992e-04
8.101955690638384684e-04
1.219461881179059995e-07
8.919817907584657842e-04
1.664228587589025788e-06
3.037533112546933283e-04
1.271285857140214290e-05
2.409550103980067823e-04
7.652157935905865978e-24
3.516780322769338721e-12
2.800158173343831192e-09
2.248697596916020432e-04
1.169188104969521181e-03
3.185657178668977026e-06
3.626542197465435707e-06
1.574502500619016973e-16
6.100909622566998668e-04
1.928122560775728140e-15
5.500624152866074771e-05
3.573065398682025487e-04
2.885179184200603246e-07
6.203927678336739132e-05
6.970805038609651741e-08
6.019909395591941737e-04
2.217763479331725997e-06
9.850628431188421122e-05
1.014043153982949717e-04
2.931500203315363037e-05
4.070427993909240272e-20
3.184219086297164153e-08
5.828450059838101803e-07
1.460683162670625792e-09
7.256711412210064027e-08
3.625361088131449035e-12
2.696624710397867682e-06
3.031965985123196631e-04
4.846252502673566089e-10
1.002972751171602600e-05
2.485060753834196875e-11
1.854245509118128367e-18
2.136432613226705213e-04
3.801216429932682282e-07
8.509742944057259577e-09
3.742087275061781716e-10
3.695288713383409335e-05
1.042730540258138478e-05
1.578189279319518116e-10
9.053993656399001084e-11
4.029379779780536585e-08
1.885164735320480243e-23
3.808805572373029748e-14
1.205533715937968800e-03
9.749983356020422438e-09
1.103269610647369947e-03
6.343082942254272107e-04
6.102098083691645795e-14
1.142055534781808357e-03
1.858963543910509665e-05
8.297504248402807759e-09
7.540152378174697068e-05
2.720610054251449621e-05
6.328755835038518728e-04
1.209805917968112664e-13
3.593618935142104033e-07
1.482899528141414858e-04
1.880295037529460369e-08
3.511599980115981130e-08
6.303835870581252958e-04
9.112381144655517277e-09
2.063925527273936364e-23
2.879270280609912982e-04
1.380513610028040121e-05
6.152578265649749716e-12
2.633149287653761845e-09
7.650448505819094740e-04
9.569863623032478974e-06
6.390205128420577843e-10
5.485363853957166093e-04
1.783233934361448855e-07
1.196997690337644462e-03
1.297972075439234916e-05
3.552003971688408394e-07
5.265439192263667674e-04
4.934057589286542889e-06
4.710421865112781768e-05
1.677622003618119237e-04
2.650958969994285382e-13
1.066329849055404030e-05
6.641432173082118652e-28
4.809587347532076902e-08
6.302640156857776095e-04
1.665619966242592298e-26
2.597861503296309182e-26
7.922631372576428004e-22
3.706051319079401804e-87
1.813787928938589633e-90
2.544640753868575405e-61
6.643682460230504524e-57
9.206302102397221746e-35
4.409129685484774613e-27
1.138036477488932647e-58
1.394188413948377257e-52
7.891458059112959443e-22
7.463368752150007404e-18
4.941361413216717113e-06
4.334492400085043258e-05
1.139543458215401341e-09
4.152374281526925876e-14
9.088563874523591006e-22
8.364380741633142847e-24
1.168855523682987611e-08
6.732364582263663401e-27
3.345739761035292088e-18
1.053605764171015275e-49
4.299729722066031822e-23
3.473633093367876607e-28
2.578477540914924156e-34
8.145029442696637987e-20
1.120693357204884315e-23
1.852578490065303140e-10
1.218219076552613363e-25
1.225705008166472112e-44
1.668322305535962612e-12
7.973855154316148371e-32
1.033822934147587887e-16
5.198632873311526780e-11
5.219324051811767240e-26
1.232471716871930159e-06
1.781903797363144627e-26
9.756968970691267501e-28
1.655993715075815811e-43
3.726768893072028725e-56
2.103625771028086294e-52
7.285368948064522997e-69
2.695767379497417874e-53
2.015130635132116416e-59
5.403848404976708531e-66
1.330525039532061724e-91
4.508169064691953848e-78
1.053710913715370443e-66
1.341539591515962526e-59
2.271371370492913751e-68
1.160849158295146622e-70
3.828416953310903831e-88
1.060684372306355206e-77
2.525694187856030303e-108
5.596101970564215705e-92
5.154445995800270349e-90
1.288067994229248001e-72
1.596329747164268558e-48
7.960731706784329668e-74
4.228896748435607064e-83
1.526725239343585170e-67
4.686084220414255011e-69
1.749620714638453457e-100
1.598331203373619277e-66
5.678549198736052714e-55
2.143618612794679212e-47
6.522643622702927712e-50
2.172634816064401052e-84
3.532918860444976862e-26
2.223558965376582433e-42
2.958649432119238713e-76
1.032540036372161750e-87
3.913649194690072608e-60
5.027839989709442607e-61
1.918089289257282181e-39
1.621924785556394753e-35
6.765434763572052112e-23
5.572468931955274211e-99
1.201813373493759180e-44
1.446450200227924367e-35
5.204400969530410305e-40
1.614145876627110623e-41
1.090608033260323325e-40
3.072867148318141666e-42
7.629779880444898052e-60
1.126381359931101243e-46
2.817996175613431008e-55
6.674981180387490218e-31
4.529279669863631976e-53
8.828286106921635162e-42
4.770658836328842505e-24
1.534140664506043947e-45
8.604081802569404249e-57
2.716661270585271364e-41
2.199938538869431986e-27
4.149446474314208143e-42
9.758265225755549851e-10
1.881755396992152200e-13
8.158388342114490964e-18
3.496613491300725612e-05
4.101080716960710205e-06
4.765269241033727194e-04
2.265347090734100720e-10
4.056155801871775482e-08
5.755970663437855571e-08
6.614167636509872376e-05
1.176359935512352701e-04
6.384190266917313961e-51
6.554074611363882504e-17
1.407505168503869697e-42
4.924430859146134217e-27
1.362590194097209620e-06
2.282396150436312667e-07
5.320092772331570465e-12
4.625614325222818842e-04
1.212350321857226043e-03
1.080616052567477886e-03
2.593694536388382311e-07
1.537414338958298362e-06
5.438377594829233163e-08
1.535182262647715162e-04
3.718641345547347410e-06
4.666393508110317225e-06
9.816061600277546617e-15
8.787305111118889813e-23
1.799867326958388653e-24
3.813559210342983729e-05
1.452229229863339188e-32
3.440643163434749612e-12
1.607513490460999090e-30
2.172374278647108359e-31
1.098833184672433427e-37
1.829177750591490332e-35
2.874993657712120235e-08
6.136245577807803299e-12
1.923028791721418851e-21
4.635910302883141211e-13
1.045725716925772818e-07
1.653756663452805139e-14
1.716846712119357448e-24
3.621185817638747878e-10
2.128295119463267382e-21
8.899809236188867382e-37
5.279859327006888932e-23
1.589070568976770782e-25
9.017666146433229671e-15
2.271972928711101490e-31
2.986317075661833564e-23
1.896974115141253704e-17
3.466774325152412952e-14
3.332035781283937220e-12
1.275507755345788752e-33
3.275237344121852256e-09
4.535455979377860213e-35
2.739851121310808207e-29
2.882473117719530380e-10
1.920129002814161872e-11
3.060176432097388496e-28
1.389632011315471057e-29
6.100107888404347154e-23
2.588106605682310516e-29
6.408272971932985917e-17
1.373025020574472983e-45
1.992921221408340463e-36
1.315628109312345342e-50
2.479519205405283511e-46
4.475875505588279542e-54
2.816857947587717780e-13
2.539514257500807790e-22
3.104831574858864579e-24
6.995143354743904147e-23
4.477245538217390148e-52
2.724121164783473956e-53
1.728130206304768837e-61
2.054388394465330909e-58
8.705229855265722247e-38
1.885650003286714272e-58
1.297478610177480529e-28
1.829778693020676730e-38
4.829580969909715765e-92
1.328594511292357671e-54
1.371090851340802265e-59
9.153179713017367281e-71
4.132246985178265890e-84
7.222940181873150262e-66
6.250501042725318595e-43
9.159861808982092683e-50
2.910296767389270480e-38
1.028762712715890937e-52
8.009051082282827451e-77
4.990859404054533522e-57
1.278819027769522506e-56
1.341483734362121907e-24
5.949544320880632507e-53
1.299074332590014925e-81
3.206721813469650336e-50
9.944740554036797067e-76
2.841158859260570131e-106
4.218412111955899737e-131
1.555574319577291660e-91
1.608075253747101556e-100
5.544314106547244281e-100
9.989254596068700053e-101
3.446771814366154567e-112
8.481946939439557625e-115
9.764582568769411204e-93
5.625322336039545440e-88
3.774497017630011435e-64
1.925035520841551764e-30
9.974784662784477101e-67
9.215993373329241702e-37
1.790400787305648545e-42
1.303621421912314317e-79
6.689550127136787777e-93
9.390603684763515218e-95
9.270921447469028872e-65
2.522127415866951039e-111
5.821383676310069269e-79
9.463620111314846686e-83
1.041344327583020514e-89
1.713796890351862710e-68
1.475488071384065542e-66
6.383093276230049605e-91
1.514453260237520058e-70
4.879233588571619072e-77
1.025181316824530331e-87
1.102449249243796648e-59
1.563840492569570202e-63
6.541387101765203806e-91
5.151547451541376940e-90
7.059752760091830577e-61
3.154446722930262685e-56
1.804374318889338491e-46
1.094723712764769832e-65
1.769943918939063983e-16
9.406811759850042657e-28
4.545352022585185374e-78
1.418182443087886967e-71
2.070856845167563697e-83
3.321864762297558592e-77
3.329511073817722771e-90
2.768342070795591276e-129
1.569121969004405317e-94
2.151834302804477826e-60
1.964282489034621218e-104
6.452858550949805993e-89
3.023988074868525436e-87
4.341016400459205911e-113
8.443370597743985885e-67
3.452423685994572565e-99
9.401575589404949843e-107
3.946897895278914625e-117
6.992360331028599676e-113
1.356671805715684913e-99
2.587075954737981356e-107
1.672298120875369599e-120
2.998588312383129445e-127
2.162284875801270405e-92
1.685474520683329185e-78
1.067436774848409051e-99
5.356918108282439895e-86
3.844826437506734356e-93
5.109598642917849478e-108
8.822199456002100568e-123
1.487535269218396955e-141
4.668984287409910359e-104
4.490565217536346626e-51
5.217062429773223698e-105
7.518362074438098432e-88
9.358511105773985195e-119
3.292056465190600743e-104
9.779027312778391885e-109
6.013641309069161487e-93
9.402992922296964845e-137
7.263018383918780472e-103
2.435227820967939970e-123
3.422706222710035241e-87
8.525521609966644170e-101
8.637221332910483524e-132
6.888976259258363527e-103
2.659102754718086291e-115
2.052467263695924153e-102
6.589884587028992323e-94
1.046214333304712173e-95
3.925786424760922251e-102
2.954899833078912536e-107
2.396193535092364848e-117
2.701453787743120366e-106
4.120704875416191013e-120
7.006474762189884063e-112
8.310697495745258369e-126
1.037947721783064922e-86
4.226366863770016441e-37
6.944500733797685402e-33
1.837134679947212855e-09
4.237435952336077420e-07
2.011043243010632284e-05
3.435078598489329473e-07
3.366880116103782058e-06
9.085737722508884991e-08
2.303449654440502031e-15
2.000747111282840138e-08
1.348479623354395023e-32
6.520972212663827671e-06
2.454370441166483108e-04
8.460111390942149378e-08
9.910780766497921723e-19
2.543849521479984318e-11
8.850432438948563541e-06
7.873059851773565831e-22
6.125329306207262789e-13
3.291413432369324119e-06
2.988286724626994156e-05
8.954404645415822359e-04
1.432122455754772003e-09
3.311907910910884247e-09
5.768241226327018604e-06
9.871344804595576629e-05
1.189827522531118273e-03
4.898451732928660042e-18
8.815345962395619887e-05
8.147635898179799710e-04
1.020929579912562913e-03
1.154921089562817174e-03
7.871027721974595875e-06
3.641161715723620525e-05
4.737531502710298748e-04
1.029560449109727382e-03
9.659157531185726022e-05
6.096827770167095412e-06
2.297742533639715937e-04
5.142952412346324978e-06
2.383551948982241962e-06
4.899887924417394101e-04
1.776625377991359295e-08
4.244374457456704113e-05
6.669934879557200757e-05
3.573202133617277572e-09
4.878530100906756700e-06
3.715123741147313306e-04
7.944002081104798146e-04
6.871160185698647069e-04
8.522365062107605145e-05
5.321529196631864626e-04
7.391746777982581606e-04
5.832937676632690260e-04
1.342025979266065681e-06
1.920145050666134571e-08
9.594224472510030601e-09
5.804676662135219416e-06
1.492777963926505496e-08
5.680575943302861838e-05
1.302573658946974580e-04
1.156987074874496360e-04
4.707703283796144048e-06
6.065735493735414447e-05
3.242028025384893422e-07
2.341945214986917446e-26
3.173007892756327350e-06
7.912756045823750783e-05
1.979391747843566420e-04
1.734489543716769051e-05
1.050461417216288140e-03
5.374013478993928472e-04
8.467187666956219137e-04
4.318036209022864329e-06
9.182994714751042687e-16
7.450590612491182546e-04
1.163428519104103880e-07
5.879146511774732211e-11
9.453705005739650473e-04
1.018133057504051276e-03
1.014937649520806541e-03
5.201624585862870792e-07
1.921853748232489536e-04
1.341105340441047303e-04
1.453435741323617070e-06
1.419997265724433879e-12
1.155221680352507517e-03
2.331829579325603804e-05
6.542001954543021914e-07
1.889002389791297632e-05
1.492499464224273770e-05
6.977362873533331540e-07
1.173270689766434006e-05
5.601357678734837781e-06
1.372585220425688883e-04
1.047839884604909785e-03
3.296241499151628986e-04
5.626554028775130735e-12
1.234887637271394270e-12
2.786865485749823366e-10
3.058979937467082018e-04
4.674358927134616711e-08
1.429057832350454527e-04
7.876091482101634203e-12
7.190654457289184247e-08
2.713018749115475242e-05
3.637334056456800594e-04
1.387985479908640320e-05
1.096437588842671907e-03
6.399944097589809898e-05
1.647308481957355168e-11
4.960408152526131400e-04
4.824349598661179948e-05
1.766951895506800427e-06
2.279350579766146934e-06
2.712275916360321615e-06
4.323444094110951264e-32
1.247841078182442889e-05
8.006815274817102477e-05
1.645553037269495281e-04
5.809865074836200382e-04
2.382787644616575484e-04
3.943696395458743125e-04
1.618374696870896661e-04
1.222057739769670731e-08
2.962452617235670745e-04
4.278758259025784564e-04
1.724722407336560069e-08
7.186407061169954047e-05
2.420162359283487258e-14
1.398079943082308906e-08
2.808834275687488570e-08
3.594906854061112121e-07
6.263472046477129454e-05
1.129892196025711894e-05
8.718342354837460770e-06
1.069223206883151674e-03
8.010473126379653646e-05
3.125739912077624452e-12
9.205399969109906663e-09
1.099445060392985874e-07
5.424785536274783244e-09
1.612743461575293331e-11
3.735845067578316387e-06
1.530396710433768030e-06
8.485692663420229030e-09
2.918186387042594282e-14
9.105097293066965550e-17
1.018085930912751990e-15
6.093140348269572374e-29
1.988204617726307997e-20
2.991173128553621733e-16
6.490934140410925338e-23
4.422310783643238389e-10
7.226756446871621523e-28
3.653706638309908496e-07
3.310102711707270579e-04
1.226076164505517487e-03
2.886522078490750995e-14
6.967557119921558913e-16
1.416332462723019637e-16
4.146111744472393802e-07
1.909191591468688556e-11
6.867211953972773516e-05
2.735596814397738927e-06
3.809395185322534912e-04
1.207219127175658000e-08
1.184021253704467697e-07
4.937575336690838882e-09
1.091940721984984575e-18
1.055657209517015632e-25
1.622845860230713493e-09
1.087019082404444971e-04
6.695088662748054999e-08
1.188740475088219097e-04
1.019355444094921394e-05
8.384195829797858455e-09
9.297497837080141801e-04
3.593650619298481303e-04
1.004571662066943060e-12
5.692377278984394449e-06
5.836151882292998273e-10
1.688884941055038946e-20
1.078763392407152567e-06
1.397404119087398511e-04
7.752992521988731390e-09
5.033490618169459254e-04
8.981970473864203013e-04
3.585279132025750128e-06
5.938069918042023580e-13
6.334176917360365036e-05
2.467717104768864072e-15
1.963723075364051351e-12
1.994407496266506627e-09
3.099444589655599150e-07
4.960781095737443544e-06
1.132830078910091786e-20
6.531131145892619265e-18
3.216308439280026692e-07
1.063897339784073614e-22
3.134420143045564501e-16
5.279215398373401022e-15
1.255677064628002050e-14
4.274031099157196947e-06
9.036341572096763532e-11
1.987255502601222360e-04
8.648895831463330536e-06
6.066508041055360895e-11
2.616175477888092303e-12
1.185031135057860415e-12
4.856335421418131085e-06
8.180013850263151420e-04
3.480184799576913072e-08
2.549611857595983888e-21
2.223360744343205082e-08
1.812182232145050651e-04
6.996147255068279986e-06
1.244958804341391379e-05
9.272318656452310412e-11
8.838629944908875510e-04
1.388689979958646142e-09
5.502881102579835901e-07
1.430063649254113097e-05
1.057036836318171580e-08
2.172648115590224301e-04
1.875954701762252454e-14
8.332986606694922874e-08
3.620270991391062211e-04
2.949767988410684520e-04
1.026497729237009233e-03
1.467207524769052062e-07
4.773033928644572547e-05
8.490142590041511338e-06
7.345868104064290740e-05
4.840978866835930734e-17
2.021312917404337536e-08
9.811452347036241188e-07
2.310813820327202989e-30
8.524371293272071896e-09
5.595638371353055043e-08
1.079700357752169843e-18
8.299204385636828605e-08
1.966735415836719949e-08
1.742441258422307693e-19
8.879809211354401961e-15
3.397889144403772718e-09
1.123087467116461409e-08
6.372772600463070812e-33
5.315756915329790565e-09
1.163026001166975951e-17
2.255545224983375674e-05
1.343125147454145902e-08
3.962522827416298849e-10
7.428029430862213577e-06
5.860434682734005105e-05
2.750569372534007349e-04
2.364153663252531912e-04
1.236495752627894115e-05
1.068020236113448654e-04
2.234087425625682171e-05
1.751840402170331493e-04
1.754717142194009973e-06
6.488581198866665532e-04
1.092229476695156431e-06
1.022259813669942240e-04
6.117968144653639859e-10
1.283683491956123477e-17
1.001251167623992798e-14
2.106800813551912613e-09
1.026551508980447400e-05
2.335517917961790846e-14
1.728263965337309952e-09
3.870101179125438935e-11
4.324961184439228155e-05
1.649859627858994166e-06
5.600555327239163626e-11
5.299703669291286925e-06
4.819485512156191111e-16
1.394750644853280529e-05
6.312340055054864727e-19
4.436332860785909640e-07
1.956453920943569159e-04
2.823975722926349262e-04
1.416513164761500483e-12
6.368635658937174292e-18
1.523715793249431713e-33
5.626357093412701490e-35
1.051891207910935516e-35
5.889898178761261972e-34
5.427198770880728426e-35
5.461516364338448344e-82
1.237367754669940776e-31
5.611348694943033156e-29
6.701776814488348223e-34
1.308321240951850183e-65
5.484948096656881439e-78
1.836381859938537890e-91
2.587064791506059970e-18
1.954630007762042268e-20
3.994027183876829936e-50
4.374510306888989305e-55
1.076097866628010661e-60
2.188454857700445716e-72
6.090222792572244302e-69
6.700068784760013199e-63
2.232462921034901041e-38
3.695819977523484106e-55
2.360949711925799971e-68
1.338510460771898870e-33
7.391469447576697085e-29
3.328012870186787053e-30
8.889601057424087787e-27
1.213472242968057922e-24
1.486797241089679792e-48
8.970950168639914736e-31
8.037668293806763399e-26
1.727641476077686907e-56
3.446665141132627738e-64
5.474431469348139160e-63
7.362999644670413134e-27
1.124901299503554287e-34
1.086566223365692983e-12
4.017246008568057286e-48
1.707205858071077444e-48
5.740775406225472994e-45
9.709710340708848958e-47
4.606899540355891791e-45
4.941682082017472763e-30
6.484976357025167665e-44
5.704746837386445319e-26
2.557001998430361096e-05
2.397220308166671233e-20
1.471562688251971908e-33
2.506310186629583702e-19
2.231340768171813032e-46
3.954505466021874287e-17
2.585199168539194147e-35
3.740969723248207758e-24
4.692586793245061567e-38
2.165435055326601937e-38
2.671917410133395958e-09
9.497690996773382884e-07
8.113145319909784023e-30
2.332914459388053398e-38
1.312437130180174416e-28
7.425807630951767819e-66
3.661648152587044296e-120
9.589151044267881578e-73
2.381796992854785906e-64
6.637901503050813813e-43
4.966387145905490542e-41
3.185093477371785519e-43
1.570931180041397826e-52
5.824006833676865286e-37
2.813640287521721980e-45
5.462769955613848738e-22
4.604113348002077551e-36
6.316620535967183376e-27
5.065115584719569787e-40
3.888771254380479799e-86
8.056872001159956259e-64
4.940996626213085556e-58
7.071117982263185464e-30
3.419954949574412821e-66
2.048231439457637349e-76
2.986908417865405332e-54
2.938593375294021118e-65
7.591365553183781999e-79
3.500406716699581271e-69
4.580096258044341477e-47
4.457297164781568134e-60
1.671138501513430581e-56
4.992489214577423350e-52
6.993906618380104038e-37
1.959886189208074520e-54
6.355049487686061982e-26
2.263322555981229384e-53
3.341009240328622398e-31
4.209270953910128711e-30
4.014174980936331691e-76
1.685346035326493415e-87
6.482320963185078065e-64
1.138277335164122003e-38
1.639809829609143846e-89
8.968326350060786582e-33
2.297486457292410016e-32
6.937427518871694037e-14
4.795856410756826070e-91
1.383741456297747265e-85
3.646455373255998789e-23
1.827146405193953039e-42
5.117474233031084964e-23
1.363325573646495880e-63
1.301786682437890932e-31
1.061850264717207983e-31
6.007473995983410546e-42
1.881283716892789231e-26
2.042445783348823896e-14
6.248159276022586863e-35
8.028179213411820675e-17
3.534259013034132734e-14
2.579645316227496113e-10
1.930510542806164652e-23
9.316033456201567572e-18
2.657381572274468251e-19
4.943775200084743779e-24
7.989734869672526045e-07
3.341150202653309176e-06
5.459913917643759341e-15
2.364224805477142561e-11
2.973575649775984024e-10
3.935022967662849734e-13
1.176095218540137048e-21
1.615529701065042867e-19
5.958933631435963856e-20
7.100253392604470268e-13
5.409792550250632870e-12
9.419485304864734805e-11
8.422326222871170910e-15
5.289761053769068544e-15
4.627350072727991343e-14
4.091107505248810808e-34
1.558591520066298541e-21
1.465730067216409300e-11
2.702989859469444138e-19
3.207326962456323096e-10
2.244359954070124125e-31
2.670002085065283668e-18
5.847514561219905897e-25
1.385628551057097991e-37
3.685994772806686342e-31
1.218359032224778278e-40
1.121719740994413859e-15
2.717832482087512379e-14
1.017405014390659274e-14
8.872201779463355652e-37
8.604310118092659953e-19
9.347214030181631623e-16
6.197362168775655927e-13
1.078064506104352502e-18
2.631433187257785556e-10
1.960591718442902746e-17
6.222682197156608200e-11
2.738671962089378359e-21
4.641932476243689558e-42
1.392023488061416303e-19
3.353506568398340474e-11
8.321785052977651810e-17
3.568467503777479313e-13
1.677880725947692958e-20
3.065027703828501060e-12
1.392572558291737952e-25
4.236203125883221241e-13
2.239327419282442996e-35
2.239970494309907261e-40
8.470087550406511032e-25
2.682657046199939641e-27
4.022489777843443586e-29
1.884250582247643137e-32
1.169192963271514645e-24
4.212625776030176922e-18
1.421269948596271104e-16
1.377065176913891838e-38
4.408318220431694006e-33
6.352151335868503789e-25
1.034594900103000937e-22
1.048348053804625721e-33
2.235971940091219650e-30
2.985959324225480421e-15
9.039226540452761478e-35
6.137390155263501345e-13
8.947802910221429609e-34
1.014665154713327457e-14
5.942547323938105369e-66
5.715705901656909454e-14
5.414114900310091586e-19
9.382126160784774936e-19
2.797566086110442931e-27
1.576871181712613897e-14
7.959323927476792506e-21
3.221890310257538645e-25
3.225508672592895981e-24
4.092520213458062117e-20
2.321039596912695755e-14
2.986704059741894552e-24
7.876093523955607928e-17
1.687858462209026943e-09
1.214908148192633703e-17
4.315200757711174882e-92
7.249732893353350127e-17
2.040960496987582233e-10
1.053501461048701441e-25
7.624315526950409388e-28
4.906021863647523953e-33
6.882933191091047738e-63
4.884525025059696214e-36
2.871026055060340553e-21
3.366849302848111063e-38
2.429053335894644936e-27
2.418643739921359565e-58
1.342888484477068213e-35
2.835114363624946707e-55
8.534765042316927917e-53
5.111726624689680639e-46
3.245621101433265013e-21
5.579707416692930097e-46
6.084619449599970190e-30
5.477405507185436275e-56
2.808352239866625569e-63
2.803005491557077160e-72
1.107454636587399850e-101
3.264824283594342645e-44
1.785149844617108232e-41
2.921148316553129575e-87
1.048714617470219584e-60
4.490625317428942097e-77
1.833033788967944453e-66
2.200130186904230883e-49
6.688483977635506363e-68
7.494483882292711633e-103
4.329753410499832587e-90
3.541664746026151582e-65
4.797999423126910354e-96
5.903128652293556212e-46
3.536573340746438095e-104
2.090093280390557077e-98
2.004547419822638526e-35
4.583706852529508638e-88
1.898343309150545727e-33
2.840117835606336428e-22
8.703221834533001268e-22
7.982133774429050960e-42
9.845597684760086590e-77
8.872576737235122398e-105
2.455877853828405940e-59
1.808310642690572335e-77
1.653308168147505704e-83
1.203299677276662347e-85
1.779218189748275448e-73
1.736628205567366747e-100
1.134997024337388196e-53
4.198239533640478283e-50
1.890017360973031762e-95
8.968875514154832814e-98
1.797025840684046700e-131
6.769274145340238676e-114
1.427246454584939649e-86
1.438275704020939259e-93
1.802437885164898673e-82
3.639890998058315216e-72
3.991950093896781903e-66
1.007827597568043450e-65
9.015155839885850130e-90
2.372961076683773552e-104
3.863895073507327767e-97
1.667153890228493626e-80
7.692273973659038356e-118
6.565150743389310115e-92
3.521881268727674208e-84
2.275114120488052599e-73
2.100316917818615996e-122
6.771484731896413068e-97
4.632926212822801867e-81
5.629293648260149305e-82
3.167716425404007279e-96
6.221393392282836441e-94
1.603951231248974263e-117
9.696116077049824365e-122
1.031680964650244752e-95
9.183613112059917942e-94
2.317661646340066832e-93
4.385360283478846254e-101
5.600204716263540107e-97
2.346972277560013450e-37
3.959078609745379449e-102
1.101143176911749127e-64
4.302471029931996027e-54
1.528346445255404530e-101
1.937368444239814115e-72
1.463646900013371834e-69
2.506658503674070849e-44
5.640537335221907435e-05
8.412406449742562567e-05
9.846817148190236887e-04
2.261928253825310994e-06
7.831165857953467343e-04
6.409232280475114871e-04
2.505494757211442434e-10
2.470492522828690737e-04
2.178719050095439917e-04
9.767588409254853755e-04
7.239099522525921111e-04
4.406288091809007620e-04
1.025726544205890012e-04
1.042483876065762550e-03
1.040453816323862668e-03
1.067296124797298927e-03
6.535991948316368684e-04
9.162708696485836763e-04
1.599105699959872640e-04
2.397327832356382400e-07
1.014910005780399324e-03
2.624911466473016743e-04
9.973549114503336022e-04
3.113975410310841466e-08
1.969497253951723703e-04
1.911262414245868644e-05
1.168552442976236207e-03
1.240935945148489777e-04
9.087393374173263804e-04
4.296233157895217459e-05
3.711543097395507440e-04
6.756238954655637658e-04
3.727192770230381653e-12
5.532514551469762528e-04
1.142615552478524555e-03
5.011325611175068278e-05
4.338495322604513904e-36
3.066696420599757246e-18
3.311908107834319701e-06
7.951503419005961069e-05
3.341467296078430636e-04
2.063522778270737983e-04
1.498749372318509428e-19
2.852489977713694573e-07
1.035201439555772871e-41
1.391502733979774827e-34
9.970933388778478865e-13
6.387509713572598696e-14
5.505625931840459331e-18
2.252992605799493146e-29
1.877789667428456065e-14
1.153606394287417021e-21
3.435961199261947533e-46
2.733444538840489220e-17
2.052137729503222628e-12
1.484992676947173111e-12
2.747115406731220679e-17
3.850564186347773678e-09
7.286285782494126818e-15
2.036070283367813590e-07
5.145159629377861176e-10
5.642075153321525682e-10
1.039347926716696950e-08
1.099575009527311450e-05
6.455980167059998320e-05
1.749026641586211934e-04
1.045071460789615296e-04
6.480248922138487832e-04
6.188222634831728934e-09
9.553276209602607655e-45
2.731657239809539515e-57
1.414744867074978212e-15
2.459337512588451032e-35
2.662091641677193220e-44
1.935616638408914233e-19
4.401178702069363530e-65
1.711220578996179174e-34
1.511000215041614691e-16
1.299157090043536590e-31
1.240488526879082245e-23
2.544860971567758663e-24
1.798761461656762034e-20
2.632326493822837886e-13
7.191613435153049566e-41
7.250426031895287291e-37
3.844644134170133353e-07
6.950088934689688734e-17
2.144723952385089335e-07
1.586779916208033183e-04
1.022187263499030358e-12
3.442497965694583320e-06
5.332312792122925231e-14
5.286513813675851125e-05
4.453668590287786009e-12
1.892984377113699029e-07
3.995982692917871464e-16
4.595531339615910309e-13
2.225466495396039132e-04
2.548547300706567237e-07
2.790951749229955052e-04
4.406142681660947933e-08
2.316570384311689186e-06
3.485799004833573948e-12
2.346119218993383647e-10
2.704677324054743849e-08
2.866470482892977877e-12
1.215317364373112892e-03
1.726055669302703559e-13
7.474122162044527828e-26
2.612758043055373667e-06
4.228043720772103666e-07
7.848615700532313480e-09
1.720103974440687757e-07
6.155241810391854848e-05
1.163361061319596589e-06
3.493175177737675977e-16
3.391935605424447494e-61
1.798522701496849669e-22
6.038818278391090620e-11
1.941081654996932606e-04
6.076774090609793492e-14
2.521590405516031137e-16
8.746086953630487403e-38
3.584956263835208457e-78
7.470569872235919563e-20
1.294468731829406937e-05
8.090656236259418192e-08
2.227752930203822442e-05
4.284655857472970516e-15
2.015455301049702509e-04
1.142528272687551652e-03
7.107976816821201126e-05
1.171104503425997572e-03
7.836803328060346074e-04
1.086575076833809928e-03
3.993226059964842447e-04
1.086842828776173314e-03
1.007465367352282197e-03
4.801501932257468074e-07
6.823453508577508389e-04
4.539698572397249821e-04
6.478373989368208180e-04
4.645840063237618631e-04
8.957181628361440828e-04
8.401201184305676258e-04
1.182925438386109784e-03
1.266603588770720961e-05
1.342127136075203888e-08
5.981082867500048987e-04
1.156483560424580331e-16
1.010379763882920952e-06
6.822018213377224244e-09
1.357043858427612560e-10
8.969557236631296720e-10
1.303372423452544488e-15
2.872676493597493020e-06
8.079626245782679658e-12
8.347363782998173465e-04
1.354449433006508556e-10
1.244589484916514958e-09
5.779374334236622771e-09
5.821967925240015015e-37
3.326603220180916897e-07
7.894060414736616823e-08
1.516394631448761607e-13
1.949021026140484440e-16
1.622486009801661871e-16
1.161684077914815122e-14
1.588362457341863811e-31
2.882808886624426253e-19
4.097347622015716164e-15
6.988267759137877263e-10
5.530337420439453438e-11
4.563245448861957812e-10
7.657362486312829832e-07
5.706600286016448848e-13
1.223962246855229153e-13
1.772333076467931538e-16
2.090809638496887291e-06
1.342315880041625820e-09
1.255608125779977141e-11
2.006206895309394129e-04
3.131018651665030731e-06
1.286182817223857951e-14
3.698303952898919180e-08
1.355570959103063320e-05
3.954556504222620167e-04
6.895663481794934199e-05
8.390589065783916509e-06
4.760139101687186741e-07
8.938758058100210071e-05
5.647687307927255936e-04
3.487478283015456403e-06
5.625002972596741357e-05
2.346543872521950937e-04
2.084397393228191599e-06
8.416917798880525368e-05
1.695594005615171497e-04
7.000613074523984042e-07
7.185445613992581535e-09
1.092542761905846739e-03
2.545096253571753440e-05
6.494987533219090635e-07
7.345409567454095387e-05
1.944023551598099951e-04
3.656187688320595144e-07
2.951278468694441996e-09
1.432841329460640989e-07
6.201149271034652388e-04
1.320290426219913101e-04
8.181729310899208238e-07
7.624608206076068106e-05
7.687423323391965203e-04
5.046940701672308069e-05
9.885605571692433410e-04
5.389854307195771554e-04
7.286769440405038874e-08
1.789780641802023748e-11
3.919119596845110695e-15
3.730115397894591787e-09
5.672643613544964267e-26
7.570436473267440736e-07
4.123007544681870794e-11
1.436188995337220927e-04
5.873517031407812471e-14
7.912939540158087629e-06
4.453820799597529130e-12
3.867659061513361641e-04
2.967269994079494623e-06
1.333083991498999591e-04
5.840434094128806635e-07
5.087548830624317497e-10
2.807721075434924135e-20
1.075272759682157719e-32
1.042806129084504972e-22
1.821162878749852354e-15
6.724480971289771072e-32
2.693166328412236196e-15
4.916110893474124504e-05
2.623397813492255758e-43
1.184701703650095181e-48
1.215170421520443387e-69
1.713390715840934290e-64
7.005575083065716769e-46
6.958237753793628029e-64
9.123193973188754032e-19
9.041657907394408846e-31
9.157176463210245799e-46
2.380991846199306146e-15
1.613420426681834586e-13
4.311893527986148714e-24
1.236605200724801577e-46
3.042260912356515116e-18
2.476549711836760044e-22
7.096374035554420549e-19
4.389508821928752977e-13
3.323094556557373960e-08
2.254260915614893259e-34
9.533764667490781447e-18
1.839662175626211925e-13
4.062550613564594462e-08
6.291122760420371747e-13
1.169719612625170881e-28
8.140799329684171098e-24
5.903924365015044497e-24
3.224918312262016981e-26
2.114613627280134233e-35
4.512608456287670715e-33
7.925388053347000069e-60
3.524465445550210047e-10
1.720315737206279353e-23
8.932160240565670146e-43
6.860618534362017868e-20
4.048531730777665285e-44
9.625564347397815463e-15
7.262168793451049968e-15
3.189974306205919201e-16
4.466524775911650197e-23
4.121129648281795582e-50
1.561632742848268609e-21
6.385785935774771426e-61
2.669316313158361841e-48
4.234243043132883682e-29
1.933636979068960499e-46
1.888232728878390649e-63
2.688067088197773270e-45
2.914429317343176275e-48
6.286972323160254722e-68
4.734987179664279483e-83
2.792720137408977236e-81
2.244635951075527871e-30
1.478580036990478411e-31
1.855614100557503429e-90
5.731020789534497508e-72
6.439144695621393786e-77
2.479946478339817602e-74
2.482741887470864014e-36
7.894490520066918247e-102
4.251243443669635075e-47
3.318445131022190106e-99
2.090988337110173461e-96
5.467576870697565540e-85
1.602925223702646986e-62
3.532570880775678341e-77
1.456702368552939657e-69
1.509831809871991507e-61
1.284141793399883289e-80
3.473941417985471868e-91
2.322660279680402478e-16
6.567696097660596834e-47
1.850130367877401112e-48
1.877466947058076686e-53
5.459768392912475510e-16
6.885437524368803529e-31
8.973708562640924829e-26
5.965163891499395666e-13
2.972671264831861461e-09
2.142304231182195991e-30
9.319299549763704574e-08
4.302341801407940461e-28
1.329130377845460161e-19
1.954134492460956308e-09
1.757831818195206389e-14
5.944493985800100511e-11
1.656231358350383162e-32
1.079164853526556917e-10
2.641584108870923692e-10
1.692332335862621318e-40
2.878925141198495734e-28
3.457689295120839144e-33
4.030184559047896248e-31
1.441202453411042854e-08
1.815700148714280226e-20
3.557538578672191629e-34
6.459378957501642586e-46
4.950131500430386275e-45
4.725664650595994699e-52
2.658107994187658772e-30
7.988057457080314454e-98
1.121877004153491328e-33
2.779521062322526094e-36
7.572087935082539575e-23
1.804891084157976480e-21
2.008691259563051718e-46
1.429214671971757861e-34
1.768345840196605405e-33
9.796461737155373194e-30
3.204813585367892178e-26
2.365164843206609219e-46
8.948262323301701978e-100
7.670651807644649768e-69
1.775095183361742127e-69
7.562085683121626033e-36
1.471696822854857762e-97
3.966482844547858734e-35
2.987238590321608354e-87
1.171086214553255546e-83
9.113937934069735688e-73
3.730020616094111290e-78
5.957886468671560048e-66
1.823455160259631321e-56
4.196394521523673474e-120
2.083037229807821079e-113
7.239887955168001484e-101
2.276302182508232241e-74
1.195346433881933614e-77
1.335302881984805051e-78
2.478043650313844030e-131
2.234520911911804895e-84
2.695219347737512415e-90
8.734504594393902852e-79
4.893170617090299886e-70
3.681670788436158135e-57
3.831816244835638963e-62
9.264296854812110399e-75
1.601766745210922233e-67
4.560789606022734895e-103
6.101279179396250165e-57
2.087103083115881162e-59
1.628691802930544127e-68
1.554344602432739961e-84
2.431356026034437795e-88
1.242345549658724902e-72
5.650873802762675168e-80
3.193157762083446776e-73
5.295382237442765463e-44
3.515907394569825531e-92
7.376564367757326312e-114
6.372458615120242385e-112
1.059090259397758096e-58
5.913533033771416544e-64
3.240540575411049225e-88
7.044092185059118112e-88
1.909248251147918532e-49
3.396402467978267124e-64
1.696794803544337996e-88
3.135551241766127202e-72
1.674044170237720142e-68
2.195577413426409234e-69
2.620796075254920019e-87
4.659961949466271909e-62
1.907027702486265945e-69
8.726117406344827077e-83
3.620247145220585290e-85
3.999035405456562168e-62
8.203513350134153455e-53
5.251574641073161791e-92
5.009503649702412431e-140
2.335506430219599303e-122
6.293295742069238257e-117
1.532269149374837626e-94
2.922860036922401953e-59
3.361477119457582556e-59
5.873189931376519260e-90
1.756744624346879046e-64
2.952397318173444062e-42
3.939035359371723967e-88
6.922477696469027438e-100
7.427097225495756222e-88
2.980070120586614300e-79
1.506626362859092916e-65
5.362669132027562864e-97
5.614509967655363281e-108
5.569509868584898633e-87
2.088258065129369648e-44
2.223227275258246751e-112
1.439995232085651349e-73
2.303808990156983207e-114
8.986423237725550030e-112
9.680506060802048639e-52
8.461723485887510436e-106
1.077268361714048587e-85
1.399798963823464303e-67
2.632212208714843139e-73
2.009083972754636082e-105
1.344858192643441922e-110
5.307024168580016722e-103
1.220611077058706770e-66
2.018860658608660130e-96
1.302807297348396968e-121
1.136624038191457120e-113
1.563889132243421835e-115
2.394610757528632075e-106
2.441802068019716026e-73
4.759458959498248946e-77
2.186506810586561831e-90
4.660067219534995348e-71
1.403389394006666631e-132
1.281036124199729160e-109
2.890423174177245021e-81
1.199227005078599044e-122
1.227742399688930290e-63
4.598991718072549886e-126
3.513802649627404224e-94
4.686105543121044026e-111
6.954737989158077726e-105
2.711112920206538975e-100
9.956511084269944996e-102
1.348329498577788794e-121
2.701732431359275565e-118
4.264054670631172860e-109
6.029284329198396264e-109
1.228771195056222965e-116
5.757231694593253844e-111
6.396003408989790455e-99
4.585185500438462229e-85
1.329017370425078050e-118
2.214473654429586759e-91
1.693240606777815108e-78
4.526584248563494006e-109
8.035961196945958891e-97
3.688488228803558836e-104
2.671834529160149758e-132
8.625251943693539269e-100
1.871311965025467008e-100
1.683887858534347581e-118
4.519297412679549508e-68
1.500582014966912764e-106
2.215475666145165087e-111
1.275575933524432175e-104
2.281700188609935699e-92
1.805424485315152575e-110
3.725241482297872447e-110
1.254893346814804202e-139
2.397203321106430620e-110
2.535485791809195774e-94
2.972897598311844327e-120
3.145694085740167348e-100
2.447187757807726393e-68
3.784608054249633101e-115
8.468336319131881631e-96
1.082273725588942481e-84
2.479163954490785806e-107
4.708062919327222790e-105
5.440881015993348859e-75
2.240659800685404587e-66
1.039416185031431119e-63
6.421517665884449676e-98
1.973536166179230044e-71
3.236085105853805068e-84
1.120117252865517529e-112
1.556111036102621781e-86
4.925996455134275314e-75
8.237639290457949685e-108
5.508834657142886487e-53
1.425896245523960327e-71
9.877490618929149058e-59
1.936938665636570629e-87
6.762037699271887703e-95
2.832964004533593441e-67
2.098167965159396424e-63
5.755489388204606020e-106
3.997284025589505827e-79
1.693679574357150524e-118
2.298852221773628522e-103
1.880419777038218838e-125
1.151740873271551477e-107
4.054828557516654907e-75
7.172092259430025545e-69
3.311827845211277459e-108
1.033104233341490915e-103
1.393716073668651714e-44
4.348581640278679059e-46
2.451304420946808637e-39
1.523504522946259312e-35
2.307800679866375616e-49
1.234355843640850368e-64
3.575277000068111163e-56
4.915427148136415809e-83
6.340457242063265130e-108
1.339246089758044836e-93
1.182109740543065669e-65
3.154326944579370628e-93
1.575499614576346038e-58
5.170452770378632583e-67
4.034663737220528816e-54
8.780665555099501484e-25
1.890783354581398213e-88
4.727792177341540795e-138
8.797026022354015573e-100
3.178486684020178778e-109
6.772278959192072167e-129
3.413544848997095593e-110
1.462862351237559742e-112
1.406934500480900301e-93
7.026797467786726261e-107
3.978894007673554997e-117
1.367022114615361254e-112
1.700393814600549030e-128
1.290615247133996465e-90
5.065586775152159286e-66
5.839988749341387772e-47
1.044272341807645785e-90
3.858644887271435809e-110
4.812460450615940114e-98
9.200312848133168879e-103
2.051111216497849262e-70
5.088001913338472290e-112
1.687404747101792259e-60
5.908473059216011714e-69
1.621113970865534227e-56
1.415086037973955440e-44
2.770147747337469839e-57
7.171448415108260627e-66
1.472309073463428104e-52
5.089005466768302116e-49
1.034169190916147007e-10
5.798772365477312903e-10
2.245849698743834383e-08
4.691179748519124036e-09
8.338959467001357361e-52
1.688397038833598090e-05
2.292983737981434229e-11
1.023811368198970680e-07
2.574253059934425891e-04
4.031026549221072606e-22
7.346463610550677857e-18
1.995654945967633386e-18
3.718257712409702952e-16
6.365044323313159089e-06
1.186848312032528835e-03
1.085955640757441673e-03
1.251258470185718098e-05
2.079679432264185365e-05
1.291803956252700438e-06
5.424519836521107446e-07
4.202057886560357064e-04
8.848720995137883578e-04
4.439801666185550959e-22
3.831009485064979956e-04
2.377956296661559222e-04
6.478519455424246458e-05
2.117397476908892235e-04
8.557686117778189251e-06
1.870613010712353017e-04
3.206879371151591683e-05
3.755769531861899956e-05
6.470162622119367745e-04
5.358305918484975158e-06
2.979499975577592054e-04
1.065519454142719756e-03
1.717585920755211972e-04
2.659359747056080457e-06
4.348541457041737502e-04
2.772355094770967117e-04
2.171718261362109592e-15
3.072231935748025616e-10
6.057095151064767032e-08
3.319854506333712957e-17
1.182478030908382235e-04
2.696444568871371954e-05
1.566933148595230434e-07
1.916933498343017139e-04
7.008489285518560742e-05
3.277047602747360351e-05
2.641020598279138023e-05
3.468885534797047795e-04
2.544374777176136126e-04
1.376200108293256094e-04
5.533818965683758896e-04
5.427497181518555565e-31
1.948623299135273394e-58
1.600541087906702885e-56
2.937634805548493178e-26
4.248515449779563417e-66
2.297104789539396657e-65
2.415765544030440353e-75
8.549701546731077945e-68
9.503227575739295293e-67
8.842826902633473348e-79
1.343741579469885831e-66
1.891654880180732277e-50
4.091227425190834154e-63
7.116180952459628452e-45
1.181131338928210520e-44
3.809925017903206385e-54
2.328619499481186444e-67
4.198285769910741306e-06
1.845485679010101372e-09
1.025733063242031784e-06
2.501380272632271982e-11
3.678448426588306101e-24
3.700557741464513506e-09
1.344598186651121293e-05
7.802716834865143918e-15
1.800383206043165926e-07
2.747776965062857311e-14
2.019376963228601599e-25
3.388008153409274323e-21
1.650640022728566595e-10
3.979770775475696721e-09
5.408636192419373864e-17
1.136754180152843791e-16
2.223397651856018728e-10
1.055240895081977035e-08
1.447506776548305026e-14
2.260277443656039461e-07
2.632390965830646813e-08
2.567354711703352323e-08
2.400477607921033471e-14
2.778395349129939251e-05
1.930984552635153339e-08
2.451612319067930270e-10
1.846611044248807945e-11
8.157407290294860093e-10
4.593169168411795537e-06
1.001319640156231138e-05
1.735393951058059862e-10
3.607857279297053596e-04
9.923913332417501863e-04
7.500912842662061535e-05
4.866620365048080706e-08
8.401872623897184032e-05
1.341744099093537202e-06
3.991237709979532218e-08
9.116001538970619253e-08
2.707150432023354257e-06
3.552092016008957896e-07
1.123282160841870689e-04
3.867076073625146614e-05
4.082264825098838725e-05
6.888337557031936221e-04
3.735691463417761019e-07
4.551049691973872951e-08
1.373475279738988414e-05
9.438040854230936678e-10
1.199314737336135971e-05
2.167557169981124367e-06
1.552268225140105406e-11
2.173154062974467180e-08
5.976616886310757322e-15
8.883223408066567521e-13
5.052246505412020669e-06
6.053980625815491128e-21
1.754228428907064999e-06
9.463771846708054887e-35
1.040561378313514806e-03
5.909013269837963582e-15
2.424775117826121666e-14
2.369899389283578589e-12
3.666758415023366392e-05
2.048977122124504748e-07
6.391666915315541734e-04
1.172136765703989201e-03
2.759794028312700032e-09
1.404869959091243432e-04
9.533895714447226933e-05
8.942170851440806981e-09
9.206104285063984247e-04
5.850087432130252807e-08
3.081468494036962782e-04
9.529881099807074337e-06
7.736430302423205793e-07
4.020482883352727537e-07
3.215166703469472032e-10
3.889534755717666217e-14
8.051292711584148671e-31
5.195011758071983589e-21
1.205762882521880971e-22
2.251956449768969175e-18
5.183549371589465192e-18
1.380548639008233093e-16
3.966370415467479531e-35
1.263155114597998009e-31
4.754336178316909013e-06
5.321395206271427361e-16
2.645019397351156011e-22
2.521184253643174472e-42
2.406092265058844853e-08
4.043943796600038238e-07
5.820395387297804239e-10
3.820273889057344875e-12
7.313085425910557266e-37
8.485409836388681803e-34
4.388035188894439074e-30
6.015086367088207573e-12
1.125092936680710685e-09
1.736843442169994476e-44
6.088266157653404601e-40
6.937575247989182346e-23
2.358740925199222533e-18
1.104675844349401836e-28
5.370392865237428903e-25
1.764860168137649696e-15
1.784194991885041582e-06
4.820381735744704385e-05
7.362333064443130695e-10
4.807590839568134347e-04
7.665998349498450372e-12
4.868275578864448753e-09
2.248819788953421508e-10
8.042741815544436840e-04
8.602556403297203480e-07
2.647750345992899842e-04
6.861258090305075933e-05
1.379239615038404183e-08
1.467494847813185230e-04
1.854218437412943561e-19
9.449616805364022771e-10
8.050888620616928698e-07
8.613211472788162541e-06
1.334763998571340343e-34
9.348313756363809105e-18
1.523977470886862077e-06
7.038581741731784525e-05
2.542218603718519057e-05
1.336124696559400007e-04
5.312093709299840641e-05
3.178296027752729711e-07
5.378443864854148277e-15
3.502946798954111227e-27
4.127189310016003763e-22
2.023910525709996301e-16
9.886008639090467148e-51
7.783154516360768012e-60
2.535354644606363332e-20
8.233284280833949841e-13
4.976258626592613345e-09
2.649545848822435880e-12
2.426466954720256334e-17
1.130962765573314275e-05
9.276682885117303883e-12
2.529889305708813871e-07
4.500782952458869931e-05
7.250074797288934161e-05
4.440656972042613765e-05
3.722618826508477890e-04
2.069526498810615289e-04
5.445638219453827113e-04
4.428744201365116288e-04
2.049908760751907187e-04
8.105437323995772259e-06
8.471177040288755495e-04
6.118933706419291130e-04
4.550573375018715332e-04
4.006005220786149654e-04
4.664235881568877693e-06
3.923222778448729468e-09
6.747028287779057825e-08
3.666428068209591912e-55
2.278632913235854055e-72
1.111045506853791398e-104
4.422225939823626143e-137
2.532324187061167631e-126
2.277761903761509780e-97
3.952031036977936709e-105
4.596199612065473913e-110
2.665656958346172121e-83
4.679023188481193279e-128
7.247159561866635834e-86
3.465271725427561671e-106
3.212402692059182589e-113
8.572428767930627480e-102
1.888458049711552507e-96
3.841485395512044675e-113
1.692714164885136042e-92
5.424282598026578553e-116
7.368021208247988998e-100
5.373948872106086186e-114
1.404297982094409974e-90
1.938302068585345605e-92
8.063278248524959405e-77
1.629324134739037294e-123
1.331392488732605154e-89
1.184566278083476370e-56
3.841905281666729268e-58
5.177652806160586445e-68
4.006257643529054252e-89
1.953996474101724667e-57
7.082280119282512013e-57
1.011696150162064125e-17
5.054739230293034074e-21
1.199941950085742535e-63
4.176113665365249495e-64
1.452185040303736512e-96
1.634111392847362711e-48
1.518280827755225800e-50
3.494868872927782485e-70
9.616216429435392315e-72
3.051030237277086069e-29
4.740991682546278813e-40
4.290600116443498198e-29
1.962930443735540279e-50
2.868226420120107623e-31
1.546882131212520069e-34
5.303168487257527746e-28
2.581556451730804740e-21
1.356867502132393629e-25
1.955245719765159866e-19
5.712576105286364472e-28
2.413282193423365615e-32
1.769970744503873302e-46
9.116351383660724408e-11
3.313921429423612043e-06
1.460623001811902331e-04
4.934698639246684147e-06
5.615873903814073238e-04
7.435037976130482118e-07
2.223137986368634261e-04
3.692821547365011383e-04
2.050434742462692848e-04
2.960552295997602303e-07
1.114519979509051356e-03
2.119646753785234268e-34
1.810318805746310233e-34
1.555341692500174254e-31
1.985231759243191741e-35
7.676414333353523758e-24
2.153467457291646684e-40
2.433178341735640351e-45
5.191326902160377132e-14
5.083441045154211257e-09
9.187010110563023026e-29
8.106899071487095987e-10
3.651798353414848727e-25
1.173360444014024684e-06
3.629813079833020979e-06
5.039621440845337250e-20
7.793915595532040669e-19
8.076122790359281464e-23
1.858094172945446088e-68
6.180070700550429784e-36
2.872945396266023615e-24
6.672815912453638078e-21
9.249995195283117973e-33
3.689294905243649010e-56
7.675376080271010034e-40
9.158070643373219400e-48
1.956638357948280550e-36
6.716161721311095108e-32
1.210367313167205032e-51
9.135012198515988474e-31
1.133137771008383691e-33
2.066696939334474113e-38
4.672743884830866332e-32
5.127861028703759038e-32
3.695714532409951935e-35
5.621761254128092568e-35
2.260283146959504626e-19
5.675865192835345144e-78
6.236745928522878510e-74
1.221620266042537889e-55
4.591323264346947767e-26
1.261914961511406484e-10
1.146432178377058432e-64
1.702748302353703362e-28
1.698471278458663542e-28
8.271329794274393279e-72
1.162672897677360364e-25
7.120791818534017288e-33
7.621525682964771226e-34
1.622532715933014395e-39
8.436045238504271352e-34
3.086289903121671098e-43
9.711056533402552834e-53
1.042215261445811729e-81
3.558503312430351091e-28
3.137999115585940401e-22
2.130362086874213203e-23
8.124216255900109552e-73
2.672855714143860009e-79
5.417200253990625320e-71
2.875412603963127779e-42
7.268257936563644647e-60
1.082177421248580461e-37
4.615361953860755393e-30
8.140365361470385433e-44
3.417884294061208971e-30
1.759282017331782375e-65
4.060399069189422941e-43
6.809655050853544192e-35
8.170145191632054151e-39
4.871287708710930049e-56
1.388211322893531608e-32
3.378191943824920875e-71
6.335357574295876038e-71
3.981257508458788829e-51
6.812432519877028779e-32
8.203892609863079834e-42
1.232337202270071145e-78
5.697551325680136076e-66
4.709169832793233152e-61
1.988851311634594862e-30
2.233485629006761406e-53
1.094276147817617335e-46
2.242686371088116755e-41
4.551241594022551771e-47
7.040509993524264390e-17
7.294407371255418109e-84
2.291742039151483561e-37
7.981291544715642825e-27
7.274534475626947973e-21
6.714832559975448213e-24
1.582682965378222541e-26
1.205255091237830149e-56
5.514709520493731562e-32
1.380240412187506616e-33
7.556353519754886741e-23
9.065916733511957450e-26
7.069241413957221688e-58
6.169720105919661159e-35
3.442891452454650674e-102
1.768563114186300824e-75
4.514985821268203548e-39
2.169651895142182515e-29
2.710579498487283726e-44
5.039119215172633117e-28
1.572947852644703750e-21
2.413348267721332685e-93
5.030740169007566989e-83
4.114952237405243144e-80
1.182687763200210896e-88
1.444446598332669645e-120
1.652177469220721180e-90
6.876477888802890592e-86
1.494931832914217141e-72
3.443580647019065986e-71
6.716819201588797982e-93
1.009772017715856363e-48
5.855732922915541723e-69
9.988569281631490790e-73
1.190196541174684790e-72
9.460341150273262599e-51
6.607679266974707896e-41
5.865269102547767126e-35
7.180510997746321211e-68
7.341457766996908319e-84
7.804627102966840496e-73
1.269242621570609789e-118
2.502996394431172285e-104
4.474899944739467592e-74
6.196249004133465882e-122
2.042428314092702393e-105
3.602467571613621205e-101
1.970718852676112119e-70
2.533803870931799541e-79
7.542818687055478634e-94
6.731676544519740550e-129
3.990844969344967708e-107
7.912385314092409083e-115
1.844763861265173124e-61
1.072771214647256761e-95
2.554148731443523873e-97
4.318635674141747943e-60
3.070419189801710996e-64
3.814728214535628255e-74
5.313090322957354196e-74
6.977088959003389196e-63
1.581178032024647195e-81
2.897753036549744274e-88
9.385661702405620932e-118
6.677880893381974801e-97
5.296106890176421991e-97
4.878598803844770714e-90
1.198981145937268149e-92
2.436321981520371634e-73
1.276888204067203369e-62
1.178792366539445453e-71
8.089233823937546500e-79
3.859951060962545593e-34
5.448014988142726649e-48
4.372938061249490917e-82
2.732947412707367602e-84
7.200030528521043414e-107
4.755284396731193128e-64
6.923698878219760084e-135
1.431639375990311825e-95
3.834494364293423058e-97
2.635356667563592830e-75
3.522847708811830851e-74
3.725509604728353174e-102
6.539574351608814930e-93
2.373568344075186944e-71
7.763364540044714701e-80
3.075262221701541542e-61
3.067477425379817325e-77
6.157045005018677838e-109
4.509721988615013876e-88
2.448126380566669781e-121
5.766525454988627909e-84
6.900046581256986967e-106
9.450265241617433463e-89
1.174728409904268201e-102
5.579892181622661635e-89
1.713405381314190559e-49
3.183201536723980531e-61
5.979154485233435113e-82
1.574659164505452828e-89
1.202725645632873648e-104
2.049902809354281054e-61
9.233671089950430318e-95
7.543815676839815363e-55
2.139067147246884221e-106
1.421559429440438423e-98
2.696748389650269279e-93
2.593572265992842991e-78
1.102475554669704109e-60
3.806031523313687255e-99
1.254810340913076267e-70
6.367200622021032987e-89
3.843300774418779489e-101
2.489857076159412869e-86
4.608607075409300337e-45
1.733021867886292795e-58
5.177954860885423247e-39
2.493871688181154579e-60
9.303008916781759246e-71
2.031274730176599587e-56
1.274674391734658084e-45
1.299095772043687969e-45
1.372792441258099582e-71
1.415370954306130634e-35
1.834511305904053915e-60
1.407465823480708848e-74
2.650351627595697244e-68
1.448304969777856386e-79
3.075551184495391577e-79
7.009478444173318775e-100
2.009094728834225530e-66
2.911780367286634795e-90
1.480391219406870837e-69
1.274164658622025811e-96
1.473915552568486228e-108
7.883185635288946551e-115
4.186056628261231550e-104
1.017530019575654449e-74
4.350258391611816769e-72
1.715548861665974552e-110
5.951393906015578942e-87
3.278381699596982436e-89
4.460220058488225953e-71
3.846542451654767767e-65
7.812003907559906711e-57
3.288956178888630684e-63
3.578990982829685141e-108
1.191770154719276142e-84
8.281843053450932993e-106
2.569668106001968011e-78
1.129247985938180927e-74
9.940340369654467433e-63
2.303326084556166761e-95
4.088617606010838324e-67
1.162309605017589835e-66
1.240326108611111724e-51
2.841911576507620911e-43
1.628986060470864085e-44
2.602223069365598068e-36
6.328341584154356286e-76
5.118618896576857722e-47
5.196743619777344457e-43
1.236527384734386337e-85
6.924075324603152014e-82
1.013140533610423314e-89
1.082008752944063783e-90
1.398266469419886586e-40
1.175808320824068579e-55
6.596949117300633375e-58
7.781704815048610876e-44
9.781843615444338550e-73
7.972768521938538180e-53
2.159135033817095635e-96
8.865696637659211590e-83
2.051829742472965286e-50
8.293867903900081202e-85
4.341795808912085228e-55
1.240994843595989172e-82
2.506874246729211334e-69
4.606933178341264373e-48
2.283479140404621019e-54
7.582003998444011383e-45
4.660716351220781994e-100
4.499921464225245436e-73
2.759580074767057243e-47
5.202937267837801921e-63
6.197960309378269365e-65
3.539110693014597524e-67
1.743528418063479051e-98
8.801968735928168342e-51
2.013451575917149562e-38
5.509658652544225890e-56
1.189163465729484606e-44
3.211832797242999092e-52
3.271080764161438222e-54
4.848051357998390031e-72
1.110501099739514123e-72
1.320577163328363348e-25
9.495423861325469719e-46
6.362443574120845400e-38
3.081919456230130257e-83
1.428454083919718044e-96
1.846739307882816435e-107
1.426398510320862789e-111
5.471475341406809466e-55
1.452606506586521721e-79
1.183322972610492019e-35
7.540133553273548785e-16
2.519790270247866100e-41
2.394585790911609410e-87
5.523736507651585888e-57
4.869766997689940107e-28
5.132572593656755473e-13
6.188418538934206534e-08
1.045429316439882016e-06
7.515509854749346159e-20
1.373456829930124729e-22
2.748612165740705560e-11
7.769997419806220301e-08
2.241439287868010537e-24
2.020796136848358220e-15
6.207119388558320438e-22
1.943713148930326996e-22
1.302708733681598308e-11
1.069434213911137942e-25
2.582433162060564796e-16
2.577505827963976447e-24
3.576881401183352306e-21
1.084216529164545456e-31
1.351999657254529208e-24
2.666967801888763654e-32
2.357324522592997364e-43
1.366920732492860513e-39
9.445251240510016719e-37
4.035912439727047887e-24
6.491018256430962514e-35
4.523990145450336138e-56
2.765178329263383096e-70
5.309717776619320884e-27
1.372278018867876968e-15
1.299326440197944892e-61
4.922654753378011092e-12
5.113747521942355880e-57
4.839852014145664002e-34
4.205042012401024656e-51
1.450872899261706692e-28
8.177197742773990189e-49
2.812294353811752240e-51
6.328853732958537460e-31
3.104526755024219990e-81
4.761523404308178674e-53
8.115817307609487184e-87
7.353179899032175204e-48
2.011001740243103127e-77
1.012353817903191206e-35
2.800934379445825177e-43
2.081033982921787305e-49
5.855282923249275865e-79
1.423265555085233756e-70
3.585825320451099578e-27
5.397866085581624539e-30
1.383189051873562190e-08
3.764797906225914513e-22
2.896445348668652642e-23
1.579742000471020674e-22
4.516859562851736533e-22
8.579681120091758002e-20
1.351757780310797495e-15
2.329149024037035748e-47
1.934937785593566133e-31
5.330306604667405101e-25
8.045581568630468711e-23
9.199985643178652830e-12
1.671458824117041742e-36
5.638952316538988021e-14
2.006544201565746207e-26
5.525354974447102867e-19
1.409439066396597014e-28
1.001021171931999967e-22
1.646941617501043133e-36
3.473828291761382735e-32
3.563625391911270889e-55
3.145943444287120226e-60
1.030022285833797368e-29
1.003375396033645393e-16
1.351868376601272477e-59
2.445727362682096883e-27
3.310026186464167694e-42
2.076503213997940046e-80
2.001104217755066234e-30
4.101796075846597974e-37
2.726957192848450979e-44
4.317428570056482999e-37
2.289014240665289200e-19
2.168105238996987978e-37
7.471509434448341795e-33
1.542056104759365781e-18
1.457626233444817183e-26
1.616235556394576334e-15
2.689148865771890353e-07
1.242898616321751179e-10
4.566095959025618267e-12
2.526076534367130930e-38
9.475734474560251685e-23
1.068613191688798831e-14
8.570366960794153582e-23
4.809598338289239756e-23
3.886543488972855650e-20
4.320011443467320938e-42
2.440593823778080863e-48
1.019591064483297112e-10
1.499515616006022087e-62
2.892218827558550479e-18
1.003209726603557603e-39
3.105608184993368239e-28
8.416760032161429315e-26
3.157624964821470318e-27
3.734001855876820743e-44
1.445404689281106772e-24
3.017693746930913139e-07
1.095451340486527111e-08
1.057734634014467425e-34
5.593617253969319729e-37
2.300886282153442339e-08
3.739892169541821913e-16
7.262857046071919529e-21
7.756485673987439060e-19
6.282901702196058328e-36
1.982857646047886677e-63
1.608647102019127683e-85
8.317783827912679755e-27
7.620361730284594656e-35
1.513847198950670088e-20
5.608383365444033585e-07
1.537761003639665953e-07
4.252743832664930871e-11
1.268096198407758649e-06
2.078569606957701797e-11
1.241028645220676320e-20
6.328363101268696294e-76
2.028902779077230795e-50
6.876892143918062428e-76
4.167785670135135443e-37
2.087450920512570423e-74
4.128658408637076616e-63
4.857257568279193551e-66
1.029201639329548404e-43
2.891204984666233560e-100
7.113752071411013399e-24
1.706657168264143640e-51
2.795399786776246514e-46
6.982867573043308704e-32
9.532434801503845682e-56
5.832537632931666649e-75
1.325266119008223302e-58
3.941858685890403495e-60
2.866975299141491649e-40
2.095506777586727831e-50
1.619287650342713677e-44
1.988413060317382810e-31
1.450553380723329044e-22
3.711810636184196134e-26
3.619447425151872988e-23
1.318412605642033450e-43
7.667617078624148358e-27
4.903910067132980373e-23
4.394615375380162052e-71
1.044457361589166699e-56
1.338724483426692575e-49
6.177332703412647377e-43
1.232001382913634936e-27
4.220480410424416501e-28
2.535027543363357191e-38
1.769608211442800338e-73
3.598142662800796386e-49
6.730777789438878381e-52
3.178579471807823423e-85
8.868294890275134839e-95
3.128546630620079013e-72
9.585950346614296483e-96
7.607691196451656985e-38
3.837733455910775086e-44
2.762568687276754734e-35
1.466931063701563435e-55
4.427869911569189802e-43
1.681998970606671163e-69
6.635567577938090133e-28
3.466969174680239213e-40
3.959093780912812587e-24
2.907492883584634409e-55
1.386778581525487797e-42
1.053273782732864043e-46
3.288701105855206413e-68
7.714790586520184238e-67
5.000106103811764452e-41
6.561536014450788899e-48
3.176383451835785765e-93
2.771944787847074167e-90
1.305237301196551832e-70
3.905738036807003108e-46
8.493265678109256398e-47
1.147740207564800116e-81
5.277922394057385336e-103
5.259029361389237635e-97
3.734421851366357679e-43
1.183715383698049599e-37
2.581912920649436019e-13
2.456254476573652874e-32
7.362209873370760699e-37
3.078468908495921739e-59
5.196016236538502868e-66
1.574471672663550021e-80
1.352416331232802384e-99
6.286515605845913671e-77
2.795749123523107902e-135
1.381665241645931638e-75
1.301643000878059643e-108
7.740917549240559942e-93
1.654826595537650758e-37
3.739637507717528608e-50
2.909210945888497355e-111
2.442540672358183652e-59
7.224662630253693113e-71
2.452715053631585564e-26
7.122902302901078592e-47
6.488328633704898629e-32
4.150499520422925942e-32
4.810708266837649147e-27
1.369133266993817405e-32
1.536780474268341183e-15
2.370629342305472233e-12
2.748063461945733349e-09
7.808414128963832731e-22
5.163724231344723629e-17
3.479381004015185555e-38
1.892269182458475716e-56
2.960248333399445084e-56
3.150738897109137894e-55
4.445552383530084717e-83
4.036630255830484628e-74
6.013412635096830988e-48
7.047577369180555582e-50
7.223951591406025417e-69
3.906785929422835150e-06
1.863169343097707484e-19
2.814053173017865740e-47
5.146561742304655854e-56
2.316466237949938383e-42
4.668480504980644964e-57
7.630558684382744045e-69
3.226907811176957508e-67
1.269408226406405562e-71
4.628005006444725271e-96
2.219946046490168526e-102
8.276031077474893265e-87
6.569032723405887434e-75
1.775055670843069299e-63
2.773060912671546771e-119
7.527307174216288169e-56
1.207087459133313612e-102
1.164672964923245793e-57
1.100621395542362726e-50
3.356221988596888240e-91
2.393717590234711535e-94
2.215196945080749086e-88
7.629708159333251026e-104
5.472004763785537792e-48
8.155088156263410378e-108
4.698060806451957343e-58
8.643142716232554673e-50
3.617751048564217247e-129
1.186232811920117395e-114
2.244357509487559586e-73
2.104148788483609796e-98
1.530822058610289891e-90
7.398859952457215920e-130
6.706923387539467726e-98
7.398613251172380108e-82
7.395194400146846420e-88
4.894552302605221498e-110
5.775972526119678751e-114
5.377991007504258963e-87
3.419388365049636165e-80
1.775499003884665171e-83
1.488741820578952356e-87
2.234709469972604153e-98
2.220655665836264333e-86
1.926692725269519828e-112
3.013312670130499667e-117
2.462644267635376736e-82
4.689947502228775629e-38
1.078310073202224321e-52
4.643406277660781444e-113
1.134972193859468904e-87
1.808338291371718898e-77
1.154180645141623490e-54
2.912462714762004276e-96
5.150851942585812388e-100
2.840936926311612648e-72
6.580671704106302665e-46
1.162806821534583677e-50
1.918802024128781306e-77
8.647509701596489564e-37
6.250605229891767440e-59
1.659569367928658889e-108
1.611565387323783416e-89
1.594785461816126374e-81
5.644995996739883367e-77
1.611388969720392317e-75
6.223238002806481517e-110
1.547705006819801617e-85
7.223051756286566874e-74
3.322073156494024222e-88
2.446909000268637663e-74
4.832304082458537213e-91
1.727080375544882964e-97
1.063872783119391361e-89
7.019554356297328537e-88
1.566609068153175020e-122
5.706004473195641039e-84
5.141992121368737943e-66
1.434809405253331768e-68
4.147478534436328973e-55
1.508310427929440811e-43
1.145932581246776194e-50
4.398902615901160058e-15
1.794361557011290126e-75
2.630445113726107268e-35
1.802909865887922614e-53
1.751174240180356517e-42
8.071834502785894686e-44
1.248752851250118950e-29
7.787342871928076587e-39
9.140734460089130095e-37
5.213780198443292540e-56
7.139276284830276830e-70
1.762959097035761420e-92
4.520982336744498258e-72
2.737920914788823450e-101
2.317643420995268829e-72
2.357442908271109356e-58
1.924522303468827458e-59
1.621138940335027331e-51
3.541898232122587605e-47
6.192533729356511341e-54
1.142411511816663666e-73
4.169210546456693810e-29
7.144448482404407847e-107
1.456742205828106366e-113
1.559343688294094929e-59
6.157702996352466509e-63
1.351265324524360766e-80
5.485463498729737762e-36
7.756349890264692848e-37
2.414398768990799050e-47
1.040500504830793335e-31
1.955880038728152601e-19
3.603121764948763071e-14
8.917721569496934977e-18
2.217897006400545896e-25
8.569945312632463411e-38
1.313802245577657053e-22
6.270951279178816643e-24
2.937983378453860975e-16
9.117536043995791688e-05
2.160487542314393368e-25
3.497067879587043284e-53
6.728908757311537441e-37
6.067825108103222057e-08
1.656323687191065412e-06
8.184548399140892338e-13
1.333936150648193983e-11
7.764859015735229584e-08
4.549723452869100060e-04
1.456352089955057913e-06
2.693660657896655915e-12
1.324089322649950296e-04
5.489273570087772673e-20
1.613321580300866156e-05
4.710751577526365693e-13
1.325168592953794024e-04
4.655375485852059872e-04
1.976201336265241001e-10
4.036561645361897913e-19
6.155933634208832033e-05
8.917226896793412636e-05
9.628699180431653831e-11
3.896232782900975527e-10
8.091392234175613131e-04
1.036645775836414799e-05
9.753013535271480182e-04
1.184775883150833857e-13
1.091633211555241257e-06
4.555860899124872569e-57
2.300317478181592920e-05
2.951422590754583558e-11
7.785753865986279126e-06
4.702477602757231271e-08
1.161278017052507291e-22
3.713188128173132777e-05
4.686200000563102821e-16
1.097277251659482416e-10
4.001353721218437593e-07
1.159562153014263635e-03
1.134053968516067278e-05
1.795721811044451932e-10
3.462535984824165259e-15
6.489058840717575006e-05
9.285699788560552049e-04
1.786364733350150337e-20
1.667143863083174687e-07
2.243848499014520878e-15
2.538625164100296503e-11
1.692387558360471095e-14
8.502627331832926947e-07
3.544802420167636795e-04
2.530305944631178210e-11
1.782156812896534595e-14
2.483417621745745180e-10
1.572076455048732611e-49
9.554984397488312781e-13
3.283398496477867321e-10
7.192820398749117943e-10
1.248890989828326485e-06
3.654735425101803542e-14
4.008593864786457061e-12
1.169012620273680576e-18
3.777003391665698570e-06
1.141345182947378871e-28
2.861928702387074278e-30
2.593098762922146322e-95
8.937321534196112195e-94
4.994591583439190326e-37
2.041704815898858080e-79
1.412488723960505118e-50
2.649958914070406414e-28
1.716359317869535506e-40
2.655573420853759081e-26
4.567797338842268390e-35
5.073755420360952032e-34
1.287369312612489608e-26
2.555964153697192230e-22
2.534688031548627237e-11
1.436483560371667279e-21
1.448888317435262018e-26
5.036826945419563483e-38
2.975171518058993308e-31
3.293947844439382725e-13
2.218807682512431891e-12
1.708965526713966499e-08
6.881859749213873827e-06
1.015601804247549008e-13
9.514652295791907477e-32
1.363125412507701728e-22
5.416203400704595907e-24
7.306120427124883049e-06
2.633532520100159953e-16
6.057129465617536695e-19
2.620120211966799886e-04
7.976730914050431196e-07
4.828742387108164700e-09
5.986327301211411088e-10
3.738312915008631062e-06
7.431186156384284731e-06
3.946979223865494494e-12
6.864249654491206780e-13
2.267855436059934861e-09
1.291732836315961619e-31
4.434680042582998896e-22
5.041709352058709121e-13
4.806451122406158186e-21
1.009272110884749117e-31
2.763719140453371611e-07
4.991461835244827850e-19
1.212444535310869968e-12
8.329644253454500378e-14
4.386835700165329722e-10
3.314105429010031335e-10
1.698828485825055227e-24
2.639554172790568321e-24
1.314013320224558041e-06
2.936879876196809576e-38
5.426993940398953324e-15
3.573204819953046713e-11
7.309176908357611830e-50
1.011229056166423137e-21
2.977934696771497619e-24
7.574336457846031895e-11
1.122907398641033624e-30
1.680810123492746641e-36
4.786350452435674462e-24
4.391011351866798512e-38
7.041159740347369036e-12
5.686266674168450806e-47
1.241258832561577056e-70
3.781767496029685323e-16
4.280421711553132262e-25
5.991173002443060824e-50
2.054332358491942461e-16
1.412781634545480875e-54
1.226769232889409184e-56
2.144805870893422289e-84
1.002401517735325326e-84
4.901286998859600079e-73
7.532085730459815158e-86
1.647469075741008017e-117
1.256044860231796868e-86
3.276795102484232512e-119
3.229042620669953101e-109
5.720081285115732678e-111
2.536826185863292990e-114
6.774113511419626192e-131
7.295763581420143106e-92
7.309737400200588584e-102
1.724491009425911011e-116
9.119640211612527504e-104
2.124941226014175031e-114
3.193765507454929420e-124
2.530086391414274865e-115
2.876904135876091333e-124
1.141277316238992563e-110
1.648179838137883775e-117
2.940111771695827951e-111
7.071261116961830105e-97
2.956433562997893505e-93
2.228828747112567540e-91
1.593457629601979712e-73
1.727002151237651515e-124
2.389709730572380544e-124
8.937828616947031743e-88
5.601546507233488879e-128
1.125086090684546430e-52
2.662883023751870789e-100
1.889511858150439688e-30
4.489296153452268591e-55
1.951196642293496685e-88
7.841375950024016913e-115
8.977252100578662512e-77
1.821758097315232634e-77
9.472333098218220119e-95
6.524082456549938524e-57
6.133073101524464163e-68
7.290801928234261817e-134
3.542552603143014782e-86
3.279265211540664910e-95
6.447788046799651134e-123
1.112656682339006103e-102
1.377458799191359566e-90
4.566522471888256554e-102
3.819364584167696850e-69
5.907346954960057873e-119
1.524224014166639814e-109
1.197249809628665998e-61
8.811333688949846817e-80
8.553467792125312759e-69
2.424777121335711580e-72
3.211418448455952058e-78
1.788841767058810972e-108
6.483475374432904922e-112
1.378006813795325534e-100
2.348003508424303607e-101
9.645472164236673223e-61
3.380414382929712483e-87
7.650119057638122581e-99
3.630690205340383631e-89
1.465804528203289487e-113
3.375583674522070074e-101
3.754262863426833525e-101
1.533192450126899985e-67
1.235222636782696058e-55
1.805163090834815729e-27
2.047682108902349952e-37
6.189963123357318818e-34
7.339485007217457636e-46
2.444240277233998882e-51
3.228569922562823694e-61
3.043471869911404811e-69
1.439410653052767183e-24
4.172293464322352285e-45
9.079870137436434150e-22
5.690880998593615095e-12
1.756448486533749767e-21
1.919116371513972197e-19
1.211678540323472419e-08
1.180046058500254333e-17
4.475446541219898968e-12
6.003827225186757200e-05
4.758157579337941738e-40
2.491656534213187967e-38
5.632290441253798603e-24
1.396244732053572300e-30
3.542499577849135998e-53
3.408180007454126662e-37
2.746942120257919350e-83
3.639257508212885308e-73
9.447084559172186924e-62
2.734947521651348537e-14
1.466874869677081717e-35
4.456204202737988351e-58
1.738568964974961957e-63
2.195254759477298078e-62
1.000628295001833749e-35
4.659249525544717475e-22
5.610689493056128873e-06
3.452386019535177839e-33
1.122564294328418090e-24
2.256491885007645887e-20
1.302559488422217000e-40
2.009287831950288570e-18
1.314029650991713894e-17
3.427049390855503810e-92
6.969959482604333427e-29
1.464558650300417668e-09
4.421495897225286613e-28
1.313875260657153573e-31
3.462567307381809025e-25
3.755988894621748219e-15
1.894302585887672496e-22
5.708261867717135617e-22
1.255772107450019707e-69
8.340009666830629107e-16
9.103026177801282418e-24
2.141239897916842425e-34
6.216637436070044463e-24
1.222018980585439594e-26
8.813380753744233534e-16
1.047455319892306266e-25
3.368180286502657169e-19
6.790460576719112564e-47
1.327053155498454172e-49
5.372280382338707877e-29
4.351014213521339677e-11
1.418342083936074032e-18
3.643836878799632069e-31
1.315043462895067280e-18
2.291195952482165322e-17
2.918963031344407867e-16
1.158828362526088231e-10
1.473374594724115213e-49
2.484938932322159888e-15
1.697080346401189072e-14
6.728808599763145926e-16
1.078071313629958052e-20
7.221893923711656040e-08
1.012361393495903339e-14
4.822605578652172922e-06
7.211238870495009885e-23
3.187795289851790717e-11
1.242408829723327033e-11
4.255117663754309512e-20
2.682376291004719470e-16
8.343006671553860804e-15
5.540234255381750384e-49
1.345892860791948595e-27
1.749797735962404770e-41
4.673783356048781127e-50
8.027956702222526797e-29
6.487621389760024568e-38
5.562436780572476106e-18
1.396850550638156788e-14
3.477104924415121402e-42
1.758888072188898684e-25
2.965058815098856699e-05
1.595375492608863851e-09
5.309887192386328311e-59
2.705759184143956173e-34
4.135109017171868781e-57
3.699003706134692834e-70
6.510564166087748715e-84
5.578162244677719068e-60
7.226980310430021982e-24
2.625037475473966141e-38
1.399887594186630619e-92
7.079199299416862545e-18
1.263111338991480436e-08
4.267381668739337187e-44
2.069731709115968464e-41
3.063191359931066676e-29
2.854151704442698055e-86
7.897902288396174276e-72
2.860364079684385396e-54
5.233190755139662983e-103
2.755488306626665023e-32
3.061115685480716141e-48
1.485967489451654945e-43
6.485554290095863458e-104
6.641925773685158554e-53
4.015285756618484467e-55
9.879994827963356793e-56
2.311417131903067206e-53
4.963825210945783126e-73
2.056240594780090635e-38
5.954736186996334179e-98
2.035603352815730055e-67
1.650116503677705317e-49
1.639193396366372613e-53
2.537068785801687401e-83
5.797505587441169926e-96
1.038854246470368824e-135
2.738855652942991525e-49
2.046481949200478243e-105
2.492942413729678319e-76
2.094203772500164618e-78
1.980251938913280073e-49
3.673977742553807100e-36
5.656651683045133347e-31
1.308340313673897019e-56
3.091975331859311865e-68
3.315902371251479192e-72
6.332392792546023697e-83
1.319736965380778999e-66
1.932517891684391723e-70
1.772310737748732435e-75
4.643738406842504019e-65
1.963592067808363969e-86
1.777464796866200088e-90
4.915499965462662493e-37
6.389726698448072194e-68
7.969521404024571983e-86
5.686505343333734098e-71
9.149854278147470377e-80
1.348908340397475914e-68
4.822213472363447181e-48
4.326420431863096481e-69
3.976661533120115915e-69
1.362943442837125348e-84
1.414374998691839825e-50
8.941057780418336787e-103
3.909335176480701545e-95
2.373246768159843160e-49
1.314484736428996882e-71
4.630604236461389317e-106
3.095553559241753783e-87
2.810499036546738107e-67
1.636154044511153965e-71
9.837657909166859818e-94
1.362691881149535744e-83
2.396960100226596630e-71
4.707434588245478091e-88
5.101203170830348683e-85
8.132268689439415808e-74
2.511644814219892755e-73
1.019159811349329202e-83
3.451921740983009936e-99
1.520386615402519938e-116
6.065171322231832003e-97
1.429438498381335590e-111
3.225101532259173329e-90
1.947364268891824185e-103
4.407261682111555505e-73
2.480916799433663565e-97
6.768223269209523326e-102
4.048199346355090681e-95
9.587593619928168330e-47
4.076619807721929012e-114
5.447329978953698148e-122
1.457416814015856569e-87
7.158790723040415482e-92
1.075432036179647078e-75
2.759047406018751676e-78
1.472285944132536543e-71
1.242872421294618108e-82
7.989166860633246887e-105
7.167361833683725273e-64
4.578173778392399425e-108
2.799344199076703907e-118
9.704816138168520380e-50
1.974720661843915912e-82
8.447406391645756890e-108
1.614486954788539046e-123
2.592439723881357865e-107
3.208537839349368227e-97
1.869309298820992245e-62
1.884414315783968127e-103
3.867362828656464899e-107
1.627390370985599635e-87
3.690031963108195808e-83
2.124096508169500856e-141
6.246955851562520440e-94
9.725254889076009326e-104
8.568792427022564987e-111
5.601076787596409976e-123
3.429911048111995247e-51
8.987751104796144177e-69
9.731303711657220849e-46
6.288573677470021150e-78
2.495886014425915778e-78
3.909156611523485573e-31
9.194927698945643128e-86
1.470648791018803227e-43
8.063616533072647549e-10
1.327137520690523346e-60
1.105788299609996029e-66
5.075761207932927269e-54
3.070807693451152401e-127
1.046062792545573303e-106
1.080444666555937344e-83
3.063441889572609774e-91
2.138185955478957940e-50
3.322776030371593168e-83
1.255070301466988006e-42
1.062776105185945508e-30
1.939817475445148044e-61
6.459756560903203969e-41
3.305843012766001895e-38
7.203465884101920218e-23
6.556391703772313224e-32
3.368756721138134092e-55
4.062689904561930645e-26
9.435013273355786389e-61
1.016084247907081080e-25
7.473827119712661623e-54
6.589207109439976558e-67
7.621508577743830099e-56
2.179527573626580142e-51
2.595356912159567163e-47
3.340611863864109565e-53
8.324924254015991921e-89
4.694296948438178950e-60
2.700716028589304563e-25
4.808580184334520997e-68
4.329156055024816122e-64
1.025810913020899527e-62
1.070712648161333620e-85
4.483940856299165569e-69
4.636283619420689301e-66
1.431497166348743822e-92
2.818677936861415167e-79
4.942067676026407180e-93
3.210625426229189172e-56
1.752214351409504011e-83
6.908009332805106693e-68
9.976639673920729339e-124
2.397936888475036901e-81
6.766957072265801988e-139
2.999275754152594563e-123
3.696186256226266285e-81
2.026244553589097025e-58
3.682741852412878108e-104
7.025664664747160907e-66
1.846391840124604758e-53
8.632097931085447449e-69
8.942860070601313912e-72
3.881519741982889283e-63
2.648621092029281545e-61
1.122014136028744632e-35
2.471193736611878510e-70
7.588106538028634254e-56
4.476593704745973198e-56
3.199310038880984991e-31
1.244317239426731882e-38
1.191024690442136585e-26
4.296992527135714791e-27
2.378007228997180740e-26
2.823950878049584665e-29
4.299550912222521348e-71
2.285960553075250125e-40
7.973224915817498378e-58
1.216921815896763923e-52
1.661909339979783060e-62
5.906819233421271060e-54
1.635044053181355935e-92
2.489385003491106899e-45
5.801229174439536885e-54
5.927909687793444470e-35
9.756265786005991172e-36
4.332513663256115198e-19
1.688853419024749731e-32
9.494624027231448935e-38
1.935901887758762222e-30
2.569751335767538921e-33
1.359139914793010690e-60
8.053920135331401741e-46
6.282669950102860797e-87
1.507036335889355012e-74
6.218513839750881530e-54
5.907186072830067511e-34
6.698703013562768958e-52
4.696008573198751305e-44
5.722015460799607428e-64
2.700895584308331624e-57
6.082565318268955007e-70
3.720072034750298319e-77
2.273740377390112897e-100
9.730163982264944616e-109
2.408748347810528631e-61
1.071836552354423868e-59
3.325165678680889197e-101
3.118748897049534959e-58
2.980790538758863072e-46
3.984527962134677895e-52
8.174675650645149072e-47
1.175103327065859605e-62
5.012230996247506534e-56
3.808046897015131363e-67
1.399819579378034851e-36
8.861712398356291951e-51
4.338342320114096088e-97
3.988019470937532739e-63
1.885919392150669399e-70
3.991000534986474732e-44
9.591196581576852730e-69
7.109604650352495516e-34
1.559462738759415927e-45
9.292554506878997564e-40
2.471857357325812677e-39
2.745223636511519887e-52
4.139620477344340138e-82
2.373352591883534569e-58
1.996381610173654355e-68
2.000066427684337276e-58
6.960645340072345498e-34
1.442327229860726680e-67
9.425588821619128882e-52
2.697665084800473978e-72
5.330063610441267116e-43
2.618892040677968988e-93
1.370774092746860564e-95
2.636869655529735414e-56
1.184287358647381859e-44
1.735214594411311141e-60
1.457473572040935607e-89
2.889787847695041991e-51
1.473427379701525918e-63
2.088765827053391257e-39
6.473507429912984764e-34
1.848742550409494197e-80
1.842300911366239592e-59
8.260874716326542138e-70
3.131877698703777593e-32
4.626021120385728179e-22
9.290822580457027770e-57
8.802233689308252549e-35
1.365816111957102105e-52
5.629608025943220701e-48
2.587178789921582651e-68
7.791023788482047141e-85
2.336223322781399117e-70
2.490672591089731665e-103
6.836932440176722789e-60
1.593947346763056541e-62
4.613588141803043313e-69
1.058150806688096997e-58
4.441748871454753632e-45
9.937388178431616601e-17
1.771276258488752313e-40
7.244444729522290145e-55
8.756664985384422911e-48
2.023482761277686909e-46
2.327036135069642855e-59
6.306359328479405287e-48
9.821371645379735099e-69
7.380320451520639598e-64
2.597449484855724557e-53
7.004382891332444851e-33
7.156191711152779415e-65
9.714447919282310619e-32
1.272946711965364161e-45
2.477577607466155553e-60
5.925430960986649190e-16
2.502705704791170641e-74
4.491928697979892035e-76
7.327957981771814020e-85
3.177742114077858997e-47
3.068990920650693806e-78
3.947048892828157300e-44
1.072197014396093378e-31
2.694553781147383950e-21
1.018685825079865084e-17
8.310813761047615969e-17
5.043852056330839775e-23
5.461789820822810895e-33
3.969167991853764285e-49
2.274120752333573302e-39
2.550972033862995528e-88
2.443109354119713042e-71
1.827864387171957776e-34
2.822949007591404363e-59
1.537968388404246718e-51
3.353654010548531203e-30
1.528731659471772689e-17
1.405759582859313499e-17
1.072168518581584822e-37
1.208302073468267687e-47
3.718394595463468263e-76
2.658558825845796771e-49
7.262874817323158543e-53
1.274383447199384989e-08
1.361180700727858013e-11
5.535543109742226150e-07
1.665747961247046344e-04
5.533447416265195616e-10
3.425220605797812829e-25
5.226472053806072774e-08
5.888678312311639947e-41
7.631223104488220438e-25
6.476557016680561449e-31
2.231585034300397380e-31
5.863521448659720436e-18
1.186516313623782124e-34
2.277717475061020832e-62
3.574412023200375823e-46
2.445375052726239268e-21
3.687615361419956082e-23
3.877343950784191372e-30
5.738651007563011988e-65
2.228860642087688958e-34
2.548475581837800359e-29
5.491732590784140844e-68
2.907292087910630367e-12
2.023129512049629389e-09
7.238063107862674943e-08
3.749119928009335224e-17
1.585083182226637411e-29
7.588713799515706002e-18
1.435308878659053542e-22
8.369239203228072677e-13
1.570981162006883149e-09
6.706781660949731377e-09
1.598008655809412366e-27
4.716055936215398351e-21
6.215621095120037428e-14
3.796762057016783482e-23
2.434472347221235752e-15
1.203566924770073426e-14
6.787055314361416408e-10
1.384220614439359823e-04
3.408312587924466765e-12
1.097528356951595410e-03
4.247977671749506236e-07
4.601799764085100683e-07
1.795894731572457223e-05
5.837617288336394063e-04
9.767732601032255477e-13
1.281711814272792966e-07
7.584450460697150526e-04
2.529348935343771578e-10
6.125795386431869131e-07
3.775138668202508768e-14
5.557520489148828041e-21
7.023356450275945565e-15
1.649667010410304465e-26
1.104846082751264757e-10
4.328557163155020279e-11
2.617077488111761057e-14
9.314783950897314539e-04
5.670498679735208862e-09
6.829206350929464645e-06
5.552597634256537207e-08
6.124939793291322956e-09
4.697443361954934816e-10
1.321190650634711911e-49
1.720487634616330822e-13
1.288443799681839720e-16
2.103359493486322598e-20
5.945276481389967723e-32
9.008561546241542608e-30
2.887371749276805679e-52
4.458311409035661110e-55
1.320420046802720527e-84
5.976018989697497265e-53
1.983695237135756304e-53
1.736812412846880149e-88
5.038630713591764116e-45
1.753627395096896833e-36
9.980424026852088793e-12
2.922560050609138985e-17
1.699552756677489746e-11
4.427207269669634088e-09
2.823154514455486028e-21
4.016168117962117594e-45
7.918573236764524335e-57
3.921564330132072572e-21
3.654687385845504891e-09
6.027145569366267040e-08
3.155398909572565497e-14
2.491339802613358229e-04
4.625789411615183571e-06
6.260944833102750013e-12
1.345688283688324926e-16
9.222852050467441219e-24
1.381315468479729794e-10
6.341417703527042026e-08
1.324675819713164184e-16
2.522197011393726067e-14
1.179451140847570068e-07
3.379985966783342374e-07
4.664761629244570721e-08
9.993979409633476528e-13
4.888420463033701380e-10
4.694357584330988096e-13
5.031019899400407194e-12
1.593702689314793492e-07
9.835319086661918636e-06
1.086258464532508265e-03
3.427193316328088773e-06
2.538817548456300303e-04
1.735218218178656881e-08
4.355614251426831560e-04
6.174067377348064350e-04
2.029848015849439224e-04
1.047011752518521924e-03
6.110469166462933305e-08
3.787008964458157888e-04
2.390913614120105348e-06
8.883685106970777828e-05
2.513875678576876543e-05
6.933396632579082003e-19
1.241400300991587518e-13
6.247000324910432275e-04
2.871510692974854406e-11
2.662864907036549197e-05
4.177421380548398185e-08
2.154034588820174243e-04
1.524487391952438190e-12
1.032168326793709038e-03
2.958833444136948056e-12
7.943832659593066210e-04
6.011679849725118634e-04
6.925956381631202807e-04
1.921079553982075710e-05
2.267046106665517393e-04
3.740564214090311516e-22
6.209457563353645025e-12
8.942940290374730835e-25
7.220511931172248002e-15
1.017462924571204422e-18
6.655616324092940256e-08
1.401131653086913560e-17
4.159070399019924815e-22
3.619669747451216148e-19
5.054157464449837098e-15
1.017230420585356146e-50
1.393724053237389210e-21
2.584705748993417140e-30
8.544538231344841303e-30
7.028870037014347068e-21
1.174016752464405879e-18
9.850959229324056201e-85
3.984940019811616552e-109
5.959104679245136683e-46
5.124989253161823070e-112
2.440963990579221902e-110
5.699726954050965503e-83
4.674995425780422531e-39
8.416017755788356202e-58
1.372216634385486784e-85
4.330529446142562707e-62
3.066863176322046338e-54
4.489699370166433529e-95
2.072744126747997868e-62
1.564871407461137946e-97
1.380058867758011029e-52
1.825146420939013627e-46
4.041060036211673606e-57
2.932867327505977393e-87
9.362349839961556105e-75
6.888746674918267604e-48
9.074421392925447763e-12
6.336978963297618328e-12
1.264036067718131956e-13
2.867623584848436099e-12
1.843975620908571374e-15
3.761715471588233364e-05
5.141865715158171239e-27
6.827158443883344665e-10
3.460202917801912301e-42
3.197450841257461408e-32
9.304416138752222607e-42
5.518010607960826667e-29
2.549365941812391790e-40
3.211871722428745646e-45
4.385930712123019773e-20
4.977424642539052079e-36
7.951012377571815984e-22
6.977547242670159350e-56
4.014984972158284867e-33
1.843698516540211939e-72
2.111569030104283072e-44
2.378521972429905472e-80
1.551581861139879763e-40
1.804065693909751738e-23
1.958130186260397003e-19
2.531695658671751812e-31
2.519229668293364434e-18
1.993640765525568071e-24
7.323196878387017913e-23
2.145664611177173421e-52
4.553900001567792223e-12
3.092489564585365574e-11
4.888810193880379489e-06
7.360089583898256278e-16
1.443206330173101911e-05
8.240514030336832654e-04
9.402706455419649112e-09
2.426572787408257252e-24
2.579770858672403182e-11
1.066642311874981251e-21
1.664283951590250771e-23
1.613406238428614380e-12
1.166879497966878183e-37
5.546759351281605841e-31
1.457156262576123234e-25
8.795656987942236510e-47
8.361025225750835562e-107
8.548765597571979776e-101
1.817984543306384225e-57
1.916074470440892246e-52
2.949756460210578698e-28
1.055550138507444932e-37
8.440906411646952285e-46
7.582653919095540388e-66
1.792048918966722507e-60
6.777900046184386558e-45
1.677412387036773494e-23
2.524668752177996171e-76
2.350418964040287309e-58
1.801892787635274999e-25
1.043924654455764314e-54
5.135589101605380426e-60
2.441023008396932034e-51
8.797381864638941175e-38
8.434490905209383212e-36
4.676380842576338254e-48
3.484415173679858903e-35
1.542037075820542420e-60
3.011608700787040569e-44
2.957976906251646509e-19
2.854802922485700659e-31
5.788588484927576550e-11
6.225246219637177696e-11
2.645765989463643945e-11
5.424773594821474775e-47
1.215161593359225553e-06
7.716070833680255510e-25
1.572947189508117469e-25
7.649596393917566245e-25
7.422209179197172654e-12
5.522822283237868554e-22
1.417963864695852600e-09
3.534400583050826221e-05
9.803464814375375670e-16
1.941219468959573782e-24
2.153354872641034042e-10
2.724805423363884109e-07
1.966717205715787454e-22
1.330486910064355978e-16
2.334024956799521066e-19
7.074593094570078567e-08
9.360405202058883033e-31
6.595630899317789229e-15
1.405030399203357893e-10
3.303114893477032167e-05
3.318343176293457830e-37
1.858142448248329141e-43
1.361849189710165358e-41
2.490415885618905410e-36
4.980569243385514835e-16
3.904904762670971829e-29
2.363376644484050134e-68
3.721607012383762553e-44
3.769961227784435273e-76
2.241985046829543240e-33
6.170924952085731580e-74
2.224091330641327488e-102
7.531961188306201081e-23
6.995076540892519940e-19
5.620667567268810364e-18
1.042036910957539929e-07
1.140342282261903601e-04
7.054182256173789471e-05
6.246025562416399144e-04
3.586045118700569175e-04
1.135413238240332088e-14
9.095857290052633548e-04
5.050108846650744554e-09
1.091908882632839492e-12
3.178093704725972265e-05
1.041970395348885519e-04
4.260632678304945919e-06
2.012215826526891446e-07
1.219274099504150113e-05
8.301088642824184929e-10
3.952077508523180775e-19
4.245943948977751187e-05
2.048157718400645688e-05
2.290825808986094904e-14
1.994540724977570214e-22
1.268620241322705874e-25
1.557501627730492579e-43
1.602682815772897642e-15
1.552702897625908840e-09
1.932924089563578218e-10
1.481077146860945722e-46
4.072988745044134849e-10
1.020751145958185425e-11
7.418409630870902968e-37
1.872210334438214698e-39
1.862411693684351707e-27
9.567212534770964183e-13
1.431150050628287365e-18
6.471412243131189139e-07
7.233287725744164121e-05
1.192258378948047219e-05
8.590070068370513892e-04
2.255906512605513605e-04
2.024585491716819846e-04
4.066739954760040113e-04
9.572574065566297110e-04
7.594074542288252634e-04
3.953116583217708728e-04
4.011710325697585475e-04
1.366257732631943315e-07
1.316909449611035419e-04
8.817723869061690102e-12
2.612867873843558394e-16
6.456666688474822228e-18
7.779675954937749374e-05
2.325579835508323152e-10
1.143094877814041605e-03
4.943827616722720862e-12
1.733973307110405967e-06
1.635092495386132134e-10
3.603960609088874112e-19
3.677906844352486033e-04
3.261816444630465540e-04
8.058643576023541899e-04
2.698232092435693384e-05
1.009485600887506189e-06
3.255021550048801081e-05
2.175886794934729401e-04
5.730948481404217303e-04
2.147721688087047361e-04
5.748054454433062117e-12
7.809698998778653589e-07
4.277243803561842111e-05
1.063836960921586954e-03
6.370770970157187000e-04
7.268390310631768362e-04
1.059206475729295837e-03
1.125228008508513374e-03
9.780730323450640036e-04
1.166511047659839250e-03
8.758817757917925807e-04
8.132164767328594213e-04
2.595744869196907573e-04
2.872661950501198582e-07
7.032317232689201409e-04
4.381670874789266577e-04
9.354983478417960505e-04
1.003353611022056099e-03
3.294739084615201181e-06
2.982740263692521737e-06
2.269547270964582678e-09
6.189885114412015674e-04
9.031965737427167650e-05
7.109265498341855224e-04
4.244855174574393097e-04
9.634829527502385008e-04
2.604872334984582546e-04
7.142351728163737548e-04
2.649531337964892508e-04
3.089961797909463375e-06
1.036265694774723620e-03
8.303892403357663243e-04
1.008234895328801956e-07
1.461871817607030206e-04
9.381094647874884578e-04
9.078562309722977824e-04
1.893800436103075485e-13
6.690857084211384414e-07
1.409358939580914496e-05
3.542645357436367045e-04
7.457844951579728791e-04
1.105760831589297109e-03
3.137045048131570189e-07
7.848730822061107931e-04
2.078732985616286569e-06
3.819210128060711086e-09
2.177238020507260346e-04
7.600744430220613352e-15
4.938767172094368124e-42
8.288880529929770981e-37
5.951516276216177677e-39
2.101464365561437164e-05
2.256329582127547757e-06
1.170868853275248891e-03
3.991669757390614882e-06
4.736334778123261533e-06
4.446842089938639251e-10
1.237030974391183631e-05
8.441327469942351058e-14
6.674734574956411651e-13
3.630277453986397633e-04
4.902262696161845948e-04
5.362828271780520329e-05
1.696261464289147209e-05
4.784909721366003919e-08
4.437124071462369466e-07
3.496867337421428221e-04
2.658813334715838139e-08
1.019263737680974639e-10
7.589648014405943385e-08
1.564246891326955293e-08
1.875560527005502051e-28
2.221941051868019881e-14
1.709713135714304182e-04
1.921345646263976036e-06
4.593267727786182162e-06
2.362953337204893910e-08
1.358850697891859972e-05
2.288204472387462692e-05
1.717116544283346202e-06
5.902280883671744871e-23
4.522923837675857562e-05
4.991517523902556540e-04
1.483736949952160291e-06
6.537823705988316750e-04
5.527720906215498158e-07
3.545290588239893197e-04
1.017759179227850901e-03
5.683374385720646547e-04
2.835862914668566502e-05
6.096676310800393705e-05
1.005988054232728515e-11
6.026680294811237974e-05
2.199373339057985854e-12
5.097907095990175524e-06
4.599115051334552014e-10
3.831999028041864792e-06
8.225797550707046233e-05
8.645338839473638848e-04
1.116568184111305919e-03
3.311153293055308604e-13
1.694751082856253525e-04
1.217743893652293918e-09
1.558946956666388907e-08
9.186401911421358379e-04
4.368867921131010137e-04
2.788243827767193910e-04
9.639887576466605115e-04
3.995594800440106060e-05
5.599816229706741557e-04
1.955692586681642101e-04
1.899682282558969424e-07
2.291351478983117286e-04
8.940354160173900666e-06
8.505922262992445112e-05
8.889702275871070323e-04
4.599152475799713120e-04
6.120883611660901430e-05
5.460005516688670995e-04
7.968652525278342909e-05
2.258583528743177208e-15
7.063764513419065175e-05
6.025243904091519210e-08
2.817249396983454108e-04
4.508503488748622488e-04
8.663543271782774783e-04
5.899304983237845550e-06
7.458541157713118128e-04
6.130505220718313704e-04
7.447623493528476987e-04
1.186754044622868052e-03
2.835830515835874418e-07
6.570114898265792423e-04
3.611922392056450722e-04
2.273557293010543831e-04
9.128305886858497416e-04
8.459481052206668937e-16
1.812872517413373106e-05
8.506415150865415239e-04
7.887626486746892208e-05
1.079413636072267110e-03
6.273106572866426036e-04
1.192436316016226051e-03
1.156017850957279970e-03
4.900460396043055701e-04
6.970038212077474954e-04
1.099796378625213971e-03
1.209635076765896945e-03
8.343035931031018407e-14
2.694872542837148019e-04
1.156053795163772486e-03
7.141773426630237996e-04
6.045225811595687348e-04
7.038616134849610083e-05
4.739368561348592380e-04
1.234833184975676337e-03
3.538500477586436197e-04
8.163202678996352461e-04
2.115338025717268728e-04
5.657579507011214353e-05
1.144296676585451452e-03
1.109573294469248664e-03
5.970648140802729343e-04
1.127283517615082931e-03
9.958631265463881036e-05
4.943488259119597312e-04
1.028976573633927924e-03
5.997552994488361631e-04
2.595695842595981549e-05
1.973289888201302741e-04
1.184609575459909204e-03
5.407898496568715142e-04
7.538485105048477284e-05
8.082208443617949411e-07
2.809203877039610450e-04
9.775124179177729130e-04
1.036084610871747117e-03
5.237086124536409785e-04
1.148167526486677890e-03
4.665468346956803871e-04
1.225531508966085396e-03
8.753359255051485193e-04
1.276627755733462564e-12
8.521357631206662262e-04
1.198819845049060298e-03
1.205644284132906079e-03
8.458146450494817819e-04
1.014050966651371209e-03
2.613188609202800508e-09
2.159812371392950758e-05
4.804593366019173210e-04
7.099553135276694012e-06
6.926828571263414936e-04
4.197913839302291135e-04
9.760639842655793249e-09
1.047175630114977572e-03
1.086474616696254860e-03
7.455105075985543714e-05
5.304448985442819541e-05
8.834340548405589591e-04
8.405342267679677794e-05
8.656807590273348191e-08
9.096096168739347711e-04
9.149784080908733705e-04
8.298309230537249687e-04
1.038749166921083779e-03
3.968561957003179299e-06
9.306387139207309258e-04
2.322522489928936176e-09
1.519351400322268365e-05
7.658888494214785179e-04
4.360628647536660323e-09
8.305296228209399121e-05
8.024182376748955684e-08
3.909628663661522114e-09
7.499773169597152124e-18
2.880896605044351379e-27
2.672702921253490231e-10
1.355319080733614925e-16
6.538870693374261122e-39
1.224714143632487627e-26
3.100354406492655246e-21
4.237330672536031545e-19
2.593994580231667124e-23
1.712493518873073881e-20
2.075418454725423184e-11
9.730318716584591356e-12
9.071572844927801367e-15
7.735999767445263610e-09
6.078373324439287722e-16
5.471115026176606808e-04
5.089881719906123702e-09
1.634125756271219095e-06
1.322212869754846593e-05
1.204499239401147224e-04
7.727755910395345479e-05
1.160252192865304653e-06
6.970385493827192675e-14
1.891445846054664087e-09
3.073376174104524554e-06
7.131180301519242230e-05
1.306308364558304228e-04
9.275836645848814134e-08
2.317259915597907863e-10
1.183183653585818928e-16
2.361522940701755912e-05
9.197665754862070067e-10
2.841749996412933569e-06
4.349664590854476721e-05
5.849541077906309644e-04
4.790526354609395587e-04
1.137241447103871711e-03
1.101205428240724021e-09
3.343765895830776565e-05
9.601592508051403079e-07
4.928998606020844417e-13
1.736622783748226152e-05
1.421634129034669135e-10
5.076318784893639618e-06
8.280499422247327278e-13
2.645622530348437850e-10
2.981617577015409998e-12
7.168603137648353069e-13
5.576734395797037354e-08
8.151199206533347706e-06
6.411969629438692630e-08
1.550359646815669778e-04
1.636876266477134260e-17
2.157731323793694555e-09
3.248850807486903213e-16
6.674035910490385741e-16
3.017122873668256193e-12
2.992711530830404167e-20
2.232799711031372187e-08
2.227370476103366344e-21
7.976083614152615839e-16
3.487472633315338890e-16
8.139782202876041967e-22
1.404632663389947258e-07
9.177116523840481932e-08
9.956848641783931940e-15
1.194743188073282387e-05
9.830214751858583091e-15
6.824145284715564114e-11
4.580146573385275013e-11
9.846851550280143607e-05
6.207063532321616226e-05
3.648754610335039647e-06
1.039977187907386863e-07
5.484557386682814822e-04
5.570090021388839248e-04
2.251102143862539764e-06
1.401685389395860480e-07
2.186668839574045060e-09
6.225117594067933552e-09
6.586632075088067718e-09
1.197809326356899234e-10
9.222407291940089951e-18
1.388201368956388490e-06
6.382596791892737945e-04
1.680389519602411513e-05
3.435900319229315378e-04
2.184871799185866796e-09
7.904701551488561441e-09
7.818778250022322215e-11
9.542350837196094656e-06
3.859562935218076107e-05
1.255941641319112997e-04
8.198074413383162824e-15
9.697467966649353369e-05
6.903622412519979387e-07
4.444536736125858434e-07
6.509208646497580685e-10
1.672280730722645659e-11
2.377105360974644693e-07
8.806969339634431631e-05
1.642088278202047306e-09
1.354707976662655159e-07
2.857784679731050198e-07
3.215784160524621103e-17
7.847381815116186373e-09
1.090228840434262709e-03
4.321270599549074443e-04
3.740918294278145774e-04
3.126396580494289392e-04
2.801859812336539455e-06
5.132836657138527685e-06
6.436033465391044570e-05
8.497137401074308135e-05
2.037436173132925112e-09
1.341148790413441778e-05
1.137758656879669220e-06
5.953398469628304362e-05
4.221921390476115858e-04
4.167027471086098096e-04
1.204634402842248058e-03
1.047016578419075229e-03
2.282141135572317095e-09
1.281713570374411464e-04
5.521612342719057088e-04
3.657713065037776316e-05
7.178426827351052156e-04
3.769728455472409837e-05
4.522647077165024994e-05
2.090953685214332786e-06
4.230921290196239300e-16
3.617013291799977502e-07
5.503781132304562234e-19
2.483941844338598498e-36
1.551692287587388817e-27
5.781889026655065242e-20
1.660280581139867307e-18
5.747109133794567748e-12
3.307098297433197010e-05
7.231627875553788803e-07
5.286614096885001461e-09
1.760198087462790822e-21
2.120736614097971258e-17
2.837147235778680032e-16
1.009756582096134108e-14
4.991512574089632958e-14
6.807444103073161506e-36
1.001674392401959441e-09
3.140539855073083673e-17
1.375905541732428016e-26
8.106079572074293485e-31
2.742320993812140938e-54
2.609674616884130378e-18
5.263258705082010466e-14
1.796074912612005805e-17
4.610092727896855912e-26
1.114409984804420448e-27
2.760988052858424671e-14
1.224049470167291935e-14
4.038106129154681927e-24
1.391710591039880526e-12
8.406327427682946703e-31
3.704914477268391210e-61
1.258302888792185093e-29
6.243715443595705685e-51
1.764274455945043708e-40
4.112343852818055720e-54
3.523635883966332762e-19
2.715467588089226209e-16
3.153139504424773672e-30
3.565480459059776689e-33
6.549357446249619568e-34
7.089904844503840476e-06
1.141260258837425692e-39
7.407519518623119274e-29
7.783098251062498178e-32
1.428118030027486269e-61
3.365743311528807093e-87
2.692927433161398246e-74
6.435907595300844398e-98
4.857608355401925250e-124
4.598986212990730569e-86
3.148399402903824415e-58
5.014687974339401739e-79
4.123300799406514047e-86
1.697855605968085429e-116
4.949477334706963625e-102
2.537867779938268978e-65
1.951031580663958918e-74
1.057520401659415516e-68
1.157974183909015674e-80
5.044080811579982527e-94
8.012655733121110916e-93
2.996597094580587044e-99
3.395595897040102042e-110
7.994013938380185209e-108
2.353141435384555405e-96
4.298485299051660834e-105
3.116198404073841455e-91
2.379408285402968582e-125
5.187417228095064265e-84
1.450738608036166193e-90
6.932287628452641235e-106
2.466467869017652105e-124
1.047029633740839009e-67
4.509099281117336471e-97
2.162106570927632886e-103
2.078353277050293532e-102
5.172257622978789132e-126
6.684481599584005811e-130
1.789625686909885747e-89
2.878779045150180724e-110
1.124073042235161184e-119
6.908548488467059203e-89
8.883119773195265903e-54
7.918995921399636039e-41
2.258337393172241935e-50
1.338302382887472006e-55
1.253850472835577959e-32
1.323058391620716776e-83
1.034029161293488143e-58
2.168619949611976280e-44
1.102303285141946664e-32
4.232339390870223355e-67
3.346672052610421176e-62
3.151491413131284158e-60
1.416930483495864574e-65
2.603993610957184568e-43
5.167516320786729808e-82
1.415540947367494902e-92
5.606293020525660157e-28
8.268128720852472733e-38
4.310094121924986166e-18
8.277678467970015376e-34
2.341915927498213632e-51
3.429045617261128514e-48
7.810845758616778759e-69
4.576685314926901344e-43
7.232261741035019342e-74
2.143898681520554550e-56
6.417230747788512666e-52
3.224139166715165716e-74
2.934333363179919783e-55
7.415786926919812759e-34
3.559849984663538642e-36
6.798721317913063409e-31
1.615486050799838379e-37
3.213727057091473405e-18
3.596596757535982323e-37
1.031396639072798579e-28
7.642451917096138900e-22
3.861586943431341334e-39
1.011290722681276631e-21
1.151745642384335213e-68
1.012312445925258188e-41
6.060641377184220017e-57
2.314954097000062095e-39
7.640757405561492319e-77
6.258267130452629690e-10
1.073716451721357516e-60
2.701191068668947327e-78
2.315650356149668441e-46
1.284077245004615021e-42
1.852534916349814757e-63
4.773632743975397436e-44
2.439799015477782088e-104
8.414738641949369542e-83
7.976601576539328406e-33
4.791804431676618091e-73
3.083670610443052452e-81
4.815754882427673804e-60
5.786854747193443797e-100
5.894114761832529569e-97
8.210243141628832961e-94
3.804950415901487676e-73
4.898114733841509472e-50
3.200474010500950786e-64
2.472360459729744437e-70
3.582614825978683200e-38
4.511733181539404802e-110
3.440084835660220796e-90
9.236470184287229946e-80
1.486992861264078755e-53
1.579731559997235963e-57
2.521557966076838256e-35
1.591782628934903946e-31
6.206118250731274959e-30
9.313496452216514144e-57
2.980133506519806479e-40
4.948178700889729918e-89
4.050891528922527524e-67
2.886787436805950262e-61
4.315684431331616914e-50
3.632136047475716687e-61
2.071861620797394886e-37
5.773202520553479105e-37
5.808854353398539938e-71
3.050512202168448598e-47
5.057088032646750126e-59
5.459953220245054539e-36
4.951579425482080824e-55
6.743678497398453044e-22
5.726013519800318606e-13
6.402498555547013165e-27
4.196629127012063032e-81
7.914984419836667341e-51
9.195613226039609121e-47
1.644818711001256614e-48
4.253440699997171556e-30
2.022740593701344581e-30
1.091893913627795728e-52
7.773763271625592427e-56
3.399153631788114608e-79
1.659453353438461424e-63
7.301486541060946221e-27
4.525137084356600356e-12
6.747622794257754175e-34
1.683188431594903082e-51
5.372707857715270763e-59
1.549532763243486145e-29
2.548768330731324498e-31
1.394576632245748779e-47
6.836068203060278926e-57
3.231345235600756400e-37
2.476414026047094700e-43
7.800947827894774944e-39
5.350122270678588687e-10
2.349163139249397974e-58
7.622071358354927048e-27
1.188335105140244690e-58
2.349652656127036541e-67
1.164820415214044265e-57
7.021902734848872115e-54
1.318204900667789782e-30
1.041433338548180741e-35
3.266311639134681630e-22
2.788082399599760345e-40
9.194574678931802984e-18
1.469615157660059876e-28
6.550813574698974734e-43
7.339675371380898865e-12
8.876429282475926907e-11
5.497600619762561201e-49
1.247273781901394941e-40
3.440227770875898505e-40
3.037755223430354813e-23
1.510962828004811580e-26
3.049440027964910166e-40
4.771201743951718915e-65
3.677592620056774287e-42
3.040132250663870478e-26
1.143276438959066746e-26
1.036993276035715334e-42
2.388026980285653026e-44
2.853428332136245702e-42
2.571450404071031062e-37
5.747796216206505005e-63
8.003311781344487822e-47
1.961261262290407686e-22
1.253703748001957678e-37
4.795892470679422713e-61
1.418421621445111915e-44
5.946331805225282366e-49
1.159862769353621465e-43
3.667760432795587846e-39
3.027218505622984759e-37
1.602965340591503355e-43
2.188001312328579541e-36
7.977156724271094043e-40
7.566653504681679843e-55
1.750660425724111072e-49
2.291034534247198621e-50
7.142331984983433081e-62
6.532938479944612862e-66
2.594421431563686799e-68
1.831962109729107237e-23
3.790171302924384843e-31
2.379130688857844368e-73
8.241259338180923261e-41
1.026253292451653200e-101
1.216351037557599872e-67
7.098611296551478518e-50
6.460485938331533087e-67
1.861905490286616453e-125
1.484234145378316438e-129
1.852839639067034925e-80
2.096953844169895071e-75
1.646144883641197912e-46
2.505985056574609891e-40
1.467325966363942428e-63
5.446948991988263861e-54
1.551573430175109649e-34
1.031795955591439337e-34
2.189148790405784389e-77
1.139474710846118059e-67
1.029569314579831306e-72
2.442879432608059323e-113
6.441140685335273657e-74
3.352493087597426283e-101
1.199406978357538385e-63
3.746536660880824986e-90
1.588299703146547927e-65
5.871690564524873639e-19
8.856797921307318299e-78
5.265420191259067535e-32
1.919717351257449739e-34
3.211997109286998302e-65
3.849667257447250586e-58
8.409717893152528839e-49
2.368890186748908144e-22
9.257101596543987441e-50
1.528670047818368719e-59
7.131537201471733791e-67
2.949875569836174519e-80
2.877301098457313234e-50
1.194863346449948294e-41
1.113815617379786595e-26
3.390637033628623893e-43
5.364891691903705975e-85
3.185282657443677286e-69
7.864020907029407417e-38
2.552558078011647673e-22
2.538064404179174711e-54
3.544377829876439007e-90
1.967038940584324438e-109
9.750601472781835272e-60
1.533926435654797645e-59
5.123042148690329160e-44
1.827415815468082582e-83
2.093968304161235048e-70
1.326880949045658167e-70
2.617165104932109061e-84
1.100038230522828740e-37
1.355059086529667361e-50
1.285471225656636330e-30
2.177568055892088001e-24
5.035096681896961190e-26
2.040753668880386939e-35
4.056340188863505662e-34
2.388635362908520211e-10
3.204819171920783509e-20
1.077804717953704079e-29
8.230109621388978480e-44
7.421219127585926966e-40
8.574847647067433710e-37
9.584416575880015315e-48
5.535670563219401937e-55
7.035102369703204933e-51
2.619257758528897470e-32
2.087395791846611930e-54
6.612499670811660786e-41
2.103518990450479734e-18
4.800121168853050580e-35
7.687836345259774913e-51
5.700676206542527632e-28
2.260568933342702175e-30
1.000331072724797559e-40
1.691393333735211993e-43
7.980293369922408274e-48
4.358607493491251944e-34
9.057764079311300389e-13
1.074221515707725455e-34
5.379086032859453707e-29
7.401994995602964928e-23
2.189465226711105643e-18
8.083395430620068430e-24
2.179672137195737312e-42
5.369228091648064705e-85
6.587795808260220182e-57
4.616976609807108748e-71
1.014737557119196386e-46
4.980236390493316628e-67
3.936680309799155393e-56
1.403542425459374616e-61
1.676771546596102917e-60
3.505532210015912969e-75
1.696903456822727318e-132
2.360252939897246070e-107
1.130191321481428986e-96
2.577194104782286446e-111
9.325089579563045144e-106
3.875181811642612780e-89
5.139629819289456470e-76
8.874489557654401982e-70
6.585511069566096895e-47
3.300852215416878254e-103
3.366035571043844601e-127
6.144219114964871914e-112
1.781014499973050794e-106
2.632458988505905410e-81
2.816249438602601167e-86
1.121585139662686992e-49
5.159350647460338597e-73
8.646404386829706424e-70
7.962336933010520306e-50
1.441639950221783312e-53
8.587722704609195374e-85
1.886921136900306339e-52
1.431870243668511997e-104
1.946824557209583066e-56
1.487905429849069594e-102
1.451170578183563105e-101
4.551669875928561453e-84
3.939718643475046008e-92
4.391274784405254687e-120
3.648737219891237339e-92
3.026187794635961881e-31
6.426850502541628505e-71
5.013270747837233844e-130
9.411325385280481746e-105
1.280789764580855726e-60
5.311840702507737984e-77
3.812711882965075332e-34
5.309746667279883045e-54
2.714232054338826880e-52
1.975287223186207755e-53
4.540163131528593977e-74
2.940533452914314459e-59
5.358433508320038881e-83
1.720589775185906500e-48
1.760683989208959675e-104
1.877169137112586647e-73
1.592728419701060521e-51
8.484119051799935527e-75
2.261427694267702695e-120
1.537148966686797997e-93
2.788016312637031840e-126
4.268262662127297943e-29
3.193545678550043758e-97
2.302863513047853680e-84
2.142449367797403491e-55
9.139364311376416368e-86
2.798373085957945110e-54
7.843412880347769983e-44
7.705835504986382374e-45
1.567018533980037147e-95
1.385394951538927679e-81
2.263243650827000669e-67
5.061254295765589263e-24
8.266839680874966248e-72
7.272073649629201765e-57
2.425516141059141485e-45
1.827396418666172999e-93
1.301927512606478297e-96
3.005661295411457673e-102
1.763634447313544256e-102
2.301123340866055637e-94
5.393658134377001112e-89
6.569109755977691590e-64
5.228677517567663704e-83
1.357639185486985498e-80
9.398152038770312888e-121
3.069951356780378828e-77
1.392046951742385164e-74
3.264458498261067233e-80
6.557910050066392522e-79
1.746673948785235183e-81
4.227063298077625851e-90
2.406248996796108104e-106
3.963630218953028231e-73
2.264335823446019608e-107
4.300049476723080049e-83
5.208700593828686749e-80
1.034719967939851318e-111
6.364554598086992603e-51
2.191782518243958345e-71
2.636610911884907150e-31
2.023359639203427941e-54
2.435992583678277889e-49
2.592963284572398553e-96
3.509684557789125418e-61
4.594802676717743386e-67
5.645459331567074159e-42
1.636144143558732959e-81
1.550808486731953497e-67
2.292603684843674994e-44
1.451391961369718187e-13
5.753571857456270940e-45
9.232286955913332928e-32
8.776686933662108821e-60
5.020578683778291289e-99
2.000188716818938239e-56
1.884166419815675119e-85
1.585519724966600019e-125
5.323630516514960741e-101
6.167441189161766031e-112
7.088291637964761796e-84
2.885584074170222097e-94
2.255324538140380600e-93
7.619760814374928240e-103
1.624875885338015179e-80
4.511342399567057063e-53
2.424454986225147097e-61
1.411013038998220706e-47
1.220154398209135302e-64
2.794388604096903686e-88
6.153594869410381998e-80
4.632182277821254958e-80
1.069978600039270757e-76
2.587752069412535081e-102
1.049860281153893320e-112
3.901562801495713103e-71
9.305190290008991287e-52
5.374328330113528095e-71
2.866589239885720592e-81
1.401082941344009439e-112
5.134083119572868772e-115
1.811122288893824940e-112
3.721985844058674358e-109
1.725800423777807734e-102
1.169356060972467417e-98
1.905011043284760174e-124
2.952168493822791435e-97
1.283980288918387327e-111
2.801048802042289993e-94
6.473422699270378855e-110
3.883305197342408912e-80
1.087792481230915439e-89
1.673555622747254115e-130
1.221284822426963084e-117
4.986105230643616982e-70
5.385413545939964666e-84
2.527414257948222194e-95
2.660676161043012921e-95
2.003536910047627636e-65
1.226844879425693569e-73
2.337192809061466114e-89
2.035407540793338640e-106
9.981758437320320012e-125
3.591527628514357447e-91
2.490222728112597221e-95
1.968987921714282415e-95
1.617005588384848000e-98
4.969156489673918165e-102
1.781286992833136511e-83
1.456463694993441445e-89
6.655048592015728891e-29
7.246709126111773447e-51
1.694024713344200347e-78
8.210698720063396426e-75
1.841491310839134175e-69
1.348464003069821191e-54
9.329439210535208335e-58
2.805887265677527636e-110
9.992697203654538729e-67
1.115919524566564228e-100
2.348131162530999627e-56
1.164355279392911293e-72
2.295062200113404371e-132
3.077372991802126643e-116
9.636684296367010842e-73
5.670867632921180044e-96
9.296590513854260478e-106
6.473440419199047445e-113
1.613881968763567850e-58
1.847236248098131870e-93
8.179147227958260328e-90
3.276460334500276650e-91
9.049336920858290590e-109
9.859107630340963426e-129
8.749808702617761901e-68
3.573281651568829970e-88
2.037794993796900104e-81
6.908658058683102962e-126
1.766323739239783601e-74
1.883695550088824780e-105
6.722042398854417850e-76
2.939425400780684016e-94
6.136526096518974850e-108
1.845174433133368585e-89
5.390073331034851590e-85
9.947061333042535163e-124
1.228799784624008652e-85
7.217850718980788085e-120
5.651509593585262951e-94
1.067404256890664352e-72
3.790808532992302686e-99
1.016238232106090599e-115
1.988903242348989931e-97
4.902498388400475909e-102
1.505045573831137406e-85
7.600677103892011007e-111
5.375494304972780681e-75
2.395520247722548339e-101
1.082472327209816513e-90
3.601075153082585657e-106
6.316480492645663335e-118
1.464555501248078722e-89
7.124916129578442353e-119
3.357096761556514929e-120
2.679196829541609190e-108
1.220991600684912420e-118
7.024476542671059352e-120
7.725259617960174721e-104
7.665991832293358141e-97
5.898662017742354824e-80
5.757735782668143297e-95
1.816269158338445852e-111
2.602823097617049722e-94
8.070553831291787784e-92
4.091384182967320222e-106
5.027448104254418038e-97
7.898692844034218475e-119
2.282349323702291748e-112
1.290566633241014360e-77
1.640319522230581489e-97
1.316687818306848547e-83
4.972265492653643540e-127
5.085731534994616553e-80
1.420014922476789634e-98
3.996334224747553677e-125
1.975954391764527043e-64
2.281480354341927801e-81
1.361655763238204085e-108
5.103013354298017505e-95
3.603509810641032119e-114
4.380679696710706570e-97
1.112085143832059903e-90
1.127652986407741526e-128
8.676999278002316178e-109
6.743330149954968107e-64
1.444333846576468033e-134
1.096814983613860350e-96
1.779719291179081710e-112
9.691660891460639208e-116
6.794970089852278737e-72
4.277480972404640329e-86
1.032193920892083790e-98
4.867706694409598989e-91
3.853719024803298474e-126
2.426443411941857410e-87
3.621976297339369639e-90
4.234071919095445373e-91
1.081113367627085686e-104
2.508654629470393109e-114
1.057427656057490557e-132
1.995374883553168245e-106
4.314998366696902893e-101
2.676619062288817431e-104
1.400600075460017939e-87
4.173597547839252138e-116
4.572733848389368679e-88
3.352142036884332680e-92
1.989305653996517705e-101
4.069481355003911557e-55
3.334488440136893462e-55
2.561403166760989727e-77
6.373507818750588816e-92
2.365225681933915559e-125
1.473991147948425530e-84
7.739563870480754923e-91
1.293541835024072894e-115
8.081183128808698307e-116
3.092488590891315100e-109
2.026852260623678317e-124
1.539318459116485411e-100
3.653097538455042736e-84
4.051414019127466864e-76
5.086916323826693804e-74
2.098566131932688968e-66
4.906458526864265090e-83
2.906183442641393087e-104
5.619600474621287346e-120
6.349182213379613043e-109
3.628521783078983302e-117
2.705569967238598554e-92
1.099951367299822564e-96
2.086398823099392911e-70
6.968922142931805496e-109
2.002373784177766733e-92
2.043925049843523183e-95
4.258486741268853852e-128
2.895678070185003750e-118
3.901710011528919061e-102
1.859664851869764517e-119
2.016828761579855268e-92
3.029491459142782142e-127
1.577899728831178974e-116
7.053591475356821311e-96
2.263909937526958471e-99
1.265305038599897488e-120
3.970661927843450289e-97
6.890078366450567538e-70
9.062250559369516545e-112
4.550628495528373221e-105
3.220627255048059421e-116
3.486033736917041716e-117
1.539134415718462922e-117
4.585927634909570097e-100
2.462362652899808932e-57
1.165965716307536768e-95
1.014130671998767702e-139
3.471451012139884850e-112
6.572645169413459278e-115
6.010790840653318712e-126
2.388722563811774335e-105
5.604944733454917082e-112
1.761721517708915223e-97
2.054361472976755422e-118
1.261275160927683803e-127
8.705012386860369359e-124
3.836533400796255505e-67
3.187558227250698092e-63
9.047053127923485806e-51
1.911331873716670502e-61
3.457911525091305593e-87
2.069734015433275913e-87
1.336816450874524708e-66
6.576920496898112767e-113
1.052167099459825523e-69
1.938559853282488527e-81
4.569996538231469046e-92
1.999343354464649242e-89
1.589747631356462457e-100
1.604408724778323715e-66
1.052848687438265628e-74
5.262029631312905585e-82
2.162999535225737816e-128
3.037049594587413634e-84
2.184630553952557325e-93
3.641345047370530456e-42
8.515360493898877744e-70
5.400755193775029631e-60
6.658579718841223710e-76
6.046802743052332459e-91
1.862563098962588734e-45
1.519352807294088295e-51
3.099745424085340041e-56
1.066612603298508254e-101
7.937242445207319463e-109
4.007588298001645354e-48
6.383838212976236840e-60
1.251822569861653333e-62
2.014790173055897425e-115
2.252448026249882058e-83
2.246933502856539807e-38
1.396993272463303871e-26
1.555667456418748996e-45
6.632691306666590767e-58
9.055164249581096447e-36
4.438315191633567452e-53
4.101075552013998940e-72
5.383754782558344151e-45
1.992593333434965411e-72
1.487105482855172759e-68
4.953646250947622442e-33
7.411762923892206478e-27
1.621614655167465245e-43
2.247358332382021141e-54
9.516708941076602162e-83
8.317996879612030012e-24
1.489411912587827055e-38
5.663613717724681749e-59
3.052224205507156227e-61
4.675125611370882861e-98
1.174854759930458101e-62
8.883581278580418402e-35
2.605978107207080415e-39
1.724911204411464641e-55
7.304422588519469375e-42
1.215072431193675534e-29
5.767550448104577178e-70
2.751114604529447310e-64
7.173872424812685782e-40
2.866273450462238312e-49
2.237674782932465827e-36
4.077330163102541910e-38
2.013415646518135037e-44
3.073240807900479315e-85
1.327729291548775926e-38
8.967825503385687863e-62
2.299276009744918365e-15
6.311895985901009063e-37
8.242785599648350130e-53
8.582593157618697310e-20
2.875401406555302562e-43
3.621649110594639133e-49
3.390055342953915714e-36
3.163188739637066751e-47
2.834571440875891835e-37
2.979706223922296005e-66
5.658979718343703964e-40
1.278712990427313360e-41
1.533100113636617560e-64
2.240536586325026978e-26
5.207792523322668604e-52
6.723846327591234318e-24
2.641117097357695719e-57
3.618250524544037306e-45
2.748651749912696650e-46
5.476102516024359867e-15
4.611126512984161740e-27
3.010023756508030249e-43
1.263410980247575463e-75
2.196552856024924262e-51
1.950969677185823221e-34
3.264112164323998319e-82
2.389164460263476800e-102
2.280314566873749887e-49
5.987856360681791506e-55
9.340268003601517657e-51
3.149648073625972401e-58
9.494142615315660165e-45
5.131044650978400475e-61
2.246995024478338478e-40
3.832809633521231079e-101
1.090612113958302815e-63
3.907796294546019106e-59
1.300911214558823037e-50
8.460658013267125329e-26
1.575625282258520025e-81
5.280455839261053059e-78
1.111367071790607130e-46
1.608264278755719176e-92
4.002230785301134641e-37
4.913778817619302874e-79
2.866805285185353140e-92
6.259743716953734294e-93
2.572642729128303103e-62
1.159330209920241782e-88
7.249329436422176700e-57
3.812480943052474201e-52
1.063490964013250082e-76
4.053867850570359149e-69
1.558292375234410945e-46
1.083042456623623610e-78
1.358036152863734904e-65
9.905008758169072648e-59
2.108007823669218328e-23
1.916442174172879094e-74
1.402391391022057561e-79
1.295387545159799542e-43
2.276756734650673912e-75
4.514456210632443083e-54
6.876248995221610735e-53
3.167924898574004962e-61
9.899523948722021552e-42
7.081965141889892162e-32
2.104244575908068802e-98
7.999046739836285644e-97
2.295742729241858902e-38
1.120543096625479341e-60
1.303183203570378172e-58
1.151079667579847949e-67
1.424456064381793394e-49
7.988664033253904852e-52
1.825516379508025000e-38
2.541012008372403958e-55
1.137845920575566769e-68
1.456002914222332361e-119
9.403346199473039487e-82
6.153307362318106309e-96
5.665191115167519385e-114
2.485515715898721083e-61
2.557723808481445101e-76
2.154025435061625386e-31
1.271747816310172086e-81
9.611912503983755291e-107
7.564749480117048799e-97
3.379749418861919601e-84
6.060345385668705500e-112
1.150556996988038090e-115
8.877736017487283528e-82
2.085824071060100551e-92
7.634442948105901905e-95
5.829876536042720624e-86
2.365806435486910301e-95
1.247856511213715236e-81
3.967939213671771742e-28
3.826514577318997474e-100
1.382358578354309077e-72
1.188606189297756831e-85
6.188385714683622384e-91
3.519553252176604023e-98
9.017316657780949307e-112
3.024213007552491755e-106
8.663039122275979313e-114
6.903810464130604700e-65
7.891290988973608442e-97
1.266146542631209629e-106
3.856688683724690161e-83
5.494039240243914237e-74
3.346617243349719899e-115
5.163238551218901856e-82
1.841655009373967449e-131
1.522054904171734865e-86
1.368742613289688376e-63
2.169499911105808888e-93
2.953547953938214178e-61
3.623523905737064582e-62
2.566973759458142246e-67
1.515758482770104358e-90
9.177352800425192156e-53
3.763613701253058212e-99
2.603571660723352704e-99
2.773862935865992994e-75
4.729581741197460673e-120
7.347416920997824499e-85
1.277394521192127610e-82
6.799549353028517987e-67
3.299194951993059960e-72
4.907381571631141868e-82
1.115647924439191927e-115
1.732661928380886550e-98
2.417566164017058387e-98
1.724528031490547347e-55
1.801823615887749272e-85
1.407169607182257762e-98
2.734180662625632819e-65
2.666270719178800170e-86
5.326732177402955896e-105
2.144241709320526962e-70
8.709140423211045321e-98
2.350242688887862941e-81
3.015062272559463232e-84
1.009404935869871679e-84
2.023002537069814580e-129
4.934563474406296508e-117
4.826849082118473212e-103
3.018775888874142843e-67
5.435685546711671725e-83
7.580336469326876425e-92
5.380446957019706796e-64
4.046869248774667568e-93
5.592212901475587191e-75
3.482498899139619381e-118
4.457570661094863270e-49
1.644734950244054495e-111
8.927206908605484383e-113
4.610160294708723697e-90
2.094724774961153531e-70
1.830899478491968507e-122
5.516643862995900501e-99
9.576414412284004194e-141
1.392116780722393494e-109
2.689222978236152042e-116
3.307249991416938866e-125
5.462888103532299026e-112
8.007635021958492446e-81
1.096104652117904903e-99
7.330969113028865559e-101
1.441971270886660283e-97
2.148283852522057796e-122
1.368350079439690791e-85
1.843374908014335430e-104
9.732761540822073908e-89
2.792111559576640384e-103
7.156949859231838558e-78
5.387006314624569910e-76
4.114723551792849873e-69
7.156472979363913064e-103
2.175510077499885416e-47
1.226094044441322556e-46
1.540416282723847478e-74
4.176813397415850772e-10
3.614220342873328214e-74
1.714453802739854939e-43
2.433712408635808173e-53
6.795621945847977563e-69
7.740433414664237148e-89
6.788881280787503959e-48
6.968058098886242870e-66
2.512424650458738236e-60
1.371096877164526234e-28
4.557143007301026954e-68
1.870900930838168831e-58
3.710032297810257871e-20
4.150286878834982340e-39
2.092658866944438902e-28
1.515997956854645930e-26
7.125396183807728008e-14
1.813236242951872404e-05
4.727716722273272602e-05
4.087568714524258574e-66
2.099069516228914618e-19
2.980888405658903932e-30
2.611271813173429729e-19
3.250951841454298145e-39
2.535192945879720557e-95
3.728128918865160889e-100
1.031677415710117782e-52
7.736410257895323176e-38
7.050412704695943203e-49
1.673430002666195831e-69
6.873895605122097678e-81
1.103549900640347050e-40
4.913595271045027085e-32
3.486851925507207062e-59
1.845063913075137325e-34
3.430655848413754857e-82
3.104446191271434938e-66
5.750888636719742729e-110
1.479592935283524263e-86
2.148970732331735988e-66
1.352289498681091098e-38
7.122227065362478437e-41
1.571527479611285144e-35
9.723331054594438938e-34
7.535456454430109704e-49
5.461212812575746442e-44
4.467291946958571161e-22
1.741060556156060397e-37
2.563940976239966464e-50
5.056538449655306383e-43
3.239745997656132069e-42
1.059735707943905563e-15
1.750909121364002593e-32
5.638765001941032482e-29
4.320362132694025578e-07
1.879354148467972267e-20
3.005118758124663593e-09
4.666290600585758954e-14
5.224797906300570661e-06
6.494891414880660473e-09
7.587412849357900116e-07
2.606007946916601256e-04
8.848536083403649600e-04
3.507163105596414455e-11
4.189849743463664594e-04
3.368881155143494670e-07
3.230281111958169597e-06
5.074068884939610894e-04
8.056342783083893060e-04
6.756017616426803060e-04
1.810231119754964933e-04
1.709217202563527546e-04
9.827673747718489876e-07
3.277886882042379120e-07
1.245082539527553171e-04
2.032254241658842061e-06
8.028249194850342781e-04
1.807480492713344064e-04
1.517625921588785976e-05
8.000263461504162474e-07
9.351706924684980490e-04
6.146037392200414246e-17
3.293392783978992490e-06
1.123963244774262233e-04
5.582958700148504122e-05
2.107269102671509498e-05
1.011183262511523287e-03
9.230936112615386929e-05
4.736092271163242265e-04
3.661529997391623017e-07
1.441171799695171528e-06
1.261206650839552133e-04
1.774362247943172100e-06
2.256948576850394258e-07
7.809693523842671537e-08
5.620433573484837292e-04
1.922723058577261953e-04
1.676223697618916097e-07
9.548883064780642494e-08
3.221985660876864319e-05
1.087921448587329549e-03
5.908835545661494861e-05
1.784450060672145239e-04
3.141520961160368928e-04
8.139835214143406345e-04
6.550885561007396352e-04
8.588614091560539156e-04
3.158658755833873956e-05
3.000851656428818885e-05
1.616275910286569197e-07
7.035926217577066896e-04
5.869783031335096978e-05
2.459816955249593379e-04
7.627364139249973290e-05
4.885863892837569367e-05
6.170771460059623669e-05
3.370131331518564640e-05
2.151184465074704621e-06
1.461686519974048324e-06
9.303893486432429638e-04
1.535623199913865269e-06
1.692823527736523411e-04
1.162378562859150933e-03
5.584830497607090184e-08
8.728946692772689489e-04
8.972465027676058116e-13
6.531995786313077412e-07
3.236134601043865497e-04
3.539206634615900556e-04
9.569563121811367531e-04
6.655236761607886324e-05
1.609959107490415982e-04
8.416716336486283583e-04
2.275832609255133254e-04
1.021770231144589089e-04
2.586282718800172782e-11
8.492200113719366268e-04
8.521621222523797189e-04
2.273568070282600928e-04
3.717503025210723425e-07
4.500052542807575951e-04
2.506843664086107857e-07
1.774469488460985833e-04
7.528490279642964479e-04
1.262375528645732863e-04
7.355230065296463151e-05
1.056329658110715372e-07
1.133317665407823752e-08
1.623080850077498476e-13
7.378672482099162856e-04
7.250054884636024472e-18
1.509101168597312595e-04
9.196824703211576787e-04
8.312280038099301724e-04
9.113923284844476684e-04
3.889939552818255609e-04
2.928451059476861786e-06
1.475617616794109649e-08
7.291854353264495088e-04
2.187999318088867997e-12
5.835926321344962190e-06
3.524136228557121585e-05
6.243651086173069784e-04
2.195611653165740226e-04
1.807405352067760951e-04
1.715471545044592238e-05
2.164424569035820903e-10
1.106404940216027498e-03
5.075604841194929738e-04
2.387543473565455297e-04
5.317470421834979494e-05
1.289818794524211232e-06
2.817099544680345473e-06
3.030223241524326587e-05
6.585061473234866317e-06
7.936843481508062655e-04
1.290274311448544743e-04
7.583261630121555178e-10
1.057053688207174698e-03
2.688124112822856270e-04
1.848973745302417016e-04
1.175648333356639442e-03
1.633794426319042016e-04
1.011469022157047331e-03
1.086825712060409500e-04
5.885479236010234894e-04
3.619416764944716437e-13
2.497333862148650233e-04
2.713734983634891334e-05
9.944279356915731970e-08
5.246346220784556330e-13
1.145702460277487928e-10
2.807278434050831412e-06
3.171980684752661299e-06
5.529007719817300893e-06
5.691120019619285942e-12
6.917634395354852351e-04
4.219590615553933948e-04
8.326022211476634361e-04
1.213218112808436703e-03
1.475698635365618467e-04
2.857766620381253396e-04
5.479676405508997097e-05
8.037991259047314171e-04
3.045781617652272375e-07
7.691942676800432468e-10
1.488337599407910572e-04
9.620915217777937026e-04
3.064185242332119426e-11
1.118775083195716444e-11
2.484281775169717987e-04
6.987407308453767794e-05
5.362372878592795537e-04
5.199315372878145604e-04
1.752173739094507023e-07
7.882297799973352395e-05
1.042113160293873710e-05
5.222768768388346252e-04
7.731761611203910481e-06
5.781536571984560073e-04
1.058736366019442704e-06
5.168897782073640862e-04
6.800006566784242519e-04
3.417047718310289601e-04
2.801138058995065113e-05
2.357198857842949364e-04
6.080205410431400006e-04
3.177730582276032216e-04
1.746503560201738891e-04
3.439652161623580912e-04
6.680218010877236965e-04
8.581443405439156165e-08
3.764650826771608343e-04
5.009977193305620085e-04
6.934407145282372792e-04
2.425749644738160420e-06
3.614217322277965246e-04
3.698983186798876152e-04
5.738152142224603892e-04
9.659235054604129334e-04
5.161320067435567034e-09
1.411037774636106049e-05
1.755216316772755005e-10
9.080212154311583851e-05
1.848184936550955898e-06
1.489008716418624982e-06
4.092076418511436057e-04
4.951840515031746237e-07
8.598412852153011071e-05
7.778930677968578502e-05
3.850978935795717136e-07
7.249485187914100036e-04
3.709086543299571946e-05
8.471268228332472868e-21
3.407734098735359998e-12
2.170938406976894007e-41
1.369710212663655728e-20
3.144620747154690314e-11
5.000406079500334288e-49
8.647523348292658916e-68
1.154716590594912477e-21
1.967979974948334603e-08
1.271603310984611933e-25
2.678780949431104618e-14
1.994836732305027779e-07
1.231039396615531521e-10
5.762306779078736791e-51
4.327457164092752903e-30
3.473044915895229738e-18
3.642045259279415818e-71
1.165001388235253364e-53
4.498248634504975510e-101
4.427256553878086698e-29
1.779934911107366123e-46
1.131063674883302079e-48
1.047115043203064324e-35
8.127039205342794716e-55
1.132617840734922352e-51
5.955135858462253754e-11
1.823079330989534375e-72
3.354757614701245022e-98
4.052919718411808485e-65
9.538864840728368822e-122
7.827505462128315024e-94
1.211356222848769932e-72
6.020239211611578286e-73
6.381770248055298071e-85
1.555250109254281225e-90
9.070854090266411529e-94
6.895453832118390919e-98
6.206782894688077099e-80
2.553152475505765581e-61
1.163441803494342029e-22
5.601352481891244024e-65
1.649742688826830566e-49
1.292246934090209450e-67
2.050704909573758301e-123
3.836925922404007659e-102
1.809403684208646299e-93
6.162247978748581861e-86
1.391946863835141117e-118
1.688657039818026196e-110
6.668995644809187897e-126
1.870514447832656736e-132
1.178634673788291309e-117
4.398719823281624279e-96
3.447750606191135557e-60
3.369140068349189245e-104
3.788833079857396138e-84
1.408744473827533060e-92
1.501887998854389090e-74
3.290299297662808736e-126
1.211069141227358803e-57
4.718494183725394110e-89
8.966354327992038302e-82
9.740429280387567849e-76
1.633629857328261192e-121
1.036594308775372411e-93
1.386686846047510466e-103
3.572834757133318536e-75
1.963421623620881909e-84
1.357044538005236909e-84
4.270674588533355269e-57
1.699098066868792898e-48
1.739064210123007286e-63
6.171354054355391198e-72
7.029959060161999315e-54
1.816759070970977709e-106
6.883555654268483648e-93
5.677523634490989183e-56
1.108175562175846592e-44
2.713595674869524482e-68
1.164307087066964288e-69
4.271169872979393769e-84
2.233169136674895883e-104
4.683572046431939912e-52
4.352126350575344818e-49
3.965967601841583015e-46
2.751185273484926758e-45
1.675025546405245185e-87
2.141826338056261381e-68
1.434144667538691169e-73
5.746317771035994949e-45
1.174540149946427414e-45
2.945977973090625392e-87
2.309376266570978835e-56
3.480969330550112988e-62
5.867441152074689720e-20
2.561818098087151794e-33
2.328225572930658470e-25
6.033265702607530546e-54
1.256950097774671513e-49
7.012810560333206139e-45
3.578945103677503247e-57
2.244167326114737332e-21
1.805691242760109923e-26
6.993348909908572250e-27
5.333751963662144673e-21
1.536764830717743374e-44
4.826362125609381198e-28
1.490882026276736649e-22
2.043048920684987872e-26
3.137141290427084147e-10
2.898352665769985504e-12
2.849760967708967937e-34
2.043448431747557969e-13
2.061034879864267737e-46
2.043822461099081734e-10
1.974250494503332378e-15
1.976404871611983452e-07
1.970001871971758209e-10
1.381128019383859448e-04
8.336076914232520298e-05
6.987089151226384025e-09
3.119819935832954170e-07
5.053810860528665450e-11
3.740152587816954102e-17
4.887806842851346238e-15
4.994518533304045644e-07
1.987033607440120258e-14
4.500249903357475001e-08
1.649622487187506437e-14
3.741300278997644352e-09
2.454807647855789664e-06
1.549008658471572751e-14
4.185187893161251430e-13
4.241500589053948029e-12
1.844879160519009996e-15
2.511954564613847616e-22
5.470900431960219902e-05
5.974226585537804389e-21
9.437708079639450262e-17
3.128477422785405668e-30
3.563869753011761553e-14
6.044350899340181614e-33
6.771411441136402743e-14
3.935616985103938772e-09
3.929240021126267492e-12
2.656232204833045726e-22
2.588848739353999629e-12
9.814177655517966550e-16
2.743027170579821119e-34
3.105008064869509044e-24
6.368600840717465082e-15
1.110168386535703682e-12
9.071523739300249696e-08
1.843306302429776404e-07
1.747033691294255247e-26
5.165177220581477309e-04
2.882562049937059559e-04
2.525557736843408861e-08
1.080725510851930030e-03
4.894518257515526527e-04
2.743965161914023243e-08
6.866899281052980027e-04
6.083489001650392797e-04
7.620473925312335004e-04
6.537996038308683828e-04
1.000991602971165522e-03
3.697145310393070013e-05
1.024194654774740259e-03
9.854903525974392006e-04
6.816506920975102775e-04
1.109189960230622454e-03
8.921451443222340721e-04
9.221270195768647765e-04
1.038720827710974334e-03
9.655497663636407411e-04
9.753962628421051877e-04
4.692164334568841568e-04
9.899121542615816476e-07
2.740308982498837931e-04
1.391256310098965206e-08
4.908730628117817778e-04
7.684807787051896192e-04
6.889822696018250070e-04
6.316226868974026513e-08
1.469797463598321565e-05
1.233891896460827264e-04
3.150309797533816061e-18
3.741136171287097077e-05
3.443221302548213450e-11
6.630079032954322130e-11
1.839703785134895912e-20
7.193732950648937259e-21
1.076339281059949648e-28
2.200713561181066818e-14
9.773842230015492797e-04
5.767675925263620029e-05
2.013879285618740134e-04
9.722166446059066489e-16
1.131762057976085813e-12
2.133440226598565014e-08
1.622096740447773725e-14
2.001707627981204137e-05
4.614869262298839720e-14
8.602414691037269647e-19
1.609962404794511402e-31
9.455095917031880171e-15
9.281490796836289210e-22
3.002787934243686858e-38
2.336273996013885541e-24
1.076526682931352186e-32
4.508577166411959518e-40
4.278081626530844526e-32
2.312827779053214660e-49
1.178448521363104126e-25
3.954954548369498684e-17
1.825694627812423788e-20
1.096428119441804654e-52
2.450297314950868376e-27
4.669934375245001835e-26
2.466876311393552295e-34
6.898637433083509775e-42
1.514139256357112395e-16
3.018865972669690666e-05
9.975600215213373956e-18
1.307719524228353496e-37
5.271098222403434202e-27
2.154386768643317631e-55
2.040920479516855557e-37
3.077767428130135803e-19
1.119818907887899978e-34
9.433267026355603887e-35
1.111196973904960507e-37
2.115544722925307157e-20
3.485231105183763380e-17
2.660669686050335124e-15
1.382704742601694262e-23
6.476423769983915267e-16
7.225556086669781427e-39
2.304822536734113252e-21
1.749983631773113283e-25
9.975301231220056967e-20
2.606415518450186515e-19
7.916746151683681110e-51
2.261842438935783775e-07
1.307763081594980007e-10
1.150427679027530063e-07
1.202044137025049953e-22
4.218208848744257689e-62
4.599385027084918856e-64
2.721783155338399372e-41
1.022195160193908417e-33
7.345695285735791158e-80
2.625355636155990267e-66
1.300651230416594287e-51
4.093838589714381083e-19
3.555261751232686042e-37
1.208205558548612133e-45
5.301937857772372220e-25
5.913125534071035528e-72
3.663691020489606522e-103
2.119833077626742838e-55
2.026948953470250862e-45
4.996563337733563838e-16
1.797688524887833565e-11
5.940937514235025793e-31
1.224532257807014646e-42
6.560373281217684013e-17
3.167232411719588253e-60
5.967683033023707039e-39
3.314750318367981993e-16
1.086055001486298869e-33
3.376994794297925675e-58
1.351723391232033577e-51
7.852225386349672004e-25
2.379338414422980605e-15
1.845802995278626971e-06
1.935478409088979597e-08
1.058956298016820399e-05
4.017778851467155080e-12
7.309756225514744259e-06
9.516725817519294544e-07
8.131853660616858273e-21
1.727230934551897408e-31
7.862589716745086943e-42
6.138478214202389894e-13
5.206462172183501296e-22
9.117849121212066097e-07
9.150954053979283415e-10
2.082186573102498306e-10
7.025849165688280346e-12
1.415237315132636554e-11
4.509325078978959795e-12
1.299044197313698647e-08
1.156633186747984263e-15
1.441623350227807386e-38
1.768393057720153969e-06
4.369634525359681737e-11
6.317366503143669613e-20
1.010358130511426736e-07
1.025006971797739181e-05
4.498915997213043322e-14
9.033843657113794660e-14
1.153750380669315733e-16
1.234361703119373593e-13
1.193861969184697598e-12
8.152562782231907259e-27
7.506202742537567637e-18
9.057997813347160099e-12
1.683861554690168356e-18
5.452331263238764880e-31
1.160806615421698990e-10
1.535125112973793695e-12
5.239593376516671158e-09
2.129598544103914290e-07
1.252489292553241401e-16
1.452242482603329196e-15
9.791880900115594968e-34
2.923169826095103154e-19
3.745385621953852824e-12
1.345602853499663519e-04
7.953933842389921110e-04
7.624148569868618826e-07
1.154120441144468028e-14
4.900647454237539663e-54
8.484181714745940399e-51
1.345017321744370322e-43
3.281092067857724423e-18
4.626130367781785916e-27
2.537574211665304072e-16
8.632349281624524053e-14
8.635266768554526905e-20
1.335409217477854681e-42
5.925751556878456078e-55
1.553216750355948681e-63
8.532358659578245509e-31
1.145620429204226043e-11
1.443994477007231050e-13
4.355146248608183119e-05
4.525271937707305653e-10
5.737490051907789287e-25
1.484685893995026368e-28
1.228021644093194823e-24
5.268056204189827696e-28
5.733555727159193560e-19
2.765476577387980449e-30
1.837340182364173298e-16
9.528021440088361451e-27
6.429005385688479103e-15
2.389603267300037780e-64
2.711886126857904478e-65
2.235315976603688300e-21
7.062816077811973704e-63
1.489406771326636142e-39
8.001429612540709415e-39
8.953994983914695767e-24
1.437588254672675227e-22
2.694360144356104046e-51
3.854398707849888108e-33
4.891692804804749763e-27
2.801132576030661383e-29
5.688174736605375968e-46
2.450584178926467275e-35
7.431824904118019856e-27
2.199826067832862688e-64
4.197524994112578179e-28
1.325633995907120761e-21
1.934881413165308673e-24
5.551903960495971316e-61
2.987089351428793508e-28
1.137780296352189999e-51
1.067257274894000065e-19
2.005344116560968091e-10
3.815631520027043494e-15
2.364908166834462055e-15
1.525387647553499474e-33
1.528541009397238206e-20
3.358912257777707195e-23
3.294628546300401163e-07
1.303649618557807123e-52
3.417312759648008932e-46
3.603246725399506423e-14
7.103841788578603155e-23
3.128170297708646267e-15
8.017518494753088782e-22
7.169778721907732591e-39
7.862071395370542874e-34
6.176536677912337210e-42
5.698453619205019591e-36
7.020318699939598200e-36
9.351079648165973227e-18
1.056853908882914165e-30
2.978713242187272364e-11
2.357493855159669394e-07
4.172851544682350633e-15
3.943414419075863907e-12
2.166609312334336035e-23
6.113834230476658657e-13
1.932543289528473669e-16
3.201364819275137840e-16
6.932205422818055174e-25
6.696873836683455248e-39
1.237442858781440746e-30
1.270682173690478782e-29
3.720927354693301561e-17
4.548807267100558261e-24
2.251988453385270232e-24
2.368092340015829578e-17
1.127675352708680396e-15
1.289684206565776034e-29
6.974550081593468339e-47
4.600323548507587694e-42
1.366766967686833178e-58
1.241198993338181052e-27
5.580033313810939777e-34
2.028449821609905023e-61
8.639184603081393363e-31
1.697696191425074029e-30
1.425050702000334146e-22
1.529264208235574363e-28
5.949392914814362992e-45
1.165674691917833966e-26
3.954482428732167631e-20
1.713198593350014560e-12
8.518782864327865110e-05
5.748851585733468755e-12
4.193272052261538356e-06
4.015857019438344971e-09
2.779644226222062085e-37
1.964472061180069278e-08
7.137917935141217850e-04
7.200600194545345937e-11
3.742524057447171064e-08
2.371607766922092222e-46
1.530802978392675376e-25
4.744289054742780321e-10
7.883489280335217772e-10
2.795277107014829701e-16
4.120094452118865332e-14
3.535331676617289604e-04
6.254131290897729326e-06
1.087814360611067902e-19
7.497487437297625426e-13
2.425353692156435251e-09
2.222883347529172543e-09
2.294539547408489365e-11
3.577496099594850353e-14
3.877564007754974350e-14
4.406467223709635708e-07
1.943776545609769162e-11
1.314966309218336909e-12
1.405650105410863875e-12
1.374213874692002725e-13
3.009299517238769024e-36
2.433654670448265119e-37
5.930547222725028065e-34
1.196878743069299877e-15
1.539341816107705321e-48
1.590224623808654497e-17
1.005283498539384473e-38
5.299974160662829879e-62
1.074088827325052265e-30
9.646663059322393061e-89
6.805983141137317678e-107
2.559884429702409849e-94
5.068347960836394791e-58
3.046131070397778242e-61
3.003221597707501025e-79
2.591179517084767557e-91
4.932707741999507624e-77
5.847343696874543453e-73
3.242959464649693762e-76
1.556348860829908981e-62
2.550173146587369231e-55
3.135989819087641574e-77
7.067440266254338987e-46
2.033086627609910443e-58
4.058903125923906245e-101
9.425905587828725721e-103
6.688104190720507778e-76
5.815825450562041685e-62
2.407466115754113399e-62
6.231018227545952101e-39
1.181741305872454553e-21
5.967241078124002099e-96
9.486133249041391317e-63
7.226226118337884557e-59
8.016928764032401819e-71
1.600630510651515526e-59
1.469774378898625310e-48
1.864241902465060896e-48
4.479539326981224643e-31
7.714601720070455941e-64
3.978292600514359907e-45
5.034597385727179181e-30
3.112790608708837179e-79
2.316355009751732422e-54
1.529335315177345485e-35
1.779629369325462629e-81
1.568790082036893853e-60
3.614485345291681604e-91
5.233645117424435134e-41
1.240146015663613725e-43
9.054554958560341083e-57
6.059365456742076925e-49
6.498110182754016440e-71
1.355240916440325934e-57
7.230846873227314271e-79
9.544596578515403215e-104
4.897762519099294399e-60
6.633135773942675300e-58
3.104554096784189382e-63
3.056287662451204734e-18
1.207800361063302620e-23
4.403482192839435870e-59
7.437447663268473183e-55
9.773061456766404797e-38
9.748905394633561408e-72
1.146282292596088436e-46
4.028740010459561175e-52
1.631451388157044285e-42
1.940368974667274204e-48
4.882707521188863768e-34
8.276505282760217716e-41
7.417326002966594173e-10
4.067358784310492609e-09
5.059791893909310823e-33
7.295025314733560625e-28
1.004182862830354356e-51
8.939075294753818154e-29
3.951376020196203151e-26
3.270658234321347042e-31
2.217216497617170787e-29
4.910027175896018300e-21
1.852372892901574987e-09
1.922461123926261158e-24
2.250303194912299924e-17
3.360868339728482575e-50
1.466143822600851438e-115
1.098281294385790503e-79
2.492271440555546129e-34
8.927228353159060671e-54
3.848688711699735628e-41
1.792677600500449150e-28
7.280741825404628139e-22
2.549895455289288489e-21
1.433530135765886581e-61
5.719093815566605825e-44
6.670270735111797014e-52
1.434296883044198312e-63
1.869578785182769835e-100
5.490107687103305663e-25
7.337697247312004710e-71
5.009225911856038677e-44
2.086903587198752913e-73
3.694878554285844042e-69
6.442956217206065915e-58
2.831131867708204772e-40
1.269703602439564324e-71
1.304372771866920545e-42
3.370335021645322618e-70
1.214718114521689503e-42
1.839847853206531774e-44
7.254769919949562519e-79
8.998038071939360071e-78
3.169910420842730493e-88
8.517384937598134501e-82
9.212734991778023442e-53
3.781738831197837344e-46
1.237859902236070855e-66
4.616696894063002213e-54
4.358928726529384252e-65
4.407112021152794043e-48
3.008687842372822247e-59
1.264910423228241195e-80
6.754308847192988586e-59
8.675315815995390931e-50
1.174212356595735187e-64
2.558231354407347153e-34
4.700949402648377718e-54
1.242229896672504657e-60
6.911490519610591808e-47
4.125855300487872082e-69
6.129058973241096061e-103
4.430431653503613345e-59
3.182274450582071941e-78
8.101528855486017792e-25
5.353384716967710338e-69
2.321015198488417043e-58
1.659549777976679157e-33
2.848757043232518233e-58
2.339884429677339355e-85
6.995808965721579993e-53
6.661474570801451850e-96
9.545262363339588790e-114
3.935552541618361878e-88
2.332717682407702745e-74
4.121360805921735480e-43
6.511644347433027497e-70
8.006850575187433288e-124
1.465635850822914601e-81
1.441638076705540604e-68
2.137904799270753953e-72
2.344317541097968201e-43
4.851845844771535640e-45
4.536170093832669731e-69
1.525042788722878758e-28
1.768414935070338818e-107
2.746828254978432725e-70
1.261383992976808184e-75
9.584149935140985410e-71
2.761894378496412725e-77
1.231351798772231905e-87
1.015021504663156790e-45
3.250992178444886506e-49
1.188173492979767065e-45
2.544845179730809179e-21
3.703758026805490062e-29
5.876216082727584903e-26
8.087010488648848949e-37
1.139658492698674311e-49
9.149534838379971570e-79
1.413250785073351241e-75
3.405541825384813210e-71
8.520498184834683810e-48
4.738724278341274196e-51
7.792976646108446644e-81
9.363917380160993568e-80
2.878267110143435006e-43
2.400995190315330587e-66
6.772860002661141236e-22
3.639406954676279816e-46
8.993234517458236176e-68
1.530775086232901916e-25
4.619830779532877727e-38
6.029982680155047804e-19
6.114503691042665300e-35
3.177807429871937908e-23
3.600149944763332826e-34
1.290061242159561580e-26
1.434879408697916958e-29
1.317772988800138622e-27
8.644404238966364465e-16
9.211904759189998390e-08
2.214280990626036208e-14
2.461759313985449719e-22
4.197452019637187755e-60
7.341503988420408472e-31
2.411841530518345960e-41
2.701153874936299843e-43
6.085201834290105609e-35
2.579812613224331835e-19
2.480874425285429527e-08
2.337079144489950562e-20
4.046300781503781471e-19
3.087530309158298648e-08
3.768604649073396980e-08
2.103302501250461768e-18
3.267997848186535929e-16
3.379429306730390304e-11
2.875421420777667671e-25
1.531340985568167151e-09
2.142493681714728293e-14
7.154699708436299247e-21
7.573399379853240764e-20
9.178072376421138344e-13
3.533357611483540398e-17
2.337374754909694807e-34
1.181703797623640692e-21
1.482877323702142604e-34
8.517410981811930691e-25
1.009950653857974046e-07
1.095719020426861364e-03
5.088277300394343261e-05
1.089447888987081546e-03
1.086215688637218776e-13
5.643226891864830652e-07
8.679895767444631628e-09
4.845722202635059084e-10
3.820437945945080174e-04
1.610270143281146601e-22
5.005319398704482466e-12
1.169439401210156325e-08
4.462412350044612564e-04
1.169051884871147199e-05
2.470169382482751848e-08
2.594298004594064700e-06
4.308274622469957975e-06
1.350875325503604889e-04
9.401925382178257839e-09
1.168528752244744597e-10
8.980526123835610899e-12
9.988927213066438031e-11
1.706027025822997182e-11
2.966249158710164875e-15
3.241740566907179702e-06
5.742735281090825290e-06
4.864998810482518316e-14
1.740620309090025296e-09
7.207132303992676841e-07
8.549094887844334431e-04
1.441757847699196462e-06
6.971998469030018467e-04
1.508303388058229513e-08
2.228064947421628482e-12
2.615767367429510065e-04
4.829648755072090346e-31
5.964340262041266009e-26
3.640615805927116385e-61
2.124260113602097753e-35
3.926968412395582150e-14
4.692503025219385232e-26
1.987620257375417361e-16
1.785632306077011871e-24
4.668018585419935171e-37
3.091532705813650090e-25
2.696167682516238910e-15
3.198226745230656485e-08
5.350078569034440628e-18
3.078162692884367629e-12
2.196620037860197006e-26
5.537353154093547418e-41
1.138790190743473069e-42
1.016082761464331667e-33
2.406910883041749168e-28
6.301498795942223570e-20
3.975160156369569399e-34
2.326198707387184025e-14
1.014123592036631631e-10
7.839345665028703990e-14
2.236732489192326251e-25
1.614921114840095247e-06
2.572747460757872896e-10
1.055529867685219231e-04
2.575518549830371810e-06
6.845828439739605822e-04
4.228104298319166356e-12
4.225629331338938552e-04
5.001439105214738499e-04
4.164708140653640032e-04
1.052503052241250394e-09
8.238062374074665763e-04
1.746074047918278754e-05
8.404095345178042280e-04
3.705997758787969677e-04
6.311683948928893009e-10
3.633971043238919623e-12
6.380317012448824855e-19
4.198477654073151808e-16
9.803843504421392259e-09
6.057520948274545991e-10
8.022142250457766651e-06
1.858068336337521295e-08
6.937179127536760798e-04
4.881070523453277701e-08
2.204042507536096683e-05
6.019451014126675998e-07
6.368290282292822448e-06
1.147828231751387878e-05
1.913211654160768238e-08
2.201405952778090434e-05
4.475923402338677245e-05
9.527500086446617116e-05
5.632687566775661063e-04
6.479337213467688890e-05
1.426236483049285735e-04
2.455429161807356690e-12
8.825957124075965538e-09
1.836626977281460044e-08
2.490606482331871505e-05
1.275217987876223195e-06
1.431951843136432526e-08
3.569028008996592204e-05
2.644624146640886070e-06
1.667646681841766809e-04
4.439495313465031273e-09
2.594562820283684095e-04
5.980975558965084750e-05
4.731379877502358178e-05
1.936636428244706676e-08
6.803663581770060236e-04
4.041094670881579081e-10
3.145438583224652913e-06
8.250408063410151141e-08
4.203979114898135109e-05
1.449958791638000201e-07
2.955411996066107700e-12
4.250871622475764332e-07
3.187519891548947315e-16
2.899242413673214194e-07
2.535526004536782041e-07
3.791842314192542899e-07
2.521412448512998018e-15
6.384273901992285152e-13
4.420143478770907340e-06
3.158251097804145402e-06
1.841640635985131604e-07
7.733125653594562853e-26
8.916569203334386801e-29
1.272519774488335005e-44
5.697502215154105145e-15
4.205996260078450380e-13
1.044802586522816852e-21
2.270426347105934618e-07
4.724606562381325328e-54
2.426199701339375806e-78
3.601497360512432744e-32
8.759163990501741349e-52
3.820074670603033174e-13
5.865715662305935940e-29
2.097848013697172656e-54
6.679390788492858286e-54
1.087406173237106002e-65
1.173427933246851585e-58
2.822643664880993819e-74
2.760416703390149147e-92
4.437115111443148480e-74
4.178862839988685877e-99
7.046665285073016381e-47
2.657132783745104560e-70
1.753963112156346042e-67
1.244307304298225732e-83
9.564314485498459056e-66
1.475558296174327582e-21
8.642620451302073059e-23
3.256268048891424373e-29
3.239841300737126580e-75
6.460525462349974762e-63
5.170240417848123179e-25
2.167930801185567589e-31
1.062233033063642983e-22
3.307759582068239671e-17
3.791074212749138401e-22
5.242383832325372419e-22
8.075674902914239603e-08
5.862833650721383969e-06
9.338419423289059387e-06
1.297281955571439692e-06
1.131256142933912284e-05
8.463895768483897103e-04
1.090894565734111948e-09
1.037433931656024859e-07
4.557044324613231806e-04
5.793685847065006920e-04
6.371495339764811361e-04
4.583417716802147589e-04
1.834073111535387400e-04
3.622857736301898627e-04
4.294492699444206452e-04
6.696499500878661806e-05
3.535889874884127067e-07
1.536337448200413068e-05
7.358918374825821089e-04
9.636119174053336262e-04
2.829082911528733586e-04
4.141260666669401556e-04
1.056721250491489579e-03
8.435072849372211021e-05
1.200645061809618860e-05
7.811227555961921073e-06
3.805352559841812508e-08
1.476956939925836299e-04
3.626158738203786279e-04
1.858650271701656908e-05
9.253618817269304879e-04
5.810777458075160291e-06
6.698139791741850989e-04
2.884545387895057406e-04
4.856409995056254360e-07
7.105476680847768031e-04
2.653455835766905537e-04
2.940550085477046888e-13
2.538793538236767239e-04
4.872842621519774724e-04
1.738473109689725682e-05
1.496544797715197543e-04
7.760330933221942123e-05
1.184701665620875501e-03
1.218819584663220941e-03
1.439133992689799676e-06
7.601224273518303667e-04
1.098666925022135808e-03
1.372982374807074715e-05
2.958322812483001871e-12
5.415794132872076735e-16
5.482419309754029439e-06
1.887703760441982880e-06
4.542400953105110228e-10
1.975089624259935691e-05
1.040024701047217213e-09
6.737777344316141187e-12
6.755452173756773744e-09
6.191654520933650956e-14
2.867526674092375356e-06
1.710068146050140351e-10
1.069900876371651907e-14
5.228597774668126863e-06
6.465586042316258733e-04
5.262833471463650555e-05
1.383695214801660724e-05
6.667064353370753447e-05
6.178437320124044078e-09
2.503065190549751606e-04
2.998083140055553263e-08
4.141758807540629143e-04
2.437328467115704240e-09
1.013988601529945398e-05
4.410063430910823038e-05
3.921907377191621956e-11
1.341403687017054104e-04
6.367424598039536838e-05
4.858064265036362179e-05
5.746725135896178587e-05
3.228850940945030457e-05
1.047206135602834261e-03
1.398290671992665835e-04
1.483547199854569711e-07
5.918069997695752142e-10
1.034322202461102633e-03
4.329671189622224820e-04
5.459338527187138556e-04
1.369028018982434438e-04
4.431904552490892302e-05
3.765462988892328877e-09
1.259718706154023659e-04
2.527537495998105789e-05
9.841897477497875499e-04
2.210933717123536384e-04
2.180016014046355936e-04
2.154995739132417642e-04
8.321273088156975591e-06
1.102129709979623355e-03
5.256120940872353528e-04
1.507361997189750055e-06
5.917485472673132945e-04
1.114870086264853208e-05
1.514763980640535868e-04
2.859711800732162024e-04
8.617882126127353022e-04
2.637200784156146617e-04
8.486179325100862082e-05
1.185709207738781351e-05
1.323977998585820911e-04
7.461918282736161958e-06
1.541532892189549565e-09
3.510624598338431037e-07
2.473955930651828184e-04
1.026058875590365018e-03
6.423528343736148922e-07
1.797866987099645982e-06
1.122019080690546183e-03
1.105070622856524918e-03
2.020761028925669518e-04
3.538829478404746437e-04
7.935905182650500669e-04
2.445434504794487263e-04
4.277490117248325242e-07
1.959602913070421171e-13
1.335655595633462717e-19
1.614963068889220033e-04
6.855220824219116888e-15
2.996356904807626764e-18
9.010341115744021151e-06
4.836066484503422140e-05
3.635902573541217323e-07
7.769514805887155337e-04
5.568551097649404981e-04
2.148522761297712994e-05
1.192514203880509251e-03
1.813885202951179161e-09
1.393022800510548006e-07
1.703386013381277787e-05
4.757280303109713194e-06
3.509654086087916571e-05
1.164629339707306534e-04
2.491593589360326338e-04
3.062120085592047111e-04
2.985981225158427566e-04
9.795581675182672178e-04
9.533039119959045397e-04
2.498564853549207841e-08
6.653000195579421424e-04
7.679435132421415927e-04
2.336710516226220226e-04
9.046874342491974122e-04
1.696081594871559238e-04
1.950615870764571856e-05
8.197886439452769895e-04
2.780968475968359346e-10
1.829268400679390704e-05
1.728510875878110976e-04
1.343288939339482057e-04
4.809163412328032065e-09
2.862265941013971944e-04
7.960799730547463626e-04
1.979067002620233139e-10
3.295429528787194480e-04
1.165147032562354482e-04
7.008136790454048192e-18
5.364193044935074226e-05
1.127448049537066368e-03
2.865950822239536551e-05
7.455584633339770945e-04
1.027401486803784618e-03
1.109477452199257223e-07
3.588949874110857938e-04
1.336161456172989292e-04
6.857643298976743391e-04
1.350054463979481463e-06
7.150603396352201227e-04
1.110902312600392847e-04
1.505775646042691453e-04
8.373013853013163619e-07
2.183467301621192565e-04
2.597593697820455278e-13
1.158964665185235559e-05
6.816412521480745567e-05
1.843440341780527010e-09
1.470259656072339310e-05
1.422516116301580312e-06
1.650224541941321471e-05
2.716650687382073858e-10
3.490764399168172810e-10
6.792161340608345929e-16
1.242045801440518569e-54
4.126302301692482441e-08
4.167934063818520863e-13
3.312769769232633068e-51
2.413697758258193954e-38
5.689345594847387608e-16
8.658900182262947991e-29
2.345556488581533308e-14
1.226864205997251337e-19
8.242870482958526046e-23
8.717263431150852087e-08
7.851250796261815148e-15
1.459962192829439142e-09
1.241375447609607833e-28
1.656318692897762196e-10
1.111242541701352716e-04
4.246737806302763085e-25
5.510074583828489211e-36
3.958739523230537280e-29
1.736209259492229410e-29
1.591939358727700532e-05
1.378978263997756872e-17
1.488736676088275856e-07
8.368649275116448640e-31
4.512935562115964032e-57
1.749173400440368578e-37
3.997340841147122939e-22
4.036104863230887598e-13
9.110050063681213020e-20
9.583652122275179736e-09
1.093916718581258641e-10
5.313232045093613027e-21
6.496937925509945521e-16
6.297455406923261372e-33
4.815668491230439554e-46
7.881104524417925889e-37
3.633375803728466967e-41
4.191602188241865467e-22
5.611529188840778555e-17
3.232675418599377478e-10
7.801360831256030394e-05
3.296441284190490050e-22
3.928225562385693712e-07
3.611063348530782978e-04
6.523246822550849532e-10
9.430503017417016977e-07
1.171170185234695228e-09
6.569370222026238197e-16
4.027063401807403623e-07
6.478941414423964253e-29
3.350962760347779111e-12
2.519975755268855236e-10
8.767009901100935491e-10
3.202020900334974252e-16
6.601427243239614523e-26
4.567595970215866286e-35
1.742770201441404157e-31
5.868995047949518846e-51
2.218120451544322813e-33
3.799782084942587178e-49
4.567604004166737038e-30
1.174397691570969783e-10
1.247010311266039012e-46
1.257630243727352720e-47
1.017547296079589619e-30
6.219537889197254220e-11
5.277663160923884188e-16
3.080430536278308054e-21
5.223436228760605072e-15
2.087737929224529582e-21
9.054709495994113859e-49
6.665704983762194836e-14
2.170195414336953019e-24
2.654641116377487342e-27
8.417062800353546935e-39
5.239602154723625225e-117
5.043201425217557528e-64
4.815351538752977734e-23
6.004848922578745224e-10
1.472222461444259600e-15
7.560723946572993360e-07
7.820260966932160850e-35
2.340930472545892608e-08
4.239026232320090079e-15
2.721372822109387998e-31
1.546559345798244459e-44
5.463165065413051341e-38
3.294774590967580085e-60
7.913077490320948600e-27
8.195740839954492497e-44
3.443959556861710405e-18
1.636452976453933274e-33
6.293073651586752666e-93
3.643475349465225564e-65
1.475307577714035025e-93
2.626789781471523755e-71
6.170822899140973863e-35
7.880740870891960855e-30
1.022127638419683052e-138
8.047868943943671210e-67
3.090108653094889032e-83
6.428030158505414890e-112
8.016649858369910484e-65
2.358795153427724991e-98
6.449126931559514967e-76
8.703924993781955483e-87
5.743603917083830313e-37
8.265852078223147616e-85
6.411962250882924118e-70
1.396354518543505768e-91
1.577650579186820546e-109
9.224317239205064442e-107
5.091346831208525310e-118
3.453790637595915224e-117
6.713963306197974042e-118
9.928014613570266126e-91
4.359048512174142963e-97
4.344577998501212705e-135
1.599277936769898022e-102
4.049607494065505896e-105
1.797327333023499854e-69
9.555839765754149236e-106
1.941229233984323400e-82
2.385215466907691346e-126
5.606900565496053329e-109
6.833484353321400551e-120
4.525743330731449106e-49
2.087585515567690260e-123
3.770173122533278671e-85
5.211121970848785475e-108
2.492236787848984533e-93
6.894053606201400672e-132
3.140006796099047898e-110
2.517800466455209740e-65
2.397204574207215121e-95
2.583220177924899942e-147
2.302772006352098319e-101
4.841068519616804107e-135
9.741404074220275888e-114
2.526381980229152367e-107
3.166391396266053071e-95
1.229726669729542993e-93
3.033306365030170926e-117
3.782363955143327345e-140
1.131340924821203355e-74
1.359378868834414365e-78
7.303159685950748863e-107
2.665809442031811306e-90
1.521426354438229280e-53
6.605138571467370218e-102
6.993154646289406767e-91
8.774760909644001752e-81
3.024695983955667724e-106
1.931021945440123516e-102
8.876292348554106384e-131
2.081690216201051010e-101
3.017693832524042619e-105
1.579369188246869511e-96
6.412350049005051620e-92
1.248217370268811788e-55
2.900746989012495316e-103
5.317183837169932293e-70
7.215295778073642528e-96
1.136489847205619828e-125
3.975168755554516649e-106
3.296135518586334738e-79
2.764022662996592103e-136
6.285880713535235500e-87
4.597435927582457878e-122
2.995586559274734712e-63
3.621193401773944573e-110
1.344939369594046799e-88
5.532539186579688564e-77
6.038616444307881432e-116
3.610853703596528746e-119
2.669321130888532769e-76
6.235383153102675830e-110
6.821193434036321902e-111
8.433525767058913169e-100
1.627458652052839456e-75
1.744667490387047204e-96
2.299388731550483270e-135
4.995037346592113442e-80
3.289521015559974014e-70
2.140306140122374542e-96
2.246615100688365614e-84
3.496003927781223326e-124
9.599468306238659963e-99
4.824854668272583236e-86
2.303394319819237667e-109
7.251927239046368009e-85
8.202368256229866500e-98
9.385045835139452334e-105
3.250119057864018249e-90
1.557180497371498533e-108
1.433595070955899013e-117
1.822721984139720803e-102
7.820015405042811861e-117
7.853859421712986982e-88
3.059176870869244650e-106
9.975656183744451999e-115
1.074029102229112676e-109
1.831511011612253881e-112
7.311343395946893625e-125
1.290405050788495948e-101
3.643044001409772209e-95
2.073659554586456449e-98
1.053750567894854123e-50
3.084103661804252198e-28
2.956138594385567344e-66
3.200642690182978258e-71
5.462141304262338259e-71
5.974158339942583284e-87
3.425144253448879217e-79
7.447329147406100600e-44
3.470998453938418895e-52
1.423623609648160545e-83
1.423334867432450520e-100
1.214732708753536480e-83
1.348047502038271346e-93
4.316662105655680205e-47
6.074577610864328737e-84
1.680512903558860607e-110
1.326192499222755095e-89
4.621794095075919792e-110
1.343956140967893317e-30
1.299139501748106483e-99
1.356486612056223871e-90
1.438863345103869997e-55
4.764612403498406599e-31
2.823922455519274228e-23
1.819172712526098964e-31
9.181330043013654691e-69
2.151635487228877713e-44
1.268219955338361343e-18
2.739212093008297368e-19
2.567425744018085098e-54
7.619825682694940693e-49
4.902036756601382672e-32
1.064883768929959684e-27
1.909080477959080743e-44
6.790659466146417450e-53
1.699179608137675434e-38
2.075205437047535976e-46
3.737791260534914450e-33
2.099911069477271023e-47
2.212414535400826187e-20
3.036322881176435530e-13
1.460188662803168868e-49
8.189081739979290877e-38
1.556484981670407739e-35
1.148581397382029432e-58
6.864631673306295231e-43
4.107032837671684878e-49
2.312234474959363655e-34
8.622976830643267141e-29
4.573807227250313095e-37
4.764415400759424849e-74
7.907146449448972876e-111
3.892509284078729816e-72
1.440625813220760192e-92
5.180487374894380119e-25
3.322628684102050357e-34
8.858806180269161077e-24
1.561143592689153814e-29
2.620998512255938977e-59
4.750111553563791953e-36
1.150105883085937458e-31
7.915093841324910655e-52
7.358914022899382596e-50
4.394964256177535453e-50
1.254049844886615283e-24
3.691406299408241901e-11
1.960540744851890611e-61
1.973882419886165971e-24
3.362534033804092393e-07
1.317355168107138868e-24
1.150312127116687647e-47
7.107653635134310521e-57
2.449792799416682133e-15
1.563234058712844545e-37
3.082978903478866647e-43
3.708187380265311311e-33
1.566362913313181597e-24
6.991464123393310404e-22
2.291183561580503781e-27
6.296531042269929208e-41
3.636002212156398816e-84
2.576392932516137069e-49
1.296787199012731723e-68
1.956147658013856988e-34
4.804761170594208612e-75
2.296511576559375200e-44
2.904913241023563519e-45
2.241116515366143364e-30
7.864421104163928482e-68
9.002952370637513950e-65
4.812777136000260969e-69
1.044574872065944272e-89
3.421516808782460219e-38
2.113718537300145428e-28
1.067825149890058477e-85
5.281152294198258606e-65
6.072788994577637512e-39
1.852127668240884918e-96
2.131756128924260670e-82
5.670201289553640664e-66
7.158597149038735766e-88
9.448588413946915490e-85
2.303629440677902811e-44
1.388416578646294497e-39
3.761923129821493403e-67
5.125322619309905568e-45
2.690544879806237745e-70
1.109929680260139602e-59
9.305074877045253796e-73
2.316356403079537435e-81
1.566038042099505540e-71
5.508257180567125936e-70
4.605254957769134529e-79
4.356102992872305652e-70
3.421261858832503248e-67
4.773652197638466504e-76
5.543954820670889860e-52
6.968640552484340736e-18
2.859421133628463118e-24
8.470367575980956678e-11
7.076331102942704155e-16
1.314715522296710815e-57
1.693779455080430196e-40
5.117966077679028941e-59
1.093956162410271529e-42
1.814463608002432956e-20
6.514678400157078438e-11
3.383023854498124859e-19
1.464059583947063000e-23
1.445075947969432347e-17
5.608748733493537086e-16
8.270471588566861945e-32
3.945179457533081849e-34
9.701169089213011541e-43
1.109808277553868898e-52
1.118276171215295478e-48
1.239983784884003820e-124
5.049602970337212172e-86
1.941558925849817967e-125
1.168464696777335235e-85
3.657761231426245654e-39
7.141635113858165079e-103
2.188512281035030720e-50
2.481677211613916241e-64
7.586300364741896515e-51
4.259011755719825057e-110
1.104799020487035383e-79
8.511065769161341147e-66
1.669259831681553082e-92
3.127708389219124176e-57
1.050862751919324789e-83
4.313624409584721600e-96
7.934925519820866405e-77
5.198536053014864897e-71
3.052665238054072599e-120
2.552557867272410826e-98
2.734891511563989453e-86
2.752211767291808570e-46
4.730653843037137558e-107
5.078894137859080684e-119
1.180645545751274445e-75
2.388588568230585613e-74
1.897893441672081804e-57
1.586625199629206038e-65
1.059646894104361914e-67
4.737612635850449109e-63
4.907822504225456897e-83
1.847381196699234092e-108
6.138572810138430493e-72
3.615757773980986941e-93
6.587782101868600437e-84
4.984668952708617436e-132
2.196197448028050675e-68
2.880214966964115126e-57
5.468162378324310124e-100
7.534271808697576359e-98
3.693818717123619000e-107
4.422201871191458522e-39
3.146077666028164651e-62
3.328572596864128803e-113
1.043520685673754239e-58
7.775860719832513643e-92
9.553017451814841000e-92
6.111805683262936293e-98
4.035714227309406196e-109
5.339631976125852628e-114
9.371249976351384953e-104
2.414701637477791804e-50
1.519855512033688687e-98
1.930003736243841324e-126
2.430264441677288862e-85
9.578052252638718634e-75
3.780579158475927145e-117
1.786326415594154354e-120
1.426293251462789264e-84
5.421475689794564870e-81
1.770090161111871325e-112
5.522359361008216733e-102
5.417902319695413761e-43
4.364415332221386637e-53
5.685705491916482311e-60
1.717448283551006418e-88
9.628429477037796169e-25
2.261273672719783905e-44
1.148731439095211622e-37
7.075571134717049278e-35
2.032337363797591504e-70
8.609652504959633500e-62
1.917300739500143505e-65
8.125991609035627397e-69
1.467133242008969823e-107
2.736628275718037756e-95
2.340628457236130024e-56
3.383636300715196776e-86
2.460844518085159129e-84
5.268386959169338607e-115
1.657752126879845558e-64
2.903206961456462050e-52
1.217582776297299334e-82
3.492521829413876907e-84
1.286719131839096019e-64
3.927798616149134358e-53
5.544299271334291160e-48
6.278311923180613558e-102
4.343064226400990399e-75
2.634224871064301559e-104
1.679300834064349799e-90
1.474337456120496165e-46
4.564572017901179540e-104
1.951087473077315026e-76
1.827811818584700820e-90
1.403877996568082135e-69
3.702683136720598148e-64
1.369830597234679657e-78
4.348006395532009899e-81
1.209006428160406132e-86
5.535830323193247341e-79
9.915111299667053245e-101
1.193931144386857190e-55
3.084921128137693748e-102
4.364274048986824859e-99
5.259887263889346596e-108
1.675770595948524197e-85
3.640750993037545136e-84
5.869925252739502934e-93
2.970565137075308823e-118
8.009903976525262800e-99
8.930972492005318107e-103
7.201847669372784006e-47
4.160360801553797346e-110
9.811272881002570457e-63
2.935340293937931774e-27
4.377871324429840255e-28
1.876846567599379850e-53
1.497910008152718285e-52
2.008589399582023346e-14
2.950638924888659591e-25
3.317280982137354474e-21
2.399318126781639137e-22
4.401799127145268353e-44
3.263832844810707738e-25
9.498926652484942656e-29
7.592336993639010397e-34
8.803802657254923656e-28
1.994295864945314273e-51
1.700109309878562185e-62
2.756689301313899491e-43
1.379291845408902282e-71
1.146820327863597776e-82
3.034985074674110611e-50
7.419229526643090154e-65
9.459747457392528101e-74
6.345040318132462531e-93
1.097179873306078584e-120
2.381962237792802643e-125
1.368866944691749864e-135
4.231376777751152800e-95
1.779766730724002274e-62
3.368845936549957177e-86
3.390448784136297957e-97
3.660249813020351849e-64
3.110150182853940374e-31
2.956394174651632137e-68
1.235717774370560079e-98
4.911203877460450440e-98
4.762488443283303157e-81
7.170694033461425880e-122
5.706532038211463173e-70
8.933574366257032234e-33
1.768235395366909249e-61
1.602196876264835229e-43
4.052778460646645634e-43
1.771894858264580179e-36
7.532132630628390133e-40
5.059722326917112430e-70
1.313501217480142526e-71
3.522667600169657496e-49
2.461373894314238725e-63
2.769765743504851620e-59
2.418177097624636032e-98
1.940415192284188050e-82
3.307986298303840305e-55
1.322892857900222466e-69
3.921337609986862387e-66
3.378065023252042260e-32
7.697693080710486088e-15
4.663152300508334067e-36
1.209950349008718284e-31
4.995638277516953240e-47
1.717570296488306312e-53
1.240430164688092386e-13
4.750754009556880637e-27
2.775927745707636758e-45
1.047823126359171413e-32
1.033860645257645726e-37
2.556952413902403239e-26
6.271135730237178236e-17
2.065716040401249209e-53
9.330917586748217156e-50
1.084770475417225295e-64
3.160511620986922696e-35
4.572742990476433826e-82
2.144704301841025144e-50
3.942052129417497757e-60
6.342795694188709870e-78
3.299409194934951489e-31
1.672883969916652851e-36
5.899965325751267531e-76
2.331451595677997289e-51
1.733211445509733719e-28
7.674465898211152810e-90
1.609600532799693534e-81
1.689933715829712073e-50
9.904681225185322071e-61
2.678220775946141044e-54
1.811362106060949826e-32
6.085589003695904450e-38
2.998353738568643553e-53
1.439003495230287931e-22
5.468312764873038423e-27
4.619125308610897133e-32
1.952213280368314248e-20
3.246767534565625594e-45
2.349868389814376166e-32
9.414572523532524208e-19
3.400705515545500877e-20
4.457865081809564453e-27
1.908019700437405548e-14
1.767113033157525004e-11
1.337143902018265470e-23
4.938853905131703103e-22
1.303568579463865849e-30
3.920846364748972107e-27
8.613035975043745577e-12
3.229273707800085243e-19
5.290672949394911247e-15
6.685384669157708591e-07
3.945684717058815054e-14
1.548553082254348742e-24
1.022758973514194822e-19
1.963218110733616902e-16
3.931790569640759777e-05
3.857336993068245252e-18
9.435619383188425638e-17
2.565826964980275510e-07
4.558939212438518636e-29
1.582841563234393907e-17
3.345220611549337363e-26
1.646068502704669849e-10
1.886226375980005597e-14
1.589208099812925591e-07
3.512439045335086287e-40
1.625747937235722344e-15
3.583975110396438041e-42
1.515970631954275680e-71
2.176666763512832717e-46
1.275767168789182709e-91
6.363909691359856627e-41
2.361810019024708536e-46
5.216556892384773315e-10
2.075542079268022591e-26
1.256264098464260788e-76
3.175020544023758959e-23
3.629678892968219279e-10
5.644776796546803356e-47
1.128061504532231539e-23
3.289714575430879602e-16
8.252056230351510486e-39
2.276912742580309169e-04
8.339303813154384140e-07
5.605049072088490717e-05
2.819242254502476651e-14
2.956465759899216925e-06
1.472564227752334334e-09
2.728637447580097453e-04
2.007792879852359113e-07
2.038215209787085828e-17
5.589308007893730888e-04
1.484241606557770942e-07
3.115871197894215972e-04
2.931926064909209147e-04
8.910585796576843930e-04
1.274327456010639038e-04
1.195553762635151067e-06
1.060967295084211567e-30
1.187557046829199204e-06
8.043652720968248629e-05
9.700092886265939687e-24
2.334500807428183506e-15
3.788796396413113146e-05
9.212242418575465502e-08
1.189379937556856272e-04
7.401781347967849152e-19
1.707350204245654927e-17
2.261038818752296937e-15
3.438831580094758109e-07
8.277511854087017560e-07
3.104324663930558302e-17
2.129163770719709436e-12
9.283704391184727884e-04
2.198091566156939522e-09
8.354214682028768917e-22
2.905844408688112529e-37
1.359959769557596031e-08
1.495606727950059737e-11
6.623761082318170214e-06
2.452087015499976355e-11
9.591542024902037349e-28
1.583530242908190011e-20
5.169610845263461076e-08
1.317659466543028219e-04
7.416679377804331655e-15
1.412019585730063338e-24
1.427992753636104535e-29
2.664465690234180578e-23
5.348439331117973011e-06
2.039310374086568818e-15
4.377434022734426450e-06
5.608530266835393217e-04
1.110127007102358986e-08
9.180054582750976012e-07
3.277967549271670829e-08
1.280165797443244893e-12
1.102903748417614292e-11
1.088624833597981696e-05
1.230613542642993938e-04
6.911641739105108243e-06
6.283129316107009203e-04
7.032081357025017972e-06
9.011867321683627501e-05
3.420149788275538092e-04
3.392995379657695647e-08
7.638531702197086555e-04
9.711355711971509166e-04
1.171360514882662253e-09
7.416866827237475175e-04
3.099220107435890883e-04
6.546636228573746901e-12
5.661543314964566690e-05
1.807739718058063204e-06
5.858552920579986967e-04
2.492217657979677919e-06
1.913259524336923881e-05
5.858351039504065550e-05
3.531898965977801671e-06
2.531536828164088226e-04
3.194057919528241685e-12
2.709576489867379942e-16
7.157634210653315335e-23
8.945811983744640054e-24
6.803078395204961633e-11
2.198743535322188211e-15
2.828085915531385497e-16
8.625564944832456889e-14
2.430148227401623473e-12
1.139418492470103512e-14
1.643663867935208030e-23
3.311603178888024656e-15
1.311104631878357257e-04
1.086232342491890850e-11
3.114821070281983446e-31
5.677389585135550737e-13
5.536807626018141923e-23
1.952323380087668600e-16
2.054841569701106234e-14
1.821851342617172582e-20
3.574333179807932350e-16
4.413969024198430046e-06
4.257869270822381472e-09
1.468723267268884184e-10
8.473030324524527641e-09
5.107384379055727627e-13
3.301481973949986491e-16
6.280296198979947813e-22
1.687519484171844933e-04
4.973560443319335749e-08
2.334266083816644206e-04
1.720664634175119541e-04
3.392942875068142157e-12
4.231659145188151188e-14
2.627601267712625319e-11
1.159747401309852753e-09
4.156187070645204384e-41
7.487243716829977801e-27
3.537958621131386946e-38
4.566266066243333324e-24
5.068965879663807971e-61
2.472908202275584678e-28
3.228461925005109293e-20
3.173877404861635115e-22
4.932423168954047383e-04
1.491501513681008641e-05
8.802247949174242915e-04
1.685824147296907715e-10
2.377513206777620894e-04
3.244954160124983241e-04
4.827430217132348844e-04
7.117650958503582084e-06
8.343225482692114697e-04
3.723066276476023851e-04
2.814297447755097906e-05
5.425829642352362559e-04
1.036728526196654173e-03
1.064510404525190971e-03
8.942883204966023750e-04
8.303169973727432020e-04
1.124479680101159260e-03
3.479714181203601457e-04
7.096273701117706591e-04
3.259038814015344405e-04
1.066927443816550200e-03
8.183838973017443013e-04
1.157102398484525672e-03
7.218702890056324939e-05
9.616739783485151773e-04
8.227659004681983198e-18
3.766095170541598093e-23
1.180379036730894255e-10
7.051806530820506150e-06
6.882021662922681532e-09
1.305614321134725468e-06
2.715742492319792511e-04
1.585135876110752679e-04
7.644739176205213520e-20
8.515168121079933330e-07
5.933439125433300724e-05
2.160944159571139759e-04
2.994220769748491095e-04
2.158910369044054589e-04
3.841018848200965551e-08
1.041697980955296306e-04
1.426265392564911527e-09
2.887418867460109696e-07
1.608921031308716297e-11
8.629628938116736332e-10
2.134226218697692272e-15
4.826553259004185535e-22
2.234860079878753674e-14
9.339978550554146585e-06
1.010664230940214176e-04
5.319337005398492076e-06
4.038134533286552566e-13
9.363093781833168802e-04
1.229680007659047201e-04
1.192301932332177387e-07
1.149167567381087192e-03
2.290329988026949762e-20
2.711892164859439929e-22
2.684513544782371645e-44
6.844841966831960575e-04
4.473730269056971907e-06
1.638557628319599067e-11
4.007278358816868622e-06
7.956649505190911948e-14
1.296162874618467244e-15
6.770508362609667830e-05
1.681565443814284793e-04
6.487913141429133128e-15
1.261458063725744273e-11
1.223515428308019522e-10
4.883661491944256067e-10
2.291927362279991466e-13
8.447121647292898410e-11
7.208006883145442068e-04
3.541734389988110415e-13
2.305452946745219806e-13
5.434358924417329248e-08
5.467815309002629963e-05
9.197955155893939314e-04
1.095710928465514497e-03
4.359412332317676858e-04
1.084532129583731363e-03
4.992414207366266225e-04
3.673642747995999741e-04
1.039420431595491109e-04
2.126169600741553550e-09
2.616951316769127066e-09
2.502520468549902810e-04
3.442497212033110643e-05
2.480485874031116060e-08
7.329540649902924837e-08
3.113454282666377803e-11
9.979429775843330378e-07
1.906256668730106621e-06
6.435620746041481047e-10
8.507847591361101386e-04
4.710223927090553859e-11
2.386378112988586491e-06
1.405512387399204319e-07
1.164396470262091241e-07
1.569984635380601315e-18
2.706193290327964435e-11
2.560603349053499183e-19
7.759318686405823097e-05
5.732750379380604589e-10
1.017785240694003410e-11
2.587319434063243203e-24
3.306743375472865689e-19
1.517705557743616675e-21
2.552271600121373576e-50
4.240974559425793098e-34
1.683111428516669541e-33
2.494736981253120152e-38
1.376974577787447952e-39
4.065858659727029150e-29
2.888718995188621637e-64
2.691886079600610479e-60
1.896740293450307614e-55
7.401353718642638526e-30
1.316402872608474989e-43
2.427842571623570575e-52
6.793828446237411190e-17
9.117585340570665514e-57
4.772220777774777528e-57
5.830006921982527094e-36
1.654879758260126319e-62
2.158696324256086686e-94
1.055553279380394537e-70
1.398288701279129593e-71
9.910261557453413968e-95
6.061466537454613645e-70
5.231018460775155761e-67
1.851871298606916181e-104
2.040070597061666036e-101
8.674656927246296260e-61
2.100346745959900139e-69
3.851401813088659053e-53
3.066917109634047460e-102
1.059685407629160860e-53
1.200864517816960012e-75
2.079746038432523190e-75
5.617898823408924570e-67
1.580451393289800421e-84
1.293508709884373040e-92
4.625534903339669126e-78
6.599820331946466222e-28
7.789949785981244039e-52
5.832673602266746369e-15
9.591272291481642078e-117
4.285332996502085882e-18
2.672573024894607527e-72
4.549202099133394547e-16
3.030913137452009230e-23
3.769450596902838856e-30
3.547990917471219822e-84
6.282154563247062380e-23
2.853043431479243817e-23
7.299695872096505756e-14
2.337346266787035951e-04
5.267392766189989719e-13
6.646260949200870999e-10
5.039843351468564475e-07
2.945103843435019742e-16
8.837569597046887037e-09
1.485981778889905992e-53
4.352309841456855458e-23
3.582271671110314754e-21
7.543904688927945989e-19
3.452113966600489285e-33
1.549574637260439432e-10
1.212191885038198942e-09
1.257352830566994010e-08
2.048938782085462186e-57
2.613831862375501612e-35
3.345443606860819495e-28
7.987682142069011244e-24
2.017223827132650572e-29
1.521213645156918358e-45
8.547894546637781012e-43
1.431552166355209061e-50
4.796344344734533286e-53
1.599195624911864918e-44
1.060315773300644923e-45
7.422047108207474972e-73
1.114927036415575608e-09
3.246814208202904074e-27
4.704381651231612133e-23
3.948170941852874376e-33
5.502544180894806670e-31
7.559551836464679647e-59
3.244386150126526643e-76
4.275477180965620828e-99
1.095354259100395734e-08
8.445390547382993545e-08
5.939020694332449827e-19
1.217482296193026138e-26
7.312328833199941721e-23
1.099888755978048188e-20
8.280364243805590807e-36
6.673432139102516581e-38
1.018511207326994211e-53
1.822069904187194873e-52
7.386173542212661148e-27
2.221636267713217691e-16
2.822846679809044643e-11
2.767754891123317318e-32
2.337439453757150782e-19
1.087580480871608441e-25
3.148765481398824130e-20
9.630498663113696109e-22
1.288042486305773103e-57
1.191720367530008602e-43
9.789186144771457400e-41
1.569806945217277312e-21
5.777648673643838947e-25
5.010390565296594660e-27
4.930451434673410506e-51
4.423908474520562148e-35
1.076394730025102962e-29
1.199315726755024802e-18
5.006489316298534664e-39
7.183731832659307695e-29
1.130521450168833812e-66
7.174751449528475362e-41
2.744646196020788382e-26
5.237847734693293162e-34
1.589473144144600844e-32
1.657451181301638574e-33
6.039212741818418891e-57
2.310662243790966345e-49
4.155957930284132517e-58
3.038932933456051461e-20
5.924798536221955291e-10
3.132434628931726715e-38
1.470221556239833540e-06
2.024339974934855988e-33
1.175862407188550678e-18
5.425702512756411508e-18
3.897323678313563449e-05
4.124743431569138403e-10
1.254834400588584816e-15
7.663922712437507430e-16
7.650241902396819651e-13
6.353593663069101011e-20
6.853033054109650867e-07
3.652930811365894047e-04
4.450619329078773188e-04
3.390454271008435739e-05
1.261660160204845172e-08
7.443239232529629888e-13
5.466486659690657397e-21
2.024442514962474091e-21
3.833853620592921385e-42
6.388294841818725230e-23
2.982403255139027436e-32
7.019548674368527529e-12
3.307902177651625153e-27
7.136990629988877003e-27
5.838466993626847212e-46
5.743383227233659044e-44
6.122690998242384972e-22
2.794236011855200973e-31
2.973772387299935234e-42
2.719785883121815154e-42
3.252109176358547317e-52
8.709003921080844530e-46
6.390187581527322406e-35
1.432350447731637725e-45
4.387967096542064347e-32
2.292137001526056075e-23
1.286529644200769421e-51
1.257996743350759768e-20
6.870035538848010087e-22
7.488500293891294619e-08
7.869675098790666029e-12
7.847635502076614208e-14
1.264270006942077673e-04
5.196420157168157833e-13
5.014561053565151826e-24
1.478299918488098175e-15
5.362396528094796034e-14
2.913687582620186348e-17
1.012123315523152444e-08
1.566319344021443911e-08
6.850693894947414245e-11
1.697802607573876693e-09
3.921223840743465664e-18
2.664018442960098235e-09
8.160662853778909785e-06
7.569251692071904389e-17
3.765195742203871091e-10
8.427167067775865608e-15
3.720076947076217599e-07
4.270499072671340374e-09
6.491612324560203757e-05
2.221255243074862857e-15
5.300431692499576182e-12
8.537453013447434114e-11
6.777476100678588830e-08
4.934790950315375398e-10
4.279028621936449990e-08
1.154057123207084233e-11
2.066550770216556493e-07
2.592129869409378450e-11
1.165828623766106359e-04
3.505657690328303658e-05
5.175250033939159358e-06
2.602986332505842471e-04
8.324727906978410622e-07
1.846936045364141619e-04
1.516610507998337544e-05
7.176737128555514414e-04
9.762204386098163417e-06
5.566262028512037233e-09
1.256189692536577686e-08
1.573281770934079590e-07
2.967051586986938193e-14
3.362967089168990040e-09
5.411447229709871030e-11
1.479883902868198031e-05
8.689234446643717486e-07
2.327112782689784453e-05
2.357857666740662667e-05
6.726991357897532382e-08
1.512503989972759836e-06
5.558967454768265959e-04
3.818178657627211288e-09
1.213945460720557167e-08
2.394357823548778987e-06
1.336075508232240160e-11
4.156688012280271299e-32
5.581350316214296405e-09
7.672729150236281856e-06
6.557557753565349977e-04
1.377928633547291775e-04
1.073360130073346065e-04
5.546442939979479188e-04
7.071779253432236177e-04
2.988003596846907462e-17
5.506405899600199982e-10
1.048226284906520260e-07
3.760450913630653696e-04
3.398351834864552288e-12
6.487205964677800367e-06
4.682352357289842098e-06
8.498262050764631673e-05
3.841523566646991316e-07
9.860479892062823035e-04
1.010203345649968178e-16
5.880511035964096876e-04
1.666711257046766311e-06
2.955762989548475623e-09
1.047186231419393440e-04
9.154567009265705130e-04
3.407631377377764829e-04
2.011040170256186528e-15
6.227477603377393764e-04
5.810835531293875953e-04
8.681658824834744647e-16
3.530974562273303394e-05
1.448943644140631670e-05
3.726460279173627604e-07
9.874997347446764780e-12
8.090045939337081435e-10
2.204566862705797296e-06
4.473599359069910980e-15
2.335139770743453439e-16
6.374092473887027531e-04
9.542450567521574988e-07
5.759345960388701356e-08
3.752225771090793630e-04
1.093802929095525397e-03
9.129123610725550704e-07
7.975968039901863777e-08
1.090988968931380778e-04
9.453293428999978536e-04
2.036287112410188892e-05
3.414208679415972901e-05
1.419751793514979223e-04
1.935332563440330117e-07
7.277916136559017502e-06
1.055751208454457860e-03
4.549655927553407004e-06
1.176532870330031667e-03
7.427027743113573512e-08
1.998970288001857205e-04
2.203953315094088386e-04
2.420410048136376075e-10
2.917048008619231971e-07
1.927310286883025915e-06
1.308447068929333949e-07
2.084490494327609625e-06
5.982553912289862223e-13
2.210381525947225587e-18
1.440804723189612281e-10
5.702450725473749401e-04
8.740532636450284044e-05
3.044201187232694959e-07
1.279327797308692719e-05
3.507180963186098521e-04
2.006452389555545611e-08
6.654916316199781506e-04
4.368235820682710526e-04
4.994588238671190993e-04
7.468703156376554607e-06
8.509535787247524965e-06
2.720006055049704411e-05
7.629706936653103807e-04
8.023378369229445430e-12
2.656738340284715908e-11
8.690878808485229894e-06
2.416182376873077283e-14
7.439782379482950472e-09
1.617527342601458973e-10
6.620574300905293281e-07
6.507676814251094798e-06
2.859581603116843600e-05
5.336967168580000955e-06
4.165492717679012238e-09
3.204071859883072352e-14
7.463892468918288469e-13
8.940891567516321458e-06
8.712974860503866410e-09
6.944061539302753386e-13
1.373742129619738655e-18
1.802121803371516142e-10
4.561001099433182040e-11
2.355644437049444867e-10
8.829833898153701752e-12
9.848880643629232981e-16
2.722346629779330619e-45
4.674393959780218023e-44
1.528238493701429443e-56
9.482712691363943909e-106
2.258804437772204581e-47
8.400173941559155233e-106
6.878219221426718449e-55
9.511548832792281671e-93
1.303333351874346223e-98
1.999231714702050533e-89
4.737048557581562954e-77
4.579225351249338384e-75
3.032458799128278659e-80
4.802255730901512258e-45
2.342959583415155756e-30
2.269609918941263845e-60
1.782429449730648697e-22
6.142945881549671237e-30
2.372965944478124885e-26
1.030129243208055461e-30
8.659093461902851799e-24
5.572568223186512648e-25
4.150752611730276011e-05
6.724104201769378985e-20
1.110037629351535998e-32
1.081612618746089823e-17
2.327375048570716779e-24
2.996576538915007963e-20
1.089169146172699875e-43
4.672458048212623932e-28
4.129120141982399501e-32
3.271337125029839379e-24
8.053621756633668035e-23
4.428909601476705698e-21
6.210187764597266639e-16
7.218140185930442426e-21
4.356757165283267942e-10
1.665695173274845766e-16
6.816309785610485743e-10
1.331096358611814411e-06
2.069510338954762562e-42
4.668959219270470516e-36
3.580720609137279386e-21
9.651550226211707969e-22
3.897194558124409279e-22
1.649179903809273336e-73
1.016552641282171831e-61
2.025280270189421989e-63
1.974220046304769884e-76
2.131562005973650237e-80
5.709197527210080641e-77
1.459758281332186045e-29
5.307834938219814393e-76
1.374650241666844887e-70
1.009946374426796664e-56
4.534456104369951280e-35
2.543483574703442610e-10
7.460278049142067653e-71
2.578976278776690557e-23
5.490626587895415166e-54
7.240457412166332571e-20
1.226399495521361374e-46
2.818323469504466479e-41
8.420990780960391678e-56
8.497134306359099403e-59
1.673035231154833438e-51
4.555713991185199458e-65
1.466519943248739053e-63
2.314025324509839128e-85
3.859171290562170835e-37
2.168693668116970791e-24
1.729151298429960621e-60
1.068930175429883704e-36
1.287267968104815660e-45
4.353998498370036014e-40
1.402314419341999615e-76
1.821180299407509136e-62
6.052927265306475400e-32
9.327061203917534156e-39
5.165401826489605786e-63
2.310409132746019298e-12
5.296152487908981082e-27
2.611459649722475319e-56
2.509660651334190271e-28
3.035173215123114368e-31
4.729707871399903300e-29
4.757533454417037129e-29
1.646003901166634522e-45
1.321716968752465130e-69
2.056540925575753176e-35
9.316118415882882767e-15
1.544943663125659320e-33
6.057721339701389654e-26
3.039487972605541857e-17
5.467258447635717453e-45
1.951138508776875665e-35
1.467922415988852166e-52
1.852150518061610960e-26
2.411883768153317309e-18
3.477069772072389019e-12
1.330168621161819072e-20
6.139243249757019694e-21
1.984031257071210265e-30
1.223013444972047748e-16
1.429394072584605400e-19
2.578777452136810163e-13
7.651923588294783539e-23
1.355322527860044505e-36
8.372536521264503800e-16
5.714157573660420499e-05
1.039072348835378647e-11
3.518835817742617657e-41
7.080239478277525903e-28
4.405998414787006221e-58
3.612350199137263309e-13
1.335626444345060009e-58
1.168167543513874291e-22
9.110837119196308437e-29
4.321106134485269584e-26
9.930888720924706864e-15
6.922006098847611267e-13
2.128214396714326718e-17
3.746001885417921790e-31
1.219345472134868950e-19
9.530212761275615592e-18
2.823550516545034693e-14
3.383763607754252894e-34
9.921481566397657367e-14
1.001217455279320097e-25
6.260161913052892140e-36
8.525496544566605699e-22
5.962695619410960732e-11
7.441296691659126044e-35
2.797529298782692493e-41
1.372345533992469397e-23
1.876869211858527699e-49
1.055109106426330025e-19
2.770596845980580133e-23
1.665311375110388976e-35
1.285537138626721037e-39
1.364404971685463937e-47
1.023752298028019896e-87
8.451712740498139432e-76
2.122541018721990152e-58
7.414515155893293691e-26
1.079188748459005624e-61
1.185318829781759377e-15
6.291019388996711250e-24
1.250894145362377544e-50
2.845866384021498368e-33
4.532261512273698633e-52
2.837195374334177934e-67
4.263868753995699629e-66
1.439583590758544542e-81
5.244008330311759322e-71
3.598781068869457937e-23
5.221797939424602972e-76
1.052792328869269527e-16
8.703669940942522320e-63
3.654736949614969641e-82
6.376351976624513038e-63
3.336802863268394211e-64
9.491369427830675752e-36
1.496259880858343468e-56
6.018305399461952371e-39
6.256321356397480750e-60
3.485075050447653358e-52
1.344562428197386611e-61
9.844499428945667390e-93
9.851169346832841117e-53
2.130935189268013767e-107
1.036185204633044970e-115
1.107707124776839026e-76
1.261243602482575608e-55
1.740231951416757795e-54
3.829827295575121611e-79
1.585426200239938912e-72
5.898521524046149780e-37
2.001848797083278767e-36
1.112382964053062764e-42
5.209021154467308076e-25
4.924373696179796200e-59
5.727724230319708881e-60
7.387239027019382648e-57
1.054900420259153325e-28
1.729763583032883296e-22
3.810540141391544013e-21
3.675607374958938048e-21
1.749983319819822230e-16
1.514425058794878109e-58
1.598460214210610145e-64
1.624300655599944924e-18
3.979885570605753008e-41
4.061214843337730934e-29
4.918567515996683715e-31
2.344970513279695512e-14
1.734542499895893910e-28
7.861890134457098447e-14
7.055070579946354472e-16
3.048991361479956614e-28
9.300057621071073781e-21
5.429636198671577468e-15
5.358555728890962045e-22
2.971071808814568112e-18
3.744609235497580682e-16
5.545444457412307327e-47
7.806361253602863715e-51
1.318669555528326183e-31
1.327871988489765419e-37
9.906806464219241862e-43
3.719789891214463363e-53
6.287508767622276759e-78
2.000783980169397652e-51
2.247056725425859648e-64
1.027080753116714043e-67
3.410851772601277438e-69
1.435970499724911757e-54
2.000123723239887430e-32
1.503926192119375285e-63
1.648692544221239273e-36
3.442620881260725214e-43
1.950900852781777967e-62
6.220908793945758032e-38
8.545594978880493592e-24
5.187302706945281703e-61
1.003540222281246157e-23
1.805439160186714805e-32
3.715498843207032855e-14
3.564174910742832089e-29
4.022437748160035139e-15
1.157827537638160503e-31
1.838689297819289433e-41
1.802314529254897760e-22
3.333117552465505635e-07
2.129253835120553567e-05
1.105697871075149492e-26
2.675447473640831194e-74
7.208667155179057215e-108
5.067389159800919180e-108
1.990343758967989192e-85
1.123060111637776006e-60
3.312475008062962024e-35
3.787355093853157182e-14
1.891891722000269566e-27
4.589021435076588171e-17
5.641592019861603859e-04
1.214628743997445840e-06
2.562646352839627562e-22
1.229126276961110664e-05
2.345868308088347909e-14
1.325467546588096314e-06
1.946457828918704425e-08
3.793930917903937074e-06
9.055216103418222596e-19
4.723422353353435977e-06
4.415057893469521822e-13
1.150415708557689311e-04
9.355845797090490797e-15
1.121662724172166888e-18
3.838777352145448708e-14
7.262743534711385218e-29
1.533027409306496101e-06
5.654453298710365483e-18
4.684867979118956271e-06
1.644794231059922606e-21
3.957468153061294088e-16
2.926147614698535227e-30
6.705312801436941704e-10
4.912941029283248928e-18
1.913874465611395108e-10
2.987442833653428821e-30
2.343436031216211529e-20
1.619551932945120937e-47
2.235020753868934630e-26
5.463034781308245470e-27
4.972510403498974525e-35
9.516543123877120758e-52
2.416047248996631069e-32
1.467851021808095315e-94
2.887662185049955661e-35
3.271383271139345273e-44
9.173648968118257910e-44
4.985858866213843179e-39
2.351792760129173542e-17
1.291463723038346971e-10
6.990644068677995467e-06
3.067645893295513277e-38
1.425196480313621115e-07
8.258919307625610361e-13
1.201664402520212547e-29
1.806179066329037174e-61
5.114008590136437657e-37
1.829503082608329222e-49
5.007585811609959737e-56
2.976603228982233355e-47
2.438017517397056231e-85
8.814976992040657794e-72
1.001580072474488221e-63
5.778661395622046081e-45
5.155151856481111485e-29
4.214533913999925403e-37
9.539588512651339245e-41
3.851400811637222294e-28
9.301493438222071124e-55
1.015360977199921870e-32
1.241982030770625176e-30
7.051498106724974853e-12
3.676163368372054743e-23
5.758001292487383073e-23
1.621595125346763919e-22
1.464978416324589167e-14
3.914353570854181662e-09
6.733935686232840703e-12
6.226689246858687860e-23
3.134688423554114063e-29
2.725163560638533761e-30
9.658135739021722078e-69
3.816061543622004065e-47
9.131134539345103730e-25
5.556691541764600941e-29
1.145926558322945676e-43
1.293638769614349832e-28
1.180660423445481991e-22
1.223533215932373669e-21
5.019029642595466827e-22
1.378774966436130283e-14
1.787870850732022342e-05
9.359085446042435928e-15
2.496686130622372260e-09
6.468017528334710605e-09
1.511468967160144734e-10
6.443859383520486632e-21
1.914276039835417062e-20
9.372790247871592473e-25
7.134903734534863769e-29
5.002659360327593649e-52
3.947069952279058284e-64
1.679552422302452982e-36
9.347623067897043705e-90
8.555480882154906011e-36
5.613256068646095540e-67
7.592873815402228055e-48
1.240688581297002444e-42
2.054905962632814173e-54
5.435138308044360328e-25
2.602181529994022235e-36
1.136346678319364205e-59
4.168638874984230703e-55
5.008436979420803895e-79
1.648639174126455464e-58
9.751005591886812259e-90
2.928779850364614842e-135
1.217494221679713181e-50
1.452519716223631469e-86
1.655933493366216558e-68
2.067745716920645832e-81
1.041680177839412438e-24
4.728787772897767023e-45
7.328557347887653829e-47
8.867464164864588762e-79
1.325019908466849998e-77
1.748014297935841893e-69
1.021507701608093048e-93
8.461178162485532650e-125
2.155310491224984451e-70
5.026844796241634995e-114
2.566330303859739077e-91
2.855655543321839067e-89
5.466062831961471968e-72
3.693279125439171615e-69
9.839503345628416185e-96
1.174399303233390712e-109
1.865704390096430552e-52
1.750668438097919493e-50
4.720740621604247783e-37
4.767771701355293876e-29
1.346350306133155630e-28
1.300802335702945337e-45
3.403208087341370034e-40
5.627669968909567740e-27
5.016543603877274186e-35
8.861966117209177680e-34
4.687999372940230795e-27
3.745049391616386455e-48
1.327869139587952932e-38
2.820310838721213438e-42
6.441791570206304113e-28
1.940452745430068063e-18
7.891916393008659515e-25
1.153952243343424000e-27
3.941344068481014023e-29
2.737426585073342837e-44
1.338977801616425258e-11
2.474371151593012620e-46
1.207584309856240417e-19
2.592240509002373951e-58
7.171246945532574986e-31
2.766890069419392366e-88
2.447808363868252516e-48
1.130362303238088677e-54
2.377614046753259554e-82
8.376548649489515821e-72
1.996184162076779335e-90
3.337399190571043402e-58
7.770177169780843205e-83
1.906598662739643794e-83
6.561117320135907979e-57
1.232626170933593797e-34
8.258247411547684659e-32
9.781522992341162848e-39
4.973448291576708990e-48
2.499097327379057463e-32
3.937401595698680465e-118
3.898935035341561447e-69
5.452575686555645074e-64
1.467742055312651338e-75
3.714767665931478900e-48
1.568769517015637083e-59
2.355786433469588917e-46
2.742899573858448879e-56
5.882464989486412869e-52
1.562847612331251690e-99
7.768125531579621299e-92
1.748145124656556050e-28
1.366941882799509712e-41
1.393522895136091768e-33
5.053399761752587672e-32
8.229174476004079059e-42
1.131913575724808713e-52
2.714707498312977751e-59
1.976268411657644446e-52
1.027729720408681309e-55
2.027310985393908694e-59
1.977557232208264450e-42
1.072050252283731114e-43
7.097618453460618652e-72
9.272964989860348319e-71
3.403160242392649176e-54
9.441673580200092995e-56
4.862844734770479704e-66
1.047601552173778116e-50
7.353502547377938637e-73
3.714909861692665652e-58
6.906049885265312465e-56
1.526555645804814734e-70
2.910202780904781942e-79
4.820854089742467303e-44
2.575699425690162467e-106
3.963556374164441115e-66
4.020221135021806602e-94
3.814206933413101245e-84
1.566139289333281260e-60
2.930624007688828250e-114
2.646496029084653933e-66
2.968418611352125902e-103
1.251579116455370484e-104
1.871141080932520520e-109
1.089946347794559689e-30
2.823609758955565694e-21
1.957730677581308248e-33
6.933395711812188901e-52
4.028834840817239456e-55
8.197762950765150536e-91
7.817993506622497721e-66
1.659674855704186011e-43
7.055645518725967412e-36
1.458249228930770171e-44
1.874578410022144961e-44
2.038531997244414508e-84
3.825646150577878343e-61
3.153130475764377673e-86
8.095765359015272687e-101
1.434973200664930988e-70
7.098092203456867785e-34
1.072803295968022572e-22
2.028313575267168541e-74
8.917089447873530647e-79
1.464022973644484636e-56
4.383202001307075455e-34
4.131411353334265625e-13
5.645337868592828612e-11
2.741774255523236847e-15
1.375782793394785565e-29
2.797692203719157061e-42
3.278353458128515471e-84
2.952982707170362309e-78
7.510215778351599228e-35
1.320965845531133380e-54
1.117542359827540058e-84
8.417421035769440027e-38
9.723992402956287618e-30
9.756847355697794606e-28
1.518932157490646118e-37
2.168329562084050773e-27
9.778921870974519314e-22
4.245549059620346084e-43
1.729705416105229890e-35
3.055796366809902737e-40
1.650122518285400995e-93
1.675699273410708046e-39
2.950755691779479853e-36
2.777748237172037983e-20
1.754769029582718919e-10
6.315160608527908110e-29
1.628732079603426036e-45
1.446082825492111640e-38
6.514047420530687128e-17
4.927406370092019588e-30
5.596763031828529547e-25
5.317385628016617826e-35
1.971968815815122729e-21
5.444676201761847655e-21
1.482464505438467362e-24
3.894685524806143311e-22
1.234902191590647207e-38
3.028743105536897349e-19
8.083529749960934994e-38
4.732438431489333708e-34
4.494489114708027847e-31
3.337682250986903523e-47
5.075915685372187161e-27
1.458636615414733553e-26
8.963200174465101434e-40
1.846387256359989094e-11
9.389017325791010416e-60
2.309681575223129557e-13
1.891768919052666777e-13
5.004053438009550754e-05
7.093199563476014947e-10
2.127921483584322534e-08
2.497892523955345576e-19
1.021029832106892451e-20
8.691347440022305015e-23
2.816534456365472037e-05
6.081346278196918492e-11
3.112203474585668294e-15
7.498795514620643363e-10
6.407253374795892090e-12
9.800629567205680799e-04
8.464572562648881893e-08
8.218315858402444548e-08
4.518645751199828616e-13
4.507138231418102009e-19
1.658921849091972028e-19
1.825018517344588735e-14
9.072146981772831823e-17
3.099011778031132248e-21
3.023565864276232346e-05
1.098324462749960371e-28
4.332553304390595920e-14
1.028180535830091440e-28
1.789039863549786559e-62
1.989454175599883374e-44
9.713354994519589912e-27
1.469522406021231533e-27
9.410313135249254018e-27
1.211945104497057453e-24
4.659735315723160887e-54
1.822013086145952882e-23
1.483020198631876457e-11
6.179903071089829644e-18
8.576430800989359440e-25
1.500779127646950008e-17
7.922065445974024199e-33
1.169267298550849914e-14
4.994401153542244065e-15
6.569407533737723845e-12
1.110201529503280492e-10
2.767900507600885307e-08
2.985580607819906876e-25
4.304632909090635752e-11
8.528578188015464803e-17
1.558331183118509909e-10
1.606996071389342711e-20
8.139424313611022037e-12
4.628887521056885339e-40
2.441073378253865589e-20
4.576771912193003212e-46
1.220658621291650953e-24
4.207859076007386037e-38
8.642448696043768278e-60
7.085498637820510488e-28
2.958436552139799814e-37
1.308054558995010422e-26
9.379855858130300896e-48
1.308090653648074884e-16
1.728600720915819745e-10
1.191780999060424756e-06
2.054127389430216874e-09
1.477657753397672538e-12
2.663511831390904492e-16
2.495763925237725863e-39
4.709877163200250988e-09
4.473887759921243818e-09
4.078590603349999446e-09
5.472971907271119939e-17
6.890229601010530491e-21
5.764139782892597114e-13
1.003569977672567751e-43
3.888747437139883900e-20
1.469706054451046706e-30
5.178091826324011392e-26
1.014411341226150750e-43
1.013899386280198962e-46
1.952512787636307974e-56
2.689244088311282279e-49
1.381025929885313862e-46
1.504884834089436158e-79
1.193956957403805179e-49
9.023696768481871834e-49
3.191936731207414676e-54
3.074553383207528313e-79
1.526876797688310319e-29
4.040448795833408407e-66
1.230108094843018531e-32
1.997366695260781769e-41
5.822531957910229874e-21
1.784313484073106533e-65
9.741342320284774582e-50
3.071188030414490471e-16
1.543149201949754510e-36
2.055860769098253194e-27
3.845401323305788173e-41
2.307804303131816610e-28
5.591683391170218121e-44
1.911489180331196798e-25
6.700577001819504446e-44
1.085081110402242478e-30
4.904350555826736912e-25
5.040525738582863461e-20
2.699987538578675003e-20
1.674118312805722957e-31
7.125261863621346603e-46
1.565423693124076954e-20
1.786305548296029734e-18
1.732730787334475203e-25
1.153064359331680054e-18
3.900844649222975416e-13
1.507411290599295158e-21
2.026800018886540203e-18
1.454703737458730092e-21
6.098978744334123383e-54
3.353727154452037115e-39
4.523594906087688908e-53
6.925911673263225217e-45
5.873260608162555011e-65
3.602316745038553939e-80
8.091228817334217427e-51
2.931057128067732104e-60
1.881706604016493624e-51
7.061372313537641084e-66
5.868469548840654745e-78
4.407470874254306188e-24
2.904862887583869865e-51
1.621350552841451052e-30
6.380810155338787857e-39
1.687659740339902048e-25
1.169693230392424101e-36
5.785811661926295003e-88
1.088232905689800982e-56
6.044917800344467415e-40
1.134627154249857091e-61
3.381852396416503207e-79
1.526183319580082968e-41
2.716243716636432934e-83
3.409936790204177608e-63
1.307033390223320225e-90
1.898100099077567166e-69
8.538370950164307987e-42
2.361734606426164996e-76
3.698413076650172025e-42
2.494884704850235443e-67
1.171771715516228775e-90
2.189724276091702760e-75
2.807043962322469395e-90
8.298181545164296885e-90
6.596306549337488528e-78
1.465024413709281367e-65
7.861784293085639409e-59
2.349128870196732933e-23
3.897762778275198707e-42
1.524180681020581923e-124
1.410726854605411746e-106
1.616478648755037355e-54
1.172537006104468615e-88
1.355075651447902635e-35
2.310044380011976608e-61
4.899440109489044514e-39
8.587260412299150223e-57
3.487739745243647800e-51
4.262079709734117737e-49
9.588071250354655155e-24
2.834766965516278594e-26
2.975954559452230506e-22
2.083453254042299441e-36
3.143516225389788232e-35
1.169167505323090548e-41
3.707570268087371614e-93
5.337391774462700684e-58
5.553636803265876479e-52
4.072468421510842606e-84
4.626543022470707743e-50
1.307087679628494875e-44
4.144227203242264033e-57
1.002664200209165009e-27
9.424749687143144005e-58
6.047669596557554206e-56
1.410645725459579759e-53
2.695386736539209082e-34
3.394334176103619806e-06
6.593602681474793611e-15
1.175842380323893632e-13
9.757759632852132385e-08
3.451258238586001692e-09
3.047954357410319490e-06
1.863592463431627055e-12
6.811744945708100582e-14
8.698204235039555768e-13
1.232720611607588594e-09
3.068674592208899683e-08
8.055036708414380932e-05
2.249253693560661371e-04
1.633893192517187404e-05
8.079559243519254721e-04
6.068106444579791991e-06
1.204444162351526893e-05
1.316169933194535544e-04
1.494970536102794190e-04
9.545823325521671638e-09
3.347470882434465401e-06
1.670296105142967470e-13
3.587909928839277795e-12
7.688738062695366481e-09
2.323633748106099638e-11
6.280534590207044960e-09
8.530151439260462414e-22
1.164604842904828820e-16
2.567644376726438709e-08
5.310009821561463474e-04
1.041153670028397956e-03
2.819096404619155923e-05
7.152196492707242181e-04
3.742908101492254384e-05
5.400694269602770249e-05
8.700439504067376080e-04
1.155361860743925285e-03
9.419968028868552648e-04
9.948367051725093887e-04
1.207693831592795627e-03
1.208187258079557235e-04
1.211486103102246258e-03
1.022637868064576669e-03
5.068318994271726191e-04
4.866958269776360977e-04
4.783361086025380909e-04
6.026400393322989095e-04
4.171521720668685184e-04
2.824674104470613800e-04
9.985962659809870506e-04
6.496524381223451727e-04
4.111846656670483237e-04
4.327306545627456995e-06
6.480686829132662093e-04
1.208825904842919952e-04
1.114655544710592807e-03
6.047198365811133928e-04
1.911034495357283064e-04
9.233456394725115136e-04
7.081925261061583791e-04
3.304596862912637968e-04
5.981019164642966093e-10
3.081064435473740740e-06
1.180652903735256252e-03
1.714921262490389862e-06
5.919369875965664903e-07
5.706074442471766892e-09
4.068784831758762311e-08
1.966217038324113932e-04
1.041945573381675323e-03
9.746613245318309178e-04
1.307647800165075039e-04
3.500532240121825512e-20
8.403713169582116950e-19
5.053699384962135965e-05
2.589989265256800472e-04
1.373750859800382460e-05
1.638615888677538842e-05
3.088641424562902564e-05
5.855062449622357862e-04
3.649408491254796318e-04
1.505688290340252840e-06
2.074753696247917101e-07
8.376875377729005017e-10
5.649028117425614152e-10
3.464514717751024125e-10
8.004722069355264022e-05
6.761702455248611902e-06
9.979945997428767666e-04
9.139148857634548436e-05
7.167125145980140301e-25
2.840812366547241033e-05
8.662204328386585280e-06
2.246014273190100456e-16
1.688609903573931050e-04
1.908323299906029567e-06
1.242011788113574192e-13
6.710741044433590373e-04
3.609689650982908114e-04
4.845097148114135301e-05
6.174457871941571024e-20
7.471555448005835039e-09
2.003953919159927096e-07
2.967720306432299394e-12
4.133484821097469403e-20
3.614768218334372750e-08
1.120273491872021338e-49
1.651730088964322910e-10
1.671823590617323930e-05
1.954545385397834322e-13
4.788373157848829181e-12
1.259737212722310057e-17
1.124075319814841107e-08
2.504234799786176670e-04
7.955561256059976057e-04
2.793396341797757627e-06
6.348898811950079392e-04
3.380830891935993738e-04
1.127686207802275310e-03
1.132081974350295818e-03
7.122306605832045678e-04
6.289759895911890917e-04
7.718321036902818033e-04
5.443764087089886976e-04
6.729637644668240730e-05
5.101202855453583865e-06
2.177026130845352981e-04
1.491117152482793500e-06
6.212055745537329319e-05
2.589557619396374309e-07
4.450423823274956855e-07
1.801639078480638952e-12
1.790234286178920097e-05
5.801901446977171344e-07
1.136627780014037083e-04
3.421499598979423988e-06
2.316674598844504636e-05
9.965950097030453012e-04
8.446642845715224496e-04
1.714650954745815300e-06
1.253522179803721476e-05
4.532051269316735275e-05
6.237338280931039426e-09
1.003282756236088996e-05
5.309681343914979734e-04
3.006632014708490568e-07
1.214835561050651297e-04
7.446322110676197709e-05
4.547568977064022031e-06
2.514467666436522118e-04
6.523681290085025153e-04
1.095253037683595202e-03
1.935028020140039810e-05
7.454559339204312350e-04
1.049612670868893104e-03
5.959026184443352815e-04
1.085029098162194677e-03
1.000544750672539666e-03
3.316979450228642627e-04
1.717167047560620624e-05
7.142770952518984152e-04
1.031921112837035602e-03
1.073697434476281209e-04
1.488234075518338922e-10
5.443917695250363297e-05
1.224691406273340465e-03
6.182274036496625925e-06
1.256584528706447209e-04
1.098232194895247928e-03
6.596683290856368608e-04
1.313712777475286436e-04
8.645625057176818500e-04
1.226932265934314306e-03
4.260514944503048006e-04
2.284198275218398330e-05
6.974834074983493611e-06
7.019000740902312224e-04
1.113640569864949225e-03
8.129246849689598323e-04
2.609634626408358397e-05
7.473139136064621763e-04
1.031332382314017289e-03
7.921779715627653810e-04
9.411816260897755372e-04
5.892439528817703786e-04
1.065104436706365175e-03
1.359975648357126046e-04
7.922813756917139280e-08
9.730541951897408873e-04
1.201310816166436223e-03
8.215877120085428699e-04
3.172793418798917561e-05
9.307177620145993830e-04
9.124306016490938169e-04
8.142732870098678185e-04
1.698465513015369195e-04
5.573549102064262386e-06
4.519087076050673653e-04
2.104841882513246707e-04
1.599270033169769849e-04
8.451126194010199176e-04
1.023805729313023954e-04
2.955749694680441996e-04
2.205241320746796619e-04
9.629534143489049125e-04
7.007929933873253015e-04
1.125756842786191652e-05
2.806660275576174828e-04
8.214231339792701144e-04
2.231557867310322324e-10
7.489947587407961899e-05
4.316233072503188533e-05
3.260968669115280363e-08
2.894364811985586487e-06
6.966908154369946468e-04
6.599725944168041789e-05
3.301578215182894886e-05
8.121396489079632768e-05
8.912767333243772246e-04
2.683667074508162159e-04
1.011840705596202521e-03
1.172088443811314146e-04
1.006507724455540177e-09
9.998556532541543981e-05
1.159754587039229764e-04
2.296742587189070696e-08
8.895966271942418397e-04
2.310971786904569353e-05
6.712180020064388618e-04
2.568361801655323195e-04
8.176739685546487510e-07
2.976806228885646642e-05
2.130764212689581169e-04
7.837525809586638260e-05
1.045370558603456075e-05
8.577428229939072779e-05
1.009796822719555764e-03
1.345374699209798793e-08
9.038799563714158825e-04
1.815712001466117205e-05
8.620733473030002629e-07
6.698780309957897555e-04
7.090367969784034307e-04
2.336776041631593270e-07
5.978735597794057307e-04
3.654580265578587055e-04
1.135226863770575278e-03
8.287516216006616436e-04
1.059079007484746426e-03
3.848700820809755813e-04
8.313060628543918293e-05
9.079629785433435823e-04
1.103629786658311043e-03
1.177496386400626986e-05
1.099196177355374945e-03
1.400240994947453449e-05
6.902817599632136156e-04
4.505437337869700690e-04
8.755839639895007616e-06
8.707660824967817896e-04
2.349550800667805331e-04
7.596220602929048367e-04
9.075678152504738656e-04
4.863045910763579954e-05
1.047367467776279709e-04
2.045324169258905939e-04
1.077839665109926043e-03
1.146876260599597906e-03
7.684559628922701773e-04
1.165248678491789033e-03
7.996662839366072825e-04
2.540097873305519104e-04
6.042633465514423395e-04
1.118871123537322295e-06
7.883813806577767832e-04
4.764684655176959710e-04
7.616969681345234699e-04
3.283161195811847900e-04
1.028272757141495981e-03
1.046549001975566329e-03
1.226094360056236400e-03
8.477533393206065785e-04
1.184592896933562949e-03
4.477662444270986736e-05
2.708132857251005997e-04
1.101334830325231351e-03
8.724663327951936564e-04
9.514619197482131543e-04
1.174637750418138296e-03
7.407582631329115083e-04
1.140729124033106317e-03
1.158323261231960057e-03
1.058818527066225515e-03
4.681561230200290678e-04
7.222730881045006388e-04
9.823985428681315194e-04
1.033853550335210288e-03
2.683673061340546709e-04
5.451839131690673548e-04
8.492243052409179224e-04
1.205163960617448198e-03
1.181586337633652468e-03
9.464679210263813453e-04
7.751769000251814779e-04
1.114584581896920466e-03
8.251525289704856898e-04
1.226106565379789020e-03
6.543005335849822086e-04
8.326248873826310425e-04
1.189845837429054842e-03
6.937939506383452269e-04
5.169180121012248615e-04
5.911135697157142649e-04
1.138791206914367693e-03
5.270608501994759106e-04
7.009979026074951176e-04
2.084767677380830963e-04
7.135824888566022657e-04
7.723199890811386498e-05
6.336250230720554075e-04
6.223803478954066703e-04
1.186915993466350393e-03
1.210592059492355838e-03
9.660935596244005392e-04
8.424602713173093933e-04
1.511090561335962844e-07
3.043961575716503526e-04
1.308601253538033661e-09
2.184170484809419438e-18
4.111520921430777646e-75
2.935136872148376876e-99
7.223091506193451086e-41
4.869872475763575436e-107
1.715237538362974428e-96
1.291687840016162406e-85
3.707974169284085820e-45
1.038746494884845357e-49
2.839606606372543482e-41
2.482371832602776550e-54
5.554125351375765676e-53
4.680961195614465196e-53
1.953991101073301889e-11
8.558428257089845760e-20
5.142222046996443328e-24
1.699559020531926419e-07
9.607133510404663893e-44
2.132164988279791457e-19
5.928551910787274309e-21
1.648141213427133088e-18
4.318997777383570617e-15
2.637238383700639401e-31
8.976281750588198356e-46
8.221290088158853981e-94
1.337792495615628307e-60
2.206467411161442239e-81
5.621478821905745371e-42
1.722797185575656398e-51
2.779110579380730662e-29
2.328293616698717748e-43
6.156874835290426201e-37
3.244843099882804695e-28
2.268058228917320466e-18
6.448490736282280760e-18
2.374137167445056571e-07
1.991766568088120550e-13
7.389743122094011107e-46
5.260042171195852227e-21
3.886392440098262469e-54
5.399944439661254923e-18
7.141218177892523747e-09
7.216465053351825757e-05
6.323081645927251080e-06
3.794375282500883250e-08
3.032616882816773758e-13
1.520500118622578846e-06
6.482973657422024545e-08
9.323856423208505426e-15
7.134426617888415978e-24
5.397369921320462772e-33
2.852591401996676034e-25
2.858738204217993941e-30
5.299814480907825010e-18
5.711009326842555788e-58
2.192077993012485500e-44
6.161030039469374133e-15
2.453751672006934741e-18
3.671625201636500741e-12
9.352419737785529293e-31
1.462537263465020088e-33
4.316435268460656701e-21
8.639360353274068744e-16
2.842666274373725282e-15
3.353171803182417226e-15
4.508820477084642834e-21
6.063560318793798798e-37
2.542460962290067369e-31
9.988588841602496525e-11
6.372388561652820550e-09
1.413651915885266708e-10
1.309201015336086959e-15
2.259236785877081067e-12
3.056796043093516527e-31
1.450160806086733493e-28
3.323601811513346028e-63
5.816217397087014897e-24
2.374618321087185454e-44
1.015497681241215032e-44
5.885635137356134691e-110
6.234780294761994932e-09
8.001755793110468036e-12
3.009266209232461282e-48
3.114298155734061969e-21
4.731733784533610407e-26
7.381820773390384377e-10
3.254636235082970023e-18
2.889393008482648975e-15
1.071045241736295205e-38
2.901052921219609739e-28
4.286109311903015951e-27
8.047368974323717253e-25
9.704967140868596621e-21
1.314999416969935593e-28
1.034093751513971604e-23
5.491183280834738575e-20
5.422502190001354437e-40
2.920166479162416063e-29
1.881184474066742252e-31
1.537222215005431000e-34
4.178616723158831239e-40
2.436066023644155872e-46
7.875078436395333606e-26
1.556887071098365528e-16
1.429504819425938557e-54
4.304707103156872591e-13
2.990592901824722696e-44
1.080014713995229386e-09
2.160913051226182534e-38
1.808629015334959444e-26
8.651157880706366493e-26
3.173310459017764346e-27
4.034000265767488448e-25
6.683783539417790607e-38
5.731933444869163286e-16
1.852446352427060077e-38
9.685873728832133999e-20
1.330556016349206941e-28
1.189213813150198382e-49
3.912113428388059379e-28
1.407364319792889858e-24
4.674718027249994968e-27
5.994825697729005591e-21
6.306199990255477397e-28
7.055195258732585162e-63
2.583571283757144166e-68
3.774135197832853526e-50
1.053181482781100867e-79
1.124754956262422093e-83
4.490579370741862087e-74
1.011191920217618118e-46
6.205576202450666797e-44
2.889363660157062317e-31
1.689247399649795536e-52
5.414762569440006017e-54
5.557051174182790473e-59
1.420669724140700320e-67
5.039166941267350411e-87
1.833148980202502758e-47
1.916816569039325362e-65
1.064943448875884239e-49
1.778486890025346401e-57
6.663097433029543843e-114
1.012786574271864425e-83
1.073711524712242174e-107
1.203353621636775275e-103
2.976227706953517177e-128
2.279453128372331045e-85
1.598994225763542348e-84
1.589534331590736039e-51
8.820977642152732060e-64
6.469254592160335680e-49
3.106626800879996295e-50
2.735242755181092940e-52
2.973604014535579925e-94
2.880502739862461467e-50
2.240976125983672745e-57
3.426348308572667333e-17
2.962767387602969010e-18
2.482708011722453391e-29
9.409257345200884486e-21
1.873767998479153148e-52
3.107452943565761911e-71
1.695743295206596061e-66
1.567750409619330007e-42
3.410818646777864584e-85
1.833607273706973957e-57
5.692025318236220373e-49
1.421934171302719730e-58
1.056423876935169130e-58
6.362151788761133175e-75
9.861108757034366163e-65
4.402777148850447559e-52
9.443758567920132275e-93
2.131711116637766191e-74
4.694279151085105059e-62
1.620091047972192679e-60
6.331439536818503660e-37
1.622405716928097060e-35
4.049974720751487995e-54
2.120750955208957543e-74
3.918332802368571663e-22
1.180627789198243243e-66
2.055222582604876850e-26
1.989551406455547585e-65
1.913368875213903892e-30
1.822334752582071096e-42
4.168657910583145631e-44
8.109541226454809849e-41
1.258549634877404023e-50
3.028293422680133384e-19
1.393878697569427606e-30
1.900364173526764885e-41
5.961493416018007347e-29
1.799107422785523506e-32
1.864389750347110847e-42
2.109791455440237036e-67
1.568183835533412688e-108
4.439084303371161089e-35
5.029855461092913308e-28
3.185558339826227559e-58
5.881393595665909713e-83
4.858816092588742662e-101
2.504323178494283188e-92
4.974174088822772691e-49
7.512484614310952013e-42
3.055877621947804929e-71
3.896499871393261722e-39
1.309347728495548626e-27
2.851046828217638465e-50
4.194356310178571526e-28
1.981119638546146987e-35
6.761447421883298822e-51
1.270550618049260115e-39
6.932223906311394486e-13
1.313444888578456345e-70
1.985962504205770435e-30
4.827905790870669277e-13
1.203738375978363796e-49
2.662331022142259156e-25
4.054789631020620500e-14
5.840407385726006542e-25
8.290732244465144529e-15
1.017845715141928012e-46
2.804728030545293068e-30
3.995433384699098658e-61
4.046344717527665407e-52
1.834981938671693694e-58
6.542017090499865726e-75
2.994688483469783708e-66
1.630183034240189892e-41
8.324248346344098285e-21
2.449563813493868620e-24
4.711340923567971215e-30
8.697534562174902793e-17
1.970572885667788687e-13
2.232982506228830402e-24
2.902642966972885477e-39
6.739182780732991236e-33
1.016016678252475071e-33
1.118034916147815220e-47
1.532265574282335314e-42
4.344011725021131851e-13
1.613237442125150138e-12
2.264089146365058168e-11
4.356522660420644759e-29
5.640871213330585801e-48
2.989322310438019490e-49
1.077819182387311454e-53
2.511784063383181767e-79
6.468980173160407326e-55
2.487768193561392113e-35
1.794613056391980390e-67
4.820024205493209202e-76
7.391400722974479416e-76
3.187470448692194466e-39
5.853328546622130287e-23
3.327334688692831807e-24
7.490499312683706664e-36
2.306397998446425439e-20
9.589629536544742430e-26
2.524880436079817924e-70
6.989054926971250957e-58
3.091883670181347668e-46
3.803185012978486365e-38
2.966918584620592029e-28
6.587200196324428673e-36
1.711740386188018217e-35
2.050024333367349339e-21
2.842487691146101293e-44
5.109530580809835987e-27
1.005193297444942619e-22
2.358700448118215015e-18
1.690078130395802778e-26
3.373640383654628194e-23
5.759748208754109822e-19
5.152011704494655802e-18
2.078047147465691444e-35
7.255415005208251963e-37
1.328301960613754198e-37
4.326655132715809680e-30
4.028393327732793516e-55
2.228643726957347879e-26
6.342521204950475777e-19
3.982338677503222311e-41
4.963008174867418638e-57
1.123287008872526888e-48
3.271672281080884625e-46
4.794883740930288339e-27
1.776648286094251317e-21
7.628904198282155808e-60
1.271123763626206282e-76
1.835126891361017529e-56
7.747336854829562524e-47
2.023163324523128646e-30
5.691591733906214184e-78
3.101179328265487318e-35
4.700873142039253475e-134
3.888785635955544429e-65
5.831449561581389700e-43
7.926631896455336314e-42
7.613079022899852489e-44
7.637316036434872680e-52
6.289576147902306559e-72
1.428770341296376157e-46
3.959987788562602653e-76
3.636069838568160636e-77
3.930013204327535296e-122
6.966471715148443457e-59
6.425510113882301119e-51
4.829923346006981724e-44
4.290509853262302896e-77
1.570838717470721733e-102
6.442967947691692888e-99
1.661173366155227234e-44
5.455975332313628645e-29
9.296577989350636484e-82
1.168055996702905024e-83
4.092301432967607913e-46
5.726103070186531954e-35
1.494815068168082063e-62
1.435026301504914259e-29
2.378305746130902859e-57
3.374945562005033616e-106
3.175664815260688519e-102
1.749390018724747719e-50
1.999280216600087470e-57
1.091368129079301795e-58
6.177624516586465038e-50
6.448521160024583634e-86
1.276730950849883739e-102
1.709045777454281751e-103
1.955350276932497716e-64
1.119903340875991769e-79
3.264376743961443726e-66
3.485932268613862817e-55
3.217414503366363297e-92
9.255678225299586812e-44
5.282939927998377077e-136
5.578366429639366067e-113
3.160909208357291028e-68
2.071064788959389247e-42
6.335084972894918298e-85
1.139282718511371505e-68
2.663208495841349695e-70
1.341402943354016776e-98
2.924850399554144052e-86
6.854100267862098016e-97
2.236173339791177078e-66
2.752882018627858656e-56
7.145568557455010887e-94
4.913071500281212644e-56
6.471822075079646532e-90
1.176608972765244799e-76
4.312265307102881081e-81
7.422340645604813593e-96
7.425097415946245333e-74
3.297225850092056586e-97
2.747293263389838962e-79
2.459278520785839726e-73
1.087606802524620160e-80
4.260307436665100568e-111
5.277915256679057438e-94
5.523030197526217008e-135
1.977613416929555695e-95
5.418112284101611376e-95
6.582880658397395927e-93
6.073772985698095154e-106
2.033721633181861006e-109
1.874814524544056531e-107
2.094609030278923900e-107
6.482648736986337334e-37
3.230406540654928883e-110
1.175176808319507600e-71
1.186848196119608267e-64
2.722117921492734857e-67
9.256501330045803173e-130
1.596688849844665884e-92
8.301156038227325894e-130
6.228983408879482818e-80
1.169531109575570318e-54
1.134639696536271234e-43
4.966592733791135573e-100
1.675607560060532551e-73
3.637545128745232290e-85
4.149947880184779770e-70
2.272812123320781105e-89
5.978229938698925931e-61
2.873782467312191896e-99
2.924570768364985845e-95
6.753618376979346093e-111
3.781719187771378136e-92
1.556704029690684833e-103
4.214189877817915038e-107
1.125498392150451322e-112
2.641636076224760667e-93
1.442575583931575607e-103
3.801436434062714891e-128
9.077295006758910898e-131
6.735218179141208459e-105
5.929247319218075917e-132
2.042845333502641561e-119
3.520669731473035703e-99
5.904156403518148891e-97
6.738089736570292904e-114
1.922575359957177095e-92
1.138714386393997988e-34
5.697620105702485433e-70
3.363752941210277650e-58
3.666347016737652787e-70
5.265718016675436490e-60
2.370443169271265253e-108
1.858938668647880625e-124
1.581840541993768523e-79
9.676678551061173692e-77
9.298325857599431153e-55
1.294414899516131207e-41
2.922482203353704443e-77
9.885591414580806584e-66
1.061154757068048311e-79
2.924448468774779945e-49
1.314695996051414698e-42
5.419780193719437214e-68
7.558288043256714026e-81
3.243684856948801059e-74
2.321234877956684131e-112
2.322728441494205036e-98
1.904106353406220385e-97
9.213179988873316808e-72
7.446911106836416652e-57
7.891543312919297665e-57
1.588412227695982714e-107
3.153181909066578619e-63
1.108898703915652714e-98
1.783051216363442315e-90
4.020917759639869672e-99
3.143214231495879703e-119
3.454038449174756290e-98
9.284768827448401986e-81
1.545559229912749072e-120
9.356639337557002276e-97
3.526891687433362671e-94
5.965451099620298070e-76
2.738551026840360375e-51
2.237778593048328598e-119
6.756397692360646738e-94
2.901458460658697636e-70
5.001959416705455569e-78
2.042285354151080700e-54
1.848264887477583094e-94
4.583564978175133985e-121
1.270582821698626081e-88
2.746558593605885790e-86
1.299438523756032133e-94
4.256556158956797717e-89
9.447835881395675647e-105
1.582669829920734126e-97
4.692807157147057041e-85
5.382713674887973302e-61
3.521699393796321966e-68
1.132317968948925411e-89
4.964765104809124523e-64
8.163085752846280697e-84
1.027614038327042269e-117
1.733731845004221618e-48
1.902525419719085798e-47
6.993762773479110183e-55
1.890872599682049268e-81
6.100567741369573304e-100
1.446331772470664289e-70
2.450379477956237074e-37
1.882561511095697050e-37
3.804888645545614482e-68
6.529138679380140329e-51
3.841731494603111989e-33
4.224083373449726340e-25
1.236260373058536351e-38
3.519769518380045431e-20
3.535166075248475293e-36
6.718386242027336234e-61
1.305321726668615597e-39
1.099796661801072355e-51
5.967005363975546263e-23
5.895256477863777696e-59
1.536615043424219463e-39
3.286212145133055216e-09
6.681875117471471587e-34
4.285216999153103575e-16
3.925399301737050836e-19
1.725008141575520228e-32
1.143752637396701908e-61
8.286625327161858511e-31
8.013728489049136014e-34
1.836390577585287190e-66
9.091662044736190966e-39
8.294127854091990703e-30
9.245103972539759177e-36
5.694090226918760931e-74
1.057185519479851627e-43
4.519021009587443602e-27
4.309012973265234547e-21
1.428655253391177262e-36
2.106723733095336688e-56
1.036401529878554940e-23
2.062553679375606366e-08
1.109221747731882590e-08
1.421789104794065219e-12
5.802874105862711976e-11
9.009876130985953145e-05
1.553039550060299744e-06
3.244332984028131904e-15
2.960467889540118598e-13
1.480569890098014683e-07
6.078095047221956517e-09
1.159142147972141886e-08
5.929041266561180674e-08
5.342806840833584547e-07
4.319143423479248419e-04
5.909423441279099056e-05
1.186207070927734709e-03
4.016422118421697120e-12
1.382877443417309104e-05
5.439709378716835212e-06
2.017434453575700435e-08
4.269238306309594322e-06
7.735355174230411530e-04
5.051702652581084868e-07
2.833634335184558313e-05
1.559574127532263141e-12
1.171367064274198215e-12
4.949160526968629846e-16
5.457174284800777328e-05
2.232608447323467831e-13
3.382848387670785812e-04
6.646459575654780594e-12
3.104748627839016428e-13
5.357406511944198048e-10
7.222521238662963425e-06
3.205947721975584043e-06
4.301994850512843101e-06
2.826795627491309132e-04
1.256899777607941595e-05
7.151067846245327275e-07
3.588572579907972829e-27
2.759116096547650673e-13
4.860548609311955379e-06
3.190205845035583656e-05
3.939917504296864929e-04
1.307249331737175386e-06
4.532076466912016056e-14
4.159616912370758357e-04
3.732095912876136670e-08
1.592804006105513566e-08
2.503935042019953265e-05
1.859919871457850989e-05
6.039498634787224436e-04
6.188941594270461232e-05
3.339951421679945785e-08
8.905972853849993367e-07
2.981303425379571120e-04
7.736669844738472857e-12
4.074142571180483280e-05
5.553067391409510241e-16
6.840722885867635142e-04
9.116690558852909306e-12
2.887503632292579932e-06
1.581559636045532121e-04
5.318360911218835254e-04
1.338500931144987513e-04
2.167616298214775712e-05
9.836822700421402453e-06
4.946395917101816848e-05
1.040385068026729006e-03
7.272275051177200135e-08
8.672293737119743037e-04
4.370583289837398090e-14
2.606072189049075204e-05
1.108897644432835259e-09
4.952489104533818473e-04
4.834368744506856072e-08
8.294497472984025220e-08
8.678842589210248426e-09
8.446415506239229993e-13
8.455101520115958978e-06
5.895710454030251727e-12
2.399662271885052447e-04
1.987448982936485959e-13
7.935334239564127107e-10
8.435258093660706736e-07
1.386519090552313579e-16
1.731348671233395802e-13
1.213642850609228279e-09
2.165429176852462989e-32
6.164261227824402562e-23
9.459049037039834681e-19
1.206985737273010909e-11
4.847994619527433509e-07
4.082208255275822028e-17
5.198059067870040589e-07
3.387547227989629101e-13
7.077869340098357984e-04
6.496265882600251242e-06
8.895103150569762465e-11
1.066838509955834210e-17
5.196434460912068541e-13
1.964477266276467350e-20
2.329611001054997978e-21
2.432389734632452784e-27
6.119912209419787327e-10
3.651452272136551750e-16
1.702531122200202082e-18
2.876655573710972550e-08
2.084717815265035413e-14
2.939557747041312171e-23
9.858745388485042393e-13
4.517053971251801717e-11
8.477551225457056326e-12
6.292644939116815542e-13
8.309413602001349514e-33
2.139464819861254120e-08
7.195859896832927990e-23
2.786953225099172405e-17
2.105044776783576842e-23
2.719554577681818400e-42
9.920680232533589802e-10
1.535215079943398514e-09
1.654346811135338480e-12
4.203048611617013971e-15
1.810606337072026434e-29
1.569013173587772151e-32
1.596308286762951655e-26
4.701773950004970885e-14
6.424025982856133934e-27
1.068029428013587183e-38
4.774068505706253720e-18
1.449646973471853207e-23
8.688278470058159877e-25
8.548028270430928365e-33
2.415148955282154702e-72
1.002328396747461470e-20
3.319269482921642654e-39
7.034049274291362769e-40
7.077687595322258927e-40
1.846931017500379367e-47
2.543747844518270606e-30
4.555475112431243718e-25
3.262613186496247261e-47
1.561457444062660759e-56
1.926018015648968681e-71
6.848707002474684469e-39
2.985397043894021222e-56
9.745655443745384501e-73
6.510212637052979286e-59
4.876110789967646126e-76
2.192300212283859518e-79
6.054594509927566002e-61
5.505420798039798380e-56
1.826703381219610810e-61
4.804506307677015894e-77
1.193601944764015162e-63
1.226989109485720278e-41
2.614955703007179974e-41
1.400294859021573241e-75
7.634047844982722600e-69
1.010382763329670364e-37
4.959065628808110217e-66
1.438170960997415213e-47
6.342988268393836098e-61
5.806337676372975146e-88
5.616428853034476066e-63
6.951908026227223929e-128
6.044941081474862788e-44
1.061596131548531946e-49
2.021335281478777119e-73
5.569449056245449528e-93
5.144462252571173894e-85
7.222910635269092655e-83
7.755315262591231309e-72
2.430488339898240235e-70
1.224651975272446772e-83
8.600933368840348581e-76
3.568411044626671324e-100
2.434807850640588240e-73
5.020459615524987548e-82
6.705086575124528441e-73
2.931300382694748002e-63
1.251136389817738526e-98
2.832464029865479489e-50
2.510342961796965600e-70
1.843374484863343809e-130
1.759071722109279381e-77
3.643905297276584592e-41
4.208270824700307169e-65
6.458743805985742366e-72
7.164451482853105471e-52
2.268393359429465707e-44
6.174106626450841429e-80
6.859363863364542185e-35
5.444808556272388175e-72
6.533893214733044309e-93
8.717316253772577309e-37
5.842242303518103421e-74
6.293562633861126695e-75
5.677929930489977553e-65
2.973298576430122274e-42
6.121312040810632971e-65
7.996806149096750465e-52
3.058967443356258005e-21
4.287287332798968651e-64
2.819380263708872107e-44
1.654468747500578398e-51
4.860093471141489238e-99
1.347105539229941871e-93
3.000383908857609046e-101
7.152213667414014368e-72
4.064180499384524432e-66
6.764278268739948080e-72
1.237214030414834979e-92
1.443222756535134640e-81
2.239821409626327569e-81
4.020547295038926600e-67
1.212466947255872733e-67
1.703188829541222757e-35
3.386280739013880601e-27
2.642688230850605769e-26
8.726603517004400509e-70
2.188180429477675292e-41
8.050760586287003097e-80
1.979539081275635989e-64
7.521662884833327273e-75
2.034821545081774784e-122
9.746488660019145543e-69
4.857445753268414069e-07
1.598782294663431088e-08
9.286242527611974817e-30
6.680371721553180945e-54
1.542184697995001037e-04
3.453101489627820978e-08
1.384915190323411248e-21
5.521069140365140631e-46
2.476596340451546900e-61
1.690050166801076923e-56
1.029871475692059634e-58
4.762555606072816125e-91
1.426329200300952796e-69
8.297588690807775786e-99
1.733149927799419530e-117
8.744759642013145434e-104
2.701464096190860228e-75
2.535990754054918236e-106
2.167973455923228549e-83
7.899180630694501904e-115
9.139479510725466022e-104
2.666666098976809289e-55
5.936868775779735278e-49
1.124386477621410209e-50
1.231168537298255399e-50
9.945102823719020408e-88
1.117335734722785495e-95
4.681086310727944511e-84
1.394131178572365586e-75
8.548182892721430993e-44
3.722498911231761558e-95
4.233444074913478810e-41
4.370232340484468247e-77
4.975243888543130388e-18
1.429347566440940029e-38
4.157791132859341796e-48
2.273895859385007399e-29
2.993520462183088455e-10
6.811020419998542310e-08
1.126383938939966074e-05
1.330971842109483109e-07
2.015087835162829664e-21
1.274873964284954417e-10
4.928979606890540876e-07
1.964541170144742818e-05
8.039591391311373077e-14
3.047214660209183545e-25
1.806383771916645795e-06
1.122916299975308247e-15
5.444836622422129823e-10
9.747662791614435378e-21
2.007007462907224032e-13
8.726126453561706998e-08
4.609669275934844901e-04
2.292552513481499100e-09
3.498983583171111168e-12
1.083887497293985148e-23
3.427435094736850467e-18
1.798739352529106102e-09
2.897275789417508277e-21
2.063265572386627931e-11
2.604294593571854992e-13
3.328338093849709652e-07
1.731391243926286340e-05
2.386384798309918874e-18
6.049702950503136231e-30
8.895642763553537531e-07
1.442138366472955533e-18
1.176094135993755363e-70
3.490925055005580402e-12
8.758635833407679367e-12
1.061854187410108579e-03
2.797309617266413107e-04
2.210722578918106859e-10
8.996708129548287912e-05
4.523661151724788235e-09
2.809595698161630564e-34
1.836006688499351163e-70
2.537383407631854073e-53
1.101220250135823550e-05
1.130822563327326381e-13
3.194900146956255815e-05
1.691086074751022316e-32
2.223538850174589852e-23
1.544416199126400615e-13
3.361270693527512444e-56
1.124154844996754971e-30
1.565290109788695068e-76
4.552597802226520859e-39
1.577783865734611637e-32
7.345511028204436698e-63
1.319360611216303745e-17
5.114652603128723200e-34
7.125193155604034966e-09
1.019043688597928174e-17
3.225402022168783961e-22
1.220277650674735862e-08
3.314497366621871037e-12
2.552796729881928440e-21
4.713203257325211254e-16
8.350313523011503399e-34
2.459079793408581687e-34
1.144644887199690314e-39
2.937935872641003168e-24
1.486022240562743964e-31
2.545094019434020735e-36
1.359465861096426952e-18
8.597090996695550209e-31
8.902114747350121505e-39
1.067152133599245930e-29
4.030541442353570224e-38
1.079442492351920432e-38
2.699008503440057592e-66
1.045995042165586311e-36
2.521894957775756711e-54
2.110380388137388775e-42
1.459616410564879222e-40
2.110160611126699681e-45
1.450492778665268445e-31
8.922869348974090791e-26
1.467747185241138471e-18
5.796775948970000851e-21
1.196693087604312766e-46
1.076362739018487465e-19
1.385772489617241050e-25
1.489833360371689664e-19
4.253669143839036621e-29
1.987788648944882265e-26
6.631898382960462134e-07
6.190009810907412824e-55
2.413889136655644468e-20
3.135238380337131344e-32
1.028986586365155230e-24
2.016306583629927642e-18
1.282920068859602919e-22
2.630996097442909455e-19
3.102506863226420333e-06
6.550380553555453977e-14
8.717996958249521218e-16
1.943023053519432958e-20
9.996895964098978914e-31
1.080767261666619218e-21
1.642789373902166409e-22
2.086165649211690637e-15
9.299084731551423369e-36
1.593539436959959857e-35
5.905913795101106192e-23
3.016308431506865324e-15
2.243473231166535708e-19
1.989813092721461414e-32
1.798237579815064637e-34
2.266805680761401285e-15
1.035511439665670370e-15
5.660537978434321489e-22
1.590556890363719601e-24
4.944758644082941333e-38
1.162569668493373593e-54
2.757796058458935605e-41
1.352890649035195091e-20
1.270943546551894151e-28
2.197490456975532675e-63
7.082629413458554945e-35
7.770349330151390147e-26
3.311607378242676427e-53
2.857589944431882070e-38
7.317649720603764294e-40
4.236481910783294915e-13
3.951624937986615654e-20
5.232144243891942189e-14
2.005635303081774556e-09
3.232365875013430117e-16
1.758639538817152533e-23
2.609668095666656753e-47
2.483526354869045975e-29
1.565520002208462497e-07
9.941552805592722489e-37
3.374708755810027548e-29
1.244639804183242638e-16
1.456404649902732308e-22
1.755147187490142092e-11
1.381065002744112877e-21
7.929527476145585708e-19
1.245129908340271773e-18
2.521024634673805567e-24
1.555955347157735832e-12
3.416515870894428548e-10
1.861579597564065720e-10
8.107298697405363079e-13
9.092793366399661299e-20
2.347324323887302364e-14
3.423334959544033412e-08
8.975231941285731035e-21
9.684463350006869035e-07
1.860318750209910323e-10
3.253061796164335892e-05
4.840647421989809757e-10
1.031692465254655381e-14
9.353482191388127716e-05
4.286959649758257551e-05
2.089323634898474473e-16
1.715642182139700334e-14
6.093723590330444500e-12
6.166080424842049864e-09
2.149162014875353180e-17
1.587074067387904989e-17
8.098448058582847894e-23
1.731169755231804755e-26
1.156097392622039350e-23
3.396726950063789181e-41
5.084140038676841342e-36
3.531116790772932209e-70
3.698552619665364129e-12
1.087367396021507888e-23
1.248131609554404231e-51
1.465249930994302786e-59
5.911502556419054227e-51
1.210105468758319653e-67
3.354659840537548872e-69
5.511692597756470614e-65
5.553738523155341287e-79
1.740920540112670123e-60
1.523946751740102078e-73
1.930735340086279896e-40
6.902367787084082615e-53
1.144066218505023387e-39
2.255784841169949858e-34
7.257299320349279071e-75
5.692953054688941298e-69
5.879421206806142573e-17
7.668287600416527063e-09
5.139206270838841577e-15
4.053503537391290117e-11
7.617096054851931511e-11
7.582394680127012594e-32
1.142268621398107650e-21
1.425876665845211821e-15
4.353452633287384928e-21
1.192890507749093281e-10
3.505580113941514378e-08
3.386624949366920630e-40
2.464818967396981308e-31
1.500700442771451578e-23
3.457498929904620735e-25
6.989759427429110900e-17
6.352949284995629311e-44
6.897477893622615088e-35
2.903304641578377251e-35
4.116591840975072105e-17
2.256543851314907273e-29
5.104138059305819841e-13
3.808708954384828927e-42
7.277195182568310863e-35
2.214916606263846606e-14
1.560565895013791813e-47
1.721539204895228249e-56
4.918392272909730801e-82
1.461221102486007337e-67
5.562018116973482156e-27
1.431597529680943051e-27
5.298414306658960126e-54
4.217094622688794158e-22
2.582206717481675670e-28
9.473385694496135142e-08
1.519592782089909000e-100
2.450509795080814015e-60
1.635238026423271259e-36
6.422584721371591160e-50
4.836952056503095281e-83
6.244397010356192687e-65
1.459943515683984951e-71
2.748958024466681615e-76
3.596311361793956075e-101
1.940485443539726202e-84
4.568426924628112373e-79
3.201965000119767097e-90
2.563184624383378510e-52
1.054482462067433134e-81
1.043653273052584966e-47
1.927042533090154782e-25
1.213306152746469234e-61
1.891610184644734767e-54
6.056419432614981967e-28
5.265081017508278959e-20
1.045912943751358599e-28
1.001568600211309158e-89
8.729032770241513883e-79
9.019289448208487899e-68
8.880245093130647265e-89
3.471914900179846069e-78
3.676096380234225717e-59
5.886342545646177999e-72
2.002964108000438751e-72
8.209024801745119343e-14
4.850332510912683950e-10
2.898350405471011135e-19
3.069347773619377561e-30
4.376648388852376630e-31
9.500176061822164414e-51
2.022842301247174951e-11
2.959193322468189987e-23
1.852512611494454115e-15
9.837265844887399338e-15
1.463733793305413629e-05
3.112555580357900846e-13
4.993111724669127826e-08
1.034953867130994371e-05
1.232647143830545572e-08
1.437172672886863850e-15
3.517575114965630427e-18
3.603002592023912956e-32
1.971534122871563158e-16
3.796528744752280844e-08
6.626775220954528809e-26
2.654235017428677483e-37
9.958515282558867575e-14
1.109772102189115721e-13
1.099059481130125724e-13
1.119172525804155035e-19
3.610588070223600017e-05
1.396777810498254738e-08
1.997249921863618793e-04
1.008165184777967766e-10
2.703769312834586237e-07
8.598564121387725339e-05
6.695538890694145836e-04
1.744772181453901829e-04
9.716806246704076949e-07
4.481851306512262669e-10
2.919962112285210857e-08
3.608306223397036165e-06
6.496167325898445218e-14
7.056696394097856660e-12
2.873297873080033642e-53
2.359118747098280843e-10
1.794705783417090522e-06
7.635139373327776195e-24
1.315658229360656936e-12
9.741819708180186596e-11
4.761566534178095305e-17
1.500992497152843179e-06
8.995372898303097395e-05
1.358776524466120919e-18
9.546675656414164090e-05
5.902898124643933151e-04
8.933051252685043908e-04
5.057990057447548637e-07
8.896505809723186152e-04
1.483374685877912325e-09
1.695629940739170837e-08
3.534287263879991578e-08
2.530119904130676738e-04
1.231301995726282243e-05
1.135669889056327214e-03
9.954273723886046619e-04
1.278104806240544012e-04
5.401955566015798635e-04
1.545301911025250518e-09
4.017886571989178271e-04
9.133069942620110787e-07
1.872427975289336346e-04
3.469972683763162769e-08
4.017882004358991430e-04
6.701858329383708552e-07
3.131486956231637373e-06
1.319219672354026514e-04
3.617786051912275045e-06
9.444194123913010651e-04
1.339181082854173227e-04
1.670789356878563334e-05
1.000908217450453131e-04
5.693691035260004301e-08
1.820458804882893900e-08
7.877786121030053721e-04
4.834339592491964776e-04
9.274290983750367546e-04
1.188418366357691259e-03
1.069109837433255498e-03
3.757548220650893485e-04
8.680528938769829740e-04
1.125201175407444798e-03
3.763119496090629999e-07
8.605518963524604438e-04
9.246250728165496561e-04
1.806486730537419129e-04
6.585913426433619633e-04
1.160349150637552101e-03
3.239429112764431581e-12
6.967518719088577330e-04
1.033419624081812968e-03
1.203483880441691758e-03
9.490437861300303219e-04
1.237551435769538980e-04
4.633891266487129789e-04
9.576781754393877367e-04
5.250269153552030772e-05
1.279642251131976513e-05
4.645955649756259621e-07
9.902451550250660480e-10
2.512143394274304821e-04
1.101938398939572572e-03
1.023171674972117497e-03
9.997708357583137695e-04
1.515474678953404239e-04
1.116871305865374769e-04
2.695250016574042540e-04
1.084715786006646256e-03
4.713712673570411796e-05
1.002706459895475345e-03
2.374068310133798916e-04
1.120555936246224720e-03
2.886680741824416479e-06
3.554261051493168202e-04
1.299858661132632725e-04
1.132172679263553474e-03
5.000279925150021530e-08
3.285248612606572619e-04
6.111701634802089349e-04
1.062687750705315523e-04
1.030872036273009070e-03
9.942644711855772293e-04
4.215359480282536192e-04
1.028030438727538763e-03
7.398954362410443424e-06
4.464752074240043475e-05
8.255750241011880009e-04
1.059391612645260499e-03
4.338576531923776856e-04
7.020416117343637220e-04
1.008646614578928308e-03
2.859806074895880759e-05
1.731428654591798163e-04
3.239185731481981976e-04
6.337960733630927830e-04
1.126560846393952946e-03
6.509103412131081057e-06
1.073368295815240250e-03
5.857406289178125387e-06
1.878300051738185723e-07
9.397979844463150764e-04
2.508905687877454509e-04
2.261335249577786543e-05
7.050834594582532479e-04
3.096030726742772239e-04
2.542299347371264817e-04
2.301088219586539451e-09
2.174472578375934672e-08
8.807023315106980545e-10
3.102286305889648563e-06
4.485455308339148351e-06
1.350085304914963519e-28
1.892774515985951745e-06
7.606659322213998017e-11
1.048194358849317617e-10
6.356483714949731502e-06
1.908711999219393643e-04
7.152238622697703349e-05
4.778526612079605270e-04
3.023925351527790933e-04
8.378661978618952072e-05
3.275244339297723440e-23
1.109206979723743435e-04
1.167488052823318934e-05
9.629995478597529798e-04
9.863396769074894016e-04
4.932623054515199341e-04
5.545611416632464192e-04
4.666157509927591269e-05
1.357660193592876325e-06
4.652683989828873014e-05
4.787199976929331097e-06
4.341029563457432777e-04
2.149205774599184063e-04
1.023171694000396884e-03
2.670802814311187497e-04
2.556089944290048017e-10
1.136635047034320546e-04
3.853748040009675416e-04
1.157237689396872901e-03
3.293318081591410976e-04
6.946567136561686772e-05
6.992448068210671754e-07
1.116841620704003639e-05
4.965482358574205351e-08
4.321976638820472998e-06
6.243782591916360369e-07
3.957913358804914215e-08
3.707505790037774721e-04
1.784717977784868699e-06
5.406409604023593391e-05
2.872093901119003852e-05
7.320159654326743740e-04
4.748744916529528000e-04
7.585009291779271513e-04
1.213715588484827902e-03
1.218829222778584692e-03
1.017517810273717597e-03
3.964846859253088013e-04
1.136371284726306720e-03
3.754820456419417853e-04
3.722910975742180369e-04
1.171346121275052476e-03
8.860242223215354348e-04
5.033348312239049492e-04
6.039716082697685600e-04
2.741925801213425449e-04
3.180367303729959719e-04
1.115247243555759094e-03
1.939860634316609340e-04
9.778788835886697515e-06
3.674758897213601457e-04
4.230736919579931757e-04
4.693009896174150019e-04
6.765546993146925262e-04
1.118875833294694176e-03
1.050547572998928670e-03
5.563541540722681194e-07
2.206897139649992894e-08
6.861298652762729540e-10
7.477227086496182965e-04
4.736697071048353723e-04
5.260586203637124779e-04
8.191938875032097733e-04
7.451558584494297633e-04
4.816837072101011388e-05
8.705564385170120678e-04
4.088522842805275255e-04
3.757435429897134922e-05
1.066602415425211853e-03
1.785192623296458673e-09
3.186612161120409999e-04
3.425630055111081643e-04
1.419501313418173672e-04
2.974705923389000801e-05
1.056737462758106025e-08
6.919313225935135126e-13
4.299025302865506240e-05
3.018332831010985942e-12
1.033762997237676768e-05
4.317978310839436667e-15
4.095789496176411203e-09
1.805270156530615295e-08
9.238934749658723461e-34
2.166780793597608296e-04
5.881238397419044760e-11
1.459329573276727440e-11
4.817809268822105618e-37
1.495643130631137807e-41
1.568928481122074569e-17
2.245044342371979003e-34
1.576494871644084273e-32
4.087252481124642719e-07
3.528455698213467550e-14
1.468518411837140241e-20
1.162622890669155359e-27
4.234032529342460039e-32
8.405794059309440383e-43
4.011870727315820347e-22
5.112266956255508145e-18
3.817974829187914414e-20
1.093401005386964865e-15
1.272497669863515032e-39
8.615908823985853461e-22
6.049944596493422233e-45
7.338931188768738570e-24
1.181122251447754365e-30
6.642998217009657883e-23
4.830169149769349062e-21
7.397533002774332768e-39
1.612651636617328687e-41
9.562396619833647330e-36
3.600890290093498110e-20
4.641318584980753458e-60
4.770930446522222290e-14
1.033727202908709522e-23
1.569677225513071379e-24
3.763521501478278589e-15
1.649510856216567311e-40
1.167073379298188191e-43
7.573783242551914290e-19
1.059844691663385202e-18
1.205353264548951281e-42
1.590521850674964422e-26
6.311087591352501802e-28
4.319254069636910585e-29
9.244361369033910186e-04
1.960754157113953152e-33
1.507921217012505956e-19
4.485650443166036754e-19
1.601032406813210316e-16
6.967223457518818743e-35
1.259594643666297168e-17
4.765270422836905055e-05
1.898088375994393823e-15
9.084485970533270922e-15
1.524204316391891864e-10
2.039592437052336061e-15
5.608116325950578468e-18
2.783060522198318446e-08
6.535162406828889162e-10
2.980263128210648210e-14
2.937200783008366990e-07
1.845012872048454344e-20
2.645463852985749739e-13
3.641140681945710471e-04
3.792162815232792061e-07
1.160420354270176271e-07
3.283376303215707590e-09
4.557290127651726274e-15
1.402331478607756441e-17
6.784591885447947728e-10
1.149848735782079543e-51
9.829618382927309404e-24
1.763687573185429913e-15
1.807536394861504763e-07
4.640348749482444170e-35
2.801655172563854816e-06
7.078552511927207920e-13
3.223974788669025135e-17
4.460176898952982585e-16
1.215407024486688497e-19
6.540775702910642123e-56
1.284678404306811412e-34
6.437670763049879205e-55
2.001656428316453266e-79
3.822812578594537622e-15
3.252177226398936870e-17
1.979442740729014907e-48
8.483972007814427118e-18
1.115553149017892606e-14
2.116134610887777315e-35
7.835926841280311546e-28
1.215526011829182346e-29
1.010505467184902482e-14
1.360616649514844344e-07
1.550602955508626169e-19
5.400633822466736847e-06
7.699680678327435885e-18
7.410212547840739083e-11
4.250376813638022969e-07
7.430618751189784896e-09
4.171909380811998702e-20
3.130141953374064876e-23
5.742571644917873796e-05
2.344623207687277425e-06
7.474153848125596102e-04
1.113844157251889024e-05
4.096157327796241263e-43
3.989151875673353519e-20
2.528059144845688414e-08
1.847511146157900156e-08
2.159824378507331348e-04
3.693569577502094954e-05
7.967868391149005827e-13
1.152634210658318300e-04
3.529136487207469521e-07
1.522700702470736709e-06
2.685044616855775459e-13
3.635798168533490756e-11
4.798402633033943365e-06
1.826981402468210647e-09
5.495412663426132728e-12
9.551009403729698797e-08
4.182935086758860009e-04
1.703195179945422558e-18
6.306111836343829789e-05
2.725391831881329244e-08
8.666986583042303027e-05
1.664885034504599243e-19
1.726403262686230211e-23
7.218541041338151847e-09
2.220270471481077635e-19
6.662443995129735657e-04
9.477033511363547042e-08
4.680036372423292828e-05
1.622719816981876393e-06
9.663686770185961407e-07
7.545256252329160799e-09
5.667210296935316079e-11
6.283671368540497895e-11
3.759448450963754519e-21
1.632738246845917339e-30
4.122256347586390484e-42
2.242201890089499729e-11
5.484138507266107357e-15
2.825896946591122409e-10
8.156170829009296072e-20
1.304240641024434906e-12
4.614158532527882832e-22
4.153725770511589978e-19
6.366251923740558755e-21
5.184664180794777640e-22
2.027682362909006795e-09
4.100538238354461747e-11
1.348609826339817344e-08
9.313867523600590249e-14
1.471984787919751925e-04
3.089077196648391932e-06
2.338295198088003448e-10
7.156149917364134798e-10
5.076779361122172883e-06
9.268958755827467963e-08
9.392376873602963864e-04
4.137222878295293416e-07
1.195351576255111880e-05
1.892563173571801843e-07
6.254538893108836314e-05
2.246526665308276045e-16
7.958164045749673698e-19
2.802220222991226097e-21
1.003929042539424604e-06
1.444505022671850761e-07
1.817878804574163819e-23
5.796671377708226515e-21
6.666582354085254862e-23
4.806702786256008464e-21
1.209658326075135642e-16
8.449710498041764441e-12
4.586852954214283349e-13
6.188239879583100936e-19
2.343114629940045997e-17
4.285781728706229054e-18
5.784213226650658846e-14
6.568422902122308741e-07
2.730728357362973850e-22
5.266830504075394899e-32
1.498500387869908106e-41
1.640335267840824339e-47
3.466245844871810523e-34
8.018668915290404767e-45
5.150942720402969943e-59
1.210849594303646432e-32
9.807085263448576536e-11
8.183381042800808237e-14
7.211159065316756640e-51
7.708800518861261742e-33
1.503369139987490304e-75
1.731486572724552200e-48
1.242050243940566282e-61
9.794257365834359418e-62
5.424930837319850188e-35
5.449597071582130992e-41
3.049431544210663632e-21
3.317061258231213050e-30
9.470867570100625084e-39
1.074519680654489135e-32
7.804128674499105214e-13
7.711316730070057000e-16
1.183598091758420982e-22
5.125883423377093566e-25
4.173984499245130818e-23
4.556683069991141252e-31
9.098475538263778597e-37
2.370639749349640318e-29
7.867757139675950238e-31
5.244608675428266469e-11
3.685049374392004892e-16
6.388782640894723035e-31
6.079202862826808337e-32
3.137096566266828254e-29
1.839665397738946529e-22
1.443749886475149047e-22
7.230343360233560235e-36
5.485893712307466070e-23
2.884514825213285130e-27
2.462173643120554340e-32
3.126803359068064980e-25
3.367877812874067514e-26
2.041554257767397590e-40
5.001940385042390441e-19
3.357811946771245682e-17
9.096851761079143281e-19
2.167544082420680001e-26
1.526645597997211864e-30
1.255435488779468468e-25
1.199995199854647385e-26
1.966585899415925585e-31
3.629396571473547683e-69
2.463122608185763986e-34
1.095303196508886845e-96
1.683574921903711969e-44
5.189662915078079547e-09
2.594150329623681684e-19
4.247307064705285504e-26
2.507863697052149810e-35
3.239246260908336129e-32
8.170240797417075432e-06
2.208016055835395183e-10
6.607783464286689041e-13
2.648555923206874002e-09
1.174494639968834213e-13
2.238099185864876002e-09
3.408165868093605291e-07
3.628364249172357733e-06
1.406454951057097554e-13
1.374799651576300355e-05
2.527756815147353890e-12
2.894632718247260736e-45
2.007554915042864899e-37
4.133281447351561376e-47
3.325500751238965140e-38
6.753255155293030174e-42
2.036286565779872520e-27
2.423541854422535611e-52
3.645722075063522756e-72
5.432492093688205578e-50
5.085914532424643560e-61
1.310566685568540210e-26
4.386696824587827031e-36
4.932283428547022865e-28
2.416866736793040904e-24
1.493975268468937282e-50
6.102290402175541614e-93
4.035157357913405540e-57
1.160673164676571161e-09
6.000119282274481465e-26
5.251241384132366202e-23
1.200934541303028166e-20
9.476119498337367889e-39
3.369311971738458898e-55
2.010533639054934852e-42
1.323167181793725137e-12
2.735363847886849328e-25
2.641883960983697292e-38
1.113721563898723219e-05
1.682747912566722669e-13
1.206013575771726007e-03
3.956316935590019666e-25
4.899234284049035343e-28
2.824744294863334464e-05
1.577414322778331146e-08
2.503358285946181453e-07
4.820870609371119314e-06
2.013658795335282238e-22
2.111209434800781713e-11
4.199580947518500122e-10
1.208466577373839107e-18
4.014346709121347866e-11
1.248062754738223597e-05
6.247674989542283311e-12
4.538557423940037886e-11
6.360981286116986703e-22
1.473859953178808900e-31
8.361439398287659041e-08
6.546423810279510869e-38
1.411394101513022097e-16
5.196226888504039246e-20
4.210405062965245015e-05
3.310803989665694307e-10
2.113421356338736790e-25
2.444997123377752647e-13
6.120231352990404818e-14
1.380106997044567404e-38
3.768253945322146531e-34
5.250757316604226591e-15
9.206648784655206994e-48
4.004903144127490298e-20
1.216687522175972291e-38
7.980224636517234106e-39
5.116717793296039140e-44
7.244439795560289423e-60
7.732720565882556636e-79
5.941613336227502979e-59
1.474027440011822418e-97
2.257844067523314795e-84
3.457466186065536205e-117
1.657789026193894262e-66
4.444722546852651752e-73
1.481241308389363709e-06
2.948224089004917466e-12
7.654662252680325671e-08
7.679664559595964781e-34
3.596576628360446962e-35
5.667210617408942434e-11
3.577176381480224994e-08
3.493859383593954094e-15
1.702823545317178725e-14
1.161456253597652298e-05
1.513503925646795977e-08
1.762711434618499243e-30
4.015349430120598291e-06
1.616636016494775575e-18
6.689685630393248355e-04
6.959860762197763440e-15
1.628147471788952001e-13
5.232187712815985456e-57
7.308342460956502679e-38
1.455508278875704252e-18
2.182716556916638484e-101
1.482974736901369384e-59
3.630754074061748952e-85
2.841736821623963698e-62
3.484737976283352357e-46
2.114974025088898349e-82
3.816825598400128838e-85
4.070873645185405661e-41
6.352003367374270371e-106
3.653838422073123428e-41
7.484201625055912853e-52
4.954987799604596039e-47
8.011473380309422457e-63
1.365029062510283904e-80
2.290731383160308056e-79
6.268484778407256299e-76
1.701068820690784871e-59
3.055756766542539018e-49
5.725841842860338841e-83
1.135627870815824459e-87
8.098649625185103057e-108
1.044995174506641333e-124
5.691670398720677350e-83
4.938721925169270073e-78
8.487928301178231477e-66
2.413400995211705033e-35
1.934014904946471553e-28
1.486230748191956657e-18
1.221902759390600911e-39
1.163426453054923083e-55
1.305043192445199438e-50
3.824698247551768588e-25
1.776759649600796697e-53
1.670795375810889128e-47
3.821374294468542873e-31
2.318814387188532355e-47
1.495758465537988555e-32
3.314901247156802251e-08
1.679799016543608573e-50
4.939143064748904841e-74
1.380788592399632093e-49
1.036747986226387365e-46
8.546620525582020523e-48
4.234518752801960453e-55
3.518429640659508798e-45
9.476851020904922295e-44
4.263863030987427339e-90
9.147755227081908695e-86
1.926933414336381328e-104
3.528865374534401688e-87
3.796262031207967739e-61
1.164381864226757926e-59
2.966880188825244928e-59
7.582745475443269699e-88
7.881966501052903577e-71
1.657771278564227251e-55
3.005074154400651832e-57
3.664707863768173763e-41
5.762230322163562419e-94
3.361600209644417715e-104
7.069585201570976672e-43
4.447637904689786968e-90
4.181707844153352260e-93
3.590007773503149540e-78
8.374049036756643904e-61
1.919218723983683067e-62
1.650307455419371685e-89
2.203095962071703486e-39
1.569040256535358390e-83
2.242645417516470503e-50
5.459046494799266292e-93
4.268148616609440844e-30
7.654516209523882373e-62
2.698311214195220728e-71
4.191309023573193483e-52
1.287214983588217063e-120
2.326663250457891233e-84
7.331951069512224532e-101
5.888522928672750991e-77
6.574762829275964879e-64
6.343189633460430958e-82
2.220131522281212480e-64
1.871297554999135177e-73
1.360864528250181132e-80
3.043930114071496852e-56
7.152410845358891503e-56
8.616105699820152445e-62
3.025454418638243685e-41
1.242091320130225922e-36
1.954162183699636445e-28
3.607080337568388386e-43
3.292427127428908122e-63
4.206675447213224038e-43
3.683220912974875153e-34
4.521334749091436922e-35
2.342859304696067994e-21
4.071804326393717933e-33
3.401069128058962652e-118
9.515563894118116639e-35
4.119348852439388741e-25
6.639677735806375675e-38
4.007926458996121489e-22
3.367844543422459838e-59
4.655748044318304940e-79
1.346128939881013905e-56
1.771322090018337918e-37
3.932663385630817146e-52
7.835105405976721304e-23
1.836614231253431572e-34
3.460018697994830841e-11
4.113086710932472703e-11
3.008839138096668540e-23
2.675831385894055865e-23
8.058883625808784789e-07
5.378955032258407255e-15
4.218234613573272369e-10
5.722374022378765307e-08
1.168478397167817979e-06
5.726928969918739236e-05
6.669167556340708916e-07
6.006473758749839546e-19
2.340456480348859046e-05
7.107703296184787819e-09
2.071294099707386917e-16
1.204029307654977727e-28
4.692191133488701390e-11
5.292281458280038120e-12
3.353976786894854620e-21
3.416459483172526965e-06
2.532465312228673546e-14
2.654371446127578051e-14
1.099088506799479469e-05
3.756993450648121373e-24
2.453247939861608783e-14
2.073330411692081779e-09
1.722952577924161184e-08
2.008138044476824736e-06
4.541874486208936227e-09
2.620397976187033983e-07
3.972644516216122587e-09
8.052253792247123194e-07
1.474876948702228001e-10
1.059987643310295542e-07
3.520135153653139475e-05
6.984460731455645386e-13
2.366632080541227194e-14
1.847972730358708055e-12
1.477611115958543805e-06
3.363457153951013090e-07
7.447091106381159272e-07
1.349926752808523642e-07
2.944776913510418917e-05
6.053359427802362364e-08
5.765219786311767789e-05
1.762983565311820399e-07
2.696299983752981428e-08
5.410855385201825953e-10
6.570725605310089474e-13
7.165911532750686954e-07
1.734035807465971943e-04
6.359516729966281493e-05
1.814520484277347525e-06
5.220335298006088549e-04
3.452313677420915951e-04
2.310037517451978419e-06
1.392950408764558935e-04
2.011901522240806611e-04
1.224992888157106285e-11
1.556889234400560414e-25
3.910118458593137823e-18
6.038374710869684962e-07
5.185643896851481027e-10
2.042522709561690230e-23
8.939087089526006223e-15
1.682504583844219391e-09
3.450238179746512908e-10
7.001589045764368878e-12
2.427433284723834497e-10
2.805151529037238843e-11
3.314787142648967707e-09
1.216091610680149381e-12
6.313676805202394960e-06
5.971681245773048957e-18
2.825924687168755785e-12
9.292701075136370553e-10
4.119008773398500340e-07
1.113152834600137763e-03
2.027561089670689646e-06
6.230295506169998988e-04
4.443648087945500946e-04
7.010452072191470017e-17
5.614622917070047951e-18
2.448904820793895183e-05
1.939436859838974496e-16
1.218647986951801584e-15
8.524450444197935217e-34
3.389932380515977213e-17
2.278891832997493705e-17
9.833427936835895181e-15
4.688875501838366034e-11
2.731363349512778334e-07
3.538917291540511064e-04
2.732011456264994546e-04
3.958321386407259485e-04
1.062324586849992770e-03
3.468244453771757016e-06
1.418763249991447921e-04
1.010673433528494264e-03
1.025834965718416250e-03
1.883477764356950935e-05
5.817815511328611015e-04
7.881946849857531055e-04
1.045633717459842644e-03
6.788860132064511964e-04
1.171105534865169275e-03
6.261288773422211365e-05
6.743829376698894963e-04
3.826911902555250379e-04
7.511218788004298810e-04
4.769768945231247300e-04
7.756380380588631521e-05
6.189487372882032786e-04
2.374361121121961234e-08
2.324531070926057085e-06
9.979200481616680267e-04
1.087822270265456290e-03
1.110029072930975502e-03
1.081376766943258401e-05
5.692098450254441948e-05
1.645166023974704969e-04
4.694262685679469469e-09
1.029337945384623197e-08
7.433810369608940081e-16
7.565934195705589997e-07
9.104563385481408274e-04
1.047441744834258373e-03
5.988356429996403844e-05
3.377890259752975927e-11
2.294056596280811329e-18
1.290606166542374363e-05
3.952952732862804886e-11
7.600536352623583154e-26
2.976759017583680460e-26
1.937572264594111685e-04
2.277231947189246232e-12
1.726570201005045440e-08
1.102340346215513151e-17
1.919630320912517049e-12
1.500198353882777816e-15
4.859626503598284770e-56
7.583302729339170949e-70
2.326992173065492943e-14
3.990339083662849754e-108
4.277278653166061887e-71
5.368724677160919342e-90
2.295907262587407097e-117
4.381420254716415644e-58
6.554061657947718095e-40
1.949903030566124488e-52
8.856604179763412665e-42
3.862921671749515436e-17
3.340067805730623672e-28
1.895094250999121812e-07
6.619328412723029857e-10
5.510452901705921057e-17
5.087916580150676873e-32
5.068617551696712194e-18
6.695508568401348729e-27
1.697094165518780118e-08
4.622456660058070912e-12
9.217500406874580181e-46
1.712776826972762069e-50
2.433599673950704879e-40
3.265066060009850511e-43
1.374288538549833645e-14
1.854642556000826414e-27
8.679034615220782665e-06
4.751840001102978926e-08
2.171445971247749083e-17
6.214534475519207243e-24
8.149413056661685943e-51
6.410582729850612970e-27
1.326736132662145133e-22
7.303412554398701751e-20
8.629003576136170244e-61
4.955646876491190691e-40
9.057080111938165363e-28
1.983953797489963675e-41
4.683602274705364333e-18
6.399491020391758462e-44
1.578485327763946105e-40
3.569454083083085951e-16
7.809037713050941834e-17
5.116541860801910790e-27
1.434136554579299295e-68
2.988821198142168770e-13
1.509294631861633947e-14
7.536201386879261058e-49
1.434002224868257394e-98
1.984145024662024461e-33
2.501520311912102654e-33
3.645279542418689900e-19
3.886658585496022037e-44
1.827478908996803194e-32
7.266246780528600583e-16
1.540390250250100288e-35
4.377943002460397787e-27
1.395841096477270594e-29
7.478340713705460948e-37
1.618806840887609510e-63
1.296460750435121300e-105
1.327742337668332356e-84
8.677723038239305306e-81
7.819510420068009025e-64
1.401006589220760643e-65
1.056888161422256770e-72
7.530464819204988992e-75
3.749537880202577214e-95
1.555455080183318469e-85
5.010683593088290644e-96
8.483131894059158160e-46
1.367459564130879540e-63
1.666304324255123207e-56
6.033045941889605099e-40
1.320127223199900875e-104
1.094104443149914829e-64
2.765244863848536105e-106
1.328381571002744118e-92
7.866091359506850402e-75
8.101646877680701402e-59
6.809635148606063300e-51
7.290248242326186573e-28
4.077579710190082979e-31
3.579892504499789406e-21
7.245990062870795574e-19
1.680266163150953435e-33
2.944036363522499913e-55
4.258168333444134993e-35
4.235802839413837098e-31
2.248583963294520642e-42
7.951797124792534237e-14
2.586021296305993752e-18
1.301295419710153597e-33
4.611799206974602908e-19
7.445324726724537791e-28
1.269488777494572196e-18
1.004343445946395921e-19
8.882958697434206360e-16
9.096567439881294124e-10
5.029227920528167489e-09
2.557666937096251463e-08
6.521351314695965548e-19
1.176807940623364700e-59
1.082221308043570325e-04
2.618556681185261198e-05
2.307242577070940476e-10
1.071895461573856381e-29
6.004258315356247616e-37
9.324630947929375151e-25
1.941836339295670664e-13
1.642371165847118247e-27
1.398261280178290337e-16
8.555324048511898605e-49
1.069392515177093703e-12
6.651471469623508242e-20
2.463834736723197022e-18
1.541330174813485425e-21
2.418018121820540432e-13
1.059979844586014845e-09
2.251285510367396955e-21
1.202730886982979497e-19
6.033193019144908853e-29
1.792006578896292951e-20
8.649804322294638053e-07
1.034311382640368498e-04
8.389557875903091028e-12
8.287701045795382454e-22
2.553192597281599351e-11
5.164222610676867794e-04
1.458183464939814345e-04
3.002905043762088620e-10
4.539537269709027002e-11
3.812320152396871483e-13
4.920017187221108462e-04
1.553561810971043200e-09
2.927592595237065820e-04
1.023696532512208939e-12
1.073485140348429529e-08
3.097786061970926398e-07
1.076624781880008264e-11
9.236341662787054864e-16
8.991593023414431463e-24
4.924573695022244418e-18
2.625570413533304187e-10
1.658963182278697109e-07
3.646571549768705484e-08
5.921540999124764712e-07
4.612846415769386403e-05
1.847601446840450946e-10
2.369596224619530405e-05
2.641072992965954677e-27
5.789025209476425533e-12
1.721136354219221076e-04
9.308858584072367636e-16
2.958751557955626170e-05
1.133374244221426862e-03
2.504740404600479115e-11
8.469167908223070152e-07
2.607061879831639772e-24
1.230047168174303793e-06
3.418781913315799846e-07
3.236801633408018703e-06
1.295495413767257774e-13
1.127017986399761982e-09
2.897780074318254057e-11
1.804016831549693846e-12
3.108188898833738250e-06
1.554025580358863611e-12
1.037078844426701394e-16
2.227870323715994872e-13
1.835138251522425638e-07
3.191130848555452442e-05
4.802736320775646685e-46
7.911513737610555434e-55
6.699345161509436344e-20
4.551463709096190121e-52
1.237877085382604006e-44
1.908657294209407788e-55
1.894957925408180069e-35
9.157268796048581070e-26
9.924306513468598959e-21
1.312814077137485216e-16
7.302399044545308387e-72
3.640217121454344617e-55
2.373049398575065598e-52
3.906636029583315574e-23
5.373612366832494083e-41
7.115144797549936602e-11
1.130041997335735842e-15
3.255159673202389606e-16
7.917827605779417423e-21
1.053112861548672242e-20
3.976548163340727678e-11
1.657790642779313861e-05
7.161077920348826731e-04
1.275541250642698318e-04
1.811138071539608146e-05
7.017238694345504131e-04
8.466941194649470984e-04
7.520109492717611368e-04
1.487849580600522214e-04
1.269574129170473487e-10
5.976749687219122518e-11
5.409938415779058088e-04
1.356537118441007028e-25
1.078541485729572238e-21
9.591197836609200576e-09
2.186947537881618418e-28
2.462113109283415799e-33
6.516773568199896383e-10
1.569033585401946141e-09
3.813488339671727002e-27
1.155957775052971100e-20
5.785849729991712850e-46
1.973006350168938442e-40
3.964026569051994631e-37
6.429050538042640624e-07
8.738386879352733941e-21
5.259295958589631474e-22
2.122744777932203661e-16
4.631906523942938809e-21
2.935418801900689609e-14
7.614033945134179437e-19
1.038641040184628227e-04
7.861235187166954271e-26
9.176870057816183015e-21
4.700036242937106282e-16
6.168924302901339106e-41
1.407981514836260103e-13
7.469974556581460895e-11
7.532689364005924411e-19
4.969300647583555539e-18
5.586399041359432316e-41
1.460988792119360806e-39
3.607359187717078703e-48
1.395035212496938600e-18
1.622252484542489505e-46
3.522306387531514873e-44
3.172383719383088895e-39
1.010517694222478441e-34
1.744748781069513815e-58
1.800853445897206176e-75
4.067795878482706724e-131
2.848943730108077499e-116
5.164021542924389342e-115
2.613490554792661325e-104
3.850948164377320740e-124
1.335387106260904313e-55
1.090118119739986260e-32
6.670128207110210098e-47
1.925816193411934300e-107
6.452095456172712748e-62
3.940487735384311979e-36
8.548648196859632916e-27
2.929501190302849361e-36
4.737439417611218010e-55
3.460362941225022451e-70
1.844144866065202059e-62
3.218936855640864676e-72
5.893164716399606241e-89
2.593435624104713216e-65
3.869176556336862986e-74
1.116640975798422384e-110
4.109708288038387118e-115
1.066839326585150191e-129
2.290808879780402891e-133
9.726680302943204878e-94
8.920622930181225713e-92
3.687953231681422580e-53
3.732987351626515641e-20
2.058908272309095733e-23
7.260030113312297481e-54
2.322988880845964910e-72
2.557544923149309621e-82
1.541554386730475851e-59
3.706592486612288855e-77
1.009397378768606817e-70
1.115080236666078458e-113
2.780307801750742843e-109
4.608187166980855189e-80
7.009164723985927472e-93
2.072836854020356002e-93
1.978775841912554231e-31
2.335630412192465372e-77
1.998398055323048739e-107
1.407756762820417995e-117
1.090702353706848073e-90
1.836099052046751374e-111
1.145204888786036302e-97
1.428757029350429173e-117
9.584354309896761739e-91
7.647973375734078132e-97
1.267164565390429056e-107
8.785982545685376392e-89
9.644483660150598912e-94
2.654810489968496955e-70
2.124716177837212279e-71
2.250544841069556812e-89
1.632086054132334049e-75
3.023424330560214401e-135
4.127849674224668612e-116
5.502882749494174759e-86
1.856229352543366186e-91
1.304920574701840158e-64
9.505540905603244400e-75
4.173095434810897175e-68
1.055601905749093215e-88
1.578341332266031145e-66
1.508038559217698092e-123
1.487341850965055351e-121
6.609512444171156101e-118
1.908975373629330588e-123
8.199344413061246783e-101
4.517876401370034032e-56
7.393070894252018018e-102
1.436582126336733453e-96
1.047691850970195389e-100
3.389958411623381504e-127
2.175859418573083733e-86
1.333273292016231086e-116
1.060841623384492518e-105
3.346460497653002955e-101
1.125367403003177881e-108
1.483031817825210987e-105
3.581778551241851677e-72
7.169456819390651767e-122
1.955387329574315884e-85
2.833134217059280301e-54
1.080018553748670659e-112
2.395195862972695836e-126
1.046748921082042855e-86
2.169509895428960430e-101
2.722730262554804689e-115
1.162813560864061562e-82
6.327848160520734635e-80
2.839271650930730028e-78
3.694585293494323533e-79
6.248995936003053330e-119
1.394414738070722250e-102
4.665034247253150249e-120
3.438844023548390275e-106
6.204263213857645487e-118
1.466606602458380650e-122
2.008895132124162141e-143
3.774425502208972131e-99
6.337274447587834948e-109
1.268217535182129297e-99
2.097484501705491616e-107
9.891696033852084291e-88
1.646526326368805885e-125
1.579414371130750514e-116
3.903901970314668511e-93
9.853972491760964360e-117
8.766932845626788776e-131
1.417079940398378459e-85
9.048292275716677224e-109
3.470018992491984612e-119
1.856908292856882120e-87
2.369371212791377710e-90
3.070924034576801092e-82
8.286108403510916814e-134
4.322536591539738049e-120
6.587111550716867237e-112
8.902823831389008828e-103
1.608586539989804179e-100
2.177397460198989125e-122
2.149007698958807233e-77
3.755497980339997175e-96
3.084850808810930102e-111
2.345399077465412137e-118
7.593447066314065363e-112
1.764309159779951642e-134
6.249372607243036083e-105
1.009122509998344523e-95
2.192772937039279701e-100
2.493168193916504570e-104
3.368154271486593433e-84
3.019172954567604374e-105
8.285420941054693849e-114
3.871537087927681104e-94
7.898209871743462899e-108
9.888434277927893869e-109
9.744741562643536479e-82
5.059504985208885838e-69
7.882582824533268123e-70
6.856120089696641619e-126
1.108772885228158902e-79
5.596235157621411049e-92
8.277378502276387386e-63
3.920530384787203996e-88
4.203341374893640703e-65
6.495422236291129208e-95
2.581126378691102685e-95
1.588923609070645548e-91
3.521547750635952056e-64
4.268714407386755729e-88
1.686983244860581851e-68
1.100970018313732644e-87
2.786369719987661645e-121
1.209146312171475446e-79
1.320468054468208198e-94
5.529568036074547029e-107
4.676736041418936686e-41
7.211564906471255319e-102
2.863051707704389373e-71
5.004556445402700980e-86
2.263069662703121577e-77
5.865794209381009185e-92
1.214129347834083136e-74
3.377008677356828233e-91
5.489896033657987331e-104
1.828268787767044871e-84
4.454615683524312295e-104
1.047231592670575136e-97
3.827962171287113938e-115
1.047121694534659997e-141
7.544171106642209969e-122
1.514939224699602078e-128
4.566985104667283827e-125
2.566910254253394599e-72
7.956365069439343537e-140
4.973412749313540207e-113
1.170968318849776478e-80
1.262605166545155598e-103
4.115518176496679034e-113
6.418839161666465956e-107
1.868382528935026969e-99
9.787131645367266115e-105
6.547215164179648430e-91
1.207334767194359221e-113
9.808685699390641161e-114
1.074028053554177091e-80
2.973770597796490472e-104
2.585424350652817535e-94
2.469620420555976057e-88
1.930411686186253197e-67
4.759005206061841357e-95
7.592084934287225167e-61
1.050604263720457666e-55
4.201049766007124959e-114
9.191842691404798495e-74
4.970693041211276950e-80
6.744901084564245862e-80
1.379304106360072186e-104
1.089262897665894691e-130
1.487481273932639429e-101
1.330966865380404096e-130
8.402019023512596756e-113
1.448721016888769351e-63
2.981209898063465862e-19
1.803784267322104352e-85
6.102763279680593172e-66
1.450125210458504093e-70
2.660338027605833933e-110
7.153489480279347434e-103
3.243144863310624198e-91
6.602377926485307843e-97
1.012885668965158699e-78
1.122545589104826869e-120
6.190955982963043810e-121
6.467080750082432640e-131
4.044112693488822695e-112
1.605119442904957456e-77
1.605398083593796210e-67
3.453033282076923521e-74
2.849893545592681512e-80
2.018347243915165285e-128
8.147835857595065249e-85
1.117231158006988238e-67
6.406390585400066417e-99
1.447775702557020228e-95
2.513757730359398348e-80
2.419137883109046869e-104
4.154894313096901006e-83
9.495539330115593380e-118
4.264859123398091732e-113
3.317321714290652202e-48
1.458758744121088503e-93
3.028451551724906178e-61
2.845926213370265535e-65
4.062571212333526138e-63
1.841691952971054002e-69
1.094288976444828041e-92
1.885400367399093218e-76
3.669505820250601799e-105
1.244902286223945034e-67
1.717724630685290351e-98
8.001655621499322788e-96
4.625558817704761927e-93
6.670755518601388042e-62
6.448426317009267360e-62
2.682766473042271026e-61
2.757329567734271403e-35
1.421904813461546281e-89
3.951682186941445371e-90
6.913435466978105802e-96
1.257953024019676036e-76
1.292312226575326092e-41
4.902220422610132839e-35
7.796838621888957278e-91
1.477998855995688769e-89
2.455775009165740443e-74
1.925925278790635320e-86
2.511440293034706662e-84
7.880415935535377177e-26
1.622947482799195976e-56
1.182761947473142589e-107
1.137088291074129062e-105
4.393353392022326940e-78
2.009812152427064639e-32
2.431178444013575222e-12
2.730882558572936253e-48
6.794840876773169252e-37
7.535740144237219579e-28
4.341141418512570525e-40
9.948223374674189407e-39
6.858826567133947734e-74
2.132768105049088327e-43
1.408722657276545504e-23
1.265287837363310440e-39
2.602987813068982290e-63
6.886167986866255704e-111
4.748002565792597303e-52
5.802405653113250067e-41
4.041998667417276963e-25
5.573386077970840598e-47
2.948063767554124726e-49
1.636245503680479937e-53
2.399436195862712825e-99
4.428785763837637148e-63
5.060465998682801728e-73
7.317286885356825282e-04
7.398834843153922515e-04
3.668177408780351214e-06
1.236963498582282334e-04
2.679721693006449027e-04
1.193524189862107008e-09
5.761659855355219161e-69
4.209616743362461474e-60
4.667632864034258135e-14
6.414540536228256508e-28
4.395718371971737114e-04
2.248882087835138530e-04
1.375808145236230743e-06
3.879900487726358361e-04
1.372168360187758370e-06
9.996403969139774699e-12
3.063231689225523199e-19
1.244712162453710148e-09
4.555349409762561578e-09
2.020195836475837679e-07
5.758226395453756733e-06
2.483989341578185436e-33
1.146391426821427110e-06
1.954676108590721893e-12
4.245213665312785916e-05
1.625901074903188236e-19
4.067973127377349753e-05
3.883654576178779982e-04
2.998573375663707171e-13
3.276120310162984349e-09
1.383954094547434589e-13
6.143236334333044567e-09
1.739777317243293398e-05
9.626061546276134536e-06
2.223462953453316350e-04
1.486926409618837398e-04
1.108539944322839699e-10
8.572353678706924774e-07
1.331854618601272506e-05
2.435050072598616984e-11
1.161384907398344945e-03
1.091983022651940962e-04
4.401565929247219161e-06
3.335520069985502638e-12
1.409745649338523245e-14
1.958551526388453634e-16
7.098799066661725338e-06
3.862647128741930710e-07
5.470157135663499762e-04
5.415930527266811382e-04
1.692985577775095278e-04
5.733480738868391614e-08
5.433822026073897074e-18
1.993475318811429231e-07
1.322362302294012463e-18
5.656220755246899360e-15
5.183764889156607486e-17
6.572234547260187210e-11
6.860869260721557630e-08
4.353583093516711575e-22
8.749265082160741265e-09
3.874615139485296756e-10
4.409676205028412213e-07
3.282681943546234275e-05
1.214594531527733446e-06
5.777455185614114002e-05
4.649963306970438649e-11
1.081174822319132505e-04
8.646597903104073937e-07
7.250547114261686682e-04
1.001859744277863642e-03
3.117952417073508359e-05
9.576001650084191207e-12
2.909152731671705196e-51
2.945863129075900962e-18
7.441887150599633312e-09
2.266809714117940425e-11
2.934271369567580753e-12
1.738887888673789653e-13
9.084979609745781199e-18
1.055733366693804374e-05
1.831254661587265211e-04
1.377244515291066776e-04
1.325939549755809377e-15
4.338263587869306831e-18
2.502197466047498503e-05
4.529394258749272641e-05
7.987159282135899922e-09
2.461314090367230415e-06
2.476306793709702210e-16
4.704789267553450486e-09
5.262290317998044878e-09
3.024096977877538590e-04
1.973799385543487095e-04
1.195760534426533548e-03
2.102803328029758727e-08
2.559203877769589547e-06
2.160082300188961227e-06
1.191139766478321914e-03
4.659895312077521430e-04
3.048060212274105643e-10
2.149364730654029483e-04
4.373440464855931449e-04
6.979719020323974822e-04
2.885296849262381370e-05
6.392495738498087544e-04
1.601456914139038449e-05
3.346682563756061982e-05
8.056450633951499733e-11
3.339801774693582168e-04
5.996706412723789041e-04
7.965156310508983038e-04
2.848086332757058424e-05
8.571969393713426040e-04
7.379725291758524848e-04
8.035415821907907581e-04
3.945455283249961085e-04
1.173983104912897785e-03
6.201173348422173364e-14
3.972500961344107412e-04
2.759732613901642829e-04
4.922537154634618760e-19
1.029224148342166700e-03
3.904991150720419804e-07
6.420669274149205463e-08
9.062400215503953627e-04
7.340205237789419268e-04
1.031263030046687505e-03
1.147369525689640986e-03
3.206599968794035677e-24
1.596388248005297468e-04
3.698275331224469166e-33
3.986363217398876658e-55
6.571535707957168977e-37
2.701891577299131792e-30
7.740508047400382661e-76
7.390786436834978346e-21
1.392567183725950120e-13
3.064671311120254188e-09
4.742776067570950224e-07
1.167667491262788595e-21
2.686683351869670859e-12
5.481525050489825681e-15
1.835718141345171607e-12
9.493515725032560210e-22
3.454551940572722111e-25
3.358066132248510369e-10
4.964033154218554372e-10
8.351031276792818102e-19
3.046749550606168745e-15
5.951415013059562796e-33
6.476799229135274291e-22
1.536253817220334001e-28
4.705582125902432265e-46
2.199856459166398731e-55
7.441077093615818961e-42
2.951883075947401422e-97
1.957673245009115360e-38
2.493009700462178418e-32
4.092327609845721848e-53
9.120412653046935899e-45
2.171050204430585212e-47
5.397436326169495808e-29
1.436426188304876638e-53
2.652339427707146757e-48
1.365952959391650204e-39
1.140708153340364546e-39
1.148063632395702431e-15
9.647271041695506607e-42
7.268911757033252347e-17
8.213698538347146077e-18
7.970233782839340402e-16
3.948927401032801675e-15
1.066479480103762672e-19
9.087111255328939792e-18
4.820747961630444865e-27
3.372859197264843770e-14
3.505730259220593058e-22
2.306495486860686570e-33
4.761563667467803444e-37
3.890074768158582971e-58
1.439684743875656325e-23
1.521579417865456079e-20
1.199957269816507721e-24
6.677804010483221831e-54
1.975266867538352393e-94
1.646415626184768833e-38
1.282249428087146108e-25
6.160437201330667889e-09
9.147885373674611182e-08
1.991963721610615347e-18
2.191784238686729218e-22
1.886916060379015382e-14
1.547706420623762405e-22
3.809452697374993646e-66
3.300379196000980129e-27
1.624753578908536652e-09
4.463583949183929276e-09
3.546617423107187523e-16
3.347837948519171910e-24
2.589496222597042304e-08
5.739962313099249366e-22
2.635243092999996746e-05
2.148365553785455268e-06
7.195340682782074978e-17
7.675228804188277707e-18
6.784381546459495846e-17
2.287372561526685722e-18
1.628603000872240116e-41
2.225541056188832804e-41
6.943836242011345535e-28
1.440746189562508769e-40
1.309745023522034287e-14
4.135418949348626572e-11
8.783165234050117016e-09
7.880008680649530600e-13
2.404629411369869510e-08
1.020098116612372951e-11
1.915385698743184687e-10
4.626052814098356929e-07
4.099746801007741756e-14
4.163423380578885530e-06
2.284193564814848242e-09
4.528957744136115807e-15
5.141383091724617351e-08
4.115315096397599314e-20
4.645568946681037661e-18
3.427877227604022444e-50
8.110772350003232055e-07
2.393405480698885518e-11
8.323237735956556398e-06
3.302062635548643876e-21
8.466253424414073699e-27
1.093317054990876031e-19
4.964610838530225953e-37
4.264726264673546538e-08
3.414455273436508700e-19
1.723504014353261142e-22
3.365269063795693665e-41
8.501717177336397220e-38
3.845198940689703414e-14
1.839724996572005031e-11
5.407142440970601771e-14
3.213722314191760426e-27
9.164770772929407907e-20
1.577974042880722210e-23
3.844036949633959196e-31
1.505329195949036839e-15
1.904732971125775165e-11
5.817087261551273400e-15
6.427373623702699085e-05
3.789800140819977766e-16
3.586356261620974244e-21
1.176991328764469287e-10
1.863455283057285730e-27
1.451754192302175582e-12
2.939646595141181670e-11
1.010205524544291355e-28
5.705167691548519357e-16
6.528900733563720434e-51
9.495357428186416769e-28
4.218899339107547637e-11
2.541217425610943218e-24
3.831333744319193664e-66
1.365199488249208709e-21
9.635473662381308317e-27
3.570594327112400520e-24
6.365940851717818926e-26
2.093948262629450308e-09
2.712532820454151977e-07
5.615866807483604181e-17
2.611815581575807527e-12
2.059133833870807793e-12
8.227178795205441241e-22
3.665403180013815470e-32
5.438712272812135642e-10
2.029602591068429574e-16
1.167808598854108277e-41
1.715992382512710082e-23
4.359569944726455112e-19
6.012088819317349408e-16
1.940916239690646246e-05
8.643887811714823478e-07
4.564171008648105195e-50
6.621438622195657619e-24
7.568421508249079206e-09
4.619705990475775436e-16
1.803453521119124740e-17
2.419542290107095948e-27
7.088806416543192031e-53
3.259025920818962838e-25
3.510682715491309074e-24
2.100033653874151472e-27
1.655146739042233988e-24
1.355601775767713573e-38
2.545385854280852555e-14
1.045693933810119747e-26
1.276605969595407428e-15
1.608856935713534081e-36
3.808570986977847910e-35
3.424983314733291643e-41
1.183673554949213001e-44
3.360453612554126071e-45
3.213216530454741734e-36
1.628722791330545308e-45
2.000851220459706774e-37
1.124896616862801535e-46
7.661083667688000912e-107
6.356250696317255438e-55
6.029488479368926876e-22
3.581605836619928203e-25
3.486678980153798853e-24
5.966772549047086627e-36
2.535380869209611091e-36
7.373094768852381252e-47
1.573215005062556598e-36
4.287476643495576884e-37
3.159318731342128227e-08
1.882571081758437166e-14
4.606314807703239344e-12
2.675294651978870256e-30
3.696514997986073549e-47
4.513869604627084385e-21
1.785714932136074954e-11
4.923831948173777006e-11
1.105677769640360857e-08
3.715748140697208475e-07
1.374644453396779301e-14
9.546723578375516297e-11
3.438245908492333530e-15
2.518340269957035424e-11
6.731258098639041170e-22
3.215087023236265414e-05
1.287487390887269953e-20
2.366526979227925820e-11
8.809644806861689824e-23
4.431561501022481901e-24
2.053895981352149147e-23
9.782867391927792572e-27
4.115643296460637768e-55
1.804215432938230562e-74
3.497356857213423057e-39
1.937141392572300543e-30
1.767320907406265920e-45
5.833128460981492291e-57
1.836401021481179640e-44
1.986584539989034394e-79
6.347228345967282210e-15
3.012850730563777371e-23
1.471025849728224047e-14
1.966251338803363714e-23
4.439739640723618699e-07
9.505727581633877382e-13
6.984151993222713547e-09
6.581435895730390270e-13
4.772129357108999317e-08
1.883749707950995148e-32
1.501491574823537896e-11
9.738436554209673074e-12
7.365534096465308470e-14
3.241619566250242585e-25
1.113939794995976070e-28
5.853833010210633812e-47
2.962263184038099591e-40
1.430967081565885481e-51
5.429374390750540532e-61
2.455710687894538887e-33
4.023111658825848797e-22
5.272060704916984681e-45
3.521909665204939359e-33
7.961748120654816267e-38
5.187058027028410142e-19
1.707655105283700711e-21
8.567067256586940926e-16
1.573461290068458769e-35
5.704183195205279274e-28
4.543745752977685386e-13
1.459310494956380788e-27
9.358363036733339509e-10
2.838653593851267190e-16
4.526399022099402804e-19
6.968711751358536877e-15
4.832344860133282708e-26
1.134694994674185576e-81
6.331576930479111714e-85
1.743367044173768401e-63
2.369380574406048894e-43
4.085319310541689005e-57
3.898466888984712564e-35
1.611770159905053812e-65
7.732637287047253791e-55
1.677230643766046780e-29
1.649164194510361891e-64
2.341583399557793574e-65
3.130220208888177362e-63
3.627165057034539679e-22
2.452389359285501875e-26
2.593844747490285201e-42
1.794862661095774242e-37
1.649501101815418543e-09
4.316262040278735217e-19
7.039597088532626953e-05
1.636431298336480209e-24
1.292052506497581213e-52
2.647847443145037366e-20
9.195897156690376149e-40
2.840055800701016097e-12
1.767408297409581895e-57
1.817402644236346962e-25
4.100471125848160078e-47
5.912467931712190870e-50
9.196282199311339795e-28
1.579172158989961074e-42
1.197578614011819422e-39
4.905192012572636713e-37
1.068804234902395638e-32
1.345813573739465432e-40
1.373029048430324990e-58
1.811345339242921224e-40
4.303243361154431585e-22
8.636347603931918152e-21
2.660319391853075049e-14
1.495305716665953766e-48
3.646963069019553109e-39
1.613959158078677321e-23
3.234817283790672732e-41
4.513063985780146521e-75
3.953955503637533956e-26
4.897071032326341003e-08
8.785069457446609460e-26
1.122109074744590915e-61
1.572490044712221458e-32
2.954439888928758031e-22
7.788940941605888262e-23
5.694061486647927001e-37
4.045150837434182555e-87
1.118943425230736650e-36
1.479884754209233170e-27
1.440384007345574474e-21
6.965741455577292131e-13
2.191488835703889414e-18
4.366488058928468824e-22
4.403734660925209185e-25
1.009631389500930987e-21
5.746977667225194484e-07
2.793346914596295417e-09
1.300516260807582549e-11
4.002819786118333352e-08
4.529139215763015684e-27
4.993544283330531152e-24
2.982513270293552799e-13
2.121127547510018681e-05
9.415970291226020172e-10
4.062882975100826846e-06
9.481789221755974547e-06
1.375464935493887406e-07
8.702438772928365193e-07
4.453349887819069926e-09
5.178287933677099472e-08
1.036519280520336219e-08
7.421693037610236277e-07
6.762564822848090619e-10
1.251335120879850629e-04
1.889802035406126265e-19
1.719152226883551944e-19
6.326345888740258179e-11
6.018269344814880207e-21
9.675271967645356933e-39
3.072920731316518041e-31
1.518796924265989588e-20
4.045208045301964271e-13
2.685790016218749046e-10
1.929170696381211995e-17
2.189570134931865369e-16
1.721298595779887746e-19
1.598703477729526183e-09
2.019226733080213342e-13
4.615040431637131819e-49
4.706548824302303152e-52
2.118811395833491674e-23
2.115133432866353017e-23
1.538507494434374207e-29
5.554361745351191994e-34
5.593012337471016229e-26
2.162027044673051719e-23
2.932381730152814572e-53
7.141914628917596177e-06
2.152310557325972255e-07
2.521194216063052551e-11
7.384488158345434237e-05
3.331602448566294072e-10
4.885607607976730025e-10
8.762730341345268499e-09
1.710263658273501948e-13
1.745816776313204553e-04
1.495651700185717013e-10
3.339907093955914695e-04
2.073062287579919161e-04
2.128460588309372277e-07
1.331603374799732262e-04
1.414866926183458531e-06
2.849737628864605319e-28
5.289176633672520966e-12
2.599006899200418611e-04
3.086466010024285279e-05
3.994411335145115258e-05
8.823423109414512468e-06
1.127380470369308599e-32
3.842440310653837068e-22
8.910922954834345511e-35
1.976492106937178449e-10
2.978778513224585541e-18
6.195082897375671765e-14
9.506275344424340514e-12
5.686503531460168300e-08
1.326051253151403126e-04
1.920040378383862504e-14
2.881297324382891655e-14
2.985912005648079661e-24
4.448390851343903571e-16
4.532831197627371990e-18
9.884200638646769954e-10
3.270696842540830581e-17
1.794612231142059648e-06
3.574196602388869604e-21
2.683202279517339817e-18
1.683475391165845062e-21
2.025461186709405714e-19
1.058654521593177483e-13
1.738869573559070724e-24
4.069839187389251995e-17
1.518667610904272228e-37
1.120197241766984478e-49
2.613434308718213061e-32
1.055843286761100591e-22
1.470651607376035947e-26
6.455180344760172415e-22
2.378405950663218838e-40
2.762309054421484477e-45
1.594282512318306388e-57
3.943689594904327785e-42
4.643467804761856830e-32
4.131647373110356439e-53
1.580801148295077094e-51
9.140928739451473904e-11
2.633212348114531337e-05
3.721702527211231212e-06
1.247493801045669385e-27
1.490440030871307530e-17
1.218379721897706480e-22
9.724244466519320470e-16
9.598718084663095505e-35
3.458292678382888094e-21
2.534690056461530441e-30
1.546133002524553020e-13
2.847143532160028941e-41
1.429667266046288767e-16
3.555551688406150415e-53
1.247319096085539818e-42
8.684754790244506047e-41
5.836512131211787325e-21
1.360212521443263590e-17
9.167877287948622327e-46
1.821211377164162299e-56
3.083515651023877957e-40
6.012784414765420990e-29
8.847642351765068385e-51
5.051996759169578629e-12
2.380579795669010351e-38
7.186552258650900903e-26
5.181080633358608889e-32
4.200770825610045006e-26
6.052417276344147436e-10
1.261242060912286825e-20
6.194077544445254744e-31
8.518812853896709004e-11
3.387623631209706787e-12
8.288267952026526045e-39
1.892656770970655240e-23
3.988832362978278122e-56
1.586664288264391855e-19
1.289125252410434440e-34
2.121605834095760285e-27
2.780728978376360247e-21
1.169213959820997010e-27
2.288022317329214246e-14
1.365134442766613643e-07
7.735874847992332958e-09
7.744006267999421096e-28
1.575549220161770987e-18
4.520503684354140935e-19
5.764253823035792990e-24
3.900056716882845531e-25
3.718492525761499076e-27
7.929749975667436818e-36
2.062421027534253116e-14
1.235224385451207484e-13
1.453722731898916241e-41
1.122476751294282878e-17
9.182280941663650196e-27
1.727323044544738531e-18
1.289629764185384173e-16
1.236407935268932231e-38
8.019549824271624427e-52
1.633521779952924090e-60
3.391772290989629525e-35
2.330642552783400819e-37
3.869734105103999067e-33
1.401736381422834502e-22
7.962498903332357060e-25
1.130172452685963069e-23
3.879283685057390966e-23
3.093409869082344865e-15
2.235185655414817763e-18
1.710651975591402018e-14
4.300628075779778186e-34
3.388967742231774650e-33
1.296250325667951707e-94
1.387138976773709330e-50
9.273944603065978667e-19
7.299465719402175673e-29
1.270804899837910498e-27
6.805381671584419882e-15
6.432062339283740551e-45
6.461849498242698158e-40
8.759664324097918940e-37
1.492024036219387524e-35
2.886945144226592424e-33
5.764007087015634734e-27
4.266139125346633713e-34
3.612512471358965596e-54
9.065645621057204151e-20
2.059871534040262635e-27
9.734670075078466829e-69
5.327137803345447019e-42
2.988566715288678032e-62
1.341991909749274968e-39
4.382632501587802263e-47
1.054873766514030568e-35
1.258348286943669964e-51
2.462126167116682985e-83
8.863641393404605426e-59
1.315483733888532036e-63
7.918791355878848145e-23
5.449871571045643814e-59
1.219086728048395509e-42
3.434419294472552393e-54
2.480442190867143211e-37
5.780532725524754902e-52
1.607438613800852810e-76
5.793283703201105157e-41
8.508914921178081208e-55
6.773482244388869035e-67
1.925149419612337637e-66
1.419730159831904309e-47
1.037661774901745783e-36
3.716714691891094517e-33
3.146202083350591645e-29
7.437546661308168678e-58
8.822973665707866988e-63
9.418622086238999601e-42
3.086557320588579350e-43
3.182387355252920012e-53
3.301025525927112703e-52
7.408126214231547878e-38
3.382238081752367468e-37
3.024788728146090587e-28
7.645773269644346587e-76
1.927389392667627038e-29
9.857705092771556003e-46
5.997048343851491228e-53
3.592694705879039577e-59
2.193774760718187967e-67
6.116241292135287265e-41
6.659437211214926543e-63
4.239510156816043462e-26
2.570821519184731161e-31
1.365191942544783309e-33
1.621729120383697994e-42
4.590274231858068675e-47
3.494581216790133762e-102
4.119648761943761194e-71
6.337008864132414578e-57
8.439956822289177228e-44
3.526513048818147515e-49
1.987458400776237440e-39
3.254045865812483334e-32
1.407099364182931651e-53
3.116200978529320850e-47
1.738095855911341777e-88
2.085822358681079519e-89
1.872081087566023756e-15
9.015895074618391025e-52
5.904727323413495155e-28
1.423294221968188785e-28
2.371985764970710572e-22
2.967078312419954251e-22
1.657986091821545605e-37
3.329242623587770022e-32
3.112832652553751234e-46
7.815484917126764565e-27
1.628468594616653562e-18
2.562752503550313930e-46
2.998262169641435262e-31
2.231268916361646814e-49
5.531712420994708766e-47
5.232911141786108371e-46
2.345185313813280208e-32
5.528473586302544873e-18
6.080926359731599727e-31
5.260489786646883491e-39
4.161820621215037796e-49
1.594710941272009167e-49
7.777242844888597718e-34
9.452843552953514036e-39
8.340250932408165720e-79
2.617222806199910783e-27
6.594316094578175371e-69
1.637416794637920577e-18
1.656156412143566315e-94
2.676971963177577657e-51
1.907826527877512597e-21
3.997991163114309702e-54
1.014250742007616002e-20
1.145634602606186713e-43
1.671550327041955832e-18
7.597225051358088229e-18
1.747951516876816402e-23
3.872910829560511042e-13
3.367015042851008529e-15
9.788429415834297927e-33
1.101321942569035138e-18
2.176605931028142148e-11
6.262989360619775199e-11
4.278378323209186664e-27
5.415192347259948580e-17
7.221242021542324739e-17
1.331684192033256673e-24
9.532668118774227108e-25
5.918489658889101657e-21
5.850058743339479571e-22
2.316459558000452470e-40
5.835604232485203787e-23
4.469479573784305869e-76
1.266379679195462723e-35
1.339731852188275376e-78
1.641391187138144466e-53
9.690942359574263251e-48
4.796247067506390983e-40
3.882012295862686145e-42
1.097535765444126519e-39
3.315425537000969552e-20
7.496496528072398698e-27
7.289567913687890905e-31
4.547904035728717440e-52
1.048436311350091598e-49
3.456254972530426433e-31
1.188865818807096972e-26
2.634175759902876600e-60
5.880959788208359713e-36
2.203007647598326587e-11
3.696990053705593080e-33
1.951579150363388941e-53
8.341958729585303343e-25
1.894138754452800141e-40
7.879065256070798656e-44
8.464866730314562800e-31
5.721796463898912614e-38
2.111058769601512935e-33
4.055071133802450423e-19
4.913199446257491566e-20
7.413195977916684590e-31
5.174996129858477808e-45
3.979797103249982129e-26
8.645753913562532139e-39
1.605131069145530728e-09
7.965253523835726412e-22
8.849384040939592603e-16
1.634081593569063876e-21
1.610990700071392377e-33
3.914958319276593959e-24
9.138638782006521802e-33
3.069843471196865518e-28
3.941841419862833398e-27
9.007364591630595663e-17
5.757661769435753275e-15
1.385584304292959688e-42
4.316521655973838215e-12
3.284575980006128456e-64
2.212544994119046594e-61
5.261665332278881458e-73
3.044125678790366324e-54
1.146810589505699021e-25
4.412412623938169429e-27
5.773421512497153227e-09
8.863132727945006709e-15
5.457639223393123678e-15
1.536546519166036522e-38
3.469122000018006181e-35
1.772716303176421882e-36
2.491648012978841192e-25
