NM1,NM2,NM3,RMSD
0.005907213634573915,-0.037423998077567494,-0.013720780669539506,1.4008726749033154
-0.0006444077040428003,-0.05717425197894603,0.05157087937387389,1.8545844870715191
0.04802837570379654,0.04467675172975777,-0.0734200071407328,2.5882837853892378
0.014765166111627901,-0.011447668817108585,0.05240494024400644,2.066908491008945
-0.020130560120213838,-0.12280555391649603,0.1051697501906092,3.835268694547981
-0.022968143365088144,-0.20938850943626885,-0.057997274014868885,3.8213034003654056
0.045874130264479326,-0.14777182324569982,0.16083963093670448,5.580943620907447
0.05984909193833198,0.052746382044770536,0.0011654657037377324,1.915121474400263
-0.02435231666927638,-0.1971506979357392,-0.025539235178863813,3.529442159254925
-0.003579510871954832,-0.0449977848601366,-0.06246485883291783,2.517540283246066
0.020160259782127002,-0.11429950299495793,-0.20635271093554441,5.114214531846748
-0.03674818629766343,-0.14396708620349283,-0.07395191722380047,3.4907843299407753
-0.02763644199645136,-0.18880751417735647,0.08648526918692963,4.349431241590983
-0.020732300733919993,-0.19491472320017394,-0.0070923658172561835,3.4401708032693095
0.006564392120564629,0.010828377052356392,0.06185107811213756,2.3335797402255545
-0.02871565520807678,-0.3464705417589032,-0.06521611152621175,6.266433117702151
-0.0073580482569475915,-0.15036457863644453,-0.08323031669079792,3.19361518151101
0.029472039724406627,-0.15562792419294608,-0.2619296445048334,6.505208392476672
-0.0018476514247816515,-0.006552269657925126,-0.0711508977688904,3.2028440961073636
0.007918492579627737,-0.02197162948492038,0.11235857285285605,3.608441480364756
0.045814811390860806,-0.14966906208576583,0.12865537355591697,4.895644447471307
-0.015670352672187023,-0.17330720923634818,0.27979988411008677,8.17039164180855
-0.005941971144801269,-0.09626499454273134,-0.02984337231774236,2.049453840959929
-0.020725002109294583,-0.13354970967142296,-0.07572503988344538,3.1633916199420526
0.1445456852122717,0.10872757423513857,-0.11803517795344844,4.798467758112749
-0.027639445001472494,-0.2696616206073178,0.14214818808520285,6.423241178842049
-0.08019193638419686,-0.14476893568484425,0.031018299260510394,3.369287619403427
0.0439765898819451,0.08775966342883185,0.1264521491512847,4.310729017013857
0.13210463517503515,0.16295867400884728,-0.002888691163932263,3.968389417456653
0.04660417999199296,-0.14622282006237752,-0.3304531222413614,8.400047538242033
0.033481456652576264,-0.10306113310312601,-0.21432448521382358,5.357249391719169
-0.029198097769358618,-0.19313097859153625,0.07388166053900203,4.394437136178562
-0.12109278585684773,-0.132632521826425,0.14411446718287946,5.025338824506368
0.07895525647338987,0.10151042122290173,0.12194654684524733,3.6433553697794037
-0.06791775872751289,-0.11683652472191963,0.027207017611127093,2.84519602661081
-0.016126228984615337,-0.19860350290878595,-0.13635981662124264,4.893362184593298
-0.0020836713138028978,-0.02302124993487625,-0.040823671942483264,2.3456067530383167
-0.0835481468782561,-0.16778162357394802,0.002465001073548835,3.600232789073014
0.010535912016897932,0.07440769344586783,0.11883694065923188,3.7473774946814116
-0.08884192938965892,-0.44416500401477904,0.16099999194951176,9.586075456463252
-0.11764927031970025,-0.1779454733095992,0.1915916905813416,6.105101027352809
0.04423517542572444,-0.09438131305477693,0.09847655979652717,3.954248554258194
0.011307102505615682,-0.2593857020570113,-0.20302907305257362,6.088712701332849
-0.023807848836999105,-0.38279306297237603,-0.1764926243591756,7.984197223447779
0.06964405483932198,0.16408437966253556,-0.2226530929492436,10.22201219863801
0.05835937072151733,0.14234053470925642,-0.2004994772998319,9.739254870527109
-0.1903133381028879,-0.2670202399302108,0.22655389481859536,7.915552621255306
0.036850671664241406,-0.059615347087032096,0.035672572433243496,2.42086179573722
0.09328813300991201,0.1380816828512814,0.08389688001437991,3.619674226550993
-0.061341312396196813,-0.023067974387565488,0.17211129938962696,4.953026665003275
-0.028306872534907178,-0.38632126143990503,-0.32004403232611145,9.886442627313372
0.03585584056835958,-0.06903958178209678,-0.22582217362201942,5.75797356935715
0.14350765720353853,0.1844115108594989,-0.05421918507817961,4.886696653826718
0.010108921188979542,-0.16999769337245083,-0.051049791388114774,3.317366955986621
-0.06524922487441544,-0.2835128690532005,-0.1865938260478825,6.911337413278855
-0.09856210921239501,-0.45992030600210165,0.17110400034548626,10.014113801343738
-0.12517401152021423,-0.34207682689705576,0.2766918138756117,9.230018955929296
-0.05991822544909567,-0.17744917287259998,0.1702341904221318,5.697617129764557
-0.25811743066746945,-0.3074469939568374,0.26177026456753477,9.640955158673892
0.025442207433817567,-0.2929618305488155,-0.3999475419360281,10.338688035132012
-0.02743655496674976,-0.2292342905681504,-0.10235749757616419,4.464331972571551
0.07238868969080087,0.08636440845309849,-0.13799106529178928,5.259061053775798
0.12078031411274896,0.0194587092206585,-0.06064851221875963,3.543964165997869
0.0056170776879779045,-0.03545065588955312,-0.04927489220599434,2.2285434529521475
0.05450045440696325,-0.023256914472393777,-0.02903672928129117,2.065481245408613
-0.03009813940614281,-0.08909236098096465,0.07018939894840671,2.9724549582818938
-0.11084601648418628,-0.4630916182954623,0.18330775272319424,10.128275326700193
-0.23583864218769734,-0.24677787156297695,0.21617217873841207,8.468054833662366
0.037673886941061774,-0.052982892513211484,3.790224399725033e-05,2.324761639365787
0.050463609701089505,0.1638529921695374,0.09256611262409867,4.122042373090737
0.09833039564948781,-0.1769895228810766,0.08780756395874134,6.104815784572278
-0.05636822176057406,-0.42397836303872233,-0.38716029655294004,11.789597359451548
0.05198485878304568,0.08043973811081416,-0.055732913400346494,3.1661568156620423
0.0020144953807654563,-0.0541903716598144,-0.055964372773954996,2.201594098298166
0.0063434748998831385,-0.17726660781486908,-0.1422245001927662,4.5371286707471175
0.02861207930342717,-0.10512763639181984,-0.17430371073289483,4.466423928878619
0.08498182672732633,0.20292696112808215,-0.195372485122071,10.409257956319019
0.07178511994743066,0.17224716766659895,-0.12520387362652538,7.3235465466006655
-0.01382267069956452,-0.0857727777675759,-0.24855867471069593,8.660865673808614
0.1410579314287724,0.11165517706598481,-0.20449932915518515,9.343271837875045
-0.32966509158114465,-0.32251467704630177,0.2586459102402683,10.78316505958263
0.13568411302139274,-0.2166739023604207,0.03631703153203576,5.991914533213485
-0.025046907546000835,-0.15479955298683437,0.2171210318888842,6.866128680018044
-0.02635448372954106,-0.26418349412018155,0.21023968763741951,7.245508853386326
0.03794999862943495,0.07934816262650068,-0.055178192685647956,2.9195502691535338
0.10789775690551405,0.03482348712465589,-0.09672229878983889,3.975325018218993
-0.026957622681440384,-0.05858638988985586,-0.022127857158970587,2.5108340329507413
0.03992391575279964,0.10167300375622615,0.1242012932833071,4.336259135040088
-0.02882940965016363,-0.36331633481240233,-0.22248918616250596,7.964914868011158
0.006137493144949713,-0.20005249135822942,-0.1392990705455064,4.6045283041715095
-0.11067836623206802,-0.466101417351174,0.19286849743411033,10.332664228425669
-0.023971336778127468,-0.08564340432079025,-0.27475300254170487,10.780923217647695
0.05246470188534819,0.09009213396952113,-0.28528299338565577,11.352587595269606
0.13404665509110422,0.10391858814650466,-0.23052815709133126,8.276669173367566
-0.07359287304166962,-0.4572831425889366,-0.4291565372188576,14.247889449405218
-0.023453040869472988,-0.351897230339231,-0.20556132567435775,7.561363601305914
-0.02541541094304196,-0.23628673346142523,-0.06737673743838542,4.535938076643098
0.13540963455300217,-0.27910306430496534,0.005448420722785624,7.225886376150466
0.048406010371203075,-0.21094472591548402,0.16940543934574023,7.109442061920811
-0.03308361122153462,-0.21064111540165006,0.16018441333411715,5.724083556514483
0.057012888767775965,0.161385112503161,0.07133127253855458,3.913551499627598
-0.029115061163679106,-0.04563722300993401,-0.05213672719005713,2.937319694700583
0.03535554777456269,0.00905359067438626,-0.027990150020648374,2.0985785759428093
-0.10542467109149073,-0.4568465982115745,0.17783333177315686,9.952889517005248
-0.24157104577411886,-0.2366016588020296,0.20704279704439368,8.180745541626239
-0.3220180579000961,-0.3164078223622383,0.3078073523916479,11.404492491676603
-0.22810480330925972,-0.22405657014633945,0.21342195843741624,7.868352200746122
0.03388360538050135,-0.15109209334352713,0.2239785570987879,7.257988791746423
-0.031696696549262895,-0.18058643385060894,0.0812764367270923,4.316308907584874
0.0633002472670178,0.044889911022939676,0.08555231357592843,3.192610858411202
-0.19092050026496582,-0.35425647189608345,0.09383771579545429,7.224218426365409
-0.2247649626238699,-0.34157061452970944,-0.026472850111269763,7.964619988778772
0.015631196601479894,-0.21956186231783767,-0.10681698053573825,4.5276874522795785
0.0424259426900257,-0.0032813965356600456,-0.16497528610442802,4.43026246607376
-0.0229081264826415,-0.04050422597145767,-0.020314859482827272,1.7665106842846943
-0.003133419828678704,0.1257467907767832,-0.03550791361583664,5.3527121593989575
0.11404102043986031,0.23590834996125365,-0.1395654556349781,8.89571983078705
0.054480394624696796,0.19404853830347374,-0.18360678744091555,10.96818894338212
-0.016162190148189086,-0.41724300709532436,-0.22509135469087527,9.213416462535017
-0.10128898193347746,-0.4483375389741034,-0.23313720389759504,10.24378968437919
-0.39241993221489496,-0.3522978533633782,0.3757644638714783,13.904782216020264
-0.22090083598666188,-0.30485105401475654,0.25357478762986724,9.225953843940268
-0.12137258487287375,-0.23567635709682772,0.32658267673306435,9.67293723595774
0.0030643832735146445,-0.22783979168791588,0.13163783065926468,5.557451721609577
-0.022508115740340322,-0.005384092196808206,-0.057019415946543466,2.7672240679461835
-0.27985278416621634,-0.41460427388643595,0.15408188012919305,9.410541339333525
0.06109844689025263,0.06396299192213338,0.10105298728776553,3.449765301092036
0.10981695629759612,-0.10204431246729592,-0.10241119477879182,3.6868067956160098
0.03123268024837643,0.2156415134398143,-0.032984078588290354,7.224993715606457
0.015963144837306088,0.11299740617546385,-0.11894525947767842,8.371511788391558
0.03923884229880061,0.0009939233595386997,-0.14509120461871258,4.192647305369327
0.08329665662022107,0.16312860622256306,-0.25640157614120085,12.765004791090186
0.09809122759974981,0.12925599215257877,-0.2299779151459971,10.567867740845628
-0.07947291875437577,-0.46247000759701795,-0.4324716220053169,13.69081825415151
-0.027650133051211206,-0.3611367642336915,-0.33686541859516145,9.504928902837145
-0.061648699407177855,-0.4121775976712829,-0.10284055240078085,7.792620555342704
-0.27762947703558494,-0.3198818600445441,0.2736475822912338,10.214595100338821
-0.15213216063798665,-0.29172437090038644,0.2222378570842715,8.214091884146553
-0.11853365295881729,-0.4482426996923354,0.2151291556070159,10.52853461629206
-0.18767424461143192,-0.26195285334881807,0.04763059391575276,6.078126589640329
0.10024660202180939,-0.12565676172828907,-0.11064024977910639,4.114716806924181
0.09818679293481404,-0.24500868340145843,0.062415567057727925,6.432401425648843
0.11465752435636921,-0.11329248859979865,0.05098182699372276,4.431563382466386
-0.04042164931708818,-0.25197736918133046,0.1438154793974077,6.173468347374599
0.030712036204876083,0.058240243059748176,0.1754251978772315,5.361375486907798
-0.032741264697930844,-0.22402161198384696,-0.32083994575088104,10.54811880024231
-0.026244758990161304,0.021294235814398314,-0.19476691208821495,10.187057484141244
0.029041086683309153,-0.01336220699056979,-0.13903010547999395,4.3201117336142865
0.04783908925905553,-0.07579982430514433,-0.24678430596116058,6.419011533003115
0.06358380510145943,0.07202289358983811,-0.30634353042969514,11.989490506511634
0.0703466494012583,0.11548024112376996,-0.20953464740298072,8.693001224369514
-0.06698761971040054,-0.4233333826982605,-0.4624873189086518,14.66085431274296
-0.03629070406858977,-0.43379075453028115,-0.28203078049292624,10.43976184329786
-0.0971343893471315,-0.5568493237377946,-0.2523923293366446,12.681324034581037
-0.013440490711233953,-0.26612016599957494,-0.3691436586165016,9.62319829765523
-0.10706178115132241,-0.470583086521675,-0.19667136980947705,10.128775649191123
0.09221032218300472,0.2475000662017565,-0.2065782023709018,11.966691848121757
0.053908304624564765,0.07442784702853389,-0.2993694772632587,11.76106741845948
0.02104882674570341,0.27580036858687806,-0.001229084124757233,9.321687617760437
-0.06263355844309382,-0.021797375176577392,-0.020917220019875015,2.685857049185515
0.13283219956621478,0.1483466686798259,-0.05657593648181368,4.395161032700805
-0.01594945436521744,-0.1057498862854859,-0.07217128684263856,3.0721609991845815
0.06812166287994664,-0.12151788534791719,-0.08772066329705236,3.5098069105971677
0.14072915974058914,0.044816362110577886,-0.18845757826661952,6.365029301285049
-0.08736770138129252,-0.22844929812784417,0.1587060953463741,5.7055252590396295
-0.3249881646600829,-0.23912250325478132,0.1360393282844318,9.054482906015492
-0.01963103612599662,-0.022571681197768645,0.1360754177120719,3.5144571052796962
0.13518465967869928,0.1172437727112282,0.007944758274722612,3.6832523527744825
0.047308826217522616,-0.25884040174796935,-0.09108318075185537,5.910800212854103
-0.07228777672039968,-0.38538639490371007,0.10697764942379533,7.8388562075362715
-0.22586920113771902,-0.35371392057638185,-0.12145711395066855,9.443923139090963
0.0465366253951047,0.1590022411988821,0.05831314952234997,3.6225998945513824
0.1669709796209046,-0.035172425124920324,0.04137799186922154,5.125175890619136
0.0008212779750481051,-0.265181636827569,0.21152473629167934,7.7162773111303435
-0.13104196024446124,-0.21550751308230168,0.06329386478827863,4.8469911505451755
-0.183027578345489,-0.22607554875216163,0.11552682209020818,6.4323336288127075
-0.14133502403353246,-0.4542966871040682,0.2590670004261301,11.261558951465126
-0.08022994168352848,-0.4559237108760414,0.071840245417975,9.387817168789967
-0.3048924167828277,-0.39597060066761386,0.06957640814241844,9.170758085402325
-0.3252849891928275,-0.2776092856903666,0.2355140721514158,10.149283909194997
-0.08234293035445948,-0.5059901012193141,-0.15298424243928233,10.582184782843912
-0.013945311924384599,-0.33892567972159077,-0.39939531723207455,11.087353353856663
-0.13708292626646332,-0.1738762729976091,-0.06133998861140363,5.606835678223962
-0.06046506574009591,-0.13770200166068805,-0.08948973432502735,4.056239424940439
-0.025023413648851436,-0.2804881528114244,-0.21852218716779873,7.034081103251363
0.0336073731700268,0.21516418760475656,-0.07723291274142877,9.151355024867204
0.03793152847431166,0.26329615179303706,0.024150513680833773,8.466626553398928
0.049473994950367,0.028009403781527668,-0.031819282889078496,2.511387943345386
0.04769503600017144,0.22435667202771137,-0.15567094261993253,10.922363944924241
0.09456468997153077,0.13208326027605996,-0.20758322698162823,9.908462600918782
-0.339935649869748,-0.5147722301711856,0.007576375665937708,11.462951875835302
-0.27323969931438574,-0.2958914730792523,0.2677604328862514,9.720791745343087
-0.24501781967475927,-0.47106766487110846,0.15196547015089806,9.532660084028603
-0.24429532354315195,-0.2807910513364306,0.15749445065144202,7.5707904085508355
-0.028462663591618104,0.008334143846855518,0.1071756839989119,3.091120504720291
-0.09925256079984178,-0.2594187472982452,0.2104137947865372,7.3372441332689675
0.08998869151683735,-0.13862029764051062,0.09520372750443357,5.0830020533018505
0.017276829012881755,-0.23408644639333478,0.06435500741640224,5.463398063602761
0.04117391899931493,-0.3258599028716383,-0.07138458956923946,7.105332240033923
-0.02928845716831066,-0.4429690881280242,-0.29426657740140094,10.869490587428064
-0.08989424570688027,-0.4409000648229264,-0.33770570155455976,11.764348112003844
-0.06655288840448341,-0.15614501069958361,-0.32863233319103824,13.917337556435497
0.06579300571198544,0.23872134412869994,-0.18154352859742692,11.262492004746377
0.08236719837027394,0.1294296277548586,-0.19284346844979275,9.57321557473672
-0.0016380473840640689,-0.024222019723177744,-0.11067943129023657,3.469800647695379
-0.015520896945546134,-0.02216123139348886,-0.050002563821329,2.7891479990021693
0.10168752596376945,0.2978655292574483,-0.061777257040559044,10.178057918656588
0.11137109317793634,0.11093000656856068,-0.109476728022312,5.300388273589107
-0.10723403886727786,-0.09977480589393987,-0.0779756716957725,6.220711666549588
-0.04473980915994756,-0.26701743968304625,-0.11977790811760698,5.647518256586418
-0.3025973487309645,-0.3279284008339703,0.42042292554441396,15.281041189077856
-0.19938787998733842,-0.30447843205154923,0.28800385067111567,9.647513522852396
-0.2831707369938787,-0.31368560152543523,0.2676489663269253,9.862043915741333
-0.19563756547660474,-0.38598322104494404,0.0857788296638893,7.682761799517014
-0.09832312543554578,-0.5283075433226594,0.14818025221145253,11.84496575021835
-0.08847168826733712,-0.22117612085185268,0.30614819402108345,8.988920664893755
-0.04543288667340902,-0.2695275645901105,0.12244944177538868,6.233852696194445
-0.21450881486881135,-0.161633253818356,0.09365535316648925,6.548919650209098
-0.03635414455679504,-0.01036100934786577,0.11227703449830284,3.2875611533717897
-0.03726019141956623,-0.07161004837160811,-0.12909819798010724,4.095147307651975
-0.14570924300621707,-0.4877843697254582,-0.3768636151916057,16.4601550692163
-0.1707458956489858,-0.5793886311240112,-0.2543444590163222,14.908489123136404
-0.02975826413870142,-0.3840772275785257,-0.20517338803568794,8.160547185954647
-0.03479378664788369,-0.2644243419306602,-0.116217638653286,5.4777765896224215
0.031121125107046604,-0.21850075676489264,-0.16457984807624548,5.408013849675807
-0.027729200797529687,0.04853175137065827,-0.04393896819005056,5.12481241104567
0.0011400653069624444,-0.028505221270431123,-0.1136501365772535,3.4631494227192516
0.0418251722821626,0.11803593533869068,-0.12881536667905222,6.061642188606199
0.11285076306587437,0.28989255180294987,-0.07830117773742236,10.082313161568157
0.09711822505312882,0.08748235066829853,-0.21269400485998663,10.821298060532289
-0.012977257620182009,-0.1132526712625528,-0.29581985672805566,11.641058253421997
-0.3920218132967223,-0.32863956604195066,0.37696094817013637,13.753787968397342
-0.1924245717230624,-0.31703764017801034,-0.1081732386285654,8.213813192574868
-0.34934496656273795,-0.4712902128848135,0.1043090734383789,10.749101138990925
-0.16243513646815166,-0.2376187561378103,0.061025852030499525,5.261421028154298
-0.10723095063893195,-0.2359448441330634,0.2070730741415083,7.226151657964957
-0.08704328587274217,-0.4265312806023382,0.305740213534744,12.379250248790575
-0.09650865280864164,-0.3607879362986577,0.21173710917004293,8.87625852832197
-0.02560484801419957,0.07724633807228289,0.11830044357386615,3.791436416946356
0.04154832471176329,0.056140839482321646,-0.04075038312320378,2.7069095499259905
-0.028832793207778585,0.0007948228204369967,0.0203320862717111,3.367348705094841
-0.02771541808253695,-0.39046037594171956,-0.19427916291072614,8.4180807438693
0.02919933896137647,-0.2288221420911703,-0.16239808450092189,5.479688655147155
-0.03373035823273313,-0.24268278506255728,-0.19715744732769042,6.7944115511474035
0.10499228856770053,-0.3211752435279149,0.02756282091343571,8.286217704852392
0.025859455233885963,-0.24089014411102205,0.06312042033989557,5.6118401806182785
0.06845683616521128,0.2274777279546365,-0.21860254752306663,12.752255147145531
-0.008524912958961685,-0.08978600430725985,-0.24719945542718777,9.593127326990027
0.11848550804709973,0.24906540279952605,-0.11950243040623085,8.906044304578643
0.11456633364153537,0.0009085827532101176,-0.3305175170238354,10.790083540656584
-0.010240101177409833,-0.3550588667533308,-0.477006515417652,13.46991713702809
-0.03565793712860429,-0.3745823211584583,-0.34753605546986976,10.909208331829333
-0.14417420160362895,-0.6025855520713832,-0.07919653428482948,14.393861340343921
-0.3390514271123742,-0.3421374857707577,0.4208465598102177,15.862068103707566
-0.20999237595518025,-0.3216292839434676,-0.09574035305016712,7.822913702068544
-0.1406759912118268,-0.006483489540329721,0.01043685147425148,4.340862268560824
0.015708203546756793,-0.04768230707355141,0.20285898283626336,6.062768949813842
0.07873649793170176,-0.08904349181985194,0.029920020536071405,3.5730072525092975
0.004139521487910486,0.11885667195116645,-0.03442527177597625,2.8325870096533787
-0.044189941647186794,-0.12607787342778048,-0.06977787055187157,3.3161665572190184
0.09652378048730338,-0.03523034858464763,-0.07995266482953521,3.3167727607692923
-0.380617188749412,-0.5784128167341888,0.1693699108945013,12.472921965929794
-0.32140946215569016,-0.3492475257676636,0.2964869437970693,11.018817720577958
-0.24147328968319587,-0.33603515077482066,0.36938214248813306,11.555065600279114
-0.26929250641150576,-0.39621812417199587,0.415579052477023,15.709959431113576
-0.02340067095131789,-0.34766011163172994,-0.07668467861844845,6.892394587739634
-0.010028481241660961,-0.25254025890646487,0.20506300511386166,6.862283478642828
-0.16296495027327684,-0.3028114209768968,0.1634333270616873,6.876907474434844
0.05293370467130723,0.15087241110653582,-0.18317114967465642,9.320165692906926
0.06450870376437381,0.08242398177241889,-0.2202765192567481,8.384559205399409
0.0859600663445361,0.23010573579449714,-0.07598912059287574,8.223164035229725
0.08471090943427458,0.13867234875622275,-0.216633587216402,9.35993762184222
-0.0251261538384099,-0.21966536086850744,-0.28719579874649687,9.901289478349211
0.009216194446099134,-0.2580669131528168,-0.3761725556488814,9.621335828689258
-0.08770039341069533,-0.46891871365213117,-0.46698792753136315,14.857574271282306
-0.028031837358122338,-0.38254298767293243,-0.20008239697399016,8.383323124177329
-0.07662049252772789,-0.5356916885427756,-0.07606200530662502,10.94369740603792
0.10788704101877461,-0.3013230469485118,-0.09785883841874503,7.6126033766585435
0.002820223544750658,-0.2510422589691712,0.06002581216220319,5.7861226526100555
-0.01329772298460334,-0.308848467601188,-0.2060086553243281,7.180806543872575
-0.001417691252189922,-0.03512546297905007,-0.11757497006889558,3.673323433311329
0.1431929295693975,0.20821583908716793,0.01175840959954026,4.490790673080805
0.09667365019072638,-0.01786451289554148,0.006923772881770505,3.5501072246760983
-0.06785666484864203,-0.177707765113615,-0.14502892050655547,5.120727461511235
-0.1657292352286794,-0.07214473651061698,0.00675763031649456,4.934762349613309
-0.15556783705681915,-0.009023807657381628,0.014941494138745971,4.345889821959976
-0.14742177211104698,-0.5624706293247307,0.13261459821329014,12.853083713801567
-0.06694247538745764,-0.4428866805313282,0.2734004757903613,11.870817223826228
-0.29085359198976873,-0.2913597338421149,0.29228584403633384,10.456138672139387
-0.2526969757184321,-0.33954223670407446,0.12147092346835672,8.127176607485747
-0.07221911870173318,-0.33661791543668673,0.17330779111911962,8.265644749938813
-0.07109512189596887,-0.20686370013736063,0.10011517318974063,4.580878369081974
0.037411344389158836,-0.010820063792038356,-0.19771396542455474,5.596785322204134
0.05481068101764034,0.11074528251544863,-0.14832835572502817,6.5278748407619
0.07412481847435036,0.2371520343157819,-0.0681386314760262,8.159712866907219
0.05660989404011218,0.22294558571001988,-0.1497177743426266,10.113021065599407
-0.061008303781038414,-0.16517823534825668,-0.3289248927743597,14.1570987303128
0.03906079408486472,-0.18086472286956673,-0.387142038780449,10.055333099694616
0.03836749367612101,-0.21235917649047548,-0.3258238986189381,8.030320045294722
-0.0550977746298279,-0.34230058641006555,-0.2530869366437544,8.825619484229511
-0.2862677875662692,-0.3525238775699862,0.3477050949233094,11.864167548864328
-0.2773183538498201,-0.3349900533623669,0.4093679691515639,13.240755557808399
-0.20565022912643305,-0.4596388588258704,0.28787787052283553,11.728595761963133
-0.2736787115047079,-0.38401144923487374,0.05461504399297421,8.578471177405282
-0.2146989588364106,-0.22799195595506,0.0622076549848123,6.431155094382538
-0.212710049102717,-0.2466517008812579,0.21527422429461757,8.057261077363126
0.08092548902505305,-0.21717760614962286,0.03150449003466478,5.429744673838309
0.08724663530114468,-0.3131315841258641,-0.10875125161953414,7.846172878933495
-0.1663278768406265,-0.39103598446695176,0.24186380624334788,9.946561063499695
-0.09193802598779066,-0.3395636615256034,0.2321615067345939,8.647012820680422
0.1369415059046443,-0.02862424904118868,0.07294290184822687,5.291080986384099
0.05454138746036056,0.03383028277307463,-0.12425412978281504,4.408608806837154
0.07578358003955027,0.019378444150825014,-0.18282456929022675,6.595224052548341
-0.1500579205603523,0.003143963577962781,-0.013705008507792167,5.040818146579832
-0.13248745474666976,-0.16627005848236365,-0.0730271002262951,5.827382787119743
0.10144441721382821,-0.00793320331862354,-0.013690675279936445,3.501959738251467
0.10270254401970337,-0.024372294269731615,-0.09591669143577403,3.5286967611070894
0.07243005519417817,0.20292832901095076,-0.16016254544158143,9.674027429927259
0.09958771086499693,-0.09398641982652221,-0.3876032148254689,10.75451502464994
-0.061916068567712326,-0.18177204835863908,-0.32667852223645766,14.339119067828056
-0.011818307911704374,-0.09064373360349155,-0.25239590446661364,9.625707273618307
-0.1043690301153047,-0.4740682022110258,-0.32882914896067594,12.432980750930694
-0.017064781796763056,-0.2660166843365704,-0.4472708915334405,12.162884133700423
-0.032338365404304494,-0.16626493393274225,-0.2415839965871034,6.7171335850938
-0.16409893340096193,-0.5470683285957016,-0.034374156051798055,10.99630435080653
-0.22545314537316005,-0.3653192177637201,0.20345495901348967,9.75561516758783
-0.30733984697974526,-0.3613406058710121,0.3736344570702153,12.938969454598915
-0.2706150807909993,-0.1977541214824302,0.17400684901797406,8.053628310036357
-0.2705708968920303,-0.32245707167411247,0.1620476026673036,8.483225452383794
-0.20124648324270086,-0.3970765339004017,0.18344875647152037,8.64798518157387
-0.030075396190137133,-0.37024998149311,0.2078692108141819,9.659698721327185
0.014589133520588039,-0.21036960508932387,0.14764267898998717,5.733582332642477
0.1349262012940252,-0.0259760709613019,0.07341735804747575,5.128340616132708
-0.06265947971746218,-0.4482965710689417,0.0203036592735493,9.646595673859851
0.01506517250031316,-0.377942940795014,0.2019183738244416,10.614218175487315
-0.09484310430843951,-0.4003028941673616,0.31472762771936563,11.382217384373172
0.036799959173183364,0.12565985217861875,-0.16627957926510298,8.033947887667543
0.07462299678924941,0.22179980445055675,-0.06998665695737369,7.8792105723249435
-0.12472949492871722,-0.0669757829598511,-0.1491518740467898,9.52813508555257
-0.0090401501828528,0.060135413324029795,-0.1570064278310782,8.680987118421452
0.02906921416668622,0.11741863894260597,0.04083289480935795,3.2074438788948503
-0.007663826680872921,0.06081541723656432,-0.05971300929729395,3.4425567269361665
0.10250271725605564,0.1838550672362683,-0.006120759358417226,4.228148809214803
-0.026296293380602787,-0.06978073311458616,-0.08459431584419516,3.380734600432543
-0.14997402634909937,-0.2475968665074068,-0.08383589614123961,6.114895004816385
-0.13372543216300392,-0.06493468127482123,-0.05889165109226786,4.731978996754774
-0.27390395138438306,-0.3707357116164064,-0.09648887750718257,9.651514534267063
-0.10718362451592414,-0.5155827004850756,-0.32710776003509573,13.987547956124265
0.0242966650979016,-0.24995920165158883,-0.38713534199031546,10.535040750408305
0.06514071411619261,-0.22507555521243652,-0.29834854958961965,8.14475700376394
0.030861309469106552,-0.34139979600026804,-0.10595871691187136,7.594680024832229
-0.41154519889141083,-0.30414957956403094,0.39729280872682327,14.943339423038195
-0.3570211247802291,-0.3864297574741818,0.23278666396496833,11.08852987269562
-0.03635462368033562,-0.2604912796580209,0.06617831730247269,5.273874867997507
-0.28100639667410726,-0.37869178533010706,0.035196403910958,8.669589332897411
-0.16364114020739393,-0.2499888263893852,-0.08480346710832724,6.299198661659249
-0.2251040620576368,-0.44700719862625876,0.3577158438706932,13.05579735611338
-0.3052796706103703,-0.4638441228132587,0.398727985350797,15.551688989570424
-0.21443157268140936,-0.41097677965430796,0.19412331486005172,9.051793960158843
-0.1705521636244857,-0.39405260945701986,0.34958200127426836,11.80876144727267
0.06670837304361044,0.08782052100945577,-0.2808568425121472,11.115086390395701
0.11552673808022235,0.15618308591786859,-0.11666375790922417,6.11221155180055
0.0749227755682857,0.23468335041480531,-0.05238922102054766,7.912327277541486
-9.32339161042665e-05,0.06054312357250124,-0.16449256969889822,8.883309876604192
-0.19908683084769235,-0.13594981971916067,0.04985984495333139,5.949868218084442
0.19376996635026617,-0.18320219589913578,-0.0463615962804184,6.433257537539492
-0.04774261863978507,-0.5345780648830399,-0.11352369020441698,10.154016191649584
0.019864492465886834,-0.3501527836075015,-0.09573766857297897,7.56419965215255
-0.04417697969341388,0.05837198649880323,-0.03850054801258253,3.210989746047046
0.027926849767708525,0.09546112648322407,-0.038739358208131985,2.6671420435447626
0.11439901488484341,-0.003751538593279285,-0.056330137172305846,3.3217853677279927
0.018966302319405035,-0.08826617563135687,0.17372865942515328,6.054189200125943
-0.019126124688597326,-0.06467951954530889,-0.06509455771319315,2.76841090799356
0.03136009812218967,-0.17362887845151756,0.09773291095344065,4.724078505015862
-0.1338137332925705,-0.5540076738378663,-0.25495893624438964,14.935066751701813
-0.12463900529140966,-0.5109997395681559,-0.2890331358504208,13.46161668006187
0.08633618523108712,-0.2142250174888987,-0.29545286416011995,7.855654419292892
0.03131969469761494,-0.2448176924966213,-0.3924844142206424,10.58175621968631
-0.22896696423496385,-0.44263053728422497,0.386203604880171,14.392892138365111
-0.29204595762490393,-0.294272788306793,0.2747368161352026,10.102789614010803
-0.3259910453199837,-0.47604896041570893,0.24103529310353267,11.385078391786685
-0.27953422896933355,-0.4509280848058359,0.3537371664322951,13.249944696611953
-0.02490488949693543,-0.34329209807744243,0.33257884406334853,12.652406832621026
-0.12641918737372979,-0.41463939392979143,0.32328828458862113,12.230277030658298
-0.11263344543418595,-0.3523476090160479,0.24295694299216886,8.931343730135142
0.0007947773213874131,-0.1019343234063399,0.16950311270940438,5.78946470649825
0.09441544245445468,-0.2452490134181306,-0.014761163047276628,5.798878055135287
-0.307815641046828,-0.6323108682088588,0.21420171311027447,16.408302268271584
-0.04400513696169925,-0.2775130805127675,-0.026540224156338242,5.308719308722769
-0.12812493646079282,-0.4703222219485749,-0.10272640876769777,9.455641751989715
0.04199117057475681,-0.39853758240735315,0.039651927422062236,10.424190845299657
-0.12355776280619865,-0.5152952335496865,-0.29393905560746125,13.634849782226372
0.04950564935817621,-0.13324274637713895,-0.3158272405292888,7.795411799109822
-0.04557238951272074,-0.3475144142121791,-0.18515914533264563,7.534780036460503
-0.09410600209201632,-0.4862649945069745,-0.473663568104615,15.220671677710119
-0.11222707740744207,-0.08959894485192849,-0.05914110143090334,4.890629588603129
-0.19824962955135894,-0.1262558276096752,0.05740125334489167,5.756302956384863
-0.35716107996545376,-0.5024623053583079,0.04800680810228734,11.118517769475535
-0.029575136020529386,-0.03473650788886458,0.062940964929403,2.150101215530608
-0.10079912417723053,-0.06261133676587913,0.037427006959777846,3.6067933177879943
-0.010631918092506375,0.058449631516170435,-0.02893237036802411,4.98584255211482
-0.05101267585944818,-0.14014603896690414,0.0036398659808634525,2.927431079779626
0.07396335671110796,0.21066872060576608,-0.13751700101608977,9.483325774618008
0.09731966526830481,0.10966357282010626,-0.1439621865698988,7.327917526865253
0.044119595965220616,0.2257686418129955,-0.21133429739040277,11.80866142263634
0.01783873199501597,-0.11178882058862934,-0.3530011763733342,12.127741630014915
-0.19017095606372517,-0.45403704632756897,0.4015588820121261,15.205307345530246
-0.005974100162830894,-0.32937206366191957,0.20870626003802092,8.713896040889386
-0.17952429307280013,-0.29155909683256026,0.25278198761358517,8.633780499598183
-0.0015817817516982945,-0.3134684006927587,0.3464864840397046,11.606130789401355
-0.12944307186862125,-0.4186412589130403,0.30283895005646955,11.840510180332993
-0.31447393114658556,-0.25939094381416533,0.3959641696998769,16.94012613246952
-0.3230590360478576,-0.4633846385888274,0.24358688109048685,11.289797171486672
-0.01663304548491108,-0.2037069888149857,-0.45315148965844365,13.201892376287196
-0.05673450106930718,-0.4287844610213296,-0.47789968511031766,13.562248334177168
-0.08292049162084807,-0.49382475107067686,-0.32203639305154724,12.01331000543712
0.04473979490960529,0.36484330344501953,0.1913344928443106,10.039614722912438
0.04695707202720014,0.1049054942022345,-0.12909969396703208,6.529568689399208
0.06347833632696936,0.17923237717425905,-0.03208968495664885,5.573135679785671
0.11850249877464039,0.16362027670143353,-0.06351042840168385,7.366123906259239
-0.01232051714435,-0.16320868843874656,-0.3162693576014192,10.50230566897044
0.06020312518928675,0.13375034880404435,-0.2506473804561876,12.093518960649295
-0.19429526211645828,-0.27308359677392213,0.06556786874898991,6.539942772836703
-0.2390781843936783,-0.1272777222017813,-0.03669407948586775,8.454183088972192
0.04383695904625191,0.13698515924362129,-0.04907332678676188,3.774680339473215
0.11335009284955987,0.009943041886366006,-0.03222628346421725,3.3860453422102252
0.024216833045395236,-0.07036413459722399,-0.01726573432399796,2.1723629855233955
0.02491438590495311,-0.19000014583045924,0.030895943934936086,4.3130853127289015
0.002014464151985164,-0.07639760424648907,0.2185615824415736,6.522749042035756
0.19270573096477805,-0.16003326034791288,-0.15957359779588012,6.681790885214895
-0.11147949827351093,-0.3534024909219998,0.1073594025138807,7.0791286024256035
-0.021835910617484276,-0.46199885399581025,-0.24298769614397261,10.353723813350399
-0.033792705739771785,-0.36359214939472223,-0.17098880782822326,7.625361528662842
-0.13218523326076798,-0.47189398154515205,-0.0883736218536289,9.333040188925441
-0.13129681371002577,-0.5594737994376565,0.18572057663606636,13.057683764278059
-0.16410532766454944,-0.60002322481821,0.0209340280984173,12.568875348033021
-0.16158753952028515,-0.4836437582822538,0.31827553424178895,12.93486000861918
-0.18387505305746,-0.47492416891307265,0.22329228113243116,10.548257836092697
-0.2037810263570894,-0.39436131519317286,0.37605121596646846,12.197258868098853
-0.12772393581514516,-0.34485639694531944,0.3920409968828005,13.567770111916358
-0.39487318650415243,-0.3042860520594788,0.4091569883379655,15.524373837685477
-0.2750005425207717,-0.37305223182584496,0.3251635626183186,11.286609196741383
-0.33366611844491734,-0.4620544288774909,0.22629734379148544,11.100160077193937
-0.12896618179057567,-0.5676439798752038,-0.1333592860989146,14.06983084013144
-0.09541123573905687,-0.47802733666446906,-0.22922293846889907,10.862565628236231
0.014263583712255806,-0.3411049555071014,-0.2573241693268219,8.25619459800106
-0.193096017297527,-0.40633776925690207,-0.36286302614432553,16.35917491746623
-0.08512528573628549,-0.3283001480444615,-0.3123295768276769,10.250014449650054
0.005041286422210575,-0.055018249537900625,-0.279035218593116,11.883946659992322
0.09079465666657217,0.09525892034193263,-0.25817740877244166,11.355754361305234
0.022446047485585752,-0.04784383606626216,-0.24337843788926516,8.391039701878215
0.037641586723490376,-0.15043102393440416,-0.29545895876480066,7.554779130109761
0.01782021028984958,0.19509628140544777,-0.0749741614156884,8.949096807767276
0.11002239816318166,0.14207976865538285,-0.12408908313073647,5.70474388306201
-0.0289130333166007,-0.07613414168690096,-0.2124303567995313,7.517323715168044
0.11438643918026312,-0.10106445473712981,0.1674187172663904,6.560501902751858
0.01011826746303916,-0.12591024314938717,0.06837809927817365,3.616383940097942
-0.09997668635546494,-0.15490738772009544,0.06842472778230914,3.822469250710752
0.030228274964336502,0.13384428731621412,-0.035964452155921145,3.547798145718241
-0.021057588143920974,-0.29269164148556986,0.12973896385039158,7.4517870246921145
0.09780689610395867,-0.17765093419908112,-0.11865231538321892,5.28238211664124
-0.07728189187745532,-0.4347604147632114,0.03021424440019575,9.142512379607236
0.17355830469034167,-0.23179479842052447,0.2333274477902395,11.752067626832396
-0.1968347089211956,-0.12477592421399118,0.05133343993553285,5.644503580268779
-0.10281412723146481,-0.07528493934094391,-0.13712191380766778,9.676971428890246
-0.41867856097593104,-0.5548289335877655,0.1303256743767412,12.54592434923621
-0.036116059432898015,-0.3501879652837186,0.31862536644355033,12.437368578972457
-0.0778367155589717,-0.42442847047115134,0.23598018420994032,10.6633309897043
-0.2742162222449506,-0.44399866313165054,0.3589654654962239,13.29211979551443
-0.1269757166115555,-0.3542947142266006,0.36453184949378176,13.114387805502558
-0.3224967828190852,-0.30145267077642446,0.2988854944100984,11.04115652827136
-0.31007132130479337,-0.2872094175854919,0.40774888106527957,16.499839872893823
-0.37732239656559285,-0.39381324548551966,0.24366986384964306,11.245195602698566
-0.251552320525855,-0.2920255659835824,0.2666950976907,9.404034120326614
-0.13011518036081746,-0.39852162162728655,-0.3592705125295719,12.816097571672689
0.0290007028792468,-0.19695941503172748,-0.40105157576770456,10.950825726318245
-0.055862061491400244,-0.3735016214643869,-0.35658454059815775,11.181767869017031
-0.013161740762013232,-0.20614335557751085,-0.38014057316868316,12.463764836763552
0.004044832490957721,0.18285397401758816,-0.08212184206328019,9.017207826434362
0.07432185754591743,0.2063008812961281,-0.08249822995696893,7.926660335472846
0.08707148999939394,0.11099903800281356,-0.07860093511658964,4.92518071305967
0.050654972327048284,0.14013370100987493,-0.2367834754292689,11.942553916559637
0.015403024205986953,0.08536801107543494,-0.16607519890524647,8.840390827651063
-0.11713849047360522,-0.5343673886014028,0.18244001833275908,12.660652797699731
-0.03776355896383464,-0.4279260376830884,0.10287417560654617,9.468963760734656
-0.02854207914018861,-0.5319405524822179,-0.19582661537890161,11.026238195828636
0.0018568983257246578,-0.2391378989996625,-0.046759590415207115,4.828614347773718
-0.0943037622438278,-0.5052856980246969,-0.3239803022277821,12.40397712602093
-0.09992450740020063,-0.04130213069560898,-0.0911040927444482,5.8214069134360225
-0.12572421712938278,-0.16145144551328058,-0.12413764195008269,6.2279950660699415
-0.08716737153069566,-0.17693025213267136,0.075196065669887,4.01882507129876
-0.022598288405975425,-0.3142128270666483,0.13530529547918116,7.6922566490387085
0.18653674209826063,-0.19294240558537937,0.03579710692639693,6.837306600243858
0.03854067762490732,-0.19239598645671185,0.020787221432481615,4.452009789736631
0.09703595177627172,-0.10643368185650397,0.1462177897371667,6.139608977308908
0.03052270385235501,0.1457325708112316,0.1041887880888968,4.0334060924661985
0.1777409118735936,-0.18151676092529087,-0.03702350510509361,6.217539180356591
-0.10843667773733184,-0.3454250213094026,0.12758031500439207,7.056264861336136
-0.11095688634328185,-0.28059034068756195,0.16758575406783568,7.139624719344351
-0.19210421741755726,-0.22275385634707168,0.1425170102801253,6.279075037682865
0.055508044512175975,-0.11762197971060118,0.21077630015170476,7.128096426324936
0.08404803962416078,-0.09946869995399846,0.03774398106556901,3.7321102468034297
-0.0270793620716681,0.060380526816971446,-0.05851104870453303,3.5417027692148433
-0.06580479165678416,-0.14161466937344844,-0.1075734892384748,4.151666374308716
-0.12088437190075713,-0.5545951558913559,-0.11475364457071816,13.667923479434076
-0.11022608678232318,-0.45677457367805985,-0.09832031227455157,9.11237612026965
-0.055821076358997544,-0.38046676075823677,-0.26448371714332325,9.673106417241863
0.033048373423770344,-0.18662056758246226,-0.11733163250413936,4.554270112668794
-0.027203058144150704,-0.5111813047114049,-0.020324557386990034,10.038192436771961
-0.020168671239604176,-0.5011507162816141,-0.04370608923344826,10.713731824912944
-0.31793349213397853,-0.5318027628934264,0.08021304926211048,10.690291690190492
-0.31933209501072324,-0.299947444511107,0.30476234027313903,10.7766336978558
-0.2200848605679116,-0.40808029239171667,0.21972331579978924,9.440701706732616
-0.3128108120672378,-0.28664821766859955,0.4166021668498967,16.347652333671196
-0.2300919318340097,-0.37833613429886787,0.38155815522540065,12.853012269208296
-0.22411322842207876,-0.5064996050690542,0.2374862395812522,11.294796923184458
-0.13726119787500157,-0.34807961291407963,0.3883988376918965,16.08481334399725
-0.22994929991934848,-0.3967291633070346,0.4125800389287642,15.028905298681774
-0.1583899836766271,-0.4014732139952103,-0.40362051358919776,14.898905249602983
0.0904164601009243,0.3222845744777503,0.11851186696587118,9.007601372872008
0.09290227739338942,0.19688030645526453,-0.10897076268338367,9.003349944213786
0.06508438190273752,0.2768378997701057,0.01825604444896606,8.006321700652364
-0.14347527567863638,-0.1946455736823476,-0.16161212958936771,8.581616858118247
-0.19414997244860677,-0.05132376991468121,-0.08976662432245613,8.401584455997249
-0.21039873848566432,-0.28238850198242765,-0.18818471988529892,9.950436776934842
0.0685083284704721,-0.19123657009258915,-0.27967200364221056,7.404922658770983
-0.038768158026642005,-0.2437372316547272,-0.2528192343554543,8.796464424418588
-0.015355594704324217,-0.24505545598416786,-0.49977034899661305,15.215298315385853
0.01320244547014864,0.13723435832822092,-0.2476896302539496,12.824591897544947
-0.00142943511868237,-0.10098967822073264,-0.1990599451323672,6.537124230367115
0.030682862138939504,0.21442283664533068,-0.12026268231082911,10.001069219899279
0.05008311169589924,0.10552880573906666,-0.1351880673540617,6.600920010035215
0.1227794689068161,0.23350431996275797,-0.14683876972774082,9.19612636135739
-0.10400188981307337,-0.44047270614545814,-0.4495276801907343,14.572148256909935
0.023497557187228176,-0.21219746851101065,-0.40527957667047726,12.633300759039372
-0.11159968739822901,-0.39619168193944476,-0.35549477792959894,12.598407489817092
-0.0128544082281527,-0.16661192850741907,-0.33430869375691286,10.826896475754157
-0.24806462268714238,-0.23061669115366346,0.33288250019313265,16.599855913887204
-0.1644042409647547,-0.3815060677851141,0.3596266257853716,11.68512611179393
-0.2693353330476412,-0.5642434415125451,0.2149115833020733,12.170445511590112
-0.29446337328196115,-0.4079554586360892,0.38134032239624266,16.92154763249189
-0.35691939520672156,-0.3585034181938672,0.23480645595711186,11.051859312039642
-0.29677443845153684,-0.25663069286601575,0.21426980796521275,9.104752269235648
-0.404965814204783,-0.5913771137231408,-0.04363824832756338,14.616567352336977
-0.2318397700505733,-0.48032292043699987,0.02793996343086293,9.77541074269084
-0.19143946059224057,-0.05355041423585938,-0.09327579194191787,8.108544665511705
-0.1472115290292625,-0.28897022537339023,-0.04654459438081088,5.891416251311656
-0.18355920267832992,-0.5837019208928158,0.07099089337120398,12.339663156054083
-0.07052370895137738,-0.4787308643981378,0.07031169609900188,10.743390154194541
-0.13617060309608262,-0.3998252832309513,-0.015464551977939294,7.455052033394247
-0.021820754228130505,-0.40989317727997887,-0.2681625706815474,10.628211567034816
-0.04121990090197165,-0.44974854810225406,-0.3200823448912005,11.339198208729302
0.1903052045036704,-0.16673689385401705,-0.1505285230548391,6.49962454151193
-0.0311149279001623,-0.13318714762131062,-0.18870006483189974,5.720259499542252
-0.010309286870437745,0.016877335444364844,0.1928194100779942,5.473679949189337
-0.05658106230646274,-0.005340252497659665,0.025797713262252466,3.549939943896642
0.011830589145674534,-0.10487900829828074,0.026234535243099367,3.1141761591026467
0.04028049587871991,-0.3589410229390053,0.1092119647934095,8.996018506877038
0.003490385430308843,-0.09470535681633088,0.15157646740165695,5.4893941881240105
-0.15436422666504504,-0.4400852378080651,0.18307688803435831,9.62740134202109
-0.15362380378635385,-0.11348651252289739,0.08572663658533344,4.991555973637733
-0.3524639095913777,-0.32470813532173065,0.40926432556328435,16.198815764123903
-0.1982710272571007,-0.37888775371063677,-0.3726959320300624,16.686597116037365
-0.034025706930237876,-0.43448445370666644,-0.3237524874968789,10.68938639842736
-0.007570094759904842,-0.19062097169679215,-0.4390785267023479,13.822999172771524
0.026329833836304325,-0.06777235741137175,-0.3230182850035305,8.890815929186742
-0.1758634661014927,-0.1467402138716417,-0.12755508870865287,11.141029795647182
-0.24340433579475354,-0.10661875311547198,-0.012985473642386822,8.449141573859759
0.09709080450221202,0.10988620620020478,-0.2569277951923853,11.530113492743734
0.07919599500229256,-0.1612869192071109,-0.31215600256007336,8.186632749504545
0.00285538714753582,0.15929640653112492,-0.03630845499394984,6.816579692186285
0.1136849703358524,0.14968980294810827,-0.06423228235381645,6.326773999382101
-0.08819868353564093,-0.0686749652170688,-0.17048655578391758,9.728358563895373
0.03474349610739242,0.07929932164940853,-0.13621757328462036,5.374791687552365
-0.0505897468778395,-0.08767197534434493,-0.1558635481618533,6.625363776541482
-0.19507382670943013,-0.4933134423369895,0.05038272533467654,9.298542781528083
0.031942448632397716,-0.2994737760531514,0.23693355692376675,8.923332522035894
0.09629799362534343,-0.12194624160363404,0.21996413411602875,7.588642895416041
0.003825595684012765,-0.10772275531678296,0.018789148392131406,3.094066029607433
-0.008710937399947882,-0.1126229471111219,0.034774704399409995,3.272560848860151
0.12033796819759525,0.17642369584948867,0.054566414886841955,4.7510895592629625
-0.05653867756556079,-0.23431199379384776,-0.019949990682190548,4.162084200388412
-0.20281369536737023,-0.24206042952418708,0.04938682814759701,6.03031155905582
-0.26457795970767445,-0.5080900365967951,0.1296694943456399,10.339028891147235
-0.4489462545253998,-0.650221032304811,0.1900328979101158,15.928432678791383
-0.2616069686863472,-0.38958884055098686,0.3707129814103241,11.974670330626378
-0.17432768920227887,-0.47700047537999896,0.24872554806837488,10.85008067422431
-0.012294893786699413,-0.3645462548889839,0.2769095320008335,11.40196604701351
-0.1569514148520971,-0.2794066987950965,0.18005654126517392,7.0969698412692
-0.3428992426700985,-0.3778269879432252,0.32671541481526845,12.53276813060991
-0.3690973177790475,-0.34938310579302456,0.22833322113531898,10.760257266900624
-0.1472677448436702,-0.584677241329141,-0.01252803989492163,12.757023826814105
0.0696030665876508,-0.3732329113444539,-0.08828828312323107,8.69038398948246
-0.18026926445279054,-0.5518372901504676,-0.2247475464651987,14.38992847708014
-0.09439867279442586,-0.4741230973705312,-0.13554230527423727,9.23136551249034
-0.3168288088905898,-0.41001470915074256,-0.04505772122542181,10.702330963176383
-0.2409772687454552,-0.34882005933831967,0.4121996787403442,16.784179423807768
-0.179392147903787,-0.4934126284907491,0.05835131147776009,9.202307930398248
-0.1642668678521909,-0.29121139963167214,0.17476037956515456,7.073733301641482
-0.43151560528975086,-0.20760632535298393,0.258894373592178,13.531382545960321
-0.2570296210550584,-0.396562791107483,0.3580435477480441,12.735860295979668
-0.21141532104858504,-0.38814539065310144,0.4019890800576701,14.94241805556974
-0.26953542674759734,-0.44747032457788244,0.35860117642654543,13.160237322339762
-0.11864790548496332,-0.4366884058967642,0.28385802876949723,11.29023558600138
-0.2514365273395656,-0.5723476876712185,0.34740492210002627,14.57584264697476
0.0044443236833149385,-0.061591472715097684,0.21436740950830924,6.432880943532417
-0.05854062198204234,-0.13227640986014846,-0.018978890084290614,3.0780413332085943
0.05920435247592704,-0.14244774385013578,0.10757958363069248,5.389144289164598
0.12622541372507973,-0.009649692025148097,-0.031518626998212014,3.5568114701947353
-0.05087748957860525,0.014315979347715457,0.012815699556011131,3.3546373909692835
0.1843465582928167,-0.22667014213391737,0.2031754288332132,11.616515254260477
-0.15501462934693422,-0.3059863835639355,0.11397159534281909,7.065202980304544
0.020179781730226984,-0.14051180355352855,-0.025182929400887875,3.137662728045597
-0.1806831980931003,-0.2631966473812868,-0.1137510203369517,6.9163290439970275
-0.2642320015042342,-0.3004024338631949,-0.12064104587992805,9.663807411747444
0.14441536387754017,0.03192999010730519,-0.2656507008715376,9.640954465472966
0.08103395184827977,0.2913622712457109,0.12374905687670598,8.87768057926734
0.02833937441557135,0.20524410881046465,-0.09149021958102443,9.509152309962323
-0.03338291455609866,0.08411552257979406,-0.04144038176121319,5.826964143347569
0.03448736530884577,0.03218839221301614,-0.1633840694717127,5.65894783782488
-0.01708278754212076,-0.24517992502702718,-0.32758537836597806,8.87526103256921
0.023471473884401257,0.027671767715233428,-0.0745016853076169,5.4435924433748895
-0.15057286155834895,-0.6004882851602232,0.13796434826871423,13.170381867191454
0.04964952898879649,-0.39422940828110087,-0.014278015847691988,9.343672145167355
-0.10823904658031103,-0.5566862160183025,-0.13363733859332463,13.286733715493229
-0.057404962710803614,-0.4915924782845417,-0.10237810659051115,9.976275682666307
-0.03665777351625926,-0.3129620542005,-0.3505982903798483,11.029061862896754
0.03404148863659637,-0.15991334357408912,-0.46258182677592874,12.805929920586925
0.03831201657232261,-0.0503101952074873,-0.33048344117501843,11.787266555403583
-0.11025219568413155,-0.3791601467991109,-0.4625189508141527,14.05628741958283
0.0700318396971359,0.0974054959474317,0.019454280778330797,2.8933706193845734
-0.01976508887543989,-0.07956134099112831,-0.011169477761092015,3.2983238500137224
-0.142136514468017,-0.047203286436725576,0.02913914260756889,4.808208230260869
0.14573937137162932,-0.21010126117696287,0.01781516603729906,6.765524977495418
-0.12928202938225616,-0.2572685151958051,-0.03491628585521322,5.272466548598878
0.07445949960600234,-0.307527890052487,-0.0846050384699353,6.767444186190264
-0.0685201605778763,-0.223864468040082,0.12690679265718346,5.918915724115615
0.0021372051415471864,-0.06312408496387226,0.20925574830777857,6.235045830695204
0.011402361981097038,0.1262778791217389,-0.26238853122019634,12.953049660351587
0.04506825183057284,0.29758518522035926,0.025942025795247015,8.206972034082538
0.1436785171465379,0.1314873575303949,-0.1786113803163937,8.109588659706592
0.17215882185898548,-0.09856899643429924,-0.2239398364085376,7.203049121825313
0.0020336829620817187,-0.036184845127860556,-0.20044726598142523,5.931287394360963
0.009127222161997383,0.27547540295121237,-0.019741947877910622,9.730290409717117
-0.18369942156542685,-0.06757539300099799,-0.08127092014935426,7.612309951255457
-0.4187061752301071,-0.6114217573066905,-0.03310673598453506,15.08039256725075
-0.24767820311877115,-0.5009449382518341,-0.02693460372896861,10.20553795768256
-0.11402039085953472,-0.5742612886010078,-0.04301322140967454,12.413167412701638
-0.011789482538799703,-0.50783642836852,-0.2370469932726533,10.561481810648822
-0.09436183859960405,-0.4412346706983195,-0.45032821821446173,14.399591491257425
-0.018690954336344504,-0.21944372143303675,-0.4389333572556648,13.491819527714101
0.04872178617971009,-0.14240110222753435,-0.26511722576393804,6.757347874318837
0.06522770002230276,-0.0991896062338,-0.3882010588882013,11.871385086123315
-0.027788167851174224,-0.06832335127070194,-0.2188500738913713,7.595311917627122
-0.25191486656140377,-0.37154514305510283,0.42174333989865415,16.277226158542103
-0.22398999973476438,-0.49287617430906544,0.17117685075510986,10.265776354851326
-0.35931018117238994,-0.2885639564145703,0.34840844784576264,12.141215644342836
-0.19183761448906092,-0.31065010049546027,0.2732409278980722,9.313511352286058
-0.32329669174128545,-0.30984699626742623,0.14384600968832686,9.200334325262373
-0.37309196223043667,-0.38405657692163647,0.25054400346737365,11.270558335165644
-0.23290448869839747,-0.49779121948868565,0.41033936829231143,14.746211904785424
-0.2625778946702297,-0.4746767654983045,0.4252924470525369,14.451290152713144
-0.1306312981417888,-0.4935498372451657,0.2366727238205531,11.680463688282893
-0.13650561785700585,-0.3977403531650817,0.30999982290551603,10.974591232475074
-0.013962534772871522,-0.4788343756663675,0.08681159339938314,11.318793620282925
-0.02660667247596945,-0.35680958729114204,0.023394294304707873,7.304187061202772
-0.026105068423805503,-0.45284114914076196,-0.3208539009023539,11.854161534360705
0.0012200374345090052,-0.5090377107926134,-0.23792480181118786,10.633581706222639
-0.06904185335619238,-0.32819471890973706,-0.2704399669715702,9.180905310419591
-0.027724409144722056,-0.1929599465664429,-0.31608292558756135,9.447480368462152
-0.029673929710281353,-0.07171636354666854,-0.20504065294772986,7.528417636477779
0.06057950738375439,0.05945168282266404,-0.29528095868814586,11.237990831193398
-0.07966546854616999,-0.38918914779562447,-0.4911622505285799,14.670844449882853
-0.14442978298989045,-0.36014551721445576,-0.4184554167846571,15.19594811588264
-0.045841392934855466,-0.13975769495112242,0.24118620476727312,7.250785046532923
0.1366039232895964,-0.2119601119326328,0.019015719194021077,6.535714181649327
-0.017645429554696883,-0.3328475402949312,0.11848476949462712,7.542690367558434
0.10415333400440072,-0.06243837919823861,-0.11842836392501968,4.119950638097586
0.1259433022789042,0.17856181014155056,0.05544177231301291,4.9370016971952335
-0.18190847169958654,-0.2677582552549218,-0.11344096036712961,7.084605721530414
-0.029726922177480665,0.012082104474717614,-0.03936602530579899,2.819502958956783
-0.07598453262596332,-0.08718227235461619,0.10390402758181959,3.6371519460200004
0.012595916364177048,0.14231112866383347,-0.17596657876219177,12.39079862796548
0.0054249281701433385,0.3121340905440315,-0.0016446956152920554,10.66119641970817
0.14352968466687382,0.12990127495813023,-0.18595442704947698,8.113631230935681
0.01975225650543103,0.1074773253018968,-0.12238243370960777,8.290271080227273
-0.3756660939774072,-0.6327388574046032,0.263754815770286,13.878273713060539
-0.4130780573285277,-0.5392519313251694,-0.08651523113696652,14.702226671723773
-0.2124510022434909,-0.08568039549936014,-0.05135078809066715,8.71539131383041
-0.18249661026041405,-0.40990914734670114,-0.05051605173886774,8.259815213632072
0.16478872076189674,-0.27139626919959847,0.12976831206829498,9.434362378206593
-0.047654855343985995,-0.456853149467745,0.11745512898182939,10.043811808571656
0.08886658137449739,-0.2860267332903896,-0.0883493718570192,6.626044095728355
-0.15739097062816157,-0.5732396907996148,0.15092988340726182,12.874451883287401
-0.3601087811817422,-0.28742473193440604,0.3316776934524532,12.082680350270616
-0.2618932259897936,-0.22947170078373896,0.18969038112159398,8.186809194141063
-0.19692993655688365,-0.3075890062442219,0.25116957480470775,8.954341382790393
-0.18073895253800182,-0.4278491930104722,0.22049432777816091,10.548602641653469
-0.2432072248143069,-0.15359970600176898,0.28507960286587897,16.552480051241904
-0.262316842639365,-0.5754220865125583,0.3694349806938742,14.973968746334014
-0.11018319685615162,-0.4226255353998463,0.26509722958755877,10.946196038660283
-0.08991571485254472,-0.3580386669400242,0.3626122223007521,11.235033561795303
-0.2781060311587939,-0.4567614864848861,0.40641798526280426,13.859587294640427
-0.29063493597429835,-0.40638648854837495,-0.03963485913308373,10.065648817729508
-0.2566384075756396,-0.30367148842361874,-0.11108071541078328,9.377287653637687
0.06655612508205416,0.15960664395435858,0.0506906514920672,3.5023985121703376
0.020968738491175785,-0.026123421553604222,0.11672295389842959,4.858508165448003
-0.1572210632900908,-0.07449850491340201,0.02721703113471276,4.758914133006108
-0.0804317181219681,-0.11091231243937341,-0.11864935555518588,4.260594727522752
-0.05452396674515572,-0.03570708163916005,-0.024169256635846105,3.9004854946627923
-0.03641661472806411,-0.10601390614276114,-0.20850666146678556,6.969030828838246
0.10306416847369076,0.011168518878676604,-0.14117133654118647,5.290788536446154
0.06247240708371619,0.23932055403843744,-0.0005521541862438621,6.862767006999858
0.04504165551932042,0.018766097551575517,-0.21700732037727682,8.555861708001155
0.10404132734440914,0.22580169978874295,0.08679452537441386,5.664320366371156
-0.03981832026931525,-0.19330730213423822,-0.22898058307699343,7.731956641328296
0.02596202850445988,-0.237083816973937,-0.37643613430567485,10.372212604048388
-0.08921222979679028,-0.5160083363518265,-0.30695437045864443,12.41331262459671
-0.026610434975021708,-0.44165413295282324,-0.25067585012276755,10.206086657753726
-0.0708657085706858,-0.5364589312764868,-0.38546149747675684,14.66590496688149
-0.011969303287408493,-0.2158646620641342,-0.4633503444115543,13.717945441518781
0.04737849980477127,-0.03690367203670478,-0.3858137477199433,13.227603228197399
0.05487497960961992,0.07449492910880352,-0.3159833923829475,13.465945653839851
-0.43532003462118773,-0.5949689167697925,0.30452403185539745,15.948946226726456
-0.41053206660176417,-0.6109457824984532,0.09663491271824999,13.838863395838068
-0.2592988869376223,-0.560070962871735,0.33635129165668604,15.332964000450227
-0.18444919568198767,-0.41818736208299595,0.4018102815537432,15.631367658440983
-0.3321338057523267,-0.39997226672016084,0.17592233871635696,10.04859281526868
-0.23681912128136207,-0.34771721714761805,0.31257681346020827,10.960565485217176
-0.10681483365824547,-0.3165385163196367,0.21729259274898674,8.327851744184587
0.018929629253701032,-0.2919557309351678,0.3243477182804649,10.862653914364543
-0.14236336973471417,-0.429595433830167,0.28803832881592134,11.426298053494433
-0.17935577787695534,-0.4066658585907252,0.2970157300959696,11.911199500984484
-0.13203255264874378,-0.3802101295959724,0.1421160923583866,8.37026179298322
-0.2648321770320658,-0.4208453946530629,0.3717378004479636,12.7795947700466
-0.41494075226846344,-0.5402277502460847,0.3087174242630908,17.778826508612422
0.33722488222347813,-0.10076972825605984,0.0825980372900594,11.052131353121508
0.02091117191177346,-0.35943658461184785,0.08519168404909018,8.806142337689133
0.09434992538174208,-0.17157987850260614,-0.06761307762759758,4.317850303017555
-0.07660097511932315,-0.4961466029253485,0.06405288621777516,10.814163755751887
-0.0611335323663076,-0.4052648007080408,-0.07251853844813858,8.089183793460851
-0.040986038535862336,-0.3795330139825738,-0.30484278462110564,10.638131910487468
-0.012887719143958457,-0.4057926561331989,-0.16958123080800871,9.098518557933797
-0.05638421259442675,-0.4353924932574349,-0.28073467855783174,9.951135997018223
-0.05027731854925995,-0.30774111001149074,-0.333956740012872,10.062420027085462
0.03336113683089424,-0.17055478568642773,-0.40408870659802465,11.889592247109626
-0.10284538304811272,-0.40890341520552564,-0.44255640566122634,14.07334641919575
-0.13044672271992963,-0.048220463247908504,-0.11841973402985619,8.594504259676414
-0.34943954697662927,-0.3464628882286198,-0.03999973400982244,11.426257428860438
0.060840546307643205,0.07768606596993934,-0.3115656259278276,13.515022467788269
0.08251866471925688,-0.0630011066149992,-0.3479772014679,10.685234535646597
0.10416560550874158,-0.05261002501945757,-0.15470093990475342,5.181626909488905
0.05114216985553814,-0.14232200813947746,-0.2466839150578823,7.931970136619019
-0.0059798225601761165,0.29301416752271564,-0.006642636292319933,10.33001230896104
0.12498948296057519,0.11291727814544898,-0.1854830110640215,8.064095472550733
-0.02143503172798617,0.12823012630371988,0.01432159774747219,5.438579678039319
-0.3611563690205121,-0.4578294142622047,-0.14974771524983196,13.588459859339647
-0.4112262493132992,-0.6137007733140076,0.09740336426599097,13.61271188297552
-0.14208175620665878,-0.4429541836610407,0.2735078078485595,11.220874896512457
-0.11471343764778717,-0.39342785787446943,0.3358190130783316,12.162559086340226
0.029153847823418587,-0.29256098888835874,0.3126718176745784,12.213474675751213
-0.03606731030825441,-0.07991123153369267,0.1839988127673663,5.772682761042678
-0.19431331499131352,-0.299990003042811,0.1398136113078264,7.227049857783128
-0.24677260529302464,-0.5383057225152059,0.20748454493901147,11.955142254238252
-0.17297141402375515,-0.4104250018357947,0.21823119226252305,10.030602766152912
-0.4068572553478822,-0.23509196960524442,0.277024041975497,12.30039184556638
0.11953611105440842,-0.01233615641379612,-0.06772365739467609,3.5659379026096296
-0.12815623473554535,0.04509685140931782,0.20882180199289707,6.029168692934994
-0.06088367092237014,-0.07398211997495191,0.09976491258337442,3.4208322922616086
-0.16112976794099104,0.019417097859267297,0.019793984505124432,4.566590632356709
-0.10728687791119647,-0.2176231477078115,0.00894816749207252,4.6384689696681445
0.1310593160380564,-0.20000829130684478,-0.10231954972056014,5.936047287704059
-0.008347300124022796,-0.37287693972526703,-0.04731289350932464,7.362640729895287
0.03952583932842678,-0.38192893790800564,0.005064603055531938,9.213123761669895
0.19204776828350711,-0.1569287330376387,0.19834487346313107,9.536091443372072
-0.18306026815207252,-0.4155932865616118,0.39951941961043447,15.556593012490612
-0.2609674834237548,-0.4197953944423164,0.44024798132805043,14.276396239575703
-0.3588832653495087,-0.5948194347037772,0.16481208612055373,16.386368001145705
-0.12652495393737515,-0.4720079108217475,0.29916282538857303,13.204959498201935
-0.1205040450486383,-0.46234528892349636,0.030721516557377475,12.994404575735865
-0.3571951536677082,-0.606795664395191,0.17766020651960396,12.645690530141978
-0.22512910205392941,-0.3178156542210671,0.28454836117056115,9.80968185729657
-0.2315274935543234,-0.21200454196552743,0.19979438094156415,7.897175294045958
-0.3171845256437222,-0.30823656365268576,0.10669033672650628,8.933731299964233
-0.23547326554018433,-0.2316183950936183,0.26548683417328856,8.882070232567807
-0.22772998792414564,-0.16163823316413942,0.2910319516685304,16.388228461336887
0.06304043076224362,-0.18803700636315987,0.3270248189177327,12.342385621842809
-0.14177446839989985,-0.43086988330128645,0.2436324214613352,10.86801199662121
-0.14420608594148868,-0.453302986556036,0.27156222525447327,11.158546142868069
-0.2524760675666881,-0.5119611437484145,0.3419479789156309,12.78989832419202
-0.16429569862707197,-0.448601031783544,0.3925691766836459,16.18475905025008
-0.19830942139624452,-0.142724087316849,-0.13891358450408398,9.094246831158575
-0.13976840598205276,-0.3257115664134006,-0.14415402844204306,8.016499261374538
-0.46775933270284986,-0.6490654734064035,0.09634638056023527,15.387832296665172
-0.3475781630194774,-0.5093429574279968,-0.023227071051930618,11.768664414459668
-0.04410699256133134,-0.32107799046794205,-0.18366883864706784,7.639419009982853
-0.01848131380597159,-0.4514610347707193,-0.2824839977321762,11.312513174679863
-0.03449946166387561,-0.33039476158279724,0.03278498137078705,7.0541744857302735
-0.060894161382848006,-0.5739659965973335,-0.020641795086577885,11.963893626575205
-0.14388040513401407,-0.5312233364466095,-0.11342257733657074,12.371926506174539
-0.20838360236552028,-0.6011135399060215,0.0727395370306988,13.507435450603033
-0.3055288982405106,-0.5890772326845857,-0.10073041653354302,14.96283118863418
-0.008234682493718858,-0.16271685012830578,-0.06457305706352502,3.4215409952558313
0.1268421415005824,0.06957487513457518,-0.07878844223582944,4.104821076237218
-0.028856295382934126,-0.06451147742658091,0.04544941218105128,2.694682690907746
-0.0794554115759101,0.04577424304433987,0.05200520508146469,3.3606279429970356
-0.054935682230954914,0.05903009223522311,-0.024549438249132957,3.0119933673564336
-0.11265995955369323,-0.2880496738891853,-0.03524650854482405,5.749727520527141
0.17661358641944816,-0.24104320910239085,0.1800579542941338,11.547417848167747
0.25318666653191496,-0.2123922833877796,0.08651782667611777,10.06345704226947
0.0958352371124151,0.17190260348803443,0.0991649132593079,4.838713140147137
0.02389656190122219,0.2615786768510433,0.014713367934208462,7.161800551732608
0.10736613337156779,0.22085079838229144,-0.08290324834382827,8.23763772819011
0.015201392537809872,0.2401570641638377,-0.20484418959061026,13.620664131765874
0.0023747608056437336,0.14047606683189187,-0.26125032616286226,12.731315477191615
-0.01052686338984935,0.023679006670112666,-0.18564731046606456,8.982866601480984
-0.09703861982924236,-0.47471666827751,-0.36597156258975894,12.58935542600236
-0.0049366697795093385,-0.21018938402392062,-0.2625308309893906,7.379806872075368
-0.03495580220851948,-0.3654289248204252,-0.5178730220018161,16.347006539580356
-0.09078635829716127,-0.6493016914717532,-0.2661307347164645,15.441112484197337
-0.4483568612249538,-0.6121985844326285,0.2711891327876194,15.227932364189963
-0.24388310720656126,-0.13899315050787572,0.32346472011359056,16.15706468475064
-0.25960739288760804,-0.46957784046911955,0.4345337735525168,15.792702534285931
-0.1624242171002908,-0.45146092334128163,0.3932934360025753,16.062889288425595
-0.08110351561538909,-0.45523919801369056,0.12789345410012656,10.068379366985921
0.1566637072949169,-0.1664668265204342,-0.030695333887594,5.701576172312722
0.019872697003313556,-0.3538008369886966,0.07851061989937631,8.00838080488496
-0.011651700777986254,-0.1148273264059362,0.2735588823734386,7.7253531751293565
0.27574460284499913,-0.14341096708169923,0.10393759969942552,10.527709973309584
-0.22651902774350394,-0.38412348611117764,0.1948481566776453,9.964660234793783
-0.19669793315243425,-0.48510306766540884,0.08092585700498031,9.608108286203635
-0.18405429137668938,-0.4452519075491152,0.1895460148808605,9.788385303106375
-0.10951938189434526,-0.48856733632778493,0.24333642339095987,11.692370915484679
-0.13538404211542754,-0.43091254535239315,0.28601893931276157,11.33796111239166
-0.3245420300405534,-0.28810804837780923,0.1829138941467058,9.36519823128744
-0.21963162252190907,-0.296236276585579,0.10729340953868252,7.013764368180066
-0.3374532070590806,-0.6036096671825613,0.07399290474023831,15.581104137024958
-0.23276837392995506,-0.5084469459776934,0.10336937560141424,14.947142459304969
-0.05860440055821127,-0.5224374465905989,-0.4095130993934999,14.399456681535552
0.0351706951842356,-0.41774052721583016,-0.11369344491752757,8.718169057323893
-0.15958055988501513,-0.5482391127528632,-0.11045313699821269,12.468416314347754
-0.08189170777693801,-0.15763811918152998,-0.3246082854709916,16.23558855976651
-0.10433983463354607,-0.49753814664777085,-0.34615287351980206,12.648462116438159
-0.02459217646113221,-0.41971568665389497,-0.4986648687322482,14.904695946548502
0.12168864859479643,0.18675147148597898,0.009942849735057635,4.47760575556333
0.0773300207575849,0.08189996174876606,-0.10590280890227512,5.000335651972259
0.06132528259096066,0.22024347249101983,0.006225348201472706,7.559025539586851
0.08110274285229929,0.10862376648596847,-0.2426703221180542,10.321155969282687
-0.03834402828912321,0.020124360429867427,-0.09786368623945343,5.574092253507232
-0.00976568535707976,-0.08977220817387259,-0.32992991026732316,10.112270913587524
0.036358170344941786,-0.1999696512046433,-0.41419765860610264,12.250508633253236
-0.12754601105791394,-0.042268218068430514,-0.11601948951530815,8.30092533513893
-0.3395378672335642,-0.5098478627551101,-0.029617488757365588,11.618898861968747
-0.3231887464037815,-0.48851475561245705,-0.13177036606328899,12.542961465710471
-0.14196265519946316,-0.04652660296892752,0.03433232557559012,4.884243010168503
0.03494926199657802,-0.0023389476107046905,-0.14081274754990858,4.079742012124454
0.044978432606097574,-0.03910225537617773,0.09759353027129078,3.902049416187253
-0.06354125964083285,-0.09016808830639648,0.10900587988058913,3.7855020137948543
0.16108217726135057,-0.10075794832670933,-0.08448924498996162,4.581488778396668
0.051392246743557086,-0.2218197045484765,-0.37658588945441107,10.364210285748227
0.09470261434732592,-0.2545552582246455,-0.1465296477340928,6.358541844066506
0.03687792213773024,0.2531957447415065,-0.1733736839589482,12.151264006809386
0.08646301381967197,0.13713977625363769,-0.27289096373005567,12.446945443724829
-0.004543444282594584,0.04465783752776573,-0.17450285676374208,8.983426745708016
0.07623223704024101,-0.018764464737935724,-0.3160859634487619,10.928009788593329
0.04524605672646731,-0.15118337807442778,-0.40988883498519746,11.736795482331809
-0.030986388343726586,-0.421406922777084,-0.47722899659052764,14.902967938763727
0.025507870872626213,-0.18107419213547457,-0.44596300484846046,12.651430059079
-0.3477455373228802,-0.18600142943538175,0.07500458733796954,9.01535972490448
-0.28458497108371417,-0.20008274865233508,-0.08346632590377218,11.49239467508975
-0.0036501252219875635,-0.10801248278118081,0.25743079445472117,7.531815914150561
-0.013916455781839164,-0.16450565374951664,0.05946381626096964,4.024040918307938
-0.007088194991783284,0.032312953224838,-0.04086173610823519,2.6596773204911357
-0.14294732253306378,0.03883141638298363,0.028936077673294345,4.336843808024421
0.05099286027212424,0.07745153927241555,0.09763166548354693,3.966497054753419
-0.11539253331070748,-0.07650827670536883,0.14251326122670815,5.733729397626164
0.05980848145735408,-0.2274067636541153,-0.3013446798707401,8.186686146774845
0.1971727781939745,0.002171361628503352,-0.07972483480286713,6.02832383148029
0.07604967080122463,0.2591869708165849,0.08391990682259376,8.343568402244841
0.0880824422912246,0.051974020672658584,-0.09532380268197849,4.837672815240513
-0.03514340581317699,-0.02394121813597965,-0.06873678856929158,5.669966106003833
0.10419953924354244,0.13589876596496367,-0.1608294008028908,8.462557815274607
-0.4213790159116626,-0.5524243944293231,-0.08247330467218099,14.423417251647656
-0.21674932332734895,-0.48029064086660284,0.3144139137701321,15.539874508710588
-0.10284178234314904,-0.5475640372054984,0.026999174759180566,13.572054512735464
-0.4261594650332452,-0.5925550438465315,0.05402053002664587,16.735484347660645
-0.1640160823493721,-0.5407262497407028,-0.11177706593003738,12.50115809616513
-0.020710805220616326,-0.4131339823104673,-0.10645439919702657,8.251528564588419
-0.06274044304914751,-0.3924835608454941,-0.2787807427101457,9.638945357702125
-0.17834439299510527,-0.3449133624683602,0.41004500285971107,15.61553361553216
-0.1768622979616174,-0.5039225568770116,0.3516548131102533,14.95346548698823
-0.01548163018219551,-0.2783857106777261,0.02576257129270919,5.8461058815213685
0.17984380450342366,-0.14043722062820835,-0.013863042738152693,5.464970416237805
0.012293201504342249,-0.4575217112031491,-0.03781072723334235,10.12016954816132
0.12038288129577246,-0.3233416597753915,0.11824344633281905,10.7776318152151
0.27473982031243105,-0.13948347073329684,0.12746581174680516,10.527004234655003
-0.17838207508795545,-0.32651533063916705,0.2494196948337265,8.948825946857767
-0.13828087383022644,-0.15218978519928686,0.17473151312584267,6.240299665926507
-0.3438180080869177,-0.423904385506003,0.19380417782820775,10.402565692509798
-0.4345498388617104,-0.6193352447045378,0.2717451883050954,14.144403800737074
-0.22363264060750132,-0.5002181007286775,0.4084384221770407,14.576971817295593
-0.16107666282623412,-0.42337196126355237,0.32012091281683513,11.875863063417572
-0.27501103882806255,-0.4448090419599601,0.410562365839059,13.733625252081003
-0.24532227039932733,-0.16780342248420338,0.34065091888890164,16.148493801607323
-0.1977680070584501,-0.5266159628319675,0.33149818697363803,13.683653498853975
-0.15815645078112514,-0.5154565247147569,0.26690651669975474,12.041174126787114
-0.18241253512538858,-0.4639761590642389,0.25881782299937883,11.459336642472167
-0.27587859340616133,-0.4573512774300137,0.41905637778076754,13.800819990556153
-0.032138978294044794,-0.46556448882038454,0.1368247744239611,11.29560777230563
-0.19709661496974842,-0.2402161744655678,0.3598580307174895,16.430287720547543
-0.13380257918037153,-0.38931086713053054,0.3754380723807727,14.24933070161102
-0.160522116302316,-0.05580296919822156,0.03533689849969517,4.9702884707023784
-0.18792932311515706,-0.3219165998477322,0.23541494147220113,8.961670707607102
0.10150150189692497,-0.15044939451071107,0.15029194116995445,6.760843885945979
-0.1902200913130022,-0.3313406332952756,0.1868702183477696,7.9655710019580575
-0.0791992596010059,0.01023982321087235,0.11306883648560145,4.105143735218964
-0.04638225269791058,-0.1302474152204599,0.32681137700450597,9.362846167929026
0.25709166616631945,-0.19940838082163803,-0.18120726848355703,8.15179333268865
-0.06814525400301115,-0.31461801128305766,-0.03636325713258682,5.966266924972352
-0.04349582189876221,-0.3903908832406688,-0.001464448950651234,7.62260750504005
0.02365663103282375,-0.4324715420538001,-0.02379876294115225,9.315990233501182
-0.020876151832596106,-0.3516889491795003,-0.17040780927865146,7.624073973934661
0.02195956031017869,-0.28644161579783994,0.2552872162725091,9.11056469644457
0.03842680726462755,-0.3932506149151898,0.08013553735446188,11.190787104200444
-0.017006773017319565,-0.03126516281354065,-0.31279430114324036,11.550785708710864
0.056863356521355705,-0.01131260825059493,-0.3101974512055411,10.904928049502548
0.031526916477425844,0.23219647851410238,-0.2125482803544432,12.968434518728992
-0.10649695053735012,-0.11448576638615693,-0.1929069411940887,7.7804205275892
-0.1558960202491464,-0.15528377439535385,-0.09846684157006852,6.323531650031957
0.19517838521710174,-0.02205583397479701,-0.07041114997447091,5.792387098469473
-0.0834399943533383,-0.17474869400380708,-0.1470254500513779,4.989520340767663
0.0010000637652937178,-0.03510904457149701,0.010243360694361237,3.1487315294588836
0.08291114234979412,-0.21056966789689374,-0.21720553959691996,6.947244782497953
0.00555134146625179,0.10335240179332333,-0.07443257326254521,7.030436932477948
0.1337666385978433,0.07378264146928157,-0.19808061888444617,8.094764261644109
-0.05383320941594338,-0.49416265023244355,-0.3996569156721126,13.943652668942528
-0.22458729689962734,-0.5533752574777873,-0.14330094869022456,15.705863894764136
-0.014164349962381034,-0.4542262745640849,-0.3021859035948808,11.819991681761438
-0.022222111661843187,-0.27408840501536413,-0.23331836844411152,7.053135462508917
-0.017089515877500974,-0.3501100089310605,-0.38094879655601843,11.203437939322226
-0.08837228585742793,-0.22985169533897049,-0.37492464432970096,17.056642076616168
-0.0654464262773975,-0.41689883592246846,-0.5001187546184094,14.92896021488067
-0.25965361885890376,-0.5990549524121276,-0.022710640327336634,14.362109884142852
-0.3057300549121337,-0.489203348590554,0.36630386162692863,16.05612413597041
-0.42622341869512625,-0.6134949452885351,0.24310758627598353,14.949892966788841
-0.41580239359295745,-0.5739796701109445,-0.07387618128553679,14.480841781662296
0.25596091499449536,-0.21280124027318997,-0.1769092464326934,8.172236146516804
-0.0036350539317530467,-0.2564747338051532,-0.06076872803680534,5.157349325374459
0.051890111013840716,-0.2220396050765531,0.010149108352712074,4.920063846670548
0.09647487263215733,-0.14278540662654282,0.156136769473767,6.456999623566255
0.05896889255732563,-0.03184812122755805,-0.10911859927157784,3.8655209826322534
-0.07050942644010151,-0.0006661814874879138,0.11662134207950073,4.264621520643155
0.018247634143693608,-0.08471354003543924,0.07760368937508379,4.005159287366646
0.0824088989604744,-0.11266174156638001,0.02813262776099607,3.945757780359612
-0.2314388325503113,-0.1928217410054186,0.009509901953217425,6.535036874484082
-0.35679655630048535,-0.35639520815021386,0.2325085853688203,10.503615303190033
-0.0603923795241843,-0.5841989547265362,0.07667294260822105,12.101030147882975
0.035236477471167475,-0.3988468676088687,0.10052844346313793,11.182763024296175
-0.06891834413686884,-0.3761416851004602,0.33865241711555755,12.042466017902164
0.17555161557059915,-0.09449048214479276,0.317662282031505,12.637271478682159
-0.3403739006000585,-0.35485733567160993,0.4147172889087571,15.625797448402267
-0.23657783007317512,-0.5314423512092977,0.3004595787978269,12.89679921488215
-0.2049199124503069,-0.3410830837891968,0.25361542360063755,9.44077424474686
-0.1503778872838054,-0.4031884029241878,0.29973448223061194,12.195076544268892
-0.2539184937868139,-0.48925827458255833,0.4100779496088404,13.963219455292599
-0.18666791522710596,-0.4419710803360283,0.37907808287836325,12.859318492556277
-0.2535851983490054,-0.4335010436746677,0.44026015551086667,16.59731511461404
-0.005903717707659561,0.11056658434073983,-0.18307756676011527,12.788335109138785
0.07937380060296584,0.1896274165741288,-0.2045728387726036,12.541164166583997
-0.044108773700034944,-0.2612584159386927,-0.1390124874940682,5.764930360135018
-0.004669593630067542,-0.08428137843283591,-0.21216080964116305,6.158420810366773
0.027530439461059902,-0.20367353123517554,-0.41696764857213536,12.114023781482832
-0.04919283197310239,-0.29028901541679925,-0.30067632780142745,10.3493208310584
0.005381890505187786,-0.05177842676090554,-0.2407677226579554,9.435542217414985
0.07309699711594357,0.16218491721562045,-0.12221656764901696,9.367311606049128
0.016672305295494832,0.11161243587958097,-0.0825414669990627,7.1205931190286424
0.2203570709272056,0.03492082608895538,-0.07675875294987605,6.304844338482916
-0.014884470410012866,-0.05954038266714384,-0.03945472890195056,3.8666283844627043
0.10810759915065216,0.22364889002772617,0.0007480469802267054,5.841936381431269
-0.30694477802244796,-0.21031864122928798,-0.07048552420134536,11.12028375201856
-0.422613397033605,-0.552079470029718,-0.0810716566341953,14.44702672974739
-0.2817745205021148,-0.5995739576238538,-0.023019205247153677,14.23025977659279
-0.39408037004146657,-0.5177836311162308,0.20752437177718114,17.216396915251586
-0.09948290328183233,-0.382812761593695,-0.15994245311636174,8.600261450519257
-0.08510215599474415,-0.6464252366173795,-0.32217751012878076,15.338436221417657
-0.23371259806885486,-0.5677199520320162,-0.1344134292856539,13.51414259187487
-0.06069293829289099,-0.5152351247592957,-0.4008287632720812,14.038802483094228
-0.09566165522360492,-0.40015148681863244,-0.5148330064674019,15.942927627771876
-0.009461176823917936,-0.314470502589456,-0.4051366455447309,11.14161954167243
-0.04406906040795834,-0.35077119660493394,-0.5143054348098197,16.38375436392191
-0.05308799932648213,-0.41370424925850374,0.29438829836480174,12.271108812531375
0.17786681738823878,-0.1957593245142898,0.19384322509097235,9.983209548987503
0.07578514509321883,-0.22501666311897195,0.31072229476088004,12.077498902770092
-0.03234005518799149,-0.24163011298618817,0.19746228604095148,7.212002204396011
-0.006761762811126029,0.002940967728800853,0.0019811382676703034,3.0045399673525224
-0.06131989391218587,-0.04155017797796502,0.11302561748178883,4.449536614637984
-0.013823729261293336,-0.22186712903599015,0.055017540819378416,5.2955350144168865
-0.46239405333399586,-0.3094960968397143,0.2547332417477663,14.66434782822584
-0.3194706924266597,-0.5001733173516569,0.2306334028218083,11.063946754370576
-0.25608167727581455,-0.4790876178288944,0.4048324131661367,13.504470845389806
-0.13836154972829098,-0.44720416083319153,0.25019963556673414,10.962152717529998
-0.15756117252602111,-0.4616899027537803,0.34367520360525095,14.230438904570711
-0.3604327050248878,-0.3246394362018802,0.38387738320611475,14.783278714059325
-0.21950922123394506,-0.3666604180445873,0.218054143309948,10.283382430916276
-0.3816915678351958,-0.5194318982663616,0.3794548160644477,15.759922423323882
-0.3131575134916437,-0.4575555073969352,0.16604429308182048,15.539759786732906
-0.2754949465923772,-0.4336045038844956,0.4451506442738793,16.24286482520399
-0.25882710062958814,-0.20908570192762072,0.3875785282753694,15.930996636638328
-0.412375192832498,-0.5591759007818615,0.061577601260269274,16.869569267954557
-0.24990969781226618,-0.4299806799431789,-0.38591108764584253,17.301359355455798
-0.06096894761975929,-0.25330074780021017,-0.3985934360971609,15.807304892946037
-0.056043892537411676,-0.23318331424258815,-0.37977459326074053,14.788764318370937
-0.008322798290965815,-0.2718703219642491,-0.4628176161000342,13.575471377914486
0.037244206015521315,-0.011217720194278216,-0.2573587483668952,9.909621147611476
-0.04103817674965494,0.21981936282397152,-0.16625108335081976,12.7958855897938
0.09497046529876584,0.12221547047693149,-0.1721834744790333,8.414372952882342
0.036207602241718206,0.26493706765556635,0.0519571500835165,6.9827077985244275
0.09284735664705265,0.09602751094953303,-0.0675524944954001,5.8353543907352945
-0.1386010889516556,0.04029003405920852,0.0383260499864568,4.2115205599062575
-0.00016032936550860465,-0.04965454123441694,0.023384500696663174,3.2528061317034673
0.11626709351557683,0.20981838943309403,0.012625910280973384,4.807216509995025
0.10428334892319827,0.05884757651167699,-0.14309971984129044,5.457254395200995
-0.03827353097181971,-0.014207989592560678,-0.0851631443295752,5.957562756709445
-0.025812055680517226,-0.18688243273308436,-0.21330365166765444,7.36371120580706
-0.007625603312623869,-0.2967036782506321,-0.4198969955293752,11.347625810532803
-0.05511766778051538,-0.3493836358888417,-0.33383396936961623,11.195077350593955
0.0072868546364772396,-0.3627991986361018,-0.24526513755450308,8.610243264036134
-0.1577011504334573,-0.54781182631474,-0.26935761566301475,12.57133706762217
0.17958575868919988,-0.13082202165301,-0.16947776851731847,6.765241954416129
0.1640064670950311,-0.21735986904997592,0.025784949474498196,7.1749626298192375
-0.11933243263399733,-0.39383508435532966,-0.03429538534708095,7.48529388893714
0.006302379055803701,-0.3785205814183322,-0.16558789047889105,8.66685467103308
-0.4537415546013285,-0.6083950255438565,0.030227065653622157,15.587838484232465
-0.16738332064340422,-0.13481749302781382,0.06370976020401019,4.781512667939134
-0.32922773089974294,-0.32954230295067,-0.01703179464837306,10.505853219981198
0.1881865775924566,-0.24453035454357022,0.13184075956811095,10.867989709562893
0.07278159844996564,-0.2970386794307607,0.25651354872218834,10.311279041963704
-0.06987821536119657,-0.5785396356839266,0.07101930232979109,12.40850383872031
-0.0775477095965092,-0.49956751699725943,-0.06028300010800594,10.620836205529613
-0.2596769621504469,-0.45348391763510226,0.42561939594190507,15.97942998869631
-0.07666110849661122,-0.17968249185677876,0.39316349761941516,14.559683094561978
-0.24718139962206076,-0.13590124879979656,0.27959095170372394,16.56669199193288
-0.10870490050737029,-0.3675393623146217,0.34553574356161326,11.135206979342781
-0.21980502149434178,-0.5057998200422106,0.1967258592684807,10.810259102965855
-0.3030157770128941,-0.44231588608182487,0.3976004390260331,15.871024359159078
-0.2983087713231219,-0.4778871219470538,0.3501631084617962,13.887700894493605
-0.27226203072277017,-0.2858402572141569,0.16026711393872453,8.221976652405385
-0.2410285680664885,-0.2493119495752888,0.2453892910508311,9.102796473329455
-0.3107813493038661,-0.5986272338900038,-0.021729141715137804,12.564159573530574
-0.3773336594487867,-0.4966518822107699,0.3885781854709324,15.861440260729436
-0.3525144932997954,-0.46627294849189876,0.294743316455328,16.42668743860263
-0.05297059603082267,-0.3203154440662324,-0.4276911962121632,15.454885304726952
-0.19941731311291397,-0.46171171652724896,-0.41793614345110125,16.491627780271475
-0.07461812129502363,-0.22932364049502896,-0.49531610335210724,16.961516605258048
-0.06362101362071336,-0.34488026415258083,-0.4766218457116024,14.701410026289764
-0.12581191685418927,-0.4593709193773091,-0.3311077036710495,13.092565381531976
-0.30399724113280197,-0.38443252943659817,-0.2787604257385756,16.561453913335274
-0.29899101694825714,-0.5455691914591495,-0.12336374062646341,16.674325860598522
0.09530724793075325,-0.12590701818111566,-0.24265300491562283,7.8596144479427075
-0.10423307388092405,-0.4635260953275841,-0.3353075768364905,12.127319993387182
-0.04105659573420099,-0.38729666823039127,-0.14930136224349483,8.059307164855241
0.012843229039245325,-0.10092371838629287,-0.4419272155542515,14.403920901175965
0.0016301071379220705,0.03742473225400451,-0.22188424367570278,11.588870971737991
0.009968032971731619,0.13020883875909103,-0.2520354380709794,12.72663175211541
0.07813119084794744,0.17282165341507055,-0.20770732554582416,12.207500401737187
0.0073109732833676055,-0.03373775811820397,-0.054369151816424606,3.8895677100505623
0.0965519916859291,0.1416850161450275,0.08053086742110323,4.625890320996053
0.1015006259108941,0.21282681006639878,-0.011232063068371536,6.008287717083926
-0.031862469138899514,-0.008935201554389751,-0.09509858556229546,6.281401332471214
0.009835378498325659,-0.09991902726908788,-0.34650557790839476,9.526609917171164
0.09748309265874018,0.1118028212119046,-0.26462011754792386,10.658860575387886
0.05733231017501843,-0.22316033586027917,0.010126951074821988,5.133924285204012
0.2115441644099788,-0.15588933904112295,-0.08435116430650462,5.873269773278694
-0.1065244547665139,-0.2719576174843734,0.1054611803266329,5.956183745476773
0.14660135701960963,-0.09966264583418631,-0.02328759961497255,4.154194977026185
0.008076494265079885,0.037207349999492094,-0.044978076573819976,1.9788683831432998
0.00897505686893548,-0.12883324301592058,0.05917221328572628,3.787269052774927
-0.2024215528083676,-0.09271343464970401,-0.07789644520392616,11.0465065792465
-0.19171854557539644,-0.2617332751697384,-0.031403435039099294,6.7775988850928215
-0.06403339161555224,-0.25345771083801283,-0.12741544633869314,5.576636809709627
-0.2504790592584813,-0.10957214549799915,0.05508781952831538,6.7996648722481865
-0.23673558034375314,-0.12673019823318063,0.2802353098923679,16.393685260909113
-0.3742063835559708,-0.6389380397568839,0.0998806069126403,14.253427948613277
-0.1789270994769631,-0.4333170388250052,0.2583461748710299,10.66452753594805
-0.08714207572905487,-0.3949374335342912,0.31343800808019623,11.703702859346338
-0.24138600924191211,-0.48156727252473513,0.39909005585194907,13.601561309189652
-0.16128762757261458,-0.41403194498638163,0.34402262294968433,14.090232171595888
-0.30838405915102424,-0.46715837904009583,0.06717456592390246,9.899883503170983
-0.17415582672861044,-0.3321248741812609,0.1747234964960194,7.906514285263656
-0.16141995153573266,0.04029790943664091,0.016196747426856388,5.603613562782564
0.1499431956323114,-0.19342939455157285,0.29839415214640225,11.32865517286555
0.06072710586621078,-0.37011032561349017,0.14804734413426873,11.257968265559661
-0.0619747406887391,-0.3079025777020662,-0.04826679515838777,5.757554279556791
0.01628793334078598,-0.40797098895106665,-0.11262099786323601,10.052362303409563
-0.1612376521569915,-0.3592401655728331,0.4309502215625048,15.502180973616184
-0.26405131677839505,-0.4681880875826059,0.41521409466196707,15.680433074902787
-0.25198712346154906,-0.49944749371300007,0.3453081263259101,15.165613783756477
-0.16642274493655435,-0.5184232419640553,-0.2719419158813096,12.807722713321175
-0.06985869747565157,-0.5150400531004533,-0.3096216800762203,12.260285970539513
-0.24436146183734858,-0.5092267419226439,-0.23439649681839134,15.918106720117526
-0.18074371037560194,-0.18445932184552022,-0.13128944612429325,18.11343580574604
-0.050790510414004064,-0.15324717026517673,-0.40783298149136404,14.705530836123398
-0.04431260189909186,-0.28953399318274076,-0.5227374469158745,15.707264636279783
-0.039380861540126835,-0.2428597413533405,-0.5147709741172578,16.525517356121824
-0.14491629004371634,-0.4174222875395365,-0.46265154180428397,15.096570426821167
-0.026222980110766264,-0.28285387764916736,-0.49455291399809537,14.562177509302686
0.054452019955294924,-0.3221636435928552,0.08731982436147813,7.876721969546396
-0.007666726467508056,-0.2293495558577882,0.22332182776030038,7.6487431423314955
-0.1509434296962776,-0.24738752213270457,0.09060208337018433,5.611019808186289
0.05977314347822049,-0.03528467668750525,0.08137996204703947,3.6805570246023365
0.01579790296589118,0.1082671607061342,0.05409639800582604,3.262051893887067
0.06356519071320342,0.23505298627683352,0.07313059697450007,7.822305009437774
0.02987796211203951,0.2475325850678771,0.0428126924862594,6.658868766807518
-0.12579929325362088,-0.24259409563672973,-0.06902674948859984,5.940258860565021
-0.07669963939437294,-0.20687615310497862,-0.10028405602036053,4.6854920847675
-0.01447136701719419,-0.04980495773227169,0.031418122814031176,3.262837068537118
-0.1562241143178851,-0.34093495735190116,-0.14307419967331772,8.229288826567073
-0.18177787891585334,-0.09930721411825301,-0.0510638607349584,8.987031394994744
-0.11862772168153299,-0.19359323786756985,-0.12443111114481571,6.775450173667102
0.058467372926013235,0.2380394476110146,-0.1880819781842278,13.023893165303498
0.10145573003462756,0.14532193377122166,-0.16827359709775436,10.421782351098106
-0.11568839329679237,-0.47549436286420327,-0.16489728000664117,10.467214867075194
-0.038913510669916274,-0.3025024312503575,-0.38430690553166336,12.263872578999504
-0.06390267331036967,0.030037530586767544,-0.20101013898950945,15.32860097117425
0.03321306914064346,-0.21935223365521586,-0.4166099879720184,12.338367869455787
0.09405555747241705,-0.06959384158058053,-0.18443738971482648,6.626583048251424
-0.037053619776161915,-0.002942176007479474,-0.07863215960901021,6.1175979953148625
0.01939976812647927,-0.0798130923938974,-0.34728364363881276,9.683323139880654
0.003932213931887486,0.16483208559496787,-0.11806628779517928,12.810795160006414
0.09523572398079594,0.11427010809210904,-0.26007443634342564,10.209389056131037
-0.1729865424169635,0.03833769961838453,0.013922440856963916,5.703611342208554
-0.07085233649911145,-0.03707490574226699,-0.03228299823000543,4.663624824963944
-0.32128287600240674,-0.4819296448244676,-0.09059817732498432,11.64716119603888
0.017437761579528744,0.1479587339976311,-0.07468771904292971,7.881999336873824
-0.1870570992322123,-0.10220206102694807,-0.052882789331914905,9.036494961726591
-0.03557365711229207,-0.04379688102340763,-0.12399456241534773,6.029830053673839
-0.016255319333532282,-0.13389108056469404,-0.21882773317117726,6.000152622892253
0.11212841293118195,-0.06822152415173206,-0.29410992863871926,9.327291305785993
0.11441319498264371,0.0771497391831793,-0.15135655925396807,6.038376409283182
0.10249662331204176,0.22065481796408856,-0.03278357275569486,6.1419431311329715
-0.08409940318131845,-0.24248923193951225,-0.16566215469171672,6.179785446175201
0.15396608617306815,0.06730724615823626,-0.1810470776677599,5.4660193937816635
-0.1032113655138637,-0.40005243908638416,-0.06818005174452245,7.785865633982416
-0.002465123979599884,-0.39001523729216375,-0.2399986474849713,8.92066520791785
0.01928541879778657,-0.40320762320535014,-0.1067691605666818,10.417709995139337
-0.11706798405077785,-0.5208228679442285,-0.16013903766249676,12.843945508820179
-0.1473433896521733,-0.5302549658659175,-0.2631241948027413,13.644085809843356
-0.12513534518540254,-0.6771800969147449,-0.18435948784850176,16.43356622155797
-0.34515076811944245,-0.5303150544322306,-0.20578235395492114,15.725529542166623
-0.3040394217239053,-0.5396320390079261,-0.10942870102085892,12.29774440738313
-0.16379661661001324,-0.3126473525683635,-0.35463414810001054,13.287002075770822
-0.4589766528507856,-0.5877978161045081,0.12814570679225434,16.16741414563046
-0.36208874483305725,-0.5397747219853835,0.36407217892927257,16.31829748170544
0.001165253091114805,-0.5510872025631958,-0.529304459585942,18.1859923296904
-0.16921234419745862,-0.375845293440846,-0.4566918382775237,17.4056181197124
-0.17518929345764445,-0.3237063944633564,-0.4210894175002607,15.760674795015616
0.023959606029888777,-0.3063840424251722,-0.5204294865173529,15.099199970793233
-0.019374167372655383,-0.2697874356836008,-0.4488009583139658,12.873947047363192
0.0011937633493261245,-0.006863966669307283,-0.30191896532027934,10.615319381721202
-0.10612290598385958,-0.20123697330840015,-0.25307659926483106,16.081695569015135
-0.08018092283762754,-0.3348107322639594,-0.4302845014051141,16.042557232797122
0.23079394911433826,-0.2394554669255989,0.04262647300844187,10.623587757632977
0.05120402817892433,-0.3276563303165166,0.09767626649747349,8.249004793808034
-0.22045414473163236,-0.22534103678043735,0.18138842626285723,7.291907196382602
-0.11670528557677531,-0.35415315411250275,0.27164406771071103,9.724215912861498
-0.13666428471795805,-0.2897112871672751,0.039082772978446916,5.742346580630826
0.21230888501576045,-0.13975129379877146,-0.0915245421204148,5.397524682842495
0.0016595160336217826,-0.12970363169978003,0.19648531621910878,6.4921752814054505
0.008965467963386632,-0.042118189352728805,0.007090287160504292,3.0090689933593056
-0.05492514111402026,0.008986170869686658,0.07644126698221751,3.5911077125409356
-0.2240974564704102,-0.08054299991441935,0.22990329889933345,16.351656422023748
-0.3003663912261308,-0.31732066898182176,0.36201582384156256,12.677138781668148
-0.2839923029651796,-0.45292997954468756,0.38499172142127047,14.472298301302002
-0.015244366486894624,-0.4193583830625797,0.2398284482908149,11.756434719521817
-0.08406713299789305,-0.3986082025635978,0.322249592040429,11.904543834033824
-0.2582944374483457,-0.48776385488731233,0.41692534670779,15.44058302729442
-0.3970206548272763,-0.5608292234066615,0.29517999766950254,15.413218728207227
-0.30813844247232486,-0.33152034932188823,0.1638497288899047,9.11059423478676
-0.2062231217315603,-0.0759625688841081,0.06639223884155938,16.652133663912053
-0.3534426737581616,-0.5482173156005333,0.3586828482941242,16.48913116685215
-0.19934535798498507,-0.22378272498560542,0.4635403245468647,16.30536293399001
-0.3128990677074352,-0.3250384825606525,0.3840945891741471,16.65220522629852
-0.15017093540641707,-0.5059218306240483,0.2790304635232501,12.340939469634598
-0.27426682140799064,-0.4485127272271304,0.38006627238341795,14.379769401995308
-0.23020046886090847,-0.3717815541974303,0.22279512326180204,10.292226402644632
-0.11054750473946597,-0.35342235698599966,0.2585882194707632,9.562497887967876
0.32752597716616216,-0.05839254937959956,0.06105814250647343,10.772996010425858
-0.03280375209580432,-0.5572198268260838,-0.1135133539940721,10.931037681307014
-0.0751649402285007,-0.36997648629214364,0.06461945561434232,7.755722822655318
-0.024215094946980126,-0.445276051184113,0.19316687403304086,11.856839854718672
0.0030411268511032806,-0.23598281358965642,-0.30329705835369836,9.810627231109063
-0.06320165302090515,0.03671761749476881,-0.12976044803498368,10.319441211718322
0.019469001529370422,0.1560416839358135,-0.11335464334523544,11.895494350990363
-0.00042589476462556855,0.08661118096757994,-0.1849982875109344,12.533561293810841
-0.1678454833500779,-0.05897457850675229,-0.1457275379714122,11.842957986357113
-0.16604603019714811,-0.3287426136040034,-0.1417069216524753,8.285084058402683
-0.31628540375340336,-0.31935012563015025,0.08175129442454337,9.342690023509705
-0.28843548554606924,-0.5208933213236319,-0.11731637706589733,12.104887421837532
0.1870704473556478,-0.2419916722064655,-0.030536347156204686,7.587950141079712
0.160744671776127,-0.18508375610708033,-0.037542037625899236,5.793307046951367
-0.000709565029020482,-0.055030487388366,0.014929224626855635,3.1567087881237494
-0.15938552943200665,-0.4029294461686959,0.034131137391010695,7.6624792668719355
-0.13813544460310873,0.03535498021712192,0.18369191280488453,5.719904939422151
-0.27475318084582284,-0.14010150129816598,0.17140735824777842,7.734695519590171
0.09312689763335014,0.11231287337573821,-0.17042131734232094,8.322888505658625
0.06534701584699507,0.154502014120268,-0.04726011536772432,5.7438559552905275
-0.05241495695530077,-0.2599630749244811,-0.13673615640453893,5.623663709169866
0.08497116650081786,0.03492816421783258,-0.08597743448841033,3.7981568841150053
0.06752213721313657,-0.18507555894288513,-0.1804001083107484,5.879599001493061
-0.056574512575275376,-0.3479067674463801,-0.28599780161112714,9.498945227755776
-0.04373874198643851,-0.3475056631786728,-0.13229687231975754,7.122220137928988
-0.2245541496592667,-0.5788277217822602,-0.15203492946611183,13.744230340826434
-0.22368850294518308,-0.6094512908640835,0.009372138248690935,14.118640842607629
-0.32068024583669125,-0.5232380593051789,0.0013348538446430395,17.076610143929148
-0.19488483977175375,-0.4288023260870335,-0.3513031913417807,15.967632787654459
-0.22827128485948317,-0.5955875895644532,-0.26321500034747375,14.12094460446874
-0.08990253057561866,-0.6326558610630879,-0.3465408761282283,15.14263700329189
-0.23566042026031267,-0.450790792906857,-0.38734605401287975,17.104124403800604
-0.0826872804303414,-0.3225839094378971,-0.47753330166517505,13.660145924260485
-0.06760411560246095,-0.2279584376599632,-0.4951083316194909,17.27260385489192
-0.11493717093808348,-0.1929910815094844,-0.25736171842556227,16.26134615088668
-0.0008532876698677823,-0.31610318833908485,-0.4563620704734607,12.257861961204654
-0.01518596603780636,-0.26766908309207227,-0.43992969763295725,12.579703353551762
0.004864724249938016,-0.28212448037190996,-0.3426409754097698,10.105907861663198
-0.08706287334019455,-0.06446367318947341,-0.3417305038925744,16.74041400944657
-0.2234526496977886,-0.10422286496205271,0.25665622617667183,16.344895421575035
-0.17792658631403163,-0.33438013623644336,0.3548536217547085,11.180117722688014
-0.16567957621330714,-0.4533422273784891,0.25494591861794186,10.79255945050632
-0.19410741514709748,-0.33058738039256697,0.41245655881828763,13.28340692156006
-0.32855250190477936,-0.39504641945191493,0.38954467879353294,12.998449376244581
-0.1884557099157037,-0.2825196582549471,0.4446996091130572,15.539378054630625
-0.13463710168279108,0.03331806410876787,0.2826604184463369,15.055249021830836
0.04577566903485448,-0.03401446431978025,0.07877189735619178,3.9134669140984206
-0.05376818917635455,0.028056406071568576,0.0506705429226129,3.8681767330131547
-0.044403126134563875,-0.17874361995820592,0.08603565908027364,4.862478188497261
-0.16971313735401097,-0.3139034137495509,0.2033213171688576,7.803967479813351
0.002221205255342571,-0.4164884656164094,-0.14798854552955645,10.48224109069729
-0.14125793527459296,-0.4321275493429222,-0.11451678009281636,8.9526511519474
0.10270297406831112,-0.15743564086186662,-0.0652599499164925,4.420836127766737
-0.03757257088039075,-0.35099318460058865,0.04273063732298081,7.344934539425578
-0.06365678968708041,-0.5019265865270934,0.20177362927982118,12.377227358192892
0.1390030011608096,-0.12328154329985505,0.22153071441732447,8.03747029388719
0.18528574809432463,-0.2244586419904499,0.1798387052837059,10.435834046217837
0.05769398511810234,-0.34392644597495403,0.10742805213894333,8.509591755873583
-0.25908134637135527,-0.19204252532431473,-0.07707630699131457,10.41042777748661
-0.28712194370827365,-0.2954368412649048,-0.08287396484445617,10.193348076937303
-0.3052862610002625,-0.4839169243675347,0.057608117599541694,9.903325529963205
-0.23101162734622246,-0.24038926918295714,-0.0075707665437710165,6.796933492098098
0.11714514779959666,0.13806045795250704,-0.2318859086462064,13.264961513372825
0.13037270750339797,0.11956990042135485,-0.2289635957841375,11.503308168110872
-0.012237839962448725,0.2794034618151959,-0.08678215203183322,13.954974195558886
0.017197836529190092,-0.07060181734399025,-0.3427646439815368,10.985634825357403
0.00028899317521106205,-0.023508205124249563,-0.34249958503935707,13.774714313307841
-0.062443976563585184,-0.07210855772035074,-0.2560329691305368,14.105708206237004
0.2119832155202125,0.08238623498828909,-0.03306583148686199,6.34726782286326
0.07321322439343084,0.09970607971615601,-0.018355865533006922,3.1450595632832674
0.067541279003125,0.16462172651313503,-0.03682051512498574,5.562722369742169
0.0648035579258154,-0.11346775717196014,-0.22376946328517236,6.500807630584256
-0.03014557779611409,-0.13303379023321094,-0.22828145880271722,7.947664961296395
-0.01673017378535341,0.07674182586671213,-0.17491258004629381,10.028987887580548
-0.04216756669526108,-0.017756102999595385,-0.1250166301789871,6.6863119062560905
-0.33186274711757835,-0.48363032192697875,0.14241087646949407,15.226792101403811
-0.44096786702765606,-0.611994995904184,0.17348615867275363,14.56243000494832
-0.4069995227309589,-0.4675911884781746,0.11532329162564013,18.427802197909166
-0.2885259144638071,-0.5487218380968049,-0.11307817594035788,15.025371779174376
-0.15766090632271415,-0.45739873715413654,-0.06900054373766044,13.643804579418228
-0.15049462280286696,-0.4554306808030807,-0.4056774042602272,14.506881957022744
-0.2399026745297088,-0.5172527467753734,-0.2582833758312779,15.49818834427769
-0.02275437478704599,-0.34443256850926846,-0.4111924968435827,12.77673037765758
-0.005833772860412782,-0.3495335684793551,-0.45534299636285863,12.49313325892809
-0.2361584617728635,-0.3721853953679436,-0.4174124411430384,17.532074395976597
-0.0878485809301274,-0.3906672383315237,-0.46876631708792144,15.527037854201414
0.0167097777441268,-0.48649918685032045,-0.5332283567919152,18.31302831296702
-0.08693814240680811,-0.4884453076397358,-0.47727152138268614,15.129571250765926
-0.10421620088071225,-0.4145436664566538,-0.5055440933183649,15.592714192199962
