Time (min) - L1 670nm	 - L1 670nm	Time (min) - L2 785nm	 - L2 785nm	Time (min) - L3 980nm	 - L3 980nm	Time (min) - L5 670nm	 - L5 670nm	Time (min) - L6 785nm	 - L6 785nm	Time (min) - L7 980nm	 - L7 980nm	
0,183133	68,7381	0,183133	65,7308	0,183133	63,741	0,183133	68,7452	0,183133	65,6849	0,183133	63,6683	
0,349	68,7371	0,349	65,7301	0,349	63,7405	0,349	68,7437	0,349	65,6849	0,349	63,668	
0,513517	68,7358	0,513517	65,7297	0,513517	63,7405	0,513517	68,7441	0,513517	65,6842	0,513517	63,6677	
0,677217	68,7366	0,677217	65,7303	0,677217	63,7402	0,677217	68,7449	0,677217	65,6842	0,677217	63,6676	
0,841483	68,7367	0,841483	65,7297	0,841483	63,7402	0,841483	68,7444	0,841483	65,684	0,841483	63,6674	
1,00573	68,7354	1,00573	65,7298	1,00573	63,74	1,00573	68,744	1,00573	65,6835	1,00573	63,6671	
1,16995	68,7355	1,16995	65,7296	1,16995	63,7398	1,16995	68,7424	1,16995	65,6835	1,16995	63,667	
1,33393	68,735	1,33393	65,7292	1,33393	63,7397	1,33393	68,7429	1,33393	65,6833	1,33393	63,6669	
1,4986	68,7345	1,4986	65,7291	1,4986	63,7397	1,4986	68,7428	1,4986	65,6831	1,4986	63,6668	
1,66287	68,7357	1,66287	65,7287	1,66287	63,7395	1,66287	68,7427	1,66287	65,683	1,66287	63,6666	
1,82713	68,734	1,82713	65,7293	1,82713	63,7393	1,82713	68,7427	1,82713	65,6831	1,82713	63,6664	
1,9914	68,7341	1,9914	65,7285	1,9914	63,7394	1,9914	68,7411	1,9914	65,6826	1,9914	63,6664	
2,15512	68,7353	2,15512	65,7286	2,15512	63,7392	2,15512	68,7426	2,15512	65,683	2,15512	63,6662	
2,31883	68,7346	2,31883	65,7288	2,31883	63,7389	2,31883	68,7427	2,31883	65,6821	2,31883	63,6661	
2,48333	68,7344	2,48333	65,7282	2,48333	63,739	2,48333	68,7418	2,48333	65,6824	2,48333	63,6662	
2,64705	68,7349	2,64705	65,7279	2,64705	63,7391	2,64705	68,7417	2,64705	65,6821	2,64705	63,6661	
2,81127	68,7342	2,81127	65,728	2,81127	63,739	2,81127	68,7417	2,81127	65,6825	2,81127	63,666	
2,97553	68,7332	2,97553	65,7277	2,97553	63,7389	2,97553	68,7415	2,97553	65,6823	2,97553	63,6659	
3,13927	68,7347	3,13927	65,7278	3,13927	63,7386	3,13927	68,7416	3,13927	65,682	3,13927	63,6658	
3,3035	68,7332	3,3035	65,7281	3,3035	63,7388	3,3035	68,7398	3,3035	65,6822	3,3035	63,6658	
3,46748	68,7349	3,46748	65,7277	3,46748	63,7387	3,46748	68,7413	3,46748	65,6818	3,46748	63,666	
3,63175	68,7325	3,63175	65,7277	3,63175	63,7385	3,63175	68,7413	3,63175	65,6819	3,63175	63,6657	
3,79547	68,7346	3,79547	65,7276	3,79547	63,7383	3,79547	68,7416	3,79547	65,6819	3,79547	63,6657	
3,95947	68,7342	3,95947	65,7276	3,95947	63,7384	3,95947	68,7413	3,95947	65,6817	3,95947	63,6658	
4,12373	68,733	4,12373	65,727	4,12373	63,7385	4,12373	68,7399	4,12373	65,6817	4,12373	63,6659	
4,28823	68,7336	4,28823	65,7278	4,28823	63,7383	4,28823	68,7411	4,28823	65,6822	4,28823	63,6657	
4,45273	68,7335	4,45273	65,7275	4,45273	63,7382	4,45273	68,7404	4,45273	65,6816	4,45273	63,6661	
4,61698	68,7331	4,61698	65,7273	4,61698	63,7382	4,61698	68,7414	4,61698	65,6817	4,61698	63,666	
4,78125	68,7327	4,78125	65,7264	4,78125	63,7377	4,78125	68,7406	4,78125	65,6812	4,78125	63,6658	
4,94555	68,7322	4,94555	65,7271	4,94555	63,7378	4,94555	68,7403	4,94555	65,6814	4,94555	63,6659	
5,10925	68,7337	5,10925	65,7273	5,10925	63,738	5,10925	68,741	5,10925	65,6818	5,10925	63,6661	
5,2735	68,733	5,2735	65,7269	5,2735	63,738	5,2735	68,7394	5,2735	65,6818	5,2735	63,6662	
5,43777	68,733	5,43777	65,7271	5,43777	63,738	5,43777	68,741	5,43777	65,6819	5,43777	63,6664	
5,6023	68,7335	5,6023	65,7271	5,6023	63,738	5,6023	68,7405	5,6023	65,6817	5,6023	63,6666	
5,76683	68,7331	5,76683	65,7266	5,76683	63,7381	5,76683	68,7411	5,76683	65,6818	5,76683	63,6665	
5,93062	68,7328	5,93062	65,7277	5,93062	63,738	5,93062	68,7396	5,93062	65,6818	5,93062	63,6667	
6,09432	68,7322	6,09432	65,7271	6,09432	63,7378	6,09432	68,7391	6,09432	65,6822	6,09432	63,6667	
6,25857	68,7324	6,25857	65,7265	6,25857	63,738	6,25857	68,7407	6,25857	65,6823	6,25857	63,6673	
6,42308	68,7317	6,42308	65,7267	6,42308	63,738	6,42308	68,7405	6,42308	65,6828	6,42308	63,6673	
6,58767	68,7321	6,58767	65,7275	6,58767	63,7378	6,58767	68,7412	6,58767	65,6832	6,58767	63,6676	
6,75172	68,7325	6,75172	65,7271	6,75172	63,7378	6,75172	68,7413	6,75172	65,6838	6,75172	63,6679	
6,9157	68,7324	6,9157	65,7271	6,9157	63,7378	6,9157	68,7417	6,9157	65,6832	6,9157	63,6683	
7,07997	68,7331	7,07997	65,7265	7,07997	63,7378	7,07997	68,7417	7,07997	65,6836	7,07997	63,6685	
7,24423	68,7321	7,24423	65,7271	7,24423	63,7378	7,24423	68,7396	7,24423	65,6838	7,24423	63,6688	
7,40793	68,7331	7,40793	65,727	7,40793	63,7378	7,40793	68,7399	7,40793	65,6839	7,40793	63,6692	
7,57192	68,7322	7,57192	65,7263	7,57192	63,7377	7,57192	68,7423	7,57192	65,6844	7,57192	63,6695	
7,73648	68,7326	7,73648	65,7271	7,73648	63,7375	7,73648	69,584	7,73648	65,6848	7,73648	63,6698	
7,90047	68,7328	7,90047	65,7266	7,90047	63,7377	7,90047	69,5856	7,90047	65,6845	7,90047	63,6702	
8,06473	68,7333	8,06473	65,7264	8,06473	63,7375	8,06473	69,5874	8,06473	65,6849	8,06473	63,6705	
8,22898	68,7315	8,22898	65,727	8,22898	63,7377	8,22898	69,5895	8,22898	65,685	8,22898	63,6708	
8,39327	68,7335	8,39327	65,7266	8,39327	63,7377	8,39327	69,5926	8,39327	65,6842	8,39327	63,6709	
8,55698	68,7318	8,55698	65,7261	8,55698	63,738	8,55698	69,5961	8,55698	65,6832	8,55698	63,6717	
8,72125	68,7321	8,72125	65,7265	8,72125	63,7378	8,72125	69,6024	8,72125	66,5634	8,72125	63,6723	
8,88495	68,7318	8,88495	65,7267	8,88495	63,7375	8,88495	69,6033	8,88495	66,5686	8,88495	63,6727	
9,04893	68,733	9,04893	65,7264	9,04893	63,7379	9,04893	69,6073	9,04893	66,5751	9,04893	63,6733	
9,21317	68,7323	9,21317	65,7262	9,21317	63,7379	9,21317	69,6147	9,21317	66,5807	9,21317	63,6741	
9,37782	68,7334	9,37782	65,7266	9,37782	63,7379	9,37782	69,6195	9,37782	66,5869	9,37782	63,6748	
9,54183	68,7324	9,54183	65,7262	9,54183	63,7376	9,54183	69,625	9,54183	66,5933	9,54183	63,6751	
9,70582	68,7322	9,70582	65,7266	9,70582	63,7376	9,70582	69,631	9,70582	66,6007	9,70582	63,6759	
9,87007	68,732	9,87007	65,7267	9,87007	63,7375	9,87007	69,6376	9,87007	66,6096	9,87007	63,6765	
10,0338	68,7311	10,0338	65,7261	10,0338	63,7374	10,0338	43,1025	10,0338	42,4703	10,0338	63,677	
10,198	68,7319	10,198	65,7262	10,198	63,7374	10,198	43,1021	10,198	42,4705	10,198	63,6778	
10,3617	68,7326	10,3617	65,7267	10,3617	63,7379	10,3617	43,1019	10,3617	42,4704	10,3617	63,6792	
10,526	68,7323	10,526	65,7262	10,526	63,7372	10,526	43,1018	10,526	42,4709	10,526	63,6794	
10,6903	68,7322	10,6903	65,7262	10,6903	63,7375	10,6903	43,1013	10,6903	42,47	10,6903	63,6805	
10,8551	68,7322	10,8551	65,7265	10,8551	63,7376	10,8551	43,1015	10,8551	42,4703	10,8551	63,6818	
11,0188	68,7327	11,0188	65,7264	11,0188	63,7374	11,0188	43,1006	11,0188	42,47	11,0188	63,6825	
11,1825	68,7324	11,1825	65,7265	11,1825	63,7374	11,1825	43,1001	11,1825	42,4702	11,1825	63,6838	
11,3471	68,7316	11,3471	65,7264	11,3471	63,7374	11,3471	43,0996	11,3471	42,4698	11,3471	63,6847	
11,5108	68,7317	11,5108	65,7266	11,5108	63,7371	11,5108	43,0999	11,5108	42,4697	11,5108	63,6856	
11,6772	68,7322	11,6772	65,7267	11,6772	63,7373	11,6772	43,0993	11,6772	42,4698	11,6772	63,6867	
11,841	68,7313	11,841	65,7263	11,841	63,7375	11,841	43,0991	11,841	42,4698	11,841	63,6885	
12,0049	68,7312	12,0049	65,7259	12,0049	63,7372	12,0049	43,0987	12,0049	42,4693	12,0049	63,6899	
12,169	68,7307	12,169	65,726	12,169	63,7373	12,169	43,0985	12,169	42,4693	12,169	63,6911	
12,3348	68,7313	12,3348	65,7261	12,3348	63,7373	12,3348	43,0981	12,3348	42,4692	12,3348	63,6922	
12,4999	68,7318	12,4999	65,7262	12,4999	63,7373	12,4999	43,0981	12,4999	42,4692	12,4999	63,6936	
12,6638	68,731	12,6638	65,726	12,6638	63,7372	12,6638	43,0976	12,6638	42,4688	12,6638	63,695	
12,8281	68,7309	12,8281	65,726	12,8281	63,7373	12,8281	43,0973	12,8281	42,4684	12,8281	63,6967	
12,9925	68,7306	12,9925	65,726	12,9925	63,7369	12,9925	43,0971	12,9925	42,4683	12,9925	63,6977	
13,1562	68,7319	13,1562	65,7268	13,1562	63,7371	13,1562	43,0972	13,1562	42,4682	13,1562	75,4188	
13,3196	68,7312	13,3196	65,7266	13,3196	63,7371	13,3196	43,0968	13,3196	42,468	13,3196	75,4192	
13,4837	68,7318	13,4837	65,7262	13,4837	63,7373	13,4837	43,0967	13,4837	42,4676	13,4837	75,4052	
13,6471	68,7314	13,6471	65,726	13,6471	63,7369	13,6471	43,0967	13,6471	42,4677	13,6471	75,4055	
13,8108	68,7323	13,8108	65,7261	13,8108	63,7368	13,8108	43,0967	13,8108	42,4678	13,8108	75,403	
13,9748	68,7314	13,9748	65,726	13,9748	63,7371	13,9748	43,0965	13,9748	42,4676	13,9748	75,4047	
14,1385	68,7318	14,1385	65,7256	14,1385	63,7371	14,1385	43,0963	14,1385	42,4676	14,1385	75,4056	
14,3022	68,7309	14,3022	65,7263	14,3022	63,737	14,3022	43,096	14,3022	42,4671	14,3022	75,4165	
14,4657	68,7311	14,4657	65,7261	14,4657	63,7369	14,4657	43,0957	14,4657	42,4674	14,4657	75,4153	
14,6291	68,7308	14,6291	65,7255	14,6291	63,737	14,6291	43,0959	14,6291	42,4673	14,6291	75,4022	
14,7931	68,7309	14,7931	65,7253	14,7931	63,7366	14,7931	43,0954	14,7931	42,4674	14,7931	75,3993	
14,9566	68,7309	14,9566	65,7257	14,9566	63,7369	14,9566	43,096	14,9566	42,4673	14,9566	75,4024	
15,1203	68,7306	15,1203	65,7262	15,1203	63,7369	15,1203	43,0955	15,1203	42,4673	15,1203	75,4123	
15,284	68,731	15,284	65,7259	15,284	63,7368	15,284	43,0954	15,284	42,4665	15,284	75,4001	
15,4483	68,7312	15,4483	65,7262	15,4483	63,7367	15,4483	43,0955	15,4483	42,4668	15,4483	78,1136	
15,6128	68,7308	15,6128	65,726	15,6128	63,7367	15,6128	43,0954	15,6128	42,4668	15,6128	78,1211	
15,7763	68,7319	15,7763	65,7256	15,7763	63,7371	15,7763	43,0956	15,7763	42,4669	15,7763	78,119	
15,9405	68,7315	15,9405	65,7259	15,9405	63,7368	15,9405	43,0953	15,9405	42,4671	15,9405	78,1119	
16,1045	68,7316	16,1045	65,7254	16,1045	63,7369	16,1045	43,0951	16,1045	42,4668	16,1045	78,114	
16,2682	68,7313	16,2682	65,7256	16,2682	63,7369	16,2682	43,0953	16,2682	42,4666	16,2682	78,0968	
16,4319	68,7303	16,4319	65,7252	16,4319	63,7367	16,4319	43,0949	16,4319	42,4667	16,4319	78,0999	
16,5962	68,7315	16,5962	65,726	16,5962	63,7367	16,5962	43,0952	16,5962	42,4666	16,5962	78,1208	
16,761	68,731	16,761	65,7263	16,761	63,7366	16,761	43,0951	16,761	42,4669	16,761	78,1266	
16,9244	68,7309	16,9244	65,7258	16,9244	63,7369	16,9244	43,0949	16,9244	42,4664	16,9244	77,9565	
17,0884	68,7311	17,0884	65,7254	17,0884	63,7366	17,0884	43,0947	17,0884	42,4665	17,0884	78,1211	
17,2521	68,7304	17,2521	65,725	17,2521	63,737	17,2521	43,0946	17,2521	42,4668	17,2521	78,0468	
17,4161	68,7315	17,4161	65,7256	17,4161	63,7369	17,4161	43,095	17,4161	42,4663	17,4161	78,1078	
17,5802	68,7309	17,5802	65,7261	17,5802	63,7369	17,5802	43,0942	17,5802	42,4661	17,5802	78,1183	
17,7439	68,7302	17,7439	65,7254	17,7439	63,7368	17,7439	43,0943	17,7439	42,4661	17,7439	78,0875	
17,9076	68,7308	17,9076	65,7259	17,9076	63,7369	17,9076	43,0943	17,9076	42,4661	17,9076	78,0859	
18,071	68,7314	18,071	65,7253	18,071	63,7368	18,071	43,0939	18,071	42,4664	18,071	78,0767	
18,235	68,7316	18,235	65,7258	18,235	63,737	18,235	43,0944	18,235	42,4659	18,235	78,1062	
18,3987	68,7317	18,3987	65,7263	18,3987	63,7369	18,3987	43,0939	18,3987	42,4662	18,3987	78,1165	
18,5627	68,7327	18,5627	65,7266	18,5627	63,7373	18,5627	43,094	18,5627	42,4662	18,5627	78,1276	
18,727	68,7327	18,727	65,7266	18,727	63,7378	18,727	43,0943	18,727	42,4659	18,727	78,0703	
18,8905	68,7323	18,8905	65,727	18,8905	63,7377	18,8905	43,0941	18,8905	42,4659	18,8905	78,1203	
19,0542	68,7317	19,0542	65,7271	19,0542	63,7378	19,0542	43,094	19,0542	42,4663	19,0542	78,1061	
19,2179	68,732	19,2179	65,727	19,2179	63,7379	19,2179	43,0941	19,2179	42,4659	19,2179	78,1155	
19,382	68,7331	19,382	65,7266	19,382	63,7377	19,382	43,0941	19,382	42,4658	19,382	78,1259	
19,5463	68,732	19,5463	65,7267	19,5463	63,7378	19,5463	43,0942	19,5463	42,4661	19,5463	78,1079	
19,71	68,7327	19,71	65,7268	19,71	63,738	19,71	43,0939	19,71	42,4662	19,71	78,0964	
19,8734	68,7325	19,8734	65,7267	19,8734	63,7376	19,8734	43,0938	19,8734	42,4658	19,8734	78,0876	
20,0369	68,7321	20,0369	65,7265	20,0369	63,738	20,0369	43,0938	20,0369	42,4657	20,0369	78,1092	
20,2006	68,7318	20,2006	65,7261	20,2006	63,7378	20,2006	43,0939	20,2006	42,4657	20,2006	78,1158	
20,3643	68,7338	20,3643	65,7265	20,3643	63,7378	20,3643	43,094	20,3643	42,4658	20,3643	78,052	
20,5283	68,7331	20,5283	65,7269	20,5283	63,7376	20,5283	43,0938	20,5283	42,4655	20,5283	78,1165	
20,6923	68,7327	20,6923	65,7271	20,6923	63,7377	20,6923	43,0938	20,6923	42,4665	20,6923	77,9851	
20,8564	68,7323	20,8564	65,7268	20,8564	63,7377	20,8564	43,0937	20,8564	42,4657	20,8564	78,1207	
21,0204	68,7323	21,0204	65,7269	21,0204	63,7381	21,0204	43,094	21,0204	42,4657	21,0204	78,0598	
21,1844	68,7326	21,1844	65,7266	21,1844	63,738	21,1844	43,0935	21,1844	42,4654	21,1844	78,0834	
21,3487	68,7322	21,3487	65,7274	21,3487	63,7379	21,3487	43,0937	21,3487	42,4657	21,3487	78,1261	
21,5121	68,7334	21,5121	65,727	21,5121	63,7377	21,5121	43,0936	21,5121	42,4653	21,5121	78,0685	
21,6759	68,731	21,6759	65,7264	21,6759	63,7378	21,6759	43,0937	21,6759	42,4654	21,6759	78,0289	
21,8396	68,7321	21,8396	65,7264	21,8396	63,7377	21,8396	43,0931	21,8396	42,4652	21,8396	78,0237	
22,0035	68,7312	22,0035	65,7259	22,0035	63,7376	22,0035	43,0934	22,0035	42,4653	22,0035	78,1074	
22,1673	68,7325	22,1673	65,7266	22,1673	63,7377	22,1673	43,0934	22,1673	42,4651	22,1673	78,0991	
22,331	68,7329	22,331	65,7269	22,331	63,7379	22,331	43,0933	22,331	42,4648	22,331	78,0834	
22,4947	68,7334	22,4947	65,7265	22,4947	63,7378	22,4947	43,0931	22,4947	42,4645	22,4947	77,6343	
22,6585	68,7317	22,6585	65,7263	22,6585	63,7375	22,6585	43,0933	22,6585	42,4649	22,6585	78,1157	
22,822	68,7317	22,822	65,7264	22,822	63,7377	22,822	43,0932	22,822	42,465	22,822	78,0688	
22,9854	68,7323	22,9854	65,7266	22,9854	63,7378	22,9854	43,0929	22,9854	42,4648	22,9854	78,1064	
23,1491	68,7321	23,1491	65,727	23,1491	63,738	23,1491	43,0934	23,1491	42,4648	23,1491	78,0986	
23,3126	68,7321	23,3126	65,7264	23,3126	63,7377	23,3126	43,0935	23,3126	42,4651	23,3126	78,1074	
23,476	68,7321	23,476	65,7274	23,476	63,7379	23,476	43,0933	23,476	42,4651	23,476	77,9911	
23,6395	68,7317	23,6395	65,7264	23,6395	63,7378	23,6395	43,093	23,6395	42,4651	23,6395	78,0727	
23,8034	68,7326	23,8034	65,7263	23,8034	63,7375	23,8034	43,0931	23,8034	42,465	23,8034	78,1164	
23,9674	68,732	23,9674	65,7266	23,9674	63,7379	23,9674	43,0933	23,9674	42,465	23,9674	78,0585	
24,1311	68,7323	24,1311	65,7266	24,1311	63,7377	24,1311	43,0932	24,1311	42,4651	24,1311	78,0951	
24,2948	68,7326	24,2948	65,7261	24,2948	63,7375	24,2948	43,0929	24,2948	42,4652	24,2948	78,0895	
24,4589	68,7316	24,4589	65,7266	24,4589	63,7376	24,4589	43,0932	24,4589	42,4652	24,4589	78,1073	
24,6224	68,7307	24,6224	65,7259	24,6224	63,7377	24,6224	43,0933	24,6224	42,465	24,6224	78,0459	
24,7858	68,7324	24,7858	65,7267	24,7858	63,7375	24,7858	43,0933	24,7858	42,4651	24,7858	78,1121	
24,9493	68,7311	24,9493	65,7261	24,9493	63,7373	24,9493	43,0929	24,9493	42,4648	24,9493	78,1122	
25,113	68,732	25,113	65,726	25,113	63,7376	25,113	43,0933	25,113	42,4649	25,113	78,0679	
25,277	68,7319	25,277	65,7258	25,277	63,7375	25,277	43,0931	25,277	42,4651	25,277	78,0933	
25,4404	68,7318	25,4404	65,7271	25,4404	63,7374	25,4404	43,0932	25,4404	42,4653	25,4404	78,1166	
25,6047	68,7315	25,6047	65,7263	25,6047	63,7375	25,6047	43,0931	25,6047	42,4655	25,6047	78,0869	
25,7693	68,732	25,7693	65,7262	25,7693	63,7377	25,7693	43,0932	25,7693	42,4651	25,7693	78,1147	
25,9336	68,7314	25,9336	65,7265	25,9336	63,7378	25,9336	43,0933	25,9336	42,4652	25,9336	77,8922	
26,0976	68,7314	26,0976	65,7265	26,0976	63,7378	26,0976	43,0934	26,0976	42,4652	26,0976	78,1165	
26,2618	68,7303	26,2618	65,7262	26,2618	63,7379	26,2618	43,0932	26,2618	42,4652	26,2618	78,0834	
26,4263	68,731	26,4263	65,7263	26,4263	63,7376	26,4263	43,0931	26,4263	42,4652	26,4263	78,1052	
26,5911	68,7307	26,5911	65,7256	26,5911	63,7372	26,5911	43,0928	26,5911	42,4649	26,5911	78,1155	
26,7548	68,7301	26,7548	65,7255	26,7548	63,7369	26,7548	43,0927	26,7548	42,4649	26,7548	78,1106	
26,9191	68,7309	26,9191	65,7244	26,9191	63,7363	26,9191	43,0931	26,9191	42,465	26,9191	78,1022	
27,0833	68,7296	27,0833	65,7253	27,0833	63,7366	27,0833	43,0928	27,0833	42,4654	27,0833	78,1184	
27,2484	68,7303	27,2484	65,7249	27,2484	63,7365	27,2484	43,093	27,2484	42,4651	27,2484	78,076	
27,4129	68,7297	27,4129	65,7249	27,4129	63,7367	27,4129	43,093	27,4129	42,4651	27,4129	78,0379	
27,5772	68,73	27,5772	65,725	27,5772	63,7364	27,5772	43,0927	27,5772	42,4644	27,5772	78,0454	
27,7415	68,7303	27,7415	65,7248	27,7415	63,7366	27,7415	43,0931	27,7415	42,4647	27,7415	78,0405	
27,9055	68,7304	27,9055	65,7254	27,9055	63,7363	27,9055	43,0977	27,9055	42,4675	27,9055	75,397	
28,0695	68,7312	28,0695	65,7253	28,0695	63,7364	28,0695	43,0967	28,0695	42,4672	28,0695	75,3949	
28,2343	68,7312	28,2343	65,7252	28,2343	63,7365	28,2343	43,0964	28,2343	42,467	28,2343	75,3969	
28,3985	68,7294	28,3985	65,725	28,3985	63,7363	28,3985	43,0968	28,3985	42,4675	28,3985	75,3968	
28,5625	68,7303	28,5625	65,7252	28,5625	63,7364	28,5625	43,0968	28,5625	42,4674	28,5625	75,3946	
28,7268	68,7302	28,7268	65,7251	28,7268	63,7364	28,7268	43,0967	28,7268	42,4675	28,7268	75,3971	
28,8913	68,7317	28,8913	65,7245	28,8913	63,7365	28,8913	43,0969	28,8913	42,4677	28,8913	75,3979	
29,0553	68,7301	29,0553	65,7251	29,0553	63,7364	29,0553	43,0966	29,0553	42,4674	29,0553	75,396	
29,2193	68,7299	29,2193	65,7245	29,2193	63,7361	29,2193	43,096	29,2193	42,467	29,2193	75,3926	
29,3834	68,7294	29,3834	65,7259	29,3834	63,7364	29,3834	43,0959	29,3834	42,4674	29,3834	75,3944	
29,5485	68,7297	29,5485	65,725	29,5485	63,7363	29,5485	43,0962	29,5485	42,4669	29,5485	75,3962	
29,7127	68,7303	29,7127	65,7255	29,7127	63,7363	29,7127	43,0958	29,7127	42,4665	29,7127	75,3958	
29,8772	68,7301	29,8772	65,7245	29,8772	63,7364	29,8772	43,0959	29,8772	42,4665	29,8772	75,4026	
30,042	68,731	30,042	65,7251	30,042	63,7363	30,042	43,0959	30,042	42,4664	30,042	75,3918	
30,2057	68,7292	30,2057	65,725	30,2057	63,7363	30,2057	43,096	30,2057	42,467	30,2057	75,4017	
30,3699	68,7308	30,3699	65,7246	30,3699	63,7364	30,3699	43,0959	30,3699	42,4666	30,3699	75,406	
30,5339	68,7294	30,5339	65,7249	30,5339	63,7364	30,5339	43,0957	30,5339	42,4669	30,5339	75,3902	
30,6987	68,7295	30,6987	65,725	30,6987	63,7364	30,6987	43,0963	30,6987	42,4671	30,6987	75,4042	
30,8627	68,7293	30,8627	65,7245	30,8627	63,7367	30,8627	43,0958	30,8627	42,4665	30,8627	75,3913	
31,0266	68,7304	31,0266	65,7247	31,0266	63,7365	31,0266	43,0955	31,0266	42,4667	31,0266	75,3909	
31,1906	68,7304	31,1906	65,7244	31,1906	63,7367	31,1906	43,0958	31,1906	42,4667	31,1906	75,3912	
31,3549	68,73	31,3549	65,7238	31,3549	63,7363	31,3549	43,0952	31,3549	42,4665	31,3549	75,3904	
31,5189	68,7289	31,5189	65,7252	31,5189	63,7363	31,5189	43,0952	31,5189	42,4668	31,5189	75,3891	
31,6828	68,7293	31,6828	65,7242	31,6828	63,7364	31,6828	43,0953	31,6828	42,4661	31,6828	75,3936	
31,8465	68,7289	31,8465	65,7246	31,8465	63,7363	31,8465	43,0953	31,8465	42,4666	31,8465	78,1188	
32,0103	68,7299	32,0103	65,7247	32,0103	63,7361	32,0103	43,0954	32,0103	42,4664	32,0103	78,1045	
32,174	68,731	32,174	65,7245	32,174	63,7358	32,174	43,0953	32,174	42,4663	32,174	78,1152	
32,3383	68,7288	32,3383	65,7243	32,3383	63,7363	32,3383	43,0951	32,3383	42,4661	32,3383	78,0439	
32,5026	68,7297	32,5026	65,7246	32,5026	63,7365	32,5026	43,095	32,5026	42,4659	32,5026	77,919	
32,668	68,7296	32,668	65,7242	32,668	63,7363	32,668	43,095	32,668	42,4661	32,668	78,0288	
32,832	68,7299	32,832	65,7243	32,832	63,7367	32,832	43,095	32,832	42,4662	32,832	77,8327	
32,9957	68,7291	32,9957	65,7252	32,9957	63,7362	32,9957	43,0949	32,9957	42,466	32,9957	78,1241	
33,1605	68,729	33,1605	65,7244	33,1605	63,7362	33,1605	43,0949	33,1605	42,4662	33,1605	78,1113	
33,3247	68,7293	33,3247	65,7244	33,3247	63,7361	33,3247	43,0949	33,3247	42,466	33,3247	78,0885	
33,489	68,7287	33,489	65,7243	33,489	63,736	33,489	43,0949	33,489	42,4661	33,489	78,1102	
33,6535	68,7292	33,6535	65,7244	33,6535	63,7361	33,6535	43,0947	33,6535	42,4663	33,6535	77,9863	
33,8172	68,7289	33,8172	65,7248	33,8172	63,736	33,8172	43,0947	33,8172	42,4661	33,8172	78,106	
33,9809	68,7293	33,9809	65,7246	33,9809	63,7361	33,9809	43,0942	33,9809	42,4658	33,9809	78,0669	
34,1454	68,7297	34,1454	65,725	34,1454	63,7359	34,1454	43,0946	34,1454	42,4662	34,1454	78,0873	
34,3097	68,7301	34,3097	65,7242	34,3097	63,7359	34,3097	43,0945	34,3097	42,466	34,3097	78,0155	
34,4737	68,7287	34,4737	65,7246	34,4737	63,736	34,4737	43,0939	34,4737	42,4657	34,4737	78,1137	
34,6382	68,7294	34,6382	65,7243	34,6382	63,7361	34,6382	43,0944	34,6382	42,4658	34,6382	78,11	
34,8028	68,7306	34,8028	65,7245	34,8028	63,736	34,8028	43,0941	34,8028	42,4658	34,8028	78,0932	
34,9668	68,7294	34,9668	65,7245	34,9668	63,7361	34,9668	43,0939	34,9668	42,4655	34,9668	77,9276	
35,1315	68,7295	35,1315	65,7245	35,1315	63,7358	35,1315	43,0937	35,1315	42,4654	35,1315	78,1146	
35,2958	68,7306	35,2958	65,7245	35,2958	63,7359	35,2958	43,0939	35,2958	42,4654	35,2958	78,0655	
35,4598	68,7296	35,4598	65,7246	35,4598	63,7358	35,4598	43,0938	35,4598	42,4654	35,4598	78,1212	
35,6241	68,7305	35,6241	65,7244	35,6241	63,7359	35,6241	43,0941	35,6241	42,4654	35,6241	78,0797	
35,7892	68,731	35,7892	65,7241	35,7892	63,7359	35,7892	43,0942	35,7892	42,4654	35,7892	78,0346	
35,9528	68,7295	35,9528	65,7241	35,9528	63,7356	35,9528	43,094	35,9528	42,4656	35,9528	78,1084	
36,1171	68,729	36,1171	65,724	36,1171	63,7358	36,1171	43,0938	36,1171	42,4657	36,1171	77,8996	
36,2813	68,7294	36,2813	65,7231	36,2813	63,7359	36,2813	43,0939	36,2813	42,4655	36,2813	78,1072	
36,4451	68,7303	36,4451	65,7249	36,4451	63,7356	36,4451	43,094	36,4451	42,466	36,4451	78,0298	
36,6094	68,7296	36,6094	65,7246	36,6094	63,7356	36,6094	43,0941	36,6094	42,4656	36,6094	77,9495	
36,7734	68,7282	36,7734	65,7241	36,7734	63,7358	36,7734	43,0938	36,7734	42,4652	36,7734	78,0879	
36,9383	68,7296	36,9383	65,7242	36,9383	63,7357	36,9383	43,0941	36,9383	42,4658	36,9383	78,0535	
37,1022	68,7293	37,1022	65,7245	37,1022	63,7357	37,1022	43,0941	37,1022	42,4654	37,1022	78,098	
37,2668	68,7302	37,2668	65,7239	37,2668	63,7359	37,2668	43,0938	37,2668	42,4655	37,2668	78,4819	
37,4305	68,7289	37,4305	65,7242	37,4305	63,7359	37,4305	43,0936	37,4305	42,4656	37,4305	78,0906	
37,5945	68,7304	37,5945	65,7246	37,5945	63,7359	37,5945	43,0937	37,5945	42,4653	37,5945	77,9853	
37,7579	68,7286	37,7579	65,7244	37,7579	63,7357	37,7579	43,0937	37,7579	42,4652	37,7579	78,0907	
37,9222	68,7287	37,9222	65,7245	37,9222	63,7357	37,9222	43,094	37,9222	42,4655	37,9222	78,1055	
38,0863	68,7295	38,0863	65,7242	38,0863	63,7359	38,0863	43,0936	38,0863	42,4656	38,0863	78,065	
38,2505	68,7291	38,2505	65,7238	38,2505	63,7358	38,2505	43,0938	38,2505	42,4654	38,2505	77,6486	
38,4148	68,7301	38,4148	65,724	38,4148	63,7359	38,4148	43,0936	38,4148	42,4654	38,4148	78,0533	
38,5786	68,7297	38,5786	65,7244	38,5786	63,7358	38,5786	43,0935	38,5786	42,4654	38,5786	78,1135	
38,7428	68,7283	38,7428	65,7245	38,7428	63,7358	38,7428	43,0935	38,7428	42,4654	38,7428	78,1204	
38,9066	68,7287	38,9066	65,7244	38,9066	63,7358	38,9066	43,0933	38,9066	42,4654	38,9066	77,9317	
39,0705	68,7294	39,0705	65,7245	39,0705	63,736	39,0705	43,0935	39,0705	42,4654	39,0705	78,0963	
39,2342	68,7287	39,2342	65,7243	39,2342	63,7357	39,2342	43,0932	39,2342	42,4652	39,2342	78,1193	
39,398	68,7284	39,398	65,7243	39,398	63,7361	39,398	43,0936	39,398	42,4654	39,398	77,7334	
39,5625	68,7287	39,5625	65,724	39,5625	63,7361	39,5625	43,0932	39,5625	42,4651	39,5625	78,0945	
39,7262	68,7301	39,7262	65,7244	39,7262	63,7361	39,7262	43,0932	39,7262	42,4649	39,7262	77,9364	
39,8902	68,7284	39,8902	65,7241	39,8902	63,7356	39,8902	43,0933	39,8902	42,4652	39,8902	77,8446	
40,0542	68,7284	40,0542	65,7241	40,0542	63,7359	40,0542	43,0933	40,0542	42,4651	40,0542	77,5494	
40,2182	68,7278	40,2182	65,7241	40,2182	63,7358	40,2182	43,0932	40,2182	42,4647	40,2182	78,0754	
40,3819	68,7282	40,3819	65,7241	40,3819	63,7356	40,3819	43,0933	40,3819	42,4649	40,3819	78,1117	
40,5458	68,7286	40,5458	65,7242	40,5458	63,736	40,5458	43,093	40,5458	42,4649	40,5458	78,0985	
40,7098	68,7286	40,7098	65,7239	40,7098	63,7358	40,7098	43,093	40,7098	42,4651	40,7098	78,0879	
40,8735	68,7284	40,8735	65,7243	40,8735	63,7358	40,8735	43,0932	40,8735	42,4653	40,8735	78,111	
41,0376	68,729	41,0376	65,724	41,0376	63,7357	41,0376	43,0931	41,0376	42,4648	41,0376	78,0998	
41,2016	68,7283	41,2016	65,7241	41,2016	63,7357	41,2016	43,0931	41,2016	42,4646	41,2016	78,0815	
41,3662	68,7283	41,3662	65,7234	41,3662	63,7358	41,3662	43,0933	41,3662	42,4649	41,3662	77,8971	
41,5302	68,7299	41,5302	65,7247	41,5302	63,7357	41,5302	43,093	41,5302	42,465	41,5302	78,0914	
41,694	68,728	41,694	65,7241	41,694	63,7357	41,694	43,0933	41,694	42,465	41,694	78,0973	
41,8582	68,7292	41,8582	65,7244	41,8582	63,7358	41,8582	43,0929	41,8582	42,4646	41,8582	78,0935	
42,0233	68,7292	42,0233	65,7244	42,0233	63,7361	42,0233	43,0929	42,0233	42,4646	42,0233	77,9741	
42,1873	68,7289	42,1873	65,7242	42,1873	63,7357	42,1873	43,0928	42,1873	42,4645	42,1873	78,0855	
42,3518	68,7287	42,3518	65,7246	42,3518	63,736	42,3518	43,0927	42,3518	42,464	42,3518	78,1077	
42,5158	68,7284	42,5158	65,7251	42,5158	63,7361	42,5158	43,0927	42,5158	42,4638	42,5158	77,9465	
42,6798	68,7291	42,6798	65,7242	42,6798	63,736	42,6798	43,0929	42,6798	42,4649	42,6798	89,4984	
42,8443	68,7291	42,8443	65,725	42,8443	63,7362	42,8443	43,0928	42,8443	42,4648	42,8443	80,2212	
43,008	68,7282	43,008	65,7244	43,008	63,7359	43,008	43,0926	43,008	42,4646	43,008	77,9095	
43,172	68,7288	43,172	65,7245	43,172	63,7359	43,172	43,0925	43,172	42,4645	43,172	78,109	
43,336	68,7304	43,336	65,7241	43,336	63,7359	43,336	43,0934	43,336	42,4648	43,336	78,3258	
43,5006	68,7278	43,5006	65,7238	43,5006	63,7356	43,5006	43,0927	43,5006	42,4646	43,5006	78,1036	
43,6646	68,7278	43,6646	65,7239	43,6646	63,7357	43,6646	43,0926	43,6646	42,4648	43,6646	78,0581	
43,8285	68,7283	43,8285	65,7238	43,8285	63,7359	43,8285	43,0927	43,8285	42,4646	43,8285	78,0017	
43,993	68,7278	43,993	65,7238	43,993	63,736	43,993	43,0926	43,993	42,4646	43,993	75,7832	
44,1568	68,7282	44,1568	65,7246	44,1568	63,7361	44,1568	43,0929	44,1568	42,4643	44,1568	78,2915	
44,3207	68,7303	44,3207	65,7244	44,3207	63,7359	44,3207	43,0925	44,3207	42,4643	44,3207	78,253	
44,4845	68,7289	44,4845	65,7247	44,4845	63,7358	44,4845	43,0927	44,4845	42,4645	44,4845	78,0668	
44,6495	68,7287	44,6495	65,7242	44,6495	63,736	44,6495	43,0927	44,6495	42,4638	44,6495	77,8819	
44,8129	68,7284	44,8129	65,7245	44,8129	63,7353	44,8129	43,0928	44,8129	42,4643	44,8129	78,4699	
44,9764	68,7289	44,9764	65,7241	44,9764	63,7359	44,9764	43,0927	44,9764	42,4641	44,9764	78,0944	
45,1401	68,7282	45,1401	65,7247	45,1401	63,7361	45,1401	43,0925	45,1401	42,4644	45,1401	78,1006	
45,3044	68,7288	45,3044	65,7247	45,3044	63,7359	45,3044	43,0927	45,3044	42,4645	45,3044	78,0873	
45,4681	68,728	45,4681	65,7241	45,4681	63,736	45,4681	43,0928	45,4681	42,4641	45,4681	73,9492	
45,6323	68,7284	45,6323	65,7243	45,6323	63,7358	45,6323	43,0925	45,6323	42,4642	45,6323	78,1131	
45,7961	68,7276	45,7961	65,7243	45,7961	63,736	45,7961	43,0927	45,7961	42,4645	45,7961	78,0329	
45,9595	68,7286	45,9595	65,7242	45,9595	63,7359	45,9595	43,0926	45,9595	42,4644	45,9595	77,946	
46,1238	68,729	46,1238	65,7234	46,1238	63,7362	46,1238	43,0923	46,1238	42,4643	46,1238	78,0979	
46,2878	68,7276	46,2878	65,7242	46,2878	63,736	46,2878	43,0925	46,2878	42,4642	46,2878	78,0722	
46,4515	68,7276	46,4515	65,7244	46,4515	63,7359	46,4515	43,0926	46,4515	42,4643	46,4515	77,7594	
46,6155	68,7287	46,6155	65,724	46,6155	63,7359	46,6155	43,0927	46,6155	42,4644	46,6155	78,0513	
46,78	68,7288	46,78	65,724	46,78	63,7359	46,78	43,0926	46,78	42,4646	46,78	78,0048	
46,944	68,7281	46,944	65,7239	46,944	63,736	46,944	43,0922	46,944	42,4644	46,944	78,0626	
47,1082	68,7284	47,1082	65,7242	47,1082	63,7361	47,1082	43,0924	47,1082	42,464	47,1082	78,1009	
47,2728	68,7284	47,2728	65,7241	47,2728	63,7362	47,2728	43,0925	47,2728	42,464	47,2728	77,7785	
47,4367	68,7283	47,4367	65,7238	47,4367	63,7358	47,4367	43,0922	47,4367	42,4639	47,4367	75,1914	
47,6007	68,7288	47,6007	65,7241	47,6007	63,7358	47,6007	43,0922	47,6007	42,4642	47,6007	78,0867	
47,7649	68,7283	47,7649	65,7241	47,7649	63,7359	47,7649	43,0923	47,7649	42,4643	47,7649	78,1021	
47,9298	68,7275	47,9298	65,7236	47,9298	63,7359	47,9298	43,0922	47,9298	42,4641	47,9298	78,1032	
48,0941	68,7293	48,0941	65,7236	48,0941	63,7355	48,0941	43,0926	48,0941	42,4643	48,0941	78,0959	
48,2583	68,7275	48,2583	65,7243	48,2583	63,7358	48,2583	43,0921	48,2583	42,4642	48,2583	77,7959	
48,4226	68,7288	48,4226	65,7242	48,4226	63,7358	48,4226	43,0924	48,4226	42,4645	48,4226	78,0618	
48,5869	68,7287	48,5869	65,7237	48,5869	63,7356	48,5869	43,0921	48,5869	42,4637	48,5869	78,0991	
48,7503	68,7277	48,7503	65,7237	48,7503	63,7358	48,7503	43,0921	48,7503	42,4641	48,7503	78,0789	
48,9143	68,7279	48,9143	65,7242	48,9143	63,7358	48,9143	43,0923	48,9143	42,4641	48,9143	78,1078	
49,078	68,7271	49,078	65,7234	49,078	63,736	49,078	43,0922	49,078	42,4639	49,078	78,043	
49,2425	68,7299	49,2425	65,7238	49,2425	63,7359	49,2425	43,0922	49,2425	42,4642	49,2425	78,0667	
49,4068	68,729	49,4068	65,7243	49,4068	63,7358	49,4068	43,0924	49,4068	42,464	49,4068	78,2697	
49,5707	68,7292	49,5707	65,7243	49,5707	63,7356	49,5707	43,0922	49,5707	42,4638	49,5707	78,4265	
49,7345	68,7289	49,7345	65,7237	49,7345	63,7359	49,7345	43,0925	49,7345	42,464	49,7345	78,0547	
49,8987	68,7283	49,8987	65,7237	49,8987	63,7356	49,8987	43,0924	49,8987	42,4641	49,8987	78,1143	
50,0626	68,7276	50,0626	65,7239	50,0626	63,7358	50,0626	43,0921	50,0626	42,4639	50,0626	78,0429	
50,2266	68,7281	50,2266	65,724	50,2266	63,7359	50,2266	43,0921	50,2266	42,4641	50,2266	78,7202	
50,3904	68,7286	50,3904	65,7239	50,3904	63,7358	50,3904	43,0923	50,3904	42,4637	50,3904	77,7324	
50,5544	68,7289	50,5544	65,7238	50,5544	63,7357	50,5544	43,092	50,5544	42,4642	50,5544	79,9865	
50,7197	68,7287	50,7197	65,7239	50,7197	63,7357	50,7197	43,092	50,7197	42,4641	50,7197	75,3783	
50,8839	68,7272	50,8839	65,7231	50,8839	63,7357	50,8839	43,0953	50,8839	42,4658	50,8839	77,7833	
51,0479	68,7287	51,0479	65,7237	51,0479	63,7359	51,0479	43,0944	51,0479	42,4657	51,0479	78,08	
51,2116	68,7294	51,2116	65,7235	51,2116	63,7358	51,2116	43,0949	51,2116	42,466	51,2116	78,0964	
51,3757	68,7284	51,3757	65,7235	51,3757	63,7358	51,3757	43,0946	51,3757	42,4656	51,3757	78,8126	
51,54	68,7288	51,54	65,7237	51,54	63,7356	51,54	43,0948	51,54	42,4659	51,54	78,3083	
51,7037	68,7287	51,7037	65,7239	51,7037	63,7357	51,7037	43,095	51,7037	42,4656	51,7037	77,9072	
51,869	68,7288	51,869	65,7238	51,869	63,7357	51,869	43,0946	51,869	42,4658	51,869	78,0277	
52,0328	68,7278	52,0328	65,7245	52,0328	63,7359	52,0328	43,0943	52,0328	42,4658	52,0328	78,0035	
52,1973	68,7277	52,1973	65,7239	52,1973	63,7359	52,1973	43,0947	52,1973	42,465	52,1973	78,0988	
52,361	68,7296	52,361	65,7241	52,361	63,736	52,361	43,094	52,361	42,4652	52,361	78,0586	
52,5253	68,7281	52,5253	65,7233	52,5253	63,7357	52,5253	43,0941	52,5253	42,4653	52,5253	76,7142	
52,689	68,7279	52,689	65,7237	52,689	63,7358	52,689	43,0941	52,689	42,4651	52,689	85,0234	
52,8536	68,7301	52,8536	65,7242	52,8536	63,7358	52,8536	43,0942	52,8536	42,4652	52,8536	77,5632	
53,0175	68,7292	53,0175	65,7244	53,0175	63,7359	53,0175	43,094	53,0175	42,4654	53,0175	78,1026	
53,1818	68,7285	53,1818	65,7239	53,1818	63,7361	53,1818	43,0941	53,1818	42,4654	53,1818	77,6911	
53,346	68,7286	53,346	65,7244	53,346	63,7357	53,346	43,0935	53,346	42,4649	53,346	78,0932	
53,5103	68,7291	53,5103	65,7247	53,5103	63,736	53,5103	43,0939	53,5103	42,4652	53,5103	78,0474	
53,6751	68,7287	53,6751	65,7239	53,6751	63,736	53,6751	43,0934	53,6751	42,465	53,6751	78,1073	
53,8388	68,7292	53,8388	65,7243	53,8388	63,7359	53,8388	43,0936	53,8388	42,4651	53,8388	77,8714	
54,0028	68,7287	54,0028	65,7233	54,0028	63,7359	54,0028	43,0936	54,0028	42,4649	54,0028	78,0508	
54,1673	68,7276	54,1673	65,7242	54,1673	63,7354	54,1673	43,0932	54,1673	42,4649	54,1673	77,9011	
54,331	68,7295	54,331	65,7238	54,331	63,7356	54,331	43,0935	54,331	42,4646	54,331	78,1141	
54,4945	68,7281	54,4945	65,7232	54,4945	63,7359	54,4945	43,0934	54,4945	42,4646	54,4945	78,0821	
54,6592	68,7285	54,6592	65,7235	54,6592	63,7358	54,6592	43,0935	54,6592	42,465	54,6592	78,0739	
54,8227	68,7291	54,8227	65,7234	54,8227	63,7356	54,8227	43,0935	54,8227	42,465	54,8227	78,2937	
54,9864	68,7289	54,9864	65,724	54,9864	63,7357	54,9864	43,0934	54,9864	42,4648	54,9864	78,082	
55,1499	68,7274	55,1499	65,7242	55,1499	63,7356	55,1499	43,0933	55,1499	42,4649	55,1499	78,0353	
55,3144	68,7287	55,3144	65,7237	55,3144	63,7358	55,3144	43,0933	55,3144	42,4647	55,3144	78,1009	
55,4781	68,7283	55,4781	65,7242	55,4781	63,7358	55,4781	43,0932	55,4781	42,4648	55,4781	77,835	
55,6421	68,7283	55,6421	65,7248	55,6421	63,7358	55,6421	43,0931	55,6421	42,4643	55,6421	77,7683	
55,8061	68,7289	55,8061	65,7246	55,8061	63,7356	55,8061	43,093	55,8061	42,4646	55,8061	78,1164	
55,9699	68,7281	55,9699	65,724	55,9699	63,7358	55,9699	43,0929	55,9699	42,4645	55,9699	78,0429	
56,1338	68,7287	56,1338	65,7235	56,1338	63,7358	56,1338	43,0933	56,1338	42,4644	56,1338	78,0955	
56,2975	68,728	56,2975	65,7237	56,2975	63,736	56,2975	43,093	56,2975	42,4644	56,2975	78,0982	
56,4618	68,7288	56,4618	65,7239	56,4618	63,7358	56,4618	43,0935	56,4618	42,4647	56,4618	78,0174	
56,626	68,7278	56,626	65,7238	56,626	63,7355	56,626	43,0928	56,626	42,4644	56,626	78,1034	
56,7903	68,7274	56,7903	65,7238	56,7903	63,7359	56,7903	43,0928	56,7903	42,4643	56,7903	78,1018	
56,9551	68,7284	56,9551	65,7247	56,9551	63,7356	56,9551	43,0931	56,9551	42,4647	56,9551	78,009	
57,1193	68,7286	57,1193	65,7237	57,1193	63,7357	57,1193	43,0926	57,1193	42,4642	57,1193	78,0862	
57,2833	68,7287	57,2833	65,7238	57,2833	63,7359	57,2833	43,0931	57,2833	42,4647	57,2833	78,1097	
57,4473	68,7281	57,4473	65,7244	57,4473	63,7358	57,4473	43,0929	57,4473	42,4641	57,4473	78,1107	
57,6116	68,7284	57,6116	65,7238	57,6116	63,7359	57,6116	43,0928	57,6116	42,4647	57,6116	77,7838	
57,7759	68,7277	57,7759	65,7238	57,7759	63,7355	57,7759	43,0926	57,7759	42,4642	57,7759	78,1101	
57,9399	68,7288	57,9399	65,7244	57,9399	63,7355	57,9399	43,0923	57,9399	42,4643	57,9399	77,1976	
58,1041	68,7281	58,1041	65,7236	58,1041	63,7357	58,1041	43,0925	58,1041	42,4641	58,1041	78,1119	
58,2684	68,7286	58,2684	65,7245	58,2684	63,7357	58,2684	43,0924	58,2684	42,464	58,2684	78,0987	
58,4332	68,7281	58,4332	65,7237	58,4332	63,7356	58,4332	43,0922	58,4332	42,4645	58,4332	62,7592	
58,5975	68,7283	58,5975	65,724	58,5975	63,7356	58,5975	43,0923	58,5975	42,4643	58,5975	78,079	
58,7612	68,7278	58,7612	65,7247	58,7612	63,7355	58,7612	43,0924	58,7612	42,4643	58,7612	77,4866	
58,9257	68,7288	58,9257	65,7239	58,9257	63,7358	58,9257	43,0923	58,9257	42,4644	58,9257	77,9819	
59,0902	68,7288	59,0902	65,7236	59,0902	63,7356	59,0902	43,0926	59,0902	42,4644	59,0902	78,9189	
59,2542	68,7275	59,2542	65,7233	59,2542	63,7354	59,2542	43,0924	59,2542	42,4641	59,2542	78,0738	
59,4182	68,7283	59,4182	65,7239	59,4182	63,7355	59,4182	43,0927	59,4182	42,4647	59,4182	79,0692	
59,5823	68,7298	59,5823	65,7231	59,5823	63,7356	59,5823	43,0925	59,5823	42,4644	59,5823	78,0293	
59,7466	68,7281	59,7466	65,7243	59,7466	63,7357	59,7466	43,0926	59,7466	42,4644	59,7466	83,9627	
59,9109	68,7274	59,9109	65,7235	59,9109	63,7356	59,9109	43,0926	59,9109	42,464	59,9109	78,0914	
60,0751	68,7275	60,0751	65,7236	60,0751	63,7355	60,0751	43,0925	60,0751	42,4642	60,0751	78,0802	
60,2388	68,7291	60,2388	65,7243	60,2388	63,7356	60,2388	43,0923	60,2388	42,4642	60,2388	78,0778	
60,4031	68,728	60,4031	65,7238	60,4031	63,7356	60,4031	43,0924	60,4031	42,4639	60,4031	78,3415	
60,5668	68,7293	60,5668	65,7232	60,5668	63,7357	60,5668	43,0922	60,5668	42,4642	60,5668	78,0972	
60,7306	68,7272	60,7306	65,7238	60,7306	63,7357	60,7306	43,0925	60,7306	42,464	60,7306	79,363	
60,8946	68,7295	60,8946	65,7242	60,8946	63,7356	60,8946	43,0921	60,8946	42,4638	60,8946	78,0152	
61,0586	68,7275	61,0586	65,7246	61,0586	63,7356	61,0586	43,0921	61,0586	42,4641	61,0586	78,0546	
61,2223	68,7278	61,2223	65,7238	61,2223	63,7352	61,2223	43,0921	61,2223	42,4643	61,2223	78,11	
61,3863	68,7274	61,3863	65,7239	61,3863	63,7355	61,3863	43,0924	61,3863	42,464	61,3863	78,0714	
61,55	68,7288	61,55	65,7235	61,55	63,7353	61,55	43,0922	61,55	42,4637	61,55	77,9952	
61,7143	68,7278	61,7143	65,7238	61,7143	63,7353	61,7143	43,0919	61,7143	42,4638	61,7143	77,95	
61,8782	68,728	61,8782	65,7238	61,8782	63,7351	61,8782	43,0922	61,8782	42,4645	61,8782	78,528	
62,0417	68,7281	62,0417	65,7241	62,0417	63,735	62,0417	43,0924	62,0417	42,4645	62,0417	80,4401	
62,2054	68,7272	62,2054	65,7241	62,2054	63,7354	62,2054	43,0918	62,2054	42,464	62,2054	78,1197	
62,3692	68,7288	62,3692	65,7238	62,3692	63,7355	62,3692	43,0917	62,3692	42,4637	62,3692	78,0873	
62,5329	68,7284	62,5329	65,7233	62,5329	63,7356	62,5329	43,0925	62,5329	42,4641	62,5329	77,6834	
62,6966	68,7267	62,6966	65,7241	62,6966	63,7354	62,6966	43,0921	62,6966	42,4638	62,6966	76,5741	
62,8604	68,7273	62,8604	65,724	62,8604	63,7351	62,8604	43,0918	62,8604	42,4635	62,8604	78,1033	
63,0246	68,7285	63,0246	65,7243	63,0246	63,7354	63,0246	43,0917	63,0246	42,4656	63,0246	78,1019	
63,1884	68,7272	63,1884	65,7245	63,1884	63,7351	63,1884	43,0923	63,1884	42,4635	63,1884	78,104	
63,3523	68,7292	63,3523	65,7243	63,3523	63,7354	63,3523	43,0922	63,3523	42,4637	63,3523	78,0948	
63,5158	68,7284	63,5158	65,725	63,5158	63,7356	63,5158	43,0919	63,5158	42,4639	63,5158	78,0416	
63,6792	68,7279	63,6792	65,7241	63,6792	63,7352	63,6792	43,0918	63,6792	42,4637	63,6792	78,1151	
63,8429	68,7286	63,8429	65,7238	63,8429	63,7355	63,8429	43,0919	63,8429	42,4636	63,8429	78,0044	
64,0069	68,7288	64,0069	65,724	64,0069	63,7352	64,0069	43,0918	64,0069	42,4639	64,0069	77,456	
64,1707	68,7281	64,1707	65,7237	64,1707	63,7352	64,1707	43,0916	64,1707	42,4637	64,1707	78,119	
64,3341	68,7276	64,3341	65,7238	64,3341	63,7352	64,3341	43,0915	64,3341	42,4637	64,3341	78,1083	
64,4983	68,7272	64,4983	65,7244	64,4983	63,7353	64,4983	43,0916	64,4983	42,4638	64,4983	78,09	
64,6618	68,7287	64,6618	65,7236	64,6618	63,7354	64,6618	43,0916	64,6618	42,4638	64,6618	78,0761	
64,8257	68,7282	64,8257	65,7236	64,8257	63,7354	64,8257	43,0916	64,8257	42,4638	64,8257	78,3401	
64,9894	68,728	64,9894	65,7237	64,9894	63,7353	64,9894	43,0917	64,9894	42,4634	64,9894	77,9468	
65,1531	68,7274	65,1531	65,724	65,1531	63,7354	65,1531	43,0918	65,1531	42,465	65,1531	77,3037	
65,3171	68,7291	65,3171	65,7245	65,3171	63,7356	65,3171	43,0915	65,3171	42,4634	65,3171	78,0596	
65,4808	68,7291	65,4808	65,7237	65,4808	63,7357	65,4808	43,0917	65,4808	42,4638	65,4808	76,8605	
65,6446	68,7279	65,6446	65,7239	65,6446	63,7355	65,6446	43,0918	65,6446	42,4635	65,6446	78,4735	
65,8088	68,7293	65,8088	65,7241	65,8088	63,7356	65,8088	43,0916	65,8088	42,4649	65,8088	78,0286	
65,9728	68,7295	65,9728	65,7236	65,9728	63,7356	65,9728	43,0915	65,9728	42,4651	65,9728	78,0158	
66,1371	68,7286	66,1371	65,7237	66,1371	63,7357	66,1371	43,0917	66,1371	42,4638	66,1371	78,4189	
66,3008	68,7289	66,3008	65,724	66,3008	63,7359	66,3008	43,0916	66,3008	42,4637	66,3008	78,9251	
66,4648	68,7297	66,4648	65,7247	66,4648	63,7358	66,4648	43,0917	66,4648	42,4636	66,4648	77,71	
66,6288	68,7519	66,6288	65,7354	66,6288	63,742	66,6288	43,0915	66,6288	42,4636	66,6288	78,0464	
66,7931	68,7935	66,7931	65,7633	66,7931	63,7605	66,7931	43,0916	66,7931	42,4634	66,7931	78,1242	
66,9568	68,8005	66,9568	65,7702	66,9568	63,7667	66,9568	43,0914	66,9568	42,4636	66,9568	77,9054	
67,1205	68,806	67,1205	65,7744	67,1205	63,7705	67,1205	43,0916	67,1205	42,4634	67,1205	78,0768	
67,284	68,8089	67,284	65,7767	67,284	63,7729	67,284	43,0914	67,284	42,4637	67,284	77,798	
67,4474	68,8103	67,4474	65,7786	67,4474	63,7746	67,4474	43,0915	67,4474	42,4637	67,4474	78,0853	
67,6115	68,8109	67,6115	65,7795	67,6115	63,7756	67,6115	43,0913	67,6115	42,4634	67,6115	78,5205	
67,7752	68,8121	67,7752	65,781	67,7752	63,7769	67,7752	43,0917	67,7752	42,4651	67,7752	75,634	
67,9389	68,8148	67,9389	65,7812	67,9389	63,7776	67,9389	43,0916	67,9389	42,4636	67,9389	78,0935	
68,1029	68,8147	68,1029	65,7831	68,1029	63,7783	68,1029	43,0913	68,1029	42,4636	68,1029	78,0547	
68,2674	68,8153	68,2674	65,7837	68,2674	63,7784	68,2674	43,0913	68,2674	42,4636	68,2674	78,0961	
68,4311	68,8161	68,4311	65,7835	68,4311	63,7788	68,4311	43,0914	68,4311	42,4633	68,4311	77,8195	
68,5951	68,8156	68,5951	65,783	68,5951	63,779	68,5951	43,0912	68,5951	42,4651	68,5951	78,0424	
68,7593	68,8165	68,7593	65,7833	68,7593	63,779	68,7593	43,0911	68,7593	42,4651	68,7593	78,1122	
68,9236	68,8163	68,9236	65,7842	68,9236	63,7791	68,9236	43,0911	68,9236	42,4647	68,9236	78,1093	
69,0874	68,8148	69,0874	65,7833	69,0874	63,7789	69,0874	43,091	69,0874	42,4636	69,0874	77,9486	
69,2516	68,816	69,2516	65,7834	69,2516	63,7787	69,2516	43,0912	69,2516	42,4635	69,2516	77,8035	
69,415	68,8164	69,415	65,783	69,415	63,7789	69,415	43,091	69,415	42,4636	69,415	78,1006	
69,579	68,8164	69,579	65,7828	69,579	63,779	69,579	43,0909	69,579	42,4637	69,579	77,9505	
69,7428	68,8165	69,7428	65,7833	69,7428	63,7789	69,7428	43,0912	69,7428	42,4647	69,7428	78,5825	
69,9068	68,815	69,9068	65,7826	69,9068	63,779	69,9068	43,0912	69,9068	42,4635	69,9068	78,1077	
70,0707	68,8166	70,0707	65,7832	70,0707	63,7787	70,0707	43,0912	70,0707	42,4633	70,0707	78,103	
70,2342	68,8153	70,2342	65,7834	70,2342	63,779	70,2342	43,0914	70,2342	42,4649	70,2342	77,2983	
70,3979	68,8154	70,3979	65,7839	70,3979	63,7788	70,3979	43,0911	70,3979	42,465	70,3979	77,982	
70,5617	68,8159	70,5617	65,7829	70,5617	63,779	70,5617	43,0913	70,5617	42,4647	70,5617	78,0898	
70,7254	68,8145	70,7254	65,7829	70,7254	63,7789	70,7254	43,0912	70,7254	42,4649	70,7254	78,0512	
70,8894	68,8153	70,8894	65,7833	70,8894	63,779	70,8894	43,0914	70,8894	42,4648	70,8894	77,8911	
71,0536	68,8163	71,0536	65,7832	71,0536	63,779	71,0536	43,0909	71,0536	42,4648	71,0536	78,2841	
71,2176	68,8167	71,2176	65,7833	71,2176	63,7789	71,2176	43,0913	71,2176	42,4647	71,2176	78,1078	
71,3816	68,8145	71,3816	65,7835	71,3816	63,7788	71,3816	43,0913	71,3816	42,4637	71,3816	78,1018	
71,5453	68,8152	71,5453	65,7833	71,5453	63,7789	71,5453	43,0913	71,5453	42,4653	71,5453	78,1105	
71,7093	68,8163	71,7093	65,7829	71,7093	63,7791	71,7093	43,0916	71,7093	42,465	71,7093	78,1122	
71,8728	68,8168	71,8728	65,783	71,8728	63,779	71,8728	43,0912	71,8728	42,4651	71,8728	78,5069	
72,0362	68,8162	72,0362	65,7837	72,0362	63,7787	72,0362	43,0912	72,0362	42,4649	72,0362	78,0646	
72,2002	68,815	72,2002	65,7827	72,2002	63,7786	72,2002	43,0924	72,2002	42,4638	72,2002	78,0189	
72,3642	68,8149	72,3642	65,7829	72,3642	63,7783	72,3642	43,0935	72,3642	42,4648	72,3642	78,0874	
72,5277	68,8159	72,5277	65,7824	72,5277	63,7782	72,5277	43,0933	72,5277	42,4647	72,5277	78,6961	
72,6915	68,8158	72,6915	65,7825	72,6915	63,7779	72,6915	43,0933	72,6915	42,4648	72,6915	78,0439	
72,8552	68,8149	72,8552	65,7816	72,8552	63,7776	72,8552	43,0932	72,8552	42,4649	72,8552	78,0919	
73,0191	68,8146	73,0191	65,7812	73,0191	63,7777	73,0191	43,0932	73,0191	42,4647	73,0191	72,0044	
73,1834	68,8145	73,1834	65,7814	73,1834	63,7771	73,1834	43,0929	73,1834	42,4646	73,1834	78,0764	
73,3469	68,8125	73,3469	65,7809	73,3469	63,7771	73,3469	43,0931	73,3469	42,4646	73,3469	77,9762	
73,5103	68,8142	73,5103	65,7806	73,5103	63,7765	73,5103	43,0927	73,5103	42,4642	73,5103	78,0626	
73,674	68,8126	73,674	65,7804	73,674	63,7763	73,674	43,0927	73,674	42,4641	73,674	77,9747	
73,8374	68,8109	73,8374	65,7796	73,8374	63,7758	73,8374	43,0925	73,8374	42,464	73,8374	78,0304	
74,0014	68,8122	74,0014	65,7797	74,0014	63,775	74,0014	43,0925	74,0014	42,4641	74,0014	78,1045	
74,1654	68,8117	74,1654	65,7797	74,1654	63,7749	74,1654	43,0925	74,1654	42,4639	74,1654	78,0785	
74,3294	68,8114	74,3294	65,7786	74,3294	63,7747	74,3294	43,0925	74,3294	42,4641	74,3294	78,0636	
74,4934	68,81	74,4934	65,7768	74,4934	63,7736	74,4934	43,0925	74,4934	42,4642	74,4934	78,3195	
74,6574	68,8044	74,6574	65,7728	74,6574	63,7699	74,6574	43,0921	74,6574	42,4641	74,6574	77,9113	
74,8216	68,8008	74,8216	65,771	74,8216	63,7669	74,8216	43,0923	74,8216	42,4642	74,8216	77,9588	
74,9852	68,7976	74,9852	65,7675	74,9852	63,7645	74,9852	43,0923	74,9852	42,4641	74,9852	78,0582	
75,1491	68,7922	75,1491	65,7642	75,1491	63,7617	75,1491	43,0925	75,1491	42,4641	75,1491	78,3415	
75,3136	68,7885	75,3136	65,7616	75,3136	63,7591	75,3136	43,092	75,3136	42,4641	75,3136	77,3142	
75,4776	68,7815	75,4776	65,7564	75,4776	63,7559	75,4776	43,0922	75,4776	42,4644	75,4776	78,0755	
75,6421	68,7529	75,6421	65,7396	75,6421	63,7453	75,6421	43,0923	75,6421	42,4639	75,6421	78,3245	
75,8058	68,7349	75,8058	65,7288	75,8058	63,7386	75,8058	43,0925	75,8058	42,4638	75,8058	77,8078	
75,9698	68,7301	75,9698	65,7252	75,9698	63,7361	75,9698	43,0924	75,9698	42,4643	75,9698	78,0414	
76,1344	68,7277	76,1344	65,7241	76,1344	63,7356	76,1344	43,0925	76,1344	42,4642	76,1344	76,3847	
76,298	68,7284	76,298	65,7243	76,298	63,7357	76,298	43,0924	76,298	42,4638	76,298	78,058	
76,4626	68,7285	76,4626	65,7229	76,4626	63,7355	76,4626	43,0923	76,4626	42,4641	76,4626	77,5736	
76,6268	68,7279	76,6268	65,7237	76,6268	63,7353	76,6268	43,0923	76,6268	42,464	76,6268	78,0109	
76,7914	68,7266	76,7914	65,723	76,7914	63,7354	76,7914	43,0924	76,7914	42,464	76,7914	78,0839	
76,9559	68,727	76,9559	65,723	76,9559	63,7354	76,9559	43,0922	76,9559	42,4636	76,9559	78,1212	
77,1199	68,7281	77,1199	65,7235	77,1199	63,7353	77,1199	43,092	77,1199	42,4638	77,1199	78,1054	
77,2844	68,7265	77,2844	65,7234	77,2844	63,7354	77,2844	43,092	77,2844	42,4641	77,2844	78,1154	
77,4489	68,727	77,4489	65,7226	77,4489	63,7352	77,4489	43,0924	77,4489	42,464	77,4489	78,3335	
77,6131	68,7273	77,6131	65,7232	77,6131	63,7352	77,6131	43,0924	77,6131	42,4639	77,6131	78,1128	
77,7768	68,7278	77,7768	65,7232	77,7768	63,7353	77,7768	43,0925	77,7768	42,4643	77,7768	77,8655	
77,9414	68,727	77,9414	65,7229	77,9414	63,7352	77,9414	43,0923	77,9414	42,464	77,9414	78,1232	
78,1053	68,726	78,1053	65,723	78,1053	63,7353	78,1053	43,0924	78,1053	42,4642	78,1053	78,1023	
78,2701	68,7267	78,2701	65,7236	78,2701	63,7354	78,2701	43,0926	78,2701	42,4644	78,2701	78,0047	
78,4339	68,7269	78,4339	65,7231	78,4339	63,7354	78,4339	43,0923	78,4339	42,4637	78,4339	78,1144	
78,5986	68,7271	78,5986	65,7224	78,5986	63,7355	78,5986	43,092	78,5986	42,4637	78,5986	75,6662	
78,7632	68,7278	78,7632	65,7229	78,7632	63,7352	78,7632	43,0922	78,7632	42,464	78,7632	78,1022	
78,9274	68,727	78,9274	65,7225	78,9274	63,7351	78,9274	43,0921	78,9274	42,4639	78,9274	78,03	
79,0914	68,7265	79,0914	65,7234	79,0914	63,7353	79,0914	43,0925	79,0914	42,4642	79,0914	78,1211	
79,2557	68,7277	79,2557	65,7237	79,2557	63,7352	79,2557	43,0921	79,2557	42,4635	79,2557	78,1174	
79,4197	68,7269	79,4197	65,7228	79,4197	63,7354	79,4197	43,092	79,4197	42,4636	79,4197	77,7585	
79,5845	68,7269	79,5845	65,723	79,5845	63,7353	79,5845	43,0919	79,5845	42,4635	79,5845	78,1094	
79,749	68,7258	79,749	65,7229	79,749	63,7353	79,749	43,0921	79,749	42,464	79,749	78,0397	
79,9133	68,7259	79,9133	65,723	79,9133	63,7351	79,9133	43,0917	79,9133	42,4637	79,9133	78,0903	
80,0775	68,726	80,0775	65,7243	80,0775	63,7354	80,0775	43,0921	80,0775	42,4634	80,0775	78,0206	
80,2415	68,7269	80,2415	65,7233	80,2415	63,7352	80,2415	43,092	80,2415	42,4639	80,2415	78,1088	
80,4052	68,7259	80,4052	65,7231	80,4052	63,7351	80,4052	43,0918	80,4052	42,4639	80,4052	78,0923	
80,5692	68,7262	80,5692	65,7236	80,5692	63,7352	80,5692	43,0916	80,5692	42,4639	80,5692	78,1136	
80,7329	68,7264	80,7329	65,7231	80,7329	63,7352	80,7329	43,0919	80,7329	42,4636	80,7329	78,1135	
80,8972	68,7264	80,8972	65,7225	80,8972	63,7352	80,8972	43,0919	80,8972	42,4636	80,8972	77,9449	
81,061	68,7256	81,061	65,7226	81,061	63,735	81,061	43,092	81,061	42,4636	81,061	78,0156	
81,2247	68,726	81,2247	65,7226	81,2247	63,7351	81,2247	43,092	81,2247	42,4639	81,2247	78,1156	
81,3889	68,7258	81,3889	65,7237	81,3889	63,7349	81,3889	43,092	81,3889	42,4636	81,3889	78,1072	
81,5535	68,7257	81,5535	65,7224	81,5535	63,7352	81,5535	43,0917	81,5535	42,4638	81,5535	78,0005	
81,7175	68,7267	81,7175	65,7232	81,7175	63,7349	81,7175	43,0919	81,7175	42,4636	81,7175	78,1205	
81,8821	68,7264	81,8821	65,723	81,8821	63,7353	81,8821	43,092	81,8821	42,4637	81,8821	78,0916	
82,0458	68,7264	82,0458	65,7239	82,0458	63,7351	82,0458	43,0918	82,0458	42,4651	82,0458	78,6689	
82,2101	68,7279	82,2101	65,7228	82,2101	63,7355	82,2101	43,0921	82,2101	42,4637	82,2101	77,9644	
82,3743	68,7266	82,3743	65,7223	82,3743	63,7351	82,3743	43,0916	82,3743	42,465	82,3743	77,8278	
82,5389	68,7263	82,5389	65,7236	82,5389	63,7353	82,5389	43,0918	82,5389	42,4635	82,5389	78,1045	
82,7032	68,7261	82,7032	65,7227	82,7032	63,7351	82,7032	43,0918	82,7032	42,4634	82,7032	78,0452	
82,8677	68,7255	82,8677	65,7229	82,8677	63,7351	82,8677	43,0917	82,8677	42,4635	82,8677	78,0955	
83,0322	68,7272	83,0322	65,7226	83,0322	63,7352	83,0322	43,092	83,0322	42,4635	83,0322	78,1103	
83,1962	68,7272	83,1962	65,7231	83,1962	63,7351	83,1962	43,0917	83,1962	42,4636	83,1962	78,772	
83,3599	68,7261	83,3599	65,723	83,3599	63,7351	83,3599	43,0915	83,3599	42,4638	83,3599	78,1247	
83,5239	68,7267	83,5239	65,723	83,5239	63,7351	83,5239	43,0918	83,5239	42,4635	83,5239	78,1168	
83,6877	68,726	83,6877	65,7222	83,6877	63,7352	83,6877	43,0916	83,6877	42,4649	83,6877	78,0341	
83,8514	68,726	83,8514	65,7228	83,8514	63,7351	83,8514	43,0918	83,8514	42,4649	83,8514	78,1107	
84,0156	68,7261	84,0156	65,7228	84,0156	63,7349	84,0156	43,0914	84,0156	42,4635	84,0156	78,0907	
84,1796	68,7273	84,1796	65,7224	84,1796	63,7351	84,1796	43,0915	84,1796	42,4636	84,1796	78,0525	
84,3438	68,7256	84,3438	65,7216	84,3438	63,7348	84,3438	43,0919	84,3438	42,4636	84,3438	77,9229	
84,5081	68,7275	84,5081	65,723	84,5081	63,7349	84,5081	43,0919	84,5081	42,4637	84,5081	77,9272	
84,6718	68,7262	84,6718	65,7235	84,6718	63,7348	84,6718	43,0916	84,6718	42,4639	84,6718	78,0322	
84,8355	68,7245	84,8355	65,7215	84,8355	63,7339	84,8355	43,0919	84,8355	42,4636	84,8355	78,0965	
85,0001	68,7246	85,0001	65,7207	85,0001	63,7337	85,0001	43,0924	85,0001	42,464	85,0001	77,73	
85,1643	68,7246	85,1643	65,7201	85,1643	63,7332	85,1643	43,0929	85,1643	42,4646	85,1643	78,0863	
85,3283	68,7243	85,3283	65,722	85,3283	63,7337	85,3283	43,0932	85,3283	42,465	85,3283	76,8384	
85,4918	68,7245	85,4918	65,7216	85,4918	63,7337	85,4918	43,0976	85,4918	42,469	85,4918	78,0602	
85,6557	68,7255	85,6557	65,7221	85,6557	63,7338	85,6557	43,0973	85,6557	42,4687	85,6557	79,5137	
85,8197	68,7266	85,8197	65,722	85,8197	63,7339	85,8197	43,0972	85,8197	42,4689	85,8197	77,7747	
85,9839	68,7251	85,9839	65,7218	85,9839	63,7341	85,9839	43,097	85,9839	42,4688	85,9839	78,4286	
86,1479	68,7263	86,1479	65,7217	86,1479	63,7343	86,1479	43,0964	86,1479	42,4683	86,1479	78,008	
86,3119	68,7258	86,3119	65,7226	86,3119	63,734	86,3119	43,0965	86,3119	42,4684	86,3119	78,2821	
86,4764	68,7258	86,4764	65,7222	86,4764	63,734	86,4764	43,0967	86,4764	42,4685	86,4764	79,1324	
86,6404	68,7264	86,6404	65,7228	86,6404	63,7341	86,6404	43,0964	86,6404	42,4679	86,6404	78,2896	
86,8047	68,7267	86,8047	65,7213	86,8047	63,7346	86,8047	43,0957	86,8047	42,4681	86,8047	77,9524	
86,9692	68,7258	86,9692	65,7222	86,9692	63,7341	86,9692	43,0957	86,9692	42,4679	86,9692	77,8918	
87,1336	68,7264	87,1336	65,7231	87,1336	63,7345	87,1336	43,0955	87,1336	42,4684	87,1336	78,3704	
87,2983	68,7262	87,2983	65,7225	87,2983	63,7346	87,2983	43,0955	87,2983	42,4678	87,2983	78,3418	
87,4626	68,7265	87,4626	65,7227	87,4626	63,7344	87,4626	43,0955	87,4626	42,4677	87,4626	78,2973	
87,6344	68,7268	87,6344	65,7225	87,6344	63,7346	87,6344	43,0957	87,6344	42,4677	87,6344	78,5831	
87,7983	68,7264	87,7983	65,7224	87,7983	63,7347	87,7983	43,0951	87,7983	42,4676	87,7983	78,0381	
87,9626	68,7264	87,9626	65,7223	87,9626	63,7345	87,9626	43,0952	87,9626	42,4675	87,9626	77,9108	
88,1263	68,7268	88,1263	65,7227	88,1263	63,7344	88,1263	43,0953	88,1263	42,4677	88,1263	78,075	
88,2906	68,7275	88,2906	65,7227	88,2906	63,7347	88,2906	43,0954	88,2906	42,4675	88,2906	78,0962	
88,4548	68,7261	88,4548	65,7234	88,4548	63,7347	88,4548	43,0954	88,4548	42,4673	88,4548	77,7563	
88,6191	68,7266	88,6191	65,7228	88,6191	63,7345	88,6191	43,0954	88,6191	42,4673	88,6191	77,7192	
88,7833	68,7268	88,7833	65,7233	88,7833	63,7346	88,7833	43,0951	88,7833	42,4676	88,7833	78,1027	
88,9476	68,7264	88,9476	65,7231	88,9476	63,7345	88,9476	43,0951	88,9476	42,4676	88,9476	78,0812	
89,1116	68,7263	89,1116	65,723	89,1116	63,7348	89,1116	43,0948	89,1116	42,4674	89,1116	78,5984	
89,2762	68,7267	89,2762	65,7228	89,2762	63,7346	89,2762	43,0947	89,2762	42,467	89,2762	78,0675	
89,4401	68,7268	89,4401	65,723	89,4401	63,7342	89,4401	43,0946	89,4401	42,4674	89,4401	78,3739	
89,6039	68,7257	89,6039	65,7227	89,6039	63,7346	89,6039	43,0946	89,6039	42,4673	89,6039	78,0536	
89,7684	68,7267	89,7684	65,7231	89,7684	63,7342	89,7684	43,0944	89,7684	42,4675	89,7684	78,1121	
89,9322	68,7275	89,9322	65,7235	89,9322	63,7344	89,9322	43,095	89,9322	42,4673	89,9322	69,4537	
90,0967	68,7261	90,0967	65,7225	90,0967	63,7345	90,0967	43,0949	90,0967	42,467	90,0967	78,1087	
90,2607	68,7271	90,2607	65,7226	90,2607	63,7348	90,2607	43,0945	90,2607	42,4672	90,2607	77,9251	
90,4249	68,7268	90,4249	65,7229	90,4249	63,7347	90,4249	43,0949	90,4249	42,4671	90,4249	78,5134	
90,5895	68,7269	90,5895	65,7234	90,5895	63,7348	90,5895	43,0938	90,5895	42,4674	90,5895	78,0374	
90,7535	68,726	90,7535	65,7229	90,7535	63,7347	90,7535	43,0947	90,7535	42,4669	90,7535	78,0651	
90,9172	68,7269	90,9172	65,7233	90,9172	63,7348	90,9172	43,094	90,9172	42,4673	90,9172	76,5691	
91,0811	68,7269	91,0811	65,7226	91,0811	63,7345	91,0811	43,0952	91,0811	42,4664	91,0811	78,0119	
91,2454	68,7265	91,2454	65,7234	91,2454	63,7347	91,2454	43,0947	91,2454	42,4671	91,2454	77,9334	
91,4091	68,7257	91,4091	65,7224	91,4091	63,7346	91,4091	43,0945	91,4091	42,4669	91,4091	76,7972	
91,5731	68,7255	91,5731	65,7229	91,5731	63,7344	91,5731	43,0948	91,5731	42,4673	91,5731	78,0378	
91,7371	68,7256	91,7371	65,7223	91,7371	63,7345	91,7371	43,0948	91,7371	42,4671	91,7371	78,5878	
91,9025	68,7268	91,9025	65,7224	91,9025	63,7345	91,9025	43,0946	91,9025	42,4675	91,9025	78,0938	
92,0662	68,7256	92,0662	65,7225	92,0662	63,7348	92,0662	43,0947	92,0662	42,4669	92,0662	78,0643	
92,2308	68,727	92,2308	65,7231	92,2308	63,7347	92,2308	43,0939	92,2308	42,4672	92,2308	77,6565	
92,395	68,7267	92,395	65,7228	92,395	63,7347	92,395	43,0947	92,395	42,4669	92,395	78,0163	
92,5587	68,7265	92,5587	65,7227	92,5587	63,7348	92,5587	43,0941	92,5587	42,4668	92,5587	78,7135	
92,7225	68,7265	92,7225	65,7231	92,7225	63,7345	92,7225	43,0942	92,7225	42,4669	92,7225	77,782	
92,8865	68,7265	92,8865	65,7229	92,8865	63,7345	92,8865	43,0943	92,8865	42,4668	92,8865	78,1039	
93,0513	68,7261	93,0513	65,7225	93,0513	63,7345	93,0513	43,0942	93,0513	42,467	93,0513	78,4431	
93,2153	68,7261	93,2153	65,7228	93,2153	63,7342	93,2153	43,0945	93,2153	42,4669	93,2153	78,0855	
93,379	68,7264	93,379	65,7222	93,379	63,7342	93,379	43,0942	93,379	42,4666	93,379	78,0671	
93,5427	68,7258	93,5427	65,7231	93,5427	63,7344	93,5427	43,0939	93,5427	42,4667	93,5427	78,2804	
93,707	68,7259	93,707	65,7229	93,707	63,7345	93,707	43,0944	93,707	42,4672	93,707	77,9465	
93,8707	68,727	93,8707	65,7234	93,8707	63,7347	93,8707	43,0937	93,8707	42,4666	93,8707	78,2433	
94,0347	68,7261	94,0347	65,7232	94,0347	63,7346	94,0347	43,094	94,0347	42,4666	94,0347	77,9786	
94,1989	68,727	94,1989	65,7238	94,1989	63,7347	94,1989	43,0938	94,1989	42,4665	94,1989	77,7342	
94,3629	68,7262	94,3629	65,7226	94,3629	63,7344	94,3629	43,0939	94,3629	42,4666	94,3629	77,7495	
94,5269	68,7262	94,5269	65,7225	94,5269	63,7345	94,5269	43,0937	94,5269	42,4668	94,5269	78,8944	
94,6909	68,7271	94,6909	65,7228	94,6909	63,7342	94,6909	43,0941	94,6909	42,4662	94,6909	77,7075	
94,8551	68,7272	94,8551	65,7219	94,8551	63,7343	94,8551	43,094	94,8551	42,4668	94,8551	78,0801	
95,0194	68,724	95,0194	65,7225	95,0194	63,7345	95,0194	43,0938	95,0194	42,4669	95,0194	78,0563	
95,1834	68,727	95,1834	65,7226	95,1834	63,7342	95,1834	43,0938	95,1834	42,4667	95,1834	78,0634	
95,3476	68,7261	95,3476	65,7227	95,3476	63,7343	95,3476	43,0941	95,3476	42,4666	95,3476	78,0311	
95,5116	68,7268	95,5116	65,723	95,5116	63,7345	95,5116	43,0937	95,5116	42,4667	95,5116	78,0953	
95,6758	68,7265	95,6758	65,7226	95,6758	63,7346	95,6758	43,094	95,6758	42,4666	95,6758	78,109	
95,8398	68,7267	95,8398	65,723	95,8398	63,7348	95,8398	43,0935	95,8398	42,4663	95,8398	79,9333	
96,0033	68,7266	96,0033	65,7234	96,0033	63,7346	96,0033	43,0937	96,0033	42,4662	96,0033	77,7169	
96,1669	68,7258	96,1669	65,723	96,1669	63,7348	96,1669	43,0943	96,1669	42,4664	96,1669	84,9747	
96,3312	68,7262	96,3312	65,7225	96,3312	63,7346	96,3312	43,094	96,3312	42,4663	96,3312	78,0981	
96,4949	68,7266	96,4949	65,7234	96,4949	63,7346	96,4949	43,0937	96,4949	42,4663	96,4949	78,0997	
96,6589	68,7269	96,6589	65,7223	96,6589	63,7345	96,6589	43,0935	96,6589	42,4668	96,6589	78,7082	
96,8229	68,7264	96,8229	65,7232	96,8229	63,7347	96,8229	43,0933	96,8229	42,4664	96,8229	51,6945	
96,9874	68,7264	96,9874	65,7238	96,9874	63,7345	96,9874	43,0936	96,9874	42,4665	96,9874	78,0522	
97,1512	68,7268	97,1512	65,7225	97,1512	63,7347	97,1512	43,0936	97,1512	42,4662	97,1512	78,0751	
97,3152	68,7276	97,3152	65,7233	97,3152	63,7349	97,3152	43,0936	97,3152	42,4664	97,3152	78,1045	
97,4798	68,7271	97,4798	65,723	97,4798	63,7347	97,4798	43,0932	97,4798	42,4663	97,4798	78,0964	
97,6443	68,7257	97,6443	65,7227	97,6443	63,7346	97,6443	43,0939	97,6443	42,4661	97,6443	77,8721	
97,8083	68,7272	97,8083	65,7225	97,8083	63,7347	97,8083	43,0936	97,8083	42,4663	97,8083	78,0971	
97,9728	68,7255	97,9728	65,7227	97,9728	63,7348	97,9728	43,0936	97,9728	42,4666	97,9728	77,9963	
98,1371	68,7271	98,1371	65,7225	98,1371	63,7348	98,1371	43,0935	98,1371	42,4664	98,1371	77,981	
98,3019	68,7264	98,3019	65,7224	98,3019	63,7345	98,3019	43,0935	98,3019	42,4662	98,3019	77,9853	
98,4665	68,7264	98,4665	65,7234	98,4665	63,7345	98,4665	43,0936	98,4665	42,4659	98,4665	78,0895	
98,6305	68,726	98,6305	65,7224	98,6305	63,7348	98,6305	43,0938	98,6305	42,4662	98,6305	77,8229	
98,7939	68,7261	98,7939	65,7226	98,7939	63,7347	98,7939	43,0933	98,7939	42,4664	98,7939	78,0455	
98,9587	68,7274	98,9587	65,7229	98,9587	63,7346	98,9587	43,0933	98,9587	42,4663	98,9587	77,9792	
99,1225	68,7266	99,1225	65,7228	99,1225	63,7349	99,1225	43,0934	99,1225	42,4658	99,1225	77,8533	
99,2859	68,7259	99,2859	65,7223	99,2859	63,7346	99,2859	43,0934	99,2859	42,4661	99,2859	78,9304	
99,4497	68,7271	99,4497	65,7226	99,4497	63,7345	99,4497	43,0937	99,4497	42,4663	99,4497	77,8543	
99,6134	68,7262	99,6134	65,7224	99,6134	63,7346	99,6134	43,0933	99,6134	42,4661	99,6134	78,1056	
99,778	68,7259	99,778	65,7218	99,778	63,7346	99,778	43,094	99,778	42,4661	99,778	78,3248	
99,942	68,7267	99,942	65,7225	99,942	63,7346	99,942	43,0934	99,942	42,4666	99,942	78,1085	
100,106	68,7256	100,106	65,7223	100,106	63,7345	100,106	43,0935	100,106	42,4662	100,106	77,9451	
100,27	68,727	100,27	65,7222	100,27	63,7343	100,27	43,0938	100,27	42,4661	100,27	78,3334	
100,434	68,7257	100,434	65,7225	100,434	63,7341	100,434	43,0936	100,434	42,466	100,434	78,066	
100,6	68,7275	100,6	65,7224	100,6	63,7347	100,6	43,0936	100,6	42,4661	100,6	78,0492	
100,764	68,7262	100,764	65,7227	100,764	63,7345	100,764	43,0934	100,764	42,4665	100,764	79,3504	
100,928	68,7256	100,928	65,7224	100,928	63,7344	100,928	43,0938	100,928	42,466	100,928	78,0894	
101,091	68,7258	101,091	65,7226	101,091	63,7344	101,091	43,0937	101,091	42,4659	101,091	78,0511	
101,256	68,7259	101,256	65,7225	101,256	63,7347	101,256	43,0934	101,256	42,4661	101,256	77,856	
101,42	68,7262	101,42	65,7228	101,42	63,7345	101,42	43,0934	101,42	42,4658	101,42	78,1031	
101,584	68,7258	101,584	65,7226	101,584	63,7347	101,584	43,0932	101,584	42,4659	101,584	77,8372	
101,748	68,7267	101,748	65,7216	101,748	63,7343	101,748	43,0933	101,748	42,4659	101,748	78,0106	
101,912	68,7262	101,912	65,7224	101,912	63,7342	101,912	43,0933	101,912	42,4663	101,912	78,3517	
102,076	68,7259	102,076	65,7229	102,076	63,7344	102,076	43,0933	102,076	42,4661	102,076	78,2535	
102,24	68,7274	102,24	65,7235	102,24	63,7346	102,24	43,0932	102,24	42,4659	102,24	78,3021	
102,403	68,7263	102,403	65,7236	102,403	63,7345	102,403	43,0932	102,403	42,4657	102,403	78,2336	
102,567	68,7268	102,567	65,7226	102,567	63,7344	102,567	43,0933	102,567	42,4656	102,567	78,0503	
102,731	68,7257	102,731	65,7224	102,731	63,7341	102,731	43,0934	102,731	42,4658	102,731	78,0525	
102,894	68,7257	102,894	65,7221	102,894	63,7343	102,894	43,0931	102,894	42,466	102,894	78,4243	
103,058	68,7256	103,058	65,722	103,058	63,7341	103,058	43,0935	103,058	42,4659	103,058	78,0607	
103,222	68,7253	103,222	65,7223	103,222	63,7344	103,222	43,0935	103,222	42,4659	103,222	78,0129	
103,386	68,7266	103,386	65,7221	103,386	63,7344	103,386	43,0934	103,386	42,4657	103,386	77,9313	
103,55	68,7264	103,55	65,7223	103,55	63,7343	103,55	43,0935	103,55	42,4658	103,55	78,5064	
103,714	68,7256	103,714	65,7227	103,714	63,7343	103,714	43,0934	103,714	42,4656	103,714	79,1722	
103,878	68,7272	103,878	65,7218	103,878	63,7345	103,878	43,0935	103,878	42,466	103,878	78,2429	
104,042	68,7272	104,042	65,7227	104,042	63,7344	104,042	43,0929	104,042	42,4659	104,042	78,0238	
104,206	68,7254	104,206	65,7222	104,206	63,7343	104,206	43,0932	104,206	42,4653	104,206	70,6817	
104,37	68,7264	104,37	65,723	104,37	63,7343	104,37	43,0933	104,37	42,4655	104,37	77,0816	
104,534	68,7265	104,534	65,7227	104,534	63,734	104,534	43,0929	104,534	42,4659	104,534	78,213	
104,698	68,7254	104,698	65,7225	104,698	63,7342	104,698	43,0934	104,698	42,4652	104,698	78,2732	
104,862	68,726	104,862	65,7219	104,862	63,7343	104,862	43,0933	104,862	42,4656	104,862	78,3625	
105,026	68,7259	105,026	65,7221	105,026	63,7342	105,026	43,0935	105,026	42,4653	105,026	78,0974	
105,19	68,7256	105,19	65,7225	105,19	63,7341	105,19	43,0935	105,19	42,4659	105,19	78,0057	
105,355	68,726	105,355	65,7227	105,355	63,7343	105,355	43,0937	105,355	42,4658	105,355	78,2947	
105,519	68,7261	105,519	65,7223	105,519	63,7342	105,519	43,0934	105,519	42,4657	105,519	78,3287	
105,683	68,7271	105,683	65,7219	105,683	63,7344	105,683	43,0934	105,683	42,4655	105,683	78,3013	
105,846	68,726	105,846	65,7224	105,846	63,7341	105,846	43,0938	105,846	42,4657	105,846	78,3344	
106,01	68,7263	106,01	65,722	106,01	63,7344	106,01	43,0936	106,01	42,4653	106,01	78,2419	
106,174	68,7263	106,174	65,723	106,174	63,7341	106,174	43,0935	106,174	42,4652	106,174	78,5962	
106,338	68,727	106,338	65,7227	106,338	63,7345	106,338	43,0931	106,338	42,4659	106,338	77,9049	
106,502	68,7258	106,502	65,7227	106,502	63,7348	106,502	43,0934	106,502	42,4661	106,502	76,9887	
106,666	68,7277	106,666	65,7233	106,666	63,7352	106,666	43,0934	106,666	42,4655	106,666	78,2371	
106,83	68,7273	106,83	65,7233	106,83	63,7356	106,83	43,0936	106,83	42,4656	106,83	78,5048	
106,993	68,7285	106,993	65,7239	106,993	63,736	106,993	43,0928	106,993	42,466	106,993	78,3106	
107,157	68,7285	107,157	65,7244	107,157	63,7362	107,157	43,0931	107,157	42,4658	107,157	78,655	
107,322	68,7287	107,322	65,724	107,322	63,7361	107,322	43,0933	107,322	42,4658	107,322	78,2494	
107,485	68,7301	107,485	65,7236	107,485	63,736	107,485	43,0933	107,485	42,4659	107,485	78,2265	
107,649	68,7288	107,649	65,7241	107,649	63,7359	107,649	43,0936	107,649	42,4656	107,649	78,0776	
107,813	68,728	107,813	65,7243	107,813	63,736	107,813	43,0933	107,813	42,4657	107,813	78,287	
107,977	68,7296	107,977	65,7238	107,977	63,7357	107,977	43,0932	107,977	42,4657	107,977	78,3978	
108,141	68,7288	108,141	65,7247	108,141	63,736	108,141	43,0932	108,141	42,466	108,141	78,2472	
108,304	68,7276	108,304	65,7244	108,304	63,7357	108,304	43,0934	108,304	42,4662	108,304	78,4428	
108,468	68,7273	108,468	65,7239	108,468	63,7359	108,468	43,0929	108,468	42,466	108,468	78,3366	
108,632	68,7279	108,632	65,7245	108,632	63,736	108,632	43,0933	108,632	42,4657	108,632	78,0689	
108,796	68,7284	108,796	65,7248	108,796	63,7362	108,796	43,0935	108,796	42,4657	108,796	78,0758	
108,96	68,7282	108,96	65,7239	108,96	63,736	108,96	43,0932	108,96	42,4654	108,96	78,3019	
109,124	68,7294	109,124	65,7242	109,124	63,7359	109,124	43,0931	109,124	42,4656	109,124	78,0974	
109,289	68,7294	109,289	65,7242	109,289	63,736	109,289	43,0933	109,289	42,4657	109,289	80,2693	
109,453	68,7292	109,453	65,7242	109,453	63,7358	109,453	43,0933	109,453	42,4656	109,453	76,7551	
109,617	68,7291	109,617	65,7246	109,617	63,7362	109,617	43,0933	109,617	42,4656	109,617	78,2326	
109,78	68,7284	109,78	65,7248	109,78	63,7361	109,78	43,0934	109,78	42,4654	109,78	78,051	
109,944	68,7288	109,944	65,7244	109,944	63,736	109,944	43,0934	109,944	42,4658	109,944	78,0502	
110,108	68,7283	110,108	65,7242	110,108	63,7361	110,108	43,0932	110,108	42,4655	110,108	78,3417	
110,271	68,7277	110,271	65,7238	110,271	63,7358	110,271	43,0932	110,271	42,4653	110,271	78,2891	
110,435	68,7284	110,435	65,7246	110,435	63,736	110,435	43,0932	110,435	42,465	110,435	77,7749	
110,599	68,729	110,599	65,7242	110,599	63,7362	110,599	43,0933	110,599	42,4659	110,599	77,9788	
110,762	68,7283	110,762	65,7247	110,762	63,7362	110,762	43,0934	110,762	42,466	110,762	78,2219	
110,926	68,728	110,926	65,7249	110,926	63,7359	110,926	43,093	110,926	42,4657	110,926	78,0107	
111,09	68,7298	111,09	65,7236	111,09	63,7359	111,09	43,0936	111,09	42,4656	111,09	78,2634	
111,254	68,7283	111,254	65,7246	111,254	63,7359	111,254	43,0933	111,254	42,4656	111,254	78,2505	
111,417	68,7278	111,417	65,7237	111,417	63,736	111,417	43,0935	111,417	42,4654	111,417	78,2577	
111,581	68,7291	111,581	65,7243	111,581	63,7357	111,581	43,0936	111,581	42,4657	111,581	77,7703	
111,745	68,7288	111,745	65,7241	111,745	63,7358	111,745	43,0934	111,745	42,4655	111,745	78,3206	
111,909	68,7283	111,909	65,724	111,909	63,7359	111,909	43,0929	111,909	42,4657	111,909	76,6097	
112,073	68,7282	112,073	65,724	112,073	63,7361	112,073	43,0932	112,073	42,4653	112,073	79,2489	
112,237	68,7288	112,237	65,7242	112,237	63,7358	112,237	43,0934	112,237	42,465	112,237	78,2309	
112,401	68,729	112,401	65,7244	112,401	63,7362	112,401	43,0931	112,401	42,4654	112,401	78,2782	
112,565	68,7288	112,565	65,7243	112,565	63,7362	112,565	43,0932	112,565	42,4654	112,565	78,2412	
112,729	68,728	112,729	65,7242	112,729	63,7361	112,729	43,0931	112,729	42,4656	112,729	77,7518	
112,892	68,7267	112,892	65,7246	112,892	63,7359	112,892	43,0932	112,892	42,4659	112,892	78,2726	
113,056	68,7281	113,056	65,7242	113,056	63,7357	113,056	43,0931	113,056	42,4657	113,056	78,0639	
113,22	68,7287	113,22	65,7241	113,22	63,7357	113,22	43,0932	113,22	42,4658	113,22	78,2314	
113,384	68,7291	113,384	65,7236	113,384	63,7356	113,384	43,0932	113,384	42,4654	113,384	78,0516	
113,548	68,7285	113,548	65,7244	113,548	63,7362	113,548	43,0931	113,548	42,4657	113,548	78,4779	
113,711	68,7282	113,711	65,7236	113,711	63,7359	113,711	43,0929	113,711	42,4657	113,711	78,2624	
113,875	68,7292	113,875	65,7241	113,875	63,7358	113,875	43,093	113,875	42,4657	113,875	78,2694	
114,039	68,7283	114,039	65,724	114,039	63,736	114,039	43,0931	114,039	42,4659	114,039	78,0577	
114,203	68,7273	114,203	65,7247	114,203	63,7359	114,203	43,0931	114,203	42,4659	114,203	78,0578	
114,368	68,7277	114,368	65,7233	114,368	63,7356	114,368	43,093	114,368	42,4657	114,368	77,999	
114,532	68,7288	114,532	65,7236	114,532	63,7355	114,532	43,0932	114,532	42,4657	114,532	78,0404	
114,696	68,728	114,696	65,723	114,696	63,7351	114,696	43,0929	114,696	42,4653	114,696	78,0679	
114,861	68,726	114,861	65,7233	114,861	63,7347	114,861	43,093	114,861	42,4653	114,861	78,1058	
115,025	68,728	115,025	65,7228	115,025	63,7344	115,025	43,0931	115,025	42,4657	115,025	78,0578	
115,19	68,7257	115,19	65,7222	115,19	63,7343	115,19	43,0931	115,19	42,4656	115,19	77,9823	
115,355	68,7272	115,355	65,7222	115,355	63,7342	115,355	43,093	115,355	42,4657	115,355	78,2375	
115,519	68,7259	115,519	65,723	115,519	63,7343	115,519	43,0929	115,519	42,4656	115,519	78,0896	
115,683	68,7253	115,683	65,7223	115,683	63,7343	115,683	43,0932	115,683	42,4659	115,683	77,6581	
115,847	68,7274	115,847	65,7218	115,847	63,7342	115,847	43,0929	115,847	42,4653	115,847	78,0773	
116,012	68,7268	116,012	65,7226	116,012	63,7339	116,012	43,0932	116,012	42,4657	116,012	78,2179	
116,176	68,7271	116,176	65,7225	116,176	63,7343	116,176	43,0929	116,176	42,4659	116,176	78,2356	
116,341	68,726	116,341	65,7229	116,341	63,7342	116,341	43,093	116,341	42,4657	116,341	78,2159	
116,505	68,7272	116,505	65,7227	116,505	63,7342	116,505	43,0932	116,505	42,4657	116,505	78,2844	
116,67	68,7255	116,67	65,7225	116,67	63,7344	116,67	43,0926	116,67	42,4652	116,67	78,5712	
116,835	68,726	116,835	65,7219	116,835	63,7342	116,835	43,0929	116,835	42,4659	116,835	78,7684	
116,999	68,7262	116,999	65,7231	116,999	63,7343	116,999	43,093	116,999	42,4658	116,999	78,2226	
117,163	68,726	117,163	65,7225	117,163	63,7341	117,163	43,0932	117,163	42,4656	117,163	78,0168	
117,327	68,7263	117,327	65,723	117,327	63,7341	117,327	43,0926	117,327	42,4655	117,327	78,2503	
117,491	68,7256	117,491	65,722	117,491	63,734	117,491	43,0927	117,491	42,4656	117,491	78,5573	
117,655	68,7262	117,655	65,7233	117,655	63,7342	117,655	43,0928	117,655	42,4653	117,655	78,5044	
117,819	68,7257	117,819	65,7222	117,819	63,7342	117,819	43,0928	117,819	42,4655	117,819	78,0266	
117,983	68,7271	117,983	65,7227	117,983	63,7343	117,983	43,0928	117,983	42,4653	117,983	78,5061	
118,147	68,7266	118,147	65,7228	118,147	63,7342	118,147	43,0926	118,147	42,4648	118,147	78,0921	
118,311	68,7263	118,311	65,7229	118,311	63,7344	118,311	43,0929	118,311	42,4655	118,311	78,1031	
118,474	68,7271	118,474	65,7228	118,474	63,7344	118,474	43,0929	118,474	42,4656	118,474	77,019	
118,639	68,7269	118,639	65,7229	118,639	63,7343	118,639	43,0931	118,639	42,4657	118,639	78,0443	
118,803	68,7266	118,803	65,7228	118,803	63,7345	118,803	43,0924	118,803	42,4653	118,803	78,5972	
118,967	68,7269	118,967	65,7231	118,967	63,7347	118,967	43,0926	118,967	42,4656	118,967	78,0246	
119,131	68,7274	119,131	65,7223	119,131	63,7343	119,131	43,0927	119,131	42,4655	119,131	78,3477	
119,295	68,7272	119,295	65,723	119,295	63,7344	119,295	43,0928	119,295	42,4651	119,295	78,3051	
119,46	68,7265	119,46	65,7228	119,46	63,7344	119,46	43,0927	119,46	42,4656	119,46	78,0309	
119,624	68,7275	119,624	65,7226	119,624	63,7341	119,624	43,0928	119,624	42,4654	119,624	77,2039	
119,789	68,727	119,789	65,7228	119,789	63,7346	119,789	43,0928	119,789	42,4657	119,789	78,5067	
119,953	68,7267	119,953	65,7224	119,953	63,7343	119,953	43,0928	119,953	42,4652	119,953	78,8712	
120,118	68,727	120,118	65,7234	120,118	63,7344	120,118	43,0927	120,118	42,4656	120,118	78,2433	
120,282	68,7274	120,282	65,7232	120,282	63,7344	120,282	43,0927	120,282	42,4653	120,282	77,7411	
120,445	68,7275	120,445	65,7224	120,445	63,7345	120,445	43,0928	120,445	42,4652	120,445	78,2735	
120,609	68,7274	120,609	65,722	120,609	63,7347	120,609	43,0925	120,609	42,4653	120,609	78,093	
120,774	68,7267	120,774	65,7233	120,774	63,7344	120,774	43,0926	120,774	42,4652	120,774	78,2229	
120,938	68,7266	120,938	65,7237	120,938	63,7344	120,938	43,0929	120,938	42,4654	120,938	78,5441	
121,102	68,7266	121,102	65,7228	121,102	63,7345	121,102	43,0929	121,102	42,4653	121,102	78,5132	
121,266	68,726	121,266	65,7225	121,266	63,7345	121,266	43,0927	121,266	42,4654	121,266	78,0602	
121,431	68,7263	121,431	65,7224	121,431	63,7345	121,431	43,0928	121,431	42,4653	121,431	78,2702	
121,595	68,7269	121,595	65,7228	121,595	63,7345	121,595	43,0924	121,595	42,4647	121,595	78,0776	
121,759	68,7274	121,759	65,7234	121,759	63,7348	121,759	43,0925	121,759	42,4651	121,759	75,9273	
121,923	68,7259	121,923	65,7228	121,923	63,7347	121,923	43,0924	121,923	42,4654	121,923	78,1013	
122,087	68,7255	122,087	65,7227	122,087	63,7347	122,087	43,0923	122,087	42,4651	122,087	79,0002	
122,251	68,7257	122,251	65,7228	122,251	63,7344	122,251	43,0923	122,251	42,4655	122,251	78,0808	
122,415	68,7271	122,415	65,7223	122,415	63,7349	122,415	43,0923	122,415	42,4654	122,415	78,2411	
122,579	68,7267	122,579	65,7233	122,579	63,7345	122,579	43,0924	122,579	42,4652	122,579	78,263	
122,744	68,726	122,744	65,7233	122,744	63,7347	122,744	43,0927	122,744	42,4652	122,744	78,2626	
122,908	68,727	122,908	65,7227	122,908	63,7345	122,908	43,0927	122,908	42,4654	122,908	78,0436	
123,073	68,7267	123,073	65,722	123,073	63,7343	123,073	43,0925	123,073	42,4652	123,073	77,7835	
123,237	68,7269	123,237	65,7225	123,237	63,7347	123,237	43,0924	123,237	42,4649	123,237	79,0451	
123,401	68,7262	123,401	65,723	123,401	63,7346	123,401	43,0927	123,401	42,4655	123,401	77,9459	
123,565	68,7261	123,565	65,7224	123,565	63,7344	123,565	43,0925	123,565	42,4654	123,565	78,0285	
123,729	68,7268	123,729	65,7226	123,729	63,7347	123,729	43,0923	123,729	42,4651	123,729	80,0819	
123,893	68,7263	123,893	65,7234	123,893	63,7348	123,893	43,0925	123,893	42,4656	123,893	76,783	
124,057	68,7264	124,057	65,723	124,057	63,7348	124,057	43,0924	124,057	42,465	124,057	77,9987	
124,22	68,727	124,22	65,7226	124,22	63,7346	124,22	43,0921	124,22	42,4648	124,22	76,9875	
124,384	68,7264	124,384	65,7231	124,384	63,7347	124,384	43,0922	124,384	42,465	124,384	78,0516	
124,547	68,7258	124,547	65,7225	124,547	63,7349	124,547	43,0922	124,547	42,465	124,547	78,377	
124,711	68,7262	124,711	65,7226	124,711	63,7346	124,711	43,0924	124,711	42,465	124,711	77,9874	
124,875	68,7268	124,875	65,7237	124,875	63,7347	124,875	43,092	124,875	42,4651	124,875	78,2766	
125,039	68,7267	125,039	65,7226	125,039	63,7345	125,039	43,0922	125,039	42,4649	125,039	78,5574	
125,204	68,726	125,204	65,7231	125,204	63,7346	125,204	43,0922	125,204	42,4654	125,204	77,6871	
125,368	68,7273	125,368	65,7232	125,368	63,7346	125,368	43,0921	125,368	42,465	125,368	78,0484	
125,533	68,7257	125,533	65,7228	125,533	63,735	125,533	43,0921	125,533	42,465	125,533	77,3759	
125,697	68,7265	125,697	65,7235	125,697	63,7347	125,697	43,0922	125,697	42,465	125,697	78,2432	
125,861	68,7274	125,861	65,723	125,861	63,7347	125,861	43,092	125,861	42,4648	125,861	78,0982	
126,025	68,7258	126,025	65,7226	126,025	63,7349	126,025	43,0921	126,025	42,4646	126,025	77,8124	
126,189	68,727	126,189	65,7223	126,189	63,7347	126,189	43,0919	126,189	42,4648	126,189	78,4247	
126,353	68,7263	126,353	65,7228	126,353	63,7343	126,353	43,0921	126,353	42,4651	126,353	78,0593	
126,517	68,7263	126,517	65,723	126,517	63,7349	126,517	43,0916	126,517	42,4647	126,517	78,2355	
126,682	68,7272	126,682	65,723	126,682	63,7345	126,682	43,0921	126,682	42,4648	126,682	78,6075	
126,846	68,7271	126,846	65,7231	126,846	63,7347	126,846	43,0922	126,846	42,4648	126,846	78,3854	
127,01	68,727	127,01	65,7231	127,01	63,7348	127,01	43,0922	127,01	42,4648	127,01	79,4047	
127,174	68,7274	127,174	65,7234	127,174	63,7349	127,174	43,092	127,174	42,4648	127,174	78,2164	
127,338	68,7272	127,338	65,7231	127,338	63,7348	127,338	43,0918	127,338	42,4643	127,338	78,4387	
127,502	68,7271	127,502	65,7226	127,502	63,7345	127,502	43,0919	127,502	42,4647	127,502	78,0727	
127,666	68,7273	127,666	65,7236	127,666	63,7347	127,666	43,0922	127,666	42,4646	127,666	78,0194	
127,83	68,7266	127,83	65,7222	127,83	63,7349	127,83	43,0921	127,83	42,4645	127,83	78,2084	
127,995	68,7264	127,995	65,7236	127,995	63,7349	127,995	43,0922	127,995	42,4644	127,995	78,2271	
128,158	68,7267	128,158	65,7235	128,158	63,7348	128,158	43,0921	128,158	42,4646	128,158	78,3571	
128,322	68,7259	128,322	65,7234	128,322	63,7346	128,322	43,0922	128,322	42,4646	128,322	77,7514	
128,487	68,7268	128,487	65,7224	128,487	63,7348	128,487	43,0921	128,487	42,4649	128,487	78,2299	
128,651	68,727	128,651	65,7224	128,651	63,7348	128,651	43,0918	128,651	42,4645	128,651	78,2633	
128,815	68,7261	128,815	65,7231	128,815	63,7349	128,815	43,092	128,815	42,4644	128,815	77,7776	
128,979	68,7263	128,979	65,7232	128,979	63,7349	128,979	43,0919	128,979	42,4647	128,979	78,4322	
129,144	68,7263	129,144	65,7233	129,144	63,7349	129,144	43,0921	129,144	42,4647	129,144	77,982	
129,308	68,7273	129,308	65,7228	129,308	63,7348	129,308	43,092	129,308	42,4641	129,308	78,019	
129,472	68,7263	129,472	65,7223	129,472	63,7344	129,472	43,092	129,472	42,4643	129,472	77,957	
129,636	68,7271	129,636	65,7227	129,636	63,7347	129,636	43,0919	129,636	42,4644	129,636	78,5253	
129,801	68,7264	129,801	65,7232	129,801	63,7348	129,801	43,0921	129,801	42,4643	129,801	80,4575	
129,965	68,7277	129,965	65,7233	129,965	63,735	129,965	43,0919	129,965	42,4643	129,965	78,2298	
130,13	68,7275	130,13	65,7237	130,13	63,7347	130,13	43,0916	130,13	42,4646	130,13	78,2014	
130,294	68,7262	130,294	65,7226	130,294	63,7348	130,294	43,0915	130,294	42,4644	130,294	78,3054	
130,458	68,7264	130,458	65,7229	130,458	63,7348	130,458	43,092	130,458	42,4647	130,458	78,0084	
130,622	68,7281	130,622	65,7227	130,622	63,7349	130,622	43,0917	130,622	42,4647	130,622	78,0363	
130,787	68,7276	130,787	65,7234	130,787	63,7347	130,787	43,0919	130,787	42,4647	130,787	78,2768	
130,951	68,7278	130,951	65,7238	130,951	63,7348	130,951	43,0916	130,951	42,4645	130,951	77,8483	
131,115	68,7266	131,115	65,723	131,115	63,7348	131,115	43,0919	131,115	42,4644	131,115	78,3546	
131,279	68,7267	131,279	65,7235	131,279	63,7347	131,279	43,0919	131,279	42,4647	131,279	78,0695	
131,444	68,7271	131,444	65,7229	131,444	63,7346	131,444	43,092	131,444	42,4647	131,444	78,3194	
131,608	68,7262	131,608	65,7233	131,608	63,7346	131,608	43,0917	131,608	42,4647	131,608	78,2	
131,772	68,7273	131,772	65,7226	131,772	63,7348	131,772	43,0916	131,772	42,4646	131,772	78,2228	
131,937	68,7271	131,937	65,7233	131,937	63,7349	131,937	43,0916	131,937	42,4646	131,937	78,3347	
132,1	68,7265	132,1	65,7228	132,1	63,7348	132,1	43,0922	132,1	42,4644	132,1	77,7967	
132,265	68,727	132,265	65,7236	132,265	63,7349	132,265	43,0921	132,265	42,4646	132,265	78,4156	
132,429	68,7268	132,429	65,7226	132,429	63,7347	132,429	43,0919	132,429	42,4644	132,429	78,2388	
132,593	68,7287	132,593	65,7235	132,593	63,7348	132,593	43,0918	132,593	42,4644	132,593	78,2459	
132,756	68,7267	132,756	65,7228	132,756	63,7348	132,756	43,0919	132,756	42,4647	132,756	78,2188	
132,92	68,7262	132,92	65,723	132,92	63,7347	132,92	43,0917	132,92	42,4643	132,92	81,2119	
133,084	68,7262	133,084	65,7234	133,084	63,7348	133,084	43,0919	133,084	42,4648	133,084	78,0369	
133,248	68,7282	133,248	65,7227	133,248	63,7348	133,248	43,0915	133,248	42,4642	133,248	78,2621	
133,412	68,7274	133,412	65,7232	133,412	63,7351	133,412	43,0915	133,412	42,4643	133,412	77,8409	
133,576	68,7278	133,576	65,7241	133,576	63,735	133,576	43,0919	133,576	42,4646	133,576	78,2953	
133,74	68,7273	133,74	65,7235	133,74	63,7345	133,74	43,0915	133,74	42,4642	133,74	77,9034	
133,904	68,7273	133,904	65,7234	133,904	63,7349	133,904	43,0917	133,904	42,4644	133,904	78,2193	
134,068	68,7271	134,068	65,7233	134,068	63,7348	134,068	43,0921	134,068	42,4643	134,068	78,2528	
134,233	68,7284	134,233	65,7231	134,233	63,7349	134,233	43,0916	134,233	42,4646	134,233	78,0695	
134,397	68,7278	134,397	65,7228	134,397	63,7349	134,397	43,0915	134,397	42,4648	134,397	78,2378	
134,561	68,7281	134,561	65,7226	134,561	63,7352	134,561	43,0916	134,561	42,4646	134,561	77,9474	
134,726	68,7268	134,726	65,7232	134,726	63,7349	134,726	43,0917	134,726	42,4646	134,726	78,2566	
134,89	68,7266	134,89	65,7231	134,89	63,7347	134,89	43,0916	134,89	42,4645	134,89	78,519	
135,054	68,7267	135,054	65,7231	135,054	63,7352	135,054	43,0916	135,054	42,4645	135,054	77,7121	
135,218	68,7278	135,218	65,7233	135,218	63,7349	135,218	43,0919	135,218	42,4644	135,218	78,014	
135,382	68,7279	135,382	65,7233	135,382	63,7349	135,382	43,0917	135,382	42,4643	135,382	78,0389	
135,546	68,7275	135,546	65,7232	135,546	63,7353	135,546	43,0916	135,546	42,4642	135,546	78,2179	
135,711	68,7273	135,711	65,724	135,711	63,7352	135,711	43,0915	135,711	42,4642	135,711	77,7889	
135,875	68,7278	135,875	65,7231	135,875	63,7348	135,875	43,0916	135,875	42,4642	135,875	78,03	
136,039	68,7274	136,039	65,7232	136,039	63,7349	136,039	43,0918	136,039	42,4641	136,039	77,7681	
136,203	68,7272	136,203	65,7232	136,203	63,7351	136,203	43,0913	136,203	42,4637	136,203	78,2533	
136,367	68,7279	136,367	65,723	136,367	63,7352	136,367	43,0915	136,367	42,4645	136,367	78,2607	
136,531	68,7278	136,531	65,7228	136,531	63,7349	136,531	43,0917	136,531	42,4645	136,531	77,9318	
136,695	68,7282	136,695	65,7234	136,695	63,7348	136,695	43,0917	136,695	42,4641	136,695	76,5896	
136,86	68,7277	136,86	65,7232	136,86	63,7348	136,86	43,0917	136,86	42,4647	136,86	78,071	
137,024	68,728	137,024	65,7224	137,024	63,735	137,024	43,0914	137,024	42,4646	137,024	78,2645	
137,188	68,7279	137,188	65,7235	137,188	63,735	137,188	43,0912	137,188	42,4641	137,188	78,0388	
137,352	68,7276	137,352	65,7226	137,352	63,735	137,352	43,0913	137,352	42,4646	137,352	78,0819	
137,516	68,7274	137,516	65,7238	137,516	63,7351	137,516	43,0917	137,516	42,4647	137,516	77,7892	
137,68	68,7276	137,68	65,7234	137,68	63,7348	137,68	43,0916	137,68	42,4644	137,68	78,2298	
137,845	68,7269	137,845	65,7235	137,845	63,735	137,845	43,0912	137,845	42,4643	137,845	78,2368	
138,008	68,7272	138,008	65,7241	138,008	63,735	138,008	43,091	138,008	42,4636	138,008	78,2482	
138,173	68,7282	138,173	65,7237	138,173	63,7352	138,173	43,0916	138,173	42,4644	138,173	78,2721	
138,337	68,7287	138,337	65,7241	138,337	63,7349	138,337	43,0912	138,337	42,4645	138,337	77,3223	
138,501	68,7273	138,501	65,7233	138,501	63,7351	138,501	43,0914	138,501	42,4641	138,501	78,0716	
138,665	68,7288	138,665	65,7237	138,665	63,735	138,665	43,0909	138,665	42,4639	138,665	77,958	
138,829	68,7274	138,829	65,7233	138,829	63,7351	138,829	43,0913	138,829	42,464	138,829	78,275	
138,994	68,7283	138,994	65,7243	138,994	63,7351	138,994	43,0912	138,994	42,4641	138,994	78,3895	
139,158	68,7292	139,158	65,7237	139,158	63,7349	139,158	43,0909	139,158	42,4642	139,158	78,2713	
139,322	68,7282	139,322	65,7235	139,322	63,7347	139,322	43,0915	139,322	42,4642	139,322	78,3873	
139,487	68,7287	139,487	65,7238	139,487	63,7352	139,487	43,0906	139,487	42,4641	139,487	78,4034	
139,651	68,7273	139,651	65,7232	139,651	63,7349	139,651	43,0906	139,651	42,4643	139,651	79,9864	
139,815	68,7269	139,815	65,7235	139,815	63,7349	139,815	43,0912	139,815	42,4646	139,815	77,9917	
139,979	68,7272	139,979	65,723	139,979	63,7349	139,979	43,0911	139,979	42,4647	139,979	77,6601	
140,144	68,728	140,144	65,7231	140,144	63,7348	140,144	43,0912	140,144	42,4645	140,144	78,2038	
140,308	68,7279	140,308	65,7232	140,308	63,7347	140,308	43,091	140,308	42,4642	140,308	77,981	
140,472	68,7273	140,472	65,7235	140,472	63,7347	140,472	43,0911	140,472	42,4638	140,472	78,2737	
140,636	68,7268	140,636	65,723	140,636	63,7348	140,636	43,091	140,636	42,4645	140,636	78,215	
140,8	68,7271	140,8	65,7233	140,8	63,735	140,8	43,0909	140,8	42,4644	140,8	78,3824	
140,965	68,7277	140,965	65,7232	140,965	63,7348	140,965	43,0912	140,965	42,4642	140,965	78,2162	
141,129	68,7287	141,129	65,7231	141,129	63,7349	141,129	43,0912	141,129	42,4645	141,129	78,045	
141,293	68,7267	141,293	65,723	141,293	63,735	141,293	43,0914	141,293	42,4644	141,293	77,4661	
141,457	68,7272	141,457	65,7234	141,457	63,7346	141,457	43,0913	141,457	42,4643	141,457	78,0826	
141,621	68,726	141,621	65,7238	141,621	63,7348	141,621	43,0907	141,621	42,4642	141,621	77,9513	
141,786	68,727	141,786	65,7236	141,786	63,7348	141,786	43,0913	141,786	42,4643	141,786	78,0226	
141,949	68,7275	141,949	65,7237	141,949	63,7349	141,949	43,0911	141,949	42,4639	141,949	78,2503	
142,113	68,7273	142,113	65,7232	142,113	63,7349	142,113	43,0912	142,113	42,4642	142,113	78,0024	
142,278	68,727	142,278	65,7234	142,278	63,7347	142,278	43,0909	142,278	42,4642	142,278	78,0706	
142,442	68,7277	142,442	65,7236	142,442	63,7348	142,442	43,0908	142,442	42,4642	142,442	77,5806	
142,606	68,7273	142,606	65,7235	142,606	63,7349	142,606	43,0912	142,606	42,4644	142,606	78,1005	
142,77	68,7274	142,77	65,7234	142,77	63,7346	142,77	43,0909	142,77	42,4639	142,77	78,0477	
142,934	68,727	142,934	65,723	142,934	63,735	142,934	43,0909	142,934	42,4641	142,934	78,4805	
143,099	68,7269	143,099	65,7238	143,099	63,7348	143,099	43,0909	143,099	42,4634	143,099	78,0793	
143,263	68,7263	143,263	65,7236	143,263	63,7348	143,263	43,091	143,263	42,4642	143,263	73,6899	
143,427	68,727	143,427	65,7233	143,427	63,7349	143,427	43,091	143,427	42,4639	143,427	78,3236	
143,591	68,7277	143,591	65,7239	143,591	63,7349	143,591	43,0909	143,591	42,4638	143,591	78,1068	
143,756	68,7271	143,756	65,7238	143,756	63,735	143,756	43,0908	143,756	42,4641	143,756	78,0787	
143,92	68,7268	143,92	65,7233	143,92	63,7349	143,92	43,0908	143,92	42,4641	143,92	77,9156	
144,084	68,7283	144,084	65,7236	144,084	63,735	144,084	43,0907	144,084	42,464	144,084	77,1441	
144,248	68,7276	144,248	65,7236	144,248	63,735	144,248	43,0908	144,248	42,464	144,248	77,0748	
144,413	68,7275	144,413	65,7234	144,413	63,735	144,413	43,0906	144,413	42,4642	144,413	78,3812	
144,577	68,7285	144,577	65,7234	144,577	63,7348	144,577	43,0907	144,577	42,4639	144,577	78,0245	
144,741	68,7276	144,741	65,723	144,741	63,7349	144,741	43,0906	144,741	42,464	144,741	78,2651	
144,905	68,7278	144,905	65,7234	144,905	63,7347	144,905	43,0909	144,905	42,4642	144,905	77,2824	
145,069	68,7267	145,069	65,7227	145,069	63,7349	145,069	43,0905	145,069	42,464	145,069	78,3018	
145,233	68,7267	145,233	65,7235	145,233	63,7349	145,233	43,0909	145,233	42,4638	145,233	78,2531	
145,398	68,7275	145,398	65,7242	145,398	63,7346	145,398	43,0906	145,398	42,4639	145,398	78,4002	
145,562	68,7268	145,562	65,7237	145,562	63,7348	145,562	43,0904	145,562	42,4638	145,562	77,7953	
145,726	68,7273	145,726	65,7223	145,726	63,7351	145,726	43,0907	145,726	42,4638	145,726	78,3259	
145,89	68,727	145,89	65,7236	145,89	63,7348	145,89	43,0903	145,89	42,4638	145,89	78,247	
146,054	68,7285	146,054	65,7227	146,054	63,735	146,054	43,0908	146,054	42,4641	146,054	78,3017	
146,218	68,7279	146,218	65,7236	146,218	63,7346	146,218	43,091	146,218	42,464	146,218	78,5004	
146,383	68,7275	146,383	65,7234	146,383	63,7347	146,383	43,0907	146,383	42,4636	146,383	82,9906	
146,547	68,7282	146,547	65,7235	146,547	63,735	146,547	43,0906	146,547	42,4639	146,547	78,0893	
146,711	68,7289	146,711	65,7235	146,711	63,7349	146,711	43,0906	146,711	42,4638	146,711	78,0385	
146,875	68,7271	146,875	65,7229	146,875	63,7351	146,875	43,0905	146,875	42,4638	146,875	78,2181	
147,039	68,7278	147,039	65,7241	147,039	63,7349	147,039	43,0906	147,039	42,4639	147,039	77,9244	
147,204	68,7281	147,204	65,7238	147,204	63,7351	147,204	43,0907	147,204	42,4639	147,204	78,4679	
147,368	68,7277	147,368	65,7231	147,368	63,7351	147,368	43,0903	147,368	42,4639	147,368	78,2774	
147,532	68,727	147,532	65,7226	147,532	63,7348	147,532	43,0906	147,532	42,4638	147,532	78,2592	
147,697	68,7272	147,697	65,7231	147,697	63,7347	147,697	43,0906	147,697	42,4636	147,697	78,0388	
147,861	68,7271	147,861	65,7233	147,861	63,7351	147,861	43,0906	147,861	42,4634	147,861	78,4937	
148,025	68,7286	148,025	65,7239	148,025	63,735	148,025	43,0905	148,025	42,4638	148,025	77,866	
148,189	68,7271	148,189	65,7234	148,189	63,7346	148,189	43,0905	148,189	42,464	148,189	77,7518	
148,353	68,7268	148,353	65,7234	148,353	63,7351	148,353	43,0903	148,353	42,463	148,353	78,2276	
148,517	68,7273	148,517	65,7233	148,517	63,7352	148,517	43,0906	148,517	42,4636	148,517	78,2131	
148,681	68,7272	148,681	65,7234	148,681	63,7351	148,681	43,0903	148,681	42,4634	148,681	78,0567	
148,846	68,7278	148,846	65,723	148,846	63,7351	148,846	43,0905	148,846	42,4641	148,846	78,4122	
149,01	68,7282	149,01	65,7234	149,01	63,7349	149,01	43,0904	149,01	42,4637	149,01	78,2093	
149,174	68,728	149,174	65,7237	149,174	63,735	149,174	43,0904	149,174	42,4635	149,174	78,0547	
149,338	68,727	149,338	65,7239	149,338	63,7352	149,338	43,0907	149,338	42,4638	149,338	78,479	
149,502	68,7268	149,502	65,7228	149,502	63,735	149,502	43,0904	149,502	42,4633	149,502	78,269	
149,666	68,7272	149,666	65,7226	149,666	63,735	149,666	43,0906	149,666	42,464	149,666	76,2719	
149,83	68,7286	149,83	65,7232	149,83	63,735	149,83	43,0905	149,83	42,4638	149,83	77,9772	
149,994	68,7268	149,994	65,7228	149,994	63,7352	149,994	43,0903	149,994	42,4636	149,994	77,9846	
150,158	68,7269	150,158	65,723	150,158	63,7351	150,158	43,0902	150,158	42,4636	150,158	78,3529	
150,322	68,7277	150,322	65,7229	150,322	63,7352	150,322	43,0905	150,322	42,4634	150,322	78,2495	
150,485	68,7285	150,485	65,7234	150,485	63,7351	150,485	43,0905	150,485	42,4634	150,485	77,883	
150,649	68,7278	150,649	65,7232	150,649	63,7349	150,649	43,0904	150,649	42,4636	150,649	77,4552	
150,812	68,7283	150,812	65,7234	150,812	63,7348	150,812	43,0901	150,812	42,4636	150,812	81,1126	
150,976	68,7282	150,976	65,7238	150,976	63,7349	150,976	43,0904	150,976	42,4638	150,976	76,6894	
151,14	68,7286	151,14	65,7234	151,14	63,7351	151,14	43,0906	151,14	42,4641	151,14	78,0993	
151,303	68,7273	151,303	65,7236	151,303	63,7353	151,303	43,0906	151,303	42,4641	151,303	77,7499	
151,467	68,7276	151,467	65,7227	151,467	63,7351	151,467	43,0903	151,467	42,464	151,467	76,9534	
151,631	68,7273	151,631	65,7231	151,631	63,7354	151,631	43,0904	151,631	42,4635	151,631	78,7862	
151,795	68,7271	151,795	65,7235	151,795	63,7354	151,795	43,0904	151,795	42,4638	151,795	77,3135	
151,959	68,7278	151,959	65,7234	151,959	63,7352	151,959	43,0907	151,959	42,4637	151,959	78,0913	
152,122	68,7288	152,122	65,7235	152,122	63,7352	152,122	43,0906	152,122	42,4638	152,122	78,0148	
152,286	68,7286	152,286	65,7236	152,286	63,7354	152,286	43,0907	152,286	42,4637	152,286	78,0492	
152,45	68,7279	152,45	65,7237	152,45	63,7355	152,45	43,0908	152,45	42,4637	152,45	80,9433	
152,613	68,7275	152,613	65,7237	152,613	63,7351	152,613	43,0907	152,613	42,4632	152,613	78,3183	
152,777	68,7282	152,777	65,723	152,777	63,7351	152,777	43,0903	152,777	42,4633	152,777	79,0732	
152,94	68,7289	152,94	65,7243	152,94	63,7354	152,94	43,0906	152,94	42,4633	152,94	77,9003	
153,104	68,728	153,104	65,7241	153,104	63,7354	153,104	43,0907	153,104	42,4636	153,104	78,0414	
153,268	68,7284	153,268	65,724	153,268	63,7355	153,268	43,0905	153,268	42,4632	153,268	78,4256	
153,432	68,7281	153,432	65,7228	153,432	63,7353	153,432	43,0905	153,432	42,4632	153,432	77,9102	
153,596	68,7281	153,596	65,7234	153,596	63,7354	153,596	43,0901	153,596	42,4635	153,596	78,0663	
153,76	68,7281	153,76	65,7235	153,76	63,7357	153,76	43,0904	153,76	42,4634	153,76	78,0611	
153,924	68,7285	153,924	65,7236	153,924	63,7354	153,924	43,0903	153,924	42,4628	153,924	78,0724	
154,088	68,7283	154,088	65,7233	154,088	63,7353	154,088	43,0903	154,088	42,4633	154,088	78,1024	
154,252	68,7285	154,252	65,7233	154,252	63,7355	154,252	43,0903	154,252	42,4629	154,252	77,9854	
154,417	68,7278	154,417	65,7234	154,417	63,7353	154,417	43,0901	154,417	42,463	154,417	78,0832	
154,581	68,7267	154,581	65,7237	154,581	63,7353	154,581	43,0901	154,581	42,4634	154,581	77,9577	
154,745	68,7278	154,745	65,724	154,745	63,7354	154,745	43,0905	154,745	42,4631	154,745	77,9967	
154,909	68,7296	154,909	65,7239	154,909	63,7356	154,909	43,09	154,909	42,4629	154,909	78,0546	
155,073	68,7289	155,073	65,7237	155,073	63,7355	155,073	43,0903	155,073	42,4629	155,073	78,0907	
155,237	68,7276	155,237	65,7231	155,237	63,7355	155,237	43,0905	155,237	42,4636	155,237	77,9158	
155,401	68,7285	155,401	65,7244	155,401	63,7357	155,401	43,0903	155,401	42,4633	155,401	78,4219	
155,565	68,7488	155,565	65,7335	155,565	63,7407	155,565	43,0902	155,565	42,4635	155,565	77,2576	
155,729	68,7932	155,729	65,7628	155,729	63,76	155,729	43,0904	155,729	42,4635	155,729	78,0877	
155,893	68,799	155,893	65,7692	155,893	63,7657	155,893	43,09	155,893	42,4636	155,893	78,0561	
156,057	68,8042	156,057	65,7731	156,057	63,7695	156,057	43,0905	156,057	42,4635	156,057	78,0207	
156,221	68,8078	156,221	65,7758	156,221	63,7724	156,221	43,0906	156,221	42,4638	156,221	78,1071	
156,385	68,8091	156,385	65,7777	156,385	63,7745	156,385	43,0903	156,385	42,4635	156,385	78,0371	
156,548	68,8119	156,548	65,7796	156,548	63,7758	156,548	43,0904	156,548	42,4637	156,548	78,5266	
156,713	68,8132	156,713	65,7812	156,713	63,777	156,713	43,0902	156,713	42,4633	156,713	78,0478	
156,876	68,8151	156,876	65,7816	156,876	63,7773	156,876	43,0904	156,876	42,4634	156,876	78,2913	
157,04	68,8154	157,04	65,782	157,04	63,7781	157,04	43,0901	157,04	42,4634	157,04	76,8317	
157,204	68,8154	157,204	65,7826	157,204	63,7782	157,204	43,0906	157,204	42,4632	157,204	78,0758	
157,368	68,8159	157,368	65,7824	157,368	63,7783	157,368	43,0903	157,368	42,4636	157,368	78,7203	
157,532	68,8139	157,532	65,7826	157,532	63,7788	157,532	43,0902	157,532	42,4631	157,532	78,5877	
157,696	68,8135	157,696	65,7827	157,696	63,7785	157,696	43,0905	157,696	42,4632	157,696	78,0952	
157,86	68,8152	157,86	65,7823	157,86	63,7787	157,86	43,0902	157,86	42,4635	157,86	78,091	
158,024	68,8164	158,024	65,7823	158,024	63,7785	158,024	43,0903	158,024	42,4633	158,024	78,4505	
158,187	68,8167	158,187	65,7826	158,187	63,7788	158,187	43,0904	158,187	42,4635	158,187	78,3012	
158,351	68,8152	158,351	65,7828	158,351	63,7789	158,351	43,0901	158,351	42,4635	158,351	78,243	
158,515	68,8144	158,515	65,7825	158,515	63,7787	158,515	43,0902	158,515	42,4634	158,515	78,0415	
158,679	68,815	158,679	65,7832	158,679	63,779	158,679	43,0904	158,679	42,4632	158,679	78,1094	
158,842	68,8164	158,842	65,7836	158,842	63,7789	158,842	43,0904	158,842	42,4637	158,842	77,9386	
159,006	68,8153	159,006	65,7829	159,006	63,7787	159,006	43,0903	159,006	42,4638	159,006	78,0953	
159,17	68,8139	159,17	65,7822	159,17	63,7787	159,17	43,0906	159,17	42,4635	159,17	78,0931	
159,334	68,8161	159,334	65,7832	159,334	63,7784	159,334	43,0905	159,334	42,4636	159,334	78,298	
159,498	68,8148	159,498	65,7827	159,498	63,7786	159,498	43,0903	159,498	42,4631	159,498	93,8683	
159,662	68,8157	159,662	65,7833	159,662	63,7785	159,662	43,0903	159,662	42,4634	159,662	76,4498	
159,825	68,8162	159,825	65,7829	159,825	63,7789	159,825	43,0904	159,825	42,4634	159,825	78,0902	
159,989	68,8157	159,989	65,7827	159,989	63,7787	159,989	43,0903	159,989	42,4636	159,989	78,1054	
160,154	68,817	160,154	65,7834	160,154	63,7789	160,154	43,0905	160,154	42,4634	160,154	78,055	
160,318	68,8162	160,318	65,7838	160,318	63,7788	160,318	43,0904	160,318	42,4633	160,318	78,1004	
160,482	68,8152	160,482	65,7832	160,482	63,7786	160,482	43,0901	160,482	42,463	160,482	78,1004	
160,645	68,8136	160,645	65,7826	160,645	63,7789	160,645	43,0902	160,645	42,4632	160,645	77,9597	
160,809	68,8163	160,809	65,7831	160,809	63,7787	160,809	43,0902	160,809	42,4648	160,809	78,5072	
160,973	68,816	160,973	65,7834	160,973	63,7785	160,973	43,0904	160,973	42,4632	160,973	77,9984	
161,137	68,8165	161,137	65,7824	161,137	63,7785	161,137	69,5685	161,137	66,5125	161,137	63,6614	
161,301	68,816	161,301	65,7826	161,301	63,7785	161,301	68,7317	161,301	65,6757	161,301	63,661	
161,465	68,816	161,465	65,7828	161,465	63,7784	161,465	68,7318	161,465	65,675	161,465	63,6613	
161,629	68,8141	161,629	65,7817	161,629	63,7781	161,629	68,7309	161,629	65,6748	161,629	63,6612	
161,793	68,8136	161,793	65,7818	161,793	63,7778	161,793	68,7304	161,793	65,6748	161,793	63,661	
161,957	68,8151	161,957	65,7821	161,957	63,7773	161,957	68,7309	161,957	65,6755	161,957	63,6609	
162,121	68,815	162,121	65,7817	162,121	63,7771	162,121	68,7308	162,121	65,6752	162,121	63,6609	
162,285	68,8126	162,285	65,7807	162,285	63,7767	162,285	68,7316	162,285	65,6753	162,285	63,6607	
162,449	68,8122	162,449	65,7801	162,449	63,7762	162,449	68,731	162,449	65,6745	162,449	63,6606	
162,613	68,8112	162,613	65,78	162,613	63,7761	162,613	68,7307	162,613	65,6754	162,613	63,6608	
162,777	68,8112	162,777	65,7799	162,777	63,7757	162,777	68,7309	162,777	65,6755	162,777	63,6608	
162,942	68,8105	162,942	65,7791	162,942	63,7751	162,942	68,7305	162,942	65,6756	162,942	63,6608	
163,106	68,8096	163,106	65,7788	163,106	63,7747	163,106	68,7317	163,106	65,6741	163,106	63,6608	
163,271	68,8093	163,271	65,7786	163,271	63,7744	163,271	68,7311	163,271	65,6742	163,271	63,6608	
163,435	68,8092	163,435	65,7777	163,435	63,7735	163,435	68,7306	163,435	65,6749	163,435	63,6605	
163,599	68,8047	163,599	65,7741	163,599	63,7699	163,599	68,731	163,599	65,6743	163,599	63,6607	
163,763	68,8016	163,763	65,7708	163,763	63,7666	163,763	68,7302	163,763	65,6752	163,763	63,6603	
163,927	68,7976	163,927	65,7684	163,927	63,7644	163,927	68,7304	163,927	65,6742	163,927	63,6604	
164,092	68,7941	164,092	65,7648	164,092	63,7617	164,092	68,7305	164,092	65,674	164,092	63,6606	
164,256	68,7888	164,256	65,761	164,256	63,7588	164,256	68,7308	164,256	65,6742	164,256	63,6606	
164,42	68,7807	164,42	65,7571	164,42	63,7556	164,42	68,7291	164,42	65,6743	164,42	63,6604	
164,585	68,7542	164,585	65,7401	164,585	63,7456	164,585	68,7298	164,585	65,6746	164,585	63,6603	
164,749	68,7364	164,749	65,7292	164,749	63,7383	164,749	68,7304	164,749	65,6749	164,749	63,6604	
164,913	68,7314	164,913	65,7251	164,913	63,7359	164,913	68,7301	164,913	65,6753	164,913	63,6603	
165,076	68,7293	165,076	65,7237	165,076	63,7353	165,076	68,7302	165,076	65,6741	165,076	63,6605	
165,241	68,7277	165,241	65,7233	165,241	63,7351	165,241	68,7299	165,241	65,6749	165,241	63,6605	
165,405	68,7279	165,405	65,7226	165,405	63,7349	165,405	68,7289	165,405	65,6737	165,405	63,6606	
165,57	68,7282	165,57	65,7231	165,57	63,735	165,57	68,7302	165,57	65,6743	165,57	63,6604	
165,734	68,7267	165,734	65,7233	165,734	63,7347	165,734	68,7288	165,734	65,6746	165,734	63,6604	
165,898	68,7271	165,898	65,7226	165,898	63,7348	165,898	68,7302	165,898	65,674	165,898	63,6605	
166,062	68,7274	166,062	65,7225	166,062	63,7349	166,062	68,7295	166,062	65,6743	166,062	63,6604	
166,226	68,727	166,226	65,7231	166,226	63,7349	166,226	68,7294	166,226	65,6742	166,226	63,6606	
166,391	68,7283	166,391	65,7234	166,391	63,7346	166,391	68,7306	166,391	65,6746	166,391	63,6605	
166,555	68,7278	166,555	65,723	166,555	63,735	166,555	68,7307	166,555	65,6747	166,555	63,6604	
166,72	68,7276	166,72	65,7236	166,72	63,7345	166,72	68,731	166,72	65,6745	166,72	63,6606	
166,884	68,7281	166,884	65,7227	166,884	63,7346	166,884	68,7306	166,884	65,6744	166,884	63,6608	
167,048	68,7283	167,048	65,723	167,048	63,7348	167,048	68,7292	167,048	65,6747	167,048	63,6606	
167,212	68,727	167,212	65,7236	167,212	63,7347	167,212	68,7299	167,212	65,6745	167,212	63,6604	
167,376	68,7284	167,376	65,7235	167,376	63,7348	167,376	68,7304	167,376	65,675	167,376	63,6605	
167,54	68,7265	167,54	65,7232	167,54	63,7347	167,54	68,7287	167,54	65,6744	167,54	63,6606	
167,705	68,7282	167,705	65,7237	167,705	63,7348	167,705	68,731	167,705	65,6741	167,705	63,6607	
167,868	68,7277	167,868	65,7238	167,868	63,7348	167,868	68,7301	167,868	65,6747	167,868	63,6606	
168,033	68,7274	168,033	65,7231	168,033	63,7347	168,033	68,7301	168,033	65,6749	168,033	63,6604	
168,197	68,7281	168,197	65,7238	168,197	63,7347	168,197	68,7303	168,197	65,6747	168,197	63,6605	
168,362	68,7279	168,362	65,7233	168,362	63,7347	168,362	68,729	168,362	65,6752	168,362	63,6604	
168,526	68,7278	168,526	65,7228	168,526	63,735	168,526	68,7299	168,526	65,6744	168,526	63,6606	
168,69	68,7278	168,69	65,7238	168,69	63,7344	168,69	68,73	168,69	65,6745	168,69	63,6602	
168,854	68,7265	168,854	65,7229	168,854	63,7345	168,854	68,7299	168,854	65,6744	168,854	63,6603	
169,018	68,727	169,018	65,7235	169,018	63,7345	169,018	68,7292	169,018	65,674	169,018	63,6602	
169,182	68,7275	169,182	65,7229	169,182	63,7346	169,182	68,7305	169,182	65,6752	169,182	63,6603	
169,346	68,7282	169,346	65,7232	169,346	63,7346	169,346	68,7307	169,346	65,6747	169,346	63,6603	
169,51	68,7281	169,51	65,7227	169,51	63,7346	169,51	68,73	169,51	65,6754	169,51	63,6603	
169,674	68,7271	169,674	65,7238	169,674	63,7347	169,674	68,73	169,674	65,6747	169,674	63,6604	
169,838	68,7286	169,838	65,7236	169,838	63,7347	169,838	68,7302	169,838	65,6743	169,838	63,6606	
170,003	68,7285	170,003	65,7238	170,003	63,7345	170,003	68,7304	170,003	65,6743	170,003	63,6603	
170,167	68,7269	170,167	65,7241	170,167	63,7346	170,167	68,7296	170,167	65,6746	170,167	63,6607	
170,332	68,7269	170,332	65,7234	170,332	63,7345	170,332	68,7304	170,332	65,6744	170,332	63,6602	
170,496	68,7268	170,496	65,7231	170,496	63,7349	170,496	68,7309	170,496	65,6749	170,496	63,6606	
170,66	68,7275	170,66	65,7238	170,66	63,7346	170,66	68,7298	170,66	65,6745	170,66	63,6603	
170,824	68,7281	170,824	65,7241	170,824	63,7345	170,824	68,7306	170,824	65,675	170,824	63,66	
170,988	68,7275	170,988	65,7227	170,988	63,7349	170,988	68,7294	170,988	65,674	170,988	63,6604	
171,153	68,7278	171,153	65,7232	171,153	63,7348	171,153	68,7299	171,153	65,6744	171,153	63,6604	
171,317	68,7267	171,317	65,7229	171,317	63,7348	171,317	68,7295	171,317	65,6739	171,317	63,6604	
171,481	68,7269	171,481	65,7232	171,481	63,7345	171,481	68,731	171,481	65,6738	171,481	63,6603	
171,645	68,7281	171,645	65,7229	171,645	63,7345	171,645	68,7309	171,645	65,6739	171,645	63,6604	
171,809	68,7273	171,809	65,7236	171,809	63,7345	171,809	68,7294	171,809	65,6743	171,809	63,6599	
171,973	68,7268	171,973	65,7235	171,973	63,7348	171,973	68,7299	171,973	65,675	171,973	63,6603	
172,137	68,7263	172,137	65,7227	172,137	63,7346	172,137	68,7311	172,137	65,6745	172,137	63,6602	
172,301	68,7267	172,301	65,7238	172,301	63,7347	172,301	68,7307	172,301	65,6743	172,301	63,6604	
172,465	68,7277	172,465	65,7232	172,465	63,7347	172,465	68,7299	172,465	65,674	172,465	63,6604	
172,629	68,7275	172,629	65,7228	172,629	63,7347	172,629	68,7291	172,629	65,6749	172,629	63,6604	
172,793	68,7279	172,793	65,7239	172,793	63,7347	172,793	68,7279	172,793	65,6749	172,793	63,6602	
172,957	68,7272	172,957	65,7237	172,957	63,7347	172,957	68,73	172,957	65,6743	172,957	63,6602	
173,121	68,7284	173,121	65,7231	173,121	63,7345	173,121	68,7301	173,121	65,6752	173,121	63,6603	
173,285	68,7263	173,285	65,7229	173,285	63,7348	173,285	68,7293	173,285	65,6746	173,285	63,6604	
173,45	68,727	173,45	65,7235	173,45	63,7344	173,45	68,7291	173,45	65,6744	173,45	63,6602	
173,614	68,727	173,614	65,7232	173,614	63,7347	173,614	68,7289	173,614	65,6744	173,614	63,6604	
173,778	68,7282	173,778	65,7239	173,778	63,7346	173,778	68,7306	173,778	65,6745	173,778	63,6602	
173,943	68,7275	173,943	65,7232	173,943	63,7346	173,943	68,7289	173,943	65,6745	173,943	63,6603	
174,106	68,7271	174,106	65,7231	174,106	63,7348	174,106	68,7304	174,106	65,6744	174,106	63,6603	
174,27	68,7275	174,27	65,7238	174,27	63,7347	174,27	68,7305	174,27	65,6742	174,27	63,6603	
174,434	68,7268	174,434	65,7226	174,434	63,7346	174,434	68,7306	174,434	65,6745	174,434	63,6603	
174,599	68,7269	174,599	65,7227	174,599	63,7347	174,599	68,7287	174,599	65,6742	174,599	63,6605	
174,762	68,7262	174,762	65,7227	174,762	63,7347	174,762	68,7304	174,762	65,6735	174,762	63,6606	
174,927	68,7277	174,927	65,7241	174,927	63,7347	174,927	68,7301	174,927	65,6739	174,927	63,6604	
175,091	68,7269	175,091	65,7237	175,091	63,7346	175,091	68,7308	175,091	65,6738	175,091	63,6601	
175,255	68,7269	175,255	65,7228	175,255	63,735	175,255	68,7304	175,255	65,6745	175,255	63,6604	
175,419	68,7281	175,419	65,7234	175,419	63,7348	175,419	68,7304	175,419	65,6754	175,419	63,6605	
175,583	68,7284	175,583	65,7229	175,583	63,7347	175,583	68,7298	175,583	65,6744	175,583	63,6603	
175,747	68,727	175,747	65,7227	175,747	63,7348	175,747	68,7292	175,747	65,6741	175,747	63,6606	
175,911	68,7273	175,911	65,7233	175,911	63,7349	175,911	68,7305	175,911	65,674	175,911	63,6605	
176,075	68,7268	176,075	65,7229	176,075	63,7343	176,075	68,7296	176,075	65,6741	176,075	63,66	
176,239	68,7267	176,239	65,7234	176,239	63,7349	176,239	68,7293	176,239	65,6743	176,239	63,6605	
176,403	68,7277	176,403	65,7238	176,403	63,7348	176,403	68,73	176,403	65,6746	176,403	63,6603	
176,567	68,7272	176,567	65,7235	176,567	63,7348	176,567	68,7294	176,567	65,6748	176,567	63,6604	
176,731	68,7269	176,731	65,7225	176,731	63,7347	176,731	68,7295	176,731	65,6742	176,731	63,6604	
176,895	68,7286	176,895	65,724	176,895	63,7348	176,895	68,7308	176,895	65,6742	176,895	63,6603	
177,059	68,7271	177,059	65,7232	177,059	63,7346	177,059	68,7304	177,059	65,6743	177,059	63,6603	
177,223	68,7265	177,223	65,7224	177,223	63,7346	177,223	68,7292	177,223	65,6744	177,223	63,6604	
177,387	68,726	177,387	65,7231	177,387	63,7346	177,387	68,7291	177,387	65,6737	177,387	63,6604	
177,55	68,7277	177,55	65,7226	177,55	63,7345	177,55	68,7301	177,55	65,6744	177,55	63,6602	
177,715	68,7272	177,715	65,7231	177,715	63,7344	177,715	68,7294	177,715	65,6744	177,715	63,6601	
177,88	68,7282	177,88	65,7233	177,88	63,7341	177,88	68,7301	177,88	65,6747	177,88	63,6603	
178,043	68,7278	178,043	65,7238	178,043	63,735	178,043	68,7301	178,043	65,6748	178,043	63,6604	
178,207	68,7279	178,207	65,7227	178,207	63,7349	178,207	68,7303	178,207	65,6753	178,207	63,6603	
178,372	68,7274	178,372	65,7232	178,372	63,7348	178,372	68,7291	178,372	65,6743	178,372	63,6604	
178,537	68,7269	178,537	65,7238	178,537	63,7347	178,537	68,7307	178,537	65,674	178,537	63,6603	
178,701	68,7273	178,701	65,7227	178,701	63,7346	178,701	68,7303	178,701	65,6743	178,701	63,6602	
178,865	68,7263	178,865	65,7228	178,865	63,7346	178,865	68,7296	178,865	65,6743	178,865	63,6606	
179,03	68,7265	179,03	65,7229	179,03	63,7346	179,03	68,7303	179,03	65,6739	179,03	63,6604	
179,193	68,7281	179,193	65,7229	179,193	63,7345	179,193	68,7284	179,193	65,6744	179,193	63,6604	
179,357	68,7267	179,357	65,7224	179,357	63,7342	179,357	68,729	179,357	65,674	179,357	63,6604	
179,521	68,727	179,521	65,7226	179,521	63,7343	179,521	68,7293	179,521	65,6739	179,521	63,66	
179,685	68,7272	179,685	65,7232	179,685	63,7345	179,685	68,7299	179,685	65,6741	179,685	63,6602	
